PCG.Canis_lupus_familiaris	lncRNA.Canis_lupus_familiaris	conf.Canis_lupus_familiaris	class.Canis_lupus_familiaris	distance.Canis_lupus_familiaris	PCG.Homo_sapiens	lncRNA.Homo_sapiens	conf.Homo_sapiens	class.Homo_sapiens	distance.Homo_sapiens
ENSCAFG00845000045	ENSCAFG00845000057	lincSS.up	1.1.1	37788	ENSG00000060069	ENSG00000267409	lincSS.up	1.1.1	67500
ENSCAFG00845000045	ENSCAFG00845000055	lncgDivg	1.1.1	631	ENSG00000060069	ENSG00000274828	lncgDivg	1.1.1	439
ENSCAFG00845000045	ENSCAFG00845000055	lncgDivg	1.1.1	631	ENSG00000060069	ENSG00000266901	lncgDivg	1.1.1	0
ENSCAFG00845000045	ENSCAFG00845000055	lncgDivg	1.1.1	631	ENSG00000060069	ENSG00000178412	lncgDivg	1.1.1	58
ENSCAFG00845000056	ENSCAFG00845000049	lncgDivg	1.1.1	3779	ENSG00000107372	ENSG00000288865	lncgDivg	1.1.1	188
ENSCAFG00845000113	ENSCAFG00845000094	lncgConv	1.1.1	1404	ENSG00000186020	ENSG00000228629	lncgConv	1.1.1	0
ENSCAFG00845000138	ENSCAFG00845000121	lncgSS.dw	1.1.1	460	ENSG00000197951	ENSG00000269793	lncgSS.dw	1.1.1	0
ENSCAFG00845000139	ENSCAFG00845000100	lncgDivg	1.1.1	148	ENSG00000111912	ENSG00000232131	lncgDivg	1.1.1	0
ENSCAFG00845000166	ENSCAFG00845000176	lncgConv	1.1.1	1239	ENSG00000151468	ENSG00000285520	lncgConv	1.1.1	0
ENSCAFG00845000191	ENSCAFG00845000262	lncgDivg	1.1.1	1739	ENSG00000256463	ENSG00000263146	lncgDivg	n.1.1	1935
ENSCAFG00845000212	ENSCAFG00845000198	lincDivg	1.1.1	13843	ENSG00000198961	ENSG00000248440	lincDivg	1.1.1	87903
ENSCAFG00845000212	ENSCAFG00845000198	lincDivg	1.1.1	13843	ENSG00000198961	ENSG00000251367	lincDivg	1.1.1	57379
ENSCAFG00845000212	ENSCAFG00845000198	lincDivg	1.1.1	13843	ENSG00000198961	ENSG00000248876	lincDivg	1.1.1	60869
ENSCAFG00845000212	ENSCAFG00845000192	lincDivg	n.1.1	33764	ENSG00000198961	ENSG00000248440	lincDivg	1.1.1	87903
ENSCAFG00845000212	ENSCAFG00845000192	lincDivg	n.1.1	33764	ENSG00000198961	ENSG00000251367	lincDivg	1.1.1	57379
ENSCAFG00845000212	ENSCAFG00845000192	lincDivg	n.1.1	33764	ENSG00000198961	ENSG00000248876	lincDivg	1.1.1	60869
ENSCAFG00845000212	ENSCAFG00845000186	lincDivg	1.1.1	96327	ENSG00000198961	ENSG00000248440	lincDivg	1.1.1	87903
ENSCAFG00845000212	ENSCAFG00845000186	lincDivg	1.1.1	96327	ENSG00000198961	ENSG00000251367	lincDivg	1.1.1	57379
ENSCAFG00845000212	ENSCAFG00845000186	lincDivg	1.1.1	96327	ENSG00000198961	ENSG00000248876	lincDivg	1.1.1	60869
ENSCAFG00845000295	ENSCAFG00845000314	lincSS.up	1.1.1	23225	ENSG00000140519	ENSG00000259218	lincSS.up	n.1.1	17999
ENSCAFG00845000424	ENSCAFG00845000388	lncgDivg	1.1.1	3145	ENSG00000155592	ENSG00000274925	lncgDivg	1.1.1	107
ENSCAFG00845000424	ENSCAFG00845000388	lncgDivg	1.1.1	3145	ENSG00000155592	ENSG00000259955	lncgDivg	1.1.1	0
ENSCAFG00845000506	ENSCAFG00845000496	lincSS.dw	1.1.1	23703	ENSG00000074771	ENSG00000232529	lincSS.dw	1.1.1	14185
ENSCAFG00845000590	ENSCAFG00845000556	lincDivg	1.1.1	20567	ENSG00000101493	ENSG00000266256	lincDivg	n.1.1	33410
ENSCAFG00845000590	ENSCAFG00845000571	lncgDivg	1.1.1	575	ENSG00000101493	ENSG00000265778	lncgDivg	n.1.1	0
ENSCAFG00845000590	ENSCAFG00845000571	lncgDivg	1.1.1	575	ENSG00000101493	ENSG00000263982	lncgDivg	1.1.1	0
ENSCAFG00845000590	ENSCAFG00845000571	lncgDivg	1.1.1	575	ENSG00000101493	ENSG00000275763	lncgDivg	1.1.1	279
ENSCAFG00845000590	ENSCAFG00845000566	lncgDivg	1.1.1	3911	ENSG00000101493	ENSG00000265778	lncgDivg	n.1.1	0
ENSCAFG00845000590	ENSCAFG00845000566	lncgDivg	1.1.1	3911	ENSG00000101493	ENSG00000263982	lncgDivg	1.1.1	0
ENSCAFG00845000590	ENSCAFG00845000566	lncgDivg	1.1.1	3911	ENSG00000101493	ENSG00000275763	lncgDivg	1.1.1	279
ENSCAFG00845000654	ENSCAFG00845000661	lncgConv	1.1.1	630	ENSG00000152475	ENSG00000269054	lncgConv	n.1.n	0
ENSCAFG00845000698	ENSCAFG00845000678	lncgConv	1.1.1	1438	ENSG00000215421	ENSG00000278607	lncgConv	n.1.1	4521
ENSCAFG00845000705	ENSCAFG00845000750	lncgDivg	1.1.1	21	ENSG00000205832	ENSG00000261789	lncgDivg	1.1.1	0
ENSCAFG00845000708	ENSCAFG00845000739	lncgConv	1.1.1	2369	ENSG00000169744	ENSG00000248138	lncgConv	n.n.1	0
ENSCAFG00845000843	ENSCAFG00845000864	lncgConv	1.1.1	263	ENSG00000140548	ENSG00000259291	lncgConv	n.1.1	0
ENSCAFG00845000843	ENSCAFG00845000870	lncgSS.dw	1.1.1	1151	ENSG00000140548	ENSG00000273691	lncgSS.dw	1.1.1	0
ENSCAFG00845000922	ENSCAFG00845000781	lincSS.up	n.1.1	18958	ENSG00000007062	ENSG00000286280	lincSS.up	1.1.1	29855
ENSCAFG00845000981	ENSCAFG00845000967	lincSS.up	1.1.1	7311	ENSG00000131508	ENSG00000286403	lincSS.up	1.1.1	15057
ENSCAFG00845001004	ENSCAFG00845000956	lncgSS.dw	1.1.1	1257	ENSG00000116731	ENSG00000289380	lncgSS.dw	1.1.1	0
ENSCAFG00845001046	ENSCAFG00845001084	lncgDivg	1.1.1	2634	ENSG00000110330	ENSG00000288833	lncgDivg	1.1.1	1
ENSCAFG00845001189	ENSCAFG00845001172	lincConv	1.1.1	18107	ENSG00000170677	ENSG00000266304	lincConv	1.1.1	5302
ENSCAFG00845001189	ENSCAFG00845001172	lincConv	1.1.1	18107	ENSG00000170677	ENSG00000266278	lincConv	1.1.1	49941
ENSCAFG00845001189	ENSCAFG00845001135	lincSS.dw	n.1.1	77075	ENSG00000170677	ENSG00000266258	lincSS.dw	n.1.1	5240
ENSCAFG00845001189	ENSCAFG00845001162	lincSS.dw	n.1.1	19413	ENSG00000170677	ENSG00000266258	lincSS.dw	n.1.1	5240
ENSCAFG00845001243	ENSCAFG00845001284	lncgSS.dw	1.1.1	2851	ENSG00000130338	ENSG00000274023	lncgSS.dw	1.1.1	0
ENSCAFG00845001353	ENSCAFG00845001367	lincDivg	1.1.1	12489	ENSG00000126603	ENSG00000288935	lincDivg	1.1.1	7137
ENSCAFG00845001461	ENSCAFG00845001477	lincDivg	1.1.1	12248	ENSG00000164691	ENSG00000224478	lincDivg	n.n.n	48941
ENSCAFG00845001525	ENSCAFG00845001515	lncgSS.dw	1.1.1	971	ENSG00000197714	ENSG00000288899	lncgSS.dw	1.1.1	3442
ENSCAFG00845001601	ENSCAFG00845001870	lincDivg	1.1.1	90067	ENSG00000145730	ENSG00000250682	lincDivg	n.1.1	82216
ENSCAFG00845001601	ENSCAFG00845001811	lincDivg	1.1.1	45459	ENSG00000145730	ENSG00000250682	lincDivg	n.1.1	82216
ENSCAFG00845001601	ENSCAFG00845001779	lincDivg	1.1.1	27675	ENSG00000145730	ENSG00000250682	lincDivg	n.1.1	82216
ENSCAFG00845001601	ENSCAFG00845001817	lincDivg	1.1.1	58772	ENSG00000145730	ENSG00000250682	lincDivg	n.1.1	82216
ENSCAFG00845001601	ENSCAFG00845001772	lincDivg	1.1.1	9326	ENSG00000145730	ENSG00000250682	lincDivg	n.1.1	82216
ENSCAFG00845001601	ENSCAFG00845001792	lincDivg	1.1.1	32324	ENSG00000145730	ENSG00000250682	lincDivg	n.1.1	82216
ENSCAFG00845001601	ENSCAFG00845001857	lincDivg	1.1.1	84023	ENSG00000145730	ENSG00000250682	lincDivg	n.1.1	82216
ENSCAFG00845001601	ENSCAFG00845001849	lincDivg	1.1.1	74382	ENSG00000145730	ENSG00000250682	lincDivg	n.1.1	82216
ENSCAFG00845001601	ENSCAFG00845001764	lincSS.up	1.1.1	7525	ENSG00000145730	ENSG00000286338	lincSS.up	1.1.1	27383
ENSCAFG00845001601	ENSCAFG00845001784	lincSS.up	1.1.1	27993	ENSG00000145730	ENSG00000286338	lincSS.up	1.1.1	27383
ENSCAFG00845001601	ENSCAFG00845001863	lincSS.up	1.1.1	86863	ENSG00000145730	ENSG00000286338	lincSS.up	1.1.1	27383
ENSCAFG00845001601	ENSCAFG00845001787	lincSS.up	1.1.1	32271	ENSG00000145730	ENSG00000286338	lincSS.up	1.1.1	27383
ENSCAFG00845001601	ENSCAFG00845001826	lincSS.up	1.1.1	59229	ENSG00000145730	ENSG00000286338	lincSS.up	1.1.1	27383
ENSCAFG00845001601	ENSCAFG00845001844	lincSS.up	1.1.1	74377	ENSG00000145730	ENSG00000286338	lincSS.up	1.1.1	27383
ENSCAFG00845001601	ENSCAFG00845001834	lincSS.up	1.1.1	65672	ENSG00000145730	ENSG00000286338	lincSS.up	1.1.1	27383
ENSCAFG00845001601	ENSCAFG00845001804	lincSS.up	1.1.1	45459	ENSG00000145730	ENSG00000286338	lincSS.up	1.1.1	27383
ENSCAFG00845001606	ENSCAFG00845001573	lincDivg	n.1.1	35827	ENSG00000117707	ENSG00000281664	lincDivg	1.1.1	56527
ENSCAFG00845001606	ENSCAFG00845001588	lncgDivg	n.1.1	283	ENSG00000117707	ENSG00000272167	lncgDivg	1.1.1	0
ENSCAFG00845001606	ENSCAFG00845001588	lncgDivg	n.1.1	283	ENSG00000117707	ENSG00000274895	lncgDivg	1.1.1	0
ENSCAFG00845001606	ENSCAFG00845001588	lncgDivg	n.1.1	283	ENSG00000117707	ENSG00000230461	lncgDivg	n.n.1	0
ENSCAFG00845001754	ENSCAFG00845001701	lincSS.dw	1.1.1	33623	ENSG00000291237	ENSG00000286533	lincSS.dw	1.1.1	6442
ENSCAFG00845001754	ENSCAFG00845001701	lincSS.dw	1.1.1	33623	ENSG00000291237	ENSG00000237927	lincSS.dw	1.1.1	79900
ENSCAFG00845001754	ENSCAFG00845001707	lincSS.dw	1.1.1	25527	ENSG00000291237	ENSG00000286533	lincSS.dw	1.1.1	6442
ENSCAFG00845001754	ENSCAFG00845001707	lincSS.dw	1.1.1	25527	ENSG00000291237	ENSG00000237927	lincSS.dw	1.1.1	79900
ENSCAFG00845001754	ENSCAFG00845001689	lincSS.dw	1.1.1	62049	ENSG00000291237	ENSG00000286533	lincSS.dw	1.1.1	6442
ENSCAFG00845001754	ENSCAFG00845001689	lincSS.dw	1.1.1	62049	ENSG00000291237	ENSG00000237927	lincSS.dw	1.1.1	79900
ENSCAFG00845001755	ENSCAFG00845001767	lncgConv	1.1.1	339	ENSG00000121931	ENSG00000232811	lncgConv	1.1.1	0
ENSCAFG00845001755	ENSCAFG00845001745	lncgDivg	1.1.1	129	ENSG00000121931	ENSG00000273010	lncgDivg	1.1.1	0
ENSCAFG00845001755	ENSCAFG00845001760	lncgSS.dw	1.1.1	338	ENSG00000121931	ENSG00000261654	lncgSS.dw	1.1.1	4837
ENSCAFG00845001915	ENSCAFG00845001956	lincConv	1.1.1	14832	ENSG00000116685	ENSG00000285646	lincConv	n.1.1	10261
ENSCAFG00845001961	ENSCAFG00845001762	lncgConv	n.1.1	3353	ENSG00000137449	ENSG00000249252	lncgConv	n.n.1	0
ENSCAFG00845001964	ENSCAFG00845001893	lincDivg	1.1.1	29882	ENSG00000205359	ENSG00000250958	lincDivg	1.1.1	82352
ENSCAFG00845002013	ENSCAFG00845002048	lncgDivg	1.1.1	238	ENSG00000213918	ENSG00000263235	lncgDivg	1.1.1	0
ENSCAFG00845002033	ENSCAFG00845002120	lncgSS.dw	1.1.1	177	ENSG00000103404	ENSG00000260566	lncgSS.dw	1.1.1	0
ENSCAFG00845002090	ENSCAFG00845002068	lncgDivg	1.1.1	140	ENSG00000188827	ENSG00000261938	lncgDivg	1.1.1	0
ENSCAFG00845002159	ENSCAFG00845002235	lncgSS.dw	1.1.1	945	ENSG00000134470	ENSG00000232807	lncgSS.dw	n.n.n	0
ENSCAFG00845002161	ENSCAFG00845002071	lncgDivg	1.1.1	1811	ENSG00000080503	ENSG00000236199	lncgDivg	1.1.1	0
ENSCAFG00845002170	ENSCAFG00845002155	lincConv	1.1.1	8820	ENSG00000174132	ENSG00000250806	lincConv	1.1.1	67371
ENSCAFG00845002170	ENSCAFG00845002139	lincConv	1.1.1	27556	ENSG00000174132	ENSG00000250806	lincConv	1.1.1	67371
ENSCAFG00845002170	ENSCAFG00845002148	lincConv	1.1.1	21411	ENSG00000174132	ENSG00000250806	lincConv	1.1.1	67371
ENSCAFG00845002239	ENSCAFG00845002216	lincConv	1.1.1	6194	ENSG00000155719	ENSG00000260306	lincConv	1.1.1	32160
ENSCAFG00845002272	ENSCAFG00845002299	lincConv	1.1.1	74576	ENSG00000141433	ENSG00000272461	lincConv	1.1.1	50420
ENSCAFG00845002272	ENSCAFG00845002299	lincConv	1.1.1	74576	ENSG00000141433	ENSG00000259837	lincConv	1.1.1	13911
ENSCAFG00845002309	ENSCAFG00845002343	lncgConv	1.1.1	1211	ENSG00000070770	ENSG00000260927	lncgConv	n.1.1	0
ENSCAFG00845002371	ENSCAFG00845002398	lincSS.up	1.1.1	32089	ENSG00000184371	ENSG00000228420	lincSS.up	1.1.1	38806
ENSCAFG00845002371	ENSCAFG00845002398	lincSS.up	1.1.1	32089	ENSG00000184371	ENSG00000261055	lincSS.up	1.1.1	12381
ENSCAFG00845002386	ENSCAFG00845002373	lincDivg	1.1.1	19244	ENSG00000002587	ENSG00000251152	lincDivg	1.1.1	39686
ENSCAFG00845002386	ENSCAFG00845002377	lncgDivg	1.1.1	3452	ENSG00000002587	ENSG00000287778	lncgDivg	n.n.1	0
ENSCAFG00845002440	ENSCAFG00845002471	lncgDivg	1.1.1	1612	ENSG00000080608	ENSG00000289552	lncgDivg	1.1.1	219
ENSCAFG00845002465	ENSCAFG00845002505	lncgSS.dw	1.1.1	2411	ENSG00000138336	ENSG00000260400	lncgSS.dw	1.1.1	4013
ENSCAFG00845002583	ENSCAFG00845002599	lincConv	1.1.1	20502	ENSG00000112530	ENSG00000285726	lincConv	1.1.1	32519
ENSCAFG00845002583	ENSCAFG00845002599	lincConv	1.1.1	20502	ENSG00000112530	ENSG00000285564	lincConv	n.1.1	22863
ENSCAFG00845002602	ENSCAFG00845002582	lncgSS.dw	1.1.1	99	ENSG00000135823	ENSG00000243155	lncgSS.dw	1.1.1	0
ENSCAFG00845002667	ENSCAFG00845002656	lncgDivg	1.1.1	3901	ENSG00000178163	ENSG00000287154	lncgDivg	1.1.1	0
ENSCAFG00845002697	ENSCAFG00845002831	lncgDivg	1.1.1	2474	ENSG00000183032	ENSG00000258708	lncgDivg	1.1.1	0
ENSCAFG00845002697	ENSCAFG00845002831	lncgDivg	1.1.1	2474	ENSG00000183032	ENSG00000258601	lncgDivg	1.1.1	0
ENSCAFG00845002697	ENSCAFG00845002831	lncgDivg	1.1.1	2474	ENSG00000183032	ENSG00000258690	lncgDivg	1.1.1	0
ENSCAFG00845002697	ENSCAFG00845002836	lncgSS.up	1.1.1	2478	ENSG00000183032	ENSG00000258827	lncgSS.up	1.1.1	0
ENSCAFG00845002712	ENSCAFG00845002775	lincDivg	n.n.n	22639	ENSG00000176715	ENSG00000256982	lincDivg	n.1.1	35400
ENSCAFG00845002712	ENSCAFG00845002749	lincDivg	1.1.1	5819	ENSG00000176715	ENSG00000256982	lincDivg	n.1.1	35400
ENSCAFG00845002724	ENSCAFG00845002708	lncgSS.dw	1.1.1	2124	ENSG00000065135	ENSG00000225113	lncgSS.dw	1.1.1	0
ENSCAFG00845002735	ENSCAFG00845002702	lncgConv	1.1.1	21	ENSG00000158816	ENSG00000236963	lncgConv	n.1.1	1061
ENSCAFG00845002783	ENSCAFG00845002828	lncgDivg	1.1.1	1962	ENSG00000113361	ENSG00000254138	lncgDivg	1.1.1	0
ENSCAFG00845002783	ENSCAFG00845002828	lncgDivg	1.1.1	1962	ENSG00000113361	ENSG00000289601	lncgDivg	n.1.1	0
ENSCAFG00845002794	ENSCAFG00845002716	lincDivg	1.1.1	56218	ENSG00000162618	ENSG00000285462	lincDivg	1.1.1	42884
ENSCAFG00845002794	ENSCAFG00845002716	lincDivg	1.1.1	56218	ENSG00000162618	ENSG00000235011	lincDivg	1.1.1	41645
ENSCAFG00845002794	ENSCAFG00845002707	lincSS.up	1.1.1	56193	ENSG00000162618	ENSG00000282898	lincSS.up	1.1.1	41645
ENSCAFG00845002810	ENSCAFG00845002780	lincDivg	1.1.1	15938	ENSG00000033170	ENSG00000258760	lincDivg	n.1.1	91802
ENSCAFG00845002810	ENSCAFG00845002798	lincDivg	1.1.1	5835	ENSG00000033170	ENSG00000258760	lincDivg	n.1.1	91802
ENSCAFG00845002810	ENSCAFG00845002737	lincDivg	n.1.1	91520	ENSG00000033170	ENSG00000258760	lincDivg	n.1.1	91802
ENSCAFG00845002810	ENSCAFG00845002764	lincDivg	1.1.1	52020	ENSG00000033170	ENSG00000258760	lincDivg	n.1.1	91802
ENSCAFG00845002810	ENSCAFG00845002772	lincDivg	1.1.1	43793	ENSG00000033170	ENSG00000258760	lincDivg	n.1.1	91802
ENSCAFG00845002881	ENSCAFG00845002911	lincSS.up	1.1.1	22131	ENSG00000187824	ENSG00000264016	lincSS.up	n.n.n	11234
ENSCAFG00845002887	ENSCAFG00845002908	lncgDivg	1.1.1	3266	ENSG00000101751	ENSG00000277324	lncgDivg	1.1.1	0
ENSCAFG00845002896	ENSCAFG00845002889	lncgSS.up	1.1.1	1675	ENSG00000081818	ENSG00000272108	lncgSS.up	1.1.1	1053
ENSCAFG00845002912	ENSCAFG00845002920	lncgConv	1.1.1	3422	ENSG00000113209	ENSG00000280029	lncgConv	n.n.n	0
ENSCAFG00845002914	ENSCAFG00845002788	lincDivg	1.1.1	17200	ENSG00000129993	ENSG00000259989	lincDivg	1.1.1	6825
ENSCAFG00845002945	ENSCAFG00845002954	lncgSS.dw	1.1.1	973	ENSG00000113211	ENSG00000290893	lncgSS.dw	1.1.1	2709
ENSCAFG00845002947	ENSCAFG00845002869	lncgDivg	1.1.1	449	ENSG00000150093	ENSG00000229656	lncgDivg	n.n.1	0
ENSCAFG00845002978	ENSCAFG00845003031	lncgSS.dw	1.1.1	623	ENSG00000188803	ENSG00000264727	lncgSS.dw	1.1.1	0
ENSCAFG00845002986	ENSCAFG00845003020	lncgSS.dw	1.1.1	965	ENSG00000166716	ENSG00000259415	lncgSS.dw	1.1.1	0
ENSCAFG00845003083	ENSCAFG00845003150	lincConv	1.1.1	30866	ENSG00000067082	ENSG00000229672	lincConv	n.1.1	12284
ENSCAFG00845003083	ENSCAFG00845003150	lincConv	1.1.1	30866	ENSG00000067082	ENSG00000228353	lincConv	1.1.1	7245
ENSCAFG00845003120	ENSCAFG00845003046	lncgDivg	1.1.1	241	ENSG00000178188	ENSG00000261766	lncgDivg	1.1.1	0
ENSCAFG00845003207	ENSCAFG00845003236	lncgSS.up	1.1.1	3380	ENSG00000143473	ENSG00000234233	lncgSS.up	1.1.1	0
ENSCAFG00845003273	ENSCAFG00845003223	lncgConv	1.1.1	36	ENSG00000185742	ENSG00000255028	lncgConv	n.1.1	0
ENSCAFG00845003276	ENSCAFG00845003269	lncgDivg	1.1.1	3115	ENSG00000215277	ENSG00000289968	lncgDivg	1.1.1	0
ENSCAFG00845003311	ENSCAFG00845003316	lncgDivg	1.1.1	1192	ENSG00000176788	ENSG00000215196	lncgDivg	n.n.1	0
ENSCAFG00845003311	ENSCAFG00845003316	lncgDivg	1.1.1	1192	ENSG00000176788	ENSG00000271892	lncgDivg	1.1.1	0
ENSCAFG00845003318	ENSCAFG00845003359	lncgSS.dw	1.1.1	941	ENSG00000273540	ENSG00000259636	lncgSS.dw	1.1.1	0
ENSCAFG00845003431	ENSCAFG00845003440	lincDivg	1.1.1	10330	ENSG00000198081	ENSG00000264254	lincDivg	1.1.1	13343
ENSCAFG00845003441	ENSCAFG00845003450	lincSS.up	1.1.1	6897	ENSG00000103479	ENSG00000262714	lincSS.up	1.1.1	44892
ENSCAFG00845003473	ENSCAFG00845003485	lncgConv	1.1.1	1139	ENSG00000185669	ENSG00000260630	lncgConv	n.n.n	0
ENSCAFG00845003515	ENSCAFG00845003575	lincSS.dw	1.1.1	38755	ENSG00000065559	ENSG00000265400	lincSS.dw	1.1.1	57770
ENSCAFG00845003515	ENSCAFG00845003570	lincSS.dw	1.1.1	31623	ENSG00000065559	ENSG00000265400	lincSS.dw	1.1.1	57770
ENSCAFG00845003525	ENSCAFG00845003499	lincDivg	1.1.1	16899	ENSG00000113594	ENSG00000251189	lincDivg	1.1.1	73716
ENSCAFG00845003525	ENSCAFG00845003505	lncgDivg	1.1.1	4496	ENSG00000113594	ENSG00000244968	lncgDivg	n.n.1	0
ENSCAFG00845003529	ENSCAFG00845003460	lncgSS.dw	1.1.1	14	ENSG00000177200	ENSG00000261291	lncgSS.dw	1.1.1	0
ENSCAFG00845003608	ENSCAFG00845003590	lncgSS.dw	1.1.1	707	ENSG00000066739	ENSG00000258729	lncgSS.dw	n.1.1	2472
ENSCAFG00845003624	ENSCAFG00845004062	lincDivg	1.1.1	66030	ENSG00000145934	ENSG00000254130	lincDivg	1.1.1	52659
ENSCAFG00845003624	ENSCAFG00845004083	lincDivg	1.1.1	90353	ENSG00000145934	ENSG00000254130	lincDivg	1.1.1	52659
ENSCAFG00845003624	ENSCAFG00845004030	lincDivg	1.1.1	28094	ENSG00000145934	ENSG00000254130	lincDivg	1.1.1	52659
ENSCAFG00845003624	ENSCAFG00845004051	lincDivg	1.1.1	39609	ENSG00000145934	ENSG00000254130	lincDivg	1.1.1	52659
ENSCAFG00845003624	ENSCAFG00845004057	lincDivg	1.1.1	57136	ENSG00000145934	ENSG00000254130	lincDivg	1.1.1	52659
ENSCAFG00845003624	ENSCAFG00845004019	lncgDivg	1.1.1	2032	ENSG00000145934	ENSG00000254365	lncgDivg	1.1.1	0
ENSCAFG00845003624	ENSCAFG00845004019	lncgDivg	1.1.1	2032	ENSG00000145934	ENSG00000253947	lncgDivg	1.1.1	0
ENSCAFG00845003624	ENSCAFG00845004019	lncgDivg	1.1.1	2032	ENSG00000145934	ENSG00000253713	lncgDivg	1.1.1	0
ENSCAFG00845003624	ENSCAFG00845004019	lncgDivg	1.1.1	2032	ENSG00000145934	ENSG00000253527	lncgDivg	1.1.1	0
ENSCAFG00845003624	ENSCAFG00845004019	lncgDivg	1.1.1	2032	ENSG00000145934	ENSG00000253925	lncgDivg	1.1.1	0
ENSCAFG00845003624	ENSCAFG00845004019	lncgDivg	1.1.1	2032	ENSG00000145934	ENSG00000254187	lncgDivg	1.1.1	0
ENSCAFG00845003624	ENSCAFG00845004019	lncgDivg	1.1.1	2032	ENSG00000145934	ENSG00000253660	lncgDivg	1.1.1	0
ENSCAFG00845003624	ENSCAFG00845004019	lncgDivg	1.1.1	2032	ENSG00000145934	ENSG00000253469	lncgDivg	1.1.1	0
ENSCAFG00845003624	ENSCAFG00845004019	lncgDivg	1.1.1	2032	ENSG00000145934	ENSG00000254297	lncgDivg	1.1.1	0
ENSCAFG00845003745	ENSCAFG00845003755	lncgConv	1.1.1	4950	ENSG00000134986	ENSG00000246859	lncgConv	n.n.1	0
ENSCAFG00845003787	ENSCAFG00845003795	lncgDivg	1.1.1	402	ENSG00000183580	ENSG00000250250	lncgDivg	n.1.1	0
ENSCAFG00845003843	ENSCAFG00845003855	lncgDivg	1.1.1	416	ENSG00000165355	ENSG00000258526	lncgDivg	n.1.1	133
ENSCAFG00845003856	ENSCAFG00845003841	lincSS.dw	1.1.1	7771	ENSG00000077420	ENSG00000290444	lincSS.dw	1.1.1	22062
ENSCAFG00845003872	ENSCAFG00845003869	lncgConv	1.1.1	1130	ENSG00000145777	ENSG00000253613	lncgConv	1.1.1	0
ENSCAFG00845003905	ENSCAFG00845003835	lincSS.up	1.1.1	8811	ENSG00000185920	ENSG00000229345	lincSS.up	n.1.1	82381
ENSCAFG00845003905	ENSCAFG00845003833	lncgDivg	1.1.1	3509	ENSG00000185920	ENSG00000271314	lncgDivg	1.1.1	0
ENSCAFG00845003905	ENSCAFG00845003833	lncgDivg	1.1.1	3509	ENSG00000185920	ENSG00000271155	lncgDivg	1.1.1	0
ENSCAFG00845003905	ENSCAFG00845003833	lncgDivg	1.1.1	3509	ENSG00000185920	ENSG00000271659	lncgDivg	1.1.1	0
ENSCAFG00845003925	ENSCAFG00845003886	lncgConv	1.1.1	1575	ENSG00000186628	ENSG00000252690	lncgConv	1.1.1	0
ENSCAFG00845003925	ENSCAFG00845003886	lncgConv	1.1.1	1575	ENSG00000186628	ENSG00000250988	lncgConv	n.n.1	0
ENSCAFG00845003940	ENSCAFG00845003969	lncgDivg	n.n.n	1052	ENSG00000205476	ENSG00000258749	lncgDivg	1.1.1	0
ENSCAFG00845003940	ENSCAFG00845003969	lncgDivg	n.n.n	1052	ENSG00000205476	ENSG00000247970	lncgDivg	1.1.1	310
ENSCAFG00845003971	ENSCAFG00845003952	lincDivg	1.1.1	19077	ENSG00000081177	ENSG00000258957	lincDivg	n.n.1	0
ENSCAFG00845004136	ENSCAFG00845004150	lncgDivg	n.1.1	1254	ENSG00000106236	ENSG00000288889	lncgDivg	1.1.1	135
ENSCAFG00845004137	ENSCAFG00845004119	lincSS.dw	1.1.1	67535	ENSG00000151025	ENSG00000280809	lincSS.dw	n.1.1	49483
ENSCAFG00845004154	ENSCAFG00845004167	lncgSS.dw	1.1.1	4497	ENSG00000100647	ENSG00000273797	lncgSS.dw	1.1.1	0
ENSCAFG00845004161	ENSCAFG00845004193	lincDivg	n.1.1	30309	ENSG00000140521	ENSG00000255571	lincDivg	n.1.1	26718
ENSCAFG00845004161	ENSCAFG00845004193	lincDivg	n.1.1	30309	ENSG00000140521	ENSG00000289128	lincDivg	1.1.1	65312
ENSCAFG00845004161	ENSCAFG00845000235	lincSS.up	1.1.1	42527	ENSG00000140521	ENSG00000287717	lincSS.up	1.1.1	26296
ENSCAFG00845004161	ENSCAFG00845000244	lincSS.up	1.1.1	52404	ENSG00000140521	ENSG00000287717	lincSS.up	1.1.1	26296
ENSCAFG00845004161	ENSCAFG00845004187	lncgDivg	1.1.1	1331	ENSG00000140521	ENSG00000261441	lncgDivg	n.1.1	192
ENSCAFG00845004163	ENSCAFG00845000171	lncgDivg	n.n.n	903	ENSG00000112893	ENSG00000271849	lncgDivg	1.1.1	1598
ENSCAFG00845004209	ENSCAFG00845004142	lncgDivg	n.1.1	1550	ENSG00000101489	ENSG00000267707	lncgDivg	1.1.1	0
ENSCAFG00845004209	ENSCAFG00845004142	lncgDivg	n.1.1	1550	ENSG00000101489	ENSG00000267202	lncgDivg	n.1.1	0
ENSCAFG00845004209	ENSCAFG00845004142	lncgDivg	n.1.1	1550	ENSG00000101489	ENSG00000285940	lncgDivg	n.n.1	0
ENSCAFG00845004226	ENSCAFG00845004340	lncgDivg	1.1.1	435	ENSG00000182901	ENSG00000286496	lncgDivg	n.n.1	0
ENSCAFG00845004237	ENSCAFG00845004244	lincDivg	1.1.1	7475	ENSG00000143333	ENSG00000261504	lincDivg	1.1.1	10865
ENSCAFG00845004280	ENSCAFG00845004265	lincSS.dw	1.1.1	18411	ENSG00000131143	ENSG00000286510	lincSS.dw	1.1.1	39241
ENSCAFG00845004289	ENSCAFG00845004287	lincSS.dw	1.1.1	5260	ENSG00000169515	ENSG00000269151	lincSS.dw	n.n.n	6053
ENSCAFG00845004370	ENSCAFG00845004358	lincSS.dw	1.1.1	48089	ENSG00000125378	ENSG00000235269	lincSS.dw	1.1.1	98854
ENSCAFG00845004370	ENSCAFG00845004350	lincSS.dw	1.1.1	58095	ENSG00000125378	ENSG00000235269	lincSS.dw	1.1.1	98854
ENSCAFG00845004446	ENSCAFG00845004434	lncgDivg	1.1.1	236	ENSG00000102924	ENSG00000279249	lncgDivg	n.n.n	1829
ENSCAFG00845004496	ENSCAFG00845004453	lincDivg	1.1.1	25187	ENSG00000182985	ENSG00000255689	lincDivg	n.1.1	77326
ENSCAFG00845004496	ENSCAFG00845004447	lincDivg	1.1.1	65947	ENSG00000182985	ENSG00000255689	lincDivg	n.1.1	77326
ENSCAFG00845004496	ENSCAFG00845004450	lincDivg	1.1.1	40240	ENSG00000182985	ENSG00000255689	lincDivg	n.1.1	77326
ENSCAFG00845004496	ENSCAFG00845004442	lincDivg	1.1.1	72090	ENSG00000182985	ENSG00000255689	lincDivg	n.1.1	77326
ENSCAFG00845004496	ENSCAFG00845004457	lincDivg	1.1.1	19399	ENSG00000182985	ENSG00000255689	lincDivg	n.1.1	77326
ENSCAFG00845004496	ENSCAFG00845004437	lincDivg	1.1.1	90195	ENSG00000182985	ENSG00000255689	lincDivg	n.1.1	77326
ENSCAFG00845004496	ENSCAFG00845004463	lincSS.up	1.1.1	10748	ENSG00000182985	ENSG00000256281	lincSS.up	1.1.1	27365
ENSCAFG00845004496	ENSCAFG00845004406	lincSS.up	n.1.1	73424	ENSG00000182985	ENSG00000256281	lincSS.up	1.1.1	27365
ENSCAFG00845004496	ENSCAFG00845004445	lincSS.up	1.1.1	64348	ENSG00000182985	ENSG00000256281	lincSS.up	1.1.1	27365
ENSCAFG00845004496	ENSCAFG00845004460	lincSS.up	1.1.1	19383	ENSG00000182985	ENSG00000256281	lincSS.up	1.1.1	27365
ENSCAFG00845004594	ENSCAFG00845004586	lincConv	1.1.1	15652	ENSG00000189348	ENSG00000290987	lincConv	1.1.1	17175
ENSCAFG00845004605	ENSCAFG00845004596	lincSS.dw	1.1.1	13044	ENSG00000103196	ENSG00000260340	lincSS.dw	1.1.1	7585
ENSCAFG00845004692	ENSCAFG00845004685	lncgDivg	1.1.1	1210	ENSG00000101558	ENSG00000272799	lncgDivg	1.1.1	1167
ENSCAFG00845004801	ENSCAFG00845004766	lncgConv	1.1.1	439	ENSG00000109790	ENSG00000249207	lncgConv	n.n.1	0
ENSCAFG00845004832	ENSCAFG00845004812	lincDivg	1.1.1	59734	ENSG00000141404	ENSG00000260759	lincDivg	1.1.1	19099
ENSCAFG00845004834	ENSCAFG00845004795	lncgSS.up	1.1.1	2834	ENSG00000172260	ENSG00000228853	lncgSS.up	1.1.1	0
ENSCAFG00845004882	ENSCAFG00845004897	lincDivg	n.1.1	80553	ENSG00000112494	ENSG00000231720	lincDivg	1.1.1	30689
ENSCAFG00845004882	ENSCAFG00845004902	lincSS.up	1.1.1	90976	ENSG00000112494	ENSG00000280707	lincSS.up	n.1.1	33652
ENSCAFG00845004882	ENSCAFG00845004902	lincSS.up	1.1.1	90976	ENSG00000112494	ENSG00000228648	lincSS.up	1.1.1	25253
ENSCAFG00845004992	ENSCAFG00845004978	lncgSS.dw	1.1.1	1205	ENSG00000164574	ENSG00000287695	lncgSS.dw	1.1.1	0
ENSCAFG00845004996	ENSCAFG00845004944	lncgDivg	n.1.1	1526	ENSG00000172379	ENSG00000287813	lncgDivg	1.1.1	0
ENSCAFG00845004996	ENSCAFG00845004944	lncgDivg	n.1.1	1526	ENSG00000172379	ENSG00000259175	lncgDivg	1.1.1	0
ENSCAFG00845004996	ENSCAFG00845004944	lncgDivg	n.1.1	1526	ENSG00000172379	ENSG00000258010	lncgDivg	n.n.1	0
ENSCAFG00845004996	ENSCAFG00845004944	lncgDivg	n.1.1	1526	ENSG00000172379	ENSG00000270919	lncgDivg	1.1.1	0
ENSCAFG00845004996	ENSCAFG00845004944	lncgDivg	n.1.1	1526	ENSG00000172379	ENSG00000259495	lncgDivg	n.1.1	136
ENSCAFG00845005032	ENSCAFG00845005037	lncgSS.dw	1.1.1	1076	ENSG00000136371	ENSG00000259548	lncgSS.dw	1.1.1	31
ENSCAFG00845005055	ENSCAFG00845005031	lincConv	1.1.1	26191	ENSG00000155511	ENSG00000251183	lincConv	1.1.1	73559
ENSCAFG00845005055	ENSCAFG00845005040	lincConv	1.1.1	18172	ENSG00000155511	ENSG00000251183	lincConv	1.1.1	73559
ENSCAFG00845005265	ENSCAFG00845005394	lncgDivg	n.1.1	235	ENSG00000135541	ENSG00000231028	lncgDivg	n.n.1	0
ENSCAFG00845005265	ENSCAFG00845005394	lncgDivg	n.1.1	235	ENSG00000135541	ENSG00000287094	lncgDivg	1.1.1	0
ENSCAFG00845005265	ENSCAFG00845005394	lncgDivg	n.1.1	235	ENSG00000135541	ENSG00000234084	lncgDivg	1.1.1	0
ENSCAFG00845005305	ENSCAFG00845005282	lincConv	1.1.1	34459	ENSG00000196670	ENSG00000245060	lincConv	n.1.1	11874
ENSCAFG00845005305	ENSCAFG00845028395	lincConv	1.1.1	47521	ENSG00000196670	ENSG00000245060	lincConv	n.1.1	11874
ENSCAFG00845005305	ENSCAFG00845005279	lincSS.dw	1.1.1	34519	ENSG00000196670	ENSG00000286128	lincSS.dw	n.1.1	11885
ENSCAFG00845005305	ENSCAFG00845005288	lincSS.dw	1.1.1	25471	ENSG00000196670	ENSG00000286128	lincSS.dw	n.1.1	11885
ENSCAFG00845005305	ENSCAFG00845005272	lincSS.dw	1.1.1	40166	ENSG00000196670	ENSG00000286128	lincSS.dw	n.1.1	11885
ENSCAFG00845005385	ENSCAFG00845005375	lncgDivg	1.1.1	1717	ENSG00000108984	ENSG00000267653	lncgDivg	1.1.1	0
ENSCAFG00845005395	ENSCAFG00845005386	lncgSS.dw	1.1.1	1796	ENSG00000146054	ENSG00000248473	lncgSS.dw	n.1.1	2072
ENSCAFG00845005421	ENSCAFG00845005407	lincSS.up	1.1.1	65457	ENSG00000153822	ENSG00000237560	lincSS.up	n.1.1	58584
ENSCAFG00845005421	ENSCAFG00845005413	lincSS.up	1.1.1	51959	ENSG00000153822	ENSG00000237560	lincSS.up	n.1.1	58584
ENSCAFG00845005421	ENSCAFG00845005399	lincSS.up	n.1.1	80617	ENSG00000153822	ENSG00000237560	lincSS.up	n.1.1	58584
ENSCAFG00845005439	ENSCAFG00845005450	lincSS.dw	1.1.1	19046	ENSG00000123700	ENSG00000289371	lincSS.dw	1.1.1	11199
ENSCAFG00845005513	ENSCAFG00845005650	lncgDivg	n.1.1	2264	ENSG00000092421	ENSG00000249167	lncgDivg	n.n.1	0
ENSCAFG00845005513	ENSCAFG00845005650	lncgDivg	n.1.1	2264	ENSG00000092421	ENSG00000248445	lncgDivg	n.n.1	0
ENSCAFG00845005598	ENSCAFG00845005548	lncgDivg	1.1.1	131	ENSG00000165119	ENSG00000235298	lncgDivg	1.1.1	0
ENSCAFG00845005700	ENSCAFG00845005687	lncgDivg	1.1.1	786	ENSG00000074590	ENSG00000257438	lncgDivg	1.1.1	0
ENSCAFG00845005752	ENSCAFG00845005712	lincConv	1.1.1	12102	ENSG00000139289	ENSG00000257329	lincConv	1.1.1	58385
ENSCAFG00845005752	ENSCAFG00845027451	lincConv	1.1.1	54184	ENSG00000139289	ENSG00000257329	lincConv	1.1.1	58385
ENSCAFG00845005783	ENSCAFG00845029579	lncgDivg	n.1.1	258	ENSG00000183508	ENSG00000236866	lncgDivg	n.1.1	278
ENSCAFG00845005837	ENSCAFG00845005811	lincConv	1.1.1	58482	ENSG00000170860	ENSG00000255021	lincConv	1.1.1	71251
ENSCAFG00845005837	ENSCAFG00845005801	lincConv	1.1.1	87397	ENSG00000170860	ENSG00000255021	lincConv	1.1.1	71251
ENSCAFG00845005933	ENSCAFG00845006085	lncgSS.dw	1.1.1	726	ENSG00000162852	ENSG00000225300	lncgSS.dw	1.1.1	0
ENSCAFG00845005948	ENSCAFG00845005963	lincDivg	1.1.1	31831	ENSG00000157570	ENSG00000255079	lincDivg	1.1.1	30164
ENSCAFG00845005970	ENSCAFG00845005912	lincConv	n.1.1	17852	ENSG00000125629	ENSG00000226856	lincConv	n.1.1	21131
ENSCAFG00845006185	ENSCAFG00845006155	lincDivg	1.1.1	26288	ENSG00000198894	ENSG00000258473	lincDivg	1.1.1	11669
ENSCAFG00845006185	ENSCAFG00845006155	lincDivg	1.1.1	26288	ENSG00000198894	ENSG00000258819	lincDivg	n.1.1	21734
ENSCAFG00845006185	ENSCAFG00845006096	lincSS.up	1.1.1	62337	ENSG00000198894	ENSG00000287004	lincSS.up	1.1.1	12149
ENSCAFG00845006185	ENSCAFG00845006141	lincSS.up	n.1.1	26816	ENSG00000198894	ENSG00000287004	lincSS.up	1.1.1	12149
ENSCAFG00845006185	ENSCAFG00845006121	lincSS.up	n.1.1	51105	ENSG00000198894	ENSG00000287004	lincSS.up	1.1.1	12149
ENSCAFG00845006185	ENSCAFG00845006110	lincSS.up	1.1.1	61009	ENSG00000198894	ENSG00000287004	lincSS.up	1.1.1	12149
ENSCAFG00845006239	ENSCAFG00845006280	lncgDivg	n.1.1	126	ENSG00000177108	ENSG00000269883	lncgDivg	1.1.1	0
ENSCAFG00845006249	ENSCAFG00845006552	lncgDivg	1.1.1	288	ENSG00000091039	ENSG00000257526	lncgDivg	n.1.1	2485
ENSCAFG00845006278	ENSCAFG00845006244	lincSS.up	1.1.1	25434	ENSG00000116882	ENSG00000232650	lincSS.up	n.1.1	12597
ENSCAFG00845006283	ENSCAFG00845006263	lncgConv	1.1.1	538	ENSG00000182771	ENSG00000234942	lncgConv	n.1.1	0
ENSCAFG00845006344	ENSCAFG00845006107	lncgConv	1.1.1	3628	ENSG00000175497	ENSG00000287451	lncgConv	1.1.1	0
ENSCAFG00845006393	ENSCAFG00845006535	lncgDivg	1.1.1	2546	ENSG00000062650	ENSG00000227896	lncgDivg	1.1.1	153
ENSCAFG00845006468	ENSCAFG00845006428	lncgSS.dw	1.1.1	2321	ENSG00000171310	ENSG00000289557	lncgSS.dw	1.1.1	0
ENSCAFG00845006469	ENSCAFG00845026686	lncgSS.dw	1.1.1	1592	ENSG00000141568	ENSG00000262652	lncgSS.dw	1.1.1	0
ENSCAFG00845006509	ENSCAFG00845006696	lncgSS.up	1.1.1	3170	ENSG00000136279	ENSG00000235314	lncgSS.up	n.1.1	2334
ENSCAFG00845006563	ENSCAFG00845006507	lncgSS.dw	1.1.1	3424	ENSG00000141562	ENSG00000266236	lncgSS.dw	1.1.1	0
ENSCAFG00845006622	ENSCAFG00845006543	lincSS.dw	n.1.1	51562	ENSG00000115091	ENSG00000234199	lincSS.dw	n.1.1	16272
ENSCAFG00845006622	ENSCAFG00845006543	lincSS.dw	n.1.1	51562	ENSG00000115091	ENSG00000243179	lincSS.dw	1.1.1	17313
ENSCAFG00845006703	ENSCAFG00845006565	lncgDivg	1.1.1	1241	ENSG00000048052	ENSG00000225000	lncgDivg	1.1.1	0
ENSCAFG00845006703	ENSCAFG00845006565	lncgDivg	1.1.1	1241	ENSG00000048052	ENSG00000226522	lncgDivg	1.1.1	0
ENSCAFG00845006790	ENSCAFG00845006737	lincDivg	1.1.1	20733	ENSG00000165300	ENSG00000272515	lincDivg	1.1.1	62137
ENSCAFG00845006844	ENSCAFG00845004860	lincSS.up	1.1.1	5336	ENSG00000186496	ENSG00000275512	lincSS.up	1.1.1	26659
ENSCAFG00845006897	ENSCAFG00845007072	lincDivg	n.1.1	35013	ENSG00000165891	ENSG00000286476	lincDivg	1.1.1	63609
ENSCAFG00845007046	ENSCAFG00845006899	lncgDivg	n.n.n	1456	ENSG00000196781	ENSG00000233926	lncgDivg	n.1.1	166
ENSCAFG00845007046	ENSCAFG00845006972	lncgDivg	1.1.1	78	ENSG00000196781	ENSG00000233926	lncgDivg	n.1.1	166
ENSCAFG00845007061	ENSCAFG00845007096	lncgDivg	1.1.1	2531	ENSG00000197050	ENSG00000267345	lncgDivg	n.n.1	0
ENSCAFG00845007185	ENSCAFG00845006895	lncgConv	1.1.1	396	ENSG00000110075	ENSG00000260808	lncgConv	n.n.1	0
ENSCAFG00845007199	ENSCAFG00845006996	lncgSS.dw	1.1.1	564	ENSG00000073146	ENSG00000280395	lncgSS.dw	1.1.1	0
ENSCAFG00845007215	ENSCAFG00845007340	lncgSS.dw	1.1.1	397	ENSG00000155792	ENSG00000254343	lncgSS.dw	n.n.n	1262
ENSCAFG00845007558	ENSCAFG00845007584	lncgConv	1.1.1	1676	ENSG00000188227	ENSG00000180458	lncgConv	1.1.1	0
ENSCAFG00845007651	ENSCAFG00845007585	lincSS.up	1.1.1	11679	ENSG00000067715	ENSG00000257948	lincSS.up	n.1.1	54998
ENSCAFG00845007651	ENSCAFG00845007600	lncgDivg	1.1.1	1238	ENSG00000067715	ENSG00000257191	lncgDivg	1.1.1	0
ENSCAFG00845007815	ENSCAFG00845007905	lncgDivg	1.1.1	138	ENSG00000168288	ENSG00000231969	lncgDivg	n.n.1	0
ENSCAFG00845007821	ENSCAFG00845007874	lincSS.dw	n.1.1	35573	ENSG00000109606	ENSG00000289201	lincSS.dw	n.1.1	44490
ENSCAFG00845007821	ENSCAFG00845007915	lincSS.dw	1.1.1	66646	ENSG00000109606	ENSG00000289201	lincSS.dw	n.1.1	44490
ENSCAFG00845007911	ENSCAFG00845007886	lncgConv	1.1.1	2009	ENSG00000257727	ENSG00000257303	lncgConv	n.1.n	0
ENSCAFG00845008127	ENSCAFG00845008240	lncgSS.dw	1.1.1	2113	ENSG00000021645	ENSG00000258419	lncgSS.dw	1.1.1	0
ENSCAFG00845008171	ENSCAFG00845008214	lincDivg	1.1.1	72032	ENSG00000115963	ENSG00000237220	lincDivg	1.1.1	27123
ENSCAFG00845008171	ENSCAFG00845008214	lincDivg	1.1.1	72032	ENSG00000115963	ENSG00000224048	lincDivg	n.1.1	73370
ENSCAFG00845008171	ENSCAFG00845008226	lincDivg	1.1.1	80194	ENSG00000115963	ENSG00000237220	lincDivg	1.1.1	27123
ENSCAFG00845008171	ENSCAFG00845008226	lincDivg	1.1.1	80194	ENSG00000115963	ENSG00000224048	lincDivg	n.1.1	73370
ENSCAFG00845008307	ENSCAFG00845008356	lncgSS.dw	1.1.1	4767	ENSG00000116350	ENSG00000225750	lncgSS.dw	1.1.1	749
ENSCAFG00845008307	ENSCAFG00845008348	lncgSS.dw	1.1.1	2318	ENSG00000116350	ENSG00000225750	lncgSS.dw	1.1.1	749
ENSCAFG00845008311	ENSCAFG00845008707	lincSS.dw	1.1.1	7394	ENSG00000109819	ENSG00000251292	lincSS.dw	1.1.1	21462
ENSCAFG00845008402	ENSCAFG00845008346	lincSS.dw	1.1.1	10946	ENSG00000196814	ENSG00000233721	lincSS.dw	1.1.1	9376
ENSCAFG00845008402	ENSCAFG00845008346	lincSS.dw	1.1.1	10946	ENSG00000196814	ENSG00000226078	lincSS.dw	1.1.1	20577
ENSCAFG00845008549	ENSCAFG00845008529	lncgDivg	1.1.1	112	ENSG00000014123	ENSG00000233797	lncgDivg	n.n.1	0
ENSCAFG00845008553	ENSCAFG00845008574	lncgConv	1.1.1	1750	ENSG00000164932	ENSG00000266289	lncgConv	1.1.1	89
ENSCAFG00845008598	ENSCAFG00845008636	lincSS.up	1.1.1	5433	ENSG00000170961	ENSG00000254209	lincSS.up	n.1.1	27494
ENSCAFG00845008786	ENSCAFG00845008771	lncgSS.dw	1.1.1	261	ENSG00000175591	ENSG00000260401	lncgSS.dw	1.1.1	0
ENSCAFG00845008865	ENSCAFG00845009050	lincSS.dw	1.1.1	11816	ENSG00000165061	ENSG00000272479	lincSS.dw	1.1.1	10432
ENSCAFG00845008865	ENSCAFG00845009060	lincSS.dw	1.1.1	20567	ENSG00000165061	ENSG00000272479	lincSS.dw	1.1.1	10432
ENSCAFG00845008994	ENSCAFG00845009075	lincSS.up	1.1.1	5786	ENSG00000118418	ENSG00000286042	lincSS.up	n.1.1	72980
ENSCAFG00845008994	ENSCAFG00845009084	lincSS.up	1.1.1	41473	ENSG00000118418	ENSG00000286042	lincSS.up	n.1.1	72980
ENSCAFG00845009016	ENSCAFG00845008952	lncgDivg	n.1.1	2698	ENSG00000149571	ENSG00000255317	lncgDivg	1.1.1	0
ENSCAFG00845009016	ENSCAFG00845008952	lncgDivg	n.1.1	2698	ENSG00000149571	ENSG00000257271	lncgDivg	1.1.1	0
ENSCAFG00845009016	ENSCAFG00845008952	lncgDivg	n.1.1	2698	ENSG00000149571	ENSG00000254607	lncgDivg	n.1.1	0
ENSCAFG00845009016	ENSCAFG00845008952	lncgDivg	n.1.1	2698	ENSG00000149571	ENSG00000254960	lncgDivg	n.1.1	0
ENSCAFG00845009016	ENSCAFG00845008952	lncgDivg	n.1.1	2698	ENSG00000149571	ENSG00000218109	lncgDivg	1.1.1	0
ENSCAFG00845009080	ENSCAFG00845008854	lincSS.dw	n.1.1	54617	ENSG00000107186	ENSG00000285637	lincSS.dw	n.1.1	71380
ENSCAFG00845009185	ENSCAFG00845009160	lincSS.up	1.1.1	32128	ENSG00000144057	ENSG00000286218	lincSS.up	n.1.1	46631
ENSCAFG00845009185	ENSCAFG00845009065	lincSS.up	1.1.1	36970	ENSG00000144057	ENSG00000286218	lincSS.up	n.1.1	46631
ENSCAFG00845009185	ENSCAFG00845009167	lincSS.up	1.1.1	10528	ENSG00000144057	ENSG00000286218	lincSS.up	n.1.1	46631
ENSCAFG00845009198	ENSCAFG00845009239	lincConv	1.1.1	10428	ENSG00000176165	ENSG00000257056	lincConv	n.1.1	12632
ENSCAFG00845009198	ENSCAFG00845009239	lincConv	1.1.1	10428	ENSG00000176165	ENSG00000257748	lincConv	n.1.1	29807
ENSCAFG00845009198	ENSCAFG00845009249	lincSS.dw	n.1.1	16895	ENSG00000176165	ENSG00000258038	lincSS.dw	n.1.1	59604
ENSCAFG00845009198	ENSCAFG00845009182	lncgDivg	1.1.1	1865	ENSG00000176165	ENSG00000257126	lncgDivg	n.n.1	0
ENSCAFG00845009198	ENSCAFG00845009216	lncgSS.dw	1.1.1	349	ENSG00000176165	ENSG00000186960	lncgSS.dw	n.n.1	0
ENSCAFG00845009258	ENSCAFG00845009202	lincDivg	1.1.1	9082	ENSG00000133112	ENSG00000228886	lincDivg	1.1.1	9039
ENSCAFG00845009258	ENSCAFG00845009220	lncgDivg	1.1.1	2500	ENSG00000133112	ENSG00000273149	lncgDivg	1.1.1	0
ENSCAFG00845009366	ENSCAFG00845009290	lncgConv	1.1.1	2237	ENSG00000017427	ENSG00000283052	lncgConv	n.n.1	0
ENSCAFG00845009366	ENSCAFG00845009290	lncgConv	1.1.1	2237	ENSG00000017427	ENSG00000281344	lncgConv	1.1.1	0
ENSCAFG00845009556	ENSCAFG00845009426	lncgDivg	1.1.1	981	ENSG00000115306	ENSG00000234943	lncgDivg	1.1.1	0
ENSCAFG00845009556	ENSCAFG00845009426	lncgDivg	1.1.1	981	ENSG00000115306	ENSG00000228108	lncgDivg	1.1.1	0
ENSCAFG00845009632	ENSCAFG00845009605	lncgDivg	1.1.1	1903	ENSG00000105875	ENSG00000231794	lncgDivg	n.n.1	0
ENSCAFG00845009708	ENSCAFG00845009770	lincSS.dw	1.1.1	28671	ENSG00000167186	ENSG00000260430	lincSS.dw	1.1.1	6736
ENSCAFG00845009729	ENSCAFG00845009935	lncgDivg	1.1.1	104	ENSG00000124772	ENSG00000285888	lncgDivg	1.1.1	0
ENSCAFG00845009729	ENSCAFG00845009947	lncgSS.up	1.1.1	4220	ENSG00000124772	ENSG00000287891	lncgSS.up	n.1.1	1986
ENSCAFG00845009733	ENSCAFG00845009674	lncgDivg	1.1.1	16	ENSG00000102804	ENSG00000278156	lncgDivg	n.n.1	0
ENSCAFG00845009846	ENSCAFG00845009917	lncgDivg	n.1.1	538	ENSG00000135972	ENSG00000224509	lncgDivg	n.n.1	0
ENSCAFG00845009872	ENSCAFG00845009755	lincDivg	1.1.1	62686	ENSG00000136011	ENSG00000286197	lincDivg	1.1.1	15936
ENSCAFG00845009872	ENSCAFG00845009782	lincSS.up	1.1.1	60461	ENSG00000136011	ENSG00000257762	lincSS.up	n.1.1	12835
ENSCAFG00845009872	ENSCAFG00845009800	lincSS.up	1.1.1	44066	ENSG00000136011	ENSG00000257762	lincSS.up	n.1.1	12835
ENSCAFG00845009934	ENSCAFG00845009830	lncgConv	1.1.1	27	ENSG00000180098	ENSG00000197989	lncgConv	n.n.1	0
ENSCAFG00845010033	ENSCAFG00845009866	lincDivg	1.1.1	76789	ENSG00000114541	ENSG00000241667	lincDivg	1.1.1	48758
ENSCAFG00845010033	ENSCAFG00845009890	lincDivg	1.1.1	69901	ENSG00000114541	ENSG00000241667	lincDivg	1.1.1	48758
ENSCAFG00845010033	ENSCAFG00845009910	lincDivg	1.1.1	11550	ENSG00000114541	ENSG00000241667	lincDivg	1.1.1	48758
ENSCAFG00845010033	ENSCAFG00845009900	lincDivg	1.1.1	18731	ENSG00000114541	ENSG00000241667	lincDivg	1.1.1	48758
ENSCAFG00845010033	ENSCAFG00845009880	lincSS.up	1.1.1	69901	ENSG00000114541	ENSG00000240842	lincSS.up	1.1.1	21523
ENSCAFG00845010033	ENSCAFG00845009854	lincSS.up	1.1.1	76789	ENSG00000114541	ENSG00000240842	lincSS.up	1.1.1	21523
ENSCAFG00845010071	ENSCAFG00845010130	lincDivg	n.1.1	37151	ENSG00000177706	ENSG00000232325	lincDivg	1.1.1	96888
ENSCAFG00845010071	ENSCAFG00845010130	lincDivg	n.1.1	37151	ENSG00000177706	ENSG00000287883	lincDivg	1.1.1	60537
ENSCAFG00845010071	ENSCAFG00845010130	lincDivg	n.1.1	37151	ENSG00000177706	ENSG00000261795	lincDivg	1.1.1	27599
ENSCAFG00845010071	ENSCAFG00845010130	lincDivg	n.1.1	37151	ENSG00000177706	ENSG00000242474	lincDivg	n.1.1	43044
ENSCAFG00845010088	ENSCAFG00845010045	lncgSS.dw	1.1.1	125	ENSG00000180198	ENSG00000242125	lncgSS.dw	n.n.1	0
ENSCAFG00845010164	ENSCAFG00845010257	lincSS.dw	1.1.1	66802	ENSG00000119900	ENSG00000230597	lincSS.dw	1.1.1	19883
ENSCAFG00845010164	ENSCAFG00845010245	lincSS.dw	1.1.1	43961	ENSG00000119900	ENSG00000230597	lincSS.dw	1.1.1	19883
ENSCAFG00845010164	ENSCAFG00845010224	lincSS.dw	1.1.1	32174	ENSG00000119900	ENSG00000230597	lincSS.dw	1.1.1	19883
ENSCAFG00845010164	ENSCAFG00845010279	lincSS.dw	1.1.1	96713	ENSG00000119900	ENSG00000230597	lincSS.dw	1.1.1	19883
ENSCAFG00845010164	ENSCAFG00845010265	lincSS.dw	1.1.1	81093	ENSG00000119900	ENSG00000230597	lincSS.dw	1.1.1	19883
ENSCAFG00845010164	ENSCAFG00845010213	lincSS.dw	1.1.1	22661	ENSG00000119900	ENSG00000230597	lincSS.dw	1.1.1	19883
ENSCAFG00845010164	ENSCAFG00845010228	lincSS.dw	1.1.1	39287	ENSG00000119900	ENSG00000230597	lincSS.dw	1.1.1	19883
ENSCAFG00845010369	ENSCAFG00845010484	lincSS.up	1.1.1	23574	ENSG00000148516	ENSG00000272381	lincSS.up	n.1.1	56585
ENSCAFG00845010369	ENSCAFG00845010519	lincSS.up	1.1.1	69469	ENSG00000148516	ENSG00000272381	lincSS.up	n.1.1	56585
ENSCAFG00845010369	ENSCAFG00845010508	lincSS.up	1.1.1	55856	ENSG00000148516	ENSG00000272381	lincSS.up	n.1.1	56585
ENSCAFG00845010369	ENSCAFG00845010528	lincSS.up	1.1.1	96787	ENSG00000148516	ENSG00000272381	lincSS.up	n.1.1	56585
ENSCAFG00845010369	ENSCAFG00845010497	lincSS.up	1.1.1	41461	ENSG00000148516	ENSG00000272381	lincSS.up	n.1.1	56585
ENSCAFG00845010390	ENSCAFG00845010438	lncgDivg	1.1.1	699	ENSG00000060558	ENSG00000267551	lncgDivg	1.1.1	0
ENSCAFG00845010412	ENSCAFG00845010450	lincSS.dw	1.1.1	7434	ENSG00000150540	ENSG00000224231	lincSS.dw	1.1.1	85514
ENSCAFG00845010412	ENSCAFG00845010463	lincSS.dw	1.1.1	49013	ENSG00000150540	ENSG00000224231	lincSS.dw	1.1.1	85514
ENSCAFG00845010452	ENSCAFG00845010409	lncgDivg	1.1.1	589	ENSG00000146242	ENSG00000286875	lncgDivg	1.1.1	0
ENSCAFG00845010523	ENSCAFG00845010490	lncgSS.dw	1.1.1	555	ENSG00000172831	ENSG00000265408	lncgSS.dw	1.1.1	0
ENSCAFG00845010533	ENSCAFG00845010449	lncgDivg	n.1.1	1474	ENSG00000112715	ENSG00000272114	lncgDivg	1.1.1	0
ENSCAFG00845010679	ENSCAFG00845010700	lincSS.up	1.1.1	5335	ENSG00000164442	ENSG00000238099	lincSS.up	n.1.1	60988
ENSCAFG00845010681	ENSCAFG00845010655	lncgSS.dw	1.1.1	275	ENSG00000130770	ENSG00000271398	lncgSS.dw	1.1.1	238
ENSCAFG00845010723	ENSCAFG00845010677	lincConv	1.1.1	15623	ENSG00000266074	ENSG00000278200	lincConv	1.1.1	14192
ENSCAFG00845010723	ENSCAFG00845010811	lincSS.up	1.1.1	16661	ENSG00000266074	ENSG00000263154	lincSS.up	1.1.1	21243
ENSCAFG00845010723	ENSCAFG00845010811	lincSS.up	1.1.1	16661	ENSG00000266074	ENSG00000274833	lincSS.up	1.1.1	7691
ENSCAFG00845010727	ENSCAFG00845010686	lincSS.dw	1.1.1	10093	ENSG00000130638	ENSG00000279954	lincSS.dw	1.1.1	30625
ENSCAFG00845010745	ENSCAFG00845010887	lincSS.up	1.1.1	20860	ENSG00000106070	ENSG00000236046	lincSS.up	1.1.1	45901
ENSCAFG00845010758	ENSCAFG00845010536	lncgDivg	1.1.1	2824	ENSG00000112851	ENSG00000269961	lncgDivg	1.1.1	0
ENSCAFG00845010836	ENSCAFG00845010730	lncgSS.dw	1.1.1	749	ENSG00000152061	ENSG00000223525	lncgSS.dw	1.1.1	0
ENSCAFG00845010836	ENSCAFG00845010730	lncgSS.dw	1.1.1	749	ENSG00000152061	ENSG00000289425	lncgSS.dw	1.1.1	0
ENSCAFG00845010883	ENSCAFG00845010832	lincSS.up	1.1.1	33738	ENSG00000157637	ENSG00000287431	lincSS.up	1.1.1	43636
ENSCAFG00845010883	ENSCAFG00845010832	lincSS.up	1.1.1	33738	ENSG00000157637	ENSG00000185332	lincSS.up	n.1.1	15723
ENSCAFG00845010883	ENSCAFG00845010832	lincSS.up	1.1.1	33738	ENSG00000157637	ENSG00000185168	lincSS.up	n.1.1	8224
ENSCAFG00845011003	ENSCAFG00845010999	lncgSS.up	1.1.1	2022	ENSG00000182348	ENSG00000233420	lncgSS.up	n.1.1	14755
ENSCAFG00845011111	ENSCAFG00845011060	lncgDivg	1.1.1	84	ENSG00000160551	ENSG00000264808	lncgDivg	n.n.1	0
ENSCAFG00845011164	ENSCAFG00845011148	lncgSS.dw	1.1.1	3440	ENSG00000165495	ENSG00000259290	lncgSS.dw	n.1.1	0
ENSCAFG00845011255	ENSCAFG00845011293	lncgConv	1.1.1	2151	ENSG00000205279	ENSG00000248799	lncgConv	1.1.1	0
ENSCAFG00845011316	ENSCAFG00845011623	lncgSS.dw	1.1.1	41	ENSG00000069020	ENSG00000249057	lncgSS.dw	1.1.1	0
ENSCAFG00845011368	ENSCAFG00845011449	lncgSS.up	1.1.1	2272	ENSG00000110713	ENSG00000289468	lncgSS.up	1.1.1	0
ENSCAFG00845011393	ENSCAFG00845011476	lincSS.dw	n.1.1	26853	ENSG00000179104	ENSG00000258338	lincSS.dw	1.1.1	36720
ENSCAFG00845011398	ENSCAFG00845011464	lncgDivg	1.1.1	316	ENSG00000093000	ENSG00000226328	lncgDivg	n.1.1	11302
ENSCAFG00845011487	ENSCAFG00845011168	lincSS.dw	1.1.1	39576	ENSG00000196090	ENSG00000228959	lincSS.dw	1.1.1	57274
ENSCAFG00845011487	ENSCAFG00845011159	lincSS.dw	1.1.1	82356	ENSG00000196090	ENSG00000228959	lincSS.dw	1.1.1	57274
ENSCAFG00845011756	ENSCAFG00845011703	lncgSS.up	n.1.1	4838	ENSG00000176619	ENSG00000267201	lncgSS.up	1.1.1	1976
ENSCAFG00845011762	ENSCAFG00845012132	lincDivg	1.1.1	12550	ENSG00000175866	ENSG00000262873	lincDivg	n.n.n	7043
ENSCAFG00845011762	ENSCAFG00845012132	lincDivg	1.1.1	12550	ENSG00000175866	ENSG00000262098	lincDivg	1.1.1	9619
ENSCAFG00845011785	ENSCAFG00845011883	lincSS.dw	1.1.1	35230	ENSG00000133627	ENSG00000286565	lincSS.dw	1.1.1	69855
ENSCAFG00845011785	ENSCAFG00845011950	lincSS.dw	1.1.1	37332	ENSG00000133627	ENSG00000286565	lincSS.dw	1.1.1	69855
ENSCAFG00845011790	ENSCAFG00845011946	lncgDivg	1.1.1	527	ENSG00000137494	ENSG00000254551	lncgDivg	1.1.1	0
ENSCAFG00845011818	ENSCAFG00845011782	lncgDivg	1.1.1	1	ENSG00000087903	ENSG00000267262	lncgDivg	n.1.1	0
ENSCAFG00845011818	ENSCAFG00845011782	lncgDivg	1.1.1	1	ENSG00000087903	ENSG00000267299	lncgDivg	1.1.1	0
ENSCAFG00845011856	ENSCAFG00845011966	lincConv	1.1.1	8324	ENSG00000151413	ENSG00000257472	lincConv	1.1.1	64577
ENSCAFG00845011856	ENSCAFG00845011999	lincConv	1.1.1	45586	ENSG00000151413	ENSG00000257472	lincConv	1.1.1	64577
ENSCAFG00845011856	ENSCAFG00845011990	lincSS.dw	1.1.1	45565	ENSG00000151413	ENSG00000258474	lincSS.dw	1.1.1	83629
ENSCAFG00845011856	ENSCAFG00845011974	lincSS.dw	1.1.1	8333	ENSG00000151413	ENSG00000258474	lincSS.dw	1.1.1	83629
ENSCAFG00845011916	ENSCAFG00845012031	lncgSS.up	n.1.1	26552	ENSG00000124749	ENSG00000227602	lncgSS.up	1.1.1	0
ENSCAFG00845012014	ENSCAFG00845012181	lincSS.up	1.1.1	82284	ENSG00000145321	ENSG00000248567	lincSS.up	1.1.1	17264
ENSCAFG00845012045	ENSCAFG00845012010	lincSS.up	1.1.1	10365	ENSG00000100852	ENSG00000258386	lincSS.up	1.1.1	57429
ENSCAFG00845012052	ENSCAFG00845012224	lincDivg	1.1.1	11813	ENSG00000186654	ENSG00000234300	lincDivg	1.1.1	43128
ENSCAFG00845012083	ENSCAFG00845012013	lncgConv	1.1.1	38	ENSG00000128052	ENSG00000250646	lncgConv	1.1.1	0
ENSCAFG00845012097	ENSCAFG00845012148	lincSS.up	1.1.1	15327	ENSG00000179776	ENSG00000286928	lincSS.up	1.1.1	31484
ENSCAFG00845012116	ENSCAFG00845012058	lncgSS.up	1.1.1	194	ENSG00000170558	ENSG00000274578	lncgSS.up	1.1.1	0
ENSCAFG00845012255	ENSCAFG00845012265	lincConv	1.1.1	11391	ENSG00000188636	ENSG00000232655	lincConv	1.1.1	47795
ENSCAFG00845012283	ENSCAFG00845012389	lncgSS.dw	n.1.1	32038	ENSG00000174099	ENSG00000250280	lncgSS.dw	1.1.1	0
ENSCAFG00845012434	ENSCAFG00845005652	lncgDivg	1.1.1	1435	ENSG00000132466	ENSG00000250220	lncgDivg	1.1.1	411
ENSCAFG00845012475	ENSCAFG00845012441	lincDivg	n.1.1	40247	ENSG00000136997	ENSG00000286010	lincDivg	1.1.1	64444
ENSCAFG00845012475	ENSCAFG00845012649	lincSS.dw	1.1.1	47755	ENSG00000136997	ENSG00000249859	lincSS.dw	n.1.1	51575
ENSCAFG00845012475	ENSCAFG00845012589	lincSS.dw	n.1.1	45154	ENSG00000136997	ENSG00000249859	lincSS.dw	n.1.1	51575
ENSCAFG00845012599	ENSCAFG00845012572	lincDivg	1.1.1	41118	ENSG00000134504	ENSG00000263677	lincDivg	n.1.1	28553
ENSCAFG00845012599	ENSCAFG00845012476	lincDivg	1.1.1	57075	ENSG00000134504	ENSG00000263677	lincDivg	n.1.1	28553
ENSCAFG00845012599	ENSCAFG00845012467	lincSS.up	1.1.1	69205	ENSG00000134504	ENSG00000265369	lincSS.up	1.1.1	30220
ENSCAFG00845012599	ENSCAFG00845012457	lincSS.up	1.1.1	83821	ENSG00000134504	ENSG00000265369	lincSS.up	1.1.1	30220
ENSCAFG00845012599	ENSCAFG00845012482	lincSS.up	1.1.1	41118	ENSG00000134504	ENSG00000265369	lincSS.up	1.1.1	30220
ENSCAFG00845012599	ENSCAFG00845012579	lincSS.up	1.1.1	23143	ENSG00000134504	ENSG00000265369	lincSS.up	1.1.1	30220
ENSCAFG00845012621	ENSCAFG00845012545	lncgDivg	1.1.1	77	ENSG00000122203	ENSG00000250909	lncgDivg	1.1.1	0
ENSCAFG00845012621	ENSCAFG00845012545	lncgDivg	1.1.1	77	ENSG00000122203	ENSG00000251414	lncgDivg	1.1.1	0
ENSCAFG00845012661	ENSCAFG00845012774	lncgDivg	n.1.1	772	ENSG00000141314	ENSG00000287506	lncgDivg	1.1.1	428
ENSCAFG00845012661	ENSCAFG00845012774	lncgDivg	n.1.1	772	ENSG00000141314	ENSG00000263674	lncgDivg	1.1.1	0
ENSCAFG00845012691	ENSCAFG00845012730	lincSS.dw	1.1.1	10696	ENSG00000171246	ENSG00000260369	lincSS.dw	1.1.1	12105
ENSCAFG00845012692	ENSCAFG00845012813	lncgDivg	1.1.1	1662	ENSG00000160953	ENSG00000267755	lncgDivg	n.1.1	0
ENSCAFG00845012790	ENSCAFG00845012720	lncgSS.dw	1.1.1	1168	ENSG00000167258	ENSG00000273576	lncgSS.dw	1.1.1	2008
ENSCAFG00845012859	ENSCAFG00845012942	lncgDivg	1.1.1	2470	ENSG00000157212	ENSG00000273344	lncgDivg	1.1.1	297
ENSCAFG00845012859	ENSCAFG00845012942	lncgDivg	1.1.1	2470	ENSG00000157212	ENSG00000273183	lncgDivg	1.1.1	0
ENSCAFG00845012859	ENSCAFG00845012942	lncgDivg	1.1.1	2470	ENSG00000157212	ENSG00000272760	lncgDivg	1.1.1	0
ENSCAFG00845012859	ENSCAFG00845012921	lncgDivg	n.1.1	1142	ENSG00000157212	ENSG00000273344	lncgDivg	1.1.1	297
ENSCAFG00845012859	ENSCAFG00845012921	lncgDivg	n.1.1	1142	ENSG00000157212	ENSG00000273183	lncgDivg	1.1.1	0
ENSCAFG00845012859	ENSCAFG00845012921	lncgDivg	n.1.1	1142	ENSG00000157212	ENSG00000272760	lncgDivg	1.1.1	0
ENSCAFG00845012881	ENSCAFG00845012801	lncgDivg	1.1.1	304	ENSG00000185513	ENSG00000226143	lncgDivg	1.1.1	0
ENSCAFG00845013026	ENSCAFG00845012799	lncgConv	1.1.1	846	ENSG00000175356	ENSG00000253973	lncgConv	n.1.n	0
ENSCAFG00845013039	ENSCAFG00845013054	lncgDivg	1.1.1	1829	ENSG00000053328	ENSG00000287268	lncgDivg	1.1.1	0
ENSCAFG00845013048	ENSCAFG00845013280	lncgDivg	1.1.1	1169	ENSG00000173068	ENSG00000230694	lncgDivg	1.1.1	0
ENSCAFG00845013048	ENSCAFG00845013280	lncgDivg	1.1.1	1169	ENSG00000173068	ENSG00000231756	lncgDivg	1.1.1	0
ENSCAFG00845013048	ENSCAFG00845013280	lncgDivg	1.1.1	1169	ENSG00000173068	ENSG00000234779	lncgDivg	1.1.1	0
ENSCAFG00845013083	ENSCAFG00845013254	lincDivg	1.1.1	12193	ENSG00000022567	ENSG00000254291	lincDivg	1.1.1	17825
ENSCAFG00845013083	ENSCAFG00845013114	lncgSS.up	n.1.1	2975	ENSG00000022567	ENSG00000253307	lncgSS.up	1.1.1	0
ENSCAFG00845013162	ENSCAFG00845016009	lincDivg	1.1.1	27634	ENSG00000170485	ENSG00000228488	lincDivg	1.1.1	97257
ENSCAFG00845013162	ENSCAFG00845015993	lincDivg	1.1.1	11600	ENSG00000170485	ENSG00000228488	lincDivg	1.1.1	97257
ENSCAFG00845013162	ENSCAFG00845016003	lincSS.up	1.1.1	11666	ENSG00000170485	ENSG00000286737	lincSS.up	1.1.1	72748
ENSCAFG00845013162	ENSCAFG00845016020	lincSS.up	1.1.1	27678	ENSG00000170485	ENSG00000286737	lincSS.up	1.1.1	72748
ENSCAFG00845013162	ENSCAFG00845015981	lncgDivg	1.1.1	3379	ENSG00000170485	ENSG00000230140	lncgDivg	n.n.1	0
ENSCAFG00845013162	ENSCAFG00845015974	lncgSS.up	1.1.1	3378	ENSG00000170485	ENSG00000289077	lncgSS.up	1.1.1	1042
ENSCAFG00845013226	ENSCAFG00845013253	lncgDivg	1.1.1	1218	ENSG00000105810	ENSG00000286742	lncgDivg	n.1.1	0
ENSCAFG00845013226	ENSCAFG00845013253	lncgDivg	1.1.1	1218	ENSG00000105810	ENSG00000237819	lncgDivg	n.n.1	0
ENSCAFG00845013226	ENSCAFG00845013242	lncgSS.up	1.1.1	278	ENSG00000105810	ENSG00000287932	lncgSS.up	1.1.1	0
ENSCAFG00845013341	ENSCAFG00845013455	lincSS.up	1.1.1	9513	ENSG00000129691	ENSG00000286677	lincSS.up	1.1.1	6205
ENSCAFG00845013341	ENSCAFG00845013455	lincSS.up	1.1.1	9513	ENSG00000129691	ENSG00000272128	lincSS.up	1.1.1	5562
ENSCAFG00845013396	ENSCAFG00845013442	lncgConv	1.1.1	583	ENSG00000163637	ENSG00000241111	lncgConv	1.1.1	0
ENSCAFG00845013576	ENSCAFG00845013541	lincSS.up	1.1.1	28177	ENSG00000183454	ENSG00000285543	lincSS.up	1.1.1	31856
ENSCAFG00845013616	ENSCAFG00845013543	lncgDivg	1.1.1	4532	ENSG00000173406	ENSG00000235038	lncgDivg	1.1.1	0
ENSCAFG00845013616	ENSCAFG00845013543	lncgDivg	1.1.1	4532	ENSG00000173406	ENSG00000226759	lncgDivg	n.1.1	0
ENSCAFG00845013616	ENSCAFG00845013543	lncgDivg	1.1.1	4532	ENSG00000173406	ENSG00000227935	lncgDivg	1.1.1	0
ENSCAFG00845013634	ENSCAFG00845013660	lncgConv	1.1.1	1781	ENSG00000127334	ENSG00000235872	lncgConv	1.1.1	0
ENSCAFG00845013638	ENSCAFG00845013756	lincSS.dw	1.1.1	10436	ENSG00000075884	ENSG00000236356	lincSS.dw	1.1.1	31115
ENSCAFG00845013721	ENSCAFG00845013760	lincSS.up	1.1.1	19018	ENSG00000130675	ENSG00000236102	lincSS.up	1.1.1	47046
ENSCAFG00845013721	ENSCAFG00845013752	lncgDivg	n.n.n	2137	ENSG00000130675	ENSG00000235029	lncgDivg	1.1.1	0
ENSCAFG00845013721	ENSCAFG00845013752	lncgDivg	n.n.n	2137	ENSG00000130675	ENSG00000243479	lncgDivg	1.1.1	142
ENSCAFG00845013724	ENSCAFG00845013609	lincSS.dw	1.1.1	31291	ENSG00000171045	ENSG00000287332	lincSS.dw	1.1.1	26553
ENSCAFG00845013765	ENSCAFG00845013941	lincSS.dw	n.1.1	59587	ENSG00000118492	ENSG00000227748	lincSS.dw	n.1.1	39521
ENSCAFG00845013778	ENSCAFG00845013757	lncgDivg	1.1.1	39	ENSG00000174780	ENSG00000289393	lncgDivg	1.1.1	39
ENSCAFG00845013780	ENSCAFG00845013863	lincSS.up	1.1.1	29503	ENSG00000111554	ENSG00000273824	lincSS.up	1.1.1	93950
ENSCAFG00845013831	ENSCAFG00845013845	lincDivg	n.1.1	40630	ENSG00000183779	ENSG00000253344	lincDivg	1.1.1	21395
ENSCAFG00845013831	ENSCAFG00845013845	lincDivg	n.1.1	40630	ENSG00000183779	ENSG00000254306	lincDivg	1.1.1	69909
ENSCAFG00845013831	ENSCAFG00845013845	lincDivg	n.1.1	40630	ENSG00000183779	ENSG00000254290	lincDivg	n.1.1	95924
ENSCAFG00845013920	ENSCAFG00845013909	lincSS.dw	1.1.1	13127	ENSG00000113648	ENSG00000249647	lincSS.dw	n.1.1	86202
ENSCAFG00845013960	ENSCAFG00845013851	lincDivg	1.1.1	5137	ENSG00000111731	ENSG00000250166	lincDivg	n.n.1	0
ENSCAFG00845014187	ENSCAFG00845014068	lincSS.dw	n.1.1	25718	ENSG00000156687	ENSG00000253452	lincSS.dw	n.1.1	65573
ENSCAFG00845014238	ENSCAFG00845014174	lncgConv	1.1.1	2488	ENSG00000117602	ENSG00000264443	lncgConv	1.1.1	0
ENSCAFG00845014242	ENSCAFG00845014177	lincConv	1.1.1	26556	ENSG00000155093	ENSG00000223872	lincConv	n.1.1	35148
ENSCAFG00845014242	ENSCAFG00845014177	lincConv	1.1.1	26556	ENSG00000155093	ENSG00000234210	lincConv	1.1.1	39340
ENSCAFG00845014242	ENSCAFG00845014177	lincConv	1.1.1	26556	ENSG00000155093	ENSG00000233191	lincConv	n.1.1	20398
ENSCAFG00845014314	ENSCAFG00845014275	lncgDivg	1.1.1	293	ENSG00000137145	ENSG00000272842	lncgDivg	1.1.1	0
ENSCAFG00845014314	ENSCAFG00845014275	lncgDivg	1.1.1	293	ENSG00000137145	ENSG00000232978	lncgDivg	1.1.1	0
ENSCAFG00845014364	ENSCAFG00845005529	lincSS.dw	1.1.1	6596	ENSG00000150471	ENSG00000288659	lincSS.dw	n.1.1	55431
ENSCAFG00845014364	ENSCAFG00845005520	lncgConv	1.1.1	498	ENSG00000150471	ENSG00000248692	lncgConv	n.n.1	0
ENSCAFG00845014365	ENSCAFG00845014357	lncgSS.dw	1.1.1	319	ENSG00000116017	ENSG00000275162	lncgSS.dw	1.1.1	0
ENSCAFG00845014422	ENSCAFG00845014409	lncgSS.dw	1.1.1	1035	ENSG00000152078	ENSG00000231992	lncgSS.dw	1.1.1	0
ENSCAFG00845014452	ENSCAFG00845014581	lincDivg	1.1.1	89558	ENSG00000076554	ENSG00000253238	lincDivg	n.n.n	34675
ENSCAFG00845014465	ENSCAFG00845013964	lincSS.up	1.1.1	87885	ENSG00000164506	ENSG00000196634	lincSS.up	1.1.1	23188
ENSCAFG00845014681	ENSCAFG00845014652	lncgDivg	n.1.1	320	ENSG00000188822	ENSG00000232557	lncgDivg	1.1.1	0
ENSCAFG00845014739	ENSCAFG00845014726	lncgSS.dw	1.1.1	2394	ENSG00000154719	ENSG00000260583	lncgSS.dw	1.1.1	2330
ENSCAFG00845014770	ENSCAFG00845014816	lincDivg	1.1.1	50967	ENSG00000076641	ENSG00000289242	lincDivg	1.1.1	49329
ENSCAFG00845014770	ENSCAFG00845014816	lincDivg	1.1.1	50967	ENSG00000076641	ENSG00000253214	lincDivg	n.1.1	37039
ENSCAFG00845014770	ENSCAFG00845014794	lincDivg	1.1.1	8329	ENSG00000076641	ENSG00000289242	lincDivg	1.1.1	49329
ENSCAFG00845014770	ENSCAFG00845014794	lincDivg	1.1.1	8329	ENSG00000076641	ENSG00000253214	lincDivg	n.1.1	37039
ENSCAFG00845014770	ENSCAFG00845014805	lincDivg	1.1.1	33701	ENSG00000076641	ENSG00000289242	lincDivg	1.1.1	49329
ENSCAFG00845014770	ENSCAFG00845014805	lincDivg	1.1.1	33701	ENSG00000076641	ENSG00000253214	lincDivg	n.1.1	37039
ENSCAFG00845014770	ENSCAFG00845014811	lincDivg	1.1.1	40583	ENSG00000076641	ENSG00000289242	lincDivg	1.1.1	49329
ENSCAFG00845014770	ENSCAFG00845014811	lincDivg	1.1.1	40583	ENSG00000076641	ENSG00000253214	lincDivg	n.1.1	37039
ENSCAFG00845014770	ENSCAFG00845014799	lincDivg	1.1.1	26692	ENSG00000076641	ENSG00000289242	lincDivg	1.1.1	49329
ENSCAFG00845014770	ENSCAFG00845014799	lincDivg	1.1.1	26692	ENSG00000076641	ENSG00000253214	lincDivg	n.1.1	37039
ENSCAFG00845014772	ENSCAFG00845014620	lncgDivg	1.1.1	528	ENSG00000124155	ENSG00000277022	lncgDivg	1.1.1	0
ENSCAFG00845014800	ENSCAFG00845014778	lncgDivg	1.1.1	187	ENSG00000070423	ENSG00000267666	lncgDivg	1.1.1	249
ENSCAFG00845014831	ENSCAFG00845014849	lincSS.dw	n.1.1	11343	ENSG00000235568	ENSG00000229891	lincSS.dw	n.1.1	11117
ENSCAFG00845014958	ENSCAFG00845014882	lincConv	1.1.1	7248	ENSG00000083642	ENSG00000226968	lincConv	1.1.1	99412
ENSCAFG00845015006	ENSCAFG00845014930	lncgDivg	1.1.1	2699	ENSG00000158106	ENSG00000254389	lncgDivg	1.1.1	328
ENSCAFG00845015064	ENSCAFG00845014895	lncgDivg	1.1.1	157	ENSG00000138758	ENSG00000289586	lncgDivg	n.1.1	112
ENSCAFG00845015085	ENSCAFG00845015067	lincSS.up	1.1.1	6933	ENSG00000117318	ENSG00000285802	lincSS.up	1.1.1	16935
ENSCAFG00845015149	ENSCAFG00845015108	lincConv	1.1.1	7136	ENSG00000197056	ENSG00000284640	lincConv	1.1.1	25656
ENSCAFG00845015177	ENSCAFG00845015227	lncgDivg	n.1.1	30068	ENSG00000181722	ENSG00000242767	lncgDivg	1.1.1	0
ENSCAFG00845015177	ENSCAFG00845015227	lncgDivg	n.1.1	30068	ENSG00000181722	ENSG00000241560	lncgDivg	n.n.1	0
ENSCAFG00845015177	ENSCAFG00845015227	lncgDivg	n.1.1	30068	ENSG00000181722	ENSG00000288896	lncgDivg	1.1.1	483
ENSCAFG00845015177	ENSCAFG00845015227	lncgDivg	n.1.1	30068	ENSG00000181722	ENSG00000242880	lncgDivg	n.1.1	313
ENSCAFG00845015177	ENSCAFG00845015227	lncgDivg	n.1.1	30068	ENSG00000181722	ENSG00000242290	lncgDivg	n.n.1	0
ENSCAFG00845015177	ENSCAFG00845015227	lncgDivg	n.1.1	30068	ENSG00000181722	ENSG00000239946	lncgDivg	1.1.1	0
ENSCAFG00845015177	ENSCAFG00845015227	lncgDivg	n.1.1	30068	ENSG00000181722	ENSG00000241295	lncgDivg	1.1.1	0
ENSCAFG00845015177	ENSCAFG00845015243	lncgSS.up	1.1.1	2829	ENSG00000181722	ENSG00000259976	lncgSS.up	1.1.1	0
ENSCAFG00845015278	ENSCAFG00845015237	lncgDivg	1.1.1	266	ENSG00000117394	ENSG00000227533	lncgDivg	n.1.1	156
ENSCAFG00845015278	ENSCAFG00845015225	lncgSS.up	1.1.1	259	ENSG00000117394	ENSG00000283973	lncgSS.up	n.1.1	172
ENSCAFG00845015282	ENSCAFG00845015101	lncgSS.up	1.1.1	258	ENSG00000113391	ENSG00000251023	lncgSS.up	1.1.1	0
ENSCAFG00845015390	ENSCAFG00845015374	lncgDivg	1.1.1	168	ENSG00000125945	ENSG00000249087	lncgDivg	n.n.1	0
ENSCAFG00845015414	ENSCAFG00845015385	lncgDivg	1.1.1	3786	ENSG00000140044	ENSG00000259319	lncgDivg	n.n.1	0
ENSCAFG00845015419	ENSCAFG00845015381	lncgDivg	1.1.1	153	ENSG00000197530	ENSG00000272106	lncgDivg	1.1.1	0
ENSCAFG00845015420	ENSCAFG00845015379	lincSS.up	1.1.1	10611	ENSG00000137166	ENSG00000226917	lincSS.up	n.1.1	26529
ENSCAFG00845015522	ENSCAFG00845015541	lncgConv	1.1.1	891	ENSG00000124613	ENSG00000271755	lncgConv	1.1.1	102
ENSCAFG00845015540	ENSCAFG00845015526	lncgSS.up	1.1.1	2745	ENSG00000169641	ENSG00000289014	lncgSS.up	1.1.1	0
ENSCAFG00845015543	ENSCAFG00845015466	lincConv	1.1.1	7735	ENSG00000184640	ENSG00000267466	lincConv	1.1.1	62772
ENSCAFG00845015564	ENSCAFG00845015649	lncgDivg	n.1.1	3719	ENSG00000175745	ENSG00000237187	lncgDivg	n.n.1	0
ENSCAFG00845015660	ENSCAFG00845017653	lncgDivg	n.1.1	3	ENSG00000142192	ENSG00000224541	lncgDivg	1.1.1	0
ENSCAFG00845015660	ENSCAFG00845017653	lncgDivg	n.1.1	3	ENSG00000142192	ENSG00000233783	lncgDivg	n.1.1	0
ENSCAFG00845015660	ENSCAFG00845017653	lncgDivg	n.1.1	3	ENSG00000142192	ENSG00000273492	lncgDivg	n.1.1	0
ENSCAFG00845015743	ENSCAFG00845015643	lincSS.dw	1.1.1	11484	ENSG00000144847	ENSG00000243276	lincSS.dw	n.1.1	89721
ENSCAFG00845015872	ENSCAFG00845015727	lncgDivg	1.1.1	1046	ENSG00000185737	ENSG00000229458	lncgDivg	1.1.1	0
ENSCAFG00845015872	ENSCAFG00845015727	lncgDivg	1.1.1	1046	ENSG00000185737	ENSG00000287358	lncgDivg	1.1.1	61
ENSCAFG00845015872	ENSCAFG00845015727	lncgDivg	1.1.1	1046	ENSG00000185737	ENSG00000225738	lncgDivg	n.n.1	0
ENSCAFG00845015872	ENSCAFG00845015727	lncgDivg	1.1.1	1046	ENSG00000185737	ENSG00000285739	lncgDivg	1.1.1	0
ENSCAFG00845015937	ENSCAFG00845015860	lincConv	n.1.1	29943	ENSG00000167889	ENSG00000267521	lincConv	1.1.1	6630
ENSCAFG00845016121	ENSCAFG00845016201	lncgDivg	1.1.1	256	ENSG00000125846	ENSG00000237259	lncgDivg	1.1.1	0
ENSCAFG00845016273	ENSCAFG00845016219	lincDivg	n.1.1	30821	ENSG00000174749	ENSG00000249815	lincDivg	n.1.1	33181
ENSCAFG00845016415	ENSCAFG00845016520	lincSS.dw	1.1.1	68904	ENSG00000137834	ENSG00000277152	lincSS.dw	1.1.1	77454
ENSCAFG00845016438	ENSCAFG00845016355	lncgDivg	1.1.1	1834	ENSG00000119004	ENSG00000289294	lncgDivg	1.1.1	0
ENSCAFG00845016450	ENSCAFG00845016414	lncgSS.up	1.1.1	4458	ENSG00000131409	ENSG00000268231	lncgSS.up	1.1.1	0
ENSCAFG00845016504	ENSCAFG00845016551	lncgConv	1.1.1	366	ENSG00000139946	ENSG00000259483	lncgConv	1.1.1	1966
ENSCAFG00845016504	ENSCAFG00845016539	lncgSS.dw	1.1.1	365	ENSG00000139946	ENSG00000275569	lncgSS.dw	1.1.1	4314
ENSCAFG00845016505	ENSCAFG00845016783	lncgDivg	1.1.1	2457	ENSG00000198646	ENSG00000286803	lncgDivg	1.1.1	0
ENSCAFG00845016516	ENSCAFG00845016753	lncgSS.dw	1.1.1	1	ENSG00000124782	ENSG00000225092	lncgSS.dw	1.1.1	0
ENSCAFG00845016529	ENSCAFG00845016710	lncgDivg	n.1.1	215	ENSG00000163644	ENSG00000246375	lncgDivg	n.n.1	0
ENSCAFG00845016633	ENSCAFG00845016554	lincSS.up	1.1.1	55119	ENSG00000112242	ENSG00000286590	lincSS.up	1.1.1	68686
ENSCAFG00845016674	ENSCAFG00845016611	lncgDivg	1.1.1	52	ENSG00000160190	ENSG00000235772	lncgDivg	1.1.1	0
ENSCAFG00845016736	ENSCAFG00845016803	lncgSS.dw	1.1.1	14	ENSG00000173214	ENSG00000271789	lncgSS.dw	1.1.1	0
ENSCAFG00845016789	ENSCAFG00845016905	lincConv	1.1.1	41084	ENSG00000122482	ENSG00000285532	lincConv	n.1.1	65826
ENSCAFG00845016789	ENSCAFG00845016905	lincConv	1.1.1	41084	ENSG00000122482	ENSG00000225446	lincConv	n.1.1	60045
ENSCAFG00845016789	ENSCAFG00845016895	lincConv	1.1.1	14488	ENSG00000122482	ENSG00000285532	lincConv	n.1.1	65826
ENSCAFG00845016789	ENSCAFG00845016895	lincConv	1.1.1	14488	ENSG00000122482	ENSG00000225446	lincConv	n.1.1	60045
ENSCAFG00845016789	ENSCAFG00845016890	lincSS.dw	1.1.1	14487	ENSG00000122482	ENSG00000272094	lincSS.dw	1.1.1	52378
ENSCAFG00845016852	ENSCAFG00845016779	lincDivg	1.1.1	12436	ENSG00000138642	ENSG00000287181	lincDivg	1.1.1	20316
ENSCAFG00845016852	ENSCAFG00845016779	lincDivg	1.1.1	12436	ENSG00000138642	ENSG00000286978	lincDivg	1.1.1	17435
ENSCAFG00845016875	ENSCAFG00845016966	lncgSS.dw	n.1.1	11602	ENSG00000070269	ENSG00000258803	lncgSS.dw	1.1.1	0
ENSCAFG00845016932	ENSCAFG00845016906	lncgDivg	1.1.1	1934	ENSG00000171858	ENSG00000273619	lncgDivg	1.1.1	103
ENSCAFG00845016949	ENSCAFG00845015747	lncgSS.dw	1.1.1	1688	ENSG00000073910	ENSG00000289617	lncgSS.dw	1.1.1	0
ENSCAFG00845016962	ENSCAFG00845017364	lincSS.up	1.1.1	21084	ENSG00000009413	ENSG00000286616	lincSS.up	1.1.1	21592
ENSCAFG00845016980	ENSCAFG00845017341	lincDivg	1.1.1	43715	ENSG00000057019	ENSG00000240476	lincDivg	1.1.1	79363
ENSCAFG00845016980	ENSCAFG00845017360	lincDivg	1.1.1	66312	ENSG00000057019	ENSG00000240476	lincDivg	1.1.1	79363
ENSCAFG00845017033	ENSCAFG00845016970	lincSS.up	n.n.n	38217	ENSG00000143032	ENSG00000233593	lincSS.up	n.n.n	51784
ENSCAFG00845017036	ENSCAFG00845016960	lincSS.up	1.1.1	29850	ENSG00000101665	ENSG00000266905	lincSS.up	1.1.1	11986
ENSCAFG00845017045	ENSCAFG00845017086	lncgDivg	1.1.1	1132	ENSG00000165588	ENSG00000248550	lncgDivg	n.1.1	0
ENSCAFG00845017140	ENSCAFG00845017035	lincConv	1.1.1	13120	ENSG00000151353	ENSG00000233633	lincConv	n.1.1	85732
ENSCAFG00845017140	ENSCAFG00845017200	lncgDivg	1.1.1	3886	ENSG00000151353	ENSG00000233296	lncgDivg	n.n.1	0
ENSCAFG00845017149	ENSCAFG00845017101	lincDivg	1.1.1	57335	ENSG00000124766	ENSG00000280989	lincDivg	n.1.1	72337
ENSCAFG00845017149	ENSCAFG00845017101	lincDivg	1.1.1	57335	ENSG00000124766	ENSG00000231754	lincDivg	n.1.1	69906
ENSCAFG00845017149	ENSCAFG00845017123	lincDivg	1.1.1	35692	ENSG00000124766	ENSG00000280989	lincDivg	n.1.1	72337
ENSCAFG00845017149	ENSCAFG00845017123	lincDivg	1.1.1	35692	ENSG00000124766	ENSG00000231754	lincDivg	n.1.1	69906
ENSCAFG00845017149	ENSCAFG00845017130	lncgDivg	1.1.1	2339	ENSG00000124766	ENSG00000283480	lncgDivg	1.1.1	0
ENSCAFG00845017152	ENSCAFG00845017845	lncgDivg	1.1.1	960	ENSG00000002746	ENSG00000232006	lncgDivg	n.n.n	0
ENSCAFG00845017152	ENSCAFG00845017845	lncgDivg	1.1.1	960	ENSG00000002746	ENSG00000228680	lncgDivg	n.1.1	0
ENSCAFG00845017152	ENSCAFG00845017845	lncgDivg	1.1.1	960	ENSG00000002746	ENSG00000231638	lncgDivg	1.1.1	0
ENSCAFG00845017152	ENSCAFG00845011911	lncgSS.dw	1.1.1	209	ENSG00000002746	ENSG00000181211	lncgSS.dw	1.1.1	0
ENSCAFG00845017182	ENSCAFG00845017236	lncgDivg	n.1.1	1188	ENSG00000164107	ENSG00000237125	lncgDivg	n.n.1	0
ENSCAFG00845017204	ENSCAFG00845017150	lncgDivg	1.1.1	125	ENSG00000161544	ENSG00000267543	lncgDivg	1.1.1	0
ENSCAFG00845017212	ENSCAFG00845017322	lincDivg	n.1.1	49573	ENSG00000130700	ENSG00000289548	lincDivg	n.1.1	57962
ENSCAFG00845017212	ENSCAFG00845017277	lincDivg	1.1.1	11655	ENSG00000130700	ENSG00000289548	lincDivg	n.1.1	57962
ENSCAFG00845017212	ENSCAFG00845017300	lincSS.up	1.1.1	35648	ENSG00000130700	ENSG00000260542	lincSS.up	1.1.1	37914
ENSCAFG00845017212	ENSCAFG00845017300	lincSS.up	1.1.1	35648	ENSG00000130700	ENSG00000174403	lincSS.up	n.1.1	68170
ENSCAFG00845017212	ENSCAFG00845017290	lincSS.up	1.1.1	23514	ENSG00000130700	ENSG00000260542	lincSS.up	1.1.1	37914
ENSCAFG00845017212	ENSCAFG00845017290	lincSS.up	1.1.1	23514	ENSG00000130700	ENSG00000174403	lincSS.up	n.1.1	68170
ENSCAFG00845017212	ENSCAFG00845017267	lncgDivg	1.1.1	2445	ENSG00000130700	ENSG00000272050	lncgDivg	1.1.1	1875
ENSCAFG00845017289	ENSCAFG00845017881	lincConv	1.1.1	23726	ENSG00000081189	ENSG00000250555	lincConv	1.1.1	24258
ENSCAFG00845017289	ENSCAFG00845017881	lincConv	1.1.1	23726	ENSG00000081189	ENSG00000245864	lincConv	n.n.1	0
ENSCAFG00845017289	ENSCAFG00845017881	lincConv	1.1.1	23726	ENSG00000081189	ENSG00000289008	lincConv	1.1.1	30958
ENSCAFG00845017289	ENSCAFG00845018016	lincConv	1.1.1	56847	ENSG00000081189	ENSG00000250555	lincConv	1.1.1	24258
ENSCAFG00845017289	ENSCAFG00845018016	lincConv	1.1.1	56847	ENSG00000081189	ENSG00000245864	lincConv	n.n.1	0
ENSCAFG00845017289	ENSCAFG00845018016	lincConv	1.1.1	56847	ENSG00000081189	ENSG00000289008	lincConv	1.1.1	30958
ENSCAFG00845017289	ENSCAFG00845017914	lincSS.dw	n.1.1	31504	ENSG00000081189	ENSG00000250377	lincSS.dw	n.1.1	22076
ENSCAFG00845017289	ENSCAFG00845017914	lincSS.dw	n.1.1	31504	ENSG00000081189	ENSG00000245526	lincSS.dw	n.1.1	26060
ENSCAFG00845017310	ENSCAFG00845017339	lncgDivg	1.1.1	155	ENSG00000138495	ENSG00000286584	lncgDivg	n.n.1	0
ENSCAFG00845017338	ENSCAFG00845027088	lncgConv	1.1.1	2988	ENSG00000164070	ENSG00000261668	lncgConv	1.1.1	0
ENSCAFG00845017414	ENSCAFG00845017328	lncgDivg	n.1.1	1630	ENSG00000264364	ENSG00000266290	lncgDivg	1.1.1	215
ENSCAFG00845017528	ENSCAFG00845017452	lincDivg	1.1.1	6227	ENSG00000101187	ENSG00000232121	lincDivg	1.1.1	6999
ENSCAFG00845017528	ENSCAFG00845017452	lincDivg	1.1.1	6227	ENSG00000101187	ENSG00000273812	lincDivg	n.1.1	39148
ENSCAFG00845017528	ENSCAFG00845017408	lincDivg	1.1.1	46643	ENSG00000101187	ENSG00000232121	lincDivg	1.1.1	6999
ENSCAFG00845017528	ENSCAFG00845017408	lincDivg	1.1.1	46643	ENSG00000101187	ENSG00000273812	lincDivg	n.1.1	39148
ENSCAFG00845017528	ENSCAFG00845017427	lincDivg	1.1.1	17109	ENSG00000101187	ENSG00000232121	lincDivg	1.1.1	6999
ENSCAFG00845017528	ENSCAFG00845017427	lincDivg	1.1.1	17109	ENSG00000101187	ENSG00000273812	lincDivg	n.1.1	39148
ENSCAFG00845017528	ENSCAFG00845017394	lincSS.up	1.1.1	46643	ENSG00000101187	ENSG00000289634	lincSS.up	1.1.1	38114
ENSCAFG00845017528	ENSCAFG00845017394	lincSS.up	1.1.1	46643	ENSG00000101187	ENSG00000174407	lincSS.up	n.1.1	71736
ENSCAFG00845017528	ENSCAFG00845017394	lincSS.up	1.1.1	46643	ENSG00000101187	ENSG00000229882	lincSS.up	1.1.1	6641
ENSCAFG00845017528	ENSCAFG00845017394	lincSS.up	1.1.1	46643	ENSG00000101187	ENSG00000264490	lincSS.up	1.1.1	64996
ENSCAFG00845017528	ENSCAFG00845017436	lincSS.up	1.1.1	16922	ENSG00000101187	ENSG00000289634	lincSS.up	1.1.1	38114
ENSCAFG00845017528	ENSCAFG00845017436	lincSS.up	1.1.1	16922	ENSG00000101187	ENSG00000174407	lincSS.up	n.1.1	71736
ENSCAFG00845017528	ENSCAFG00845017436	lincSS.up	1.1.1	16922	ENSG00000101187	ENSG00000229882	lincSS.up	1.1.1	6641
ENSCAFG00845017528	ENSCAFG00845017436	lincSS.up	1.1.1	16922	ENSG00000101187	ENSG00000264490	lincSS.up	1.1.1	64996
ENSCAFG00845017528	ENSCAFG00845017477	lincSS.up	1.1.1	6368	ENSG00000101187	ENSG00000289634	lincSS.up	1.1.1	38114
ENSCAFG00845017528	ENSCAFG00845017477	lincSS.up	1.1.1	6368	ENSG00000101187	ENSG00000174407	lincSS.up	n.1.1	71736
ENSCAFG00845017528	ENSCAFG00845017477	lincSS.up	1.1.1	6368	ENSG00000101187	ENSG00000229882	lincSS.up	1.1.1	6641
ENSCAFG00845017528	ENSCAFG00845017477	lincSS.up	1.1.1	6368	ENSG00000101187	ENSG00000264490	lincSS.up	1.1.1	64996
ENSCAFG00845017572	ENSCAFG00845017601	lncgDivg	n.n.n	2911	ENSG00000255690	ENSG00000228421	lncgDivg	1.1.1	0
ENSCAFG00845017640	ENSCAFG00845018189	lincSS.up	1.1.1	16594	ENSG00000010810	ENSG00000227012	lincSS.up	n.1.1	26853
ENSCAFG00845017640	ENSCAFG00845018143	lincSS.up	1.1.1	6825	ENSG00000010810	ENSG00000227012	lincSS.up	n.1.1	26853
ENSCAFG00845017640	ENSCAFG00845018124	lncgDivg	1.1.1	1495	ENSG00000010810	ENSG00000289256	lncgDivg	n.1.1	136
ENSCAFG00845017674	ENSCAFG00845017649	lncgDivg	1.1.1	3925	ENSG00000152784	ENSG00000248719	lncgDivg	n.n.1	0
ENSCAFG00845017702	ENSCAFG00845017730	lincConv	1.1.1	7067	ENSG00000101188	ENSG00000228705	lincConv	n.1.1	10209
ENSCAFG00845017757	ENSCAFG00845017480	lncgDivg	1.1.1	3431	ENSG00000133816	ENSG00000254680	lncgDivg	1.1.1	0
ENSCAFG00845017782	ENSCAFG00845017753	lincSS.dw	1.1.1	7673	ENSG00000164117	ENSG00000248174	lincSS.dw	n.1.1	16260
ENSCAFG00845017782	ENSCAFG00845017753	lincSS.dw	1.1.1	7673	ENSG00000164117	ENSG00000250957	lincSS.dw	1.1.1	82021
ENSCAFG00845017782	ENSCAFG00845017753	lincSS.dw	1.1.1	7673	ENSG00000164117	ENSG00000251213	lincSS.dw	1.1.1	67745
ENSCAFG00845017782	ENSCAFG00845017753	lincSS.dw	1.1.1	7673	ENSG00000164117	ENSG00000289179	lincSS.dw	1.1.1	22184
ENSCAFG00845017782	ENSCAFG00845017740	lincSS.dw	1.1.1	39644	ENSG00000164117	ENSG00000248174	lincSS.dw	n.1.1	16260
ENSCAFG00845017782	ENSCAFG00845017740	lincSS.dw	1.1.1	39644	ENSG00000164117	ENSG00000250957	lincSS.dw	1.1.1	82021
ENSCAFG00845017782	ENSCAFG00845017740	lincSS.dw	1.1.1	39644	ENSG00000164117	ENSG00000251213	lincSS.dw	1.1.1	67745
ENSCAFG00845017782	ENSCAFG00845017740	lincSS.dw	1.1.1	39644	ENSG00000164117	ENSG00000289179	lincSS.dw	1.1.1	22184
ENSCAFG00845017785	ENSCAFG00845017712	lincSS.dw	1.1.1	22849	ENSG00000166265	ENSG00000273115	lincSS.dw	1.1.1	5995
ENSCAFG00845017898	ENSCAFG00845018048	lncgDivg	1.1.1	875	ENSG00000137266	ENSG00000272320	lncgDivg	1.1.1	0
ENSCAFG00845017942	ENSCAFG00845018073	lincDivg	1.1.1	25069	ENSG00000113578	ENSG00000261757	lincDivg	1.1.1	5712
ENSCAFG00845017951	ENSCAFG00845017979	lncgConv	1.1.1	2421	ENSG00000186407	ENSG00000261222	lncgConv	n.1.1	2639
ENSCAFG00845018126	ENSCAFG00845018105	lncgConv	1.1.1	1045	ENSG00000185973	ENSG00000224533	lncgConv	n.n.1	0
ENSCAFG00845018126	ENSCAFG00845018105	lncgConv	1.1.1	1045	ENSG00000185973	ENSG00000225393	lncgConv	1.1.1	1965
ENSCAFG00845018131	ENSCAFG00845018054	lncgDivg	1.1.1	1552	ENSG00000164180	ENSG00000247828	lncgDivg	n.n.1	0
ENSCAFG00845018138	ENSCAFG00845018092	lincSS.dw	1.1.1	10958	ENSG00000121871	ENSG00000239205	lincSS.dw	1.1.1	28658
ENSCAFG00845018164	ENSCAFG00845018049	lncgDivg	1.1.1	2251	ENSG00000137872	ENSG00000259360	lncgDivg	1.1.1	0
ENSCAFG00845018164	ENSCAFG00845018049	lncgDivg	1.1.1	2251	ENSG00000137872	ENSG00000259221	lncgDivg	n.1.1	0
ENSCAFG00845018164	ENSCAFG00845018049	lncgDivg	1.1.1	2251	ENSG00000137872	ENSG00000259588	lncgDivg	1.1.1	0
ENSCAFG00845018268	ENSCAFG00845018648	lncgDivg	1.1.1	4603	ENSG00000163430	ENSG00000286735	lncgDivg	1.1.1	0
ENSCAFG00845018313	ENSCAFG00845018186	lncgConv	1.1.1	601	ENSG00000124786	ENSG00000285216	lncgConv	1.1.1	0
ENSCAFG00845018389	ENSCAFG00845018340	lncgDivg	1.1.1	3326	ENSG00000112739	ENSG00000288904	lncgDivg	1.1.1	2495
ENSCAFG00845018389	ENSCAFG00845018340	lncgDivg	1.1.1	3326	ENSG00000112739	ENSG00000230648	lncgDivg	1.1.1	52
ENSCAFG00845018393	ENSCAFG00845018643	lincDivg	n.1.1	30115	ENSG00000109674	ENSG00000249008	lincDivg	1.1.1	61101
ENSCAFG00845018393	ENSCAFG00845018643	lincDivg	n.1.1	30115	ENSG00000109674	ENSG00000287544	lincDivg	n.1.1	8621
ENSCAFG00845018393	ENSCAFG00845018676	lincDivg	1.1.1	61386	ENSG00000109674	ENSG00000249008	lincDivg	1.1.1	61101
ENSCAFG00845018393	ENSCAFG00845018676	lincDivg	1.1.1	61386	ENSG00000109674	ENSG00000287544	lincDivg	n.1.1	8621
ENSCAFG00845018483	ENSCAFG00845018451	lncgDivg	1.1.1	50	ENSG00000151743	ENSG00000276900	lncgDivg	1.1.1	0
ENSCAFG00845018562	ENSCAFG00845018453	lncgSS.dw	1.1.1	608	ENSG00000183853	ENSG00000226520	lncgSS.dw	1.1.1	0
ENSCAFG00845018632	ENSCAFG00845018607	lncgSS.up	1.1.1	1690	ENSG00000122641	ENSG00000289403	lncgSS.up	1.1.1	2152
ENSCAFG00845018674	ENSCAFG00845018911	lncgConv	1.1.1	2263	ENSG00000032219	ENSG00000258658	lncgConv	1.1.1	0
ENSCAFG00845018726	ENSCAFG00845018914	lncgSS.dw	1.1.1	3213	ENSG00000204256	ENSG00000223837	lncgSS.dw	1.1.1	0
ENSCAFG00845018800	ENSCAFG00845018706	lincSS.up	1.1.1	90486	ENSG00000150630	ENSG00000249458	lincSS.up	1.1.1	73692
ENSCAFG00845018800	ENSCAFG00845018756	lincSS.up	1.1.1	65442	ENSG00000150630	ENSG00000249458	lincSS.up	1.1.1	73692
ENSCAFG00845018800	ENSCAFG00845018769	lincSS.up	1.1.1	27502	ENSG00000150630	ENSG00000249458	lincSS.up	1.1.1	73692
ENSCAFG00845018800	ENSCAFG00845018780	lincSS.up	1.1.1	19829	ENSG00000150630	ENSG00000249458	lincSS.up	1.1.1	73692
ENSCAFG00845018879	ENSCAFG00845018844	lncgDivg	1.1.1	1307	ENSG00000179528	ENSG00000272183	lncgDivg	1.1.1	0
ENSCAFG00845018942	ENSCAFG00845019122	lincConv	n.1.1	16263	ENSG00000149212	ENSG00000245552	lincConv	n.n.1	0
ENSCAFG00845018962	ENSCAFG00845020629	lncgDivg	1.1.1	2943	ENSG00000112769	ENSG00000237234	lncgDivg	n.n.1	0
ENSCAFG00845018962	ENSCAFG00845020639	lncgSS.up	1.1.1	2959	ENSG00000112769	ENSG00000270661	lncgSS.up	1.1.1	0
ENSCAFG00845018962	ENSCAFG00845020639	lncgSS.up	1.1.1	2959	ENSG00000112769	ENSG00000271208	lncgSS.up	1.1.1	0
ENSCAFG00845018997	ENSCAFG00845018871	lncgConv	1.1.1	3592	ENSG00000196700	ENSG00000280213	lncgConv	1.1.1	0
ENSCAFG00845019042	ENSCAFG00845018950	lincSS.dw	n.n.n	58017	ENSG00000164056	ENSG00000249125	lincSS.dw	n.1.1	86482
ENSCAFG00845019195	ENSCAFG00845019142	lincSS.dw	1.1.1	6635	ENSG00000128607	ENSG00000229196	lincSS.dw	n.1.1	6002
ENSCAFG00845019243	ENSCAFG00845019165	lincSS.up	1.1.1	5319	ENSG00000187634	ENSG00000228794	lincSS.up	n.1.1	64477
ENSCAFG00845019243	ENSCAFG00845019165	lincSS.up	1.1.1	5319	ENSG00000187634	ENSG00000241180	lincSS.up	1.1.1	8952
ENSCAFG00845019243	ENSCAFG00845019165	lincSS.up	1.1.1	5319	ENSG00000187634	ENSG00000272438	lincSS.up	1.1.1	7947
ENSCAFG00845019243	ENSCAFG00845019165	lincSS.up	1.1.1	5319	ENSG00000187634	ENSG00000288531	lincSS.up	n.1.1	55721
ENSCAFG00845019243	ENSCAFG00845019165	lincSS.up	1.1.1	5319	ENSG00000187634	ENSG00000230699	lincSS.up	1.1.1	8975
ENSCAFG00845019243	ENSCAFG00845019155	lincSS.up	1.1.1	17216	ENSG00000187634	ENSG00000228794	lincSS.up	n.1.1	64477
ENSCAFG00845019243	ENSCAFG00845019155	lincSS.up	1.1.1	17216	ENSG00000187634	ENSG00000241180	lincSS.up	1.1.1	8952
ENSCAFG00845019243	ENSCAFG00845019155	lincSS.up	1.1.1	17216	ENSG00000187634	ENSG00000272438	lincSS.up	1.1.1	7947
ENSCAFG00845019243	ENSCAFG00845019155	lincSS.up	1.1.1	17216	ENSG00000187634	ENSG00000288531	lincSS.up	n.1.1	55721
ENSCAFG00845019243	ENSCAFG00845019155	lincSS.up	1.1.1	17216	ENSG00000187634	ENSG00000230699	lincSS.up	1.1.1	8975
ENSCAFG00845019243	ENSCAFG00845019136	lincSS.up	1.1.1	28497	ENSG00000187634	ENSG00000228794	lincSS.up	n.1.1	64477
ENSCAFG00845019243	ENSCAFG00845019136	lincSS.up	1.1.1	28497	ENSG00000187634	ENSG00000241180	lincSS.up	1.1.1	8952
ENSCAFG00845019243	ENSCAFG00845019136	lincSS.up	1.1.1	28497	ENSG00000187634	ENSG00000272438	lincSS.up	1.1.1	7947
ENSCAFG00845019243	ENSCAFG00845019136	lincSS.up	1.1.1	28497	ENSG00000187634	ENSG00000288531	lincSS.up	n.1.1	55721
ENSCAFG00845019243	ENSCAFG00845019136	lincSS.up	1.1.1	28497	ENSG00000187634	ENSG00000230699	lincSS.up	1.1.1	8975
ENSCAFG00845019258	ENSCAFG00845019338	lincSS.up	1.1.1	15734	ENSG00000136574	ENSG00000286985	lincSS.up	n.1.1	27626
ENSCAFG00845019341	ENSCAFG00845019997	lincSS.up	1.1.1	5044	ENSG00000139734	ENSG00000227336	lincSS.up	1.1.1	50424
ENSCAFG00845019341	ENSCAFG00845019981	lncgDivg	1.1.1	21	ENSG00000139734	ENSG00000227528	lncgDivg	n.n.1	0
ENSCAFG00845019341	ENSCAFG00845019981	lncgDivg	1.1.1	21	ENSG00000139734	ENSG00000223815	lncgDivg	1.1.1	0
ENSCAFG00845019378	ENSCAFG00845019366	lncgDivg	1.1.1	922	ENSG00000183775	ENSG00000285605	lncgDivg	1.1.1	0
ENSCAFG00845019378	ENSCAFG00845019325	lncgDivg	n.1.1	1983	ENSG00000183775	ENSG00000285605	lncgDivg	1.1.1	0
ENSCAFG00845019379	ENSCAFG00845019635	lncgConv	1.1.1	2129	ENSG00000091732	ENSG00000244036	lncgConv	n.1.1	0
ENSCAFG00845019416	ENSCAFG00845019467	lncgDivg	1.1.1	628	ENSG00000153936	ENSG00000267734	lncgDivg	1.1.1	0
ENSCAFG00845019423	ENSCAFG00845019344	lncgDivg	1.1.1	4853	ENSG00000114812	ENSG00000232354	lncgDivg	n.n.1	0
ENSCAFG00845019541	ENSCAFG00845019632	lncgDivg	1.1.1	128	ENSG00000160223	ENSG00000278158	lncgDivg	1.1.1	129
ENSCAFG00845019687	ENSCAFG00845019732	lincDivg	1.1.1	18491	ENSG00000163171	ENSG00000236572	lincDivg	1.1.1	5865
ENSCAFG00845019687	ENSCAFG00845019713	lincDivg	1.1.1	6907	ENSG00000163171	ENSG00000236572	lincDivg	1.1.1	5865
ENSCAFG00845019687	ENSCAFG00845019722	lincDivg	1.1.1	14516	ENSG00000163171	ENSG00000236572	lincDivg	1.1.1	5865
ENSCAFG00845019714	ENSCAFG00845019682	lncgDivg	n.1.1	441	ENSG00000184897	ENSG00000206417	lncgDivg	n.n.1	0
ENSCAFG00845019761	ENSCAFG00845019994	lincSS.up	n.1.1	9627	ENSG00000011465	ENSG00000289605	lincSS.up	1.1.1	93024
ENSCAFG00845019777	ENSCAFG00845019690	lincSS.dw	n.1.1	59389	ENSG00000030419	ENSG00000286965	lincSS.dw	1.1.1	62171
ENSCAFG00845019784	ENSCAFG00845019808	lncgSS.dw	1.1.1	43	ENSG00000143878	ENSG00000228950	lncgSS.dw	1.1.1	1602
ENSCAFG00845019949	ENSCAFG00845019973	lncgSS.dw	1.1.1	3986	ENSG00000102401	ENSG00000261101	lncgSS.dw	1.1.1	25
ENSCAFG00845020015	ENSCAFG00845020194	lincConv	1.1.1	48153	ENSG00000181467	ENSG00000290079	lincConv	1.1.1	50422
ENSCAFG00845020015	ENSCAFG00845019998	lncgSS.up	1.1.1	1922	ENSG00000181467	ENSG00000289885	lncgSS.up	1.1.1	190
ENSCAFG00845020028	ENSCAFG00845020262	lincDivg	1.1.1	11882	ENSG00000144191	ENSG00000222000	lincDivg	n.n.1	0
ENSCAFG00845020064	ENSCAFG00845020310	lncgDivg	1.1.1	3	ENSG00000111300	ENSG00000258323	lncgDivg	1.1.1	0
ENSCAFG00845020068	ENSCAFG00845020033	lncgDivg	n.1.1	162	ENSG00000144451	ENSG00000196096	lncgDivg	1.1.1	184
ENSCAFG00845020085	ENSCAFG00845020052	lincConv	1.1.1	55277	ENSG00000011198	ENSG00000235886	lincConv	1.1.1	44590
ENSCAFG00845020208	ENSCAFG00845020760	lincSS.up	1.1.1	16774	ENSG00000102189	ENSG00000257322	lincSS.up	n.1.1	74059
ENSCAFG00845020266	ENSCAFG00845020205	lncgDivg	1.1.1	162	ENSG00000128951	ENSG00000259488	lncgDivg	n.1.1	0
ENSCAFG00845020348	ENSCAFG00845020254	lincSS.dw	1.1.1	21568	ENSG00000184571	ENSG00000282012	lincSS.dw	1.1.1	23015
ENSCAFG00845020350	ENSCAFG00845020422	lincSS.up	1.1.1	52313	ENSG00000197329	ENSG00000230923	lincSS.up	n.1.1	40658
ENSCAFG00845020385	ENSCAFG00845020409	lincDivg	1.1.1	33258	ENSG00000125398	ENSG00000228639	lincDivg	n.1.1	62947
ENSCAFG00845020385	ENSCAFG00845020409	lincDivg	1.1.1	33258	ENSG00000125398	ENSG00000234899	lincDivg	n.n.1	0
ENSCAFG00845020385	ENSCAFG00845020450	lincDivg	n.1.1	58087	ENSG00000125398	ENSG00000228639	lincDivg	n.1.1	62947
ENSCAFG00845020385	ENSCAFG00845020450	lincDivg	n.1.1	58087	ENSG00000125398	ENSG00000234899	lincDivg	n.n.1	0
ENSCAFG00845020385	ENSCAFG00845020427	lincDivg	n.1.1	37850	ENSG00000125398	ENSG00000228639	lincDivg	n.1.1	62947
ENSCAFG00845020385	ENSCAFG00845020427	lincDivg	n.1.1	37850	ENSG00000125398	ENSG00000234899	lincDivg	n.n.1	0
ENSCAFG00845020393	ENSCAFG00845020376	lncgConv	1.1.1	1598	ENSG00000213246	ENSG00000265148	lncgConv	n.n.n	0
ENSCAFG00845020438	ENSCAFG00845020563	lincDivg	1.1.1	48313	ENSG00000138061	ENSG00000273006	lincDivg	1.1.1	83446
ENSCAFG00845020438	ENSCAFG00845020477	lncgDivg	1.1.1	163	ENSG00000138061	ENSG00000232973	lncgDivg	n.n.1	0
ENSCAFG00845020438	ENSCAFG00845020426	lncgSS.dw	1.1.1	133	ENSG00000138061	ENSG00000235848	lncgSS.dw	n.n.n	0
ENSCAFG00845020467	ENSCAFG00845020642	lncgDivg	1.1.1	1464	ENSG00000135362	ENSG00000254566	lncgDivg	1.1.1	0
ENSCAFG00845020467	ENSCAFG00845020642	lncgDivg	1.1.1	1464	ENSG00000135362	ENSG00000255060	lncgDivg	1.1.1	0
ENSCAFG00845020596	ENSCAFG00845020505	lincSS.dw	n.n.n	21942	ENSG00000119787	ENSG00000227292	lincSS.dw	1.1.1	54364
ENSCAFG00845020627	ENSCAFG00845020577	lincDivg	n.1.1	8039	ENSG00000109424	ENSG00000287449	lincDivg	1.1.1	8884
ENSCAFG00845020672	ENSCAFG00845020833	lincDivg	n.1.1	24117	ENSG00000111859	ENSG00000233656	lincDivg	n.1.1	34859
ENSCAFG00845020761	ENSCAFG00845020719	lincConv	1.1.1	6545	ENSG00000175894	ENSG00000289857	lincConv	1.1.1	14495
ENSCAFG00845020761	ENSCAFG00845020737	lncgConv	1.1.1	2068	ENSG00000175894	ENSG00000228709	lncgConv	n.1.1	2374
ENSCAFG00845020800	ENSCAFG00845020623	lncgDivg	1.1.1	1211	ENSG00000133687	ENSG00000257456	lncgDivg	1.1.1	0
ENSCAFG00845021019	ENSCAFG00845021070	lincSS.dw	n.n.n	27588	ENSG00000182950	ENSG00000260288	lincSS.dw	n.1.1	10132
ENSCAFG00845021019	ENSCAFG00845021070	lincSS.dw	n.n.n	27588	ENSG00000182950	ENSG00000291009	lincSS.dw	1.1.1	47865
ENSCAFG00845021165	ENSCAFG00845021356	lincConv	1.1.1	45425	ENSG00000178573	ENSG00000261472	lincConv	1.1.1	69550
ENSCAFG00845021165	ENSCAFG00845021337	lincConv	1.1.1	26326	ENSG00000178573	ENSG00000261472	lincConv	1.1.1	69550
ENSCAFG00845021165	ENSCAFG00845021260	lincConv	1.1.1	5106	ENSG00000178573	ENSG00000261472	lincConv	1.1.1	69550
ENSCAFG00845021165	ENSCAFG00845021365	lincConv	1.1.1	83124	ENSG00000178573	ENSG00000261472	lincConv	1.1.1	69550
ENSCAFG00845021165	ENSCAFG00845021391	lincConv	1.1.1	96412	ENSG00000178573	ENSG00000261472	lincConv	1.1.1	69550
ENSCAFG00845021171	ENSCAFG00845021091	lincDivg	n.1.1	6812	ENSG00000095951	ENSG00000225102	lincDivg	1.1.1	7476
ENSCAFG00845021231	ENSCAFG00845021114	lncgDivg	1.1.1	4184	ENSG00000169783	ENSG00000259281	lncgDivg	1.1.1	0
ENSCAFG00845021231	ENSCAFG00845021114	lncgDivg	1.1.1	4184	ENSG00000169783	ENSG00000259213	lncgDivg	n.1.1	0
ENSCAFG00845021231	ENSCAFG00845021114	lncgDivg	1.1.1	4184	ENSG00000169783	ENSG00000259666	lncgDivg	n.1.1	0
ENSCAFG00845021231	ENSCAFG00845021140	lncgDivg	1.1.1	3099	ENSG00000169783	ENSG00000259281	lncgDivg	1.1.1	0
ENSCAFG00845021231	ENSCAFG00845021140	lncgDivg	1.1.1	3099	ENSG00000169783	ENSG00000259213	lncgDivg	n.1.1	0
ENSCAFG00845021231	ENSCAFG00845021140	lncgDivg	1.1.1	3099	ENSG00000169783	ENSG00000259666	lncgDivg	n.1.1	0
ENSCAFG00845021310	ENSCAFG00845021227	lncgSS.dw	1.1.1	2133	ENSG00000172264	ENSG00000289572	lncgSS.dw	1.1.1	0
ENSCAFG00845021310	ENSCAFG00845021227	lncgSS.dw	1.1.1	2133	ENSG00000172264	ENSG00000227927	lncgSS.dw	n.n.1	0
ENSCAFG00845021328	ENSCAFG00845021449	lincSS.dw	n.1.1	16408	ENSG00000169372	ENSG00000271382	lincSS.dw	1.1.1	50201
ENSCAFG00845021815	ENSCAFG00845021699	lncgSS.up	n.1.1	1465	ENSG00000196782	ENSG00000290022	lncgSS.up	1.1.1	0
ENSCAFG00845021885	ENSCAFG00845021920	lincConv	1.1.1	7938	ENSG00000160256	ENSG00000234880	lincConv	n.1.1	12875
ENSCAFG00845021885	ENSCAFG00845021920	lincConv	1.1.1	7938	ENSG00000160256	ENSG00000261706	lincConv	1.1.1	17373
ENSCAFG00845021885	ENSCAFG00845021920	lincConv	1.1.1	7938	ENSG00000160256	ENSG00000275874	lincConv	1.1.1	22219
ENSCAFG00845021885	ENSCAFG00845021848	lncgDivg	n.n.n	1957	ENSG00000160256	ENSG00000183250	lncgDivg	n.1.1	167
ENSCAFG00845021928	ENSCAFG00845023029	lncgSS.up	1.1.1	15	ENSG00000121101	ENSG00000290039	lncgSS.up	1.1.1	0
ENSCAFG00845021949	ENSCAFG00845021899	lincDivg	1.1.1	8454	ENSG00000181092	ENSG00000289971	lincDivg	1.1.1	15154
ENSCAFG00845021981	ENSCAFG00845021938	lncgSS.dw	1.1.1	170	ENSG00000187605	ENSG00000235499	lncgSS.dw	1.1.1	0
ENSCAFG00845022066	ENSCAFG00845022152	lncgDivg	1.1.1	4215	ENSG00000012232	ENSG00000246339	lncgDivg	n.n.1	0
ENSCAFG00845022081	ENSCAFG00845022124	lncgSS.dw	1.1.1	1141	ENSG00000204128	ENSG00000261829	lncgSS.dw	1.1.1	2321
ENSCAFG00845022093	ENSCAFG00845022177	lincConv	1.1.1	7152	ENSG00000102781	ENSG00000232643	lincConv	1.1.1	42038
ENSCAFG00845022093	ENSCAFG00845022182	lincSS.dw	1.1.1	21135	ENSG00000102781	ENSG00000224511	lincSS.dw	n.1.1	93735
ENSCAFG00845022093	ENSCAFG00845022182	lincSS.dw	1.1.1	21135	ENSG00000102781	ENSG00000232117	lincSS.dw	n.1.1	43009
ENSCAFG00845022195	ENSCAFG00845022249	lincSS.dw	1.1.1	5272	ENSG00000176887	ENSG00000236106	lincSS.dw	n.1.1	24868
ENSCAFG00845022195	ENSCAFG00845022159	lncgDivg	n.1.1	11033	ENSG00000176887	ENSG00000230090	lncgDivg	n.1.1	1266
ENSCAFG00845022195	ENSCAFG00845022159	lncgDivg	n.1.1	11033	ENSG00000176887	ENSG00000224128	lncgDivg	1.1.1	896
ENSCAFG00845022195	ENSCAFG00845022230	lncgSS.dw	1.1.1	296	ENSG00000176887	ENSG00000242540	lncgSS.dw	n.n.1	0
ENSCAFG00845022198	ENSCAFG00845022179	lncgSS.dw	1.1.1	1397	ENSG00000048828	ENSG00000289031	lncgSS.dw	1.1.1	649
ENSCAFG00845022258	ENSCAFG00845022321	lncgSS.up	1.1.1	4211	ENSG00000169084	ENSG00000223571	lncgSS.up	1.1.1	0
ENSCAFG00845022289	ENSCAFG00845022228	lincDivg	n.n.n	24583	ENSG00000100604	ENSG00000258499	lincDivg	1.1.1	15668
ENSCAFG00845022333	ENSCAFG00845022375	lncgDivg	1.1.1	744	ENSG00000081320	ENSG00000272211	lncgDivg	1.1.1	0
ENSCAFG00845022460	ENSCAFG00845022428	lncgDivg	1.1.1	479	ENSG00000173376	ENSG00000250344	lncgDivg	1.1.1	0
ENSCAFG00845022474	ENSCAFG00845022672	lncgDivg	1.1.1	104	ENSG00000138411	ENSG00000229056	lncgDivg	n.1.1	0
ENSCAFG00845022596	ENSCAFG00845022798	lncgDivg	1.1.1	3109	ENSG00000196562	ENSG00000255438	lncgDivg	1.1.1	0
ENSCAFG00845022666	ENSCAFG00845022560	lncgConv	n.1.1	781	ENSG00000136478	ENSG00000266402	lncgConv	n.1.1	751
ENSCAFG00845022762	ENSCAFG00845022986	lincSS.dw	1.1.1	7900	ENSG00000164654	ENSG00000272745	lincSS.dw	1.1.1	10940
ENSCAFG00845022762	ENSCAFG00845022704	lncgDivg	1.1.1	2287	ENSG00000164654	ENSG00000272894	lncgDivg	n.n.1	0
ENSCAFG00845022767	ENSCAFG00845023162	lncgDivg	1.1.1	520	ENSG00000114423	ENSG00000288848	lncgDivg	1.1.1	0
ENSCAFG00845022921	ENSCAFG00845023011	lincSS.up	1.1.1	69451	ENSG00000187821	ENSG00000248517	lincSS.up	1.1.1	13304
ENSCAFG00845023121	ENSCAFG00845023072	lincConv	1.1.1	8366	ENSG00000170852	ENSG00000272905	lincConv	1.1.1	22111
ENSCAFG00845023138	ENSCAFG00845023287	lncgSS.dw	1.1.1	952	ENSG00000145012	ENSG00000288794	lncgSS.dw	1.1.1	0
ENSCAFG00845023173	ENSCAFG00845023152	lincConv	1.1.1	22433	ENSG00000134531	ENSG00000286869	lincConv	1.1.1	18641
ENSCAFG00845023211	ENSCAFG00845022979	lincConv	1.1.1	17992	ENSG00000081237	ENSG00000229989	lincConv	n.1.1	20385
ENSCAFG00845023220	ENSCAFG00845022594	lncgConv	1.1.1	1674	ENSG00000155657	ENSG00000237298	lncgConv	n.n.1	0
ENSCAFG00845023223	ENSCAFG00845023468	lncgSS.dw	1.1.1	167	ENSG00000100644	ENSG00000288928	lncgSS.dw	1.1.1	0
ENSCAFG00845023240	ENSCAFG00845023213	lincConv	1.1.1	6169	ENSG00000110435	ENSG00000289526	lincConv	n.n.1	0
ENSCAFG00845023310	ENSCAFG00845023328	lncgSS.dw	1.1.1	55	ENSG00000254535	ENSG00000251199	lncgSS.dw	n.n.1	0
ENSCAFG00845023391	ENSCAFG00845023476	lncgDivg	n.1.1	1163	ENSG00000138650	ENSG00000250241	lncgDivg	n.1.1	147
ENSCAFG00845023430	ENSCAFG00845023322	lncgDivg	1.1.1	4209	ENSG00000163349	ENSG00000235527	lncgDivg	n.n.1	0
ENSCAFG00845023673	ENSCAFG00845024037	lincDivg	1.1.1	22978	ENSG00000142186	ENSG00000289259	lincDivg	1.1.1	52810
ENSCAFG00845023673	ENSCAFG00845024037	lincDivg	1.1.1	22978	ENSG00000142186	ENSG00000289740	lincDivg	1.1.1	17645
ENSCAFG00845023673	ENSCAFG00845024037	lincDivg	1.1.1	22978	ENSG00000142186	ENSG00000279243	lincDivg	n.1.1	36363
ENSCAFG00845023673	ENSCAFG00845024037	lincDivg	1.1.1	22978	ENSG00000142186	ENSG00000290061	lincDivg	1.1.1	32019
ENSCAFG00845023673	ENSCAFG00845024037	lincDivg	1.1.1	22978	ENSG00000142186	ENSG00000270117	lincDivg	1.1.1	26460
ENSCAFG00845023673	ENSCAFG00845024037	lincDivg	1.1.1	22978	ENSG00000142186	ENSG00000289883	lincDivg	1.1.1	47505
ENSCAFG00845023673	ENSCAFG00845024046	lincSS.up	1.1.1	23078	ENSG00000142186	ENSG00000251562	lincSS.up	n.1.1	18561
ENSCAFG00845023673	ENSCAFG00845024046	lincSS.up	1.1.1	23078	ENSG00000142186	ENSG00000286756	lincSS.up	n.1.1	36181
ENSCAFG00845023673	ENSCAFG00845024060	lincSS.up	1.1.1	26522	ENSG00000142186	ENSG00000251562	lincSS.up	n.1.1	18561
ENSCAFG00845023673	ENSCAFG00845024060	lincSS.up	1.1.1	26522	ENSG00000142186	ENSG00000286756	lincSS.up	n.1.1	36181
ENSCAFG00845023731	ENSCAFG00845023891	lincDivg	1.1.1	11632	ENSG00000074527	ENSG00000258292	lincDivg	1.1.1	11908
ENSCAFG00845023767	ENSCAFG00845023863	lncgDivg	1.1.1	127	ENSG00000034713	ENSG00000276523	lncgDivg	1.1.1	0
ENSCAFG00845023862	ENSCAFG00845023904	lncgDivg	1.1.1	549	ENSG00000165233	ENSG00000223446	lncgDivg	1.1.1	671
ENSCAFG00845023996	ENSCAFG00845023946	lncgSS.up	1.1.1	1008	ENSG00000139725	ENSG00000212694	lncgSS.up	n.n.1	0
ENSCAFG00845024031	ENSCAFG00845023998	lncgDivg	1.1.1	2652	ENSG00000142156	ENSG00000289224	lncgDivg	1.1.1	4056
ENSCAFG00845024108	ENSCAFG00845024155	lincSS.dw	1.1.1	35249	ENSG00000150907	ENSG00000215483	lincSS.dw	n.1.1	19860
ENSCAFG00845024154	ENSCAFG00845024376	lncgDivg	1.1.1	1327	ENSG00000102543	ENSG00000288743	lncgDivg	1.1.1	85
ENSCAFG00845024203	ENSCAFG00845024368	lincConv	1.1.1	16019	ENSG00000165084	ENSG00000254337	lincConv	n.1.1	29714
ENSCAFG00845024203	ENSCAFG00845024368	lincConv	1.1.1	16019	ENSG00000165084	ENSG00000253658	lincConv	n.1.1	61116
ENSCAFG00845024211	ENSCAFG00845024262	lncgDivg	1.1.1	490	ENSG00000089116	ENSG00000257935	lncgDivg	n.n.1	0
ENSCAFG00845024248	ENSCAFG00845024286	lncgDivg	1.1.1	1533	ENSG00000145358	ENSG00000249710	lncgDivg	1.1.1	0
ENSCAFG00845024249	ENSCAFG00845024153	lincSS.dw	1.1.1	29180	ENSG00000205309	ENSG00000290056	lincSS.dw	1.1.1	44153
ENSCAFG00845024249	ENSCAFG00845024165	lincSS.dw	1.1.1	10913	ENSG00000205309	ENSG00000290056	lincSS.dw	1.1.1	44153
ENSCAFG00845024257	ENSCAFG00845024063	lncgSS.dw	1.1.1	3301	ENSG00000196776	ENSG00000279277	lncgSS.dw	n.1.1	3175
ENSCAFG00845024317	ENSCAFG00845024209	lincDivg	n.1.1	21513	ENSG00000110172	ENSG00000261645	lincDivg	n.1.1	28127
ENSCAFG00845024331	ENSCAFG00845024674	lincConv	1.1.1	5231	ENSG00000072657	ENSG00000258235	lincConv	1.1.1	57165
ENSCAFG00845024391	ENSCAFG00845024324	lncgSS.dw	1.1.1	157	ENSG00000197905	ENSG00000250899	lncgSS.dw	1.1.1	761
ENSCAFG00845024422	ENSCAFG00845024312	lincSS.dw	n.1.1	19480	ENSG00000134371	ENSG00000232077	lincSS.dw	n.1.1	49930
ENSCAFG00845024620	ENSCAFG00845024548	lncgConv	1.1.1	2386	ENSG00000029153	ENSG00000245311	lncgConv	1.1.1	0
ENSCAFG00845024620	ENSCAFG00845024560	lncgSS.dw	1.1.1	664	ENSG00000029153	ENSG00000288971	lncgSS.dw	1.1.1	3530
ENSCAFG00845024655	ENSCAFG00845024835	lncgDivg	1.1.1	112	ENSG00000170549	ENSG00000259603	lncgDivg	1.1.1	0
ENSCAFG00845024735	ENSCAFG00845024765	lncgDivg	1.1.1	133	ENSG00000162009	ENSG00000261713	lncgDivg	n.n.1	0
ENSCAFG00845024882	ENSCAFG00845024858	lncgDivg	1.1.1	2713	ENSG00000166816	ENSG00000261058	lncgDivg	1.1.1	2778
ENSCAFG00845024890	ENSCAFG00845025053	lncgConv	1.1.1	1564	ENSG00000118939	ENSG00000261105	lncgConv	n.1.n	0
ENSCAFG00845024946	ENSCAFG00845025454	lincSS.up	1.1.1	18181	ENSG00000133030	ENSG00000287114	lincSS.up	1.1.1	7400
ENSCAFG00845024998	ENSCAFG00845025315	lincSS.up	1.1.1	10976	ENSG00000183023	ENSG00000287468	lincSS.up	1.1.1	9614
ENSCAFG00845024998	ENSCAFG00845025421	lincSS.up	1.1.1	75364	ENSG00000183023	ENSG00000287468	lincSS.up	1.1.1	9614
ENSCAFG00845024998	ENSCAFG00845025310	lncgSS.up	1.1.1	3143	ENSG00000183023	ENSG00000289013	lncgSS.up	1.1.1	0
ENSCAFG00845024998	ENSCAFG00845025310	lncgSS.up	1.1.1	3143	ENSG00000183023	ENSG00000288992	lncgSS.up	1.1.1	0
ENSCAFG00845024998	ENSCAFG00845025298	lncgSS.up	1.1.1	103	ENSG00000183023	ENSG00000289013	lncgSS.up	1.1.1	0
ENSCAFG00845024998	ENSCAFG00845025298	lncgSS.up	1.1.1	103	ENSG00000183023	ENSG00000288992	lncgSS.up	1.1.1	0
ENSCAFG00845025017	ENSCAFG00845025071	lncgDivg	1.1.1	686	ENSG00000162882	ENSG00000288886	lncgDivg	n.n.1	0
ENSCAFG00845025017	ENSCAFG00845025071	lncgDivg	1.1.1	686	ENSG00000162882	ENSG00000289082	lncgDivg	1.1.1	2733
ENSCAFG00845025032	ENSCAFG00845025005	lncgConv	1.1.1	734	ENSG00000005108	ENSG00000230333	lncgConv	n.n.n	0
ENSCAFG00845025133	ENSCAFG00845025110	lncgConv	1.1.1	179	ENSG00000152518	ENSG00000287387	lncgConv	1.1.1	0
ENSCAFG00845025159	ENSCAFG00845025685	lncgSS.up	1.1.1	44	ENSG00000180881	ENSG00000273987	lncgSS.up	1.1.1	0
ENSCAFG00845025222	ENSCAFG00845025092	lncgDivg	1.1.1	259	ENSG00000198836	ENSG00000224855	lncgDivg	n.1.1	0
ENSCAFG00845025227	ENSCAFG00845025083	lncgSS.up	1.1.1	911	ENSG00000136153	ENSG00000261553	lncgSS.up	n.1.1	0
ENSCAFG00845025229	ENSCAFG00845025179	lncgDivg	1.1.1	201	ENSG00000072609	ENSG00000236617	lncgDivg	1.1.1	0
ENSCAFG00845025229	ENSCAFG00845025179	lncgDivg	1.1.1	201	ENSG00000072609	ENSG00000250790	lncgDivg	1.1.1	0
ENSCAFG00845025300	ENSCAFG00845025271	lincSS.up	1.1.1	8203	ENSG00000127955	ENSG00000287488	lincSS.up	1.1.1	93013
ENSCAFG00845025354	ENSCAFG00845026192	lncgDivg	1.1.1	472	ENSG00000065413	ENSG00000231621	lncgDivg	n.1.1	0
ENSCAFG00845025354	ENSCAFG00845026192	lncgDivg	1.1.1	472	ENSG00000065413	ENSG00000225979	lncgDivg	1.1.1	220
ENSCAFG00845025360	ENSCAFG00845025573	lincDivg	1.1.1	40408	ENSG00000134138	ENSG00000274444	lincDivg	1.1.1	8288
ENSCAFG00845025360	ENSCAFG00845025299	lncgSS.dw	1.1.1	3782	ENSG00000134138	ENSG00000259280	lncgSS.dw	n.1.1	2152
ENSCAFG00845025407	ENSCAFG00845025537	lncgConv	1.1.1	437	ENSG00000131061	ENSG00000230753	lncgConv	n.1.1	0
ENSCAFG00845025631	ENSCAFG00845025422	lncgDivg	1.1.1	139	ENSG00000013573	ENSG00000245614	lncgDivg	n.1.1	13
ENSCAFG00845025650	ENSCAFG00845025720	lincSS.dw	1.1.1	15352	ENSG00000243927	ENSG00000227456	lincSS.dw	n.1.1	14690
ENSCAFG00845025650	ENSCAFG00845025710	lncgSS.dw	1.1.1	560	ENSG00000243927	ENSG00000272657	lncgSS.dw	1.1.1	0
ENSCAFG00845025778	ENSCAFG00845025769	lincSS.up	1.1.1	7050	ENSG00000159197	ENSG00000214955	lincSS.up	1.1.1	38972
ENSCAFG00845025778	ENSCAFG00845025747	lincSS.up	1.1.1	12248	ENSG00000159197	ENSG00000214955	lincSS.up	1.1.1	38972
ENSCAFG00845025995	ENSCAFG00845025933	lncgDivg	1.1.1	832	ENSG00000048405	ENSG00000224138	lncgDivg	1.1.1	0
ENSCAFG00845026049	ENSCAFG00845026033	lincSS.dw	1.1.1	17745	ENSG00000178695	ENSG00000285572	lincSS.dw	n.1.1	33651
ENSCAFG00845026309	ENSCAFG00845026338	lincSS.up	1.1.1	10107	ENSG00000205929	ENSG00000232360	lincSS.up	1.1.1	30624
ENSCAFG00845026311	ENSCAFG00845026274	lncgSS.dw	1.1.1	4312	ENSG00000115170	ENSG00000234584	lncgSS.dw	1.1.1	246
ENSCAFG00845026357	ENSCAFG00845027402	lncgSS.dw	1.1.1	2000	ENSG00000157985	ENSG00000235529	lncgSS.dw	n.1.1	0
ENSCAFG00845026362	ENSCAFG00845026434	lincDivg	1.1.1	42450	ENSG00000123094	ENSG00000256256	lincDivg	1.1.1	72377
ENSCAFG00845026362	ENSCAFG00845026445	lincDivg	1.1.1	47191	ENSG00000123094	ENSG00000256256	lincDivg	1.1.1	72377
ENSCAFG00845026362	ENSCAFG00845026409	lincDivg	1.1.1	10773	ENSG00000123094	ENSG00000256256	lincDivg	1.1.1	72377
ENSCAFG00845026392	ENSCAFG00845019009	lncgDivg	1.1.1	46	ENSG00000175161	ENSG00000241648	lncgDivg	1.1.1	0
ENSCAFG00845026392	ENSCAFG00845019009	lncgDivg	1.1.1	46	ENSG00000175161	ENSG00000239519	lncgDivg	1.1.1	0
ENSCAFG00845026412	ENSCAFG00845026388	lincSS.up	1.1.1	5070	ENSG00000184221	ENSG00000232539	lincSS.up	1.1.1	5158
ENSCAFG00845026437	ENSCAFG00845027832	lincSS.up	1.1.1	11138	ENSG00000153707	ENSG00000232035	lincSS.up	1.1.1	18748
ENSCAFG00845026437	ENSCAFG00845027861	lincSS.up	1.1.1	33583	ENSG00000153707	ENSG00000232035	lincSS.up	1.1.1	18748
ENSCAFG00845026437	ENSCAFG00845027934	lincSS.up	1.1.1	94694	ENSG00000153707	ENSG00000232035	lincSS.up	1.1.1	18748
ENSCAFG00845026437	ENSCAFG00845027894	lincSS.up	1.1.1	64054	ENSG00000153707	ENSG00000232035	lincSS.up	1.1.1	18748
ENSCAFG00845026437	ENSCAFG00845027876	lincSS.up	1.1.1	46853	ENSG00000153707	ENSG00000232035	lincSS.up	1.1.1	18748
ENSCAFG00845026437	ENSCAFG00845027918	lincSS.up	1.1.1	71319	ENSG00000153707	ENSG00000232035	lincSS.up	1.1.1	18748
ENSCAFG00845026437	ENSCAFG00845027822	lncgDivg	1.1.1	179	ENSG00000153707	ENSG00000234021	lncgDivg	1.1.1	0
ENSCAFG00845026437	ENSCAFG00845027822	lncgDivg	1.1.1	179	ENSG00000153707	ENSG00000225706	lncgDivg	n.1.1	0
ENSCAFG00845026437	ENSCAFG00845027822	lncgDivg	1.1.1	179	ENSG00000153707	ENSG00000230920	lncgDivg	1.1.1	0
ENSCAFG00845026437	ENSCAFG00845027822	lncgDivg	1.1.1	179	ENSG00000153707	ENSG00000226717	lncgDivg	1.1.1	200
ENSCAFG00845026437	ENSCAFG00845027815	lncgSS.up	1.1.1	179	ENSG00000153707	ENSG00000235389	lncgSS.up	1.1.1	0
ENSCAFG00845026524	ENSCAFG00845026647	lncgSS.dw	1.1.1	716	ENSG00000163466	ENSG00000261338	lncgSS.dw	1.1.1	963
ENSCAFG00845026635	ENSCAFG00845027164	lincSS.up	1.1.1	25687	ENSG00000157445	ENSG00000288029	lincSS.up	1.1.1	63683
ENSCAFG00845026778	ENSCAFG00845026695	lncgDivg	1.1.1	172	ENSG00000142166	ENSG00000289238	lncgDivg	1.1.1	0
ENSCAFG00845026814	ENSCAFG00845026835	lncgSS.dw	1.1.1	462	ENSG00000253276	ENSG00000243797	lncgSS.dw	n.n.1	0
ENSCAFG00845026988	ENSCAFG00845027092	lincSS.dw	n.1.1	98363	ENSG00000170035	ENSG00000234663	lincSS.dw	n.n.n	25347
ENSCAFG00845026988	ENSCAFG00845027032	lncgConv	1.1.1	1119	ENSG00000170035	ENSG00000238171	lncgConv	1.1.1	0
ENSCAFG00845027015	ENSCAFG00845026970	lncgSS.up	1.1.1	841	ENSG00000269113	ENSG00000223814	lncgSS.up	1.1.1	0
ENSCAFG00845027134	ENSCAFG00845027086	lincSS.up	1.1.1	76035	ENSG00000125810	ENSG00000233746	lincSS.up	n.1.1	38744
ENSCAFG00845027134	ENSCAFG00845027111	lincSS.up	1.1.1	44661	ENSG00000125810	ENSG00000233746	lincSS.up	n.1.1	38744
ENSCAFG00845027134	ENSCAFG00845027099	lincSS.up	1.1.1	60401	ENSG00000125810	ENSG00000233746	lincSS.up	n.1.1	38744
ENSCAFG00845027205	ENSCAFG00845027146	lincDivg	1.1.1	26259	ENSG00000169813	ENSG00000230555	lincDivg	1.1.1	11552
ENSCAFG00845027248	ENSCAFG00845027133	lincSS.dw	1.1.1	28850	ENSG00000068784	ENSG00000205054	lincSS.dw	n.1.1	65283
ENSCAFG00845027248	ENSCAFG00845027119	lincSS.dw	1.1.1	96169	ENSG00000068784	ENSG00000205054	lincSS.dw	n.1.1	65283
ENSCAFG00845027249	ENSCAFG00845027211	lincSS.dw	n.1.1	14290	ENSG00000115998	ENSG00000231327	lincSS.dw	n.1.1	16962
ENSCAFG00845027311	ENSCAFG00845027288	lncgConv	1.1.1	1542	ENSG00000169836	ENSG00000251577	lncgConv	n.1.1	0
ENSCAFG00845027343	ENSCAFG00845027256	lncgSS.dw	1.1.1	437	ENSG00000073614	ENSG00000261799	lncgSS.dw	1.1.1	2934
ENSCAFG00845027359	ENSCAFG00845027246	lncgDivg	n.n.n	117	ENSG00000184937	ENSG00000183242	lncgDivg	n.n.1	0
ENSCAFG00845027360	ENSCAFG00845027339	lncgConv	1.1.1	1481	ENSG00000121068	ENSG00000267280	lncgConv	n.n.n	0
ENSCAFG00845027398	ENSCAFG00845027295	lncgDivg	n.1.1	246	ENSG00000100288	ENSG00000272940	lncgDivg	1.1.1	0
ENSCAFG00845027398	ENSCAFG00845027295	lncgDivg	n.1.1	246	ENSG00000100288	ENSG00000205559	lncgDivg	n.1.1	0
ENSCAFG00845027435	ENSCAFG00845027666	lncgSS.dw	1.1.1	4900	ENSG00000160305	ENSG00000223692	lncgSS.dw	1.1.1	0
ENSCAFG00845027461	ENSCAFG00845028003	lincDivg	n.n.n	37588	ENSG00000134318	ENSG00000224177	lincDivg	n.n.n	24282
ENSCAFG00845027483	ENSCAFG00845027463	lncgDivg	1.1.1	656	ENSG00000125816	ENSG00000225280	lncgDivg	n.1.1	1367
ENSCAFG00845027518	ENSCAFG00845028180	lncgDivg	1.1.1	301	ENSG00000093167	ENSG00000290046	lncgDivg	1.1.1	0
ENSCAFG00845027518	ENSCAFG00845028180	lncgDivg	1.1.1	301	ENSG00000093167	ENSG00000271993	lncgDivg	1.1.1	0
ENSCAFG00845027576	ENSCAFG00845027521	lincDivg	1.1.1	89114	ENSG00000168769	ENSG00000251259	lincDivg	1.1.1	5256
ENSCAFG00845027576	ENSCAFG00845027534	lincDivg	1.1.1	68903	ENSG00000168769	ENSG00000251259	lincDivg	1.1.1	5256
ENSCAFG00845027576	ENSCAFG00845027542	lincDivg	1.1.1	10840	ENSG00000168769	ENSG00000251259	lincDivg	1.1.1	5256
ENSCAFG00845027576	ENSCAFG00845027473	lincSS.up	n.1.1	40326	ENSG00000168769	ENSG00000248373	lincSS.up	n.1.1	25875
ENSCAFG00845027603	ENSCAFG00845027574	lincDivg	1.1.1	49740	ENSG00000169122	ENSG00000253376	lincDivg	n.1.1	60194
ENSCAFG00845027603	ENSCAFG00845027556	lincDivg	1.1.1	98802	ENSG00000169122	ENSG00000253376	lincDivg	n.1.1	60194
ENSCAFG00845027603	ENSCAFG00845027596	lincDivg	1.1.1	10662	ENSG00000169122	ENSG00000253376	lincDivg	n.1.1	60194
ENSCAFG00845027603	ENSCAFG00845027568	lincDivg	1.1.1	55651	ENSG00000169122	ENSG00000253376	lincDivg	n.1.1	60194
ENSCAFG00845027603	ENSCAFG00845027579	lincDivg	1.1.1	28858	ENSG00000169122	ENSG00000253376	lincDivg	n.1.1	60194
ENSCAFG00845027603	ENSCAFG00845027589	lincDivg	1.1.1	22677	ENSG00000169122	ENSG00000253376	lincDivg	n.1.1	60194
ENSCAFG00845027603	ENSCAFG00845027561	lincDivg	1.1.1	72597	ENSG00000169122	ENSG00000253376	lincDivg	n.1.1	60194
ENSCAFG00845027623	ENSCAFG00845027630	lincSS.up	1.1.1	22368	ENSG00000159261	ENSG00000231324	lincSS.up	1.1.1	56112
ENSCAFG00845027626	ENSCAFG00845027509	lincDivg	1.1.1	6495	ENSG00000152601	ENSG00000289315	lincDivg	n.1.1	38367
ENSCAFG00845027626	ENSCAFG00845027509	lincDivg	1.1.1	6495	ENSG00000152601	ENSG00000239941	lincDivg	1.1.1	92104
ENSCAFG00845027659	ENSCAFG00845027718	lincConv	1.1.1	17460	ENSG00000182870	ENSG00000256312	lincConv	1.1.1	5375
ENSCAFG00845027733	ENSCAFG00845027757	lncgDivg	1.1.1	2232	ENSG00000130487	ENSG00000289947	lncgDivg	1.1.1	4052
ENSCAFG00845027733	ENSCAFG00845027757	lncgDivg	1.1.1	2232	ENSG00000130487	ENSG00000272666	lncgDivg	1.1.1	2993
ENSCAFG00845027733	ENSCAFG00845027746	lncgSS.up	1.1.1	2232	ENSG00000130487	ENSG00000273272	lncgSS.up	1.1.1	2888
ENSCAFG00845027738	ENSCAFG00845027807	lncgSS.up	1.1.1	1531	ENSG00000159267	ENSG00000237646	lncgSS.up	1.1.1	0
ENSCAFG00845027818	ENSCAFG00845027920	lncgDivg	1.1.1	2207	ENSG00000047346	ENSG00000287500	lncgDivg	1.1.1	0
ENSCAFG00845027843	ENSCAFG00845027810	lncgDivg	1.1.1	524	ENSG00000107954	ENSG00000235470	lncgDivg	n.n.1	0
ENSCAFG00845027843	ENSCAFG00845027810	lncgDivg	1.1.1	524	ENSG00000107954	ENSG00000287419	lncgDivg	1.1.1	0
ENSCAFG00845027919	ENSCAFG00845028096	lincSS.dw	1.1.1	9668	ENSG00000162814	ENSG00000231814	lincSS.dw	n.1.1	21204
ENSCAFG00845027927	ENSCAFG00845028099	lincConv	1.1.1	42257	ENSG00000125772	ENSG00000235820	lincConv	1.1.1	8550
ENSCAFG00845027927	ENSCAFG00845028099	lincConv	1.1.1	42257	ENSG00000125772	ENSG00000230563	lincConv	n.1.1	68956
ENSCAFG00845027963	ENSCAFG00845028006	lincConv	1.1.1	9463	ENSG00000244752	ENSG00000233577	lincConv	n.1.1	47659
ENSCAFG00845027963	ENSCAFG00845028006	lincConv	1.1.1	9463	ENSG00000244752	ENSG00000279298	lincConv	1.1.1	19653
ENSCAFG00845027975	ENSCAFG00845028011	lncgConv	1.1.1	4454	ENSG00000182463	ENSG00000259723	lncgConv	1.1.1	0
ENSCAFG00845028052	ENSCAFG00845028123	lncgDivg	n.1.1	106	ENSG00000134884	ENSG00000272274	lncgDivg	n.1.1	121
ENSCAFG00845028092	ENSCAFG00845028042	lincConv	1.1.1	19427	ENSG00000169016	ENSG00000285569	lincConv	n.1.1	17189
ENSCAFG00845028092	ENSCAFG00845028027	lincConv	1.1.1	26040	ENSG00000169016	ENSG00000285569	lincConv	n.1.1	17189
ENSCAFG00845028095	ENSCAFG00845028153	lincSS.dw	1.1.1	30688	ENSG00000171150	ENSG00000239332	lincSS.dw	n.n.n	36452
ENSCAFG00845028176	ENSCAFG00845028269	lincSS.dw	n.1.1	50291	ENSG00000092969	ENSG00000228208	lincSS.dw	n.1.1	14646
ENSCAFG00845028176	ENSCAFG00845028245	lincSS.dw	n.1.1	20053	ENSG00000092969	ENSG00000228208	lincSS.dw	n.1.1	14646
ENSCAFG00845028176	ENSCAFG00845028234	lncgSS.dw	1.1.1	2290	ENSG00000092969	ENSG00000281453	lncgSS.dw	1.1.1	0
ENSCAFG00845028198	ENSCAFG00845028158	lincSS.up	1.1.1	41910	ENSG00000163393	ENSG00000228127	lincSS.up	n.1.1	44897
ENSCAFG00845028265	ENSCAFG00845028306	lincSS.dw	1.1.1	20274	ENSG00000173212	ENSG00000235933	lincSS.dw	1.1.1	26060
ENSCAFG00845028347	ENSCAFG00845028380	lincSS.dw	1.1.1	47581	ENSG00000143353	ENSG00000287676	lincSS.dw	1.1.1	82117
ENSCAFG00845028347	ENSCAFG00845028380	lincSS.dw	1.1.1	47581	ENSG00000143353	ENSG00000277007	lincSS.dw	1.1.1	57909
ENSCAFG00845028347	ENSCAFG00845028299	lncgDivg	n.1.1	216	ENSG00000143353	ENSG00000228063	lncgDivg	n.n.1	0
ENSCAFG00845028385	ENSCAFG00845028348	lincSS.dw	1.1.1	11550	ENSG00000198948	ENSG00000248319	lincSS.dw	n.1.1	10644
ENSCAFG00845028570	ENSCAFG00845028556	lncgDivg	1.1.1	21	ENSG00000069943	ENSG00000277548	lncgDivg	1.1.1	0
ENSCAFG00845028570	ENSCAFG00845028556	lncgDivg	1.1.1	21	ENSG00000069943	ENSG00000274765	lncgDivg	1.1.1	0
ENSCAFG00845028583	ENSCAFG00845028522	lncgConv	1.1.1	366	ENSG00000157538	ENSG00000242553	lncgConv	1.1.1	0
ENSCAFG00845028583	ENSCAFG00845028522	lncgConv	1.1.1	366	ENSG00000157538	ENSG00000230366	lncgConv	n.1.1	1684
ENSCAFG00845028586	ENSCAFG00845028568	lncgSS.up	n.1.1	3162	ENSG00000168333	ENSG00000286701	lncgSS.up	1.1.1	0
ENSCAFG00845028591	ENSCAFG00845028471	lncgConv	1.1.1	1475	ENSG00000185532	ENSG00000236671	lncgConv	n.n.n	0
ENSCAFG00845028591	ENSCAFG00845028481	lncgSS.dw	1.1.1	1482	ENSG00000185532	ENSG00000289270	lncgSS.dw	1.1.1	0
ENSCAFG00845028591	ENSCAFG00845028481	lncgSS.dw	1.1.1	1482	ENSG00000185532	ENSG00000235279	lncgSS.dw	1.1.1	0
ENSCAFG00845028592	ENSCAFG00845028636	lincSS.up	1.1.1	39745	ENSG00000164512	ENSG00000249697	lincSS.up	1.1.1	80575
ENSCAFG00845028609	ENSCAFG00845028651	lncgDivg	n.1.1	10285	ENSG00000164532	ENSG00000289335	lncgDivg	1.1.1	611
ENSCAFG00845028771	ENSCAFG00845028686	lincSS.up	n.1.1	23094	ENSG00000171316	ENSG00000255289	lincSS.up	1.1.1	14210
ENSCAFG00845028796	ENSCAFG00845028763	lincDivg	n.1.1	27072	ENSG00000049239	ENSG00000228526	lincDivg	n.n.n	35868
ENSCAFG00845028808	ENSCAFG00845028849	lncgDivg	1.1.1	93	ENSG00000124839	ENSG00000234949	lncgDivg	n.n.1	0
ENSCAFG00845028843	ENSCAFG00845028827	lncgDivg	1.1.1	2628	ENSG00000188931	ENSG00000288670	lncgDivg	1.1.1	146
ENSCAFG00845028910	ENSCAFG00845028927	lncgDivg	1.1.1	336	ENSG00000171016	ENSG00000285805	lncgDivg	1.1.1	0
ENSCAFG00845028913	ENSCAFG00845028878	lncgDivg	1.1.1	893	ENSG00000196704	ENSG00000265100	lncgDivg	1.1.1	0
ENSCAFG00845028932	ENSCAFG00845028893	lncgSS.dw	n.1.1	2370	ENSG00000114686	ENSG00000261167	lncgSS.dw	1.1.1	3614
ENSCAFG00845028965	ENSCAFG00845028799	lincDivg	1.1.1	44665	ENSG00000147481	ENSG00000253484	lincDivg	1.1.1	88845
ENSCAFG00845028965	ENSCAFG00845028818	lincDivg	1.1.1	32693	ENSG00000147481	ENSG00000253484	lincDivg	1.1.1	88845
ENSCAFG00845028965	ENSCAFG00845028782	lincDivg	1.1.1	90181	ENSG00000147481	ENSG00000253484	lincDivg	1.1.1	88845
ENSCAFG00845028965	ENSCAFG00845028831	lincDivg	1.1.1	6069	ENSG00000147481	ENSG00000253484	lincDivg	1.1.1	88845
ENSCAFG00845028965	ENSCAFG00845028807	lincDivg	1.1.1	39239	ENSG00000147481	ENSG00000253484	lincDivg	1.1.1	88845
ENSCAFG00845028965	ENSCAFG00845028793	lincDivg	1.1.1	56480	ENSG00000147481	ENSG00000253484	lincDivg	1.1.1	88845
ENSCAFG00845028965	ENSCAFG00845028825	lincDivg	1.1.1	25639	ENSG00000147481	ENSG00000253484	lincDivg	1.1.1	88845
ENSCAFG00845028965	ENSCAFG00845028784	lincDivg	1.1.1	70734	ENSG00000147481	ENSG00000253484	lincDivg	1.1.1	88845
ENSCAFG00845028983	ENSCAFG00845028960	lncgSS.up	n.1.1	1146	ENSG00000157551	ENSG00000198054	lncgSS.up	n.1.1	0
ENSCAFG00845029008	ENSCAFG00845028986	lncgDivg	1.1.1	3505	ENSG00000122547	ENSG00000229679	lncgDivg	1.1.1	0
ENSCAFG00845029017	ENSCAFG00845029043	lincSS.up	1.1.1	8991	ENSG00000120963	ENSG00000253679	lincSS.up	1.1.1	55348
ENSCAFG00845029017	ENSCAFG00845029043	lincSS.up	1.1.1	8991	ENSG00000120963	ENSG00000287479	lincSS.up	1.1.1	69232
ENSCAFG00845029019	ENSCAFG00845029152	lincDivg	n.1.1	14645	ENSG00000061936	ENSG00000256424	lincDivg	1.1.1	49258
ENSCAFG00845029019	ENSCAFG00845029152	lincDivg	n.1.1	14645	ENSG00000061936	ENSG00000256258	lincDivg	1.1.1	87878
ENSCAFG00845029058	ENSCAFG00845029020	lncgDivg	1.1.1	1244	ENSG00000140481	ENSG00000277749	lncgDivg	1.1.1	0
ENSCAFG00845029066	ENSCAFG00845029078	lincDivg	1.1.1	90377	ENSG00000169067	ENSG00000249436	lincDivg	n.1.1	91216
ENSCAFG00845029113	ENSCAFG00845029145	lncgDivg	1.1.1	24	ENSG00000148680	ENSG00000289580	lncgDivg	n.1.1	0
ENSCAFG00845029146	ENSCAFG00845029119	lncgSS.up	1.1.1	224	ENSG00000163714	ENSG00000241570	lncgSS.up	n.n.n	0
ENSCAFG00845029239	ENSCAFG00845029247	lncgSS.dw	1.1.1	447	ENSG00000175040	ENSG00000241679	lncgSS.dw	n.n.1	0
ENSCAFG00845029309	ENSCAFG00845029182	lincSS.dw	1.1.1	49769	ENSG00000111452	ENSG00000204603	lincSS.dw	n.1.1	23542
ENSCAFG00845029330	ENSCAFG00845029373	lncgDivg	1.1.1	863	ENSG00000138138	ENSG00000290782	lncgDivg	n.n.1	0
ENSCAFG00845029408	ENSCAFG00845029487	lincSS.dw	1.1.1	40993	ENSG00000091656	ENSG00000253416	lincSS.dw	1.1.1	37310
ENSCAFG00845029501	ENSCAFG00845029460	lncgSS.dw	1.1.1	527	ENSG00000153250	ENSG00000285373	lncgSS.dw	n.1.1	271
ENSCAFG00845029509	ENSCAFG00845029475	lncgDivg	1.1.1	69	ENSG00000198162	ENSG00000271427	lncgDivg	1.1.1	1976
ENSCAFG00845029531	ENSCAFG00845029547	lncgSS.dw	1.1.1	2208	ENSG00000171033	ENSG00000260398	lncgSS.dw	1.1.1	685
ENSCAFG00845029549	ENSCAFG00845029510	lincSS.up	1.1.1	11995	ENSG00000179361	ENSG00000261775	lincSS.up	1.1.1	24247
ENSCAFG00845029599	ENSCAFG00845029407	lncgDivg	n.1.1	123	ENSG00000149970	ENSG00000283380	lncgDivg	n.1.1	0
ENSCAFG00845029599	ENSCAFG00845029407	lncgDivg	n.1.1	123	ENSG00000149970	ENSG00000288832	lncgDivg	1.1.1	0
ENSCAFG00845029625	ENSCAFG00845029601	lncgConv	1.1.1	435	ENSG00000164099	ENSG00000269893	lncgConv	n.n.1	0
ENSCAFG00845029643	ENSCAFG00845029620	lncgDivg	1.1.1	659	ENSG00000090661	ENSG00000271717	lncgDivg	1.1.1	0
ENSCAFG00845029693	ENSCAFG00845029702	lncgDivg	1.1.1	136	ENSG00000100109	ENSG00000261188	lncgDivg	n.n.1	0
ENSCAFG00845029700	ENSCAFG00845029687	lncgDivg	1.1.1	21	ENSG00000163607	ENSG00000272844	lncgDivg	1.1.1	0
ENSCAFG00845029704	ENSCAFG00845029719	lncgConv	1.1.1	1405	ENSG00000168427	ENSG00000279484	lncgConv	n.n.1	0
ENSCAFG00845029711	ENSCAFG00845029682	lncgDivg	1.1.1	455	ENSG00000185942	ENSG00000285971	lncgDivg	1.1.1	0
ENSCAFG00845029711	ENSCAFG00845029682	lncgDivg	1.1.1	455	ENSG00000185942	ENSG00000287105	lncgDivg	1.1.1	0
ENSCAFG00845029711	ENSCAFG00845029682	lncgDivg	1.1.1	455	ENSG00000185942	ENSG00000254050	lncgDivg	1.1.1	0
ENSCAFG00845029718	ENSCAFG00845005873	lincSS.up	1.1.1	28403	ENSG00000019485	ENSG00000287984	lincSS.up	1.1.1	51753
ENSCAFG00845029791	ENSCAFG00845029810	lncgDivg	1.1.1	132	ENSG00000137563	ENSG00000253121	lncgDivg	1.1.1	0
ENSCAFG00845029791	ENSCAFG00845029816	lncgDivg	1.1.1	2584	ENSG00000137563	ENSG00000253121	lncgDivg	1.1.1	0
ENSCAFG00845029867	ENSCAFG00845029891	lncgConv	1.1.1	2062	ENSG00000151532	ENSG00000285676	lncgConv	n.n.1	0
ENSCAFG00845029867	ENSCAFG00845029885	lncgSS.dw	1.1.1	2060	ENSG00000151532	ENSG00000260917	lncgSS.dw	1.1.1	4746
ENSCAFG00845029957	ENSCAFG00845029920	lincDivg	n.1.1	11907	ENSG00000187969	ENSG00000271533	lincDivg	1.1.1	90520
ENSCAFG00845029957	ENSCAFG00845029920	lincDivg	n.1.1	11907	ENSG00000187969	ENSG00000230590	lincDivg	n.1.1	10606
ENSCAFG00845030032	ENSCAFG00845030054	lncgSS.dw	1.1.1	1102	ENSG00000182240	ENSG00000224388	lncgSS.dw	1.1.1	0
ENSCAFG00845030101	ENSCAFG00845030113	lincConv	1.1.1	5689	ENSG00000174013	ENSG00000286661	lincConv	1.1.1	9490
ENSCAFG00845030131	ENSCAFG00845030117	lincDivg	1.1.1	9384	ENSG00000174004	ENSG00000232065	lincDivg	1.1.1	6994
ENSCAFG00845030187	ENSCAFG00845030252	lincConv	1.1.1	97404	ENSG00000065802	ENSG00000225493	lincConv	1.1.1	58440
ENSCAFG00845030221	ENSCAFG00845030208	lncgDivg	n.1.1	62912	ENSG00000185668	ENSG00000224592	lncgDivg	n.1.1	521
ENSCAFG00845030270	ENSCAFG00845030254	lincDivg	1.1.1	72938	ENSG00000139174	ENSG00000257114	lincDivg	n.1.1	96840
ENSCAFG00845030270	ENSCAFG00845030254	lincDivg	1.1.1	72938	ENSG00000139174	ENSG00000257164	lincDivg	n.1.1	56228
ENSCAFG00845030270	ENSCAFG00845030257	lincSS.up	1.1.1	94063	ENSG00000139174	ENSG00000257510	lincSS.up	n.1.1	24866
ENSCAFG00845030270	ENSCAFG00845030262	lincSS.up	1.1.1	40483	ENSG00000139174	ENSG00000257510	lincSS.up	n.1.1	24866
ENSCAFG00845030375	ENSCAFG00845030545	lncgConv	1.1.1	1368	ENSG00000151067	ENSG00000256150	lncgConv	n.1.n	0
ENSCAFG00845030375	ENSCAFG00845030542	lncgSS.dw	1.1.1	1365	ENSG00000151067	ENSG00000256721	lncgSS.dw	1.1.1	0
ENSCAFG00845030375	ENSCAFG00845030542	lncgSS.dw	1.1.1	1365	ENSG00000151067	ENSG00000203593	lncgSS.dw	1.1.1	0
ENSCAFG00845030375	ENSCAFG00845030542	lncgSS.dw	1.1.1	1365	ENSG00000151067	ENSG00000256837	lncgSS.dw	1.1.1	0
ENSCAFG00845030505	ENSCAFG00845030524	lncgDivg	1.1.1	2248	ENSG00000165966	ENSG00000257228	lncgDivg	n.n.1	0
ENSCAFG00845030657	ENSCAFG00845030678	lncgDivg	1.1.1	2768	ENSG00000144504	ENSG00000287049	lncgDivg	1.1.1	0
ENSCAFG00845030681	ENSCAFG00845030688	lincSS.up	1.1.1	7711	ENSG00000118971	ENSG00000289105	lincSS.up	1.1.1	60948
ENSCAFG00845030708	ENSCAFG00845030744	lncgDivg	1.1.1	4648	ENSG00000138606	ENSG00000259519	lncgDivg	1.1.1	0
ENSCAFG00845030708	ENSCAFG00845030742	lncgSS.up	1.1.1	2258	ENSG00000138606	ENSG00000259932	lncgSS.up	1.1.1	0
ENSCAFG00845030708	ENSCAFG00845030742	lncgSS.up	1.1.1	2258	ENSG00000138606	ENSG00000260035	lncgSS.up	1.1.1	0
ENSCAFG00845030859	ENSCAFG00845030880	lincSS.dw	1.1.1	16899	ENSG00000165832	ENSG00000236799	lincSS.dw	1.1.1	16981
ENSCAFG00845030859	ENSCAFG00845030878	lincSS.dw	1.1.1	6255	ENSG00000165832	ENSG00000236799	lincSS.dw	1.1.1	16981
ENSCAFG00845031029	ENSCAFG00845031023	lincConv	1.1.1	5199	ENSG00000261115	ENSG00000261797	lincConv	1.1.1	32318
ENSCAFG00845031062	ENSCAFG00845031055	lncgDivg	1.1.1	2201	ENSG00000146966	ENSG00000285904	lncgDivg	1.1.1	0
