PCG.Mus_musculus	lncRNA.Mus_musculus	conf.Mus_musculus	class.Mus_musculus	distance.Mus_musculus	PCG.Homo_sapiens	lncRNA.Homo_sapiens	conf.Homo_sapiens	class.Homo_sapiens	distance.Homo_sapiens
ENSMUSG00000000078	ENSMUSG00000120440	lincDivg	1.1.1	15680	ENSG00000067082	ENSG00000287175	lincDivg	1.1.1	24554
ENSMUSG00000000078	ENSMUSG00000120440	lincDivg	1.1.1	15680	ENSG00000067082	ENSG00000230573	lincDivg	1.1.1	48669
ENSMUSG00000000078	ENSMUSG00000100625	lncgDivg	n.1.1	3390	ENSG00000067082	ENSG00000288755	lncgDivg	1.1.1	270
ENSMUSG00000000093	ENSMUSG00000069785	lncgConv	1.1.1	4842	ENSG00000121068	ENSG00000267280	lncgConv	n.n.n	0
ENSMUSG00000000120	ENSMUSG00000084856	lincDivg	1.1.1	34925	ENSG00000064300	ENSG00000249497	lincDivg	1.1.1	33544
ENSMUSG00000000184	ENSMUSG00000107013	lincSS.up	1.1.1	99445	ENSG00000118971	ENSG00000289105	lincSS.up	1.1.1	60948
ENSMUSG00000000184	ENSMUSG00000097166	lncgDivg	n.1.1	0	ENSG00000118971	ENSG00000290063	lncgDivg	1.1.1	0
ENSMUSG00000000184	ENSMUSG00000097166	lncgDivg	n.1.1	0	ENSG00000118971	ENSG00000255920	lncgDivg	n.n.n	0
ENSMUSG00000000194	ENSMUSG00000087269	lncgDivg	n.n.1	0	ENSG00000148358	ENSG00000289226	lncgDivg	1.1.1	0
ENSMUSG00000000194	ENSMUSG00000087430	lncgDivg	1.1.1	0	ENSG00000148358	ENSG00000289226	lncgDivg	1.1.1	0
ENSMUSG00000000247	ENSMUSG00000098383	lncgDivg	1.1.1	0	ENSG00000106689	ENSG00000236668	lncgDivg	1.1.1	0
ENSMUSG00000000247	ENSMUSG00000098383	lncgDivg	1.1.1	0	ENSG00000106689	ENSG00000234921	lncgDivg	1.1.1	0
ENSMUSG00000000247	ENSMUSG00000087539	lncgDivg	1.1.1	0	ENSG00000106689	ENSG00000236668	lncgDivg	1.1.1	0
ENSMUSG00000000247	ENSMUSG00000087539	lncgDivg	1.1.1	0	ENSG00000106689	ENSG00000234921	lncgDivg	1.1.1	0
ENSMUSG00000000441	ENSMUSG00000107994	lncgDivg	n.1.1	0	ENSG00000132155	ENSG00000290072	lncgDivg	1.1.1	109
ENSMUSG00000000489	ENSMUSG00000116125	lncgDivg	1.1.1	0	ENSG00000100311	ENSG00000284633	lncgDivg	n.n.1	0
ENSMUSG00000000538	ENSMUSG00000085132	lncgDivg	1.1.1	0	ENSG00000175662	ENSG00000197815	lncgDivg	1.1.1	0
ENSMUSG00000000561	ENSMUSG00000105852	lncgSS.dw	n.n.n	0	ENSG00000116455	ENSG00000243960	lncgSS.dw	n.1.1	0
ENSMUSG00000000567	ENSMUSG00000075437	lncgConv	1.1.1	4971	ENSG00000125398	ENSG00000288605	lncgConv	n.n.1	0
ENSMUSG00000000568	ENSMUSG00000091623	lncgDivg	n.n.1	0	ENSG00000138668	ENSG00000272677	lncgDivg	n.n.1	0
ENSMUSG00000000628	ENSMUSG00000108015	lincDivg	n.1.1	48760	ENSG00000159399	ENSG00000287687	lincDivg	n.n.n	55385
ENSMUSG00000000628	ENSMUSG00000109556	lincSS.up	1.1.1	29311	ENSG00000159399	ENSG00000286739	lincSS.up	n.n.n	28148
ENSMUSG00000000628	ENSMUSG00000090293	lncgDivg	1.1.1	0	ENSG00000159399	ENSG00000272711	lncgDivg	1.1.1	140
ENSMUSG00000000673	ENSMUSG00000121087	lncgDivg	1.1.1	0	ENSG00000162882	ENSG00000288886	lncgDivg	n.n.1	0
ENSMUSG00000000673	ENSMUSG00000121087	lncgDivg	1.1.1	0	ENSG00000162882	ENSG00000289082	lncgDivg	1.1.1	2733
ENSMUSG00000000686	ENSMUSG00000072673	lncgDivg	1.1.1	0	ENSG00000168792	ENSG00000264031	lncgDivg	1.1.1	0
ENSMUSG00000000759	ENSMUSG00000074469	lincSS.up	1.1.1	34696	ENSG00000126216	ENSG00000277159	lincSS.up	1.1.1	14623
ENSMUSG00000000823	ENSMUSG00000010492	lncgConv	n.n.n	0	ENSG00000196700	ENSG00000280213	lncgConv	1.1.1	0
ENSMUSG00000000861	ENSMUSG00000086117	lincConv	1.1.1	24614	ENSG00000119866	ENSG00000287640	lincConv	1.1.1	64726
ENSMUSG00000000861	ENSMUSG00000085579	lincSS.dw	1.1.1	27295	ENSG00000119866	ENSG00000228590	lincSS.dw	n.1.1	10692
ENSMUSG00000000861	ENSMUSG00000120674	lincSS.dw	n.1.1	81537	ENSG00000119866	ENSG00000228590	lincSS.dw	n.1.1	10692
ENSMUSG00000000861	ENSMUSG00000086612	lncgDivg	1.1.1	0	ENSG00000119866	ENSG00000233953	lncgDivg	1.1.1	0
ENSMUSG00000000861	ENSMUSG00000085516	lncgDivg	n.n.1	0	ENSG00000119866	ENSG00000233953	lncgDivg	1.1.1	0
ENSMUSG00000000976	ENSMUSG00000120523	lncgDivg	1.1.1	26	ENSG00000068097	ENSG00000267416	lncgDivg	n.1.1	387
ENSMUSG00000001014	ENSMUSG00000110790	lncgConv	1.1.1	0	ENSG00000105371	ENSG00000267607	lncgConv	1.1.1	0
ENSMUSG00000001036	ENSMUSG00000085459	lncgDivg	1.1.1	0	ENSG00000072134	ENSG00000235397	lncgDivg	1.1.1	0
ENSMUSG00000001039	ENSMUSG00000060808	lncgDivg	1.1.1	85	ENSG00000108641	ENSG00000286799	lncgDivg	1.1.1	0
ENSMUSG00000001134	ENSMUSG00000086877	lncgDivg	n.n.1	0	ENSG00000126756	ENSG00000267064	lncgDivg	n.n.1	0
ENSMUSG00000001138	ENSMUSG00000102845	lncgDivg	1.1.1	0	ENSG00000168763	ENSG00000289135	lncgDivg	1.1.1	167
ENSMUSG00000001175	ENSMUSG00000113362	lincConv	n.1.1	27940	ENSG00000198668	ENSG00000258678	lincConv	n.1.1	43795
ENSMUSG00000001175	ENSMUSG00000072884	lincSS.up	n.1.1	5895	ENSG00000198668	ENSG00000275198	lincSS.up	1.1.1	8529
ENSMUSG00000001247	ENSMUSG00000097750	lncgConv	n.1.1	0	ENSG00000105699	ENSG00000288942	lncgConv	1.1.1	0
ENSMUSG00000001247	ENSMUSG00000090357	lncgConv	1.1.1	0	ENSG00000105699	ENSG00000288942	lncgConv	1.1.1	0
ENSMUSG00000001248	ENSMUSG00000097149	lncgDivg	1.1.1	0	ENSG00000089351	ENSG00000269303	lncgDivg	1.1.1	0
ENSMUSG00000001248	ENSMUSG00000097149	lncgDivg	1.1.1	0	ENSG00000089351	ENSG00000271032	lncgDivg	1.1.1	0
ENSMUSG00000001248	ENSMUSG00000100985	lncgDivg	n.n.1	0	ENSG00000089351	ENSG00000269303	lncgDivg	1.1.1	0
ENSMUSG00000001248	ENSMUSG00000100985	lncgDivg	n.n.1	0	ENSG00000089351	ENSG00000271032	lncgDivg	1.1.1	0
ENSMUSG00000001419	ENSMUSG00000097428	lincSS.dw	n.1.1	28537	ENSG00000116604	ENSG00000125462	lincSS.dw	n.n.n	33026
ENSMUSG00000001419	ENSMUSG00000120112	lncgDivg	1.1.1	176	ENSG00000116604	ENSG00000288835	lncgDivg	1.1.1	2304
ENSMUSG00000001419	ENSMUSG00000120121	lncgDivg	1.1.1	2904	ENSG00000116604	ENSG00000288835	lncgDivg	1.1.1	2304
ENSMUSG00000001436	ENSMUSG00000112773	lncgDivg	1.1.1	2666	ENSG00000173638	ENSG00000288885	lncgDivg	1.1.1	0
ENSMUSG00000001440	ENSMUSG00000121247	lncgDivg	1.1.1	0	ENSG00000108424	ENSG00000264558	lncgDivg	1.1.1	0
ENSMUSG00000001440	ENSMUSG00000084936	lncgDivg	1.1.1	0	ENSG00000108424	ENSG00000264558	lncgDivg	1.1.1	0
ENSMUSG00000001496	ENSMUSG00000098172	lncgDivg	n.n.1	0	ENSG00000136352	ENSG00000253563	lncgDivg	1.1.1	0
ENSMUSG00000001497	ENSMUSG00000089894	lncgDivg	1.1.1	0	ENSG00000198807	ENSG00000258661	lncgDivg	1.1.1	0
ENSMUSG00000001504	ENSMUSG00000093587	lncgDivg	1.1.1	181	ENSG00000170561	ENSG00000186493	lncgDivg	n.1.1	454
ENSMUSG00000001504	ENSMUSG00000093587	lncgDivg	1.1.1	181	ENSG00000170561	ENSG00000289075	lncgDivg	1.1.1	4788
ENSMUSG00000001507	ENSMUSG00000120792	lncgDivg	1.1.1	146	ENSG00000005884	ENSG00000246640	lncgDivg	n.1.1	222
ENSMUSG00000001741	ENSMUSG00000085080	lncgDivg	1.1.1	0	ENSG00000172349	ENSG00000271725	lncgDivg	1.1.1	0
ENSMUSG00000001794	ENSMUSG00000097817	lncgDivg	n.1.1	0	ENSG00000126247	ENSG00000270760	lncgDivg	1.1.1	0
ENSMUSG00000001833	ENSMUSG00000120169	lncgDivg	1.1.1	0	ENSG00000122545	ENSG00000228878	lncgDivg	n.n.1	0
ENSMUSG00000001844	ENSMUSG00000089889	lncgDivg	n.n.1	0	ENSG00000136247	ENSG00000232581	lncgDivg	1.1.1	0
ENSMUSG00000001855	ENSMUSG00000086192	lncgDivg	1.1.1	0	ENSG00000126883	ENSG00000246851	lncgDivg	1.1.1	0
ENSMUSG00000001855	ENSMUSG00000086192	lncgDivg	1.1.1	0	ENSG00000126883	ENSG00000288727	lncgDivg	1.1.1	0
ENSMUSG00000001855	ENSMUSG00000086192	lncgDivg	1.1.1	0	ENSG00000126883	ENSG00000236986	lncgDivg	n.n.1	0
ENSMUSG00000001891	ENSMUSG00000087253	lncgDivg	1.1.1	0	ENSG00000169764	ENSG00000289943	lncgDivg	1.1.1	128
ENSMUSG00000001911	ENSMUSG00000074203	lncgDivg	1.1.1	0	ENSG00000008441	ENSG00000267417	lncgDivg	1.1.1	0
ENSMUSG00000001911	ENSMUSG00000074203	lncgDivg	1.1.1	0	ENSG00000008441	ENSG00000267610	lncgDivg	1.1.1	0
ENSMUSG00000002020	ENSMUSG00000120627	lncgDivg	n.1.1	0	ENSG00000119681	ENSG00000258425	lncgDivg	1.1.1	0
ENSMUSG00000002020	ENSMUSG00000092130	lncgDivg	n.1.1	0	ENSG00000119681	ENSG00000258425	lncgDivg	1.1.1	0
ENSMUSG00000002068	ENSMUSG00000108334	lincConv	1.1.1	21883	ENSG00000105173	ENSG00000286538	lincConv	1.1.1	14220
ENSMUSG00000002105	ENSMUSG00000120441	lncgDivg	1.1.1	0	ENSG00000165915	ENSG00000255197	lncgDivg	n.n.n	0
ENSMUSG00000002107	ENSMUSG00000087079	lncgDivg	1.1.1	0	ENSG00000048740	ENSG00000229240	lncgDivg	n.1.1	0
ENSMUSG00000002107	ENSMUSG00000087079	lncgDivg	1.1.1	0	ENSG00000048740	ENSG00000230322	lncgDivg	1.1.1	0
ENSMUSG00000002107	ENSMUSG00000087079	lncgDivg	1.1.1	0	ENSG00000048740	ENSG00000237986	lncgDivg	n.1.1	0
ENSMUSG00000002107	ENSMUSG00000087079	lncgDivg	1.1.1	0	ENSG00000048740	ENSG00000181800	lncgDivg	1.1.1	0
ENSMUSG00000002107	ENSMUSG00000087079	lncgDivg	1.1.1	0	ENSG00000048740	ENSG00000228027	lncgDivg	1.1.1	0
ENSMUSG00000002107	ENSMUSG00000087079	lncgDivg	1.1.1	0	ENSG00000048740	ENSG00000229206	lncgDivg	1.1.1	0
ENSMUSG00000002107	ENSMUSG00000087079	lncgDivg	1.1.1	0	ENSG00000048740	ENSG00000225383	lncgDivg	n.1.1	3350
ENSMUSG00000002109	ENSMUSG00000120340	lncgDivg	n.1.1	142	ENSG00000134574	ENSG00000256897	lncgDivg	1.1.1	0
ENSMUSG00000002221	ENSMUSG00000120915	lncgDivg	1.1.1	38	ENSG00000157212	ENSG00000273344	lncgDivg	1.1.1	297
ENSMUSG00000002221	ENSMUSG00000120915	lncgDivg	1.1.1	38	ENSG00000157212	ENSG00000273183	lncgDivg	1.1.1	0
ENSMUSG00000002221	ENSMUSG00000120915	lncgDivg	1.1.1	38	ENSG00000157212	ENSG00000272760	lncgDivg	1.1.1	0
ENSMUSG00000002416	ENSMUSG00000086582	lncgDivg	1.1.1	0	ENSG00000090266	ENSG00000240889	lncgDivg	1.1.1	0
ENSMUSG00000002459	ENSMUSG00000085623	lncgDivg	1.1.1	0	ENSG00000147509	ENSG00000272457	lncgDivg	1.1.1	0
ENSMUSG00000002475	ENSMUSG00000097387	lncgDivg	1.1.1	89	ENSG00000158201	ENSG00000265656	lncgDivg	1.1.1	0
ENSMUSG00000002489	ENSMUSG00000120080	lncgDivg	1.1.1	205	ENSG00000156299	ENSG00000237594	lncgDivg	1.1.1	0
ENSMUSG00000002489	ENSMUSG00000120080	lncgDivg	1.1.1	205	ENSG00000156299	ENSG00000286643	lncgDivg	1.1.1	0
ENSMUSG00000002578	ENSMUSG00000097372	lncgDivg	1.1.1	0	ENSG00000123411	ENSG00000273890	lncgDivg	1.1.1	0
ENSMUSG00000002668	ENSMUSG00000119983	lncgDivg	1.1.1	61	ENSG00000205744	ENSG00000275234	lncgDivg	1.1.1	0
ENSMUSG00000002844	ENSMUSG00000097576	lncgDivg	n.n.1	0	ENSG00000144843	ENSG00000272967	lncgDivg	1.1.1	0
ENSMUSG00000002846	ENSMUSG00000120288	lncgDivg	1.1.1	83	ENSG00000113845	ENSG00000272662	lncgDivg	1.1.1	366
ENSMUSG00000002871	ENSMUSG00000055403	lincSS.dw	n.1.1	38445	ENSG00000163870	ENSG00000239921	lincSS.dw	n.1.1	33415
ENSMUSG00000003031	ENSMUSG00000107730	lncgConv	1.1.1	3479	ENSG00000111276	ENSG00000256658	lncgConv	1.1.1	928
ENSMUSG00000003032	ENSMUSG00000120546	lncgDivg	1.1.1	270	ENSG00000136826	ENSG00000289987	lncgDivg	1.1.1	0
ENSMUSG00000003033	ENSMUSG00000120692	lincSS.dw	1.1.1	11226	ENSG00000072958	ENSG00000289333	lincSS.dw	1.1.1	37914
ENSMUSG00000003123	ENSMUSG00000053714	lncgConv	n.n.n	0	ENSG00000079435	ENSG00000213904	lncgConv	n.n.n	0
ENSMUSG00000003161	ENSMUSG00000086528	lncgDivg	1.1.1	0	ENSG00000075142	ENSG00000254003	lncgDivg	1.1.1	0
ENSMUSG00000003271	ENSMUSG00000109602	lncgDivg	1.1.1	0	ENSG00000088002	ENSG00000287603	lncgDivg	1.1.1	0
ENSMUSG00000003279	ENSMUSG00000097282	lncgDivg	1.1.1	0	ENSG00000170579	ENSG00000261520	lncgDivg	n.1.1	0
ENSMUSG00000003279	ENSMUSG00000097282	lncgDivg	1.1.1	0	ENSG00000170579	ENSG00000262001	lncgDivg	n.1.1	0
ENSMUSG00000003279	ENSMUSG00000097282	lncgDivg	1.1.1	0	ENSG00000170579	ENSG00000266401	lncgDivg	n.1.1	0
ENSMUSG00000003279	ENSMUSG00000097282	lncgDivg	1.1.1	0	ENSG00000170579	ENSG00000177337	lncgDivg	n.1.1	0
ENSMUSG00000003279	ENSMUSG00000097282	lncgDivg	1.1.1	0	ENSG00000170579	ENSG00000263724	lncgDivg	n.n.1	0
ENSMUSG00000003279	ENSMUSG00000097282	lncgDivg	1.1.1	0	ENSG00000170579	ENSG00000263878	lncgDivg	n.n.1	0
ENSMUSG00000003279	ENSMUSG00000117231	lncgDivg	n.n.1	0	ENSG00000170579	ENSG00000261520	lncgDivg	n.1.1	0
ENSMUSG00000003279	ENSMUSG00000117231	lncgDivg	n.n.1	0	ENSG00000170579	ENSG00000262001	lncgDivg	n.1.1	0
ENSMUSG00000003279	ENSMUSG00000117231	lncgDivg	n.n.1	0	ENSG00000170579	ENSG00000266401	lncgDivg	n.1.1	0
ENSMUSG00000003279	ENSMUSG00000117231	lncgDivg	n.n.1	0	ENSG00000170579	ENSG00000177337	lncgDivg	n.1.1	0
ENSMUSG00000003279	ENSMUSG00000117231	lncgDivg	n.n.1	0	ENSG00000170579	ENSG00000263724	lncgDivg	n.n.1	0
ENSMUSG00000003279	ENSMUSG00000117231	lncgDivg	n.n.1	0	ENSG00000170579	ENSG00000263878	lncgDivg	n.n.1	0
ENSMUSG00000003418	ENSMUSG00000104354	lncgDivg	1.1.1	0	ENSG00000148488	ENSG00000204832	lncgDivg	n.1.1	0
ENSMUSG00000003452	ENSMUSG00000096299	lncgSS.dw	n.1.1	2720	ENSG00000151746	ENSG00000276115	lncgSS.dw	1.1.1	0
ENSMUSG00000003452	ENSMUSG00000096299	lncgSS.dw	n.1.1	2720	ENSG00000151746	ENSG00000274964	lncgSS.dw	1.1.1	0
ENSMUSG00000003452	ENSMUSG00000096299	lncgSS.dw	n.1.1	2720	ENSG00000151746	ENSG00000277342	lncgSS.dw	1.1.1	0
ENSMUSG00000003528	ENSMUSG00000120128	lncgSS.dw	1.1.1	3303	ENSG00000100075	ENSG00000289481	lncgSS.dw	1.1.1	3967
ENSMUSG00000003534	ENSMUSG00000086867	lncgDivg	1.1.1	0	ENSG00000204580	ENSG00000237775	lncgDivg	1.1.1	503
ENSMUSG00000003534	ENSMUSG00000120061	lncgDivg	1.1.1	286	ENSG00000204580	ENSG00000237775	lncgDivg	1.1.1	503
ENSMUSG00000003644	ENSMUSG00000084789	lincConv	1.1.1	29676	ENSG00000117676	ENSG00000289452	lincConv	1.1.1	45677
ENSMUSG00000003680	ENSMUSG00000120814	lncgDivg	1.1.1	0	ENSG00000162227	ENSG00000269176	lncgDivg	1.1.1	0
ENSMUSG00000003680	ENSMUSG00000120814	lncgDivg	1.1.1	0	ENSG00000162227	ENSG00000267811	lncgDivg	1.1.1	0
ENSMUSG00000003721	ENSMUSG00000101700	lincConv	1.1.1	76827	ENSG00000125629	ENSG00000226856	lincConv	n.1.1	21131
ENSMUSG00000003746	ENSMUSG00000097069	lncgDivg	1.1.1	0	ENSG00000111885	ENSG00000287100	lncgDivg	n.1.1	125
ENSMUSG00000003746	ENSMUSG00000112824	lncgDivg	1.1.1	0	ENSG00000111885	ENSG00000287100	lncgDivg	n.1.1	125
ENSMUSG00000003814	ENSMUSG00000087685	lncgDivg	n.1.1	254	ENSG00000179218	ENSG00000267458	lncgDivg	1.1.1	0
ENSMUSG00000003992	ENSMUSG00000099340	lincDivg	1.1.1	85989	ENSG00000145687	ENSG00000249483	lincDivg	1.1.1	99804
ENSMUSG00000003992	ENSMUSG00000099340	lincDivg	1.1.1	85989	ENSG00000145687	ENSG00000287938	lincDivg	1.1.1	65734
ENSMUSG00000003992	ENSMUSG00000097182	lincDivg	n.1.1	72154	ENSG00000145687	ENSG00000249483	lincDivg	1.1.1	99804
ENSMUSG00000003992	ENSMUSG00000097182	lincDivg	n.1.1	72154	ENSG00000145687	ENSG00000287938	lincDivg	1.1.1	65734
ENSMUSG00000004018	ENSMUSG00000120289	lncgDivg	1.1.1	0	ENSG00000115392	ENSG00000273063	lncgDivg	1.1.1	0
ENSMUSG00000004113	ENSMUSG00000085330	lincSS.dw	1.1.1	37190	ENSG00000148408	ENSG00000290588	lincSS.dw	n.1.1	25451
ENSMUSG00000004113	ENSMUSG00000085330	lincSS.dw	1.1.1	37190	ENSG00000148408	ENSG00000290585	lincSS.dw	n.1.1	92444
ENSMUSG00000004264	ENSMUSG00000087327	lncgConv	1.1.1	0	ENSG00000215021	ENSG00000257084	lncgConv	1.1.1	880
ENSMUSG00000004264	ENSMUSG00000087327	lncgConv	1.1.1	0	ENSG00000215021	ENSG00000271969	lncgConv	1.1.1	0
ENSMUSG00000004591	ENSMUSG00000106550	lncgDivg	1.1.1	0	ENSG00000065243	ENSG00000237505	lncgDivg	n.1.1	0
ENSMUSG00000004591	ENSMUSG00000097858	lncgDivg	1.1.1	491	ENSG00000065243	ENSG00000237505	lncgDivg	n.1.1	0
ENSMUSG00000004633	ENSMUSG00000073067	lncgConv	n.n.n	0	ENSG00000106069	ENSG00000223813	lncgConv	n.n.n	0
ENSMUSG00000004633	ENSMUSG00000087670	lncgDivg	1.1.1	0	ENSG00000106069	ENSG00000235669	lncgDivg	1.1.1	0
ENSMUSG00000004633	ENSMUSG00000121002	lncgDivg	1.1.1	0	ENSG00000106069	ENSG00000235669	lncgDivg	1.1.1	0
ENSMUSG00000004633	ENSMUSG00000086946	lncgDivg	n.n.1	0	ENSG00000106069	ENSG00000235669	lncgDivg	1.1.1	0
ENSMUSG00000004637	ENSMUSG00000089797	lncgDivg	1.1.1	0	ENSG00000186153	ENSG00000260969	lncgDivg	n.1.1	0
ENSMUSG00000004637	ENSMUSG00000089797	lncgDivg	1.1.1	0	ENSG00000186153	ENSG00000287106	lncgDivg	1.1.1	0
ENSMUSG00000004637	ENSMUSG00000089797	lncgDivg	1.1.1	0	ENSG00000186153	ENSG00000285918	lncgDivg	1.1.1	0
ENSMUSG00000004637	ENSMUSG00000089797	lncgDivg	1.1.1	0	ENSG00000186153	ENSG00000277954	lncgDivg	1.1.1	0
ENSMUSG00000004637	ENSMUSG00000089797	lncgDivg	1.1.1	0	ENSG00000186153	ENSG00000260733	lncgDivg	1.1.1	0
ENSMUSG00000004637	ENSMUSG00000089797	lncgDivg	1.1.1	0	ENSG00000186153	ENSG00000260694	lncgDivg	1.1.1	0
ENSMUSG00000004637	ENSMUSG00000089797	lncgDivg	1.1.1	0	ENSG00000186153	ENSG00000286894	lncgDivg	1.1.1	0
ENSMUSG00000004637	ENSMUSG00000090217	lncgDivg	1.1.1	0	ENSG00000186153	ENSG00000260969	lncgDivg	n.1.1	0
ENSMUSG00000004637	ENSMUSG00000090217	lncgDivg	1.1.1	0	ENSG00000186153	ENSG00000287106	lncgDivg	1.1.1	0
ENSMUSG00000004637	ENSMUSG00000090217	lncgDivg	1.1.1	0	ENSG00000186153	ENSG00000285918	lncgDivg	1.1.1	0
ENSMUSG00000004637	ENSMUSG00000090217	lncgDivg	1.1.1	0	ENSG00000186153	ENSG00000277954	lncgDivg	1.1.1	0
ENSMUSG00000004637	ENSMUSG00000090217	lncgDivg	1.1.1	0	ENSG00000186153	ENSG00000260733	lncgDivg	1.1.1	0
ENSMUSG00000004637	ENSMUSG00000090217	lncgDivg	1.1.1	0	ENSG00000186153	ENSG00000260694	lncgDivg	1.1.1	0
ENSMUSG00000004637	ENSMUSG00000090217	lncgDivg	1.1.1	0	ENSG00000186153	ENSG00000286894	lncgDivg	1.1.1	0
ENSMUSG00000004637	ENSMUSG00000089723	lncgDivg	1.1.1	0	ENSG00000186153	ENSG00000260969	lncgDivg	n.1.1	0
ENSMUSG00000004637	ENSMUSG00000089723	lncgDivg	1.1.1	0	ENSG00000186153	ENSG00000287106	lncgDivg	1.1.1	0
ENSMUSG00000004637	ENSMUSG00000089723	lncgDivg	1.1.1	0	ENSG00000186153	ENSG00000285918	lncgDivg	1.1.1	0
ENSMUSG00000004637	ENSMUSG00000089723	lncgDivg	1.1.1	0	ENSG00000186153	ENSG00000277954	lncgDivg	1.1.1	0
ENSMUSG00000004637	ENSMUSG00000089723	lncgDivg	1.1.1	0	ENSG00000186153	ENSG00000260733	lncgDivg	1.1.1	0
ENSMUSG00000004637	ENSMUSG00000089723	lncgDivg	1.1.1	0	ENSG00000186153	ENSG00000260694	lncgDivg	1.1.1	0
ENSMUSG00000004637	ENSMUSG00000089723	lncgDivg	1.1.1	0	ENSG00000186153	ENSG00000286894	lncgDivg	1.1.1	0
ENSMUSG00000004872	ENSMUSG00000120041	lncgDivg	n.1.1	4063	ENSG00000135903	ENSG00000163081	lncgDivg	n.n.1	0
ENSMUSG00000004880	ENSMUSG00000056699	lincSS.up	1.1.1	8528	ENSG00000143815	ENSG00000234476	lincSS.up	n.n.n	18308
ENSMUSG00000004939	ENSMUSG00000085779	lncgConv	n.1.n	0	ENSG00000077009	ENSG00000289254	lncgConv	1.1.1	0
ENSMUSG00000005087	ENSMUSG00000121264	lncgDivg	1.1.1	0	ENSG00000026508	ENSG00000255521	lncgDivg	n.n.1	0
ENSMUSG00000005087	ENSMUSG00000121264	lncgDivg	1.1.1	0	ENSG00000026508	ENSG00000255443	lncgDivg	1.1.1	0
ENSMUSG00000005089	ENSMUSG00000087185	lncgDivg	n.n.1	0	ENSG00000110436	ENSG00000255004	lncgDivg	1.1.1	0
ENSMUSG00000005089	ENSMUSG00000087185	lncgDivg	n.n.1	0	ENSG00000110436	ENSG00000255542	lncgDivg	1.1.1	0
ENSMUSG00000005103	ENSMUSG00000121120	lncgDivg	1.1.1	0	ENSG00000071127	ENSG00000289865	lncgDivg	1.1.1	117
ENSMUSG00000005220	ENSMUSG00000093771	lncgSS.up	1.1.1	0	ENSG00000145244	ENSG00000259959	lncgSS.up	1.1.1	2016
ENSMUSG00000005312	ENSMUSG00000119985	lncgDivg	1.1.1	13	ENSG00000135018	ENSG00000254473	lncgDivg	n.n.1	0
ENSMUSG00000005417	ENSMUSG00000086330	lncgDivg	n.n.1	0	ENSG00000133030	ENSG00000225442	lncgDivg	1.1.1	0
ENSMUSG00000005417	ENSMUSG00000086330	lncgDivg	n.n.1	0	ENSG00000133030	ENSG00000287910	lncgDivg	1.1.1	152
ENSMUSG00000005417	ENSMUSG00000086330	lncgDivg	n.n.1	0	ENSG00000133030	ENSG00000263624	lncgDivg	1.1.1	0
ENSMUSG00000005417	ENSMUSG00000086536	lncgDivg	1.1.1	0	ENSG00000133030	ENSG00000225442	lncgDivg	1.1.1	0
ENSMUSG00000005417	ENSMUSG00000086536	lncgDivg	1.1.1	0	ENSG00000133030	ENSG00000287910	lncgDivg	1.1.1	152
ENSMUSG00000005417	ENSMUSG00000086536	lncgDivg	1.1.1	0	ENSG00000133030	ENSG00000263624	lncgDivg	1.1.1	0
ENSMUSG00000005503	ENSMUSG00000086126	lncgDivg	n.1.1	0	ENSG00000106038	ENSG00000253308	lncgDivg	1.1.1	1472
ENSMUSG00000005503	ENSMUSG00000086126	lncgDivg	n.1.1	0	ENSG00000106038	ENSG00000253405	lncgDivg	n.1.1	0
ENSMUSG00000005583	ENSMUSG00000097265	lincConv	n.n.1	0	ENSG00000081189	ENSG00000250555	lincConv	1.1.1	24258
ENSMUSG00000005583	ENSMUSG00000097265	lincConv	n.n.1	0	ENSG00000081189	ENSG00000245864	lincConv	n.n.1	0
ENSMUSG00000005583	ENSMUSG00000097265	lincConv	n.n.1	0	ENSG00000081189	ENSG00000289008	lincConv	1.1.1	30958
ENSMUSG00000005583	ENSMUSG00000050334	lincSS.dw	n.1.1	48182	ENSG00000081189	ENSG00000250377	lincSS.dw	n.1.1	22076
ENSMUSG00000005583	ENSMUSG00000050334	lincSS.dw	n.1.1	48182	ENSG00000081189	ENSG00000245526	lincSS.dw	n.1.1	26060
ENSMUSG00000005615	ENSMUSG00000116714	lncgDivg	1.1.1	0	ENSG00000161217	ENSG00000228028	lncgDivg	n.1.1	0
ENSMUSG00000005672	ENSMUSG00000106726	lincConv	1.1.1	96834	ENSG00000157404	ENSG00000249727	lincConv	n.1.1	95258
ENSMUSG00000005698	ENSMUSG00000098120	lncgDivg	n.1.1	0	ENSG00000102974	ENSG00000261386	lncgDivg	n.n.n	0
ENSMUSG00000005698	ENSMUSG00000098120	lncgDivg	n.1.1	0	ENSG00000102974	ENSG00000237718	lncgDivg	1.1.1	0
ENSMUSG00000005698	ENSMUSG00000098120	lncgDivg	n.1.1	0	ENSG00000102974	ENSG00000259804	lncgDivg	1.1.1	158
ENSMUSG00000005705	ENSMUSG00000104168	lncgConv	n.n.1	0	ENSG00000159723	ENSG00000270049	lncgConv	n.n.n	0
ENSMUSG00000005763	ENSMUSG00000102154	lncgDivg	1.1.1	0	ENSG00000198821	ENSG00000287218	lncgDivg	1.1.1	0
ENSMUSG00000005763	ENSMUSG00000089829	lncgSS.up	n.n.n	0	ENSG00000198821	ENSG00000273160	lncgSS.up	1.1.1	0
ENSMUSG00000005763	ENSMUSG00000089829	lncgSS.up	n.n.n	0	ENSG00000198821	ENSG00000233411	lncgSS.up	1.1.1	0
ENSMUSG00000005804	ENSMUSG00000085633	lncgDivg	n.1.1	141	ENSG00000104164	ENSG00000275709	lncgDivg	1.1.1	910
ENSMUSG00000005836	ENSMUSG00000097222	lncgDivg	n.n.1	0	ENSG00000141448	ENSG00000264012	lncgDivg	1.1.1	0
ENSMUSG00000005836	ENSMUSG00000097222	lncgDivg	n.n.1	0	ENSG00000141448	ENSG00000266010	lncgDivg	n.n.1	0
ENSMUSG00000005886	ENSMUSG00000101476	lncgDivg	1.1.1	1987	ENSG00000140396	ENSG00000288966	lncgDivg	1.1.1	1630
ENSMUSG00000005980	ENSMUSG00000084790	lncgDivg	n.1.1	0	ENSG00000213918	ENSG00000263235	lncgDivg	1.1.1	0
ENSMUSG00000006007	ENSMUSG00000099447	lncgConv	1.1.1	0	ENSG00000116703	ENSG00000229739	lncgConv	n.n.1	0
ENSMUSG00000006262	ENSMUSG00000121172	lncgDivg	1.1.1	39	ENSG00000173542	ENSG00000289019	lncgDivg	1.1.1	74
ENSMUSG00000006362	ENSMUSG00000090174	lncgDivg	1.1.1	0	ENSG00000129993	ENSG00000259881	lncgDivg	n.n.1	0
ENSMUSG00000006362	ENSMUSG00000090174	lncgDivg	1.1.1	0	ENSG00000129993	ENSG00000205018	lncgDivg	1.1.1	0
ENSMUSG00000006435	ENSMUSG00000118127	lncgDivg	1.1.1	0	ENSG00000107954	ENSG00000235470	lncgDivg	n.n.1	0
ENSMUSG00000006435	ENSMUSG00000118127	lncgDivg	1.1.1	0	ENSG00000107954	ENSG00000287419	lncgDivg	1.1.1	0
ENSMUSG00000006435	ENSMUSG00000117659	lncgDivg	1.1.1	0	ENSG00000107954	ENSG00000235470	lncgDivg	n.n.1	0
ENSMUSG00000006435	ENSMUSG00000117659	lncgDivg	1.1.1	0	ENSG00000107954	ENSG00000287419	lncgDivg	1.1.1	0
ENSMUSG00000006574	ENSMUSG00000087330	lincSS.up	1.1.1	9346	ENSG00000004939	ENSG00000285486	lincSS.up	1.1.1	8227
ENSMUSG00000006705	ENSMUSG00000117818	lincDivg	1.1.1	12477	ENSG00000160199	ENSG00000224100	lincDivg	1.1.1	9147
ENSMUSG00000006906	ENSMUSG00000108660	lncgDivg	1.1.1	0	ENSG00000124356	ENSG00000286244	lncgDivg	1.1.1	0
ENSMUSG00000006906	ENSMUSG00000108660	lncgDivg	1.1.1	0	ENSG00000124356	ENSG00000287250	lncgDivg	1.1.1	4323
ENSMUSG00000006932	ENSMUSG00000100146	lincDivg	1.1.1	13964	ENSG00000168036	ENSG00000233919	lincDivg	1.1.1	26194
ENSMUSG00000006932	ENSMUSG00000111528	lincDivg	1.1.1	47244	ENSG00000168036	ENSG00000233919	lincDivg	1.1.1	26194
ENSMUSG00000006932	ENSMUSG00000110730	lincDivg	1.1.1	62460	ENSG00000168036	ENSG00000233919	lincDivg	1.1.1	26194
ENSMUSG00000006932	ENSMUSG00000110911	lincDivg	1.1.1	83035	ENSG00000168036	ENSG00000233919	lincDivg	1.1.1	26194
ENSMUSG00000006932	ENSMUSG00000111445	lincDivg	1.1.1	58186	ENSG00000168036	ENSG00000233919	lincDivg	1.1.1	26194
ENSMUSG00000007655	ENSMUSG00000085264	lncgConv	1.1.1	0	ENSG00000105974	ENSG00000231210	lncgConv	n.1.1	12306
ENSMUSG00000007682	ENSMUSG00000097157	lncgDivg	n.n.1	0	ENSG00000211448	ENSG00000258766	lncgDivg	1.1.1	0
ENSMUSG00000007817	ENSMUSG00000097601	lincDivg	n.1.1	79576	ENSG00000108175	ENSG00000229569	lincDivg	1.1.1	65163
ENSMUSG00000007817	ENSMUSG00000087535	lncgDivg	n.n.1	0	ENSG00000108175	ENSG00000224596	lncgDivg	n.1.1	1071
ENSMUSG00000007880	ENSMUSG00000120544	lncgSS.up	1.1.1	23	ENSG00000117713	ENSG00000290006	lncgSS.up	1.1.1	190
ENSMUSG00000008035	ENSMUSG00000085587	lncgDivg	1.1.1	0	ENSG00000165175	ENSG00000238123	lncgDivg	1.1.1	0
ENSMUSG00000008035	ENSMUSG00000085587	lncgDivg	1.1.1	0	ENSG00000165175	ENSG00000287729	lncgDivg	1.1.1	762
ENSMUSG00000008136	ENSMUSG00000120601	lncgDivg	n.n.1	0	ENSG00000115641	ENSG00000238273	lncgDivg	n.n.1	0
ENSMUSG00000008305	ENSMUSG00000084910	lncgDivg	n.1.1	325	ENSG00000196781	ENSG00000233926	lncgDivg	n.1.1	166
ENSMUSG00000008305	ENSMUSG00000086027	lncgDivg	1.1.1	0	ENSG00000196781	ENSG00000233926	lncgDivg	n.1.1	166
ENSMUSG00000008398	ENSMUSG00000110647	lincDivg	n.1.1	24258	ENSG00000111145	ENSG00000283422	lincDivg	1.1.1	22249
ENSMUSG00000008398	ENSMUSG00000111531	lincDivg	1.1.1	6268	ENSG00000111145	ENSG00000283422	lincDivg	1.1.1	22249
ENSMUSG00000008429	ENSMUSG00000100002	lncgDivg	n.1.1	196	ENSG00000122557	ENSG00000271122	lncgDivg	1.1.1	0
ENSMUSG00000008496	ENSMUSG00000074274	lncgDivg	n.1.1	0	ENSG00000028277	ENSG00000259436	lncgDivg	1.1.1	0
ENSMUSG00000008496	ENSMUSG00000074274	lncgDivg	n.1.1	0	ENSG00000028277	ENSG00000254887	lncgDivg	n.1.1	0
ENSMUSG00000008575	ENSMUSG00000086293	lncgDivg	1.1.1	0	ENSG00000147862	ENSG00000287708	lncgDivg	1.1.1	0
ENSMUSG00000008575	ENSMUSG00000086293	lncgDivg	1.1.1	0	ENSG00000147862	ENSG00000225472	lncgDivg	n.n.1	0
ENSMUSG00000008575	ENSMUSG00000086293	lncgDivg	1.1.1	0	ENSG00000147862	ENSG00000289969	lncgDivg	1.1.1	0
ENSMUSG00000008575	ENSMUSG00000087413	lncgDivg	1.1.1	0	ENSG00000147862	ENSG00000287708	lncgDivg	1.1.1	0
ENSMUSG00000008575	ENSMUSG00000087413	lncgDivg	1.1.1	0	ENSG00000147862	ENSG00000225472	lncgDivg	n.n.1	0
ENSMUSG00000008575	ENSMUSG00000087413	lncgDivg	1.1.1	0	ENSG00000147862	ENSG00000289969	lncgDivg	1.1.1	0
ENSMUSG00000008575	ENSMUSG00000120940	lncgSS.up	1.1.1	0	ENSG00000147862	ENSG00000288876	lncgSS.up	1.1.1	0
ENSMUSG00000008575	ENSMUSG00000084851	lncgSS.up	1.1.1	0	ENSG00000147862	ENSG00000288876	lncgSS.up	1.1.1	0
ENSMUSG00000008658	ENSMUSG00000101481	lncgSS.dw	1.1.1	0	ENSG00000078328	ENSG00000257180	lncgSS.dw	1.1.1	0
ENSMUSG00000008658	ENSMUSG00000101481	lncgSS.dw	1.1.1	0	ENSG00000078328	ENSG00000260835	lncgSS.dw	1.1.1	0
ENSMUSG00000008658	ENSMUSG00000101481	lncgSS.dw	1.1.1	0	ENSG00000078328	ENSG00000289107	lncgSS.dw	1.1.1	0
ENSMUSG00000008658	ENSMUSG00000101481	lncgSS.dw	1.1.1	0	ENSG00000078328	ENSG00000286635	lncgSS.dw	1.1.1	0
ENSMUSG00000008730	ENSMUSG00000085754	lncgDivg	n.n.1	0	ENSG00000163349	ENSG00000235527	lncgDivg	n.n.1	0
ENSMUSG00000008845	ENSMUSG00000121011	lncgDivg	1.1.1	0	ENSG00000177575	ENSG00000290059	lncgDivg	1.1.1	0
ENSMUSG00000008859	ENSMUSG00000113100	lncgDivg	1.1.1	0	ENSG00000006451	ENSG00000287584	lncgDivg	1.1.1	364
ENSMUSG00000008859	ENSMUSG00000113100	lncgDivg	1.1.1	0	ENSG00000006451	ENSG00000228554	lncgDivg	1.1.1	0
ENSMUSG00000009216	ENSMUSG00000085008	lncgSS.up	1.1.1	2407	ENSG00000196990	ENSG00000261018	lncgSS.up	1.1.1	2409
ENSMUSG00000009394	ENSMUSG00000120571	lincConv	1.1.1	34713	ENSG00000157152	ENSG00000288952	lincConv	n.n.1	0
ENSMUSG00000009418	ENSMUSG00000054412	lncgDivg	1.1.1	0	ENSG00000134369	ENSG00000235121	lncgDivg	1.1.1	0
ENSMUSG00000009418	ENSMUSG00000054412	lncgDivg	1.1.1	0	ENSG00000134369	ENSG00000236390	lncgDivg	1.1.1	0
ENSMUSG00000009418	ENSMUSG00000120094	lncgDivg	n.1.1	0	ENSG00000134369	ENSG00000235121	lncgDivg	1.1.1	0
ENSMUSG00000009418	ENSMUSG00000120094	lncgDivg	n.1.1	0	ENSG00000134369	ENSG00000236390	lncgDivg	1.1.1	0
ENSMUSG00000009471	ENSMUSG00000109962	lincDivg	n.1.1	27101	ENSG00000129152	ENSG00000255335	lincDivg	n.1.1	22577
ENSMUSG00000009545	ENSMUSG00000101062	lncgDivg	1.1.1	0	ENSG00000053918	ENSG00000269821	lncgDivg	1.1.1	0
ENSMUSG00000009545	ENSMUSG00000101360	lncgDivg	n.1.1	0	ENSG00000053918	ENSG00000269821	lncgDivg	1.1.1	0
ENSMUSG00000009545	ENSMUSG00000101609	lncgDivg	1.1.1	0	ENSG00000053918	ENSG00000269821	lncgDivg	1.1.1	0
ENSMUSG00000009569	ENSMUSG00000109857	lincSS.dw	n.1.1	30374	ENSG00000186260	ENSG00000262454	lincSS.dw	n.1.1	34616
ENSMUSG00000010066	ENSMUSG00000091816	lncgDivg	1.1.1	0	ENSG00000007402	ENSG00000271858	lncgDivg	n.1.1	0
ENSMUSG00000010066	ENSMUSG00000091425	lncgDivg	1.1.1	0	ENSG00000007402	ENSG00000271858	lncgDivg	n.1.1	0
ENSMUSG00000010095	ENSMUSG00000108414	lncgDivg	n.1.1	101	ENSG00000168003	ENSG00000255717	lncgDivg	n.1.1	106
ENSMUSG00000010175	ENSMUSG00000119953	lncgDivg	n.n.1	0	ENSG00000117707	ENSG00000272167	lncgDivg	1.1.1	0
ENSMUSG00000010175	ENSMUSG00000119953	lncgDivg	n.n.1	0	ENSG00000117707	ENSG00000274895	lncgDivg	1.1.1	0
ENSMUSG00000010175	ENSMUSG00000119953	lncgDivg	n.n.1	0	ENSG00000117707	ENSG00000230461	lncgDivg	n.n.1	0
ENSMUSG00000010175	ENSMUSG00000079045	lncgDivg	n.1.1	0	ENSG00000117707	ENSG00000272167	lncgDivg	1.1.1	0
ENSMUSG00000010175	ENSMUSG00000079045	lncgDivg	n.1.1	0	ENSG00000117707	ENSG00000274895	lncgDivg	1.1.1	0
ENSMUSG00000010175	ENSMUSG00000079045	lncgDivg	n.1.1	0	ENSG00000117707	ENSG00000230461	lncgDivg	n.n.1	0
ENSMUSG00000010175	ENSMUSG00000099404	lncgDivg	1.1.1	0	ENSG00000117707	ENSG00000272167	lncgDivg	1.1.1	0
ENSMUSG00000010175	ENSMUSG00000099404	lncgDivg	1.1.1	0	ENSG00000117707	ENSG00000274895	lncgDivg	1.1.1	0
ENSMUSG00000010175	ENSMUSG00000099404	lncgDivg	1.1.1	0	ENSG00000117707	ENSG00000230461	lncgDivg	n.n.1	0
ENSMUSG00000010277	ENSMUSG00000086586	lncgDivg	1.1.1	0	ENSG00000007202	ENSG00000264044	lncgDivg	n.1.1	0
ENSMUSG00000010435	ENSMUSG00000109582	lincSS.up	1.1.1	67688	ENSG00000153498	ENSG00000260343	lincSS.up	1.1.1	54597
ENSMUSG00000010476	ENSMUSG00000109722	lncgDivg	n.1.1	0	ENSG00000108001	ENSG00000287997	lncgDivg	1.1.1	0
ENSMUSG00000010476	ENSMUSG00000109722	lncgDivg	n.1.1	0	ENSG00000108001	ENSG00000275005	lncgDivg	1.1.1	0
ENSMUSG00000010476	ENSMUSG00000109722	lncgDivg	n.1.1	0	ENSG00000108001	ENSG00000275327	lncgDivg	1.1.1	0
ENSMUSG00000010476	ENSMUSG00000109847	lncgDivg	1.1.1	0	ENSG00000108001	ENSG00000287997	lncgDivg	1.1.1	0
ENSMUSG00000010476	ENSMUSG00000109847	lncgDivg	1.1.1	0	ENSG00000108001	ENSG00000275005	lncgDivg	1.1.1	0
ENSMUSG00000010476	ENSMUSG00000109847	lncgDivg	1.1.1	0	ENSG00000108001	ENSG00000275327	lncgDivg	1.1.1	0
ENSMUSG00000010608	ENSMUSG00000099708	lncgDivg	1.1.1	0	ENSG00000119707	ENSG00000258813	lncgDivg	1.1.1	0
ENSMUSG00000010755	ENSMUSG00000086828	lncgDivg	1.1.1	44	ENSG00000110619	ENSG00000247473	lncgDivg	n.1.1	0
ENSMUSG00000010755	ENSMUSG00000086828	lncgDivg	1.1.1	44	ENSG00000110619	ENSG00000285644	lncgDivg	1.1.1	0
ENSMUSG00000011171	ENSMUSG00000093765	lncgDivg	n.1.1	0	ENSG00000106018	ENSG00000287184	lncgDivg	1.1.1	0
ENSMUSG00000011257	ENSMUSG00000120655	lncgDivg	1.1.1	0	ENSG00000090621	ENSG00000228060	lncgDivg	n.1.1	0
ENSMUSG00000011958	ENSMUSG00000101555	lncgDivg	1.1.1	0	ENSG00000140299	ENSG00000259238	lncgDivg	1.1.1	0
ENSMUSG00000012819	ENSMUSG00000120804	lncgDivg	1.1.1	0	ENSG00000107736	ENSG00000223817	lncgDivg	1.1.1	0
ENSMUSG00000012819	ENSMUSG00000120804	lncgDivg	1.1.1	0	ENSG00000107736	ENSG00000289362	lncgDivg	1.1.1	0
ENSMUSG00000013033	ENSMUSG00000074219	lncgConv	n.n.1	0	ENSG00000072071	ENSG00000267169	lncgConv	n.1.1	0
ENSMUSG00000013415	ENSMUSG00000099928	lncgDivg	1.1.1	0	ENSG00000159217	ENSG00000251461	lncgDivg	1.1.1	0
ENSMUSG00000013415	ENSMUSG00000099928	lncgDivg	1.1.1	0	ENSG00000159217	ENSG00000250838	lncgDivg	1.1.1	0
ENSMUSG00000013523	ENSMUSG00000086970	lncgDivg	1.1.1	0	ENSG00000064787	ENSG00000236352	lncgDivg	1.1.1	0
ENSMUSG00000013523	ENSMUSG00000086999	lncgDivg	1.1.1	0	ENSG00000064787	ENSG00000236352	lncgDivg	1.1.1	0
ENSMUSG00000013662	ENSMUSG00000120470	lncgDivg	1.1.1	0	ENSG00000138138	ENSG00000290782	lncgDivg	n.n.1	0
ENSMUSG00000013846	ENSMUSG00000120535	lncgDivg	1.1.1	157	ENSG00000008513	ENSG00000261220	lncgDivg	1.1.1	218
ENSMUSG00000013936	ENSMUSG00000120313	lincSS.up	1.1.1	6584	ENSG00000111245	ENSG00000258240	lincSS.up	n.1.1	30240
ENSMUSG00000014030	ENSMUSG00000086211	lncgDivg	1.1.1	0	ENSG00000196092	ENSG00000258885	lncgDivg	1.1.1	0
ENSMUSG00000014030	ENSMUSG00000086211	lncgDivg	1.1.1	0	ENSG00000196092	ENSG00000250850	lncgDivg	1.1.1	0
ENSMUSG00000014355	ENSMUSG00000109931	lncgSS.dw	1.1.1	474	ENSG00000153107	ENSG00000285016	lncgSS.dw	n.1.1	0
ENSMUSG00000014426	ENSMUSG00000097350	lncgDivg	n.1.1	120	ENSG00000085511	ENSG00000272841	lncgDivg	1.1.1	0
ENSMUSG00000014470	ENSMUSG00000121195	lncgDivg	1.1.1	0	ENSG00000158717	ENSG00000259813	lncgDivg	1.1.1	0
ENSMUSG00000014592	ENSMUSG00000085593	lncgDivg	1.1.1	0	ENSG00000171735	ENSG00000270035	lncgDivg	1.1.1	0
ENSMUSG00000014592	ENSMUSG00000085593	lncgDivg	1.1.1	0	ENSG00000171735	ENSG00000270171	lncgDivg	1.1.1	0
ENSMUSG00000014592	ENSMUSG00000085593	lncgDivg	1.1.1	0	ENSG00000171735	ENSG00000269978	lncgDivg	1.1.1	0
ENSMUSG00000014592	ENSMUSG00000085593	lncgDivg	1.1.1	0	ENSG00000171735	ENSG00000225126	lncgDivg	1.1.1	0
ENSMUSG00000014592	ENSMUSG00000085593	lncgDivg	1.1.1	0	ENSG00000171735	ENSG00000237436	lncgDivg	1.1.1	611
ENSMUSG00000014592	ENSMUSG00000085593	lncgDivg	1.1.1	0	ENSG00000171735	ENSG00000237728	lncgDivg	n.1.1	0
ENSMUSG00000014592	ENSMUSG00000085593	lncgDivg	1.1.1	0	ENSG00000171735	ENSG00000237365	lncgDivg	1.1.1	0
ENSMUSG00000014592	ENSMUSG00000078491	lncgDivg	1.1.1	0	ENSG00000171735	ENSG00000270035	lncgDivg	1.1.1	0
ENSMUSG00000014592	ENSMUSG00000078491	lncgDivg	1.1.1	0	ENSG00000171735	ENSG00000270171	lncgDivg	1.1.1	0
ENSMUSG00000014592	ENSMUSG00000078491	lncgDivg	1.1.1	0	ENSG00000171735	ENSG00000269978	lncgDivg	1.1.1	0
ENSMUSG00000014592	ENSMUSG00000078491	lncgDivg	1.1.1	0	ENSG00000171735	ENSG00000225126	lncgDivg	1.1.1	0
ENSMUSG00000014592	ENSMUSG00000078491	lncgDivg	1.1.1	0	ENSG00000171735	ENSG00000237436	lncgDivg	1.1.1	611
ENSMUSG00000014592	ENSMUSG00000078491	lncgDivg	1.1.1	0	ENSG00000171735	ENSG00000237728	lncgDivg	n.1.1	0
ENSMUSG00000014592	ENSMUSG00000078491	lncgDivg	1.1.1	0	ENSG00000171735	ENSG00000237365	lncgDivg	1.1.1	0
ENSMUSG00000014592	ENSMUSG00000120016	lncgDivg	1.1.1	340	ENSG00000171735	ENSG00000270035	lncgDivg	1.1.1	0
ENSMUSG00000014592	ENSMUSG00000120016	lncgDivg	1.1.1	340	ENSG00000171735	ENSG00000270171	lncgDivg	1.1.1	0
ENSMUSG00000014592	ENSMUSG00000120016	lncgDivg	1.1.1	340	ENSG00000171735	ENSG00000269978	lncgDivg	1.1.1	0
ENSMUSG00000014592	ENSMUSG00000120016	lncgDivg	1.1.1	340	ENSG00000171735	ENSG00000225126	lncgDivg	1.1.1	0
ENSMUSG00000014592	ENSMUSG00000120016	lncgDivg	1.1.1	340	ENSG00000171735	ENSG00000237436	lncgDivg	1.1.1	611
ENSMUSG00000014592	ENSMUSG00000120016	lncgDivg	1.1.1	340	ENSG00000171735	ENSG00000237728	lncgDivg	n.1.1	0
ENSMUSG00000014592	ENSMUSG00000120016	lncgDivg	1.1.1	340	ENSG00000171735	ENSG00000237365	lncgDivg	1.1.1	0
ENSMUSG00000014668	ENSMUSG00000105541	lncgDivg	1.1.1	0	ENSG00000072609	ENSG00000236617	lncgDivg	1.1.1	0
ENSMUSG00000014668	ENSMUSG00000105541	lncgDivg	1.1.1	0	ENSG00000072609	ENSG00000250790	lncgDivg	1.1.1	0
ENSMUSG00000014773	ENSMUSG00000116851	lincSS.dw	1.1.1	81996	ENSG00000198719	ENSG00000271820	lincSS.dw	1.1.1	5444
ENSMUSG00000014773	ENSMUSG00000116851	lincSS.dw	1.1.1	81996	ENSG00000198719	ENSG00000230960	lincSS.dw	n.1.1	19473
ENSMUSG00000014932	ENSMUSG00000085234	lncgDivg	1.1.1	0	ENSG00000176105	ENSG00000266171	lncgDivg	1.1.1	0
ENSMUSG00000014932	ENSMUSG00000085234	lncgDivg	1.1.1	0	ENSG00000176105	ENSG00000264339	lncgDivg	1.1.1	0
ENSMUSG00000014932	ENSMUSG00000085234	lncgDivg	1.1.1	0	ENSG00000176105	ENSG00000273355	lncgDivg	1.1.1	0
ENSMUSG00000015016	ENSMUSG00000110682	lincDivg	n.1.1	12465	ENSG00000176715	ENSG00000256982	lincDivg	n.1.1	35400
ENSMUSG00000015016	ENSMUSG00000110523	lincDivg	n.n.n	23094	ENSG00000176715	ENSG00000256982	lincDivg	n.1.1	35400
ENSMUSG00000015016	ENSMUSG00000110716	lncgDivg	1.1.1	63	ENSG00000176715	ENSG00000261546	lncgDivg	1.1.1	0
ENSMUSG00000015053	ENSMUSG00000108010	lncgDivg	1.1.1	3210	ENSG00000179348	ENSG00000244300	lncgDivg	n.n.1	0
ENSMUSG00000015133	ENSMUSG00000109119	lncgDivg	1.1.1	0	ENSG00000154237	ENSG00000287892	lncgDivg	1.1.1	0
ENSMUSG00000015133	ENSMUSG00000109119	lncgDivg	1.1.1	0	ENSG00000154237	ENSG00000259376	lncgDivg	1.1.1	0
ENSMUSG00000015143	ENSMUSG00000112852	lncgDivg	1.1.1	0	ENSG00000072110	ENSG00000259062	lncgDivg	n.1.1	242
ENSMUSG00000015143	ENSMUSG00000112336	lncgDivg	1.1.1	0	ENSG00000072110	ENSG00000259062	lncgDivg	n.1.1	242
ENSMUSG00000015202	ENSMUSG00000119990	lncgDivg	n.1.1	124	ENSG00000153721	ENSG00000286553	lncgDivg	1.1.1	0
ENSMUSG00000015202	ENSMUSG00000119990	lncgDivg	n.1.1	124	ENSG00000153721	ENSG00000287260	lncgDivg	1.1.1	85
ENSMUSG00000015243	ENSMUSG00000087192	lincSS.up	n.1.1	45171	ENSG00000165029	ENSG00000230013	lincSS.up	n.1.1	42438
ENSMUSG00000015305	ENSMUSG00000097597	lncgDivg	1.1.1	0	ENSG00000111961	ENSG00000224658	lncgDivg	1.1.1	0
ENSMUSG00000015363	ENSMUSG00000087331	lncgDivg	n.n.n	0	ENSG00000170638	ENSG00000273188	lncgDivg	1.1.1	0
ENSMUSG00000015377	ENSMUSG00000121082	lncgDivg	1.1.1	0	ENSG00000205593	ENSG00000227484	lncgDivg	1.1.1	0
ENSMUSG00000015377	ENSMUSG00000121082	lncgDivg	1.1.1	0	ENSG00000205593	ENSG00000279182	lncgDivg	1.1.1	0
ENSMUSG00000015396	ENSMUSG00000114192	lincSS.dw	n.1.1	39306	ENSG00000112149	ENSG00000286281	lincSS.dw	1.1.1	73375
ENSMUSG00000015396	ENSMUSG00000113780	lincSS.dw	1.1.1	61537	ENSG00000112149	ENSG00000286281	lincSS.dw	1.1.1	73375
ENSMUSG00000015501	ENSMUSG00000112238	lincConv	1.1.1	75293	ENSG00000010818	ENSG00000287084	lincConv	n.1.1	70202
ENSMUSG00000015501	ENSMUSG00000101014	lncgConv	1.1.1	0	ENSG00000010818	ENSG00000233138	lncgConv	1.1.1	0
ENSMUSG00000015501	ENSMUSG00000120437	lncgDivg	1.1.1	406	ENSG00000010818	ENSG00000232618	lncgDivg	n.n.1	0
ENSMUSG00000015501	ENSMUSG00000120437	lncgDivg	1.1.1	406	ENSG00000010818	ENSG00000237851	lncgDivg	1.1.1	0
ENSMUSG00000015619	ENSMUSG00000086618	lncgDivg	1.1.1	0	ENSG00000107485	ENSG00000197308	lncgDivg	n.1.1	0
ENSMUSG00000015619	ENSMUSG00000025783	lncgDivg	n.1.1	0	ENSG00000107485	ENSG00000197308	lncgDivg	n.1.1	0
ENSMUSG00000015627	ENSMUSG00000084843	lincSS.up	1.1.1	35792	ENSG00000130700	ENSG00000260542	lincSS.up	1.1.1	37914
ENSMUSG00000015627	ENSMUSG00000084843	lincSS.up	1.1.1	35792	ENSG00000130700	ENSG00000174403	lincSS.up	n.1.1	68170
ENSMUSG00000015627	ENSMUSG00000056061	lncgDivg	1.1.1	0	ENSG00000130700	ENSG00000272050	lncgDivg	1.1.1	1875
ENSMUSG00000015709	ENSMUSG00000109341	lncgDivg	1.1.1	0	ENSG00000172379	ENSG00000287813	lncgDivg	1.1.1	0
ENSMUSG00000015709	ENSMUSG00000109341	lncgDivg	1.1.1	0	ENSG00000172379	ENSG00000259175	lncgDivg	1.1.1	0
ENSMUSG00000015709	ENSMUSG00000109341	lncgDivg	1.1.1	0	ENSG00000172379	ENSG00000258010	lncgDivg	n.n.1	0
ENSMUSG00000015709	ENSMUSG00000109341	lncgDivg	1.1.1	0	ENSG00000172379	ENSG00000270919	lncgDivg	1.1.1	0
ENSMUSG00000015709	ENSMUSG00000109341	lncgDivg	1.1.1	0	ENSG00000172379	ENSG00000259495	lncgDivg	n.1.1	136
ENSMUSG00000015714	ENSMUSG00000093424	lncgDivg	n.1.1	0	ENSG00000143418	ENSG00000231073	lncgDivg	1.1.1	0
ENSMUSG00000015714	ENSMUSG00000093424	lncgDivg	n.1.1	0	ENSG00000143418	ENSG00000259357	lncgDivg	n.1.1	0
ENSMUSG00000015755	ENSMUSG00000112360	lincSS.up	1.1.1	45713	ENSG00000055208	ENSG00000289359	lincSS.up	1.1.1	56710
ENSMUSG00000015839	ENSMUSG00000087222	lncgDivg	n.1.1	129	ENSG00000116044	ENSG00000271825	lncgDivg	1.1.1	0
ENSMUSG00000015839	ENSMUSG00000087222	lncgDivg	n.1.1	129	ENSG00000116044	ENSG00000271996	lncgDivg	1.1.1	0
ENSMUSG00000015839	ENSMUSG00000087222	lncgDivg	n.1.1	129	ENSG00000116044	ENSG00000222043	lncgDivg	1.1.1	0
ENSMUSG00000015937	ENSMUSG00000114493	lncgConv	n.n.1	0	ENSG00000113648	ENSG00000224186	lncgConv	n.n.n	0
ENSMUSG00000015947	ENSMUSG00000097851	lincDivg	n.1.1	51318	ENSG00000150337	ENSG00000290790	lincDivg	n.1.1	34853
ENSMUSG00000015962	ENSMUSG00000101746	lincDivg	n.1.1	86871	ENSG00000173728	ENSG00000289439	lincDivg	n.1.1	27456
ENSMUSG00000015968	ENSMUSG00000118437	lncgDivg	1.1.1	0	ENSG00000157388	ENSG00000271916	lncgDivg	1.1.1	0
ENSMUSG00000016087	ENSMUSG00000098645	lncgDivg	1.1.1	0	ENSG00000151702	ENSG00000254703	lncgDivg	n.n.1	0
ENSMUSG00000016087	ENSMUSG00000098645	lncgDivg	1.1.1	0	ENSG00000151702	ENSG00000245008	lncgDivg	n.n.n	0
ENSMUSG00000016262	ENSMUSG00000089812	lncgDivg	1.1.1	0	ENSG00000082497	ENSG00000203706	lncgDivg	n.n.1	0
ENSMUSG00000016477	ENSMUSG00000085188	lincDivg	1.1.1	72614	ENSG00000112242	ENSG00000287483	lincDivg	n.1.1	67468
ENSMUSG00000016477	ENSMUSG00000086893	lncgDivg	1.1.1	0	ENSG00000112242	ENSG00000289981	lncgDivg	1.1.1	376
ENSMUSG00000016487	ENSMUSG00000107969	lncgDivg	1.1.1	0	ENSG00000110841	ENSG00000248100	lncgDivg	1.1.1	0
ENSMUSG00000016493	ENSMUSG00000104077	lincSS.dw	n.1.1	18541	ENSG00000117335	ENSG00000289071	lincSS.dw	1.1.1	27390
ENSMUSG00000016637	ENSMUSG00000116697	lncgDivg	1.1.1	354	ENSG00000100360	ENSG00000286485	lncgDivg	1.1.1	0
ENSMUSG00000016918	ENSMUSG00000101314	lincDivg	1.1.1	21101	ENSG00000137573	ENSG00000253479	lincDivg	n.1.1	18342
ENSMUSG00000016984	ENSMUSG00000086468	lncgDivg	n.1.1	80	ENSG00000143971	ENSG00000236780	lncgDivg	n.1.1	0
ENSMUSG00000017144	ENSMUSG00000100496	lincDivg	1.1.1	70271	ENSG00000115963	ENSG00000237220	lincDivg	1.1.1	27123
ENSMUSG00000017144	ENSMUSG00000100496	lincDivg	1.1.1	70271	ENSG00000115963	ENSG00000224048	lincDivg	n.1.1	73370
ENSMUSG00000017144	ENSMUSG00000086349	lincDivg	1.1.1	92720	ENSG00000115963	ENSG00000237220	lincDivg	1.1.1	27123
ENSMUSG00000017144	ENSMUSG00000086349	lincDivg	1.1.1	92720	ENSG00000115963	ENSG00000224048	lincDivg	n.1.1	73370
ENSMUSG00000017316	ENSMUSG00000120019	lncgConv	n.1.1	1868	ENSG00000108849	ENSG00000261514	lncgConv	1.1.1	1841
ENSMUSG00000017639	ENSMUSG00000084969	lincSS.dw	1.1.1	6607	ENSG00000131242	ENSG00000266877	lincSS.dw	1.1.1	44951
ENSMUSG00000017639	ENSMUSG00000084969	lincSS.dw	1.1.1	6607	ENSG00000131242	ENSG00000278546	lincSS.dw	1.1.1	21921
ENSMUSG00000017639	ENSMUSG00000084969	lincSS.dw	1.1.1	6607	ENSG00000131242	ENSG00000228768	lincSS.dw	1.1.1	32931
ENSMUSG00000017843	ENSMUSG00000113585	lncgDivg	n.n.1	0	ENSG00000078304	ENSG00000259088	lncgDivg	1.1.1	0
ENSMUSG00000017843	ENSMUSG00000113585	lncgDivg	n.n.1	0	ENSG00000078304	ENSG00000256705	lncgDivg	1.1.1	0
ENSMUSG00000017843	ENSMUSG00000113585	lncgDivg	n.n.1	0	ENSG00000078304	ENSG00000289049	lncgDivg	1.1.1	252
ENSMUSG00000017897	ENSMUSG00000100796	lncgDivg	1.1.1	0	ENSG00000064655	ENSG00000236028	lncgDivg	1.1.1	0
ENSMUSG00000018076	ENSMUSG00000120779	lincDivg	1.1.1	46588	ENSG00000123066	ENSG00000258346	lincDivg	1.1.1	91071
ENSMUSG00000018171	ENSMUSG00000120594	lncgSS.dw	1.1.1	3391	ENSG00000062716	ENSG00000267637	lncgSS.dw	1.1.1	0
ENSMUSG00000018263	ENSMUSG00000120759	lincSS.up	1.1.1	34473	ENSG00000089225	ENSG00000289101	lincSS.up	n.1.1	37356
ENSMUSG00000018263	ENSMUSG00000106795	lncgDivg	n.1.1	633	ENSG00000089225	ENSG00000255399	lncgDivg	n.n.1	0
ENSMUSG00000018334	ENSMUSG00000085941	lncgDivg	1.1.1	0	ENSG00000141068	ENSG00000266872	lncgDivg	1.1.1	0
ENSMUSG00000018405	ENSMUSG00000085044	lincSS.dw	1.1.1	92629	ENSG00000278619	ENSG00000275720	lincSS.dw	1.1.1	25105
ENSMUSG00000018405	ENSMUSG00000085044	lincSS.dw	1.1.1	92629	ENSG00000278619	ENSG00000276508	lincSS.dw	1.1.1	75790
ENSMUSG00000018405	ENSMUSG00000087407	lincSS.dw	1.1.1	35232	ENSG00000278619	ENSG00000275720	lincSS.dw	1.1.1	25105
ENSMUSG00000018405	ENSMUSG00000087407	lincSS.dw	1.1.1	35232	ENSG00000278619	ENSG00000276508	lincSS.dw	1.1.1	75790
ENSMUSG00000018411	ENSMUSG00000085134	lncgDivg	1.1.1	0	ENSG00000186868	ENSG00000262881	lncgDivg	1.1.1	0
ENSMUSG00000018412	ENSMUSG00000121072	lncgDivg	1.1.1	0	ENSG00000120071	ENSG00000214401	lncgDivg	n.n.1	0
ENSMUSG00000018412	ENSMUSG00000121072	lncgDivg	1.1.1	0	ENSG00000120071	ENSG00000262372	lncgDivg	1.1.1	0
ENSMUSG00000018428	ENSMUSG00000092399	lncgDivg	1.1.1	0	ENSG00000121057	ENSG00000263004	lncgDivg	n.1.1	51
ENSMUSG00000018428	ENSMUSG00000092399	lncgDivg	1.1.1	0	ENSG00000121057	ENSG00000263089	lncgDivg	1.1.1	0
ENSMUSG00000018476	ENSMUSG00000085178	lncgDivg	1.1.1	0	ENSG00000132510	ENSG00000288929	lncgDivg	1.1.1	0
ENSMUSG00000018481	ENSMUSG00000085628	lncgDivg	n.n.1	0	ENSG00000062725	ENSG00000259349	lncgDivg	n.1.1	30
ENSMUSG00000018604	ENSMUSG00000085708	lincSS.up	1.1.1	36205	ENSG00000135111	ENSG00000287982	lincSS.up	1.1.1	49582
ENSMUSG00000018604	ENSMUSG00000085345	lincSS.up	1.1.1	11407	ENSG00000135111	ENSG00000287982	lincSS.up	1.1.1	49582
ENSMUSG00000018604	ENSMUSG00000120646	lncgDivg	1.1.1	0	ENSG00000135111	ENSG00000257817	lncgDivg	n.n.1	0
ENSMUSG00000018604	ENSMUSG00000087516	lncgDivg	n.n.1	0	ENSG00000135111	ENSG00000257817	lncgDivg	n.n.1	0
ENSMUSG00000018654	ENSMUSG00000073145	lncgDivg	1.1.1	0	ENSG00000185811	ENSG00000285165	lncgDivg	1.1.1	0
ENSMUSG00000018654	ENSMUSG00000085652	lncgDivg	1.1.1	0	ENSG00000185811	ENSG00000285165	lncgDivg	1.1.1	0
ENSMUSG00000018672	ENSMUSG00000120942	lincConv	1.1.1	14504	ENSG00000005243	ENSG00000289599	lincConv	n.1.1	13920
ENSMUSG00000018698	ENSMUSG00000087211	lncgDivg	n.1.1	111	ENSG00000273706	ENSG00000276707	lncgDivg	1.1.1	0
ENSMUSG00000018698	ENSMUSG00000087211	lncgDivg	n.1.1	111	ENSG00000273706	ENSG00000277268	lncgDivg	n.1.1	115
ENSMUSG00000018733	ENSMUSG00000093483	lncgConv	n.n.1	0	ENSG00000108733	ENSG00000267321	lncgConv	n.n.1	0
ENSMUSG00000018845	ENSMUSG00000086058	lncgDivg	1.1.1	0	ENSG00000141161	ENSG00000267782	lncgDivg	1.1.1	0
ENSMUSG00000018999	ENSMUSG00000087356	lncgConv	1.1.1	0	ENSG00000205060	ENSG00000231098	lncgConv	1.1.1	3277
ENSMUSG00000019146	ENSMUSG00000092375	lncgDivg	1.1.1	0	ENSG00000166862	ENSG00000234688	lncgDivg	1.1.1	67
ENSMUSG00000019256	ENSMUSG00000113741	lncgDivg	1.1.1	0	ENSG00000106546	ENSG00000237773	lncgDivg	n.n.1	0
ENSMUSG00000019302	ENSMUSG00000121184	lncgSS.dw	1.1.1	0	ENSG00000033627	ENSG00000267632	lncgSS.dw	1.1.1	0
ENSMUSG00000019302	ENSMUSG00000121184	lncgSS.dw	1.1.1	0	ENSG00000033627	ENSG00000267222	lncgSS.dw	1.1.1	0
ENSMUSG00000019338	ENSMUSG00000085956	lncgDivg	n.1.1	177	ENSG00000143373	ENSG00000232671	lncgDivg	n.1.1	0
ENSMUSG00000019359	ENSMUSG00000085314	lncgConv	1.1.1	0	ENSG00000130055	ENSG00000284391	lncgConv	1.1.1	0
ENSMUSG00000019467	ENSMUSG00000120324	lncgConv	n.1.1	0	ENSG00000240771	ENSG00000224713	lncgConv	n.n.n	0
ENSMUSG00000019478	ENSMUSG00000097203	lincDivg	n.1.1	51259	ENSG00000168118	ENSG00000236975	lincDivg	n.1.1	65634
ENSMUSG00000019478	ENSMUSG00000097203	lincDivg	n.1.1	51259	ENSG00000168118	ENSG00000233920	lincDivg	n.1.1	28160
ENSMUSG00000019478	ENSMUSG00000110684	lincSS.up	n.1.1	38264	ENSG00000168118	ENSG00000177800	lincSS.up	1.1.1	19252
ENSMUSG00000019478	ENSMUSG00000110599	lincSS.up	1.1.1	66044	ENSG00000168118	ENSG00000177800	lincSS.up	1.1.1	19252
ENSMUSG00000019505	ENSMUSG00000087120	lncgDivg	n.1.1	130	ENSG00000170315	ENSG00000265401	lncgDivg	1.1.1	0
ENSMUSG00000019761	ENSMUSG00000087692	lncgDivg	1.1.1	0	ENSG00000186395	ENSG00000167920	lncgDivg	n.n.1	0
ENSMUSG00000019782	ENSMUSG00000111905	lncgDivg	1.1.1	0	ENSG00000111832	ENSG00000289304	lncgDivg	1.1.1	190
ENSMUSG00000019785	ENSMUSG00000090087	lncgDivg	1.1.1	0	ENSG00000146352	ENSG00000285652	lncgDivg	1.1.1	174
ENSMUSG00000019787	ENSMUSG00000112707	lncgDivg	n.n.1	0	ENSG00000186439	ENSG00000285941	lncgDivg	1.1.1	0
ENSMUSG00000019787	ENSMUSG00000112707	lncgDivg	n.n.1	0	ENSG00000186439	ENSG00000285691	lncgDivg	n.n.1	0
ENSMUSG00000019787	ENSMUSG00000112707	lncgDivg	n.n.1	0	ENSG00000186439	ENSG00000235535	lncgDivg	n.n.1	0
ENSMUSG00000019790	ENSMUSG00000112146	lncgDivg	1.1.1	234	ENSG00000164506	ENSG00000233452	lncgDivg	n.n.n	0
ENSMUSG00000019795	ENSMUSG00000120335	lncgDivg	1.1.1	0	ENSG00000120265	ENSG00000231760	lncgDivg	n.n.1	0
ENSMUSG00000019802	ENSMUSG00000086428	lncgDivg	1.1.1	2836	ENSG00000025796	ENSG00000272476	lncgDivg	1.1.1	0
ENSMUSG00000019806	ENSMUSG00000112172	lncgDivg	1.1.1	2300	ENSG00000146416	ENSG00000229017	lncgDivg	n.n.n	21340
ENSMUSG00000019806	ENSMUSG00000112172	lncgDivg	1.1.1	2300	ENSG00000146416	ENSG00000225752	lncgDivg	1.1.1	0
ENSMUSG00000019820	ENSMUSG00000112131	lincSS.dw	1.1.1	52964	ENSG00000152818	ENSG00000289850	lincSS.dw	1.1.1	69281
ENSMUSG00000019820	ENSMUSG00000112156	lincSS.dw	1.1.1	57527	ENSG00000152818	ENSG00000289850	lincSS.dw	1.1.1	69281
ENSMUSG00000019843	ENSMUSG00000119997	lncgDivg	n.n.1	0	ENSG00000010810	ENSG00000289256	lncgDivg	n.1.1	136
ENSMUSG00000019843	ENSMUSG00000087014	lncgDivg	1.1.1	0	ENSG00000010810	ENSG00000289256	lncgDivg	n.1.1	136
ENSMUSG00000019863	ENSMUSG00000111342	lincConv	n.1.1	40796	ENSG00000130348	ENSG00000235142	lincConv	n.1.1	36911
ENSMUSG00000019865	ENSMUSG00000096963	lncgDivg	1.1.1	0	ENSG00000135577	ENSG00000236822	lncgDivg	1.1.1	0
ENSMUSG00000019873	ENSMUSG00000097134	lincSS.dw	n.1.1	88931	ENSG00000165476	ENSG00000286373	lincSS.dw	1.1.1	5544
ENSMUSG00000019873	ENSMUSG00000097134	lincSS.dw	n.1.1	88931	ENSG00000165476	ENSG00000228566	lincSS.dw	n.1.1	39536
ENSMUSG00000019873	ENSMUSG00000120434	lincSS.dw	n.1.1	97796	ENSG00000165476	ENSG00000286373	lincSS.dw	1.1.1	5544
ENSMUSG00000019873	ENSMUSG00000120434	lincSS.dw	n.1.1	97796	ENSG00000165476	ENSG00000228566	lincSS.dw	n.1.1	39536
ENSMUSG00000019899	ENSMUSG00000112751	lncgConv	1.1.1	0	ENSG00000196569	ENSG00000226149	lncgConv	n.n.1	0
ENSMUSG00000019899	ENSMUSG00000101636	lncgDivg	1.1.1	0	ENSG00000196569	ENSG00000233351	lncgDivg	1.1.1	0
ENSMUSG00000019944	ENSMUSG00000111941	lncgDivg	1.1.1	302	ENSG00000072422	ENSG00000227244	lncgDivg	n.n.1	0
ENSMUSG00000019944	ENSMUSG00000111941	lncgDivg	1.1.1	302	ENSG00000072422	ENSG00000289989	lncgDivg	1.1.1	0
ENSMUSG00000019944	ENSMUSG00000090622	lncgDivg	1.1.1	0	ENSG00000072422	ENSG00000227244	lncgDivg	n.n.1	0
ENSMUSG00000019944	ENSMUSG00000090622	lncgDivg	1.1.1	0	ENSG00000072422	ENSG00000289989	lncgDivg	1.1.1	0
ENSMUSG00000019945	ENSMUSG00000112793	lncgDivg	1.1.1	0	ENSG00000183346	ENSG00000272592	lncgDivg	1.1.1	0
ENSMUSG00000019951	ENSMUSG00000120327	lncgDivg	1.1.1	3760	ENSG00000111647	ENSG00000257696	lncgDivg	1.1.1	184
ENSMUSG00000019960	ENSMUSG00000120093	lincDivg	1.1.1	21265	ENSG00000139318	ENSG00000271327	lincDivg	1.1.1	15306
ENSMUSG00000019960	ENSMUSG00000120093	lincDivg	1.1.1	21265	ENSG00000139318	ENSG00000271259	lincDivg	1.1.1	19319
ENSMUSG00000019960	ENSMUSG00000112902	lincDivg	1.1.1	25615	ENSG00000139318	ENSG00000271327	lincDivg	1.1.1	15306
ENSMUSG00000019960	ENSMUSG00000112902	lincDivg	1.1.1	25615	ENSG00000139318	ENSG00000271259	lincDivg	1.1.1	19319
ENSMUSG00000019960	ENSMUSG00000044633	lincSS.dw	n.1.1	31399	ENSG00000139318	ENSG00000246363	lincSS.dw	n.1.1	37669
ENSMUSG00000019960	ENSMUSG00000120503	lncgDivg	1.1.1	174	ENSG00000139318	ENSG00000274021	lncgDivg	1.1.1	0
ENSMUSG00000019961	ENSMUSG00000111544	lincSS.up	n.1.1	26943	ENSG00000120802	ENSG00000286056	lincSS.up	1.1.1	91858
ENSMUSG00000019970	ENSMUSG00000097107	lincDivg	1.1.1	37333	ENSG00000118515	ENSG00000290029	lincDivg	1.1.1	55550
ENSMUSG00000019970	ENSMUSG00000097107	lincDivg	1.1.1	37333	ENSG00000118515	ENSG00000236700	lincDivg	n.1.1	25195
ENSMUSG00000019970	ENSMUSG00000097107	lincDivg	1.1.1	37333	ENSG00000118515	ENSG00000287974	lincDivg	1.1.1	27576
ENSMUSG00000019977	ENSMUSG00000112654	lncgDivg	1.1.1	0	ENSG00000112339	ENSG00000232876	lncgDivg	1.1.1	0
ENSMUSG00000019982	ENSMUSG00000097923	lncgDivg	1.1.1	0	ENSG00000118513	ENSG00000236703	lncgDivg	1.1.1	0
ENSMUSG00000019986	ENSMUSG00000111227	lncgDivg	1.1.1	0	ENSG00000135541	ENSG00000231028	lncgDivg	n.n.1	0
ENSMUSG00000019986	ENSMUSG00000111227	lncgDivg	1.1.1	0	ENSG00000135541	ENSG00000287094	lncgDivg	1.1.1	0
ENSMUSG00000019986	ENSMUSG00000111227	lncgDivg	1.1.1	0	ENSG00000135541	ENSG00000234084	lncgDivg	1.1.1	0
ENSMUSG00000019990	ENSMUSG00000111091	lincDivg	1.1.1	31039	ENSG00000171408	ENSG00000236378	lincDivg	1.1.1	43235
ENSMUSG00000019996	ENSMUSG00000110754	lncgDivg	1.1.1	0	ENSG00000135525	ENSG00000272189	lncgDivg	1.1.1	0
ENSMUSG00000020014	ENSMUSG00000111013	lncgDivg	n.1.1	2559	ENSG00000188596	ENSG00000258272	lncgDivg	1.1.1	4129
ENSMUSG00000020018	ENSMUSG00000097407	lncgDivg	1.1.1	0	ENSG00000139343	ENSG00000258343	lncgDivg	n.1.1	113
ENSMUSG00000020024	ENSMUSG00000097164	lncgDivg	n.1.1	54	ENSG00000173588	ENSG00000278916	lncgDivg	1.1.1	15
ENSMUSG00000020024	ENSMUSG00000112669	lncgDivg	1.1.1	0	ENSG00000173588	ENSG00000278916	lncgDivg	1.1.1	15
ENSMUSG00000020027	ENSMUSG00000097766	lncgDivg	n.1.1	186	ENSG00000120833	ENSG00000246985	lncgDivg	n.n.1	0
ENSMUSG00000020032	ENSMUSG00000111583	lncgDivg	n.1.1	182	ENSG00000074590	ENSG00000257438	lncgDivg	1.1.1	0
ENSMUSG00000020111	ENSMUSG00000091184	lncgDivg	1.1.1	0	ENSG00000107745	ENSG00000226163	lncgDivg	1.1.1	0
ENSMUSG00000020114	ENSMUSG00000112161	lincSS.dw	1.1.1	32870	ENSG00000111530	ENSG00000286563	lincSS.dw	1.1.1	9061
ENSMUSG00000020122	ENSMUSG00000085091	lncgDivg	1.1.1	0	ENSG00000146648	ENSG00000224057	lncgDivg	1.1.1	0
ENSMUSG00000020143	ENSMUSG00000087122	lncgDivg	1.1.1	0	ENSG00000134516	ENSG00000253269	lncgDivg	1.1.1	0
ENSMUSG00000020143	ENSMUSG00000120384	lncgDivg	n.1.1	20	ENSG00000134516	ENSG00000253269	lncgDivg	1.1.1	0
ENSMUSG00000020160	ENSMUSG00000084085	lncgDivg	n.1.1	0	ENSG00000143995	ENSG00000230749	lncgDivg	n.n.1	0
ENSMUSG00000020160	ENSMUSG00000084085	lncgDivg	n.1.1	0	ENSG00000143995	ENSG00000226819	lncgDivg	1.1.1	0
ENSMUSG00000020160	ENSMUSG00000087507	lncgDivg	1.1.1	0	ENSG00000143995	ENSG00000230749	lncgDivg	n.n.1	0
ENSMUSG00000020160	ENSMUSG00000087507	lncgDivg	1.1.1	0	ENSG00000143995	ENSG00000226819	lncgDivg	1.1.1	0
ENSMUSG00000020184	ENSMUSG00000120638	lncgDivg	1.1.1	127	ENSG00000135679	ENSG00000257181	lncgDivg	1.1.1	0
ENSMUSG00000020205	ENSMUSG00000097082	lincConv	1.1.1	78118	ENSG00000139289	ENSG00000257329	lincConv	1.1.1	58385
ENSMUSG00000020205	ENSMUSG00000112249	lincSS.dw	n.1.1	86476	ENSG00000139289	ENSG00000258077	lincSS.dw	n.1.1	41432
ENSMUSG00000020205	ENSMUSG00000100113	lncgDivg	1.1.1	0	ENSG00000139289	ENSG00000257839	lncgDivg	1.1.1	882
ENSMUSG00000020205	ENSMUSG00000100113	lncgDivg	1.1.1	0	ENSG00000139289	ENSG00000257453	lncgDivg	1.1.1	0
ENSMUSG00000020212	ENSMUSG00000112470	lincSS.up	1.1.1	17717	ENSG00000111554	ENSG00000273824	lincSS.up	1.1.1	93950
ENSMUSG00000020231	ENSMUSG00000089711	lncgDivg	1.1.1	0	ENSG00000160305	ENSG00000289421	lncgDivg	1.1.1	351
ENSMUSG00000020248	ENSMUSG00000112286	lincDivg	n.1.1	31010	ENSG00000120837	ENSG00000257193	lincDivg	1.1.1	32154
ENSMUSG00000020250	ENSMUSG00000112375	lncgDivg	1.1.1	0	ENSG00000198431	ENSG00000257732	lncgDivg	1.1.1	0
ENSMUSG00000020258	ENSMUSG00000086296	lncgConv	n.n.1	0	ENSG00000168237	ENSG00000242797	lncgConv	n.n.1	0
ENSMUSG00000020260	ENSMUSG00000078444	lncgDivg	1.1.1	0	ENSG00000186866	ENSG00000223768	lncgDivg	n.1.1	137
ENSMUSG00000020270	ENSMUSG00000085402	lincSS.up	1.1.1	78532	ENSG00000185662	ENSG00000253110	lincSS.up	1.1.1	7693
ENSMUSG00000020300	ENSMUSG00000085772	lincDivg	n.1.1	47659	ENSG00000113742	ENSG00000254211	lincDivg	n.1.1	79310
ENSMUSG00000020308	ENSMUSG00000120698	lncgDivg	1.1.1	0	ENSG00000141933	ENSG00000266933	lncgDivg	1.1.1	0
ENSMUSG00000020315	ENSMUSG00000119981	lncgDivg	n.1.1	128	ENSG00000115306	ENSG00000234943	lncgDivg	1.1.1	0
ENSMUSG00000020315	ENSMUSG00000119981	lncgDivg	n.1.1	128	ENSG00000115306	ENSG00000228108	lncgDivg	1.1.1	0
ENSMUSG00000020315	ENSMUSG00000101872	lncgDivg	1.1.1	0	ENSG00000115306	ENSG00000234943	lncgDivg	1.1.1	0
ENSMUSG00000020315	ENSMUSG00000101872	lncgDivg	1.1.1	0	ENSG00000115306	ENSG00000228108	lncgDivg	1.1.1	0
ENSMUSG00000020315	ENSMUSG00000073073	lncgDivg	1.1.1	0	ENSG00000115306	ENSG00000234943	lncgDivg	1.1.1	0
ENSMUSG00000020315	ENSMUSG00000073073	lncgDivg	1.1.1	0	ENSG00000115306	ENSG00000228108	lncgDivg	1.1.1	0
ENSMUSG00000020326	ENSMUSG00000121253	lncgDivg	1.1.1	171	ENSG00000113328	ENSG00000254186	lncgDivg	n.1.1	243
ENSMUSG00000020333	ENSMUSG00000085888	lncgDivg	n.1.1	0	ENSG00000164398	ENSG00000223548	lncgDivg	1.1.1	0
ENSMUSG00000020333	ENSMUSG00000085888	lncgDivg	n.1.1	0	ENSG00000164398	ENSG00000231585	lncgDivg	1.1.1	0
ENSMUSG00000020395	ENSMUSG00000085853	lncgDivg	1.1.1	0	ENSG00000113263	ENSG00000253980	lncgDivg	1.1.1	0
ENSMUSG00000020402	ENSMUSG00000119956	lncgDivg	1.1.1	0	ENSG00000213585	ENSG00000271737	lncgDivg	1.1.1	0
ENSMUSG00000020423	ENSMUSG00000121237	lncgDivg	1.1.1	4157	ENSG00000159388	ENSG00000233791	lncgDivg	n.1.1	176
ENSMUSG00000020437	ENSMUSG00000085156	lncgSS.up	n.1.1	4330	ENSG00000136286	ENSG00000232956	lncgSS.up	n.1.1	3931
ENSMUSG00000020439	ENSMUSG00000084962	lncgDivg	1.1.1	0	ENSG00000183963	ENSG00000273387	lncgDivg	1.1.1	0
ENSMUSG00000020439	ENSMUSG00000087291	lncgDivg	n.n.1	0	ENSG00000183963	ENSG00000273387	lncgDivg	1.1.1	0
ENSMUSG00000020448	ENSMUSG00000034587	lncgDivg	n.1.1	109	ENSG00000138942	ENSG00000254835	lncgDivg	1.1.1	0
ENSMUSG00000020463	ENSMUSG00000086725	lncgDivg	1.1.1	0	ENSG00000275052	ENSG00000272606	lncgDivg	1.1.1	0
ENSMUSG00000020467	ENSMUSG00000085510	lincSS.up	1.1.1	37437	ENSG00000115380	ENSG00000226702	lincSS.up	n.1.1	39052
ENSMUSG00000020472	ENSMUSG00000072893	lncgDivg	n.n.1	0	ENSG00000162714	ENSG00000289234	lncgDivg	n.n.n	10917
ENSMUSG00000020476	ENSMUSG00000121109	lncgDivg	1.1.1	48	ENSG00000136279	ENSG00000288746	lncgDivg	1.1.1	0
ENSMUSG00000020485	ENSMUSG00000120559	lncgConv	1.1.1	3910	ENSG00000213246	ENSG00000265148	lncgConv	n.n.n	0
ENSMUSG00000020576	ENSMUSG00000113058	lncgDivg	1.1.1	0	ENSG00000151779	ENSG00000234022	lncgDivg	1.1.1	2830
ENSMUSG00000020601	ENSMUSG00000113629	lincSS.up	1.1.1	25836	ENSG00000071575	ENSG00000224184	lincSS.up	n.n.n	13997
ENSMUSG00000020601	ENSMUSG00000097580	lncgDivg	1.1.1	81	ENSG00000071575	ENSG00000286427	lncgDivg	1.1.1	353
ENSMUSG00000020607	ENSMUSG00000113522	lincConv	1.1.1	88964	ENSG00000162981	ENSG00000287291	lincConv	1.1.1	54854
ENSMUSG00000020610	ENSMUSG00000085326	lncgDivg	1.1.1	0	ENSG00000196704	ENSG00000265100	lncgDivg	1.1.1	0
ENSMUSG00000020611	ENSMUSG00000056687	lncgDivg	n.n.1	0	ENSG00000120063	ENSG00000266598	lncgDivg	1.1.1	0
ENSMUSG00000020621	ENSMUSG00000112792	lincSS.dw	n.1.1	50826	ENSG00000240857	ENSG00000287849	lincSS.dw	n.1.1	40271
ENSMUSG00000020621	ENSMUSG00000112792	lincSS.dw	n.1.1	50826	ENSG00000240857	ENSG00000260331	lincSS.dw	1.1.1	6519
ENSMUSG00000020623	ENSMUSG00000085985	lincSS.dw	1.1.1	18985	ENSG00000108984	ENSG00000227517	lincSS.dw	n.1.1	23386
ENSMUSG00000020627	ENSMUSG00000037735	lncgDivg	n.1.1	188	ENSG00000119771	ENSG00000235497	lncgDivg	n.1.1	3880
ENSMUSG00000020627	ENSMUSG00000037735	lncgDivg	n.1.1	188	ENSG00000119771	ENSG00000224361	lncgDivg	1.1.1	0
ENSMUSG00000020627	ENSMUSG00000037735	lncgDivg	n.1.1	188	ENSG00000119771	ENSG00000283031	lncgDivg	n.1.1	0
ENSMUSG00000020640	ENSMUSG00000112505	lincDivg	1.1.1	15882	ENSG00000198399	ENSG00000286829	lincDivg	1.1.1	42459
ENSMUSG00000020640	ENSMUSG00000112819	lincDivg	n.1.1	23100	ENSG00000198399	ENSG00000286829	lincDivg	1.1.1	42459
ENSMUSG00000020640	ENSMUSG00000111971	lncgDivg	n.n.1	0	ENSG00000198399	ENSG00000242628	lncgDivg	n.n.1	0
ENSMUSG00000020640	ENSMUSG00000118449	lncgDivg	n.n.1	0	ENSG00000198399	ENSG00000242628	lncgDivg	n.n.1	0
ENSMUSG00000020642	ENSMUSG00000114048	lncgDivg	1.1.1	0	ENSG00000151692	ENSG00000228203	lncgDivg	n.n.1	0
ENSMUSG00000020644	ENSMUSG00000113587	lincDivg	1.1.1	53775	ENSG00000115738	ENSG00000231083	lincDivg	1.1.1	55903
ENSMUSG00000020644	ENSMUSG00000113587	lincDivg	1.1.1	53775	ENSG00000115738	ENSG00000236008	lincDivg	n.1.1	85942
ENSMUSG00000020644	ENSMUSG00000112937	lincDivg	1.1.1	32034	ENSG00000115738	ENSG00000231083	lincDivg	1.1.1	55903
ENSMUSG00000020644	ENSMUSG00000112937	lincDivg	1.1.1	32034	ENSG00000115738	ENSG00000236008	lincDivg	n.1.1	85942
ENSMUSG00000020644	ENSMUSG00000114033	lincDivg	1.1.1	84628	ENSG00000115738	ENSG00000231083	lincDivg	1.1.1	55903
ENSMUSG00000020644	ENSMUSG00000114033	lincDivg	1.1.1	84628	ENSG00000115738	ENSG00000236008	lincDivg	n.1.1	85942
ENSMUSG00000020646	ENSMUSG00000113621	lncgDivg	n.1.1	0	ENSG00000143797	ENSG00000290023	lncgDivg	1.1.1	386
ENSMUSG00000020659	ENSMUSG00000099851	lncgDivg	1.1.1	0	ENSG00000105879	ENSG00000241764	lncgDivg	n.1.1	0
ENSMUSG00000020701	ENSMUSG00000113710	lncgDivg	1.1.1	1560	ENSG00000181291	ENSG00000197322	lncgDivg	n.1.1	118
ENSMUSG00000020704	ENSMUSG00000085130	lncgDivg	1.1.1	0	ENSG00000108684	ENSG00000263571	lncgDivg	n.1.1	0
ENSMUSG00000020704	ENSMUSG00000085130	lncgDivg	1.1.1	0	ENSG00000108684	ENSG00000264643	lncgDivg	1.1.1	0
ENSMUSG00000020704	ENSMUSG00000085130	lncgDivg	1.1.1	0	ENSG00000108684	ENSG00000263435	lncgDivg	1.1.1	0
ENSMUSG00000020704	ENSMUSG00000085130	lncgDivg	1.1.1	0	ENSG00000108684	ENSG00000264990	lncgDivg	1.1.1	1574
ENSMUSG00000020704	ENSMUSG00000085130	lncgDivg	1.1.1	0	ENSG00000108684	ENSG00000265125	lncgDivg	n.1.1	0
ENSMUSG00000020704	ENSMUSG00000085130	lncgDivg	1.1.1	0	ENSG00000108684	ENSG00000266535	lncgDivg	1.1.1	0
ENSMUSG00000020704	ENSMUSG00000085130	lncgDivg	1.1.1	0	ENSG00000108684	ENSG00000264791	lncgDivg	1.1.1	0
ENSMUSG00000020704	ENSMUSG00000085130	lncgDivg	1.1.1	0	ENSG00000108684	ENSG00000265115	lncgDivg	1.1.1	0
ENSMUSG00000020704	ENSMUSG00000085130	lncgDivg	1.1.1	0	ENSG00000108684	ENSG00000265697	lncgDivg	1.1.1	0
ENSMUSG00000020704	ENSMUSG00000085130	lncgDivg	1.1.1	0	ENSG00000108684	ENSG00000265689	lncgDivg	1.1.1	0
ENSMUSG00000020704	ENSMUSG00000087534	lncgDivg	1.1.1	0	ENSG00000108684	ENSG00000263571	lncgDivg	n.1.1	0
ENSMUSG00000020704	ENSMUSG00000087534	lncgDivg	1.1.1	0	ENSG00000108684	ENSG00000264643	lncgDivg	1.1.1	0
ENSMUSG00000020704	ENSMUSG00000087534	lncgDivg	1.1.1	0	ENSG00000108684	ENSG00000263435	lncgDivg	1.1.1	0
ENSMUSG00000020704	ENSMUSG00000087534	lncgDivg	1.1.1	0	ENSG00000108684	ENSG00000264990	lncgDivg	1.1.1	1574
ENSMUSG00000020704	ENSMUSG00000087534	lncgDivg	1.1.1	0	ENSG00000108684	ENSG00000265125	lncgDivg	n.1.1	0
ENSMUSG00000020704	ENSMUSG00000087534	lncgDivg	1.1.1	0	ENSG00000108684	ENSG00000266535	lncgDivg	1.1.1	0
ENSMUSG00000020704	ENSMUSG00000087534	lncgDivg	1.1.1	0	ENSG00000108684	ENSG00000264791	lncgDivg	1.1.1	0
ENSMUSG00000020704	ENSMUSG00000087534	lncgDivg	1.1.1	0	ENSG00000108684	ENSG00000265115	lncgDivg	1.1.1	0
ENSMUSG00000020704	ENSMUSG00000087534	lncgDivg	1.1.1	0	ENSG00000108684	ENSG00000265697	lncgDivg	1.1.1	0
ENSMUSG00000020704	ENSMUSG00000087534	lncgDivg	1.1.1	0	ENSG00000108684	ENSG00000265689	lncgDivg	1.1.1	0
ENSMUSG00000020704	ENSMUSG00000086971	lncgDivg	1.1.1	0	ENSG00000108684	ENSG00000263571	lncgDivg	n.1.1	0
ENSMUSG00000020704	ENSMUSG00000086971	lncgDivg	1.1.1	0	ENSG00000108684	ENSG00000264643	lncgDivg	1.1.1	0
ENSMUSG00000020704	ENSMUSG00000086971	lncgDivg	1.1.1	0	ENSG00000108684	ENSG00000263435	lncgDivg	1.1.1	0
ENSMUSG00000020704	ENSMUSG00000086971	lncgDivg	1.1.1	0	ENSG00000108684	ENSG00000264990	lncgDivg	1.1.1	1574
ENSMUSG00000020704	ENSMUSG00000086971	lncgDivg	1.1.1	0	ENSG00000108684	ENSG00000265125	lncgDivg	n.1.1	0
ENSMUSG00000020704	ENSMUSG00000086971	lncgDivg	1.1.1	0	ENSG00000108684	ENSG00000266535	lncgDivg	1.1.1	0
ENSMUSG00000020704	ENSMUSG00000086971	lncgDivg	1.1.1	0	ENSG00000108684	ENSG00000264791	lncgDivg	1.1.1	0
ENSMUSG00000020704	ENSMUSG00000086971	lncgDivg	1.1.1	0	ENSG00000108684	ENSG00000265115	lncgDivg	1.1.1	0
ENSMUSG00000020704	ENSMUSG00000086971	lncgDivg	1.1.1	0	ENSG00000108684	ENSG00000265697	lncgDivg	1.1.1	0
ENSMUSG00000020704	ENSMUSG00000086971	lncgDivg	1.1.1	0	ENSG00000108684	ENSG00000265689	lncgDivg	1.1.1	0
ENSMUSG00000020704	ENSMUSG00000020703	lncgDivg	n.1.1	0	ENSG00000108684	ENSG00000263571	lncgDivg	n.1.1	0
ENSMUSG00000020704	ENSMUSG00000020703	lncgDivg	n.1.1	0	ENSG00000108684	ENSG00000264643	lncgDivg	1.1.1	0
ENSMUSG00000020704	ENSMUSG00000020703	lncgDivg	n.1.1	0	ENSG00000108684	ENSG00000263435	lncgDivg	1.1.1	0
ENSMUSG00000020704	ENSMUSG00000020703	lncgDivg	n.1.1	0	ENSG00000108684	ENSG00000264990	lncgDivg	1.1.1	1574
ENSMUSG00000020704	ENSMUSG00000020703	lncgDivg	n.1.1	0	ENSG00000108684	ENSG00000265125	lncgDivg	n.1.1	0
ENSMUSG00000020704	ENSMUSG00000020703	lncgDivg	n.1.1	0	ENSG00000108684	ENSG00000266535	lncgDivg	1.1.1	0
ENSMUSG00000020704	ENSMUSG00000020703	lncgDivg	n.1.1	0	ENSG00000108684	ENSG00000264791	lncgDivg	1.1.1	0
ENSMUSG00000020704	ENSMUSG00000020703	lncgDivg	n.1.1	0	ENSG00000108684	ENSG00000265115	lncgDivg	1.1.1	0
ENSMUSG00000020704	ENSMUSG00000020703	lncgDivg	n.1.1	0	ENSG00000108684	ENSG00000265697	lncgDivg	1.1.1	0
ENSMUSG00000020704	ENSMUSG00000020703	lncgDivg	n.1.1	0	ENSG00000108684	ENSG00000265689	lncgDivg	1.1.1	0
ENSMUSG00000020709	ENSMUSG00000086507	lncgDivg	1.1.1	0	ENSG00000184060	ENSG00000230113	lncgDivg	1.1.1	0
ENSMUSG00000020716	ENSMUSG00000120210	lncgDivg	1.1.1	391	ENSG00000196712	ENSG00000264107	lncgDivg	1.1.1	0
ENSMUSG00000020716	ENSMUSG00000091523	lncgDivg	1.1.1	0	ENSG00000196712	ENSG00000264107	lncgDivg	1.1.1	0
ENSMUSG00000020721	ENSMUSG00000059706	lncgDivg	1.1.1	0	ENSG00000198265	ENSG00000266473	lncgDivg	1.1.1	0
ENSMUSG00000020721	ENSMUSG00000059706	lncgDivg	1.1.1	0	ENSG00000198265	ENSG00000264421	lncgDivg	1.1.1	0
ENSMUSG00000020721	ENSMUSG00000059706	lncgDivg	1.1.1	0	ENSG00000198265	ENSG00000285877	lncgDivg	1.1.1	0
ENSMUSG00000020723	ENSMUSG00000087184	lncgDivg	n.1.1	0	ENSG00000075461	ENSG00000289877	lncgDivg	n.1.1	160
ENSMUSG00000020723	ENSMUSG00000087184	lncgDivg	n.1.1	0	ENSG00000075461	ENSG00000264491	lncgDivg	1.1.1	0
ENSMUSG00000020723	ENSMUSG00000087184	lncgDivg	n.1.1	0	ENSG00000075461	ENSG00000265664	lncgDivg	1.1.1	0
ENSMUSG00000020755	ENSMUSG00000087064	lncgDivg	1.1.1	0	ENSG00000161526	ENSG00000264829	lncgDivg	1.1.1	0
ENSMUSG00000020755	ENSMUSG00000087064	lncgDivg	1.1.1	0	ENSG00000161526	ENSG00000264270	lncgDivg	n.1.1	0
ENSMUSG00000020832	ENSMUSG00000120348	lncgConv	1.1.1	1107	ENSG00000132591	ENSG00000264066	lncgConv	1.1.1	0
ENSMUSG00000020838	ENSMUSG00000087398	lncgDivg	1.1.1	0	ENSG00000108576	ENSG00000264125	lncgDivg	1.1.1	0
ENSMUSG00000020847	ENSMUSG00000087322	lncgDivg	1.1.1	0	ENSG00000181031	ENSG00000262061	lncgDivg	n.n.1	0
ENSMUSG00000020847	ENSMUSG00000087322	lncgDivg	1.1.1	0	ENSG00000181031	ENSG00000262294	lncgDivg	1.1.1	0
ENSMUSG00000020847	ENSMUSG00000087322	lncgDivg	1.1.1	0	ENSG00000181031	ENSG00000262920	lncgDivg	n.n.1	0
ENSMUSG00000020847	ENSMUSG00000087322	lncgDivg	1.1.1	0	ENSG00000181031	ENSG00000262558	lncgDivg	1.1.1	0
ENSMUSG00000020859	ENSMUSG00000086003	lincSS.dw	n.1.1	11571	ENSG00000008294	ENSG00000247011	lincSS.dw	n.1.1	17461
ENSMUSG00000020872	ENSMUSG00000085992	lincDivg	1.1.1	35897	ENSG00000176358	ENSG00000248954	lincDivg	1.1.1	39529
ENSMUSG00000020895	ENSMUSG00000121012	lncgDivg	1.1.1	90	ENSG00000179029	ENSG00000266824	lncgDivg	1.1.1	413
ENSMUSG00000020901	ENSMUSG00000120756	lncgDivg	n.1.1	124	ENSG00000141506	ENSG00000266389	lncgDivg	1.1.1	184
ENSMUSG00000020901	ENSMUSG00000120756	lncgDivg	n.1.1	124	ENSG00000141506	ENSG00000265975	lncgDivg	1.1.1	1811
ENSMUSG00000020903	ENSMUSG00000087242	lncgDivg	1.1.1	0	ENSG00000170310	ENSG00000263051	lncgDivg	1.1.1	0
ENSMUSG00000020903	ENSMUSG00000087242	lncgDivg	1.1.1	0	ENSG00000170310	ENSG00000263708	lncgDivg	1.1.1	0
ENSMUSG00000020903	ENSMUSG00000087242	lncgDivg	1.1.1	0	ENSG00000170310	ENSG00000262815	lncgDivg	1.1.1	0
ENSMUSG00000020903	ENSMUSG00000087242	lncgDivg	1.1.1	0	ENSG00000170310	ENSG00000225751	lncgDivg	1.1.1	0
ENSMUSG00000020908	ENSMUSG00000087410	lincConv	n.1.1	10170	ENSG00000109063	ENSG00000214970	lincConv	n.1.1	15955
ENSMUSG00000020923	ENSMUSG00000120603	lncgSS.up	1.1.1	17	ENSG00000108312	ENSG00000288877	lncgSS.up	1.1.1	4
ENSMUSG00000020946	ENSMUSG00000085154	lncgDivg	n.1.1	0	ENSG00000108433	ENSG00000261886	lncgDivg	1.1.1	41
ENSMUSG00000020950	ENSMUSG00000112763	lncgDivg	n.1.1	775	ENSG00000176165	ENSG00000257126	lncgDivg	n.n.1	0
ENSMUSG00000020962	ENSMUSG00000120869	lncgDivg	1.1.1	0	ENSG00000165417	ENSG00000273783	lncgDivg	n.n.1	0
ENSMUSG00000020990	ENSMUSG00000020992	lncgDivg	n.1.n	0	ENSG00000100490	ENSG00000258857	lncgDivg	1.1.1	0
ENSMUSG00000021010	ENSMUSG00000113179	lncgDivg	n.1.1	0	ENSG00000151322	ENSG00000287777	lncgDivg	1.1.1	0
ENSMUSG00000021010	ENSMUSG00000113179	lncgDivg	n.1.1	0	ENSG00000151322	ENSG00000287153	lncgDivg	1.1.1	0
ENSMUSG00000021028	ENSMUSG00000112164	lincConv	1.1.1	61919	ENSG00000151332	ENSG00000258844	lincConv	1.1.1	62956
ENSMUSG00000021028	ENSMUSG00000112211	lincSS.dw	n.1.1	52560	ENSG00000151332	ENSG00000259104	lincSS.dw	n.1.1	81280
ENSMUSG00000021048	ENSMUSG00000112784	lncgDivg	1.1.1	0	ENSG00000100714	ENSG00000258824	lncgDivg	1.1.1	0
ENSMUSG00000021048	ENSMUSG00000112784	lncgDivg	1.1.1	0	ENSG00000100714	ENSG00000272909	lncgDivg	1.1.1	0
ENSMUSG00000021048	ENSMUSG00000112274	lncgDivg	1.1.1	0	ENSG00000100714	ENSG00000258824	lncgDivg	1.1.1	0
ENSMUSG00000021048	ENSMUSG00000112274	lncgDivg	1.1.1	0	ENSG00000100714	ENSG00000272909	lncgDivg	1.1.1	0
ENSMUSG00000021051	ENSMUSG00000112459	lncgDivg	1.1.1	0	ENSG00000154001	ENSG00000261242	lncgDivg	1.1.1	192
ENSMUSG00000021065	ENSMUSG00000112150	lncgDivg	1.1.1	0	ENSG00000033170	ENSG00000276116	lncgDivg	1.1.1	0
ENSMUSG00000021068	ENSMUSG00000114099	lncgDivg	1.1.1	0	ENSG00000100503	ENSG00000285747	lncgDivg	1.1.1	800
ENSMUSG00000021068	ENSMUSG00000114099	lncgDivg	1.1.1	0	ENSG00000100503	ENSG00000258843	lncgDivg	1.1.1	0
ENSMUSG00000021069	ENSMUSG00000085298	lncgDivg	1.1.1	0	ENSG00000100504	ENSG00000258745	lncgDivg	1.1.1	0
ENSMUSG00000021071	ENSMUSG00000112945	lncgDivg	1.1.1	0	ENSG00000100505	ENSG00000287990	lncgDivg	1.1.1	0
ENSMUSG00000021071	ENSMUSG00000112945	lncgDivg	1.1.1	0	ENSG00000100505	ENSG00000259055	lncgDivg	1.1.1	0
ENSMUSG00000021071	ENSMUSG00000113694	lncgDivg	1.1.1	0	ENSG00000100505	ENSG00000287990	lncgDivg	1.1.1	0
ENSMUSG00000021071	ENSMUSG00000113694	lncgDivg	1.1.1	0	ENSG00000100505	ENSG00000259055	lncgDivg	1.1.1	0
ENSMUSG00000021072	ENSMUSG00000113302	lincSS.dw	1.1.1	54558	ENSG00000139921	ENSG00000258479	lincSS.dw	n.1.1	75413
ENSMUSG00000021072	ENSMUSG00000113944	lincSS.dw	1.1.1	10575	ENSG00000139921	ENSG00000258479	lincSS.dw	n.1.1	75413
ENSMUSG00000021095	ENSMUSG00000114826	lncgDivg	n.1.1	1	ENSG00000133937	ENSG00000285205	lncgDivg	1.1.1	158
ENSMUSG00000021096	ENSMUSG00000113779	lincSS.dw	1.1.1	17893	ENSG00000100614	ENSG00000258556	lincSS.dw	1.1.1	24149
ENSMUSG00000021096	ENSMUSG00000120877	lncgDivg	1.1.1	0	ENSG00000100614	ENSG00000254718	lncgDivg	n.n.1	0
ENSMUSG00000021097	ENSMUSG00000021101	lncgDivg	n.n.1	0	ENSG00000165959	ENSG00000258630	lncgDivg	n.n.1	0
ENSMUSG00000021102	ENSMUSG00000113722	lncgDivg	n.1.1	380	ENSG00000182512	ENSG00000247092	lncgDivg	n.n.n	0
ENSMUSG00000021109	ENSMUSG00000087700	lncgConv	n.n.1	0	ENSG00000100644	ENSG00000258667	lncgConv	n.n.1	0
ENSMUSG00000021111	ENSMUSG00000113537	lincSS.dw	1.1.1	25318	ENSG00000090060	ENSG00000287350	lincSS.dw	1.1.1	96675
ENSMUSG00000021111	ENSMUSG00000113537	lincSS.dw	1.1.1	25318	ENSG00000090060	ENSG00000258702	lincSS.dw	n.1.1	25283
ENSMUSG00000021111	ENSMUSG00000113835	lincSS.dw	1.1.1	60867	ENSG00000090060	ENSG00000287350	lincSS.dw	1.1.1	96675
ENSMUSG00000021111	ENSMUSG00000113835	lincSS.dw	1.1.1	60867	ENSG00000090060	ENSG00000258702	lincSS.dw	n.1.1	25283
ENSMUSG00000021115	ENSMUSG00000114149	lincConv	1.1.1	54552	ENSG00000100749	ENSG00000288034	lincConv	1.1.1	50746
ENSMUSG00000021115	ENSMUSG00000113390	lincConv	1.1.1	17397	ENSG00000100749	ENSG00000288034	lincConv	1.1.1	50746
ENSMUSG00000021125	ENSMUSG00000111929	lncgDivg	1.1.1	0	ENSG00000081181	ENSG00000286861	lncgDivg	1.1.1	0
ENSMUSG00000021127	ENSMUSG00000111933	lincSS.dw	1.1.1	26320	ENSG00000185650	ENSG00000289583	lincSS.dw	1.1.1	7442
ENSMUSG00000021127	ENSMUSG00000120387	lncgSS.up	n.1.1	1309	ENSG00000185650	ENSG00000289626	lncgSS.up	1.1.1	0
ENSMUSG00000021127	ENSMUSG00000120409	lncgSS.up	1.1.1	1611	ENSG00000185650	ENSG00000289626	lncgSS.up	1.1.1	0
ENSMUSG00000021130	ENSMUSG00000112421	lncgDivg	1.1.1	0	ENSG00000100626	ENSG00000258520	lncgDivg	1.1.1	0
ENSMUSG00000021130	ENSMUSG00000097801	lncgDivg	1.1.1	0	ENSG00000100626	ENSG00000258520	lncgDivg	1.1.1	0
ENSMUSG00000021182	ENSMUSG00000097160	lncgDivg	n.1.1	0	ENSG00000015133	ENSG00000258798	lncgDivg	1.1.1	422
ENSMUSG00000021182	ENSMUSG00000113634	lncgDivg	n.1.1	0	ENSG00000015133	ENSG00000258798	lncgDivg	1.1.1	422
ENSMUSG00000021200	ENSMUSG00000090185	lncgDivg	1.1.1	0	ENSG00000100628	ENSG00000258987	lncgDivg	n.1.1	0
ENSMUSG00000021219	ENSMUSG00000120391	lncgDivg	1.1.1	0	ENSG00000182732	ENSG00000286333	lncgDivg	1.1.1	0
ENSMUSG00000021219	ENSMUSG00000102029	lncgDivg	1.1.1	0	ENSG00000182732	ENSG00000286333	lncgDivg	1.1.1	0
ENSMUSG00000021219	ENSMUSG00000100890	lncgDivg	1.1.1	0	ENSG00000182732	ENSG00000286333	lncgDivg	1.1.1	0
ENSMUSG00000021248	ENSMUSG00000113488	lncgDivg	1.1.1	0	ENSG00000170348	ENSG00000273565	lncgDivg	1.1.1	0
ENSMUSG00000021250	ENSMUSG00000113940	lincDivg	n.1.1	37641	ENSG00000170345	ENSG00000289340	lincDivg	1.1.1	19855
ENSMUSG00000021250	ENSMUSG00000113940	lincDivg	n.1.1	37641	ENSG00000170345	ENSG00000258740	lincDivg	1.1.1	9543
ENSMUSG00000021250	ENSMUSG00000120232	lincSS.dw	n.1.1	47338	ENSG00000170345	ENSG00000289844	lincSS.dw	1.1.1	53725
ENSMUSG00000021250	ENSMUSG00000120232	lincSS.dw	n.1.1	47338	ENSG00000170345	ENSG00000259687	lincSS.dw	n.1.1	12174
ENSMUSG00000021250	ENSMUSG00000114163	lincSS.dw	1.1.1	52325	ENSG00000170345	ENSG00000289844	lincSS.dw	1.1.1	53725
ENSMUSG00000021250	ENSMUSG00000114163	lincSS.dw	1.1.1	52325	ENSG00000170345	ENSG00000259687	lincSS.dw	n.1.1	12174
ENSMUSG00000021253	ENSMUSG00000114051	lncgDivg	1.1.1	0	ENSG00000119699	ENSG00000258876	lncgDivg	1.1.1	0
ENSMUSG00000021254	ENSMUSG00000120595	lncgDivg	1.1.1	122	ENSG00000089916	ENSG00000283629	lncgDivg	1.1.1	0
ENSMUSG00000021255	ENSMUSG00000121169	lncgDivg	1.1.1	0	ENSG00000119715	ENSG00000258402	lncgDivg	1.1.1	646
ENSMUSG00000021277	ENSMUSG00000083193	lncgDivg	1.1.1	0	ENSG00000131323	ENSG00000259508	lncgDivg	n.1.1	2658
ENSMUSG00000021301	ENSMUSG00000113654	lncgDivg	n.n.1	0	ENSG00000002746	ENSG00000232006	lncgDivg	n.n.n	0
ENSMUSG00000021301	ENSMUSG00000113654	lncgDivg	n.n.1	0	ENSG00000002746	ENSG00000228680	lncgDivg	n.1.1	0
ENSMUSG00000021301	ENSMUSG00000113654	lncgDivg	n.n.1	0	ENSG00000002746	ENSG00000231638	lncgDivg	1.1.1	0
ENSMUSG00000021357	ENSMUSG00000114161	lincSS.up	1.1.1	98637	ENSG00000112685	ENSG00000287293	lincSS.up	1.1.1	35989
ENSMUSG00000021357	ENSMUSG00000114161	lincSS.up	1.1.1	98637	ENSG00000112685	ENSG00000272463	lincSS.up	1.1.1	15453
ENSMUSG00000021357	ENSMUSG00000114161	lincSS.up	1.1.1	98637	ENSG00000112685	ENSG00000272485	lincSS.up	1.1.1	81608
ENSMUSG00000021359	ENSMUSG00000114640	lincSS.up	n.1.1	15684	ENSG00000137203	ENSG00000183674	lincSS.up	n.1.1	10050
ENSMUSG00000021359	ENSMUSG00000114936	lncgDivg	1.1.1	0	ENSG00000137203	ENSG00000285278	lncgDivg	1.1.1	0
ENSMUSG00000021359	ENSMUSG00000114936	lncgDivg	1.1.1	0	ENSG00000137203	ENSG00000229950	lncgDivg	n.1.1	0
ENSMUSG00000021359	ENSMUSG00000097752	lncgDivg	1.1.1	0	ENSG00000137203	ENSG00000285278	lncgDivg	1.1.1	0
ENSMUSG00000021359	ENSMUSG00000097752	lncgDivg	1.1.1	0	ENSG00000137203	ENSG00000229950	lncgDivg	n.1.1	0
ENSMUSG00000021359	ENSMUSG00000114597	lncgDivg	1.1.1	0	ENSG00000137203	ENSG00000285278	lncgDivg	1.1.1	0
ENSMUSG00000021359	ENSMUSG00000114597	lncgDivg	1.1.1	0	ENSG00000137203	ENSG00000229950	lncgDivg	n.1.1	0
ENSMUSG00000021365	ENSMUSG00000114552	lncgDivg	1.1.1	0	ENSG00000111859	ENSG00000287920	lncgDivg	1.1.1	0
ENSMUSG00000021365	ENSMUSG00000114552	lncgDivg	1.1.1	0	ENSG00000111859	ENSG00000290062	lncgDivg	1.1.1	0
ENSMUSG00000021365	ENSMUSG00000114585	lncgDivg	n.1.1	0	ENSG00000111859	ENSG00000287920	lncgDivg	1.1.1	0
ENSMUSG00000021365	ENSMUSG00000114585	lncgDivg	n.1.1	0	ENSG00000111859	ENSG00000290062	lncgDivg	1.1.1	0
ENSMUSG00000021365	ENSMUSG00000097373	lncgDivg	1.1.1	0	ENSG00000111859	ENSG00000287920	lncgDivg	1.1.1	0
ENSMUSG00000021365	ENSMUSG00000097373	lncgDivg	1.1.1	0	ENSG00000111859	ENSG00000290062	lncgDivg	1.1.1	0
ENSMUSG00000021365	ENSMUSG00000114914	lncgDivg	1.1.1	0	ENSG00000111859	ENSG00000287920	lncgDivg	1.1.1	0
ENSMUSG00000021365	ENSMUSG00000114914	lncgDivg	1.1.1	0	ENSG00000111859	ENSG00000290062	lncgDivg	1.1.1	0
ENSMUSG00000021366	ENSMUSG00000100071	lncgSS.up	1.1.1	1734	ENSG00000095951	ENSG00000229896	lncgSS.up	n.n.1	0
ENSMUSG00000021368	ENSMUSG00000120366	lncgDivg	1.1.1	43	ENSG00000145979	ENSG00000289257	lncgDivg	1.1.1	0
ENSMUSG00000021374	ENSMUSG00000120329	lncgDivg	n.n.1	0	ENSG00000124789	ENSG00000272269	lncgDivg	1.1.1	0
ENSMUSG00000021411	ENSMUSG00000086786	lncgDivg	1.1.1	0	ENSG00000168994	ENSG00000270504	lncgDivg	1.1.1	0
ENSMUSG00000021413	ENSMUSG00000113170	lncgDivg	1.1.1	0	ENSG00000112739	ENSG00000288904	lncgDivg	1.1.1	2495
ENSMUSG00000021413	ENSMUSG00000113170	lncgDivg	1.1.1	0	ENSG00000112739	ENSG00000230648	lncgDivg	1.1.1	52
ENSMUSG00000021418	ENSMUSG00000114270	lncgDivg	1.1.1	0	ENSG00000124787	ENSG00000272142	lncgDivg	n.n.1	0
ENSMUSG00000021420	ENSMUSG00000114407	lncgDivg	1.1.1	0	ENSG00000145982	ENSG00000269985	lncgDivg	n.1.1	0
ENSMUSG00000021420	ENSMUSG00000114407	lncgDivg	1.1.1	0	ENSG00000145982	ENSG00000270174	lncgDivg	1.1.1	0
ENSMUSG00000021420	ENSMUSG00000114387	lncgDivg	1.1.1	0	ENSG00000145982	ENSG00000269985	lncgDivg	n.1.1	0
ENSMUSG00000021420	ENSMUSG00000114387	lncgDivg	1.1.1	0	ENSG00000145982	ENSG00000270174	lncgDivg	1.1.1	0
ENSMUSG00000021423	ENSMUSG00000114791	lincConv	n.1.1	20352	ENSG00000112799	ENSG00000261211	lincConv	n.1.1	25326
ENSMUSG00000021423	ENSMUSG00000114791	lincConv	n.1.1	20352	ENSG00000112799	ENSG00000226281	lincConv	n.1.1	37758
ENSMUSG00000021423	ENSMUSG00000114389	lincConv	1.1.1	85170	ENSG00000112799	ENSG00000261211	lincConv	n.1.1	25326
ENSMUSG00000021423	ENSMUSG00000114389	lincConv	1.1.1	85170	ENSG00000112799	ENSG00000226281	lincConv	n.1.1	37758
ENSMUSG00000021423	ENSMUSG00000100932	lincConv	1.1.1	30364	ENSG00000112799	ENSG00000261211	lincConv	n.1.1	25326
ENSMUSG00000021423	ENSMUSG00000100932	lincConv	1.1.1	30364	ENSG00000112799	ENSG00000226281	lincConv	n.1.1	37758
ENSMUSG00000021423	ENSMUSG00000099847	lincConv	1.1.1	33176	ENSG00000112799	ENSG00000261211	lincConv	n.1.1	25326
ENSMUSG00000021423	ENSMUSG00000099847	lincConv	1.1.1	33176	ENSG00000112799	ENSG00000226281	lincConv	n.1.1	37758
ENSMUSG00000021423	ENSMUSG00000114573	lincSS.dw	1.1.1	63349	ENSG00000112799	ENSG00000288046	lincSS.dw	1.1.1	70053
ENSMUSG00000021423	ENSMUSG00000114573	lincSS.dw	1.1.1	63349	ENSG00000112799	ENSG00000287497	lincSS.dw	n.1.1	55494
ENSMUSG00000021423	ENSMUSG00000100022	lincSS.dw	n.1.1	89904	ENSG00000112799	ENSG00000288046	lincSS.dw	1.1.1	70053
ENSMUSG00000021423	ENSMUSG00000100022	lincSS.dw	n.1.1	89904	ENSG00000112799	ENSG00000287497	lincSS.dw	n.1.1	55494
ENSMUSG00000021423	ENSMUSG00000114701	lincSS.dw	1.1.1	53002	ENSG00000112799	ENSG00000288046	lincSS.dw	1.1.1	70053
ENSMUSG00000021423	ENSMUSG00000114701	lincSS.dw	1.1.1	53002	ENSG00000112799	ENSG00000287497	lincSS.dw	n.1.1	55494
ENSMUSG00000021423	ENSMUSG00000114249	lincSS.up	1.1.1	93043	ENSG00000112799	ENSG00000285717	lincSS.up	1.1.1	80665
ENSMUSG00000021423	ENSMUSG00000114508	lincSS.up	1.1.1	18161	ENSG00000112799	ENSG00000285717	lincSS.up	1.1.1	80665
ENSMUSG00000021432	ENSMUSG00000096932	lncgDivg	1.1.1	0	ENSG00000124786	ENSG00000285219	lncgDivg	n.1.1	102
ENSMUSG00000021458	ENSMUSG00000113203	lncgSS.dw	1.1.1	0	ENSG00000148120	ENSG00000230815	lncgSS.dw	1.1.1	0
ENSMUSG00000021458	ENSMUSG00000113203	lncgSS.dw	1.1.1	0	ENSG00000148120	ENSG00000236095	lncgSS.dw	1.1.1	0
ENSMUSG00000021458	ENSMUSG00000113257	lncgSS.dw	1.1.1	0	ENSG00000148120	ENSG00000230815	lncgSS.dw	1.1.1	0
ENSMUSG00000021458	ENSMUSG00000113257	lncgSS.dw	1.1.1	0	ENSG00000148120	ENSG00000236095	lncgSS.dw	1.1.1	0
ENSMUSG00000021460	ENSMUSG00000113737	lincSS.dw	n.n.n	77914	ENSG00000148090	ENSG00000237422	lincSS.dw	n.1.1	50487
ENSMUSG00000021461	ENSMUSG00000089854	lncgDivg	n.n.1	0	ENSG00000158169	ENSG00000229065	lncgDivg	1.1.1	0
ENSMUSG00000021461	ENSMUSG00000090232	lncgSS.up	1.1.1	0	ENSG00000158169	ENSG00000271384	lncgSS.up	1.1.1	0
ENSMUSG00000021466	ENSMUSG00000113453	lincSS.up	n.1.1	47902	ENSG00000185920	ENSG00000229345	lincSS.up	n.1.1	82381
ENSMUSG00000021466	ENSMUSG00000113459	lncgDivg	n.1.1	1453	ENSG00000185920	ENSG00000271314	lncgDivg	1.1.1	0
ENSMUSG00000021466	ENSMUSG00000113459	lncgDivg	n.1.1	1453	ENSG00000185920	ENSG00000271155	lncgDivg	1.1.1	0
ENSMUSG00000021466	ENSMUSG00000113459	lncgDivg	n.1.1	1453	ENSG00000185920	ENSG00000271659	lncgDivg	1.1.1	0
ENSMUSG00000021468	ENSMUSG00000107008	lincDivg	n.n.n	16221	ENSG00000090054	ENSG00000290644	lincDivg	n.1.1	25885
ENSMUSG00000021469	ENSMUSG00000113834	lincSS.up	1.1.1	30532	ENSG00000120149	ENSG00000250256	lincSS.up	1.1.1	98807
ENSMUSG00000021506	ENSMUSG00000100096	lncgSS.up	n.1.1	0	ENSG00000069011	ENSG00000249082	lncgSS.up	n.1.1	4018
ENSMUSG00000021536	ENSMUSG00000120037	lincSS.up	n.1.1	59410	ENSG00000078295	ENSG00000290510	lincSS.up	n.1.1	69529
ENSMUSG00000021536	ENSMUSG00000120037	lincSS.up	n.1.1	59410	ENSG00000078295	ENSG00000251678	lincSS.up	1.1.1	50217
ENSMUSG00000021536	ENSMUSG00000113121	lncgDivg	n.n.1	0	ENSG00000078295	ENSG00000250761	lncgDivg	1.1.1	0
ENSMUSG00000021537	ENSMUSG00000097793	lncgDivg	n.1.1	0	ENSG00000153140	ENSG00000255647	lncgDivg	n.1.1	234
ENSMUSG00000021573	ENSMUSG00000085881	lncgDivg	n.1.1	38	ENSG00000171368	ENSG00000289088	lncgDivg	n.1.1	141
ENSMUSG00000021573	ENSMUSG00000085881	lncgDivg	n.1.1	38	ENSG00000171368	ENSG00000271781	lncgDivg	1.1.1	0
ENSMUSG00000021607	ENSMUSG00000113346	lincConv	n.1.1	12354	ENSG00000171421	ENSG00000260066	lincConv	1.1.1	70213
ENSMUSG00000021629	ENSMUSG00000100596	lincDivg	1.1.1	14006	ENSG00000145740	ENSG00000249335	lincDivg	n.1.1	50141
ENSMUSG00000021629	ENSMUSG00000100596	lincDivg	1.1.1	14006	ENSG00000145740	ENSG00000249352	lincDivg	n.1.1	63826
ENSMUSG00000021638	ENSMUSG00000114360	lncgDivg	1.1.1	4708	ENSG00000197822	ENSG00000249295	lncgDivg	n.n.1	0
ENSMUSG00000021660	ENSMUSG00000048603	lncgDivg	n.n.1	0	ENSG00000145741	ENSG00000272525	lncgDivg	1.1.1	22
ENSMUSG00000021662	ENSMUSG00000114474	lincSS.dw	1.1.1	22807	ENSG00000214944	ENSG00000259968	lincSS.dw	1.1.1	10947
ENSMUSG00000021676	ENSMUSG00000118436	lncgDivg	1.1.1	0	ENSG00000145703	ENSG00000249713	lncgDivg	1.1.1	0
ENSMUSG00000021676	ENSMUSG00000121060	lncgDivg	1.1.1	0	ENSG00000145703	ENSG00000249713	lncgDivg	1.1.1	0
ENSMUSG00000021676	ENSMUSG00000118445	lncgDivg	1.1.1	0	ENSG00000145703	ENSG00000249713	lncgDivg	1.1.1	0
ENSMUSG00000021686	ENSMUSG00000113598	lincConv	1.1.1	79582	ENSG00000132842	ENSG00000287162	lincConv	1.1.1	41428
ENSMUSG00000021697	ENSMUSG00000090358	lncgDivg	1.1.1	59	ENSG00000035499	ENSG00000287434	lncgDivg	1.1.1	0
ENSMUSG00000021731	ENSMUSG00000097411	lncgDivg	n.1.1	0	ENSG00000112996	ENSG00000251141	lncgDivg	n.1.1	170
ENSMUSG00000021732	ENSMUSG00000086709	lncgDivg	1.1.1	0	ENSG00000070193	ENSG00000248464	lncgDivg	1.1.1	0
ENSMUSG00000021747	ENSMUSG00000097898	lncgDivg	n.1.1	146	ENSG00000163689	ENSG00000242428	lncgDivg	n.n.1	0
ENSMUSG00000021754	ENSMUSG00000086057	lincDivg	1.1.1	48003	ENSG00000095015	ENSG00000289709	lincDivg	1.1.1	42674
ENSMUSG00000021754	ENSMUSG00000086111	lincDivg	n.1.1	58923	ENSG00000095015	ENSG00000289709	lincDivg	1.1.1	42674
ENSMUSG00000021754	ENSMUSG00000086861	lincSS.up	1.1.1	41323	ENSG00000095015	ENSG00000228650	lincSS.up	1.1.1	43246
ENSMUSG00000021754	ENSMUSG00000085204	lncgDivg	n.1.1	1475	ENSG00000095015	ENSG00000237705	lncgDivg	1.1.1	0
ENSMUSG00000021756	ENSMUSG00000120018	lncgDivg	1.1.1	75	ENSG00000134352	ENSG00000262211	lncgDivg	1.1.1	0
ENSMUSG00000021756	ENSMUSG00000120018	lncgDivg	1.1.1	75	ENSG00000134352	ENSG00000227908	lncgDivg	n.1.1	131
ENSMUSG00000021779	ENSMUSG00000114504	lncgDivg	n.n.1	0	ENSG00000151090	ENSG00000228791	lncgDivg	n.n.1	0
ENSMUSG00000021779	ENSMUSG00000114504	lncgDivg	n.n.1	0	ENSG00000151090	ENSG00000289130	lncgDivg	n.n.1	0
ENSMUSG00000021782	ENSMUSG00000118519	lncgConv	1.1.1	0	ENSG00000151208	ENSG00000228748	lncgConv	n.n.1	0
ENSMUSG00000021796	ENSMUSG00000090779	lncgDivg	1.1.1	0	ENSG00000107779	ENSG00000272631	lncgDivg	1.1.1	303
ENSMUSG00000021806	ENSMUSG00000120206	lincSS.up	n.1.1	19269	ENSG00000087303	ENSG00000258694	lincSS.up	1.1.1	42063
ENSMUSG00000021820	ENSMUSG00000114241	lncgDivg	n.1.1	87	ENSG00000148660	ENSG00000224195	lncgDivg	1.1.1	0
ENSMUSG00000021820	ENSMUSG00000114241	lncgDivg	n.1.1	87	ENSG00000148660	ENSG00000229990	lncgDivg	1.1.1	0
ENSMUSG00000021835	ENSMUSG00000086746	lncgDivg	n.1.1	0	ENSG00000125378	ENSG00000287156	lncgDivg	1.1.1	0
ENSMUSG00000021838	ENSMUSG00000115100	lncgDivg	n.1.1	2152	ENSG00000020577	ENSG00000285774	lncgDivg	n.1.1	0
ENSMUSG00000021838	ENSMUSG00000115410	lncgDivg	1.1.1	0	ENSG00000020577	ENSG00000285774	lncgDivg	n.1.1	0
ENSMUSG00000021843	ENSMUSG00000115719	lincConv	n.1.1	15198	ENSG00000126777	ENSG00000258791	lincConv	n.1.1	79606
ENSMUSG00000021843	ENSMUSG00000115215	lincConv	n.1.1	51074	ENSG00000126777	ENSG00000258791	lincConv	n.1.1	79606
ENSMUSG00000021843	ENSMUSG00000115046	lincConv	1.1.1	60846	ENSG00000126777	ENSG00000258791	lincConv	n.1.1	79606
ENSMUSG00000021843	ENSMUSG00000115310	lincSS.dw	n.1.1	65341	ENSG00000126777	ENSG00000258784	lincSS.dw	1.1.1	46682
ENSMUSG00000021848	ENSMUSG00000115376	lincConv	n.1.1	15675	ENSG00000165588	ENSG00000258703	lincConv	1.1.1	34148
ENSMUSG00000021848	ENSMUSG00000115636	lincConv	1.1.1	61275	ENSG00000165588	ENSG00000258703	lincConv	1.1.1	34148
ENSMUSG00000021848	ENSMUSG00000115669	lincConv	1.1.1	7903	ENSG00000165588	ENSG00000258703	lincConv	1.1.1	34148
ENSMUSG00000021848	ENSMUSG00000098682	lncgDivg	n.n.1	0	ENSG00000165588	ENSG00000248550	lncgDivg	n.1.1	0
ENSMUSG00000021852	ENSMUSG00000115096	lncgDivg	1.1.1	0	ENSG00000151812	ENSG00000259039	lncgDivg	n.n.1	0
ENSMUSG00000021866	ENSMUSG00000098609	lncgDivg	1.1.1	0	ENSG00000122359	ENSG00000237523	lncgDivg	n.1.1	1800
ENSMUSG00000021886	ENSMUSG00000112510	lncgConv	1.1.1	0	ENSG00000140030	ENSG00000258826	lncgConv	n.1.1	3370
ENSMUSG00000021886	ENSMUSG00000112510	lncgConv	1.1.1	0	ENSG00000140030	ENSG00000258407	lncgConv	1.1.1	0
ENSMUSG00000021958	ENSMUSG00000120039	lncgDivg	n.1.1	81	ENSG00000254093	ENSG00000253695	lncgDivg	n.1.1	692
ENSMUSG00000021983	ENSMUSG00000086112	lncgDivg	n.n.1	0	ENSG00000132932	ENSG00000289125	lncgDivg	1.1.1	0
ENSMUSG00000021991	ENSMUSG00000114570	lincSS.up	1.1.1	10502	ENSG00000157445	ENSG00000288029	lincSS.up	1.1.1	63683
ENSMUSG00000021991	ENSMUSG00000114774	lincSS.up	n.1.1	64964	ENSG00000157445	ENSG00000288029	lincSS.up	1.1.1	63683
ENSMUSG00000021991	ENSMUSG00000114760	lncgDivg	1.1.1	0	ENSG00000157445	ENSG00000243715	lncgDivg	1.1.1	0
ENSMUSG00000021991	ENSMUSG00000114760	lncgDivg	1.1.1	0	ENSG00000157445	ENSG00000286353	lncgDivg	1.1.1	0
ENSMUSG00000021991	ENSMUSG00000114760	lncgDivg	1.1.1	0	ENSG00000157445	ENSG00000265992	lncgDivg	1.1.1	0
ENSMUSG00000021991	ENSMUSG00000114704	lncgDivg	n.1.1	0	ENSG00000157445	ENSG00000243715	lncgDivg	1.1.1	0
ENSMUSG00000021991	ENSMUSG00000114704	lncgDivg	n.1.1	0	ENSG00000157445	ENSG00000286353	lncgDivg	1.1.1	0
ENSMUSG00000021991	ENSMUSG00000114704	lncgDivg	n.1.1	0	ENSG00000157445	ENSG00000265992	lncgDivg	1.1.1	0
ENSMUSG00000021991	ENSMUSG00000114595	lncgDivg	1.1.1	0	ENSG00000157445	ENSG00000243715	lncgDivg	1.1.1	0
ENSMUSG00000021991	ENSMUSG00000114595	lncgDivg	1.1.1	0	ENSG00000157445	ENSG00000286353	lncgDivg	1.1.1	0
ENSMUSG00000021991	ENSMUSG00000114595	lncgDivg	1.1.1	0	ENSG00000157445	ENSG00000265992	lncgDivg	1.1.1	0
ENSMUSG00000021994	ENSMUSG00000097002	lncgDivg	1.1.1	0	ENSG00000114251	ENSG00000244586	lncgDivg	1.1.1	0
ENSMUSG00000022012	ENSMUSG00000115244	lncgDivg	1.1.1	0	ENSG00000120658	ENSG00000238189	lncgDivg	1.1.1	0
ENSMUSG00000022012	ENSMUSG00000115244	lncgDivg	1.1.1	0	ENSG00000120658	ENSG00000270522	lncgDivg	1.1.1	619
ENSMUSG00000022012	ENSMUSG00000115244	lncgDivg	1.1.1	0	ENSG00000120658	ENSG00000287029	lncgDivg	1.1.1	0
ENSMUSG00000022012	ENSMUSG00000115244	lncgDivg	1.1.1	0	ENSG00000120658	ENSG00000233821	lncgDivg	1.1.1	0
ENSMUSG00000022012	ENSMUSG00000115363	lncgDivg	1.1.1	0	ENSG00000120658	ENSG00000238189	lncgDivg	1.1.1	0
ENSMUSG00000022012	ENSMUSG00000115363	lncgDivg	1.1.1	0	ENSG00000120658	ENSG00000270522	lncgDivg	1.1.1	619
ENSMUSG00000022012	ENSMUSG00000115363	lncgDivg	1.1.1	0	ENSG00000120658	ENSG00000287029	lncgDivg	1.1.1	0
ENSMUSG00000022012	ENSMUSG00000115363	lncgDivg	1.1.1	0	ENSG00000120658	ENSG00000233821	lncgDivg	1.1.1	0
ENSMUSG00000022012	ENSMUSG00000067973	lncgDivg	n.n.1	0	ENSG00000120658	ENSG00000238189	lncgDivg	1.1.1	0
ENSMUSG00000022012	ENSMUSG00000067973	lncgDivg	n.n.1	0	ENSG00000120658	ENSG00000270522	lncgDivg	1.1.1	619
ENSMUSG00000022012	ENSMUSG00000067973	lncgDivg	n.n.1	0	ENSG00000120658	ENSG00000287029	lncgDivg	1.1.1	0
ENSMUSG00000022012	ENSMUSG00000067973	lncgDivg	n.n.1	0	ENSG00000120658	ENSG00000233821	lncgDivg	1.1.1	0
ENSMUSG00000022013	ENSMUSG00000075512	lincSS.dw	1.1.1	21713	ENSG00000120675	ENSG00000229928	lincSS.dw	1.1.1	44418
ENSMUSG00000022014	ENSMUSG00000115517	lincSS.dw	1.1.1	17071	ENSG00000133106	ENSG00000229546	lincSS.dw	1.1.1	43501
ENSMUSG00000022053	ENSMUSG00000114744	lincSS.dw	1.1.1	45955	ENSG00000221818	ENSG00000285890	lincSS.dw	1.1.1	8261
ENSMUSG00000022085	ENSMUSG00000114446	lncgDivg	1.1.1	0	ENSG00000134020	ENSG00000248738	lncgDivg	n.1.1	0
ENSMUSG00000022091	ENSMUSG00000115186	lncgDivg	n.1.n	0	ENSG00000120896	ENSG00000254230	lncgDivg	1.1.1	0
ENSMUSG00000022106	ENSMUSG00000090706	lncgDivg	1.1.1	0	ENSG00000136161	ENSG00000289900	lncgDivg	1.1.1	0
ENSMUSG00000022106	ENSMUSG00000090706	lncgDivg	1.1.1	0	ENSG00000136161	ENSG00000287599	lncgDivg	1.1.1	0
ENSMUSG00000022112	ENSMUSG00000089726	lincSS.up	1.1.1	45488	ENSG00000179399	ENSG00000215417	lincSS.up	n.1.1	44042
ENSMUSG00000022112	ENSMUSG00000093551	lncgDivg	1.1.1	0	ENSG00000179399	ENSG00000232885	lncgDivg	n.1.1	0
ENSMUSG00000022112	ENSMUSG00000093551	lncgDivg	1.1.1	0	ENSG00000179399	ENSG00000287159	lncgDivg	1.1.1	0
ENSMUSG00000022112	ENSMUSG00000093551	lncgDivg	1.1.1	0	ENSG00000179399	ENSG00000235984	lncgDivg	n.1.1	0
ENSMUSG00000022112	ENSMUSG00000093497	lncgDivg	1.1.1	0	ENSG00000179399	ENSG00000232885	lncgDivg	n.1.1	0
ENSMUSG00000022112	ENSMUSG00000093497	lncgDivg	1.1.1	0	ENSG00000179399	ENSG00000287159	lncgDivg	1.1.1	0
ENSMUSG00000022112	ENSMUSG00000093497	lncgDivg	1.1.1	0	ENSG00000179399	ENSG00000235984	lncgDivg	n.1.1	0
ENSMUSG00000022119	ENSMUSG00000120914	lncgDivg	1.1.1	34	ENSG00000139746	ENSG00000227354	lncgDivg	n.n.1	0
ENSMUSG00000022136	ENSMUSG00000119970	lncgDivg	1.1.1	214	ENSG00000102580	ENSG00000247400	lncgDivg	n.1.1	166
ENSMUSG00000022139	ENSMUSG00000097903	lncgDivg	1.1.1	0	ENSG00000139793	ENSG00000286334	lncgDivg	1.1.1	0
ENSMUSG00000022141	ENSMUSG00000115591	lincDivg	1.1.1	37656	ENSG00000164190	ENSG00000272103	lincDivg	1.1.1	9531
ENSMUSG00000022141	ENSMUSG00000115480	lincDivg	n.1.1	67864	ENSG00000164190	ENSG00000272103	lincDivg	1.1.1	9531
ENSMUSG00000022144	ENSMUSG00000115497	lincSS.up	1.1.1	49854	ENSG00000168621	ENSG00000248539	lincSS.up	1.1.1	59322
ENSMUSG00000022144	ENSMUSG00000115497	lincSS.up	1.1.1	49854	ENSG00000168621	ENSG00000250032	lincSS.up	1.1.1	99324
ENSMUSG00000022174	ENSMUSG00000106112	lincSS.dw	1.1.1	89192	ENSG00000129562	ENSG00000251002	lincSS.dw	n.1.1	80445
ENSMUSG00000022174	ENSMUSG00000106112	lincSS.dw	1.1.1	89192	ENSG00000129562	ENSG00000259054	lincSS.dw	1.1.1	7845
ENSMUSG00000022186	ENSMUSG00000087221	lncgDivg	n.n.1	0	ENSG00000083720	ENSG00000248668	lncgDivg	n.1.1	0
ENSMUSG00000022186	ENSMUSG00000087221	lncgDivg	n.n.1	0	ENSG00000083720	ENSG00000286164	lncgDivg	1.1.1	0
ENSMUSG00000022186	ENSMUSG00000086297	lncgDivg	1.1.1	0	ENSG00000083720	ENSG00000248668	lncgDivg	n.1.1	0
ENSMUSG00000022186	ENSMUSG00000086297	lncgDivg	1.1.1	0	ENSG00000083720	ENSG00000286164	lncgDivg	1.1.1	0
ENSMUSG00000022209	ENSMUSG00000114987	lincConv	1.1.1	35399	ENSG00000100867	ENSG00000258464	lincConv	n.1.1	54158
ENSMUSG00000022231	ENSMUSG00000096956	lncgDivg	1.1.1	108	ENSG00000112902	ENSG00000251370	lncgDivg	1.1.1	0
ENSMUSG00000022231	ENSMUSG00000096956	lncgDivg	1.1.1	108	ENSG00000112902	ENSG00000248537	lncgDivg	1.1.1	0
ENSMUSG00000022231	ENSMUSG00000096956	lncgDivg	1.1.1	108	ENSG00000112902	ENSG00000250786	lncgDivg	n.1.1	118
ENSMUSG00000022231	ENSMUSG00000115063	lncgDivg	1.1.1	0	ENSG00000112902	ENSG00000251370	lncgDivg	1.1.1	0
ENSMUSG00000022231	ENSMUSG00000115063	lncgDivg	1.1.1	0	ENSG00000112902	ENSG00000248537	lncgDivg	1.1.1	0
ENSMUSG00000022231	ENSMUSG00000115063	lncgDivg	1.1.1	0	ENSG00000112902	ENSG00000250786	lncgDivg	n.1.1	118
ENSMUSG00000022236	ENSMUSG00000115710	lncgDivg	1.1.1	1	ENSG00000145491	ENSG00000250600	lncgDivg	n.1.1	0
ENSMUSG00000022246	ENSMUSG00000096971	lncgDivg	n.1.1	202	ENSG00000039560	ENSG00000250234	lncgDivg	1.1.1	0
ENSMUSG00000022246	ENSMUSG00000096971	lncgDivg	n.1.1	202	ENSG00000039560	ENSG00000271874	lncgDivg	1.1.1	4440
ENSMUSG00000022246	ENSMUSG00000115667	lncgDivg	n.n.1	0	ENSG00000039560	ENSG00000250234	lncgDivg	1.1.1	0
ENSMUSG00000022246	ENSMUSG00000115667	lncgDivg	n.n.1	0	ENSG00000039560	ENSG00000271874	lncgDivg	1.1.1	4440
ENSMUSG00000022255	ENSMUSG00000121114	lncgDivg	1.1.1	61	ENSG00000147649	ENSG00000287654	lncgDivg	1.1.1	303
ENSMUSG00000022265	ENSMUSG00000115138	lncgDivg	1.1.1	3228	ENSG00000154122	ENSG00000272057	lncgDivg	1.1.1	554
ENSMUSG00000022265	ENSMUSG00000115138	lncgDivg	1.1.1	3228	ENSG00000154122	ENSG00000286970	lncgDivg	n.1.1	0
ENSMUSG00000022285	ENSMUSG00000115750	lincDivg	1.1.1	45887	ENSG00000164924	ENSG00000248599	lincDivg	n.1.1	81480
ENSMUSG00000022285	ENSMUSG00000120390	lncgSS.dw	1.1.1	132	ENSG00000164924	ENSG00000260368	lncgSS.dw	1.1.1	2135
ENSMUSG00000022286	ENSMUSG00000089804	lncgDivg	n.1.1	0	ENSG00000083307	ENSG00000254024	lncgDivg	1.1.1	0
ENSMUSG00000022286	ENSMUSG00000089804	lncgDivg	n.1.1	0	ENSG00000083307	ENSG00000289048	lncgDivg	n.1.1	137
ENSMUSG00000022286	ENSMUSG00000089949	lncgDivg	1.1.1	0	ENSG00000083307	ENSG00000254024	lncgDivg	1.1.1	0
ENSMUSG00000022286	ENSMUSG00000089949	lncgDivg	1.1.1	0	ENSG00000083307	ENSG00000289048	lncgDivg	n.1.1	137
ENSMUSG00000022295	ENSMUSG00000115547	lncgDivg	1.1.1	2094	ENSG00000155097	ENSG00000254236	lncgDivg	1.1.1	0
ENSMUSG00000022296	ENSMUSG00000114994	lncgDivg	1.1.1	0	ENSG00000164929	ENSG00000236939	lncgDivg	n.1.1	0
ENSMUSG00000022296	ENSMUSG00000114994	lncgDivg	1.1.1	0	ENSG00000164929	ENSG00000253851	lncgDivg	1.1.1	0
ENSMUSG00000022297	ENSMUSG00000097875	lncgDivg	1.1.1	0	ENSG00000164930	ENSG00000247081	lncgDivg	n.n.n	0
ENSMUSG00000022297	ENSMUSG00000097875	lncgDivg	1.1.1	0	ENSG00000164930	ENSG00000286337	lncgDivg	1.1.1	0
ENSMUSG00000022307	ENSMUSG00000097232	lncgDivg	1.1.1	0	ENSG00000164830	ENSG00000254021	lncgDivg	1.1.1	1403
ENSMUSG00000022307	ENSMUSG00000097232	lncgDivg	1.1.1	0	ENSG00000164830	ENSG00000253582	lncgDivg	1.1.1	0
ENSMUSG00000022309	ENSMUSG00000097805	lncgDivg	n.1.1	0	ENSG00000154188	ENSG00000286766	lncgDivg	1.1.1	1718
ENSMUSG00000022321	ENSMUSG00000084873	lncgDivg	1.1.1	173	ENSG00000040731	ENSG00000251294	lncgDivg	1.1.1	0
ENSMUSG00000022335	ENSMUSG00000093387	lincSS.up	1.1.1	82127	ENSG00000066827	ENSG00000259820	lincSS.up	1.1.1	78971
ENSMUSG00000022335	ENSMUSG00000096967	lincSS.up	n.1.1	75859	ENSG00000066827	ENSG00000259820	lincSS.up	1.1.1	78971
ENSMUSG00000022346	ENSMUSG00000097039	lincSS.dw	n.1.1	47594	ENSG00000136997	ENSG00000249859	lincSS.dw	n.1.1	51575
ENSMUSG00000022367	ENSMUSG00000086541	lncgDivg	n.n.1	0	ENSG00000170961	ENSG00000248690	lncgDivg	n.n.1	0
ENSMUSG00000022375	ENSMUSG00000115784	lincSS.dw	1.1.1	39144	ENSG00000129295	ENSG00000253521	lincSS.dw	n.1.1	5170
ENSMUSG00000022377	ENSMUSG00000115752	lncgDivg	1.1.1	0	ENSG00000153317	ENSG00000286535	lncgDivg	1.1.1	0
ENSMUSG00000022377	ENSMUSG00000115752	lncgDivg	1.1.1	0	ENSG00000153317	ENSG00000287201	lncgDivg	1.1.1	0
ENSMUSG00000022377	ENSMUSG00000093695	lncgDivg	n.1.1	0	ENSG00000153317	ENSG00000286535	lncgDivg	1.1.1	0
ENSMUSG00000022377	ENSMUSG00000093695	lncgDivg	n.1.1	0	ENSG00000153317	ENSG00000287201	lncgDivg	1.1.1	0
ENSMUSG00000022382	ENSMUSG00000116305	lincDivg	n.n.n	71083	ENSG00000188064	ENSG00000273289	lincDivg	1.1.1	75931
ENSMUSG00000022382	ENSMUSG00000116305	lincDivg	n.n.n	71083	ENSG00000188064	ENSG00000273145	lincDivg	1.1.1	36444
ENSMUSG00000022382	ENSMUSG00000116305	lincDivg	n.n.n	71083	ENSG00000188064	ENSG00000241990	lincDivg	n.1.1	76543
ENSMUSG00000022382	ENSMUSG00000116004	lincDivg	n.1.1	63610	ENSG00000188064	ENSG00000273289	lincDivg	1.1.1	75931
ENSMUSG00000022382	ENSMUSG00000116004	lincDivg	n.1.1	63610	ENSG00000188064	ENSG00000273145	lincDivg	1.1.1	36444
ENSMUSG00000022382	ENSMUSG00000116004	lincDivg	n.1.1	63610	ENSG00000188064	ENSG00000241990	lincDivg	n.1.1	76543
ENSMUSG00000022382	ENSMUSG00000120923	lincDivg	1.1.1	52377	ENSG00000188064	ENSG00000273289	lincDivg	1.1.1	75931
ENSMUSG00000022382	ENSMUSG00000120923	lincDivg	1.1.1	52377	ENSG00000188064	ENSG00000273145	lincDivg	1.1.1	36444
ENSMUSG00000022382	ENSMUSG00000120923	lincDivg	1.1.1	52377	ENSG00000188064	ENSG00000241990	lincDivg	n.1.1	76543
ENSMUSG00000022419	ENSMUSG00000053749	lncgDivg	n.1.1	0	ENSG00000155792	ENSG00000245330	lncgDivg	n.n.1	0
ENSMUSG00000022431	ENSMUSG00000115924	lncgConv	n.1.1	4466	ENSG00000128408	ENSG00000232363	lncgConv	1.1.1	3355
ENSMUSG00000022436	ENSMUSG00000084864	lncgConv	1.1.1	0	ENSG00000100092	ENSG00000233360	lncgConv	1.1.1	0
ENSMUSG00000022462	ENSMUSG00000120767	lincDivg	1.1.1	10230	ENSG00000134294	ENSG00000275481	lincDivg	1.1.1	16083
ENSMUSG00000022462	ENSMUSG00000120383	lincSS.up	n.1.1	38965	ENSG00000134294	ENSG00000257496	lincSS.up	n.1.1	11460
ENSMUSG00000022462	ENSMUSG00000121031	lincSS.up	1.1.1	9034	ENSG00000134294	ENSG00000257496	lincSS.up	n.1.1	11460
ENSMUSG00000022528	ENSMUSG00000075286	lincDivg	n.1.1	85200	ENSG00000114315	ENSG00000230102	lincDivg	n.1.1	65123
ENSMUSG00000022528	ENSMUSG00000116660	lincDivg	n.1.1	24905	ENSG00000114315	ENSG00000230102	lincDivg	n.1.1	65123
ENSMUSG00000022528	ENSMUSG00000097184	lincSS.up	n.1.1	42951	ENSG00000114315	ENSG00000229964	lincSS.up	1.1.1	26974
ENSMUSG00000022528	ENSMUSG00000097184	lincSS.up	n.1.1	42951	ENSG00000114315	ENSG00000276407	lincSS.up	n.1.1	49322
ENSMUSG00000022537	ENSMUSG00000120188	lncgConv	1.1.1	0	ENSG00000145014	ENSG00000231770	lncgConv	n.n.1	0
ENSMUSG00000022548	ENSMUSG00000116973	lincDivg	1.1.1	10427	ENSG00000189058	ENSG00000289929	lincDivg	1.1.1	51054
ENSMUSG00000022601	ENSMUSG00000102101	lncgDivg	1.1.1	0	ENSG00000066422	ENSG00000256628	lncgDivg	1.1.1	0
ENSMUSG00000022617	ENSMUSG00000079242	lncgDivg	1.1.1	0	ENSG00000100288	ENSG00000272940	lncgDivg	1.1.1	0
ENSMUSG00000022617	ENSMUSG00000079242	lncgDivg	1.1.1	0	ENSG00000100288	ENSG00000205559	lncgDivg	n.1.1	0
ENSMUSG00000022620	ENSMUSG00000084915	lncgDivg	n.n.1	0	ENSG00000100299	ENSG00000289244	lncgDivg	1.1.1	79
ENSMUSG00000022623	ENSMUSG00000118456	lncgSS.up	1.1.1	154	ENSG00000251322	ENSG00000286508	lncgSS.up	1.1.1	241
ENSMUSG00000022677	ENSMUSG00000085612	lncgDivg	1.1.1	0	ENSG00000133393	ENSG00000262171	lncgDivg	1.1.1	0
ENSMUSG00000022685	ENSMUSG00000099411	lincSS.dw	n.1.1	16853	ENSG00000140694	ENSG00000260009	lincSS.dw	1.1.1	65434
ENSMUSG00000022685	ENSMUSG00000099411	lincSS.dw	n.1.1	16853	ENSG00000140694	ENSG00000263257	lincSS.dw	n.1.1	16792
ENSMUSG00000022708	ENSMUSG00000116903	lncgDivg	1.1.1	0	ENSG00000181722	ENSG00000242767	lncgDivg	1.1.1	0
ENSMUSG00000022708	ENSMUSG00000116903	lncgDivg	1.1.1	0	ENSG00000181722	ENSG00000241560	lncgDivg	n.n.1	0
ENSMUSG00000022708	ENSMUSG00000116903	lncgDivg	1.1.1	0	ENSG00000181722	ENSG00000288896	lncgDivg	1.1.1	483
ENSMUSG00000022708	ENSMUSG00000116903	lncgDivg	1.1.1	0	ENSG00000181722	ENSG00000242880	lncgDivg	n.1.1	313
ENSMUSG00000022708	ENSMUSG00000116903	lncgDivg	1.1.1	0	ENSG00000181722	ENSG00000242290	lncgDivg	n.n.1	0
ENSMUSG00000022708	ENSMUSG00000116903	lncgDivg	1.1.1	0	ENSG00000181722	ENSG00000239946	lncgDivg	1.1.1	0
ENSMUSG00000022708	ENSMUSG00000116903	lncgDivg	1.1.1	0	ENSG00000181722	ENSG00000241295	lncgDivg	1.1.1	0
ENSMUSG00000022708	ENSMUSG00000055370	lncgDivg	1.1.1	0	ENSG00000181722	ENSG00000242767	lncgDivg	1.1.1	0
ENSMUSG00000022708	ENSMUSG00000055370	lncgDivg	1.1.1	0	ENSG00000181722	ENSG00000241560	lncgDivg	n.n.1	0
ENSMUSG00000022708	ENSMUSG00000055370	lncgDivg	1.1.1	0	ENSG00000181722	ENSG00000288896	lncgDivg	1.1.1	483
ENSMUSG00000022708	ENSMUSG00000055370	lncgDivg	1.1.1	0	ENSG00000181722	ENSG00000242880	lncgDivg	n.1.1	313
ENSMUSG00000022708	ENSMUSG00000055370	lncgDivg	1.1.1	0	ENSG00000181722	ENSG00000242290	lncgDivg	n.n.1	0
ENSMUSG00000022708	ENSMUSG00000055370	lncgDivg	1.1.1	0	ENSG00000181722	ENSG00000239946	lncgDivg	1.1.1	0
ENSMUSG00000022708	ENSMUSG00000055370	lncgDivg	1.1.1	0	ENSG00000181722	ENSG00000241295	lncgDivg	1.1.1	0
ENSMUSG00000022708	ENSMUSG00000085499	lncgDivg	1.1.1	0	ENSG00000181722	ENSG00000242767	lncgDivg	1.1.1	0
ENSMUSG00000022708	ENSMUSG00000085499	lncgDivg	1.1.1	0	ENSG00000181722	ENSG00000241560	lncgDivg	n.n.1	0
ENSMUSG00000022708	ENSMUSG00000085499	lncgDivg	1.1.1	0	ENSG00000181722	ENSG00000288896	lncgDivg	1.1.1	483
ENSMUSG00000022708	ENSMUSG00000085499	lncgDivg	1.1.1	0	ENSG00000181722	ENSG00000242880	lncgDivg	n.1.1	313
ENSMUSG00000022708	ENSMUSG00000085499	lncgDivg	1.1.1	0	ENSG00000181722	ENSG00000242290	lncgDivg	n.n.1	0
ENSMUSG00000022708	ENSMUSG00000085499	lncgDivg	1.1.1	0	ENSG00000181722	ENSG00000239946	lncgDivg	1.1.1	0
ENSMUSG00000022708	ENSMUSG00000085499	lncgDivg	1.1.1	0	ENSG00000181722	ENSG00000241295	lncgDivg	1.1.1	0
ENSMUSG00000022708	ENSMUSG00000075070	lncgDivg	n.1.1	119	ENSG00000181722	ENSG00000242767	lncgDivg	1.1.1	0
ENSMUSG00000022708	ENSMUSG00000075070	lncgDivg	n.1.1	119	ENSG00000181722	ENSG00000241560	lncgDivg	n.n.1	0
ENSMUSG00000022708	ENSMUSG00000075070	lncgDivg	n.1.1	119	ENSG00000181722	ENSG00000288896	lncgDivg	1.1.1	483
ENSMUSG00000022708	ENSMUSG00000075070	lncgDivg	n.1.1	119	ENSG00000181722	ENSG00000242880	lncgDivg	n.1.1	313
ENSMUSG00000022708	ENSMUSG00000075070	lncgDivg	n.1.1	119	ENSG00000181722	ENSG00000242290	lncgDivg	n.n.1	0
ENSMUSG00000022708	ENSMUSG00000075070	lncgDivg	n.1.1	119	ENSG00000181722	ENSG00000239946	lncgDivg	1.1.1	0
ENSMUSG00000022708	ENSMUSG00000075070	lncgDivg	n.1.1	119	ENSG00000181722	ENSG00000241295	lncgDivg	1.1.1	0
ENSMUSG00000022770	ENSMUSG00000116793	lincDivg	1.1.1	70223	ENSG00000075711	ENSG00000286870	lincDivg	1.1.1	34614
ENSMUSG00000022770	ENSMUSG00000116793	lincDivg	1.1.1	70223	ENSG00000075711	ENSG00000289828	lincDivg	1.1.1	70354
ENSMUSG00000022789	ENSMUSG00000115923	lncgDivg	1.1.1	0	ENSG00000087470	ENSG00000275854	lncgDivg	1.1.1	0
ENSMUSG00000022789	ENSMUSG00000115923	lncgDivg	1.1.1	0	ENSG00000087470	ENSG00000274105	lncgDivg	1.1.1	0
ENSMUSG00000022789	ENSMUSG00000115923	lncgDivg	1.1.1	0	ENSG00000087470	ENSG00000276148	lncgDivg	1.1.1	0
ENSMUSG00000022791	ENSMUSG00000075265	lncgDivg	1.1.1	0	ENSG00000061938	ENSG00000286004	lncgDivg	1.1.1	0
ENSMUSG00000022791	ENSMUSG00000120439	lncgSS.up	1.1.1	1558	ENSG00000061938	ENSG00000290762	lncgSS.up	n.1.1	1133
ENSMUSG00000022802	ENSMUSG00000120962	lncgDivg	1.1.1	0	ENSG00000185621	ENSG00000286755	lncgDivg	1.1.1	0
ENSMUSG00000022802	ENSMUSG00000120962	lncgDivg	1.1.1	0	ENSG00000185621	ENSG00000232832	lncgDivg	1.1.1	0
ENSMUSG00000022805	ENSMUSG00000087568	lncgDivg	1.1.1	0	ENSG00000183833	ENSG00000239994	lncgDivg	1.1.1	0
ENSMUSG00000022811	ENSMUSG00000097318	lncgDivg	n.1.1	109	ENSG00000163848	ENSG00000289324	lncgDivg	1.1.1	47
ENSMUSG00000022836	ENSMUSG00000116840	lncgConv	n.1.n	0	ENSG00000065534	ENSG00000239523	lncgConv	n.n.n	0
ENSMUSG00000022836	ENSMUSG00000100593	lncgDivg	1.1.1	0	ENSG00000065534	ENSG00000288806	lncgDivg	n.1.1	0
ENSMUSG00000022836	ENSMUSG00000100593	lncgDivg	1.1.1	0	ENSG00000065534	ENSG00000250174	lncgDivg	n.1.1	0
ENSMUSG00000022836	ENSMUSG00000100593	lncgDivg	1.1.1	0	ENSG00000065534	ENSG00000273123	lncgDivg	1.1.1	0
ENSMUSG00000022836	ENSMUSG00000116665	lncgDivg	n.n.1	0	ENSG00000065534	ENSG00000288806	lncgDivg	n.1.1	0
ENSMUSG00000022836	ENSMUSG00000116665	lncgDivg	n.n.1	0	ENSG00000065534	ENSG00000250174	lncgDivg	n.1.1	0
ENSMUSG00000022836	ENSMUSG00000116665	lncgDivg	n.n.1	0	ENSG00000065534	ENSG00000273123	lncgDivg	1.1.1	0
ENSMUSG00000022864	ENSMUSG00000116628	lncgDivg	1.1.1	0	ENSG00000154642	ENSG00000244676	lncgDivg	n.n.1	0
ENSMUSG00000022876	ENSMUSG00000087214	lncgDivg	1.1.1	0	ENSG00000155307	ENSG00000223662	lncgDivg	1.1.1	0
ENSMUSG00000022881	ENSMUSG00000116733	lncgDivg	1.1.1	53	ENSG00000163918	ENSG00000231724	lncgDivg	1.1.1	634
ENSMUSG00000022889	ENSMUSG00000116674	lincConv	1.1.1	21870	ENSG00000154719	ENSG00000234883	lincConv	n.1.1	10488
ENSMUSG00000022892	ENSMUSG00000115469	lncgDivg	1.1.1	0	ENSG00000142192	ENSG00000224541	lncgDivg	1.1.1	0
ENSMUSG00000022892	ENSMUSG00000115469	lncgDivg	1.1.1	0	ENSG00000142192	ENSG00000233783	lncgDivg	n.1.1	0
ENSMUSG00000022892	ENSMUSG00000115469	lncgDivg	1.1.1	0	ENSG00000142192	ENSG00000273492	lncgDivg	n.1.1	0
ENSMUSG00000022892	ENSMUSG00000114988	lncgDivg	1.1.1	0	ENSG00000142192	ENSG00000224541	lncgDivg	1.1.1	0
ENSMUSG00000022892	ENSMUSG00000114988	lncgDivg	1.1.1	0	ENSG00000142192	ENSG00000233783	lncgDivg	n.1.1	0
ENSMUSG00000022892	ENSMUSG00000114988	lncgDivg	1.1.1	0	ENSG00000142192	ENSG00000273492	lncgDivg	n.1.1	0
ENSMUSG00000022892	ENSMUSG00000115518	lncgDivg	1.1.1	0	ENSG00000142192	ENSG00000224541	lncgDivg	1.1.1	0
ENSMUSG00000022892	ENSMUSG00000115518	lncgDivg	1.1.1	0	ENSG00000142192	ENSG00000233783	lncgDivg	n.1.1	0
ENSMUSG00000022892	ENSMUSG00000115518	lncgDivg	1.1.1	0	ENSG00000142192	ENSG00000273492	lncgDivg	n.1.1	0
ENSMUSG00000022895	ENSMUSG00000085329	lincConv	1.1.1	85134	ENSG00000157557	ENSG00000205622	lincConv	n.n.1	0
ENSMUSG00000022898	ENSMUSG00000116589	lncgConv	1.1.1	0	ENSG00000157538	ENSG00000242553	lncgConv	1.1.1	0
ENSMUSG00000022898	ENSMUSG00000116589	lncgConv	1.1.1	0	ENSG00000157538	ENSG00000230366	lncgConv	n.1.1	1684
ENSMUSG00000022898	ENSMUSG00000120258	lncgDivg	1.1.1	215	ENSG00000157538	ENSG00000272948	lncgDivg	1.1.1	0
ENSMUSG00000022914	ENSMUSG00000117289	lncgDivg	1.1.1	150	ENSG00000185658	ENSG00000238141	lncgDivg	1.1.1	0
ENSMUSG00000022914	ENSMUSG00000117289	lncgDivg	1.1.1	150	ENSG00000185658	ENSG00000255568	lncgDivg	1.1.1	0
ENSMUSG00000022914	ENSMUSG00000117289	lncgDivg	1.1.1	150	ENSG00000185658	ENSG00000272991	lncgDivg	1.1.1	0
ENSMUSG00000022914	ENSMUSG00000085884	lncgDivg	1.1.1	0	ENSG00000185658	ENSG00000238141	lncgDivg	1.1.1	0
ENSMUSG00000022914	ENSMUSG00000085884	lncgDivg	1.1.1	0	ENSG00000185658	ENSG00000255568	lncgDivg	1.1.1	0
ENSMUSG00000022914	ENSMUSG00000085884	lncgDivg	1.1.1	0	ENSG00000185658	ENSG00000272991	lncgDivg	1.1.1	0
ENSMUSG00000022948	ENSMUSG00000117317	lncgDivg	1.1.1	0	ENSG00000185917	ENSG00000236119	lncgDivg	1.1.1	3470
ENSMUSG00000022948	ENSMUSG00000117317	lncgDivg	1.1.1	0	ENSG00000185917	ENSG00000236677	lncgDivg	1.1.1	0
ENSMUSG00000022949	ENSMUSG00000116709	lincConv	1.1.1	7870	ENSG00000159212	ENSG00000230978	lincConv	n.1.1	5580
ENSMUSG00000022952	ENSMUSG00000097139	lncgDivg	1.1.1	0	ENSG00000159216	ENSG00000231106	lncgDivg	1.1.1	470
ENSMUSG00000022952	ENSMUSG00000097139	lncgDivg	1.1.1	0	ENSG00000159216	ENSG00000286153	lncgDivg	n.1.1	0
ENSMUSG00000022952	ENSMUSG00000097139	lncgDivg	1.1.1	0	ENSG00000159216	ENSG00000234703	lncgDivg	1.1.1	0
ENSMUSG00000022971	ENSMUSG00000120333	lincDivg	n.1.1	5639	ENSG00000159110	ENSG00000229086	lincDivg	n.1.1	34633
ENSMUSG00000022978	ENSMUSG00000116582	lincSS.dw	1.1.1	42312	ENSG00000159055	ENSG00000261610	lincSS.dw	1.1.1	6643
ENSMUSG00000022978	ENSMUSG00000120489	lncgDivg	1.1.1	66	ENSG00000159055	ENSG00000227256	lncgDivg	1.1.1	0
ENSMUSG00000022983	ENSMUSG00000120905	lncgDivg	1.1.1	112	ENSG00000156304	ENSG00000273091	lncgDivg	1.1.1	3614
ENSMUSG00000022994	ENSMUSG00000100220	lncgDivg	1.1.1	0	ENSG00000174233	ENSG00000257660	lncgDivg	n.1.1	487
ENSMUSG00000022994	ENSMUSG00000100220	lncgDivg	1.1.1	0	ENSG00000174233	ENSG00000257653	lncgDivg	1.1.1	0
ENSMUSG00000023000	ENSMUSG00000116033	lncgDivg	1.1.1	0	ENSG00000139549	ENSG00000257346	lncgDivg	n.n.1	0
ENSMUSG00000023004	ENSMUSG00000116223	lncgDivg	n.n.n	0	ENSG00000123416	ENSG00000258017	lncgDivg	n.n.1	0
ENSMUSG00000023022	ENSMUSG00000116518	lncgDivg	n.1.1	77	ENSG00000050405	ENSG00000257256	lncgDivg	1.1.1	0
ENSMUSG00000023022	ENSMUSG00000090500	lncgDivg	1.1.1	0	ENSG00000050405	ENSG00000257256	lncgDivg	1.1.1	0
ENSMUSG00000023039	ENSMUSG00000116116	lncgDivg	1.1.1	0	ENSG00000135480	ENSG00000257671	lncgDivg	1.1.1	0
ENSMUSG00000023051	ENSMUSG00000121046	lncgDivg	1.1.1	321	ENSG00000139546	ENSG00000270175	lncgDivg	1.1.1	0
ENSMUSG00000023055	ENSMUSG00000116500	lincDivg	1.1.1	75317	ENSG00000012822	ENSG00000260030	lincDivg	1.1.1	26613
ENSMUSG00000023055	ENSMUSG00000116500	lincDivg	1.1.1	75317	ENSG00000012822	ENSG00000286069	lincDivg	n.1.1	11866
ENSMUSG00000023150	ENSMUSG00000100954	lncgDivg	n.n.1	0	ENSG00000116679	ENSG00000273004	lncgDivg	1.1.1	506
ENSMUSG00000023176	ENSMUSG00000101888	lincConv	1.1.1	56079	ENSG00000178772	ENSG00000238097	lincConv	n.1.1	79048
ENSMUSG00000023176	ENSMUSG00000101888	lincConv	1.1.1	56079	ENSG00000178772	ENSG00000286317	lincConv	1.1.1	37720
ENSMUSG00000023176	ENSMUSG00000101888	lincConv	1.1.1	56079	ENSG00000178772	ENSG00000228271	lincConv	n.1.1	52400
ENSMUSG00000023176	ENSMUSG00000097621	lincSS.dw	1.1.1	50499	ENSG00000178772	ENSG00000214145	lincSS.dw	n.1.1	16897
ENSMUSG00000023336	ENSMUSG00000110453	lncgDivg	1.1.1	0	ENSG00000103175	ENSG00000260530	lncgDivg	1.1.1	0
ENSMUSG00000023460	ENSMUSG00000121111	lncgDivg	n.1.1	0	ENSG00000206418	ENSG00000266708	lncgDivg	1.1.1	0
ENSMUSG00000023473	ENSMUSG00000103785	lncgDivg	n.1.1	1222	ENSG00000008300	ENSG00000228350	lncgDivg	1.1.1	890
ENSMUSG00000023826	ENSMUSG00000100402	lncgDivg	1.1.1	0	ENSG00000185345	ENSG00000286805	lncgDivg	1.1.1	0
ENSMUSG00000023826	ENSMUSG00000100402	lncgDivg	1.1.1	0	ENSG00000185345	ENSG00000286498	lncgDivg	1.1.1	0
ENSMUSG00000023828	ENSMUSG00000117314	lncgDivg	n.1.1	0	ENSG00000146477	ENSG00000287656	lncgDivg	1.1.1	0
ENSMUSG00000023852	ENSMUSG00000120176	lncgDivg	1.1.1	110	ENSG00000153922	ENSG00000248489	lncgDivg	n.1.1	156
ENSMUSG00000023886	ENSMUSG00000116801	lincSS.dw	1.1.1	44781	ENSG00000112562	ENSG00000289090	lincSS.dw	1.1.1	52690
ENSMUSG00000023886	ENSMUSG00000116801	lincSS.dw	1.1.1	44781	ENSG00000112562	ENSG00000235815	lincSS.dw	1.1.1	43161
ENSMUSG00000023911	ENSMUSG00000086719	lncgConv	1.1.1	0	ENSG00000162076	ENSG00000289222	lncgConv	1.1.1	4158
ENSMUSG00000023951	ENSMUSG00000117040	lincConv	1.1.1	53144	ENSG00000112715	ENSG00000283215	lincConv	n.1.1	58391
ENSMUSG00000023951	ENSMUSG00000117040	lincConv	1.1.1	53144	ENSG00000112715	ENSG00000223469	lincConv	1.1.1	65270
ENSMUSG00000023961	ENSMUSG00000120221	lncgDivg	n.1.1	143	ENSG00000001561	ENSG00000231769	lncgDivg	n.1.1	132
ENSMUSG00000023991	ENSMUSG00000085932	lncgDivg	1.1.1	0	ENSG00000137166	ENSG00000234753	lncgDivg	n.n.1	0
ENSMUSG00000024002	ENSMUSG00000097217	lncgDivg	n.1.1	65	ENSG00000141867	ENSG00000290008	lncgDivg	1.1.1	68
ENSMUSG00000024011	ENSMUSG00000117592	lncgDivg	n.1.1	0	ENSG00000164530	ENSG00000232598	lncgDivg	1.1.1	3588
ENSMUSG00000024042	ENSMUSG00000117355	lincConv	n.1.1	50940	ENSG00000142178	ENSG00000225637	lincConv	1.1.1	47917
ENSMUSG00000024042	ENSMUSG00000117562	lincSS.up	1.1.1	39835	ENSG00000142178	ENSG00000185186	lincSS.up	n.1.1	34829
ENSMUSG00000024042	ENSMUSG00000120937	lincSS.up	1.1.1	13387	ENSG00000142178	ENSG00000185186	lincSS.up	n.1.1	34829
ENSMUSG00000024044	ENSMUSG00000117323	lincSS.dw	1.1.1	26005	ENSG00000082397	ENSG00000266288	lincSS.dw	1.1.1	7051
ENSMUSG00000024044	ENSMUSG00000100572	lncgDivg	1.1.1	0	ENSG00000082397	ENSG00000264000	lncgDivg	1.1.1	0
ENSMUSG00000024044	ENSMUSG00000100572	lncgDivg	1.1.1	0	ENSG00000082397	ENSG00000265316	lncgDivg	1.1.1	0
ENSMUSG00000024053	ENSMUSG00000117137	lncgDivg	1.1.1	3451	ENSG00000132205	ENSG00000289061	lncgDivg	n.n.1	0
ENSMUSG00000024064	ENSMUSG00000117118	lncgDivg	1.1.1	0	ENSG00000158089	ENSG00000234579	lncgDivg	1.1.1	0
ENSMUSG00000024064	ENSMUSG00000117023	lncgDivg	1.1.1	0	ENSG00000158089	ENSG00000234579	lncgDivg	1.1.1	0
ENSMUSG00000024073	ENSMUSG00000117358	lncgDivg	n.1.1	175	ENSG00000115760	ENSG00000230046	lncgDivg	1.1.1	0
ENSMUSG00000024073	ENSMUSG00000117358	lncgDivg	n.1.1	175	ENSG00000115760	ENSG00000290864	lncgDivg	n.1.1	0
ENSMUSG00000024073	ENSMUSG00000097546	lncgDivg	1.1.1	0	ENSG00000115760	ENSG00000230046	lncgDivg	1.1.1	0
ENSMUSG00000024073	ENSMUSG00000097546	lncgDivg	1.1.1	0	ENSG00000115760	ENSG00000290864	lncgDivg	n.1.1	0
ENSMUSG00000024074	ENSMUSG00000117648	lncgDivg	1.1.1	223	ENSG00000150938	ENSG00000273090	lncgDivg	1.1.1	0
ENSMUSG00000024074	ENSMUSG00000117648	lncgDivg	1.1.1	223	ENSG00000150938	ENSG00000260025	lncgDivg	1.1.1	307
ENSMUSG00000024085	ENSMUSG00000117105	lincSS.dw	1.1.1	12001	ENSG00000112893	ENSG00000254106	lincSS.dw	1.1.1	13557
ENSMUSG00000024085	ENSMUSG00000091160	lncgDivg	1.1.1	0	ENSG00000112893	ENSG00000271849	lncgDivg	1.1.1	1598
ENSMUSG00000024087	ENSMUSG00000117426	lincDivg	1.1.1	18813	ENSG00000138061	ENSG00000273006	lincDivg	1.1.1	83446
ENSMUSG00000024087	ENSMUSG00000117616	lincDivg	1.1.1	56901	ENSG00000138061	ENSG00000273006	lincDivg	1.1.1	83446
ENSMUSG00000024096	ENSMUSG00000117250	lncgDivg	1.1.1	622	ENSG00000017797	ENSG00000273335	lncgDivg	1.1.1	1003
ENSMUSG00000024096	ENSMUSG00000117335	lncgDivg	n.n.1	0	ENSG00000017797	ENSG00000273335	lncgDivg	1.1.1	1003
ENSMUSG00000024109	ENSMUSG00000071033	lncgDivg	1.1.1	0	ENSG00000179915	ENSG00000283058	lncgDivg	1.1.1	0
ENSMUSG00000024109	ENSMUSG00000071033	lncgDivg	1.1.1	0	ENSG00000179915	ENSG00000286412	lncgDivg	1.1.1	0
ENSMUSG00000024109	ENSMUSG00000071033	lncgDivg	1.1.1	0	ENSG00000179915	ENSG00000285548	lncgDivg	1.1.1	0
ENSMUSG00000024109	ENSMUSG00000071033	lncgDivg	1.1.1	0	ENSG00000179915	ENSG00000231918	lncgDivg	1.1.1	0
ENSMUSG00000024109	ENSMUSG00000090160	lncgDivg	1.1.1	0	ENSG00000179915	ENSG00000283058	lncgDivg	1.1.1	0
ENSMUSG00000024109	ENSMUSG00000090160	lncgDivg	1.1.1	0	ENSG00000179915	ENSG00000286412	lncgDivg	1.1.1	0
ENSMUSG00000024109	ENSMUSG00000090160	lncgDivg	1.1.1	0	ENSG00000179915	ENSG00000285548	lncgDivg	1.1.1	0
ENSMUSG00000024109	ENSMUSG00000090160	lncgDivg	1.1.1	0	ENSG00000179915	ENSG00000231918	lncgDivg	1.1.1	0
ENSMUSG00000024118	ENSMUSG00000085185	lncgConv	n.n.n	0	ENSG00000162062	ENSG00000259895	lncgConv	1.1.1	0
ENSMUSG00000024122	ENSMUSG00000117523	lncgDivg	1.1.1	0	ENSG00000140992	ENSG00000260436	lncgDivg	1.1.1	0
ENSMUSG00000024122	ENSMUSG00000117523	lncgDivg	1.1.1	0	ENSG00000140992	ENSG00000261140	lncgDivg	1.1.1	0
ENSMUSG00000024122	ENSMUSG00000117523	lncgDivg	1.1.1	0	ENSG00000140992	ENSG00000269937	lncgDivg	1.1.1	0
ENSMUSG00000024122	ENSMUSG00000117523	lncgDivg	1.1.1	0	ENSG00000140992	ENSG00000261613	lncgDivg	1.1.1	0
ENSMUSG00000024122	ENSMUSG00000117523	lncgDivg	1.1.1	0	ENSG00000140992	ENSG00000261093	lncgDivg	1.1.1	0
ENSMUSG00000024135	ENSMUSG00000117501	lincSS.dw	n.1.1	56058	ENSG00000068784	ENSG00000205054	lincSS.dw	n.1.1	65283
ENSMUSG00000024190	ENSMUSG00000118068	lncgSS.up	1.1.1	0	ENSG00000120129	ENSG00000289170	lncgSS.up	1.1.1	992
ENSMUSG00000024206	ENSMUSG00000121209	lncgDivg	1.1.1	0	ENSG00000087903	ENSG00000267262	lncgDivg	n.1.1	0
ENSMUSG00000024206	ENSMUSG00000121209	lncgDivg	1.1.1	0	ENSG00000087903	ENSG00000267299	lncgDivg	1.1.1	0
ENSMUSG00000024219	ENSMUSG00000117263	lncgDivg	1.1.1	0	ENSG00000064999	ENSG00000286550	lncgDivg	1.1.1	0
ENSMUSG00000024219	ENSMUSG00000085846	lncgDivg	1.1.1	0	ENSG00000064999	ENSG00000286550	lncgDivg	1.1.1	0
ENSMUSG00000024222	ENSMUSG00000117084	lncgDivg	1.1.1	0	ENSG00000096060	ENSG00000287458	lncgDivg	1.1.1	0
ENSMUSG00000024223	ENSMUSG00000117131	lncgDivg	1.1.1	72	ENSG00000157343	ENSG00000232909	lncgDivg	1.1.1	85
ENSMUSG00000024234	ENSMUSG00000097641	lncgDivg	1.1.1	0	ENSG00000107951	ENSG00000285824	lncgDivg	1.1.1	0
ENSMUSG00000024234	ENSMUSG00000117579	lncgSS.dw	1.1.1	1998	ENSG00000107951	ENSG00000259994	lncgSS.dw	1.1.1	3735
ENSMUSG00000024235	ENSMUSG00000120299	lncgDivg	1.1.1	52	ENSG00000107968	ENSG00000289874	lncgDivg	1.1.1	149
ENSMUSG00000024235	ENSMUSG00000117401	lncgDivg	n.n.n	543	ENSG00000107968	ENSG00000289874	lncgDivg	1.1.1	149
ENSMUSG00000024238	ENSMUSG00000063087	lncgDivg	n.n.1	0	ENSG00000148516	ENSG00000237036	lncgDivg	n.n.1	0
ENSMUSG00000024240	ENSMUSG00000101320	lncgDivg	n.n.1	0	ENSG00000120616	ENSG00000226842	lncgDivg	1.1.1	0
ENSMUSG00000024240	ENSMUSG00000101320	lncgDivg	n.n.1	0	ENSG00000120616	ENSG00000229327	lncgDivg	1.1.1	0
ENSMUSG00000024240	ENSMUSG00000101320	lncgDivg	n.n.1	0	ENSG00000120616	ENSG00000233825	lncgDivg	1.1.1	0
ENSMUSG00000024247	ENSMUSG00000117509	lincDivg	n.1.1	94551	ENSG00000162878	ENSG00000205086	lincDivg	n.1.1	91215
ENSMUSG00000024247	ENSMUSG00000117509	lincDivg	n.1.1	94551	ENSG00000162878	ENSG00000226398	lincDivg	1.1.1	22719
ENSMUSG00000024268	ENSMUSG00000114511	lncgDivg	1.1.1	0	ENSG00000101489	ENSG00000267707	lncgDivg	1.1.1	0
ENSMUSG00000024268	ENSMUSG00000114511	lncgDivg	1.1.1	0	ENSG00000101489	ENSG00000267202	lncgDivg	n.1.1	0
ENSMUSG00000024268	ENSMUSG00000114511	lncgDivg	1.1.1	0	ENSG00000101489	ENSG00000285940	lncgDivg	n.n.1	0
ENSMUSG00000024268	ENSMUSG00000114306	lncgDivg	1.1.1	0	ENSG00000101489	ENSG00000267707	lncgDivg	1.1.1	0
ENSMUSG00000024268	ENSMUSG00000114306	lncgDivg	1.1.1	0	ENSG00000101489	ENSG00000267202	lncgDivg	n.1.1	0
ENSMUSG00000024268	ENSMUSG00000114306	lncgDivg	1.1.1	0	ENSG00000101489	ENSG00000285940	lncgDivg	n.n.1	0
ENSMUSG00000024268	ENSMUSG00000120137	lncgDivg	n.1.1	227	ENSG00000101489	ENSG00000267707	lncgDivg	1.1.1	0
ENSMUSG00000024268	ENSMUSG00000120137	lncgDivg	n.1.1	227	ENSG00000101489	ENSG00000267202	lncgDivg	n.1.1	0
ENSMUSG00000024268	ENSMUSG00000120137	lncgDivg	n.1.1	227	ENSG00000101489	ENSG00000285940	lncgDivg	n.n.1	0
ENSMUSG00000024283	ENSMUSG00000117505	lncgDivg	1.1.1	0	ENSG00000095787	ENSG00000254635	lncgDivg	n.n.1	0
ENSMUSG00000024294	ENSMUSG00000095438	lncgDivg	n.1.1	0	ENSG00000101752	ENSG00000265142	lncgDivg	n.1.1	0
ENSMUSG00000024302	ENSMUSG00000114088	lncgDivg	1.1.1	0	ENSG00000134769	ENSG00000268873	lncgDivg	1.1.1	0
ENSMUSG00000024335	ENSMUSG00000117829	lncgDivg	1.1.1	0	ENSG00000204256	ENSG00000263756	lncgDivg	1.1.1	0
ENSMUSG00000024347	ENSMUSG00000118122	lincSS.up	1.1.1	35246	ENSG00000146005	ENSG00000271792	lincSS.up	1.1.1	20336
ENSMUSG00000024347	ENSMUSG00000118347	lincSS.up	n.n.n	46310	ENSG00000146005	ENSG00000271792	lincSS.up	1.1.1	20336
ENSMUSG00000024357	ENSMUSG00000117731	lncgDivg	1.1.1	0	ENSG00000120725	ENSG00000249593	lncgDivg	n.n.1	0
ENSMUSG00000024357	ENSMUSG00000118386	lncgDivg	1.1.1	0	ENSG00000120725	ENSG00000249593	lncgDivg	n.n.1	0
ENSMUSG00000024360	ENSMUSG00000120539	lncgDivg	1.1.1	124	ENSG00000120705	ENSG00000289155	lncgDivg	1.1.1	228
ENSMUSG00000024371	ENSMUSG00000121067	lncgDivg	1.1.1	0	ENSG00000166278	ENSG00000281756	lncgDivg	1.1.1	0
ENSMUSG00000024384	ENSMUSG00000120022	lncgDivg	1.1.1	0	ENSG00000163166	ENSG00000231731	lncgDivg	n.n.1	0
ENSMUSG00000024388	ENSMUSG00000084824	lncgDivg	1.1.1	0	ENSG00000169994	ENSG00000272789	lncgDivg	1.1.1	0
ENSMUSG00000024393	ENSMUSG00000090936	lncgDivg	1.1.1	222	ENSG00000204469	ENSG00000289375	lncgDivg	1.1.1	309
ENSMUSG00000024411	ENSMUSG00000117380	lincSS.dw	1.1.1	76797	ENSG00000171885	ENSG00000263382	lincSS.dw	n.1.1	26872
ENSMUSG00000024411	ENSMUSG00000119962	lincSS.dw	n.1.1	43297	ENSG00000171885	ENSG00000263382	lincSS.dw	n.1.1	26872
ENSMUSG00000024420	ENSMUSG00000117608	lincSS.dw	n.1.1	85613	ENSG00000198795	ENSG00000264345	lincSS.dw	n.1.1	74005
ENSMUSG00000024424	ENSMUSG00000117418	lncgDivg	1.1.1	0	ENSG00000168234	ENSG00000265204	lncgDivg	1.1.1	0
ENSMUSG00000024424	ENSMUSG00000117418	lncgDivg	1.1.1	0	ENSG00000168234	ENSG00000264924	lncgDivg	1.1.1	0
ENSMUSG00000024424	ENSMUSG00000117418	lncgDivg	1.1.1	0	ENSG00000168234	ENSG00000264745	lncgDivg	1.1.1	0
ENSMUSG00000024424	ENSMUSG00000117573	lncgDivg	1.1.1	0	ENSG00000168234	ENSG00000265204	lncgDivg	1.1.1	0
ENSMUSG00000024424	ENSMUSG00000117573	lncgDivg	1.1.1	0	ENSG00000168234	ENSG00000264924	lncgDivg	1.1.1	0
ENSMUSG00000024424	ENSMUSG00000117573	lncgDivg	1.1.1	0	ENSG00000168234	ENSG00000264745	lncgDivg	1.1.1	0
ENSMUSG00000024427	ENSMUSG00000118257	lncgDivg	n.n.n	119	ENSG00000187678	ENSG00000231185	lncgDivg	n.n.n	0
ENSMUSG00000024431	ENSMUSG00000118117	lincDivg	n.1.1	19935	ENSG00000113580	ENSG00000251205	lincDivg	n.1.1	95819
ENSMUSG00000024500	ENSMUSG00000117792	lncgSS.up	n.n.n	0	ENSG00000156475	ENSG00000249553	lncgSS.up	1.1.1	0
ENSMUSG00000024524	ENSMUSG00000117868	lincDivg	1.1.1	56698	ENSG00000141404	ENSG00000260759	lincDivg	1.1.1	19099
ENSMUSG00000024525	ENSMUSG00000046415	lncgConv	n.n.1	0	ENSG00000141401	ENSG00000267480	lncgConv	1.1.1	301
ENSMUSG00000024544	ENSMUSG00000117891	lncgDivg	1.1.1	0	ENSG00000168675	ENSG00000267136	lncgDivg	1.1.1	0
ENSMUSG00000024544	ENSMUSG00000117891	lncgDivg	1.1.1	0	ENSG00000168675	ENSG00000267239	lncgDivg	n.1.1	1131
ENSMUSG00000024544	ENSMUSG00000117891	lncgDivg	1.1.1	0	ENSG00000168675	ENSG00000267694	lncgDivg	1.1.1	0
ENSMUSG00000024544	ENSMUSG00000117891	lncgDivg	1.1.1	0	ENSG00000168675	ENSG00000267529	lncgDivg	n.1.1	0
ENSMUSG00000024544	ENSMUSG00000117891	lncgDivg	1.1.1	0	ENSG00000168675	ENSG00000267503	lncgDivg	1.1.1	0
ENSMUSG00000024544	ENSMUSG00000117891	lncgDivg	1.1.1	0	ENSG00000168675	ENSG00000266954	lncgDivg	1.1.1	0
ENSMUSG00000024544	ENSMUSG00000117891	lncgDivg	1.1.1	0	ENSG00000168675	ENSG00000267393	lncgDivg	1.1.1	0
ENSMUSG00000024544	ENSMUSG00000117891	lncgDivg	1.1.1	0	ENSG00000168675	ENSG00000267177	lncgDivg	1.1.1	0
ENSMUSG00000024544	ENSMUSG00000117891	lncgDivg	1.1.1	0	ENSG00000168675	ENSG00000286926	lncgDivg	1.1.1	0
ENSMUSG00000024544	ENSMUSG00000117891	lncgDivg	1.1.1	0	ENSG00000168675	ENSG00000267690	lncgDivg	1.1.1	0
ENSMUSG00000024544	ENSMUSG00000117891	lncgDivg	1.1.1	0	ENSG00000168675	ENSG00000267366	lncgDivg	1.1.1	0
ENSMUSG00000024552	ENSMUSG00000117661	lncgDivg	n.1.1	0	ENSG00000132874	ENSG00000287943	lncgDivg	1.1.1	0
ENSMUSG00000024552	ENSMUSG00000117661	lncgDivg	n.1.1	0	ENSG00000132874	ENSG00000267193	lncgDivg	1.1.1	0
ENSMUSG00000024552	ENSMUSG00000117661	lncgDivg	n.1.1	0	ENSG00000132874	ENSG00000285790	lncgDivg	1.1.1	0
ENSMUSG00000024552	ENSMUSG00000117661	lncgDivg	n.1.1	0	ENSG00000132874	ENSG00000267097	lncgDivg	n.1.1	0
ENSMUSG00000024558	ENSMUSG00000090263	lncgDivg	1.1.1	0	ENSG00000141639	ENSG00000287381	lncgDivg	1.1.1	0
ENSMUSG00000024565	ENSMUSG00000118262	lincDivg	1.1.1	96293	ENSG00000256463	ENSG00000266586	lincDivg	1.1.1	60825
ENSMUSG00000024565	ENSMUSG00000118262	lincDivg	1.1.1	96293	ENSG00000256463	ENSG00000265101	lincDivg	1.1.1	52377
ENSMUSG00000024565	ENSMUSG00000118268	lincDivg	1.1.1	60053	ENSG00000256463	ENSG00000266586	lincDivg	1.1.1	60825
ENSMUSG00000024565	ENSMUSG00000118268	lincDivg	1.1.1	60053	ENSG00000256463	ENSG00000265101	lincDivg	1.1.1	52377
ENSMUSG00000024565	ENSMUSG00000098720	lncgDivg	1.1.1	685	ENSG00000256463	ENSG00000263146	lncgDivg	n.1.1	1935
ENSMUSG00000024566	ENSMUSG00000114891	lncgDivg	1.1.1	0	ENSG00000166377	ENSG00000286245	lncgDivg	1.1.1	0
ENSMUSG00000024566	ENSMUSG00000114891	lncgDivg	1.1.1	0	ENSG00000166377	ENSG00000267628	lncgDivg	1.1.1	0
ENSMUSG00000024566	ENSMUSG00000114891	lncgDivg	1.1.1	0	ENSG00000166377	ENSG00000267015	lncgDivg	1.1.1	0
ENSMUSG00000024578	ENSMUSG00000102778	lncgDivg	1.1.1	0	ENSG00000127743	ENSG00000249669	lncgDivg	n.1.1	16326
ENSMUSG00000024578	ENSMUSG00000102778	lncgDivg	1.1.1	0	ENSG00000127743	ENSG00000253865	lncgDivg	1.1.1	0
ENSMUSG00000024589	ENSMUSG00000118045	lincDivg	1.1.1	81209	ENSG00000049759	ENSG00000267209	lincDivg	n.1.1	79792
ENSMUSG00000024589	ENSMUSG00000120534	lncgDivg	1.1.1	0	ENSG00000049759	ENSG00000267396	lncgDivg	1.1.1	0
ENSMUSG00000024589	ENSMUSG00000120534	lncgDivg	1.1.1	0	ENSG00000049759	ENSG00000267743	lncgDivg	n.1.1	0
ENSMUSG00000024589	ENSMUSG00000117895	lncgDivg	1.1.1	0	ENSG00000049759	ENSG00000267396	lncgDivg	1.1.1	0
ENSMUSG00000024589	ENSMUSG00000117895	lncgDivg	1.1.1	0	ENSG00000049759	ENSG00000267743	lncgDivg	n.1.1	0
ENSMUSG00000024589	ENSMUSG00000114210	lncgDivg	1.1.1	0	ENSG00000049759	ENSG00000267396	lncgDivg	1.1.1	0
ENSMUSG00000024589	ENSMUSG00000114210	lncgDivg	1.1.1	0	ENSG00000049759	ENSG00000267743	lncgDivg	n.1.1	0
ENSMUSG00000024593	ENSMUSG00000118343	lincSS.dw	1.1.1	18930	ENSG00000145794	ENSG00000271766	lincSS.dw	1.1.1	12558
ENSMUSG00000024642	ENSMUSG00000120068	lncgDivg	1.1.1	436	ENSG00000106829	ENSG00000233086	lncgDivg	n.1.1	39431
ENSMUSG00000024646	ENSMUSG00000089744	lncgDivg	n.1.1	0	ENSG00000166347	ENSG00000286529	lncgDivg	1.1.1	1244
ENSMUSG00000024654	ENSMUSG00000024658	lncgDivg	1.1.1	0	ENSG00000162174	ENSG00000255126	lncgDivg	1.1.1	0
ENSMUSG00000024654	ENSMUSG00000024658	lncgDivg	1.1.1	0	ENSG00000162174	ENSG00000255118	lncgDivg	1.1.1	0
ENSMUSG00000024660	ENSMUSG00000118100	lncgDivg	n.1.1	113	ENSG00000149503	ENSG00000285656	lncgDivg	1.1.1	231
ENSMUSG00000024660	ENSMUSG00000118138	lncgSS.dw	1.1.1	3301	ENSG00000149503	ENSG00000289194	lncgSS.dw	1.1.1	561
ENSMUSG00000024749	ENSMUSG00000118293	lncgDivg	1.1.1	0	ENSG00000165091	ENSG00000289993	lncgDivg	1.1.1	0
ENSMUSG00000024750	ENSMUSG00000118342	lincConv	1.1.1	23536	ENSG00000107372	ENSG00000225434	lincConv	n.n.1	0
ENSMUSG00000024782	ENSMUSG00000100075	lncgDivg	1.1.1	0	ENSG00000147853	ENSG00000287759	lncgDivg	n.1.1	0
ENSMUSG00000024785	ENSMUSG00000120326	lncgDivg	1.1.1	206	ENSG00000120158	ENSG00000228165	lncgDivg	1.1.1	0
ENSMUSG00000024795	ENSMUSG00000117865	lincSS.dw	1.1.1	78720	ENSG00000138182	ENSG00000232229	lincSS.dw	n.1.1	54544
ENSMUSG00000024795	ENSMUSG00000117865	lincSS.dw	1.1.1	78720	ENSG00000138182	ENSG00000280560	lincSS.dw	n.1.1	78656
ENSMUSG00000024803	ENSMUSG00000117998	lincDivg	1.1.1	62481	ENSG00000148677	ENSG00000289512	lincDivg	n.1.1	44892
ENSMUSG00000024803	ENSMUSG00000117998	lincDivg	1.1.1	62481	ENSG00000148677	ENSG00000225519	lincDivg	1.1.1	73533
ENSMUSG00000024817	ENSMUSG00000120593	lncgDivg	1.1.1	155	ENSG00000147854	ENSG00000233367	lncgDivg	1.1.1	0
ENSMUSG00000024824	ENSMUSG00000118245	lncgDivg	n.1.1	106	ENSG00000172613	ENSG00000287851	lncgDivg	1.1.1	440
ENSMUSG00000024843	ENSMUSG00000117912	lncgDivg	1.1.1	0	ENSG00000110721	ENSG00000255236	lncgDivg	n.1.1	180
ENSMUSG00000024862	ENSMUSG00000117710	lncgDivg	1.1.1	0	ENSG00000174996	ENSG00000254855	lncgDivg	1.1.1	0
ENSMUSG00000024862	ENSMUSG00000117710	lncgDivg	1.1.1	0	ENSG00000174996	ENSG00000254461	lncgDivg	1.1.1	0
ENSMUSG00000024867	ENSMUSG00000085003	lncgDivg	1.1.1	0	ENSG00000107242	ENSG00000236733	lncgDivg	1.1.1	0
ENSMUSG00000024867	ENSMUSG00000085003	lncgDivg	1.1.1	0	ENSG00000107242	ENSG00000288771	lncgDivg	n.1.1	0
ENSMUSG00000024867	ENSMUSG00000117979	lncgDivg	n.1.1	417	ENSG00000107242	ENSG00000236733	lncgDivg	1.1.1	0
ENSMUSG00000024867	ENSMUSG00000117979	lncgDivg	n.1.1	417	ENSG00000107242	ENSG00000288771	lncgDivg	n.1.1	0
ENSMUSG00000024897	ENSMUSG00000118340	lncgDivg	1.1.1	0	ENSG00000107282	ENSG00000261447	lncgDivg	1.1.1	378
ENSMUSG00000024897	ENSMUSG00000118340	lncgDivg	1.1.1	0	ENSG00000107282	ENSG00000229312	lncgDivg	1.1.1	0
ENSMUSG00000024921	ENSMUSG00000093628	lncgDivg	n.1.1	0	ENSG00000080503	ENSG00000236199	lncgDivg	1.1.1	0
ENSMUSG00000024922	ENSMUSG00000117861	lncgDivg	1.1.1	0	ENSG00000172818	ENSG00000255120	lncgDivg	n.n.1	0
ENSMUSG00000024927	ENSMUSG00000120141	lncgDivg	1.1.1	113	ENSG00000173039	ENSG00000285533	lncgDivg	n.n.1	0
ENSMUSG00000024941	ENSMUSG00000092341	lincSS.up	n.1.1	24270	ENSG00000142186	ENSG00000251562	lincSS.up	n.1.1	18561
ENSMUSG00000024941	ENSMUSG00000092341	lincSS.up	n.1.1	24270	ENSG00000142186	ENSG00000286756	lincSS.up	n.1.1	36181
ENSMUSG00000024942	ENSMUSG00000097404	lncgDivg	1.1.1	0	ENSG00000014216	ENSG00000254614	lncgDivg	n.1.1	0
ENSMUSG00000024998	ENSMUSG00000101079	lncgDivg	1.1.1	0	ENSG00000138193	ENSG00000232913	lncgDivg	n.1.1	0
ENSMUSG00000024998	ENSMUSG00000101079	lncgDivg	1.1.1	0	ENSG00000138193	ENSG00000268894	lncgDivg	n.1.1	0
ENSMUSG00000024998	ENSMUSG00000101079	lncgDivg	1.1.1	0	ENSG00000138193	ENSG00000228553	lncgDivg	1.1.1	0
ENSMUSG00000024998	ENSMUSG00000101079	lncgDivg	1.1.1	0	ENSG00000138193	ENSG00000273450	lncgDivg	1.1.1	0
ENSMUSG00000025025	ENSMUSG00000118369	lncgDivg	n.1.1	0	ENSG00000119950	ENSG00000228417	lncgDivg	1.1.1	0
ENSMUSG00000025060	ENSMUSG00000086121	lncgDivg	1.1.1	0	ENSG00000065613	ENSG00000289745	lncgDivg	n.1.1	265
ENSMUSG00000025060	ENSMUSG00000118206	lncgDivg	1.1.1	0	ENSG00000065613	ENSG00000289745	lncgDivg	n.1.1	265
ENSMUSG00000025085	ENSMUSG00000117684	lncgDivg	1.1.1	0	ENSG00000099204	ENSG00000228484	lncgDivg	n.n.1	0
ENSMUSG00000025086	ENSMUSG00000118178	lincSS.dw	1.1.1	31252	ENSG00000165832	ENSG00000236799	lincSS.dw	1.1.1	16981
ENSMUSG00000025086	ENSMUSG00000117655	lincSS.dw	n.1.1	17559	ENSG00000165832	ENSG00000236799	lincSS.dw	1.1.1	16981
ENSMUSG00000025094	ENSMUSG00000101630	lncgDivg	1.1.1	0	ENSG00000165646	ENSG00000277879	lncgDivg	1.1.1	0
ENSMUSG00000025094	ENSMUSG00000101630	lncgDivg	1.1.1	0	ENSG00000165646	ENSG00000225936	lncgDivg	n.n.1	0
ENSMUSG00000025102	ENSMUSG00000109485	lncgDivg	1.1.1	0	ENSG00000169609	ENSG00000288850	lncgDivg	1.1.1	116
ENSMUSG00000025130	ENSMUSG00000120443	lncgDivg	1.1.1	140	ENSG00000185624	ENSG00000262831	lncgDivg	1.1.1	0
ENSMUSG00000025162	ENSMUSG00000100629	lncgDivg	1.1.1	0	ENSG00000141551	ENSG00000287737	lncgDivg	n.1.1	131
ENSMUSG00000025162	ENSMUSG00000100629	lncgDivg	1.1.1	0	ENSG00000141551	ENSG00000275888	lncgDivg	1.1.1	0
ENSMUSG00000025162	ENSMUSG00000120010	lncgDivg	1.1.1	88	ENSG00000141551	ENSG00000287737	lncgDivg	n.1.1	131
ENSMUSG00000025162	ENSMUSG00000120010	lncgDivg	1.1.1	88	ENSG00000141551	ENSG00000275888	lncgDivg	1.1.1	0
ENSMUSG00000025188	ENSMUSG00000090235	lncgDivg	n.1.1	0	ENSG00000107521	ENSG00000287261	lncgDivg	n.1.1	0
ENSMUSG00000025190	ENSMUSG00000118221	lncgDivg	1.1.1	3707	ENSG00000120053	ENSG00000224934	lncgDivg	n.1.1	1009
ENSMUSG00000025195	ENSMUSG00000118000	lncgDivg	1.1.1	0	ENSG00000107554	ENSG00000227695	lncgDivg	n.1.1	0
ENSMUSG00000025213	ENSMUSG00000120787	lncgDivg	1.1.1	56	ENSG00000107821	ENSG00000288844	lncgDivg	1.1.1	0
ENSMUSG00000025213	ENSMUSG00000120787	lncgDivg	1.1.1	56	ENSG00000107821	ENSG00000273162	lncgDivg	1.1.1	984
ENSMUSG00000025217	ENSMUSG00000100417	lincDivg	n.1.1	25299	ENSG00000166167	ENSG00000230967	lincDivg	1.1.1	30639
ENSMUSG00000025217	ENSMUSG00000102057	lincSS.up	1.1.1	45305	ENSG00000166167	ENSG00000225208	lincSS.up	1.1.1	42528
ENSMUSG00000025236	ENSMUSG00000110789	lincDivg	1.1.1	56487	ENSG00000159322	ENSG00000285729	lincDivg	1.1.1	72508
ENSMUSG00000025245	ENSMUSG00000090608	lncgConv	1.1.1	0	ENSG00000163818	ENSG00000288720	lncgConv	n.n.n	0
ENSMUSG00000025255	ENSMUSG00000086224	lncgDivg	n.1.1	0	ENSG00000091656	ENSG00000253661	lncgDivg	n.n.1	0
ENSMUSG00000025314	ENSMUSG00000085471	lncgDivg	n.1.1	0	ENSG00000149177	ENSG00000254879	lncgDivg	1.1.1	0
ENSMUSG00000025340	ENSMUSG00000119946	lncgDivg	1.1.1	17	ENSG00000154710	ENSG00000272831	lncgDivg	1.1.1	0
ENSMUSG00000025366	ENSMUSG00000100548	lncgDivg	n.n.n	0	ENSG00000139641	ENSG00000258317	lncgDivg	n.1.n	0
ENSMUSG00000025371	ENSMUSG00000120604	lncgDivg	1.1.1	0	ENSG00000176108	ENSG00000263218	lncgDivg	n.1.1	0
ENSMUSG00000025372	ENSMUSG00000085207	lncgDivg	n.1.1	140	ENSG00000175866	ENSG00000226137	lncgDivg	n.1.1	241
ENSMUSG00000025423	ENSMUSG00000119947	lncgDivg	1.1.1	40	ENSG00000078043	ENSG00000289168	lncgDivg	n.1.1	0
ENSMUSG00000025425	ENSMUSG00000073532	lncgDivg	n.1.1	0	ENSG00000101638	ENSG00000270112	lncgDivg	n.n.1	0
ENSMUSG00000025436	ENSMUSG00000120565	lincDivg	1.1.1	27118	ENSG00000166896	ENSG00000245651	lincDivg	n.n.n	11120
ENSMUSG00000025544	ENSMUSG00000115121	lincDivg	n.1.1	15812	ENSG00000125304	ENSG00000285448	lincDivg	1.1.1	13609
ENSMUSG00000025544	ENSMUSG00000085615	lncgDivg	n.1.1	55	ENSG00000125304	ENSG00000203441	lncgDivg	1.1.1	0
ENSMUSG00000025544	ENSMUSG00000085615	lncgDivg	n.1.1	55	ENSG00000125304	ENSG00000280734	lncgDivg	n.n.1	0
ENSMUSG00000025545	ENSMUSG00000115263	lncgConv	1.1.1	0	ENSG00000125246	ENSG00000286757	lncgConv	n.n.n	0
ENSMUSG00000025545	ENSMUSG00000100585	lncgDivg	1.1.1	0	ENSG00000125246	ENSG00000227659	lncgDivg	1.1.1	0
ENSMUSG00000025545	ENSMUSG00000100585	lncgDivg	1.1.1	0	ENSG00000125246	ENSG00000288581	lncgDivg	1.1.1	0
ENSMUSG00000025545	ENSMUSG00000100585	lncgDivg	1.1.1	0	ENSG00000125246	ENSG00000234303	lncgDivg	n.1.1	0
ENSMUSG00000025551	ENSMUSG00000099994	lncgDivg	1.1.1	0	ENSG00000102466	ENSG00000272143	lncgDivg	1.1.1	0
ENSMUSG00000025551	ENSMUSG00000099994	lncgDivg	1.1.1	0	ENSG00000102466	ENSG00000234445	lncgDivg	n.1.1	0
ENSMUSG00000025551	ENSMUSG00000099994	lncgDivg	1.1.1	0	ENSG00000102466	ENSG00000276012	lncgDivg	1.1.1	0
ENSMUSG00000025551	ENSMUSG00000101445	lncgDivg	1.1.1	0	ENSG00000102466	ENSG00000272143	lncgDivg	1.1.1	0
ENSMUSG00000025551	ENSMUSG00000101445	lncgDivg	1.1.1	0	ENSG00000102466	ENSG00000234445	lncgDivg	n.1.1	0
ENSMUSG00000025551	ENSMUSG00000101445	lncgDivg	1.1.1	0	ENSG00000102466	ENSG00000276012	lncgDivg	1.1.1	0
ENSMUSG00000025555	ENSMUSG00000085133	lncgSS.dw	1.1.1	0	ENSG00000152767	ENSG00000269189	lncgSS.dw	1.1.1	0
ENSMUSG00000025576	ENSMUSG00000085059	lncgDivg	1.1.1	0	ENSG00000167281	ENSG00000266711	lncgDivg	1.1.1	0
ENSMUSG00000025576	ENSMUSG00000084887	lncgSS.up	1.1.1	0	ENSG00000167281	ENSG00000263278	lncgSS.up	n.1.1	0
ENSMUSG00000025582	ENSMUSG00000087675	lncgDivg	1.1.1	877	ENSG00000171246	ENSG00000290024	lncgDivg	1.1.1	0
ENSMUSG00000025583	ENSMUSG00000085081	lncgDivg	1.1.1	0	ENSG00000141564	ENSG00000262313	lncgDivg	1.1.1	0
ENSMUSG00000025583	ENSMUSG00000085081	lncgDivg	1.1.1	0	ENSG00000141564	ENSG00000287403	lncgDivg	1.1.1	0
ENSMUSG00000025583	ENSMUSG00000085081	lncgDivg	1.1.1	0	ENSG00000141564	ENSG00000262662	lncgDivg	1.1.1	0
ENSMUSG00000025583	ENSMUSG00000085081	lncgDivg	1.1.1	0	ENSG00000141564	ENSG00000262833	lncgDivg	1.1.1	0
ENSMUSG00000025607	ENSMUSG00000121179	lncgDivg	1.1.1	0	ENSG00000158623	ENSG00000270953	lncgDivg	1.1.1	0
ENSMUSG00000025607	ENSMUSG00000121179	lncgDivg	1.1.1	0	ENSG00000158623	ENSG00000286214	lncgDivg	1.1.1	0
ENSMUSG00000025609	ENSMUSG00000086212	lncgDivg	n.1.1	0	ENSG00000128585	ENSG00000231721	lncgDivg	n.n.n	0
ENSMUSG00000025609	ENSMUSG00000086212	lncgDivg	n.1.1	0	ENSG00000128585	ENSG00000236753	lncgDivg	n.n.1	0
ENSMUSG00000025613	ENSMUSG00000093606	lncgDivg	n.1.1	119	ENSG00000156261	ENSG00000286018	lncgDivg	1.1.1	0
ENSMUSG00000025746	ENSMUSG00000105439	lncgDivg	n.1.1	4316	ENSG00000136244	ENSG00000179428	lncgDivg	1.1.1	0
ENSMUSG00000025774	ENSMUSG00000109887	lincSS.dw	n.1.1	56135	ENSG00000124812	ENSG00000226707	lincSS.dw	1.1.1	9475
ENSMUSG00000025776	ENSMUSG00000085125	lncgDivg	n.1.1	0	ENSG00000121005	ENSG00000254238	lncgDivg	1.1.1	0
ENSMUSG00000025812	ENSMUSG00000120963	lncgDivg	1.1.1	0	ENSG00000148498	ENSG00000226386	lncgDivg	1.1.1	442
ENSMUSG00000025856	ENSMUSG00000075585	lncgDivg	n.1.1	0	ENSG00000197461	ENSG00000223855	lncgDivg	n.1.1	2183
ENSMUSG00000025862	ENSMUSG00000120132	lncgDivg	1.1.1	280	ENSG00000101972	ENSG00000232412	lncgDivg	1.1.1	0
ENSMUSG00000025876	ENSMUSG00000085896	lincSS.up	1.1.1	34932	ENSG00000113763	ENSG00000248859	lincSS.up	1.1.1	66648
ENSMUSG00000025876	ENSMUSG00000100728	lincSS.up	1.1.1	61398	ENSG00000113763	ENSG00000248859	lincSS.up	1.1.1	66648
ENSMUSG00000025902	ENSMUSG00000104328	lincSS.up	1.1.1	85775	ENSG00000164736	ENSG00000286471	lincSS.up	1.1.1	63065
ENSMUSG00000025907	ENSMUSG00000090031	lncgDivg	n.n.1	0	ENSG00000023287	ENSG00000271555	lncgDivg	1.1.1	0
ENSMUSG00000025907	ENSMUSG00000090031	lncgDivg	n.n.1	0	ENSG00000023287	ENSG00000288818	lncgDivg	1.1.1	0
ENSMUSG00000025920	ENSMUSG00000100868	lncgConv	1.1.1	0	ENSG00000040341	ENSG00000253302	lncgConv	n.1.1	0
ENSMUSG00000025920	ENSMUSG00000089982	lncgDivg	n.1.1	0	ENSG00000040341	ENSG00000254538	lncgDivg	n.1.1	0
ENSMUSG00000025956	ENSMUSG00000100437	lincDivg	1.1.1	32693	ENSG00000144401	ENSG00000224137	lincDivg	n.n.n	36447
ENSMUSG00000025959	ENSMUSG00000101895	lincSS.up	1.1.1	63709	ENSG00000118263	ENSG00000240440	lincSS.up	1.1.1	61443
ENSMUSG00000025959	ENSMUSG00000101895	lincSS.up	1.1.1	63709	ENSG00000118263	ENSG00000234902	lincSS.up	n.1.1	12861
ENSMUSG00000025959	ENSMUSG00000086836	lncgDivg	1.1.1	0	ENSG00000118263	ENSG00000229647	lncgDivg	n.n.1	0
ENSMUSG00000025959	ENSMUSG00000086836	lncgDivg	1.1.1	0	ENSG00000118263	ENSG00000224342	lncgDivg	1.1.1	0
ENSMUSG00000025969	ENSMUSG00000100811	lncgDivg	1.1.1	0	ENSG00000118257	ENSG00000225216	lncgDivg	n.1.1	0
ENSMUSG00000025978	ENSMUSG00000097649	lncgDivg	n.1.1	0	ENSG00000162944	ENSG00000287858	lncgDivg	1.1.1	0
ENSMUSG00000025997	ENSMUSG00000099804	lincConv	1.1.1	87130	ENSG00000030419	ENSG00000223373	lincConv	1.1.1	79882
ENSMUSG00000025997	ENSMUSG00000100354	lincSS.dw	1.1.1	37426	ENSG00000030419	ENSG00000286965	lincSS.dw	1.1.1	62171
ENSMUSG00000025997	ENSMUSG00000099954	lncgSS.up	1.1.1	0	ENSG00000030419	ENSG00000236193	lncgSS.up	1.1.1	3379
ENSMUSG00000025997	ENSMUSG00000100815	lncgSS.up	1.1.1	0	ENSG00000030419	ENSG00000236193	lncgSS.up	1.1.1	3379
ENSMUSG00000026078	ENSMUSG00000104188	lincConv	1.1.1	51410	ENSG00000115539	ENSG00000287832	lincConv	1.1.1	65705
ENSMUSG00000026078	ENSMUSG00000104188	lincConv	1.1.1	51410	ENSG00000115539	ENSG00000234169	lincConv	1.1.1	93153
ENSMUSG00000026082	ENSMUSG00000102716	lncgDivg	1.1.1	2282	ENSG00000135945	ENSG00000273306	lncgDivg	1.1.1	0
ENSMUSG00000026107	ENSMUSG00000120049	lncgDivg	1.1.1	153	ENSG00000173559	ENSG00000288900	lncgDivg	1.1.1	205
ENSMUSG00000026131	ENSMUSG00000096992	lncgDivg	n.1.1	0	ENSG00000151914	ENSG00000231441	lncgDivg	n.n.1	0
ENSMUSG00000026142	ENSMUSG00000100786	lncgDivg	1.1.1	0	ENSG00000144468	ENSG00000290086	lncgDivg	1.1.1	0
ENSMUSG00000026158	ENSMUSG00000097970	lincConv	1.1.1	74489	ENSG00000119900	ENSG00000233237	lincConv	n.1.1	34368
ENSMUSG00000026158	ENSMUSG00000100775	lincConv	1.1.1	72349	ENSG00000119900	ENSG00000233237	lincConv	n.1.1	34368
ENSMUSG00000026181	ENSMUSG00000116823	lncgDivg	1.1.1	0	ENSG00000100034	ENSG00000224086	lncgDivg	n.n.n	0
ENSMUSG00000026193	ENSMUSG00000073652	lncgDivg	n.n.1	0	ENSG00000115414	ENSG00000230695	lncgDivg	n.1.1	180
ENSMUSG00000026204	ENSMUSG00000101840	lncgDivg	1.1.1	0	ENSG00000054356	ENSG00000230432	lncgDivg	1.1.1	0
ENSMUSG00000026235	ENSMUSG00000120831	lincDivg	1.1.1	7236	ENSG00000116106	ENSG00000234446	lincDivg	n.1.1	35122
ENSMUSG00000026235	ENSMUSG00000101849	lncgDivg	1.1.1	192	ENSG00000116106	ENSG00000272944	lncgDivg	1.1.1	0
ENSMUSG00000026238	ENSMUSG00000119944	lncgDivg	1.1.1	464	ENSG00000187514	ENSG00000289018	lncgDivg	1.1.1	0
ENSMUSG00000026238	ENSMUSG00000120832	lncgDivg	1.1.1	1443	ENSG00000187514	ENSG00000289018	lncgDivg	1.1.1	0
ENSMUSG00000026260	ENSMUSG00000120000	lincConv	n.1.1	45377	ENSG00000130414	ENSG00000220256	lincConv	n.1.1	67686
ENSMUSG00000026277	ENSMUSG00000100927	lncgDivg	1.1.1	0	ENSG00000115694	ENSG00000289555	lncgDivg	1.1.1	0
ENSMUSG00000026283	ENSMUSG00000121025	lncgDivg	1.1.1	174	ENSG00000168395	ENSG00000235351	lncgDivg	1.1.1	0
ENSMUSG00000026295	ENSMUSG00000100908	lincSS.dw	1.1.1	33245	ENSG00000072080	ENSG00000226442	lincSS.dw	1.1.1	31947
ENSMUSG00000026301	ENSMUSG00000100850	lncgDivg	1.1.1	227	ENSG00000132321	ENSG00000232893	lncgDivg	1.1.1	0
ENSMUSG00000026301	ENSMUSG00000100850	lncgDivg	1.1.1	227	ENSG00000132321	ENSG00000270540	lncgDivg	1.1.1	0
ENSMUSG00000026315	ENSMUSG00000086161	lincSS.dw	1.1.1	76524	ENSG00000166401	ENSG00000267134	lincSS.dw	n.1.1	21776
ENSMUSG00000026335	ENSMUSG00000100711	lincDivg	1.1.1	78002	ENSG00000145730	ENSG00000250682	lincDivg	n.1.1	82216
ENSMUSG00000026335	ENSMUSG00000100182	lincDivg	n.1.1	35783	ENSG00000145730	ENSG00000250682	lincDivg	n.1.1	82216
ENSMUSG00000026339	ENSMUSG00000085857	lncgDivg	1.1.1	0	ENSG00000125633	ENSG00000272895	lncgDivg	1.1.1	0
ENSMUSG00000026339	ENSMUSG00000085857	lncgDivg	1.1.1	0	ENSG00000125633	ENSG00000235066	lncgDivg	n.n.1	0
ENSMUSG00000026341	ENSMUSG00000102063	lincDivg	1.1.1	8840	ENSG00000115091	ENSG00000244063	lincDivg	1.1.1	58944
ENSMUSG00000026341	ENSMUSG00000121266	lncgDivg	1.1.1	279	ENSG00000115091	ENSG00000270019	lncgDivg	1.1.1	296
ENSMUSG00000026341	ENSMUSG00000121266	lncgDivg	1.1.1	279	ENSG00000115091	ENSG00000228857	lncgDivg	n.n.1	0
ENSMUSG00000026395	ENSMUSG00000098206	lincConv	1.1.1	92943	ENSG00000081237	ENSG00000229989	lincConv	n.1.1	20385
ENSMUSG00000026395	ENSMUSG00000098243	lincConv	n.1.1	53083	ENSG00000081237	ENSG00000229989	lincConv	n.1.1	20385
ENSMUSG00000026404	ENSMUSG00000097403	lncgDivg	n.1.1	0	ENSG00000118197	ENSG00000260088	lncgDivg	1.1.1	0
ENSMUSG00000026442	ENSMUSG00000101126	lncgDivg	1.1.1	0	ENSG00000163531	ENSG00000287197	lncgDivg	1.1.1	0
ENSMUSG00000026452	ENSMUSG00000097435	lncgDivg	1.1.1	157	ENSG00000143858	ENSG00000225620	lncgDivg	1.1.1	0
ENSMUSG00000026452	ENSMUSG00000097435	lncgDivg	1.1.1	157	ENSG00000143858	ENSG00000226862	lncgDivg	1.1.1	0
ENSMUSG00000026483	ENSMUSG00000100357	lincDivg	1.1.1	20243	ENSG00000135842	ENSG00000260976	lincDivg	1.1.1	25202
ENSMUSG00000026494	ENSMUSG00000089713	lncgDivg	1.1.1	0	ENSG00000162849	ENSG00000231612	lncgDivg	1.1.1	0
ENSMUSG00000026494	ENSMUSG00000089713	lncgDivg	1.1.1	0	ENSG00000162849	ENSG00000232192	lncgDivg	1.1.1	0
ENSMUSG00000026494	ENSMUSG00000089713	lncgDivg	1.1.1	0	ENSG00000162849	ENSG00000238224	lncgDivg	1.1.1	0
ENSMUSG00000026500	ENSMUSG00000086350	lncgDivg	n.1.1	581	ENSG00000203667	ENSG00000287601	lncgDivg	1.1.1	605
ENSMUSG00000026558	ENSMUSG00000103139	lncgDivg	1.1.1	0	ENSG00000143179	ENSG00000236364	lncgDivg	n.1.1	0
ENSMUSG00000026558	ENSMUSG00000102909	lncgDivg	n.n.1	0	ENSG00000143179	ENSG00000236364	lncgDivg	n.1.1	0
ENSMUSG00000026565	ENSMUSG00000097196	lncgDivg	1.1.1	282	ENSG00000143190	ENSG00000272205	lncgDivg	1.1.1	288
ENSMUSG00000026567	ENSMUSG00000103583	lncgDivg	1.1.1	0	ENSG00000143199	ENSG00000232194	lncgDivg	1.1.1	0
ENSMUSG00000026574	ENSMUSG00000102897	lincDivg	1.1.1	98411	ENSG00000143196	ENSG00000225826	lincDivg	n.1.1	54806
ENSMUSG00000026574	ENSMUSG00000102163	lincDivg	n.1.1	84103	ENSG00000143196	ENSG00000225826	lincDivg	n.1.1	54806
ENSMUSG00000026574	ENSMUSG00000102761	lincSS.up	1.1.1	83873	ENSG00000143196	ENSG00000235736	lincSS.up	1.1.1	34159
ENSMUSG00000026576	ENSMUSG00000097281	lincDivg	1.1.1	44954	ENSG00000143153	ENSG00000203601	lincDivg	1.1.1	18692
ENSMUSG00000026594	ENSMUSG00000101768	lincSS.up	1.1.1	33134	ENSG00000116191	ENSG00000273384	lincSS.up	1.1.1	72883
ENSMUSG00000026594	ENSMUSG00000101905	lncgDivg	1.1.1	212	ENSG00000116191	ENSG00000273062	lncgDivg	1.1.1	0
ENSMUSG00000026611	ENSMUSG00000089730	lncgDivg	1.1.1	0	ENSG00000162814	ENSG00000234070	lncgDivg	1.1.1	0
ENSMUSG00000026620	ENSMUSG00000103478	lincDivg	1.1.1	86532	ENSG00000116141	ENSG00000231529	lincDivg	1.1.1	40578
ENSMUSG00000026620	ENSMUSG00000104461	lincDivg	1.1.1	92421	ENSG00000116141	ENSG00000231529	lincDivg	1.1.1	40578
ENSMUSG00000026622	ENSMUSG00000102840	lncgDivg	1.1.1	0	ENSG00000117650	ENSG00000231057	lncgDivg	n.1.1	10892
ENSMUSG00000026628	ENSMUSG00000073478	lincDivg	n.1.1	6365	ENSG00000162772	ENSG00000260805	lincDivg	1.1.1	5603
ENSMUSG00000026630	ENSMUSG00000102777	lincSS.dw	1.1.1	23712	ENSG00000123685	ENSG00000237980	lincSS.dw	n.1.1	20779
ENSMUSG00000026640	ENSMUSG00000121086	lncgDivg	1.1.1	0	ENSG00000076356	ENSG00000287220	lncgDivg	1.1.1	0
ENSMUSG00000026646	ENSMUSG00000085043	lncgDivg	1.1.1	0	ENSG00000152455	ENSG00000272853	lncgDivg	1.1.1	93
ENSMUSG00000026655	ENSMUSG00000085205	lncgDivg	1.1.1	0	ENSG00000065809	ENSG00000236495	lncgDivg	n.1.1	0
ENSMUSG00000026657	ENSMUSG00000087355	lncgDivg	n.1.1	0	ENSG00000151474	ENSG00000229751	lncgDivg	1.1.1	0
ENSMUSG00000026657	ENSMUSG00000087355	lncgDivg	n.1.1	0	ENSG00000151474	ENSG00000235410	lncgDivg	1.1.1	0
ENSMUSG00000026657	ENSMUSG00000087355	lncgDivg	n.1.1	0	ENSG00000151474	ENSG00000225112	lncgDivg	1.1.1	0
ENSMUSG00000026657	ENSMUSG00000087355	lncgDivg	n.1.1	0	ENSG00000151474	ENSG00000273474	lncgDivg	1.1.1	0
ENSMUSG00000026657	ENSMUSG00000087355	lncgDivg	n.1.1	0	ENSG00000151474	ENSG00000234091	lncgDivg	1.1.1	0
ENSMUSG00000026657	ENSMUSG00000087355	lncgDivg	n.1.1	0	ENSG00000151474	ENSG00000285671	lncgDivg	1.1.1	0
ENSMUSG00000026657	ENSMUSG00000086018	lncgDivg	n.1.1	0	ENSG00000151474	ENSG00000229751	lncgDivg	1.1.1	0
ENSMUSG00000026657	ENSMUSG00000086018	lncgDivg	n.1.1	0	ENSG00000151474	ENSG00000235410	lncgDivg	1.1.1	0
ENSMUSG00000026657	ENSMUSG00000086018	lncgDivg	n.1.1	0	ENSG00000151474	ENSG00000225112	lncgDivg	1.1.1	0
ENSMUSG00000026657	ENSMUSG00000086018	lncgDivg	n.1.1	0	ENSG00000151474	ENSG00000273474	lncgDivg	1.1.1	0
ENSMUSG00000026657	ENSMUSG00000086018	lncgDivg	n.1.1	0	ENSG00000151474	ENSG00000234091	lncgDivg	1.1.1	0
ENSMUSG00000026657	ENSMUSG00000086018	lncgDivg	n.1.1	0	ENSG00000151474	ENSG00000285671	lncgDivg	1.1.1	0
ENSMUSG00000026657	ENSMUSG00000086874	lncgDivg	1.1.1	0	ENSG00000151474	ENSG00000229751	lncgDivg	1.1.1	0
ENSMUSG00000026657	ENSMUSG00000086874	lncgDivg	1.1.1	0	ENSG00000151474	ENSG00000235410	lncgDivg	1.1.1	0
ENSMUSG00000026657	ENSMUSG00000086874	lncgDivg	1.1.1	0	ENSG00000151474	ENSG00000225112	lncgDivg	1.1.1	0
ENSMUSG00000026657	ENSMUSG00000086874	lncgDivg	1.1.1	0	ENSG00000151474	ENSG00000273474	lncgDivg	1.1.1	0
ENSMUSG00000026657	ENSMUSG00000086874	lncgDivg	1.1.1	0	ENSG00000151474	ENSG00000234091	lncgDivg	1.1.1	0
ENSMUSG00000026657	ENSMUSG00000086874	lncgDivg	1.1.1	0	ENSG00000151474	ENSG00000285671	lncgDivg	1.1.1	0
ENSMUSG00000026657	ENSMUSG00000084859	lncgDivg	n.1.1	0	ENSG00000151474	ENSG00000229751	lncgDivg	1.1.1	0
ENSMUSG00000026657	ENSMUSG00000084859	lncgDivg	n.1.1	0	ENSG00000151474	ENSG00000235410	lncgDivg	1.1.1	0
ENSMUSG00000026657	ENSMUSG00000084859	lncgDivg	n.1.1	0	ENSG00000151474	ENSG00000225112	lncgDivg	1.1.1	0
ENSMUSG00000026657	ENSMUSG00000084859	lncgDivg	n.1.1	0	ENSG00000151474	ENSG00000273474	lncgDivg	1.1.1	0
ENSMUSG00000026657	ENSMUSG00000084859	lncgDivg	n.1.1	0	ENSG00000151474	ENSG00000234091	lncgDivg	1.1.1	0
ENSMUSG00000026657	ENSMUSG00000084859	lncgDivg	n.1.1	0	ENSG00000151474	ENSG00000285671	lncgDivg	1.1.1	0
ENSMUSG00000026659	ENSMUSG00000053925	lncgConv	n.n.n	0	ENSG00000081721	ENSG00000226889	lncgConv	n.n.n	0
ENSMUSG00000026670	ENSMUSG00000104266	lncgDivg	1.1.1	223	ENSG00000117143	ENSG00000259788	lncgDivg	1.1.1	414
ENSMUSG00000026672	ENSMUSG00000086430	lncgDivg	1.1.1	0	ENSG00000123240	ENSG00000289266	lncgDivg	1.1.1	0
ENSMUSG00000026718	ENSMUSG00000086657	lncgDivg	n.1.1	164	ENSG00000136738	ENSG00000229190	lncgDivg	1.1.1	0
ENSMUSG00000026718	ENSMUSG00000086657	lncgDivg	n.1.1	164	ENSG00000136738	ENSG00000260589	lncgDivg	1.1.1	273
ENSMUSG00000026721	ENSMUSG00000104302	lncgDivg	1.1.1	0	ENSG00000152061	ENSG00000227373	lncgDivg	n.n.1	0
ENSMUSG00000026721	ENSMUSG00000104302	lncgDivg	1.1.1	0	ENSG00000152061	ENSG00000229531	lncgDivg	n.1.1	0
ENSMUSG00000026743	ENSMUSG00000121261	lncgSS.dw	1.1.1	0	ENSG00000078403	ENSG00000286881	lncgSS.dw	1.1.1	0
ENSMUSG00000026743	ENSMUSG00000121261	lncgSS.dw	1.1.1	0	ENSG00000078403	ENSG00000289528	lncgSS.dw	1.1.1	0
ENSMUSG00000026765	ENSMUSG00000085357	lncgDivg	1.1.1	0	ENSG00000150556	ENSG00000286335	lncgDivg	1.1.1	0
ENSMUSG00000026766	ENSMUSG00000085862	lncgDivg	n.1.1	104	ENSG00000168288	ENSG00000231969	lncgDivg	n.n.1	0
ENSMUSG00000026773	ENSMUSG00000102329	lncgDivg	1.1.1	0	ENSG00000170525	ENSG00000213994	lncgDivg	1.1.1	0
ENSMUSG00000026778	ENSMUSG00000102196	lincConv	1.1.1	14150	ENSG00000065675	ENSG00000212743	lincConv	1.1.1	74381
ENSMUSG00000026778	ENSMUSG00000102674	lincConv	1.1.1	37144	ENSG00000065675	ENSG00000212743	lincConv	1.1.1	74381
ENSMUSG00000026778	ENSMUSG00000120676	lincConv	n.1.1	24218	ENSG00000065675	ENSG00000212743	lincConv	1.1.1	74381
ENSMUSG00000026778	ENSMUSG00000086006	lincSS.dw	n.1.1	38209	ENSG00000065675	ENSG00000289934	lincSS.dw	1.1.1	44060
ENSMUSG00000026778	ENSMUSG00000086491	lincSS.dw	1.1.1	83781	ENSG00000065675	ENSG00000289934	lincSS.dw	1.1.1	44060
ENSMUSG00000026797	ENSMUSG00000085397	lncgDivg	1.1.1	0	ENSG00000136854	ENSG00000279571	lncgDivg	1.1.1	0
ENSMUSG00000026833	ENSMUSG00000087196	lincConv	n.1.1	84271	ENSG00000130558	ENSG00000227958	lincConv	1.1.1	83542
ENSMUSG00000026835	ENSMUSG00000086425	lincDivg	n.1.1	10584	ENSG00000085265	ENSG00000236403	lincDivg	n.1.1	18612
ENSMUSG00000026837	ENSMUSG00000086560	lncgDivg	1.1.1	0	ENSG00000130635	ENSG00000286502	lncgDivg	1.1.1	0
ENSMUSG00000026837	ENSMUSG00000086560	lncgDivg	1.1.1	0	ENSG00000130635	ENSG00000204011	lncgDivg	1.1.1	0
ENSMUSG00000026837	ENSMUSG00000085766	lncgDivg	1.1.1	0	ENSG00000130635	ENSG00000286502	lncgDivg	1.1.1	0
ENSMUSG00000026837	ENSMUSG00000085766	lncgDivg	1.1.1	0	ENSG00000130635	ENSG00000204011	lncgDivg	1.1.1	0
ENSMUSG00000026839	ENSMUSG00000086129	lncgSS.dw	1.1.1	0	ENSG00000007001	ENSG00000237327	lncgSS.dw	1.1.1	0
ENSMUSG00000026839	ENSMUSG00000086129	lncgSS.dw	1.1.1	0	ENSG00000007001	ENSG00000271320	lncgSS.dw	1.1.1	0
ENSMUSG00000026839	ENSMUSG00000086129	lncgSS.dw	1.1.1	0	ENSG00000007001	ENSG00000270557	lncgSS.dw	1.1.1	0
ENSMUSG00000026853	ENSMUSG00000087435	lncgDivg	1.1.1	0	ENSG00000095321	ENSG00000234055	lncgDivg	1.1.1	0
ENSMUSG00000026864	ENSMUSG00000121211	lncgDivg	1.1.1	176	ENSG00000044574	ENSG00000239705	lncgDivg	1.1.1	281
ENSMUSG00000026872	ENSMUSG00000052248	lncgDivg	n.n.1	0	ENSG00000169554	ENSG00000232606	lncgDivg	n.1.1	2847
ENSMUSG00000026872	ENSMUSG00000052248	lncgDivg	n.n.1	0	ENSG00000169554	ENSG00000283118	lncgDivg	1.1.1	0
ENSMUSG00000026872	ENSMUSG00000052248	lncgDivg	n.n.1	0	ENSG00000169554	ENSG00000238057	lncgDivg	n.n.1	0
ENSMUSG00000026883	ENSMUSG00000086555	lncgDivg	n.1.1	0	ENSG00000136848	ENSG00000229854	lncgDivg	1.1.1	0
ENSMUSG00000026987	ENSMUSG00000085975	lncgDivg	1.1.1	0	ENSG00000123636	ENSG00000224152	lncgDivg	n.1.1	0
ENSMUSG00000026987	ENSMUSG00000085975	lncgDivg	1.1.1	0	ENSG00000123636	ENSG00000223642	lncgDivg	n.n.1	0
ENSMUSG00000026987	ENSMUSG00000086603	lncgDivg	1.1.1	0	ENSG00000123636	ENSG00000224152	lncgDivg	n.1.1	0
ENSMUSG00000026987	ENSMUSG00000086603	lncgDivg	1.1.1	0	ENSG00000123636	ENSG00000223642	lncgDivg	n.n.1	0
ENSMUSG00000026994	ENSMUSG00000100197	lncgDivg	1.1.1	323	ENSG00000115339	ENSG00000235192	lncgDivg	1.1.1	192
ENSMUSG00000027022	ENSMUSG00000087043	lncgDivg	1.1.1	0	ENSG00000163092	ENSG00000254552	lncgDivg	1.1.1	0
ENSMUSG00000027022	ENSMUSG00000086908	lncgDivg	1.1.1	0	ENSG00000163092	ENSG00000254552	lncgDivg	1.1.1	0
ENSMUSG00000027022	ENSMUSG00000087467	lncgDivg	1.1.1	0	ENSG00000163092	ENSG00000254552	lncgDivg	1.1.1	0
ENSMUSG00000027109	ENSMUSG00000063714	lncgDivg	n.n.n	0	ENSG00000172845	ENSG00000289296	lncgDivg	1.1.1	115
ENSMUSG00000027109	ENSMUSG00000063714	lncgDivg	n.n.n	0	ENSG00000172845	ENSG00000271151	lncgDivg	1.1.1	2978
ENSMUSG00000027167	ENSMUSG00000084870	lncgDivg	1.1.1	0	ENSG00000109911	ENSG00000228061	lncgDivg	n.n.1	0
ENSMUSG00000027180	ENSMUSG00000046085	lncgDivg	n.n.n	0	ENSG00000110429	ENSG00000254508	lncgDivg	n.1.1	156
ENSMUSG00000027180	ENSMUSG00000046085	lncgDivg	n.n.n	0	ENSG00000110429	ENSG00000255272	lncgDivg	1.1.1	1645
ENSMUSG00000027186	ENSMUSG00000070794	lincDivg	n.1.1	22644	ENSG00000135374	ENSG00000255427	lincDivg	1.1.1	45683
ENSMUSG00000027193	ENSMUSG00000045464	lncgConv	n.n.n	0	ENSG00000166181	ENSG00000254907	lncgConv	1.1.1	0
ENSMUSG00000027195	ENSMUSG00000075020	lncgSS.up	n.n.n	18971	ENSG00000149084	ENSG00000283341	lncgSS.up	n.n.1	0
ENSMUSG00000027200	ENSMUSG00000087450	lincSS.dw	1.1.1	40885	ENSG00000137872	ENSG00000259754	lincSS.dw	n.n.n	38501
ENSMUSG00000027200	ENSMUSG00000086954	lncgDivg	1.1.1	0	ENSG00000137872	ENSG00000259360	lncgDivg	1.1.1	0
ENSMUSG00000027200	ENSMUSG00000086954	lncgDivg	1.1.1	0	ENSG00000137872	ENSG00000259221	lncgDivg	n.1.1	0
ENSMUSG00000027200	ENSMUSG00000086954	lncgDivg	1.1.1	0	ENSG00000137872	ENSG00000259588	lncgDivg	1.1.1	0
ENSMUSG00000027200	ENSMUSG00000085496	lncgDivg	1.1.1	0	ENSG00000137872	ENSG00000259360	lncgDivg	1.1.1	0
ENSMUSG00000027200	ENSMUSG00000085496	lncgDivg	1.1.1	0	ENSG00000137872	ENSG00000259221	lncgDivg	n.1.1	0
ENSMUSG00000027200	ENSMUSG00000085496	lncgDivg	1.1.1	0	ENSG00000137872	ENSG00000259588	lncgDivg	1.1.1	0
ENSMUSG00000027204	ENSMUSG00000053615	lncgDivg	1.1.1	0	ENSG00000166147	ENSG00000259705	lncgDivg	1.1.1	230
ENSMUSG00000027204	ENSMUSG00000053615	lncgDivg	1.1.1	0	ENSG00000166147	ENSG00000286947	lncgDivg	1.1.1	0
ENSMUSG00000027210	ENSMUSG00000086308	lncgDivg	n.1.1	1376	ENSG00000134138	ENSG00000259460	lncgDivg	1.1.1	0
ENSMUSG00000027210	ENSMUSG00000086308	lncgDivg	n.1.1	1376	ENSG00000134138	ENSG00000288808	lncgDivg	1.1.1	899
ENSMUSG00000027215	ENSMUSG00000075025	lncgDivg	n.n.1	0	ENSG00000085117	ENSG00000255092	lncgDivg	1.1.1	0
ENSMUSG00000027215	ENSMUSG00000075025	lncgDivg	n.n.1	0	ENSG00000085117	ENSG00000254693	lncgDivg	1.1.1	0
ENSMUSG00000027220	ENSMUSG00000086980	lncgDivg	1.1.1	1435	ENSG00000019505	ENSG00000254497	lncgDivg	n.1.1	0
ENSMUSG00000027221	ENSMUSG00000085293	lincDivg	1.1.1	58727	ENSG00000175264	ENSG00000254519	lincDivg	n.n.n	56657
ENSMUSG00000027230	ENSMUSG00000087018	lincSS.up	1.1.1	30487	ENSG00000157613	ENSG00000254639	lincSS.up	1.1.1	38395
ENSMUSG00000027276	ENSMUSG00000099683	lincDivg	1.1.1	82339	ENSG00000101384	ENSG00000224961	lincDivg	n.1.1	22950
ENSMUSG00000027309	ENSMUSG00000121224	lncgDivg	1.1.1	0	ENSG00000088854	ENSG00000288577	lncgDivg	1.1.1	0
ENSMUSG00000027323	ENSMUSG00000121216	lncgDivg	1.1.1	26	ENSG00000051180	ENSG00000245849	lncgDivg	n.1.1	0
ENSMUSG00000027346	ENSMUSG00000086379	lincConv	n.1.1	15180	ENSG00000125772	ENSG00000235820	lincConv	1.1.1	8550
ENSMUSG00000027346	ENSMUSG00000086379	lincConv	n.1.1	15180	ENSG00000125772	ENSG00000230563	lincConv	n.1.1	68956
ENSMUSG00000027346	ENSMUSG00000086250	lincSS.dw	1.1.1	27934	ENSG00000125772	ENSG00000225640	lincSS.dw	1.1.1	34437
ENSMUSG00000027346	ENSMUSG00000086250	lincSS.dw	1.1.1	27934	ENSG00000125772	ENSG00000205181	lincSS.dw	n.1.1	17730
ENSMUSG00000027346	ENSMUSG00000086250	lincSS.dw	1.1.1	27934	ENSG00000125772	ENSG00000226995	lincSS.dw	n.1.1	73345
ENSMUSG00000027355	ENSMUSG00000085316	lincSS.dw	n.1.1	21782	ENSG00000166069	ENSG00000259225	lincSS.dw	n.1.1	12952
ENSMUSG00000027361	ENSMUSG00000098024	lncgDivg	n.1.1	0	ENSG00000104064	ENSG00000244879	lncgDivg	n.n.1	0
ENSMUSG00000027381	ENSMUSG00000085750	lincSS.dw	n.1.1	27440	ENSG00000153094	ENSG00000230499	lincSS.dw	1.1.1	27518
ENSMUSG00000027381	ENSMUSG00000085750	lincSS.dw	n.1.1	27440	ENSG00000153094	ENSG00000229118	lincSS.dw	1.1.1	96838
ENSMUSG00000027419	ENSMUSG00000086171	lncgDivg	n.n.1	0	ENSG00000125851	ENSG00000286571	lncgDivg	1.1.1	4194
ENSMUSG00000027419	ENSMUSG00000086171	lncgDivg	n.n.1	0	ENSG00000125851	ENSG00000287241	lncgDivg	1.1.1	0
ENSMUSG00000027419	ENSMUSG00000087115	lncgDivg	n.1.1	0	ENSG00000125851	ENSG00000286571	lncgDivg	1.1.1	4194
ENSMUSG00000027419	ENSMUSG00000087115	lncgDivg	n.1.1	0	ENSG00000125851	ENSG00000287241	lncgDivg	1.1.1	0
ENSMUSG00000027423	ENSMUSG00000074758	lincSS.dw	n.n.n	42133	ENSG00000089006	ENSG00000233625	lincSS.dw	1.1.1	53437
ENSMUSG00000027434	ENSMUSG00000053545	lncgDivg	1.1.1	0	ENSG00000125820	ENSG00000289590	lncgDivg	1.1.1	0
ENSMUSG00000027434	ENSMUSG00000053545	lncgDivg	1.1.1	0	ENSG00000125820	ENSG00000258197	lncgDivg	1.1.1	0
ENSMUSG00000027434	ENSMUSG00000086509	lncgDivg	1.1.1	0	ENSG00000125820	ENSG00000289590	lncgDivg	1.1.1	0
ENSMUSG00000027434	ENSMUSG00000086509	lncgDivg	1.1.1	0	ENSG00000125820	ENSG00000258197	lncgDivg	1.1.1	0
ENSMUSG00000027435	ENSMUSG00000087678	lincDivg	1.1.1	25327	ENSG00000125810	ENSG00000230387	lincDivg	n.1.1	92948
ENSMUSG00000027506	ENSMUSG00000103116	lincDivg	1.1.1	57241	ENSG00000076554	ENSG00000253238	lincDivg	n.n.n	34675
ENSMUSG00000027508	ENSMUSG00000120107	lincDivg	1.1.1	19588	ENSG00000076641	ENSG00000289242	lincDivg	1.1.1	49329
ENSMUSG00000027508	ENSMUSG00000120107	lincDivg	1.1.1	19588	ENSG00000076641	ENSG00000253214	lincDivg	n.1.1	37039
ENSMUSG00000027508	ENSMUSG00000089794	lncgDivg	1.1.1	0	ENSG00000076641	ENSG00000254060	lncgDivg	1.1.1	0
ENSMUSG00000027508	ENSMUSG00000089794	lncgDivg	1.1.1	0	ENSG00000076641	ENSG00000254177	lncgDivg	1.1.1	0
ENSMUSG00000027510	ENSMUSG00000087442	lncgDivg	1.1.1	0	ENSG00000132819	ENSG00000218018	lncgDivg	n.1.1	0
ENSMUSG00000027510	ENSMUSG00000092596	lncgDivg	1.1.1	0	ENSG00000132819	ENSG00000218018	lncgDivg	n.1.1	0
ENSMUSG00000027519	ENSMUSG00000121504	lncgDivg	n.n.n	105	ENSG00000124209	ENSG00000291067	lncgDivg	n.n.n	221
ENSMUSG00000027522	ENSMUSG00000120177	lincSS.up	1.1.1	54284	ENSG00000124222	ENSG00000268941	lincSS.up	1.1.1	15515
ENSMUSG00000027522	ENSMUSG00000120177	lincSS.up	1.1.1	54284	ENSG00000124222	ENSG00000254620	lincSS.up	1.1.1	47280
ENSMUSG00000027523	ENSMUSG00000086537	lncgDivg	n.n.1	0	ENSG00000087460	ENSG00000268333	lncgDivg	1.1.1	3189
ENSMUSG00000027523	ENSMUSG00000086537	lncgDivg	n.n.1	0	ENSG00000087460	ENSG00000225806	lncgDivg	n.n.1	0
ENSMUSG00000027523	ENSMUSG00000086537	lncgDivg	n.n.1	0	ENSG00000087460	ENSG00000235590	lncgDivg	n.n.1	0
ENSMUSG00000027523	ENSMUSG00000086537	lncgDivg	n.n.1	0	ENSG00000087460	ENSG00000270951	lncgDivg	1.1.1	0
ENSMUSG00000027524	ENSMUSG00000084795	lincConv	n.1.1	51922	ENSG00000124205	ENSG00000230352	lincConv	1.1.1	34935
ENSMUSG00000027524	ENSMUSG00000084795	lincConv	n.1.1	51922	ENSG00000124205	ENSG00000225129	lincConv	1.1.1	26203
ENSMUSG00000027524	ENSMUSG00000084795	lincConv	n.1.1	51922	ENSG00000124205	ENSG00000286309	lincConv	1.1.1	69504
ENSMUSG00000027524	ENSMUSG00000087215	lincConv	1.1.1	58263	ENSG00000124205	ENSG00000230352	lincConv	1.1.1	34935
ENSMUSG00000027524	ENSMUSG00000087215	lincConv	1.1.1	58263	ENSG00000124205	ENSG00000225129	lincConv	1.1.1	26203
ENSMUSG00000027524	ENSMUSG00000087215	lincConv	1.1.1	58263	ENSG00000124205	ENSG00000286309	lincConv	1.1.1	69504
ENSMUSG00000027551	ENSMUSG00000052368	lincDivg	n.1.1	64438	ENSG00000020256	ENSG00000234948	lincDivg	n.n.1	0
ENSMUSG00000027551	ENSMUSG00000086348	lincDivg	n.1.1	22681	ENSG00000020256	ENSG00000234948	lincDivg	n.n.1	0
ENSMUSG00000027551	ENSMUSG00000120283	lncgDivg	n.1.1	651	ENSG00000020256	ENSG00000287511	lncgDivg	1.1.1	0
ENSMUSG00000027562	ENSMUSG00000098008	lincSS.dw	1.1.1	70431	ENSG00000104267	ENSG00000254380	lincSS.dw	n.1.1	14200
ENSMUSG00000027574	ENSMUSG00000087293	lncgDivg	1.1.1	0	ENSG00000101198	ENSG00000275620	lncgDivg	1.1.1	0
ENSMUSG00000027624	ENSMUSG00000085524	lncgDivg	1.1.1	0	ENSG00000088367	ENSG00000237063	lncgDivg	1.1.1	3312
ENSMUSG00000027624	ENSMUSG00000085524	lncgDivg	1.1.1	0	ENSG00000088367	ENSG00000232406	lncgDivg	n.1.1	0
ENSMUSG00000027624	ENSMUSG00000086872	lncgDivg	1.1.1	0	ENSG00000088367	ENSG00000237063	lncgDivg	1.1.1	3312
ENSMUSG00000027624	ENSMUSG00000086872	lncgDivg	1.1.1	0	ENSG00000088367	ENSG00000232406	lncgDivg	n.1.1	0
ENSMUSG00000027630	ENSMUSG00000106321	lincDivg	1.1.1	78184	ENSG00000177565	ENSG00000203645	lincDivg	1.1.1	66442
ENSMUSG00000027630	ENSMUSG00000106019	lncgDivg	1.1.1	510	ENSG00000177565	ENSG00000231310	lncgDivg	n.n.1	0
ENSMUSG00000027651	ENSMUSG00000100860	lncgDivg	1.1.1	0	ENSG00000101413	ENSG00000277550	lncgDivg	1.1.1	0
ENSMUSG00000027669	ENSMUSG00000102862	lncgDivg	1.1.1	0	ENSG00000114450	ENSG00000242539	lncgDivg	n.1.1	0
ENSMUSG00000027669	ENSMUSG00000102862	lncgDivg	1.1.1	0	ENSG00000114450	ENSG00000272699	lncgDivg	1.1.1	0
ENSMUSG00000027674	ENSMUSG00000087625	lncgDivg	1.1.1	0	ENSG00000114757	ENSG00000243799	lncgDivg	1.1.1	0
ENSMUSG00000027674	ENSMUSG00000087625	lncgDivg	1.1.1	0	ENSG00000114757	ENSG00000244302	lncgDivg	1.1.1	0
ENSMUSG00000027674	ENSMUSG00000087625	lncgDivg	1.1.1	0	ENSG00000114757	ENSG00000287645	lncgDivg	1.1.1	0
ENSMUSG00000027676	ENSMUSG00000105286	lncgDivg	1.1.1	0	ENSG00000284862	ENSG00000243187	lncgDivg	1.1.1	0
ENSMUSG00000027680	ENSMUSG00000105535	lncgDivg	1.1.1	61	ENSG00000114416	ENSG00000285336	lncgDivg	n.1.1	0
ENSMUSG00000027684	ENSMUSG00000102590	lincConv	n.1.1	27097	ENSG00000085276	ENSG00000241383	lincConv	n.1.1	45083
ENSMUSG00000027684	ENSMUSG00000085702	lncgDivg	n.n.1	0	ENSG00000085276	ENSG00000241479	lncgDivg	1.1.1	0
ENSMUSG00000027684	ENSMUSG00000102256	lncgSS.up	1.1.1	4689	ENSG00000085276	ENSG00000242795	lncgSS.up	1.1.1	0
ENSMUSG00000027690	ENSMUSG00000091329	lncgConv	n.n.n	0	ENSG00000163581	ENSG00000286856	lncgConv	1.1.1	0
ENSMUSG00000027692	ENSMUSG00000120615	lncgDivg	1.1.1	0	ENSG00000154310	ENSG00000240497	lncgDivg	n.n.1	0
ENSMUSG00000027706	ENSMUSG00000097786	lncgDivg	n.n.1	0	ENSG00000008952	ENSG00000239219	lncgDivg	n.n.n	0
ENSMUSG00000027706	ENSMUSG00000097786	lncgDivg	n.n.1	0	ENSG00000008952	ENSG00000240373	lncgDivg	1.1.1	0
ENSMUSG00000027709	ENSMUSG00000086392	lncgDivg	n.1.n	0	ENSG00000078070	ENSG00000243368	lncgDivg	1.1.1	0
ENSMUSG00000027718	ENSMUSG00000086517	lncgDivg	1.1.1	0	ENSG00000138684	ENSG00000227145	lncgDivg	n.1.1	0
ENSMUSG00000027737	ENSMUSG00000102715	lincSS.up	n.1.1	72785	ENSG00000151012	ENSG00000248397	lincSS.up	1.1.1	56507
ENSMUSG00000027737	ENSMUSG00000102715	lincSS.up	n.1.1	72785	ENSG00000151012	ENSG00000249091	lincSS.up	1.1.1	34766
ENSMUSG00000027776	ENSMUSG00000102936	lincSS.dw	1.1.1	62948	ENSG00000168811	ENSG00000242107	lincSS.dw	1.1.1	20005
ENSMUSG00000027784	ENSMUSG00000120717	lncgDivg	1.1.1	371	ENSG00000163590	ENSG00000260572	lncgDivg	1.1.1	460
ENSMUSG00000027799	ENSMUSG00000104677	lncgDivg	n.n.1	0	ENSG00000172915	ENSG00000287650	lncgDivg	1.1.1	0
ENSMUSG00000027822	ENSMUSG00000097724	lncgDivg	n.1.1	0	ENSG00000169359	ENSG00000286585	lncgDivg	n.1.1	296
ENSMUSG00000027827	ENSMUSG00000104093	lncgDivg	n.n.1	0	ENSG00000169282	ENSG00000272990	lncgDivg	1.1.1	0
ENSMUSG00000027827	ENSMUSG00000104093	lncgDivg	n.n.1	0	ENSG00000169282	ENSG00000240596	lncgDivg	1.1.1	0
ENSMUSG00000027827	ENSMUSG00000104093	lncgDivg	n.n.1	0	ENSG00000169282	ENSG00000242370	lncgDivg	1.1.1	0
ENSMUSG00000027827	ENSMUSG00000090120	lncgDivg	1.1.1	0	ENSG00000169282	ENSG00000272990	lncgDivg	1.1.1	0
ENSMUSG00000027827	ENSMUSG00000090120	lncgDivg	1.1.1	0	ENSG00000169282	ENSG00000240596	lncgDivg	1.1.1	0
ENSMUSG00000027827	ENSMUSG00000090120	lncgDivg	1.1.1	0	ENSG00000169282	ENSG00000242370	lncgDivg	1.1.1	0
ENSMUSG00000027829	ENSMUSG00000103041	lncgDivg	1.1.1	0	ENSG00000163660	ENSG00000241770	lncgDivg	1.1.1	2692
ENSMUSG00000027859	ENSMUSG00000105966	lincSS.up	1.1.1	98982	ENSG00000134259	ENSG00000287103	lincSS.up	1.1.1	17894
ENSMUSG00000027859	ENSMUSG00000106121	lncgSS.dw	1.1.1	0	ENSG00000134259	ENSG00000285698	lncgSS.dw	1.1.1	2141
ENSMUSG00000027867	ENSMUSG00000085244	lncgDivg	n.1.1	0	ENSG00000155761	ENSG00000287980	lncgDivg	1.1.1	121
ENSMUSG00000027870	ENSMUSG00000085121	lincSS.up	1.1.1	44410	ENSG00000116882	ENSG00000232650	lincSS.up	n.1.1	12597
ENSMUSG00000027889	ENSMUSG00000056411	lncgDivg	n.1.1	0	ENSG00000116337	ENSG00000228703	lncgDivg	1.1.1	0
ENSMUSG00000027947	ENSMUSG00000105941	lncgDivg	1.1.1	0	ENSG00000160712	ENSG00000228013	lncgDivg	1.1.1	0
ENSMUSG00000027955	ENSMUSG00000102191	lncgDivg	n.1.1	0	ENSG00000164125	ENSG00000248429	lncgDivg	n.n.n	0
ENSMUSG00000027962	ENSMUSG00000097362	lincDivg	1.1.1	20791	ENSG00000162692	ENSG00000230402	lincDivg	1.1.1	79129
ENSMUSG00000027978	ENSMUSG00000104960	lncgConv	n.1.1	948	ENSG00000164099	ENSG00000269893	lncgConv	n.n.1	0
ENSMUSG00000027981	ENSMUSG00000121018	lncgDivg	1.1.1	0	ENSG00000185946	ENSG00000224613	lncgDivg	n.1.1	180
ENSMUSG00000027983	ENSMUSG00000097761	lncgDivg	1.1.1	0	ENSG00000155016	ENSG00000249604	lncgDivg	1.1.1	0
ENSMUSG00000027985	ENSMUSG00000106086	lncgDivg	1.1.1	0	ENSG00000138795	ENSG00000232021	lncgDivg	n.n.1	0
ENSMUSG00000028015	ENSMUSG00000056023	lincDivg	n.1.1	8138	ENSG00000256043	ENSG00000289320	lincDivg	n.1.1	27026
ENSMUSG00000028019	ENSMUSG00000085106	lncgDivg	1.1.1	0	ENSG00000145431	ENSG00000248629	lncgDivg	1.1.1	0
ENSMUSG00000028023	ENSMUSG00000098515	lncgSS.dw	1.1.1	0	ENSG00000164093	ENSG00000250103	lncgSS.dw	n.1.1	1820
ENSMUSG00000028042	ENSMUSG00000074466	lncgDivg	n.n.1	0	ENSG00000160685	ENSG00000289103	lncgDivg	1.1.1	522
ENSMUSG00000028059	ENSMUSG00000093390	lncgDivg	1.1.1	0	ENSG00000116584	ENSG00000273002	lncgDivg	1.1.1	0
ENSMUSG00000028059	ENSMUSG00000093390	lncgDivg	1.1.1	0	ENSG00000116584	ENSG00000224276	lncgDivg	1.1.1	0
ENSMUSG00000028059	ENSMUSG00000093390	lncgDivg	1.1.1	0	ENSG00000116584	ENSG00000285677	lncgDivg	n.1.n	0
ENSMUSG00000028080	ENSMUSG00000104108	lncgDivg	1.1.1	0	ENSG00000198589	ENSG00000249690	lncgDivg	1.1.1	0
ENSMUSG00000028121	ENSMUSG00000104554	lncgDivg	n.1.1	0	ENSG00000137936	ENSG00000260464	lncgDivg	1.1.1	24
ENSMUSG00000028121	ENSMUSG00000104554	lncgDivg	n.1.1	0	ENSG00000137936	ENSG00000224093	lncgDivg	n.n.1	0
ENSMUSG00000028121	ENSMUSG00000104574	lncgDivg	1.1.1	0	ENSG00000137936	ENSG00000260464	lncgDivg	1.1.1	24
ENSMUSG00000028121	ENSMUSG00000104574	lncgDivg	1.1.1	0	ENSG00000137936	ENSG00000224093	lncgDivg	n.n.1	0
ENSMUSG00000028128	ENSMUSG00000074248	lincSS.up	1.1.1	40555	ENSG00000117525	ENSG00000223675	lincSS.up	1.1.1	43797
ENSMUSG00000028149	ENSMUSG00000120160	lncgDivg	1.1.1	247	ENSG00000138698	ENSG00000214559	lncgDivg	1.1.1	0
ENSMUSG00000028149	ENSMUSG00000120160	lncgDivg	1.1.1	247	ENSG00000138698	ENSG00000289532	lncgDivg	1.1.1	169
ENSMUSG00000028161	ENSMUSG00000120358	lncgDivg	1.1.1	189	ENSG00000138814	ENSG00000254531	lncgDivg	n.n.1	0
ENSMUSG00000028184	ENSMUSG00000104786	lncgDivg	1.1.1	0	ENSG00000117114	ENSG00000236676	lncgDivg	1.1.1	0
ENSMUSG00000028184	ENSMUSG00000104786	lncgDivg	1.1.1	0	ENSG00000117114	ENSG00000234953	lncgDivg	1.1.1	0
ENSMUSG00000028274	ENSMUSG00000086127	lncgDivg	1.1.1	174	ENSG00000111880	ENSG00000289931	lncgDivg	1.1.1	206
ENSMUSG00000028289	ENSMUSG00000086774	lncgDivg	1.1.1	0	ENSG00000135333	ENSG00000289081	lncgDivg	1.1.1	134
ENSMUSG00000028289	ENSMUSG00000086774	lncgDivg	1.1.1	0	ENSG00000135333	ENSG00000287683	lncgDivg	1.1.1	0
ENSMUSG00000028312	ENSMUSG00000085763	lncgDivg	1.1.1	278	ENSG00000136824	ENSG00000270332	lncgDivg	n.1.1	1187
ENSMUSG00000028339	ENSMUSG00000087500	lncgDivg	1.1.1	0	ENSG00000204291	ENSG00000270412	lncgDivg	1.1.1	0
ENSMUSG00000028341	ENSMUSG00000120048	lncgDivg	1.1.1	2238	ENSG00000119508	ENSG00000237461	lncgDivg	n.1.1	1934
ENSMUSG00000028385	ENSMUSG00000073843	lncgDivg	1.1.1	0	ENSG00000148158	ENSG00000226609	lncgDivg	n.1.1	195
ENSMUSG00000028399	ENSMUSG00000092492	lncgDivg	n.n.1	0	ENSG00000153707	ENSG00000234021	lncgDivg	1.1.1	0
ENSMUSG00000028399	ENSMUSG00000092492	lncgDivg	n.n.1	0	ENSG00000153707	ENSG00000225706	lncgDivg	n.1.1	0
ENSMUSG00000028399	ENSMUSG00000092492	lncgDivg	n.n.1	0	ENSG00000153707	ENSG00000230920	lncgDivg	1.1.1	0
ENSMUSG00000028399	ENSMUSG00000092492	lncgDivg	n.n.1	0	ENSG00000153707	ENSG00000226717	lncgDivg	1.1.1	200
ENSMUSG00000028399	ENSMUSG00000110373	lncgDivg	1.1.1	0	ENSG00000153707	ENSG00000234021	lncgDivg	1.1.1	0
ENSMUSG00000028399	ENSMUSG00000110373	lncgDivg	1.1.1	0	ENSG00000153707	ENSG00000225706	lncgDivg	n.1.1	0
ENSMUSG00000028399	ENSMUSG00000110373	lncgDivg	1.1.1	0	ENSG00000153707	ENSG00000230920	lncgDivg	1.1.1	0
ENSMUSG00000028399	ENSMUSG00000110373	lncgDivg	1.1.1	0	ENSG00000153707	ENSG00000226717	lncgDivg	1.1.1	200
ENSMUSG00000028412	ENSMUSG00000086267	lincDivg	1.1.1	36383	ENSG00000070214	ENSG00000286536	lincDivg	1.1.1	5401
ENSMUSG00000028445	ENSMUSG00000084761	lncgDivg	1.1.1	0	ENSG00000168913	ENSG00000230729	lncgDivg	1.1.1	0
ENSMUSG00000028445	ENSMUSG00000087054	lncgDivg	1.1.1	1861	ENSG00000168913	ENSG00000230729	lncgDivg	1.1.1	0
ENSMUSG00000028487	ENSMUSG00000086413	lincDivg	1.1.1	66200	ENSG00000173068	ENSG00000237153	lincDivg	n.n.n	46668
ENSMUSG00000028514	ENSMUSG00000120027	lncgDivg	1.1.1	11	ENSG00000162402	ENSG00000231090	lncgDivg	n.1.1	2267
ENSMUSG00000028528	ENSMUSG00000120834	lncgDivg	1.1.1	0	ENSG00000116675	ENSG00000229294	lncgDivg	1.1.1	0
ENSMUSG00000028538	ENSMUSG00000086554	lncgDivg	n.1.1	0	ENSG00000126091	ENSG00000229444	lncgDivg	1.1.1	0
ENSMUSG00000028550	ENSMUSG00000070891	lincSS.dw	1.1.1	36113	ENSG00000125703	ENSG00000234318	lincSS.dw	1.1.1	30493
ENSMUSG00000028551	ENSMUSG00000120189	lncgDivg	1.1.1	0	ENSG00000123080	ENSG00000290102	lncgDivg	1.1.1	0
ENSMUSG00000028555	ENSMUSG00000085873	lncgDivg	n.1.1	2411	ENSG00000085831	ENSG00000261664	lncgDivg	n.n.1	0
ENSMUSG00000028556	ENSMUSG00000087395	lncgDivg	1.1.1	0	ENSG00000116641	ENSG00000235545	lncgDivg	1.1.1	96
ENSMUSG00000028573	ENSMUSG00000084939	lincDivg	1.1.1	70070	ENSG00000172456	ENSG00000270457	lincDivg	1.1.1	6998
ENSMUSG00000028573	ENSMUSG00000085835	lincSS.up	1.1.1	70106	ENSG00000172456	ENSG00000237352	lincSS.up	n.1.1	56083
ENSMUSG00000028613	ENSMUSG00000087195	lincSS.up	1.1.1	31268	ENSG00000157193	ENSG00000230138	lincSS.up	n.1.1	38187
ENSMUSG00000028613	ENSMUSG00000087195	lincSS.up	1.1.1	31268	ENSG00000157193	ENSG00000226938	lincSS.up	1.1.1	20019
ENSMUSG00000028613	ENSMUSG00000087289	lincSS.up	n.1.1	11947	ENSG00000157193	ENSG00000230138	lincSS.up	n.1.1	38187
ENSMUSG00000028613	ENSMUSG00000087289	lincSS.up	n.1.1	11947	ENSG00000157193	ENSG00000226938	lincSS.up	1.1.1	20019
ENSMUSG00000028613	ENSMUSG00000028612	lncgDivg	n.1.1	0	ENSG00000157193	ENSG00000234578	lncgDivg	1.1.1	0
ENSMUSG00000028613	ENSMUSG00000028612	lncgDivg	n.1.1	0	ENSG00000157193	ENSG00000232762	lncgDivg	1.1.1	0
ENSMUSG00000028613	ENSMUSG00000028612	lncgDivg	n.1.1	0	ENSG00000157193	ENSG00000225675	lncgDivg	1.1.1	0
ENSMUSG00000028613	ENSMUSG00000028612	lncgDivg	n.1.1	0	ENSG00000157193	ENSG00000228838	lncgDivg	1.1.1	0
ENSMUSG00000028613	ENSMUSG00000087200	lncgDivg	1.1.1	0	ENSG00000157193	ENSG00000234578	lncgDivg	1.1.1	0
ENSMUSG00000028613	ENSMUSG00000087200	lncgDivg	1.1.1	0	ENSG00000157193	ENSG00000232762	lncgDivg	1.1.1	0
ENSMUSG00000028613	ENSMUSG00000087200	lncgDivg	1.1.1	0	ENSG00000157193	ENSG00000225675	lncgDivg	1.1.1	0
ENSMUSG00000028613	ENSMUSG00000087200	lncgDivg	1.1.1	0	ENSG00000157193	ENSG00000228838	lncgDivg	1.1.1	0
ENSMUSG00000028613	ENSMUSG00000073779	lncgDivg	n.1.1	0	ENSG00000157193	ENSG00000234578	lncgDivg	1.1.1	0
ENSMUSG00000028613	ENSMUSG00000073779	lncgDivg	n.1.1	0	ENSG00000157193	ENSG00000232762	lncgDivg	1.1.1	0
ENSMUSG00000028613	ENSMUSG00000073779	lncgDivg	n.1.1	0	ENSG00000157193	ENSG00000225675	lncgDivg	1.1.1	0
ENSMUSG00000028613	ENSMUSG00000073779	lncgDivg	n.1.1	0	ENSG00000157193	ENSG00000228838	lncgDivg	1.1.1	0
ENSMUSG00000028630	ENSMUSG00000112854	lincSS.up	1.1.1	50172	ENSG00000127334	ENSG00000203585	lincSS.up	n.1.1	57567
ENSMUSG00000028634	ENSMUSG00000120931	lncgDivg	1.1.1	0	ENSG00000127124	ENSG00000230881	lncgDivg	1.1.1	0
ENSMUSG00000028634	ENSMUSG00000120931	lncgDivg	1.1.1	0	ENSG00000127124	ENSG00000287587	lncgDivg	1.1.1	218
ENSMUSG00000028645	ENSMUSG00000085505	lncgConv	1.1.1	0	ENSG00000117394	ENSG00000288955	lncgConv	1.1.1	0
ENSMUSG00000028645	ENSMUSG00000086683	lncgDivg	1.1.1	0	ENSG00000117394	ENSG00000227533	lncgDivg	n.1.1	156
ENSMUSG00000028645	ENSMUSG00000120599	lncgSS.up	1.1.1	1382	ENSG00000117394	ENSG00000283973	lncgSS.up	n.1.1	172
ENSMUSG00000028649	ENSMUSG00000087307	lncgDivg	n.1.1	0	ENSG00000127603	ENSG00000287422	lncgDivg	1.1.1	0
ENSMUSG00000028649	ENSMUSG00000087307	lncgDivg	n.1.1	0	ENSG00000127603	ENSG00000226438	lncgDivg	1.1.1	0
ENSMUSG00000028760	ENSMUSG00000084804	lncgDivg	1.1.1	0	ENSG00000075151	ENSG00000287192	lncgDivg	1.1.1	0
ENSMUSG00000028784	ENSMUSG00000086369	lincSS.up	n.1.1	20110	ENSG00000134668	ENSG00000203620	lincSS.up	1.1.1	25997
ENSMUSG00000028788	ENSMUSG00000121033	lncgDivg	1.1.1	237	ENSG00000184007	ENSG00000228634	lncgDivg	1.1.1	0
ENSMUSG00000028804	ENSMUSG00000087459	lncgDivg	n.1.1	0	ENSG00000121904	ENSG00000231163	lncgDivg	n.1.1	0
ENSMUSG00000028894	ENSMUSG00000086589	lncgDivg	1.1.1	0	ENSG00000204084	ENSG00000230955	lncgDivg	1.1.1	0
ENSMUSG00000028898	ENSMUSG00000086290	lncgConv	n.1.1	312	ENSG00000180098	ENSG00000197989	lncgConv	n.n.1	0
ENSMUSG00000028899	ENSMUSG00000120711	lncgDivg	1.1.1	77	ENSG00000120656	ENSG00000270103	lncgDivg	1.1.1	309
ENSMUSG00000028899	ENSMUSG00000120711	lncgDivg	1.1.1	77	ENSG00000120656	ENSG00000229388	lncgDivg	n.1.1	0
ENSMUSG00000028917	ENSMUSG00000120187	lncgDivg	n.1.1	0	ENSG00000116786	ENSG00000271742	lncgDivg	1.1.1	1192
ENSMUSG00000028944	ENSMUSG00000059631	lncgDivg	n.n.1	0	ENSG00000106617	ENSG00000290095	lncgDivg	n.1.1	0
ENSMUSG00000028944	ENSMUSG00000059631	lncgDivg	n.n.1	0	ENSG00000106617	ENSG00000239911	lncgDivg	n.n.1	0
ENSMUSG00000028944	ENSMUSG00000059631	lncgDivg	n.n.1	0	ENSG00000106617	ENSG00000242048	lncgDivg	n.1.1	0
ENSMUSG00000028944	ENSMUSG00000086446	lncgDivg	1.1.1	0	ENSG00000106617	ENSG00000290095	lncgDivg	n.1.1	0
ENSMUSG00000028944	ENSMUSG00000086446	lncgDivg	1.1.1	0	ENSG00000106617	ENSG00000239911	lncgDivg	n.n.1	0
ENSMUSG00000028944	ENSMUSG00000086446	lncgDivg	1.1.1	0	ENSG00000106617	ENSG00000242048	lncgDivg	n.1.1	0
ENSMUSG00000028944	ENSMUSG00000087314	lncgDivg	1.1.1	0	ENSG00000106617	ENSG00000290095	lncgDivg	n.1.1	0
ENSMUSG00000028944	ENSMUSG00000087314	lncgDivg	1.1.1	0	ENSG00000106617	ENSG00000239911	lncgDivg	n.n.1	0
ENSMUSG00000028944	ENSMUSG00000087314	lncgDivg	1.1.1	0	ENSG00000106617	ENSG00000242048	lncgDivg	n.1.1	0
ENSMUSG00000028944	ENSMUSG00000043833	lncgDivg	n.1.1	289	ENSG00000106617	ENSG00000290095	lncgDivg	n.1.1	0
ENSMUSG00000028944	ENSMUSG00000043833	lncgDivg	n.1.1	289	ENSG00000106617	ENSG00000239911	lncgDivg	n.n.1	0
ENSMUSG00000028944	ENSMUSG00000043833	lncgDivg	n.1.1	289	ENSG00000106617	ENSG00000242048	lncgDivg	n.1.1	0
ENSMUSG00000028967	ENSMUSG00000078492	lncgDivg	1.1.1	0	ENSG00000116285	ENSG00000238290	lncgDivg	1.1.1	429
ENSMUSG00000028998	ENSMUSG00000097180	lincDivg	n.1.1	6372	ENSG00000196683	ENSG00000228649	lincDivg	n.n.n	31914
ENSMUSG00000029004	ENSMUSG00000073147	lncgDivg	n.1.1	101	ENSG00000005483	ENSG00000228393	lncgDivg	n.n.1	0
ENSMUSG00000029004	ENSMUSG00000073147	lncgDivg	n.1.1	101	ENSG00000005483	ENSG00000272918	lncgDivg	1.1.1	0
ENSMUSG00000029004	ENSMUSG00000073147	lncgDivg	n.1.1	101	ENSG00000005483	ENSG00000239569	lncgDivg	n.n.1	0
ENSMUSG00000029026	ENSMUSG00000087071	lncgDivg	1.1.1	0	ENSG00000078900	ENSG00000235131	lncgDivg	1.1.1	0
ENSMUSG00000029026	ENSMUSG00000087071	lncgDivg	1.1.1	0	ENSG00000078900	ENSG00000227589	lncgDivg	1.1.1	0
ENSMUSG00000029053	ENSMUSG00000098729	lncgDivg	1.1.1	0	ENSG00000067606	ENSG00000271806	lncgDivg	1.1.1	0
ENSMUSG00000029053	ENSMUSG00000098729	lncgDivg	1.1.1	0	ENSG00000067606	ENSG00000182873	lncgDivg	n.n.1	0
ENSMUSG00000029053	ENSMUSG00000098729	lncgDivg	1.1.1	0	ENSG00000067606	ENSG00000226969	lncgDivg	n.1.1	341
ENSMUSG00000029055	ENSMUSG00000073686	lncgDivg	1.1.1	0	ENSG00000149527	ENSG00000224387	lncgDivg	1.1.1	0
ENSMUSG00000029055	ENSMUSG00000073686	lncgDivg	1.1.1	0	ENSG00000149527	ENSG00000229393	lncgDivg	1.1.1	0
ENSMUSG00000029074	ENSMUSG00000086549	lncgSS.up	1.1.1	0	ENSG00000162571	ENSG00000272141	lncgSS.up	1.1.1	3537
ENSMUSG00000029088	ENSMUSG00000093502	lncgDivg	1.1.1	0	ENSG00000185774	ENSG00000250243	lncgDivg	n.1.1	0
ENSMUSG00000029088	ENSMUSG00000093502	lncgDivg	1.1.1	0	ENSG00000185774	ENSG00000272995	lncgDivg	1.1.1	0
ENSMUSG00000029088	ENSMUSG00000093502	lncgDivg	1.1.1	0	ENSG00000185774	ENSG00000248343	lncgDivg	1.1.1	0
ENSMUSG00000029088	ENSMUSG00000093502	lncgDivg	1.1.1	0	ENSG00000185774	ENSG00000250092	lncgDivg	1.1.1	0
ENSMUSG00000029088	ENSMUSG00000093502	lncgDivg	1.1.1	0	ENSG00000185774	ENSG00000250039	lncgDivg	n.1.1	243
ENSMUSG00000029108	ENSMUSG00000097216	lncgDivg	n.n.1	0	ENSG00000169851	ENSG00000249678	lncgDivg	1.1.1	0
ENSMUSG00000029108	ENSMUSG00000097216	lncgDivg	n.n.1	0	ENSG00000169851	ENSG00000286596	lncgDivg	1.1.1	0
ENSMUSG00000029130	ENSMUSG00000119967	lncgDivg	1.1.1	151	ENSG00000105982	ENSG00000224903	lncgDivg	n.n.1	0
ENSMUSG00000029130	ENSMUSG00000119967	lncgDivg	1.1.1	151	ENSG00000105982	ENSG00000182648	lncgDivg	n.n.1	0
ENSMUSG00000029166	ENSMUSG00000087258	lncgDivg	1.1.1	0	ENSG00000084764	ENSG00000205500	lncgDivg	n.1.1	0
ENSMUSG00000029178	ENSMUSG00000097640	lncgDivg	n.n.1	0	ENSG00000109787	ENSG00000231160	lncgDivg	n.n.1	0
ENSMUSG00000029188	ENSMUSG00000106538	lincSS.up	1.1.1	42328	ENSG00000157765	ENSG00000248545	lincSS.up	n.1.1	28543
ENSMUSG00000029190	ENSMUSG00000120374	lincSS.up	1.1.1	14979	ENSG00000170871	ENSG00000287331	lincSS.up	1.1.1	13715
ENSMUSG00000029204	ENSMUSG00000120641	lincSS.dw	1.1.1	13998	ENSG00000168421	ENSG00000250338	lincSS.dw	1.1.1	18505
ENSMUSG00000029223	ENSMUSG00000087601	lncgDivg	n.n.1	0	ENSG00000154277	ENSG00000251173	lncgDivg	n.1.1	0
ENSMUSG00000029228	ENSMUSG00000121106	lncgDivg	n.1.1	0	ENSG00000072201	ENSG00000249341	lncgDivg	n.n.1	0
ENSMUSG00000029228	ENSMUSG00000121106	lncgDivg	n.1.1	0	ENSG00000072201	ENSG00000250930	lncgDivg	n.n.1	0
ENSMUSG00000029228	ENSMUSG00000085657	lncgDivg	n.n.1	0	ENSG00000072201	ENSG00000249341	lncgDivg	n.n.1	0
ENSMUSG00000029228	ENSMUSG00000085657	lncgDivg	n.n.1	0	ENSG00000072201	ENSG00000250930	lncgDivg	n.n.1	0
ENSMUSG00000029238	ENSMUSG00000098449	lncgDivg	1.1.1	84	ENSG00000134852	ENSG00000272969	lncgDivg	1.1.1	203
ENSMUSG00000029245	ENSMUSG00000106598	lincDivg	1.1.1	11423	ENSG00000145242	ENSG00000248479	lincDivg	1.1.1	31707
ENSMUSG00000029246	ENSMUSG00000121495	lncgDivg	n.1.1	0	ENSG00000128059	ENSG00000290817	lncgDivg	1.1.1	0
ENSMUSG00000029246	ENSMUSG00000121495	lncgDivg	n.1.1	0	ENSG00000128059	ENSG00000270147	lncgDivg	1.1.1	0
ENSMUSG00000029291	ENSMUSG00000120316	lncgDivg	1.1.1	141	ENSG00000018189	ENSG00000272986	lncgDivg	1.1.1	0
ENSMUSG00000029314	ENSMUSG00000106255	lincConv	1.1.1	10899	ENSG00000138678	ENSG00000249171	lincConv	1.1.1	62635
ENSMUSG00000029363	ENSMUSG00000086075	lncgDivg	n.1.1	168	ENSG00000111445	ENSG00000277873	lncgDivg	1.1.1	0
ENSMUSG00000029397	ENSMUSG00000107301	lincSS.dw	1.1.1	35501	ENSG00000163743	ENSG00000248646	lincSS.dw	1.1.1	44584
ENSMUSG00000029406	ENSMUSG00000090220	lncgDivg	1.1.1	0	ENSG00000090975	ENSG00000251497	lncgDivg	n.1.1	0
ENSMUSG00000029406	ENSMUSG00000105759	lncgDivg	1.1.1	0	ENSG00000090975	ENSG00000251497	lncgDivg	n.1.1	0
ENSMUSG00000029406	ENSMUSG00000089842	lncgDivg	n.1.1	0	ENSG00000090975	ENSG00000251497	lncgDivg	n.1.1	0
ENSMUSG00000029415	ENSMUSG00000106698	lncgDivg	1.1.1	0	ENSG00000198301	ENSG00000245928	lncgDivg	1.1.1	0
ENSMUSG00000029420	ENSMUSG00000105271	lncgDivg	1.1.1	0	ENSG00000060709	ENSG00000256343	lncgDivg	n.1.1	0
ENSMUSG00000029420	ENSMUSG00000106522	lncgSS.up	1.1.1	0	ENSG00000060709	ENSG00000256064	lncgSS.up	1.1.1	0
ENSMUSG00000029438	ENSMUSG00000087336	lncgDivg	n.n.1	0	ENSG00000110987	ENSG00000255856	lncgDivg	n.n.1	0
ENSMUSG00000029438	ENSMUSG00000104830	lncgSS.dw	n.1.1	0	ENSG00000110987	ENSG00000256546	lncgSS.dw	n.1.1	1262
ENSMUSG00000029440	ENSMUSG00000104606	lncgDivg	1.1.1	0	ENSG00000110801	ENSG00000287493	lncgDivg	1.1.1	89
ENSMUSG00000029449	ENSMUSG00000104156	lncgDivg	n.1.1	1247	ENSG00000139725	ENSG00000274292	lncgDivg	1.1.1	0
ENSMUSG00000029449	ENSMUSG00000104156	lncgDivg	n.1.1	1247	ENSG00000139725	ENSG00000272849	lncgDivg	1.1.1	0
ENSMUSG00000029467	ENSMUSG00000120573	lncgDivg	1.1.1	228	ENSG00000174437	ENSG00000289311	lncgDivg	1.1.1	241
ENSMUSG00000029475	ENSMUSG00000056735	lncgDivg	n.n.1	0	ENSG00000089094	ENSG00000256742	lncgDivg	1.1.1	0
ENSMUSG00000029478	ENSMUSG00000105604	lncgDivg	1.1.1	0	ENSG00000196498	ENSG00000214650	lncgDivg	n.1.1	0
ENSMUSG00000029478	ENSMUSG00000106663	lncgDivg	1.1.1	0	ENSG00000196498	ENSG00000214650	lncgDivg	n.1.1	0
ENSMUSG00000029484	ENSMUSG00000105283	lincConv	n.1.1	63740	ENSG00000138772	ENSG00000287632	lincConv	1.1.1	59239
ENSMUSG00000029484	ENSMUSG00000106319	lincSS.dw	1.1.1	33376	ENSG00000138772	ENSG00000251442	lincSS.dw	n.1.1	28329
ENSMUSG00000029516	ENSMUSG00000120953	lncgDivg	n.1.1	0	ENSG00000122966	ENSG00000255692	lncgDivg	1.1.1	0
ENSMUSG00000029518	ENSMUSG00000107121	lncgDivg	1.1.1	90	ENSG00000111737	ENSG00000277283	lncgDivg	1.1.1	0
ENSMUSG00000029534	ENSMUSG00000097700	lncgDivg	1.1.1	0	ENSG00000004866	ENSG00000226367	lncgDivg	n.n.1	0
ENSMUSG00000029534	ENSMUSG00000097700	lncgDivg	1.1.1	0	ENSG00000004866	ENSG00000228368	lncgDivg	1.1.1	0
ENSMUSG00000029534	ENSMUSG00000097700	lncgDivg	1.1.1	0	ENSG00000004866	ENSG00000227199	lncgDivg	1.1.1	0
ENSMUSG00000029534	ENSMUSG00000097700	lncgDivg	1.1.1	0	ENSG00000004866	ENSG00000287829	lncgDivg	1.1.1	0
ENSMUSG00000029554	ENSMUSG00000087248	lncgDivg	n.1.1	0	ENSG00000002822	ENSG00000176349	lncgDivg	n.1.1	0
ENSMUSG00000029554	ENSMUSG00000085673	lncgDivg	1.1.1	0	ENSG00000002822	ENSG00000176349	lncgDivg	n.1.1	0
ENSMUSG00000029554	ENSMUSG00000087606	lncgDivg	1.1.1	0	ENSG00000002822	ENSG00000176349	lncgDivg	n.1.1	0
ENSMUSG00000029556	ENSMUSG00000086140	lncgDivg	1.1.1	0	ENSG00000135100	ENSG00000241388	lncgDivg	n.n.1	0
ENSMUSG00000029556	ENSMUSG00000086054	lncgDivg	n.1.1	0	ENSG00000135100	ENSG00000241388	lncgDivg	n.n.1	0
ENSMUSG00000029594	ENSMUSG00000097368	lncgDivg	n.1.1	0	ENSG00000122965	ENSG00000287229	lncgDivg	1.1.1	0
ENSMUSG00000029594	ENSMUSG00000097368	lncgDivg	n.1.1	0	ENSG00000122965	ENSG00000257359	lncgDivg	1.1.1	0
ENSMUSG00000029595	ENSMUSG00000098649	lncgDivg	n.1.1	0	ENSG00000089116	ENSG00000257935	lncgDivg	n.n.1	0
ENSMUSG00000029638	ENSMUSG00000087305	lncgDivg	n.n.n	0	ENSG00000106415	ENSG00000233108	lncgDivg	1.1.1	0
ENSMUSG00000029640	ENSMUSG00000120417	lincSS.dw	1.1.1	47296	ENSG00000152484	ENSG00000283579	lincSS.dw	1.1.1	74160
ENSMUSG00000029640	ENSMUSG00000104845	lncgDivg	1.1.1	912	ENSG00000152484	ENSG00000230641	lncgDivg	1.1.1	448
ENSMUSG00000029640	ENSMUSG00000104845	lncgDivg	1.1.1	912	ENSG00000152484	ENSG00000232162	lncgDivg	1.1.1	0
ENSMUSG00000029644	ENSMUSG00000092570	lncgDivg	n.1.1	0	ENSG00000139515	ENSG00000247381	lncgDivg	1.1.1	2702
ENSMUSG00000029651	ENSMUSG00000085565	lncgDivg	1.1.1	154	ENSG00000132938	ENSG00000179141	lncgDivg	n.n.1	0
ENSMUSG00000029651	ENSMUSG00000085565	lncgDivg	1.1.1	154	ENSG00000132938	ENSG00000236758	lncgDivg	n.1.1	0
ENSMUSG00000029659	ENSMUSG00000107271	lincSS.up	n.1.1	18153	ENSG00000102802	ENSG00000236094	lincSS.up	n.1.1	22847
ENSMUSG00000029673	ENSMUSG00000105773	lncgDivg	1.1.1	0	ENSG00000158321	ENSG00000234215	lncgDivg	n.1.1	803
ENSMUSG00000029673	ENSMUSG00000105809	lncgDivg	1.1.1	2712	ENSG00000158321	ENSG00000234215	lncgDivg	n.1.1	803
ENSMUSG00000029673	ENSMUSG00000106395	lncgDivg	1.1.1	0	ENSG00000158321	ENSG00000234215	lncgDivg	n.1.1	803
ENSMUSG00000029673	ENSMUSG00000104987	lncgDivg	1.1.1	0	ENSG00000158321	ENSG00000234215	lncgDivg	n.1.1	803
ENSMUSG00000029673	ENSMUSG00000100420	lncgDivg	1.1.1	1091	ENSG00000158321	ENSG00000234215	lncgDivg	n.1.1	803
ENSMUSG00000029675	ENSMUSG00000107318	lncgDivg	1.1.1	0	ENSG00000049540	ENSG00000232415	lncgDivg	1.1.1	0
ENSMUSG00000029697	ENSMUSG00000120116	lncgDivg	1.1.1	413	ENSG00000128610	ENSG00000230316	lncgDivg	n.n.1	0
ENSMUSG00000029705	ENSMUSG00000086220	lncgDivg	1.1.1	0	ENSG00000257923	ENSG00000261535	lncgDivg	1.1.1	0
ENSMUSG00000029705	ENSMUSG00000086220	lncgDivg	1.1.1	0	ENSG00000257923	ENSG00000259294	lncgDivg	1.1.1	0
ENSMUSG00000029754	ENSMUSG00000090063	lncgConv	n.n.1	0	ENSG00000006377	ENSG00000231764	lncgConv	n.n.1	0
ENSMUSG00000029765	ENSMUSG00000086720	lncgDivg	n.n.1	0	ENSG00000221866	ENSG00000183470	lncgDivg	n.1.1	106
ENSMUSG00000029765	ENSMUSG00000086720	lncgDivg	n.n.1	0	ENSG00000221866	ENSG00000223436	lncgDivg	1.1.1	0
ENSMUSG00000029765	ENSMUSG00000086720	lncgDivg	n.n.1	0	ENSG00000221866	ENSG00000225144	lncgDivg	1.1.1	0
ENSMUSG00000029765	ENSMUSG00000086763	lncgDivg	n.1.1	0	ENSG00000221866	ENSG00000183470	lncgDivg	n.1.1	106
ENSMUSG00000029765	ENSMUSG00000086763	lncgDivg	n.1.1	0	ENSG00000221866	ENSG00000223436	lncgDivg	1.1.1	0
ENSMUSG00000029765	ENSMUSG00000086763	lncgDivg	n.1.1	0	ENSG00000221866	ENSG00000225144	lncgDivg	1.1.1	0
ENSMUSG00000029765	ENSMUSG00000086675	lncgDivg	1.1.1	0	ENSG00000221866	ENSG00000183470	lncgDivg	n.1.1	106
ENSMUSG00000029765	ENSMUSG00000086675	lncgDivg	1.1.1	0	ENSG00000221866	ENSG00000223436	lncgDivg	1.1.1	0
ENSMUSG00000029765	ENSMUSG00000086675	lncgDivg	1.1.1	0	ENSG00000221866	ENSG00000225144	lncgDivg	1.1.1	0
ENSMUSG00000029832	ENSMUSG00000107660	lincSS.up	1.1.1	39879	ENSG00000050344	ENSG00000289053	lincSS.up	n.1.1	34130
ENSMUSG00000029844	ENSMUSG00000087658	lncgDivg	n.n.1	0	ENSG00000105991	ENSG00000233429	lncgDivg	n.n.n	0
ENSMUSG00000029860	ENSMUSG00000108033	lncgDivg	1.1.1	0	ENSG00000159840	ENSG00000232533	lncgDivg	n.1.1	259
ENSMUSG00000030000	ENSMUSG00000107842	lncgDivg	1.1.1	0	ENSG00000075340	ENSG00000286979	lncgDivg	1.1.1	0
ENSMUSG00000030000	ENSMUSG00000107842	lncgDivg	1.1.1	0	ENSG00000075340	ENSG00000235035	lncgDivg	1.1.1	0
ENSMUSG00000030016	ENSMUSG00000107534	lncgSS.dw	1.1.1	0	ENSG00000075292	ENSG00000289463	lncgSS.dw	1.1.1	0
ENSMUSG00000030016	ENSMUSG00000107534	lncgSS.dw	1.1.1	0	ENSG00000075292	ENSG00000281195	lncgSS.dw	1.1.1	0
ENSMUSG00000030022	ENSMUSG00000079462	lncgDivg	1.1.1	0	ENSG00000163638	ENSG00000241158	lncgDivg	n.n.1	0
ENSMUSG00000030022	ENSMUSG00000079462	lncgDivg	1.1.1	0	ENSG00000163638	ENSG00000241684	lncgDivg	n.1.1	0
ENSMUSG00000030022	ENSMUSG00000097462	lncgDivg	n.1.1	0	ENSG00000163638	ENSG00000241158	lncgDivg	n.n.1	0
ENSMUSG00000030022	ENSMUSG00000097462	lncgDivg	n.1.1	0	ENSG00000163638	ENSG00000241684	lncgDivg	n.1.1	0
ENSMUSG00000030022	ENSMUSG00000048636	lncgDivg	n.n.1	0	ENSG00000163638	ENSG00000241158	lncgDivg	n.n.1	0
ENSMUSG00000030022	ENSMUSG00000048636	lncgDivg	n.n.1	0	ENSG00000163638	ENSG00000241684	lncgDivg	n.1.1	0
ENSMUSG00000030031	ENSMUSG00000085413	lncgDivg	1.1.1	0	ENSG00000163376	ENSG00000287873	lncgDivg	1.1.1	287
ENSMUSG00000030058	ENSMUSG00000097763	lncgConv	1.1.1	0	ENSG00000181789	ENSG00000286729	lncgConv	1.1.1	0
ENSMUSG00000030067	ENSMUSG00000121205	lncgDivg	1.1.1	0	ENSG00000114861	ENSG00000277855	lncgDivg	1.1.1	0
ENSMUSG00000030067	ENSMUSG00000121205	lncgDivg	1.1.1	0	ENSG00000114861	ENSG00000274387	lncgDivg	1.1.1	0
ENSMUSG00000030067	ENSMUSG00000121205	lncgDivg	1.1.1	0	ENSG00000114861	ENSG00000244203	lncgDivg	1.1.1	0
ENSMUSG00000030069	ENSMUSG00000097548	lncgDivg	1.1.1	0	ENSG00000163421	ENSG00000287131	lncgDivg	1.1.1	222
ENSMUSG00000030088	ENSMUSG00000089781	lncgDivg	1.1.1	0	ENSG00000144908	ENSG00000246022	lncgDivg	n.n.1	0
ENSMUSG00000030088	ENSMUSG00000089781	lncgDivg	1.1.1	0	ENSG00000144908	ENSG00000250218	lncgDivg	1.1.1	0
ENSMUSG00000030102	ENSMUSG00000107458	lncgDivg	1.1.1	0	ENSG00000150995	ENSG00000231249	lncgDivg	n.1.1	144
ENSMUSG00000030102	ENSMUSG00000107458	lncgDivg	1.1.1	0	ENSG00000150995	ENSG00000235947	lncgDivg	1.1.1	0
ENSMUSG00000030103	ENSMUSG00000120764	lncgDivg	1.1.1	1182	ENSG00000134107	ENSG00000235831	lncgDivg	n.n.n	0
ENSMUSG00000030103	ENSMUSG00000087341	lncgDivg	n.n.1	0	ENSG00000134107	ENSG00000235831	lncgDivg	n.n.n	0
ENSMUSG00000030104	ENSMUSG00000120743	lincConv	n.1.1	59466	ENSG00000134109	ENSG00000230944	lincConv	1.1.1	35577
ENSMUSG00000030105	ENSMUSG00000120580	lncgConv	n.1.1	0	ENSG00000134108	ENSG00000233912	lncgConv	1.1.1	0
ENSMUSG00000030107	ENSMUSG00000107736	lncgConv	1.1.1	0	ENSG00000184979	ENSG00000187979	lncgConv	1.1.1	641
ENSMUSG00000030110	ENSMUSG00000107791	lincDivg	1.1.1	63968	ENSG00000165731	ENSG00000229630	lincDivg	1.1.1	95557
ENSMUSG00000030126	ENSMUSG00000121085	lncgDivg	1.1.1	0	ENSG00000172765	ENSG00000271270	lncgDivg	n.1.1	100
ENSMUSG00000030126	ENSMUSG00000092625	lncgDivg	1.1.1	0	ENSG00000172765	ENSG00000271270	lncgDivg	n.1.1	100
ENSMUSG00000030137	ENSMUSG00000086527	lncgDivg	1.1.1	0	ENSG00000183785	ENSG00000280007	lncgDivg	1.1.1	0
ENSMUSG00000030138	ENSMUSG00000107933	lincSS.dw	1.1.1	74997	ENSG00000165733	ENSG00000234944	lincSS.dw	1.1.1	36584
ENSMUSG00000030161	ENSMUSG00000097675	lncgDivg	n.1.1	0	ENSG00000139112	ENSG00000255958	lncgDivg	1.1.1	0
ENSMUSG00000030168	ENSMUSG00000121153	lncgDivg	1.1.1	0	ENSG00000006831	ENSG00000285627	lncgDivg	1.1.1	0
ENSMUSG00000030172	ENSMUSG00000108282	lncgDivg	1.1.1	0	ENSG00000082805	ENSG00000249028	lncgDivg	1.1.1	0
ENSMUSG00000030203	ENSMUSG00000108196	lncgDivg	1.1.1	0	ENSG00000111266	ENSG00000290048	lncgDivg	1.1.1	0
ENSMUSG00000030203	ENSMUSG00000108196	lncgDivg	1.1.1	0	ENSG00000111266	ENSG00000255670	lncgDivg	1.1.1	0
ENSMUSG00000030209	ENSMUSG00000086614	lncgDivg	1.1.1	0	ENSG00000273079	ENSG00000256306	lncgDivg	n.n.1	0
ENSMUSG00000030209	ENSMUSG00000086614	lncgDivg	1.1.1	0	ENSG00000273079	ENSG00000287928	lncgDivg	1.1.1	0
ENSMUSG00000030209	ENSMUSG00000086614	lncgDivg	1.1.1	0	ENSG00000273079	ENSG00000277935	lncgDivg	1.1.1	0
ENSMUSG00000030209	ENSMUSG00000097496	lncgDivg	1.1.1	0	ENSG00000273079	ENSG00000256306	lncgDivg	n.n.1	0
ENSMUSG00000030209	ENSMUSG00000097496	lncgDivg	1.1.1	0	ENSG00000273079	ENSG00000287928	lncgDivg	1.1.1	0
ENSMUSG00000030209	ENSMUSG00000097496	lncgDivg	1.1.1	0	ENSG00000273079	ENSG00000277935	lncgDivg	1.1.1	0
ENSMUSG00000030209	ENSMUSG00000086239	lncgDivg	1.1.1	0	ENSG00000273079	ENSG00000256306	lncgDivg	n.n.1	0
ENSMUSG00000030209	ENSMUSG00000086239	lncgDivg	1.1.1	0	ENSG00000273079	ENSG00000287928	lncgDivg	1.1.1	0
ENSMUSG00000030209	ENSMUSG00000086239	lncgDivg	1.1.1	0	ENSG00000273079	ENSG00000277935	lncgDivg	1.1.1	0
ENSMUSG00000030226	ENSMUSG00000107675	lncgDivg	1.1.1	0	ENSG00000048540	ENSG00000256564	lncgDivg	1.1.1	0
ENSMUSG00000030226	ENSMUSG00000100166	lncgDivg	1.1.1	0	ENSG00000048540	ENSG00000256564	lncgDivg	1.1.1	0
ENSMUSG00000030226	ENSMUSG00000089957	lncgDivg	n.n.1	0	ENSG00000048540	ENSG00000256564	lncgDivg	1.1.1	0
ENSMUSG00000030249	ENSMUSG00000104234	lncgDivg	1.1.1	0	ENSG00000069431	ENSG00000257022	lncgDivg	1.1.1	0
ENSMUSG00000030255	ENSMUSG00000085414	lncgDivg	1.1.1	0	ENSG00000123096	ENSG00000286752	lncgDivg	1.1.1	0
ENSMUSG00000030255	ENSMUSG00000085414	lncgDivg	1.1.1	0	ENSG00000123096	ENSG00000256894	lncgDivg	n.1.1	0
ENSMUSG00000030255	ENSMUSG00000085414	lncgDivg	1.1.1	0	ENSG00000123096	ENSG00000278095	lncgDivg	1.1.1	0
ENSMUSG00000030257	ENSMUSG00000108103	lncgDivg	1.1.1	0	ENSG00000196220	ENSG00000228723	lncgDivg	n.1.1	0
ENSMUSG00000030257	ENSMUSG00000108103	lncgDivg	1.1.1	0	ENSG00000196220	ENSG00000227929	lncgDivg	1.1.1	0
ENSMUSG00000030257	ENSMUSG00000108103	lncgDivg	1.1.1	0	ENSG00000196220	ENSG00000235830	lncgDivg	1.1.1	0
ENSMUSG00000030257	ENSMUSG00000108103	lncgDivg	1.1.1	0	ENSG00000196220	ENSG00000224808	lncgDivg	1.1.1	0
ENSMUSG00000030257	ENSMUSG00000108103	lncgDivg	1.1.1	0	ENSG00000196220	ENSG00000287623	lncgDivg	1.1.1	0
ENSMUSG00000030259	ENSMUSG00000085658	lncgDivg	1.1.1	475	ENSG00000123094	ENSG00000246695	lncgDivg	n.n.1	0
ENSMUSG00000030264	ENSMUSG00000086429	lncgConv	n.n.n	0	ENSG00000134077	ENSG00000206573	lncgConv	n.n.n	0
ENSMUSG00000030265	ENSMUSG00000086013	lncgDivg	1.1.1	290	ENSG00000133703	ENSG00000274987	lncgDivg	1.1.1	0
ENSMUSG00000030265	ENSMUSG00000086013	lncgDivg	1.1.1	290	ENSG00000133703	ENSG00000275197	lncgDivg	1.1.1	0
ENSMUSG00000030268	ENSMUSG00000097419	lncgDivg	1.1.1	0	ENSG00000060982	ENSG00000255921	lncgDivg	1.1.1	62
ENSMUSG00000030268	ENSMUSG00000097419	lncgDivg	1.1.1	0	ENSG00000060982	ENSG00000256482	lncgDivg	1.1.1	0
ENSMUSG00000030268	ENSMUSG00000086643	lncgDivg	1.1.1	0	ENSG00000060982	ENSG00000255921	lncgDivg	1.1.1	62
ENSMUSG00000030268	ENSMUSG00000086643	lncgDivg	1.1.1	0	ENSG00000060982	ENSG00000256482	lncgDivg	1.1.1	0
ENSMUSG00000030275	ENSMUSG00000072679	lincSS.dw	n.1.1	13581	ENSG00000139163	ENSG00000256923	lincSS.dw	1.1.1	51917
ENSMUSG00000030275	ENSMUSG00000072679	lincSS.dw	n.1.1	13581	ENSG00000139163	ENSG00000256995	lincSS.dw	n.1.1	9194
ENSMUSG00000030275	ENSMUSG00000107802	lncgDivg	1.1.1	0	ENSG00000139163	ENSG00000257023	lncgDivg	1.1.1	60
ENSMUSG00000030287	ENSMUSG00000120618	lncgDivg	1.1.1	0	ENSG00000123104	ENSG00000234428	lncgDivg	1.1.1	0
ENSMUSG00000030301	ENSMUSG00000072660	lncgDivg	n.n.1	0	ENSG00000123106	ENSG00000247934	lncgDivg	n.n.1	0
ENSMUSG00000030301	ENSMUSG00000072660	lncgDivg	n.n.1	0	ENSG00000123106	ENSG00000278733	lncgDivg	1.1.1	0
ENSMUSG00000030302	ENSMUSG00000108297	lncgSS.up	1.1.1	0	ENSG00000157087	ENSG00000224771	lncgSS.up	1.1.1	0
ENSMUSG00000030302	ENSMUSG00000108297	lncgSS.up	1.1.1	0	ENSG00000157087	ENSG00000236999	lncgSS.up	1.1.1	0
ENSMUSG00000030303	ENSMUSG00000089948	lncgDivg	1.1.1	0	ENSG00000064763	ENSG00000257176	lncgDivg	n.n.1	0
ENSMUSG00000030303	ENSMUSG00000089948	lncgDivg	1.1.1	0	ENSG00000064763	ENSG00000273680	lncgDivg	1.1.1	0
ENSMUSG00000030303	ENSMUSG00000089948	lncgDivg	1.1.1	0	ENSG00000064763	ENSG00000275278	lncgDivg	1.1.1	0
ENSMUSG00000030303	ENSMUSG00000089948	lncgDivg	1.1.1	0	ENSG00000064763	ENSG00000274315	lncgDivg	1.1.1	0
ENSMUSG00000030303	ENSMUSG00000089948	lncgDivg	1.1.1	0	ENSG00000064763	ENSG00000275476	lncgDivg	1.1.1	0
ENSMUSG00000030303	ENSMUSG00000089948	lncgDivg	1.1.1	0	ENSG00000064763	ENSG00000257258	lncgDivg	n.n.1	0
ENSMUSG00000030303	ENSMUSG00000086777	lncgDivg	1.1.1	0	ENSG00000064763	ENSG00000257176	lncgDivg	n.n.1	0
ENSMUSG00000030303	ENSMUSG00000086777	lncgDivg	1.1.1	0	ENSG00000064763	ENSG00000273680	lncgDivg	1.1.1	0
ENSMUSG00000030303	ENSMUSG00000086777	lncgDivg	1.1.1	0	ENSG00000064763	ENSG00000275278	lncgDivg	1.1.1	0
ENSMUSG00000030303	ENSMUSG00000086777	lncgDivg	1.1.1	0	ENSG00000064763	ENSG00000274315	lncgDivg	1.1.1	0
ENSMUSG00000030303	ENSMUSG00000086777	lncgDivg	1.1.1	0	ENSG00000064763	ENSG00000275476	lncgDivg	1.1.1	0
ENSMUSG00000030303	ENSMUSG00000086777	lncgDivg	1.1.1	0	ENSG00000064763	ENSG00000257258	lncgDivg	n.n.1	0
ENSMUSG00000030306	ENSMUSG00000108148	lncgDivg	1.1.1	0	ENSG00000133687	ENSG00000257456	lncgDivg	1.1.1	0
ENSMUSG00000030350	ENSMUSG00000107219	lncgDivg	1.1.1	0	ENSG00000111218	ENSG00000290204	lncgDivg	1.1.1	0
ENSMUSG00000030350	ENSMUSG00000107219	lncgDivg	1.1.1	0	ENSG00000111218	ENSG00000287243	lncgDivg	n.n.1	0
ENSMUSG00000030350	ENSMUSG00000107219	lncgDivg	1.1.1	0	ENSG00000111218	ENSG00000256691	lncgDivg	1.1.1	0
ENSMUSG00000030353	ENSMUSG00000056771	lincSS.dw	n.1.1	23643	ENSG00000197905	ENSG00000289980	lincSS.dw	1.1.1	7501
ENSMUSG00000030428	ENSMUSG00000085886	lncgConv	1.1.1	0	ENSG00000167614	ENSG00000269873	lncgConv	1.1.1	1106
ENSMUSG00000030428	ENSMUSG00000085886	lncgConv	1.1.1	0	ENSG00000167614	ENSG00000267838	lncgConv	1.1.1	1761
ENSMUSG00000030428	ENSMUSG00000086155	lncgDivg	n.1.1	0	ENSG00000167614	ENSG00000227407	lncgDivg	1.1.1	0
ENSMUSG00000030450	ENSMUSG00000108773	lncgDivg	1.1.1	0	ENSG00000104044	ENSG00000232394	lncgDivg	1.1.1	0
ENSMUSG00000030465	ENSMUSG00000087266	lncgDivg	n.n.1	0	ENSG00000156011	ENSG00000187229	lncgDivg	1.1.1	0
ENSMUSG00000030465	ENSMUSG00000087266	lncgDivg	n.n.1	0	ENSG00000156011	ENSG00000253335	lncgDivg	1.1.1	0
ENSMUSG00000030499	ENSMUSG00000086631	lincConv	n.1.1	57323	ENSG00000153885	ENSG00000289539	lincConv	1.1.1	89331
ENSMUSG00000030500	ENSMUSG00000102124	lincConv	1.1.1	79677	ENSG00000091664	ENSG00000255323	lincConv	n.1.1	66170
ENSMUSG00000030513	ENSMUSG00000093405	lncgDivg	1.1.1	0	ENSG00000140479	ENSG00000259764	lncgDivg	1.1.1	0
ENSMUSG00000030513	ENSMUSG00000093405	lncgDivg	1.1.1	0	ENSG00000140479	ENSG00000259172	lncgDivg	1.1.1	0
ENSMUSG00000030515	ENSMUSG00000121315	lincDivg	1.1.1	8985	ENSG00000185418	ENSG00000291225	lincDivg	n.n.n	26559
ENSMUSG00000030515	ENSMUSG00000086662	lincSS.up	1.1.1	26014	ENSG00000185418	ENSG00000290760	lincSS.up	n.1.1	12626
ENSMUSG00000030516	ENSMUSG00000121090	lncgDivg	1.1.1	0	ENSG00000104067	ENSG00000259523	lncgDivg	1.1.1	0
ENSMUSG00000030518	ENSMUSG00000108587	lincSS.up	n.1.1	56244	ENSG00000104059	ENSG00000259814	lincSS.up	1.1.1	38697
ENSMUSG00000030523	ENSMUSG00000108620	lincSS.up	1.1.1	90877	ENSG00000134160	ENSG00000259772	lincSS.up	n.1.1	41774
ENSMUSG00000030527	ENSMUSG00000084821	lncgDivg	1.1.1	0	ENSG00000140577	ENSG00000285560	lncgDivg	1.1.1	0
ENSMUSG00000030527	ENSMUSG00000084821	lncgDivg	1.1.1	0	ENSG00000140577	ENSG00000259212	lncgDivg	1.1.1	0
ENSMUSG00000030527	ENSMUSG00000084821	lncgDivg	1.1.1	0	ENSG00000140577	ENSG00000259314	lncgDivg	1.1.1	0
ENSMUSG00000030536	ENSMUSG00000108321	lncgDivg	n.1.1	0	ENSG00000140575	ENSG00000259177	lncgDivg	1.1.1	0
ENSMUSG00000030551	ENSMUSG00000109361	lincSS.dw	1.1.1	6134	ENSG00000185551	ENSG00000259275	lincSS.dw	n.1.1	13974
ENSMUSG00000030551	ENSMUSG00000109361	lincSS.dw	1.1.1	6134	ENSG00000185551	ENSG00000259312	lincSS.dw	1.1.1	98307
ENSMUSG00000030551	ENSMUSG00000109097	lincSS.dw	n.1.1	14071	ENSG00000185551	ENSG00000259275	lincSS.dw	n.1.1	13974
ENSMUSG00000030551	ENSMUSG00000109097	lincSS.dw	n.1.1	14071	ENSG00000185551	ENSG00000259312	lincSS.dw	1.1.1	98307
ENSMUSG00000030551	ENSMUSG00000108869	lincSS.up	1.1.1	54180	ENSG00000185551	ENSG00000275443	lincSS.up	n.1.1	24948
ENSMUSG00000030551	ENSMUSG00000108869	lincSS.up	1.1.1	54180	ENSG00000185551	ENSG00000259763	lincSS.up	n.1.1	88928
ENSMUSG00000030551	ENSMUSG00000108869	lincSS.up	1.1.1	54180	ENSG00000185551	ENSG00000278146	lincSS.up	1.1.1	94793
ENSMUSG00000030551	ENSMUSG00000101559	lincSS.up	1.1.1	5303	ENSG00000185551	ENSG00000275443	lincSS.up	n.1.1	24948
ENSMUSG00000030551	ENSMUSG00000101559	lincSS.up	1.1.1	5303	ENSG00000185551	ENSG00000259763	lincSS.up	n.1.1	88928
ENSMUSG00000030551	ENSMUSG00000101559	lincSS.up	1.1.1	5303	ENSG00000185551	ENSG00000278146	lincSS.up	1.1.1	94793
ENSMUSG00000030551	ENSMUSG00000109364	lncgSS.dw	1.1.1	4248	ENSG00000185551	ENSG00000275322	lncgSS.dw	1.1.1	2690
ENSMUSG00000030577	ENSMUSG00000100029	lncgDivg	1.1.1	4689	ENSG00000012124	ENSG00000289845	lncgDivg	1.1.1	213
ENSMUSG00000030577	ENSMUSG00000101029	lncgDivg	1.1.1	0	ENSG00000012124	ENSG00000289845	lncgDivg	1.1.1	213
ENSMUSG00000030592	ENSMUSG00000097079	lncgDivg	n.1.1	0	ENSG00000196218	ENSG00000268055	lncgDivg	1.1.1	0
ENSMUSG00000030592	ENSMUSG00000097079	lncgDivg	n.1.1	0	ENSG00000196218	ENSG00000269445	lncgDivg	1.1.1	0
ENSMUSG00000030592	ENSMUSG00000109017	lncgDivg	1.1.1	0	ENSG00000196218	ENSG00000268055	lncgDivg	1.1.1	0
ENSMUSG00000030592	ENSMUSG00000109017	lncgDivg	1.1.1	0	ENSG00000196218	ENSG00000269445	lncgDivg	1.1.1	0
ENSMUSG00000030607	ENSMUSG00000097441	lncgDivg	1.1.1	160	ENSG00000157766	ENSG00000259676	lncgDivg	1.1.1	4702
ENSMUSG00000030619	ENSMUSG00000121051	lincDivg	1.1.1	49062	ENSG00000074266	ENSG00000254699	lincDivg	1.1.1	7730
ENSMUSG00000030619	ENSMUSG00000097585	lncgDivg	n.n.n	0	ENSG00000074266	ENSG00000288809	lncgDivg	1.1.1	0
ENSMUSG00000030643	ENSMUSG00000074024	lncgDivg	n.1.1	130	ENSG00000137502	ENSG00000246067	lncgDivg	n.1.1	129
ENSMUSG00000030655	ENSMUSG00000055159	lncgDivg	n.1.1	195	ENSG00000157106	ENSG00000260352	lncgDivg	1.1.1	455
ENSMUSG00000030677	ENSMUSG00000108617	lncgDivg	1.1.1	0	ENSG00000079616	ENSG00000275857	lncgDivg	1.1.1	0
ENSMUSG00000030703	ENSMUSG00000055323	lncgConv	n.n.1	0	ENSG00000102886	ENSG00000250616	lncgConv	n.n.n	0
ENSMUSG00000030714	ENSMUSG00000066175	lncgDivg	n.1.1	0	ENSG00000176476	ENSG00000275441	lncgDivg	1.1.1	0
ENSMUSG00000030737	ENSMUSG00000085095	lncgDivg	n.1.1	0	ENSG00000137491	ENSG00000255395	lncgDivg	1.1.1	0
ENSMUSG00000030737	ENSMUSG00000109559	lncgDivg	1.1.1	0	ENSG00000137491	ENSG00000255395	lncgDivg	1.1.1	0
ENSMUSG00000030739	ENSMUSG00000070574	lncgDivg	n.n.1	0	ENSG00000105357	ENSG00000267815	lncgDivg	1.1.1	0
ENSMUSG00000030742	ENSMUSG00000108417	lincSS.dw	n.1.1	12205	ENSG00000213658	ENSG00000103472	lincSS.dw	n.1.1	84192
ENSMUSG00000030748	ENSMUSG00000108524	lncgDivg	1.1.1	0	ENSG00000077238	ENSG00000274092	lncgDivg	1.1.1	0
ENSMUSG00000030752	ENSMUSG00000045928	lincDivg	n.1.1	94888	ENSG00000155666	ENSG00000261045	lincDivg	1.1.1	26921
ENSMUSG00000030752	ENSMUSG00000108814	lincDivg	1.1.1	26562	ENSG00000155666	ENSG00000261045	lincDivg	1.1.1	26921
ENSMUSG00000030779	ENSMUSG00000108551	lncgSS.dw	1.1.1	0	ENSG00000122257	ENSG00000289171	lncgSS.dw	1.1.1	0
ENSMUSG00000030811	ENSMUSG00000121230	lncgDivg	1.1.1	0	ENSG00000099364	ENSG00000260852	lncgDivg	1.1.1	0
ENSMUSG00000030814	ENSMUSG00000108801	lncgDivg	n.1.1	0	ENSG00000099385	ENSG00000260083	lncgDivg	n.n.1	0
ENSMUSG00000030826	ENSMUSG00000109644	lncgDivg	n.1.1	0	ENSG00000105552	ENSG00000286024	lncgDivg	1.1.1	0
ENSMUSG00000030854	ENSMUSG00000109501	lncgDivg	1.1.1	0	ENSG00000110786	ENSG00000286998	lncgDivg	1.1.1	0
ENSMUSG00000030862	ENSMUSG00000086814	lncgDivg	1.1.1	0	ENSG00000121898	ENSG00000231138	lncgDivg	1.1.1	0
ENSMUSG00000030884	ENSMUSG00000109113	lincSS.up	n.1.1	13059	ENSG00000140740	ENSG00000290675	lincSS.up	1.1.1	8301
ENSMUSG00000030970	ENSMUSG00000109816	lncgDivg	1.1.1	3897	ENSG00000175029	ENSG00000282787	lncgDivg	1.1.1	1209
ENSMUSG00000030970	ENSMUSG00000109816	lncgDivg	1.1.1	3897	ENSG00000175029	ENSG00000273599	lncgDivg	1.1.1	0
ENSMUSG00000030976	ENSMUSG00000110026	lncgDivg	n.1.1	3335	ENSG00000175018	ENSG00000228021	lncgDivg	n.n.n	130
ENSMUSG00000031004	ENSMUSG00000109831	lincDivg	n.1.1	26315	ENSG00000148773	ENSG00000280953	lincDivg	n.1.1	54609
ENSMUSG00000031024	ENSMUSG00000109499	lncgDivg	1.1.1	0	ENSG00000166444	ENSG00000255159	lncgDivg	n.n.1	0
ENSMUSG00000031024	ENSMUSG00000109499	lncgDivg	1.1.1	0	ENSG00000166444	ENSG00000254665	lncgDivg	1.1.1	0
ENSMUSG00000031075	ENSMUSG00000109009	lincDivg	n.1.1	12789	ENSG00000131620	ENSG00000260679	lincDivg	1.1.1	59094
ENSMUSG00000031075	ENSMUSG00000109009	lincDivg	n.1.1	12789	ENSG00000131620	ENSG00000260348	lincDivg	1.1.1	74913
ENSMUSG00000031075	ENSMUSG00000108851	lncgDivg	n.1.1	0	ENSG00000131620	ENSG00000254902	lncgDivg	1.1.1	0
ENSMUSG00000031075	ENSMUSG00000108851	lncgDivg	n.1.1	0	ENSG00000131620	ENSG00000254605	lncgDivg	n.1.1	0
ENSMUSG00000031075	ENSMUSG00000108851	lncgDivg	n.1.1	0	ENSG00000131620	ENSG00000254417	lncgDivg	n.1.1	0
ENSMUSG00000031075	ENSMUSG00000108851	lncgDivg	n.1.1	0	ENSG00000131620	ENSG00000248844	lncgDivg	n.1.1	0
ENSMUSG00000031129	ENSMUSG00000089709	lncgDivg	1.1.1	0	ENSG00000181804	ENSG00000240012	lncgDivg	1.1.1	0
ENSMUSG00000031129	ENSMUSG00000089709	lncgDivg	1.1.1	0	ENSG00000181804	ENSG00000244493	lncgDivg	1.1.1	0
ENSMUSG00000031129	ENSMUSG00000101595	lncgDivg	1.1.1	1091	ENSG00000181804	ENSG00000240012	lncgDivg	1.1.1	0
ENSMUSG00000031129	ENSMUSG00000101595	lncgDivg	1.1.1	1091	ENSG00000181804	ENSG00000244493	lncgDivg	1.1.1	0
ENSMUSG00000031132	ENSMUSG00000085808	lincSS.up	1.1.1	7765	ENSG00000102245	ENSG00000233093	lincSS.up	n.1.1	5725
ENSMUSG00000031137	ENSMUSG00000120929	lncgDivg	1.1.1	0	ENSG00000129682	ENSG00000232183	lncgDivg	1.1.1	0
ENSMUSG00000031137	ENSMUSG00000120929	lncgDivg	1.1.1	0	ENSG00000129682	ENSG00000226031	lncgDivg	n.n.1	0
ENSMUSG00000031167	ENSMUSG00000055188	lncgDivg	n.n.1	0	ENSG00000102317	ENSG00000228343	lncgDivg	1.1.1	0
ENSMUSG00000031167	ENSMUSG00000055188	lncgDivg	n.n.1	0	ENSG00000102317	ENSG00000204620	lncgDivg	1.1.1	0
ENSMUSG00000031189	ENSMUSG00000086676	lncgDivg	n.n.1	0	ENSG00000155966	ENSG00000237741	lncgDivg	1.1.1	2
ENSMUSG00000031298	ENSMUSG00000087505	lncgConv	1.1.1	0	ENSG00000173698	ENSG00000286724	lncgConv	n.n.1	0
ENSMUSG00000031302	ENSMUSG00000120504	lincConv	1.1.1	6162	ENSG00000196338	ENSG00000228427	lincConv	n.1.1	8127
ENSMUSG00000031330	ENSMUSG00000086370	lincDivg	n.1.1	13632	ENSG00000187969	ENSG00000271533	lincDivg	1.1.1	90520
ENSMUSG00000031330	ENSMUSG00000086370	lincDivg	n.1.1	13632	ENSG00000187969	ENSG00000230590	lincDivg	n.1.1	10606
ENSMUSG00000031352	ENSMUSG00000087159	lncgDivg	n.1.1	250	ENSG00000004961	ENSG00000234129	lncgDivg	n.1.1	156
ENSMUSG00000031386	ENSMUSG00000120229	lncgDivg	1.1.1	104	ENSG00000172534	ENSG00000235802	lncgDivg	1.1.1	0
ENSMUSG00000031422	ENSMUSG00000087368	lncgDivg	n.n.n	0	ENSG00000123562	ENSG00000231154	lncgDivg	1.1.1	0
ENSMUSG00000031441	ENSMUSG00000084780	lncgDivg	n.1.1	0	ENSG00000068650	ENSG00000232684	lncgDivg	1.1.1	0
ENSMUSG00000031441	ENSMUSG00000084780	lncgDivg	n.1.1	0	ENSG00000068650	ENSG00000274922	lncgDivg	n.1.1	179
ENSMUSG00000031442	ENSMUSG00000079146	lncgDivg	n.1.1	0	ENSG00000126217	ENSG00000235280	lncgDivg	1.1.1	0
ENSMUSG00000031442	ENSMUSG00000079146	lncgDivg	n.1.1	0	ENSG00000126217	ENSG00000267868	lncgDivg	1.1.1	0
ENSMUSG00000031442	ENSMUSG00000086770	lncgDivg	n.1.1	0	ENSG00000126217	ENSG00000235280	lncgDivg	1.1.1	0
ENSMUSG00000031442	ENSMUSG00000086770	lncgDivg	n.1.1	0	ENSG00000126217	ENSG00000267868	lncgDivg	1.1.1	0
ENSMUSG00000031461	ENSMUSG00000110286	lincSS.dw	n.1.1	7503	ENSG00000036448	ENSG00000288782	lincSS.dw	n.1.1	37768
ENSMUSG00000031497	ENSMUSG00000109545	lincSS.dw	1.1.1	25982	ENSG00000102524	ENSG00000283384	lincSS.dw	n.1.1	26870
ENSMUSG00000031502	ENSMUSG00000109151	lincConv	1.1.1	81050	ENSG00000187498	ENSG00000231428	lincConv	1.1.1	94011
ENSMUSG00000031502	ENSMUSG00000109029	lincSS.dw	1.1.1	49177	ENSG00000187498	ENSG00000275830	lincSS.dw	n.1.1	19827
ENSMUSG00000031502	ENSMUSG00000109029	lincSS.dw	1.1.1	49177	ENSG00000187498	ENSG00000287575	lincSS.dw	1.1.1	12057
ENSMUSG00000031503	ENSMUSG00000084783	lncgDivg	1.1.1	0	ENSG00000134871	ENSG00000224821	lncgDivg	1.1.1	0
ENSMUSG00000031503	ENSMUSG00000084783	lncgDivg	1.1.1	0	ENSG00000134871	ENSG00000232814	lncgDivg	1.1.1	0
ENSMUSG00000031511	ENSMUSG00000031510	lincSS.up	1.1.1	5101	ENSG00000102606	ENSG00000225870	lincSS.up	1.1.1	11462
ENSMUSG00000031516	ENSMUSG00000054618	lincConv	n.1.1	33374	ENSG00000104671	ENSG00000287590	lincConv	1.1.1	95910
ENSMUSG00000031529	ENSMUSG00000054247	lncgDivg	n.n.1	0	ENSG00000173273	ENSG00000272267	lncgDivg	1.1.1	0
ENSMUSG00000031530	ENSMUSG00000120180	lncgDivg	1.1.1	127	ENSG00000120875	ENSG00000285601	lncgDivg	1.1.1	608
ENSMUSG00000031530	ENSMUSG00000120243	lncgSS.up	1.1.1	981	ENSG00000120875	ENSG00000260253	lncgSS.up	1.1.1	1736
ENSMUSG00000031537	ENSMUSG00000085199	lncgDivg	1.1.1	0	ENSG00000104365	ENSG00000253408	lncgDivg	n.1.1	316
ENSMUSG00000031539	ENSMUSG00000054822	lncgDivg	n.1.1	144	ENSG00000070718	ENSG00000261449	lncgDivg	1.1.1	183
ENSMUSG00000031543	ENSMUSG00000120972	lncgDivg	1.1.1	0	ENSG00000029534	ENSG00000253389	lncgDivg	n.n.1	0
ENSMUSG00000031543	ENSMUSG00000120972	lncgDivg	1.1.1	0	ENSG00000029534	ENSG00000289514	lncgDivg	n.1.1	0
ENSMUSG00000031543	ENSMUSG00000086741	lncgDivg	1.1.1	0	ENSG00000029534	ENSG00000253389	lncgDivg	n.n.1	0
ENSMUSG00000031543	ENSMUSG00000086741	lncgDivg	1.1.1	0	ENSG00000029534	ENSG00000289514	lncgDivg	n.1.1	0
ENSMUSG00000031557	ENSMUSG00000110148	lncgDivg	n.n.1	0	ENSG00000169499	ENSG00000253645	lncgDivg	1.1.1	0
ENSMUSG00000031558	ENSMUSG00000092559	lncgSS.dw	1.1.1	0	ENSG00000145147	ENSG00000248228	lncgSS.dw	1.1.1	0
ENSMUSG00000031561	ENSMUSG00000100706	lncgDivg	n.n.1	0	ENSG00000218336	ENSG00000177822	lncgDivg	n.n.1	0
ENSMUSG00000031561	ENSMUSG00000100706	lncgDivg	n.n.1	0	ENSG00000218336	ENSG00000248816	lncgDivg	1.1.1	0
ENSMUSG00000031561	ENSMUSG00000100706	lncgDivg	n.n.1	0	ENSG00000218336	ENSG00000248694	lncgDivg	1.1.1	0
ENSMUSG00000031563	ENSMUSG00000110624	lincSS.up	1.1.1	11286	ENSG00000151718	ENSG00000286821	lincSS.up	1.1.1	63157
ENSMUSG00000031565	ENSMUSG00000110017	lincSS.up	n.1.1	64892	ENSG00000077782	ENSG00000253361	lincSS.up	n.1.1	74442
ENSMUSG00000031565	ENSMUSG00000110017	lincSS.up	n.1.1	64892	ENSG00000077782	ENSG00000196166	lincSS.up	n.1.1	42000
ENSMUSG00000031565	ENSMUSG00000086134	lncgDivg	n.n.1	0	ENSG00000077782	ENSG00000255201	lncgDivg	1.1.1	0
ENSMUSG00000031585	ENSMUSG00000049476	lncgDivg	n.1.1	14	ENSG00000197265	ENSG00000253112	lncgDivg	1.1.1	0
ENSMUSG00000031586	ENSMUSG00000097442	lncgDivg	1.1.1	0	ENSG00000157110	ENSG00000254109	lncgDivg	n.1.1	0
ENSMUSG00000031591	ENSMUSG00000120151	lncgDivg	1.1.1	60	ENSG00000104763	ENSG00000245281	lncgDivg	n.n.1	0
ENSMUSG00000031594	ENSMUSG00000085445	lncgDivg	n.1.1	2983	ENSG00000104760	ENSG00000254054	lncgDivg	n.1.1	0
ENSMUSG00000031594	ENSMUSG00000085445	lncgDivg	n.1.1	2983	ENSG00000104760	ENSG00000253215	lncgDivg	1.1.1	0
ENSMUSG00000031608	ENSMUSG00000110419	lncgDivg	n.n.1	0	ENSG00000109586	ENSG00000290017	lncgDivg	1.1.1	0
ENSMUSG00000031608	ENSMUSG00000110419	lncgDivg	n.n.1	0	ENSG00000109586	ENSG00000245213	lncgDivg	n.n.1	0
ENSMUSG00000031609	ENSMUSG00000096917	lncgDivg	n.n.n	0	ENSG00000164105	ENSG00000272870	lncgDivg	n.n.1	0
ENSMUSG00000031618	ENSMUSG00000074235	lncgDivg	n.1.1	0	ENSG00000151623	ENSG00000250354	lncgDivg	1.1.1	0
ENSMUSG00000031618	ENSMUSG00000074235	lncgDivg	n.1.1	0	ENSG00000151623	ENSG00000287292	lncgDivg	n.1.1	1005
ENSMUSG00000031620	ENSMUSG00000110485	lincConv	1.1.1	8006	ENSG00000234828	ENSG00000248210	lincConv	n.1.1	73586
ENSMUSG00000031621	ENSMUSG00000079011	lincDivg	n.1.1	39226	ENSG00000175329	ENSG00000286592	lincDivg	n.1.1	63274
ENSMUSG00000031626	ENSMUSG00000084954	lncgDivg	n.1.1	0	ENSG00000154556	ENSG00000233110	lncgDivg	1.1.1	0
ENSMUSG00000031626	ENSMUSG00000084954	lncgDivg	n.1.1	0	ENSG00000154556	ENSG00000235902	lncgDivg	1.1.1	0
ENSMUSG00000031626	ENSMUSG00000084954	lncgDivg	n.1.1	0	ENSG00000154556	ENSG00000235149	lncgDivg	1.1.1	0
ENSMUSG00000031626	ENSMUSG00000085440	lncgDivg	1.1.1	0	ENSG00000154556	ENSG00000233110	lncgDivg	1.1.1	0
ENSMUSG00000031626	ENSMUSG00000085440	lncgDivg	1.1.1	0	ENSG00000154556	ENSG00000235902	lncgDivg	1.1.1	0
ENSMUSG00000031626	ENSMUSG00000085440	lncgDivg	1.1.1	0	ENSG00000154556	ENSG00000235149	lncgDivg	1.1.1	0
ENSMUSG00000031627	ENSMUSG00000110374	lncgDivg	1.1.1	0	ENSG00000168310	ENSG00000286292	lncgDivg	n.1.1	638
ENSMUSG00000031627	ENSMUSG00000110374	lncgDivg	1.1.1	0	ENSG00000168310	ENSG00000271646	lncgDivg	1.1.1	244
ENSMUSG00000031627	ENSMUSG00000097534	lncgDivg	n.1.1	217	ENSG00000168310	ENSG00000286292	lncgDivg	n.1.1	638
ENSMUSG00000031627	ENSMUSG00000097534	lncgDivg	n.1.1	217	ENSG00000168310	ENSG00000271646	lncgDivg	1.1.1	244
ENSMUSG00000031627	ENSMUSG00000109751	lncgDivg	1.1.1	0	ENSG00000168310	ENSG00000286292	lncgDivg	n.1.1	638
ENSMUSG00000031627	ENSMUSG00000109751	lncgDivg	1.1.1	0	ENSG00000168310	ENSG00000271646	lncgDivg	1.1.1	244
ENSMUSG00000031642	ENSMUSG00000099419	lncgDivg	1.1.1	0	ENSG00000154447	ENSG00000251171	lncgDivg	1.1.1	0
ENSMUSG00000031647	ENSMUSG00000109992	lincSS.dw	1.1.1	42562	ENSG00000198948	ENSG00000248319	lincSS.dw	n.1.1	10644
ENSMUSG00000031652	ENSMUSG00000098534	lincDivg	1.1.1	17195	ENSG00000102921	ENSG00000260052	lincDivg	1.1.1	16995
ENSMUSG00000031652	ENSMUSG00000098534	lincDivg	1.1.1	17195	ENSG00000102921	ENSG00000272545	lincDivg	1.1.1	20325
ENSMUSG00000031652	ENSMUSG00000098434	lncgDivg	1.1.1	430	ENSG00000102921	ENSG00000260086	lncgDivg	n.1.1	3267
ENSMUSG00000031652	ENSMUSG00000098434	lncgDivg	1.1.1	430	ENSG00000102921	ENSG00000259912	lncgDivg	1.1.1	171
ENSMUSG00000031652	ENSMUSG00000098434	lncgDivg	1.1.1	430	ENSG00000102921	ENSG00000261267	lncgDivg	1.1.1	0
ENSMUSG00000031652	ENSMUSG00000098434	lncgDivg	1.1.1	430	ENSG00000102921	ENSG00000289119	lncgDivg	1.1.1	0
ENSMUSG00000031661	ENSMUSG00000121158	lncgDivg	1.1.1	233	ENSG00000140807	ENSG00000260029	lncgDivg	1.1.1	0
ENSMUSG00000031661	ENSMUSG00000121158	lncgDivg	1.1.1	233	ENSG00000140807	ENSG00000205414	lncgDivg	1.1.1	0
ENSMUSG00000031665	ENSMUSG00000120587	lincSS.dw	1.1.1	19933	ENSG00000103449	ENSG00000260605	lincSS.dw	1.1.1	97218
ENSMUSG00000031665	ENSMUSG00000120587	lincSS.dw	1.1.1	19933	ENSG00000103449	ENSG00000260620	lincSS.dw	1.1.1	79583
ENSMUSG00000031665	ENSMUSG00000120587	lincSS.dw	1.1.1	19933	ENSG00000103449	ENSG00000287718	lincSS.dw	1.1.1	40030
ENSMUSG00000031665	ENSMUSG00000120400	lncgDivg	n.n.1	0	ENSG00000103449	ENSG00000285367	lncgDivg	n.n.1	0
ENSMUSG00000031665	ENSMUSG00000120400	lncgDivg	n.n.1	0	ENSG00000103449	ENSG00000261238	lncgDivg	1.1.1	0
ENSMUSG00000031669	ENSMUSG00000110483	lncgDivg	1.1.1	3062	ENSG00000181938	ENSG00000276131	lncgDivg	1.1.1	0
ENSMUSG00000031669	ENSMUSG00000110483	lncgDivg	1.1.1	3062	ENSG00000181938	ENSG00000261078	lncgDivg	1.1.1	0
ENSMUSG00000031681	ENSMUSG00000109774	lincDivg	n.1.1	91624	ENSG00000170365	ENSG00000286420	lincDivg	1.1.1	11556
ENSMUSG00000031681	ENSMUSG00000109945	lncgDivg	1.1.1	4630	ENSG00000170365	ENSG00000250902	lncgDivg	1.1.1	0
ENSMUSG00000031681	ENSMUSG00000109945	lncgDivg	1.1.1	4630	ENSG00000170365	ENSG00000250582	lncgDivg	1.1.1	0
ENSMUSG00000031703	ENSMUSG00000109754	lncgDivg	n.n.1	0	ENSG00000129636	ENSG00000260744	lncgDivg	1.1.1	0
ENSMUSG00000031703	ENSMUSG00000109754	lncgDivg	n.n.1	0	ENSG00000129636	ENSG00000261369	lncgDivg	1.1.1	0
ENSMUSG00000031706	ENSMUSG00000056753	lncgDivg	1.1.1	0	ENSG00000132005	ENSG00000275091	lncgDivg	1.1.1	0
ENSMUSG00000031714	ENSMUSG00000109587	lncgDivg	1.1.1	0	ENSG00000109458	ENSG00000286771	lncgDivg	1.1.1	0
ENSMUSG00000031731	ENSMUSG00000078143	lncgConv	n.1.1	0	ENSG00000166747	ENSG00000260612	lncgConv	1.1.1	1008
ENSMUSG00000031734	ENSMUSG00000099664	lincDivg	1.1.1	63804	ENSG00000177508	ENSG00000287885	lincDivg	1.1.1	83478
ENSMUSG00000031734	ENSMUSG00000046413	lncgDivg	n.n.1	0	ENSG00000177508	ENSG00000277559	lncgDivg	1.1.1	4178
ENSMUSG00000031734	ENSMUSG00000046413	lncgDivg	n.n.1	0	ENSG00000177508	ENSG00000283689	lncgDivg	1.1.1	0
ENSMUSG00000031737	ENSMUSG00000031736	lncgDivg	n.1.1	1505	ENSG00000176842	ENSG00000289307	lncgDivg	1.1.1	277
ENSMUSG00000031737	ENSMUSG00000031736	lncgDivg	n.1.1	1505	ENSG00000176842	ENSG00000245694	lncgDivg	n.1.1	10249
ENSMUSG00000031738	ENSMUSG00000110023	lncgConv	1.1.1	0	ENSG00000159387	ENSG00000259283	lncgConv	1.1.1	0
ENSMUSG00000031748	ENSMUSG00000097520	lncgDivg	n.n.1	0	ENSG00000087258	ENSG00000261439	lncgDivg	1.1.1	0
ENSMUSG00000031748	ENSMUSG00000097520	lncgDivg	n.n.1	0	ENSG00000087258	ENSG00000272372	lncgDivg	1.1.1	0
ENSMUSG00000031748	ENSMUSG00000097520	lncgDivg	n.n.1	0	ENSG00000087258	ENSG00000246379	lncgDivg	n.n.n	1052
ENSMUSG00000031748	ENSMUSG00000097520	lncgDivg	n.n.1	0	ENSG00000087258	ENSG00000287866	lncgDivg	1.1.1	0
ENSMUSG00000031772	ENSMUSG00000098075	lncgDivg	1.1.1	468	ENSG00000152910	ENSG00000286841	lncgDivg	1.1.1	0
ENSMUSG00000031788	ENSMUSG00000110428	lncgDivg	1.1.1	0	ENSG00000140859	ENSG00000276166	lncgDivg	1.1.1	0
ENSMUSG00000031788	ENSMUSG00000110428	lncgDivg	1.1.1	0	ENSG00000140859	ENSG00000187185	lncgDivg	n.n.1	0
ENSMUSG00000031788	ENSMUSG00000110517	lncgDivg	1.1.1	0	ENSG00000140859	ENSG00000276166	lncgDivg	1.1.1	0
ENSMUSG00000031788	ENSMUSG00000110517	lncgDivg	1.1.1	0	ENSG00000140859	ENSG00000187185	lncgDivg	n.n.1	0
ENSMUSG00000031788	ENSMUSG00000110475	lncgDivg	1.1.1	0	ENSG00000140859	ENSG00000276166	lncgDivg	1.1.1	0
ENSMUSG00000031788	ENSMUSG00000110475	lncgDivg	1.1.1	0	ENSG00000140859	ENSG00000187185	lncgDivg	n.n.1	0
ENSMUSG00000031799	ENSMUSG00000087502	lncgConv	1.1.1	0	ENSG00000167460	ENSG00000267373	lncgConv	1.1.1	759
ENSMUSG00000031807	ENSMUSG00000120970	lncgDivg	1.1.1	85	ENSG00000130313	ENSG00000269439	lncgDivg	n.n.n	0
ENSMUSG00000031807	ENSMUSG00000120970	lncgDivg	1.1.1	85	ENSG00000130313	ENSG00000269161	lncgDivg	1.1.1	0
ENSMUSG00000031809	ENSMUSG00000097438	lincConv	1.1.1	95391	ENSG00000260456	ENSG00000232190	lincConv	n.1.1	13457
ENSMUSG00000031809	ENSMUSG00000097438	lincConv	1.1.1	95391	ENSG00000260456	ENSG00000261363	lincConv	1.1.1	13810
ENSMUSG00000031809	ENSMUSG00000098211	lncgDivg	1.1.1	0	ENSG00000260456	ENSG00000261095	lncgDivg	1.1.1	0
ENSMUSG00000031809	ENSMUSG00000098211	lncgDivg	1.1.1	0	ENSG00000260456	ENSG00000285527	lncgDivg	1.1.1	0
ENSMUSG00000031809	ENSMUSG00000098211	lncgDivg	1.1.1	0	ENSG00000260456	ENSG00000261651	lncgDivg	1.1.1	0
ENSMUSG00000031809	ENSMUSG00000097424	lncgDivg	n.1.1	62	ENSG00000260456	ENSG00000261095	lncgDivg	1.1.1	0
ENSMUSG00000031809	ENSMUSG00000097424	lncgDivg	n.1.1	62	ENSG00000260456	ENSG00000285527	lncgDivg	1.1.1	0
ENSMUSG00000031809	ENSMUSG00000097424	lncgDivg	n.1.1	62	ENSG00000260456	ENSG00000261651	lncgDivg	1.1.1	0
ENSMUSG00000031822	ENSMUSG00000121159	lncgDivg	1.1.1	0	ENSG00000131149	ENSG00000287946	lncgDivg	1.1.1	0
ENSMUSG00000031822	ENSMUSG00000121159	lncgDivg	1.1.1	0	ENSG00000131149	ENSG00000270124	lncgDivg	1.1.1	0
ENSMUSG00000031822	ENSMUSG00000097960	lncgDivg	1.1.1	226	ENSG00000131149	ENSG00000287946	lncgDivg	1.1.1	0
ENSMUSG00000031822	ENSMUSG00000097960	lncgDivg	1.1.1	226	ENSG00000131149	ENSG00000270124	lncgDivg	1.1.1	0
ENSMUSG00000031822	ENSMUSG00000121010	lncgSS.dw	1.1.1	0	ENSG00000131149	ENSG00000278716	lncgSS.dw	1.1.1	0
ENSMUSG00000031822	ENSMUSG00000121010	lncgSS.dw	1.1.1	0	ENSG00000131149	ENSG00000179219	lncgSS.dw	1.1.1	0
ENSMUSG00000031822	ENSMUSG00000121010	lncgSS.dw	1.1.1	0	ENSG00000131149	ENSG00000260417	lncgSS.dw	1.1.1	0
ENSMUSG00000031822	ENSMUSG00000121010	lncgSS.dw	1.1.1	0	ENSG00000131149	ENSG00000287787	lncgSS.dw	1.1.1	0
ENSMUSG00000031822	ENSMUSG00000097983	lncgSS.dw	1.1.1	0	ENSG00000131149	ENSG00000278716	lncgSS.dw	1.1.1	0
ENSMUSG00000031822	ENSMUSG00000097983	lncgSS.dw	1.1.1	0	ENSG00000131149	ENSG00000179219	lncgSS.dw	1.1.1	0
ENSMUSG00000031822	ENSMUSG00000097983	lncgSS.dw	1.1.1	0	ENSG00000131149	ENSG00000260417	lncgSS.dw	1.1.1	0
ENSMUSG00000031822	ENSMUSG00000097983	lncgSS.dw	1.1.1	0	ENSG00000131149	ENSG00000287787	lncgSS.dw	1.1.1	0
ENSMUSG00000031825	ENSMUSG00000089776	lncgDivg	1.1.1	0	ENSG00000103196	ENSG00000285848	lncgDivg	1.1.1	0
ENSMUSG00000031841	ENSMUSG00000110548	lncgDivg	1.1.1	0	ENSG00000140945	ENSG00000286528	lncgDivg	1.1.1	0
ENSMUSG00000031841	ENSMUSG00000110548	lncgDivg	1.1.1	0	ENSG00000140945	ENSG00000260788	lncgDivg	n.1.n	0
ENSMUSG00000031841	ENSMUSG00000110548	lncgDivg	1.1.1	0	ENSG00000140945	ENSG00000261103	lncgDivg	1.1.1	0
ENSMUSG00000031841	ENSMUSG00000110548	lncgDivg	1.1.1	0	ENSG00000140945	ENSG00000259914	lncgDivg	1.1.1	0
ENSMUSG00000031841	ENSMUSG00000110548	lncgDivg	1.1.1	0	ENSG00000140945	ENSG00000261410	lncgDivg	n.1.1	0
ENSMUSG00000031841	ENSMUSG00000110548	lncgDivg	1.1.1	0	ENSG00000140945	ENSG00000288554	lncgDivg	1.1.1	0
ENSMUSG00000031841	ENSMUSG00000110548	lncgDivg	1.1.1	0	ENSG00000140945	ENSG00000260832	lncgDivg	1.1.1	0
ENSMUSG00000031841	ENSMUSG00000110667	lncgDivg	1.1.1	0	ENSG00000140945	ENSG00000286528	lncgDivg	1.1.1	0
ENSMUSG00000031841	ENSMUSG00000110667	lncgDivg	1.1.1	0	ENSG00000140945	ENSG00000260788	lncgDivg	n.1.n	0
ENSMUSG00000031841	ENSMUSG00000110667	lncgDivg	1.1.1	0	ENSG00000140945	ENSG00000261103	lncgDivg	1.1.1	0
ENSMUSG00000031841	ENSMUSG00000110667	lncgDivg	1.1.1	0	ENSG00000140945	ENSG00000259914	lncgDivg	1.1.1	0
ENSMUSG00000031841	ENSMUSG00000110667	lncgDivg	1.1.1	0	ENSG00000140945	ENSG00000261410	lncgDivg	n.1.1	0
ENSMUSG00000031841	ENSMUSG00000110667	lncgDivg	1.1.1	0	ENSG00000140945	ENSG00000288554	lncgDivg	1.1.1	0
ENSMUSG00000031841	ENSMUSG00000110667	lncgDivg	1.1.1	0	ENSG00000140945	ENSG00000260832	lncgDivg	1.1.1	0
ENSMUSG00000031865	ENSMUSG00000085782	lncgDivg	n.1.1	0	ENSG00000204843	ENSG00000237737	lncgDivg	n.n.n	0
ENSMUSG00000031906	ENSMUSG00000074113	lncgDivg	1.1.1	0	ENSG00000103056	ENSG00000287760	lncgDivg	1.1.1	335
ENSMUSG00000031906	ENSMUSG00000074113	lncgDivg	1.1.1	0	ENSG00000103056	ENSG00000274698	lncgDivg	1.1.1	1775
ENSMUSG00000031965	ENSMUSG00000111275	lncgDivg	1.1.1	2164	ENSG00000164532	ENSG00000289335	lncgDivg	1.1.1	611
ENSMUSG00000031990	ENSMUSG00000110836	lincSS.up	1.1.1	44169	ENSG00000166086	ENSG00000255406	lincSS.up	n.1.1	38904
ENSMUSG00000032011	ENSMUSG00000111229	lncgDivg	1.1.1	2325	ENSG00000154096	ENSG00000263873	lncgDivg	1.1.1	0
ENSMUSG00000032012	ENSMUSG00000111334	lncgDivg	n.n.1	0	ENSG00000110400	ENSG00000255247	lncgDivg	1.1.1	0
ENSMUSG00000032012	ENSMUSG00000111334	lncgDivg	n.n.1	0	ENSG00000110400	ENSG00000254854	lncgDivg	1.1.1	383
ENSMUSG00000032013	ENSMUSG00000110823	lincSS.dw	n.1.1	20158	ENSG00000137699	ENSG00000255216	lincSS.dw	n.1.1	97666
ENSMUSG00000032017	ENSMUSG00000120815	lncgDivg	n.1.1	0	ENSG00000149403	ENSG00000250493	lncgDivg	1.1.1	0
ENSMUSG00000032017	ENSMUSG00000110749	lncgDivg	1.1.1	2308	ENSG00000149403	ENSG00000250493	lncgDivg	1.1.1	0
ENSMUSG00000032020	ENSMUSG00000110747	lncgDivg	1.1.1	0	ENSG00000154127	ENSG00000286341	lncgDivg	1.1.1	0
ENSMUSG00000032024	ENSMUSG00000087135	lncgDivg	n.1.1	0	ENSG00000166250	ENSG00000254710	lncgDivg	1.1.1	0
ENSMUSG00000032024	ENSMUSG00000111189	lncgDivg	n.1.1	0	ENSG00000166250	ENSG00000254710	lncgDivg	1.1.1	0
ENSMUSG00000032024	ENSMUSG00000086014	lncgDivg	1.1.1	0	ENSG00000166250	ENSG00000254710	lncgDivg	1.1.1	0
ENSMUSG00000032030	ENSMUSG00000086914	lncgDivg	1.1.1	0	ENSG00000166266	ENSG00000288012	lncgDivg	1.1.1	0
ENSMUSG00000032034	ENSMUSG00000111056	lncgDivg	n.1.1	4332	ENSG00000120457	ENSG00000174370	lncgDivg	n.1.1	0
ENSMUSG00000032035	ENSMUSG00000098843	lncgDivg	1.1.1	0	ENSG00000134954	ENSG00000254588	lncgDivg	1.1.1	0
ENSMUSG00000032036	ENSMUSG00000053889	lncgDivg	1.1.1	0	ENSG00000149571	ENSG00000255317	lncgDivg	1.1.1	0
ENSMUSG00000032036	ENSMUSG00000053889	lncgDivg	1.1.1	0	ENSG00000149571	ENSG00000257271	lncgDivg	1.1.1	0
ENSMUSG00000032036	ENSMUSG00000053889	lncgDivg	1.1.1	0	ENSG00000149571	ENSG00000254607	lncgDivg	n.1.1	0
ENSMUSG00000032036	ENSMUSG00000053889	lncgDivg	1.1.1	0	ENSG00000149571	ENSG00000254960	lncgDivg	n.1.1	0
ENSMUSG00000032036	ENSMUSG00000053889	lncgDivg	1.1.1	0	ENSG00000149571	ENSG00000218109	lncgDivg	1.1.1	0
ENSMUSG00000032041	ENSMUSG00000110774	lncgDivg	1.1.1	0	ENSG00000150455	ENSG00000254905	lncgDivg	1.1.1	0
ENSMUSG00000032044	ENSMUSG00000111059	lincConv	1.1.1	23991	ENSG00000165526	ENSG00000254833	lincConv	1.1.1	26061
ENSMUSG00000032076	ENSMUSG00000119966	lncgDivg	1.1.1	77	ENSG00000182985	ENSG00000256315	lncgDivg	n.1.1	0
ENSMUSG00000032076	ENSMUSG00000119966	lncgDivg	1.1.1	77	ENSG00000182985	ENSG00000255580	lncgDivg	1.1.1	0
ENSMUSG00000032076	ENSMUSG00000119966	lncgDivg	1.1.1	77	ENSG00000182985	ENSG00000256972	lncgDivg	1.1.1	0
ENSMUSG00000032080	ENSMUSG00000074373	lncgConv	1.1.1	0	ENSG00000110244	ENSG00000285513	lncgConv	1.1.1	0
ENSMUSG00000032086	ENSMUSG00000089810	lncgDivg	1.1.1	0	ENSG00000186318	ENSG00000278768	lncgDivg	n.1.1	0
ENSMUSG00000032087	ENSMUSG00000097074	lncgDivg	n.n.1	0	ENSG00000177103	ENSG00000270403	lncgDivg	1.1.1	0
ENSMUSG00000032097	ENSMUSG00000120036	lncgDivg	1.1.1	297	ENSG00000110367	ENSG00000278376	lncgDivg	1.1.1	38
ENSMUSG00000032178	ENSMUSG00000110915	lncgDivg	1.1.1	0	ENSG00000129351	ENSG00000267100	lncgDivg	1.1.1	429
ENSMUSG00000032192	ENSMUSG00000111348	lncgDivg	1.1.1	0	ENSG00000069966	ENSG00000259327	lncgDivg	1.1.1	0
ENSMUSG00000032192	ENSMUSG00000111348	lncgDivg	1.1.1	0	ENSG00000069966	ENSG00000259709	lncgDivg	n.1.1	0
ENSMUSG00000032192	ENSMUSG00000110824	lncgDivg	1.1.1	0	ENSG00000069966	ENSG00000259327	lncgDivg	1.1.1	0
ENSMUSG00000032192	ENSMUSG00000110824	lncgDivg	1.1.1	0	ENSG00000069966	ENSG00000259709	lncgDivg	n.1.1	0
ENSMUSG00000032204	ENSMUSG00000111429	lncgDivg	n.n.1	0	ENSG00000103569	ENSG00000289948	lncgDivg	1.1.1	0
ENSMUSG00000032207	ENSMUSG00000111631	lncgDivg	1.1.1	0	ENSG00000166035	ENSG00000259293	lncgDivg	1.1.1	0
ENSMUSG00000032221	ENSMUSG00000098778	lncgDivg	1.1.1	0	ENSG00000138587	ENSG00000277245	lncgDivg	1.1.1	0
ENSMUSG00000032238	ENSMUSG00000086648	lncgDivg	1.1.1	0	ENSG00000069667	ENSG00000273958	lncgDivg	1.1.1	0
ENSMUSG00000032238	ENSMUSG00000086648	lncgDivg	1.1.1	0	ENSG00000069667	ENSG00000287508	lncgDivg	1.1.1	0
ENSMUSG00000032238	ENSMUSG00000086648	lncgDivg	1.1.1	0	ENSG00000069667	ENSG00000259591	lncgDivg	n.1.1	0
ENSMUSG00000032238	ENSMUSG00000086648	lncgDivg	1.1.1	0	ENSG00000069667	ENSG00000286457	lncgDivg	1.1.1	0
ENSMUSG00000032238	ENSMUSG00000086648	lncgDivg	1.1.1	0	ENSG00000069667	ENSG00000259481	lncgDivg	1.1.1	0
ENSMUSG00000032238	ENSMUSG00000086648	lncgDivg	1.1.1	0	ENSG00000069667	ENSG00000259575	lncgDivg	1.1.1	0
ENSMUSG00000032238	ENSMUSG00000086648	lncgDivg	1.1.1	0	ENSG00000069667	ENSG00000259482	lncgDivg	n.1.1	0
ENSMUSG00000032238	ENSMUSG00000086648	lncgDivg	1.1.1	0	ENSG00000069667	ENSG00000259274	lncgDivg	1.1.1	0
ENSMUSG00000032258	ENSMUSG00000111443	lincConv	1.1.1	36315	ENSG00000135338	ENSG00000231533	lincConv	n.n.1	0
ENSMUSG00000032258	ENSMUSG00000099718	lncgDivg	1.1.1	0	ENSG00000135338	ENSG00000287811	lncgDivg	n.n.1	0
ENSMUSG00000032265	ENSMUSG00000111663	lincSS.up	1.1.1	90687	ENSG00000112773	ENSG00000224995	lincSS.up	1.1.1	60512
ENSMUSG00000032265	ENSMUSG00000111840	lincSS.up	n.1.1	5004	ENSG00000112773	ENSG00000224995	lincSS.up	1.1.1	60512
ENSMUSG00000032289	ENSMUSG00000111296	lncgDivg	1.1.1	0	ENSG00000187720	ENSG00000278408	lncgDivg	1.1.1	0
ENSMUSG00000032289	ENSMUSG00000111296	lncgDivg	1.1.1	0	ENSG00000187720	ENSG00000259964	lncgDivg	n.1.1	0
ENSMUSG00000032289	ENSMUSG00000111296	lncgDivg	1.1.1	0	ENSG00000187720	ENSG00000225362	lncgDivg	n.n.1	0
ENSMUSG00000032318	ENSMUSG00000090270	lncgDivg	n.1.1	0	ENSG00000159556	ENSG00000259514	lncgDivg	1.1.1	0
ENSMUSG00000032329	ENSMUSG00000110821	lincSS.dw	1.1.1	42969	ENSG00000140382	ENSG00000259362	lincSS.dw	1.1.1	39933
ENSMUSG00000032340	ENSMUSG00000111846	lncgDivg	1.1.1	0	ENSG00000067141	ENSG00000259528	lncgDivg	1.1.1	0
ENSMUSG00000032352	ENSMUSG00000099094	lncgDivg	n.1.1	332	ENSG00000137269	ENSG00000271218	lncgDivg	1.1.1	0
ENSMUSG00000032352	ENSMUSG00000099094	lncgDivg	n.1.1	332	ENSG00000137269	ENSG00000227885	lncgDivg	n.n.1	0
ENSMUSG00000032357	ENSMUSG00000098370	lncgDivg	1.1.1	888	ENSG00000137251	ENSG00000228231	lncgDivg	1.1.1	0
ENSMUSG00000032366	ENSMUSG00000121089	lncgDivg	1.1.1	0	ENSG00000140416	ENSG00000259627	lncgDivg	1.1.1	0
ENSMUSG00000032366	ENSMUSG00000121089	lncgDivg	1.1.1	0	ENSG00000140416	ENSG00000259498	lncgDivg	n.1.1	0
ENSMUSG00000032376	ENSMUSG00000086387	lncgDivg	1.1.1	0	ENSG00000140455	ENSG00000276651	lncgDivg	1.1.1	1428
ENSMUSG00000032407	ENSMUSG00000101037	lncgDivg	1.1.1	0	ENSG00000163714	ENSG00000268129	lncgDivg	1.1.1	0
ENSMUSG00000032440	ENSMUSG00000111324	lincDivg	1.1.1	43442	ENSG00000163513	ENSG00000227549	lincDivg	n.1.1	80347
ENSMUSG00000032440	ENSMUSG00000111729	lincDivg	n.1.1	22605	ENSG00000163513	ENSG00000227549	lincDivg	n.1.1	80347
ENSMUSG00000032440	ENSMUSG00000111243	lincDivg	n.1.1	13810	ENSG00000163513	ENSG00000227549	lincDivg	n.1.1	80347
ENSMUSG00000032446	ENSMUSG00000098161	lincDivg	n.1.1	72063	ENSG00000163508	ENSG00000225548	lincDivg	n.1.1	74841
ENSMUSG00000032446	ENSMUSG00000110692	lncgConv	1.1.1	0	ENSG00000163508	ENSG00000272282	lncgConv	1.1.1	1944
ENSMUSG00000032449	ENSMUSG00000120955	lincDivg	1.1.1	29956	ENSG00000114120	ENSG00000261826	lincDivg	1.1.1	74047
ENSMUSG00000032452	ENSMUSG00000090255	lncgDivg	n.1.1	0	ENSG00000158258	ENSG00000251058	lncgDivg	1.1.1	0
ENSMUSG00000032452	ENSMUSG00000090255	lncgDivg	n.1.1	0	ENSG00000158258	ENSG00000249290	lncgDivg	n.1.1	0
ENSMUSG00000032452	ENSMUSG00000090255	lncgDivg	n.1.1	0	ENSG00000158258	ENSG00000250433	lncgDivg	1.1.1	0
ENSMUSG00000032459	ENSMUSG00000102861	lncgDivg	1.1.1	0	ENSG00000175110	ENSG00000286988	lncgDivg	1.1.1	0
ENSMUSG00000032459	ENSMUSG00000102861	lncgDivg	1.1.1	0	ENSG00000175110	ENSG00000272656	lncgDivg	1.1.1	0
ENSMUSG00000032473	ENSMUSG00000089655	lncgDivg	1.1.1	0	ENSG00000066405	ENSG00000272609	lncgDivg	1.1.1	0
ENSMUSG00000032487	ENSMUSG00000097754	lincConv	n.1.1	50816	ENSG00000073756	ENSG00000288562	lincConv	1.1.1	45172
ENSMUSG00000032487	ENSMUSG00000097028	lncgDivg	n.1.1	214	ENSG00000073756	ENSG00000273129	lncgDivg	1.1.1	0
ENSMUSG00000032503	ENSMUSG00000087038	lncgDivg	n.n.1	0	ENSG00000172995	ENSG00000230830	lncgDivg	1.1.1	0
ENSMUSG00000032503	ENSMUSG00000089718	lncgDivg	1.1.1	0	ENSG00000172995	ENSG00000230830	lncgDivg	1.1.1	0
ENSMUSG00000032515	ENSMUSG00000111639	lncgDivg	n.1.1	0	ENSG00000144655	ENSG00000283849	lncgDivg	1.1.1	0
ENSMUSG00000032515	ENSMUSG00000111639	lncgDivg	n.1.1	0	ENSG00000144655	ENSG00000284669	lncgDivg	1.1.1	0
ENSMUSG00000032517	ENSMUSG00000111219	lncgSS.dw	1.1.1	0	ENSG00000168314	ENSG00000289279	lncgSS.dw	1.1.1	0
ENSMUSG00000032531	ENSMUSG00000093812	lincSS.dw	1.1.1	6230	ENSG00000114019	ENSG00000260633	lincSS.dw	1.1.1	6114
ENSMUSG00000032531	ENSMUSG00000110884	lincSS.dw	1.1.1	38077	ENSG00000114019	ENSG00000260633	lincSS.dw	1.1.1	6114
ENSMUSG00000032537	ENSMUSG00000057710	lncgConv	n.n.1	0	ENSG00000154928	ENSG00000240086	lncgConv	n.n.1	0
ENSMUSG00000032537	ENSMUSG00000120943	lncgDivg	n.1.1	0	ENSG00000154928	ENSG00000286982	lncgDivg	1.1.1	0
ENSMUSG00000032540	ENSMUSG00000111146	lincConv	n.1.1	54294	ENSG00000011198	ENSG00000235886	lincConv	1.1.1	44590
ENSMUSG00000032558	ENSMUSG00000111035	lncgDivg	1.1.1	161	ENSG00000113971	ENSG00000248724	lncgDivg	n.1.1	0
ENSMUSG00000032570	ENSMUSG00000099373	lncgDivg	1.1.1	0	ENSG00000017260	ENSG00000250592	lncgDivg	1.1.1	0
ENSMUSG00000032570	ENSMUSG00000120939	lncgDivg	1.1.1	0	ENSG00000017260	ENSG00000250592	lncgDivg	1.1.1	0
ENSMUSG00000032580	ENSMUSG00000102899	lncgDivg	1.1.1	0	ENSG00000003756	ENSG00000281691	lncgDivg	1.1.1	0
ENSMUSG00000032589	ENSMUSG00000102224	lncgDivg	n.1.1	0	ENSG00000164061	ENSG00000226913	lncgDivg	n.1.1	111
ENSMUSG00000032589	ENSMUSG00000102224	lncgDivg	n.1.1	0	ENSG00000164061	ENSG00000235120	lncgDivg	1.1.1	0
ENSMUSG00000032615	ENSMUSG00000084766	lincSS.dw	1.1.1	17406	ENSG00000205309	ENSG00000290056	lincSS.dw	1.1.1	44153
ENSMUSG00000032625	ENSMUSG00000107422	lncgDivg	1.1.1	0	ENSG00000005108	ENSG00000230435	lncgDivg	1.1.1	0
ENSMUSG00000032641	ENSMUSG00000100876	lncgDivg	1.1.1	0	ENSG00000183150	ENSG00000257004	lncgDivg	1.1.1	0
ENSMUSG00000032666	ENSMUSG00000100685	lncgDivg	1.1.1	0	ENSG00000116667	ENSG00000271387	lncgDivg	1.1.1	325
ENSMUSG00000032688	ENSMUSG00000118078	lincSS.up	1.1.1	15396	ENSG00000172175	ENSG00000275418	lincSS.up	1.1.1	10941
ENSMUSG00000032712	ENSMUSG00000121190	lncgDivg	1.1.1	0	ENSG00000174718	ENSG00000255760	lncgDivg	n.1.1	37
ENSMUSG00000032773	ENSMUSG00000117763	lncgDivg	1.1.1	454	ENSG00000168539	ENSG00000257002	lncgDivg	1.1.1	0
ENSMUSG00000032776	ENSMUSG00000108800	lincConv	1.1.1	50513	ENSG00000140563	ENSG00000285866	lincConv	1.1.1	99554
ENSMUSG00000032812	ENSMUSG00000110239	lncgDivg	n.1.1	33	ENSG00000186635	ENSG00000245148	lncgDivg	1.1.1	0
ENSMUSG00000032812	ENSMUSG00000110239	lncgDivg	n.1.1	33	ENSG00000186635	ENSG00000256007	lncgDivg	1.1.1	0
ENSMUSG00000032812	ENSMUSG00000110239	lncgDivg	n.1.1	33	ENSG00000186635	ENSG00000286555	lncgDivg	1.1.1	0
ENSMUSG00000032826	ENSMUSG00000097456	lncgDivg	n.1.1	0	ENSG00000145362	ENSG00000251126	lncgDivg	1.1.1	0
ENSMUSG00000032826	ENSMUSG00000097456	lncgDivg	n.1.1	0	ENSG00000145362	ENSG00000249373	lncgDivg	1.1.1	0
ENSMUSG00000032826	ENSMUSG00000097456	lncgDivg	n.1.1	0	ENSG00000145362	ENSG00000248152	lncgDivg	n.1.1	0
ENSMUSG00000032841	ENSMUSG00000087465	lncgDivg	1.1.1	0	ENSG00000135362	ENSG00000254566	lncgDivg	1.1.1	0
ENSMUSG00000032841	ENSMUSG00000087465	lncgDivg	1.1.1	0	ENSG00000135362	ENSG00000255060	lncgDivg	1.1.1	0
ENSMUSG00000032845	ENSMUSG00000118017	lincConv	n.1.1	12908	ENSG00000198796	ENSG00000267391	lincConv	n.1.1	27481
ENSMUSG00000032845	ENSMUSG00000118101	lncgDivg	1.1.1	0	ENSG00000198796	ENSG00000267579	lncgDivg	1.1.1	0
ENSMUSG00000032845	ENSMUSG00000118101	lncgDivg	1.1.1	0	ENSG00000198796	ENSG00000267257	lncgDivg	1.1.1	0
ENSMUSG00000032845	ENSMUSG00000118163	lncgDivg	n.1.1	0	ENSG00000198796	ENSG00000267579	lncgDivg	1.1.1	0
ENSMUSG00000032845	ENSMUSG00000118163	lncgDivg	n.1.1	0	ENSG00000198796	ENSG00000267257	lncgDivg	1.1.1	0
ENSMUSG00000032845	ENSMUSG00000117721	lncgDivg	1.1.1	0	ENSG00000198796	ENSG00000267579	lncgDivg	1.1.1	0
ENSMUSG00000032845	ENSMUSG00000117721	lncgDivg	1.1.1	0	ENSG00000198796	ENSG00000267257	lncgDivg	1.1.1	0
ENSMUSG00000032849	ENSMUSG00000099911	lincConv	1.1.1	84522	ENSG00000125257	ENSG00000260962	lincConv	1.1.1	58516
ENSMUSG00000032867	ENSMUSG00000029360	lncgDivg	1.1.1	0	ENSG00000174989	ENSG00000257279	lncgDivg	1.1.1	0
ENSMUSG00000032867	ENSMUSG00000029360	lncgDivg	1.1.1	0	ENSG00000174989	ENSG00000274554	lncgDivg	1.1.1	0
ENSMUSG00000032878	ENSMUSG00000084966	lincDivg	1.1.1	97240	ENSG00000055813	ENSG00000229805	lincDivg	1.1.1	93608
ENSMUSG00000032913	ENSMUSG00000104768	lncgDivg	1.1.1	0	ENSG00000198799	ENSG00000238198	lncgDivg	1.1.1	85
ENSMUSG00000032977	ENSMUSG00000112818	lincConv	1.1.1	15032	ENSG00000160256	ENSG00000234880	lincConv	n.1.1	12875
ENSMUSG00000032977	ENSMUSG00000112818	lincConv	1.1.1	15032	ENSG00000160256	ENSG00000261706	lincConv	1.1.1	17373
ENSMUSG00000032977	ENSMUSG00000112818	lincConv	1.1.1	15032	ENSG00000160256	ENSG00000275874	lincConv	1.1.1	22219
ENSMUSG00000033016	ENSMUSG00000118265	lncgDivg	1.1.1	0	ENSG00000131196	ENSG00000286186	lncgDivg	1.1.1	0
ENSMUSG00000033016	ENSMUSG00000118265	lncgDivg	1.1.1	0	ENSG00000131196	ENSG00000275186	lncgDivg	1.1.1	0
ENSMUSG00000033032	ENSMUSG00000098702	lncgConv	n.n.n	0	ENSG00000157510	ENSG00000285736	lncgConv	1.1.1	0
ENSMUSG00000033068	ENSMUSG00000100630	lincDivg	1.1.1	24421	ENSG00000197586	ENSG00000286472	lincDivg	1.1.1	7844
ENSMUSG00000033068	ENSMUSG00000100630	lincDivg	1.1.1	24421	ENSG00000197586	ENSG00000230725	lincDivg	n.1.1	46321
ENSMUSG00000033096	ENSMUSG00000086407	lncgDivg	1.1.1	0	ENSG00000101474	ENSG00000286444	lncgDivg	1.1.1	0
ENSMUSG00000033105	ENSMUSG00000086241	lncgConv	1.1.1	0	ENSG00000160285	ENSG00000228404	lncgConv	1.1.1	0
ENSMUSG00000033149	ENSMUSG00000085781	lncgDivg	1.1.1	0	ENSG00000144824	ENSG00000286492	lncgDivg	1.1.1	0
ENSMUSG00000033159	ENSMUSG00000121256	lncgDivg	1.1.1	0	ENSG00000115649	ENSG00000290093	lncgDivg	1.1.1	0
ENSMUSG00000033161	ENSMUSG00000106070	lincDivg	1.1.1	87105	ENSG00000163399	ENSG00000287217	lincDivg	1.1.1	75047
ENSMUSG00000033174	ENSMUSG00000097730	lncgDivg	n.1.1	0	ENSG00000074416	ENSG00000287143	lncgDivg	1.1.1	0
ENSMUSG00000033207	ENSMUSG00000117837	lncgConv	1.1.1	2247	ENSG00000165072	ENSG00000268364	lncgConv	n.n.n	0
ENSMUSG00000033207	ENSMUSG00000118092	lncgDivg	1.1.1	0	ENSG00000165072	ENSG00000204706	lncgDivg	n.n.1	0
ENSMUSG00000033216	ENSMUSG00000107561	lncgDivg	1.1.1	0	ENSG00000132394	ENSG00000285619	lncgDivg	1.1.1	0
ENSMUSG00000033237	ENSMUSG00000097536	lncgDivg	n.1.1	3023	ENSG00000189079	ENSG00000289229	lncgDivg	1.1.1	942
ENSMUSG00000033237	ENSMUSG00000097536	lncgDivg	n.1.1	3023	ENSG00000189079	ENSG00000273015	lncgDivg	1.1.1	1846
ENSMUSG00000033278	ENSMUSG00000114563	lncgDivg	1.1.1	0	ENSG00000173482	ENSG00000266149	lncgDivg	1.1.1	0
ENSMUSG00000033278	ENSMUSG00000114563	lncgDivg	1.1.1	0	ENSG00000173482	ENSG00000266767	lncgDivg	n.1.1	0
ENSMUSG00000033278	ENSMUSG00000114563	lncgDivg	1.1.1	0	ENSG00000173482	ENSG00000286627	lncgDivg	1.1.1	0
ENSMUSG00000033278	ENSMUSG00000114563	lncgDivg	1.1.1	0	ENSG00000173482	ENSG00000286649	lncgDivg	1.1.1	0
ENSMUSG00000033278	ENSMUSG00000114291	lncgDivg	1.1.1	0	ENSG00000173482	ENSG00000266149	lncgDivg	1.1.1	0
ENSMUSG00000033278	ENSMUSG00000114291	lncgDivg	1.1.1	0	ENSG00000173482	ENSG00000266767	lncgDivg	n.1.1	0
ENSMUSG00000033278	ENSMUSG00000114291	lncgDivg	1.1.1	0	ENSG00000173482	ENSG00000286627	lncgDivg	1.1.1	0
ENSMUSG00000033278	ENSMUSG00000114291	lncgDivg	1.1.1	0	ENSG00000173482	ENSG00000286649	lncgDivg	1.1.1	0
ENSMUSG00000033278	ENSMUSG00000114492	lncgDivg	1.1.1	0	ENSG00000173482	ENSG00000266149	lncgDivg	1.1.1	0
ENSMUSG00000033278	ENSMUSG00000114492	lncgDivg	1.1.1	0	ENSG00000173482	ENSG00000266767	lncgDivg	n.1.1	0
ENSMUSG00000033278	ENSMUSG00000114492	lncgDivg	1.1.1	0	ENSG00000173482	ENSG00000286627	lncgDivg	1.1.1	0
ENSMUSG00000033278	ENSMUSG00000114492	lncgDivg	1.1.1	0	ENSG00000173482	ENSG00000286649	lncgDivg	1.1.1	0
ENSMUSG00000033306	ENSMUSG00000119959	lncgDivg	n.1.1	0	ENSG00000145012	ENSG00000270959	lncgDivg	1.1.1	0
ENSMUSG00000033306	ENSMUSG00000119959	lncgDivg	n.1.1	0	ENSG00000145012	ENSG00000224563	lncgDivg	1.1.1	0
ENSMUSG00000033308	ENSMUSG00000097311	lincSS.up	n.1.1	32107	ENSG00000188641	ENSG00000288810	lincSS.up	1.1.1	52173
ENSMUSG00000033308	ENSMUSG00000097311	lincSS.up	n.1.1	32107	ENSG00000188641	ENSG00000285922	lincSS.up	1.1.1	57077
ENSMUSG00000033323	ENSMUSG00000120406	lncgDivg	1.1.1	429	ENSG00000060069	ENSG00000274828	lncgDivg	1.1.1	439
ENSMUSG00000033323	ENSMUSG00000120406	lncgDivg	1.1.1	429	ENSG00000060069	ENSG00000266901	lncgDivg	1.1.1	0
ENSMUSG00000033323	ENSMUSG00000120406	lncgDivg	1.1.1	429	ENSG00000060069	ENSG00000178412	lncgDivg	1.1.1	58
ENSMUSG00000033323	ENSMUSG00000118070	lncgDivg	1.1.1	0	ENSG00000060069	ENSG00000274828	lncgDivg	1.1.1	439
ENSMUSG00000033323	ENSMUSG00000118070	lncgDivg	1.1.1	0	ENSG00000060069	ENSG00000266901	lncgDivg	1.1.1	0
ENSMUSG00000033323	ENSMUSG00000118070	lncgDivg	1.1.1	0	ENSG00000060069	ENSG00000178412	lncgDivg	1.1.1	58
ENSMUSG00000033352	ENSMUSG00000120678	lincSS.dw	n.1.1	38391	ENSG00000065559	ENSG00000265400	lincSS.dw	1.1.1	57770
ENSMUSG00000033389	ENSMUSG00000118601	lncgDivg	1.1.1	0	ENSG00000006740	ENSG00000263707	lncgDivg	1.1.1	0
ENSMUSG00000033389	ENSMUSG00000118601	lncgDivg	1.1.1	0	ENSG00000006740	ENSG00000277621	lncgDivg	1.1.1	0
ENSMUSG00000033420	ENSMUSG00000108006	lncgDivg	1.1.1	0	ENSG00000169604	ENSG00000286347	lncgDivg	1.1.1	0
ENSMUSG00000033487	ENSMUSG00000090216	lncgDivg	1.1.1	0	ENSG00000102531	ENSG00000275202	lncgDivg	1.1.1	0
ENSMUSG00000033502	ENSMUSG00000106005	lncgDivg	1.1.1	0	ENSG00000079335	ENSG00000228086	lncgDivg	1.1.1	0
ENSMUSG00000033530	ENSMUSG00000113895	lncgDivg	n.n.1	0	ENSG00000165914	ENSG00000259163	lncgDivg	n.n.1	0
ENSMUSG00000033530	ENSMUSG00000113895	lncgDivg	n.n.1	0	ENSG00000165914	ENSG00000287663	lncgDivg	1.1.1	0
ENSMUSG00000033530	ENSMUSG00000113895	lncgDivg	n.n.1	0	ENSG00000165914	ENSG00000258716	lncgDivg	1.1.1	0
ENSMUSG00000033530	ENSMUSG00000113895	lncgDivg	n.n.1	0	ENSG00000165914	ENSG00000258935	lncgDivg	1.1.1	0
ENSMUSG00000033530	ENSMUSG00000113895	lncgDivg	n.n.1	0	ENSG00000165914	ENSG00000258437	lncgDivg	1.1.1	0
ENSMUSG00000033542	ENSMUSG00000108190	lncgDivg	1.1.1	0	ENSG00000050327	ENSG00000244479	lncgDivg	n.n.n	0
ENSMUSG00000033554	ENSMUSG00000054426	lncgDivg	n.1.1	0	ENSG00000117543	ENSG00000233184	lncgDivg	n.n.1	0
ENSMUSG00000033554	ENSMUSG00000054426	lncgDivg	n.1.1	0	ENSG00000117543	ENSG00000235795	lncgDivg	1.1.1	0
ENSMUSG00000033565	ENSMUSG00000097267	lncgDivg	n.n.1	0	ENSG00000100320	ENSG00000279652	lncgDivg	1.1.1	0
ENSMUSG00000033624	ENSMUSG00000084808	lncgConv	n.1.1	0	ENSG00000090857	ENSG00000247228	lncgConv	n.1.1	0
ENSMUSG00000033653	ENSMUSG00000120420	lincSS.up	n.1.1	82947	ENSG00000156931	ENSG00000288576	lincSS.up	1.1.1	31423
ENSMUSG00000033671	ENSMUSG00000102558	lncgConv	1.1.1	0	ENSG00000135837	ENSG00000261817	lncgConv	1.1.1	2260
ENSMUSG00000033701	ENSMUSG00000073535	lincDivg	n.1.1	30901	ENSG00000230124	ENSG00000236719	lincDivg	n.1.1	44482
ENSMUSG00000033713	ENSMUSG00000100211	lincSS.up	1.1.1	62471	ENSG00000053254	ENSG00000258792	lincSS.up	n.1.1	9772
ENSMUSG00000033713	ENSMUSG00000097917	lncgDivg	n.1.1	214	ENSG00000053254	ENSG00000258920	lncgDivg	1.1.1	0
ENSMUSG00000033713	ENSMUSG00000097917	lncgDivg	n.1.1	214	ENSG00000053254	ENSG00000258380	lncgDivg	1.1.1	0
ENSMUSG00000033713	ENSMUSG00000097917	lncgDivg	n.1.1	214	ENSG00000053254	ENSG00000259073	lncgDivg	1.1.1	0
ENSMUSG00000033713	ENSMUSG00000097917	lncgDivg	n.1.1	214	ENSG00000053254	ENSG00000258699	lncgDivg	1.1.1	0
ENSMUSG00000033713	ENSMUSG00000097917	lncgDivg	n.1.1	214	ENSG00000053254	ENSG00000258752	lncgDivg	n.n.1	0
ENSMUSG00000033713	ENSMUSG00000097917	lncgDivg	n.1.1	214	ENSG00000053254	ENSG00000277801	lncgDivg	1.1.1	0
ENSMUSG00000033713	ENSMUSG00000033731	lncgDivg	n.n.1	0	ENSG00000053254	ENSG00000258920	lncgDivg	1.1.1	0
ENSMUSG00000033713	ENSMUSG00000033731	lncgDivg	n.n.1	0	ENSG00000053254	ENSG00000258380	lncgDivg	1.1.1	0
ENSMUSG00000033713	ENSMUSG00000033731	lncgDivg	n.n.1	0	ENSG00000053254	ENSG00000259073	lncgDivg	1.1.1	0
ENSMUSG00000033713	ENSMUSG00000033731	lncgDivg	n.n.1	0	ENSG00000053254	ENSG00000258699	lncgDivg	1.1.1	0
ENSMUSG00000033713	ENSMUSG00000033731	lncgDivg	n.n.1	0	ENSG00000053254	ENSG00000258752	lncgDivg	n.n.1	0
ENSMUSG00000033713	ENSMUSG00000033731	lncgDivg	n.n.1	0	ENSG00000053254	ENSG00000277801	lncgDivg	1.1.1	0
ENSMUSG00000033713	ENSMUSG00000113138	lncgSS.up	1.1.1	4300	ENSG00000053254	ENSG00000259053	lncgSS.up	1.1.1	0
ENSMUSG00000033713	ENSMUSG00000093465	lncgSS.up	1.1.1	0	ENSG00000053254	ENSG00000259053	lncgSS.up	1.1.1	0
ENSMUSG00000033768	ENSMUSG00000052188	lncgDivg	n.1.1	0	ENSG00000110076	ENSG00000237410	lncgDivg	1.1.1	0
ENSMUSG00000033768	ENSMUSG00000052188	lncgDivg	n.1.1	0	ENSG00000110076	ENSG00000289058	lncgDivg	1.1.1	0
ENSMUSG00000033788	ENSMUSG00000107682	lncgDivg	1.1.1	0	ENSG00000135636	ENSG00000289327	lncgDivg	1.1.1	0
ENSMUSG00000033788	ENSMUSG00000087001	lncgDivg	1.1.1	0	ENSG00000135636	ENSG00000289327	lncgDivg	1.1.1	0
ENSMUSG00000033805	ENSMUSG00000106396	lncgDivg	1.1.1	0	ENSG00000172031	ENSG00000289483	lncgDivg	1.1.1	82
ENSMUSG00000033826	ENSMUSG00000118119	lncgDivg	1.1.1	0	ENSG00000124721	ENSG00000236355	lncgDivg	1.1.1	94
ENSMUSG00000033826	ENSMUSG00000118119	lncgDivg	1.1.1	0	ENSG00000124721	ENSG00000231150	lncgDivg	n.1.1	0
ENSMUSG00000033826	ENSMUSG00000099474	lncgDivg	1.1.1	0	ENSG00000124721	ENSG00000236355	lncgDivg	1.1.1	94
ENSMUSG00000033826	ENSMUSG00000099474	lncgDivg	1.1.1	0	ENSG00000124721	ENSG00000231150	lncgDivg	n.1.1	0
ENSMUSG00000033826	ENSMUSG00000117760	lncgDivg	1.1.1	0	ENSG00000124721	ENSG00000236355	lncgDivg	1.1.1	94
ENSMUSG00000033826	ENSMUSG00000117760	lncgDivg	1.1.1	0	ENSG00000124721	ENSG00000231150	lncgDivg	n.1.1	0
ENSMUSG00000033863	ENSMUSG00000044387	lincSS.up	1.1.1	5509	ENSG00000119138	ENSG00000289159	lincSS.up	1.1.1	5041
ENSMUSG00000033902	ENSMUSG00000087458	lncgConv	1.1.1	0	ENSG00000137802	ENSG00000250379	lncgConv	n.n.1	0
ENSMUSG00000033987	ENSMUSG00000085511	lncgDivg	1.1.1	0	ENSG00000187775	ENSG00000267432	lncgDivg	n.1.1	0
ENSMUSG00000034021	ENSMUSG00000107047	lincConv	1.1.1	53273	ENSG00000083642	ENSG00000226968	lincConv	1.1.1	99412
ENSMUSG00000034021	ENSMUSG00000107048	lncgSS.dw	1.1.1	0	ENSG00000083642	ENSG00000277151	lncgSS.dw	1.1.1	4855
ENSMUSG00000034037	ENSMUSG00000087317	lncgDivg	1.1.1	0	ENSG00000154783	ENSG00000260902	lncgDivg	1.1.1	0
ENSMUSG00000034156	ENSMUSG00000084796	lncgSS.up	n.1.1	3265	ENSG00000005379	ENSG00000265206	lncgSS.up	1.1.1	2084
ENSMUSG00000034168	ENSMUSG00000120428	lincDivg	1.1.1	10411	ENSG00000119669	ENSG00000246548	lincDivg	1.1.1	12356
ENSMUSG00000034168	ENSMUSG00000120715	lincSS.dw	1.1.1	55753	ENSG00000119669	ENSG00000285966	lincSS.dw	1.1.1	23934
ENSMUSG00000034205	ENSMUSG00000098975	lncgDivg	n.n.n	0	ENSG00000134013	ENSG00000253837	lncgDivg	n.n.1	0
ENSMUSG00000034220	ENSMUSG00000100781	lncgDivg	1.1.1	0	ENSG00000063660	ENSG00000218416	lncgDivg	n.n.1	0
ENSMUSG00000034220	ENSMUSG00000101995	lncgDivg	1.1.1	0	ENSG00000063660	ENSG00000218416	lncgDivg	n.n.1	0
ENSMUSG00000034235	ENSMUSG00000084925	lncgConv	n.n.1	0	ENSG00000166348	ENSG00000221817	lncgConv	n.n.n	0
ENSMUSG00000034235	ENSMUSG00000099966	lncgDivg	1.1.1	0	ENSG00000166348	ENSG00000268584	lncgDivg	1.1.1	0
ENSMUSG00000034243	ENSMUSG00000084834	lncgDivg	1.1.1	0	ENSG00000173230	ENSG00000288868	lncgDivg	1.1.1	0
ENSMUSG00000034245	ENSMUSG00000085624	lncgDivg	1.1.1	0	ENSG00000163517	ENSG00000244502	lncgDivg	1.1.1	0
ENSMUSG00000034247	ENSMUSG00000110636	lncgDivg	n.1.1	101	ENSG00000225190	ENSG00000236234	lncgDivg	1.1.1	0
ENSMUSG00000034255	ENSMUSG00000085887	lncgDivg	1.1.1	0	ENSG00000159314	ENSG00000267344	lncgDivg	1.1.1	0
ENSMUSG00000034255	ENSMUSG00000085360	lncgDivg	1.1.1	0	ENSG00000159314	ENSG00000267344	lncgDivg	1.1.1	0
ENSMUSG00000034255	ENSMUSG00000085733	lncgDivg	1.1.1	0	ENSG00000159314	ENSG00000267344	lncgDivg	1.1.1	0
ENSMUSG00000034265	ENSMUSG00000120361	lncgDivg	1.1.1	0	ENSG00000175048	ENSG00000286482	lncgDivg	1.1.1	91
ENSMUSG00000034271	ENSMUSG00000113165	lncgDivg	1.1.1	0	ENSG00000140044	ENSG00000259319	lncgDivg	n.n.1	0
ENSMUSG00000034303	ENSMUSG00000111748	lncgDivg	1.1.1	0	ENSG00000149548	ENSG00000285825	lncgDivg	n.1.1	566
ENSMUSG00000034310	ENSMUSG00000105857	lncgDivg	1.1.1	0	ENSG00000151952	ENSG00000249196	lncgDivg	n.1.1	0
ENSMUSG00000034310	ENSMUSG00000105857	lncgDivg	1.1.1	0	ENSG00000151952	ENSG00000286394	lncgDivg	1.1.1	0
ENSMUSG00000034310	ENSMUSG00000105857	lncgDivg	1.1.1	0	ENSG00000151952	ENSG00000256699	lncgDivg	1.1.1	0
ENSMUSG00000034310	ENSMUSG00000105857	lncgDivg	1.1.1	0	ENSG00000151952	ENSG00000286246	lncgDivg	1.1.1	0
ENSMUSG00000034324	ENSMUSG00000104778	lincDivg	1.1.1	40711	ENSG00000181234	ENSG00000276487	lincDivg	n.1.1	75675
ENSMUSG00000034384	ENSMUSG00000097018	lincSS.up	1.1.1	7634	ENSG00000143032	ENSG00000233593	lincSS.up	n.n.n	51784
ENSMUSG00000034384	ENSMUSG00000120527	lncgDivg	n.1.1	519	ENSG00000143032	ENSG00000287076	lncgDivg	n.1.1	2274
ENSMUSG00000034391	ENSMUSG00000118198	lincSS.dw	n.1.1	90317	ENSG00000141665	ENSG00000263655	lincSS.dw	1.1.1	39192
ENSMUSG00000034394	ENSMUSG00000085512	lincSS.dw	1.1.1	12946	ENSG00000128342	ENSG00000289846	lincSS.dw	1.1.1	23698
ENSMUSG00000034413	ENSMUSG00000118232	lncgConv	1.1.1	3039	ENSG00000214357	ENSG00000253445	lncgConv	1.1.1	0
ENSMUSG00000034416	ENSMUSG00000085688	lncgDivg	1.1.1	0	ENSG00000166473	ENSG00000286759	lncgDivg	1.1.1	0
ENSMUSG00000034472	ENSMUSG00000110693	lincSS.up	1.1.1	36211	ENSG00000100302	ENSG00000273044	lincSS.up	1.1.1	13416
ENSMUSG00000034485	ENSMUSG00000111444	lincSS.dw	1.1.1	38853	ENSG00000137831	ENSG00000280639	lincSS.dw	1.1.1	67948
ENSMUSG00000034485	ENSMUSG00000052143	lncgDivg	n.1.1	0	ENSG00000137831	ENSG00000259532	lncgDivg	1.1.1	0
ENSMUSG00000034486	ENSMUSG00000092627	lncgDivg	n.1.1	0	ENSG00000168505	ENSG00000233611	lncgDivg	n.1.1	0
ENSMUSG00000034525	ENSMUSG00000101051	lncgDivg	n.1.1	0	ENSG00000164151	ENSG00000286753	lncgDivg	n.1.1	0
ENSMUSG00000034532	ENSMUSG00000120895	lncgDivg	1.1.1	0	ENSG00000214050	ENSG00000253567	lncgDivg	n.n.1	0
ENSMUSG00000034617	ENSMUSG00000113394	lincSS.dw	1.1.1	69391	ENSG00000124275	ENSG00000251168	lincSS.dw	1.1.1	18267
ENSMUSG00000034663	ENSMUSG00000105006	lncgDivg	1.1.1	325	ENSG00000138756	ENSG00000260278	lncgDivg	1.1.1	369
ENSMUSG00000034731	ENSMUSG00000120927	lncgDivg	1.1.1	0	ENSG00000102780	ENSG00000231530	lncgDivg	1.1.1	0
ENSMUSG00000034751	ENSMUSG00000090329	lncgDivg	1.1.1	0	ENSG00000069020	ENSG00000229666	lncgDivg	1.1.1	0
ENSMUSG00000034751	ENSMUSG00000091906	lncgDivg	n.1.1	0	ENSG00000069020	ENSG00000229666	lncgDivg	1.1.1	0
ENSMUSG00000034765	ENSMUSG00000118210	lncgDivg	1.1.1	0	ENSG00000138166	ENSG00000273143	lncgDivg	n.1.1	1317
ENSMUSG00000034792	ENSMUSG00000112350	lncgDivg	1.1.1	1186	ENSG00000060558	ENSG00000267551	lncgDivg	1.1.1	0
ENSMUSG00000034848	ENSMUSG00000086671	lncgDivg	1.1.1	0	ENSG00000123607	ENSG00000224490	lncgDivg	n.n.1	0
ENSMUSG00000034853	ENSMUSG00000120181	lincDivg	1.1.1	35212	ENSG00000162390	ENSG00000235741	lincDivg	1.1.1	24998
ENSMUSG00000034853	ENSMUSG00000086940	lincSS.up	1.1.1	36763	ENSG00000162390	ENSG00000287582	lincSS.up	1.1.1	24874
ENSMUSG00000034853	ENSMUSG00000120102	lincSS.up	n.1.1	34209	ENSG00000162390	ENSG00000287582	lincSS.up	1.1.1	24874
ENSMUSG00000034875	ENSMUSG00000097509	lncgDivg	1.1.1	0	ENSG00000213965	ENSG00000290058	lncgDivg	1.1.1	0
ENSMUSG00000034875	ENSMUSG00000097509	lncgDivg	1.1.1	0	ENSG00000213965	ENSG00000267475	lncgDivg	n.1.1	121
ENSMUSG00000034898	ENSMUSG00000092581	lncgDivg	1.1.1	0	ENSG00000118407	ENSG00000238156	lncgDivg	1.1.1	0
ENSMUSG00000034898	ENSMUSG00000092581	lncgDivg	1.1.1	0	ENSG00000118407	ENSG00000237174	lncgDivg	n.n.1	0
ENSMUSG00000034902	ENSMUSG00000090230	lncgDivg	1.1.1	0	ENSG00000186111	ENSG00000267304	lncgDivg	1.1.1	0
ENSMUSG00000034926	ENSMUSG00000086172	lncgDivg	1.1.1	3141	ENSG00000116133	ENSG00000287724	lncgDivg	1.1.1	0
ENSMUSG00000034926	ENSMUSG00000086172	lncgDivg	1.1.1	3141	ENSG00000116133	ENSG00000233203	lncgDivg	n.1.1	368
ENSMUSG00000034926	ENSMUSG00000086172	lncgDivg	1.1.1	3141	ENSG00000116133	ENSG00000242396	lncgDivg	n.1.1	0
ENSMUSG00000034926	ENSMUSG00000085023	lncgDivg	1.1.1	0	ENSG00000116133	ENSG00000287724	lncgDivg	1.1.1	0
ENSMUSG00000034926	ENSMUSG00000085023	lncgDivg	1.1.1	0	ENSG00000116133	ENSG00000233203	lncgDivg	n.1.1	368
ENSMUSG00000034926	ENSMUSG00000085023	lncgDivg	1.1.1	0	ENSG00000116133	ENSG00000242396	lncgDivg	n.1.1	0
ENSMUSG00000034957	ENSMUSG00000108624	lncgDivg	1.1.1	0	ENSG00000245848	ENSG00000267296	lncgDivg	1.1.1	323
ENSMUSG00000034957	ENSMUSG00000108624	lncgDivg	1.1.1	0	ENSG00000245848	ENSG00000267580	lncgDivg	1.1.1	0
ENSMUSG00000034957	ENSMUSG00000108624	lncgDivg	1.1.1	0	ENSG00000245848	ENSG00000267727	lncgDivg	1.1.1	0
ENSMUSG00000034957	ENSMUSG00000108624	lncgDivg	1.1.1	0	ENSG00000245848	ENSG00000267130	lncgDivg	1.1.1	2502
ENSMUSG00000035000	ENSMUSG00000087518	lncgDivg	1.1.1	0	ENSG00000197635	ENSG00000230918	lncgDivg	n.1.1	0
ENSMUSG00000035032	ENSMUSG00000085430	lncgDivg	1.1.1	0	ENSG00000114670	ENSG00000250129	lncgDivg	n.1.1	0
ENSMUSG00000035032	ENSMUSG00000093590	lncgDivg	1.1.1	0	ENSG00000114670	ENSG00000250129	lncgDivg	n.1.1	0
ENSMUSG00000035051	ENSMUSG00000117440	lncgDivg	1.1.1	0	ENSG00000163214	ENSG00000225284	lncgDivg	1.1.1	0
ENSMUSG00000035064	ENSMUSG00000121009	lncgDivg	1.1.1	0	ENSG00000103319	ENSG00000261113	lncgDivg	n.1.1	0
ENSMUSG00000035064	ENSMUSG00000085118	lncgDivg	1.1.1	0	ENSG00000103319	ENSG00000261113	lncgDivg	n.1.1	0
ENSMUSG00000035067	ENSMUSG00000087652	lncgDivg	1.1.1	0	ENSG00000171044	ENSG00000270076	lncgDivg	1.1.1	1132
ENSMUSG00000035104	ENSMUSG00000087136	lncgDivg	1.1.1	0	ENSG00000115363	ENSG00000237293	lncgDivg	1.1.1	0
ENSMUSG00000035104	ENSMUSG00000087136	lncgDivg	1.1.1	0	ENSG00000115363	ENSG00000231172	lncgDivg	1.1.1	0
ENSMUSG00000035107	ENSMUSG00000086827	lncgDivg	n.1.1	104	ENSG00000057019	ENSG00000239462	lncgDivg	n.1.1	350
ENSMUSG00000035125	ENSMUSG00000101404	lincDivg	1.1.1	12869	ENSG00000005436	ENSG00000270996	lincDivg	1.1.1	8135
ENSMUSG00000035125	ENSMUSG00000101404	lincDivg	1.1.1	12869	ENSG00000005436	ENSG00000287474	lincDivg	1.1.1	88989
ENSMUSG00000035131	ENSMUSG00000087627	lncgDivg	n.1.1	0	ENSG00000162670	ENSG00000237457	lncgDivg	n.1.1	147
ENSMUSG00000035131	ENSMUSG00000087627	lncgDivg	n.1.1	0	ENSG00000162670	ENSG00000241505	lncgDivg	1.1.1	1975
ENSMUSG00000035131	ENSMUSG00000087627	lncgDivg	n.1.1	0	ENSG00000162670	ENSG00000225811	lncgDivg	1.1.1	0
ENSMUSG00000035131	ENSMUSG00000099964	lncgDivg	n.1.1	0	ENSG00000162670	ENSG00000237457	lncgDivg	n.1.1	147
ENSMUSG00000035131	ENSMUSG00000099964	lncgDivg	n.1.1	0	ENSG00000162670	ENSG00000241505	lncgDivg	1.1.1	1975
ENSMUSG00000035131	ENSMUSG00000099964	lncgDivg	n.1.1	0	ENSG00000162670	ENSG00000225811	lncgDivg	1.1.1	0
ENSMUSG00000035131	ENSMUSG00000085822	lncgDivg	1.1.1	0	ENSG00000162670	ENSG00000237457	lncgDivg	n.1.1	147
ENSMUSG00000035131	ENSMUSG00000085822	lncgDivg	1.1.1	0	ENSG00000162670	ENSG00000241505	lncgDivg	1.1.1	1975
ENSMUSG00000035131	ENSMUSG00000085822	lncgDivg	1.1.1	0	ENSG00000162670	ENSG00000225811	lncgDivg	1.1.1	0
ENSMUSG00000035133	ENSMUSG00000100315	lincConv	n.1.1	28006	ENSG00000100852	ENSG00000286527	lincConv	1.1.1	40705
ENSMUSG00000035133	ENSMUSG00000120607	lincSS.up	1.1.1	56101	ENSG00000100852	ENSG00000258386	lincSS.up	1.1.1	57429
ENSMUSG00000035200	ENSMUSG00000111050	lncgDivg	1.1.1	0	ENSG00000117971	ENSG00000290426	lncgDivg	n.n.1	0
ENSMUSG00000035200	ENSMUSG00000111050	lncgDivg	1.1.1	0	ENSG00000117971	ENSG00000259555	lncgDivg	1.1.1	0
ENSMUSG00000035211	ENSMUSG00000109002	lncgDivg	n.n.1	0	ENSG00000166435	ENSG00000286943	lncgDivg	1.1.1	0
ENSMUSG00000035248	ENSMUSG00000114669	lincDivg	1.1.1	50495	ENSG00000083223	ENSG00000235819	lincDivg	n.1.1	59747
ENSMUSG00000035274	ENSMUSG00000056031	lncgDivg	n.n.1	0	ENSG00000146242	ENSG00000286875	lncgDivg	1.1.1	0
ENSMUSG00000035325	ENSMUSG00000097772	lncgSS.up	n.n.n	12502	ENSG00000138674	ENSG00000251022	lncgSS.up	n.n.n	0
ENSMUSG00000035354	ENSMUSG00000109130	lncgDivg	n.n.1	0	ENSG00000198382	ENSG00000255421	lncgDivg	1.1.1	0
ENSMUSG00000035354	ENSMUSG00000109130	lncgDivg	n.n.1	0	ENSG00000198382	ENSG00000255507	lncgDivg	n.n.n	0
ENSMUSG00000035354	ENSMUSG00000109282	lncgDivg	1.1.1	0	ENSG00000198382	ENSG00000255421	lncgDivg	1.1.1	0
ENSMUSG00000035354	ENSMUSG00000109282	lncgDivg	1.1.1	0	ENSG00000198382	ENSG00000255507	lncgDivg	n.n.n	0
ENSMUSG00000035356	ENSMUSG00000120214	lincSS.dw	n.1.1	12409	ENSG00000144802	ENSG00000214407	lincSS.dw	1.1.1	79837
ENSMUSG00000035356	ENSMUSG00000120214	lincSS.dw	n.1.1	12409	ENSG00000144802	ENSG00000287682	lincSS.dw	1.1.1	17311
ENSMUSG00000035356	ENSMUSG00000120214	lincSS.dw	n.1.1	12409	ENSG00000144802	ENSG00000241280	lincSS.dw	n.1.1	99336
ENSMUSG00000035357	ENSMUSG00000121193	lncgDivg	1.1.1	0	ENSG00000121440	ENSG00000239677	lncgDivg	n.1.1	0
ENSMUSG00000035357	ENSMUSG00000097834	lncgDivg	n.1.1	0	ENSG00000121440	ENSG00000239677	lncgDivg	n.1.1	0
ENSMUSG00000035367	ENSMUSG00000114654	lincSS.dw	1.1.1	31873	ENSG00000178966	ENSG00000227463	lincSS.dw	n.1.1	55224
ENSMUSG00000035372	ENSMUSG00000118249	lncgDivg	1.1.1	117	ENSG00000171067	ENSG00000286369	lncgDivg	n.1.1	101
ENSMUSG00000035378	ENSMUSG00000101553	lincConv	n.1.1	34564	ENSG00000144736	ENSG00000287595	lincConv	n.1.1	8736
ENSMUSG00000035378	ENSMUSG00000107663	lincConv	1.1.1	68342	ENSG00000144736	ENSG00000287595	lincConv	n.1.1	8736
ENSMUSG00000035392	ENSMUSG00000087294	lncgDivg	1.1.1	0	ENSG00000119522	ENSG00000237336	lncgDivg	1.1.1	0
ENSMUSG00000035392	ENSMUSG00000087294	lncgDivg	1.1.1	0	ENSG00000119522	ENSG00000230826	lncgDivg	1.1.1	0
ENSMUSG00000035399	ENSMUSG00000099632	lncgDivg	1.1.1	0	ENSG00000132823	ENSG00000223891	lncgDivg	n.1.1	136
ENSMUSG00000035401	ENSMUSG00000120382	lncgDivg	1.1.1	110	ENSG00000158636	ENSG00000255135	lncgDivg	n.1.1	233
ENSMUSG00000035441	ENSMUSG00000085078	lncgSS.up	1.1.1	0	ENSG00000176658	ENSG00000265222	lncgSS.up	1.1.1	0
ENSMUSG00000035441	ENSMUSG00000085078	lncgSS.up	1.1.1	0	ENSG00000176658	ENSG00000263717	lncgSS.up	1.1.1	0
ENSMUSG00000035441	ENSMUSG00000085078	lncgSS.up	1.1.1	0	ENSG00000176658	ENSG00000265337	lncgSS.up	1.1.1	0
ENSMUSG00000035456	ENSMUSG00000045238	lncgDivg	n.1.1	0	ENSG00000152784	ENSG00000248719	lncgDivg	n.n.1	0
ENSMUSG00000035459	ENSMUSG00000089959	lncgConv	1.1.1	0	ENSG00000136011	ENSG00000257681	lncgConv	n.n.1	0
ENSMUSG00000035459	ENSMUSG00000089656	lncgDivg	1.1.1	0	ENSG00000136011	ENSG00000257737	lncgDivg	1.1.1	0
ENSMUSG00000035459	ENSMUSG00000089656	lncgDivg	1.1.1	0	ENSG00000136011	ENSG00000257766	lncgDivg	1.1.1	0
ENSMUSG00000035459	ENSMUSG00000089881	lncgDivg	1.1.1	0	ENSG00000136011	ENSG00000257737	lncgDivg	1.1.1	0
ENSMUSG00000035459	ENSMUSG00000089881	lncgDivg	1.1.1	0	ENSG00000136011	ENSG00000257766	lncgDivg	1.1.1	0
ENSMUSG00000035561	ENSMUSG00000073860	lincSS.up	n.1.1	75684	ENSG00000137124	ENSG00000223716	lincSS.up	1.1.1	16272
ENSMUSG00000035561	ENSMUSG00000085305	lincSS.up	1.1.1	82601	ENSG00000137124	ENSG00000223716	lincSS.up	1.1.1	16272
ENSMUSG00000035566	ENSMUSG00000115529	lncgDivg	n.1.1	0	ENSG00000118946	ENSG00000278722	lncgDivg	1.1.1	0
ENSMUSG00000035569	ENSMUSG00000099881	lncgDivg	1.1.1	140	ENSG00000167522	ENSG00000268218	lncgDivg	1.1.1	0
ENSMUSG00000035569	ENSMUSG00000099881	lncgDivg	1.1.1	140	ENSG00000167522	ENSG00000287351	lncgDivg	1.1.1	0
ENSMUSG00000035569	ENSMUSG00000099881	lncgDivg	1.1.1	140	ENSG00000167522	ENSG00000261253	lncgDivg	n.1.1	0
ENSMUSG00000035569	ENSMUSG00000099881	lncgDivg	1.1.1	140	ENSG00000167522	ENSG00000260279	lncgDivg	n.1.1	0
ENSMUSG00000035620	ENSMUSG00000120795	lncgDivg	1.1.1	0	ENSG00000111785	ENSG00000257545	lncgDivg	n.1.1	0
ENSMUSG00000035620	ENSMUSG00000120795	lncgDivg	1.1.1	0	ENSG00000111785	ENSG00000287957	lncgDivg	1.1.1	0
ENSMUSG00000035653	ENSMUSG00000113429	lncgDivg	n.1.1	1323	ENSG00000165379	ENSG00000258636	lncgDivg	n.1.1	1888
ENSMUSG00000035671	ENSMUSG00000097296	lncgConv	1.1.1	1069	ENSG00000132003	ENSG00000267519	lncgConv	1.1.1	0
ENSMUSG00000035671	ENSMUSG00000120710	lncgDivg	1.1.1	298	ENSG00000132003	ENSG00000267582	lncgDivg	1.1.1	0
ENSMUSG00000035692	ENSMUSG00000078349	lncgDivg	n.1.1	2474	ENSG00000187608	ENSG00000224969	lncgDivg	1.1.1	0
ENSMUSG00000035762	ENSMUSG00000097292	lncgDivg	n.1.1	121	ENSG00000164180	ENSG00000247828	lncgDivg	n.n.1	0
ENSMUSG00000035770	ENSMUSG00000110630	lncgDivg	1.1.1	0	ENSG00000135720	ENSG00000260558	lncgDivg	n.1.1	0
ENSMUSG00000035770	ENSMUSG00000110630	lncgDivg	1.1.1	0	ENSG00000135720	ENSG00000287965	lncgDivg	1.1.1	0
ENSMUSG00000035770	ENSMUSG00000110630	lncgDivg	1.1.1	0	ENSG00000135720	ENSG00000260465	lncgDivg	1.1.1	0
ENSMUSG00000035842	ENSMUSG00000117220	lincConv	n.1.1	79775	ENSG00000013573	ENSG00000291252	lincConv	1.1.1	68107
ENSMUSG00000035842	ENSMUSG00000117220	lincConv	n.1.1	79775	ENSG00000013573	ENSG00000291098	lincConv	1.1.1	26656
ENSMUSG00000035842	ENSMUSG00000117220	lincConv	n.1.1	79775	ENSG00000013573	ENSG00000291250	lincConv	n.1.1	6852
ENSMUSG00000035842	ENSMUSG00000117220	lincConv	n.1.1	79775	ENSG00000013573	ENSG00000291251	lincConv	1.1.1	54098
ENSMUSG00000035851	ENSMUSG00000104937	lincDivg	1.1.1	21188	ENSG00000083896	ENSG00000289942	lincDivg	1.1.1	26461
ENSMUSG00000035873	ENSMUSG00000120482	lincConv	1.1.1	30082	ENSG00000177425	ENSG00000257474	lincConv	n.1.1	24444
ENSMUSG00000035934	ENSMUSG00000093721	lncgDivg	1.1.1	0	ENSG00000165495	ENSG00000254880	lncgDivg	1.1.1	78
ENSMUSG00000035934	ENSMUSG00000093721	lncgDivg	1.1.1	0	ENSG00000165495	ENSG00000254932	lncgDivg	1.1.1	0
ENSMUSG00000035934	ENSMUSG00000110722	lncgDivg	1.1.1	0	ENSG00000165495	ENSG00000254880	lncgDivg	1.1.1	78
ENSMUSG00000035934	ENSMUSG00000110722	lncgDivg	1.1.1	0	ENSG00000165495	ENSG00000254932	lncgDivg	1.1.1	0
ENSMUSG00000035969	ENSMUSG00000120990	lncgDivg	n.1.1	0	ENSG00000198853	ENSG00000287287	lncgDivg	1.1.1	0
ENSMUSG00000036019	ENSMUSG00000085282	lncgDivg	n.n.1	0	ENSG00000179104	ENSG00000286043	lncgDivg	1.1.1	248
ENSMUSG00000036061	ENSMUSG00000116066	lincConv	n.1.1	12616	ENSG00000123415	ENSG00000249388	lincConv	n.1.1	18578
ENSMUSG00000036061	ENSMUSG00000099758	lincConv	n.1.1	45733	ENSG00000123415	ENSG00000249388	lincConv	n.1.1	18578
ENSMUSG00000036095	ENSMUSG00000113608	lncgDivg	1.1.1	0	ENSG00000136267	ENSG00000226323	lncgDivg	1.1.1	0
ENSMUSG00000036095	ENSMUSG00000112967	lncgDivg	n.n.1	0	ENSG00000136267	ENSG00000226323	lncgDivg	1.1.1	0
ENSMUSG00000036144	ENSMUSG00000114052	lincSS.up	1.1.1	19155	ENSG00000106511	ENSG00000286376	lincSS.up	1.1.1	49690
ENSMUSG00000036144	ENSMUSG00000101067	lncgDivg	n.1.1	1751	ENSG00000106511	ENSG00000237070	lncgDivg	1.1.1	0
ENSMUSG00000036144	ENSMUSG00000101067	lncgDivg	n.1.1	1751	ENSG00000106511	ENSG00000229108	lncgDivg	n.1.1	1695
ENSMUSG00000036144	ENSMUSG00000113764	lncgSS.up	1.1.1	0	ENSG00000106511	ENSG00000225974	lncgSS.up	1.1.1	2392
ENSMUSG00000036158	ENSMUSG00000121167	lincDivg	1.1.1	15918	ENSG00000139174	ENSG00000257114	lincDivg	n.1.1	96840
ENSMUSG00000036158	ENSMUSG00000121167	lincDivg	1.1.1	15918	ENSG00000139174	ENSG00000257164	lincDivg	n.1.1	56228
ENSMUSG00000036186	ENSMUSG00000120369	lncgConv	n.1.1	2683	ENSG00000165716	ENSG00000233016	lncgConv	n.n.1	0
ENSMUSG00000036218	ENSMUSG00000115858	lncgDivg	1.1.1	0	ENSG00000165966	ENSG00000257228	lncgDivg	n.n.1	0
ENSMUSG00000036225	ENSMUSG00000117613	lincDivg	n.1.1	43277	ENSG00000134504	ENSG00000263677	lincDivg	n.1.1	28553
ENSMUSG00000036225	ENSMUSG00000117404	lincSS.up	1.1.1	49666	ENSG00000134504	ENSG00000265369	lincSS.up	1.1.1	30220
ENSMUSG00000036242	ENSMUSG00000115787	lncgDivg	1.1.1	0	ENSG00000139971	ENSG00000279636	lncgDivg	n.1.1	0
ENSMUSG00000036244	ENSMUSG00000100487	lncgDivg	1.1.1	49	ENSG00000167139	ENSG00000260624	lncgDivg	n.1.1	1557
ENSMUSG00000036251	ENSMUSG00000085420	lncgDivg	1.1.1	0	ENSG00000144481	ENSG00000286059	lncgDivg	1.1.1	0
ENSMUSG00000036251	ENSMUSG00000085420	lncgDivg	1.1.1	0	ENSG00000144481	ENSG00000237581	lncgDivg	1.1.1	0
ENSMUSG00000036256	ENSMUSG00000106985	lincDivg	1.1.1	77686	ENSG00000163453	ENSG00000250192	lincDivg	1.1.1	44192
ENSMUSG00000036256	ENSMUSG00000107232	lincDivg	1.1.1	57447	ENSG00000163453	ENSG00000250192	lincDivg	1.1.1	44192
ENSMUSG00000036256	ENSMUSG00000106906	lincDivg	1.1.1	25993	ENSG00000163453	ENSG00000250192	lincDivg	1.1.1	44192
ENSMUSG00000036256	ENSMUSG00000106828	lncgDivg	1.1.1	0	ENSG00000163453	ENSG00000287369	lncgDivg	1.1.1	162
ENSMUSG00000036256	ENSMUSG00000106828	lncgDivg	1.1.1	0	ENSG00000163453	ENSG00000245067	lncgDivg	n.n.1	0
ENSMUSG00000036264	ENSMUSG00000087668	lncgDivg	1.1.1	0	ENSG00000053108	ENSG00000250244	lncgDivg	n.1.1	0
ENSMUSG00000036264	ENSMUSG00000087668	lncgDivg	1.1.1	0	ENSG00000053108	ENSG00000250409	lncgDivg	1.1.1	0
ENSMUSG00000036264	ENSMUSG00000087668	lncgDivg	1.1.1	0	ENSG00000053108	ENSG00000249478	lncgDivg	n.1.1	0
ENSMUSG00000036264	ENSMUSG00000087668	lncgDivg	1.1.1	0	ENSG00000053108	ENSG00000288758	lncgDivg	1.1.1	0
ENSMUSG00000036278	ENSMUSG00000117901	lncgDivg	1.1.1	0	ENSG00000133315	ENSG00000256481	lncgDivg	1.1.1	0
ENSMUSG00000036339	ENSMUSG00000115756	lncgSS.dw	n.n.1	0	ENSG00000070269	ENSG00000258803	lncgSS.dw	1.1.1	0
ENSMUSG00000036356	ENSMUSG00000085197	lncgDivg	n.1.1	0	ENSG00000147408	ENSG00000253270	lncgDivg	1.1.1	0
ENSMUSG00000036356	ENSMUSG00000087489	lncgDivg	1.1.1	0	ENSG00000147408	ENSG00000253270	lncgDivg	1.1.1	0
ENSMUSG00000036438	ENSMUSG00000100847	lincDivg	1.1.1	43813	ENSG00000143933	ENSG00000226087	lincDivg	n.1.1	48860
ENSMUSG00000036452	ENSMUSG00000086991	lncgDivg	1.1.1	0	ENSG00000145819	ENSG00000226272	lncgDivg	n.1.1	0
ENSMUSG00000036452	ENSMUSG00000086312	lncgDivg	1.1.1	0	ENSG00000145819	ENSG00000226272	lncgDivg	n.1.1	0
ENSMUSG00000036469	ENSMUSG00000086156	lncgDivg	1.1.1	0	ENSG00000145416	ENSG00000273449	lncgDivg	1.1.1	0
ENSMUSG00000036469	ENSMUSG00000085109	lncgDivg	1.1.1	0	ENSG00000145416	ENSG00000273449	lncgDivg	1.1.1	0
ENSMUSG00000036499	ENSMUSG00000110353	lincDivg	n.1.1	97720	ENSG00000102189	ENSG00000257345	lincDivg	n.1.1	69887
ENSMUSG00000036499	ENSMUSG00000112400	lincSS.up	n.1.1	43276	ENSG00000102189	ENSG00000257322	lincSS.up	n.1.1	74059
ENSMUSG00000036499	ENSMUSG00000112599	lincSS.up	1.1.1	91532	ENSG00000102189	ENSG00000257322	lincSS.up	n.1.1	74059
ENSMUSG00000036510	ENSMUSG00000052479	lncgDivg	n.1.1	171	ENSG00000150394	ENSG00000260115	lncgDivg	1.1.1	0
ENSMUSG00000036510	ENSMUSG00000090116	lncgSS.up	1.1.1	0	ENSG00000150394	ENSG00000260600	lncgSS.up	1.1.1	0
ENSMUSG00000036613	ENSMUSG00000120379	lincSS.dw	n.1.1	28703	ENSG00000032389	ENSG00000234423	lincSS.dw	n.1.1	62899
ENSMUSG00000036613	ENSMUSG00000120379	lincSS.dw	n.1.1	28703	ENSG00000032389	ENSG00000236760	lincSS.dw	n.1.1	43145
ENSMUSG00000036613	ENSMUSG00000113387	lincSS.dw	1.1.1	40364	ENSG00000032389	ENSG00000234423	lincSS.dw	n.1.1	62899
ENSMUSG00000036613	ENSMUSG00000113387	lincSS.dw	1.1.1	40364	ENSG00000032389	ENSG00000236760	lincSS.dw	n.1.1	43145
ENSMUSG00000036617	ENSMUSG00000091457	lncgDivg	1.1.1	0	ENSG00000120549	ENSG00000286951	lncgDivg	1.1.1	0
ENSMUSG00000036617	ENSMUSG00000086418	lncgDivg	1.1.1	0	ENSG00000120549	ENSG00000286951	lncgDivg	1.1.1	0
ENSMUSG00000036617	ENSMUSG00000085477	lncgDivg	n.1.1	0	ENSG00000120549	ENSG00000286951	lncgDivg	1.1.1	0
ENSMUSG00000036867	ENSMUSG00000111058	lincSS.dw	n.1.1	11274	ENSG00000137834	ENSG00000277152	lincSS.dw	1.1.1	77454
ENSMUSG00000036879	ENSMUSG00000098439	lncgSS.dw	1.1.1	0	ENSG00000102893	ENSG00000262038	lncgSS.dw	1.1.1	0
ENSMUSG00000036885	ENSMUSG00000103502	lncgDivg	1.1.1	0	ENSG00000114790	ENSG00000243069	lncgDivg	n.n.1	0
ENSMUSG00000036894	ENSMUSG00000103473	lncgDivg	1.1.1	0	ENSG00000181467	ENSG00000244268	lncgDivg	1.1.1	451
ENSMUSG00000036918	ENSMUSG00000085287	lncgDivg	n.1.1	107	ENSG00000068724	ENSG00000233845	lncgDivg	1.1.1	0
ENSMUSG00000036918	ENSMUSG00000085287	lncgDivg	n.1.1	107	ENSG00000068724	ENSG00000272814	lncgDivg	1.1.1	0
ENSMUSG00000036918	ENSMUSG00000089701	lncgDivg	1.1.1	0	ENSG00000068724	ENSG00000233845	lncgDivg	1.1.1	0
ENSMUSG00000036918	ENSMUSG00000089701	lncgDivg	1.1.1	0	ENSG00000068724	ENSG00000272814	lncgDivg	1.1.1	0
ENSMUSG00000036918	ENSMUSG00000089755	lncgDivg	1.1.1	0	ENSG00000068724	ENSG00000233845	lncgDivg	1.1.1	0
ENSMUSG00000036918	ENSMUSG00000089755	lncgDivg	1.1.1	0	ENSG00000068724	ENSG00000272814	lncgDivg	1.1.1	0
ENSMUSG00000036957	ENSMUSG00000109049	lncgSS.dw	1.1.1	2168	ENSG00000126243	ENSG00000267786	lncgSS.dw	1.1.1	491
ENSMUSG00000036964	ENSMUSG00000085379	lncgConv	n.n.n	0	ENSG00000162931	ENSG00000231563	lncgConv	n.n.1	0
ENSMUSG00000036972	ENSMUSG00000100341	lincSS.dw	1.1.1	15126	ENSG00000174963	ENSG00000243620	lincSS.dw	n.1.1	15390
ENSMUSG00000037022	ENSMUSG00000097174	lncgDivg	n.1.1	136	ENSG00000151611	ENSG00000248356	lncgDivg	1.1.1	0
ENSMUSG00000037025	ENSMUSG00000086141	lncgSS.dw	n.1.1	2621	ENSG00000125798	ENSG00000259974	lncgSS.dw	n.1.1	20074
ENSMUSG00000037034	ENSMUSG00000087521	lncgDivg	n.1.1	0	ENSG00000125813	ENSG00000280350	lncgDivg	1.1.1	2074
ENSMUSG00000037111	ENSMUSG00000097885	lncgDivg	n.n.1	0	ENSG00000145391	ENSG00000272717	lncgDivg	1.1.1	0
ENSMUSG00000037111	ENSMUSG00000097885	lncgDivg	n.n.1	0	ENSG00000145391	ENSG00000286896	lncgDivg	n.n.1	0
ENSMUSG00000037138	ENSMUSG00000085391	lncgDivg	n.1.1	0	ENSG00000144218	ENSG00000230393	lncgDivg	1.1.1	0
ENSMUSG00000037138	ENSMUSG00000085280	lncgDivg	1.1.1	0	ENSG00000144218	ENSG00000230393	lncgDivg	1.1.1	0
ENSMUSG00000037138	ENSMUSG00000087131	lncgDivg	n.1.1	0	ENSG00000144218	ENSG00000230393	lncgDivg	1.1.1	0
ENSMUSG00000037149	ENSMUSG00000113284	lincConv	1.1.1	89781	ENSG00000079785	ENSG00000224194	lincConv	1.1.1	34338
ENSMUSG00000037185	ENSMUSG00000116114	lncgConv	n.n.1	0	ENSG00000167767	ENSG00000258279	lncgConv	n.n.n	0
ENSMUSG00000037196	ENSMUSG00000089633	lncgDivg	n.1.1	0	ENSG00000112530	ENSG00000225437	lncgDivg	n.1.1	0
ENSMUSG00000037196	ENSMUSG00000089633	lncgDivg	n.1.1	0	ENSG00000112530	ENSG00000285553	lncgDivg	1.1.1	0
ENSMUSG00000037196	ENSMUSG00000089633	lncgDivg	n.1.1	0	ENSG00000112530	ENSG00000285610	lncgDivg	1.1.1	0
ENSMUSG00000037196	ENSMUSG00000089633	lncgDivg	n.1.1	0	ENSG00000112530	ENSG00000225683	lncgDivg	n.n.1	0
ENSMUSG00000037196	ENSMUSG00000089941	lncgDivg	n.1.1	0	ENSG00000112530	ENSG00000225437	lncgDivg	n.1.1	0
ENSMUSG00000037196	ENSMUSG00000089941	lncgDivg	n.1.1	0	ENSG00000112530	ENSG00000285553	lncgDivg	1.1.1	0
ENSMUSG00000037196	ENSMUSG00000089941	lncgDivg	n.1.1	0	ENSG00000112530	ENSG00000285610	lncgDivg	1.1.1	0
ENSMUSG00000037196	ENSMUSG00000089941	lncgDivg	n.1.1	0	ENSG00000112530	ENSG00000225683	lncgDivg	n.n.1	0
ENSMUSG00000037196	ENSMUSG00000089907	lncgDivg	n.1.1	0	ENSG00000112530	ENSG00000225437	lncgDivg	n.1.1	0
ENSMUSG00000037196	ENSMUSG00000089907	lncgDivg	n.1.1	0	ENSG00000112530	ENSG00000285553	lncgDivg	1.1.1	0
ENSMUSG00000037196	ENSMUSG00000089907	lncgDivg	n.1.1	0	ENSG00000112530	ENSG00000285610	lncgDivg	1.1.1	0
ENSMUSG00000037196	ENSMUSG00000089907	lncgDivg	n.1.1	0	ENSG00000112530	ENSG00000225683	lncgDivg	n.n.1	0
ENSMUSG00000037224	ENSMUSG00000106888	lncgDivg	1.1.1	0	ENSG00000159733	ENSG00000251148	lncgDivg	1.1.1	0
ENSMUSG00000037225	ENSMUSG00000054779	lncgDivg	1.1.1	0	ENSG00000138685	ENSG00000273007	lncgDivg	n.1.1	0
ENSMUSG00000037279	ENSMUSG00000084837	lncgDivg	1.1.1	0	ENSG00000125850	ENSG00000229262	lncgDivg	1.1.1	305
ENSMUSG00000037326	ENSMUSG00000097523	lncgDivg	n.n.n	0	ENSG00000103326	ENSG00000277142	lncgDivg	1.1.1	305
ENSMUSG00000037326	ENSMUSG00000097523	lncgDivg	n.n.n	0	ENSG00000103326	ENSG00000261691	lncgDivg	1.1.1	0
ENSMUSG00000037363	ENSMUSG00000043794	lncgDivg	n.1.1	0	ENSG00000165046	ENSG00000272159	lncgDivg	1.1.1	0
ENSMUSG00000037393	ENSMUSG00000086020	lncgConv	1.1.1	0	ENSG00000132911	ENSG00000286749	lncgConv	n.1.1	0
ENSMUSG00000037400	ENSMUSG00000105662	lincDivg	n.1.1	87943	ENSG00000058063	ENSG00000260377	lincDivg	1.1.1	52655
ENSMUSG00000037416	ENSMUSG00000100134	lincDivg	1.1.1	14712	ENSG00000172869	ENSG00000249494	lincDivg	n.n.1	0
ENSMUSG00000037458	ENSMUSG00000115546	lncgDivg	1.1.1	0	ENSG00000155096	ENSG00000253320	lncgDivg	n.n.n	0
ENSMUSG00000037458	ENSMUSG00000115546	lncgDivg	1.1.1	0	ENSG00000155096	ENSG00000253263	lncgDivg	1.1.1	0
ENSMUSG00000037458	ENSMUSG00000115546	lncgDivg	1.1.1	0	ENSG00000155096	ENSG00000253385	lncgDivg	1.1.1	0
ENSMUSG00000037465	ENSMUSG00000120195	lncgDivg	1.1.1	441	ENSG00000155090	ENSG00000283959	lncgDivg	n.1.1	516
ENSMUSG00000037474	ENSMUSG00000103517	lincSS.dw	1.1.1	43450	ENSG00000143476	ENSG00000229983	lincSS.dw	1.1.1	60807
ENSMUSG00000037487	ENSMUSG00000115771	lncgDivg	1.1.1	187	ENSG00000104517	ENSG00000272037	lncgDivg	1.1.1	0
ENSMUSG00000037492	ENSMUSG00000109419	lincSS.dw	1.1.1	63925	ENSG00000165061	ENSG00000272479	lincSS.dw	1.1.1	10432
ENSMUSG00000037492	ENSMUSG00000053979	lincSS.dw	1.1.1	17319	ENSG00000165061	ENSG00000272479	lincSS.dw	1.1.1	10432
ENSMUSG00000037499	ENSMUSG00000103174	lincConv	n.1.1	13098	ENSG00000117691	ENSG00000224535	lincConv	n.1.1	20320
ENSMUSG00000037536	ENSMUSG00000115145	lncgDivg	1.1.1	0	ENSG00000178974	ENSG00000258455	lncgDivg	1.1.1	0
ENSMUSG00000037536	ENSMUSG00000115145	lncgDivg	1.1.1	0	ENSG00000178974	ENSG00000258413	lncgDivg	n.n.1	0
ENSMUSG00000037541	ENSMUSG00000085745	lncgDivg	1.1.1	0	ENSG00000162105	ENSG00000226627	lncgDivg	n.1.1	0
ENSMUSG00000037541	ENSMUSG00000085745	lncgDivg	1.1.1	0	ENSG00000162105	ENSG00000236262	lncgDivg	1.1.1	0
ENSMUSG00000037541	ENSMUSG00000085745	lncgDivg	1.1.1	0	ENSG00000162105	ENSG00000286708	lncgDivg	1.1.1	0
ENSMUSG00000037541	ENSMUSG00000085745	lncgDivg	1.1.1	0	ENSG00000162105	ENSG00000171671	lncgDivg	1.1.1	0
ENSMUSG00000037593	ENSMUSG00000087295	lncgDivg	1.1.1	0	ENSG00000167524	ENSG00000265287	lncgDivg	1.1.1	0
ENSMUSG00000037605	ENSMUSG00000087431	lncgDivg	1.1.1	0	ENSG00000150471	ENSG00000205682	lncgDivg	1.1.1	0
ENSMUSG00000037605	ENSMUSG00000087431	lncgDivg	1.1.1	0	ENSG00000150471	ENSG00000289308	lncgDivg	n.1.1	0
ENSMUSG00000037605	ENSMUSG00000121076	lncgDivg	1.1.1	0	ENSG00000150471	ENSG00000205682	lncgDivg	1.1.1	0
ENSMUSG00000037605	ENSMUSG00000121076	lncgDivg	1.1.1	0	ENSG00000150471	ENSG00000289308	lncgDivg	n.1.1	0
ENSMUSG00000037608	ENSMUSG00000069713	lncgDivg	1.1.1	142	ENSG00000029363	ENSG00000289312	lncgDivg	1.1.1	163
ENSMUSG00000037646	ENSMUSG00000115829	lncgDivg	1.1.1	0	ENSG00000132549	ENSG00000253562	lncgDivg	1.1.1	0
ENSMUSG00000037646	ENSMUSG00000115829	lncgDivg	1.1.1	0	ENSG00000132549	ENSG00000253539	lncgDivg	1.1.1	0
ENSMUSG00000037646	ENSMUSG00000115829	lncgDivg	1.1.1	0	ENSG00000132549	ENSG00000253948	lncgDivg	n.n.1	0
ENSMUSG00000037685	ENSMUSG00000085363	lncgDivg	1.1.1	0	ENSG00000124406	ENSG00000260519	lncgDivg	1.1.1	375
ENSMUSG00000037685	ENSMUSG00000087261	lncgDivg	n.1.1	0	ENSG00000124406	ENSG00000260519	lncgDivg	1.1.1	375
ENSMUSG00000037697	ENSMUSG00000085866	lincDivg	1.1.1	96546	ENSG00000100523	ENSG00000237356	lincDivg	n.n.n	15687
ENSMUSG00000037706	ENSMUSG00000059277	lncgDivg	n.1.1	0	ENSG00000110651	ENSG00000238184	lncgDivg	n.1.1	0
ENSMUSG00000037706	ENSMUSG00000059277	lncgDivg	n.1.1	0	ENSG00000110651	ENSG00000290098	lncgDivg	1.1.1	776
ENSMUSG00000037712	ENSMUSG00000115324	lncgDivg	n.1.1	13557	ENSG00000073712	ENSG00000288045	lncgDivg	1.1.1	0
ENSMUSG00000037716	ENSMUSG00000086624	lncgDivg	1.1.1	0	ENSG00000140481	ENSG00000277749	lncgDivg	1.1.1	0
ENSMUSG00000037716	ENSMUSG00000085753	lncgDivg	1.1.1	0	ENSG00000140481	ENSG00000277749	lncgDivg	1.1.1	0
ENSMUSG00000037720	ENSMUSG00000120155	lincDivg	1.1.1	28878	ENSG00000109133	ENSG00000245870	lincDivg	n.1.1	52174
ENSMUSG00000037720	ENSMUSG00000107319	lncgDivg	1.1.1	0	ENSG00000109133	ENSG00000249771	lncgDivg	n.1.1	40550
ENSMUSG00000037736	ENSMUSG00000086964	lncgDivg	1.1.1	0	ENSG00000064042	ENSG00000287762	lncgDivg	1.1.1	0
ENSMUSG00000037736	ENSMUSG00000086964	lncgDivg	1.1.1	0	ENSG00000064042	ENSG00000249216	lncgDivg	1.1.1	0
ENSMUSG00000037736	ENSMUSG00000085839	lncgDivg	1.1.1	0	ENSG00000064042	ENSG00000287762	lncgDivg	1.1.1	0
ENSMUSG00000037736	ENSMUSG00000085839	lncgDivg	1.1.1	0	ENSG00000064042	ENSG00000249216	lncgDivg	1.1.1	0
ENSMUSG00000037759	ENSMUSG00000115344	lncgDivg	n.1.1	0	ENSG00000125384	ENSG00000289424	lncgDivg	1.1.1	206
ENSMUSG00000037808	ENSMUSG00000111100	lincConv	1.1.1	60814	ENSG00000077458	ENSG00000255605	lincConv	1.1.1	68330
ENSMUSG00000037808	ENSMUSG00000111100	lincConv	1.1.1	60814	ENSG00000077458	ENSG00000285842	lincConv	1.1.1	20238
ENSMUSG00000037813	ENSMUSG00000078957	lncgDivg	1.1.1	0	ENSG00000149633	ENSG00000285347	lncgDivg	n.1.1	0
ENSMUSG00000037846	ENSMUSG00000112899	lincDivg	1.1.1	5862	ENSG00000182010	ENSG00000234756	lincDivg	1.1.1	20677
ENSMUSG00000037885	ENSMUSG00000121238	lncgDivg	1.1.1	0	ENSG00000125834	ENSG00000286108	lncgDivg	1.1.1	0
ENSMUSG00000037904	ENSMUSG00000113056	lincDivg	1.1.1	15358	ENSG00000156381	ENSG00000259230	lincDivg	1.1.1	35455
ENSMUSG00000037940	ENSMUSG00000090732	lncgDivg	n.1.1	0	ENSG00000109452	ENSG00000249806	lncgDivg	1.1.1	0
ENSMUSG00000037940	ENSMUSG00000090732	lncgDivg	n.1.1	0	ENSG00000109452	ENSG00000251248	lncgDivg	1.1.1	0
ENSMUSG00000038011	ENSMUSG00000105583	lncgDivg	1.1.1	0	ENSG00000197653	ENSG00000250091	lncgDivg	1.1.1	0
ENSMUSG00000038022	ENSMUSG00000107766	lncgDivg	1.1.1	0	ENSG00000106125	ENSG00000229263	lncgDivg	1.1.1	0
ENSMUSG00000038044	ENSMUSG00000101856	lincSS.dw	1.1.1	11986	ENSG00000198445	ENSG00000290416	lincSS.dw	1.1.1	8149
ENSMUSG00000038084	ENSMUSG00000116814	lincConv	1.1.1	95926	ENSG00000198836	ENSG00000286624	lincConv	1.1.1	72732
ENSMUSG00000038085	ENSMUSG00000102869	lincConv	n.1.1	12422	ENSG00000149646	ENSG00000260032	lincConv	1.1.1	14918
ENSMUSG00000038128	ENSMUSG00000097710	lncgDivg	1.1.1	0	ENSG00000152495	ENSG00000249318	lncgDivg	1.1.1	0
ENSMUSG00000038128	ENSMUSG00000097710	lncgDivg	1.1.1	0	ENSG00000152495	ENSG00000248268	lncgDivg	1.1.1	0
ENSMUSG00000038156	ENSMUSG00000073862	lincDivg	n.1.1	57556	ENSG00000262655	ENSG00000254930	lincDivg	1.1.1	92107
ENSMUSG00000038156	ENSMUSG00000073862	lincDivg	n.1.1	57556	ENSG00000262655	ENSG00000254438	lincDivg	1.1.1	37860
ENSMUSG00000038156	ENSMUSG00000073862	lincDivg	n.1.1	57556	ENSG00000262655	ENSG00000254927	lincDivg	1.1.1	83224
ENSMUSG00000038170	ENSMUSG00000105245	lncgDivg	n.1.1	0	ENSG00000178104	ENSG00000255148	lncgDivg	1.1.1	0
ENSMUSG00000038170	ENSMUSG00000105245	lncgDivg	n.1.1	0	ENSG00000178104	ENSG00000254913	lncgDivg	1.1.1	0
ENSMUSG00000038173	ENSMUSG00000086190	lncgDivg	1.1.1	0	ENSG00000164303	ENSG00000287433	lncgDivg	1.1.1	0
ENSMUSG00000038173	ENSMUSG00000109888	lncgDivg	1.1.1	0	ENSG00000164303	ENSG00000287433	lncgDivg	1.1.1	0
ENSMUSG00000038193	ENSMUSG00000109697	lincConv	n.1.1	7056	ENSG00000164107	ENSG00000286039	lincConv	n.1.1	13179
ENSMUSG00000038193	ENSMUSG00000097910	lincSS.dw	n.1.1	16167	ENSG00000164107	ENSG00000288776	lincSS.dw	n.1.1	5679
ENSMUSG00000038193	ENSMUSG00000097910	lincSS.dw	n.1.1	16167	ENSG00000164107	ENSG00000261646	lincSS.dw	1.1.1	54928
ENSMUSG00000038193	ENSMUSG00000100510	lncgDivg	n.n.1	0	ENSG00000164107	ENSG00000237125	lncgDivg	n.n.1	0
ENSMUSG00000038203	ENSMUSG00000055408	lncgDivg	n.1.1	1972	ENSG00000106031	ENSG00000243766	lncgDivg	n.n.1	0
ENSMUSG00000038210	ENSMUSG00000086427	lncgDivg	n.n.1	0	ENSG00000005073	ENSG00000240990	lncgDivg	n.n.1	0
ENSMUSG00000038246	ENSMUSG00000113484	lincConv	1.1.1	33962	ENSG00000145945	ENSG00000260604	lincConv	1.1.1	53600
ENSMUSG00000038248	ENSMUSG00000102062	lncgDivg	1.1.1	0	ENSG00000112320	ENSG00000234206	lncgDivg	n.1.1	0
ENSMUSG00000038248	ENSMUSG00000111171	lncgDivg	n.1.1	0	ENSG00000112320	ENSG00000234206	lncgDivg	n.1.1	0
ENSMUSG00000038248	ENSMUSG00000045008	lncgDivg	n.1.1	169	ENSG00000112320	ENSG00000234206	lncgDivg	n.1.1	0
ENSMUSG00000038250	ENSMUSG00000037982	lncgDivg	n.n.1	0	ENSG00000170185	ENSG00000250326	lncgDivg	n.1.1	228
ENSMUSG00000038280	ENSMUSG00000086434	lncgDivg	1.1.1	0	ENSG00000081087	ENSG00000225174	lncgDivg	n.1.1	0
ENSMUSG00000038290	ENSMUSG00000085765	lncgDivg	1.1.1	0	ENSG00000070366	ENSG00000236838	lncgDivg	1.1.1	0
ENSMUSG00000038290	ENSMUSG00000085765	lncgDivg	1.1.1	0	ENSG00000070366	ENSG00000262810	lncgDivg	1.1.1	0
ENSMUSG00000038290	ENSMUSG00000085765	lncgDivg	1.1.1	0	ENSG00000070366	ENSG00000225084	lncgDivg	1.1.1	0
ENSMUSG00000038290	ENSMUSG00000101295	lncgDivg	1.1.1	0	ENSG00000070366	ENSG00000236838	lncgDivg	1.1.1	0
ENSMUSG00000038290	ENSMUSG00000101295	lncgDivg	1.1.1	0	ENSG00000070366	ENSG00000262810	lncgDivg	1.1.1	0
ENSMUSG00000038290	ENSMUSG00000101295	lncgDivg	1.1.1	0	ENSG00000070366	ENSG00000225084	lncgDivg	1.1.1	0
ENSMUSG00000038296	ENSMUSG00000109808	lincConv	1.1.1	76053	ENSG00000110328	ENSG00000254401	lincConv	n.1.1	87266
ENSMUSG00000038305	ENSMUSG00000091283	lncgDivg	1.1.1	0	ENSG00000196141	ENSG00000287299	lncgDivg	n.n.1	0
ENSMUSG00000038323	ENSMUSG00000097519	lncgDivg	n.1.1	100	ENSG00000178074	ENSG00000232732	lncgDivg	n.n.n	134
ENSMUSG00000038331	ENSMUSG00000087022	lncgDivg	n.n.1	0	ENSG00000119042	ENSG00000257045	lncgDivg	1.1.1	0
ENSMUSG00000038331	ENSMUSG00000087022	lncgDivg	n.n.1	0	ENSG00000119042	ENSG00000225953	lncgDivg	n.n.1	0
ENSMUSG00000038346	ENSMUSG00000108034	lncgConv	1.1.1	0	ENSG00000126746	ENSG00000219410	lncgConv	n.n.1	0
ENSMUSG00000038372	ENSMUSG00000113935	lncgDivg	1.1.1	0	ENSG00000112699	ENSG00000285603	lncgDivg	1.1.1	0
ENSMUSG00000038372	ENSMUSG00000113935	lncgDivg	1.1.1	0	ENSG00000112699	ENSG00000250903	lncgDivg	n.1.1	113
ENSMUSG00000038372	ENSMUSG00000120974	lncgDivg	1.1.1	0	ENSG00000112699	ENSG00000285603	lncgDivg	1.1.1	0
ENSMUSG00000038372	ENSMUSG00000120974	lncgDivg	1.1.1	0	ENSG00000112699	ENSG00000250903	lncgDivg	n.1.1	113
ENSMUSG00000038400	ENSMUSG00000087600	lncgDivg	n.1.1	141	ENSG00000124225	ENSG00000278709	lncgDivg	n.1.1	0
ENSMUSG00000038402	ENSMUSG00000038408	lncgDivg	n.n.n	24	ENSG00000137273	ENSG00000261730	lncgDivg	1.1.1	4510
ENSMUSG00000038437	ENSMUSG00000085586	lncgDivg	n.1.1	3047	ENSG00000275023	ENSG00000275532	lncgDivg	1.1.1	0
ENSMUSG00000038437	ENSMUSG00000085586	lncgDivg	n.1.1	3047	ENSG00000275023	ENSG00000275665	lncgDivg	1.1.1	0
ENSMUSG00000038456	ENSMUSG00000085058	lncgDivg	n.1.1	0	ENSG00000146966	ENSG00000285904	lncgDivg	1.1.1	0
ENSMUSG00000038459	ENSMUSG00000097016	lncgDivg	n.1.1	247	ENSG00000136379	ENSG00000271983	lncgDivg	1.1.1	0
ENSMUSG00000038515	ENSMUSG00000099338	lncgDivg	n.1.1	100	ENSG00000139835	ENSG00000225083	lncgDivg	n.n.1	0
ENSMUSG00000038515	ENSMUSG00000120359	lncgSS.up	1.1.1	63	ENSG00000139835	ENSG00000276434	lncgSS.up	1.1.1	0
ENSMUSG00000038540	ENSMUSG00000094841	lincDivg	n.1.1	34669	ENSG00000188869	ENSG00000259543	lincDivg	1.1.1	53235
ENSMUSG00000038540	ENSMUSG00000094841	lincDivg	n.1.1	34669	ENSG00000188869	ENSG00000275995	lincDivg	1.1.1	28813
ENSMUSG00000038540	ENSMUSG00000087088	lncgConv	n.n.n	0	ENSG00000188869	ENSG00000259343	lncgConv	n.n.n	0
ENSMUSG00000038543	ENSMUSG00000080727	lncgConv	n.n.n	0	ENSG00000118292	ENSG00000289041	lncgConv	1.1.1	198
ENSMUSG00000038563	ENSMUSG00000086690	lncgDivg	1.1.1	0	ENSG00000140598	ENSG00000289704	lncgDivg	1.1.1	0
ENSMUSG00000038563	ENSMUSG00000086690	lncgDivg	1.1.1	0	ENSG00000140598	ENSG00000285974	lncgDivg	1.1.1	0
ENSMUSG00000038594	ENSMUSG00000112709	lncgDivg	1.1.1	0	ENSG00000111860	ENSG00000286339	lncgDivg	1.1.1	0
ENSMUSG00000038615	ENSMUSG00000120186	lncgDivg	1.1.1	216	ENSG00000082641	ENSG00000263412	lncgDivg	n.1.1	222
ENSMUSG00000038615	ENSMUSG00000120186	lncgDivg	1.1.1	216	ENSG00000082641	ENSG00000266341	lncgDivg	1.1.1	0
ENSMUSG00000038623	ENSMUSG00000109110	lncgDivg	1.1.1	0	ENSG00000136404	ENSG00000286872	lncgDivg	n.n.1	0
ENSMUSG00000038648	ENSMUSG00000120046	lncgDivg	n.1.1	361	ENSG00000182158	ENSG00000237243	lncgDivg	1.1.1	0
ENSMUSG00000038663	ENSMUSG00000097277	lncgConv	n.1.1	1802	ENSG00000186628	ENSG00000252690	lncgConv	1.1.1	0
ENSMUSG00000038663	ENSMUSG00000097277	lncgConv	n.1.1	1802	ENSG00000186628	ENSG00000250988	lncgConv	n.n.1	0
ENSMUSG00000038664	ENSMUSG00000100130	lncgDivg	n.1.1	0	ENSG00000103657	ENSG00000259589	lncgDivg	1.1.1	0
ENSMUSG00000038665	ENSMUSG00000029837	lncgDivg	1.1.1	0	ENSG00000157680	ENSG00000289438	lncgDivg	1.1.1	0
ENSMUSG00000038718	ENSMUSG00000103413	lincSS.dw	1.1.1	60013	ENSG00000167081	ENSG00000232413	lincSS.dw	1.1.1	90203
ENSMUSG00000038718	ENSMUSG00000087461	lincSS.dw	n.1.1	63722	ENSG00000167081	ENSG00000232413	lincSS.dw	1.1.1	90203
ENSMUSG00000038718	ENSMUSG00000084908	lncgDivg	1.1.1	0	ENSG00000167081	ENSG00000229582	lncgDivg	n.1.1	1605
ENSMUSG00000038729	ENSMUSG00000073846	lncgDivg	1.1.1	0	ENSG00000157654	ENSG00000232939	lncgDivg	1.1.1	0
ENSMUSG00000038740	ENSMUSG00000086904	lincDivg	1.1.1	90300	ENSG00000196814	ENSG00000228392	lincDivg	n.1.1	28236
ENSMUSG00000038740	ENSMUSG00000086904	lincDivg	1.1.1	90300	ENSG00000196814	ENSG00000288537	lincDivg	1.1.1	50911
ENSMUSG00000038740	ENSMUSG00000085463	lincSS.dw	1.1.1	11054	ENSG00000196814	ENSG00000233721	lincSS.dw	1.1.1	9376
ENSMUSG00000038740	ENSMUSG00000085463	lincSS.dw	1.1.1	11054	ENSG00000196814	ENSG00000226078	lincSS.dw	1.1.1	20577
ENSMUSG00000038765	ENSMUSG00000052951	lncgDivg	n.1.1	585	ENSG00000136944	ENSG00000224842	lncgDivg	n.1.1	1409
ENSMUSG00000038805	ENSMUSG00000099635	lncgDivg	1.1.1	0	ENSG00000138083	ENSG00000259439	lncgDivg	n.1.1	14534
ENSMUSG00000038805	ENSMUSG00000099635	lncgDivg	1.1.1	0	ENSG00000138083	ENSG00000236502	lncgDivg	n.n.1	0
ENSMUSG00000038805	ENSMUSG00000093460	lncgDivg	n.n.1	0	ENSG00000138083	ENSG00000259439	lncgDivg	n.1.1	14534
ENSMUSG00000038805	ENSMUSG00000093460	lncgDivg	n.n.1	0	ENSG00000138083	ENSG00000236502	lncgDivg	n.n.1	0
ENSMUSG00000038831	ENSMUSG00000085087	lncgDivg	1.1.1	0	ENSG00000136828	ENSG00000228487	lncgDivg	n.n.1	0
ENSMUSG00000038848	ENSMUSG00000085428	lincConv	1.1.1	55463	ENSG00000149658	ENSG00000225978	lincConv	1.1.1	91043
ENSMUSG00000038848	ENSMUSG00000085428	lincConv	1.1.1	55463	ENSG00000149658	ENSG00000287324	lincConv	1.1.1	78224
ENSMUSG00000038848	ENSMUSG00000121196	lincConv	1.1.1	13406	ENSG00000149658	ENSG00000225978	lincConv	1.1.1	91043
ENSMUSG00000038848	ENSMUSG00000121196	lincConv	1.1.1	13406	ENSG00000149658	ENSG00000287324	lincConv	1.1.1	78224
ENSMUSG00000038848	ENSMUSG00000098051	lincConv	1.1.1	9157	ENSG00000149658	ENSG00000225978	lincConv	1.1.1	91043
ENSMUSG00000038848	ENSMUSG00000098051	lincConv	1.1.1	9157	ENSG00000149658	ENSG00000287324	lincConv	1.1.1	78224
ENSMUSG00000038848	ENSMUSG00000085728	lincConv	1.1.1	55331	ENSG00000149658	ENSG00000225978	lincConv	1.1.1	91043
ENSMUSG00000038848	ENSMUSG00000085728	lincConv	1.1.1	55331	ENSG00000149658	ENSG00000287324	lincConv	1.1.1	78224
ENSMUSG00000038848	ENSMUSG00000086166	lincSS.dw	1.1.1	14717	ENSG00000149658	ENSG00000231977	lincSS.dw	n.1.1	14526
ENSMUSG00000038848	ENSMUSG00000086166	lincSS.dw	1.1.1	14717	ENSG00000149658	ENSG00000260416	lincSS.dw	1.1.1	65970
ENSMUSG00000038848	ENSMUSG00000086166	lincSS.dw	1.1.1	14717	ENSG00000149658	ENSG00000286628	lincSS.dw	1.1.1	43342
ENSMUSG00000038848	ENSMUSG00000121094	lincSS.dw	1.1.1	11420	ENSG00000149658	ENSG00000231977	lincSS.dw	n.1.1	14526
ENSMUSG00000038848	ENSMUSG00000121094	lincSS.dw	1.1.1	11420	ENSG00000149658	ENSG00000260416	lincSS.dw	1.1.1	65970
ENSMUSG00000038848	ENSMUSG00000121094	lincSS.dw	1.1.1	11420	ENSG00000149658	ENSG00000286628	lincSS.dw	1.1.1	43342
ENSMUSG00000038861	ENSMUSG00000084846	lncgDivg	n.1.1	0	ENSG00000143393	ENSG00000273481	lncgDivg	1.1.1	234
ENSMUSG00000038861	ENSMUSG00000086288	lncgDivg	n.1.1	0	ENSG00000143393	ENSG00000273481	lncgDivg	1.1.1	234
ENSMUSG00000038866	ENSMUSG00000099843	lncgDivg	n.1.1	109	ENSG00000141664	ENSG00000278017	lncgDivg	1.1.1	0
ENSMUSG00000038872	ENSMUSG00000093697	lncgDivg	1.1.1	0	ENSG00000140836	ENSG00000258779	lncgDivg	n.1.1	0
ENSMUSG00000038872	ENSMUSG00000093697	lncgDivg	1.1.1	0	ENSG00000140836	ENSG00000259817	lncgDivg	1.1.1	0
ENSMUSG00000038872	ENSMUSG00000093697	lncgDivg	1.1.1	0	ENSG00000140836	ENSG00000261227	lncgDivg	n.1.1	0
ENSMUSG00000038872	ENSMUSG00000093697	lncgDivg	1.1.1	0	ENSG00000140836	ENSG00000284675	lncgDivg	1.1.1	0
ENSMUSG00000038872	ENSMUSG00000093697	lncgDivg	1.1.1	0	ENSG00000140836	ENSG00000260880	lncgDivg	n.n.1	0
ENSMUSG00000038872	ENSMUSG00000093697	lncgDivg	1.1.1	0	ENSG00000140836	ENSG00000260848	lncgDivg	n.1.1	0
ENSMUSG00000038872	ENSMUSG00000093697	lncgDivg	1.1.1	0	ENSG00000140836	ENSG00000283457	lncgDivg	n.1.1	0
ENSMUSG00000038872	ENSMUSG00000093697	lncgDivg	1.1.1	0	ENSG00000140836	ENSG00000271009	lncgDivg	1.1.1	0
ENSMUSG00000038872	ENSMUSG00000093697	lncgDivg	1.1.1	0	ENSG00000140836	ENSG00000259209	lncgDivg	n.1.1	0
ENSMUSG00000038872	ENSMUSG00000109868	lncgDivg	n.1.1	0	ENSG00000140836	ENSG00000258779	lncgDivg	n.1.1	0
ENSMUSG00000038872	ENSMUSG00000109868	lncgDivg	n.1.1	0	ENSG00000140836	ENSG00000259817	lncgDivg	1.1.1	0
ENSMUSG00000038872	ENSMUSG00000109868	lncgDivg	n.1.1	0	ENSG00000140836	ENSG00000261227	lncgDivg	n.1.1	0
ENSMUSG00000038872	ENSMUSG00000109868	lncgDivg	n.1.1	0	ENSG00000140836	ENSG00000284675	lncgDivg	1.1.1	0
ENSMUSG00000038872	ENSMUSG00000109868	lncgDivg	n.1.1	0	ENSG00000140836	ENSG00000260880	lncgDivg	n.n.1	0
ENSMUSG00000038872	ENSMUSG00000109868	lncgDivg	n.1.1	0	ENSG00000140836	ENSG00000260848	lncgDivg	n.1.1	0
ENSMUSG00000038872	ENSMUSG00000109868	lncgDivg	n.1.1	0	ENSG00000140836	ENSG00000283457	lncgDivg	n.1.1	0
ENSMUSG00000038872	ENSMUSG00000109868	lncgDivg	n.1.1	0	ENSG00000140836	ENSG00000271009	lncgDivg	1.1.1	0
ENSMUSG00000038872	ENSMUSG00000109868	lncgDivg	n.1.1	0	ENSG00000140836	ENSG00000259209	lncgDivg	n.1.1	0
ENSMUSG00000038872	ENSMUSG00000110613	lncgDivg	1.1.1	0	ENSG00000140836	ENSG00000258779	lncgDivg	n.1.1	0
ENSMUSG00000038872	ENSMUSG00000110613	lncgDivg	1.1.1	0	ENSG00000140836	ENSG00000259817	lncgDivg	1.1.1	0
ENSMUSG00000038872	ENSMUSG00000110613	lncgDivg	1.1.1	0	ENSG00000140836	ENSG00000261227	lncgDivg	n.1.1	0
ENSMUSG00000038872	ENSMUSG00000110613	lncgDivg	1.1.1	0	ENSG00000140836	ENSG00000284675	lncgDivg	1.1.1	0
ENSMUSG00000038872	ENSMUSG00000110613	lncgDivg	1.1.1	0	ENSG00000140836	ENSG00000260880	lncgDivg	n.n.1	0
ENSMUSG00000038872	ENSMUSG00000110613	lncgDivg	1.1.1	0	ENSG00000140836	ENSG00000260848	lncgDivg	n.1.1	0
ENSMUSG00000038872	ENSMUSG00000110613	lncgDivg	1.1.1	0	ENSG00000140836	ENSG00000283457	lncgDivg	n.1.1	0
ENSMUSG00000038872	ENSMUSG00000110613	lncgDivg	1.1.1	0	ENSG00000140836	ENSG00000271009	lncgDivg	1.1.1	0
ENSMUSG00000038872	ENSMUSG00000110613	lncgDivg	1.1.1	0	ENSG00000140836	ENSG00000259209	lncgDivg	n.1.1	0
ENSMUSG00000038872	ENSMUSG00000120938	lncgDivg	1.1.1	0	ENSG00000140836	ENSG00000258779	lncgDivg	n.1.1	0
ENSMUSG00000038872	ENSMUSG00000120938	lncgDivg	1.1.1	0	ENSG00000140836	ENSG00000259817	lncgDivg	1.1.1	0
ENSMUSG00000038872	ENSMUSG00000120938	lncgDivg	1.1.1	0	ENSG00000140836	ENSG00000261227	lncgDivg	n.1.1	0
ENSMUSG00000038872	ENSMUSG00000120938	lncgDivg	1.1.1	0	ENSG00000140836	ENSG00000284675	lncgDivg	1.1.1	0
ENSMUSG00000038872	ENSMUSG00000120938	lncgDivg	1.1.1	0	ENSG00000140836	ENSG00000260880	lncgDivg	n.n.1	0
ENSMUSG00000038872	ENSMUSG00000120938	lncgDivg	1.1.1	0	ENSG00000140836	ENSG00000260848	lncgDivg	n.1.1	0
ENSMUSG00000038872	ENSMUSG00000120938	lncgDivg	1.1.1	0	ENSG00000140836	ENSG00000283457	lncgDivg	n.1.1	0
ENSMUSG00000038872	ENSMUSG00000120938	lncgDivg	1.1.1	0	ENSG00000140836	ENSG00000271009	lncgDivg	1.1.1	0
ENSMUSG00000038872	ENSMUSG00000120938	lncgDivg	1.1.1	0	ENSG00000140836	ENSG00000259209	lncgDivg	n.1.1	0
ENSMUSG00000038893	ENSMUSG00000101258	lncgConv	1.1.1	0	ENSG00000121104	ENSG00000250751	lncgConv	1.1.1	0
ENSMUSG00000038894	ENSMUSG00000109089	lincConv	n.1.1	61050	ENSG00000185950	ENSG00000234854	lincConv	1.1.1	22688
ENSMUSG00000038894	ENSMUSG00000108847	lincDivg	n.1.1	62588	ENSG00000185950	ENSG00000275248	lincDivg	1.1.1	18734
ENSMUSG00000038894	ENSMUSG00000109508	lincSS.dw	1.1.1	13867	ENSG00000185950	ENSG00000285534	lincSS.dw	1.1.1	20995
ENSMUSG00000038894	ENSMUSG00000108969	lincSS.dw	1.1.1	93090	ENSG00000185950	ENSG00000285534	lincSS.dw	1.1.1	20995
ENSMUSG00000038894	ENSMUSG00000038917	lincSS.dw	n.1.1	55985	ENSG00000185950	ENSG00000285534	lincSS.dw	1.1.1	20995
ENSMUSG00000038894	ENSMUSG00000109084	lincSS.dw	1.1.1	36791	ENSG00000185950	ENSG00000285534	lincSS.dw	1.1.1	20995
ENSMUSG00000038894	ENSMUSG00000109291	lincSS.dw	1.1.1	84077	ENSG00000185950	ENSG00000285534	lincSS.dw	1.1.1	20995
ENSMUSG00000038894	ENSMUSG00000096938	lncgDivg	n.n.1	0	ENSG00000185950	ENSG00000275741	lncgDivg	1.1.1	0
ENSMUSG00000038963	ENSMUSG00000121267	lncgDivg	1.1.1	100	ENSG00000101187	ENSG00000167046	lncgDivg	1.1.1	0
ENSMUSG00000038963	ENSMUSG00000121267	lncgDivg	1.1.1	100	ENSG00000101187	ENSG00000276317	lncgDivg	1.1.1	0
ENSMUSG00000038963	ENSMUSG00000121267	lncgDivg	1.1.1	100	ENSG00000101187	ENSG00000232803	lncgDivg	n.1.1	0
ENSMUSG00000038963	ENSMUSG00000121267	lncgDivg	1.1.1	100	ENSG00000101187	ENSG00000277496	lncgDivg	1.1.1	0
ENSMUSG00000038967	ENSMUSG00000087630	lncgDivg	1.1.1	0	ENSG00000005882	ENSG00000250282	lncgDivg	1.1.1	0
ENSMUSG00000038967	ENSMUSG00000087630	lncgDivg	1.1.1	0	ENSG00000005882	ENSG00000275025	lncgDivg	1.1.1	0
ENSMUSG00000038997	ENSMUSG00000086438	lncgDivg	n.n.1	0	ENSG00000154007	ENSG00000225605	lncgDivg	n.n.n	0
ENSMUSG00000039007	ENSMUSG00000120284	lncgSS.dw	n.1.1	0	ENSG00000104324	ENSG00000270077	lncgSS.dw	1.1.1	0
ENSMUSG00000039046	ENSMUSG00000085716	lncgDivg	1.1.1	0	ENSG00000148429	ENSG00000271360	lncgDivg	1.1.1	0
ENSMUSG00000039057	ENSMUSG00000109503	lincSS.dw	1.1.1	50609	ENSG00000041515	ENSG00000223617	lincSS.dw	n.1.1	73968
ENSMUSG00000039057	ENSMUSG00000109503	lincSS.dw	1.1.1	50609	ENSG00000041515	ENSG00000275216	lincSS.dw	n.1.1	61629
ENSMUSG00000039057	ENSMUSG00000109067	lincSS.dw	1.1.1	88744	ENSG00000041515	ENSG00000223617	lincSS.dw	n.1.1	73968
ENSMUSG00000039057	ENSMUSG00000109067	lincSS.dw	1.1.1	88744	ENSG00000041515	ENSG00000275216	lincSS.dw	n.1.1	61629
ENSMUSG00000039057	ENSMUSG00000109432	lincSS.dw	n.1.1	53206	ENSG00000041515	ENSG00000223617	lincSS.dw	n.1.1	73968
ENSMUSG00000039057	ENSMUSG00000109432	lincSS.dw	n.1.1	53206	ENSG00000041515	ENSG00000275216	lincSS.dw	n.1.1	61629
ENSMUSG00000039057	ENSMUSG00000108997	lincSS.dw	1.1.1	97934	ENSG00000041515	ENSG00000223617	lincSS.dw	n.1.1	73968
ENSMUSG00000039057	ENSMUSG00000108997	lincSS.dw	1.1.1	97934	ENSG00000041515	ENSG00000275216	lincSS.dw	n.1.1	61629
ENSMUSG00000039058	ENSMUSG00000097745	lncgDivg	1.1.1	0	ENSG00000154027	ENSG00000233099	lncgDivg	1.1.1	0
ENSMUSG00000039058	ENSMUSG00000097745	lncgDivg	1.1.1	0	ENSG00000154027	ENSG00000287647	lncgDivg	1.1.1	0
ENSMUSG00000039063	ENSMUSG00000087485	lincSS.up	1.1.1	42913	ENSG00000134463	ENSG00000271046	lincSS.up	1.1.1	61852
ENSMUSG00000039116	ENSMUSG00000112225	lincConv	1.1.1	65968	ENSG00000112414	ENSG00000236366	lincConv	n.1.1	80189
ENSMUSG00000039116	ENSMUSG00000112679	lincConv	n.1.1	77827	ENSG00000112414	ENSG00000236366	lincConv	n.1.1	80189
ENSMUSG00000039117	ENSMUSG00000085704	lncgDivg	n.n.1	0	ENSG00000130699	ENSG00000283078	lncgDivg	1.1.1	949
ENSMUSG00000039131	ENSMUSG00000105698	lncgDivg	n.1.1	0	ENSG00000137960	ENSG00000285928	lncgDivg	1.1.1	0
ENSMUSG00000039131	ENSMUSG00000105698	lncgDivg	n.1.1	0	ENSG00000137960	ENSG00000273338	lncgDivg	1.1.1	0
ENSMUSG00000039153	ENSMUSG00000089849	lncgDivg	1.1.1	0	ENSG00000124813	ENSG00000271857	lncgDivg	1.1.1	0
ENSMUSG00000039153	ENSMUSG00000089849	lncgDivg	1.1.1	0	ENSG00000124813	ENSG00000261080	lncgDivg	1.1.1	0
ENSMUSG00000039153	ENSMUSG00000073394	lncgDivg	1.1.1	0	ENSG00000124813	ENSG00000271857	lncgDivg	1.1.1	0
ENSMUSG00000039153	ENSMUSG00000073394	lncgDivg	1.1.1	0	ENSG00000124813	ENSG00000261080	lncgDivg	1.1.1	0
ENSMUSG00000039153	ENSMUSG00000090048	lncgDivg	1.1.1	0	ENSG00000124813	ENSG00000271857	lncgDivg	1.1.1	0
ENSMUSG00000039153	ENSMUSG00000090048	lncgDivg	1.1.1	0	ENSG00000124813	ENSG00000261080	lncgDivg	1.1.1	0
ENSMUSG00000039155	ENSMUSG00000120838	lincSS.dw	1.1.1	6989	ENSG00000124215	ENSG00000228340	lincSS.dw	n.1.1	53650
ENSMUSG00000039155	ENSMUSG00000120838	lincSS.dw	1.1.1	6989	ENSG00000124215	ENSG00000176659	lincSS.dw	n.1.1	21842
ENSMUSG00000039166	ENSMUSG00000120461	lincSS.dw	n.1.1	70981	ENSG00000118507	ENSG00000289262	lincSS.dw	1.1.1	10882
ENSMUSG00000039176	ENSMUSG00000097023	lincDivg	n.1.1	32746	ENSG00000140521	ENSG00000255571	lincDivg	n.1.1	26718
ENSMUSG00000039176	ENSMUSG00000097023	lincDivg	n.1.1	32746	ENSG00000140521	ENSG00000289128	lincDivg	1.1.1	65312
ENSMUSG00000039198	ENSMUSG00000086684	lincConv	1.1.1	38910	ENSG00000182077	ENSG00000260151	lincConv	1.1.1	52204
ENSMUSG00000039198	ENSMUSG00000120449	lincConv	n.1.1	82444	ENSG00000182077	ENSG00000260151	lincConv	1.1.1	52204
ENSMUSG00000039200	ENSMUSG00000115943	lncgDivg	1.1.1	0	ENSG00000166669	ENSG00000260756	lncgDivg	1.1.1	0
ENSMUSG00000039202	ENSMUSG00000108387	lncgDivg	n.1.1	164	ENSG00000140526	ENSG00000261407	lncgDivg	n.n.1	0
ENSMUSG00000039231	ENSMUSG00000087193	lncgConv	n.n.1	0	ENSG00000101945	ENSG00000232828	lncgConv	1.1.1	0
ENSMUSG00000039239	ENSMUSG00000103690	lincSS.dw	n.1.1	64111	ENSG00000092969	ENSG00000228208	lincSS.dw	n.1.1	14646
ENSMUSG00000039239	ENSMUSG00000100393	lncgDivg	1.1.1	0	ENSG00000092969	ENSG00000232480	lncgDivg	n.1.1	0
ENSMUSG00000039257	ENSMUSG00000101643	lincSS.up	1.1.1	12543	ENSG00000187135	ENSG00000267574	lincSS.up	1.1.1	77614
ENSMUSG00000039257	ENSMUSG00000100600	lncgDivg	n.n.1	0	ENSG00000187135	ENSG00000266248	lncgDivg	1.1.1	0
ENSMUSG00000039257	ENSMUSG00000100600	lncgDivg	n.n.1	0	ENSG00000187135	ENSG00000264515	lncgDivg	n.n.n	242
ENSMUSG00000039315	ENSMUSG00000079528	lncgDivg	n.1.1	0	ENSG00000109684	ENSG00000249334	lncgDivg	1.1.1	235
ENSMUSG00000039316	ENSMUSG00000104256	lincDivg	1.1.1	19461	ENSG00000131378	ENSG00000269391	lincDivg	n.1.1	10774
ENSMUSG00000039316	ENSMUSG00000104256	lincDivg	1.1.1	19461	ENSG00000131378	ENSG00000233570	lincDivg	n.1.1	10745
ENSMUSG00000039316	ENSMUSG00000117117	lncgDivg	1.1.1	0	ENSG00000131378	ENSG00000287377	lncgDivg	1.1.1	0
ENSMUSG00000039316	ENSMUSG00000117117	lncgDivg	1.1.1	0	ENSG00000131378	ENSG00000288050	lncgDivg	1.1.1	0
ENSMUSG00000039316	ENSMUSG00000117117	lncgDivg	1.1.1	0	ENSG00000131378	ENSG00000272529	lncgDivg	1.1.1	0
ENSMUSG00000039347	ENSMUSG00000097716	lncgDivg	1.1.1	141	ENSG00000171130	ENSG00000273293	lncgDivg	1.1.1	0
ENSMUSG00000039347	ENSMUSG00000097716	lncgDivg	1.1.1	141	ENSG00000171130	ENSG00000204934	lncgDivg	n.1.1	0
ENSMUSG00000039377	ENSMUSG00000120661	lncgDivg	1.1.1	156	ENSG00000136630	ENSG00000257551	lncgDivg	1.1.1	0
ENSMUSG00000039377	ENSMUSG00000102158	lncgDivg	1.1.1	4358	ENSG00000136630	ENSG00000257551	lncgDivg	1.1.1	0
ENSMUSG00000039384	ENSMUSG00000102743	lincSS.up	1.1.1	84072	ENSG00000143507	ENSG00000227925	lincSS.up	n.1.1	77753
ENSMUSG00000039395	ENSMUSG00000102123	lincSS.dw	1.1.1	37441	ENSG00000118242	ENSG00000235770	lincSS.dw	n.1.1	93630
ENSMUSG00000039405	ENSMUSG00000030623	lncgDivg	n.1.1	0	ENSG00000150687	ENSG00000255471	lncgDivg	n.1.1	0
ENSMUSG00000039410	ENSMUSG00000084987	lncgDivg	n.1.1	0	ENSG00000142611	ENSG00000286518	lncgDivg	1.1.1	0
ENSMUSG00000039410	ENSMUSG00000084987	lncgDivg	n.1.1	0	ENSG00000142611	ENSG00000272235	lncgDivg	1.1.1	0
ENSMUSG00000039410	ENSMUSG00000084987	lncgDivg	n.1.1	0	ENSG00000142611	ENSG00000287828	lncgDivg	1.1.1	0
ENSMUSG00000039410	ENSMUSG00000084987	lncgDivg	n.1.1	0	ENSG00000142611	ENSG00000177133	lncgDivg	n.1.1	1399
ENSMUSG00000039410	ENSMUSG00000084987	lncgDivg	n.1.1	0	ENSG00000142611	ENSG00000226286	lncgDivg	1.1.1	0
ENSMUSG00000039410	ENSMUSG00000086565	lncgDivg	1.1.1	0	ENSG00000142611	ENSG00000286518	lncgDivg	1.1.1	0
ENSMUSG00000039410	ENSMUSG00000086565	lncgDivg	1.1.1	0	ENSG00000142611	ENSG00000272235	lncgDivg	1.1.1	0
ENSMUSG00000039410	ENSMUSG00000086565	lncgDivg	1.1.1	0	ENSG00000142611	ENSG00000287828	lncgDivg	1.1.1	0
ENSMUSG00000039410	ENSMUSG00000086565	lncgDivg	1.1.1	0	ENSG00000142611	ENSG00000177133	lncgDivg	n.1.1	1399
ENSMUSG00000039410	ENSMUSG00000086565	lncgDivg	1.1.1	0	ENSG00000142611	ENSG00000226286	lncgDivg	1.1.1	0
ENSMUSG00000039410	ENSMUSG00000120023	lncgDivg	1.1.1	8	ENSG00000142611	ENSG00000286518	lncgDivg	1.1.1	0
ENSMUSG00000039410	ENSMUSG00000120023	lncgDivg	1.1.1	8	ENSG00000142611	ENSG00000272235	lncgDivg	1.1.1	0
ENSMUSG00000039410	ENSMUSG00000120023	lncgDivg	1.1.1	8	ENSG00000142611	ENSG00000287828	lncgDivg	1.1.1	0
ENSMUSG00000039410	ENSMUSG00000120023	lncgDivg	1.1.1	8	ENSG00000142611	ENSG00000177133	lncgDivg	n.1.1	1399
ENSMUSG00000039410	ENSMUSG00000120023	lncgDivg	1.1.1	8	ENSG00000142611	ENSG00000226286	lncgDivg	1.1.1	0
ENSMUSG00000039410	ENSMUSG00000097871	lncgDivg	1.1.1	0	ENSG00000142611	ENSG00000286518	lncgDivg	1.1.1	0
ENSMUSG00000039410	ENSMUSG00000097871	lncgDivg	1.1.1	0	ENSG00000142611	ENSG00000272235	lncgDivg	1.1.1	0
ENSMUSG00000039410	ENSMUSG00000097871	lncgDivg	1.1.1	0	ENSG00000142611	ENSG00000287828	lncgDivg	1.1.1	0
ENSMUSG00000039410	ENSMUSG00000097871	lncgDivg	1.1.1	0	ENSG00000142611	ENSG00000177133	lncgDivg	n.1.1	1399
ENSMUSG00000039410	ENSMUSG00000097871	lncgDivg	1.1.1	0	ENSG00000142611	ENSG00000226286	lncgDivg	1.1.1	0
ENSMUSG00000039410	ENSMUSG00000085069	lncgDivg	1.1.1	703	ENSG00000142611	ENSG00000286518	lncgDivg	1.1.1	0
ENSMUSG00000039410	ENSMUSG00000085069	lncgDivg	1.1.1	703	ENSG00000142611	ENSG00000272235	lncgDivg	1.1.1	0
ENSMUSG00000039410	ENSMUSG00000085069	lncgDivg	1.1.1	703	ENSG00000142611	ENSG00000287828	lncgDivg	1.1.1	0
ENSMUSG00000039410	ENSMUSG00000085069	lncgDivg	1.1.1	703	ENSG00000142611	ENSG00000177133	lncgDivg	n.1.1	1399
ENSMUSG00000039410	ENSMUSG00000085069	lncgDivg	1.1.1	703	ENSG00000142611	ENSG00000226286	lncgDivg	1.1.1	0
ENSMUSG00000039456	ENSMUSG00000116927	lncgDivg	1.1.1	0	ENSG00000159256	ENSG00000273199	lncgDivg	1.1.1	0
ENSMUSG00000039477	ENSMUSG00000119945	lncgDivg	1.1.1	223	ENSG00000182095	ENSG00000272953	lncgDivg	1.1.1	300
ENSMUSG00000039477	ENSMUSG00000119945	lncgDivg	1.1.1	223	ENSG00000182095	ENSG00000241269	lncgDivg	1.1.1	0
ENSMUSG00000039477	ENSMUSG00000119945	lncgDivg	1.1.1	223	ENSG00000182095	ENSG00000290091	lncgDivg	1.1.1	0
ENSMUSG00000039477	ENSMUSG00000119945	lncgDivg	1.1.1	223	ENSG00000182095	ENSG00000188365	lncgDivg	1.1.1	0
ENSMUSG00000039477	ENSMUSG00000120304	lncgDivg	1.1.1	4879	ENSG00000182095	ENSG00000272953	lncgDivg	1.1.1	300
ENSMUSG00000039477	ENSMUSG00000120304	lncgDivg	1.1.1	4879	ENSG00000182095	ENSG00000241269	lncgDivg	1.1.1	0
ENSMUSG00000039477	ENSMUSG00000120304	lncgDivg	1.1.1	4879	ENSG00000182095	ENSG00000290091	lncgDivg	1.1.1	0
ENSMUSG00000039477	ENSMUSG00000120304	lncgDivg	1.1.1	4879	ENSG00000182095	ENSG00000188365	lncgDivg	1.1.1	0
ENSMUSG00000039477	ENSMUSG00000119979	lncgDivg	1.1.1	4125	ENSG00000182095	ENSG00000272953	lncgDivg	1.1.1	300
ENSMUSG00000039477	ENSMUSG00000119979	lncgDivg	1.1.1	4125	ENSG00000182095	ENSG00000241269	lncgDivg	1.1.1	0
ENSMUSG00000039477	ENSMUSG00000119979	lncgDivg	1.1.1	4125	ENSG00000182095	ENSG00000290091	lncgDivg	1.1.1	0
ENSMUSG00000039477	ENSMUSG00000119979	lncgDivg	1.1.1	4125	ENSG00000182095	ENSG00000188365	lncgDivg	1.1.1	0
ENSMUSG00000039477	ENSMUSG00000120087	lncgSS.up	1.1.1	4731	ENSG00000182095	ENSG00000234432	lncgSS.up	1.1.1	863
ENSMUSG00000039477	ENSMUSG00000120419	lncgSS.up	1.1.1	2460	ENSG00000182095	ENSG00000234432	lncgSS.up	1.1.1	863
ENSMUSG00000039501	ENSMUSG00000074578	lncgDivg	n.n.1	0	ENSG00000124201	ENSG00000177410	lncgDivg	n.n.n	0
ENSMUSG00000039539	ENSMUSG00000110236	lncgDivg	1.1.1	0	ENSG00000185053	ENSG00000254575	lncgDivg	1.1.1	0
ENSMUSG00000039542	ENSMUSG00000079564	lncgDivg	n.1.1	0	ENSG00000149294	ENSG00000227487	lncgDivg	n.1.1	0
ENSMUSG00000039542	ENSMUSG00000079564	lncgDivg	n.1.1	0	ENSG00000149294	ENSG00000247416	lncgDivg	n.1.1	0
ENSMUSG00000039578	ENSMUSG00000097924	lncgDivg	n.n.1	0	ENSG00000184305	ENSG00000248984	lncgDivg	1.1.1	0
ENSMUSG00000039578	ENSMUSG00000097924	lncgDivg	n.n.1	0	ENSG00000184305	ENSG00000249049	lncgDivg	1.1.1	0
ENSMUSG00000039585	ENSMUSG00000110803	lncgConv	1.1.1	0	ENSG00000066933	ENSG00000260037	lncgConv	n.1.1	0
ENSMUSG00000039607	ENSMUSG00000079669	lncgDivg	n.1.1	0	ENSG00000144642	ENSG00000203506	lncgDivg	n.1.n	0
ENSMUSG00000039607	ENSMUSG00000079669	lncgDivg	n.1.1	0	ENSG00000144642	ENSG00000235593	lncgDivg	1.1.1	0
ENSMUSG00000039607	ENSMUSG00000079669	lncgDivg	n.1.1	0	ENSG00000144642	ENSG00000235904	lncgDivg	n.n.n	0
ENSMUSG00000039621	ENSMUSG00000120902	lncgDivg	1.1.1	234	ENSG00000124126	ENSG00000286159	lncgDivg	1.1.1	0
ENSMUSG00000039671	ENSMUSG00000086820	lncgDivg	1.1.1	0	ENSG00000101040	ENSG00000289848	lncgDivg	1.1.1	1001
ENSMUSG00000039671	ENSMUSG00000086820	lncgDivg	1.1.1	0	ENSG00000101040	ENSG00000267882	lncgDivg	1.1.1	0
ENSMUSG00000039671	ENSMUSG00000086820	lncgDivg	1.1.1	0	ENSG00000101040	ENSG00000289329	lncgDivg	1.1.1	0
ENSMUSG00000039671	ENSMUSG00000086820	lncgDivg	1.1.1	0	ENSG00000101040	ENSG00000231119	lncgDivg	1.1.1	0
ENSMUSG00000039671	ENSMUSG00000085274	lncgDivg	1.1.1	0	ENSG00000101040	ENSG00000289848	lncgDivg	1.1.1	1001
ENSMUSG00000039671	ENSMUSG00000085274	lncgDivg	1.1.1	0	ENSG00000101040	ENSG00000267882	lncgDivg	1.1.1	0
ENSMUSG00000039671	ENSMUSG00000085274	lncgDivg	1.1.1	0	ENSG00000101040	ENSG00000289329	lncgDivg	1.1.1	0
ENSMUSG00000039671	ENSMUSG00000085274	lncgDivg	1.1.1	0	ENSG00000101040	ENSG00000231119	lncgDivg	1.1.1	0
ENSMUSG00000039683	ENSMUSG00000085540	lncgDivg	1.1.1	0	ENSG00000146555	ENSG00000283991	lncgDivg	1.1.1	0
ENSMUSG00000039683	ENSMUSG00000085540	lncgDivg	1.1.1	0	ENSG00000146555	ENSG00000236510	lncgDivg	1.1.1	0
ENSMUSG00000039683	ENSMUSG00000085540	lncgDivg	1.1.1	0	ENSG00000146555	ENSG00000236708	lncgDivg	1.1.1	0
ENSMUSG00000039683	ENSMUSG00000084934	lncgDivg	n.n.1	0	ENSG00000146555	ENSG00000283991	lncgDivg	1.1.1	0
ENSMUSG00000039683	ENSMUSG00000084934	lncgDivg	n.n.1	0	ENSG00000146555	ENSG00000236510	lncgDivg	1.1.1	0
ENSMUSG00000039683	ENSMUSG00000084934	lncgDivg	n.n.1	0	ENSG00000146555	ENSG00000236708	lncgDivg	1.1.1	0
ENSMUSG00000039706	ENSMUSG00000104894	lncgDivg	n.1.1	0	ENSG00000169744	ENSG00000287081	lncgDivg	1.1.1	0
ENSMUSG00000039716	ENSMUSG00000090207	lncgConv	n.1.1	0	ENSG00000088538	ENSG00000288988	lncgConv	1.1.1	0
ENSMUSG00000039741	ENSMUSG00000086750	lincDivg	n.1.1	15954	ENSG00000266074	ENSG00000262877	lincDivg	n.1.1	5138
ENSMUSG00000039741	ENSMUSG00000086750	lincDivg	n.1.1	15954	ENSG00000266074	ENSG00000262223	lincDivg	n.1.1	10012
ENSMUSG00000039741	ENSMUSG00000043993	lncgDivg	n.1.1	1309	ENSG00000266074	ENSG00000263271	lncgDivg	1.1.1	0
ENSMUSG00000039741	ENSMUSG00000085501	lncgDivg	1.1.1	0	ENSG00000266074	ENSG00000263271	lncgDivg	1.1.1	0
ENSMUSG00000039782	ENSMUSG00000085720	lncgDivg	n.n.1	0	ENSG00000137449	ENSG00000247624	lncgDivg	n.1.1	436
ENSMUSG00000039782	ENSMUSG00000120663	lncgDivg	1.1.1	352	ENSG00000137449	ENSG00000247624	lncgDivg	n.1.1	436
ENSMUSG00000039824	ENSMUSG00000119994	lncgDivg	n.1.1	255	ENSG00000196465	ENSG00000257809	lncgDivg	1.1.1	0
ENSMUSG00000039842	ENSMUSG00000087300	lncgDivg	1.1.1	0	ENSG00000147316	ENSG00000288076	lncgDivg	1.1.1	0
ENSMUSG00000039842	ENSMUSG00000087300	lncgDivg	1.1.1	0	ENSG00000147316	ENSG00000271743	lncgDivg	1.1.1	0
ENSMUSG00000039842	ENSMUSG00000087300	lncgDivg	1.1.1	0	ENSG00000147316	ENSG00000246089	lncgDivg	n.n.1	0
ENSMUSG00000039851	ENSMUSG00000116763	lincSS.up	1.1.1	43333	ENSG00000205929	ENSG00000232360	lincSS.up	1.1.1	30624
ENSMUSG00000039851	ENSMUSG00000085398	lncgConv	1.1.1	0	ENSG00000205929	ENSG00000205930	lncgConv	n.n.n	0
ENSMUSG00000039852	ENSMUSG00000085213	lncgDivg	n.1.1	0	ENSG00000142599	ENSG00000232912	lncgDivg	n.1.1	0
ENSMUSG00000039887	ENSMUSG00000120588	lncgDivg	1.1.1	165	ENSG00000172339	ENSG00000230427	lncgDivg	1.1.1	0
ENSMUSG00000039891	ENSMUSG00000093672	lncgDivg	n.n.1	0	ENSG00000164440	ENSG00000226571	lncgDivg	n.n.n	0
ENSMUSG00000039913	ENSMUSG00000085383	lncgDivg	1.1.1	0	ENSG00000101349	ENSG00000286740	lncgDivg	1.1.1	0
ENSMUSG00000039913	ENSMUSG00000085383	lncgDivg	1.1.1	0	ENSG00000101349	ENSG00000286470	lncgDivg	1.1.1	0
ENSMUSG00000039913	ENSMUSG00000085383	lncgDivg	1.1.1	0	ENSG00000101349	ENSG00000232738	lncgDivg	1.1.1	0
ENSMUSG00000039968	ENSMUSG00000101013	lncgDivg	1.1.1	0	ENSG00000187257	ENSG00000214293	lncgDivg	n.1.1	169
ENSMUSG00000039976	ENSMUSG00000087404	lncgDivg	1.1.1	0	ENSG00000167291	ENSG00000275516	lncgDivg	1.1.1	0
ENSMUSG00000039976	ENSMUSG00000087404	lncgDivg	1.1.1	0	ENSG00000167291	ENSG00000261978	lncgDivg	n.1.1	0
ENSMUSG00000039976	ENSMUSG00000085548	lncgSS.up	1.1.1	0	ENSG00000167291	ENSG00000262172	lncgSS.up	1.1.1	0
ENSMUSG00000039985	ENSMUSG00000085355	lncgDivg	n.1.1	0	ENSG00000139146	ENSG00000177340	lncgDivg	1.1.1	0
ENSMUSG00000039985	ENSMUSG00000108258	lncgSS.dw	1.1.1	500	ENSG00000139146	ENSG00000275097	lncgSS.dw	1.1.1	0
ENSMUSG00000039989	ENSMUSG00000086306	lincSS.up	1.1.1	20107	ENSG00000141582	ENSG00000262343	lincSS.up	1.1.1	8618
ENSMUSG00000040003	ENSMUSG00000097626	lncgDivg	n.1.1	316	ENSG00000187391	ENSG00000234456	lncgDivg	n.n.1	0
ENSMUSG00000040003	ENSMUSG00000097626	lncgDivg	n.1.1	316	ENSG00000187391	ENSG00000226978	lncgDivg	1.1.1	0
ENSMUSG00000040003	ENSMUSG00000097626	lncgDivg	n.1.1	316	ENSG00000187391	ENSG00000281120	lncgDivg	1.1.1	0
ENSMUSG00000040003	ENSMUSG00000097626	lncgDivg	n.1.1	316	ENSG00000187391	ENSG00000251276	lncgDivg	1.1.1	0
ENSMUSG00000040006	ENSMUSG00000085211	lncgDivg	n.1.1	0	ENSG00000055211	ENSG00000281021	lncgDivg	1.1.1	0
ENSMUSG00000040016	ENSMUSG00000106632	lincConv	1.1.1	74516	ENSG00000050628	ENSG00000229051	lincConv	n.1.1	65885
ENSMUSG00000040022	ENSMUSG00000091378	lncgDivg	1.1.1	68	ENSG00000107560	ENSG00000177640	lncgDivg	n.n.n	0
ENSMUSG00000040022	ENSMUSG00000091378	lncgDivg	1.1.1	68	ENSG00000107560	ENSG00000231104	lncgDivg	n.n.1	0
ENSMUSG00000040037	ENSMUSG00000086708	lncgDivg	1.1.1	0	ENSG00000172260	ENSG00000231985	lncgDivg	1.1.1	0
ENSMUSG00000040037	ENSMUSG00000086708	lncgDivg	1.1.1	0	ENSG00000172260	ENSG00000286863	lncgDivg	n.1.1	631
ENSMUSG00000040037	ENSMUSG00000085084	lncgDivg	n.1.1	119	ENSG00000172260	ENSG00000231985	lncgDivg	1.1.1	0
ENSMUSG00000040037	ENSMUSG00000085084	lncgDivg	n.1.1	119	ENSG00000172260	ENSG00000286863	lncgDivg	n.1.1	631
ENSMUSG00000040040	ENSMUSG00000086486	lncgDivg	1.1.1	0	ENSG00000032742	ENSG00000277020	lncgDivg	n.1.1	303
ENSMUSG00000040111	ENSMUSG00000110922	lincDivg	1.1.1	15977	ENSG00000023171	ENSG00000254823	lincDivg	n.1.1	43088
ENSMUSG00000040118	ENSMUSG00000096936	lncgDivg	1.1.1	1285	ENSG00000153956	ENSG00000223770	lncgDivg	n.n.1	0
ENSMUSG00000040118	ENSMUSG00000104886	lncgDivg	1.1.1	0	ENSG00000153956	ENSG00000223770	lncgDivg	n.n.1	0
ENSMUSG00000040123	ENSMUSG00000100017	lncgDivg	1.1.1	273	ENSG00000132950	ENSG00000223576	lncgDivg	1.1.1	0
ENSMUSG00000040123	ENSMUSG00000100017	lncgDivg	1.1.1	273	ENSG00000132950	ENSG00000275964	lncgDivg	1.1.1	189
ENSMUSG00000040133	ENSMUSG00000085889	lncgDivg	1.1.1	0	ENSG00000166073	ENSG00000246863	lncgDivg	n.1.1	776
ENSMUSG00000040133	ENSMUSG00000100046	lncgSS.dw	1.1.1	0	ENSG00000166073	ENSG00000259580	lncgSS.dw	1.1.1	0
ENSMUSG00000040133	ENSMUSG00000045339	lncgSS.dw	n.1.1	1109	ENSG00000166073	ENSG00000259580	lncgSS.dw	1.1.1	0
ENSMUSG00000040133	ENSMUSG00000121262	lncgSS.up	1.1.1	0	ENSG00000166073	ENSG00000259432	lncgSS.up	1.1.1	0
ENSMUSG00000040136	ENSMUSG00000110240	lncgDivg	1.1.1	0	ENSG00000006071	ENSG00000287898	lncgDivg	n.n.1	0
ENSMUSG00000040152	ENSMUSG00000101859	lncgDivg	1.1.1	0	ENSG00000137801	ENSG00000278621	lncgDivg	1.1.1	0
ENSMUSG00000040152	ENSMUSG00000087203	lncgDivg	n.1.1	674	ENSG00000137801	ENSG00000278621	lncgDivg	1.1.1	0
ENSMUSG00000040174	ENSMUSG00000027196	lncgConv	n.n.1	0	ENSG00000166199	ENSG00000244926	lncgConv	n.1.1	0
ENSMUSG00000040249	ENSMUSG00000120065	lncgDivg	1.1.1	170	ENSG00000123384	ENSG00000259125	lncgDivg	n.n.1	0
ENSMUSG00000040249	ENSMUSG00000086499	lncgDivg	1.1.1	0	ENSG00000123384	ENSG00000259125	lncgDivg	n.n.1	0
ENSMUSG00000040265	ENSMUSG00000090260	lncgDivg	n.1.1	0	ENSG00000197959	ENSG00000230630	lncgDivg	n.1.1	0
ENSMUSG00000040265	ENSMUSG00000090260	lncgDivg	n.1.1	0	ENSG00000197959	ENSG00000287336	lncgDivg	1.1.1	0
ENSMUSG00000040265	ENSMUSG00000078190	lncgDivg	n.1.1	0	ENSG00000197959	ENSG00000230630	lncgDivg	n.1.1	0
ENSMUSG00000040265	ENSMUSG00000078190	lncgDivg	n.1.1	0	ENSG00000197959	ENSG00000287336	lncgDivg	1.1.1	0
ENSMUSG00000040270	ENSMUSG00000086150	lncgDivg	n.n.1	0	ENSG00000112182	ENSG00000226455	lncgDivg	n.n.1	0
ENSMUSG00000040270	ENSMUSG00000086150	lncgDivg	n.n.1	0	ENSG00000112182	ENSG00000260271	lncgDivg	n.n.1	0
ENSMUSG00000040270	ENSMUSG00000086150	lncgDivg	n.n.1	0	ENSG00000112182	ENSG00000287789	lncgDivg	1.1.1	0
ENSMUSG00000040274	ENSMUSG00000106588	lncgDivg	n.n.1	0	ENSG00000105810	ENSG00000286742	lncgDivg	n.1.1	0
ENSMUSG00000040274	ENSMUSG00000106588	lncgDivg	n.n.1	0	ENSG00000105810	ENSG00000237819	lncgDivg	n.n.1	0
ENSMUSG00000040274	ENSMUSG00000105534	lncgDivg	1.1.1	0	ENSG00000105810	ENSG00000286742	lncgDivg	n.1.1	0
ENSMUSG00000040274	ENSMUSG00000105534	lncgDivg	1.1.1	0	ENSG00000105810	ENSG00000237819	lncgDivg	n.n.1	0
ENSMUSG00000040282	ENSMUSG00000086735	lncgDivg	1.1.1	161	ENSG00000186073	ENSG00000261191	lncgDivg	1.1.1	0
ENSMUSG00000040289	ENSMUSG00000104102	lincConv	1.1.1	30905	ENSG00000164683	ENSG00000287052	lincConv	1.1.1	12810
ENSMUSG00000040322	ENSMUSG00000105139	lncgDivg	n.1.1	254	ENSG00000085491	ENSG00000260879	lncgDivg	1.1.1	0
ENSMUSG00000040329	ENSMUSG00000097804	lncgDivg	1.1.1	0	ENSG00000104432	ENSG00000285744	lncgDivg	1.1.1	0
ENSMUSG00000040350	ENSMUSG00000086245	lncgConv	1.1.1	0	ENSG00000146054	ENSG00000250222	lncgConv	n.1.1	0
ENSMUSG00000040363	ENSMUSG00000121006	lncgDivg	1.1.1	0	ENSG00000183337	ENSG00000288856	lncgDivg	1.1.1	0
ENSMUSG00000040414	ENSMUSG00000117698	lncgDivg	n.1.1	252	ENSG00000155287	ENSG00000260475	lncgDivg	1.1.1	0
ENSMUSG00000040420	ENSMUSG00000115560	lncgDivg	1.1.1	0	ENSG00000145526	ENSG00000249854	lncgDivg	n.1.1	0
ENSMUSG00000040451	ENSMUSG00000097787	lncgDivg	n.1.1	0	ENSG00000198964	ENSG00000286401	lncgDivg	1.1.1	0
ENSMUSG00000040451	ENSMUSG00000097787	lncgDivg	n.1.1	0	ENSG00000198964	ENSG00000225303	lncgDivg	1.1.1	0
ENSMUSG00000040451	ENSMUSG00000097787	lncgDivg	n.1.1	0	ENSG00000198964	ENSG00000226200	lncgDivg	n.1.1	0
ENSMUSG00000040452	ENSMUSG00000115122	lncgSS.up	n.n.n	0	ENSG00000154162	ENSG00000253104	lncgSS.up	1.1.1	0
ENSMUSG00000040459	ENSMUSG00000109062	lincDivg	1.1.1	45449	ENSG00000134884	ENSG00000230156	lincDivg	n.1.1	85760
ENSMUSG00000040459	ENSMUSG00000109371	lincDivg	1.1.1	36590	ENSG00000134884	ENSG00000230156	lincDivg	n.1.1	85760
ENSMUSG00000040536	ENSMUSG00000087241	lncgDivg	n.1.1	0	ENSG00000123119	ENSG00000289502	lncgDivg	1.1.1	0
ENSMUSG00000040536	ENSMUSG00000087241	lncgDivg	n.1.1	0	ENSG00000123119	ENSG00000254251	lncgDivg	1.1.1	0
ENSMUSG00000040548	ENSMUSG00000120012	lncgConv	n.n.1	0	ENSG00000136478	ENSG00000266402	lncgConv	n.1.1	751
ENSMUSG00000040554	ENSMUSG00000085528	lincSS.dw	1.1.1	87841	ENSG00000129221	ENSG00000285593	lincSS.dw	1.1.1	18613
ENSMUSG00000040560	ENSMUSG00000117977	lncgDivg	1.1.1	0	ENSG00000091157	ENSG00000267146	lncgDivg	1.1.1	0
ENSMUSG00000040606	ENSMUSG00000087525	lncgDivg	1.1.1	0	ENSG00000189337	ENSG00000231606	lncgDivg	n.1.1	0
ENSMUSG00000040606	ENSMUSG00000087525	lncgDivg	1.1.1	0	ENSG00000189337	ENSG00000287756	lncgDivg	1.1.1	0
ENSMUSG00000040606	ENSMUSG00000087525	lncgDivg	1.1.1	0	ENSG00000189337	ENSG00000234593	lncgDivg	n.1.1	0
ENSMUSG00000040616	ENSMUSG00000073728	lncgDivg	n.n.1	0	ENSG00000171729	ENSG00000204464	lncgDivg	n.1.1	0
ENSMUSG00000040640	ENSMUSG00000109849	lncgDivg	1.1.1	0	ENSG00000187672	ENSG00000240777	lncgDivg	1.1.1	0
ENSMUSG00000040659	ENSMUSG00000100396	lncgDivg	1.1.1	787	ENSG00000142634	ENSG00000228140	lncgDivg	n.1.1	2006
ENSMUSG00000040710	ENSMUSG00000121039	lncgDivg	1.1.1	127	ENSG00000113532	ENSG00000289912	lncgDivg	1.1.1	112
ENSMUSG00000040720	ENSMUSG00000086625	lncgDivg	1.1.1	0	ENSG00000164944	ENSG00000254315	lncgDivg	1.1.1	0
ENSMUSG00000040720	ENSMUSG00000086625	lncgDivg	1.1.1	0	ENSG00000164944	ENSG00000253704	lncgDivg	n.1.1	139
ENSMUSG00000040732	ENSMUSG00000120082	lncgSS.up	1.1.1	0	ENSG00000157554	ENSG00000289404	lncgSS.up	1.1.1	0
ENSMUSG00000040820	ENSMUSG00000115246	lncgDivg	1.1.1	0	ENSG00000159267	ENSG00000224790	lncgDivg	n.1.1	0
ENSMUSG00000040865	ENSMUSG00000101599	lncgDivg	1.1.1	2428	ENSG00000114933	ENSG00000227946	lncgDivg	n.n.1	0
ENSMUSG00000040875	ENSMUSG00000098127	lncgDivg	1.1.1	0	ENSG00000144645	ENSG00000232490	lncgDivg	n.n.1	0
ENSMUSG00000040875	ENSMUSG00000098191	lncgDivg	1.1.1	0	ENSG00000144645	ENSG00000232490	lncgDivg	n.n.1	0
ENSMUSG00000040896	ENSMUSG00000074346	lncgDivg	n.n.1	0	ENSG00000171385	ENSG00000237556	lncgDivg	n.1.1	0
ENSMUSG00000040896	ENSMUSG00000074346	lncgDivg	n.n.1	0	ENSG00000171385	ENSG00000231437	lncgDivg	n.1.1	102
ENSMUSG00000040929	ENSMUSG00000092182	lncgDivg	1.1.1	0	ENSG00000080298	ENSG00000232104	lncgDivg	n.1.1	455
ENSMUSG00000040929	ENSMUSG00000092182	lncgDivg	1.1.1	0	ENSG00000080298	ENSG00000288963	lncgDivg	1.1.1	68
ENSMUSG00000040943	ENSMUSG00000105085	lncgDivg	1.1.1	0	ENSG00000168769	ENSG00000251586	lncgDivg	1.1.1	0
ENSMUSG00000040957	ENSMUSG00000097440	lncgDivg	n.1.1	0	ENSG00000134508	ENSG00000266495	lncgDivg	1.1.1	0
ENSMUSG00000040972	ENSMUSG00000086164	lncgDivg	1.1.1	0	ENSG00000117154	ENSG00000230035	lncgDivg	1.1.1	0
ENSMUSG00000040972	ENSMUSG00000085968	lncgDivg	1.1.1	0	ENSG00000117154	ENSG00000230035	lncgDivg	1.1.1	0
ENSMUSG00000041014	ENSMUSG00000093556	lncgDivg	1.1.1	0	ENSG00000185737	ENSG00000229458	lncgDivg	1.1.1	0
ENSMUSG00000041014	ENSMUSG00000093556	lncgDivg	1.1.1	0	ENSG00000185737	ENSG00000287358	lncgDivg	1.1.1	61
ENSMUSG00000041014	ENSMUSG00000093556	lncgDivg	1.1.1	0	ENSG00000185737	ENSG00000225738	lncgDivg	n.n.1	0
ENSMUSG00000041014	ENSMUSG00000093556	lncgDivg	1.1.1	0	ENSG00000185737	ENSG00000285739	lncgDivg	1.1.1	0
ENSMUSG00000041014	ENSMUSG00000093383	lncgDivg	1.1.1	0	ENSG00000185737	ENSG00000229458	lncgDivg	1.1.1	0
ENSMUSG00000041014	ENSMUSG00000093383	lncgDivg	1.1.1	0	ENSG00000185737	ENSG00000287358	lncgDivg	1.1.1	61
ENSMUSG00000041014	ENSMUSG00000093383	lncgDivg	1.1.1	0	ENSG00000185737	ENSG00000225738	lncgDivg	n.n.1	0
ENSMUSG00000041014	ENSMUSG00000093383	lncgDivg	1.1.1	0	ENSG00000185737	ENSG00000285739	lncgDivg	1.1.1	0
ENSMUSG00000041014	ENSMUSG00000093528	lncgDivg	1.1.1	0	ENSG00000185737	ENSG00000229458	lncgDivg	1.1.1	0
ENSMUSG00000041014	ENSMUSG00000093528	lncgDivg	1.1.1	0	ENSG00000185737	ENSG00000287358	lncgDivg	1.1.1	61
ENSMUSG00000041014	ENSMUSG00000093528	lncgDivg	1.1.1	0	ENSG00000185737	ENSG00000225738	lncgDivg	n.n.1	0
ENSMUSG00000041014	ENSMUSG00000093528	lncgDivg	1.1.1	0	ENSG00000185737	ENSG00000285739	lncgDivg	1.1.1	0
ENSMUSG00000041112	ENSMUSG00000113313	lncgDivg	1.1.1	0	ENSG00000155849	ENSG00000224101	lncgDivg	1.1.1	0
ENSMUSG00000041119	ENSMUSG00000118081	lncgDivg	n.1.1	0	ENSG00000160191	ENSG00000235023	lncgDivg	1.1.1	2377
ENSMUSG00000041119	ENSMUSG00000118081	lncgDivg	n.1.1	0	ENSG00000160191	ENSG00000225731	lncgDivg	1.1.1	0
ENSMUSG00000041119	ENSMUSG00000118157	lncgDivg	1.1.1	0	ENSG00000160191	ENSG00000235023	lncgDivg	1.1.1	2377
ENSMUSG00000041119	ENSMUSG00000118157	lncgDivg	1.1.1	0	ENSG00000160191	ENSG00000225731	lncgDivg	1.1.1	0
ENSMUSG00000041132	ENSMUSG00000106927	lncgSS.up	1.1.1	0	ENSG00000139597	ENSG00000270008	lncgSS.up	1.1.1	0
ENSMUSG00000041135	ENSMUSG00000085112	lncgDivg	n.1.1	417	ENSG00000104312	ENSG00000251136	lncgDivg	n.n.1	0
ENSMUSG00000041180	ENSMUSG00000087579	lncgConv	n.n.n	0	ENSG00000165338	ENSG00000289228	lncgConv	n.1.1	0
ENSMUSG00000041216	ENSMUSG00000087564	lncgDivg	1.1.1	0	ENSG00000177182	ENSG00000253711	lncgDivg	n.n.1	0
ENSMUSG00000041216	ENSMUSG00000087564	lncgDivg	1.1.1	0	ENSG00000177182	ENSG00000254222	lncgDivg	1.1.1	0
ENSMUSG00000041216	ENSMUSG00000086233	lncgDivg	n.1.1	0	ENSG00000177182	ENSG00000253711	lncgDivg	n.n.1	0
ENSMUSG00000041216	ENSMUSG00000086233	lncgDivg	n.1.1	0	ENSG00000177182	ENSG00000254222	lncgDivg	1.1.1	0
ENSMUSG00000041220	ENSMUSG00000105837	lncgDivg	n.n.1	0	ENSG00000170522	ENSG00000288913	lncgDivg	1.1.1	0
ENSMUSG00000041235	ENSMUSG00000120700	lincSS.dw	1.1.1	71573	ENSG00000171316	ENSG00000287975	lincSS.dw	n.1.1	16766
ENSMUSG00000041235	ENSMUSG00000120700	lincSS.dw	1.1.1	71573	ENSG00000171316	ENSG00000254777	lincSS.dw	n.1.1	42025
ENSMUSG00000041238	ENSMUSG00000117634	lncgDivg	1.1.1	0	ENSG00000101773	ENSG00000273232	lncgDivg	1.1.1	0
ENSMUSG00000041238	ENSMUSG00000117634	lncgDivg	1.1.1	0	ENSG00000101773	ENSG00000265943	lncgDivg	1.1.1	0
ENSMUSG00000041258	ENSMUSG00000118085	lincDivg	1.1.1	65835	ENSG00000130856	ENSG00000278107	lincDivg	1.1.1	16821
ENSMUSG00000041258	ENSMUSG00000117888	lincDivg	n.1.1	25085	ENSG00000130856	ENSG00000278107	lincDivg	1.1.1	16821
ENSMUSG00000041258	ENSMUSG00000117824	lincDivg	1.1.1	9549	ENSG00000130856	ENSG00000278107	lincDivg	1.1.1	16821
ENSMUSG00000041258	ENSMUSG00000118012	lncgDivg	1.1.1	1404	ENSG00000130856	ENSG00000264278	lncgDivg	1.1.1	262
ENSMUSG00000041272	ENSMUSG00000086052	lncgDivg	1.1.1	0	ENSG00000198846	ENSG00000167912	lncgDivg	n.n.1	0
ENSMUSG00000041298	ENSMUSG00000087647	lincConv	1.1.1	33786	ENSG00000102781	ENSG00000232643	lincConv	1.1.1	42038
ENSMUSG00000041298	ENSMUSG00000085740	lincConv	1.1.1	88504	ENSG00000102781	ENSG00000232643	lincConv	1.1.1	42038
ENSMUSG00000041301	ENSMUSG00000087389	lncgDivg	1.1.1	0	ENSG00000001626	ENSG00000083622	lncgDivg	1.1.1	0
ENSMUSG00000041301	ENSMUSG00000087389	lncgDivg	1.1.1	0	ENSG00000001626	ENSG00000232661	lncgDivg	1.1.1	0
ENSMUSG00000041301	ENSMUSG00000087389	lncgDivg	1.1.1	0	ENSG00000001626	ENSG00000286390	lncgDivg	1.1.1	0
ENSMUSG00000041328	ENSMUSG00000098066	lncgConv	1.1.1	0	ENSG00000165494	ENSG00000247137	lncgConv	n.n.n	0
ENSMUSG00000041408	ENSMUSG00000120637	lincSS.dw	n.1.1	26566	ENSG00000062650	ENSG00000286359	lincSS.dw	1.1.1	32055
ENSMUSG00000041408	ENSMUSG00000097310	lincSS.dw	n.1.1	11419	ENSG00000062650	ENSG00000286359	lincSS.dw	1.1.1	32055
ENSMUSG00000041408	ENSMUSG00000115007	lncgDivg	1.1.1	143	ENSG00000062650	ENSG00000227896	lncgDivg	1.1.1	153
ENSMUSG00000041415	ENSMUSG00000120051	lncgDivg	1.1.1	202	ENSG00000100697	ENSG00000235706	lncgDivg	n.n.n	0
ENSMUSG00000041483	ENSMUSG00000097113	lincSS.dw	n.1.1	40716	ENSG00000162702	ENSG00000273093	lincSS.dw	1.1.1	88973
ENSMUSG00000041483	ENSMUSG00000097448	lincSS.dw	1.1.1	66158	ENSG00000162702	ENSG00000273093	lincSS.dw	1.1.1	88973
ENSMUSG00000041491	ENSMUSG00000097557	lncgDivg	n.1.1	86	ENSG00000148019	ENSG00000289440	lncgDivg	n.1.1	42
ENSMUSG00000041498	ENSMUSG00000104414	lincSS.dw	1.1.1	10094	ENSG00000118193	ENSG00000282849	lincSS.dw	1.1.1	67893
ENSMUSG00000041540	ENSMUSG00000086282	lncgDivg	1.1.1	0	ENSG00000134532	ENSG00000256473	lncgDivg	1.1.1	0
ENSMUSG00000041540	ENSMUSG00000086282	lncgDivg	1.1.1	0	ENSG00000134532	ENSG00000256120	lncgDivg	n.1.1	0
ENSMUSG00000041540	ENSMUSG00000087157	lncgDivg	1.1.1	0	ENSG00000134532	ENSG00000256473	lncgDivg	1.1.1	0
ENSMUSG00000041540	ENSMUSG00000087157	lncgDivg	1.1.1	0	ENSG00000134532	ENSG00000256120	lncgDivg	n.1.1	0
ENSMUSG00000041540	ENSMUSG00000085785	lncgDivg	n.1.1	0	ENSG00000134532	ENSG00000256473	lncgDivg	1.1.1	0
ENSMUSG00000041540	ENSMUSG00000085785	lncgDivg	n.1.1	0	ENSG00000134532	ENSG00000256120	lncgDivg	n.1.1	0
ENSMUSG00000041540	ENSMUSG00000086731	lncgDivg	1.1.1	0	ENSG00000134532	ENSG00000256473	lncgDivg	1.1.1	0
ENSMUSG00000041540	ENSMUSG00000086731	lncgDivg	1.1.1	0	ENSG00000134532	ENSG00000256120	lncgDivg	n.1.1	0
ENSMUSG00000041540	ENSMUSG00000087302	lncgDivg	1.1.1	0	ENSG00000134532	ENSG00000256473	lncgDivg	1.1.1	0
ENSMUSG00000041540	ENSMUSG00000087302	lncgDivg	1.1.1	0	ENSG00000134532	ENSG00000256120	lncgDivg	n.1.1	0
ENSMUSG00000041540	ENSMUSG00000072677	lncgSS.up	1.1.1	0	ENSG00000134532	ENSG00000197503	lncgSS.up	1.1.1	4420
ENSMUSG00000041565	ENSMUSG00000117193	lincDivg	1.1.1	86061	ENSG00000154655	ENSG00000266065	lincDivg	1.1.1	78183
ENSMUSG00000041565	ENSMUSG00000117193	lincDivg	1.1.1	86061	ENSG00000154655	ENSG00000265944	lincDivg	1.1.1	96179
ENSMUSG00000041592	ENSMUSG00000086760	lincDivg	1.1.1	24360	ENSG00000069188	ENSG00000263574	lincDivg	n.1.1	93409
ENSMUSG00000041592	ENSMUSG00000121049	lncgDivg	1.1.1	0	ENSG00000069188	ENSG00000264750	lncgDivg	1.1.1	0
ENSMUSG00000041592	ENSMUSG00000121049	lncgDivg	1.1.1	0	ENSG00000069188	ENSG00000264985	lncgDivg	n.1.1	0
ENSMUSG00000041594	ENSMUSG00000085423	lncgDivg	1.1.1	0	ENSG00000125247	ENSG00000289594	lncgDivg	1.1.1	0
ENSMUSG00000041625	ENSMUSG00000075463	lncgDivg	n.1.1	0	ENSG00000134864	ENSG00000280169	lncgDivg	1.1.1	0
ENSMUSG00000041642	ENSMUSG00000086264	lncgDivg	n.1.1	155	ENSG00000116852	ENSG00000229191	lncgDivg	n.1.1	235
ENSMUSG00000041654	ENSMUSG00000087259	lincSS.dw	n.1.1	42959	ENSG00000133195	ENSG00000227036	lincSS.dw	n.1.1	27511
ENSMUSG00000041654	ENSMUSG00000085421	lincSS.dw	n.1.1	35184	ENSG00000133195	ENSG00000227036	lincSS.dw	n.1.1	27511
ENSMUSG00000041685	ENSMUSG00000114458	lncgDivg	1.1.1	0	ENSG00000157107	ENSG00000272081	lncgDivg	1.1.1	342
ENSMUSG00000041685	ENSMUSG00000114458	lncgDivg	1.1.1	0	ENSG00000157107	ENSG00000271926	lncgDivg	1.1.1	1767
ENSMUSG00000041695	ENSMUSG00000120247	lncgDivg	1.1.1	143	ENSG00000123700	ENSG00000267365	lncgDivg	1.1.1	0
ENSMUSG00000041737	ENSMUSG00000111655	lncgDivg	n.n.1	0	ENSG00000151715	ENSG00000287426	lncgDivg	1.1.1	1158
ENSMUSG00000041741	ENSMUSG00000100707	lncgDivg	1.1.1	0	ENSG00000172572	ENSG00000256879	lncgDivg	1.1.1	0
ENSMUSG00000041757	ENSMUSG00000101693	lncgDivg	n.n.1	0	ENSG00000143850	ENSG00000231691	lncgDivg	n.n.1	0
ENSMUSG00000041762	ENSMUSG00000087176	lncgDivg	1.1.1	398	ENSG00000163328	ENSG00000226853	lncgDivg	n.1.1	286
ENSMUSG00000041762	ENSMUSG00000086546	lncgDivg	1.1.1	0	ENSG00000163328	ENSG00000226853	lncgDivg	n.1.1	286
ENSMUSG00000041762	ENSMUSG00000085519	lncgDivg	1.1.1	0	ENSG00000163328	ENSG00000226853	lncgDivg	n.1.1	286
ENSMUSG00000041763	ENSMUSG00000120105	lncgDivg	1.1.1	0	ENSG00000134900	ENSG00000276957	lncgDivg	1.1.1	3085
ENSMUSG00000041765	ENSMUSG00000102112	lncgDivg	n.n.1	0	ENSG00000134882	ENSG00000228889	lncgDivg	n.1.1	17
ENSMUSG00000041773	ENSMUSG00000097932	lincSS.dw	1.1.1	30149	ENSG00000171617	ENSG00000248673	lincSS.dw	n.1.1	90430
ENSMUSG00000041773	ENSMUSG00000121017	lincSS.dw	1.1.1	39136	ENSG00000171617	ENSG00000248673	lincSS.dw	n.1.1	90430
ENSMUSG00000041779	ENSMUSG00000099971	lncgDivg	1.1.1	885	ENSG00000065308	ENSG00000225791	lncgDivg	n.n.1	0
ENSMUSG00000041836	ENSMUSG00000097471	lncgDivg	n.n.1	0	ENSG00000132334	ENSG00000287427	lncgDivg	1.1.1	0
ENSMUSG00000041836	ENSMUSG00000097471	lncgDivg	n.n.1	0	ENSG00000132334	ENSG00000232259	lncgDivg	1.1.1	0
ENSMUSG00000041912	ENSMUSG00000097515	lncgDivg	1.1.1	354	ENSG00000182134	ENSG00000203288	lncgDivg	n.1.1	0
ENSMUSG00000041921	ENSMUSG00000084946	lncgConv	n.n.n	0	ENSG00000172878	ENSG00000288958	lncgConv	1.1.1	0
ENSMUSG00000041926	ENSMUSG00000097680	lncgConv	1.1.1	0	ENSG00000176393	ENSG00000234678	lncgConv	n.1.1	0
ENSMUSG00000042066	ENSMUSG00000090079	lncgDivg	1.1.1	0	ENSG00000133069	ENSG00000225063	lncgDivg	1.1.1	0
ENSMUSG00000042148	ENSMUSG00000084884	lncgDivg	1.1.1	0	ENSG00000006695	ENSG00000236088	lncgDivg	n.n.1	0
ENSMUSG00000042148	ENSMUSG00000087497	lncgDivg	n.n.1	0	ENSG00000006695	ENSG00000236088	lncgDivg	n.n.1	0
ENSMUSG00000042148	ENSMUSG00000121102	lncgDivg	1.1.1	0	ENSG00000006695	ENSG00000236088	lncgDivg	n.n.1	0
ENSMUSG00000042148	ENSMUSG00000086359	lncgDivg	1.1.1	0	ENSG00000006695	ENSG00000236088	lncgDivg	n.n.1	0
ENSMUSG00000042202	ENSMUSG00000086682	lncgConv	n.n.n	0	ENSG00000189339	ENSG00000272004	lncgConv	1.1.1	0
ENSMUSG00000042203	ENSMUSG00000089900	lncgDivg	n.n.1	0	ENSG00000065491	ENSG00000286672	lncgDivg	n.1.1	0
ENSMUSG00000042207	ENSMUSG00000120829	lncgDivg	1.1.1	3146	ENSG00000117139	ENSG00000228288	lncgDivg	n.1.1	2363
ENSMUSG00000042272	ENSMUSG00000085277	lincDivg	1.1.1	34159	ENSG00000187231	ENSG00000237477	lincDivg	1.1.1	8999
ENSMUSG00000042275	ENSMUSG00000114255	lncgDivg	1.1.1	0	ENSG00000152684	ENSG00000248898	lncgDivg	n.n.n	0
ENSMUSG00000042292	ENSMUSG00000047938	lncgDivg	n.1.1	17	ENSG00000196588	ENSG00000272834	lncgDivg	1.1.1	0
ENSMUSG00000042292	ENSMUSG00000047938	lncgDivg	n.1.1	17	ENSG00000196588	ENSG00000232564	lncgDivg	1.1.1	0
ENSMUSG00000042303	ENSMUSG00000115976	lncgDivg	1.1.1	0	ENSG00000100359	ENSG00000229999	lncgDivg	n.n.n	0
ENSMUSG00000042348	ENSMUSG00000114213	lncgDivg	1.1.1	0	ENSG00000185305	ENSG00000249069	lncgDivg	n.n.n	10330
ENSMUSG00000042348	ENSMUSG00000114213	lncgDivg	1.1.1	0	ENSG00000185305	ENSG00000287087	lncgDivg	1.1.1	0
ENSMUSG00000042348	ENSMUSG00000114213	lncgDivg	1.1.1	0	ENSG00000185305	ENSG00000288957	lncgDivg	1.1.1	129
ENSMUSG00000042390	ENSMUSG00000105350	lncgDivg	1.1.1	0	ENSG00000143614	ENSG00000291199	lncgDivg	n.1.1	0
ENSMUSG00000042425	ENSMUSG00000120773	lncgDivg	1.1.1	0	ENSG00000147234	ENSG00000227610	lncgDivg	1.1.1	0
ENSMUSG00000042444	ENSMUSG00000074213	lncgDivg	n.1.1	0	ENSG00000128923	ENSG00000245975	lncgDivg	1.1.1	218
ENSMUSG00000042496	ENSMUSG00000111246	lncgDivg	1.1.1	0	ENSG00000170325	ENSG00000233220	lncgDivg	1.1.1	103
ENSMUSG00000042507	ENSMUSG00000113052	lncgDivg	1.1.1	0	ENSG00000156030	ENSG00000259065	lncgDivg	n.1.1	0
ENSMUSG00000042507	ENSMUSG00000120949	lncgDivg	1.1.1	0	ENSG00000156030	ENSG00000259065	lncgDivg	n.1.1	0
ENSMUSG00000042514	ENSMUSG00000043168	lncgDivg	n.n.1	0	ENSG00000197705	ENSG00000228835	lncgDivg	1.1.1	0
ENSMUSG00000042524	ENSMUSG00000089796	lncgDivg	1.1.1	0	ENSG00000100242	ENSG00000244491	lncgDivg	1.1.1	0
ENSMUSG00000042524	ENSMUSG00000089796	lncgDivg	1.1.1	0	ENSG00000100242	ENSG00000273076	lncgDivg	1.1.1	0
ENSMUSG00000042524	ENSMUSG00000089796	lncgDivg	1.1.1	0	ENSG00000100242	ENSG00000225450	lncgDivg	1.1.1	0
ENSMUSG00000042524	ENSMUSG00000089796	lncgDivg	1.1.1	0	ENSG00000100242	ENSG00000230149	lncgDivg	1.1.1	0
ENSMUSG00000042524	ENSMUSG00000089796	lncgDivg	1.1.1	0	ENSG00000100242	ENSG00000272669	lncgDivg	1.1.1	0
ENSMUSG00000042524	ENSMUSG00000087543	lncgDivg	1.1.1	162	ENSG00000100242	ENSG00000244491	lncgDivg	1.1.1	0
ENSMUSG00000042524	ENSMUSG00000087543	lncgDivg	1.1.1	162	ENSG00000100242	ENSG00000273076	lncgDivg	1.1.1	0
ENSMUSG00000042524	ENSMUSG00000087543	lncgDivg	1.1.1	162	ENSG00000100242	ENSG00000225450	lncgDivg	1.1.1	0
ENSMUSG00000042524	ENSMUSG00000087543	lncgDivg	1.1.1	162	ENSG00000100242	ENSG00000230149	lncgDivg	1.1.1	0
ENSMUSG00000042524	ENSMUSG00000087543	lncgDivg	1.1.1	162	ENSG00000100242	ENSG00000272669	lncgDivg	1.1.1	0
ENSMUSG00000042572	ENSMUSG00000042579	lncgDivg	n.1.1	316	ENSG00000160714	ENSG00000229780	lncgDivg	1.1.1	0
ENSMUSG00000042599	ENSMUSG00000115026	lncgDivg	1.1.1	279	ENSG00000006459	ENSG00000260231	lncgDivg	1.1.1	201
ENSMUSG00000042605	ENSMUSG00000089729	lncgDivg	1.1.1	0	ENSG00000204842	ENSG00000258099	lncgDivg	1.1.1	0
ENSMUSG00000042605	ENSMUSG00000120053	lncgDivg	1.1.1	0	ENSG00000204842	ENSG00000258099	lncgDivg	1.1.1	0
ENSMUSG00000042632	ENSMUSG00000092494	lncgDivg	1.1.1	0	ENSG00000184381	ENSG00000279080	lncgDivg	1.1.1	0
ENSMUSG00000042659	ENSMUSG00000108876	lincSS.dw	1.1.1	10528	ENSG00000140450	ENSG00000258483	lincSS.dw	n.1.1	29205
ENSMUSG00000042659	ENSMUSG00000109407	lincSS.up	n.1.1	93858	ENSG00000140450	ENSG00000259870	lincSS.up	1.1.1	82317
ENSMUSG00000042680	ENSMUSG00000117632	lncgSS.up	1.1.1	4576	ENSG00000141441	ENSG00000263904	lncgSS.up	1.1.1	0
ENSMUSG00000042688	ENSMUSG00000097021	lncgDivg	n.1.1	179	ENSG00000069956	ENSG00000274528	lncgDivg	1.1.1	0
ENSMUSG00000042688	ENSMUSG00000097021	lncgDivg	n.1.1	179	ENSG00000069956	ENSG00000259438	lncgDivg	1.1.1	0
ENSMUSG00000042700	ENSMUSG00000113746	lncgDivg	1.1.1	215	ENSG00000197555	ENSG00000259146	lncgDivg	n.n.1	0
ENSMUSG00000042700	ENSMUSG00000113746	lncgDivg	1.1.1	215	ENSG00000197555	ENSG00000285612	lncgDivg	1.1.1	0
ENSMUSG00000042700	ENSMUSG00000113746	lncgDivg	1.1.1	215	ENSG00000197555	ENSG00000285518	lncgDivg	1.1.1	0
ENSMUSG00000042705	ENSMUSG00000117588	lncgDivg	1.1.1	136	ENSG00000145781	ENSG00000250015	lncgDivg	1.1.1	0
ENSMUSG00000042705	ENSMUSG00000117588	lncgDivg	1.1.1	136	ENSG00000145781	ENSG00000271918	lncgDivg	1.1.1	0
ENSMUSG00000042724	ENSMUSG00000113303	lncgDivg	1.1.1	183	ENSG00000006432	ENSG00000259153	lncgDivg	n.n.1	0
ENSMUSG00000042744	ENSMUSG00000120570	lncgDivg	1.1.1	0	ENSG00000173064	ENSG00000257494	lncgDivg	1.1.1	0
ENSMUSG00000042751	ENSMUSG00000099969	lncgDivg	1.1.1	0	ENSG00000157064	ENSG00000287929	lncgDivg	1.1.1	0
ENSMUSG00000042751	ENSMUSG00000099969	lncgDivg	1.1.1	0	ENSG00000157064	ENSG00000286372	lncgDivg	1.1.1	0
ENSMUSG00000042757	ENSMUSG00000120691	lncgDivg	n.1.1	0	ENSG00000144868	ENSG00000249725	lncgDivg	1.1.1	1339
ENSMUSG00000042757	ENSMUSG00000120691	lncgDivg	n.1.1	0	ENSG00000144868	ENSG00000251011	lncgDivg	n.1.1	0
ENSMUSG00000042757	ENSMUSG00000099616	lncgDivg	1.1.1	0	ENSG00000144868	ENSG00000249725	lncgDivg	1.1.1	1339
ENSMUSG00000042757	ENSMUSG00000099616	lncgDivg	1.1.1	0	ENSG00000144868	ENSG00000251011	lncgDivg	n.1.1	0
ENSMUSG00000042757	ENSMUSG00000111278	lncgDivg	1.1.1	0	ENSG00000144868	ENSG00000249725	lncgDivg	1.1.1	1339
ENSMUSG00000042757	ENSMUSG00000111278	lncgDivg	1.1.1	0	ENSG00000144868	ENSG00000251011	lncgDivg	n.1.1	0
ENSMUSG00000042770	ENSMUSG00000108239	lncgDivg	1.1.1	0	ENSG00000013583	ENSG00000255621	lncgDivg	1.1.1	186
ENSMUSG00000042812	ENSMUSG00000097336	lncgDivg	n.1.1	1276	ENSG00000103241	ENSG00000268388	lncgDivg	n.1.1	11942
ENSMUSG00000042826	ENSMUSG00000121226	lncgSS.up	1.1.1	269	ENSG00000161958	ENSG00000262880	lncgSS.up	1.1.1	0
ENSMUSG00000042834	ENSMUSG00000118292	lncgDivg	n.1.1	134	ENSG00000134986	ENSG00000250095	lncgDivg	n.n.1	0
ENSMUSG00000042870	ENSMUSG00000110433	lncgDivg	1.1.1	0	ENSG00000100284	ENSG00000273176	lncgDivg	1.1.1	0
ENSMUSG00000042961	ENSMUSG00000090199	lncgDivg	1.1.1	0	ENSG00000164318	ENSG00000248730	lncgDivg	1.1.1	0
ENSMUSG00000042961	ENSMUSG00000090199	lncgDivg	1.1.1	0	ENSG00000164318	ENSG00000248572	lncgDivg	n.1.1	0
ENSMUSG00000042961	ENSMUSG00000090199	lncgDivg	1.1.1	0	ENSG00000164318	ENSG00000249071	lncgDivg	1.1.1	0
ENSMUSG00000042961	ENSMUSG00000090199	lncgDivg	1.1.1	0	ENSG00000164318	ENSG00000249491	lncgDivg	1.1.1	0
ENSMUSG00000042978	ENSMUSG00000108676	lncgDivg	1.1.1	624	ENSG00000188322	ENSG00000246465	lncgDivg	1.1.1	0
ENSMUSG00000043003	ENSMUSG00000085034	lncgDivg	1.1.1	252	ENSG00000165105	ENSG00000286451	lncgDivg	1.1.1	221
ENSMUSG00000043051	ENSMUSG00000086694	lncgDivg	1.1.1	0	ENSG00000162946	ENSG00000286071	lncgDivg	n.n.1	0
ENSMUSG00000043061	ENSMUSG00000100674	lincDivg	1.1.1	97374	ENSG00000151353	ENSG00000231173	lincDivg	1.1.1	64571
ENSMUSG00000043061	ENSMUSG00000100674	lincDivg	1.1.1	97374	ENSG00000151353	ENSG00000223751	lincDivg	n.1.1	63479
ENSMUSG00000043067	ENSMUSG00000111365	lncgDivg	n.1.1	309	ENSG00000173852	ENSG00000287249	lncgDivg	1.1.1	0
ENSMUSG00000043153	ENSMUSG00000091007	lncgDivg	1.1.1	0	ENSG00000214960	ENSG00000229688	lncgDivg	n.n.1	0
ENSMUSG00000043153	ENSMUSG00000091007	lncgDivg	1.1.1	0	ENSG00000214960	ENSG00000272537	lncgDivg	1.1.1	0
ENSMUSG00000043164	ENSMUSG00000120291	lncgSS.dw	1.1.1	2603	ENSG00000186329	ENSG00000287899	lncgSS.dw	n.1.1	12222
ENSMUSG00000043164	ENSMUSG00000120291	lncgSS.dw	1.1.1	2603	ENSG00000186329	ENSG00000235943	lncgSS.dw	1.1.1	0
ENSMUSG00000043284	ENSMUSG00000120997	lncgDivg	1.1.1	0	ENSG00000178307	ENSG00000235530	lncgDivg	n.1.1	146
ENSMUSG00000043301	ENSMUSG00000116641	lncgConv	n.n.n	0	ENSG00000157542	ENSG00000286717	lncgConv	1.1.1	0
ENSMUSG00000043456	ENSMUSG00000093540	lncgDivg	1.1.1	0	ENSG00000198597	ENSG00000267760	lncgDivg	1.1.1	0
ENSMUSG00000043456	ENSMUSG00000093540	lncgDivg	1.1.1	0	ENSG00000198597	ENSG00000267223	lncgDivg	1.1.1	0
ENSMUSG00000043460	ENSMUSG00000116260	lncgDivg	1.1.1	0	ENSG00000166897	ENSG00000272694	lncgDivg	1.1.1	0
ENSMUSG00000043496	ENSMUSG00000108255	lncgDivg	n.n.1	0	ENSG00000255690	ENSG00000228421	lncgDivg	1.1.1	0
ENSMUSG00000043496	ENSMUSG00000108175	lncgDivg	1.1.1	0	ENSG00000255690	ENSG00000228421	lncgDivg	1.1.1	0
ENSMUSG00000043531	ENSMUSG00000110007	lncgDivg	n.1.1	0	ENSG00000108018	ENSG00000287047	lncgDivg	1.1.1	0
ENSMUSG00000043531	ENSMUSG00000097446	lncgDivg	1.1.1	0	ENSG00000108018	ENSG00000287047	lncgDivg	1.1.1	0
ENSMUSG00000043556	ENSMUSG00000115433	lncgDivg	1.1.1	0	ENSG00000183580	ENSG00000250250	lncgDivg	n.1.1	0
ENSMUSG00000043639	ENSMUSG00000120152	lncgSS.up	n.1.1	3166	ENSG00000203867	ENSG00000289954	lncgSS.up	1.1.1	745
ENSMUSG00000043659	ENSMUSG00000085969	lncgDivg	1.1.1	0	ENSG00000187258	ENSG00000197085	lncgDivg	n.n.1	0
ENSMUSG00000043702	ENSMUSG00000096052	lncgDivg	1.1.1	64	ENSG00000174840	ENSG00000287502	lncgDivg	1.1.1	220
ENSMUSG00000043857	ENSMUSG00000086902	lincConv	n.1.1	48086	ENSG00000167889	ENSG00000267521	lincConv	1.1.1	6630
ENSMUSG00000043913	ENSMUSG00000087124	lincDivg	1.1.1	12315	ENSG00000183273	ENSG00000281196	lincDivg	n.1.1	31332
ENSMUSG00000043913	ENSMUSG00000086715	lincDivg	1.1.1	23375	ENSG00000183273	ENSG00000281196	lincDivg	n.1.1	31332
ENSMUSG00000043940	ENSMUSG00000106492	lncgDivg	n.1.1	297	ENSG00000163625	ENSG00000286189	lncgDivg	1.1.1	3490
ENSMUSG00000043940	ENSMUSG00000106492	lncgDivg	n.1.1	297	ENSG00000163625	ENSG00000251260	lncgDivg	1.1.1	0
ENSMUSG00000043940	ENSMUSG00000106492	lncgDivg	n.1.1	297	ENSG00000163625	ENSG00000180769	lncgDivg	n.n.1	0
ENSMUSG00000043940	ENSMUSG00000092354	lncgDivg	n.1.1	0	ENSG00000163625	ENSG00000286189	lncgDivg	1.1.1	3490
ENSMUSG00000043940	ENSMUSG00000092354	lncgDivg	n.1.1	0	ENSG00000163625	ENSG00000251260	lncgDivg	1.1.1	0
ENSMUSG00000043940	ENSMUSG00000092354	lncgDivg	n.1.1	0	ENSG00000163625	ENSG00000180769	lncgDivg	n.n.1	0
ENSMUSG00000043969	ENSMUSG00000100119	lincSS.dw	1.1.1	27779	ENSG00000170370	ENSG00000288172	lincSS.dw	1.1.1	30308
ENSMUSG00000043969	ENSMUSG00000087095	lncgDivg	n.n.1	0	ENSG00000170370	ENSG00000229847	lncgDivg	n.n.1	0
ENSMUSG00000044042	ENSMUSG00000087545	lncgDivg	1.1.1	0	ENSG00000248905	ENSG00000289896	lncgDivg	1.1.1	0
ENSMUSG00000044042	ENSMUSG00000087106	lncgDivg	1.1.1	0	ENSG00000248905	ENSG00000289896	lncgDivg	1.1.1	0
ENSMUSG00000044042	ENSMUSG00000085448	lncgDivg	1.1.1	0	ENSG00000248905	ENSG00000289896	lncgDivg	1.1.1	0
ENSMUSG00000044042	ENSMUSG00000084798	lncgDivg	1.1.1	0	ENSG00000248905	ENSG00000289896	lncgDivg	1.1.1	0
ENSMUSG00000044055	ENSMUSG00000100546	lincSS.up	n.1.1	65388	ENSG00000178602	ENSG00000227479	lincSS.up	1.1.1	82998
ENSMUSG00000044055	ENSMUSG00000100546	lincSS.up	n.1.1	65388	ENSG00000178602	ENSG00000286183	lincSS.up	1.1.1	45148
ENSMUSG00000044164	ENSMUSG00000114121	lincSS.dw	1.1.1	12175	ENSG00000180537	ENSG00000233981	lincSS.dw	1.1.1	24610
ENSMUSG00000044164	ENSMUSG00000110016	lincSS.dw	1.1.1	45846	ENSG00000180537	ENSG00000233981	lincSS.dw	1.1.1	24610
ENSMUSG00000044186	ENSMUSG00000092499	lncgDivg	1.1.1	0	ENSG00000180053	ENSG00000253471	lncgDivg	1.1.1	385
ENSMUSG00000044206	ENSMUSG00000078122	lncgConv	n.1.1	3542	ENSG00000155659	ENSG00000274536	lncgConv	n.1.1	1312
ENSMUSG00000044220	ENSMUSG00000092250	lncgDivg	1.1.1	1700	ENSG00000119919	ENSG00000257582	lncgDivg	n.1.1	1765
ENSMUSG00000044250	ENSMUSG00000120469	lincSS.dw	1.1.1	81535	ENSG00000179715	ENSG00000258181	lincSS.dw	n.1.1	11462
ENSMUSG00000044250	ENSMUSG00000120469	lincSS.dw	1.1.1	81535	ENSG00000179715	ENSG00000276454	lincSS.dw	1.1.1	29003
ENSMUSG00000044252	ENSMUSG00000117494	lncgDivg	1.1.1	0	ENSG00000141447	ENSG00000264365	lncgDivg	1.1.1	0
ENSMUSG00000044252	ENSMUSG00000117494	lncgDivg	1.1.1	0	ENSG00000141447	ENSG00000273321	lncgDivg	1.1.1	4273
ENSMUSG00000044365	ENSMUSG00000097911	lncgDivg	n.1.1	0	ENSG00000168772	ENSG00000245384	lncgDivg	n.1.1	0
ENSMUSG00000044393	ENSMUSG00000085595	lncgConv	1.1.1	0	ENSG00000046604	ENSG00000264859	lncgConv	n.n.n	0
ENSMUSG00000044468	ENSMUSG00000053957	lncgDivg	n.1.1	165	ENSG00000183508	ENSG00000236866	lncgDivg	n.1.1	278
ENSMUSG00000044477	ENSMUSG00000117371	lncgDivg	n.1.1	103	ENSG00000156639	ENSG00000225945	lncgDivg	1.1.1	509
ENSMUSG00000044533	ENSMUSG00000090101	lncgDivg	1.1.1	0	ENSG00000140988	ENSG00000255198	lncgDivg	n.1.1	193
ENSMUSG00000044646	ENSMUSG00000118311	lncgDivg	1.1.1	0	ENSG00000184828	ENSG00000286583	lncgDivg	1.1.1	0
ENSMUSG00000044646	ENSMUSG00000117797	lncgDivg	1.1.1	0	ENSG00000184828	ENSG00000286583	lncgDivg	1.1.1	0
ENSMUSG00000044678	ENSMUSG00000091709	lncgConv	1.1.1	0	ENSG00000160886	ENSG00000253741	lncgConv	n.n.n	0
ENSMUSG00000044708	ENSMUSG00000120194	lncgDivg	1.1.1	136	ENSG00000177807	ENSG00000225279	lncgDivg	n.1.1	0
ENSMUSG00000044912	ENSMUSG00000100192	lncgDivg	1.1.1	0	ENSG00000139973	ENSG00000258842	lncgDivg	1.1.1	0
ENSMUSG00000044927	ENSMUSG00000084950	lncgDivg	n.n.n	0	ENSG00000184897	ENSG00000206417	lncgDivg	n.n.1	0
ENSMUSG00000044951	ENSMUSG00000118652	lincConv	1.1.1	18312	ENSG00000145949	ENSG00000228718	lincConv	n.1.1	23628
ENSMUSG00000045038	ENSMUSG00000071036	lncgDivg	1.1.1	0	ENSG00000171132	ENSG00000231336	lncgDivg	1.1.1	0
ENSMUSG00000045038	ENSMUSG00000071036	lncgDivg	1.1.1	0	ENSG00000171132	ENSG00000232696	lncgDivg	1.1.1	0
ENSMUSG00000045038	ENSMUSG00000071036	lncgDivg	1.1.1	0	ENSG00000171132	ENSG00000228481	lncgDivg	1.1.1	0
ENSMUSG00000045038	ENSMUSG00000100738	lncgDivg	1.1.1	0	ENSG00000171132	ENSG00000231336	lncgDivg	1.1.1	0
ENSMUSG00000045038	ENSMUSG00000100738	lncgDivg	1.1.1	0	ENSG00000171132	ENSG00000232696	lncgDivg	1.1.1	0
ENSMUSG00000045038	ENSMUSG00000100738	lncgDivg	1.1.1	0	ENSG00000171132	ENSG00000228481	lncgDivg	1.1.1	0
ENSMUSG00000045038	ENSMUSG00000120162	lncgDivg	n.1.1	271	ENSG00000171132	ENSG00000231336	lncgDivg	1.1.1	0
ENSMUSG00000045038	ENSMUSG00000120162	lncgDivg	n.1.1	271	ENSG00000171132	ENSG00000232696	lncgDivg	1.1.1	0
ENSMUSG00000045038	ENSMUSG00000120162	lncgDivg	n.1.1	271	ENSG00000171132	ENSG00000228481	lncgDivg	1.1.1	0
ENSMUSG00000045038	ENSMUSG00000121124	lncgDivg	1.1.1	0	ENSG00000171132	ENSG00000231336	lncgDivg	1.1.1	0
ENSMUSG00000045038	ENSMUSG00000121124	lncgDivg	1.1.1	0	ENSG00000171132	ENSG00000232696	lncgDivg	1.1.1	0
ENSMUSG00000045038	ENSMUSG00000121124	lncgDivg	1.1.1	0	ENSG00000171132	ENSG00000228481	lncgDivg	1.1.1	0
ENSMUSG00000045078	ENSMUSG00000106543	lncgSS.up	1.1.1	0	ENSG00000011275	ENSG00000237738	lncgSS.up	1.1.1	0
ENSMUSG00000045083	ENSMUSG00000084898	lncgDivg	n.1.1	1135	ENSG00000174482	ENSG00000287551	lncgDivg	1.1.1	0
ENSMUSG00000045083	ENSMUSG00000084898	lncgDivg	n.1.1	1135	ENSG00000174482	ENSG00000287038	lncgDivg	n.1.1	698
ENSMUSG00000045092	ENSMUSG00000120078	lincSS.dw	n.1.1	68844	ENSG00000170989	ENSG00000231671	lincSS.dw	n.1.1	79624
ENSMUSG00000045092	ENSMUSG00000052769	lncgDivg	1.1.1	66	ENSG00000170989	ENSG00000225938	lncgDivg	n.1.1	241
ENSMUSG00000045102	ENSMUSG00000106902	lncgDivg	1.1.1	0	ENSG00000130997	ENSG00000250623	lncgDivg	1.1.1	0
ENSMUSG00000045136	ENSMUSG00000120497	lncgDivg	1.1.1	114	ENSG00000137285	ENSG00000288840	lncgDivg	1.1.1	0
ENSMUSG00000045136	ENSMUSG00000113883	lncgDivg	1.1.1	3394	ENSG00000137285	ENSG00000288840	lncgDivg	1.1.1	0
ENSMUSG00000045174	ENSMUSG00000045815	lncgDivg	n.n.1	0	ENSG00000178171	ENSG00000229797	lncgDivg	n.1.1	0
ENSMUSG00000045201	ENSMUSG00000097547	lncgDivg	n.n.1	0	ENSG00000179796	ENSG00000225386	lncgDivg	1.1.1	0
ENSMUSG00000045248	ENSMUSG00000097000	lncgConv	n.n.1	0	ENSG00000105085	ENSG00000279529	lncgConv	1.1.1	0
ENSMUSG00000045294	ENSMUSG00000097673	lncgDivg	n.1.1	15904	ENSG00000186480	ENSG00000273117	lncgDivg	1.1.1	235
ENSMUSG00000045349	ENSMUSG00000120622	lncgDivg	1.1.1	158	ENSG00000189410	ENSG00000233069	lncgDivg	1.1.1	43
ENSMUSG00000045378	ENSMUSG00000087693	lncgConv	n.n.1	0	ENSG00000179165	ENSG00000224666	lncgConv	n.n.1	0
ENSMUSG00000045382	ENSMUSG00000121003	lncgDivg	1.1.1	158	ENSG00000121966	ENSG00000289974	lncgDivg	1.1.1	279
ENSMUSG00000045493	ENSMUSG00000074507	lincSS.up	1.1.1	41443	ENSG00000125533	ENSG00000125514	lincSS.up	n.1.1	27182
ENSMUSG00000045493	ENSMUSG00000074507	lincSS.up	1.1.1	41443	ENSG00000125533	ENSG00000231133	lincSS.up	n.1.1	83771
ENSMUSG00000045515	ENSMUSG00000099784	lincSS.dw	1.1.1	47536	ENSG00000198914	ENSG00000287135	lincSS.dw	1.1.1	70229
ENSMUSG00000045515	ENSMUSG00000060424	lncgDivg	n.n.1	0	ENSG00000198914	ENSG00000233639	lncgDivg	n.1.1	104
ENSMUSG00000045515	ENSMUSG00000093436	lncgSS.dw	n.1.1	0	ENSG00000198914	ENSG00000289498	lncgSS.dw	1.1.1	2178
ENSMUSG00000045515	ENSMUSG00000121019	lncgSS.up	1.1.1	391	ENSG00000198914	ENSG00000269707	lncgSS.up	n.n.1	0
ENSMUSG00000045573	ENSMUSG00000085996	lncgDivg	1.1.1	0	ENSG00000181195	ENSG00000254254	lncgDivg	n.n.1	0
ENSMUSG00000045636	ENSMUSG00000120793	lincDivg	1.1.1	20372	ENSG00000129422	ENSG00000253671	lincDivg	n.1.1	7267
ENSMUSG00000045636	ENSMUSG00000085672	lncgDivg	1.1.1	0	ENSG00000129422	ENSG00000253944	lncgDivg	1.1.1	251
ENSMUSG00000045636	ENSMUSG00000085672	lncgDivg	1.1.1	0	ENSG00000129422	ENSG00000253168	lncgDivg	1.1.1	0
ENSMUSG00000045636	ENSMUSG00000086773	lncgDivg	1.1.1	0	ENSG00000129422	ENSG00000253944	lncgDivg	1.1.1	251
ENSMUSG00000045636	ENSMUSG00000086773	lncgDivg	1.1.1	0	ENSG00000129422	ENSG00000253168	lncgDivg	1.1.1	0
ENSMUSG00000045636	ENSMUSG00000084960	lncgDivg	n.n.1	0	ENSG00000129422	ENSG00000253944	lncgDivg	1.1.1	251
ENSMUSG00000045636	ENSMUSG00000084960	lncgDivg	n.n.1	0	ENSG00000129422	ENSG00000253168	lncgDivg	1.1.1	0
ENSMUSG00000045662	ENSMUSG00000051638	lncgDivg	n.1.1	0	ENSG00000162639	ENSG00000285923	lncgDivg	1.1.1	7
ENSMUSG00000045690	ENSMUSG00000120709	lncgDivg	1.1.1	268	ENSG00000140006	ENSG00000274015	lncgDivg	n.1.1	164
ENSMUSG00000045690	ENSMUSG00000120709	lncgDivg	1.1.1	268	ENSG00000140006	ENSG00000258800	lncgDivg	1.1.1	0
ENSMUSG00000045691	ENSMUSG00000100162	lncgSS.up	n.n.n	0	ENSG00000259431	ENSG00000157306	lncgSS.up	n.n.n	0
ENSMUSG00000045763	ENSMUSG00000115355	lincSS.dw	n.1.1	30618	ENSG00000176788	ENSG00000248223	lincSS.dw	1.1.1	77067
ENSMUSG00000045763	ENSMUSG00000115729	lncgDivg	n.1.1	1258	ENSG00000176788	ENSG00000215196	lncgDivg	n.n.1	0
ENSMUSG00000045763	ENSMUSG00000115729	lncgDivg	n.1.1	1258	ENSG00000176788	ENSG00000271892	lncgDivg	1.1.1	0
ENSMUSG00000045763	ENSMUSG00000056089	lncgDivg	n.1.1	392	ENSG00000176788	ENSG00000215196	lncgDivg	n.n.1	0
ENSMUSG00000045763	ENSMUSG00000056089	lncgDivg	n.1.1	392	ENSG00000176788	ENSG00000271892	lncgDivg	1.1.1	0
ENSMUSG00000045817	ENSMUSG00000117571	lincConv	1.1.1	94056	ENSG00000152518	ENSG00000286796	lincConv	n.1.1	90403
ENSMUSG00000045817	ENSMUSG00000117485	lincSS.dw	n.1.1	27491	ENSG00000152518	ENSG00000230587	lincSS.dw	n.1.1	5156
ENSMUSG00000045817	ENSMUSG00000121234	lincSS.dw	1.1.1	55510	ENSG00000152518	ENSG00000230587	lincSS.dw	n.1.1	5156
ENSMUSG00000045817	ENSMUSG00000117393	lncgDivg	n.1.1	0	ENSG00000152518	ENSG00000279873	lncgDivg	1.1.1	604
ENSMUSG00000045817	ENSMUSG00000120263	lncgDivg	1.1.1	663	ENSG00000152518	ENSG00000279873	lncgDivg	1.1.1	604
ENSMUSG00000045867	ENSMUSG00000112481	lincSS.dw	n.1.1	28888	ENSG00000169372	ENSG00000271382	lincSS.dw	1.1.1	50201
ENSMUSG00000045867	ENSMUSG00000112501	lincSS.dw	1.1.1	37872	ENSG00000169372	ENSG00000271382	lincSS.dw	1.1.1	50201
ENSMUSG00000045867	ENSMUSG00000112593	lncgDivg	1.1.1	0	ENSG00000169372	ENSG00000258274	lncgDivg	n.1.1	0
ENSMUSG00000045967	ENSMUSG00000085680	lncgDivg	1.1.1	0	ENSG00000151025	ENSG00000233642	lncgDivg	1.1.1	0
ENSMUSG00000045994	ENSMUSG00000110901	lncgDivg	n.1.1	1867	ENSG00000109956	ENSG00000255545	lncgDivg	n.1.1	24231
ENSMUSG00000046082	ENSMUSG00000114521	lincSS.dw	1.1.1	17316	ENSG00000164325	ENSG00000249743	lincSS.dw	n.1.1	38787
ENSMUSG00000046082	ENSMUSG00000120268	lincSS.dw	1.1.1	99047	ENSG00000164325	ENSG00000249743	lincSS.dw	n.1.1	38787
ENSMUSG00000046096	ENSMUSG00000097343	lncgDivg	n.1.1	48	ENSG00000185716	ENSG00000275445	lncgDivg	1.1.1	0
ENSMUSG00000046101	ENSMUSG00000098234	lncgConv	n.n.n	0	ENSG00000178460	ENSG00000245910	lncgConv	n.n.1	0
ENSMUSG00000046159	ENSMUSG00000097009	lncgDivg	n.1.1	0	ENSG00000133019	ENSG00000234601	lncgDivg	1.1.1	0
ENSMUSG00000046159	ENSMUSG00000097009	lncgDivg	n.1.1	0	ENSG00000133019	ENSG00000233355	lncgDivg	n.n.1	0
ENSMUSG00000046186	ENSMUSG00000091147	lncgDivg	1.1.1	0	ENSG00000156535	ENSG00000231652	lncgDivg	1.1.1	0
ENSMUSG00000046269	ENSMUSG00000087252	lncgDivg	1.1.1	95	ENSG00000273820	ENSG00000234390	lncgDivg	1.1.1	243
ENSMUSG00000046318	ENSMUSG00000085055	lncgDivg	n.1.1	0	ENSG00000183287	ENSG00000267000	lncgDivg	1.1.1	0
ENSMUSG00000046318	ENSMUSG00000085055	lncgDivg	n.1.1	0	ENSG00000183287	ENSG00000267774	lncgDivg	1.1.1	0
ENSMUSG00000046318	ENSMUSG00000085055	lncgDivg	n.1.1	0	ENSG00000183287	ENSG00000267061	lncgDivg	1.1.1	0
ENSMUSG00000046318	ENSMUSG00000085055	lncgDivg	n.1.1	0	ENSG00000183287	ENSG00000267269	lncgDivg	1.1.1	0
ENSMUSG00000046318	ENSMUSG00000085055	lncgDivg	n.1.1	0	ENSG00000183287	ENSG00000273664	lncgDivg	1.1.1	2861
ENSMUSG00000046321	ENSMUSG00000108351	lncgDivg	1.1.1	0	ENSG00000122254	ENSG00000283213	lncgDivg	n.1.1	482
ENSMUSG00000046330	ENSMUSG00000120056	lincConv	n.1.1	31341	ENSG00000197756	ENSG00000224391	lincConv	1.1.1	11246
ENSMUSG00000046417	ENSMUSG00000086841	lncgConv	n.n.1	0	ENSG00000181350	ENSG00000175061	lncgConv	n.n.1	0
ENSMUSG00000046561	ENSMUSG00000090427	lncgDivg	1.1.1	0	ENSG00000180801	ENSG00000249304	lncgDivg	1.1.1	0
ENSMUSG00000046598	ENSMUSG00000116572	lincSS.dw	1.1.1	11025	ENSG00000161267	ENSG00000229912	lincSS.dw	1.1.1	53129
ENSMUSG00000046598	ENSMUSG00000116572	lincSS.dw	1.1.1	11025	ENSG00000161267	ENSG00000235126	lincSS.dw	1.1.1	51460
ENSMUSG00000046598	ENSMUSG00000116762	lincSS.dw	1.1.1	49486	ENSG00000161267	ENSG00000229912	lincSS.dw	1.1.1	53129
ENSMUSG00000046598	ENSMUSG00000116762	lincSS.dw	1.1.1	49486	ENSG00000161267	ENSG00000235126	lincSS.dw	1.1.1	51460
ENSMUSG00000046668	ENSMUSG00000100320	lncgDivg	1.1.1	0	ENSG00000171604	ENSG00000272255	lncgDivg	1.1.1	2297
ENSMUSG00000046668	ENSMUSG00000100320	lncgDivg	1.1.1	0	ENSG00000171604	ENSG00000250635	lncgDivg	1.1.1	0
ENSMUSG00000046668	ENSMUSG00000117840	lncgSS.dw	1.1.1	563	ENSG00000171604	ENSG00000249526	lncgSS.dw	1.1.1	763
ENSMUSG00000046782	ENSMUSG00000085851	lncgDivg	1.1.1	0	ENSG00000139865	ENSG00000258696	lncgDivg	1.1.1	0
ENSMUSG00000046782	ENSMUSG00000085851	lncgDivg	1.1.1	0	ENSG00000139865	ENSG00000259091	lncgDivg	n.1.1	0
ENSMUSG00000046782	ENSMUSG00000112911	lncgDivg	1.1.1	0	ENSG00000139865	ENSG00000258696	lncgDivg	1.1.1	0
ENSMUSG00000046782	ENSMUSG00000112911	lncgDivg	1.1.1	0	ENSG00000139865	ENSG00000259091	lncgDivg	n.1.1	0
ENSMUSG00000046794	ENSMUSG00000109698	lncgDivg	1.1.1	0	ENSG00000173281	ENSG00000254340	lncgDivg	n.1.1	0
ENSMUSG00000046794	ENSMUSG00000109698	lncgDivg	1.1.1	0	ENSG00000173281	ENSG00000248538	lncgDivg	n.1.1	121
ENSMUSG00000046856	ENSMUSG00000086730	lncgDivg	n.1.1	0	ENSG00000183671	ENSG00000279220	lncgDivg	n.n.n	0
ENSMUSG00000046876	ENSMUSG00000113987	lncgDivg	1.1.1	0	ENSG00000124788	ENSG00000229931	lncgDivg	n.n.1	0
ENSMUSG00000046876	ENSMUSG00000113987	lncgDivg	1.1.1	0	ENSG00000124788	ENSG00000272341	lncgDivg	1.1.1	2855
ENSMUSG00000046876	ENSMUSG00000114131	lncgDivg	1.1.1	0	ENSG00000124788	ENSG00000229931	lncgDivg	n.n.1	0
ENSMUSG00000046876	ENSMUSG00000114131	lncgDivg	1.1.1	0	ENSG00000124788	ENSG00000272341	lncgDivg	1.1.1	2855
ENSMUSG00000046876	ENSMUSG00000038152	lncgDivg	n.1.1	172	ENSG00000124788	ENSG00000229931	lncgDivg	n.n.1	0
ENSMUSG00000046876	ENSMUSG00000038152	lncgDivg	n.1.1	172	ENSG00000124788	ENSG00000272341	lncgDivg	1.1.1	2855
ENSMUSG00000046876	ENSMUSG00000120629	lncgSS.up	1.1.1	387	ENSG00000124788	ENSG00000289863	lncgSS.up	1.1.1	935
ENSMUSG00000046922	ENSMUSG00000111098	lincConv	1.1.1	32763	ENSG00000146360	ENSG00000286691	lincConv	1.1.1	39291
ENSMUSG00000046985	ENSMUSG00000105503	lncgDivg	1.1.1	0	ENSG00000169762	ENSG00000249234	lncgDivg	1.1.1	0
ENSMUSG00000046985	ENSMUSG00000105503	lncgDivg	1.1.1	0	ENSG00000169762	ENSG00000263327	lncgDivg	n.1.1	0
ENSMUSG00000046985	ENSMUSG00000104784	lncgDivg	1.1.1	0	ENSG00000169762	ENSG00000249234	lncgDivg	1.1.1	0
ENSMUSG00000046985	ENSMUSG00000104784	lncgDivg	1.1.1	0	ENSG00000169762	ENSG00000263327	lncgDivg	n.1.1	0
ENSMUSG00000046997	ENSMUSG00000085541	lncgDivg	n.n.1	0	ENSG00000175093	ENSG00000251270	lncgDivg	1.1.1	0
ENSMUSG00000047022	ENSMUSG00000086372	lncgDivg	1.1.1	0	ENSG00000151338	ENSG00000259087	lncgDivg	n.1.1	0
ENSMUSG00000047025	ENSMUSG00000079183	lincConv	1.1.1	29951	ENSG00000197651	ENSG00000257787	lincConv	n.1.1	94933
ENSMUSG00000047025	ENSMUSG00000079183	lincConv	1.1.1	29951	ENSG00000197651	ENSG00000286021	lincConv	n.1.1	15705
ENSMUSG00000047025	ENSMUSG00000112497	lincSS.dw	n.1.1	19849	ENSG00000197651	ENSG00000288102	lincSS.dw	1.1.1	96874
ENSMUSG00000047037	ENSMUSG00000085927	lncgDivg	1.1.1	0	ENSG00000170113	ENSG00000291163	lncgDivg	n.n.1	0
ENSMUSG00000047109	ENSMUSG00000121032	lncgDivg	1.1.1	0	ENSG00000159261	ENSG00000286852	lncgDivg	1.1.1	3603
ENSMUSG00000047109	ENSMUSG00000116947	lncgDivg	n.1.1	1986	ENSG00000159261	ENSG00000286852	lncgDivg	1.1.1	3603
ENSMUSG00000047109	ENSMUSG00000116681	lncgSS.up	n.1.1	0	ENSG00000159261	ENSG00000286517	lncgSS.up	1.1.1	0
ENSMUSG00000047126	ENSMUSG00000120202	lncgDivg	1.1.1	308	ENSG00000141367	ENSG00000273702	lncgDivg	1.1.1	0
ENSMUSG00000047143	ENSMUSG00000085256	lncgDivg	n.1.1	149	ENSG00000142700	ENSG00000284700	lncgDivg	n.1.1	166
ENSMUSG00000047171	ENSMUSG00000109612	lincSS.up	1.1.1	77435	ENSG00000187821	ENSG00000248517	lincSS.up	1.1.1	13304
ENSMUSG00000047259	ENSMUSG00000117968	lincConv	1.1.1	54935	ENSG00000166603	ENSG00000267401	lincConv	n.1.1	69745
ENSMUSG00000047361	ENSMUSG00000101409	lncgDivg	1.1.1	0	ENSG00000182329	ENSG00000287041	lncgDivg	1.1.1	0
ENSMUSG00000047361	ENSMUSG00000101409	lncgDivg	1.1.1	0	ENSG00000182329	ENSG00000231903	lncgDivg	1.1.1	0
ENSMUSG00000047361	ENSMUSG00000101409	lncgDivg	1.1.1	0	ENSG00000182329	ENSG00000222035	lncgDivg	n.1.1	0
ENSMUSG00000047361	ENSMUSG00000099811	lncgDivg	n.n.1	0	ENSG00000182329	ENSG00000287041	lncgDivg	1.1.1	0
ENSMUSG00000047361	ENSMUSG00000099811	lncgDivg	n.n.1	0	ENSG00000182329	ENSG00000231903	lncgDivg	1.1.1	0
ENSMUSG00000047361	ENSMUSG00000099811	lncgDivg	n.n.1	0	ENSG00000182329	ENSG00000222035	lncgDivg	n.1.1	0
ENSMUSG00000047412	ENSMUSG00000120331	lncgDivg	n.1.1	336	ENSG00000196323	ENSG00000175773	lncgDivg	n.n.n	111
ENSMUSG00000047446	ENSMUSG00000113874	lincSS.dw	1.1.1	82588	ENSG00000122644	ENSG00000229618	lincSS.dw	n.1.1	35194
ENSMUSG00000047454	ENSMUSG00000112302	lncgDivg	1.1.1	0	ENSG00000171723	ENSG00000258490	lncgDivg	1.1.1	0
ENSMUSG00000047454	ENSMUSG00000112302	lncgDivg	1.1.1	0	ENSG00000171723	ENSG00000258561	lncgDivg	n.n.n	0
ENSMUSG00000047495	ENSMUSG00000084945	lncgDivg	1.1.1	0	ENSG00000198010	ENSG00000254160	lncgDivg	1.1.1	0
ENSMUSG00000047495	ENSMUSG00000084945	lncgDivg	1.1.1	0	ENSG00000198010	ENSG00000282759	lncgDivg	1.1.1	0
ENSMUSG00000047495	ENSMUSG00000084945	lncgDivg	1.1.1	0	ENSG00000198010	ENSG00000253267	lncgDivg	n.n.1	0
ENSMUSG00000047495	ENSMUSG00000084945	lncgDivg	1.1.1	0	ENSG00000198010	ENSG00000260721	lncgDivg	1.1.1	0
ENSMUSG00000047495	ENSMUSG00000084945	lncgDivg	1.1.1	0	ENSG00000198010	ENSG00000275427	lncgDivg	1.1.1	0
ENSMUSG00000047613	ENSMUSG00000086272	lincDivg	n.1.1	6694	ENSG00000198912	ENSG00000284668	lincDivg	n.1.1	75840
ENSMUSG00000047613	ENSMUSG00000086272	lincDivg	n.1.1	6694	ENSG00000198912	ENSG00000233304	lincDivg	n.1.1	40193
ENSMUSG00000047613	ENSMUSG00000085390	lincSS.up	1.1.1	48571	ENSG00000198912	ENSG00000226374	lincSS.up	n.1.1	44254
ENSMUSG00000047648	ENSMUSG00000097007	lncgDivg	n.1.1	109	ENSG00000118496	ENSG00000235652	lncgDivg	n.n.n	0
ENSMUSG00000047658	ENSMUSG00000118263	lncgDivg	n.1.1	0	ENSG00000175229	ENSG00000286459	lncgDivg	1.1.1	0
ENSMUSG00000047875	ENSMUSG00000086665	lincSS.up	1.1.1	29890	ENSG00000180758	ENSG00000289914	lincSS.up	1.1.1	33220
ENSMUSG00000047921	ENSMUSG00000106847	lncgSS.up	1.1.1	0	ENSG00000167632	ENSG00000282164	lncgSS.up	n.1.1	0
ENSMUSG00000047921	ENSMUSG00000106847	lncgSS.up	1.1.1	0	ENSG00000167632	ENSG00000289741	lncgSS.up	1.1.1	0
ENSMUSG00000047940	ENSMUSG00000106505	lincConv	1.1.1	66854	ENSG00000163116	ENSG00000253170	lincConv	1.1.1	49034
ENSMUSG00000047989	ENSMUSG00000120613	lncgDivg	1.1.1	0	ENSG00000153391	ENSG00000289891	lncgDivg	1.1.1	0
ENSMUSG00000048001	ENSMUSG00000092483	lncgDivg	1.1.1	0	ENSG00000197921	ENSG00000272449	lncgDivg	n.n.n	0
ENSMUSG00000048078	ENSMUSG00000085792	lncgDivg	1.1.1	0	ENSG00000149256	ENSG00000255345	lncgDivg	n.1.1	0
ENSMUSG00000048078	ENSMUSG00000085792	lncgDivg	1.1.1	0	ENSG00000149256	ENSG00000254885	lncgDivg	1.1.1	0
ENSMUSG00000048078	ENSMUSG00000085792	lncgDivg	1.1.1	0	ENSG00000149256	ENSG00000254563	lncgDivg	1.1.1	0
ENSMUSG00000048078	ENSMUSG00000108635	lncgDivg	1.1.1	0	ENSG00000149256	ENSG00000255345	lncgDivg	n.1.1	0
ENSMUSG00000048078	ENSMUSG00000108635	lncgDivg	1.1.1	0	ENSG00000149256	ENSG00000254885	lncgDivg	1.1.1	0
ENSMUSG00000048078	ENSMUSG00000108635	lncgDivg	1.1.1	0	ENSG00000149256	ENSG00000254563	lncgDivg	1.1.1	0
ENSMUSG00000048078	ENSMUSG00000085443	lncgDivg	1.1.1	0	ENSG00000149256	ENSG00000255345	lncgDivg	n.1.1	0
ENSMUSG00000048078	ENSMUSG00000085443	lncgDivg	1.1.1	0	ENSG00000149256	ENSG00000254885	lncgDivg	1.1.1	0
ENSMUSG00000048078	ENSMUSG00000085443	lncgDivg	1.1.1	0	ENSG00000149256	ENSG00000254563	lncgDivg	1.1.1	0
ENSMUSG00000048078	ENSMUSG00000085751	lncgDivg	1.1.1	0	ENSG00000149256	ENSG00000255345	lncgDivg	n.1.1	0
ENSMUSG00000048078	ENSMUSG00000085751	lncgDivg	1.1.1	0	ENSG00000149256	ENSG00000254885	lncgDivg	1.1.1	0
ENSMUSG00000048078	ENSMUSG00000085751	lncgDivg	1.1.1	0	ENSG00000149256	ENSG00000254563	lncgDivg	1.1.1	0
ENSMUSG00000048078	ENSMUSG00000053049	lncgDivg	1.1.1	0	ENSG00000149256	ENSG00000255345	lncgDivg	n.1.1	0
ENSMUSG00000048078	ENSMUSG00000053049	lncgDivg	1.1.1	0	ENSG00000149256	ENSG00000254885	lncgDivg	1.1.1	0
ENSMUSG00000048078	ENSMUSG00000053049	lncgDivg	1.1.1	0	ENSG00000149256	ENSG00000254563	lncgDivg	1.1.1	0
ENSMUSG00000048120	ENSMUSG00000117952	lncgSS.dw	1.1.1	0	ENSG00000138185	ENSG00000240527	lncgSS.dw	1.1.1	0
ENSMUSG00000048170	ENSMUSG00000108648	lncgDivg	1.1.1	0	ENSG00000197771	ENSG00000289966	lncgDivg	1.1.1	0
ENSMUSG00000048206	ENSMUSG00000047046	lncgDivg	n.1.1	0	ENSG00000179407	ENSG00000242049	lncgDivg	1.1.1	0
ENSMUSG00000048285	ENSMUSG00000113707	lincSS.dw	1.1.1	10025	ENSG00000139926	ENSG00000259111	lincSS.dw	1.1.1	19833
ENSMUSG00000048285	ENSMUSG00000113900	lncgDivg	1.1.1	169	ENSG00000139926	ENSG00000258537	lncgDivg	n.n.1	0
ENSMUSG00000048307	ENSMUSG00000120582	lincSS.dw	1.1.1	22121	ENSG00000186106	ENSG00000253842	lincSS.dw	n.1.1	77026
ENSMUSG00000048307	ENSMUSG00000114981	lincSS.dw	n.n.n	87496	ENSG00000186106	ENSG00000253842	lincSS.dw	n.1.1	77026
ENSMUSG00000048307	ENSMUSG00000115395	lincSS.dw	1.1.1	40977	ENSG00000186106	ENSG00000253842	lincSS.dw	n.1.1	77026
ENSMUSG00000048387	ENSMUSG00000113913	lincSS.up	1.1.1	96346	ENSG00000143867	ENSG00000234597	lincSS.up	n.1.1	99597
ENSMUSG00000048402	ENSMUSG00000097408	lncgDivg	1.1.1	4850	ENSG00000074047	ENSG00000271709	lncgDivg	1.1.1	0
ENSMUSG00000048410	ENSMUSG00000120353	lncgDivg	1.1.1	66	ENSG00000215421	ENSG00000264247	lncgDivg	n.n.1	0
ENSMUSG00000048410	ENSMUSG00000118385	lncgDivg	1.1.1	0	ENSG00000215421	ENSG00000264247	lncgDivg	n.n.1	0
ENSMUSG00000048445	ENSMUSG00000087638	lncgDivg	1.1.1	0	ENSG00000176155	ENSG00000265678	lncgDivg	1.1.1	0
ENSMUSG00000048445	ENSMUSG00000087638	lncgDivg	1.1.1	0	ENSG00000176155	ENSG00000266654	lncgDivg	1.1.1	0
ENSMUSG00000048482	ENSMUSG00000093410	lncgSS.up	1.1.1	607	ENSG00000176697	ENSG00000255496	lncgSS.up	1.1.1	0
ENSMUSG00000048490	ENSMUSG00000109338	lincSS.up	1.1.1	53916	ENSG00000180530	ENSG00000288536	lincSS.up	1.1.1	36377
ENSMUSG00000048528	ENSMUSG00000087657	lncgDivg	n.1.1	0	ENSG00000229544	ENSG00000271434	lncgDivg	n.n.1	0
ENSMUSG00000048572	ENSMUSG00000120881	lncgDivg	1.1.1	0	ENSG00000181778	ENSG00000226337	lncgDivg	1.1.1	153
ENSMUSG00000048763	ENSMUSG00000075589	lncgDivg	1.1.1	0	ENSG00000120093	ENSG00000239552	lncgDivg	1.1.1	0
ENSMUSG00000048826	ENSMUSG00000120609	lincConv	1.1.1	24103	ENSG00000164488	ENSG00000234768	lincConv	1.1.1	88329
ENSMUSG00000048826	ENSMUSG00000120609	lincConv	1.1.1	24103	ENSG00000164488	ENSG00000287056	lincConv	1.1.1	72568
ENSMUSG00000048826	ENSMUSG00000120609	lincConv	1.1.1	24103	ENSG00000164488	ENSG00000234647	lincConv	n.1.1	30249
ENSMUSG00000048826	ENSMUSG00000120609	lincConv	1.1.1	24103	ENSG00000164488	ENSG00000228361	lincConv	1.1.1	52115
ENSMUSG00000048921	ENSMUSG00000108483	lncgConv	1.1.1	2744	ENSG00000156853	ENSG00000260167	lncgConv	1.1.1	0
ENSMUSG00000048922	ENSMUSG00000093726	lncgSS.dw	1.1.1	1225	ENSG00000184661	ENSG00000289357	lncgSS.dw	1.1.1	868
ENSMUSG00000048988	ENSMUSG00000105335	lincSS.up	1.1.1	5209	ENSG00000225968	ENSG00000231476	lincSS.up	1.1.1	44340
ENSMUSG00000049044	ENSMUSG00000085001	lncgDivg	1.1.1	0	ENSG00000091428	ENSG00000228016	lncgDivg	n.n.1	0
ENSMUSG00000049044	ENSMUSG00000085439	lncgDivg	1.1.1	0	ENSG00000091428	ENSG00000228016	lncgDivg	n.n.1	0
ENSMUSG00000049044	ENSMUSG00000086231	lncgDivg	1.1.1	0	ENSG00000091428	ENSG00000228016	lncgDivg	n.n.1	0
ENSMUSG00000049100	ENSMUSG00000097040	lncgDivg	n.1.1	107	ENSG00000138650	ENSG00000250241	lncgDivg	n.1.1	147
ENSMUSG00000049106	ENSMUSG00000112278	lncgDivg	1.1.1	0	ENSG00000139990	ENSG00000276063	lncgDivg	1.1.1	1161
ENSMUSG00000049106	ENSMUSG00000112278	lncgDivg	1.1.1	0	ENSG00000139990	ENSG00000289180	lncgDivg	n.n.1	0
ENSMUSG00000049119	ENSMUSG00000087099	lincDivg	1.1.1	92867	ENSG00000169122	ENSG00000253376	lincDivg	n.1.1	60194
ENSMUSG00000049164	ENSMUSG00000120438	lncgDivg	1.1.1	47	ENSG00000177853	ENSG00000287009	lncgDivg	1.1.1	0
ENSMUSG00000049225	ENSMUSG00000085614	lncgDivg	n.1.1	113	ENSG00000164951	ENSG00000264448	lncgDivg	1.1.1	0
ENSMUSG00000049295	ENSMUSG00000115141	lncgDivg	1.1.1	2551	ENSG00000165804	ENSG00000178107	lncgDivg	1.1.1	3321
ENSMUSG00000049295	ENSMUSG00000115454	lncgDivg	1.1.1	0	ENSG00000165804	ENSG00000178107	lncgDivg	1.1.1	3321
ENSMUSG00000049313	ENSMUSG00000111511	lincSS.dw	n.1.1	88452	ENSG00000137642	ENSG00000286044	lincSS.dw	n.1.1	40498
ENSMUSG00000049313	ENSMUSG00000111726	lincSS.dw	1.1.1	74116	ENSG00000137642	ENSG00000286044	lincSS.dw	n.1.1	40498
ENSMUSG00000049313	ENSMUSG00000086360	lncgDivg	1.1.1	0	ENSG00000137642	ENSG00000246790	lncgDivg	n.1.1	0
ENSMUSG00000049336	ENSMUSG00000086375	lncgDivg	1.1.1	0	ENSG00000145934	ENSG00000253947	lncgDivg	1.1.1	0
ENSMUSG00000049336	ENSMUSG00000086375	lncgDivg	1.1.1	0	ENSG00000145934	ENSG00000253713	lncgDivg	1.1.1	0
ENSMUSG00000049336	ENSMUSG00000086375	lncgDivg	1.1.1	0	ENSG00000145934	ENSG00000254365	lncgDivg	1.1.1	0
ENSMUSG00000049336	ENSMUSG00000086375	lncgDivg	1.1.1	0	ENSG00000145934	ENSG00000253925	lncgDivg	1.1.1	0
ENSMUSG00000049336	ENSMUSG00000086375	lncgDivg	1.1.1	0	ENSG00000145934	ENSG00000254187	lncgDivg	1.1.1	0
ENSMUSG00000049336	ENSMUSG00000086375	lncgDivg	1.1.1	0	ENSG00000145934	ENSG00000253527	lncgDivg	1.1.1	0
ENSMUSG00000049336	ENSMUSG00000086375	lncgDivg	1.1.1	0	ENSG00000145934	ENSG00000253660	lncgDivg	1.1.1	0
ENSMUSG00000049336	ENSMUSG00000086375	lncgDivg	1.1.1	0	ENSG00000145934	ENSG00000253469	lncgDivg	1.1.1	0
ENSMUSG00000049336	ENSMUSG00000086375	lncgDivg	1.1.1	0	ENSG00000145934	ENSG00000254297	lncgDivg	1.1.1	0
ENSMUSG00000049336	ENSMUSG00000087245	lncgDivg	1.1.1	0	ENSG00000145934	ENSG00000253947	lncgDivg	1.1.1	0
ENSMUSG00000049336	ENSMUSG00000087245	lncgDivg	1.1.1	0	ENSG00000145934	ENSG00000253713	lncgDivg	1.1.1	0
ENSMUSG00000049336	ENSMUSG00000087245	lncgDivg	1.1.1	0	ENSG00000145934	ENSG00000254365	lncgDivg	1.1.1	0
ENSMUSG00000049336	ENSMUSG00000087245	lncgDivg	1.1.1	0	ENSG00000145934	ENSG00000253925	lncgDivg	1.1.1	0
ENSMUSG00000049336	ENSMUSG00000087245	lncgDivg	1.1.1	0	ENSG00000145934	ENSG00000254187	lncgDivg	1.1.1	0
ENSMUSG00000049336	ENSMUSG00000087245	lncgDivg	1.1.1	0	ENSG00000145934	ENSG00000253527	lncgDivg	1.1.1	0
ENSMUSG00000049336	ENSMUSG00000087245	lncgDivg	1.1.1	0	ENSG00000145934	ENSG00000253660	lncgDivg	1.1.1	0
ENSMUSG00000049336	ENSMUSG00000087245	lncgDivg	1.1.1	0	ENSG00000145934	ENSG00000253469	lncgDivg	1.1.1	0
ENSMUSG00000049336	ENSMUSG00000087245	lncgDivg	1.1.1	0	ENSG00000145934	ENSG00000254297	lncgDivg	1.1.1	0
ENSMUSG00000049538	ENSMUSG00000021600	lincDivg	1.1.1	41137	ENSG00000145536	ENSG00000250529	lincDivg	1.1.1	62019
ENSMUSG00000049538	ENSMUSG00000021600	lincDivg	1.1.1	41137	ENSG00000145536	ENSG00000251426	lincDivg	n.1.1	90833
ENSMUSG00000049538	ENSMUSG00000113771	lncgDivg	1.1.1	0	ENSG00000145536	ENSG00000250579	lncgDivg	n.1.1	177
ENSMUSG00000049538	ENSMUSG00000113771	lncgDivg	1.1.1	0	ENSG00000145536	ENSG00000250866	lncgDivg	1.1.1	0
ENSMUSG00000049556	ENSMUSG00000097870	lncgConv	1.1.1	4002	ENSG00000169783	ENSG00000259420	lncgConv	n.1.1	39990
ENSMUSG00000049659	ENSMUSG00000120343	lncgDivg	1.1.1	129	ENSG00000119844	ENSG00000260101	lncgDivg	1.1.1	189
ENSMUSG00000049744	ENSMUSG00000085089	lncgDivg	1.1.1	0	ENSG00000075884	ENSG00000228655	lncgDivg	n.n.1	0
ENSMUSG00000049744	ENSMUSG00000085089	lncgDivg	1.1.1	0	ENSG00000075884	ENSG00000257284	lncgDivg	1.1.1	0
ENSMUSG00000049744	ENSMUSG00000085089	lncgDivg	1.1.1	0	ENSG00000075884	ENSG00000257277	lncgDivg	n.n.1	0
ENSMUSG00000049744	ENSMUSG00000085089	lncgDivg	1.1.1	0	ENSG00000075884	ENSG00000231758	lncgDivg	n.1.1	0
ENSMUSG00000049792	ENSMUSG00000112991	lncgConv	1.1.1	3938	ENSG00000166170	ENSG00000258851	lncgConv	1.1.1	0
ENSMUSG00000049800	ENSMUSG00000121213	lincSS.up	1.1.1	89152	ENSG00000179833	ENSG00000234572	lincSS.up	1.1.1	95125
ENSMUSG00000049800	ENSMUSG00000121213	lincSS.up	1.1.1	89152	ENSG00000179833	ENSG00000288986	lincSS.up	1.1.1	14458
ENSMUSG00000049807	ENSMUSG00000047988	lncgDivg	1.1.1	0	ENSG00000275832	ENSG00000276170	lncgDivg	n.1.1	0
ENSMUSG00000049811	ENSMUSG00000085665	lincSS.dw	1.1.1	37210	ENSG00000170264	ENSG00000289410	lincSS.dw	n.1.1	60543
ENSMUSG00000049866	ENSMUSG00000100367	lincConv	1.1.1	15025	ENSG00000188042	ENSG00000228162	lincConv	n.1.1	30914
ENSMUSG00000049922	ENSMUSG00000085261	lincDivg	n.1.1	23281	ENSG00000181830	ENSG00000255226	lincDivg	n.1.1	51793
ENSMUSG00000049922	ENSMUSG00000085261	lincDivg	n.1.1	23281	ENSG00000181830	ENSG00000255426	lincDivg	1.1.1	68306
ENSMUSG00000049985	ENSMUSG00000120592	lincSS.up	1.1.1	98911	ENSG00000164512	ENSG00000249697	lincSS.up	1.1.1	80575
ENSMUSG00000050199	ENSMUSG00000063751	lncgDivg	n.n.n	4279	ENSG00000205213	ENSG00000254862	lncgDivg	n.1.1	0
ENSMUSG00000050270	ENSMUSG00000085926	lincSS.up	1.1.1	13529	ENSG00000187824	ENSG00000264016	lincSS.up	n.n.n	11234
ENSMUSG00000050271	ENSMUSG00000110321	lincConv	n.1.1	26353	ENSG00000275342	ENSG00000291049	lincConv	n.1.1	72871
ENSMUSG00000050271	ENSMUSG00000110116	lincSS.dw	1.1.1	28354	ENSG00000275342	ENSG00000291048	lincSS.dw	n.1.1	73069
ENSMUSG00000050271	ENSMUSG00000110116	lincSS.dw	1.1.1	28354	ENSG00000275342	ENSG00000253893	lincSS.dw	1.1.1	91122
ENSMUSG00000050271	ENSMUSG00000109704	lincSS.dw	n.1.1	11692	ENSG00000275342	ENSG00000291048	lincSS.dw	n.1.1	73069
ENSMUSG00000050271	ENSMUSG00000109704	lincSS.dw	n.1.1	11692	ENSG00000275342	ENSG00000253893	lincSS.dw	1.1.1	91122
ENSMUSG00000050272	ENSMUSG00000117000	lncgDivg	n.n.1	0	ENSG00000171587	ENSG00000288069	lncgDivg	1.1.1	0
ENSMUSG00000050272	ENSMUSG00000117000	lncgDivg	n.n.1	0	ENSG00000171587	ENSG00000235123	lncgDivg	n.1.1	0
ENSMUSG00000050272	ENSMUSG00000117179	lncgDivg	1.1.1	0	ENSG00000171587	ENSG00000288069	lncgDivg	1.1.1	0
ENSMUSG00000050272	ENSMUSG00000117179	lncgDivg	1.1.1	0	ENSG00000171587	ENSG00000235123	lncgDivg	n.1.1	0
ENSMUSG00000050272	ENSMUSG00000117324	lncgDivg	n.1.1	0	ENSG00000171587	ENSG00000288069	lncgDivg	1.1.1	0
ENSMUSG00000050272	ENSMUSG00000117324	lncgDivg	n.1.1	0	ENSG00000171587	ENSG00000235123	lncgDivg	n.1.1	0
ENSMUSG00000050321	ENSMUSG00000117778	lncgDivg	1.1.1	0	ENSG00000166342	ENSG00000263958	lncgDivg	n.1.1	242
ENSMUSG00000050549	ENSMUSG00000104763	lincDivg	n.1.1	19844	ENSG00000174749	ENSG00000249815	lincDivg	n.1.1	33181
ENSMUSG00000050549	ENSMUSG00000106437	lincDivg	1.1.1	74385	ENSG00000174749	ENSG00000249815	lincDivg	n.1.1	33181
ENSMUSG00000050558	ENSMUSG00000027345	lincDivg	1.1.1	39294	ENSG00000101292	ENSG00000276688	lincDivg	1.1.1	90610
ENSMUSG00000050587	ENSMUSG00000091061	lncgDivg	1.1.1	0	ENSG00000148948	ENSG00000255132	lncgDivg	1.1.1	0
ENSMUSG00000050608	ENSMUSG00000120910	lncgDivg	1.1.1	0	ENSG00000173436	ENSG00000235185	lncgDivg	1.1.1	0
ENSMUSG00000050663	ENSMUSG00000089934	lncgDivg	1.1.1	0	ENSG00000072657	ENSG00000236333	lncgDivg	n.n.1	0
ENSMUSG00000050663	ENSMUSG00000084865	lncgDivg	1.1.1	0	ENSG00000072657	ENSG00000236333	lncgDivg	n.n.1	0
ENSMUSG00000050730	ENSMUSG00000085253	lncgDivg	n.n.1	0	ENSG00000165895	ENSG00000248027	lncgDivg	1.1.1	0
ENSMUSG00000050919	ENSMUSG00000097848	lincSS.up	n.1.1	77042	ENSG00000178175	ENSG00000248371	lincSS.up	n.1.1	66710
ENSMUSG00000050930	ENSMUSG00000120908	lincSS.dw	1.1.1	12237	ENSG00000212916	ENSG00000286774	lincSS.dw	1.1.1	33457
ENSMUSG00000050954	ENSMUSG00000053181	lncgDivg	1.1.1	119	ENSG00000175787	ENSG00000230262	lncgDivg	n.n.1	0
ENSMUSG00000050965	ENSMUSG00000086078	lncgDivg	1.1.1	0	ENSG00000154229	ENSG00000289587	lncgDivg	n.1.1	0
ENSMUSG00000050965	ENSMUSG00000086078	lncgDivg	1.1.1	0	ENSG00000154229	ENSG00000264630	lncgDivg	n.1.1	0
ENSMUSG00000050965	ENSMUSG00000084978	lncgDivg	1.1.1	0	ENSG00000154229	ENSG00000289587	lncgDivg	n.1.1	0
ENSMUSG00000050965	ENSMUSG00000084978	lncgDivg	1.1.1	0	ENSG00000154229	ENSG00000264630	lncgDivg	n.1.1	0
ENSMUSG00000050994	ENSMUSG00000109160	lincConv	n.1.1	77004	ENSG00000118492	ENSG00000289851	lincConv	1.1.1	98962
ENSMUSG00000050994	ENSMUSG00000112573	lincSS.dw	1.1.1	38774	ENSG00000118492	ENSG00000227748	lincSS.dw	n.1.1	39521
ENSMUSG00000051111	ENSMUSG00000100475	lncgDivg	1.1.1	792	ENSG00000122012	ENSG00000248127	lncgDivg	1.1.1	0
ENSMUSG00000051111	ENSMUSG00000100475	lncgDivg	1.1.1	792	ENSG00000122012	ENSG00000250348	lncgDivg	1.1.1	0
ENSMUSG00000051236	ENSMUSG00000112716	lincSS.dw	n.1.1	81893	ENSG00000174099	ENSG00000256268	lincSS.dw	n.1.1	97681
ENSMUSG00000051236	ENSMUSG00000112716	lincSS.dw	n.1.1	81893	ENSG00000174099	ENSG00000255866	lincSS.dw	n.1.1	65495
ENSMUSG00000051236	ENSMUSG00000111907	lincSS.dw	1.1.1	15068	ENSG00000174099	ENSG00000256268	lincSS.dw	n.1.1	97681
ENSMUSG00000051236	ENSMUSG00000111907	lincSS.dw	1.1.1	15068	ENSG00000174099	ENSG00000255866	lincSS.dw	n.1.1	65495
ENSMUSG00000051236	ENSMUSG00000044544	lncgConv	n.1.1	2210	ENSG00000174099	ENSG00000250748	lncgConv	n.n.1	0
ENSMUSG00000051285	ENSMUSG00000120372	lncgDivg	1.1.1	96	ENSG00000168300	ENSG00000228801	lncgDivg	n.1.1	129
ENSMUSG00000051339	ENSMUSG00000106659	lncgDivg	1.1.1	0	ENSG00000197077	ENSG00000279110	lncgDivg	1.1.1	0
ENSMUSG00000051339	ENSMUSG00000106659	lncgDivg	1.1.1	0	ENSG00000197077	ENSG00000279548	lncgDivg	1.1.1	0
ENSMUSG00000051339	ENSMUSG00000106659	lncgDivg	1.1.1	0	ENSG00000197077	ENSG00000279085	lncgDivg	1.1.1	0
ENSMUSG00000051339	ENSMUSG00000106659	lncgDivg	1.1.1	0	ENSG00000197077	ENSG00000203280	lncgDivg	1.1.1	0
ENSMUSG00000051339	ENSMUSG00000106659	lncgDivg	1.1.1	0	ENSG00000197077	ENSG00000279006	lncgDivg	1.1.1	0
ENSMUSG00000051359	ENSMUSG00000101671	lncgDivg	1.1.1	0	ENSG00000104490	ENSG00000253629	lncgDivg	1.1.1	0
ENSMUSG00000051359	ENSMUSG00000086125	lncgDivg	1.1.1	0	ENSG00000104490	ENSG00000253629	lncgDivg	1.1.1	0
ENSMUSG00000051359	ENSMUSG00000022288	lncgDivg	1.1.1	0	ENSG00000104490	ENSG00000253629	lncgDivg	1.1.1	0
ENSMUSG00000051367	ENSMUSG00000120512	lncgConv	1.1.1	0	ENSG00000126778	ENSG00000258952	lncgConv	1.1.1	832
ENSMUSG00000051375	ENSMUSG00000089983	lncgDivg	n.n.1	0	ENSG00000156453	ENSG00000287726	lncgDivg	n.1.1	3569
ENSMUSG00000051401	ENSMUSG00000118315	lncgDivg	1.1.1	0	ENSG00000183775	ENSG00000285605	lncgDivg	1.1.1	0
ENSMUSG00000051401	ENSMUSG00000117674	lncgDivg	1.1.1	0	ENSG00000183775	ENSG00000285605	lncgDivg	1.1.1	0
ENSMUSG00000051435	ENSMUSG00000085424	lncgDivg	1.1.1	0	ENSG00000142621	ENSG00000236045	lncgDivg	1.1.1	0
ENSMUSG00000051435	ENSMUSG00000085424	lncgDivg	1.1.1	0	ENSG00000142621	ENSG00000233485	lncgDivg	1.1.1	0
ENSMUSG00000051495	ENSMUSG00000120101	lncgDivg	1.1.1	705	ENSG00000168264	ENSG00000228830	lncgDivg	1.1.1	0
ENSMUSG00000051510	ENSMUSG00000120999	lncgDivg	n.1.1	117	ENSG00000197063	ENSG00000265688	lncgDivg	1.1.1	94
ENSMUSG00000051510	ENSMUSG00000120999	lncgDivg	n.1.1	117	ENSG00000197063	ENSG00000264769	lncgDivg	1.1.1	0
ENSMUSG00000051586	ENSMUSG00000108232	lncgDivg	1.1.1	0	ENSG00000243156	ENSG00000235295	lncgDivg	1.1.1	4824
ENSMUSG00000051586	ENSMUSG00000108232	lncgDivg	1.1.1	0	ENSG00000243156	ENSG00000286990	lncgDivg	1.1.1	0
ENSMUSG00000051586	ENSMUSG00000097011	lncgDivg	n.1.1	0	ENSG00000243156	ENSG00000235295	lncgDivg	1.1.1	4824
ENSMUSG00000051586	ENSMUSG00000097011	lncgDivg	n.1.1	0	ENSG00000243156	ENSG00000286990	lncgDivg	1.1.1	0
ENSMUSG00000051586	ENSMUSG00000108171	lncgDivg	1.1.1	0	ENSG00000243156	ENSG00000235295	lncgDivg	1.1.1	4824
ENSMUSG00000051586	ENSMUSG00000108171	lncgDivg	1.1.1	0	ENSG00000243156	ENSG00000286990	lncgDivg	1.1.1	0
ENSMUSG00000051650	ENSMUSG00000085979	lincSS.dw	1.1.1	26752	ENSG00000170340	ENSG00000228541	lincSS.dw	n.n.n	71515
ENSMUSG00000051747	ENSMUSG00000086354	lncgDivg	1.1.1	0	ENSG00000155657	ENSG00000270277	lncgDivg	1.1.1	0
ENSMUSG00000051747	ENSMUSG00000086354	lncgDivg	1.1.1	0	ENSG00000155657	ENSG00000271141	lncgDivg	1.1.1	0
ENSMUSG00000051747	ENSMUSG00000086354	lncgDivg	1.1.1	0	ENSG00000155657	ENSG00000267784	lncgDivg	1.1.1	0
ENSMUSG00000051747	ENSMUSG00000086354	lncgDivg	1.1.1	0	ENSG00000155657	ENSG00000270574	lncgDivg	1.1.1	0
ENSMUSG00000051747	ENSMUSG00000086354	lncgDivg	1.1.1	0	ENSG00000155657	ENSG00000270956	lncgDivg	1.1.1	0
ENSMUSG00000051747	ENSMUSG00000086354	lncgDivg	1.1.1	0	ENSG00000155657	ENSG00000271401	lncgDivg	1.1.1	0
ENSMUSG00000051747	ENSMUSG00000086354	lncgDivg	1.1.1	0	ENSG00000155657	ENSG00000271011	lncgDivg	1.1.1	0
ENSMUSG00000051855	ENSMUSG00000107825	lncgDivg	1.1.1	0	ENSG00000106484	ENSG00000259920	lncgDivg	1.1.1	1779
ENSMUSG00000051855	ENSMUSG00000107825	lncgDivg	1.1.1	0	ENSG00000106484	ENSG00000272701	lncgDivg	n.1.1	0
ENSMUSG00000051855	ENSMUSG00000107825	lncgDivg	1.1.1	0	ENSG00000106484	ENSG00000270823	lncgDivg	1.1.1	0
ENSMUSG00000051864	ENSMUSG00000120224	lncgDivg	1.1.1	49	ENSG00000054611	ENSG00000260708	lncgDivg	1.1.1	53
ENSMUSG00000051864	ENSMUSG00000120224	lncgDivg	1.1.1	49	ENSG00000054611	ENSG00000280080	lncgDivg	n.1.1	0
ENSMUSG00000051864	ENSMUSG00000115918	lncgDivg	n.1.1	0	ENSG00000054611	ENSG00000260708	lncgDivg	1.1.1	53
ENSMUSG00000051864	ENSMUSG00000115918	lncgDivg	n.1.1	0	ENSG00000054611	ENSG00000280080	lncgDivg	n.1.1	0
ENSMUSG00000051890	ENSMUSG00000085539	lncgDivg	1.1.1	0	ENSG00000197776	ENSG00000258400	lncgDivg	1.1.1	0
ENSMUSG00000051910	ENSMUSG00000108489	lncgDivg	1.1.1	0	ENSG00000110693	ENSG00000254878	lncgDivg	1.1.1	0
ENSMUSG00000051910	ENSMUSG00000030664	lncgDivg	1.1.1	0	ENSG00000110693	ENSG00000254878	lncgDivg	1.1.1	0
ENSMUSG00000051950	ENSMUSG00000106740	lincConv	1.1.1	39391	ENSG00000187676	ENSG00000290234	lincConv	1.1.1	37149
ENSMUSG00000051950	ENSMUSG00000107214	lincSS.dw	n.1.1	85148	ENSG00000187676	ENSG00000278305	lincSS.dw	1.1.1	87713
ENSMUSG00000051951	ENSMUSG00000089699	lncgDivg	1.1.1	0	ENSG00000206579	ENSG00000253976	lncgDivg	1.1.1	0
ENSMUSG00000051951	ENSMUSG00000089699	lncgDivg	1.1.1	0	ENSG00000206579	ENSG00000254357	lncgDivg	1.1.1	0
ENSMUSG00000051977	ENSMUSG00000116924	lincDivg	n.n.n	67409	ENSG00000126856	ENSG00000260923	lincDivg	n.1.1	81145
ENSMUSG00000051977	ENSMUSG00000116924	lincDivg	n.n.n	67409	ENSG00000126856	ENSG00000260528	lincDivg	n.1.1	10189
ENSMUSG00000052062	ENSMUSG00000086009	lincDivg	1.1.1	17675	ENSG00000116117	ENSG00000236634	lincDivg	1.1.1	71638
ENSMUSG00000052062	ENSMUSG00000100750	lncgDivg	1.1.1	0	ENSG00000116117	ENSG00000287524	lncgDivg	1.1.1	0
ENSMUSG00000052062	ENSMUSG00000085842	lncgDivg	n.n.1	0	ENSG00000116117	ENSG00000287524	lncgDivg	1.1.1	0
ENSMUSG00000052062	ENSMUSG00000085019	lncgDivg	1.1.1	0	ENSG00000116117	ENSG00000287524	lncgDivg	1.1.1	0
ENSMUSG00000052062	ENSMUSG00000085400	lncgDivg	1.1.1	0	ENSG00000116117	ENSG00000287524	lncgDivg	1.1.1	0
ENSMUSG00000052085	ENSMUSG00000120776	lncgDivg	1.1.1	0	ENSG00000107099	ENSG00000235880	lncgDivg	1.1.1	0
ENSMUSG00000052085	ENSMUSG00000120776	lncgDivg	1.1.1	0	ENSG00000107099	ENSG00000183784	lncgDivg	n.1.1	0
ENSMUSG00000052105	ENSMUSG00000121208	lincSS.dw	1.1.1	70054	ENSG00000168502	ENSG00000287719	lincSS.dw	1.1.1	81221
ENSMUSG00000052105	ENSMUSG00000117003	lncgDivg	1.1.1	104	ENSG00000168502	ENSG00000265962	lncgDivg	1.1.1	0
ENSMUSG00000052135	ENSMUSG00000084929	lncgDivg	1.1.1	3992	ENSG00000204060	ENSG00000229901	lncgDivg	1.1.1	0
ENSMUSG00000052139	ENSMUSG00000106894	lncgDivg	1.1.1	0	ENSG00000158019	ENSG00000223522	lncgDivg	n.1.1	0
ENSMUSG00000052253	ENSMUSG00000115335	lincConv	1.1.1	55884	ENSG00000173545	ENSG00000249737	lincConv	1.1.1	19083
ENSMUSG00000052276	ENSMUSG00000116530	lncgDivg	1.1.1	0	ENSG00000188729	ENSG00000233308	lncgDivg	n.n.1	0
ENSMUSG00000052302	ENSMUSG00000112014	lncgDivg	n.n.1	0	ENSG00000111490	ENSG00000286682	lncgDivg	1.1.1	0
ENSMUSG00000052331	ENSMUSG00000101674	lncgDivg	n.n.1	0	ENSG00000065413	ENSG00000231621	lncgDivg	n.1.1	0
ENSMUSG00000052331	ENSMUSG00000101674	lncgDivg	n.n.1	0	ENSG00000065413	ENSG00000225979	lncgDivg	1.1.1	220
ENSMUSG00000052387	ENSMUSG00000098739	lncgDivg	n.n.1	0	ENSG00000083067	ENSG00000223966	lncgDivg	1.1.1	0
ENSMUSG00000052387	ENSMUSG00000098739	lncgDivg	n.n.1	0	ENSG00000083067	ENSG00000232086	lncgDivg	1.1.1	0
ENSMUSG00000052397	ENSMUSG00000116644	lincDivg	n.1.1	25725	ENSG00000092820	ENSG00000203711	lincDivg	n.n.n	50480
ENSMUSG00000052397	ENSMUSG00000116644	lincDivg	n.1.1	25725	ENSG00000092820	ENSG00000285159	lincDivg	1.1.1	34220
ENSMUSG00000052419	ENSMUSG00000097616	lncgDivg	n.1.1	19	ENSG00000214194	ENSG00000289630	lncgDivg	1.1.1	106
ENSMUSG00000052428	ENSMUSG00000121275	lncgDivg	1.1.1	0	ENSG00000143183	ENSG00000224358	lncgDivg	1.1.1	0
ENSMUSG00000052512	ENSMUSG00000108950	lncgDivg	n.1.1	0	ENSG00000166833	ENSG00000255043	lncgDivg	n.1.1	0
ENSMUSG00000052512	ENSMUSG00000108950	lncgDivg	n.1.1	0	ENSG00000166833	ENSG00000254453	lncgDivg	1.1.1	0
ENSMUSG00000052512	ENSMUSG00000108950	lncgDivg	n.1.1	0	ENSG00000166833	ENSG00000254542	lncgDivg	1.1.1	0
ENSMUSG00000052512	ENSMUSG00000108950	lncgDivg	n.1.1	0	ENSG00000166833	ENSG00000254622	lncgDivg	1.1.1	0
ENSMUSG00000052512	ENSMUSG00000108950	lncgDivg	n.1.1	0	ENSG00000166833	ENSG00000270607	lncgDivg	1.1.1	0
ENSMUSG00000052512	ENSMUSG00000108950	lncgDivg	n.1.1	0	ENSG00000166833	ENSG00000254894	lncgDivg	1.1.1	0
ENSMUSG00000052512	ENSMUSG00000110093	lncgDivg	1.1.1	0	ENSG00000166833	ENSG00000255043	lncgDivg	n.1.1	0
ENSMUSG00000052512	ENSMUSG00000110093	lncgDivg	1.1.1	0	ENSG00000166833	ENSG00000254453	lncgDivg	1.1.1	0
ENSMUSG00000052512	ENSMUSG00000110093	lncgDivg	1.1.1	0	ENSG00000166833	ENSG00000254542	lncgDivg	1.1.1	0
ENSMUSG00000052512	ENSMUSG00000110093	lncgDivg	1.1.1	0	ENSG00000166833	ENSG00000254622	lncgDivg	1.1.1	0
ENSMUSG00000052512	ENSMUSG00000110093	lncgDivg	1.1.1	0	ENSG00000166833	ENSG00000270607	lncgDivg	1.1.1	0
ENSMUSG00000052512	ENSMUSG00000110093	lncgDivg	1.1.1	0	ENSG00000166833	ENSG00000254894	lncgDivg	1.1.1	0
ENSMUSG00000052512	ENSMUSG00000109203	lncgSS.dw	1.1.1	0	ENSG00000166833	ENSG00000255270	lncgSS.dw	1.1.1	0
ENSMUSG00000052533	ENSMUSG00000084892	lncgDivg	1.1.1	0	ENSG00000095319	ENSG00000267834	lncgDivg	1.1.1	0
ENSMUSG00000052534	ENSMUSG00000093538	lncgConv	1.1.1	0	ENSG00000185630	ENSG00000289408	lncgConv	n.1.1	3803
ENSMUSG00000052551	ENSMUSG00000114126	lncgDivg	1.1.1	2372	ENSG00000185736	ENSG00000205696	lncgDivg	n.1.1	0
ENSMUSG00000052557	ENSMUSG00000121084	lncgDivg	1.1.1	302	ENSG00000261609	ENSG00000289067	lncgDivg	1.1.1	125
ENSMUSG00000052557	ENSMUSG00000121084	lncgDivg	1.1.1	302	ENSG00000261609	ENSG00000260495	lncgDivg	1.1.1	1521
ENSMUSG00000052572	ENSMUSG00000109382	lncgDivg	1.1.1	0	ENSG00000150672	ENSG00000255555	lncgDivg	1.1.1	0
ENSMUSG00000052572	ENSMUSG00000109382	lncgDivg	1.1.1	0	ENSG00000150672	ENSG00000255311	lncgDivg	n.n.1	0
ENSMUSG00000052572	ENSMUSG00000109382	lncgDivg	1.1.1	0	ENSG00000150672	ENSG00000254787	lncgDivg	1.1.1	0
ENSMUSG00000052581	ENSMUSG00000086739	lncgDivg	1.1.1	0	ENSG00000176204	ENSG00000234653	lncgDivg	1.1.1	0
ENSMUSG00000052584	ENSMUSG00000115092	lncgConv	n.1.1	1833	ENSG00000151778	ENSG00000237361	lncgConv	n.1.1	1826
ENSMUSG00000052593	ENSMUSG00000116819	lncgDivg	1.1.1	133	ENSG00000151694	ENSG00000239300	lncgDivg	n.n.1	0
ENSMUSG00000052593	ENSMUSG00000116819	lncgDivg	1.1.1	133	ENSG00000151694	ENSG00000271855	lncgDivg	1.1.1	0
ENSMUSG00000052613	ENSMUSG00000085456	lncgDivg	n.1.1	0	ENSG00000150275	ENSG00000228048	lncgDivg	1.1.1	0
ENSMUSG00000052613	ENSMUSG00000085456	lncgDivg	n.1.1	0	ENSG00000150275	ENSG00000223800	lncgDivg	1.1.1	0
ENSMUSG00000052613	ENSMUSG00000085456	lncgDivg	n.1.1	0	ENSG00000150275	ENSG00000234173	lncgDivg	1.1.1	0
ENSMUSG00000052684	ENSMUSG00000085377	lincSS.up	1.1.1	36861	ENSG00000177606	ENSG00000232453	lincSS.up	n.1.1	98820
ENSMUSG00000052684	ENSMUSG00000085377	lincSS.up	1.1.1	36861	ENSG00000177606	ENSG00000272226	lincSS.up	1.1.1	28760
ENSMUSG00000052684	ENSMUSG00000085377	lincSS.up	1.1.1	36861	ENSG00000177606	ENSG00000231740	lincSS.up	1.1.1	54400
ENSMUSG00000052684	ENSMUSG00000087366	lncgDivg	n.n.1	0	ENSG00000177606	ENSG00000234807	lncgDivg	n.1.1	1080
ENSMUSG00000052698	ENSMUSG00000111556	lncgConv	n.1.1	2571	ENSG00000171914	ENSG00000259370	lncgConv	n.n.1	0
ENSMUSG00000052698	ENSMUSG00000111412	lncgDivg	1.1.1	0	ENSG00000171914	ENSG00000259756	lncgDivg	1.1.1	0
ENSMUSG00000052698	ENSMUSG00000111412	lncgDivg	1.1.1	0	ENSG00000171914	ENSG00000274340	lncgDivg	1.1.1	1651
ENSMUSG00000052698	ENSMUSG00000111412	lncgDivg	1.1.1	0	ENSG00000171914	ENSG00000259458	lncgDivg	n.1.1	0
ENSMUSG00000052713	ENSMUSG00000096948	lncgDivg	n.n.1	0	ENSG00000168916	ENSG00000249112	lncgDivg	1.1.1	0
ENSMUSG00000052713	ENSMUSG00000120640	lncgDivg	1.1.1	0	ENSG00000168916	ENSG00000249112	lncgDivg	1.1.1	0
ENSMUSG00000052727	ENSMUSG00000097027	lncgDivg	1.1.1	89	ENSG00000131711	ENSG00000285804	lncgDivg	n.n.1	0
ENSMUSG00000052928	ENSMUSG00000097712	lncgDivg	1.1.1	0	ENSG00000134030	ENSG00000267764	lncgDivg	1.1.1	0
ENSMUSG00000052928	ENSMUSG00000097712	lncgDivg	1.1.1	0	ENSG00000134030	ENSG00000267762	lncgDivg	1.1.1	0
ENSMUSG00000052942	ENSMUSG00000097735	lncgDivg	n.1.1	0	ENSG00000107249	ENSG00000228322	lncgDivg	1.1.1	0
ENSMUSG00000052942	ENSMUSG00000097735	lncgDivg	n.1.1	0	ENSG00000107249	ENSG00000237009	lncgDivg	1.1.1	0
ENSMUSG00000052942	ENSMUSG00000097735	lncgDivg	n.1.1	0	ENSG00000107249	ENSG00000236724	lncgDivg	1.1.1	0
ENSMUSG00000052942	ENSMUSG00000089952	lncgSS.up	1.1.1	0	ENSG00000107249	ENSG00000230001	lncgSS.up	1.1.1	0
ENSMUSG00000052955	ENSMUSG00000108060	lncgDivg	n.n.n	20	ENSG00000106066	ENSG00000229452	lncgDivg	1.1.1	0
ENSMUSG00000052955	ENSMUSG00000108060	lncgDivg	n.n.n	20	ENSG00000106066	ENSG00000285412	lncgDivg	n.1.1	0
ENSMUSG00000052957	ENSMUSG00000114433	lncgDivg	n.n.1	0	ENSG00000180447	ENSG00000226237	lncgDivg	n.1.1	1123
ENSMUSG00000053004	ENSMUSG00000120498	lncgDivg	1.1.1	145	ENSG00000196639	ENSG00000285906	lncgDivg	n.1.1	0
ENSMUSG00000053025	ENSMUSG00000097247	lncgDivg	n.1.1	0	ENSG00000185518	ENSG00000285661	lncgDivg	1.1.1	112
ENSMUSG00000053093	ENSMUSG00000115610	lncgDivg	1.1.1	0	ENSG00000092054	ENSG00000258444	lncgDivg	1.1.1	0
ENSMUSG00000053093	ENSMUSG00000101680	lncgDivg	1.1.1	0	ENSG00000092054	ENSG00000258444	lncgDivg	1.1.1	0
ENSMUSG00000053110	ENSMUSG00000110161	lncgDivg	1.1.1	234	ENSG00000137693	ENSG00000254422	lncgDivg	1.1.1	0
ENSMUSG00000053110	ENSMUSG00000110161	lncgDivg	1.1.1	234	ENSG00000137693	ENSG00000277459	lncgDivg	1.1.1	0
ENSMUSG00000053110	ENSMUSG00000092185	lncgDivg	1.1.1	0	ENSG00000137693	ENSG00000254422	lncgDivg	1.1.1	0
ENSMUSG00000053110	ENSMUSG00000092185	lncgDivg	1.1.1	0	ENSG00000137693	ENSG00000277459	lncgDivg	1.1.1	0
ENSMUSG00000053141	ENSMUSG00000100943	lincSS.dw	1.1.1	7978	ENSG00000196090	ENSG00000228959	lincSS.dw	1.1.1	57274
ENSMUSG00000053141	ENSMUSG00000084919	lncgDivg	1.1.1	0	ENSG00000196090	ENSG00000229042	lncgDivg	n.1.1	0
ENSMUSG00000053141	ENSMUSG00000084919	lncgDivg	1.1.1	0	ENSG00000196090	ENSG00000233508	lncgDivg	n.1.1	131
ENSMUSG00000053141	ENSMUSG00000084919	lncgDivg	1.1.1	0	ENSG00000196090	ENSG00000227599	lncgDivg	1.1.1	0
ENSMUSG00000053141	ENSMUSG00000054457	lncgDivg	n.1.1	123	ENSG00000196090	ENSG00000229042	lncgDivg	n.1.1	0
ENSMUSG00000053141	ENSMUSG00000054457	lncgDivg	n.1.1	123	ENSG00000196090	ENSG00000233508	lncgDivg	n.1.1	131
ENSMUSG00000053141	ENSMUSG00000054457	lncgDivg	n.1.1	123	ENSG00000196090	ENSG00000227599	lncgDivg	1.1.1	0
ENSMUSG00000053310	ENSMUSG00000120926	lncgDivg	1.1.1	0	ENSG00000154146	ENSG00000255045	lncgDivg	1.1.1	0
ENSMUSG00000053368	ENSMUSG00000107384	lncgConv	1.1.1	0	ENSG00000133105	ENSG00000289381	lncgConv	1.1.1	0
ENSMUSG00000053414	ENSMUSG00000116753	lincConv	1.1.1	49080	ENSG00000142149	ENSG00000230323	lincConv	n.1.1	35683
ENSMUSG00000053461	ENSMUSG00000103451	lincSS.dw	1.1.1	77992	ENSG00000143512	ENSG00000276997	lincSS.dw	n.1.1	17636
ENSMUSG00000053461	ENSMUSG00000103451	lincSS.dw	1.1.1	77992	ENSG00000143512	ENSG00000226643	lincSS.dw	1.1.1	67553
ENSMUSG00000053519	ENSMUSG00000087328	lncgDivg	1.1.1	0	ENSG00000182132	ENSG00000253858	lncgDivg	1.1.1	0
ENSMUSG00000053519	ENSMUSG00000087328	lncgDivg	1.1.1	0	ENSG00000182132	ENSG00000253591	lncgDivg	n.1.1	0
ENSMUSG00000053519	ENSMUSG00000085240	lncgDivg	1.1.1	0	ENSG00000182132	ENSG00000253858	lncgDivg	1.1.1	0
ENSMUSG00000053519	ENSMUSG00000085240	lncgDivg	1.1.1	0	ENSG00000182132	ENSG00000253591	lncgDivg	n.1.1	0
ENSMUSG00000053560	ENSMUSG00000120944	lncgDivg	1.1.1	1368	ENSG00000160888	ENSG00000287296	lncgDivg	1.1.1	0
ENSMUSG00000053560	ENSMUSG00000120944	lncgDivg	1.1.1	1368	ENSG00000160888	ENSG00000267598	lncgDivg	n.1.1	0
ENSMUSG00000053560	ENSMUSG00000120095	lncgDivg	n.n.n	2242	ENSG00000160888	ENSG00000287296	lncgDivg	1.1.1	0
ENSMUSG00000053560	ENSMUSG00000120095	lncgDivg	n.n.n	2242	ENSG00000160888	ENSG00000267598	lncgDivg	n.1.1	0
ENSMUSG00000053581	ENSMUSG00000121177	lncgDivg	1.1.1	144	ENSG00000178381	ENSG00000229043	lncgDivg	n.n.1	0
ENSMUSG00000053604	ENSMUSG00000105646	lincConv	n.1.1	12253	ENSG00000153574	ENSG00000240040	lincConv	1.1.1	60257
ENSMUSG00000053604	ENSMUSG00000105646	lincConv	n.1.1	12253	ENSG00000153574	ENSG00000290802	lincConv	1.1.1	60257
ENSMUSG00000053604	ENSMUSG00000119951	lincSS.dw	n.1.1	46818	ENSG00000153574	ENSG00000291127	lincSS.dw	n.1.1	14878
ENSMUSG00000053702	ENSMUSG00000085100	lncgDivg	1.1.1	0	ENSG00000078114	ENSG00000231920	lncgDivg	n.n.1	0
ENSMUSG00000053747	ENSMUSG00000110929	lincSS.dw	1.1.1	15793	ENSG00000168875	ENSG00000261146	lincSS.dw	1.1.1	25639
ENSMUSG00000053747	ENSMUSG00000110929	lincSS.dw	1.1.1	15793	ENSG00000168875	ENSG00000239513	lincSS.dw	n.1.1	5326
ENSMUSG00000053754	ENSMUSG00000097533	lncgConv	n.n.1	0	ENSG00000100888	ENSG00000260830	lncgConv	1.1.1	258
ENSMUSG00000053768	ENSMUSG00000085847	lncgDivg	1.1.1	0	ENSG00000106554	ENSG00000227197	lncgDivg	1.1.1	0
ENSMUSG00000053825	ENSMUSG00000112201	lncgDivg	n.1.1	0	ENSG00000139220	ENSG00000257467	lncgDivg	n.n.1	0
ENSMUSG00000053825	ENSMUSG00000112201	lncgDivg	n.1.1	0	ENSG00000139220	ENSG00000258162	lncgDivg	n.n.1	0
ENSMUSG00000053877	ENSMUSG00000101225	lncgDivg	1.1.1	0	ENSG00000080603	ENSG00000261840	lncgDivg	n.n.1	0
ENSMUSG00000054083	ENSMUSG00000109307	lncgDivg	1.1.1	0	ENSG00000182472	ENSG00000267892	lncgDivg	1.1.1	0
ENSMUSG00000054134	ENSMUSG00000117786	lncgDivg	1.1.1	0	ENSG00000177398	ENSG00000184385	lncgDivg	1.1.1	0
ENSMUSG00000054134	ENSMUSG00000118169	lncgDivg	1.1.1	0	ENSG00000177398	ENSG00000184385	lncgDivg	1.1.1	0
ENSMUSG00000054364	ENSMUSG00000120673	lncgDivg	1.1.1	175	ENSG00000143878	ENSG00000290108	lncgDivg	1.1.1	181
ENSMUSG00000054404	ENSMUSG00000086327	lncgDivg	n.n.1	0	ENSG00000166750	ENSG00000266947	lncgDivg	n.1.1	108
ENSMUSG00000054428	ENSMUSG00000087352	lncgDivg	n.1.1	0	ENSG00000130770	ENSG00000270605	lncgDivg	1.1.1	0
ENSMUSG00000054428	ENSMUSG00000087352	lncgDivg	n.1.1	0	ENSG00000130770	ENSG00000290123	lncgDivg	1.1.1	0
ENSMUSG00000054477	ENSMUSG00000098284	lncgConv	n.n.1	0	ENSG00000080709	ENSG00000246316	lncgConv	n.1.1	0
ENSMUSG00000054640	ENSMUSG00000117413	lncgConv	1.1.1	0	ENSG00000183023	ENSG00000227028	lncgConv	n.n.1	0
ENSMUSG00000054667	ENSMUSG00000086426	lncgDivg	1.1.1	0	ENSG00000133124	ENSG00000237863	lncgDivg	n.1.1	0
ENSMUSG00000054717	ENSMUSG00000120635	lncgDivg	1.1.1	361	ENSG00000164104	ENSG00000288728	lncgDivg	1.1.1	320
ENSMUSG00000054814	ENSMUSG00000106943	lincDivg	n.1.1	24603	ENSG00000109189	ENSG00000260120	lincDivg	1.1.1	21308
ENSMUSG00000054814	ENSMUSG00000087250	lncgDivg	1.1.1	0	ENSG00000109189	ENSG00000248866	lncgDivg	1.1.1	105
ENSMUSG00000054814	ENSMUSG00000086234	lncgDivg	n.1.1	0	ENSG00000109189	ENSG00000248866	lncgDivg	1.1.1	105
ENSMUSG00000054843	ENSMUSG00000117871	lncgDivg	1.1.1	0	ENSG00000107518	ENSG00000285582	lncgDivg	1.1.1	0
ENSMUSG00000054901	ENSMUSG00000066938	lncgDivg	1.1.1	0	ENSG00000214694	ENSG00000269210	lncgDivg	1.1.1	0
ENSMUSG00000054966	ENSMUSG00000120520	lincSS.dw	1.1.1	23247	ENSG00000152936	ENSG00000278743	lincSS.dw	1.1.1	23066
ENSMUSG00000055013	ENSMUSG00000102009	lncgDivg	n.1.1	0	ENSG00000157985	ENSG00000222007	lncgDivg	n.1.1	0
ENSMUSG00000055013	ENSMUSG00000121272	lncgDivg	1.1.1	0	ENSG00000157985	ENSG00000222007	lncgDivg	n.1.1	0
ENSMUSG00000055013	ENSMUSG00000101662	lncgSS.dw	1.1.1	0	ENSG00000157985	ENSG00000235529	lncgSS.dw	n.1.1	0
ENSMUSG00000055022	ENSMUSG00000097068	lncgSS.dw	n.1.1	2360	ENSG00000018236	ENSG00000274682	lncgSS.dw	1.1.1	0
ENSMUSG00000055116	ENSMUSG00000109959	lncgDivg	1.1.1	0	ENSG00000133794	ENSG00000290083	lncgDivg	1.1.1	0
ENSMUSG00000055137	ENSMUSG00000113851	lncgDivg	1.1.1	0	ENSG00000175600	ENSG00000203446	lncgDivg	1.1.1	0
ENSMUSG00000055194	ENSMUSG00000114824	lincDivg	1.1.1	25582	ENSG00000169067	ENSG00000249436	lincDivg	n.1.1	91216
ENSMUSG00000055204	ENSMUSG00000054945	lncgDivg	n.1.1	43	ENSG00000132466	ENSG00000250220	lncgDivg	1.1.1	411
ENSMUSG00000055210	ENSMUSG00000085399	lncgDivg	n.1.1	354	ENSG00000186564	ENSG00000237424	lncgDivg	1.1.1	3403
ENSMUSG00000055214	ENSMUSG00000104157	lncgDivg	1.1.1	901	ENSG00000180287	ENSG00000224525	lncgDivg	1.1.1	0
ENSMUSG00000055214	ENSMUSG00000104157	lncgDivg	1.1.1	901	ENSG00000180287	ENSG00000272865	lncgDivg	n.1.1	0
ENSMUSG00000055254	ENSMUSG00000114854	lincSS.dw	n.1.1	11903	ENSG00000148053	ENSG00000285556	lincSS.dw	1.1.1	71595
ENSMUSG00000055320	ENSMUSG00000085945	lncgDivg	n.1.1	0	ENSG00000187079	ENSG00000254688	lncgDivg	1.1.1	0
ENSMUSG00000055320	ENSMUSG00000085945	lncgDivg	n.1.1	0	ENSG00000187079	ENSG00000203258	lncgDivg	1.1.1	0
ENSMUSG00000055322	ENSMUSG00000101344	lincSS.dw	1.1.1	68314	ENSG00000079308	ENSG00000231672	lincSS.dw	n.1.1	42995
ENSMUSG00000055322	ENSMUSG00000100301	lincSS.dw	n.1.1	45765	ENSG00000079308	ENSG00000231672	lincSS.dw	n.1.1	42995
ENSMUSG00000055385	ENSMUSG00000101762	lncgDivg	1.1.1	0	ENSG00000178222	ENSG00000251652	lncgDivg	n.1.1	18745
ENSMUSG00000055409	ENSMUSG00000085265	lncgDivg	n.n.1	0	ENSG00000165973	ENSG00000254906	lncgDivg	1.1.1	0
ENSMUSG00000055409	ENSMUSG00000085265	lncgDivg	n.n.1	0	ENSG00000165973	ENSG00000255167	lncgDivg	1.1.1	0
ENSMUSG00000055415	ENSMUSG00000085533	lncgDivg	1.1.1	0	ENSG00000118322	ENSG00000253687	lncgDivg	1.1.1	0
ENSMUSG00000055415	ENSMUSG00000085533	lncgDivg	1.1.1	0	ENSG00000118322	ENSG00000254391	lncgDivg	1.1.1	0
ENSMUSG00000055415	ENSMUSG00000086170	lncgDivg	1.1.1	0	ENSG00000118322	ENSG00000253687	lncgDivg	1.1.1	0
ENSMUSG00000055415	ENSMUSG00000086170	lncgDivg	1.1.1	0	ENSG00000118322	ENSG00000254391	lncgDivg	1.1.1	0
ENSMUSG00000055435	ENSMUSG00000110592	lincConv	1.1.1	87790	ENSG00000178573	ENSG00000261472	lincConv	1.1.1	69550
ENSMUSG00000055435	ENSMUSG00000086717	lncgDivg	1.1.1	0	ENSG00000178573	ENSG00000277214	lncgDivg	1.1.1	2835
ENSMUSG00000055447	ENSMUSG00000120744	lncgSS.dw	1.1.1	0	ENSG00000196776	ENSG00000279277	lncgSS.dw	n.1.1	3175
ENSMUSG00000055531	ENSMUSG00000112344	lincSS.up	1.1.1	66000	ENSG00000111605	ENSG00000258140	lincSS.up	n.1.1	15327
ENSMUSG00000055531	ENSMUSG00000112796	lincSS.up	n.1.1	20701	ENSG00000111605	ENSG00000258140	lincSS.up	n.1.1	15327
ENSMUSG00000055540	ENSMUSG00000089685	lncgDivg	n.n.1	0	ENSG00000080224	ENSG00000286447	lncgDivg	n.1.1	174
ENSMUSG00000055675	ENSMUSG00000098322	lncgDivg	1.1.1	0	ENSG00000176595	ENSG00000253764	lncgDivg	n.n.1	0
ENSMUSG00000055761	ENSMUSG00000086017	lncgDivg	1.1.1	0	ENSG00000185942	ENSG00000285971	lncgDivg	1.1.1	0
ENSMUSG00000055761	ENSMUSG00000086017	lncgDivg	1.1.1	0	ENSG00000185942	ENSG00000287105	lncgDivg	1.1.1	0
ENSMUSG00000055761	ENSMUSG00000086017	lncgDivg	1.1.1	0	ENSG00000185942	ENSG00000254050	lncgDivg	1.1.1	0
ENSMUSG00000055805	ENSMUSG00000092371	lncgDivg	1.1.1	0	ENSG00000184922	ENSG00000267121	lncgDivg	n.n.1	0
ENSMUSG00000055805	ENSMUSG00000092371	lncgDivg	1.1.1	0	ENSG00000184922	ENSG00000233175	lncgDivg	n.1.1	0
ENSMUSG00000055809	ENSMUSG00000085725	lncgDivg	n.1.1	0	ENSG00000167646	ENSG00000267577	lncgDivg	1.1.1	0
ENSMUSG00000055811	ENSMUSG00000116885	lincConv	n.1.1	62357	ENSG00000156282	ENSG00000259981	lincConv	1.1.1	67729
ENSMUSG00000055932	ENSMUSG00000110138	lncgDivg	1.1.1	0	ENSG00000140718	ENSG00000261630	lncgDivg	1.1.1	0
ENSMUSG00000055932	ENSMUSG00000110138	lncgDivg	1.1.1	0	ENSG00000140718	ENSG00000261049	lncgDivg	1.1.1	0
ENSMUSG00000055932	ENSMUSG00000110138	lncgDivg	1.1.1	0	ENSG00000140718	ENSG00000260194	lncgDivg	1.1.1	0
ENSMUSG00000055932	ENSMUSG00000090778	lncgDivg	n.1.1	0	ENSG00000140718	ENSG00000261630	lncgDivg	1.1.1	0
ENSMUSG00000055932	ENSMUSG00000090778	lncgDivg	n.1.1	0	ENSG00000140718	ENSG00000261049	lncgDivg	1.1.1	0
ENSMUSG00000055932	ENSMUSG00000090778	lncgDivg	n.1.1	0	ENSG00000140718	ENSG00000260194	lncgDivg	1.1.1	0
ENSMUSG00000055976	ENSMUSG00000109761	lincSS.up	1.1.1	37526	ENSG00000253958	ENSG00000286910	lincSS.up	1.1.1	32533
ENSMUSG00000055976	ENSMUSG00000109761	lincSS.up	1.1.1	37526	ENSG00000253958	ENSG00000289622	lincSS.up	n.1.1	45951
ENSMUSG00000056050	ENSMUSG00000121189	lncgDivg	1.1.1	0	ENSG00000154305	ENSG00000272750	lncgDivg	1.1.1	0
ENSMUSG00000056091	ENSMUSG00000108709	lncgDivg	n.1.1	0	ENSG00000115525	ENSG00000272564	lncgDivg	1.1.1	0
ENSMUSG00000056091	ENSMUSG00000108709	lncgDivg	n.1.1	0	ENSG00000115525	ENSG00000232504	lncgDivg	n.1.1	0
ENSMUSG00000056153	ENSMUSG00000118352	lincConv	1.1.1	6417	ENSG00000170677	ENSG00000266304	lincConv	1.1.1	5302
ENSMUSG00000056153	ENSMUSG00000118352	lincConv	1.1.1	6417	ENSG00000170677	ENSG00000266278	lincConv	1.1.1	49941
ENSMUSG00000056162	ENSMUSG00000117676	lncgDivg	1.1.1	0	ENSG00000150656	ENSG00000264340	lncgDivg	1.1.1	0
ENSMUSG00000056260	ENSMUSG00000120716	lncgDivg	1.1.1	68	ENSG00000121931	ENSG00000273010	lncgDivg	1.1.1	0
ENSMUSG00000056296	ENSMUSG00000051729	lncgDivg	n.1.1	142	ENSG00000163630	ENSG00000241359	lncgDivg	1.1.1	0
ENSMUSG00000056313	ENSMUSG00000109299	lincSS.dw	1.1.1	77744	ENSG00000176907	ENSG00000254143	lincSS.dw	1.1.1	6148
ENSMUSG00000056429	ENSMUSG00000092386	lncgDivg	1.1.1	0	ENSG00000152291	ENSG00000290110	lncgDivg	1.1.1	0
ENSMUSG00000056493	ENSMUSG00000120342	lincSS.up	1.1.1	32808	ENSG00000164916	ENSG00000286874	lincSS.up	1.1.1	39725
ENSMUSG00000056501	ENSMUSG00000084797	lincSS.dw	n.1.1	87049	ENSG00000172216	ENSG00000224397	lincSS.dw	n.1.1	54975
ENSMUSG00000056501	ENSMUSG00000087624	lincSS.dw	1.1.1	91635	ENSG00000172216	ENSG00000224397	lincSS.dw	n.1.1	54975
ENSMUSG00000056553	ENSMUSG00000099907	lncgDivg	n.1.1	0	ENSG00000155093	ENSG00000233038	lncgDivg	n.1.1	0
ENSMUSG00000056553	ENSMUSG00000099907	lncgDivg	n.1.1	0	ENSG00000155093	ENSG00000222012	lncgDivg	1.1.1	0
ENSMUSG00000056553	ENSMUSG00000099907	lncgDivg	n.1.1	0	ENSG00000155093	ENSG00000231980	lncgDivg	1.1.1	0
ENSMUSG00000056553	ENSMUSG00000099907	lncgDivg	n.1.1	0	ENSG00000155093	ENSG00000289418	lncgDivg	1.1.1	0
ENSMUSG00000056553	ENSMUSG00000099907	lncgDivg	n.1.1	0	ENSG00000155093	ENSG00000272839	lncgDivg	1.1.1	0
ENSMUSG00000056553	ENSMUSG00000099907	lncgDivg	n.1.1	0	ENSG00000155093	ENSG00000225365	lncgDivg	1.1.1	0
ENSMUSG00000056553	ENSMUSG00000099907	lncgDivg	n.1.1	0	ENSG00000155093	ENSG00000232715	lncgDivg	1.1.1	2806
ENSMUSG00000056553	ENSMUSG00000099907	lncgDivg	n.1.1	0	ENSG00000155093	ENSG00000285821	lncgDivg	1.1.1	0
ENSMUSG00000056602	ENSMUSG00000106719	lncgDivg	1.1.1	0	ENSG00000073910	ENSG00000287904	lncgDivg	1.1.1	174
ENSMUSG00000056602	ENSMUSG00000106719	lncgDivg	1.1.1	0	ENSG00000073910	ENSG00000237637	lncgDivg	1.1.1	0
ENSMUSG00000056708	ENSMUSG00000120197	lincConv	1.1.1	11971	ENSG00000162783	ENSG00000225359	lincConv	1.1.1	97571
ENSMUSG00000056708	ENSMUSG00000096950	lincSS.dw	1.1.1	13095	ENSG00000162783	ENSG00000237292	lincSS.dw	n.1.1	81584
ENSMUSG00000056708	ENSMUSG00000120457	lincSS.dw	n.1.1	41501	ENSG00000162783	ENSG00000237292	lincSS.dw	n.1.1	81584
ENSMUSG00000056708	ENSMUSG00000101880	lincSS.dw	1.1.1	39182	ENSG00000162783	ENSG00000237292	lincSS.dw	n.1.1	81584
ENSMUSG00000056749	ENSMUSG00000120159	lncgDivg	n.1.1	4903	ENSG00000165030	ENSG00000233081	lncgDivg	1.1.1	2406
ENSMUSG00000056752	ENSMUSG00000084967	lncgDivg	1.1.1	0	ENSG00000007174	ENSG00000263684	lncgDivg	1.1.1	0
ENSMUSG00000056755	ENSMUSG00000092448	lncgDivg	1.1.1	0	ENSG00000196277	ENSG00000236202	lncgDivg	n.1.1	0
ENSMUSG00000056755	ENSMUSG00000092448	lncgDivg	1.1.1	0	ENSG00000196277	ENSG00000237665	lncgDivg	1.1.1	0
ENSMUSG00000056755	ENSMUSG00000092448	lncgDivg	1.1.1	0	ENSG00000196277	ENSG00000226258	lncgDivg	n.n.1	0
ENSMUSG00000056758	ENSMUSG00000034764	lncgDivg	n.1.1	0	ENSG00000149948	ENSG00000197301	lncgDivg	n.n.1	0
ENSMUSG00000056758	ENSMUSG00000034764	lncgDivg	n.1.1	0	ENSG00000149948	ENSG00000256083	lncgDivg	1.1.1	0
ENSMUSG00000056758	ENSMUSG00000090191	lncgDivg	1.1.1	0	ENSG00000149948	ENSG00000197301	lncgDivg	n.n.1	0
ENSMUSG00000056758	ENSMUSG00000090191	lncgDivg	1.1.1	0	ENSG00000149948	ENSG00000256083	lncgDivg	1.1.1	0
ENSMUSG00000057058	ENSMUSG00000075586	lncgDivg	1.1.1	46	ENSG00000141293	ENSG00000263787	lncgDivg	1.1.1	0
ENSMUSG00000057058	ENSMUSG00000075586	lncgDivg	1.1.1	46	ENSG00000141293	ENSG00000235300	lncgDivg	n.1.1	0
ENSMUSG00000057098	ENSMUSG00000085784	lncgDivg	1.1.1	0	ENSG00000164330	ENSG00000245812	lncgDivg	n.1.1	567
ENSMUSG00000057098	ENSMUSG00000085784	lncgDivg	1.1.1	0	ENSG00000164330	ENSG00000253811	lncgDivg	1.1.1	0
ENSMUSG00000057098	ENSMUSG00000085784	lncgDivg	1.1.1	0	ENSG00000164330	ENSG00000253456	lncgDivg	1.1.1	0
ENSMUSG00000057123	ENSMUSG00000105385	lncgDivg	1.1.1	0	ENSG00000265107	ENSG00000234190	lncgDivg	1.1.1	4228
ENSMUSG00000057123	ENSMUSG00000105385	lncgDivg	1.1.1	0	ENSG00000265107	ENSG00000274415	lncgDivg	n.1.1	0
ENSMUSG00000057133	ENSMUSG00000085469	lincSS.up	1.1.1	97614	ENSG00000124177	ENSG00000288843	lincSS.up	n.1.1	31871
ENSMUSG00000057147	ENSMUSG00000084785	lncgDivg	1.1.1	0	ENSG00000134146	ENSG00000248079	lncgDivg	n.n.1	0
ENSMUSG00000057173	ENSMUSG00000091937	lincSS.up	1.1.1	83151	ENSG00000196460	ENSG00000286101	lincSS.up	1.1.1	76480
ENSMUSG00000057230	ENSMUSG00000100164	lncgDivg	1.1.1	77	ENSG00000115977	ENSG00000289250	lncgDivg	1.1.1	0
ENSMUSG00000057329	ENSMUSG00000054006	lncgDivg	n.1.1	0	ENSG00000171791	ENSG00000283125	lncgDivg	1.1.1	0
ENSMUSG00000057335	ENSMUSG00000103435	lncgDivg	1.1.1	0	ENSG00000143702	ENSG00000227230	lncgDivg	1.1.1	0
ENSMUSG00000057335	ENSMUSG00000103435	lncgDivg	1.1.1	0	ENSG00000143702	ENSG00000232085	lncgDivg	n.1.1	0
ENSMUSG00000057469	ENSMUSG00000114018	lincConv	n.1.1	5139	ENSG00000169016	ENSG00000285569	lincConv	n.1.1	17189
ENSMUSG00000057497	ENSMUSG00000120960	lncgDivg	1.1.1	103	ENSG00000035141	ENSG00000233849	lncgDivg	1.1.1	0
ENSMUSG00000057530	ENSMUSG00000085823	lncgDivg	n.1.1	0	ENSG00000117298	ENSG00000236936	lncgDivg	1.1.1	0
ENSMUSG00000057530	ENSMUSG00000085823	lncgDivg	n.1.1	0	ENSG00000117298	ENSG00000231105	lncgDivg	n.1.1	0
ENSMUSG00000057716	ENSMUSG00000097484	lncgDivg	1.1.1	0	ENSG00000261115	ENSG00000285841	lncgDivg	1.1.1	0
ENSMUSG00000057716	ENSMUSG00000097484	lncgDivg	1.1.1	0	ENSG00000261115	ENSG00000261629	lncgDivg	1.1.1	0
ENSMUSG00000057716	ENSMUSG00000097484	lncgDivg	1.1.1	0	ENSG00000261115	ENSG00000204990	lncgDivg	1.1.1	0
ENSMUSG00000057716	ENSMUSG00000097406	lncgDivg	1.1.1	0	ENSG00000261115	ENSG00000285841	lncgDivg	1.1.1	0
ENSMUSG00000057716	ENSMUSG00000097406	lncgDivg	1.1.1	0	ENSG00000261115	ENSG00000261629	lncgDivg	1.1.1	0
ENSMUSG00000057716	ENSMUSG00000097406	lncgDivg	1.1.1	0	ENSG00000261115	ENSG00000204990	lncgDivg	1.1.1	0
ENSMUSG00000057858	ENSMUSG00000053117	lincConv	n.1.1	27013	ENSG00000165669	ENSG00000238276	lincConv	n.1.1	30215
ENSMUSG00000057914	ENSMUSG00000087086	lncgDivg	n.n.1	0	ENSG00000165995	ENSG00000225527	lncgDivg	1.1.1	0
ENSMUSG00000057914	ENSMUSG00000087086	lncgDivg	n.n.1	0	ENSG00000165995	ENSG00000235020	lncgDivg	n.1.1	0
ENSMUSG00000057914	ENSMUSG00000104106	lncgDivg	1.1.1	0	ENSG00000165995	ENSG00000225527	lncgDivg	1.1.1	0
ENSMUSG00000057914	ENSMUSG00000104106	lncgDivg	1.1.1	0	ENSG00000165995	ENSG00000235020	lncgDivg	n.1.1	0
ENSMUSG00000057963	ENSMUSG00000095174	lncgDivg	1.1.1	0	ENSG00000100605	ENSG00000258730	lncgDivg	1.1.1	0
ENSMUSG00000058022	ENSMUSG00000085759	lncgDivg	1.1.1	0	ENSG00000111863	ENSG00000234427	lncgDivg	1.1.1	3556
ENSMUSG00000058022	ENSMUSG00000085759	lncgDivg	1.1.1	0	ENSG00000111863	ENSG00000287593	lncgDivg	n.n.1	0
ENSMUSG00000058022	ENSMUSG00000099672	lncgDivg	1.1.1	0	ENSG00000111863	ENSG00000234427	lncgDivg	1.1.1	3556
ENSMUSG00000058022	ENSMUSG00000099672	lncgDivg	1.1.1	0	ENSG00000111863	ENSG00000287593	lncgDivg	n.n.1	0
ENSMUSG00000058056	ENSMUSG00000086866	lncgDivg	n.n.n	0	ENSG00000129116	ENSG00000249609	lncgDivg	1.1.1	0
ENSMUSG00000058056	ENSMUSG00000086866	lncgDivg	n.n.n	0	ENSG00000129116	ENSG00000249623	lncgDivg	1.1.1	0
ENSMUSG00000058056	ENSMUSG00000121162	lncgDivg	1.1.1	0	ENSG00000129116	ENSG00000249609	lncgDivg	1.1.1	0
ENSMUSG00000058056	ENSMUSG00000121162	lncgDivg	1.1.1	0	ENSG00000129116	ENSG00000249623	lncgDivg	1.1.1	0
ENSMUSG00000058145	ENSMUSG00000121207	lncgDivg	1.1.1	0	ENSG00000140470	ENSG00000259219	lncgDivg	1.1.1	0
ENSMUSG00000058145	ENSMUSG00000121207	lncgDivg	1.1.1	0	ENSG00000140470	ENSG00000259356	lncgDivg	1.1.1	0
ENSMUSG00000058153	ENSMUSG00000097962	lincSS.up	n.1.1	5751	ENSG00000100095	ENSG00000236464	lincSS.up	1.1.1	5159
ENSMUSG00000058318	ENSMUSG00000087197	lncgDivg	1.1.1	0	ENSG00000135365	ENSG00000255314	lncgDivg	n.1.1	1577
ENSMUSG00000058318	ENSMUSG00000087197	lncgDivg	1.1.1	0	ENSG00000135365	ENSG00000254653	lncgDivg	1.1.1	0
ENSMUSG00000058440	ENSMUSG00000103108	lincSS.dw	1.1.1	19435	ENSG00000106459	ENSG00000290319	lincSS.dw	1.1.1	23328
ENSMUSG00000058440	ENSMUSG00000120456	lncgDivg	1.1.1	44	ENSG00000106459	ENSG00000273329	lncgDivg	1.1.1	49
ENSMUSG00000058656	ENSMUSG00000072584	lncgDivg	1.1.1	0	ENSG00000177570	ENSG00000225885	lncgDivg	n.1.1	0
ENSMUSG00000058656	ENSMUSG00000072584	lncgDivg	1.1.1	0	ENSG00000177570	ENSG00000281641	lncgDivg	n.1.1	0
ENSMUSG00000058656	ENSMUSG00000115761	lncgDivg	1.1.1	0	ENSG00000177570	ENSG00000225885	lncgDivg	n.1.1	0
ENSMUSG00000058656	ENSMUSG00000115761	lncgDivg	1.1.1	0	ENSG00000177570	ENSG00000281641	lncgDivg	n.1.1	0
ENSMUSG00000058665	ENSMUSG00000099957	lincSS.dw	1.1.1	13748	ENSG00000163064	ENSG00000258910	lincSS.dw	n.1.1	7061
ENSMUSG00000058672	ENSMUSG00000113591	lincSS.up	1.1.1	6148	ENSG00000137267	ENSG00000230269	lincSS.up	n.1.1	25082
ENSMUSG00000058881	ENSMUSG00000100430	lincConv	n.1.1	69994	ENSG00000101493	ENSG00000266614	lincConv	1.1.1	97568
ENSMUSG00000058881	ENSMUSG00000100430	lincConv	n.1.1	69994	ENSG00000101493	ENSG00000264212	lincConv	1.1.1	99345
ENSMUSG00000058881	ENSMUSG00000117976	lincConv	1.1.1	7349	ENSG00000101493	ENSG00000266614	lincConv	1.1.1	97568
ENSMUSG00000058881	ENSMUSG00000117976	lincConv	1.1.1	7349	ENSG00000101493	ENSG00000264212	lincConv	1.1.1	99345
ENSMUSG00000058881	ENSMUSG00000118339	lncgDivg	n.1.1	0	ENSG00000101493	ENSG00000265778	lncgDivg	n.1.1	0
ENSMUSG00000058881	ENSMUSG00000118339	lncgDivg	n.1.1	0	ENSG00000101493	ENSG00000263982	lncgDivg	1.1.1	0
ENSMUSG00000058881	ENSMUSG00000118339	lncgDivg	n.1.1	0	ENSG00000101493	ENSG00000275763	lncgDivg	1.1.1	279
ENSMUSG00000058925	ENSMUSG00000118391	lncgConv	n.n.1	0	ENSG00000230561	ENSG00000245937	lncgConv	n.n.n	0
ENSMUSG00000058925	ENSMUSG00000118322	lncgDivg	1.1.1	0	ENSG00000230561	ENSG00000250603	lncgDivg	1.1.1	0
ENSMUSG00000058925	ENSMUSG00000086607	lncgDivg	n.n.n	0	ENSG00000230561	ENSG00000250603	lncgDivg	1.1.1	0
ENSMUSG00000058925	ENSMUSG00000085800	lncgDivg	n.1.1	28	ENSG00000230561	ENSG00000250603	lncgDivg	1.1.1	0
ENSMUSG00000058979	ENSMUSG00000093739	lncgDivg	1.1.1	0	ENSG00000069998	ENSG00000185837	lncgDivg	n.1.1	0
ENSMUSG00000058997	ENSMUSG00000115167	lncgDivg	1.1.1	0	ENSG00000102763	ENSG00000278338	lncgDivg	n.n.1	0
ENSMUSG00000058997	ENSMUSG00000115090	lncgDivg	1.1.1	0	ENSG00000102763	ENSG00000278338	lncgDivg	n.n.1	0
ENSMUSG00000058997	ENSMUSG00000115111	lncgDivg	1.1.1	0	ENSG00000102763	ENSG00000278338	lncgDivg	n.n.1	0
ENSMUSG00000059013	ENSMUSG00000009551	lncgDivg	n.1.1	0	ENSG00000095370	ENSG00000286196	lncgDivg	1.1.1	0
ENSMUSG00000059146	ENSMUSG00000052629	lncgDivg	n.n.1	0	ENSG00000140538	ENSG00000260305	lncgDivg	1.1.1	0
ENSMUSG00000059146	ENSMUSG00000108788	lncgDivg	1.1.1	0	ENSG00000140538	ENSG00000260305	lncgDivg	1.1.1	0
ENSMUSG00000059246	ENSMUSG00000097623	lncgDivg	n.n.1	0	ENSG00000171956	ENSG00000289162	lncgDivg	n.1.1	180
ENSMUSG00000059248	ENSMUSG00000085336	lincSS.dw	n.1.1	63844	ENSG00000184640	ENSG00000285535	lincSS.dw	n.1.1	89936
ENSMUSG00000059248	ENSMUSG00000085336	lincSS.dw	n.1.1	63844	ENSG00000184640	ENSG00000286534	lincSS.dw	1.1.1	47533
ENSMUSG00000059248	ENSMUSG00000085336	lincSS.dw	n.1.1	63844	ENSG00000184640	ENSG00000267506	lincSS.dw	n.1.1	46344
ENSMUSG00000059248	ENSMUSG00000085336	lincSS.dw	n.1.1	63844	ENSG00000184640	ENSG00000267665	lincSS.dw	n.1.1	16291
ENSMUSG00000059248	ENSMUSG00000086588	lincSS.dw	1.1.1	52064	ENSG00000184640	ENSG00000285535	lincSS.dw	n.1.1	89936
ENSMUSG00000059248	ENSMUSG00000086588	lincSS.dw	1.1.1	52064	ENSG00000184640	ENSG00000286534	lincSS.dw	1.1.1	47533
ENSMUSG00000059248	ENSMUSG00000086588	lincSS.dw	1.1.1	52064	ENSG00000184640	ENSG00000267506	lincSS.dw	n.1.1	46344
ENSMUSG00000059248	ENSMUSG00000086588	lincSS.dw	1.1.1	52064	ENSG00000184640	ENSG00000267665	lincSS.dw	n.1.1	16291
ENSMUSG00000059248	ENSMUSG00000086050	lncgDivg	1.1.1	0	ENSG00000184640	ENSG00000267016	lncgDivg	1.1.1	0
ENSMUSG00000059248	ENSMUSG00000086050	lncgDivg	1.1.1	0	ENSG00000184640	ENSG00000266998	lncgDivg	1.1.1	0
ENSMUSG00000059248	ENSMUSG00000086050	lncgDivg	1.1.1	0	ENSG00000184640	ENSG00000263718	lncgDivg	n.n.1	0
ENSMUSG00000059248	ENSMUSG00000086050	lncgDivg	1.1.1	0	ENSG00000184640	ENSG00000287257	lncgDivg	1.1.1	0
ENSMUSG00000059325	ENSMUSG00000106783	lincSS.up	n.1.1	20823	ENSG00000171476	ENSG00000288944	lincSS.up	1.1.1	19646
ENSMUSG00000059436	ENSMUSG00000112030	lincSS.up	1.1.1	77396	ENSG00000125952	ENSG00000255002	lincSS.up	n.1.1	94559
ENSMUSG00000059439	ENSMUSG00000085514	lncgDivg	1.1.1	0	ENSG00000141376	ENSG00000267207	lncgDivg	1.1.1	0
ENSMUSG00000059439	ENSMUSG00000085514	lncgDivg	1.1.1	0	ENSG00000141376	ENSG00000267449	lncgDivg	1.1.1	0
ENSMUSG00000059439	ENSMUSG00000085514	lncgDivg	1.1.1	0	ENSG00000141376	ENSG00000286997	lncgDivg	1.1.1	0
ENSMUSG00000059439	ENSMUSG00000085514	lncgDivg	1.1.1	0	ENSG00000141376	ENSG00000273982	lncgDivg	1.1.1	0
ENSMUSG00000059439	ENSMUSG00000086199	lncgDivg	n.1.1	0	ENSG00000141376	ENSG00000267207	lncgDivg	1.1.1	0
ENSMUSG00000059439	ENSMUSG00000086199	lncgDivg	n.1.1	0	ENSG00000141376	ENSG00000267449	lncgDivg	1.1.1	0
ENSMUSG00000059439	ENSMUSG00000086199	lncgDivg	n.1.1	0	ENSG00000141376	ENSG00000286997	lncgDivg	1.1.1	0
ENSMUSG00000059439	ENSMUSG00000086199	lncgDivg	n.1.1	0	ENSG00000141376	ENSG00000273982	lncgDivg	1.1.1	0
ENSMUSG00000059493	ENSMUSG00000087571	lncgDivg	1.1.1	0	ENSG00000188158	ENSG00000230020	lncgDivg	1.1.1	0
ENSMUSG00000059554	ENSMUSG00000096977	lncgDivg	n.1.1	368	ENSG00000024862	ENSG00000279968	lncgDivg	n.1.1	117
ENSMUSG00000059602	ENSMUSG00000112586	lincSS.up	1.1.1	27403	ENSG00000185666	ENSG00000228622	lincSS.up	1.1.1	47002
ENSMUSG00000059602	ENSMUSG00000087256	lncgDivg	1.1.1	0	ENSG00000185666	ENSG00000236054	lncgDivg	1.1.1	0
ENSMUSG00000059602	ENSMUSG00000087256	lncgDivg	1.1.1	0	ENSG00000185666	ENSG00000229673	lncgDivg	1.1.1	0
ENSMUSG00000059602	ENSMUSG00000112493	lncgDivg	1.1.1	0	ENSG00000185666	ENSG00000236054	lncgDivg	1.1.1	0
ENSMUSG00000059602	ENSMUSG00000112493	lncgDivg	1.1.1	0	ENSG00000185666	ENSG00000229673	lncgDivg	1.1.1	0
ENSMUSG00000059689	ENSMUSG00000099869	lincDivg	n.1.1	89411	ENSG00000169740	ENSG00000228426	lincDivg	1.1.1	16787
ENSMUSG00000059742	ENSMUSG00000085029	lncgDivg	1.1.1	0	ENSG00000184611	ENSG00000237750	lncgDivg	1.1.1	0
ENSMUSG00000059810	ENSMUSG00000085177	lncgDivg	1.1.1	0	ENSG00000138835	ENSG00000237073	lncgDivg	1.1.1	0
ENSMUSG00000059842	ENSMUSG00000085483	lncgDivg	1.1.1	0	ENSG00000131061	ENSG00000229188	lncgDivg	1.1.1	0
ENSMUSG00000059842	ENSMUSG00000097602	lncgDivg	n.1.1	0	ENSG00000131061	ENSG00000229188	lncgDivg	1.1.1	0
ENSMUSG00000059854	ENSMUSG00000097409	lncgDivg	1.1.1	0	ENSG00000157423	ENSG00000259798	lncgDivg	1.1.1	0
ENSMUSG00000059854	ENSMUSG00000097409	lncgDivg	1.1.1	0	ENSG00000157423	ENSG00000259833	lncgDivg	n.1.1	0
ENSMUSG00000059921	ENSMUSG00000089737	lncgDivg	1.1.1	0	ENSG00000182168	ENSG00000271474	lncgDivg	1.1.1	0
ENSMUSG00000059921	ENSMUSG00000089924	lncgDivg	1.1.1	0	ENSG00000182168	ENSG00000271474	lncgDivg	1.1.1	0
ENSMUSG00000059974	ENSMUSG00000085449	lncgDivg	1.1.1	0	ENSG00000182667	ENSG00000237654	lncgDivg	n.1.1	0
ENSMUSG00000059974	ENSMUSG00000085449	lncgDivg	1.1.1	0	ENSG00000182667	ENSG00000224795	lncgDivg	n.n.1	0
ENSMUSG00000059974	ENSMUSG00000085449	lncgDivg	1.1.1	0	ENSG00000182667	ENSG00000285980	lncgDivg	n.1.1	0
ENSMUSG00000059974	ENSMUSG00000085449	lncgDivg	1.1.1	0	ENSG00000182667	ENSG00000224700	lncgDivg	1.1.1	0
ENSMUSG00000059974	ENSMUSG00000085449	lncgDivg	1.1.1	0	ENSG00000182667	ENSG00000238117	lncgDivg	1.1.1	0
ENSMUSG00000060176	ENSMUSG00000097399	lncgConv	n.1.1	0	ENSG00000165115	ENSG00000226877	lncgConv	n.n.n	0
ENSMUSG00000060176	ENSMUSG00000097399	lncgConv	n.1.1	0	ENSG00000165115	ENSG00000231616	lncgConv	n.n.1	0
ENSMUSG00000060227	ENSMUSG00000086913	lncgDivg	1.1.1	253	ENSG00000166734	ENSG00000259499	lncgDivg	1.1.1	0
ENSMUSG00000060227	ENSMUSG00000086913	lncgDivg	1.1.1	253	ENSG00000166734	ENSG00000289277	lncgDivg	n.1.1	311
ENSMUSG00000060260	ENSMUSG00000110115	lincConv	1.1.1	22914	ENSG00000171813	ENSG00000234311	lincConv	1.1.1	15874
ENSMUSG00000060275	ENSMUSG00000117852	lncgDivg	n.1.1	0	ENSG00000158458	ENSG00000250692	lncgDivg	1.1.1	0
ENSMUSG00000060429	ENSMUSG00000115361	lincDivg	1.1.1	97095	ENSG00000172164	ENSG00000253619	lincDivg	1.1.1	99792
ENSMUSG00000060429	ENSMUSG00000115200	lincDivg	1.1.1	16453	ENSG00000172164	ENSG00000253619	lincDivg	1.1.1	99792
ENSMUSG00000060568	ENSMUSG00000097823	lncgDivg	1.1.1	576	ENSG00000188859	ENSG00000203307	lncgDivg	1.1.1	0
ENSMUSG00000060568	ENSMUSG00000097823	lncgDivg	1.1.1	576	ENSG00000188859	ENSG00000229588	lncgDivg	n.1.1	0
ENSMUSG00000060568	ENSMUSG00000102548	lncgDivg	1.1.1	1689	ENSG00000188859	ENSG00000203307	lncgDivg	1.1.1	0
ENSMUSG00000060568	ENSMUSG00000102548	lncgDivg	1.1.1	1689	ENSG00000188859	ENSG00000229588	lncgDivg	n.1.1	0
ENSMUSG00000060579	ENSMUSG00000089833	lncgDivg	n.1.1	0	ENSG00000189283	ENSG00000287649	lncgDivg	1.1.1	0
ENSMUSG00000060579	ENSMUSG00000114391	lncgDivg	1.1.1	0	ENSG00000189283	ENSG00000287649	lncgDivg	1.1.1	0
ENSMUSG00000060924	ENSMUSG00000085150	lncgDivg	1.1.1	0	ENSG00000183117	ENSG00000286934	lncgDivg	1.1.1	0
ENSMUSG00000060924	ENSMUSG00000085150	lncgDivg	1.1.1	0	ENSG00000183117	ENSG00000285861	lncgDivg	1.1.1	0
ENSMUSG00000060924	ENSMUSG00000085150	lncgDivg	1.1.1	0	ENSG00000183117	ENSG00000285977	lncgDivg	1.1.1	0
ENSMUSG00000060924	ENSMUSG00000085150	lncgDivg	1.1.1	0	ENSG00000183117	ENSG00000288110	lncgDivg	1.1.1	0
ENSMUSG00000060924	ENSMUSG00000087363	lncgDivg	n.1.1	0	ENSG00000183117	ENSG00000286934	lncgDivg	1.1.1	0
ENSMUSG00000060924	ENSMUSG00000087363	lncgDivg	n.1.1	0	ENSG00000183117	ENSG00000285861	lncgDivg	1.1.1	0
ENSMUSG00000060924	ENSMUSG00000087363	lncgDivg	n.1.1	0	ENSG00000183117	ENSG00000285977	lncgDivg	1.1.1	0
ENSMUSG00000060924	ENSMUSG00000087363	lncgDivg	n.1.1	0	ENSG00000183117	ENSG00000288110	lncgDivg	1.1.1	0
ENSMUSG00000061013	ENSMUSG00000117356	lncgDivg	1.1.1	183	ENSG00000150051	ENSG00000230500	lncgDivg	n.n.n	0
ENSMUSG00000061080	ENSMUSG00000101463	lncgDivg	1.1.1	0	ENSG00000185565	ENSG00000243197	lncgDivg	n.1.1	0
ENSMUSG00000061080	ENSMUSG00000101463	lncgDivg	1.1.1	0	ENSG00000185565	ENSG00000241397	lncgDivg	1.1.1	0
ENSMUSG00000061080	ENSMUSG00000101463	lncgDivg	1.1.1	0	ENSG00000185565	ENSG00000242385	lncgDivg	1.1.1	0
ENSMUSG00000061080	ENSMUSG00000101463	lncgDivg	1.1.1	0	ENSG00000185565	ENSG00000240922	lncgDivg	1.1.1	0
ENSMUSG00000061082	ENSMUSG00000087365	lincSS.dw	n.1.1	12779	ENSG00000170965	ENSG00000223749	lincSS.dw	n.1.1	19196
ENSMUSG00000061082	ENSMUSG00000101603	lincSS.dw	n.1.1	16700	ENSG00000170965	ENSG00000223749	lincSS.dw	n.1.1	19196
ENSMUSG00000061099	ENSMUSG00000097320	lncgConv	n.n.1	0	ENSG00000105679	ENSG00000236144	lncgConv	n.n.n	0
ENSMUSG00000061143	ENSMUSG00000104161	lncgDivg	1.1.1	0	ENSG00000196782	ENSG00000250698	lncgDivg	1.1.1	0
ENSMUSG00000061143	ENSMUSG00000104161	lncgDivg	1.1.1	0	ENSG00000196782	ENSG00000286320	lncgDivg	n.1.1	0
ENSMUSG00000061143	ENSMUSG00000102539	lncgDivg	1.1.1	0	ENSG00000196782	ENSG00000250698	lncgDivg	1.1.1	0
ENSMUSG00000061143	ENSMUSG00000102539	lncgDivg	1.1.1	0	ENSG00000196782	ENSG00000286320	lncgDivg	n.1.1	0
ENSMUSG00000061306	ENSMUSG00000075389	lincSS.up	n.1.1	34054	ENSG00000157637	ENSG00000287431	lincSS.up	1.1.1	43636
ENSMUSG00000061306	ENSMUSG00000075389	lincSS.up	n.1.1	34054	ENSG00000157637	ENSG00000185332	lincSS.up	n.1.1	15723
ENSMUSG00000061306	ENSMUSG00000075389	lincSS.up	n.1.1	34054	ENSG00000157637	ENSG00000185168	lincSS.up	n.1.1	8224
ENSMUSG00000061306	ENSMUSG00000085636	lncgDivg	1.1.1	0	ENSG00000157637	ENSG00000276101	lncgDivg	1.1.1	0
ENSMUSG00000061393	ENSMUSG00000111204	lncgDivg	1.1.1	0	ENSG00000114739	ENSG00000229589	lncgDivg	1.1.1	0
ENSMUSG00000061410	ENSMUSG00000098221	lncgDivg	1.1.1	1153	ENSG00000140948	ENSG00000288568	lncgDivg	n.n.1	0
ENSMUSG00000061411	ENSMUSG00000079001	lncgDivg	1.1.1	0	ENSG00000197183	ENSG00000228156	lncgDivg	1.1.1	0
ENSMUSG00000061411	ENSMUSG00000079001	lncgDivg	1.1.1	0	ENSG00000197183	ENSG00000204393	lncgDivg	n.n.1	0
ENSMUSG00000061411	ENSMUSG00000079001	lncgDivg	1.1.1	0	ENSG00000197183	ENSG00000286311	lncgDivg	1.1.1	0
ENSMUSG00000061411	ENSMUSG00000079001	lncgDivg	1.1.1	0	ENSG00000197183	ENSG00000233293	lncgDivg	1.1.1	0
ENSMUSG00000061411	ENSMUSG00000079001	lncgDivg	1.1.1	0	ENSG00000197183	ENSG00000277301	lncgDivg	1.1.1	0
ENSMUSG00000061411	ENSMUSG00000079001	lncgDivg	1.1.1	0	ENSG00000197183	ENSG00000236772	lncgDivg	1.1.1	0
ENSMUSG00000061458	ENSMUSG00000114024	lncgDivg	n.1.1	73	ENSG00000115761	ENSG00000243819	lncgDivg	1.1.1	357
ENSMUSG00000061458	ENSMUSG00000114024	lncgDivg	n.1.1	73	ENSG00000115761	ENSG00000234818	lncgDivg	1.1.1	0
ENSMUSG00000061462	ENSMUSG00000072902	lncgDivg	n.1.1	0	ENSG00000154358	ENSG00000162913	lncgDivg	n.n.1	0
ENSMUSG00000061462	ENSMUSG00000072902	lncgDivg	n.1.1	0	ENSG00000154358	ENSG00000269934	lncgDivg	n.n.1	0
ENSMUSG00000061462	ENSMUSG00000072902	lncgDivg	n.1.1	0	ENSG00000154358	ENSG00000270110	lncgDivg	1.1.1	0
ENSMUSG00000061462	ENSMUSG00000072902	lncgDivg	n.1.1	0	ENSG00000154358	ENSG00000287315	lncgDivg	1.1.1	0
ENSMUSG00000061524	ENSMUSG00000085555	lncgDivg	n.n.n	1833	ENSG00000043355	ENSG00000288060	lncgDivg	1.1.1	1750
ENSMUSG00000061535	ENSMUSG00000087290	lncgDivg	n.1.1	0	ENSG00000163145	ENSG00000251379	lncgDivg	1.1.1	0
ENSMUSG00000061576	ENSMUSG00000086505	lncgDivg	1.1.1	0	ENSG00000130226	ENSG00000203335	lncgDivg	n.1.1	0
ENSMUSG00000061576	ENSMUSG00000086505	lncgDivg	1.1.1	0	ENSG00000130226	ENSG00000270114	lncgDivg	1.1.1	0
ENSMUSG00000061576	ENSMUSG00000086505	lncgDivg	1.1.1	0	ENSG00000130226	ENSG00000286461	lncgDivg	1.1.1	0
ENSMUSG00000061576	ENSMUSG00000086505	lncgDivg	1.1.1	0	ENSG00000130226	ENSG00000287744	lncgDivg	1.1.1	0
ENSMUSG00000061576	ENSMUSG00000086505	lncgDivg	1.1.1	0	ENSG00000130226	ENSG00000233363	lncgDivg	1.1.1	0
ENSMUSG00000061576	ENSMUSG00000086505	lncgDivg	1.1.1	0	ENSG00000130226	ENSG00000236408	lncgDivg	1.1.1	0
ENSMUSG00000061589	ENSMUSG00000075558	lncgDivg	1.1.1	0	ENSG00000104885	ENSG00000267122	lncgDivg	1.1.1	0
ENSMUSG00000061859	ENSMUSG00000120805	lncgDivg	1.1.1	0	ENSG00000132849	ENSG00000271200	lncgDivg	1.1.1	53
ENSMUSG00000061887	ENSMUSG00000085581	lncgDivg	1.1.1	0	ENSG00000157216	ENSG00000232245	lncgDivg	1.1.1	2777
ENSMUSG00000061887	ENSMUSG00000085581	lncgDivg	1.1.1	0	ENSG00000157216	ENSG00000198711	lncgDivg	1.1.1	0
ENSMUSG00000061887	ENSMUSG00000085581	lncgDivg	1.1.1	0	ENSG00000157216	ENSG00000225632	lncgDivg	1.1.1	0
ENSMUSG00000061911	ENSMUSG00000112663	lncgDivg	1.1.1	0	ENSG00000186487	ENSG00000232057	lncgDivg	1.1.1	0
ENSMUSG00000061911	ENSMUSG00000112663	lncgDivg	1.1.1	0	ENSG00000186487	ENSG00000225619	lncgDivg	n.1.1	0
ENSMUSG00000061911	ENSMUSG00000112663	lncgDivg	1.1.1	0	ENSG00000186487	ENSG00000284600	lncgDivg	n.n.1	0
ENSMUSG00000061911	ENSMUSG00000112390	lncgDivg	n.n.1	0	ENSG00000186487	ENSG00000232057	lncgDivg	1.1.1	0
ENSMUSG00000061911	ENSMUSG00000112390	lncgDivg	n.n.1	0	ENSG00000186487	ENSG00000225619	lncgDivg	n.1.1	0
ENSMUSG00000061911	ENSMUSG00000112390	lncgDivg	n.n.1	0	ENSG00000186487	ENSG00000284600	lncgDivg	n.n.1	0
ENSMUSG00000062006	ENSMUSG00000105789	lncgDivg	n.1.1	203	ENSG00000109475	ENSG00000234492	lncgDivg	n.1.1	109
ENSMUSG00000062078	ENSMUSG00000099384	lncgDivg	n.1.1	36	ENSG00000112531	ENSG00000270419	lncgDivg	1.1.1	40
ENSMUSG00000062115	ENSMUSG00000051008	lncgDivg	1.1.1	0	ENSG00000108557	ENSG00000226746	lncgDivg	1.1.1	0
ENSMUSG00000062115	ENSMUSG00000051008	lncgDivg	1.1.1	0	ENSG00000108557	ENSG00000237328	lncgDivg	1.1.1	0
ENSMUSG00000062115	ENSMUSG00000051008	lncgDivg	1.1.1	0	ENSG00000108557	ENSG00000223979	lncgDivg	1.1.1	3770
ENSMUSG00000062127	ENSMUSG00000051788	lincDivg	1.1.1	13698	ENSG00000143079	ENSG00000231246	lincDivg	n.1.1	35589
ENSMUSG00000062202	ENSMUSG00000117835	lncgDivg	1.1.1	0	ENSG00000183826	ENSG00000226533	lncgDivg	1.1.1	0
ENSMUSG00000062202	ENSMUSG00000117725	lncgDivg	n.1.1	0	ENSG00000183826	ENSG00000226533	lncgDivg	1.1.1	0
ENSMUSG00000062203	ENSMUSG00000097537	lncgConv	n.n.1	0	ENSG00000103342	ENSG00000263307	lncgConv	1.1.1	0
ENSMUSG00000062203	ENSMUSG00000120347	lncgDivg	1.1.1	147	ENSG00000103342	ENSG00000261216	lncgDivg	1.1.1	0
ENSMUSG00000062397	ENSMUSG00000115333	lincConv	1.1.1	47422	ENSG00000120963	ENSG00000253737	lincConv	1.1.1	36949
ENSMUSG00000062397	ENSMUSG00000115333	lincConv	1.1.1	47422	ENSG00000120963	ENSG00000253355	lincConv	n.1.1	44392
ENSMUSG00000062397	ENSMUSG00000115430	lincSS.dw	1.1.1	65341	ENSG00000120963	ENSG00000261087	lincSS.dw	1.1.1	8249
ENSMUSG00000062397	ENSMUSG00000115430	lincSS.dw	1.1.1	65341	ENSG00000120963	ENSG00000253395	lincSS.dw	1.1.1	51720
ENSMUSG00000062397	ENSMUSG00000097259	lncgDivg	n.n.1	0	ENSG00000120963	ENSG00000271882	lncgDivg	1.1.1	1955
ENSMUSG00000062563	ENSMUSG00000120079	lncgDivg	n.1.1	117	ENSG00000205795	ENSG00000233502	lncgDivg	1.1.1	2837
ENSMUSG00000062713	ENSMUSG00000116569	lncgDivg	1.1.1	1065	ENSG00000159263	ENSG00000224269	lncgDivg	1.1.1	0
ENSMUSG00000062822	ENSMUSG00000025450	lncgDivg	1.1.1	0	ENSG00000172244	ENSG00000248554	lncgDivg	1.1.1	0
ENSMUSG00000062822	ENSMUSG00000025450	lncgDivg	1.1.1	0	ENSG00000172244	ENSG00000248240	lncgDivg	1.1.1	126
ENSMUSG00000062825	ENSMUSG00000043644	lncgDivg	n.1.1	136	ENSG00000184009	ENSG00000229848	lncgDivg	n.n.1	0
ENSMUSG00000062825	ENSMUSG00000043644	lncgDivg	n.1.1	136	ENSG00000184009	ENSG00000289182	lncgDivg	1.1.1	0
ENSMUSG00000062939	ENSMUSG00000109599	lncgConv	1.1.1	932	ENSG00000138378	ENSG00000231858	lncgConv	n.n.1	0
ENSMUSG00000062960	ENSMUSG00000120170	lincDivg	n.1.1	37910	ENSG00000128052	ENSG00000287060	lincDivg	1.1.1	32282
ENSMUSG00000062960	ENSMUSG00000106756	lincDivg	1.1.1	64640	ENSG00000128052	ENSG00000287060	lincDivg	1.1.1	32282
ENSMUSG00000062991	ENSMUSG00000110214	lincSS.up	1.1.1	88034	ENSG00000157168	ENSG00000287204	lincSS.up	1.1.1	92487
ENSMUSG00000063049	ENSMUSG00000074357	lncgDivg	n.1.1	0	ENSG00000168556	ENSG00000232648	lncgDivg	n.1.1	564
ENSMUSG00000063130	ENSMUSG00000113759	lincConv	1.1.1	21693	ENSG00000178363	ENSG00000287566	lincConv	n.1.1	22866
ENSMUSG00000063130	ENSMUSG00000113759	lincConv	1.1.1	21693	ENSG00000178363	ENSG00000287235	lincConv	1.1.1	36524
ENSMUSG00000063142	ENSMUSG00000100100	lncgDivg	n.1.1	0	ENSG00000156113	ENSG00000225497	lncgDivg	n.1.1	0
ENSMUSG00000063142	ENSMUSG00000100100	lncgDivg	n.1.1	0	ENSG00000156113	ENSG00000225652	lncgDivg	n.1.1	0
ENSMUSG00000063142	ENSMUSG00000100100	lncgDivg	n.1.1	0	ENSG00000156113	ENSG00000236467	lncgDivg	n.n.1	0
ENSMUSG00000063142	ENSMUSG00000100100	lncgDivg	n.1.1	0	ENSG00000156113	ENSG00000224500	lncgDivg	1.1.1	0
ENSMUSG00000063142	ENSMUSG00000114953	lncgDivg	n.n.1	0	ENSG00000156113	ENSG00000225497	lncgDivg	n.1.1	0
ENSMUSG00000063142	ENSMUSG00000114953	lncgDivg	n.n.1	0	ENSG00000156113	ENSG00000225652	lncgDivg	n.1.1	0
ENSMUSG00000063142	ENSMUSG00000114953	lncgDivg	n.n.1	0	ENSG00000156113	ENSG00000236467	lncgDivg	n.n.1	0
ENSMUSG00000063142	ENSMUSG00000114953	lncgDivg	n.n.1	0	ENSG00000156113	ENSG00000224500	lncgDivg	1.1.1	0
ENSMUSG00000063146	ENSMUSG00000107090	lncgDivg	n.1.n	0	ENSG00000106665	ENSG00000287815	lncgDivg	1.1.1	100
ENSMUSG00000063317	ENSMUSG00000108409	lincConv	1.1.1	50430	ENSG00000103404	ENSG00000261090	lincConv	n.1.1	35121
ENSMUSG00000063434	ENSMUSG00000117690	lincSS.up	1.1.1	69943	ENSG00000156395	ENSG00000237761	lincSS.up	n.1.1	16495
ENSMUSG00000063458	ENSMUSG00000068680	lncgConv	1.1.1	0	ENSG00000148655	ENSG00000269256	lncgConv	1.1.1	0
ENSMUSG00000063458	ENSMUSG00000114412	lncgDivg	n.1.1	0	ENSG00000148655	ENSG00000230575	lncgDivg	1.1.1	0
ENSMUSG00000063458	ENSMUSG00000114412	lncgDivg	n.1.1	0	ENSG00000148655	ENSG00000236842	lncgDivg	1.1.1	36
ENSMUSG00000063458	ENSMUSG00000114205	lncgDivg	1.1.1	0	ENSG00000148655	ENSG00000230575	lncgDivg	1.1.1	0
ENSMUSG00000063458	ENSMUSG00000114205	lncgDivg	1.1.1	0	ENSG00000148655	ENSG00000236842	lncgDivg	1.1.1	36
ENSMUSG00000063458	ENSMUSG00000114496	lncgSS.dw	1.1.1	0	ENSG00000148655	ENSG00000268659	lncgSS.dw	1.1.1	0
ENSMUSG00000063458	ENSMUSG00000114496	lncgSS.dw	1.1.1	0	ENSG00000148655	ENSG00000228280	lncgSS.dw	1.1.1	0
ENSMUSG00000063458	ENSMUSG00000114496	lncgSS.dw	1.1.1	0	ENSG00000148655	ENSG00000286715	lncgSS.dw	1.1.1	0
ENSMUSG00000063488	ENSMUSG00000097322	lncgConv	n.n.1	0	ENSG00000196345	ENSG00000236869	lncgConv	n.n.n	0
ENSMUSG00000063632	ENSMUSG00000120751	lncgDivg	1.1.1	304	ENSG00000176887	ENSG00000230090	lncgDivg	n.1.1	1266
ENSMUSG00000063632	ENSMUSG00000120751	lncgDivg	1.1.1	304	ENSG00000176887	ENSG00000224128	lncgDivg	1.1.1	896
ENSMUSG00000063646	ENSMUSG00000097686	lncgDivg	1.1.1	0	ENSG00000152969	ENSG00000290803	lncgDivg	n.1.1	142
ENSMUSG00000063646	ENSMUSG00000097686	lncgDivg	1.1.1	0	ENSG00000152969	ENSG00000251408	lncgDivg	1.1.1	1737
ENSMUSG00000063646	ENSMUSG00000097686	lncgDivg	1.1.1	0	ENSG00000152969	ENSG00000287786	lncgDivg	1.1.1	0
ENSMUSG00000063659	ENSMUSG00000103043	lincSS.dw	1.1.1	16614	ENSG00000179456	ENSG00000286486	lincSS.dw	1.1.1	29830
ENSMUSG00000063659	ENSMUSG00000103043	lincSS.dw	1.1.1	16614	ENSG00000179456	ENSG00000237759	lincSS.dw	1.1.1	49889
ENSMUSG00000063659	ENSMUSG00000102432	lincSS.dw	n.1.1	8202	ENSG00000179456	ENSG00000286486	lincSS.dw	1.1.1	29830
ENSMUSG00000063659	ENSMUSG00000102432	lincSS.dw	n.1.1	8202	ENSG00000179456	ENSG00000237759	lincSS.dw	1.1.1	49889
ENSMUSG00000063659	ENSMUSG00000097892	lncgDivg	n.n.1	0	ENSG00000179456	ENSG00000289055	lncgDivg	1.1.1	302
ENSMUSG00000063663	ENSMUSG00000086629	lncgDivg	n.n.n	0	ENSG00000165288	ENSG00000289132	lncgDivg	n.1.1	214
ENSMUSG00000063681	ENSMUSG00000103844	lncgDivg	1.1.1	2352	ENSG00000134376	ENSG00000230260	lncgDivg	1.1.1	0
ENSMUSG00000063873	ENSMUSG00000074753	lncgDivg	1.1.1	0	ENSG00000185052	ENSG00000235996	lncgDivg	1.1.1	0
ENSMUSG00000063873	ENSMUSG00000074753	lncgDivg	1.1.1	0	ENSG00000185052	ENSG00000287430	lncgDivg	1.1.1	478
ENSMUSG00000063873	ENSMUSG00000074753	lncgDivg	1.1.1	0	ENSG00000185052	ENSG00000232675	lncgDivg	n.1.1	0
ENSMUSG00000063873	ENSMUSG00000074753	lncgDivg	1.1.1	0	ENSG00000185052	ENSG00000179447	lncgDivg	1.1.1	0
ENSMUSG00000063887	ENSMUSG00000074664	lncgDivg	n.n.1	0	ENSG00000169760	ENSG00000228213	lncgDivg	n.1.1	0
ENSMUSG00000063952	ENSMUSG00000117301	lncgDivg	1.1.1	0	ENSG00000096070	ENSG00000246982	lncgDivg	n.n.1	0
ENSMUSG00000063952	ENSMUSG00000117255	lncgDivg	1.1.1	0	ENSG00000096070	ENSG00000246982	lncgDivg	n.n.1	0
ENSMUSG00000063972	ENSMUSG00000085201	lncgDivg	n.1.1	0	ENSG00000148200	ENSG00000224020	lncgDivg	n.1.1	0
ENSMUSG00000063972	ENSMUSG00000085201	lncgDivg	n.1.1	0	ENSG00000148200	ENSG00000236643	lncgDivg	1.1.1	0
ENSMUSG00000064068	ENSMUSG00000120758	lncgDivg	1.1.1	0	ENSG00000173171	ENSG00000236263	lncgDivg	1.1.1	0
ENSMUSG00000064115	ENSMUSG00000116575	lincSS.up	1.1.1	80765	ENSG00000175161	ENSG00000287273	lincSS.up	1.1.1	11928
ENSMUSG00000064115	ENSMUSG00000116575	lincSS.up	1.1.1	80765	ENSG00000175161	ENSG00000242339	lincSS.up	n.1.1	65610
ENSMUSG00000064115	ENSMUSG00000092599	lncgDivg	1.1.1	0	ENSG00000175161	ENSG00000241648	lncgDivg	1.1.1	0
ENSMUSG00000064115	ENSMUSG00000092599	lncgDivg	1.1.1	0	ENSG00000175161	ENSG00000239519	lncgDivg	1.1.1	0
ENSMUSG00000064115	ENSMUSG00000045178	lncgDivg	n.1.1	0	ENSG00000175161	ENSG00000241648	lncgDivg	1.1.1	0
ENSMUSG00000064115	ENSMUSG00000045178	lncgDivg	n.1.1	0	ENSG00000175161	ENSG00000239519	lncgDivg	1.1.1	0
ENSMUSG00000064127	ENSMUSG00000085891	lncgDivg	n.1.1	205	ENSG00000180182	ENSG00000234636	lncgDivg	1.1.1	0
ENSMUSG00000064177	ENSMUSG00000097994	lncgConv	1.1.1	0	ENSG00000157017	ENSG00000231177	lncgConv	n.1.1	0
ENSMUSG00000064181	ENSMUSG00000112627	lncgDivg	n.1.1	0	ENSG00000127328	ENSG00000247131	lncgDivg	n.1.1	286
ENSMUSG00000064181	ENSMUSG00000120959	lncgDivg	1.1.1	0	ENSG00000127328	ENSG00000247131	lncgDivg	n.1.1	286
ENSMUSG00000064210	ENSMUSG00000115049	lncgConv	1.1.1	0	ENSG00000177119	ENSG00000257657	lncgConv	n.1.1	0
ENSMUSG00000064225	ENSMUSG00000120809	lincConv	1.1.1	9041	ENSG00000188582	ENSG00000243818	lincConv	n.1.1	13444
ENSMUSG00000064293	ENSMUSG00000085067	lncgDivg	n.1.1	45	ENSG00000144619	ENSG00000288831	lncgDivg	n.1.1	149
ENSMUSG00000064293	ENSMUSG00000085067	lncgDivg	n.1.1	45	ENSG00000144619	ENSG00000227588	lncgDivg	1.1.1	0
ENSMUSG00000064302	ENSMUSG00000107722	lncgDivg	n.1.1	0	ENSG00000074054	ENSG00000265451	lncgDivg	1.1.1	0
ENSMUSG00000064302	ENSMUSG00000120092	lncgDivg	1.1.1	138	ENSG00000074054	ENSG00000265451	lncgDivg	1.1.1	0
ENSMUSG00000065979	ENSMUSG00000055015	lncgDivg	1.1.1	0	ENSG00000103381	ENSG00000260378	lncgDivg	1.1.1	0
ENSMUSG00000065979	ENSMUSG00000055015	lncgDivg	1.1.1	0	ENSG00000103381	ENSG00000261158	lncgDivg	1.1.1	0
ENSMUSG00000066026	ENSMUSG00000120660	lncgDivg	n.1.1	509	ENSG00000162496	ENSG00000288927	lncgDivg	n.1.1	179
ENSMUSG00000066235	ENSMUSG00000111873	lncgDivg	1.1.1	0	ENSG00000144647	ENSG00000285766	lncgDivg	1.1.1	0
ENSMUSG00000066235	ENSMUSG00000111873	lncgDivg	1.1.1	0	ENSG00000144647	ENSG00000227245	lncgDivg	1.1.1	0
ENSMUSG00000066392	ENSMUSG00000113001	lincConv	1.1.1	64732	ENSG00000021645	ENSG00000258416	lincConv	1.1.1	24789
ENSMUSG00000066392	ENSMUSG00000113539	lincConv	1.1.1	58968	ENSG00000021645	ENSG00000258416	lincConv	1.1.1	24789
ENSMUSG00000066438	ENSMUSG00000044062	lncgDivg	1.1.1	125	ENSG00000175985	ENSG00000286424	lncgDivg	1.1.1	978
ENSMUSG00000066456	ENSMUSG00000098747	lincSS.up	n.1.1	93787	ENSG00000118418	ENSG00000286042	lincSS.up	n.1.1	72980
ENSMUSG00000066456	ENSMUSG00000101144	lncgDivg	n.1.1	0	ENSG00000118418	ENSG00000270362	lncgDivg	1.1.1	0
ENSMUSG00000066571	ENSMUSG00000085105	lncgConv	n.n.1	0	ENSG00000166398	ENSG00000267219	lncgConv	1.1.1	0
ENSMUSG00000066595	ENSMUSG00000097845	lncgDivg	n.1.1	0	ENSG00000162769	ENSG00000198468	lncgDivg	n.1.1	136
ENSMUSG00000066640	ENSMUSG00000121070	lncgDivg	1.1.1	0	ENSG00000155034	ENSG00000230733	lncgDivg	1.1.1	0
ENSMUSG00000066797	ENSMUSG00000100627	lincDivg	n.1.1	83236	ENSG00000179930	ENSG00000225982	lincDivg	1.1.1	24839
ENSMUSG00000066797	ENSMUSG00000100627	lincDivg	n.1.1	83236	ENSG00000179930	ENSG00000289573	lincDivg	1.1.1	87991
ENSMUSG00000066797	ENSMUSG00000100221	lincSS.dw	n.1.1	50000	ENSG00000179930	ENSG00000287452	lincSS.dw	1.1.1	55585
ENSMUSG00000066842	ENSMUSG00000093650	lncgDivg	n.n.1	0	ENSG00000143341	ENSG00000224691	lncgDivg	1.1.1	0
ENSMUSG00000066894	ENSMUSG00000097163	lncgDivg	1.1.1	3438	ENSG00000176834	ENSG00000274859	lncgDivg	1.1.1	0
ENSMUSG00000066894	ENSMUSG00000072688	lncgDivg	n.1.1	0	ENSG00000176834	ENSG00000274859	lncgDivg	1.1.1	0
ENSMUSG00000066900	ENSMUSG00000086047	lncgDivg	1.1.1	0	ENSG00000111707	ENSG00000270482	lncgDivg	1.1.1	280
ENSMUSG00000066975	ENSMUSG00000104538	lincConv	1.1.1	81249	ENSG00000196431	ENSG00000206028	lincConv	1.1.1	37024
ENSMUSG00000066975	ENSMUSG00000097986	lincConv	n.1.1	12773	ENSG00000196431	ENSG00000206028	lincConv	1.1.1	37024
ENSMUSG00000066975	ENSMUSG00000101683	lincConv	n.1.1	36489	ENSG00000196431	ENSG00000206028	lincConv	1.1.1	37024
ENSMUSG00000066975	ENSMUSG00000097767	lincSS.dw	n.1.1	17098	ENSG00000196431	ENSG00000225783	lincSS.dw	n.1.1	15742
ENSMUSG00000066975	ENSMUSG00000097767	lincSS.dw	n.1.1	17098	ENSG00000196431	ENSG00000244625	lincSS.dw	n.1.1	42078
ENSMUSG00000067071	ENSMUSG00000100253	lincSS.dw	1.1.1	5454	ENSG00000144485	ENSG00000186235	lincSS.dw	n.1.1	6556
ENSMUSG00000067261	ENSMUSG00000087332	lincSS.up	1.1.1	82579	ENSG00000187140	ENSG00000228734	lincSS.up	1.1.1	70796
ENSMUSG00000067261	ENSMUSG00000086096	lncgDivg	n.1.1	1153	ENSG00000187140	ENSG00000230798	lncgDivg	n.n.1	0
ENSMUSG00000067336	ENSMUSG00000119961	lncgDivg	1.1.1	1	ENSG00000204217	ENSG00000273456	lncgDivg	1.1.1	185
ENSMUSG00000067780	ENSMUSG00000100053	lncgConv	1.1.1	0	ENSG00000137558	ENSG00000253706	lncgConv	n.n.1	0
ENSMUSG00000068205	ENSMUSG00000074763	lncgDivg	n.1.1	0	ENSG00000172264	ENSG00000225181	lncgDivg	1.1.1	0
ENSMUSG00000068205	ENSMUSG00000074763	lncgDivg	n.1.1	0	ENSG00000172264	ENSG00000287062	lncgDivg	1.1.1	0
ENSMUSG00000068205	ENSMUSG00000074763	lncgDivg	n.1.1	0	ENSG00000172264	ENSG00000235914	lncgDivg	n.n.1	0
ENSMUSG00000068205	ENSMUSG00000074763	lncgDivg	n.1.1	0	ENSG00000172264	ENSG00000286546	lncgDivg	1.1.1	0
ENSMUSG00000068205	ENSMUSG00000074763	lncgDivg	n.1.1	0	ENSG00000172264	ENSG00000237832	lncgDivg	1.1.1	0
ENSMUSG00000068205	ENSMUSG00000086450	lncgDivg	1.1.1	0	ENSG00000172264	ENSG00000225181	lncgDivg	1.1.1	0
ENSMUSG00000068205	ENSMUSG00000086450	lncgDivg	1.1.1	0	ENSG00000172264	ENSG00000287062	lncgDivg	1.1.1	0
ENSMUSG00000068205	ENSMUSG00000086450	lncgDivg	1.1.1	0	ENSG00000172264	ENSG00000235914	lncgDivg	n.n.1	0
ENSMUSG00000068205	ENSMUSG00000086450	lncgDivg	1.1.1	0	ENSG00000172264	ENSG00000286546	lncgDivg	1.1.1	0
ENSMUSG00000068205	ENSMUSG00000086450	lncgDivg	1.1.1	0	ENSG00000172264	ENSG00000237832	lncgDivg	1.1.1	0
ENSMUSG00000068663	ENSMUSG00000087384	lncgDivg	1.1.1	0	ENSG00000038532	ENSG00000287121	lncgDivg	1.1.1	0
ENSMUSG00000068663	ENSMUSG00000087384	lncgDivg	1.1.1	0	ENSG00000038532	ENSG00000262020	lncgDivg	1.1.1	0
ENSMUSG00000068735	ENSMUSG00000121187	lincDivg	1.1.1	24598	ENSG00000175274	ENSG00000254654	lincDivg	n.1.1	22464
ENSMUSG00000068922	ENSMUSG00000120722	lncgDivg	1.1.1	19	ENSG00000125459	ENSG00000232519	lncgDivg	1.1.1	0
ENSMUSG00000069020	ENSMUSG00000120522	lncgConv	n.n.1	0	ENSG00000167118	ENSG00000207955	lncgConv	1.1.1	0
ENSMUSG00000069094	ENSMUSG00000087108	lncgDivg	1.1.1	0	ENSG00000205268	ENSG00000272192	lncgDivg	1.1.1	0
ENSMUSG00000069170	ENSMUSG00000097098	lncgConv	n.n.1	0	ENSG00000164199	ENSG00000248323	lncgConv	n.n.n	0
ENSMUSG00000069171	ENSMUSG00000087143	lncgDivg	n.n.1	0	ENSG00000175745	ENSG00000237187	lncgDivg	n.n.1	0
ENSMUSG00000069255	ENSMUSG00000086263	lincSS.up	1.1.1	35740	ENSG00000112679	ENSG00000205653	lincSS.up	n.1.1	85238
ENSMUSG00000069662	ENSMUSG00000120261	lncgSS.up	1.1.1	361	ENSG00000277443	ENSG00000289198	lncgSS.up	1.1.1	466
ENSMUSG00000069729	ENSMUSG00000121103	lncgDivg	n.1.1	0	ENSG00000049618	ENSG00000270487	lncgDivg	1.1.1	0
ENSMUSG00000069729	ENSMUSG00000121103	lncgDivg	n.1.1	0	ENSG00000049618	ENSG00000271265	lncgDivg	1.1.1	1358
ENSMUSG00000069729	ENSMUSG00000121103	lncgDivg	n.1.1	0	ENSG00000049618	ENSG00000271551	lncgDivg	1.1.1	0
ENSMUSG00000069729	ENSMUSG00000121103	lncgDivg	n.1.1	0	ENSG00000049618	ENSG00000233044	lncgDivg	1.1.1	0
ENSMUSG00000069729	ENSMUSG00000121180	lncgSS.dw	1.1.1	0	ENSG00000049618	ENSG00000288910	lncgSS.dw	1.1.1	0
ENSMUSG00000069769	ENSMUSG00000085246	lncgDivg	n.1.1	0	ENSG00000153944	ENSG00000286732	lncgDivg	1.1.1	0
ENSMUSG00000069769	ENSMUSG00000085246	lncgDivg	n.1.1	0	ENSG00000153944	ENSG00000266100	lncgDivg	1.1.1	0
ENSMUSG00000069769	ENSMUSG00000085246	lncgDivg	n.1.1	0	ENSG00000153944	ENSG00000263499	lncgDivg	1.1.1	0
ENSMUSG00000069769	ENSMUSG00000087574	lncgDivg	n.1.1	132	ENSG00000153944	ENSG00000286732	lncgDivg	1.1.1	0
ENSMUSG00000069769	ENSMUSG00000087574	lncgDivg	n.1.1	132	ENSG00000153944	ENSG00000266100	lncgDivg	1.1.1	0
ENSMUSG00000069769	ENSMUSG00000087574	lncgDivg	n.1.1	132	ENSG00000153944	ENSG00000263499	lncgDivg	1.1.1	0
ENSMUSG00000070047	ENSMUSG00000097491	lncgDivg	1.1.1	0	ENSG00000083857	ENSG00000287169	lncgDivg	1.1.1	0
ENSMUSG00000070047	ENSMUSG00000110409	lncgDivg	1.1.1	232	ENSG00000083857	ENSG00000287169	lncgDivg	1.1.1	0
ENSMUSG00000070327	ENSMUSG00000109408	lncgConv	n.n.n	0	ENSG00000173821	ENSG00000263069	lncgConv	n.n.n	0
ENSMUSG00000070509	ENSMUSG00000108530	lincSS.up	n.1.1	60316	ENSG00000182175	ENSG00000285663	lincSS.up	1.1.1	88058
ENSMUSG00000070509	ENSMUSG00000097756	lncgDivg	n.1.1	0	ENSG00000182175	ENSG00000288991	lncgDivg	n.1.1	196
ENSMUSG00000070576	ENSMUSG00000120047	lincSS.dw	n.1.1	33898	ENSG00000169184	ENSG00000289489	lincSS.dw	1.1.1	78956
ENSMUSG00000070576	ENSMUSG00000120047	lincSS.dw	n.1.1	33898	ENSG00000169184	ENSG00000227838	lincSS.dw	1.1.1	33307
ENSMUSG00000070691	ENSMUSG00000084986	lncgDivg	1.1.1	0	ENSG00000020633	ENSG00000229162	lncgDivg	1.1.1	0
ENSMUSG00000070691	ENSMUSG00000086884	lncgDivg	1.1.1	205	ENSG00000020633	ENSG00000229162	lncgDivg	1.1.1	0
ENSMUSG00000070738	ENSMUSG00000101942	lncgDivg	1.1.1	0	ENSG00000077044	ENSG00000259793	lncgDivg	1.1.1	1078
ENSMUSG00000070780	ENSMUSG00000097092	lncgDivg	1.1.1	0	ENSG00000163694	ENSG00000250893	lncgDivg	1.1.1	0
ENSMUSG00000070808	ENSMUSG00000109984	lncgDivg	1.1.1	0	ENSG00000063169	ENSG00000277383	lncgDivg	1.1.1	0
ENSMUSG00000070808	ENSMUSG00000109984	lncgDivg	1.1.1	0	ENSG00000063169	ENSG00000269806	lncgDivg	1.1.1	0
ENSMUSG00000070808	ENSMUSG00000120250	lncgDivg	1.1.1	444	ENSG00000063169	ENSG00000277383	lncgDivg	1.1.1	0
ENSMUSG00000070808	ENSMUSG00000120250	lncgDivg	1.1.1	444	ENSG00000063169	ENSG00000269806	lncgDivg	1.1.1	0
ENSMUSG00000070867	ENSMUSG00000100998	lincConv	1.1.1	57599	ENSG00000269113	ENSG00000227947	lincConv	1.1.1	56499
ENSMUSG00000070871	ENSMUSG00000087213	lncgDivg	n.1.1	0	ENSG00000163249	ENSG00000272851	lncgDivg	1.1.1	0
ENSMUSG00000070880	ENSMUSG00000087264	lncgDivg	n.n.n	0	ENSG00000128683	ENSG00000286611	lncgDivg	1.1.1	0
ENSMUSG00000070880	ENSMUSG00000087264	lncgDivg	n.n.n	0	ENSG00000128683	ENSG00000235934	lncgDivg	n.1.1	0
ENSMUSG00000070939	ENSMUSG00000041878	lncgDivg	1.1.1	0	ENSG00000135966	ENSG00000235319	lncgDivg	1.1.1	0
ENSMUSG00000070939	ENSMUSG00000100269	lncgDivg	1.1.1	0	ENSG00000135966	ENSG00000235319	lncgDivg	1.1.1	0
ENSMUSG00000070990	ENSMUSG00000087383	lncgDivg	n.n.1	0	ENSG00000178919	ENSG00000236130	lncgDivg	n.n.n	146
ENSMUSG00000071324	ENSMUSG00000120201	lincSS.up	n.1.1	13766	ENSG00000118690	ENSG00000286511	lincSS.up	n.1.1	11303
ENSMUSG00000071324	ENSMUSG00000111103	lncgDivg	1.1.1	0	ENSG00000118690	ENSG00000230290	lncgDivg	1.1.1	0
ENSMUSG00000071424	ENSMUSG00000107864	lncgDivg	1.1.1	0	ENSG00000152208	ENSG00000248627	lncgDivg	1.1.1	0
ENSMUSG00000071424	ENSMUSG00000107864	lncgDivg	1.1.1	0	ENSG00000152208	ENSG00000250908	lncgDivg	1.1.1	0
ENSMUSG00000071424	ENSMUSG00000107864	lncgDivg	1.1.1	0	ENSG00000152208	ENSG00000248511	lncgDivg	1.1.1	0
ENSMUSG00000071424	ENSMUSG00000108242	lncgDivg	n.n.1	0	ENSG00000152208	ENSG00000248627	lncgDivg	1.1.1	0
ENSMUSG00000071424	ENSMUSG00000108242	lncgDivg	n.n.1	0	ENSG00000152208	ENSG00000250908	lncgDivg	1.1.1	0
ENSMUSG00000071424	ENSMUSG00000108242	lncgDivg	n.n.1	0	ENSG00000152208	ENSG00000248511	lncgDivg	1.1.1	0
ENSMUSG00000071424	ENSMUSG00000107525	lncgDivg	1.1.1	0	ENSG00000152208	ENSG00000248627	lncgDivg	1.1.1	0
ENSMUSG00000071424	ENSMUSG00000107525	lncgDivg	1.1.1	0	ENSG00000152208	ENSG00000250908	lncgDivg	1.1.1	0
ENSMUSG00000071424	ENSMUSG00000107525	lncgDivg	1.1.1	0	ENSG00000152208	ENSG00000248511	lncgDivg	1.1.1	0
ENSMUSG00000071540	ENSMUSG00000101086	lncgDivg	n.1.1	1265	ENSG00000177354	ENSG00000236208	lncgDivg	n.1.1	152
ENSMUSG00000071573	ENSMUSG00000120362	lncgDivg	1.1.1	0	ENSG00000184719	ENSG00000289952	lncgDivg	1.1.1	0
ENSMUSG00000071647	ENSMUSG00000114220	lncgDivg	1.1.1	0	ENSG00000149499	ENSG00000254964	lncgDivg	1.1.1	0
ENSMUSG00000071669	ENSMUSG00000085732	lncgDivg	1.1.1	0	ENSG00000048471	ENSG00000261293	lncgDivg	1.1.1	0
ENSMUSG00000071669	ENSMUSG00000085732	lncgDivg	1.1.1	0	ENSG00000048471	ENSG00000259876	lncgDivg	1.1.1	0
ENSMUSG00000071669	ENSMUSG00000085732	lncgDivg	1.1.1	0	ENSG00000048471	ENSG00000261394	lncgDivg	1.1.1	0
ENSMUSG00000071669	ENSMUSG00000085732	lncgDivg	1.1.1	0	ENSG00000048471	ENSG00000175604	lncgDivg	1.1.1	0
ENSMUSG00000071669	ENSMUSG00000085732	lncgDivg	1.1.1	0	ENSG00000048471	ENSG00000260488	lncgDivg	1.1.1	0
ENSMUSG00000071757	ENSMUSG00000047807	lncgDivg	1.1.1	0	ENSG00000178764	ENSG00000272384	lncgDivg	1.1.1	64
ENSMUSG00000071757	ENSMUSG00000090002	lncgDivg	1.1.1	0	ENSG00000178764	ENSG00000272384	lncgDivg	1.1.1	64
ENSMUSG00000071855	ENSMUSG00000118002	lincSS.up	n.n.n	45944	ENSG00000164221	ENSG00000289497	lincSS.up	n.1.1	67504
ENSMUSG00000071984	ENSMUSG00000116955	lincConv	1.1.1	78331	ENSG00000164694	ENSG00000231178	lincConv	n.1.1	81814
ENSMUSG00000072568	ENSMUSG00000121298	lincConv	1.1.1	72459	ENSG00000168672	ENSG00000253220	lincConv	n.1.1	52003
ENSMUSG00000072568	ENSMUSG00000121298	lincConv	1.1.1	72459	ENSG00000168672	ENSG00000253427	lincConv	1.1.1	59847
ENSMUSG00000072568	ENSMUSG00000121298	lincConv	1.1.1	72459	ENSG00000168672	ENSG00000253530	lincConv	n.1.1	30083
ENSMUSG00000072720	ENSMUSG00000098230	lncgDivg	n.1.1	0	ENSG00000133454	ENSG00000278960	lncgDivg	1.1.1	0
ENSMUSG00000072720	ENSMUSG00000098230	lncgDivg	n.1.1	0	ENSG00000133454	ENSG00000231933	lncgDivg	n.n.1	0
ENSMUSG00000072720	ENSMUSG00000098230	lncgDivg	n.1.1	0	ENSG00000133454	ENSG00000232464	lncgDivg	1.1.1	0
ENSMUSG00000073207	ENSMUSG00000086173	lincDivg	n.1.1	46240	ENSG00000203952	ENSG00000283638	lincDivg	1.1.1	62958
ENSMUSG00000073856	ENSMUSG00000109517	lncgDivg	1.1.1	0	ENSG00000174628	ENSG00000261195	lncgDivg	n.n.1	0
ENSMUSG00000073910	ENSMUSG00000086792	lncgDivg	1.1.1	0	ENSG00000120162	ENSG00000285103	lncgDivg	n.1.n	0
ENSMUSG00000073910	ENSMUSG00000086792	lncgDivg	1.1.1	0	ENSG00000120162	ENSG00000237734	lncgDivg	1.1.1	0
ENSMUSG00000073991	ENSMUSG00000087402	lncgConv	1.1.1	0	ENSG00000176571	ENSG00000253500	lncgConv	n.1.1	0
ENSMUSG00000074151	ENSMUSG00000097194	lncgDivg	n.n.1	0	ENSG00000140853	ENSG00000260145	lncgDivg	1.1.1	0
ENSMUSG00000074238	ENSMUSG00000105447	lncgDivg	1.1.1	0	ENSG00000138660	ENSG00000260526	lncgDivg	1.1.1	144
ENSMUSG00000074405	ENSMUSG00000120872	lncgDivg	1.1.1	0	ENSG00000261221	ENSG00000276488	lncgDivg	1.1.1	0
ENSMUSG00000074577	ENSMUSG00000086411	lncgDivg	1.1.1	0	ENSG00000042062	ENSG00000234693	lncgDivg	n.1.1	0
ENSMUSG00000074637	ENSMUSG00000106525	lincDivg	1.1.1	78203	ENSG00000181449	ENSG00000239381	lincDivg	n.1.1	11314
ENSMUSG00000074637	ENSMUSG00000105222	lincDivg	1.1.1	48157	ENSG00000181449	ENSG00000239381	lincDivg	n.1.1	11314
ENSMUSG00000074637	ENSMUSG00000105265	lncgSS.up	n.n.n	0	ENSG00000181449	ENSG00000242808	lncgSS.up	n.n.n	0
ENSMUSG00000074736	ENSMUSG00000074737	lncgDivg	n.1.1	0	ENSG00000101463	ENSG00000228539	lncgDivg	1.1.1	0
ENSMUSG00000074746	ENSMUSG00000110210	lincDivg	1.1.1	44004	ENSG00000165650	ENSG00000258114	lincDivg	1.1.1	49754
ENSMUSG00000074749	ENSMUSG00000087618	lincDivg	1.1.1	16132	ENSG00000088970	ENSG00000225127	lincDivg	n.1.1	19469
ENSMUSG00000074749	ENSMUSG00000120393	lincSS.up	n.1.1	18289	ENSG00000088970	ENSG00000283405	lincSS.up	n.1.1	33444
ENSMUSG00000074749	ENSMUSG00000120392	lincSS.up	1.1.1	15687	ENSG00000088970	ENSG00000283405	lincSS.up	n.1.1	33444
ENSMUSG00000074794	ENSMUSG00000097146	lincConv	1.1.1	61623	ENSG00000113369	ENSG00000241059	lincConv	1.1.1	12605
ENSMUSG00000074794	ENSMUSG00000097146	lincConv	1.1.1	61623	ENSG00000113369	ENSG00000286638	lincConv	1.1.1	85918
ENSMUSG00000074794	ENSMUSG00000114554	lincSS.dw	n.1.1	44369	ENSG00000113369	ENSG00000234292	lincSS.dw	1.1.1	87489
ENSMUSG00000074794	ENSMUSG00000114479	lincSS.dw	1.1.1	83428	ENSG00000113369	ENSG00000234292	lincSS.dw	1.1.1	87489
ENSMUSG00000074794	ENSMUSG00000089827	lncgDivg	1.1.1	0	ENSG00000113369	ENSG00000281357	lncgDivg	n.n.1	0
ENSMUSG00000075000	ENSMUSG00000112314	lincDivg	1.1.1	12101	ENSG00000148572	ENSG00000224301	lincDivg	1.1.1	7660
ENSMUSG00000075028	ENSMUSG00000087559	lincSS.up	1.1.1	39775	ENSG00000019485	ENSG00000287984	lincSS.up	1.1.1	51753
ENSMUSG00000075227	ENSMUSG00000120982	lncgDivg	1.1.1	0	ENSG00000174276	ENSG00000255173	lncgDivg	1.1.1	0
ENSMUSG00000075284	ENSMUSG00000086069	lncgDivg	1.1.1	0	ENSG00000115935	ENSG00000237798	lncgDivg	1.1.1	0
ENSMUSG00000075415	ENSMUSG00000121206	lncgDivg	1.1.1	0	ENSG00000187239	ENSG00000230684	lncgDivg	1.1.1	0
ENSMUSG00000075415	ENSMUSG00000121206	lncgDivg	1.1.1	0	ENSG00000187239	ENSG00000270755	lncgDivg	1.1.1	1524
ENSMUSG00000075595	ENSMUSG00000045075	lincDivg	n.1.1	13530	ENSG00000198740	ENSG00000250948	lincDivg	1.1.1	12907
ENSMUSG00000075595	ENSMUSG00000086191	lncgDivg	n.1.1	0	ENSG00000198740	ENSG00000248714	lncgDivg	n.n.1	0
ENSMUSG00000075707	ENSMUSG00000113733	lincDivg	1.1.1	91007	ENSG00000197406	ENSG00000258498	lincDivg	n.n.1	0
ENSMUSG00000075707	ENSMUSG00000113193	lincDivg	1.1.1	42706	ENSG00000197406	ENSG00000258498	lincDivg	n.n.1	0
ENSMUSG00000076431	ENSMUSG00000086363	lincDivg	n.1.1	60545	ENSG00000124766	ENSG00000280989	lincDivg	n.1.1	72337
ENSMUSG00000076431	ENSMUSG00000086363	lincDivg	n.1.1	60545	ENSG00000124766	ENSG00000231754	lincDivg	n.1.1	69906
ENSMUSG00000077450	ENSMUSG00000090952	lncgDivg	n.1.1	0	ENSG00000185236	ENSG00000269386	lncgDivg	n.n.n	0
ENSMUSG00000078161	ENSMUSG00000092522	lncgDivg	1.1.1	0	ENSG00000178965	ENSG00000234497	lncgDivg	n.n.1	0
ENSMUSG00000078429	ENSMUSG00000120399	lncgDivg	1.1.1	274	ENSG00000175215	ENSG00000257953	lncgDivg	1.1.1	0
ENSMUSG00000078566	ENSMUSG00000109881	lncgDivg	1.1.1	0	ENSG00000176171	ENSG00000273521	lncgDivg	1.1.1	0
ENSMUSG00000078566	ENSMUSG00000109881	lncgDivg	1.1.1	0	ENSG00000176171	ENSG00000277959	lncgDivg	1.1.1	0
ENSMUSG00000078578	ENSMUSG00000097032	lncgDivg	n.n.1	0	ENSG00000109332	ENSG00000286242	lncgDivg	1.1.1	0
ENSMUSG00000078578	ENSMUSG00000097032	lncgDivg	n.n.1	0	ENSG00000109332	ENSG00000246560	lncgDivg	n.n.1	0
ENSMUSG00000078584	ENSMUSG00000085626	lncgDivg	1.1.1	0	ENSG00000164008	ENSG00000228452	lncgDivg	1.1.1	0
ENSMUSG00000078591	ENSMUSG00000085899	lncgSS.dw	1.1.1	0	ENSG00000182601	ENSG00000285882	lncgSS.dw	1.1.1	0
ENSMUSG00000078627	ENSMUSG00000086487	lncgDivg	1.1.1	0	ENSG00000173838	ENSG00000265000	lncgDivg	1.1.1	156
ENSMUSG00000078627	ENSMUSG00000086487	lncgDivg	1.1.1	0	ENSG00000173838	ENSG00000287457	lncgDivg	1.1.1	0
ENSMUSG00000078627	ENSMUSG00000086089	lncgDivg	1.1.1	0	ENSG00000173838	ENSG00000265000	lncgDivg	1.1.1	156
ENSMUSG00000078627	ENSMUSG00000086089	lncgDivg	1.1.1	0	ENSG00000173838	ENSG00000287457	lncgDivg	1.1.1	0
ENSMUSG00000078670	ENSMUSG00000108448	lincSS.dw	1.1.1	39627	ENSG00000185442	ENSG00000258647	lincSS.dw	n.1.1	42919
ENSMUSG00000078670	ENSMUSG00000108448	lincSS.dw	1.1.1	39627	ENSG00000185442	ENSG00000260337	lincSS.dw	n.1.1	20986
ENSMUSG00000078670	ENSMUSG00000074067	lncgConv	n.1.1	31303	ENSG00000185442	ENSG00000271763	lncgConv	1.1.1	0
ENSMUSG00000078671	ENSMUSG00000108563	lncgDivg	1.1.1	0	ENSG00000173575	ENSG00000288872	lncgDivg	1.1.1	3863
ENSMUSG00000078671	ENSMUSG00000101970	lncgSS.up	n.n.1	0	ENSG00000173575	ENSG00000272888	lncgSS.up	n.n.n	0
ENSMUSG00000078923	ENSMUSG00000120668	lincSS.dw	1.1.1	18195	ENSG00000244687	ENSG00000231265	lincSS.dw	1.1.1	39620
ENSMUSG00000078949	ENSMUSG00000046840	lncgConv	n.1.n	0	ENSG00000101074	ENSG00000226812	lncgConv	n.1.1	0
ENSMUSG00000079020	ENSMUSG00000099958	lncgDivg	n.1.1	112	ENSG00000022567	ENSG00000254197	lncgDivg	1.1.1	0
ENSMUSG00000079020	ENSMUSG00000099958	lncgDivg	n.1.1	112	ENSG00000022567	ENSG00000254019	lncgDivg	1.1.1	0
ENSMUSG00000079055	ENSMUSG00000098128	lncgDivg	1.1.1	0	ENSG00000100678	ENSG00000258422	lncgDivg	n.n.1	0
ENSMUSG00000079235	ENSMUSG00000092042	lncgDivg	1.1.1	0	ENSG00000244607	ENSG00000287417	lncgDivg	1.1.1	0
ENSMUSG00000079235	ENSMUSG00000092042	lncgDivg	1.1.1	0	ENSG00000244607	ENSG00000225611	lncgDivg	1.1.1	0
ENSMUSG00000079277	ENSMUSG00000075277	lncgConv	n.n.n	0	ENSG00000128652	ENSG00000224189	lncgConv	n.n.n	0
ENSMUSG00000079277	ENSMUSG00000052371	lncgDivg	n.n.1	0	ENSG00000128652	ENSG00000272729	lncgDivg	1.1.1	0
ENSMUSG00000079277	ENSMUSG00000052371	lncgDivg	n.n.1	0	ENSG00000128652	ENSG00000237380	lncgDivg	n.1.n	0
ENSMUSG00000079277	ENSMUSG00000085015	lncgSS.dw	1.1.1	4242	ENSG00000128652	ENSG00000226363	lncgSS.dw	1.1.1	4615
ENSMUSG00000079550	ENSMUSG00000097573	lncgConv	n.1.1	0	ENSG00000082126	ENSG00000287133	lncgConv	1.1.1	0
ENSMUSG00000079559	ENSMUSG00000044694	lncgDivg	n.n.1	0	ENSG00000214290	ENSG00000196167	lncgDivg	n.1.1	0
ENSMUSG00000079560	ENSMUSG00000087626	lncgDivg	1.1.1	0	ENSG00000105997	ENSG00000253552	lncgDivg	n.n.n	0
ENSMUSG00000079560	ENSMUSG00000087626	lncgDivg	1.1.1	0	ENSG00000105997	ENSG00000254369	lncgDivg	n.n.n	0
ENSMUSG00000079605	ENSMUSG00000118007	lncgDivg	1.1.1	0	ENSG00000213588	ENSG00000274259	lncgDivg	n.n.n	0
ENSMUSG00000079614	ENSMUSG00000118134	lncgConv	n.n.1	0	ENSG00000085415	ENSG00000266969	lncgConv	1.1.1	0
ENSMUSG00000081683	ENSMUSG00000072591	lncgDivg	n.1.1	102	ENSG00000111432	ENSG00000250208	lncgDivg	n.1.1	203
ENSMUSG00000085795	ENSMUSG00000100335	lincDivg	n.1.1	92945	ENSG00000183779	ENSG00000253344	lincDivg	1.1.1	21395
ENSMUSG00000085795	ENSMUSG00000100335	lincDivg	n.1.1	92945	ENSG00000183779	ENSG00000254306	lincDivg	1.1.1	69909
ENSMUSG00000085795	ENSMUSG00000100335	lincDivg	n.1.1	92945	ENSG00000183779	ENSG00000254290	lincDivg	n.1.1	95924
ENSMUSG00000087370	ENSMUSG00000054258	lincSS.dw	n.1.1	14342	ENSG00000205269	ENSG00000271897	lincSS.dw	1.1.1	24028
ENSMUSG00000087376	ENSMUSG00000101166	lncgSS.up	n.n.1	0	ENSG00000261341	ENSG00000268375	lncgSS.up	1.1.1	0
ENSMUSG00000087679	ENSMUSG00000087595	lncgDivg	1.1.1	0	ENSG00000238227	ENSG00000275329	lncgDivg	1.1.1	3646
ENSMUSG00000089704	ENSMUSG00000089820	lncgDivg	1.1.1	0	ENSG00000143641	ENSG00000224407	lncgDivg	1.1.1	0
ENSMUSG00000089704	ENSMUSG00000089820	lncgDivg	1.1.1	0	ENSG00000143641	ENSG00000227006	lncgDivg	1.1.1	0
ENSMUSG00000089704	ENSMUSG00000089745	lncgDivg	1.1.1	0	ENSG00000143641	ENSG00000224407	lncgDivg	1.1.1	0
ENSMUSG00000089704	ENSMUSG00000089745	lncgDivg	1.1.1	0	ENSG00000143641	ENSG00000227006	lncgDivg	1.1.1	0
ENSMUSG00000089715	ENSMUSG00000115971	lincDivg	1.1.1	8475	ENSG00000183741	ENSG00000288106	lincDivg	1.1.1	14588
ENSMUSG00000089862	ENSMUSG00000089890	lncgDivg	1.1.1	0	ENSG00000219545	ENSG00000234141	lncgDivg	1.1.1	0
ENSMUSG00000089862	ENSMUSG00000090151	lncgDivg	1.1.1	0	ENSG00000219545	ENSG00000234141	lncgDivg	1.1.1	0
ENSMUSG00000090125	ENSMUSG00000073759	lincSS.up	1.1.1	82162	ENSG00000185668	ENSG00000284623	lincSS.up	1.1.1	82671
ENSMUSG00000090125	ENSMUSG00000098760	lncgDivg	1.1.1	0	ENSG00000185668	ENSG00000224592	lncgDivg	n.1.1	521
ENSMUSG00000090667	ENSMUSG00000107902	lncgConv	1.1.1	0	ENSG00000242120	ENSG00000240405	lncgConv	n.n.n	0
ENSMUSG00000090946	ENSMUSG00000112865	lincConv	1.1.1	7825	ENSG00000253276	ENSG00000286013	lincConv	1.1.1	25664
ENSMUSG00000091636	ENSMUSG00000073374	lincSS.up	n.1.1	17694	ENSG00000231824	ENSG00000265091	lincSS.up	n.1.1	35373
ENSMUSG00000091636	ENSMUSG00000073374	lincSS.up	n.1.1	17694	ENSG00000231824	ENSG00000264575	lincSS.up	1.1.1	39221
ENSMUSG00000091636	ENSMUSG00000096988	lncgDivg	1.1.1	22	ENSG00000231824	ENSG00000266153	lncgDivg	1.1.1	0
ENSMUSG00000091636	ENSMUSG00000096988	lncgDivg	1.1.1	22	ENSG00000231824	ENSG00000285575	lncgDivg	1.1.1	0
ENSMUSG00000091636	ENSMUSG00000117053	lncgDivg	1.1.1	0	ENSG00000231824	ENSG00000266153	lncgDivg	1.1.1	0
ENSMUSG00000091636	ENSMUSG00000117053	lncgDivg	1.1.1	0	ENSG00000231824	ENSG00000285575	lncgDivg	1.1.1	0
ENSMUSG00000092060	ENSMUSG00000097840	lncgDivg	1.1.1	0	ENSG00000188848	ENSG00000285454	lncgDivg	1.1.1	0
ENSMUSG00000093904	ENSMUSG00000110697	lincSS.dw	n.1.1	22452	ENSG00000173726	ENSG00000280587	lincSS.dw	n.1.1	35121
ENSMUSG00000093930	ENSMUSG00000114934	lncgDivg	1.1.1	0	ENSG00000112972	ENSG00000261604	lncgDivg	n.1.1	0
ENSMUSG00000094483	ENSMUSG00000086839	lncgDivg	n.1.1	0	ENSG00000146676	ENSG00000272768	lncgDivg	1.1.1	0
ENSMUSG00000095139	ENSMUSG00000107859	lncgDivg	1.1.1	2182	ENSG00000184486	ENSG00000283010	lncgDivg	1.1.1	2066
ENSMUSG00000095139	ENSMUSG00000120708	lncgDivg	1.1.1	0	ENSG00000184486	ENSG00000283010	lncgDivg	1.1.1	2066
ENSMUSG00000095407	ENSMUSG00000117004	lncgDivg	1.1.1	0	ENSG00000206432	ENSG00000266846	lncgDivg	n.n.n	0
ENSMUSG00000095407	ENSMUSG00000117004	lncgDivg	1.1.1	0	ENSG00000206432	ENSG00000264449	lncgDivg	n.n.1	0
ENSMUSG00000096014	ENSMUSG00000109921	lincConv	n.1.1	61293	ENSG00000182968	ENSG00000229520	lincConv	1.1.1	33651
ENSMUSG00000096014	ENSMUSG00000120658	lincSS.dw	1.1.1	57099	ENSG00000182968	ENSG00000260385	lincSS.dw	1.1.1	11843
ENSMUSG00000096014	ENSMUSG00000047935	lncgSS.up	n.1.1	0	ENSG00000182968	ENSG00000224243	lncgSS.up	n.n.1	0
ENSMUSG00000096054	ENSMUSG00000096553	lncgDivg	n.1.1	0	ENSG00000131018	ENSG00000234577	lncgDivg	1.1.1	0
ENSMUSG00000096054	ENSMUSG00000096553	lncgDivg	n.1.1	0	ENSG00000131018	ENSG00000233464	lncgDivg	1.1.1	0
ENSMUSG00000096054	ENSMUSG00000096553	lncgDivg	n.1.1	0	ENSG00000131018	ENSG00000226193	lncgDivg	1.1.1	0
ENSMUSG00000096225	ENSMUSG00000093738	lncgDivg	n.1.1	1338	ENSG00000162624	ENSG00000261213	lncgDivg	1.1.1	4507
ENSMUSG00000096225	ENSMUSG00000093738	lncgDivg	n.1.1	1338	ENSG00000162624	ENSG00000224127	lncgDivg	1.1.1	0
ENSMUSG00000096225	ENSMUSG00000093738	lncgDivg	n.1.1	1338	ENSG00000162624	ENSG00000224149	lncgDivg	1.1.1	0
ENSMUSG00000096351	ENSMUSG00000111895	lncgDivg	1.1.1	0	ENSG00000187634	ENSG00000223764	lncgDivg	n.1.1	2907
ENSMUSG00000096753	ENSMUSG00000100789	lncgDivg	n.1.1	0	ENSG00000140067	ENSG00000258584	lncgDivg	n.n.1	0
ENSMUSG00000097084	ENSMUSG00000097097	lincConv	n.1.1	68070	ENSG00000176678	ENSG00000260387	lincConv	1.1.1	52850
ENSMUSG00000102692	ENSMUSG00000074517	lncgDivg	1.1.1	0	ENSG00000197410	ENSG00000278981	lncgDivg	1.1.1	0
ENSMUSG00000102692	ENSMUSG00000074517	lncgDivg	1.1.1	0	ENSG00000197410	ENSG00000280005	lncgDivg	1.1.1	0
ENSMUSG00000103442	ENSMUSG00000103386	lncgDivg	1.1.1	0	ENSG00000204970	ENSG00000279726	lncgDivg	n.n.1	0
ENSMUSG00000103476	ENSMUSG00000104336	lincConv	1.1.1	23215	ENSG00000240045	ENSG00000241336	lincConv	n.1.1	31461
ENSMUSG00000105867	ENSMUSG00000072769	lncgDivg	n.n.1	0	ENSG00000273238	ENSG00000283183	lncgDivg	n.1.1	1164
ENSMUSG00000106379	ENSMUSG00000104866	lncgDivg	1.1.1	0	ENSG00000187416	ENSG00000226869	lncgDivg	n.1.1	0
ENSMUSG00000106379	ENSMUSG00000105076	lncgDivg	n.n.1	0	ENSG00000187416	ENSG00000226869	lncgDivg	n.1.1	0
ENSMUSG00000109398	ENSMUSG00000109080	lncgDivg	1.1.1	0	ENSG00000018869	ENSG00000267192	lncgDivg	1.1.1	0
ENSMUSG00000109398	ENSMUSG00000109080	lncgDivg	1.1.1	0	ENSG00000018869	ENSG00000285996	lncgDivg	1.1.1	0
ENSMUSG00000109901	ENSMUSG00000117757	lncgDivg	1.1.1	0	ENSG00000255112	ENSG00000267165	lncgDivg	1.1.1	0
ENSMUSG00000116564	ENSMUSG00000072761	lincSS.up	n.1.1	54513	ENSG00000058729	ENSG00000251054	lincSS.up	1.1.1	40124
ENSMUSG00000116564	ENSMUSG00000097379	lncgConv	1.1.1	0	ENSG00000058729	ENSG00000251513	lncgConv	1.1.1	0
ENSMUSG00000116564	ENSMUSG00000116590	lncgDivg	1.1.1	103	ENSG00000058729	ENSG00000286828	lncgDivg	1.1.1	580
