PCG.Homo_sapiens	conf.Homo_sapiens	PCG.Mus_musculus	conf.Mus_musculus	lncRNA.Homo_sapiens	class.Homo_sapiens	distance.Homo_sapiens	lncRNA.Mus_musculus	class.Mus_musculus	distance.Mus_musculus	orthology_type.Homo_sapiens-Mus_musculus
ENSG00000119866	lincConv	ENSMUSG00000000861	lincConv	ENSG00000287640	1.1.1	64726	ENSMUSG00000086117	1.1.1	24614	one_to_one
ENSG00000198668	lincConv	ENSMUSG00000001175	lincConv	ENSG00000258678	n.1.1	43795	ENSMUSG00000113362	n.1.1	27940	one_to_one
ENSG00000105173	lincConv	ENSMUSG00000002068	lincConv	ENSG00000286538	1.1.1	14220	ENSMUSG00000108334	1.1.1	21883	one_to_one
ENSG00000117676	lincConv	ENSMUSG00000003644	lincConv	ENSG00000289452	1.1.1	45677	ENSMUSG00000084789	1.1.1	29676	one_to_one
ENSG00000125629	lincConv	ENSMUSG00000003721	lincConv	ENSG00000226856	n.1.1	21131	ENSMUSG00000101700	1.1.1	76827	one_to_one
ENSG00000081189	lincConv	ENSMUSG00000005583	lincConv	ENSG00000250555;ENSG00000245864;ENSG00000289008	1.1.1;n.n.1;1.1.1	24258;0;30958	ENSMUSG00000097265	n.n.1	0	many_to_one
ENSG00000157404	lincConv	ENSMUSG00000005672	lincConv	ENSG00000249727	n.1.1	95258	ENSMUSG00000106726	1.1.1	96834	one_to_one
ENSG00000157152	lincConv	ENSMUSG00000009394	lincConv	ENSG00000288952	n.n.1	0	ENSMUSG00000120571	1.1.1	34713	one_to_one
ENSG00000010818	lincConv	ENSMUSG00000015501	lincConv	ENSG00000287084	n.1.1	70202	ENSMUSG00000112238	1.1.1	75293	one_to_one
ENSG00000005243	lincConv	ENSMUSG00000018672	lincConv	ENSG00000289599	n.1.1	13920	ENSMUSG00000120942	1.1.1	14504	one_to_one
ENSG00000130348	lincConv	ENSMUSG00000019863	lincConv	ENSG00000235142	n.1.1	36911	ENSMUSG00000111342	n.1.1	40796	one_to_one
ENSG00000139289	lincConv	ENSMUSG00000020205	lincConv	ENSG00000257329	1.1.1	58385	ENSMUSG00000097082	1.1.1	78118	one_to_one
ENSG00000162981	lincConv	ENSMUSG00000020607	lincConv	ENSG00000287291	1.1.1	54854	ENSMUSG00000113522	1.1.1	88964	one_to_one
ENSG00000109063	lincConv	ENSMUSG00000020908	lincConv	ENSG00000214970	n.1.1	15955	ENSMUSG00000087410	n.1.1	10170	one_to_one
ENSG00000151332	lincConv	ENSMUSG00000021028	lincConv	ENSG00000258844	1.1.1	62956	ENSMUSG00000112164	1.1.1	61919	one_to_one
ENSG00000100749	lincConv	ENSMUSG00000021115	lincConv	ENSG00000288034	1.1.1	50746	ENSMUSG00000114149;ENSMUSG00000113390	1.1.1;1.1.1	54552;17397	one_to_many
ENSG00000112799	lincConv	ENSMUSG00000021423	lincConv	ENSG00000261211;ENSG00000226281	n.1.1;n.1.1	25326;37758	ENSMUSG00000114389;ENSMUSG00000100932;ENSMUSG00000099847;ENSMUSG00000114791	1.1.1;1.1.1;1.1.1;n.1.1	85170;30364;33176;20352	many_to_many
ENSG00000171421	lincConv	ENSMUSG00000021607	lincConv	ENSG00000260066	1.1.1	70213	ENSMUSG00000113346	n.1.1	12354	one_to_one
ENSG00000132842	lincConv	ENSMUSG00000021686	lincConv	ENSG00000287162	1.1.1	41428	ENSMUSG00000113598	1.1.1	79582	one_to_one
ENSG00000126777	lincConv	ENSMUSG00000021843	lincConv	ENSG00000258791	n.1.1	79606	ENSMUSG00000115719;ENSMUSG00000115215;ENSMUSG00000115046	n.1.1;n.1.1;1.1.1	15198;51074;60846	one_to_many
ENSG00000165588	lincConv	ENSMUSG00000021848	lincConv	ENSG00000258703	1.1.1	34148	ENSMUSG00000115376;ENSMUSG00000115636;ENSMUSG00000115669	n.1.1;1.1.1;1.1.1	15675;61275;7903	one_to_many
ENSG00000100867	lincConv	ENSMUSG00000022209	lincConv	ENSG00000258464	n.1.1	54158	ENSMUSG00000114987	1.1.1	35399	one_to_one
ENSG00000154719	lincConv	ENSMUSG00000022889	lincConv	ENSG00000234883	n.1.1	10488	ENSMUSG00000116674	1.1.1	21870	one_to_one
ENSG00000157557	lincConv	ENSMUSG00000022895	lincConv	ENSG00000205622	n.n.1	0	ENSMUSG00000085329	1.1.1	85134	one_to_one
ENSG00000159212	lincConv	ENSMUSG00000022949	lincConv	ENSG00000230978	n.1.1	5580	ENSMUSG00000116709	1.1.1	7870	one_to_one
ENSG00000178772	lincConv	ENSMUSG00000023176	lincConv	ENSG00000238097;ENSG00000286317;ENSG00000228271	n.1.1;1.1.1;n.1.1	79048;37720;52400	ENSMUSG00000101888	1.1.1	56079	many_to_one
ENSG00000112715	lincConv	ENSMUSG00000023951	lincConv	ENSG00000283215;ENSG00000223469	n.1.1;1.1.1	58391;65270	ENSMUSG00000117040	1.1.1	53144	many_to_one
ENSG00000142178	lincConv	ENSMUSG00000024042	lincConv	ENSG00000225637	1.1.1	47917	ENSMUSG00000117355	n.1.1	50940	one_to_one
ENSG00000107372	lincConv	ENSMUSG00000024750	lincConv	ENSG00000225434	n.n.1	0	ENSMUSG00000118342	1.1.1	23536	one_to_one
ENSG00000030419	lincConv	ENSMUSG00000025997	lincConv	ENSG00000223373	1.1.1	79882	ENSMUSG00000099804	1.1.1	87130	one_to_one
ENSG00000115539	lincConv	ENSMUSG00000026078	lincConv	ENSG00000287832;ENSG00000234169	1.1.1;1.1.1	65705;93153	ENSMUSG00000104188	1.1.1	51410	many_to_one
ENSG00000119900	lincConv	ENSMUSG00000026158	lincConv	ENSG00000233237	n.1.1	34368	ENSMUSG00000097970;ENSMUSG00000100775	1.1.1;1.1.1	74489;72349	one_to_many
ENSG00000130414	lincConv	ENSMUSG00000026260	lincConv	ENSG00000220256	n.1.1	67686	ENSMUSG00000120000	n.1.1	45377	one_to_one
ENSG00000081237	lincConv	ENSMUSG00000026395	lincConv	ENSG00000229989	n.1.1	20385	ENSMUSG00000098206;ENSMUSG00000098243	1.1.1;n.1.1	92943;53083	one_to_many
ENSG00000065675	lincConv	ENSMUSG00000026778	lincConv	ENSG00000212743	1.1.1	74381	ENSMUSG00000102196;ENSMUSG00000102674;ENSMUSG00000120676	1.1.1;1.1.1;n.1.1	14150;37144;24218	one_to_many
ENSG00000130558	lincConv	ENSMUSG00000026833	lincConv	ENSG00000227958	1.1.1	83542	ENSMUSG00000087196	n.1.1	84271	one_to_one
ENSG00000125772	lincConv	ENSMUSG00000027346	lincConv	ENSG00000235820;ENSG00000230563	1.1.1;n.1.1	8550;68956	ENSMUSG00000086379	n.1.1	15180	many_to_one
ENSG00000124205	lincConv	ENSMUSG00000027524	lincConv	ENSG00000230352;ENSG00000225129;ENSG00000286309	1.1.1;1.1.1;1.1.1	34935;26203;69504	ENSMUSG00000084795;ENSMUSG00000087215	n.1.1;1.1.1	51922;58263	many_to_many
ENSG00000085276	lincConv	ENSMUSG00000027684	lincConv	ENSG00000241383	n.1.1	45083	ENSMUSG00000102590	n.1.1	27097	one_to_one
ENSG00000138678	lincConv	ENSMUSG00000029314	lincConv	ENSG00000249171	1.1.1	62635	ENSMUSG00000106255	1.1.1	10899	one_to_one
ENSG00000138772	lincConv	ENSMUSG00000029484	lincConv	ENSG00000287632	1.1.1	59239	ENSMUSG00000105283	n.1.1	63740	one_to_one
ENSG00000134109	lincConv	ENSMUSG00000030104	lincConv	ENSG00000230944	1.1.1	35577	ENSMUSG00000120743	n.1.1	59466	one_to_one
ENSG00000153885	lincConv	ENSMUSG00000030499	lincConv	ENSG00000289539	1.1.1	89331	ENSMUSG00000086631	n.1.1	57323	one_to_one
ENSG00000091664	lincConv	ENSMUSG00000030500	lincConv	ENSG00000255323	n.1.1	66170	ENSMUSG00000102124	1.1.1	79677	one_to_one
ENSG00000196338	lincConv	ENSMUSG00000031302	lincConv	ENSG00000228427	n.1.1	8127	ENSMUSG00000120504	1.1.1	6162	one_to_one
ENSG00000187498	lincConv	ENSMUSG00000031502	lincConv	ENSG00000231428	1.1.1	94011	ENSMUSG00000109151	1.1.1	81050	one_to_one
ENSG00000104671	lincConv	ENSMUSG00000031516	lincConv	ENSG00000287590	1.1.1	95910	ENSMUSG00000054618	n.1.1	33374	one_to_one
ENSG00000234828	lincConv	ENSMUSG00000031620	lincConv	ENSG00000248210	n.1.1	73586	ENSMUSG00000110485	1.1.1	8006	one_to_one
ENSG00000260456	lincConv	ENSMUSG00000031809	lincConv	ENSG00000232190;ENSG00000261363	n.1.1;1.1.1	13457;13810	ENSMUSG00000097438	1.1.1	95391	many_to_one
ENSG00000165526	lincConv	ENSMUSG00000032044	lincConv	ENSG00000254833	1.1.1	26061	ENSMUSG00000111059	1.1.1	23991	one_to_one
ENSG00000135338	lincConv	ENSMUSG00000032258	lincConv	ENSG00000231533	n.n.1	0	ENSMUSG00000111443	1.1.1	36315	one_to_one
ENSG00000073756	lincConv	ENSMUSG00000032487	lincConv	ENSG00000288562	1.1.1	45172	ENSMUSG00000097754	n.1.1	50816	one_to_one
ENSG00000011198	lincConv	ENSMUSG00000032540	lincConv	ENSG00000235886	1.1.1	44590	ENSMUSG00000111146	n.1.1	54294	one_to_one
ENSG00000140563	lincConv	ENSMUSG00000032776	lincConv	ENSG00000285866	1.1.1	99554	ENSMUSG00000108800	1.1.1	50513	one_to_one
ENSG00000198796	lincConv	ENSMUSG00000032845	lincConv	ENSG00000267391	n.1.1	27481	ENSMUSG00000118017	n.1.1	12908	one_to_one
ENSG00000125257	lincConv	ENSMUSG00000032849	lincConv	ENSG00000260962	1.1.1	58516	ENSMUSG00000099911	1.1.1	84522	one_to_one
ENSG00000160256	lincConv	ENSMUSG00000032977	lincConv	ENSG00000234880;ENSG00000261706;ENSG00000275874	n.1.1;1.1.1;1.1.1	12875;17373;22219	ENSMUSG00000112818	1.1.1	15032	many_to_one
ENSG00000083642	lincConv	ENSMUSG00000034021	lincConv	ENSG00000226968	1.1.1	99412	ENSMUSG00000107047	1.1.1	53273	one_to_one
ENSG00000100852	lincConv	ENSMUSG00000035133	lincConv	ENSG00000286527	1.1.1	40705	ENSMUSG00000100315	n.1.1	28006	one_to_one
ENSG00000144736	lincConv	ENSMUSG00000035378	lincConv	ENSG00000287595	n.1.1	8736	ENSMUSG00000101553;ENSMUSG00000107663	n.1.1;1.1.1	34564;68342	one_to_many
ENSG00000013573	lincConv	ENSMUSG00000035842	lincConv	ENSG00000291252;ENSG00000291098;ENSG00000291250;ENSG00000291251	1.1.1;1.1.1;n.1.1;1.1.1	68107;26656;6852;54098	ENSMUSG00000117220	n.1.1	79775	many_to_one
ENSG00000177425	lincConv	ENSMUSG00000035873	lincConv	ENSG00000257474	n.1.1	24444	ENSMUSG00000120482	1.1.1	30082	one_to_one
ENSG00000123415	lincConv	ENSMUSG00000036061	lincConv	ENSG00000249388	n.1.1	18578	ENSMUSG00000116066;ENSMUSG00000099758	n.1.1;n.1.1	12616;45733	one_to_many
ENSG00000079785	lincConv	ENSMUSG00000037149	lincConv	ENSG00000224194	1.1.1	34338	ENSMUSG00000113284	1.1.1	89781	one_to_one
ENSG00000117691	lincConv	ENSMUSG00000037499	lincConv	ENSG00000224535	n.1.1	20320	ENSMUSG00000103174	n.1.1	13098	one_to_one
ENSG00000077458	lincConv	ENSMUSG00000037808	lincConv	ENSG00000255605;ENSG00000285842	1.1.1;1.1.1	68330;20238	ENSMUSG00000111100	1.1.1	60814	many_to_one
ENSG00000198836	lincConv	ENSMUSG00000038084	lincConv	ENSG00000286624	1.1.1	72732	ENSMUSG00000116814	1.1.1	95926	one_to_one
ENSG00000149646	lincConv	ENSMUSG00000038085	lincConv	ENSG00000260032	1.1.1	14918	ENSMUSG00000102869	n.1.1	12422	one_to_one
ENSG00000164107	lincConv	ENSMUSG00000038193	lincConv	ENSG00000286039	n.1.1	13179	ENSMUSG00000109697	n.1.1	7056	one_to_one
ENSG00000145945	lincConv	ENSMUSG00000038246	lincConv	ENSG00000260604	1.1.1	53600	ENSMUSG00000113484	1.1.1	33962	one_to_one
ENSG00000110328	lincConv	ENSMUSG00000038296	lincConv	ENSG00000254401	n.1.1	87266	ENSMUSG00000109808	1.1.1	76053	one_to_one
ENSG00000149658	lincConv	ENSMUSG00000038848	lincConv	ENSG00000225978;ENSG00000287324	1.1.1;1.1.1	91043;78224	ENSMUSG00000085428;ENSMUSG00000121196;ENSMUSG00000098051;ENSMUSG00000085728	1.1.1;1.1.1;1.1.1;1.1.1	55463;13406;9157;55331	many_to_many
ENSG00000185950	lincConv	ENSMUSG00000038894	lincConv	ENSG00000234854	1.1.1	22688	ENSMUSG00000109089	n.1.1	61050	one_to_one
ENSG00000112414	lincConv	ENSMUSG00000039116	lincConv	ENSG00000236366	n.1.1	80189	ENSMUSG00000112225;ENSMUSG00000112679	1.1.1;n.1.1	65968;77827	one_to_many
ENSG00000182077	lincConv	ENSMUSG00000039198	lincConv	ENSG00000260151	1.1.1	52204	ENSMUSG00000086684;ENSMUSG00000120449	1.1.1;n.1.1	38910;82444	one_to_many
ENSG00000050628	lincConv	ENSMUSG00000040016	lincConv	ENSG00000229051	n.1.1	65885	ENSMUSG00000106632	1.1.1	74516	one_to_one
ENSG00000164683	lincConv	ENSMUSG00000040289	lincConv	ENSG00000287052	1.1.1	12810	ENSMUSG00000104102	1.1.1	30905	one_to_one
ENSG00000102781	lincConv	ENSMUSG00000041298	lincConv	ENSG00000232643	1.1.1	42038	ENSMUSG00000087647;ENSMUSG00000085740	1.1.1;1.1.1	33786;88504	one_to_many
ENSG00000167889	lincConv	ENSMUSG00000043857	lincConv	ENSG00000267521	1.1.1	6630	ENSMUSG00000086902	n.1.1	48086	one_to_one
ENSG00000145949	lincConv	ENSMUSG00000044951	lincConv	ENSG00000228718	n.1.1	23628	ENSMUSG00000118652	1.1.1	18312	one_to_one
ENSG00000152518	lincConv	ENSMUSG00000045817	lincConv	ENSG00000286796	n.1.1	90403	ENSMUSG00000117571	1.1.1	94056	one_to_one
ENSG00000197756	lincConv	ENSMUSG00000046330	lincConv	ENSG00000224391	1.1.1	11246	ENSMUSG00000120056	n.1.1	31341	one_to_one
ENSG00000146360	lincConv	ENSMUSG00000046922	lincConv	ENSG00000286691	1.1.1	39291	ENSMUSG00000111098	1.1.1	32763	one_to_one
ENSG00000197651	lincConv	ENSMUSG00000047025	lincConv	ENSG00000257787;ENSG00000286021	n.1.1;n.1.1	94933;15705	ENSMUSG00000079183	1.1.1	29951	many_to_one
ENSG00000166603	lincConv	ENSMUSG00000047259	lincConv	ENSG00000267401	n.1.1	69745	ENSMUSG00000117968	1.1.1	54935	one_to_one
ENSG00000163116	lincConv	ENSMUSG00000047940	lincConv	ENSG00000253170	1.1.1	49034	ENSMUSG00000106505	1.1.1	66854	one_to_one
ENSG00000164488	lincConv	ENSMUSG00000048826	lincConv	ENSG00000234768;ENSG00000287056;ENSG00000234647;ENSG00000228361	1.1.1;1.1.1;n.1.1;1.1.1	88329;72568;30249;52115	ENSMUSG00000120609	1.1.1	24103	many_to_one
ENSG00000188042	lincConv	ENSMUSG00000049866	lincConv	ENSG00000228162	n.1.1	30914	ENSMUSG00000100367	1.1.1	15025	one_to_one
ENSG00000275342	lincConv	ENSMUSG00000050271	lincConv	ENSG00000291049	n.1.1	72871	ENSMUSG00000110321	n.1.1	26353	one_to_one
ENSG00000118492	lincConv	ENSMUSG00000050994	lincConv	ENSG00000289851	1.1.1	98962	ENSMUSG00000109160	n.1.1	77004	one_to_one
ENSG00000187676	lincConv	ENSMUSG00000051950	lincConv	ENSG00000290234	1.1.1	37149	ENSMUSG00000106740	1.1.1	39391	one_to_one
ENSG00000173545	lincConv	ENSMUSG00000052253	lincConv	ENSG00000249737	1.1.1	19083	ENSMUSG00000115335	1.1.1	55884	one_to_one
ENSG00000142149	lincConv	ENSMUSG00000053414	lincConv	ENSG00000230323	n.1.1	35683	ENSMUSG00000116753	1.1.1	49080	one_to_one
ENSG00000153574	lincConv	ENSMUSG00000053604	lincConv	ENSG00000240040;ENSG00000290802	1.1.1;1.1.1	60257;60257	ENSMUSG00000105646	n.1.1	12253	many_to_one
ENSG00000178573	lincConv	ENSMUSG00000055435	lincConv	ENSG00000261472	1.1.1	69550	ENSMUSG00000110592	1.1.1	87790	one_to_one
ENSG00000156282	lincConv	ENSMUSG00000055811	lincConv	ENSG00000259981	1.1.1	67729	ENSMUSG00000116885	n.1.1	62357	one_to_one
ENSG00000170677	lincConv	ENSMUSG00000056153	lincConv	ENSG00000266304;ENSG00000266278	1.1.1;1.1.1	5302;49941	ENSMUSG00000118352	1.1.1	6417	many_to_one
ENSG00000162783	lincConv	ENSMUSG00000056708	lincConv	ENSG00000225359	1.1.1	97571	ENSMUSG00000120197	1.1.1	11971	one_to_one
ENSG00000169016	lincConv	ENSMUSG00000057469	lincConv	ENSG00000285569	n.1.1	17189	ENSMUSG00000114018	n.1.1	5139	one_to_one
ENSG00000165669	lincConv	ENSMUSG00000057858	lincConv	ENSG00000238276	n.1.1	30215	ENSMUSG00000053117	n.1.1	27013	one_to_one
ENSG00000101493	lincConv	ENSMUSG00000058881	lincConv	ENSG00000266614;ENSG00000264212	1.1.1;1.1.1	97568;99345	ENSMUSG00000100430;ENSMUSG00000117976	n.1.1;1.1.1	69994;7349	many_to_many_strict
ENSG00000171813	lincConv	ENSMUSG00000060260	lincConv	ENSG00000234311	1.1.1	15874	ENSMUSG00000110115	1.1.1	22914	one_to_one
ENSG00000120963	lincConv	ENSMUSG00000062397	lincConv	ENSG00000253737;ENSG00000253355	1.1.1;n.1.1	36949;44392	ENSMUSG00000115333	1.1.1	47422	many_to_one
ENSG00000178363	lincConv	ENSMUSG00000063130	lincConv	ENSG00000287566;ENSG00000287235	n.1.1;1.1.1	22866;36524	ENSMUSG00000113759	1.1.1	21693	many_to_one
ENSG00000103404	lincConv	ENSMUSG00000063317	lincConv	ENSG00000261090	n.1.1	35121	ENSMUSG00000108409	1.1.1	50430	one_to_one
ENSG00000188582	lincConv	ENSMUSG00000064225	lincConv	ENSG00000243818	n.1.1	13444	ENSMUSG00000120809	1.1.1	9041	one_to_one
ENSG00000021645	lincConv	ENSMUSG00000066392	lincConv	ENSG00000258416	1.1.1	24789	ENSMUSG00000113001;ENSMUSG00000113539	1.1.1;1.1.1	64732;58968	one_to_many
ENSG00000196431	lincConv	ENSMUSG00000066975	lincConv	ENSG00000206028	1.1.1	37024	ENSMUSG00000104538;ENSMUSG00000097986;ENSMUSG00000101683	1.1.1;n.1.1;n.1.1	81249;12773;36489	one_to_many
ENSG00000269113	lincConv	ENSMUSG00000070867	lincConv	ENSG00000227947	1.1.1	56499	ENSMUSG00000100998	1.1.1	57599	one_to_one
ENSG00000164694	lincConv	ENSMUSG00000071984	lincConv	ENSG00000231178	n.1.1	81814	ENSMUSG00000116955	1.1.1	78331	one_to_one
ENSG00000168672	lincConv	ENSMUSG00000072568	lincConv	ENSG00000253220;ENSG00000253427;ENSG00000253530	n.1.1;1.1.1;n.1.1	52003;59847;30083	ENSMUSG00000121298	1.1.1	72459	many_to_one
ENSG00000113369	lincConv	ENSMUSG00000074794	lincConv	ENSG00000241059;ENSG00000286638	1.1.1;1.1.1	12605;85918	ENSMUSG00000097146	1.1.1	61623	many_to_one
ENSG00000253276	lincConv	ENSMUSG00000090946	lincConv	ENSG00000286013	1.1.1	25664	ENSMUSG00000112865	1.1.1	7825	one_to_one
ENSG00000182968	lincConv	ENSMUSG00000096014	lincConv	ENSG00000229520	1.1.1	33651	ENSMUSG00000109921	n.1.1	61293	one_to_one
ENSG00000176678	lincConv	ENSMUSG00000097084	lincConv	ENSG00000260387	1.1.1	52850	ENSMUSG00000097097	n.1.1	68070	one_to_one
ENSG00000240045	lincConv	ENSMUSG00000103476	lincConv	ENSG00000241336	n.1.1	31461	ENSMUSG00000104336	1.1.1	23215	one_to_one
ENSG00000067082	lincDivg	ENSMUSG00000000078	lincDivg	ENSG00000287175;ENSG00000230573	1.1.1;1.1.1	24554;48669	ENSMUSG00000120440	1.1.1	15680	many_to_one
ENSG00000064300	lincDivg	ENSMUSG00000000120	lincDivg	ENSG00000249497	1.1.1	33544	ENSMUSG00000084856	1.1.1	34925	one_to_one
ENSG00000159399	lincDivg	ENSMUSG00000000628	lincDivg	ENSG00000287687	n.n.n	55385	ENSMUSG00000108015	n.1.1	48760	one_to_one
ENSG00000145687	lincDivg	ENSMUSG00000003992	lincDivg	ENSG00000249483;ENSG00000287938	1.1.1;1.1.1	99804;65734	ENSMUSG00000099340;ENSMUSG00000097182	1.1.1;n.1.1	85989;72154	many_to_many_strict
ENSG00000160199	lincDivg	ENSMUSG00000006705	lincDivg	ENSG00000224100	1.1.1	9147	ENSMUSG00000117818	1.1.1	12477	one_to_one
ENSG00000168036	lincDivg	ENSMUSG00000006932	lincDivg	ENSG00000233919	1.1.1	26194	ENSMUSG00000100146;ENSMUSG00000111528;ENSMUSG00000110730;ENSMUSG00000110911;ENSMUSG00000111445	1.1.1;1.1.1;1.1.1;1.1.1;1.1.1	13964;47244;62460;83035;58186	one_to_many
ENSG00000108175	lincDivg	ENSMUSG00000007817	lincDivg	ENSG00000229569	1.1.1	65163	ENSMUSG00000097601	n.1.1	79576	one_to_one
ENSG00000111145	lincDivg	ENSMUSG00000008398	lincDivg	ENSG00000283422	1.1.1	22249	ENSMUSG00000110647;ENSMUSG00000111531	n.1.1;1.1.1	24258;6268	one_to_many
ENSG00000129152	lincDivg	ENSMUSG00000009471	lincDivg	ENSG00000255335	n.1.1	22577	ENSMUSG00000109962	n.1.1	27101	one_to_one
ENSG00000176715	lincDivg	ENSMUSG00000015016	lincDivg	ENSG00000256982	n.1.1	35400	ENSMUSG00000110682;ENSMUSG00000110523	n.1.1;n.n.n	12465;23094	one_to_many
ENSG00000150337	lincDivg	ENSMUSG00000015947	lincDivg	ENSG00000290790	n.1.1	34853	ENSMUSG00000097851	n.1.1	51318	one_to_one
ENSG00000173728	lincDivg	ENSMUSG00000015962	lincDivg	ENSG00000289439	n.1.1	27456	ENSMUSG00000101746	n.1.1	86871	one_to_one
ENSG00000112242	lincDivg	ENSMUSG00000016477	lincDivg	ENSG00000287483	n.1.1	67468	ENSMUSG00000085188	1.1.1	72614	one_to_one
ENSG00000137573	lincDivg	ENSMUSG00000016918	lincDivg	ENSG00000253479	n.1.1	18342	ENSMUSG00000101314	1.1.1	21101	one_to_one
ENSG00000115963	lincDivg	ENSMUSG00000017144	lincDivg	ENSG00000237220;ENSG00000224048	1.1.1;n.1.1	27123;73370	ENSMUSG00000100496;ENSMUSG00000086349	1.1.1;1.1.1	70271;92720	many_to_many_strict
ENSG00000123066	lincDivg	ENSMUSG00000018076	lincDivg	ENSG00000258346	1.1.1	91071	ENSMUSG00000120779	1.1.1	46588	one_to_one
ENSG00000168118	lincDivg	ENSMUSG00000019478	lincDivg	ENSG00000236975;ENSG00000233920	n.1.1;n.1.1	65634;28160	ENSMUSG00000097203	n.1.1	51259	many_to_one
ENSG00000139318	lincDivg	ENSMUSG00000019960	lincDivg	ENSG00000271327;ENSG00000271259	1.1.1;1.1.1	15306;19319	ENSMUSG00000120093;ENSMUSG00000112902	1.1.1;1.1.1	21265;25615	many_to_many_strict
ENSG00000118515	lincDivg	ENSMUSG00000019970	lincDivg	ENSG00000290029;ENSG00000236700;ENSG00000287974	1.1.1;n.1.1;1.1.1	55550;25195;27576	ENSMUSG00000097107	1.1.1	37333	many_to_one
ENSG00000171408	lincDivg	ENSMUSG00000019990	lincDivg	ENSG00000236378	1.1.1	43235	ENSMUSG00000111091	1.1.1	31039	one_to_one
ENSG00000120837	lincDivg	ENSMUSG00000020248	lincDivg	ENSG00000257193	1.1.1	32154	ENSMUSG00000112286	n.1.1	31010	one_to_one
ENSG00000113742	lincDivg	ENSMUSG00000020300	lincDivg	ENSG00000254211	n.1.1	79310	ENSMUSG00000085772	n.1.1	47659	one_to_one
ENSG00000198399	lincDivg	ENSMUSG00000020640	lincDivg	ENSG00000286829	1.1.1	42459	ENSMUSG00000112505;ENSMUSG00000112819	1.1.1;n.1.1	15882;23100	one_to_many
ENSG00000115738	lincDivg	ENSMUSG00000020644	lincDivg	ENSG00000231083;ENSG00000236008	1.1.1;n.1.1	55903;85942	ENSMUSG00000113587;ENSMUSG00000112937;ENSMUSG00000114033	1.1.1;1.1.1;1.1.1	53775;32034;84628	many_to_many
ENSG00000176358	lincDivg	ENSMUSG00000020872	lincDivg	ENSG00000248954	1.1.1	39529	ENSMUSG00000085992	1.1.1	35897	one_to_one
ENSG00000170345	lincDivg	ENSMUSG00000021250	lincDivg	ENSG00000289340;ENSG00000258740	1.1.1;1.1.1	19855;9543	ENSMUSG00000113940	n.1.1	37641	many_to_one
ENSG00000090054	lincDivg	ENSMUSG00000021468	lincDivg	ENSG00000290644	n.1.1	25885	ENSMUSG00000107008	n.n.n	16221	one_to_one
ENSG00000145740	lincDivg	ENSMUSG00000021629	lincDivg	ENSG00000249335;ENSG00000249352	n.1.1;n.1.1	50141;63826	ENSMUSG00000100596	1.1.1	14006	many_to_one
ENSG00000095015	lincDivg	ENSMUSG00000021754	lincDivg	ENSG00000289709	1.1.1	42674	ENSMUSG00000086057;ENSMUSG00000086111	1.1.1;n.1.1	48003;58923	one_to_many
ENSG00000164190	lincDivg	ENSMUSG00000022141	lincDivg	ENSG00000272103	1.1.1	9531	ENSMUSG00000115591;ENSMUSG00000115480	1.1.1;n.1.1	37656;67864	one_to_many
ENSG00000164924	lincDivg	ENSMUSG00000022285	lincDivg	ENSG00000248599	n.1.1	81480	ENSMUSG00000115750	1.1.1	45887	one_to_one
ENSG00000188064	lincDivg	ENSMUSG00000022382	lincDivg	ENSG00000273289;ENSG00000273145;ENSG00000241990	1.1.1;1.1.1;n.1.1	75931;36444;76543	ENSMUSG00000116305;ENSMUSG00000116004;ENSMUSG00000120923	n.n.n;n.1.1;1.1.1	71083;63610;52377	many_to_many_strict
ENSG00000134294	lincDivg	ENSMUSG00000022462	lincDivg	ENSG00000275481	1.1.1	16083	ENSMUSG00000120767	1.1.1	10230	one_to_one
ENSG00000114315	lincDivg	ENSMUSG00000022528	lincDivg	ENSG00000230102	n.1.1	65123	ENSMUSG00000075286;ENSMUSG00000116660	n.1.1;n.1.1	85200;24905	one_to_many
ENSG00000189058	lincDivg	ENSMUSG00000022548	lincDivg	ENSG00000289929	1.1.1	51054	ENSMUSG00000116973	1.1.1	10427	one_to_one
ENSG00000075711	lincDivg	ENSMUSG00000022770	lincDivg	ENSG00000286870;ENSG00000289828	1.1.1;1.1.1	34614;70354	ENSMUSG00000116793	1.1.1	70223	many_to_one
ENSG00000159110	lincDivg	ENSMUSG00000022971	lincDivg	ENSG00000229086	n.1.1	34633	ENSMUSG00000120333	n.1.1	5639	one_to_one
ENSG00000012822	lincDivg	ENSMUSG00000023055	lincDivg	ENSG00000260030;ENSG00000286069	1.1.1;n.1.1	26613;11866	ENSMUSG00000116500	1.1.1	75317	many_to_one
ENSG00000138061	lincDivg	ENSMUSG00000024087	lincDivg	ENSG00000273006	1.1.1	83446	ENSMUSG00000117426;ENSMUSG00000117616	1.1.1;1.1.1	18813;56901	one_to_many
ENSG00000162878	lincDivg	ENSMUSG00000024247	lincDivg	ENSG00000205086;ENSG00000226398	n.1.1;1.1.1	91215;22719	ENSMUSG00000117509	n.1.1	94551	many_to_one
ENSG00000113580	lincDivg	ENSMUSG00000024431	lincDivg	ENSG00000251205	n.1.1	95819	ENSMUSG00000118117	n.1.1	19935	one_to_one
ENSG00000141404	lincDivg	ENSMUSG00000024524	lincDivg	ENSG00000260759	1.1.1	19099	ENSMUSG00000117868	1.1.1	56698	one_to_one
ENSG00000256463	lincDivg	ENSMUSG00000024565	lincDivg	ENSG00000266586;ENSG00000265101	1.1.1;1.1.1	60825;52377	ENSMUSG00000118262;ENSMUSG00000118268	1.1.1;1.1.1	96293;60053	many_to_many_strict
ENSG00000049759	lincDivg	ENSMUSG00000024589	lincDivg	ENSG00000267209	n.1.1	79792	ENSMUSG00000118045	1.1.1	81209	one_to_one
ENSG00000148677	lincDivg	ENSMUSG00000024803	lincDivg	ENSG00000289512;ENSG00000225519	n.1.1;1.1.1	44892;73533	ENSMUSG00000117998	1.1.1	62481	many_to_one
ENSG00000166167	lincDivg	ENSMUSG00000025217	lincDivg	ENSG00000230967	1.1.1	30639	ENSMUSG00000100417	n.1.1	25299	one_to_one
ENSG00000159322	lincDivg	ENSMUSG00000025236	lincDivg	ENSG00000285729	1.1.1	72508	ENSMUSG00000110789	1.1.1	56487	one_to_one
ENSG00000166896	lincDivg	ENSMUSG00000025436	lincDivg	ENSG00000245651	n.n.n	11120	ENSMUSG00000120565	1.1.1	27118	one_to_one
ENSG00000125304	lincDivg	ENSMUSG00000025544	lincDivg	ENSG00000285448	1.1.1	13609	ENSMUSG00000115121	n.1.1	15812	one_to_one
ENSG00000144401	lincDivg	ENSMUSG00000025956	lincDivg	ENSG00000224137	n.n.n	36447	ENSMUSG00000100437	1.1.1	32693	one_to_one
ENSG00000116106	lincDivg	ENSMUSG00000026235	lincDivg	ENSG00000234446	n.1.1	35122	ENSMUSG00000120831	1.1.1	7236	one_to_one
ENSG00000145730	lincDivg	ENSMUSG00000026335	lincDivg	ENSG00000250682	n.1.1	82216	ENSMUSG00000100711;ENSMUSG00000100182	1.1.1;n.1.1	78002;35783	one_to_many
ENSG00000115091	lincDivg	ENSMUSG00000026341	lincDivg	ENSG00000244063	1.1.1	58944	ENSMUSG00000102063	1.1.1	8840	one_to_one
ENSG00000135842	lincDivg	ENSMUSG00000026483	lincDivg	ENSG00000260976	1.1.1	25202	ENSMUSG00000100357	1.1.1	20243	one_to_one
ENSG00000143196	lincDivg	ENSMUSG00000026574	lincDivg	ENSG00000225826	n.1.1	54806	ENSMUSG00000102897;ENSMUSG00000102163	1.1.1;n.1.1	98411;84103	one_to_many
ENSG00000143153	lincDivg	ENSMUSG00000026576	lincDivg	ENSG00000203601	1.1.1	18692	ENSMUSG00000097281	1.1.1	44954	one_to_one
ENSG00000116141	lincDivg	ENSMUSG00000026620	lincDivg	ENSG00000231529	1.1.1	40578	ENSMUSG00000103478;ENSMUSG00000104461	1.1.1;1.1.1	86532;92421	one_to_many
ENSG00000162772	lincDivg	ENSMUSG00000026628	lincDivg	ENSG00000260805	1.1.1	5603	ENSMUSG00000073478	n.1.1	6365	one_to_one
ENSG00000085265	lincDivg	ENSMUSG00000026835	lincDivg	ENSG00000236403	n.1.1	18612	ENSMUSG00000086425	n.1.1	10584	one_to_one
ENSG00000135374	lincDivg	ENSMUSG00000027186	lincDivg	ENSG00000255427	1.1.1	45683	ENSMUSG00000070794	n.1.1	22644	one_to_one
ENSG00000175264	lincDivg	ENSMUSG00000027221	lincDivg	ENSG00000254519	n.n.n	56657	ENSMUSG00000085293	1.1.1	58727	one_to_one
ENSG00000101384	lincDivg	ENSMUSG00000027276	lincDivg	ENSG00000224961	n.1.1	22950	ENSMUSG00000099683	1.1.1	82339	one_to_one
ENSG00000125810	lincDivg	ENSMUSG00000027435	lincDivg	ENSG00000230387	n.1.1	92948	ENSMUSG00000087678	1.1.1	25327	one_to_one
ENSG00000076554	lincDivg	ENSMUSG00000027506	lincDivg	ENSG00000253238	n.n.n	34675	ENSMUSG00000103116	1.1.1	57241	one_to_one
ENSG00000076641	lincDivg	ENSMUSG00000027508	lincDivg	ENSG00000289242;ENSG00000253214	1.1.1;n.1.1	49329;37039	ENSMUSG00000120107	1.1.1	19588	many_to_one
ENSG00000020256	lincDivg	ENSMUSG00000027551	lincDivg	ENSG00000234948	n.n.1	0	ENSMUSG00000052368;ENSMUSG00000086348	n.1.1;n.1.1	64438;22681	one_to_many
ENSG00000177565	lincDivg	ENSMUSG00000027630	lincDivg	ENSG00000203645	1.1.1	66442	ENSMUSG00000106321	1.1.1	78184	one_to_one
ENSG00000162692	lincDivg	ENSMUSG00000027962	lincDivg	ENSG00000230402	1.1.1	79129	ENSMUSG00000097362	1.1.1	20791	one_to_one
ENSG00000256043	lincDivg	ENSMUSG00000028015	lincDivg	ENSG00000289320	n.1.1	27026	ENSMUSG00000056023	n.1.1	8138	one_to_one
ENSG00000070214	lincDivg	ENSMUSG00000028412	lincDivg	ENSG00000286536	1.1.1	5401	ENSMUSG00000086267	1.1.1	36383	one_to_one
ENSG00000173068	lincDivg	ENSMUSG00000028487	lincDivg	ENSG00000237153	n.n.n	46668	ENSMUSG00000086413	1.1.1	66200	one_to_one
ENSG00000172456	lincDivg	ENSMUSG00000028573	lincDivg	ENSG00000270457	1.1.1	6998	ENSMUSG00000084939	1.1.1	70070	one_to_one
ENSG00000196683	lincDivg	ENSMUSG00000028998	lincDivg	ENSG00000228649	n.n.n	31914	ENSMUSG00000097180	n.1.1	6372	one_to_one
ENSG00000145242	lincDivg	ENSMUSG00000029245	lincDivg	ENSG00000248479	1.1.1	31707	ENSMUSG00000106598	1.1.1	11423	one_to_one
ENSG00000165731	lincDivg	ENSMUSG00000030110	lincDivg	ENSG00000229630	1.1.1	95557	ENSMUSG00000107791	1.1.1	63968	one_to_one
ENSG00000185418	lincDivg	ENSMUSG00000030515	lincDivg	ENSG00000291225	n.n.n	26559	ENSMUSG00000121315	1.1.1	8985	one_to_one
ENSG00000074266	lincDivg	ENSMUSG00000030619	lincDivg	ENSG00000254699	1.1.1	7730	ENSMUSG00000121051	1.1.1	49062	one_to_one
ENSG00000155666	lincDivg	ENSMUSG00000030752	lincDivg	ENSG00000261045	1.1.1	26921	ENSMUSG00000045928;ENSMUSG00000108814	n.1.1;1.1.1	94888;26562	one_to_many
ENSG00000148773	lincDivg	ENSMUSG00000031004	lincDivg	ENSG00000280953	n.1.1	54609	ENSMUSG00000109831	n.1.1	26315	one_to_one
ENSG00000131620	lincDivg	ENSMUSG00000031075	lincDivg	ENSG00000260679;ENSG00000260348	1.1.1;1.1.1	59094;74913	ENSMUSG00000109009	n.1.1	12789	many_to_one
ENSG00000187969	lincDivg	ENSMUSG00000031330	lincDivg	ENSG00000271533;ENSG00000230590	1.1.1;n.1.1	90520;10606	ENSMUSG00000086370	n.1.1	13632	many_to_one
ENSG00000175329	lincDivg	ENSMUSG00000031621	lincDivg	ENSG00000286592	n.1.1	63274	ENSMUSG00000079011	n.1.1	39226	one_to_one
ENSG00000102921	lincDivg	ENSMUSG00000031652	lincDivg	ENSG00000260052;ENSG00000272545	1.1.1;1.1.1	16995;20325	ENSMUSG00000098534	1.1.1	17195	many_to_one
ENSG00000170365	lincDivg	ENSMUSG00000031681	lincDivg	ENSG00000286420	1.1.1	11556	ENSMUSG00000109774	n.1.1	91624	one_to_one
ENSG00000177508	lincDivg	ENSMUSG00000031734	lincDivg	ENSG00000287885	1.1.1	83478	ENSMUSG00000099664	1.1.1	63804	one_to_one
ENSG00000163513	lincDivg	ENSMUSG00000032440	lincDivg	ENSG00000227549	n.1.1	80347	ENSMUSG00000111324;ENSMUSG00000111729;ENSMUSG00000111243	1.1.1;n.1.1;n.1.1	43442;22605;13810	one_to_many
ENSG00000163508	lincDivg	ENSMUSG00000032446	lincDivg	ENSG00000225548	n.1.1	74841	ENSMUSG00000098161	n.1.1	72063	one_to_one
ENSG00000114120	lincDivg	ENSMUSG00000032449	lincDivg	ENSG00000261826	1.1.1	74047	ENSMUSG00000120955	1.1.1	29956	one_to_one
ENSG00000055813	lincDivg	ENSMUSG00000032878	lincDivg	ENSG00000229805	1.1.1	93608	ENSMUSG00000084966	1.1.1	97240	one_to_one
ENSG00000197586	lincDivg	ENSMUSG00000033068	lincDivg	ENSG00000286472;ENSG00000230725	1.1.1;n.1.1	7844;46321	ENSMUSG00000100630	1.1.1	24421	many_to_one
ENSG00000163399	lincDivg	ENSMUSG00000033161	lincDivg	ENSG00000287217	1.1.1	75047	ENSMUSG00000106070	1.1.1	87105	one_to_one
ENSG00000230124	lincDivg	ENSMUSG00000033701	lincDivg	ENSG00000236719	n.1.1	44482	ENSMUSG00000073535	n.1.1	30901	one_to_one
ENSG00000119669	lincDivg	ENSMUSG00000034168	lincDivg	ENSG00000246548	1.1.1	12356	ENSMUSG00000120428	1.1.1	10411	one_to_one
ENSG00000181234	lincDivg	ENSMUSG00000034324	lincDivg	ENSG00000276487	n.1.1	75675	ENSMUSG00000104778	1.1.1	40711	one_to_one
ENSG00000162390	lincDivg	ENSMUSG00000034853	lincDivg	ENSG00000235741	1.1.1	24998	ENSMUSG00000120181	1.1.1	35212	one_to_one
ENSG00000005436	lincDivg	ENSMUSG00000035125	lincDivg	ENSG00000270996;ENSG00000287474	1.1.1;1.1.1	8135;88989	ENSMUSG00000101404	1.1.1	12869	many_to_one
ENSG00000083223	lincDivg	ENSMUSG00000035248	lincDivg	ENSG00000235819	n.1.1	59747	ENSMUSG00000114669	1.1.1	50495	one_to_one
ENSG00000083896	lincDivg	ENSMUSG00000035851	lincDivg	ENSG00000289942	1.1.1	26461	ENSMUSG00000104937	1.1.1	21188	one_to_one
ENSG00000139174	lincDivg	ENSMUSG00000036158	lincDivg	ENSG00000257114;ENSG00000257164	n.1.1;n.1.1	96840;56228	ENSMUSG00000121167	1.1.1	15918	many_to_one
ENSG00000134504	lincDivg	ENSMUSG00000036225	lincDivg	ENSG00000263677	n.1.1	28553	ENSMUSG00000117613	n.1.1	43277	one_to_one
ENSG00000163453	lincDivg	ENSMUSG00000036256	lincDivg	ENSG00000250192	1.1.1	44192	ENSMUSG00000106985;ENSMUSG00000107232;ENSMUSG00000106906	1.1.1;1.1.1;1.1.1	77686;57447;25993	one_to_many
ENSG00000143933	lincDivg	ENSMUSG00000036438	lincDivg	ENSG00000226087	n.1.1	48860	ENSMUSG00000100847	1.1.1	43813	one_to_one
ENSG00000102189	lincDivg	ENSMUSG00000036499	lincDivg	ENSG00000257345	n.1.1	69887	ENSMUSG00000110353	n.1.1	97720	one_to_one
ENSG00000058063	lincDivg	ENSMUSG00000037400	lincDivg	ENSG00000260377	1.1.1	52655	ENSMUSG00000105662	n.1.1	87943	one_to_one
ENSG00000172869	lincDivg	ENSMUSG00000037416	lincDivg	ENSG00000249494	n.n.1	0	ENSMUSG00000100134	1.1.1	14712	one_to_one
ENSG00000100523	lincDivg	ENSMUSG00000037697	lincDivg	ENSG00000237356	n.n.n	15687	ENSMUSG00000085866	1.1.1	96546	one_to_one
ENSG00000109133	lincDivg	ENSMUSG00000037720	lincDivg	ENSG00000245870	n.1.1	52174	ENSMUSG00000120155	1.1.1	28878	one_to_one
ENSG00000182010	lincDivg	ENSMUSG00000037846	lincDivg	ENSG00000234756	1.1.1	20677	ENSMUSG00000112899	1.1.1	5862	one_to_one
ENSG00000156381	lincDivg	ENSMUSG00000037904	lincDivg	ENSG00000259230	1.1.1	35455	ENSMUSG00000113056	1.1.1	15358	one_to_one
ENSG00000262655	lincDivg	ENSMUSG00000038156	lincDivg	ENSG00000254930;ENSG00000254438;ENSG00000254927	1.1.1;1.1.1;1.1.1	92107;37860;83224	ENSMUSG00000073862	n.1.1	57556	many_to_one
ENSG00000188869	lincDivg	ENSMUSG00000038540	lincDivg	ENSG00000259543;ENSG00000275995	1.1.1;1.1.1	53235;28813	ENSMUSG00000094841	n.1.1	34669	many_to_one
ENSG00000196814	lincDivg	ENSMUSG00000038740	lincDivg	ENSG00000228392;ENSG00000288537	n.1.1;1.1.1	28236;50911	ENSMUSG00000086904	1.1.1	90300	many_to_one
ENSG00000185950	lincDivg	ENSMUSG00000038894	lincDivg	ENSG00000275248	1.1.1	18734	ENSMUSG00000108847	n.1.1	62588	one_to_one
ENSG00000140521	lincDivg	ENSMUSG00000039176	lincDivg	ENSG00000255571;ENSG00000289128	n.1.1;1.1.1	26718;65312	ENSMUSG00000097023	n.1.1	32746	many_to_one
ENSG00000131378	lincDivg	ENSMUSG00000039316	lincDivg	ENSG00000269391;ENSG00000233570	n.1.1;n.1.1	10774;10745	ENSMUSG00000104256	1.1.1	19461	many_to_one
ENSG00000266074	lincDivg	ENSMUSG00000039741	lincDivg	ENSG00000262877;ENSG00000262223	n.1.1;n.1.1	5138;10012	ENSMUSG00000086750	n.1.1	15954	many_to_one
ENSG00000023171	lincDivg	ENSMUSG00000040111	lincDivg	ENSG00000254823	n.1.1	43088	ENSMUSG00000110922	1.1.1	15977	one_to_one
ENSG00000134884	lincDivg	ENSMUSG00000040459	lincDivg	ENSG00000230156	n.1.1	85760	ENSMUSG00000109062;ENSMUSG00000109371	1.1.1;1.1.1	45449;36590	one_to_many
ENSG00000130856	lincDivg	ENSMUSG00000041258	lincDivg	ENSG00000278107	1.1.1	16821	ENSMUSG00000118085;ENSMUSG00000117888;ENSMUSG00000117824	1.1.1;n.1.1;1.1.1	65835;25085;9549	one_to_many
ENSG00000154655	lincDivg	ENSMUSG00000041565	lincDivg	ENSG00000266065;ENSG00000265944	1.1.1;1.1.1	78183;96179	ENSMUSG00000117193	1.1.1	86061	many_to_one
ENSG00000069188	lincDivg	ENSMUSG00000041592	lincDivg	ENSG00000263574	n.1.1	93409	ENSMUSG00000086760	1.1.1	24360	one_to_one
ENSG00000187231	lincDivg	ENSMUSG00000042272	lincDivg	ENSG00000237477	1.1.1	8999	ENSMUSG00000085277	1.1.1	34159	one_to_one
ENSG00000151353	lincDivg	ENSMUSG00000043061	lincDivg	ENSG00000231173;ENSG00000223751	1.1.1;n.1.1	64571;63479	ENSMUSG00000100674	1.1.1	97374	many_to_one
ENSG00000183273	lincDivg	ENSMUSG00000043913	lincDivg	ENSG00000281196	n.1.1	31332	ENSMUSG00000087124;ENSMUSG00000086715	1.1.1;1.1.1	12315;23375	one_to_many
ENSG00000129422	lincDivg	ENSMUSG00000045636	lincDivg	ENSG00000253671	n.1.1	7267	ENSMUSG00000120793	1.1.1	20372	one_to_one
ENSG00000198912	lincDivg	ENSMUSG00000047613	lincDivg	ENSG00000284668;ENSG00000233304	n.1.1;n.1.1	75840;40193	ENSMUSG00000086272	n.1.1	6694	many_to_one
ENSG00000169122	lincDivg	ENSMUSG00000049119	lincDivg	ENSG00000253376	n.1.1	60194	ENSMUSG00000087099	1.1.1	92867	one_to_one
ENSG00000145536	lincDivg	ENSMUSG00000049538	lincDivg	ENSG00000250529;ENSG00000251426	1.1.1;n.1.1	62019;90833	ENSMUSG00000021600	1.1.1	41137	many_to_one
ENSG00000181830	lincDivg	ENSMUSG00000049922	lincDivg	ENSG00000255226;ENSG00000255426	n.1.1;1.1.1	51793;68306	ENSMUSG00000085261	n.1.1	23281	many_to_one
ENSG00000174749	lincDivg	ENSMUSG00000050549	lincDivg	ENSG00000249815	n.1.1	33181	ENSMUSG00000104763;ENSMUSG00000106437	n.1.1;1.1.1	19844;74385	one_to_many
ENSG00000101292	lincDivg	ENSMUSG00000050558	lincDivg	ENSG00000276688	1.1.1	90610	ENSMUSG00000027345	1.1.1	39294	one_to_one
ENSG00000126856	lincDivg	ENSMUSG00000051977	lincDivg	ENSG00000260923;ENSG00000260528	n.1.1;n.1.1	81145;10189	ENSMUSG00000116924	n.n.n	67409	many_to_one
ENSG00000116117	lincDivg	ENSMUSG00000052062	lincDivg	ENSG00000236634	1.1.1	71638	ENSMUSG00000086009	1.1.1	17675	one_to_one
ENSG00000092820	lincDivg	ENSMUSG00000052397	lincDivg	ENSG00000203711;ENSG00000285159	n.n.n;1.1.1	50480;34220	ENSMUSG00000116644	n.1.1	25725	many_to_one
ENSG00000109189	lincDivg	ENSMUSG00000054814	lincDivg	ENSG00000260120	1.1.1	21308	ENSMUSG00000106943	n.1.1	24603	one_to_one
ENSG00000169067	lincDivg	ENSMUSG00000055194	lincDivg	ENSG00000249436	n.1.1	91216	ENSMUSG00000114824	1.1.1	25582	one_to_one
ENSG00000169740	lincDivg	ENSMUSG00000059689	lincDivg	ENSG00000228426	1.1.1	16787	ENSMUSG00000099869	n.1.1	89411	one_to_one
ENSG00000172164	lincDivg	ENSMUSG00000060429	lincDivg	ENSG00000253619	1.1.1	99792	ENSMUSG00000115361;ENSMUSG00000115200	1.1.1;1.1.1	97095;16453	one_to_many
ENSG00000143079	lincDivg	ENSMUSG00000062127	lincDivg	ENSG00000231246	n.1.1	35589	ENSMUSG00000051788	1.1.1	13698	one_to_one
ENSG00000128052	lincDivg	ENSMUSG00000062960	lincDivg	ENSG00000287060	1.1.1	32282	ENSMUSG00000120170;ENSMUSG00000106756	n.1.1;1.1.1	37910;64640	one_to_many
ENSG00000179930	lincDivg	ENSMUSG00000066797	lincDivg	ENSG00000225982;ENSG00000289573	1.1.1;1.1.1	24839;87991	ENSMUSG00000100627	n.1.1	83236	many_to_one
ENSG00000175274	lincDivg	ENSMUSG00000068735	lincDivg	ENSG00000254654	n.1.1	22464	ENSMUSG00000121187	1.1.1	24598	one_to_one
ENSG00000203952	lincDivg	ENSMUSG00000073207	lincDivg	ENSG00000283638	1.1.1	62958	ENSMUSG00000086173	n.1.1	46240	one_to_one
ENSG00000181449	lincDivg	ENSMUSG00000074637	lincDivg	ENSG00000239381	n.1.1	11314	ENSMUSG00000106525;ENSMUSG00000105222	1.1.1;1.1.1	78203;48157	one_to_many
ENSG00000165650	lincDivg	ENSMUSG00000074746	lincDivg	ENSG00000258114	1.1.1	49754	ENSMUSG00000110210	1.1.1	44004	one_to_one
ENSG00000088970	lincDivg	ENSMUSG00000074749	lincDivg	ENSG00000225127	n.1.1	19469	ENSMUSG00000087618	1.1.1	16132	one_to_one
ENSG00000148572	lincDivg	ENSMUSG00000075000	lincDivg	ENSG00000224301	1.1.1	7660	ENSMUSG00000112314	1.1.1	12101	one_to_one
ENSG00000198740	lincDivg	ENSMUSG00000075595	lincDivg	ENSG00000250948	1.1.1	12907	ENSMUSG00000045075	n.1.1	13530	one_to_one
ENSG00000197406	lincDivg	ENSMUSG00000075707	lincDivg	ENSG00000258498	n.n.1	0	ENSMUSG00000113733;ENSMUSG00000113193	1.1.1;1.1.1	91007;42706	one_to_many
ENSG00000124766	lincDivg	ENSMUSG00000076431	lincDivg	ENSG00000280989;ENSG00000231754	n.1.1;n.1.1	72337;69906	ENSMUSG00000086363	n.1.1	60545	many_to_one
ENSG00000183779	lincDivg	ENSMUSG00000085795	lincDivg	ENSG00000253344;ENSG00000254306;ENSG00000254290	1.1.1;1.1.1;n.1.1	21395;69909;95924	ENSMUSG00000100335	n.1.1	92945	many_to_one
ENSG00000183741	lincDivg	ENSMUSG00000089715	lincDivg	ENSG00000288106	1.1.1	14588	ENSMUSG00000115971	1.1.1	8475	one_to_one
ENSG00000119866	lincSS.dw	ENSMUSG00000000861	lincSS.dw	ENSG00000228590	n.1.1	10692	ENSMUSG00000085579;ENSMUSG00000120674	1.1.1;n.1.1	27295;81537	one_to_many
ENSG00000116604	lincSS.dw	ENSMUSG00000001419	lincSS.dw	ENSG00000125462	n.n.n	33026	ENSMUSG00000097428	n.1.1	28537	one_to_one
ENSG00000163870	lincSS.dw	ENSMUSG00000002871	lincSS.dw	ENSG00000239921	n.1.1	33415	ENSMUSG00000055403	n.1.1	38445	one_to_one
ENSG00000072958	lincSS.dw	ENSMUSG00000003033	lincSS.dw	ENSG00000289333	1.1.1	37914	ENSMUSG00000120692	1.1.1	11226	one_to_one
ENSG00000148408	lincSS.dw	ENSMUSG00000004113	lincSS.dw	ENSG00000290588;ENSG00000290585	n.1.1;n.1.1	25451;92444	ENSMUSG00000085330	1.1.1	37190	many_to_one
ENSG00000081189	lincSS.dw	ENSMUSG00000005583	lincSS.dw	ENSG00000250377;ENSG00000245526	n.1.1;n.1.1	22076;26060	ENSMUSG00000050334	n.1.1	48182	many_to_one
ENSG00000186260	lincSS.dw	ENSMUSG00000009569	lincSS.dw	ENSG00000262454	n.1.1	34616	ENSMUSG00000109857	n.1.1	30374	one_to_one
ENSG00000198719	lincSS.dw	ENSMUSG00000014773	lincSS.dw	ENSG00000271820;ENSG00000230960	1.1.1;n.1.1	5444;19473	ENSMUSG00000116851	1.1.1	81996	many_to_one
ENSG00000112149	lincSS.dw	ENSMUSG00000015396	lincSS.dw	ENSG00000286281	1.1.1	73375	ENSMUSG00000114192;ENSMUSG00000113780	n.1.1;1.1.1	39306;61537	one_to_many
ENSG00000117335	lincSS.dw	ENSMUSG00000016493	lincSS.dw	ENSG00000289071	1.1.1	27390	ENSMUSG00000104077	n.1.1	18541	one_to_one
ENSG00000131242	lincSS.dw	ENSMUSG00000017639	lincSS.dw	ENSG00000266877;ENSG00000278546;ENSG00000228768	1.1.1;1.1.1;1.1.1	44951;21921;32931	ENSMUSG00000084969	1.1.1	6607	many_to_one
ENSG00000278619	lincSS.dw	ENSMUSG00000018405	lincSS.dw	ENSG00000275720;ENSG00000276508	1.1.1;1.1.1	25105;75790	ENSMUSG00000085044;ENSMUSG00000087407	1.1.1;1.1.1	92629;35232	many_to_many_strict
ENSG00000152818	lincSS.dw	ENSMUSG00000019820	lincSS.dw	ENSG00000289850	1.1.1	69281	ENSMUSG00000112131;ENSMUSG00000112156	1.1.1;1.1.1	52964;57527	one_to_many
ENSG00000165476	lincSS.dw	ENSMUSG00000019873	lincSS.dw	ENSG00000286373;ENSG00000228566	1.1.1;n.1.1	5544;39536	ENSMUSG00000097134;ENSMUSG00000120434	n.1.1;n.1.1	88931;97796	many_to_many_strict
ENSG00000139318	lincSS.dw	ENSMUSG00000019960	lincSS.dw	ENSG00000246363	n.1.1	37669	ENSMUSG00000044633	n.1.1	31399	one_to_one
ENSG00000111530	lincSS.dw	ENSMUSG00000020114	lincSS.dw	ENSG00000286563	1.1.1	9061	ENSMUSG00000112161	1.1.1	32870	one_to_one
ENSG00000139289	lincSS.dw	ENSMUSG00000020205	lincSS.dw	ENSG00000258077	n.1.1	41432	ENSMUSG00000112249	n.1.1	86476	one_to_one
ENSG00000240857	lincSS.dw	ENSMUSG00000020621	lincSS.dw	ENSG00000287849;ENSG00000260331	n.1.1;1.1.1	40271;6519	ENSMUSG00000112792	n.1.1	50826	many_to_one
ENSG00000108984	lincSS.dw	ENSMUSG00000020623	lincSS.dw	ENSG00000227517	n.1.1	23386	ENSMUSG00000085985	1.1.1	18985	one_to_one
ENSG00000008294	lincSS.dw	ENSMUSG00000020859	lincSS.dw	ENSG00000247011	n.1.1	17461	ENSMUSG00000086003	n.1.1	11571	one_to_one
ENSG00000151332	lincSS.dw	ENSMUSG00000021028	lincSS.dw	ENSG00000259104	n.1.1	81280	ENSMUSG00000112211	n.1.1	52560	one_to_one
ENSG00000139921	lincSS.dw	ENSMUSG00000021072	lincSS.dw	ENSG00000258479	n.1.1	75413	ENSMUSG00000113302;ENSMUSG00000113944	1.1.1;1.1.1	54558;10575	one_to_many
ENSG00000100614	lincSS.dw	ENSMUSG00000021096	lincSS.dw	ENSG00000258556	1.1.1	24149	ENSMUSG00000113779	1.1.1	17893	one_to_one
ENSG00000090060	lincSS.dw	ENSMUSG00000021111	lincSS.dw	ENSG00000287350;ENSG00000258702	1.1.1;n.1.1	96675;25283	ENSMUSG00000113537;ENSMUSG00000113835	1.1.1;1.1.1	25318;60867	many_to_many_strict
ENSG00000185650	lincSS.dw	ENSMUSG00000021127	lincSS.dw	ENSG00000289583	1.1.1	7442	ENSMUSG00000111933	1.1.1	26320	one_to_one
ENSG00000170345	lincSS.dw	ENSMUSG00000021250	lincSS.dw	ENSG00000289844;ENSG00000259687	1.1.1;n.1.1	53725;12174	ENSMUSG00000120232;ENSMUSG00000114163	n.1.1;1.1.1	47338;52325	many_to_many_strict
ENSG00000112799	lincSS.dw	ENSMUSG00000021423	lincSS.dw	ENSG00000288046;ENSG00000287497	1.1.1;n.1.1	70053;55494	ENSMUSG00000100022;ENSMUSG00000114573;ENSMUSG00000114701	n.1.1;1.1.1;1.1.1	89904;63349;53002	many_to_many
ENSG00000148090	lincSS.dw	ENSMUSG00000021460	lincSS.dw	ENSG00000237422	n.1.1	50487	ENSMUSG00000113737	n.n.n	77914	one_to_one
ENSG00000214944	lincSS.dw	ENSMUSG00000021662	lincSS.dw	ENSG00000259968	1.1.1	10947	ENSMUSG00000114474	1.1.1	22807	one_to_one
ENSG00000126777	lincSS.dw	ENSMUSG00000021843	lincSS.dw	ENSG00000258784	1.1.1	46682	ENSMUSG00000115310	n.1.1	65341	one_to_one
ENSG00000120675	lincSS.dw	ENSMUSG00000022013	lincSS.dw	ENSG00000229928	1.1.1	44418	ENSMUSG00000075512	1.1.1	21713	one_to_one
ENSG00000133106	lincSS.dw	ENSMUSG00000022014	lincSS.dw	ENSG00000229546	1.1.1	43501	ENSMUSG00000115517	1.1.1	17071	one_to_one
ENSG00000221818	lincSS.dw	ENSMUSG00000022053	lincSS.dw	ENSG00000285890	1.1.1	8261	ENSMUSG00000114744	1.1.1	45955	one_to_one
ENSG00000129562	lincSS.dw	ENSMUSG00000022174	lincSS.dw	ENSG00000251002;ENSG00000259054	n.1.1;1.1.1	80445;7845	ENSMUSG00000106112	1.1.1	89192	many_to_one
ENSG00000136997	lincSS.dw	ENSMUSG00000022346	lincSS.dw	ENSG00000249859	n.1.1	51575	ENSMUSG00000097039	n.1.1	47594	one_to_one
ENSG00000129295	lincSS.dw	ENSMUSG00000022375	lincSS.dw	ENSG00000253521	n.1.1	5170	ENSMUSG00000115784	1.1.1	39144	one_to_one
ENSG00000140694	lincSS.dw	ENSMUSG00000022685	lincSS.dw	ENSG00000260009;ENSG00000263257	1.1.1;n.1.1	65434;16792	ENSMUSG00000099411	n.1.1	16853	many_to_one
ENSG00000159055	lincSS.dw	ENSMUSG00000022978	lincSS.dw	ENSG00000261610	1.1.1	6643	ENSMUSG00000116582	1.1.1	42312	one_to_one
ENSG00000178772	lincSS.dw	ENSMUSG00000023176	lincSS.dw	ENSG00000214145	n.1.1	16897	ENSMUSG00000097621	1.1.1	50499	one_to_one
ENSG00000112562	lincSS.dw	ENSMUSG00000023886	lincSS.dw	ENSG00000289090;ENSG00000235815	1.1.1;1.1.1	52690;43161	ENSMUSG00000116801	1.1.1	44781	many_to_one
ENSG00000082397	lincSS.dw	ENSMUSG00000024044	lincSS.dw	ENSG00000266288	1.1.1	7051	ENSMUSG00000117323	1.1.1	26005	one_to_one
ENSG00000112893	lincSS.dw	ENSMUSG00000024085	lincSS.dw	ENSG00000254106	1.1.1	13557	ENSMUSG00000117105	1.1.1	12001	one_to_one
ENSG00000068784	lincSS.dw	ENSMUSG00000024135	lincSS.dw	ENSG00000205054	n.1.1	65283	ENSMUSG00000117501	n.1.1	56058	one_to_one
ENSG00000171885	lincSS.dw	ENSMUSG00000024411	lincSS.dw	ENSG00000263382	n.1.1	26872	ENSMUSG00000117380;ENSMUSG00000119962	1.1.1;n.1.1	76797;43297	one_to_many
ENSG00000198795	lincSS.dw	ENSMUSG00000024420	lincSS.dw	ENSG00000264345	n.1.1	74005	ENSMUSG00000117608	n.1.1	85613	one_to_one
ENSG00000145794	lincSS.dw	ENSMUSG00000024593	lincSS.dw	ENSG00000271766	1.1.1	12558	ENSMUSG00000118343	1.1.1	18930	one_to_one
ENSG00000138182	lincSS.dw	ENSMUSG00000024795	lincSS.dw	ENSG00000232229;ENSG00000280560	n.1.1;n.1.1	54544;78656	ENSMUSG00000117865	1.1.1	78720	many_to_one
ENSG00000165832	lincSS.dw	ENSMUSG00000025086	lincSS.dw	ENSG00000236799	1.1.1	16981	ENSMUSG00000118178;ENSMUSG00000117655	1.1.1;n.1.1	31252;17559	one_to_many
ENSG00000124812	lincSS.dw	ENSMUSG00000025774	lincSS.dw	ENSG00000226707	1.1.1	9475	ENSMUSG00000109887	n.1.1	56135	one_to_one
ENSG00000030419	lincSS.dw	ENSMUSG00000025997	lincSS.dw	ENSG00000286965	1.1.1	62171	ENSMUSG00000100354	1.1.1	37426	one_to_one
ENSG00000072080	lincSS.dw	ENSMUSG00000026295	lincSS.dw	ENSG00000226442	1.1.1	31947	ENSMUSG00000100908	1.1.1	33245	one_to_one
ENSG00000166401	lincSS.dw	ENSMUSG00000026315	lincSS.dw	ENSG00000267134	n.1.1	21776	ENSMUSG00000086161	1.1.1	76524	one_to_one
ENSG00000123685	lincSS.dw	ENSMUSG00000026630	lincSS.dw	ENSG00000237980	n.1.1	20779	ENSMUSG00000102777	1.1.1	23712	one_to_one
ENSG00000065675	lincSS.dw	ENSMUSG00000026778	lincSS.dw	ENSG00000289934	1.1.1	44060	ENSMUSG00000086006;ENSMUSG00000086491	n.1.1;1.1.1	38209;83781	one_to_many
ENSG00000137872	lincSS.dw	ENSMUSG00000027200	lincSS.dw	ENSG00000259754	n.n.n	38501	ENSMUSG00000087450	1.1.1	40885	one_to_one
ENSG00000125772	lincSS.dw	ENSMUSG00000027346	lincSS.dw	ENSG00000225640;ENSG00000205181;ENSG00000226995	1.1.1;n.1.1;n.1.1	34437;17730;73345	ENSMUSG00000086250	1.1.1	27934	many_to_one
ENSG00000166069	lincSS.dw	ENSMUSG00000027355	lincSS.dw	ENSG00000259225	n.1.1	12952	ENSMUSG00000085316	n.1.1	21782	one_to_one
ENSG00000153094	lincSS.dw	ENSMUSG00000027381	lincSS.dw	ENSG00000230499;ENSG00000229118	1.1.1;1.1.1	27518;96838	ENSMUSG00000085750	n.1.1	27440	many_to_one
ENSG00000089006	lincSS.dw	ENSMUSG00000027423	lincSS.dw	ENSG00000233625	1.1.1	53437	ENSMUSG00000074758	n.n.n	42133	one_to_one
ENSG00000104267	lincSS.dw	ENSMUSG00000027562	lincSS.dw	ENSG00000254380	n.1.1	14200	ENSMUSG00000098008	1.1.1	70431	one_to_one
ENSG00000168811	lincSS.dw	ENSMUSG00000027776	lincSS.dw	ENSG00000242107	1.1.1	20005	ENSMUSG00000102936	1.1.1	62948	one_to_one
ENSG00000125703	lincSS.dw	ENSMUSG00000028550	lincSS.dw	ENSG00000234318	1.1.1	30493	ENSMUSG00000070891	1.1.1	36113	one_to_one
ENSG00000168421	lincSS.dw	ENSMUSG00000029204	lincSS.dw	ENSG00000250338	1.1.1	18505	ENSMUSG00000120641	1.1.1	13998	one_to_one
ENSG00000163743	lincSS.dw	ENSMUSG00000029397	lincSS.dw	ENSG00000248646	1.1.1	44584	ENSMUSG00000107301	1.1.1	35501	one_to_one
ENSG00000138772	lincSS.dw	ENSMUSG00000029484	lincSS.dw	ENSG00000251442	n.1.1	28329	ENSMUSG00000106319	1.1.1	33376	one_to_one
ENSG00000152484	lincSS.dw	ENSMUSG00000029640	lincSS.dw	ENSG00000283579	1.1.1	74160	ENSMUSG00000120417	1.1.1	47296	one_to_one
ENSG00000165733	lincSS.dw	ENSMUSG00000030138	lincSS.dw	ENSG00000234944	1.1.1	36584	ENSMUSG00000107933	1.1.1	74997	one_to_one
ENSG00000139163	lincSS.dw	ENSMUSG00000030275	lincSS.dw	ENSG00000256923;ENSG00000256995	1.1.1;n.1.1	51917;9194	ENSMUSG00000072679	n.1.1	13581	many_to_one
ENSG00000197905	lincSS.dw	ENSMUSG00000030353	lincSS.dw	ENSG00000289980	1.1.1	7501	ENSMUSG00000056771	n.1.1	23643	one_to_one
ENSG00000185551	lincSS.dw	ENSMUSG00000030551	lincSS.dw	ENSG00000259275;ENSG00000259312	n.1.1;1.1.1	13974;98307	ENSMUSG00000109361;ENSMUSG00000109097	1.1.1;n.1.1	6134;14071	many_to_many_strict
ENSG00000213658	lincSS.dw	ENSMUSG00000030742	lincSS.dw	ENSG00000103472	n.1.1	84192	ENSMUSG00000108417	n.1.1	12205	one_to_one
ENSG00000036448	lincSS.dw	ENSMUSG00000031461	lincSS.dw	ENSG00000288782	n.1.1	37768	ENSMUSG00000110286	n.1.1	7503	one_to_one
ENSG00000102524	lincSS.dw	ENSMUSG00000031497	lincSS.dw	ENSG00000283384	n.1.1	26870	ENSMUSG00000109545	1.1.1	25982	one_to_one
ENSG00000187498	lincSS.dw	ENSMUSG00000031502	lincSS.dw	ENSG00000275830;ENSG00000287575	n.1.1;1.1.1	19827;12057	ENSMUSG00000109029	1.1.1	49177	many_to_one
ENSG00000198948	lincSS.dw	ENSMUSG00000031647	lincSS.dw	ENSG00000248319	n.1.1	10644	ENSMUSG00000109992	1.1.1	42562	one_to_one
ENSG00000103449	lincSS.dw	ENSMUSG00000031665	lincSS.dw	ENSG00000260605;ENSG00000260620;ENSG00000287718	1.1.1;1.1.1;1.1.1	97218;79583;40030	ENSMUSG00000120587	1.1.1	19933	many_to_one
ENSG00000137699	lincSS.dw	ENSMUSG00000032013	lincSS.dw	ENSG00000255216	n.1.1	97666	ENSMUSG00000110823	n.1.1	20158	one_to_one
ENSG00000140382	lincSS.dw	ENSMUSG00000032329	lincSS.dw	ENSG00000259362	1.1.1	39933	ENSMUSG00000110821	1.1.1	42969	one_to_one
ENSG00000114019	lincSS.dw	ENSMUSG00000032531	lincSS.dw	ENSG00000260633	1.1.1	6114	ENSMUSG00000093812;ENSMUSG00000110884	1.1.1;1.1.1	6230;38077	one_to_many
ENSG00000205309	lincSS.dw	ENSMUSG00000032615	lincSS.dw	ENSG00000290056	1.1.1	44153	ENSMUSG00000084766	1.1.1	17406	one_to_one
ENSG00000065559	lincSS.dw	ENSMUSG00000033352	lincSS.dw	ENSG00000265400	1.1.1	57770	ENSMUSG00000120678	n.1.1	38391	one_to_one
ENSG00000119669	lincSS.dw	ENSMUSG00000034168	lincSS.dw	ENSG00000285966	1.1.1	23934	ENSMUSG00000120715	1.1.1	55753	one_to_one
ENSG00000141665	lincSS.dw	ENSMUSG00000034391	lincSS.dw	ENSG00000263655	1.1.1	39192	ENSMUSG00000118198	n.1.1	90317	one_to_one
ENSG00000128342	lincSS.dw	ENSMUSG00000034394	lincSS.dw	ENSG00000289846	1.1.1	23698	ENSMUSG00000085512	1.1.1	12946	one_to_one
ENSG00000137831	lincSS.dw	ENSMUSG00000034485	lincSS.dw	ENSG00000280639	1.1.1	67948	ENSMUSG00000111444	1.1.1	38853	one_to_one
ENSG00000124275	lincSS.dw	ENSMUSG00000034617	lincSS.dw	ENSG00000251168	1.1.1	18267	ENSMUSG00000113394	1.1.1	69391	one_to_one
ENSG00000144802	lincSS.dw	ENSMUSG00000035356	lincSS.dw	ENSG00000214407;ENSG00000287682;ENSG00000241280	1.1.1;1.1.1;n.1.1	79837;17311;99336	ENSMUSG00000120214	n.1.1	12409	many_to_one
ENSG00000178966	lincSS.dw	ENSMUSG00000035367	lincSS.dw	ENSG00000227463	n.1.1	55224	ENSMUSG00000114654	1.1.1	31873	one_to_one
ENSG00000032389	lincSS.dw	ENSMUSG00000036613	lincSS.dw	ENSG00000234423;ENSG00000236760	n.1.1;n.1.1	62899;43145	ENSMUSG00000120379;ENSMUSG00000113387	n.1.1;1.1.1	28703;40364	many_to_many_strict
ENSG00000137834	lincSS.dw	ENSMUSG00000036867	lincSS.dw	ENSG00000277152	1.1.1	77454	ENSMUSG00000111058	n.1.1	11274	one_to_one
ENSG00000174963	lincSS.dw	ENSMUSG00000036972	lincSS.dw	ENSG00000243620	n.1.1	15390	ENSMUSG00000100341	1.1.1	15126	one_to_one
ENSG00000143476	lincSS.dw	ENSMUSG00000037474	lincSS.dw	ENSG00000229983	1.1.1	60807	ENSMUSG00000103517	1.1.1	43450	one_to_one
ENSG00000165061	lincSS.dw	ENSMUSG00000037492	lincSS.dw	ENSG00000272479	1.1.1	10432	ENSMUSG00000109419;ENSMUSG00000053979	1.1.1;1.1.1	63925;17319	one_to_many
ENSG00000198445	lincSS.dw	ENSMUSG00000038044	lincSS.dw	ENSG00000290416	1.1.1	8149	ENSMUSG00000101856	1.1.1	11986	one_to_one
ENSG00000164107	lincSS.dw	ENSMUSG00000038193	lincSS.dw	ENSG00000288776;ENSG00000261646	n.1.1;1.1.1	5679;54928	ENSMUSG00000097910	n.1.1	16167	many_to_one
ENSG00000167081	lincSS.dw	ENSMUSG00000038718	lincSS.dw	ENSG00000232413	1.1.1	90203	ENSMUSG00000103413;ENSMUSG00000087461	1.1.1;n.1.1	60013;63722	one_to_many
ENSG00000196814	lincSS.dw	ENSMUSG00000038740	lincSS.dw	ENSG00000233721;ENSG00000226078	1.1.1;1.1.1	9376;20577	ENSMUSG00000085463	1.1.1	11054	many_to_one
ENSG00000149658	lincSS.dw	ENSMUSG00000038848	lincSS.dw	ENSG00000231977;ENSG00000260416;ENSG00000286628	n.1.1;1.1.1;1.1.1	14526;65970;43342	ENSMUSG00000086166;ENSMUSG00000121094	1.1.1;1.1.1	14717;11420	many_to_many
ENSG00000185950	lincSS.dw	ENSMUSG00000038894	lincSS.dw	ENSG00000285534	1.1.1	20995	ENSMUSG00000109508;ENSMUSG00000108969;ENSMUSG00000038917;ENSMUSG00000109084;ENSMUSG00000109291	1.1.1;1.1.1;n.1.1;1.1.1;1.1.1	13867;93090;55985;36791;84077	one_to_many
ENSG00000041515	lincSS.dw	ENSMUSG00000039057	lincSS.dw	ENSG00000223617;ENSG00000275216	n.1.1;n.1.1	73968;61629	ENSMUSG00000109503;ENSMUSG00000109067;ENSMUSG00000109432;ENSMUSG00000108997	1.1.1;1.1.1;n.1.1;1.1.1	50609;88744;53206;97934	many_to_many
ENSG00000124215	lincSS.dw	ENSMUSG00000039155	lincSS.dw	ENSG00000228340;ENSG00000176659	n.1.1;n.1.1	53650;21842	ENSMUSG00000120838	1.1.1	6989	many_to_one
ENSG00000118507	lincSS.dw	ENSMUSG00000039166	lincSS.dw	ENSG00000289262	1.1.1	10882	ENSMUSG00000120461	n.1.1	70981	one_to_one
ENSG00000092969	lincSS.dw	ENSMUSG00000039239	lincSS.dw	ENSG00000228208	n.1.1	14646	ENSMUSG00000103690	n.1.1	64111	one_to_one
ENSG00000118242	lincSS.dw	ENSMUSG00000039395	lincSS.dw	ENSG00000235770	n.1.1	93630	ENSMUSG00000102123	1.1.1	37441	one_to_one
ENSG00000129221	lincSS.dw	ENSMUSG00000040554	lincSS.dw	ENSG00000285593	1.1.1	18613	ENSMUSG00000085528	1.1.1	87841	one_to_one
ENSG00000171316	lincSS.dw	ENSMUSG00000041235	lincSS.dw	ENSG00000287975;ENSG00000254777	n.1.1;n.1.1	16766;42025	ENSMUSG00000120700	1.1.1	71573	many_to_one
ENSG00000062650	lincSS.dw	ENSMUSG00000041408	lincSS.dw	ENSG00000286359	1.1.1	32055	ENSMUSG00000120637;ENSMUSG00000097310	n.1.1;n.1.1	26566;11419	one_to_many
ENSG00000162702	lincSS.dw	ENSMUSG00000041483	lincSS.dw	ENSG00000273093	1.1.1	88973	ENSMUSG00000097113;ENSMUSG00000097448	n.1.1;1.1.1	40716;66158	one_to_many
ENSG00000118193	lincSS.dw	ENSMUSG00000041498	lincSS.dw	ENSG00000282849	1.1.1	67893	ENSMUSG00000104414	1.1.1	10094	one_to_one
ENSG00000133195	lincSS.dw	ENSMUSG00000041654	lincSS.dw	ENSG00000227036	n.1.1	27511	ENSMUSG00000087259;ENSMUSG00000085421	n.1.1;n.1.1	42959;35184	one_to_many
ENSG00000171617	lincSS.dw	ENSMUSG00000041773	lincSS.dw	ENSG00000248673	n.1.1	90430	ENSMUSG00000097932;ENSMUSG00000121017	1.1.1;1.1.1	30149;39136	one_to_many
ENSG00000140450	lincSS.dw	ENSMUSG00000042659	lincSS.dw	ENSG00000258483	n.1.1	29205	ENSMUSG00000108876	1.1.1	10528	one_to_one
ENSG00000170370	lincSS.dw	ENSMUSG00000043969	lincSS.dw	ENSG00000288172	1.1.1	30308	ENSMUSG00000100119	1.1.1	27779	one_to_one
ENSG00000180537	lincSS.dw	ENSMUSG00000044164	lincSS.dw	ENSG00000233981	1.1.1	24610	ENSMUSG00000114121;ENSMUSG00000110016	1.1.1;1.1.1	12175;45846	one_to_many
ENSG00000179715	lincSS.dw	ENSMUSG00000044250	lincSS.dw	ENSG00000258181;ENSG00000276454	n.1.1;1.1.1	11462;29003	ENSMUSG00000120469	1.1.1	81535	many_to_one
ENSG00000170989	lincSS.dw	ENSMUSG00000045092	lincSS.dw	ENSG00000231671	n.1.1	79624	ENSMUSG00000120078	n.1.1	68844	one_to_one
ENSG00000198914	lincSS.dw	ENSMUSG00000045515	lincSS.dw	ENSG00000287135	1.1.1	70229	ENSMUSG00000099784	1.1.1	47536	one_to_one
ENSG00000176788	lincSS.dw	ENSMUSG00000045763	lincSS.dw	ENSG00000248223	1.1.1	77067	ENSMUSG00000115355	n.1.1	30618	one_to_one
ENSG00000152518	lincSS.dw	ENSMUSG00000045817	lincSS.dw	ENSG00000230587	n.1.1	5156	ENSMUSG00000117485;ENSMUSG00000121234	n.1.1;1.1.1	27491;55510	one_to_many
ENSG00000169372	lincSS.dw	ENSMUSG00000045867	lincSS.dw	ENSG00000271382	1.1.1	50201	ENSMUSG00000112481;ENSMUSG00000112501	n.1.1;1.1.1	28888;37872	one_to_many
ENSG00000164325	lincSS.dw	ENSMUSG00000046082	lincSS.dw	ENSG00000249743	n.1.1	38787	ENSMUSG00000114521;ENSMUSG00000120268	1.1.1;1.1.1	17316;99047	one_to_many
ENSG00000161267	lincSS.dw	ENSMUSG00000046598	lincSS.dw	ENSG00000229912;ENSG00000235126	1.1.1;1.1.1	53129;51460	ENSMUSG00000116572;ENSMUSG00000116762	1.1.1;1.1.1	11025;49486	many_to_many_strict
ENSG00000197651	lincSS.dw	ENSMUSG00000047025	lincSS.dw	ENSG00000288102	1.1.1	96874	ENSMUSG00000112497	n.1.1	19849	one_to_one
ENSG00000122644	lincSS.dw	ENSMUSG00000047446	lincSS.dw	ENSG00000229618	n.1.1	35194	ENSMUSG00000113874	1.1.1	82588	one_to_one
ENSG00000139926	lincSS.dw	ENSMUSG00000048285	lincSS.dw	ENSG00000259111	1.1.1	19833	ENSMUSG00000113707	1.1.1	10025	one_to_one
ENSG00000186106	lincSS.dw	ENSMUSG00000048307	lincSS.dw	ENSG00000253842	n.1.1	77026	ENSMUSG00000120582;ENSMUSG00000114981;ENSMUSG00000115395	1.1.1;n.n.n;1.1.1	22121;87496;40977	one_to_many
ENSG00000137642	lincSS.dw	ENSMUSG00000049313	lincSS.dw	ENSG00000286044	n.1.1	40498	ENSMUSG00000111511;ENSMUSG00000111726	n.1.1;1.1.1	88452;74116	one_to_many
ENSG00000170264	lincSS.dw	ENSMUSG00000049811	lincSS.dw	ENSG00000289410	n.1.1	60543	ENSMUSG00000085665	1.1.1	37210	one_to_one
ENSG00000275342	lincSS.dw	ENSMUSG00000050271	lincSS.dw	ENSG00000291048;ENSG00000253893	n.1.1;1.1.1	73069;91122	ENSMUSG00000110116;ENSMUSG00000109704	1.1.1;n.1.1	28354;11692	many_to_many_strict
ENSG00000212916	lincSS.dw	ENSMUSG00000050930	lincSS.dw	ENSG00000286774	1.1.1	33457	ENSMUSG00000120908	1.1.1	12237	one_to_one
ENSG00000118492	lincSS.dw	ENSMUSG00000050994	lincSS.dw	ENSG00000227748	n.1.1	39521	ENSMUSG00000112573	1.1.1	38774	one_to_one
ENSG00000174099	lincSS.dw	ENSMUSG00000051236	lincSS.dw	ENSG00000256268;ENSG00000255866	n.1.1;n.1.1	97681;65495	ENSMUSG00000112716;ENSMUSG00000111907	n.1.1;1.1.1	81893;15068	many_to_many_strict
ENSG00000170340	lincSS.dw	ENSMUSG00000051650	lincSS.dw	ENSG00000228541	n.n.n	71515	ENSMUSG00000085979	1.1.1	26752	one_to_one
ENSG00000187676	lincSS.dw	ENSMUSG00000051950	lincSS.dw	ENSG00000278305	1.1.1	87713	ENSMUSG00000107214	n.1.1	85148	one_to_one
ENSG00000168502	lincSS.dw	ENSMUSG00000052105	lincSS.dw	ENSG00000287719	1.1.1	81221	ENSMUSG00000121208	1.1.1	70054	one_to_one
ENSG00000196090	lincSS.dw	ENSMUSG00000053141	lincSS.dw	ENSG00000228959	1.1.1	57274	ENSMUSG00000100943	1.1.1	7978	one_to_one
ENSG00000143512	lincSS.dw	ENSMUSG00000053461	lincSS.dw	ENSG00000276997;ENSG00000226643	n.1.1;1.1.1	17636;67553	ENSMUSG00000103451	1.1.1	77992	many_to_one
ENSG00000153574	lincSS.dw	ENSMUSG00000053604	lincSS.dw	ENSG00000291127	n.1.1	14878	ENSMUSG00000119951	n.1.1	46818	one_to_one
ENSG00000168875	lincSS.dw	ENSMUSG00000053747	lincSS.dw	ENSG00000261146;ENSG00000239513	1.1.1;n.1.1	25639;5326	ENSMUSG00000110929	1.1.1	15793	many_to_one
ENSG00000152936	lincSS.dw	ENSMUSG00000054966	lincSS.dw	ENSG00000278743	1.1.1	23066	ENSMUSG00000120520	1.1.1	23247	one_to_one
ENSG00000148053	lincSS.dw	ENSMUSG00000055254	lincSS.dw	ENSG00000285556	1.1.1	71595	ENSMUSG00000114854	n.1.1	11903	one_to_one
ENSG00000079308	lincSS.dw	ENSMUSG00000055322	lincSS.dw	ENSG00000231672	n.1.1	42995	ENSMUSG00000101344;ENSMUSG00000100301	1.1.1;n.1.1	68314;45765	one_to_many
ENSG00000176907	lincSS.dw	ENSMUSG00000056313	lincSS.dw	ENSG00000254143	1.1.1	6148	ENSMUSG00000109299	1.1.1	77744	one_to_one
ENSG00000172216	lincSS.dw	ENSMUSG00000056501	lincSS.dw	ENSG00000224397	n.1.1	54975	ENSMUSG00000084797;ENSMUSG00000087624	n.1.1;1.1.1	87049;91635	one_to_many
ENSG00000162783	lincSS.dw	ENSMUSG00000056708	lincSS.dw	ENSG00000237292	n.1.1	81584	ENSMUSG00000096950;ENSMUSG00000120457;ENSMUSG00000101880	1.1.1;n.1.1;1.1.1	13095;41501;39182	one_to_many
ENSG00000106459	lincSS.dw	ENSMUSG00000058440	lincSS.dw	ENSG00000290319	1.1.1	23328	ENSMUSG00000103108	1.1.1	19435	one_to_one
ENSG00000163064	lincSS.dw	ENSMUSG00000058665	lincSS.dw	ENSG00000258910	n.1.1	7061	ENSMUSG00000099957	1.1.1	13748	one_to_one
ENSG00000184640	lincSS.dw	ENSMUSG00000059248	lincSS.dw	ENSG00000285535;ENSG00000286534;ENSG00000267506;ENSG00000267665	n.1.1;1.1.1;n.1.1;n.1.1	89936;47533;46344;16291	ENSMUSG00000085336;ENSMUSG00000086588	n.1.1;1.1.1	63844;52064	many_to_many
ENSG00000170965	lincSS.dw	ENSMUSG00000061082	lincSS.dw	ENSG00000223749	n.1.1	19196	ENSMUSG00000087365;ENSMUSG00000101603	n.1.1;n.1.1	12779;16700	one_to_many
ENSG00000120963	lincSS.dw	ENSMUSG00000062397	lincSS.dw	ENSG00000261087;ENSG00000253395	1.1.1;1.1.1	8249;51720	ENSMUSG00000115430	1.1.1	65341	many_to_one
ENSG00000179456	lincSS.dw	ENSMUSG00000063659	lincSS.dw	ENSG00000286486;ENSG00000237759	1.1.1;1.1.1	29830;49889	ENSMUSG00000103043;ENSMUSG00000102432	1.1.1;n.1.1	16614;8202	many_to_many_strict
ENSG00000179930	lincSS.dw	ENSMUSG00000066797	lincSS.dw	ENSG00000287452	1.1.1	55585	ENSMUSG00000100221	n.1.1	50000	one_to_one
ENSG00000196431	lincSS.dw	ENSMUSG00000066975	lincSS.dw	ENSG00000225783;ENSG00000244625	n.1.1;n.1.1	15742;42078	ENSMUSG00000097767	n.1.1	17098	many_to_one
ENSG00000144485	lincSS.dw	ENSMUSG00000067071	lincSS.dw	ENSG00000186235	n.1.1	6556	ENSMUSG00000100253	1.1.1	5454	one_to_one
ENSG00000169184	lincSS.dw	ENSMUSG00000070576	lincSS.dw	ENSG00000289489;ENSG00000227838	1.1.1;1.1.1	78956;33307	ENSMUSG00000120047	n.1.1	33898	many_to_one
ENSG00000113369	lincSS.dw	ENSMUSG00000074794	lincSS.dw	ENSG00000234292	1.1.1	87489	ENSMUSG00000114554;ENSMUSG00000114479	n.1.1;1.1.1	44369;83428	one_to_many
ENSG00000185442	lincSS.dw	ENSMUSG00000078670	lincSS.dw	ENSG00000258647;ENSG00000260337	n.1.1;n.1.1	42919;20986	ENSMUSG00000108448	1.1.1	39627	many_to_one
ENSG00000244687	lincSS.dw	ENSMUSG00000078923	lincSS.dw	ENSG00000231265	1.1.1	39620	ENSMUSG00000120668	1.1.1	18195	one_to_one
ENSG00000205269	lincSS.dw	ENSMUSG00000087370	lincSS.dw	ENSG00000271897	1.1.1	24028	ENSMUSG00000054258	n.1.1	14342	one_to_one
ENSG00000173726	lincSS.dw	ENSMUSG00000093904	lincSS.dw	ENSG00000280587	n.1.1	35121	ENSMUSG00000110697	n.1.1	22452	one_to_one
ENSG00000182968	lincSS.dw	ENSMUSG00000096014	lincSS.dw	ENSG00000260385	1.1.1	11843	ENSMUSG00000120658	1.1.1	57099	one_to_one
ENSG00000118971	lincSS.up	ENSMUSG00000000184	lincSS.up	ENSG00000289105	1.1.1	60948	ENSMUSG00000107013	1.1.1	99445	one_to_one
ENSG00000159399	lincSS.up	ENSMUSG00000000628	lincSS.up	ENSG00000286739	n.n.n	28148	ENSMUSG00000109556	1.1.1	29311	one_to_one
ENSG00000126216	lincSS.up	ENSMUSG00000000759	lincSS.up	ENSG00000277159	1.1.1	14623	ENSMUSG00000074469	1.1.1	34696	one_to_one
ENSG00000198668	lincSS.up	ENSMUSG00000001175	lincSS.up	ENSG00000275198	1.1.1	8529	ENSMUSG00000072884	n.1.1	5895	one_to_one
ENSG00000143815	lincSS.up	ENSMUSG00000004880	lincSS.up	ENSG00000234476	n.n.n	18308	ENSMUSG00000056699	1.1.1	8528	one_to_one
ENSG00000004939	lincSS.up	ENSMUSG00000006574	lincSS.up	ENSG00000285486	1.1.1	8227	ENSMUSG00000087330	1.1.1	9346	one_to_one
ENSG00000153498	lincSS.up	ENSMUSG00000010435	lincSS.up	ENSG00000260343	1.1.1	54597	ENSMUSG00000109582	1.1.1	67688	one_to_one
ENSG00000111245	lincSS.up	ENSMUSG00000013936	lincSS.up	ENSG00000258240	n.1.1	30240	ENSMUSG00000120313	1.1.1	6584	one_to_one
ENSG00000165029	lincSS.up	ENSMUSG00000015243	lincSS.up	ENSG00000230013	n.1.1	42438	ENSMUSG00000087192	n.1.1	45171	one_to_one
ENSG00000130700	lincSS.up	ENSMUSG00000015627	lincSS.up	ENSG00000260542;ENSG00000174403	1.1.1;n.1.1	37914;68170	ENSMUSG00000084843	1.1.1	35792	many_to_one
ENSG00000055208	lincSS.up	ENSMUSG00000015755	lincSS.up	ENSG00000289359	1.1.1	56710	ENSMUSG00000112360	1.1.1	45713	one_to_one
ENSG00000089225	lincSS.up	ENSMUSG00000018263	lincSS.up	ENSG00000289101	n.1.1	37356	ENSMUSG00000120759	1.1.1	34473	one_to_one
ENSG00000135111	lincSS.up	ENSMUSG00000018604	lincSS.up	ENSG00000287982	1.1.1	49582	ENSMUSG00000085708;ENSMUSG00000085345	1.1.1;1.1.1	36205;11407	one_to_many
ENSG00000168118	lincSS.up	ENSMUSG00000019478	lincSS.up	ENSG00000177800	1.1.1	19252	ENSMUSG00000110684;ENSMUSG00000110599	n.1.1;1.1.1	38264;66044	one_to_many
ENSG00000120802	lincSS.up	ENSMUSG00000019961	lincSS.up	ENSG00000286056	1.1.1	91858	ENSMUSG00000111544	n.1.1	26943	one_to_one
ENSG00000111554	lincSS.up	ENSMUSG00000020212	lincSS.up	ENSG00000273824	1.1.1	93950	ENSMUSG00000112470	1.1.1	17717	one_to_one
ENSG00000185662	lincSS.up	ENSMUSG00000020270	lincSS.up	ENSG00000253110	1.1.1	7693	ENSMUSG00000085402	1.1.1	78532	one_to_one
ENSG00000115380	lincSS.up	ENSMUSG00000020467	lincSS.up	ENSG00000226702	n.1.1	39052	ENSMUSG00000085510	1.1.1	37437	one_to_one
ENSG00000071575	lincSS.up	ENSMUSG00000020601	lincSS.up	ENSG00000224184	n.n.n	13997	ENSMUSG00000113629	1.1.1	25836	one_to_one
ENSG00000112685	lincSS.up	ENSMUSG00000021357	lincSS.up	ENSG00000287293;ENSG00000272463;ENSG00000272485	1.1.1;1.1.1;1.1.1	35989;15453;81608	ENSMUSG00000114161	1.1.1	98637	many_to_one
ENSG00000137203	lincSS.up	ENSMUSG00000021359	lincSS.up	ENSG00000183674	n.1.1	10050	ENSMUSG00000114640	n.1.1	15684	one_to_one
ENSG00000112799	lincSS.up	ENSMUSG00000021423	lincSS.up	ENSG00000285717	1.1.1	80665	ENSMUSG00000114249;ENSMUSG00000114508	1.1.1;1.1.1	93043;18161	one_to_many
ENSG00000185920	lincSS.up	ENSMUSG00000021466	lincSS.up	ENSG00000229345	n.1.1	82381	ENSMUSG00000113453	n.1.1	47902	one_to_one
ENSG00000120149	lincSS.up	ENSMUSG00000021469	lincSS.up	ENSG00000250256	1.1.1	98807	ENSMUSG00000113834	1.1.1	30532	one_to_one
ENSG00000078295	lincSS.up	ENSMUSG00000021536	lincSS.up	ENSG00000290510;ENSG00000251678	n.1.1;1.1.1	69529;50217	ENSMUSG00000120037	n.1.1	59410	many_to_one
ENSG00000095015	lincSS.up	ENSMUSG00000021754	lincSS.up	ENSG00000228650	1.1.1	43246	ENSMUSG00000086861	1.1.1	41323	one_to_one
ENSG00000087303	lincSS.up	ENSMUSG00000021806	lincSS.up	ENSG00000258694	1.1.1	42063	ENSMUSG00000120206	n.1.1	19269	one_to_one
ENSG00000157445	lincSS.up	ENSMUSG00000021991	lincSS.up	ENSG00000288029	1.1.1	63683	ENSMUSG00000114570;ENSMUSG00000114774	1.1.1;n.1.1	10502;64964	one_to_many
ENSG00000179399	lincSS.up	ENSMUSG00000022112	lincSS.up	ENSG00000215417	n.1.1	44042	ENSMUSG00000089726	1.1.1	45488	one_to_one
ENSG00000168621	lincSS.up	ENSMUSG00000022144	lincSS.up	ENSG00000248539;ENSG00000250032	1.1.1;1.1.1	59322;99324	ENSMUSG00000115497	1.1.1	49854	many_to_one
ENSG00000066827	lincSS.up	ENSMUSG00000022335	lincSS.up	ENSG00000259820	1.1.1	78971	ENSMUSG00000093387;ENSMUSG00000096967	1.1.1;n.1.1	82127;75859	one_to_many
ENSG00000134294	lincSS.up	ENSMUSG00000022462	lincSS.up	ENSG00000257496	n.1.1	11460	ENSMUSG00000120383;ENSMUSG00000121031	n.1.1;1.1.1	38965;9034	one_to_many
ENSG00000114315	lincSS.up	ENSMUSG00000022528	lincSS.up	ENSG00000229964;ENSG00000276407	1.1.1;n.1.1	26974;49322	ENSMUSG00000097184	n.1.1	42951	many_to_one
ENSG00000142178	lincSS.up	ENSMUSG00000024042	lincSS.up	ENSG00000185186	n.1.1	34829	ENSMUSG00000117562;ENSMUSG00000120937	1.1.1;1.1.1	39835;13387	one_to_many
ENSG00000146005	lincSS.up	ENSMUSG00000024347	lincSS.up	ENSG00000271792	1.1.1	20336	ENSMUSG00000118122;ENSMUSG00000118347	1.1.1;n.n.n	35246;46310	one_to_many
ENSG00000142186	lincSS.up	ENSMUSG00000024941	lincSS.up	ENSG00000251562;ENSG00000286756	n.1.1;n.1.1	18561;36181	ENSMUSG00000092341	n.1.1	24270	many_to_one
ENSG00000166167	lincSS.up	ENSMUSG00000025217	lincSS.up	ENSG00000225208	1.1.1	42528	ENSMUSG00000102057	1.1.1	45305	one_to_one
ENSG00000113763	lincSS.up	ENSMUSG00000025876	lincSS.up	ENSG00000248859	1.1.1	66648	ENSMUSG00000085896;ENSMUSG00000100728	1.1.1;1.1.1	34932;61398	one_to_many
ENSG00000164736	lincSS.up	ENSMUSG00000025902	lincSS.up	ENSG00000286471	1.1.1	63065	ENSMUSG00000104328	1.1.1	85775	one_to_one
ENSG00000118263	lincSS.up	ENSMUSG00000025959	lincSS.up	ENSG00000240440;ENSG00000234902	1.1.1;n.1.1	61443;12861	ENSMUSG00000101895	1.1.1	63709	many_to_one
ENSG00000143196	lincSS.up	ENSMUSG00000026574	lincSS.up	ENSG00000235736	1.1.1	34159	ENSMUSG00000102761	1.1.1	83873	one_to_one
ENSG00000116191	lincSS.up	ENSMUSG00000026594	lincSS.up	ENSG00000273384	1.1.1	72883	ENSMUSG00000101768	1.1.1	33134	one_to_one
ENSG00000157613	lincSS.up	ENSMUSG00000027230	lincSS.up	ENSG00000254639	1.1.1	38395	ENSMUSG00000087018	1.1.1	30487	one_to_one
ENSG00000124222	lincSS.up	ENSMUSG00000027522	lincSS.up	ENSG00000268941;ENSG00000254620	1.1.1;1.1.1	15515;47280	ENSMUSG00000120177	1.1.1	54284	many_to_one
ENSG00000151012	lincSS.up	ENSMUSG00000027737	lincSS.up	ENSG00000248397;ENSG00000249091	1.1.1;1.1.1	56507;34766	ENSMUSG00000102715	n.1.1	72785	many_to_one
ENSG00000134259	lincSS.up	ENSMUSG00000027859	lincSS.up	ENSG00000287103	1.1.1	17894	ENSMUSG00000105966	1.1.1	98982	one_to_one
ENSG00000116882	lincSS.up	ENSMUSG00000027870	lincSS.up	ENSG00000232650	n.1.1	12597	ENSMUSG00000085121	1.1.1	44410	one_to_one
ENSG00000117525	lincSS.up	ENSMUSG00000028128	lincSS.up	ENSG00000223675	1.1.1	43797	ENSMUSG00000074248	1.1.1	40555	one_to_one
ENSG00000172456	lincSS.up	ENSMUSG00000028573	lincSS.up	ENSG00000237352	n.1.1	56083	ENSMUSG00000085835	1.1.1	70106	one_to_one
ENSG00000157193	lincSS.up	ENSMUSG00000028613	lincSS.up	ENSG00000230138;ENSG00000226938	n.1.1;1.1.1	38187;20019	ENSMUSG00000087195;ENSMUSG00000087289	1.1.1;n.1.1	31268;11947	many_to_many_strict
ENSG00000127334	lincSS.up	ENSMUSG00000028630	lincSS.up	ENSG00000203585	n.1.1	57567	ENSMUSG00000112854	1.1.1	50172	one_to_one
ENSG00000134668	lincSS.up	ENSMUSG00000028784	lincSS.up	ENSG00000203620	1.1.1	25997	ENSMUSG00000086369	n.1.1	20110	one_to_one
ENSG00000157765	lincSS.up	ENSMUSG00000029188	lincSS.up	ENSG00000248545	n.1.1	28543	ENSMUSG00000106538	1.1.1	42328	one_to_one
ENSG00000170871	lincSS.up	ENSMUSG00000029190	lincSS.up	ENSG00000287331	1.1.1	13715	ENSMUSG00000120374	1.1.1	14979	one_to_one
ENSG00000102802	lincSS.up	ENSMUSG00000029659	lincSS.up	ENSG00000236094	n.1.1	22847	ENSMUSG00000107271	n.1.1	18153	one_to_one
ENSG00000050344	lincSS.up	ENSMUSG00000029832	lincSS.up	ENSG00000289053	n.1.1	34130	ENSMUSG00000107660	1.1.1	39879	one_to_one
ENSG00000185418	lincSS.up	ENSMUSG00000030515	lincSS.up	ENSG00000290760	n.1.1	12626	ENSMUSG00000086662	1.1.1	26014	one_to_one
ENSG00000104059	lincSS.up	ENSMUSG00000030518	lincSS.up	ENSG00000259814	1.1.1	38697	ENSMUSG00000108587	n.1.1	56244	one_to_one
ENSG00000134160	lincSS.up	ENSMUSG00000030523	lincSS.up	ENSG00000259772	n.1.1	41774	ENSMUSG00000108620	1.1.1	90877	one_to_one
ENSG00000185551	lincSS.up	ENSMUSG00000030551	lincSS.up	ENSG00000275443;ENSG00000259763;ENSG00000278146	n.1.1;n.1.1;1.1.1	24948;88928;94793	ENSMUSG00000108869;ENSMUSG00000101559	1.1.1;1.1.1	54180;5303	many_to_many
ENSG00000140740	lincSS.up	ENSMUSG00000030884	lincSS.up	ENSG00000290675	1.1.1	8301	ENSMUSG00000109113	n.1.1	13059	one_to_one
ENSG00000102245	lincSS.up	ENSMUSG00000031132	lincSS.up	ENSG00000233093	n.1.1	5725	ENSMUSG00000085808	1.1.1	7765	one_to_one
ENSG00000102606	lincSS.up	ENSMUSG00000031511	lincSS.up	ENSG00000225870	1.1.1	11462	ENSMUSG00000031510	1.1.1	5101	one_to_one
ENSG00000151718	lincSS.up	ENSMUSG00000031563	lincSS.up	ENSG00000286821	1.1.1	63157	ENSMUSG00000110624	1.1.1	11286	one_to_one
ENSG00000077782	lincSS.up	ENSMUSG00000031565	lincSS.up	ENSG00000253361;ENSG00000196166	n.1.1;n.1.1	74442;42000	ENSMUSG00000110017	n.1.1	64892	many_to_one
ENSG00000166086	lincSS.up	ENSMUSG00000031990	lincSS.up	ENSG00000255406	n.1.1	38904	ENSMUSG00000110836	1.1.1	44169	one_to_one
ENSG00000112773	lincSS.up	ENSMUSG00000032265	lincSS.up	ENSG00000224995	1.1.1	60512	ENSMUSG00000111663;ENSMUSG00000111840	1.1.1;n.1.1	90687;5004	one_to_many
ENSG00000172175	lincSS.up	ENSMUSG00000032688	lincSS.up	ENSG00000275418	1.1.1	10941	ENSMUSG00000118078	1.1.1	15396	one_to_one
ENSG00000188641	lincSS.up	ENSMUSG00000033308	lincSS.up	ENSG00000288810;ENSG00000285922	1.1.1;1.1.1	52173;57077	ENSMUSG00000097311	n.1.1	32107	many_to_one
ENSG00000156931	lincSS.up	ENSMUSG00000033653	lincSS.up	ENSG00000288576	1.1.1	31423	ENSMUSG00000120420	n.1.1	82947	one_to_one
ENSG00000053254	lincSS.up	ENSMUSG00000033713	lincSS.up	ENSG00000258792	n.1.1	9772	ENSMUSG00000100211	1.1.1	62471	one_to_one
ENSG00000119138	lincSS.up	ENSMUSG00000033863	lincSS.up	ENSG00000289159	1.1.1	5041	ENSMUSG00000044387	1.1.1	5509	one_to_one
ENSG00000143032	lincSS.up	ENSMUSG00000034384	lincSS.up	ENSG00000233593	n.n.n	51784	ENSMUSG00000097018	1.1.1	7634	one_to_one
ENSG00000100302	lincSS.up	ENSMUSG00000034472	lincSS.up	ENSG00000273044	1.1.1	13416	ENSMUSG00000110693	1.1.1	36211	one_to_one
ENSG00000162390	lincSS.up	ENSMUSG00000034853	lincSS.up	ENSG00000287582	1.1.1	24874	ENSMUSG00000086940;ENSMUSG00000120102	1.1.1;n.1.1	36763;34209	one_to_many
ENSG00000100852	lincSS.up	ENSMUSG00000035133	lincSS.up	ENSG00000258386	1.1.1	57429	ENSMUSG00000120607	1.1.1	56101	one_to_one
ENSG00000137124	lincSS.up	ENSMUSG00000035561	lincSS.up	ENSG00000223716	1.1.1	16272	ENSMUSG00000073860;ENSMUSG00000085305	n.1.1;1.1.1	75684;82601	one_to_many
ENSG00000106511	lincSS.up	ENSMUSG00000036144	lincSS.up	ENSG00000286376	1.1.1	49690	ENSMUSG00000114052	1.1.1	19155	one_to_one
ENSG00000134504	lincSS.up	ENSMUSG00000036225	lincSS.up	ENSG00000265369	1.1.1	30220	ENSMUSG00000117404	1.1.1	49666	one_to_one
ENSG00000102189	lincSS.up	ENSMUSG00000036499	lincSS.up	ENSG00000257322	n.1.1	74059	ENSMUSG00000112400;ENSMUSG00000112599	n.1.1;1.1.1	43276;91532	one_to_many
ENSG00000134463	lincSS.up	ENSMUSG00000039063	lincSS.up	ENSG00000271046	1.1.1	61852	ENSMUSG00000087485	1.1.1	42913	one_to_one
ENSG00000187135	lincSS.up	ENSMUSG00000039257	lincSS.up	ENSG00000267574	1.1.1	77614	ENSMUSG00000101643	1.1.1	12543	one_to_one
ENSG00000143507	lincSS.up	ENSMUSG00000039384	lincSS.up	ENSG00000227925	n.1.1	77753	ENSMUSG00000102743	1.1.1	84072	one_to_one
ENSG00000205929	lincSS.up	ENSMUSG00000039851	lincSS.up	ENSG00000232360	1.1.1	30624	ENSMUSG00000116763	1.1.1	43333	one_to_one
ENSG00000141582	lincSS.up	ENSMUSG00000039989	lincSS.up	ENSG00000262343	1.1.1	8618	ENSMUSG00000086306	1.1.1	20107	one_to_one
ENSG00000140450	lincSS.up	ENSMUSG00000042659	lincSS.up	ENSG00000259870	1.1.1	82317	ENSMUSG00000109407	n.1.1	93858	one_to_one
ENSG00000178602	lincSS.up	ENSMUSG00000044055	lincSS.up	ENSG00000227479;ENSG00000286183	1.1.1;1.1.1	82998;45148	ENSMUSG00000100546	n.1.1	65388	many_to_one
ENSG00000125533	lincSS.up	ENSMUSG00000045493	lincSS.up	ENSG00000125514;ENSG00000231133	n.1.1;n.1.1	27182;83771	ENSMUSG00000074507	1.1.1	41443	many_to_one
ENSG00000187821	lincSS.up	ENSMUSG00000047171	lincSS.up	ENSG00000248517	1.1.1	13304	ENSMUSG00000109612	1.1.1	77435	one_to_one
ENSG00000198912	lincSS.up	ENSMUSG00000047613	lincSS.up	ENSG00000226374	n.1.1	44254	ENSMUSG00000085390	1.1.1	48571	one_to_one
ENSG00000180758	lincSS.up	ENSMUSG00000047875	lincSS.up	ENSG00000289914	1.1.1	33220	ENSMUSG00000086665	1.1.1	29890	one_to_one
ENSG00000143867	lincSS.up	ENSMUSG00000048387	lincSS.up	ENSG00000234597	n.1.1	99597	ENSMUSG00000113913	1.1.1	96346	one_to_one
ENSG00000180530	lincSS.up	ENSMUSG00000048490	lincSS.up	ENSG00000288536	1.1.1	36377	ENSMUSG00000109338	1.1.1	53916	one_to_one
ENSG00000225968	lincSS.up	ENSMUSG00000048988	lincSS.up	ENSG00000231476	1.1.1	44340	ENSMUSG00000105335	1.1.1	5209	one_to_one
ENSG00000179833	lincSS.up	ENSMUSG00000049800	lincSS.up	ENSG00000234572;ENSG00000288986	1.1.1;1.1.1	95125;14458	ENSMUSG00000121213	1.1.1	89152	many_to_one
ENSG00000164512	lincSS.up	ENSMUSG00000049985	lincSS.up	ENSG00000249697	1.1.1	80575	ENSMUSG00000120592	1.1.1	98911	one_to_one
ENSG00000187824	lincSS.up	ENSMUSG00000050270	lincSS.up	ENSG00000264016	n.n.n	11234	ENSMUSG00000085926	1.1.1	13529	one_to_one
ENSG00000178175	lincSS.up	ENSMUSG00000050919	lincSS.up	ENSG00000248371	n.1.1	66710	ENSMUSG00000097848	n.1.1	77042	one_to_one
ENSG00000177606	lincSS.up	ENSMUSG00000052684	lincSS.up	ENSG00000232453;ENSG00000272226;ENSG00000231740	n.1.1;1.1.1;1.1.1	98820;28760;54400	ENSMUSG00000085377	1.1.1	36861	many_to_one
ENSG00000111605	lincSS.up	ENSMUSG00000055531	lincSS.up	ENSG00000258140	n.1.1	15327	ENSMUSG00000112344;ENSMUSG00000112796	1.1.1;n.1.1	66000;20701	one_to_many
ENSG00000253958	lincSS.up	ENSMUSG00000055976	lincSS.up	ENSG00000286910;ENSG00000289622	1.1.1;n.1.1	32533;45951	ENSMUSG00000109761	1.1.1	37526	many_to_one
ENSG00000164916	lincSS.up	ENSMUSG00000056493	lincSS.up	ENSG00000286874	1.1.1	39725	ENSMUSG00000120342	1.1.1	32808	one_to_one
ENSG00000124177	lincSS.up	ENSMUSG00000057133	lincSS.up	ENSG00000288843	n.1.1	31871	ENSMUSG00000085469	1.1.1	97614	one_to_one
ENSG00000196460	lincSS.up	ENSMUSG00000057173	lincSS.up	ENSG00000286101	1.1.1	76480	ENSMUSG00000091937	1.1.1	83151	one_to_one
ENSG00000100095	lincSS.up	ENSMUSG00000058153	lincSS.up	ENSG00000236464	1.1.1	5159	ENSMUSG00000097962	n.1.1	5751	one_to_one
ENSG00000137267	lincSS.up	ENSMUSG00000058672	lincSS.up	ENSG00000230269	n.1.1	25082	ENSMUSG00000113591	1.1.1	6148	one_to_one
ENSG00000171476	lincSS.up	ENSMUSG00000059325	lincSS.up	ENSG00000288944	1.1.1	19646	ENSMUSG00000106783	n.1.1	20823	one_to_one
ENSG00000125952	lincSS.up	ENSMUSG00000059436	lincSS.up	ENSG00000255002	n.1.1	94559	ENSMUSG00000112030	1.1.1	77396	one_to_one
ENSG00000185666	lincSS.up	ENSMUSG00000059602	lincSS.up	ENSG00000228622	1.1.1	47002	ENSMUSG00000112586	1.1.1	27403	one_to_one
ENSG00000157637	lincSS.up	ENSMUSG00000061306	lincSS.up	ENSG00000287431;ENSG00000185332;ENSG00000185168	1.1.1;n.1.1;n.1.1	43636;15723;8224	ENSMUSG00000075389	n.1.1	34054	many_to_one
ENSG00000157168	lincSS.up	ENSMUSG00000062991	lincSS.up	ENSG00000287204	1.1.1	92487	ENSMUSG00000110214	1.1.1	88034	one_to_one
ENSG00000156395	lincSS.up	ENSMUSG00000063434	lincSS.up	ENSG00000237761	n.1.1	16495	ENSMUSG00000117690	1.1.1	69943	one_to_one
ENSG00000175161	lincSS.up	ENSMUSG00000064115	lincSS.up	ENSG00000287273;ENSG00000242339	1.1.1;n.1.1	11928;65610	ENSMUSG00000116575	1.1.1	80765	many_to_one
ENSG00000118418	lincSS.up	ENSMUSG00000066456	lincSS.up	ENSG00000286042	n.1.1	72980	ENSMUSG00000098747	n.1.1	93787	one_to_one
ENSG00000187140	lincSS.up	ENSMUSG00000067261	lincSS.up	ENSG00000228734	1.1.1	70796	ENSMUSG00000087332	1.1.1	82579	one_to_one
ENSG00000112679	lincSS.up	ENSMUSG00000069255	lincSS.up	ENSG00000205653	n.1.1	85238	ENSMUSG00000086263	1.1.1	35740	one_to_one
ENSG00000182175	lincSS.up	ENSMUSG00000070509	lincSS.up	ENSG00000285663	1.1.1	88058	ENSMUSG00000108530	n.1.1	60316	one_to_one
ENSG00000118690	lincSS.up	ENSMUSG00000071324	lincSS.up	ENSG00000286511	n.1.1	11303	ENSMUSG00000120201	n.1.1	13766	one_to_one
ENSG00000164221	lincSS.up	ENSMUSG00000071855	lincSS.up	ENSG00000289497	n.1.1	67504	ENSMUSG00000118002	n.n.n	45944	one_to_one
ENSG00000088970	lincSS.up	ENSMUSG00000074749	lincSS.up	ENSG00000283405	n.1.1	33444	ENSMUSG00000120393;ENSMUSG00000120392	n.1.1;1.1.1	18289;15687	one_to_many
ENSG00000019485	lincSS.up	ENSMUSG00000075028	lincSS.up	ENSG00000287984	1.1.1	51753	ENSMUSG00000087559	1.1.1	39775	one_to_one
ENSG00000185668	lincSS.up	ENSMUSG00000090125	lincSS.up	ENSG00000284623	1.1.1	82671	ENSMUSG00000073759	1.1.1	82162	one_to_one
ENSG00000231824	lincSS.up	ENSMUSG00000091636	lincSS.up	ENSG00000265091;ENSG00000264575	n.1.1;1.1.1	35373;39221	ENSMUSG00000073374	n.1.1	17694	many_to_one
ENSG00000058729	lincSS.up	ENSMUSG00000116564	lincSS.up	ENSG00000251054	1.1.1	40124	ENSMUSG00000072761	n.1.1	54513	one_to_one
ENSG00000121068	lncgConv	ENSMUSG00000000093	lncgConv	ENSG00000267280	n.n.n	0	ENSMUSG00000069785	1.1.1	4842	one_to_one
ENSG00000125398	lncgConv	ENSMUSG00000000567	lncgConv	ENSG00000288605	n.n.1	0	ENSMUSG00000075437	1.1.1	4971	one_to_one
ENSG00000196700	lncgConv	ENSMUSG00000000823	lncgConv	ENSG00000280213	1.1.1	0	ENSMUSG00000010492	n.n.n	0	one_to_one
ENSG00000105371	lncgConv	ENSMUSG00000001014	lncgConv	ENSG00000267607	1.1.1	0	ENSMUSG00000110790	1.1.1	0	one_to_one
ENSG00000105699	lncgConv	ENSMUSG00000001247	lncgConv	ENSG00000288942	1.1.1	0	ENSMUSG00000097750;ENSMUSG00000090357	n.1.1;1.1.1	0;0	one_to_many
ENSG00000111276	lncgConv	ENSMUSG00000003031	lncgConv	ENSG00000256658	1.1.1	928	ENSMUSG00000107730	1.1.1	3479	one_to_one
ENSG00000079435	lncgConv	ENSMUSG00000003123	lncgConv	ENSG00000213904	n.n.n	0	ENSMUSG00000053714	n.n.n	0	one_to_one
ENSG00000215021	lncgConv	ENSMUSG00000004264	lncgConv	ENSG00000257084;ENSG00000271969	1.1.1;1.1.1	880;0	ENSMUSG00000087327	1.1.1	0	many_to_one
ENSG00000106069	lncgConv	ENSMUSG00000004633	lncgConv	ENSG00000223813	n.n.n	0	ENSMUSG00000073067	n.n.n	0	one_to_one
ENSG00000077009	lncgConv	ENSMUSG00000004939	lncgConv	ENSG00000289254	1.1.1	0	ENSMUSG00000085779	n.1.n	0	one_to_one
ENSG00000159723	lncgConv	ENSMUSG00000005705	lncgConv	ENSG00000270049	n.n.n	0	ENSMUSG00000104168	n.n.1	0	one_to_one
ENSG00000116703	lncgConv	ENSMUSG00000006007	lncgConv	ENSG00000229739	n.n.1	0	ENSMUSG00000099447	1.1.1	0	one_to_one
ENSG00000105974	lncgConv	ENSMUSG00000007655	lncgConv	ENSG00000231210	n.1.1	12306	ENSMUSG00000085264	1.1.1	0	one_to_one
ENSG00000072071	lncgConv	ENSMUSG00000013033	lncgConv	ENSG00000267169	n.1.1	0	ENSMUSG00000074219	n.n.1	0	one_to_one
ENSG00000010818	lncgConv	ENSMUSG00000015501	lncgConv	ENSG00000233138	1.1.1	0	ENSMUSG00000101014	1.1.1	0	one_to_one
ENSG00000113648	lncgConv	ENSMUSG00000015937	lncgConv	ENSG00000224186	n.n.n	0	ENSMUSG00000114493	n.n.1	0	one_to_one
ENSG00000108849	lncgConv	ENSMUSG00000017316	lncgConv	ENSG00000261514	1.1.1	1841	ENSMUSG00000120019	n.1.1	1868	one_to_one
ENSG00000108733	lncgConv	ENSMUSG00000018733	lncgConv	ENSG00000267321	n.n.1	0	ENSMUSG00000093483	n.n.1	0	one_to_one
ENSG00000205060	lncgConv	ENSMUSG00000018999	lncgConv	ENSG00000231098	1.1.1	3277	ENSMUSG00000087356	1.1.1	0	one_to_one
ENSG00000130055	lncgConv	ENSMUSG00000019359	lncgConv	ENSG00000284391	1.1.1	0	ENSMUSG00000085314	1.1.1	0	one_to_one
ENSG00000240771	lncgConv	ENSMUSG00000019467	lncgConv	ENSG00000224713	n.n.n	0	ENSMUSG00000120324	n.1.1	0	one_to_one
ENSG00000196569	lncgConv	ENSMUSG00000019899	lncgConv	ENSG00000226149	n.n.1	0	ENSMUSG00000112751	1.1.1	0	one_to_one
ENSG00000168237	lncgConv	ENSMUSG00000020258	lncgConv	ENSG00000242797	n.n.1	0	ENSMUSG00000086296	n.n.1	0	one_to_one
ENSG00000213246	lncgConv	ENSMUSG00000020485	lncgConv	ENSG00000265148	n.n.n	0	ENSMUSG00000120559	1.1.1	3910	one_to_one
ENSG00000132591	lncgConv	ENSMUSG00000020832	lncgConv	ENSG00000264066	1.1.1	0	ENSMUSG00000120348	1.1.1	1107	one_to_one
ENSG00000100644	lncgConv	ENSMUSG00000021109	lncgConv	ENSG00000258667	n.n.1	0	ENSMUSG00000087700	n.n.1	0	one_to_one
ENSG00000151208	lncgConv	ENSMUSG00000021782	lncgConv	ENSG00000228748	n.n.1	0	ENSMUSG00000118519	1.1.1	0	one_to_one
ENSG00000140030	lncgConv	ENSMUSG00000021886	lncgConv	ENSG00000258826;ENSG00000258407	n.1.1;1.1.1	3370;0	ENSMUSG00000112510	1.1.1	0	many_to_one
ENSG00000128408	lncgConv	ENSMUSG00000022431	lncgConv	ENSG00000232363	1.1.1	3355	ENSMUSG00000115924	n.1.1	4466	one_to_one
ENSG00000100092	lncgConv	ENSMUSG00000022436	lncgConv	ENSG00000233360	1.1.1	0	ENSMUSG00000084864	1.1.1	0	one_to_one
ENSG00000145014	lncgConv	ENSMUSG00000022537	lncgConv	ENSG00000231770	n.n.1	0	ENSMUSG00000120188	1.1.1	0	one_to_one
ENSG00000065534	lncgConv	ENSMUSG00000022836	lncgConv	ENSG00000239523	n.n.n	0	ENSMUSG00000116840	n.1.n	0	one_to_one
ENSG00000157538	lncgConv	ENSMUSG00000022898	lncgConv	ENSG00000242553;ENSG00000230366	1.1.1;n.1.1	0;1684	ENSMUSG00000116589	1.1.1	0	many_to_one
ENSG00000162076	lncgConv	ENSMUSG00000023911	lncgConv	ENSG00000289222	1.1.1	4158	ENSMUSG00000086719	1.1.1	0	one_to_one
ENSG00000162062	lncgConv	ENSMUSG00000024118	lncgConv	ENSG00000259895	1.1.1	0	ENSMUSG00000085185	n.n.n	0	one_to_one
ENSG00000141401	lncgConv	ENSMUSG00000024525	lncgConv	ENSG00000267480	1.1.1	301	ENSMUSG00000046415	n.n.1	0	one_to_one
ENSG00000163818	lncgConv	ENSMUSG00000025245	lncgConv	ENSG00000288720	n.n.n	0	ENSMUSG00000090608	1.1.1	0	one_to_one
ENSG00000125246	lncgConv	ENSMUSG00000025545	lncgConv	ENSG00000286757	n.n.n	0	ENSMUSG00000115263	1.1.1	0	one_to_one
ENSG00000040341	lncgConv	ENSMUSG00000025920	lncgConv	ENSG00000253302	n.1.1	0	ENSMUSG00000100868	1.1.1	0	one_to_one
ENSG00000081721	lncgConv	ENSMUSG00000026659	lncgConv	ENSG00000226889	n.n.n	0	ENSMUSG00000053925	n.n.n	0	one_to_one
ENSG00000166181	lncgConv	ENSMUSG00000027193	lncgConv	ENSG00000254907	1.1.1	0	ENSMUSG00000045464	n.n.n	0	one_to_one
ENSG00000163581	lncgConv	ENSMUSG00000027690	lncgConv	ENSG00000286856	1.1.1	0	ENSMUSG00000091329	n.n.n	0	one_to_one
ENSG00000164099	lncgConv	ENSMUSG00000027978	lncgConv	ENSG00000269893	n.n.1	0	ENSMUSG00000104960	n.1.1	948	one_to_one
ENSG00000117394	lncgConv	ENSMUSG00000028645	lncgConv	ENSG00000288955	1.1.1	0	ENSMUSG00000085505	1.1.1	0	one_to_one
ENSG00000180098	lncgConv	ENSMUSG00000028898	lncgConv	ENSG00000197989	n.n.1	0	ENSMUSG00000086290	n.1.1	312	one_to_one
ENSG00000006377	lncgConv	ENSMUSG00000029754	lncgConv	ENSG00000231764	n.n.1	0	ENSMUSG00000090063	n.n.1	0	one_to_one
ENSG00000181789	lncgConv	ENSMUSG00000030058	lncgConv	ENSG00000286729	1.1.1	0	ENSMUSG00000097763	1.1.1	0	one_to_one
ENSG00000134108	lncgConv	ENSMUSG00000030105	lncgConv	ENSG00000233912	1.1.1	0	ENSMUSG00000120580	n.1.1	0	one_to_one
ENSG00000184979	lncgConv	ENSMUSG00000030107	lncgConv	ENSG00000187979	1.1.1	641	ENSMUSG00000107736	1.1.1	0	one_to_one
ENSG00000134077	lncgConv	ENSMUSG00000030264	lncgConv	ENSG00000206573	n.n.n	0	ENSMUSG00000086429	n.n.n	0	one_to_one
ENSG00000167614	lncgConv	ENSMUSG00000030428	lncgConv	ENSG00000269873;ENSG00000267838	1.1.1;1.1.1	1106;1761	ENSMUSG00000085886	1.1.1	0	many_to_one
ENSG00000102886	lncgConv	ENSMUSG00000030703	lncgConv	ENSG00000250616	n.n.n	0	ENSMUSG00000055323	n.n.1	0	one_to_one
ENSG00000173698	lncgConv	ENSMUSG00000031298	lncgConv	ENSG00000286724	n.n.1	0	ENSMUSG00000087505	1.1.1	0	one_to_one
ENSG00000166747	lncgConv	ENSMUSG00000031731	lncgConv	ENSG00000260612	1.1.1	1008	ENSMUSG00000078143	n.1.1	0	one_to_one
ENSG00000159387	lncgConv	ENSMUSG00000031738	lncgConv	ENSG00000259283	1.1.1	0	ENSMUSG00000110023	1.1.1	0	one_to_one
ENSG00000167460	lncgConv	ENSMUSG00000031799	lncgConv	ENSG00000267373	1.1.1	759	ENSMUSG00000087502	1.1.1	0	one_to_one
ENSG00000110244	lncgConv	ENSMUSG00000032080	lncgConv	ENSG00000285513	1.1.1	0	ENSMUSG00000074373	1.1.1	0	one_to_one
ENSG00000163508	lncgConv	ENSMUSG00000032446	lncgConv	ENSG00000272282	1.1.1	1944	ENSMUSG00000110692	1.1.1	0	one_to_one
ENSG00000154928	lncgConv	ENSMUSG00000032537	lncgConv	ENSG00000240086	n.n.1	0	ENSMUSG00000057710	n.n.1	0	one_to_one
ENSG00000157510	lncgConv	ENSMUSG00000033032	lncgConv	ENSG00000285736	1.1.1	0	ENSMUSG00000098702	n.n.n	0	one_to_one
ENSG00000160285	lncgConv	ENSMUSG00000033105	lncgConv	ENSG00000228404	1.1.1	0	ENSMUSG00000086241	1.1.1	0	one_to_one
ENSG00000165072	lncgConv	ENSMUSG00000033207	lncgConv	ENSG00000268364	n.n.n	0	ENSMUSG00000117837	1.1.1	2247	one_to_one
ENSG00000090857	lncgConv	ENSMUSG00000033624	lncgConv	ENSG00000247228	n.1.1	0	ENSMUSG00000084808	n.1.1	0	one_to_one
ENSG00000135837	lncgConv	ENSMUSG00000033671	lncgConv	ENSG00000261817	1.1.1	2260	ENSMUSG00000102558	1.1.1	0	one_to_one
ENSG00000137802	lncgConv	ENSMUSG00000033902	lncgConv	ENSG00000250379	n.n.1	0	ENSMUSG00000087458	1.1.1	0	one_to_one
ENSG00000166348	lncgConv	ENSMUSG00000034235	lncgConv	ENSG00000221817	n.n.n	0	ENSMUSG00000084925	n.n.1	0	one_to_one
ENSG00000214357	lncgConv	ENSMUSG00000034413	lncgConv	ENSG00000253445	1.1.1	0	ENSMUSG00000118232	1.1.1	3039	one_to_one
ENSG00000136011	lncgConv	ENSMUSG00000035459	lncgConv	ENSG00000257681	n.n.1	0	ENSMUSG00000089959	1.1.1	0	one_to_one
ENSG00000132003	lncgConv	ENSMUSG00000035671	lncgConv	ENSG00000267519	1.1.1	0	ENSMUSG00000097296	1.1.1	1069	one_to_one
ENSG00000165716	lncgConv	ENSMUSG00000036186	lncgConv	ENSG00000233016	n.n.1	0	ENSMUSG00000120369	n.1.1	2683	one_to_one
ENSG00000162931	lncgConv	ENSMUSG00000036964	lncgConv	ENSG00000231563	n.n.1	0	ENSMUSG00000085379	n.n.n	0	one_to_one
ENSG00000167767	lncgConv	ENSMUSG00000037185	lncgConv	ENSG00000258279	n.n.n	0	ENSMUSG00000116114	n.n.1	0	one_to_one
ENSG00000132911	lncgConv	ENSMUSG00000037393	lncgConv	ENSG00000286749	n.1.1	0	ENSMUSG00000086020	1.1.1	0	one_to_one
ENSG00000126746	lncgConv	ENSMUSG00000038346	lncgConv	ENSG00000219410	n.n.1	0	ENSMUSG00000108034	1.1.1	0	one_to_one
ENSG00000188869	lncgConv	ENSMUSG00000038540	lncgConv	ENSG00000259343	n.n.n	0	ENSMUSG00000087088	n.n.n	0	one_to_one
ENSG00000118292	lncgConv	ENSMUSG00000038543	lncgConv	ENSG00000289041	1.1.1	198	ENSMUSG00000080727	n.n.n	0	one_to_one
ENSG00000186628	lncgConv	ENSMUSG00000038663	lncgConv	ENSG00000252690;ENSG00000250988	1.1.1;n.n.1	0;0	ENSMUSG00000097277	n.1.1	1802	many_to_one
ENSG00000121104	lncgConv	ENSMUSG00000038893	lncgConv	ENSG00000250751	1.1.1	0	ENSMUSG00000101258	1.1.1	0	one_to_one
ENSG00000101945	lncgConv	ENSMUSG00000039231	lncgConv	ENSG00000232828	1.1.1	0	ENSMUSG00000087193	n.n.1	0	one_to_one
ENSG00000066933	lncgConv	ENSMUSG00000039585	lncgConv	ENSG00000260037	n.1.1	0	ENSMUSG00000110803	1.1.1	0	one_to_one
ENSG00000088538	lncgConv	ENSMUSG00000039716	lncgConv	ENSG00000288988	1.1.1	0	ENSMUSG00000090207	n.1.1	0	one_to_one
ENSG00000205929	lncgConv	ENSMUSG00000039851	lncgConv	ENSG00000205930	n.n.n	0	ENSMUSG00000085398	1.1.1	0	one_to_one
ENSG00000166199	lncgConv	ENSMUSG00000040174	lncgConv	ENSG00000244926	n.1.1	0	ENSMUSG00000027196	n.n.1	0	one_to_one
ENSG00000146054	lncgConv	ENSMUSG00000040350	lncgConv	ENSG00000250222	n.1.1	0	ENSMUSG00000086245	1.1.1	0	one_to_one
ENSG00000136478	lncgConv	ENSMUSG00000040548	lncgConv	ENSG00000266402	n.1.1	751	ENSMUSG00000120012	n.n.1	0	one_to_one
ENSG00000165338	lncgConv	ENSMUSG00000041180	lncgConv	ENSG00000289228	n.1.1	0	ENSMUSG00000087579	n.n.n	0	one_to_one
ENSG00000165494	lncgConv	ENSMUSG00000041328	lncgConv	ENSG00000247137	n.n.n	0	ENSMUSG00000098066	1.1.1	0	one_to_one
ENSG00000172878	lncgConv	ENSMUSG00000041921	lncgConv	ENSG00000288958	1.1.1	0	ENSMUSG00000084946	n.n.n	0	one_to_one
ENSG00000176393	lncgConv	ENSMUSG00000041926	lncgConv	ENSG00000234678	n.1.1	0	ENSMUSG00000097680	1.1.1	0	one_to_one
ENSG00000189339	lncgConv	ENSMUSG00000042202	lncgConv	ENSG00000272004	1.1.1	0	ENSMUSG00000086682	n.n.n	0	one_to_one
ENSG00000157542	lncgConv	ENSMUSG00000043301	lncgConv	ENSG00000286717	1.1.1	0	ENSMUSG00000116641	n.n.n	0	one_to_one
ENSG00000155659	lncgConv	ENSMUSG00000044206	lncgConv	ENSG00000274536	n.1.1	1312	ENSMUSG00000078122	n.1.1	3542	one_to_one
ENSG00000046604	lncgConv	ENSMUSG00000044393	lncgConv	ENSG00000264859	n.n.n	0	ENSMUSG00000085595	1.1.1	0	one_to_one
ENSG00000160886	lncgConv	ENSMUSG00000044678	lncgConv	ENSG00000253741	n.n.n	0	ENSMUSG00000091709	1.1.1	0	one_to_one
ENSG00000105085	lncgConv	ENSMUSG00000045248	lncgConv	ENSG00000279529	1.1.1	0	ENSMUSG00000097000	n.n.1	0	one_to_one
ENSG00000179165	lncgConv	ENSMUSG00000045378	lncgConv	ENSG00000224666	n.n.1	0	ENSMUSG00000087693	n.n.1	0	one_to_one
ENSG00000178460	lncgConv	ENSMUSG00000046101	lncgConv	ENSG00000245910	n.n.1	0	ENSMUSG00000098234	n.n.n	0	one_to_one
ENSG00000181350	lncgConv	ENSMUSG00000046417	lncgConv	ENSG00000175061	n.n.1	0	ENSMUSG00000086841	n.n.1	0	one_to_one
ENSG00000156853	lncgConv	ENSMUSG00000048921	lncgConv	ENSG00000260167	1.1.1	0	ENSMUSG00000108483	1.1.1	2744	one_to_one
ENSG00000169783	lncgConv	ENSMUSG00000049556	lncgConv	ENSG00000259420	n.1.1	39990	ENSMUSG00000097870	1.1.1	4002	one_to_one
ENSG00000166170	lncgConv	ENSMUSG00000049792	lncgConv	ENSG00000258851	1.1.1	0	ENSMUSG00000112991	1.1.1	3938	one_to_one
ENSG00000174099	lncgConv	ENSMUSG00000051236	lncgConv	ENSG00000250748	n.n.1	0	ENSMUSG00000044544	n.1.1	2210	one_to_one
ENSG00000126778	lncgConv	ENSMUSG00000051367	lncgConv	ENSG00000258952	1.1.1	832	ENSMUSG00000120512	1.1.1	0	one_to_one
ENSG00000185630	lncgConv	ENSMUSG00000052534	lncgConv	ENSG00000289408	n.1.1	3803	ENSMUSG00000093538	1.1.1	0	one_to_one
ENSG00000151778	lncgConv	ENSMUSG00000052584	lncgConv	ENSG00000237361	n.1.1	1826	ENSMUSG00000115092	n.1.1	1833	one_to_one
ENSG00000171914	lncgConv	ENSMUSG00000052698	lncgConv	ENSG00000259370	n.n.1	0	ENSMUSG00000111556	n.1.1	2571	one_to_one
ENSG00000133105	lncgConv	ENSMUSG00000053368	lncgConv	ENSG00000289381	1.1.1	0	ENSMUSG00000107384	1.1.1	0	one_to_one
ENSG00000100888	lncgConv	ENSMUSG00000053754	lncgConv	ENSG00000260830	1.1.1	258	ENSMUSG00000097533	n.n.1	0	one_to_one
ENSG00000080709	lncgConv	ENSMUSG00000054477	lncgConv	ENSG00000246316	n.1.1	0	ENSMUSG00000098284	n.n.1	0	one_to_one
ENSG00000183023	lncgConv	ENSMUSG00000054640	lncgConv	ENSG00000227028	n.n.1	0	ENSMUSG00000117413	1.1.1	0	one_to_one
ENSG00000230561	lncgConv	ENSMUSG00000058925	lncgConv	ENSG00000245937	n.n.n	0	ENSMUSG00000118391	n.n.1	0	one_to_one
ENSG00000165115	lncgConv	ENSMUSG00000060176	lncgConv	ENSG00000226877;ENSG00000231616	n.n.n;n.n.1	0;0	ENSMUSG00000097399	n.1.1	0	many_to_one
ENSG00000105679	lncgConv	ENSMUSG00000061099	lncgConv	ENSG00000236144	n.n.n	0	ENSMUSG00000097320	n.n.1	0	one_to_one
ENSG00000103342	lncgConv	ENSMUSG00000062203	lncgConv	ENSG00000263307	1.1.1	0	ENSMUSG00000097537	n.n.1	0	one_to_one
ENSG00000138378	lncgConv	ENSMUSG00000062939	lncgConv	ENSG00000231858	n.n.1	0	ENSMUSG00000109599	1.1.1	932	one_to_one
ENSG00000148655	lncgConv	ENSMUSG00000063458	lncgConv	ENSG00000269256	1.1.1	0	ENSMUSG00000068680	1.1.1	0	one_to_one
ENSG00000196345	lncgConv	ENSMUSG00000063488	lncgConv	ENSG00000236869	n.n.n	0	ENSMUSG00000097322	n.n.1	0	one_to_one
ENSG00000157017	lncgConv	ENSMUSG00000064177	lncgConv	ENSG00000231177	n.1.1	0	ENSMUSG00000097994	1.1.1	0	one_to_one
ENSG00000177119	lncgConv	ENSMUSG00000064210	lncgConv	ENSG00000257657	n.1.1	0	ENSMUSG00000115049	1.1.1	0	one_to_one
ENSG00000166398	lncgConv	ENSMUSG00000066571	lncgConv	ENSG00000267219	1.1.1	0	ENSMUSG00000085105	n.n.1	0	one_to_one
ENSG00000137558	lncgConv	ENSMUSG00000067780	lncgConv	ENSG00000253706	n.n.1	0	ENSMUSG00000100053	1.1.1	0	one_to_one
ENSG00000167118	lncgConv	ENSMUSG00000069020	lncgConv	ENSG00000207955	1.1.1	0	ENSMUSG00000120522	n.n.1	0	one_to_one
ENSG00000164199	lncgConv	ENSMUSG00000069170	lncgConv	ENSG00000248323	n.n.n	0	ENSMUSG00000097098	n.n.1	0	one_to_one
ENSG00000173821	lncgConv	ENSMUSG00000070327	lncgConv	ENSG00000263069	n.n.n	0	ENSMUSG00000109408	n.n.n	0	one_to_one
ENSG00000176571	lncgConv	ENSMUSG00000073991	lncgConv	ENSG00000253500	n.1.1	0	ENSMUSG00000087402	1.1.1	0	one_to_one
ENSG00000185442	lncgConv	ENSMUSG00000078670	lncgConv	ENSG00000271763	1.1.1	0	ENSMUSG00000074067	n.1.1	31303	one_to_one
ENSG00000101074	lncgConv	ENSMUSG00000078949	lncgConv	ENSG00000226812	n.1.1	0	ENSMUSG00000046840	n.1.n	0	one_to_one
ENSG00000128652	lncgConv	ENSMUSG00000079277	lncgConv	ENSG00000224189	n.n.n	0	ENSMUSG00000075277	n.n.n	0	one_to_one
ENSG00000082126	lncgConv	ENSMUSG00000079550	lncgConv	ENSG00000287133	1.1.1	0	ENSMUSG00000097573	n.1.1	0	one_to_one
ENSG00000085415	lncgConv	ENSMUSG00000079614	lncgConv	ENSG00000266969	1.1.1	0	ENSMUSG00000118134	n.n.1	0	one_to_one
ENSG00000242120	lncgConv	ENSMUSG00000090667	lncgConv	ENSG00000240405	n.n.n	0	ENSMUSG00000107902	1.1.1	0	one_to_one
ENSG00000058729	lncgConv	ENSMUSG00000116564	lncgConv	ENSG00000251513	1.1.1	0	ENSMUSG00000097379	1.1.1	0	one_to_one
ENSG00000067082	lncgDivg	ENSMUSG00000000078	lncgDivg	ENSG00000288755	1.1.1	270	ENSMUSG00000100625	n.1.1	3390	one_to_one
ENSG00000118971	lncgDivg	ENSMUSG00000000184	lncgDivg	ENSG00000290063;ENSG00000255920	1.1.1;n.n.n	0;0	ENSMUSG00000097166	n.1.1	0	many_to_one
ENSG00000148358	lncgDivg	ENSMUSG00000000194	lncgDivg	ENSG00000289226	1.1.1	0	ENSMUSG00000087269;ENSMUSG00000087430	n.n.1;1.1.1	0;0	one_to_many
ENSG00000106689	lncgDivg	ENSMUSG00000000247	lncgDivg	ENSG00000236668;ENSG00000234921	1.1.1;1.1.1	0;0	ENSMUSG00000098383;ENSMUSG00000087539	1.1.1;1.1.1	0;0	many_to_many_strict
ENSG00000132155	lncgDivg	ENSMUSG00000000441	lncgDivg	ENSG00000290072	1.1.1	109	ENSMUSG00000107994	n.1.1	0	one_to_one
ENSG00000100311	lncgDivg	ENSMUSG00000000489	lncgDivg	ENSG00000284633	n.n.1	0	ENSMUSG00000116125	1.1.1	0	one_to_one
ENSG00000175662	lncgDivg	ENSMUSG00000000538	lncgDivg	ENSG00000197815	1.1.1	0	ENSMUSG00000085132	1.1.1	0	one_to_one
ENSG00000138668	lncgDivg	ENSMUSG00000000568	lncgDivg	ENSG00000272677	n.n.1	0	ENSMUSG00000091623	n.n.1	0	one_to_one
ENSG00000159399	lncgDivg	ENSMUSG00000000628	lncgDivg	ENSG00000272711	1.1.1	140	ENSMUSG00000090293	1.1.1	0	one_to_one
ENSG00000162882	lncgDivg	ENSMUSG00000000673	lncgDivg	ENSG00000288886;ENSG00000289082	n.n.1;1.1.1	0;2733	ENSMUSG00000121087	1.1.1	0	many_to_one
ENSG00000168792	lncgDivg	ENSMUSG00000000686	lncgDivg	ENSG00000264031	1.1.1	0	ENSMUSG00000072673	1.1.1	0	one_to_one
ENSG00000119866	lncgDivg	ENSMUSG00000000861	lncgDivg	ENSG00000233953	1.1.1	0	ENSMUSG00000086612;ENSMUSG00000085516	1.1.1;n.n.1	0;0	one_to_many
ENSG00000068097	lncgDivg	ENSMUSG00000000976	lncgDivg	ENSG00000267416	n.1.1	387	ENSMUSG00000120523	1.1.1	26	one_to_one
ENSG00000072134	lncgDivg	ENSMUSG00000001036	lncgDivg	ENSG00000235397	1.1.1	0	ENSMUSG00000085459	1.1.1	0	one_to_one
ENSG00000108641	lncgDivg	ENSMUSG00000001039	lncgDivg	ENSG00000286799	1.1.1	0	ENSMUSG00000060808	1.1.1	85	one_to_one
ENSG00000126756	lncgDivg	ENSMUSG00000001134	lncgDivg	ENSG00000267064	n.n.1	0	ENSMUSG00000086877	n.n.1	0	one_to_one
ENSG00000168763	lncgDivg	ENSMUSG00000001138	lncgDivg	ENSG00000289135	1.1.1	167	ENSMUSG00000102845	1.1.1	0	one_to_one
ENSG00000089351	lncgDivg	ENSMUSG00000001248	lncgDivg	ENSG00000269303;ENSG00000271032	1.1.1;1.1.1	0;0	ENSMUSG00000097149;ENSMUSG00000100985	1.1.1;n.n.1	0;0	many_to_many_strict
ENSG00000116604	lncgDivg	ENSMUSG00000001419	lncgDivg	ENSG00000288835	1.1.1	2304	ENSMUSG00000120112;ENSMUSG00000120121	1.1.1;1.1.1	176;2904	one_to_many
ENSG00000173638	lncgDivg	ENSMUSG00000001436	lncgDivg	ENSG00000288885	1.1.1	0	ENSMUSG00000112773	1.1.1	2666	one_to_one
ENSG00000108424	lncgDivg	ENSMUSG00000001440	lncgDivg	ENSG00000264558	1.1.1	0	ENSMUSG00000121247;ENSMUSG00000084936	1.1.1;1.1.1	0;0	one_to_many
ENSG00000136352	lncgDivg	ENSMUSG00000001496	lncgDivg	ENSG00000253563	1.1.1	0	ENSMUSG00000098172	n.n.1	0	one_to_one
ENSG00000198807	lncgDivg	ENSMUSG00000001497	lncgDivg	ENSG00000258661	1.1.1	0	ENSMUSG00000089894	1.1.1	0	one_to_one
ENSG00000170561	lncgDivg	ENSMUSG00000001504	lncgDivg	ENSG00000186493;ENSG00000289075	n.1.1;1.1.1	454;4788	ENSMUSG00000093587	1.1.1	181	many_to_one
ENSG00000005884	lncgDivg	ENSMUSG00000001507	lncgDivg	ENSG00000246640	n.1.1	222	ENSMUSG00000120792	1.1.1	146	one_to_one
ENSG00000172349	lncgDivg	ENSMUSG00000001741	lncgDivg	ENSG00000271725	1.1.1	0	ENSMUSG00000085080	1.1.1	0	one_to_one
ENSG00000126247	lncgDivg	ENSMUSG00000001794	lncgDivg	ENSG00000270760	1.1.1	0	ENSMUSG00000097817	n.1.1	0	one_to_one
ENSG00000122545	lncgDivg	ENSMUSG00000001833	lncgDivg	ENSG00000228878	n.n.1	0	ENSMUSG00000120169	1.1.1	0	one_to_one
ENSG00000136247	lncgDivg	ENSMUSG00000001844	lncgDivg	ENSG00000232581	1.1.1	0	ENSMUSG00000089889	n.n.1	0	one_to_one
ENSG00000126883	lncgDivg	ENSMUSG00000001855	lncgDivg	ENSG00000246851;ENSG00000288727;ENSG00000236986	1.1.1;1.1.1;n.n.1	0;0;0	ENSMUSG00000086192	1.1.1	0	many_to_one
ENSG00000169764	lncgDivg	ENSMUSG00000001891	lncgDivg	ENSG00000289943	1.1.1	128	ENSMUSG00000087253	1.1.1	0	one_to_one
ENSG00000008441	lncgDivg	ENSMUSG00000001911	lncgDivg	ENSG00000267417;ENSG00000267610	1.1.1;1.1.1	0;0	ENSMUSG00000074203	1.1.1	0	many_to_one
ENSG00000119681	lncgDivg	ENSMUSG00000002020	lncgDivg	ENSG00000258425	1.1.1	0	ENSMUSG00000120627;ENSMUSG00000092130	n.1.1;n.1.1	0;0	one_to_many
ENSG00000165915	lncgDivg	ENSMUSG00000002105	lncgDivg	ENSG00000255197	n.n.n	0	ENSMUSG00000120441	1.1.1	0	one_to_one
ENSG00000048740	lncgDivg	ENSMUSG00000002107	lncgDivg	ENSG00000229240;ENSG00000230322;ENSG00000237986;ENSG00000181800;ENSG00000228027;ENSG00000229206;ENSG00000225383	n.1.1;1.1.1;n.1.1;1.1.1;1.1.1;1.1.1;n.1.1	0;0;0;0;0;0;3350	ENSMUSG00000087079	1.1.1	0	many_to_one
ENSG00000134574	lncgDivg	ENSMUSG00000002109	lncgDivg	ENSG00000256897	1.1.1	0	ENSMUSG00000120340	n.1.1	142	one_to_one
ENSG00000157212	lncgDivg	ENSMUSG00000002221	lncgDivg	ENSG00000273344;ENSG00000273183;ENSG00000272760	1.1.1;1.1.1;1.1.1	297;0;0	ENSMUSG00000120915	1.1.1	38	many_to_one
ENSG00000090266	lncgDivg	ENSMUSG00000002416	lncgDivg	ENSG00000240889	1.1.1	0	ENSMUSG00000086582	1.1.1	0	one_to_one
ENSG00000147509	lncgDivg	ENSMUSG00000002459	lncgDivg	ENSG00000272457	1.1.1	0	ENSMUSG00000085623	1.1.1	0	one_to_one
ENSG00000158201	lncgDivg	ENSMUSG00000002475	lncgDivg	ENSG00000265656	1.1.1	0	ENSMUSG00000097387	1.1.1	89	one_to_one
ENSG00000156299	lncgDivg	ENSMUSG00000002489	lncgDivg	ENSG00000237594;ENSG00000286643	1.1.1;1.1.1	0;0	ENSMUSG00000120080	1.1.1	205	many_to_one
ENSG00000123411	lncgDivg	ENSMUSG00000002578	lncgDivg	ENSG00000273890	1.1.1	0	ENSMUSG00000097372	1.1.1	0	one_to_one
ENSG00000205744	lncgDivg	ENSMUSG00000002668	lncgDivg	ENSG00000275234	1.1.1	0	ENSMUSG00000119983	1.1.1	61	one_to_one
ENSG00000144843	lncgDivg	ENSMUSG00000002844	lncgDivg	ENSG00000272967	1.1.1	0	ENSMUSG00000097576	n.n.1	0	one_to_one
ENSG00000113845	lncgDivg	ENSMUSG00000002846	lncgDivg	ENSG00000272662	1.1.1	366	ENSMUSG00000120288	1.1.1	83	one_to_one
ENSG00000136826	lncgDivg	ENSMUSG00000003032	lncgDivg	ENSG00000289987	1.1.1	0	ENSMUSG00000120546	1.1.1	270	one_to_one
ENSG00000075142	lncgDivg	ENSMUSG00000003161	lncgDivg	ENSG00000254003	1.1.1	0	ENSMUSG00000086528	1.1.1	0	one_to_one
ENSG00000088002	lncgDivg	ENSMUSG00000003271	lncgDivg	ENSG00000287603	1.1.1	0	ENSMUSG00000109602	1.1.1	0	one_to_one
ENSG00000170579	lncgDivg	ENSMUSG00000003279	lncgDivg	ENSG00000261520;ENSG00000262001;ENSG00000266401;ENSG00000177337;ENSG00000263724;ENSG00000263878	n.1.1;n.1.1;n.1.1;n.1.1;n.n.1;n.n.1	0;0;0;0;0;0	ENSMUSG00000097282;ENSMUSG00000117231	1.1.1;n.n.1	0;0	many_to_many
ENSG00000148488	lncgDivg	ENSMUSG00000003418	lncgDivg	ENSG00000204832	n.1.1	0	ENSMUSG00000104354	1.1.1	0	one_to_one
ENSG00000204580	lncgDivg	ENSMUSG00000003534	lncgDivg	ENSG00000237775	1.1.1	503	ENSMUSG00000086867;ENSMUSG00000120061	1.1.1;1.1.1	0;286	one_to_many
ENSG00000162227	lncgDivg	ENSMUSG00000003680	lncgDivg	ENSG00000269176;ENSG00000267811	1.1.1;1.1.1	0;0	ENSMUSG00000120814	1.1.1	0	many_to_one
ENSG00000111885	lncgDivg	ENSMUSG00000003746	lncgDivg	ENSG00000287100	n.1.1	125	ENSMUSG00000097069;ENSMUSG00000112824	1.1.1;1.1.1	0;0	one_to_many
ENSG00000179218	lncgDivg	ENSMUSG00000003814	lncgDivg	ENSG00000267458	1.1.1	0	ENSMUSG00000087685	n.1.1	254	one_to_one
ENSG00000115392	lncgDivg	ENSMUSG00000004018	lncgDivg	ENSG00000273063	1.1.1	0	ENSMUSG00000120289	1.1.1	0	one_to_one
ENSG00000065243	lncgDivg	ENSMUSG00000004591	lncgDivg	ENSG00000237505	n.1.1	0	ENSMUSG00000106550;ENSMUSG00000097858	1.1.1;1.1.1	0;491	one_to_many
ENSG00000106069	lncgDivg	ENSMUSG00000004633	lncgDivg	ENSG00000235669	1.1.1	0	ENSMUSG00000087670;ENSMUSG00000121002;ENSMUSG00000086946	1.1.1;1.1.1;n.n.1	0;0;0	one_to_many
ENSG00000186153	lncgDivg	ENSMUSG00000004637	lncgDivg	ENSG00000260969;ENSG00000287106;ENSG00000285918;ENSG00000277954;ENSG00000260733;ENSG00000260694;ENSG00000286894	n.1.1;1.1.1;1.1.1;1.1.1;1.1.1;1.1.1;1.1.1	0;0;0;0;0;0;0	ENSMUSG00000089797;ENSMUSG00000090217;ENSMUSG00000089723	1.1.1;1.1.1;1.1.1	0;0;0	many_to_many
ENSG00000135903	lncgDivg	ENSMUSG00000004872	lncgDivg	ENSG00000163081	n.n.1	0	ENSMUSG00000120041	n.1.1	4063	one_to_one
ENSG00000026508	lncgDivg	ENSMUSG00000005087	lncgDivg	ENSG00000255521;ENSG00000255443	n.n.1;1.1.1	0;0	ENSMUSG00000121264	1.1.1	0	many_to_one
ENSG00000110436	lncgDivg	ENSMUSG00000005089	lncgDivg	ENSG00000255004;ENSG00000255542	1.1.1;1.1.1	0;0	ENSMUSG00000087185	n.n.1	0	many_to_one
ENSG00000071127	lncgDivg	ENSMUSG00000005103	lncgDivg	ENSG00000289865	1.1.1	117	ENSMUSG00000121120	1.1.1	0	one_to_one
ENSG00000135018	lncgDivg	ENSMUSG00000005312	lncgDivg	ENSG00000254473	n.n.1	0	ENSMUSG00000119985	1.1.1	13	one_to_one
ENSG00000133030	lncgDivg	ENSMUSG00000005417	lncgDivg	ENSG00000225442;ENSG00000287910;ENSG00000263624	1.1.1;1.1.1;1.1.1	0;152;0	ENSMUSG00000086330;ENSMUSG00000086536	n.n.1;1.1.1	0;0	many_to_many
ENSG00000106038	lncgDivg	ENSMUSG00000005503	lncgDivg	ENSG00000253308;ENSG00000253405	1.1.1;n.1.1	1472;0	ENSMUSG00000086126	n.1.1	0	many_to_one
ENSG00000161217	lncgDivg	ENSMUSG00000005615	lncgDivg	ENSG00000228028	n.1.1	0	ENSMUSG00000116714	1.1.1	0	one_to_one
ENSG00000102974	lncgDivg	ENSMUSG00000005698	lncgDivg	ENSG00000261386;ENSG00000237718;ENSG00000259804	n.n.n;1.1.1;1.1.1	0;0;158	ENSMUSG00000098120	n.1.1	0	many_to_one
ENSG00000198821	lncgDivg	ENSMUSG00000005763	lncgDivg	ENSG00000287218	1.1.1	0	ENSMUSG00000102154	1.1.1	0	one_to_one
ENSG00000104164	lncgDivg	ENSMUSG00000005804	lncgDivg	ENSG00000275709	1.1.1	910	ENSMUSG00000085633	n.1.1	141	one_to_one
ENSG00000141448	lncgDivg	ENSMUSG00000005836	lncgDivg	ENSG00000264012;ENSG00000266010	1.1.1;n.n.1	0;0	ENSMUSG00000097222	n.n.1	0	many_to_one
ENSG00000140396	lncgDivg	ENSMUSG00000005886	lncgDivg	ENSG00000288966	1.1.1	1630	ENSMUSG00000101476	1.1.1	1987	one_to_one
ENSG00000213918	lncgDivg	ENSMUSG00000005980	lncgDivg	ENSG00000263235	1.1.1	0	ENSMUSG00000084790	n.1.1	0	one_to_one
ENSG00000173542	lncgDivg	ENSMUSG00000006262	lncgDivg	ENSG00000289019	1.1.1	74	ENSMUSG00000121172	1.1.1	39	one_to_one
ENSG00000129993	lncgDivg	ENSMUSG00000006362	lncgDivg	ENSG00000259881;ENSG00000205018	n.n.1;1.1.1	0;0	ENSMUSG00000090174	1.1.1	0	many_to_one
ENSG00000107954	lncgDivg	ENSMUSG00000006435	lncgDivg	ENSG00000235470;ENSG00000287419	n.n.1;1.1.1	0;0	ENSMUSG00000118127;ENSMUSG00000117659	1.1.1;1.1.1	0;0	many_to_many_strict
ENSG00000124356	lncgDivg	ENSMUSG00000006906	lncgDivg	ENSG00000286244;ENSG00000287250	1.1.1;1.1.1	0;4323	ENSMUSG00000108660	1.1.1	0	many_to_one
ENSG00000211448	lncgDivg	ENSMUSG00000007682	lncgDivg	ENSG00000258766	1.1.1	0	ENSMUSG00000097157	n.n.1	0	one_to_one
ENSG00000108175	lncgDivg	ENSMUSG00000007817	lncgDivg	ENSG00000224596	n.1.1	1071	ENSMUSG00000087535	n.n.1	0	one_to_one
ENSG00000165175	lncgDivg	ENSMUSG00000008035	lncgDivg	ENSG00000238123;ENSG00000287729	1.1.1;1.1.1	0;762	ENSMUSG00000085587	1.1.1	0	many_to_one
ENSG00000115641	lncgDivg	ENSMUSG00000008136	lncgDivg	ENSG00000238273	n.n.1	0	ENSMUSG00000120601	n.n.1	0	one_to_one
ENSG00000196781	lncgDivg	ENSMUSG00000008305	lncgDivg	ENSG00000233926	n.1.1	166	ENSMUSG00000084910;ENSMUSG00000086027	n.1.1;1.1.1	325;0	one_to_many
ENSG00000122557	lncgDivg	ENSMUSG00000008429	lncgDivg	ENSG00000271122	1.1.1	0	ENSMUSG00000100002	n.1.1	196	one_to_one
ENSG00000028277	lncgDivg	ENSMUSG00000008496	lncgDivg	ENSG00000259436;ENSG00000254887	1.1.1;n.1.1	0;0	ENSMUSG00000074274	n.1.1	0	many_to_one
ENSG00000147862	lncgDivg	ENSMUSG00000008575	lncgDivg	ENSG00000287708;ENSG00000225472;ENSG00000289969	1.1.1;n.n.1;1.1.1	0;0;0	ENSMUSG00000086293;ENSMUSG00000087413	1.1.1;1.1.1	0;0	many_to_many
ENSG00000163349	lncgDivg	ENSMUSG00000008730	lncgDivg	ENSG00000235527	n.n.1	0	ENSMUSG00000085754	n.n.1	0	one_to_one
ENSG00000177575	lncgDivg	ENSMUSG00000008845	lncgDivg	ENSG00000290059	1.1.1	0	ENSMUSG00000121011	1.1.1	0	one_to_one
ENSG00000006451	lncgDivg	ENSMUSG00000008859	lncgDivg	ENSG00000287584;ENSG00000228554	1.1.1;1.1.1	364;0	ENSMUSG00000113100	1.1.1	0	many_to_one
ENSG00000134369	lncgDivg	ENSMUSG00000009418	lncgDivg	ENSG00000235121;ENSG00000236390	1.1.1;1.1.1	0;0	ENSMUSG00000054412;ENSMUSG00000120094	1.1.1;n.1.1	0;0	many_to_many_strict
ENSG00000053918	lncgDivg	ENSMUSG00000009545	lncgDivg	ENSG00000269821	1.1.1	0	ENSMUSG00000101062;ENSMUSG00000101360;ENSMUSG00000101609	1.1.1;n.1.1;1.1.1	0;0;0	one_to_many
ENSG00000007402	lncgDivg	ENSMUSG00000010066	lncgDivg	ENSG00000271858	n.1.1	0	ENSMUSG00000091816;ENSMUSG00000091425	1.1.1;1.1.1	0;0	one_to_many
ENSG00000168003	lncgDivg	ENSMUSG00000010095	lncgDivg	ENSG00000255717	n.1.1	106	ENSMUSG00000108414	n.1.1	101	one_to_one
ENSG00000117707	lncgDivg	ENSMUSG00000010175	lncgDivg	ENSG00000272167;ENSG00000274895;ENSG00000230461	1.1.1;1.1.1;n.n.1	0;0;0	ENSMUSG00000119953;ENSMUSG00000079045;ENSMUSG00000099404	n.n.1;n.1.1;1.1.1	0;0;0	many_to_many_strict
ENSG00000007202	lncgDivg	ENSMUSG00000010277	lncgDivg	ENSG00000264044	n.1.1	0	ENSMUSG00000086586	1.1.1	0	one_to_one
ENSG00000108001	lncgDivg	ENSMUSG00000010476	lncgDivg	ENSG00000287997;ENSG00000275005;ENSG00000275327	1.1.1;1.1.1;1.1.1	0;0;0	ENSMUSG00000109722;ENSMUSG00000109847	n.1.1;1.1.1	0;0	many_to_many
ENSG00000119707	lncgDivg	ENSMUSG00000010608	lncgDivg	ENSG00000258813	1.1.1	0	ENSMUSG00000099708	1.1.1	0	one_to_one
ENSG00000110619	lncgDivg	ENSMUSG00000010755	lncgDivg	ENSG00000247473;ENSG00000285644	n.1.1;1.1.1	0;0	ENSMUSG00000086828	1.1.1	44	many_to_one
ENSG00000106018	lncgDivg	ENSMUSG00000011171	lncgDivg	ENSG00000287184	1.1.1	0	ENSMUSG00000093765	n.1.1	0	one_to_one
ENSG00000090621	lncgDivg	ENSMUSG00000011257	lncgDivg	ENSG00000228060	n.1.1	0	ENSMUSG00000120655	1.1.1	0	one_to_one
ENSG00000140299	lncgDivg	ENSMUSG00000011958	lncgDivg	ENSG00000259238	1.1.1	0	ENSMUSG00000101555	1.1.1	0	one_to_one
ENSG00000107736	lncgDivg	ENSMUSG00000012819	lncgDivg	ENSG00000223817;ENSG00000289362	1.1.1;1.1.1	0;0	ENSMUSG00000120804	1.1.1	0	many_to_one
ENSG00000159217	lncgDivg	ENSMUSG00000013415	lncgDivg	ENSG00000251461;ENSG00000250838	1.1.1;1.1.1	0;0	ENSMUSG00000099928	1.1.1	0	many_to_one
ENSG00000064787	lncgDivg	ENSMUSG00000013523	lncgDivg	ENSG00000236352	1.1.1	0	ENSMUSG00000086970;ENSMUSG00000086999	1.1.1;1.1.1	0;0	one_to_many
ENSG00000138138	lncgDivg	ENSMUSG00000013662	lncgDivg	ENSG00000290782	n.n.1	0	ENSMUSG00000120470	1.1.1	0	one_to_one
ENSG00000008513	lncgDivg	ENSMUSG00000013846	lncgDivg	ENSG00000261220	1.1.1	218	ENSMUSG00000120535	1.1.1	157	one_to_one
ENSG00000196092	lncgDivg	ENSMUSG00000014030	lncgDivg	ENSG00000258885;ENSG00000250850	1.1.1;1.1.1	0;0	ENSMUSG00000086211	1.1.1	0	many_to_one
ENSG00000085511	lncgDivg	ENSMUSG00000014426	lncgDivg	ENSG00000272841	1.1.1	0	ENSMUSG00000097350	n.1.1	120	one_to_one
ENSG00000158717	lncgDivg	ENSMUSG00000014470	lncgDivg	ENSG00000259813	1.1.1	0	ENSMUSG00000121195	1.1.1	0	one_to_one
ENSG00000171735	lncgDivg	ENSMUSG00000014592	lncgDivg	ENSG00000270035;ENSG00000270171;ENSG00000269978;ENSG00000225126;ENSG00000237436;ENSG00000237728;ENSG00000237365	1.1.1;1.1.1;1.1.1;1.1.1;1.1.1;n.1.1;1.1.1	0;0;0;0;611;0;0	ENSMUSG00000085593;ENSMUSG00000078491;ENSMUSG00000120016	1.1.1;1.1.1;1.1.1	0;0;340	many_to_many
ENSG00000072609	lncgDivg	ENSMUSG00000014668	lncgDivg	ENSG00000236617;ENSG00000250790	1.1.1;1.1.1	0;0	ENSMUSG00000105541	1.1.1	0	many_to_one
ENSG00000176105	lncgDivg	ENSMUSG00000014932	lncgDivg	ENSG00000266171;ENSG00000264339;ENSG00000273355	1.1.1;1.1.1;1.1.1	0;0;0	ENSMUSG00000085234	1.1.1	0	many_to_one
ENSG00000176715	lncgDivg	ENSMUSG00000015016	lncgDivg	ENSG00000261546	1.1.1	0	ENSMUSG00000110716	1.1.1	63	one_to_one
ENSG00000179348	lncgDivg	ENSMUSG00000015053	lncgDivg	ENSG00000244300	n.n.1	0	ENSMUSG00000108010	1.1.1	3210	one_to_one
ENSG00000154237	lncgDivg	ENSMUSG00000015133	lncgDivg	ENSG00000287892;ENSG00000259376	1.1.1;1.1.1	0;0	ENSMUSG00000109119	1.1.1	0	many_to_one
ENSG00000072110	lncgDivg	ENSMUSG00000015143	lncgDivg	ENSG00000259062	n.1.1	242	ENSMUSG00000112852;ENSMUSG00000112336	1.1.1;1.1.1	0;0	one_to_many
ENSG00000153721	lncgDivg	ENSMUSG00000015202	lncgDivg	ENSG00000286553;ENSG00000287260	1.1.1;1.1.1	0;85	ENSMUSG00000119990	n.1.1	124	many_to_one
ENSG00000111961	lncgDivg	ENSMUSG00000015305	lncgDivg	ENSG00000224658	1.1.1	0	ENSMUSG00000097597	1.1.1	0	one_to_one
ENSG00000170638	lncgDivg	ENSMUSG00000015363	lncgDivg	ENSG00000273188	1.1.1	0	ENSMUSG00000087331	n.n.n	0	one_to_one
ENSG00000205593	lncgDivg	ENSMUSG00000015377	lncgDivg	ENSG00000227484;ENSG00000279182	1.1.1;1.1.1	0;0	ENSMUSG00000121082	1.1.1	0	many_to_one
ENSG00000010818	lncgDivg	ENSMUSG00000015501	lncgDivg	ENSG00000232618;ENSG00000237851	n.n.1;1.1.1	0;0	ENSMUSG00000120437	1.1.1	406	many_to_one
ENSG00000107485	lncgDivg	ENSMUSG00000015619	lncgDivg	ENSG00000197308	n.1.1	0	ENSMUSG00000086618;ENSMUSG00000025783	1.1.1;n.1.1	0;0	one_to_many
ENSG00000130700	lncgDivg	ENSMUSG00000015627	lncgDivg	ENSG00000272050	1.1.1	1875	ENSMUSG00000056061	1.1.1	0	one_to_one
ENSG00000172379	lncgDivg	ENSMUSG00000015709	lncgDivg	ENSG00000287813;ENSG00000259175;ENSG00000258010;ENSG00000270919;ENSG00000259495	1.1.1;1.1.1;n.n.1;1.1.1;n.1.1	0;0;0;0;136	ENSMUSG00000109341	1.1.1	0	many_to_one
ENSG00000143418	lncgDivg	ENSMUSG00000015714	lncgDivg	ENSG00000231073;ENSG00000259357	1.1.1;n.1.1	0;0	ENSMUSG00000093424	n.1.1	0	many_to_one
ENSG00000116044	lncgDivg	ENSMUSG00000015839	lncgDivg	ENSG00000271825;ENSG00000271996;ENSG00000222043	1.1.1;1.1.1;1.1.1	0;0;0	ENSMUSG00000087222	n.1.1	129	many_to_one
ENSG00000157388	lncgDivg	ENSMUSG00000015968	lncgDivg	ENSG00000271916	1.1.1	0	ENSMUSG00000118437	1.1.1	0	one_to_one
ENSG00000151702	lncgDivg	ENSMUSG00000016087	lncgDivg	ENSG00000254703;ENSG00000245008	n.n.1;n.n.n	0;0	ENSMUSG00000098645	1.1.1	0	many_to_one
ENSG00000082497	lncgDivg	ENSMUSG00000016262	lncgDivg	ENSG00000203706	n.n.1	0	ENSMUSG00000089812	1.1.1	0	one_to_one
ENSG00000112242	lncgDivg	ENSMUSG00000016477	lncgDivg	ENSG00000289981	1.1.1	376	ENSMUSG00000086893	1.1.1	0	one_to_one
ENSG00000110841	lncgDivg	ENSMUSG00000016487	lncgDivg	ENSG00000248100	1.1.1	0	ENSMUSG00000107969	1.1.1	0	one_to_one
ENSG00000100360	lncgDivg	ENSMUSG00000016637	lncgDivg	ENSG00000286485	1.1.1	0	ENSMUSG00000116697	1.1.1	354	one_to_one
ENSG00000143971	lncgDivg	ENSMUSG00000016984	lncgDivg	ENSG00000236780	n.1.1	0	ENSMUSG00000086468	n.1.1	80	one_to_one
ENSG00000078304	lncgDivg	ENSMUSG00000017843	lncgDivg	ENSG00000259088;ENSG00000256705;ENSG00000289049	1.1.1;1.1.1;1.1.1	0;0;252	ENSMUSG00000113585	n.n.1	0	many_to_one
ENSG00000064655	lncgDivg	ENSMUSG00000017897	lncgDivg	ENSG00000236028	1.1.1	0	ENSMUSG00000100796	1.1.1	0	one_to_one
ENSG00000089225	lncgDivg	ENSMUSG00000018263	lncgDivg	ENSG00000255399	n.n.1	0	ENSMUSG00000106795	n.1.1	633	one_to_one
ENSG00000141068	lncgDivg	ENSMUSG00000018334	lncgDivg	ENSG00000266872	1.1.1	0	ENSMUSG00000085941	1.1.1	0	one_to_one
ENSG00000186868	lncgDivg	ENSMUSG00000018411	lncgDivg	ENSG00000262881	1.1.1	0	ENSMUSG00000085134	1.1.1	0	one_to_one
ENSG00000120071	lncgDivg	ENSMUSG00000018412	lncgDivg	ENSG00000214401;ENSG00000262372	n.n.1;1.1.1	0;0	ENSMUSG00000121072	1.1.1	0	many_to_one
ENSG00000121057	lncgDivg	ENSMUSG00000018428	lncgDivg	ENSG00000263004;ENSG00000263089	n.1.1;1.1.1	51;0	ENSMUSG00000092399	1.1.1	0	many_to_one
ENSG00000132510	lncgDivg	ENSMUSG00000018476	lncgDivg	ENSG00000288929	1.1.1	0	ENSMUSG00000085178	1.1.1	0	one_to_one
ENSG00000062725	lncgDivg	ENSMUSG00000018481	lncgDivg	ENSG00000259349	n.1.1	30	ENSMUSG00000085628	n.n.1	0	one_to_one
ENSG00000135111	lncgDivg	ENSMUSG00000018604	lncgDivg	ENSG00000257817	n.n.1	0	ENSMUSG00000120646;ENSMUSG00000087516	1.1.1;n.n.1	0;0	one_to_many
ENSG00000185811	lncgDivg	ENSMUSG00000018654	lncgDivg	ENSG00000285165	1.1.1	0	ENSMUSG00000073145;ENSMUSG00000085652	1.1.1;1.1.1	0;0	one_to_many
ENSG00000273706	lncgDivg	ENSMUSG00000018698	lncgDivg	ENSG00000276707;ENSG00000277268	1.1.1;n.1.1	0;115	ENSMUSG00000087211	n.1.1	111	many_to_one
ENSG00000141161	lncgDivg	ENSMUSG00000018845	lncgDivg	ENSG00000267782	1.1.1	0	ENSMUSG00000086058	1.1.1	0	one_to_one
ENSG00000166862	lncgDivg	ENSMUSG00000019146	lncgDivg	ENSG00000234688	1.1.1	67	ENSMUSG00000092375	1.1.1	0	one_to_one
ENSG00000106546	lncgDivg	ENSMUSG00000019256	lncgDivg	ENSG00000237773	n.n.1	0	ENSMUSG00000113741	1.1.1	0	one_to_one
ENSG00000143373	lncgDivg	ENSMUSG00000019338	lncgDivg	ENSG00000232671	n.1.1	0	ENSMUSG00000085956	n.1.1	177	one_to_one
ENSG00000170315	lncgDivg	ENSMUSG00000019505	lncgDivg	ENSG00000265401	1.1.1	0	ENSMUSG00000087120	n.1.1	130	one_to_one
ENSG00000186395	lncgDivg	ENSMUSG00000019761	lncgDivg	ENSG00000167920	n.n.1	0	ENSMUSG00000087692	1.1.1	0	one_to_one
ENSG00000111832	lncgDivg	ENSMUSG00000019782	lncgDivg	ENSG00000289304	1.1.1	190	ENSMUSG00000111905	1.1.1	0	one_to_one
ENSG00000146352	lncgDivg	ENSMUSG00000019785	lncgDivg	ENSG00000285652	1.1.1	174	ENSMUSG00000090087	1.1.1	0	one_to_one
ENSG00000186439	lncgDivg	ENSMUSG00000019787	lncgDivg	ENSG00000285941;ENSG00000285691;ENSG00000235535	1.1.1;n.n.1;n.n.1	0;0;0	ENSMUSG00000112707	n.n.1	0	many_to_one
ENSG00000164506	lncgDivg	ENSMUSG00000019790	lncgDivg	ENSG00000233452	n.n.n	0	ENSMUSG00000112146	1.1.1	234	one_to_one
ENSG00000120265	lncgDivg	ENSMUSG00000019795	lncgDivg	ENSG00000231760	n.n.1	0	ENSMUSG00000120335	1.1.1	0	one_to_one
ENSG00000025796	lncgDivg	ENSMUSG00000019802	lncgDivg	ENSG00000272476	1.1.1	0	ENSMUSG00000086428	1.1.1	2836	one_to_one
ENSG00000146416	lncgDivg	ENSMUSG00000019806	lncgDivg	ENSG00000229017;ENSG00000225752	n.n.n;1.1.1	21340;0	ENSMUSG00000112172	1.1.1	2300	many_to_one
ENSG00000010810	lncgDivg	ENSMUSG00000019843	lncgDivg	ENSG00000289256	n.1.1	136	ENSMUSG00000119997;ENSMUSG00000087014	n.n.1;1.1.1	0;0	one_to_many
ENSG00000135577	lncgDivg	ENSMUSG00000019865	lncgDivg	ENSG00000236822	1.1.1	0	ENSMUSG00000096963	1.1.1	0	one_to_one
ENSG00000196569	lncgDivg	ENSMUSG00000019899	lncgDivg	ENSG00000233351	1.1.1	0	ENSMUSG00000101636	1.1.1	0	one_to_one
ENSG00000072422	lncgDivg	ENSMUSG00000019944	lncgDivg	ENSG00000227244;ENSG00000289989	n.n.1;1.1.1	0;0	ENSMUSG00000111941;ENSMUSG00000090622	1.1.1;1.1.1	302;0	many_to_many_strict
ENSG00000183346	lncgDivg	ENSMUSG00000019945	lncgDivg	ENSG00000272592	1.1.1	0	ENSMUSG00000112793	1.1.1	0	one_to_one
ENSG00000111647	lncgDivg	ENSMUSG00000019951	lncgDivg	ENSG00000257696	1.1.1	184	ENSMUSG00000120327	1.1.1	3760	one_to_one
ENSG00000139318	lncgDivg	ENSMUSG00000019960	lncgDivg	ENSG00000274021	1.1.1	0	ENSMUSG00000120503	1.1.1	174	one_to_one
ENSG00000112339	lncgDivg	ENSMUSG00000019977	lncgDivg	ENSG00000232876	1.1.1	0	ENSMUSG00000112654	1.1.1	0	one_to_one
ENSG00000118513	lncgDivg	ENSMUSG00000019982	lncgDivg	ENSG00000236703	1.1.1	0	ENSMUSG00000097923	1.1.1	0	one_to_one
ENSG00000135541	lncgDivg	ENSMUSG00000019986	lncgDivg	ENSG00000231028;ENSG00000287094;ENSG00000234084	n.n.1;1.1.1;1.1.1	0;0;0	ENSMUSG00000111227	1.1.1	0	many_to_one
ENSG00000135525	lncgDivg	ENSMUSG00000019996	lncgDivg	ENSG00000272189	1.1.1	0	ENSMUSG00000110754	1.1.1	0	one_to_one
ENSG00000188596	lncgDivg	ENSMUSG00000020014	lncgDivg	ENSG00000258272	1.1.1	4129	ENSMUSG00000111013	n.1.1	2559	one_to_one
ENSG00000139343	lncgDivg	ENSMUSG00000020018	lncgDivg	ENSG00000258343	n.1.1	113	ENSMUSG00000097407	1.1.1	0	one_to_one
ENSG00000173588	lncgDivg	ENSMUSG00000020024	lncgDivg	ENSG00000278916	1.1.1	15	ENSMUSG00000097164;ENSMUSG00000112669	n.1.1;1.1.1	54;0	one_to_many
ENSG00000120833	lncgDivg	ENSMUSG00000020027	lncgDivg	ENSG00000246985	n.n.1	0	ENSMUSG00000097766	n.1.1	186	one_to_one
ENSG00000074590	lncgDivg	ENSMUSG00000020032	lncgDivg	ENSG00000257438	1.1.1	0	ENSMUSG00000111583	n.1.1	182	one_to_one
ENSG00000107745	lncgDivg	ENSMUSG00000020111	lncgDivg	ENSG00000226163	1.1.1	0	ENSMUSG00000091184	1.1.1	0	one_to_one
ENSG00000146648	lncgDivg	ENSMUSG00000020122	lncgDivg	ENSG00000224057	1.1.1	0	ENSMUSG00000085091	1.1.1	0	one_to_one
ENSG00000134516	lncgDivg	ENSMUSG00000020143	lncgDivg	ENSG00000253269	1.1.1	0	ENSMUSG00000087122;ENSMUSG00000120384	1.1.1;n.1.1	0;20	one_to_many
ENSG00000143995	lncgDivg	ENSMUSG00000020160	lncgDivg	ENSG00000230749;ENSG00000226819	n.n.1;1.1.1	0;0	ENSMUSG00000084085;ENSMUSG00000087507	n.1.1;1.1.1	0;0	many_to_many_strict
ENSG00000135679	lncgDivg	ENSMUSG00000020184	lncgDivg	ENSG00000257181	1.1.1	0	ENSMUSG00000120638	1.1.1	127	one_to_one
ENSG00000139289	lncgDivg	ENSMUSG00000020205	lncgDivg	ENSG00000257839;ENSG00000257453	1.1.1;1.1.1	882;0	ENSMUSG00000100113	1.1.1	0	many_to_one
ENSG00000160305	lncgDivg	ENSMUSG00000020231	lncgDivg	ENSG00000289421	1.1.1	351	ENSMUSG00000089711	1.1.1	0	one_to_one
ENSG00000198431	lncgDivg	ENSMUSG00000020250	lncgDivg	ENSG00000257732	1.1.1	0	ENSMUSG00000112375	1.1.1	0	one_to_one
ENSG00000186866	lncgDivg	ENSMUSG00000020260	lncgDivg	ENSG00000223768	n.1.1	137	ENSMUSG00000078444	1.1.1	0	one_to_one
ENSG00000141933	lncgDivg	ENSMUSG00000020308	lncgDivg	ENSG00000266933	1.1.1	0	ENSMUSG00000120698	1.1.1	0	one_to_one
ENSG00000115306	lncgDivg	ENSMUSG00000020315	lncgDivg	ENSG00000234943;ENSG00000228108	1.1.1;1.1.1	0;0	ENSMUSG00000119981;ENSMUSG00000101872;ENSMUSG00000073073	n.1.1;1.1.1;1.1.1	128;0;0	many_to_many
ENSG00000113328	lncgDivg	ENSMUSG00000020326	lncgDivg	ENSG00000254186	n.1.1	243	ENSMUSG00000121253	1.1.1	171	one_to_one
ENSG00000164398	lncgDivg	ENSMUSG00000020333	lncgDivg	ENSG00000223548;ENSG00000231585	1.1.1;1.1.1	0;0	ENSMUSG00000085888	n.1.1	0	many_to_one
ENSG00000113263	lncgDivg	ENSMUSG00000020395	lncgDivg	ENSG00000253980	1.1.1	0	ENSMUSG00000085853	1.1.1	0	one_to_one
ENSG00000213585	lncgDivg	ENSMUSG00000020402	lncgDivg	ENSG00000271737	1.1.1	0	ENSMUSG00000119956	1.1.1	0	one_to_one
ENSG00000159388	lncgDivg	ENSMUSG00000020423	lncgDivg	ENSG00000233791	n.1.1	176	ENSMUSG00000121237	1.1.1	4157	one_to_one
ENSG00000183963	lncgDivg	ENSMUSG00000020439	lncgDivg	ENSG00000273387	1.1.1	0	ENSMUSG00000084962;ENSMUSG00000087291	1.1.1;n.n.1	0;0	one_to_many
ENSG00000138942	lncgDivg	ENSMUSG00000020448	lncgDivg	ENSG00000254835	1.1.1	0	ENSMUSG00000034587	n.1.1	109	one_to_one
ENSG00000275052	lncgDivg	ENSMUSG00000020463	lncgDivg	ENSG00000272606	1.1.1	0	ENSMUSG00000086725	1.1.1	0	one_to_one
ENSG00000162714	lncgDivg	ENSMUSG00000020472	lncgDivg	ENSG00000289234	n.n.n	10917	ENSMUSG00000072893	n.n.1	0	one_to_one
ENSG00000136279	lncgDivg	ENSMUSG00000020476	lncgDivg	ENSG00000288746	1.1.1	0	ENSMUSG00000121109	1.1.1	48	one_to_one
ENSG00000151779	lncgDivg	ENSMUSG00000020576	lncgDivg	ENSG00000234022	1.1.1	2830	ENSMUSG00000113058	1.1.1	0	one_to_one
ENSG00000071575	lncgDivg	ENSMUSG00000020601	lncgDivg	ENSG00000286427	1.1.1	353	ENSMUSG00000097580	1.1.1	81	one_to_one
ENSG00000196704	lncgDivg	ENSMUSG00000020610	lncgDivg	ENSG00000265100	1.1.1	0	ENSMUSG00000085326	1.1.1	0	one_to_one
ENSG00000120063	lncgDivg	ENSMUSG00000020611	lncgDivg	ENSG00000266598	1.1.1	0	ENSMUSG00000056687	n.n.1	0	one_to_one
ENSG00000119771	lncgDivg	ENSMUSG00000020627	lncgDivg	ENSG00000235497;ENSG00000224361;ENSG00000283031	n.1.1;1.1.1;n.1.1	3880;0;0	ENSMUSG00000037735	n.1.1	188	many_to_one
ENSG00000198399	lncgDivg	ENSMUSG00000020640	lncgDivg	ENSG00000242628	n.n.1	0	ENSMUSG00000111971;ENSMUSG00000118449	n.n.1;n.n.1	0;0	one_to_many
ENSG00000151692	lncgDivg	ENSMUSG00000020642	lncgDivg	ENSG00000228203	n.n.1	0	ENSMUSG00000114048	1.1.1	0	one_to_one
ENSG00000143797	lncgDivg	ENSMUSG00000020646	lncgDivg	ENSG00000290023	1.1.1	386	ENSMUSG00000113621	n.1.1	0	one_to_one
ENSG00000105879	lncgDivg	ENSMUSG00000020659	lncgDivg	ENSG00000241764	n.1.1	0	ENSMUSG00000099851	1.1.1	0	one_to_one
ENSG00000181291	lncgDivg	ENSMUSG00000020701	lncgDivg	ENSG00000197322	n.1.1	118	ENSMUSG00000113710	1.1.1	1560	one_to_one
ENSG00000108684	lncgDivg	ENSMUSG00000020704	lncgDivg	ENSG00000263571;ENSG00000264643;ENSG00000263435;ENSG00000264990;ENSG00000265125;ENSG00000266535;ENSG00000264791;ENSG00000265115;ENSG00000265697;ENSG00000265689	n.1.1;1.1.1;1.1.1;1.1.1;n.1.1;1.1.1;1.1.1;1.1.1;1.1.1;1.1.1	0;0;0;1574;0;0;0;0;0;0	ENSMUSG00000085130;ENSMUSG00000087534;ENSMUSG00000086971;ENSMUSG00000020703	1.1.1;1.1.1;1.1.1;n.1.1	0;0;0;0	many_to_many
ENSG00000184060	lncgDivg	ENSMUSG00000020709	lncgDivg	ENSG00000230113	1.1.1	0	ENSMUSG00000086507	1.1.1	0	one_to_one
ENSG00000196712	lncgDivg	ENSMUSG00000020716	lncgDivg	ENSG00000264107	1.1.1	0	ENSMUSG00000120210;ENSMUSG00000091523	1.1.1;1.1.1	391;0	one_to_many
ENSG00000198265	lncgDivg	ENSMUSG00000020721	lncgDivg	ENSG00000266473;ENSG00000264421;ENSG00000285877	1.1.1;1.1.1;1.1.1	0;0;0	ENSMUSG00000059706	1.1.1	0	many_to_one
ENSG00000075461	lncgDivg	ENSMUSG00000020723	lncgDivg	ENSG00000289877;ENSG00000264491;ENSG00000265664	n.1.1;1.1.1;1.1.1	160;0;0	ENSMUSG00000087184	n.1.1	0	many_to_one
ENSG00000161526	lncgDivg	ENSMUSG00000020755	lncgDivg	ENSG00000264829;ENSG00000264270	1.1.1;n.1.1	0;0	ENSMUSG00000087064	1.1.1	0	many_to_one
ENSG00000108576	lncgDivg	ENSMUSG00000020838	lncgDivg	ENSG00000264125	1.1.1	0	ENSMUSG00000087398	1.1.1	0	one_to_one
ENSG00000181031	lncgDivg	ENSMUSG00000020847	lncgDivg	ENSG00000262061;ENSG00000262294;ENSG00000262920;ENSG00000262558	n.n.1;1.1.1;n.n.1;1.1.1	0;0;0;0	ENSMUSG00000087322	1.1.1	0	many_to_one
ENSG00000179029	lncgDivg	ENSMUSG00000020895	lncgDivg	ENSG00000266824	1.1.1	413	ENSMUSG00000121012	1.1.1	90	one_to_one
ENSG00000141506	lncgDivg	ENSMUSG00000020901	lncgDivg	ENSG00000266389;ENSG00000265975	1.1.1;1.1.1	184;1811	ENSMUSG00000120756	n.1.1	124	many_to_one
ENSG00000170310	lncgDivg	ENSMUSG00000020903	lncgDivg	ENSG00000263051;ENSG00000263708;ENSG00000262815;ENSG00000225751	1.1.1;1.1.1;1.1.1;1.1.1	0;0;0;0	ENSMUSG00000087242	1.1.1	0	many_to_one
ENSG00000108433	lncgDivg	ENSMUSG00000020946	lncgDivg	ENSG00000261886	1.1.1	41	ENSMUSG00000085154	n.1.1	0	one_to_one
ENSG00000176165	lncgDivg	ENSMUSG00000020950	lncgDivg	ENSG00000257126	n.n.1	0	ENSMUSG00000112763	n.1.1	775	one_to_one
ENSG00000165417	lncgDivg	ENSMUSG00000020962	lncgDivg	ENSG00000273783	n.n.1	0	ENSMUSG00000120869	1.1.1	0	one_to_one
ENSG00000100490	lncgDivg	ENSMUSG00000020990	lncgDivg	ENSG00000258857	1.1.1	0	ENSMUSG00000020992	n.1.n	0	one_to_one
ENSG00000151322	lncgDivg	ENSMUSG00000021010	lncgDivg	ENSG00000287777;ENSG00000287153	1.1.1;1.1.1	0;0	ENSMUSG00000113179	n.1.1	0	many_to_one
ENSG00000100714	lncgDivg	ENSMUSG00000021048	lncgDivg	ENSG00000258824;ENSG00000272909	1.1.1;1.1.1	0;0	ENSMUSG00000112784;ENSMUSG00000112274	1.1.1;1.1.1	0;0	many_to_many_strict
ENSG00000154001	lncgDivg	ENSMUSG00000021051	lncgDivg	ENSG00000261242	1.1.1	192	ENSMUSG00000112459	1.1.1	0	one_to_one
ENSG00000033170	lncgDivg	ENSMUSG00000021065	lncgDivg	ENSG00000276116	1.1.1	0	ENSMUSG00000112150	1.1.1	0	one_to_one
ENSG00000100503	lncgDivg	ENSMUSG00000021068	lncgDivg	ENSG00000285747;ENSG00000258843	1.1.1;1.1.1	800;0	ENSMUSG00000114099	1.1.1	0	many_to_one
ENSG00000100504	lncgDivg	ENSMUSG00000021069	lncgDivg	ENSG00000258745	1.1.1	0	ENSMUSG00000085298	1.1.1	0	one_to_one
ENSG00000100505	lncgDivg	ENSMUSG00000021071	lncgDivg	ENSG00000287990;ENSG00000259055	1.1.1;1.1.1	0;0	ENSMUSG00000112945;ENSMUSG00000113694	1.1.1;1.1.1	0;0	many_to_many_strict
ENSG00000133937	lncgDivg	ENSMUSG00000021095	lncgDivg	ENSG00000285205	1.1.1	158	ENSMUSG00000114826	n.1.1	1	one_to_one
ENSG00000100614	lncgDivg	ENSMUSG00000021096	lncgDivg	ENSG00000254718	n.n.1	0	ENSMUSG00000120877	1.1.1	0	one_to_one
ENSG00000165959	lncgDivg	ENSMUSG00000021097	lncgDivg	ENSG00000258630	n.n.1	0	ENSMUSG00000021101	n.n.1	0	one_to_one
ENSG00000182512	lncgDivg	ENSMUSG00000021102	lncgDivg	ENSG00000247092	n.n.n	0	ENSMUSG00000113722	n.1.1	380	one_to_one
ENSG00000081181	lncgDivg	ENSMUSG00000021125	lncgDivg	ENSG00000286861	1.1.1	0	ENSMUSG00000111929	1.1.1	0	one_to_one
ENSG00000100626	lncgDivg	ENSMUSG00000021130	lncgDivg	ENSG00000258520	1.1.1	0	ENSMUSG00000112421;ENSMUSG00000097801	1.1.1;1.1.1	0;0	one_to_many
ENSG00000015133	lncgDivg	ENSMUSG00000021182	lncgDivg	ENSG00000258798	1.1.1	422	ENSMUSG00000097160;ENSMUSG00000113634	n.1.1;n.1.1	0;0	one_to_many
ENSG00000100628	lncgDivg	ENSMUSG00000021200	lncgDivg	ENSG00000258987	n.1.1	0	ENSMUSG00000090185	1.1.1	0	one_to_one
ENSG00000182732	lncgDivg	ENSMUSG00000021219	lncgDivg	ENSG00000286333	1.1.1	0	ENSMUSG00000120391;ENSMUSG00000102029;ENSMUSG00000100890	1.1.1;1.1.1;1.1.1	0;0;0	one_to_many
ENSG00000170348	lncgDivg	ENSMUSG00000021248	lncgDivg	ENSG00000273565	1.1.1	0	ENSMUSG00000113488	1.1.1	0	one_to_one
ENSG00000119699	lncgDivg	ENSMUSG00000021253	lncgDivg	ENSG00000258876	1.1.1	0	ENSMUSG00000114051	1.1.1	0	one_to_one
ENSG00000089916	lncgDivg	ENSMUSG00000021254	lncgDivg	ENSG00000283629	1.1.1	0	ENSMUSG00000120595	1.1.1	122	one_to_one
ENSG00000119715	lncgDivg	ENSMUSG00000021255	lncgDivg	ENSG00000258402	1.1.1	646	ENSMUSG00000121169	1.1.1	0	one_to_one
ENSG00000131323	lncgDivg	ENSMUSG00000021277	lncgDivg	ENSG00000259508	n.1.1	2658	ENSMUSG00000083193	1.1.1	0	one_to_one
ENSG00000002746	lncgDivg	ENSMUSG00000021301	lncgDivg	ENSG00000232006;ENSG00000228680;ENSG00000231638	n.n.n;n.1.1;1.1.1	0;0;0	ENSMUSG00000113654	n.n.1	0	many_to_one
ENSG00000137203	lncgDivg	ENSMUSG00000021359	lncgDivg	ENSG00000285278;ENSG00000229950	1.1.1;n.1.1	0;0	ENSMUSG00000114936;ENSMUSG00000097752;ENSMUSG00000114597	1.1.1;1.1.1;1.1.1	0;0;0	many_to_many
ENSG00000111859	lncgDivg	ENSMUSG00000021365	lncgDivg	ENSG00000287920;ENSG00000290062	1.1.1;1.1.1	0;0	ENSMUSG00000114552;ENSMUSG00000114585;ENSMUSG00000097373;ENSMUSG00000114914	1.1.1;n.1.1;1.1.1;1.1.1	0;0;0;0	many_to_many
ENSG00000145979	lncgDivg	ENSMUSG00000021368	lncgDivg	ENSG00000289257	1.1.1	0	ENSMUSG00000120366	1.1.1	43	one_to_one
ENSG00000124789	lncgDivg	ENSMUSG00000021374	lncgDivg	ENSG00000272269	1.1.1	0	ENSMUSG00000120329	n.n.1	0	one_to_one
ENSG00000168994	lncgDivg	ENSMUSG00000021411	lncgDivg	ENSG00000270504	1.1.1	0	ENSMUSG00000086786	1.1.1	0	one_to_one
ENSG00000112739	lncgDivg	ENSMUSG00000021413	lncgDivg	ENSG00000288904;ENSG00000230648	1.1.1;1.1.1	2495;52	ENSMUSG00000113170	1.1.1	0	many_to_one
ENSG00000124787	lncgDivg	ENSMUSG00000021418	lncgDivg	ENSG00000272142	n.n.1	0	ENSMUSG00000114270	1.1.1	0	one_to_one
ENSG00000145982	lncgDivg	ENSMUSG00000021420	lncgDivg	ENSG00000269985;ENSG00000270174	n.1.1;1.1.1	0;0	ENSMUSG00000114407;ENSMUSG00000114387	1.1.1;1.1.1	0;0	many_to_many_strict
ENSG00000124786	lncgDivg	ENSMUSG00000021432	lncgDivg	ENSG00000285219	n.1.1	102	ENSMUSG00000096932	1.1.1	0	one_to_one
ENSG00000158169	lncgDivg	ENSMUSG00000021461	lncgDivg	ENSG00000229065	1.1.1	0	ENSMUSG00000089854	n.n.1	0	one_to_one
ENSG00000185920	lncgDivg	ENSMUSG00000021466	lncgDivg	ENSG00000271314;ENSG00000271155;ENSG00000271659	1.1.1;1.1.1;1.1.1	0;0;0	ENSMUSG00000113459	n.1.1	1453	many_to_one
ENSG00000078295	lncgDivg	ENSMUSG00000021536	lncgDivg	ENSG00000250761	1.1.1	0	ENSMUSG00000113121	n.n.1	0	one_to_one
ENSG00000153140	lncgDivg	ENSMUSG00000021537	lncgDivg	ENSG00000255647	n.1.1	234	ENSMUSG00000097793	n.1.1	0	one_to_one
ENSG00000171368	lncgDivg	ENSMUSG00000021573	lncgDivg	ENSG00000289088;ENSG00000271781	n.1.1;1.1.1	141;0	ENSMUSG00000085881	n.1.1	38	many_to_one
ENSG00000197822	lncgDivg	ENSMUSG00000021638	lncgDivg	ENSG00000249295	n.n.1	0	ENSMUSG00000114360	1.1.1	4708	one_to_one
ENSG00000145741	lncgDivg	ENSMUSG00000021660	lncgDivg	ENSG00000272525	1.1.1	22	ENSMUSG00000048603	n.n.1	0	one_to_one
ENSG00000145703	lncgDivg	ENSMUSG00000021676	lncgDivg	ENSG00000249713	1.1.1	0	ENSMUSG00000118436;ENSMUSG00000121060;ENSMUSG00000118445	1.1.1;1.1.1;1.1.1	0;0;0	one_to_many
ENSG00000035499	lncgDivg	ENSMUSG00000021697	lncgDivg	ENSG00000287434	1.1.1	0	ENSMUSG00000090358	1.1.1	59	one_to_one
ENSG00000112996	lncgDivg	ENSMUSG00000021731	lncgDivg	ENSG00000251141	n.1.1	170	ENSMUSG00000097411	n.1.1	0	one_to_one
ENSG00000070193	lncgDivg	ENSMUSG00000021732	lncgDivg	ENSG00000248464	1.1.1	0	ENSMUSG00000086709	1.1.1	0	one_to_one
ENSG00000163689	lncgDivg	ENSMUSG00000021747	lncgDivg	ENSG00000242428	n.n.1	0	ENSMUSG00000097898	n.1.1	146	one_to_one
ENSG00000095015	lncgDivg	ENSMUSG00000021754	lncgDivg	ENSG00000237705	1.1.1	0	ENSMUSG00000085204	n.1.1	1475	one_to_one
ENSG00000134352	lncgDivg	ENSMUSG00000021756	lncgDivg	ENSG00000262211;ENSG00000227908	1.1.1;n.1.1	0;131	ENSMUSG00000120018	1.1.1	75	many_to_one
ENSG00000151090	lncgDivg	ENSMUSG00000021779	lncgDivg	ENSG00000228791;ENSG00000289130	n.n.1;n.n.1	0;0	ENSMUSG00000114504	n.n.1	0	many_to_one
ENSG00000107779	lncgDivg	ENSMUSG00000021796	lncgDivg	ENSG00000272631	1.1.1	303	ENSMUSG00000090779	1.1.1	0	one_to_one
ENSG00000148660	lncgDivg	ENSMUSG00000021820	lncgDivg	ENSG00000224195;ENSG00000229990	1.1.1;1.1.1	0;0	ENSMUSG00000114241	n.1.1	87	many_to_one
ENSG00000125378	lncgDivg	ENSMUSG00000021835	lncgDivg	ENSG00000287156	1.1.1	0	ENSMUSG00000086746	n.1.1	0	one_to_one
ENSG00000020577	lncgDivg	ENSMUSG00000021838	lncgDivg	ENSG00000285774	n.1.1	0	ENSMUSG00000115100;ENSMUSG00000115410	n.1.1;1.1.1	2152;0	one_to_many
ENSG00000165588	lncgDivg	ENSMUSG00000021848	lncgDivg	ENSG00000248550	n.1.1	0	ENSMUSG00000098682	n.n.1	0	one_to_one
ENSG00000151812	lncgDivg	ENSMUSG00000021852	lncgDivg	ENSG00000259039	n.n.1	0	ENSMUSG00000115096	1.1.1	0	one_to_one
ENSG00000122359	lncgDivg	ENSMUSG00000021866	lncgDivg	ENSG00000237523	n.1.1	1800	ENSMUSG00000098609	1.1.1	0	one_to_one
ENSG00000254093	lncgDivg	ENSMUSG00000021958	lncgDivg	ENSG00000253695	n.1.1	692	ENSMUSG00000120039	n.1.1	81	one_to_one
ENSG00000132932	lncgDivg	ENSMUSG00000021983	lncgDivg	ENSG00000289125	1.1.1	0	ENSMUSG00000086112	n.n.1	0	one_to_one
ENSG00000157445	lncgDivg	ENSMUSG00000021991	lncgDivg	ENSG00000243715;ENSG00000286353;ENSG00000265992	1.1.1;1.1.1;1.1.1	0;0;0	ENSMUSG00000114760;ENSMUSG00000114704;ENSMUSG00000114595	1.1.1;n.1.1;1.1.1	0;0;0	many_to_many_strict
ENSG00000114251	lncgDivg	ENSMUSG00000021994	lncgDivg	ENSG00000244586	1.1.1	0	ENSMUSG00000097002	1.1.1	0	one_to_one
ENSG00000120658	lncgDivg	ENSMUSG00000022012	lncgDivg	ENSG00000238189;ENSG00000270522;ENSG00000287029;ENSG00000233821	1.1.1;1.1.1;1.1.1;1.1.1	0;619;0;0	ENSMUSG00000115244;ENSMUSG00000115363;ENSMUSG00000067973	1.1.1;1.1.1;n.n.1	0;0;0	many_to_many
ENSG00000134020	lncgDivg	ENSMUSG00000022085	lncgDivg	ENSG00000248738	n.1.1	0	ENSMUSG00000114446	1.1.1	0	one_to_one
ENSG00000120896	lncgDivg	ENSMUSG00000022091	lncgDivg	ENSG00000254230	1.1.1	0	ENSMUSG00000115186	n.1.n	0	one_to_one
ENSG00000136161	lncgDivg	ENSMUSG00000022106	lncgDivg	ENSG00000289900;ENSG00000287599	1.1.1;1.1.1	0;0	ENSMUSG00000090706	1.1.1	0	many_to_one
ENSG00000179399	lncgDivg	ENSMUSG00000022112	lncgDivg	ENSG00000232885;ENSG00000287159;ENSG00000235984	n.1.1;1.1.1;n.1.1	0;0;0	ENSMUSG00000093551;ENSMUSG00000093497	1.1.1;1.1.1	0;0	many_to_many
ENSG00000139746	lncgDivg	ENSMUSG00000022119	lncgDivg	ENSG00000227354	n.n.1	0	ENSMUSG00000120914	1.1.1	34	one_to_one
ENSG00000102580	lncgDivg	ENSMUSG00000022136	lncgDivg	ENSG00000247400	n.1.1	166	ENSMUSG00000119970	1.1.1	214	one_to_one
ENSG00000139793	lncgDivg	ENSMUSG00000022139	lncgDivg	ENSG00000286334	1.1.1	0	ENSMUSG00000097903	1.1.1	0	one_to_one
ENSG00000083720	lncgDivg	ENSMUSG00000022186	lncgDivg	ENSG00000248668;ENSG00000286164	n.1.1;1.1.1	0;0	ENSMUSG00000087221;ENSMUSG00000086297	n.n.1;1.1.1	0;0	many_to_many_strict
ENSG00000112902	lncgDivg	ENSMUSG00000022231	lncgDivg	ENSG00000251370;ENSG00000248537;ENSG00000250786	1.1.1;1.1.1;n.1.1	0;0;118	ENSMUSG00000096956;ENSMUSG00000115063	1.1.1;1.1.1	108;0	many_to_many
ENSG00000145491	lncgDivg	ENSMUSG00000022236	lncgDivg	ENSG00000250600	n.1.1	0	ENSMUSG00000115710	1.1.1	1	one_to_one
ENSG00000039560	lncgDivg	ENSMUSG00000022246	lncgDivg	ENSG00000250234;ENSG00000271874	1.1.1;1.1.1	0;4440	ENSMUSG00000096971;ENSMUSG00000115667	n.1.1;n.n.1	202;0	many_to_many_strict
ENSG00000147649	lncgDivg	ENSMUSG00000022255	lncgDivg	ENSG00000287654	1.1.1	303	ENSMUSG00000121114	1.1.1	61	one_to_one
ENSG00000154122	lncgDivg	ENSMUSG00000022265	lncgDivg	ENSG00000272057;ENSG00000286970	1.1.1;n.1.1	554;0	ENSMUSG00000115138	1.1.1	3228	many_to_one
ENSG00000083307	lncgDivg	ENSMUSG00000022286	lncgDivg	ENSG00000254024;ENSG00000289048	1.1.1;n.1.1	0;137	ENSMUSG00000089804;ENSMUSG00000089949	n.1.1;1.1.1	0;0	many_to_many_strict
ENSG00000155097	lncgDivg	ENSMUSG00000022295	lncgDivg	ENSG00000254236	1.1.1	0	ENSMUSG00000115547	1.1.1	2094	one_to_one
ENSG00000164929	lncgDivg	ENSMUSG00000022296	lncgDivg	ENSG00000236939;ENSG00000253851	n.1.1;1.1.1	0;0	ENSMUSG00000114994	1.1.1	0	many_to_one
ENSG00000164930	lncgDivg	ENSMUSG00000022297	lncgDivg	ENSG00000247081;ENSG00000286337	n.n.n;1.1.1	0;0	ENSMUSG00000097875	1.1.1	0	many_to_one
ENSG00000164830	lncgDivg	ENSMUSG00000022307	lncgDivg	ENSG00000254021;ENSG00000253582	1.1.1;1.1.1	1403;0	ENSMUSG00000097232	1.1.1	0	many_to_one
ENSG00000154188	lncgDivg	ENSMUSG00000022309	lncgDivg	ENSG00000286766	1.1.1	1718	ENSMUSG00000097805	n.1.1	0	one_to_one
ENSG00000040731	lncgDivg	ENSMUSG00000022321	lncgDivg	ENSG00000251294	1.1.1	0	ENSMUSG00000084873	1.1.1	173	one_to_one
ENSG00000170961	lncgDivg	ENSMUSG00000022367	lncgDivg	ENSG00000248690	n.n.1	0	ENSMUSG00000086541	n.n.1	0	one_to_one
ENSG00000153317	lncgDivg	ENSMUSG00000022377	lncgDivg	ENSG00000286535;ENSG00000287201	1.1.1;1.1.1	0;0	ENSMUSG00000115752;ENSMUSG00000093695	1.1.1;n.1.1	0;0	many_to_many_strict
ENSG00000155792	lncgDivg	ENSMUSG00000022419	lncgDivg	ENSG00000245330	n.n.1	0	ENSMUSG00000053749	n.1.1	0	one_to_one
ENSG00000066422	lncgDivg	ENSMUSG00000022601	lncgDivg	ENSG00000256628	1.1.1	0	ENSMUSG00000102101	1.1.1	0	one_to_one
ENSG00000100288	lncgDivg	ENSMUSG00000022617	lncgDivg	ENSG00000272940;ENSG00000205559	1.1.1;n.1.1	0;0	ENSMUSG00000079242	1.1.1	0	many_to_one
ENSG00000100299	lncgDivg	ENSMUSG00000022620	lncgDivg	ENSG00000289244	1.1.1	79	ENSMUSG00000084915	n.n.1	0	one_to_one
ENSG00000133393	lncgDivg	ENSMUSG00000022677	lncgDivg	ENSG00000262171	1.1.1	0	ENSMUSG00000085612	1.1.1	0	one_to_one
ENSG00000181722	lncgDivg	ENSMUSG00000022708	lncgDivg	ENSG00000242767;ENSG00000241560;ENSG00000288896;ENSG00000242880;ENSG00000242290;ENSG00000239946;ENSG00000241295	1.1.1;n.n.1;1.1.1;n.1.1;n.n.1;1.1.1;1.1.1	0;0;483;313;0;0;0	ENSMUSG00000116903;ENSMUSG00000055370;ENSMUSG00000085499;ENSMUSG00000075070	1.1.1;1.1.1;1.1.1;n.1.1	0;0;0;119	many_to_many
ENSG00000087470	lncgDivg	ENSMUSG00000022789	lncgDivg	ENSG00000275854;ENSG00000274105;ENSG00000276148	1.1.1;1.1.1;1.1.1	0;0;0	ENSMUSG00000115923	1.1.1	0	many_to_one
ENSG00000061938	lncgDivg	ENSMUSG00000022791	lncgDivg	ENSG00000286004	1.1.1	0	ENSMUSG00000075265	1.1.1	0	one_to_one
ENSG00000185621	lncgDivg	ENSMUSG00000022802	lncgDivg	ENSG00000286755;ENSG00000232832	1.1.1;1.1.1	0;0	ENSMUSG00000120962	1.1.1	0	many_to_one
ENSG00000183833	lncgDivg	ENSMUSG00000022805	lncgDivg	ENSG00000239994	1.1.1	0	ENSMUSG00000087568	1.1.1	0	one_to_one
ENSG00000163848	lncgDivg	ENSMUSG00000022811	lncgDivg	ENSG00000289324	1.1.1	47	ENSMUSG00000097318	n.1.1	109	one_to_one
ENSG00000065534	lncgDivg	ENSMUSG00000022836	lncgDivg	ENSG00000288806;ENSG00000250174;ENSG00000273123	n.1.1;n.1.1;1.1.1	0;0;0	ENSMUSG00000100593;ENSMUSG00000116665	1.1.1;n.n.1	0;0	many_to_many
ENSG00000154642	lncgDivg	ENSMUSG00000022864	lncgDivg	ENSG00000244676	n.n.1	0	ENSMUSG00000116628	1.1.1	0	one_to_one
ENSG00000155307	lncgDivg	ENSMUSG00000022876	lncgDivg	ENSG00000223662	1.1.1	0	ENSMUSG00000087214	1.1.1	0	one_to_one
ENSG00000163918	lncgDivg	ENSMUSG00000022881	lncgDivg	ENSG00000231724	1.1.1	634	ENSMUSG00000116733	1.1.1	53	one_to_one
ENSG00000142192	lncgDivg	ENSMUSG00000022892	lncgDivg	ENSG00000224541;ENSG00000233783;ENSG00000273492	1.1.1;n.1.1;n.1.1	0;0;0	ENSMUSG00000115469;ENSMUSG00000114988;ENSMUSG00000115518	1.1.1;1.1.1;1.1.1	0;0;0	many_to_many_strict
ENSG00000157538	lncgDivg	ENSMUSG00000022898	lncgDivg	ENSG00000272948	1.1.1	0	ENSMUSG00000120258	1.1.1	215	one_to_one
ENSG00000185658	lncgDivg	ENSMUSG00000022914	lncgDivg	ENSG00000238141;ENSG00000255568;ENSG00000272991	1.1.1;1.1.1;1.1.1	0;0;0	ENSMUSG00000117289;ENSMUSG00000085884	1.1.1;1.1.1	150;0	many_to_many
ENSG00000185917	lncgDivg	ENSMUSG00000022948	lncgDivg	ENSG00000236119;ENSG00000236677	1.1.1;1.1.1	3470;0	ENSMUSG00000117317	1.1.1	0	many_to_one
ENSG00000159216	lncgDivg	ENSMUSG00000022952	lncgDivg	ENSG00000231106;ENSG00000286153;ENSG00000234703	1.1.1;n.1.1;1.1.1	470;0;0	ENSMUSG00000097139	1.1.1	0	many_to_one
ENSG00000159055	lncgDivg	ENSMUSG00000022978	lncgDivg	ENSG00000227256	1.1.1	0	ENSMUSG00000120489	1.1.1	66	one_to_one
ENSG00000156304	lncgDivg	ENSMUSG00000022983	lncgDivg	ENSG00000273091	1.1.1	3614	ENSMUSG00000120905	1.1.1	112	one_to_one
ENSG00000174233	lncgDivg	ENSMUSG00000022994	lncgDivg	ENSG00000257660;ENSG00000257653	n.1.1;1.1.1	487;0	ENSMUSG00000100220	1.1.1	0	many_to_one
ENSG00000139549	lncgDivg	ENSMUSG00000023000	lncgDivg	ENSG00000257346	n.n.1	0	ENSMUSG00000116033	1.1.1	0	one_to_one
ENSG00000123416	lncgDivg	ENSMUSG00000023004	lncgDivg	ENSG00000258017	n.n.1	0	ENSMUSG00000116223	n.n.n	0	one_to_one
ENSG00000050405	lncgDivg	ENSMUSG00000023022	lncgDivg	ENSG00000257256	1.1.1	0	ENSMUSG00000116518;ENSMUSG00000090500	n.1.1;1.1.1	77;0	one_to_many
ENSG00000135480	lncgDivg	ENSMUSG00000023039	lncgDivg	ENSG00000257671	1.1.1	0	ENSMUSG00000116116	1.1.1	0	one_to_one
ENSG00000139546	lncgDivg	ENSMUSG00000023051	lncgDivg	ENSG00000270175	1.1.1	0	ENSMUSG00000121046	1.1.1	321	one_to_one
ENSG00000116679	lncgDivg	ENSMUSG00000023150	lncgDivg	ENSG00000273004	1.1.1	506	ENSMUSG00000100954	n.n.1	0	one_to_one
ENSG00000103175	lncgDivg	ENSMUSG00000023336	lncgDivg	ENSG00000260530	1.1.1	0	ENSMUSG00000110453	1.1.1	0	one_to_one
ENSG00000206418	lncgDivg	ENSMUSG00000023460	lncgDivg	ENSG00000266708	1.1.1	0	ENSMUSG00000121111	n.1.1	0	one_to_one
ENSG00000008300	lncgDivg	ENSMUSG00000023473	lncgDivg	ENSG00000228350	1.1.1	890	ENSMUSG00000103785	n.1.1	1222	one_to_one
ENSG00000185345	lncgDivg	ENSMUSG00000023826	lncgDivg	ENSG00000286805;ENSG00000286498	1.1.1;1.1.1	0;0	ENSMUSG00000100402	1.1.1	0	many_to_one
ENSG00000146477	lncgDivg	ENSMUSG00000023828	lncgDivg	ENSG00000287656	1.1.1	0	ENSMUSG00000117314	n.1.1	0	one_to_one
ENSG00000153922	lncgDivg	ENSMUSG00000023852	lncgDivg	ENSG00000248489	n.1.1	156	ENSMUSG00000120176	1.1.1	110	one_to_one
ENSG00000001561	lncgDivg	ENSMUSG00000023961	lncgDivg	ENSG00000231769	n.1.1	132	ENSMUSG00000120221	n.1.1	143	one_to_one
ENSG00000137166	lncgDivg	ENSMUSG00000023991	lncgDivg	ENSG00000234753	n.n.1	0	ENSMUSG00000085932	1.1.1	0	one_to_one
ENSG00000141867	lncgDivg	ENSMUSG00000024002	lncgDivg	ENSG00000290008	1.1.1	68	ENSMUSG00000097217	n.1.1	65	one_to_one
ENSG00000164530	lncgDivg	ENSMUSG00000024011	lncgDivg	ENSG00000232598	1.1.1	3588	ENSMUSG00000117592	n.1.1	0	one_to_one
ENSG00000082397	lncgDivg	ENSMUSG00000024044	lncgDivg	ENSG00000264000;ENSG00000265316	1.1.1;1.1.1	0;0	ENSMUSG00000100572	1.1.1	0	many_to_one
ENSG00000132205	lncgDivg	ENSMUSG00000024053	lncgDivg	ENSG00000289061	n.n.1	0	ENSMUSG00000117137	1.1.1	3451	one_to_one
ENSG00000158089	lncgDivg	ENSMUSG00000024064	lncgDivg	ENSG00000234579	1.1.1	0	ENSMUSG00000117118;ENSMUSG00000117023	1.1.1;1.1.1	0;0	one_to_many
ENSG00000115760	lncgDivg	ENSMUSG00000024073	lncgDivg	ENSG00000230046;ENSG00000290864	1.1.1;n.1.1	0;0	ENSMUSG00000117358;ENSMUSG00000097546	n.1.1;1.1.1	175;0	many_to_many_strict
ENSG00000150938	lncgDivg	ENSMUSG00000024074	lncgDivg	ENSG00000273090;ENSG00000260025	1.1.1;1.1.1	0;307	ENSMUSG00000117648	1.1.1	223	many_to_one
ENSG00000112893	lncgDivg	ENSMUSG00000024085	lncgDivg	ENSG00000271849	1.1.1	1598	ENSMUSG00000091160	1.1.1	0	one_to_one
ENSG00000017797	lncgDivg	ENSMUSG00000024096	lncgDivg	ENSG00000273335	1.1.1	1003	ENSMUSG00000117250;ENSMUSG00000117335	1.1.1;n.n.1	622;0	one_to_many
ENSG00000179915	lncgDivg	ENSMUSG00000024109	lncgDivg	ENSG00000283058;ENSG00000286412;ENSG00000285548;ENSG00000231918	1.1.1;1.1.1;1.1.1;1.1.1	0;0;0;0	ENSMUSG00000071033;ENSMUSG00000090160	1.1.1;1.1.1	0;0	many_to_many
ENSG00000140992	lncgDivg	ENSMUSG00000024122	lncgDivg	ENSG00000260436;ENSG00000261140;ENSG00000269937;ENSG00000261613;ENSG00000261093	1.1.1;1.1.1;1.1.1;1.1.1;1.1.1	0;0;0;0;0	ENSMUSG00000117523	1.1.1	0	many_to_one
ENSG00000087903	lncgDivg	ENSMUSG00000024206	lncgDivg	ENSG00000267262;ENSG00000267299	n.1.1;1.1.1	0;0	ENSMUSG00000121209	1.1.1	0	many_to_one
ENSG00000064999	lncgDivg	ENSMUSG00000024219	lncgDivg	ENSG00000286550	1.1.1	0	ENSMUSG00000117263;ENSMUSG00000085846	1.1.1;1.1.1	0;0	one_to_many
ENSG00000096060	lncgDivg	ENSMUSG00000024222	lncgDivg	ENSG00000287458	1.1.1	0	ENSMUSG00000117084	1.1.1	0	one_to_one
ENSG00000157343	lncgDivg	ENSMUSG00000024223	lncgDivg	ENSG00000232909	1.1.1	85	ENSMUSG00000117131	1.1.1	72	one_to_one
ENSG00000107951	lncgDivg	ENSMUSG00000024234	lncgDivg	ENSG00000285824	1.1.1	0	ENSMUSG00000097641	1.1.1	0	one_to_one
ENSG00000107968	lncgDivg	ENSMUSG00000024235	lncgDivg	ENSG00000289874	1.1.1	149	ENSMUSG00000120299;ENSMUSG00000117401	1.1.1;n.n.n	52;543	one_to_many
ENSG00000148516	lncgDivg	ENSMUSG00000024238	lncgDivg	ENSG00000237036	n.n.1	0	ENSMUSG00000063087	n.n.1	0	one_to_one
ENSG00000120616	lncgDivg	ENSMUSG00000024240	lncgDivg	ENSG00000226842;ENSG00000229327;ENSG00000233825	1.1.1;1.1.1;1.1.1	0;0;0	ENSMUSG00000101320	n.n.1	0	many_to_one
ENSG00000101489	lncgDivg	ENSMUSG00000024268	lncgDivg	ENSG00000267707;ENSG00000267202;ENSG00000285940	1.1.1;n.1.1;n.n.1	0;0;0	ENSMUSG00000114511;ENSMUSG00000114306;ENSMUSG00000120137	1.1.1;1.1.1;n.1.1	0;0;227	many_to_many_strict
ENSG00000095787	lncgDivg	ENSMUSG00000024283	lncgDivg	ENSG00000254635	n.n.1	0	ENSMUSG00000117505	1.1.1	0	one_to_one
ENSG00000101752	lncgDivg	ENSMUSG00000024294	lncgDivg	ENSG00000265142	n.1.1	0	ENSMUSG00000095438	n.1.1	0	one_to_one
ENSG00000134769	lncgDivg	ENSMUSG00000024302	lncgDivg	ENSG00000268873	1.1.1	0	ENSMUSG00000114088	1.1.1	0	one_to_one
ENSG00000204256	lncgDivg	ENSMUSG00000024335	lncgDivg	ENSG00000263756	1.1.1	0	ENSMUSG00000117829	1.1.1	0	one_to_one
ENSG00000120725	lncgDivg	ENSMUSG00000024357	lncgDivg	ENSG00000249593	n.n.1	0	ENSMUSG00000117731;ENSMUSG00000118386	1.1.1;1.1.1	0;0	one_to_many
ENSG00000120705	lncgDivg	ENSMUSG00000024360	lncgDivg	ENSG00000289155	1.1.1	228	ENSMUSG00000120539	1.1.1	124	one_to_one
ENSG00000166278	lncgDivg	ENSMUSG00000024371	lncgDivg	ENSG00000281756	1.1.1	0	ENSMUSG00000121067	1.1.1	0	one_to_one
ENSG00000163166	lncgDivg	ENSMUSG00000024384	lncgDivg	ENSG00000231731	n.n.1	0	ENSMUSG00000120022	1.1.1	0	one_to_one
ENSG00000169994	lncgDivg	ENSMUSG00000024388	lncgDivg	ENSG00000272789	1.1.1	0	ENSMUSG00000084824	1.1.1	0	one_to_one
ENSG00000204469	lncgDivg	ENSMUSG00000024393	lncgDivg	ENSG00000289375	1.1.1	309	ENSMUSG00000090936	1.1.1	222	one_to_one
ENSG00000168234	lncgDivg	ENSMUSG00000024424	lncgDivg	ENSG00000265204;ENSG00000264924;ENSG00000264745	1.1.1;1.1.1;1.1.1	0;0;0	ENSMUSG00000117418;ENSMUSG00000117573	1.1.1;1.1.1	0;0	many_to_many
ENSG00000187678	lncgDivg	ENSMUSG00000024427	lncgDivg	ENSG00000231185	n.n.n	0	ENSMUSG00000118257	n.n.n	119	one_to_one
ENSG00000168675	lncgDivg	ENSMUSG00000024544	lncgDivg	ENSG00000267136;ENSG00000267239;ENSG00000267694;ENSG00000267529;ENSG00000267503;ENSG00000266954;ENSG00000267393;ENSG00000267177;ENSG00000286926;ENSG00000267690;ENSG00000267366	1.1.1;n.1.1;1.1.1;n.1.1;1.1.1;1.1.1;1.1.1;1.1.1;1.1.1;1.1.1;1.1.1	0;1131;0;0;0;0;0;0;0;0;0	ENSMUSG00000117891	1.1.1	0	many_to_one
ENSG00000132874	lncgDivg	ENSMUSG00000024552	lncgDivg	ENSG00000287943;ENSG00000267193;ENSG00000285790;ENSG00000267097	1.1.1;1.1.1;1.1.1;n.1.1	0;0;0;0	ENSMUSG00000117661	n.1.1	0	many_to_one
ENSG00000141639	lncgDivg	ENSMUSG00000024558	lncgDivg	ENSG00000287381	1.1.1	0	ENSMUSG00000090263	1.1.1	0	one_to_one
ENSG00000256463	lncgDivg	ENSMUSG00000024565	lncgDivg	ENSG00000263146	n.1.1	1935	ENSMUSG00000098720	1.1.1	685	one_to_one
ENSG00000166377	lncgDivg	ENSMUSG00000024566	lncgDivg	ENSG00000286245;ENSG00000267628;ENSG00000267015	1.1.1;1.1.1;1.1.1	0;0;0	ENSMUSG00000114891	1.1.1	0	many_to_one
ENSG00000127743	lncgDivg	ENSMUSG00000024578	lncgDivg	ENSG00000249669;ENSG00000253865	n.1.1;1.1.1	16326;0	ENSMUSG00000102778	1.1.1	0	many_to_one
ENSG00000049759	lncgDivg	ENSMUSG00000024589	lncgDivg	ENSG00000267396;ENSG00000267743	1.1.1;n.1.1	0;0	ENSMUSG00000120534;ENSMUSG00000117895;ENSMUSG00000114210	1.1.1;1.1.1;1.1.1	0;0;0	many_to_many
ENSG00000106829	lncgDivg	ENSMUSG00000024642	lncgDivg	ENSG00000233086	n.1.1	39431	ENSMUSG00000120068	1.1.1	436	one_to_one
ENSG00000166347	lncgDivg	ENSMUSG00000024646	lncgDivg	ENSG00000286529	1.1.1	1244	ENSMUSG00000089744	n.1.1	0	one_to_one
ENSG00000162174	lncgDivg	ENSMUSG00000024654	lncgDivg	ENSG00000255126;ENSG00000255118	1.1.1;1.1.1	0;0	ENSMUSG00000024658	1.1.1	0	many_to_one
ENSG00000149503	lncgDivg	ENSMUSG00000024660	lncgDivg	ENSG00000285656	1.1.1	231	ENSMUSG00000118100	n.1.1	113	one_to_one
ENSG00000165091	lncgDivg	ENSMUSG00000024749	lncgDivg	ENSG00000289993	1.1.1	0	ENSMUSG00000118293	1.1.1	0	one_to_one
ENSG00000147853	lncgDivg	ENSMUSG00000024782	lncgDivg	ENSG00000287759	n.1.1	0	ENSMUSG00000100075	1.1.1	0	one_to_one
ENSG00000120158	lncgDivg	ENSMUSG00000024785	lncgDivg	ENSG00000228165	1.1.1	0	ENSMUSG00000120326	1.1.1	206	one_to_one
ENSG00000147854	lncgDivg	ENSMUSG00000024817	lncgDivg	ENSG00000233367	1.1.1	0	ENSMUSG00000120593	1.1.1	155	one_to_one
ENSG00000172613	lncgDivg	ENSMUSG00000024824	lncgDivg	ENSG00000287851	1.1.1	440	ENSMUSG00000118245	n.1.1	106	one_to_one
ENSG00000110721	lncgDivg	ENSMUSG00000024843	lncgDivg	ENSG00000255236	n.1.1	180	ENSMUSG00000117912	1.1.1	0	one_to_one
ENSG00000174996	lncgDivg	ENSMUSG00000024862	lncgDivg	ENSG00000254855;ENSG00000254461	1.1.1;1.1.1	0;0	ENSMUSG00000117710	1.1.1	0	many_to_one
ENSG00000107242	lncgDivg	ENSMUSG00000024867	lncgDivg	ENSG00000236733;ENSG00000288771	1.1.1;n.1.1	0;0	ENSMUSG00000085003;ENSMUSG00000117979	1.1.1;n.1.1	0;417	many_to_many_strict
ENSG00000107282	lncgDivg	ENSMUSG00000024897	lncgDivg	ENSG00000261447;ENSG00000229312	1.1.1;1.1.1	378;0	ENSMUSG00000118340	1.1.1	0	many_to_one
ENSG00000080503	lncgDivg	ENSMUSG00000024921	lncgDivg	ENSG00000236199	1.1.1	0	ENSMUSG00000093628	n.1.1	0	one_to_one
ENSG00000172818	lncgDivg	ENSMUSG00000024922	lncgDivg	ENSG00000255120	n.n.1	0	ENSMUSG00000117861	1.1.1	0	one_to_one
ENSG00000173039	lncgDivg	ENSMUSG00000024927	lncgDivg	ENSG00000285533	n.n.1	0	ENSMUSG00000120141	1.1.1	113	one_to_one
ENSG00000014216	lncgDivg	ENSMUSG00000024942	lncgDivg	ENSG00000254614	n.1.1	0	ENSMUSG00000097404	1.1.1	0	one_to_one
ENSG00000138193	lncgDivg	ENSMUSG00000024998	lncgDivg	ENSG00000232913;ENSG00000268894;ENSG00000228553;ENSG00000273450	n.1.1;n.1.1;1.1.1;1.1.1	0;0;0;0	ENSMUSG00000101079	1.1.1	0	many_to_one
ENSG00000119950	lncgDivg	ENSMUSG00000025025	lncgDivg	ENSG00000228417	1.1.1	0	ENSMUSG00000118369	n.1.1	0	one_to_one
ENSG00000065613	lncgDivg	ENSMUSG00000025060	lncgDivg	ENSG00000289745	n.1.1	265	ENSMUSG00000086121;ENSMUSG00000118206	1.1.1;1.1.1	0;0	one_to_many
ENSG00000099204	lncgDivg	ENSMUSG00000025085	lncgDivg	ENSG00000228484	n.n.1	0	ENSMUSG00000117684	1.1.1	0	one_to_one
ENSG00000165646	lncgDivg	ENSMUSG00000025094	lncgDivg	ENSG00000277879;ENSG00000225936	1.1.1;n.n.1	0;0	ENSMUSG00000101630	1.1.1	0	many_to_one
ENSG00000169609	lncgDivg	ENSMUSG00000025102	lncgDivg	ENSG00000288850	1.1.1	116	ENSMUSG00000109485	1.1.1	0	one_to_one
ENSG00000185624	lncgDivg	ENSMUSG00000025130	lncgDivg	ENSG00000262831	1.1.1	0	ENSMUSG00000120443	1.1.1	140	one_to_one
ENSG00000141551	lncgDivg	ENSMUSG00000025162	lncgDivg	ENSG00000287737;ENSG00000275888	n.1.1;1.1.1	131;0	ENSMUSG00000100629;ENSMUSG00000120010	1.1.1;1.1.1	0;88	many_to_many_strict
ENSG00000107521	lncgDivg	ENSMUSG00000025188	lncgDivg	ENSG00000287261	n.1.1	0	ENSMUSG00000090235	n.1.1	0	one_to_one
ENSG00000120053	lncgDivg	ENSMUSG00000025190	lncgDivg	ENSG00000224934	n.1.1	1009	ENSMUSG00000118221	1.1.1	3707	one_to_one
ENSG00000107554	lncgDivg	ENSMUSG00000025195	lncgDivg	ENSG00000227695	n.1.1	0	ENSMUSG00000118000	1.1.1	0	one_to_one
ENSG00000107821	lncgDivg	ENSMUSG00000025213	lncgDivg	ENSG00000288844;ENSG00000273162	1.1.1;1.1.1	0;984	ENSMUSG00000120787	1.1.1	56	many_to_one
ENSG00000091656	lncgDivg	ENSMUSG00000025255	lncgDivg	ENSG00000253661	n.n.1	0	ENSMUSG00000086224	n.1.1	0	one_to_one
ENSG00000149177	lncgDivg	ENSMUSG00000025314	lncgDivg	ENSG00000254879	1.1.1	0	ENSMUSG00000085471	n.1.1	0	one_to_one
ENSG00000154710	lncgDivg	ENSMUSG00000025340	lncgDivg	ENSG00000272831	1.1.1	0	ENSMUSG00000119946	1.1.1	17	one_to_one
ENSG00000139641	lncgDivg	ENSMUSG00000025366	lncgDivg	ENSG00000258317	n.1.n	0	ENSMUSG00000100548	n.n.n	0	one_to_one
ENSG00000176108	lncgDivg	ENSMUSG00000025371	lncgDivg	ENSG00000263218	n.1.1	0	ENSMUSG00000120604	1.1.1	0	one_to_one
ENSG00000175866	lncgDivg	ENSMUSG00000025372	lncgDivg	ENSG00000226137	n.1.1	241	ENSMUSG00000085207	n.1.1	140	one_to_one
ENSG00000078043	lncgDivg	ENSMUSG00000025423	lncgDivg	ENSG00000289168	n.1.1	0	ENSMUSG00000119947	1.1.1	40	one_to_one
ENSG00000101638	lncgDivg	ENSMUSG00000025425	lncgDivg	ENSG00000270112	n.n.1	0	ENSMUSG00000073532	n.1.1	0	one_to_one
ENSG00000125304	lncgDivg	ENSMUSG00000025544	lncgDivg	ENSG00000203441;ENSG00000280734	1.1.1;n.n.1	0;0	ENSMUSG00000085615	n.1.1	55	many_to_one
ENSG00000125246	lncgDivg	ENSMUSG00000025545	lncgDivg	ENSG00000227659;ENSG00000288581;ENSG00000234303	1.1.1;1.1.1;n.1.1	0;0;0	ENSMUSG00000100585	1.1.1	0	many_to_one
ENSG00000102466	lncgDivg	ENSMUSG00000025551	lncgDivg	ENSG00000272143;ENSG00000234445;ENSG00000276012	1.1.1;n.1.1;1.1.1	0;0;0	ENSMUSG00000099994;ENSMUSG00000101445	1.1.1;1.1.1	0;0	many_to_many
ENSG00000167281	lncgDivg	ENSMUSG00000025576	lncgDivg	ENSG00000266711	1.1.1	0	ENSMUSG00000085059	1.1.1	0	one_to_one
ENSG00000171246	lncgDivg	ENSMUSG00000025582	lncgDivg	ENSG00000290024	1.1.1	0	ENSMUSG00000087675	1.1.1	877	one_to_one
ENSG00000141564	lncgDivg	ENSMUSG00000025583	lncgDivg	ENSG00000262313;ENSG00000287403;ENSG00000262662;ENSG00000262833	1.1.1;1.1.1;1.1.1;1.1.1	0;0;0;0	ENSMUSG00000085081	1.1.1	0	many_to_one
ENSG00000158623	lncgDivg	ENSMUSG00000025607	lncgDivg	ENSG00000270953;ENSG00000286214	1.1.1;1.1.1	0;0	ENSMUSG00000121179	1.1.1	0	many_to_one
ENSG00000128585	lncgDivg	ENSMUSG00000025609	lncgDivg	ENSG00000231721;ENSG00000236753	n.n.n;n.n.1	0;0	ENSMUSG00000086212	n.1.1	0	many_to_one
ENSG00000156261	lncgDivg	ENSMUSG00000025613	lncgDivg	ENSG00000286018	1.1.1	0	ENSMUSG00000093606	n.1.1	119	one_to_one
ENSG00000136244	lncgDivg	ENSMUSG00000025746	lncgDivg	ENSG00000179428	1.1.1	0	ENSMUSG00000105439	n.1.1	4316	one_to_one
ENSG00000121005	lncgDivg	ENSMUSG00000025776	lncgDivg	ENSG00000254238	1.1.1	0	ENSMUSG00000085125	n.1.1	0	one_to_one
ENSG00000148498	lncgDivg	ENSMUSG00000025812	lncgDivg	ENSG00000226386	1.1.1	442	ENSMUSG00000120963	1.1.1	0	one_to_one
ENSG00000197461	lncgDivg	ENSMUSG00000025856	lncgDivg	ENSG00000223855	n.1.1	2183	ENSMUSG00000075585	n.1.1	0	one_to_one
ENSG00000101972	lncgDivg	ENSMUSG00000025862	lncgDivg	ENSG00000232412	1.1.1	0	ENSMUSG00000120132	1.1.1	280	one_to_one
ENSG00000023287	lncgDivg	ENSMUSG00000025907	lncgDivg	ENSG00000271555;ENSG00000288818	1.1.1;1.1.1	0;0	ENSMUSG00000090031	n.n.1	0	many_to_one
ENSG00000040341	lncgDivg	ENSMUSG00000025920	lncgDivg	ENSG00000254538	n.1.1	0	ENSMUSG00000089982	n.1.1	0	one_to_one
ENSG00000118263	lncgDivg	ENSMUSG00000025959	lncgDivg	ENSG00000229647;ENSG00000224342	n.n.1;1.1.1	0;0	ENSMUSG00000086836	1.1.1	0	many_to_one
ENSG00000118257	lncgDivg	ENSMUSG00000025969	lncgDivg	ENSG00000225216	n.1.1	0	ENSMUSG00000100811	1.1.1	0	one_to_one
ENSG00000162944	lncgDivg	ENSMUSG00000025978	lncgDivg	ENSG00000287858	1.1.1	0	ENSMUSG00000097649	n.1.1	0	one_to_one
ENSG00000135945	lncgDivg	ENSMUSG00000026082	lncgDivg	ENSG00000273306	1.1.1	0	ENSMUSG00000102716	1.1.1	2282	one_to_one
ENSG00000173559	lncgDivg	ENSMUSG00000026107	lncgDivg	ENSG00000288900	1.1.1	205	ENSMUSG00000120049	1.1.1	153	one_to_one
ENSG00000151914	lncgDivg	ENSMUSG00000026131	lncgDivg	ENSG00000231441	n.n.1	0	ENSMUSG00000096992	n.1.1	0	one_to_one
ENSG00000144468	lncgDivg	ENSMUSG00000026142	lncgDivg	ENSG00000290086	1.1.1	0	ENSMUSG00000100786	1.1.1	0	one_to_one
ENSG00000100034	lncgDivg	ENSMUSG00000026181	lncgDivg	ENSG00000224086	n.n.n	0	ENSMUSG00000116823	1.1.1	0	one_to_one
ENSG00000115414	lncgDivg	ENSMUSG00000026193	lncgDivg	ENSG00000230695	n.1.1	180	ENSMUSG00000073652	n.n.1	0	one_to_one
ENSG00000054356	lncgDivg	ENSMUSG00000026204	lncgDivg	ENSG00000230432	1.1.1	0	ENSMUSG00000101840	1.1.1	0	one_to_one
ENSG00000116106	lncgDivg	ENSMUSG00000026235	lncgDivg	ENSG00000272944	1.1.1	0	ENSMUSG00000101849	1.1.1	192	one_to_one
ENSG00000187514	lncgDivg	ENSMUSG00000026238	lncgDivg	ENSG00000289018	1.1.1	0	ENSMUSG00000119944;ENSMUSG00000120832	1.1.1;1.1.1	464;1443	one_to_many
ENSG00000115694	lncgDivg	ENSMUSG00000026277	lncgDivg	ENSG00000289555	1.1.1	0	ENSMUSG00000100927	1.1.1	0	one_to_one
ENSG00000168395	lncgDivg	ENSMUSG00000026283	lncgDivg	ENSG00000235351	1.1.1	0	ENSMUSG00000121025	1.1.1	174	one_to_one
ENSG00000132321	lncgDivg	ENSMUSG00000026301	lncgDivg	ENSG00000232893;ENSG00000270540	1.1.1;1.1.1	0;0	ENSMUSG00000100850	1.1.1	227	many_to_one
ENSG00000125633	lncgDivg	ENSMUSG00000026339	lncgDivg	ENSG00000272895;ENSG00000235066	1.1.1;n.n.1	0;0	ENSMUSG00000085857	1.1.1	0	many_to_one
ENSG00000115091	lncgDivg	ENSMUSG00000026341	lncgDivg	ENSG00000270019;ENSG00000228857	1.1.1;n.n.1	296;0	ENSMUSG00000121266	1.1.1	279	many_to_one
ENSG00000118197	lncgDivg	ENSMUSG00000026404	lncgDivg	ENSG00000260088	1.1.1	0	ENSMUSG00000097403	n.1.1	0	one_to_one
ENSG00000163531	lncgDivg	ENSMUSG00000026442	lncgDivg	ENSG00000287197	1.1.1	0	ENSMUSG00000101126	1.1.1	0	one_to_one
ENSG00000143858	lncgDivg	ENSMUSG00000026452	lncgDivg	ENSG00000225620;ENSG00000226862	1.1.1;1.1.1	0;0	ENSMUSG00000097435	1.1.1	157	many_to_one
ENSG00000162849	lncgDivg	ENSMUSG00000026494	lncgDivg	ENSG00000231612;ENSG00000232192;ENSG00000238224	1.1.1;1.1.1;1.1.1	0;0;0	ENSMUSG00000089713	1.1.1	0	many_to_one
ENSG00000203667	lncgDivg	ENSMUSG00000026500	lncgDivg	ENSG00000287601	1.1.1	605	ENSMUSG00000086350	n.1.1	581	one_to_one
ENSG00000143179	lncgDivg	ENSMUSG00000026558	lncgDivg	ENSG00000236364	n.1.1	0	ENSMUSG00000103139;ENSMUSG00000102909	1.1.1;n.n.1	0;0	one_to_many
ENSG00000143190	lncgDivg	ENSMUSG00000026565	lncgDivg	ENSG00000272205	1.1.1	288	ENSMUSG00000097196	1.1.1	282	one_to_one
ENSG00000143199	lncgDivg	ENSMUSG00000026567	lncgDivg	ENSG00000232194	1.1.1	0	ENSMUSG00000103583	1.1.1	0	one_to_one
ENSG00000116191	lncgDivg	ENSMUSG00000026594	lncgDivg	ENSG00000273062	1.1.1	0	ENSMUSG00000101905	1.1.1	212	one_to_one
ENSG00000162814	lncgDivg	ENSMUSG00000026611	lncgDivg	ENSG00000234070	1.1.1	0	ENSMUSG00000089730	1.1.1	0	one_to_one
ENSG00000117650	lncgDivg	ENSMUSG00000026622	lncgDivg	ENSG00000231057	n.1.1	10892	ENSMUSG00000102840	1.1.1	0	one_to_one
ENSG00000076356	lncgDivg	ENSMUSG00000026640	lncgDivg	ENSG00000287220	1.1.1	0	ENSMUSG00000121086	1.1.1	0	one_to_one
ENSG00000152455	lncgDivg	ENSMUSG00000026646	lncgDivg	ENSG00000272853	1.1.1	93	ENSMUSG00000085043	1.1.1	0	one_to_one
ENSG00000065809	lncgDivg	ENSMUSG00000026655	lncgDivg	ENSG00000236495	n.1.1	0	ENSMUSG00000085205	1.1.1	0	one_to_one
ENSG00000151474	lncgDivg	ENSMUSG00000026657	lncgDivg	ENSG00000229751;ENSG00000235410;ENSG00000225112;ENSG00000273474;ENSG00000234091;ENSG00000285671	1.1.1;1.1.1;1.1.1;1.1.1;1.1.1;1.1.1	0;0;0;0;0;0	ENSMUSG00000087355;ENSMUSG00000086018;ENSMUSG00000086874;ENSMUSG00000084859	n.1.1;n.1.1;1.1.1;n.1.1	0;0;0;0	many_to_many
ENSG00000117143	lncgDivg	ENSMUSG00000026670	lncgDivg	ENSG00000259788	1.1.1	414	ENSMUSG00000104266	1.1.1	223	one_to_one
ENSG00000123240	lncgDivg	ENSMUSG00000026672	lncgDivg	ENSG00000289266	1.1.1	0	ENSMUSG00000086430	1.1.1	0	one_to_one
ENSG00000136738	lncgDivg	ENSMUSG00000026718	lncgDivg	ENSG00000229190;ENSG00000260589	1.1.1;1.1.1	0;273	ENSMUSG00000086657	n.1.1	164	many_to_one
ENSG00000152061	lncgDivg	ENSMUSG00000026721	lncgDivg	ENSG00000227373;ENSG00000229531	n.n.1;n.1.1	0;0	ENSMUSG00000104302	1.1.1	0	many_to_one
ENSG00000150556	lncgDivg	ENSMUSG00000026765	lncgDivg	ENSG00000286335	1.1.1	0	ENSMUSG00000085357	1.1.1	0	one_to_one
ENSG00000168288	lncgDivg	ENSMUSG00000026766	lncgDivg	ENSG00000231969	n.n.1	0	ENSMUSG00000085862	n.1.1	104	one_to_one
ENSG00000170525	lncgDivg	ENSMUSG00000026773	lncgDivg	ENSG00000213994	1.1.1	0	ENSMUSG00000102329	1.1.1	0	one_to_one
ENSG00000136854	lncgDivg	ENSMUSG00000026797	lncgDivg	ENSG00000279571	1.1.1	0	ENSMUSG00000085397	1.1.1	0	one_to_one
ENSG00000130635	lncgDivg	ENSMUSG00000026837	lncgDivg	ENSG00000286502;ENSG00000204011	1.1.1;1.1.1	0;0	ENSMUSG00000086560;ENSMUSG00000085766	1.1.1;1.1.1	0;0	many_to_many_strict
ENSG00000095321	lncgDivg	ENSMUSG00000026853	lncgDivg	ENSG00000234055	1.1.1	0	ENSMUSG00000087435	1.1.1	0	one_to_one
ENSG00000044574	lncgDivg	ENSMUSG00000026864	lncgDivg	ENSG00000239705	1.1.1	281	ENSMUSG00000121211	1.1.1	176	one_to_one
ENSG00000169554	lncgDivg	ENSMUSG00000026872	lncgDivg	ENSG00000232606;ENSG00000283118;ENSG00000238057	n.1.1;1.1.1;n.n.1	2847;0;0	ENSMUSG00000052248	n.n.1	0	many_to_one
ENSG00000136848	lncgDivg	ENSMUSG00000026883	lncgDivg	ENSG00000229854	1.1.1	0	ENSMUSG00000086555	n.1.1	0	one_to_one
ENSG00000123636	lncgDivg	ENSMUSG00000026987	lncgDivg	ENSG00000224152;ENSG00000223642	n.1.1;n.n.1	0;0	ENSMUSG00000085975;ENSMUSG00000086603	1.1.1;1.1.1	0;0	many_to_many_strict
ENSG00000115339	lncgDivg	ENSMUSG00000026994	lncgDivg	ENSG00000235192	1.1.1	192	ENSMUSG00000100197	1.1.1	323	one_to_one
ENSG00000163092	lncgDivg	ENSMUSG00000027022	lncgDivg	ENSG00000254552	1.1.1	0	ENSMUSG00000087043;ENSMUSG00000086908;ENSMUSG00000087467	1.1.1;1.1.1;1.1.1	0;0;0	one_to_many
ENSG00000172845	lncgDivg	ENSMUSG00000027109	lncgDivg	ENSG00000289296;ENSG00000271151	1.1.1;1.1.1	115;2978	ENSMUSG00000063714	n.n.n	0	many_to_one
ENSG00000109911	lncgDivg	ENSMUSG00000027167	lncgDivg	ENSG00000228061	n.n.1	0	ENSMUSG00000084870	1.1.1	0	one_to_one
ENSG00000110429	lncgDivg	ENSMUSG00000027180	lncgDivg	ENSG00000254508;ENSG00000255272	n.1.1;1.1.1	156;1645	ENSMUSG00000046085	n.n.n	0	many_to_one
ENSG00000137872	lncgDivg	ENSMUSG00000027200	lncgDivg	ENSG00000259360;ENSG00000259221;ENSG00000259588	1.1.1;n.1.1;1.1.1	0;0;0	ENSMUSG00000086954;ENSMUSG00000085496	1.1.1;1.1.1	0;0	many_to_many
ENSG00000166147	lncgDivg	ENSMUSG00000027204	lncgDivg	ENSG00000259705;ENSG00000286947	1.1.1;1.1.1	230;0	ENSMUSG00000053615	1.1.1	0	many_to_one
ENSG00000134138	lncgDivg	ENSMUSG00000027210	lncgDivg	ENSG00000259460;ENSG00000288808	1.1.1;1.1.1	0;899	ENSMUSG00000086308	n.1.1	1376	many_to_one
ENSG00000085117	lncgDivg	ENSMUSG00000027215	lncgDivg	ENSG00000255092;ENSG00000254693	1.1.1;1.1.1	0;0	ENSMUSG00000075025	n.n.1	0	many_to_one
ENSG00000019505	lncgDivg	ENSMUSG00000027220	lncgDivg	ENSG00000254497	n.1.1	0	ENSMUSG00000086980	1.1.1	1435	one_to_one
ENSG00000088854	lncgDivg	ENSMUSG00000027309	lncgDivg	ENSG00000288577	1.1.1	0	ENSMUSG00000121224	1.1.1	0	one_to_one
ENSG00000051180	lncgDivg	ENSMUSG00000027323	lncgDivg	ENSG00000245849	n.1.1	0	ENSMUSG00000121216	1.1.1	26	one_to_one
ENSG00000104064	lncgDivg	ENSMUSG00000027361	lncgDivg	ENSG00000244879	n.n.1	0	ENSMUSG00000098024	n.1.1	0	one_to_one
ENSG00000125851	lncgDivg	ENSMUSG00000027419	lncgDivg	ENSG00000286571;ENSG00000287241	1.1.1;1.1.1	4194;0	ENSMUSG00000086171;ENSMUSG00000087115	n.n.1;n.1.1	0;0	many_to_many_strict
ENSG00000125820	lncgDivg	ENSMUSG00000027434	lncgDivg	ENSG00000289590;ENSG00000258197	1.1.1;1.1.1	0;0	ENSMUSG00000053545;ENSMUSG00000086509	1.1.1;1.1.1	0;0	many_to_many_strict
ENSG00000076641	lncgDivg	ENSMUSG00000027508	lncgDivg	ENSG00000254060;ENSG00000254177	1.1.1;1.1.1	0;0	ENSMUSG00000089794	1.1.1	0	many_to_one
ENSG00000132819	lncgDivg	ENSMUSG00000027510	lncgDivg	ENSG00000218018	n.1.1	0	ENSMUSG00000087442;ENSMUSG00000092596	1.1.1;1.1.1	0;0	one_to_many
ENSG00000124209	lncgDivg	ENSMUSG00000027519	lncgDivg	ENSG00000291067	n.n.n	221	ENSMUSG00000121504	n.n.n	105	one_to_one
ENSG00000087460	lncgDivg	ENSMUSG00000027523	lncgDivg	ENSG00000268333;ENSG00000225806;ENSG00000235590;ENSG00000270951	1.1.1;n.n.1;n.n.1;1.1.1	3189;0;0;0	ENSMUSG00000086537	n.n.1	0	many_to_one
ENSG00000020256	lncgDivg	ENSMUSG00000027551	lncgDivg	ENSG00000287511	1.1.1	0	ENSMUSG00000120283	n.1.1	651	one_to_one
ENSG00000101198	lncgDivg	ENSMUSG00000027574	lncgDivg	ENSG00000275620	1.1.1	0	ENSMUSG00000087293	1.1.1	0	one_to_one
ENSG00000088367	lncgDivg	ENSMUSG00000027624	lncgDivg	ENSG00000237063;ENSG00000232406	1.1.1;n.1.1	3312;0	ENSMUSG00000085524;ENSMUSG00000086872	1.1.1;1.1.1	0;0	many_to_many_strict
ENSG00000177565	lncgDivg	ENSMUSG00000027630	lncgDivg	ENSG00000231310	n.n.1	0	ENSMUSG00000106019	1.1.1	510	one_to_one
ENSG00000101413	lncgDivg	ENSMUSG00000027651	lncgDivg	ENSG00000277550	1.1.1	0	ENSMUSG00000100860	1.1.1	0	one_to_one
ENSG00000114450	lncgDivg	ENSMUSG00000027669	lncgDivg	ENSG00000242539;ENSG00000272699	n.1.1;1.1.1	0;0	ENSMUSG00000102862	1.1.1	0	many_to_one
ENSG00000114757	lncgDivg	ENSMUSG00000027674	lncgDivg	ENSG00000243799;ENSG00000244302;ENSG00000287645	1.1.1;1.1.1;1.1.1	0;0;0	ENSMUSG00000087625	1.1.1	0	many_to_one
ENSG00000284862	lncgDivg	ENSMUSG00000027676	lncgDivg	ENSG00000243187	1.1.1	0	ENSMUSG00000105286	1.1.1	0	one_to_one
ENSG00000114416	lncgDivg	ENSMUSG00000027680	lncgDivg	ENSG00000285336	n.1.1	0	ENSMUSG00000105535	1.1.1	61	one_to_one
ENSG00000085276	lncgDivg	ENSMUSG00000027684	lncgDivg	ENSG00000241479	1.1.1	0	ENSMUSG00000085702	n.n.1	0	one_to_one
ENSG00000154310	lncgDivg	ENSMUSG00000027692	lncgDivg	ENSG00000240497	n.n.1	0	ENSMUSG00000120615	1.1.1	0	one_to_one
ENSG00000008952	lncgDivg	ENSMUSG00000027706	lncgDivg	ENSG00000239219;ENSG00000240373	n.n.n;1.1.1	0;0	ENSMUSG00000097786	n.n.1	0	many_to_one
ENSG00000078070	lncgDivg	ENSMUSG00000027709	lncgDivg	ENSG00000243368	1.1.1	0	ENSMUSG00000086392	n.1.n	0	one_to_one
ENSG00000138684	lncgDivg	ENSMUSG00000027718	lncgDivg	ENSG00000227145	n.1.1	0	ENSMUSG00000086517	1.1.1	0	one_to_one
ENSG00000163590	lncgDivg	ENSMUSG00000027784	lncgDivg	ENSG00000260572	1.1.1	460	ENSMUSG00000120717	1.1.1	371	one_to_one
ENSG00000172915	lncgDivg	ENSMUSG00000027799	lncgDivg	ENSG00000287650	1.1.1	0	ENSMUSG00000104677	n.n.1	0	one_to_one
ENSG00000169359	lncgDivg	ENSMUSG00000027822	lncgDivg	ENSG00000286585	n.1.1	296	ENSMUSG00000097724	n.1.1	0	one_to_one
ENSG00000169282	lncgDivg	ENSMUSG00000027827	lncgDivg	ENSG00000272990;ENSG00000240596;ENSG00000242370	1.1.1;1.1.1;1.1.1	0;0;0	ENSMUSG00000104093;ENSMUSG00000090120	n.n.1;1.1.1	0;0	many_to_many
ENSG00000163660	lncgDivg	ENSMUSG00000027829	lncgDivg	ENSG00000241770	1.1.1	2692	ENSMUSG00000103041	1.1.1	0	one_to_one
ENSG00000155761	lncgDivg	ENSMUSG00000027867	lncgDivg	ENSG00000287980	1.1.1	121	ENSMUSG00000085244	n.1.1	0	one_to_one
ENSG00000116337	lncgDivg	ENSMUSG00000027889	lncgDivg	ENSG00000228703	1.1.1	0	ENSMUSG00000056411	n.1.1	0	one_to_one
ENSG00000160712	lncgDivg	ENSMUSG00000027947	lncgDivg	ENSG00000228013	1.1.1	0	ENSMUSG00000105941	1.1.1	0	one_to_one
ENSG00000164125	lncgDivg	ENSMUSG00000027955	lncgDivg	ENSG00000248429	n.n.n	0	ENSMUSG00000102191	n.1.1	0	one_to_one
ENSG00000185946	lncgDivg	ENSMUSG00000027981	lncgDivg	ENSG00000224613	n.1.1	180	ENSMUSG00000121018	1.1.1	0	one_to_one
ENSG00000155016	lncgDivg	ENSMUSG00000027983	lncgDivg	ENSG00000249604	1.1.1	0	ENSMUSG00000097761	1.1.1	0	one_to_one
ENSG00000138795	lncgDivg	ENSMUSG00000027985	lncgDivg	ENSG00000232021	n.n.1	0	ENSMUSG00000106086	1.1.1	0	one_to_one
ENSG00000145431	lncgDivg	ENSMUSG00000028019	lncgDivg	ENSG00000248629	1.1.1	0	ENSMUSG00000085106	1.1.1	0	one_to_one
ENSG00000160685	lncgDivg	ENSMUSG00000028042	lncgDivg	ENSG00000289103	1.1.1	522	ENSMUSG00000074466	n.n.1	0	one_to_one
ENSG00000116584	lncgDivg	ENSMUSG00000028059	lncgDivg	ENSG00000273002;ENSG00000224276;ENSG00000285677	1.1.1;1.1.1;n.1.n	0;0;0	ENSMUSG00000093390	1.1.1	0	many_to_one
ENSG00000198589	lncgDivg	ENSMUSG00000028080	lncgDivg	ENSG00000249690	1.1.1	0	ENSMUSG00000104108	1.1.1	0	one_to_one
ENSG00000137936	lncgDivg	ENSMUSG00000028121	lncgDivg	ENSG00000260464;ENSG00000224093	1.1.1;n.n.1	24;0	ENSMUSG00000104554;ENSMUSG00000104574	n.1.1;1.1.1	0;0	many_to_many_strict
ENSG00000138698	lncgDivg	ENSMUSG00000028149	lncgDivg	ENSG00000214559;ENSG00000289532	1.1.1;1.1.1	0;169	ENSMUSG00000120160	1.1.1	247	many_to_one
ENSG00000138814	lncgDivg	ENSMUSG00000028161	lncgDivg	ENSG00000254531	n.n.1	0	ENSMUSG00000120358	1.1.1	189	one_to_one
ENSG00000117114	lncgDivg	ENSMUSG00000028184	lncgDivg	ENSG00000236676;ENSG00000234953	1.1.1;1.1.1	0;0	ENSMUSG00000104786	1.1.1	0	many_to_one
ENSG00000111880	lncgDivg	ENSMUSG00000028274	lncgDivg	ENSG00000289931	1.1.1	206	ENSMUSG00000086127	1.1.1	174	one_to_one
ENSG00000135333	lncgDivg	ENSMUSG00000028289	lncgDivg	ENSG00000289081;ENSG00000287683	1.1.1;1.1.1	134;0	ENSMUSG00000086774	1.1.1	0	many_to_one
ENSG00000136824	lncgDivg	ENSMUSG00000028312	lncgDivg	ENSG00000270332	n.1.1	1187	ENSMUSG00000085763	1.1.1	278	one_to_one
ENSG00000204291	lncgDivg	ENSMUSG00000028339	lncgDivg	ENSG00000270412	1.1.1	0	ENSMUSG00000087500	1.1.1	0	one_to_one
ENSG00000119508	lncgDivg	ENSMUSG00000028341	lncgDivg	ENSG00000237461	n.1.1	1934	ENSMUSG00000120048	1.1.1	2238	one_to_one
ENSG00000148158	lncgDivg	ENSMUSG00000028385	lncgDivg	ENSG00000226609	n.1.1	195	ENSMUSG00000073843	1.1.1	0	one_to_one
ENSG00000153707	lncgDivg	ENSMUSG00000028399	lncgDivg	ENSG00000234021;ENSG00000225706;ENSG00000230920;ENSG00000226717	1.1.1;n.1.1;1.1.1;1.1.1	0;0;0;200	ENSMUSG00000092492;ENSMUSG00000110373	n.n.1;1.1.1	0;0	many_to_many
ENSG00000168913	lncgDivg	ENSMUSG00000028445	lncgDivg	ENSG00000230729	1.1.1	0	ENSMUSG00000084761;ENSMUSG00000087054	1.1.1;1.1.1	0;1861	one_to_many
ENSG00000162402	lncgDivg	ENSMUSG00000028514	lncgDivg	ENSG00000231090	n.1.1	2267	ENSMUSG00000120027	1.1.1	11	one_to_one
ENSG00000116675	lncgDivg	ENSMUSG00000028528	lncgDivg	ENSG00000229294	1.1.1	0	ENSMUSG00000120834	1.1.1	0	one_to_one
ENSG00000126091	lncgDivg	ENSMUSG00000028538	lncgDivg	ENSG00000229444	1.1.1	0	ENSMUSG00000086554	n.1.1	0	one_to_one
ENSG00000123080	lncgDivg	ENSMUSG00000028551	lncgDivg	ENSG00000290102	1.1.1	0	ENSMUSG00000120189	1.1.1	0	one_to_one
ENSG00000085831	lncgDivg	ENSMUSG00000028555	lncgDivg	ENSG00000261664	n.n.1	0	ENSMUSG00000085873	n.1.1	2411	one_to_one
ENSG00000116641	lncgDivg	ENSMUSG00000028556	lncgDivg	ENSG00000235545	1.1.1	96	ENSMUSG00000087395	1.1.1	0	one_to_one
ENSG00000157193	lncgDivg	ENSMUSG00000028613	lncgDivg	ENSG00000234578;ENSG00000232762;ENSG00000225675;ENSG00000228838	1.1.1;1.1.1;1.1.1;1.1.1	0;0;0;0	ENSMUSG00000028612;ENSMUSG00000087200;ENSMUSG00000073779	n.1.1;1.1.1;n.1.1	0;0;0	many_to_many
ENSG00000127124	lncgDivg	ENSMUSG00000028634	lncgDivg	ENSG00000230881;ENSG00000287587	1.1.1;1.1.1	0;218	ENSMUSG00000120931	1.1.1	0	many_to_one
ENSG00000117394	lncgDivg	ENSMUSG00000028645	lncgDivg	ENSG00000227533	n.1.1	156	ENSMUSG00000086683	1.1.1	0	one_to_one
ENSG00000127603	lncgDivg	ENSMUSG00000028649	lncgDivg	ENSG00000287422;ENSG00000226438	1.1.1;1.1.1	0;0	ENSMUSG00000087307	n.1.1	0	many_to_one
ENSG00000075151	lncgDivg	ENSMUSG00000028760	lncgDivg	ENSG00000287192	1.1.1	0	ENSMUSG00000084804	1.1.1	0	one_to_one
ENSG00000184007	lncgDivg	ENSMUSG00000028788	lncgDivg	ENSG00000228634	1.1.1	0	ENSMUSG00000121033	1.1.1	237	one_to_one
ENSG00000121904	lncgDivg	ENSMUSG00000028804	lncgDivg	ENSG00000231163	n.1.1	0	ENSMUSG00000087459	n.1.1	0	one_to_one
ENSG00000204084	lncgDivg	ENSMUSG00000028894	lncgDivg	ENSG00000230955	1.1.1	0	ENSMUSG00000086589	1.1.1	0	one_to_one
ENSG00000120656	lncgDivg	ENSMUSG00000028899	lncgDivg	ENSG00000270103;ENSG00000229388	1.1.1;n.1.1	309;0	ENSMUSG00000120711	1.1.1	77	many_to_one
ENSG00000116786	lncgDivg	ENSMUSG00000028917	lncgDivg	ENSG00000271742	1.1.1	1192	ENSMUSG00000120187	n.1.1	0	one_to_one
ENSG00000106617	lncgDivg	ENSMUSG00000028944	lncgDivg	ENSG00000290095;ENSG00000239911;ENSG00000242048	n.1.1;n.n.1;n.1.1	0;0;0	ENSMUSG00000059631;ENSMUSG00000086446;ENSMUSG00000087314;ENSMUSG00000043833	n.n.1;1.1.1;1.1.1;n.1.1	0;0;0;289	many_to_many
ENSG00000116285	lncgDivg	ENSMUSG00000028967	lncgDivg	ENSG00000238290	1.1.1	429	ENSMUSG00000078492	1.1.1	0	one_to_one
ENSG00000005483	lncgDivg	ENSMUSG00000029004	lncgDivg	ENSG00000228393;ENSG00000272918;ENSG00000239569	n.n.1;1.1.1;n.n.1	0;0;0	ENSMUSG00000073147	n.1.1	101	many_to_one
ENSG00000078900	lncgDivg	ENSMUSG00000029026	lncgDivg	ENSG00000235131;ENSG00000227589	1.1.1;1.1.1	0;0	ENSMUSG00000087071	1.1.1	0	many_to_one
ENSG00000067606	lncgDivg	ENSMUSG00000029053	lncgDivg	ENSG00000271806;ENSG00000182873;ENSG00000226969	1.1.1;n.n.1;n.1.1	0;0;341	ENSMUSG00000098729	1.1.1	0	many_to_one
ENSG00000149527	lncgDivg	ENSMUSG00000029055	lncgDivg	ENSG00000224387;ENSG00000229393	1.1.1;1.1.1	0;0	ENSMUSG00000073686	1.1.1	0	many_to_one
ENSG00000185774	lncgDivg	ENSMUSG00000029088	lncgDivg	ENSG00000250243;ENSG00000272995;ENSG00000248343;ENSG00000250092;ENSG00000250039	n.1.1;1.1.1;1.1.1;1.1.1;n.1.1	0;0;0;0;243	ENSMUSG00000093502	1.1.1	0	many_to_one
ENSG00000169851	lncgDivg	ENSMUSG00000029108	lncgDivg	ENSG00000249678;ENSG00000286596	1.1.1;1.1.1	0;0	ENSMUSG00000097216	n.n.1	0	many_to_one
ENSG00000105982	lncgDivg	ENSMUSG00000029130	lncgDivg	ENSG00000224903;ENSG00000182648	n.n.1;n.n.1	0;0	ENSMUSG00000119967	1.1.1	151	many_to_one
ENSG00000084764	lncgDivg	ENSMUSG00000029166	lncgDivg	ENSG00000205500	n.1.1	0	ENSMUSG00000087258	1.1.1	0	one_to_one
ENSG00000109787	lncgDivg	ENSMUSG00000029178	lncgDivg	ENSG00000231160	n.n.1	0	ENSMUSG00000097640	n.n.1	0	one_to_one
ENSG00000154277	lncgDivg	ENSMUSG00000029223	lncgDivg	ENSG00000251173	n.1.1	0	ENSMUSG00000087601	n.n.1	0	one_to_one
ENSG00000072201	lncgDivg	ENSMUSG00000029228	lncgDivg	ENSG00000249341;ENSG00000250930	n.n.1;n.n.1	0;0	ENSMUSG00000121106;ENSMUSG00000085657	n.1.1;n.n.1	0;0	many_to_many_strict
ENSG00000134852	lncgDivg	ENSMUSG00000029238	lncgDivg	ENSG00000272969	1.1.1	203	ENSMUSG00000098449	1.1.1	84	one_to_one
ENSG00000128059	lncgDivg	ENSMUSG00000029246	lncgDivg	ENSG00000290817;ENSG00000270147	1.1.1;1.1.1	0;0	ENSMUSG00000121495	n.1.1	0	many_to_one
ENSG00000018189	lncgDivg	ENSMUSG00000029291	lncgDivg	ENSG00000272986	1.1.1	0	ENSMUSG00000120316	1.1.1	141	one_to_one
ENSG00000111445	lncgDivg	ENSMUSG00000029363	lncgDivg	ENSG00000277873	1.1.1	0	ENSMUSG00000086075	n.1.1	168	one_to_one
ENSG00000090975	lncgDivg	ENSMUSG00000029406	lncgDivg	ENSG00000251497	n.1.1	0	ENSMUSG00000090220;ENSMUSG00000105759;ENSMUSG00000089842	1.1.1;1.1.1;n.1.1	0;0;0	one_to_many
ENSG00000198301	lncgDivg	ENSMUSG00000029415	lncgDivg	ENSG00000245928	1.1.1	0	ENSMUSG00000106698	1.1.1	0	one_to_one
ENSG00000060709	lncgDivg	ENSMUSG00000029420	lncgDivg	ENSG00000256343	n.1.1	0	ENSMUSG00000105271	1.1.1	0	one_to_one
ENSG00000110987	lncgDivg	ENSMUSG00000029438	lncgDivg	ENSG00000255856	n.n.1	0	ENSMUSG00000087336	n.n.1	0	one_to_one
ENSG00000110801	lncgDivg	ENSMUSG00000029440	lncgDivg	ENSG00000287493	1.1.1	89	ENSMUSG00000104606	1.1.1	0	one_to_one
ENSG00000139725	lncgDivg	ENSMUSG00000029449	lncgDivg	ENSG00000274292;ENSG00000272849	1.1.1;1.1.1	0;0	ENSMUSG00000104156	n.1.1	1247	many_to_one
ENSG00000174437	lncgDivg	ENSMUSG00000029467	lncgDivg	ENSG00000289311	1.1.1	241	ENSMUSG00000120573	1.1.1	228	one_to_one
ENSG00000089094	lncgDivg	ENSMUSG00000029475	lncgDivg	ENSG00000256742	1.1.1	0	ENSMUSG00000056735	n.n.1	0	one_to_one
ENSG00000196498	lncgDivg	ENSMUSG00000029478	lncgDivg	ENSG00000214650	n.1.1	0	ENSMUSG00000105604;ENSMUSG00000106663	1.1.1;1.1.1	0;0	one_to_many
ENSG00000122966	lncgDivg	ENSMUSG00000029516	lncgDivg	ENSG00000255692	1.1.1	0	ENSMUSG00000120953	n.1.1	0	one_to_one
ENSG00000111737	lncgDivg	ENSMUSG00000029518	lncgDivg	ENSG00000277283	1.1.1	0	ENSMUSG00000107121	1.1.1	90	one_to_one
ENSG00000004866	lncgDivg	ENSMUSG00000029534	lncgDivg	ENSG00000226367;ENSG00000228368;ENSG00000227199;ENSG00000287829	n.n.1;1.1.1;1.1.1;1.1.1	0;0;0;0	ENSMUSG00000097700	1.1.1	0	many_to_one
ENSG00000002822	lncgDivg	ENSMUSG00000029554	lncgDivg	ENSG00000176349	n.1.1	0	ENSMUSG00000087248;ENSMUSG00000085673;ENSMUSG00000087606	n.1.1;1.1.1;1.1.1	0;0;0	one_to_many
ENSG00000135100	lncgDivg	ENSMUSG00000029556	lncgDivg	ENSG00000241388	n.n.1	0	ENSMUSG00000086140;ENSMUSG00000086054	1.1.1;n.1.1	0;0	one_to_many
ENSG00000122965	lncgDivg	ENSMUSG00000029594	lncgDivg	ENSG00000287229;ENSG00000257359	1.1.1;1.1.1	0;0	ENSMUSG00000097368	n.1.1	0	many_to_one
ENSG00000089116	lncgDivg	ENSMUSG00000029595	lncgDivg	ENSG00000257935	n.n.1	0	ENSMUSG00000098649	n.1.1	0	one_to_one
ENSG00000106415	lncgDivg	ENSMUSG00000029638	lncgDivg	ENSG00000233108	1.1.1	0	ENSMUSG00000087305	n.n.n	0	one_to_one
ENSG00000152484	lncgDivg	ENSMUSG00000029640	lncgDivg	ENSG00000230641;ENSG00000232162	1.1.1;1.1.1	448;0	ENSMUSG00000104845	1.1.1	912	many_to_one
ENSG00000139515	lncgDivg	ENSMUSG00000029644	lncgDivg	ENSG00000247381	1.1.1	2702	ENSMUSG00000092570	n.1.1	0	one_to_one
ENSG00000132938	lncgDivg	ENSMUSG00000029651	lncgDivg	ENSG00000179141;ENSG00000236758	n.n.1;n.1.1	0;0	ENSMUSG00000085565	1.1.1	154	many_to_one
ENSG00000158321	lncgDivg	ENSMUSG00000029673	lncgDivg	ENSG00000234215	n.1.1	803	ENSMUSG00000105773;ENSMUSG00000105809;ENSMUSG00000106395;ENSMUSG00000104987;ENSMUSG00000100420	1.1.1;1.1.1;1.1.1;1.1.1;1.1.1	0;2712;0;0;1091	one_to_many
ENSG00000049540	lncgDivg	ENSMUSG00000029675	lncgDivg	ENSG00000232415	1.1.1	0	ENSMUSG00000107318	1.1.1	0	one_to_one
ENSG00000128610	lncgDivg	ENSMUSG00000029697	lncgDivg	ENSG00000230316	n.n.1	0	ENSMUSG00000120116	1.1.1	413	one_to_one
ENSG00000257923	lncgDivg	ENSMUSG00000029705	lncgDivg	ENSG00000261535;ENSG00000259294	1.1.1;1.1.1	0;0	ENSMUSG00000086220	1.1.1	0	many_to_one
ENSG00000221866	lncgDivg	ENSMUSG00000029765	lncgDivg	ENSG00000183470;ENSG00000223436;ENSG00000225144	n.1.1;1.1.1;1.1.1	106;0;0	ENSMUSG00000086720;ENSMUSG00000086763;ENSMUSG00000086675	n.n.1;n.1.1;1.1.1	0;0;0	many_to_many_strict
ENSG00000105991	lncgDivg	ENSMUSG00000029844	lncgDivg	ENSG00000233429	n.n.n	0	ENSMUSG00000087658	n.n.1	0	one_to_one
ENSG00000159840	lncgDivg	ENSMUSG00000029860	lncgDivg	ENSG00000232533	n.1.1	259	ENSMUSG00000108033	1.1.1	0	one_to_one
ENSG00000075340	lncgDivg	ENSMUSG00000030000	lncgDivg	ENSG00000286979;ENSG00000235035	1.1.1;1.1.1	0;0	ENSMUSG00000107842	1.1.1	0	many_to_one
ENSG00000163638	lncgDivg	ENSMUSG00000030022	lncgDivg	ENSG00000241158;ENSG00000241684	n.n.1;n.1.1	0;0	ENSMUSG00000079462;ENSMUSG00000097462;ENSMUSG00000048636	1.1.1;n.1.1;n.n.1	0;0;0	many_to_many
ENSG00000163376	lncgDivg	ENSMUSG00000030031	lncgDivg	ENSG00000287873	1.1.1	287	ENSMUSG00000085413	1.1.1	0	one_to_one
ENSG00000114861	lncgDivg	ENSMUSG00000030067	lncgDivg	ENSG00000277855;ENSG00000274387;ENSG00000244203	1.1.1;1.1.1;1.1.1	0;0;0	ENSMUSG00000121205	1.1.1	0	many_to_one
ENSG00000163421	lncgDivg	ENSMUSG00000030069	lncgDivg	ENSG00000287131	1.1.1	222	ENSMUSG00000097548	1.1.1	0	one_to_one
ENSG00000144908	lncgDivg	ENSMUSG00000030088	lncgDivg	ENSG00000246022;ENSG00000250218	n.n.1;1.1.1	0;0	ENSMUSG00000089781	1.1.1	0	many_to_one
ENSG00000150995	lncgDivg	ENSMUSG00000030102	lncgDivg	ENSG00000231249;ENSG00000235947	n.1.1;1.1.1	144;0	ENSMUSG00000107458	1.1.1	0	many_to_one
ENSG00000134107	lncgDivg	ENSMUSG00000030103	lncgDivg	ENSG00000235831	n.n.n	0	ENSMUSG00000120764;ENSMUSG00000087341	1.1.1;n.n.1	1182;0	one_to_many
ENSG00000172765	lncgDivg	ENSMUSG00000030126	lncgDivg	ENSG00000271270	n.1.1	100	ENSMUSG00000121085;ENSMUSG00000092625	1.1.1;1.1.1	0;0	one_to_many
ENSG00000183785	lncgDivg	ENSMUSG00000030137	lncgDivg	ENSG00000280007	1.1.1	0	ENSMUSG00000086527	1.1.1	0	one_to_one
ENSG00000139112	lncgDivg	ENSMUSG00000030161	lncgDivg	ENSG00000255958	1.1.1	0	ENSMUSG00000097675	n.1.1	0	one_to_one
ENSG00000006831	lncgDivg	ENSMUSG00000030168	lncgDivg	ENSG00000285627	1.1.1	0	ENSMUSG00000121153	1.1.1	0	one_to_one
ENSG00000082805	lncgDivg	ENSMUSG00000030172	lncgDivg	ENSG00000249028	1.1.1	0	ENSMUSG00000108282	1.1.1	0	one_to_one
ENSG00000111266	lncgDivg	ENSMUSG00000030203	lncgDivg	ENSG00000290048;ENSG00000255670	1.1.1;1.1.1	0;0	ENSMUSG00000108196	1.1.1	0	many_to_one
ENSG00000273079	lncgDivg	ENSMUSG00000030209	lncgDivg	ENSG00000256306;ENSG00000287928;ENSG00000277935	n.n.1;1.1.1;1.1.1	0;0;0	ENSMUSG00000086614;ENSMUSG00000097496;ENSMUSG00000086239	1.1.1;1.1.1;1.1.1	0;0;0	many_to_many_strict
ENSG00000048540	lncgDivg	ENSMUSG00000030226	lncgDivg	ENSG00000256564	1.1.1	0	ENSMUSG00000107675;ENSMUSG00000100166;ENSMUSG00000089957	1.1.1;1.1.1;n.n.1	0;0;0	one_to_many
ENSG00000069431	lncgDivg	ENSMUSG00000030249	lncgDivg	ENSG00000257022	1.1.1	0	ENSMUSG00000104234	1.1.1	0	one_to_one
ENSG00000123096	lncgDivg	ENSMUSG00000030255	lncgDivg	ENSG00000286752;ENSG00000256894;ENSG00000278095	1.1.1;n.1.1;1.1.1	0;0;0	ENSMUSG00000085414	1.1.1	0	many_to_one
ENSG00000196220	lncgDivg	ENSMUSG00000030257	lncgDivg	ENSG00000228723;ENSG00000227929;ENSG00000235830;ENSG00000224808;ENSG00000287623	n.1.1;1.1.1;1.1.1;1.1.1;1.1.1	0;0;0;0;0	ENSMUSG00000108103	1.1.1	0	many_to_one
ENSG00000123094	lncgDivg	ENSMUSG00000030259	lncgDivg	ENSG00000246695	n.n.1	0	ENSMUSG00000085658	1.1.1	475	one_to_one
ENSG00000133703	lncgDivg	ENSMUSG00000030265	lncgDivg	ENSG00000274987;ENSG00000275197	1.1.1;1.1.1	0;0	ENSMUSG00000086013	1.1.1	290	many_to_one
ENSG00000060982	lncgDivg	ENSMUSG00000030268	lncgDivg	ENSG00000255921;ENSG00000256482	1.1.1;1.1.1	62;0	ENSMUSG00000097419;ENSMUSG00000086643	1.1.1;1.1.1	0;0	many_to_many_strict
ENSG00000139163	lncgDivg	ENSMUSG00000030275	lncgDivg	ENSG00000257023	1.1.1	60	ENSMUSG00000107802	1.1.1	0	one_to_one
ENSG00000123104	lncgDivg	ENSMUSG00000030287	lncgDivg	ENSG00000234428	1.1.1	0	ENSMUSG00000120618	1.1.1	0	one_to_one
ENSG00000123106	lncgDivg	ENSMUSG00000030301	lncgDivg	ENSG00000247934;ENSG00000278733	n.n.1;1.1.1	0;0	ENSMUSG00000072660	n.n.1	0	many_to_one
ENSG00000064763	lncgDivg	ENSMUSG00000030303	lncgDivg	ENSG00000257176;ENSG00000273680;ENSG00000275278;ENSG00000274315;ENSG00000275476;ENSG00000257258	n.n.1;1.1.1;1.1.1;1.1.1;1.1.1;n.n.1	0;0;0;0;0;0	ENSMUSG00000089948;ENSMUSG00000086777	1.1.1;1.1.1	0;0	many_to_many
ENSG00000133687	lncgDivg	ENSMUSG00000030306	lncgDivg	ENSG00000257456	1.1.1	0	ENSMUSG00000108148	1.1.1	0	one_to_one
ENSG00000111218	lncgDivg	ENSMUSG00000030350	lncgDivg	ENSG00000290204;ENSG00000287243;ENSG00000256691	1.1.1;n.n.1;1.1.1	0;0;0	ENSMUSG00000107219	1.1.1	0	many_to_one
ENSG00000167614	lncgDivg	ENSMUSG00000030428	lncgDivg	ENSG00000227407	1.1.1	0	ENSMUSG00000086155	n.1.1	0	one_to_one
ENSG00000104044	lncgDivg	ENSMUSG00000030450	lncgDivg	ENSG00000232394	1.1.1	0	ENSMUSG00000108773	1.1.1	0	one_to_one
ENSG00000156011	lncgDivg	ENSMUSG00000030465	lncgDivg	ENSG00000187229;ENSG00000253335	1.1.1;1.1.1	0;0	ENSMUSG00000087266	n.n.1	0	many_to_one
ENSG00000140479	lncgDivg	ENSMUSG00000030513	lncgDivg	ENSG00000259764;ENSG00000259172	1.1.1;1.1.1	0;0	ENSMUSG00000093405	1.1.1	0	many_to_one
ENSG00000104067	lncgDivg	ENSMUSG00000030516	lncgDivg	ENSG00000259523	1.1.1	0	ENSMUSG00000121090	1.1.1	0	one_to_one
ENSG00000140577	lncgDivg	ENSMUSG00000030527	lncgDivg	ENSG00000285560;ENSG00000259212;ENSG00000259314	1.1.1;1.1.1;1.1.1	0;0;0	ENSMUSG00000084821	1.1.1	0	many_to_one
ENSG00000140575	lncgDivg	ENSMUSG00000030536	lncgDivg	ENSG00000259177	1.1.1	0	ENSMUSG00000108321	n.1.1	0	one_to_one
ENSG00000012124	lncgDivg	ENSMUSG00000030577	lncgDivg	ENSG00000289845	1.1.1	213	ENSMUSG00000100029;ENSMUSG00000101029	1.1.1;1.1.1	4689;0	one_to_many
ENSG00000196218	lncgDivg	ENSMUSG00000030592	lncgDivg	ENSG00000268055;ENSG00000269445	1.1.1;1.1.1	0;0	ENSMUSG00000097079;ENSMUSG00000109017	n.1.1;1.1.1	0;0	many_to_many_strict
ENSG00000157766	lncgDivg	ENSMUSG00000030607	lncgDivg	ENSG00000259676	1.1.1	4702	ENSMUSG00000097441	1.1.1	160	one_to_one
ENSG00000074266	lncgDivg	ENSMUSG00000030619	lncgDivg	ENSG00000288809	1.1.1	0	ENSMUSG00000097585	n.n.n	0	one_to_one
ENSG00000137502	lncgDivg	ENSMUSG00000030643	lncgDivg	ENSG00000246067	n.1.1	129	ENSMUSG00000074024	n.1.1	130	one_to_one
ENSG00000157106	lncgDivg	ENSMUSG00000030655	lncgDivg	ENSG00000260352	1.1.1	455	ENSMUSG00000055159	n.1.1	195	one_to_one
ENSG00000079616	lncgDivg	ENSMUSG00000030677	lncgDivg	ENSG00000275857	1.1.1	0	ENSMUSG00000108617	1.1.1	0	one_to_one
ENSG00000176476	lncgDivg	ENSMUSG00000030714	lncgDivg	ENSG00000275441	1.1.1	0	ENSMUSG00000066175	n.1.1	0	one_to_one
ENSG00000137491	lncgDivg	ENSMUSG00000030737	lncgDivg	ENSG00000255395	1.1.1	0	ENSMUSG00000085095;ENSMUSG00000109559	n.1.1;1.1.1	0;0	one_to_many
ENSG00000105357	lncgDivg	ENSMUSG00000030739	lncgDivg	ENSG00000267815	1.1.1	0	ENSMUSG00000070574	n.n.1	0	one_to_one
ENSG00000077238	lncgDivg	ENSMUSG00000030748	lncgDivg	ENSG00000274092	1.1.1	0	ENSMUSG00000108524	1.1.1	0	one_to_one
ENSG00000099364	lncgDivg	ENSMUSG00000030811	lncgDivg	ENSG00000260852	1.1.1	0	ENSMUSG00000121230	1.1.1	0	one_to_one
ENSG00000099385	lncgDivg	ENSMUSG00000030814	lncgDivg	ENSG00000260083	n.n.1	0	ENSMUSG00000108801	n.1.1	0	one_to_one
ENSG00000105552	lncgDivg	ENSMUSG00000030826	lncgDivg	ENSG00000286024	1.1.1	0	ENSMUSG00000109644	n.1.1	0	one_to_one
ENSG00000110786	lncgDivg	ENSMUSG00000030854	lncgDivg	ENSG00000286998	1.1.1	0	ENSMUSG00000109501	1.1.1	0	one_to_one
ENSG00000121898	lncgDivg	ENSMUSG00000030862	lncgDivg	ENSG00000231138	1.1.1	0	ENSMUSG00000086814	1.1.1	0	one_to_one
ENSG00000175029	lncgDivg	ENSMUSG00000030970	lncgDivg	ENSG00000282787;ENSG00000273599	1.1.1;1.1.1	1209;0	ENSMUSG00000109816	1.1.1	3897	many_to_one
ENSG00000175018	lncgDivg	ENSMUSG00000030976	lncgDivg	ENSG00000228021	n.n.n	130	ENSMUSG00000110026	n.1.1	3335	one_to_one
ENSG00000166444	lncgDivg	ENSMUSG00000031024	lncgDivg	ENSG00000255159;ENSG00000254665	n.n.1;1.1.1	0;0	ENSMUSG00000109499	1.1.1	0	many_to_one
ENSG00000131620	lncgDivg	ENSMUSG00000031075	lncgDivg	ENSG00000254902;ENSG00000254605;ENSG00000254417;ENSG00000248844	1.1.1;n.1.1;n.1.1;n.1.1	0;0;0;0	ENSMUSG00000108851	n.1.1	0	many_to_one
ENSG00000181804	lncgDivg	ENSMUSG00000031129	lncgDivg	ENSG00000240012;ENSG00000244493	1.1.1;1.1.1	0;0	ENSMUSG00000089709;ENSMUSG00000101595	1.1.1;1.1.1	0;1091	many_to_many_strict
ENSG00000129682	lncgDivg	ENSMUSG00000031137	lncgDivg	ENSG00000232183;ENSG00000226031	1.1.1;n.n.1	0;0	ENSMUSG00000120929	1.1.1	0	many_to_one
ENSG00000102317	lncgDivg	ENSMUSG00000031167	lncgDivg	ENSG00000228343;ENSG00000204620	1.1.1;1.1.1	0;0	ENSMUSG00000055188	n.n.1	0	many_to_one
ENSG00000155966	lncgDivg	ENSMUSG00000031189	lncgDivg	ENSG00000237741	1.1.1	2	ENSMUSG00000086676	n.n.1	0	one_to_one
ENSG00000004961	lncgDivg	ENSMUSG00000031352	lncgDivg	ENSG00000234129	n.1.1	156	ENSMUSG00000087159	n.1.1	250	one_to_one
ENSG00000172534	lncgDivg	ENSMUSG00000031386	lncgDivg	ENSG00000235802	1.1.1	0	ENSMUSG00000120229	1.1.1	104	one_to_one
ENSG00000123562	lncgDivg	ENSMUSG00000031422	lncgDivg	ENSG00000231154	1.1.1	0	ENSMUSG00000087368	n.n.n	0	one_to_one
ENSG00000068650	lncgDivg	ENSMUSG00000031441	lncgDivg	ENSG00000232684;ENSG00000274922	1.1.1;n.1.1	0;179	ENSMUSG00000084780	n.1.1	0	many_to_one
ENSG00000126217	lncgDivg	ENSMUSG00000031442	lncgDivg	ENSG00000235280;ENSG00000267868	1.1.1;1.1.1	0;0	ENSMUSG00000079146;ENSMUSG00000086770	n.1.1;n.1.1	0;0	many_to_many_strict
ENSG00000134871	lncgDivg	ENSMUSG00000031503	lncgDivg	ENSG00000224821;ENSG00000232814	1.1.1;1.1.1	0;0	ENSMUSG00000084783	1.1.1	0	many_to_one
ENSG00000173273	lncgDivg	ENSMUSG00000031529	lncgDivg	ENSG00000272267	1.1.1	0	ENSMUSG00000054247	n.n.1	0	one_to_one
ENSG00000120875	lncgDivg	ENSMUSG00000031530	lncgDivg	ENSG00000285601	1.1.1	608	ENSMUSG00000120180	1.1.1	127	one_to_one
ENSG00000104365	lncgDivg	ENSMUSG00000031537	lncgDivg	ENSG00000253408	n.1.1	316	ENSMUSG00000085199	1.1.1	0	one_to_one
ENSG00000070718	lncgDivg	ENSMUSG00000031539	lncgDivg	ENSG00000261449	1.1.1	183	ENSMUSG00000054822	n.1.1	144	one_to_one
ENSG00000029534	lncgDivg	ENSMUSG00000031543	lncgDivg	ENSG00000253389;ENSG00000289514	n.n.1;n.1.1	0;0	ENSMUSG00000120972;ENSMUSG00000086741	1.1.1;1.1.1	0;0	many_to_many_strict
ENSG00000169499	lncgDivg	ENSMUSG00000031557	lncgDivg	ENSG00000253645	1.1.1	0	ENSMUSG00000110148	n.n.1	0	one_to_one
ENSG00000218336	lncgDivg	ENSMUSG00000031561	lncgDivg	ENSG00000177822;ENSG00000248816;ENSG00000248694	n.n.1;1.1.1;1.1.1	0;0;0	ENSMUSG00000100706	n.n.1	0	many_to_one
ENSG00000077782	lncgDivg	ENSMUSG00000031565	lncgDivg	ENSG00000255201	1.1.1	0	ENSMUSG00000086134	n.n.1	0	one_to_one
ENSG00000197265	lncgDivg	ENSMUSG00000031585	lncgDivg	ENSG00000253112	1.1.1	0	ENSMUSG00000049476	n.1.1	14	one_to_one
ENSG00000157110	lncgDivg	ENSMUSG00000031586	lncgDivg	ENSG00000254109	n.1.1	0	ENSMUSG00000097442	1.1.1	0	one_to_one
ENSG00000104763	lncgDivg	ENSMUSG00000031591	lncgDivg	ENSG00000245281	n.n.1	0	ENSMUSG00000120151	1.1.1	60	one_to_one
ENSG00000104760	lncgDivg	ENSMUSG00000031594	lncgDivg	ENSG00000254054;ENSG00000253215	n.1.1;1.1.1	0;0	ENSMUSG00000085445	n.1.1	2983	many_to_one
ENSG00000109586	lncgDivg	ENSMUSG00000031608	lncgDivg	ENSG00000290017;ENSG00000245213	1.1.1;n.n.1	0;0	ENSMUSG00000110419	n.n.1	0	many_to_one
ENSG00000164105	lncgDivg	ENSMUSG00000031609	lncgDivg	ENSG00000272870	n.n.1	0	ENSMUSG00000096917	n.n.n	0	one_to_one
ENSG00000151623	lncgDivg	ENSMUSG00000031618	lncgDivg	ENSG00000250354;ENSG00000287292	1.1.1;n.1.1	0;1005	ENSMUSG00000074235	n.1.1	0	many_to_one
ENSG00000154556	lncgDivg	ENSMUSG00000031626	lncgDivg	ENSG00000233110;ENSG00000235902;ENSG00000235149	1.1.1;1.1.1;1.1.1	0;0;0	ENSMUSG00000084954;ENSMUSG00000085440	n.1.1;1.1.1	0;0	many_to_many
ENSG00000168310	lncgDivg	ENSMUSG00000031627	lncgDivg	ENSG00000286292;ENSG00000271646	n.1.1;1.1.1	638;244	ENSMUSG00000110374;ENSMUSG00000097534;ENSMUSG00000109751	1.1.1;n.1.1;1.1.1	0;217;0	many_to_many
ENSG00000154447	lncgDivg	ENSMUSG00000031642	lncgDivg	ENSG00000251171	1.1.1	0	ENSMUSG00000099419	1.1.1	0	one_to_one
ENSG00000102921	lncgDivg	ENSMUSG00000031652	lncgDivg	ENSG00000260086;ENSG00000259912;ENSG00000261267;ENSG00000289119	n.1.1;1.1.1;1.1.1;1.1.1	3267;171;0;0	ENSMUSG00000098434	1.1.1	430	many_to_one
ENSG00000140807	lncgDivg	ENSMUSG00000031661	lncgDivg	ENSG00000260029;ENSG00000205414	1.1.1;1.1.1	0;0	ENSMUSG00000121158	1.1.1	233	many_to_one
ENSG00000103449	lncgDivg	ENSMUSG00000031665	lncgDivg	ENSG00000285367;ENSG00000261238	n.n.1;1.1.1	0;0	ENSMUSG00000120400	n.n.1	0	many_to_one
ENSG00000181938	lncgDivg	ENSMUSG00000031669	lncgDivg	ENSG00000276131;ENSG00000261078	1.1.1;1.1.1	0;0	ENSMUSG00000110483	1.1.1	3062	many_to_one
ENSG00000170365	lncgDivg	ENSMUSG00000031681	lncgDivg	ENSG00000250902;ENSG00000250582	1.1.1;1.1.1	0;0	ENSMUSG00000109945	1.1.1	4630	many_to_one
ENSG00000129636	lncgDivg	ENSMUSG00000031703	lncgDivg	ENSG00000260744;ENSG00000261369	1.1.1;1.1.1	0;0	ENSMUSG00000109754	n.n.1	0	many_to_one
ENSG00000132005	lncgDivg	ENSMUSG00000031706	lncgDivg	ENSG00000275091	1.1.1	0	ENSMUSG00000056753	1.1.1	0	one_to_one
ENSG00000109458	lncgDivg	ENSMUSG00000031714	lncgDivg	ENSG00000286771	1.1.1	0	ENSMUSG00000109587	1.1.1	0	one_to_one
ENSG00000177508	lncgDivg	ENSMUSG00000031734	lncgDivg	ENSG00000277559;ENSG00000283689	1.1.1;1.1.1	4178;0	ENSMUSG00000046413	n.n.1	0	many_to_one
ENSG00000176842	lncgDivg	ENSMUSG00000031737	lncgDivg	ENSG00000289307;ENSG00000245694	1.1.1;n.1.1	277;10249	ENSMUSG00000031736	n.1.1	1505	many_to_one
ENSG00000087258	lncgDivg	ENSMUSG00000031748	lncgDivg	ENSG00000261439;ENSG00000272372;ENSG00000246379;ENSG00000287866	1.1.1;1.1.1;n.n.n;1.1.1	0;0;1052;0	ENSMUSG00000097520	n.n.1	0	many_to_one
ENSG00000152910	lncgDivg	ENSMUSG00000031772	lncgDivg	ENSG00000286841	1.1.1	0	ENSMUSG00000098075	1.1.1	468	one_to_one
ENSG00000140859	lncgDivg	ENSMUSG00000031788	lncgDivg	ENSG00000276166;ENSG00000187185	1.1.1;n.n.1	0;0	ENSMUSG00000110428;ENSMUSG00000110517;ENSMUSG00000110475	1.1.1;1.1.1;1.1.1	0;0;0	many_to_many
ENSG00000130313	lncgDivg	ENSMUSG00000031807	lncgDivg	ENSG00000269439;ENSG00000269161	n.n.n;1.1.1	0;0	ENSMUSG00000120970	1.1.1	85	many_to_one
ENSG00000260456	lncgDivg	ENSMUSG00000031809	lncgDivg	ENSG00000261095;ENSG00000285527;ENSG00000261651	1.1.1;1.1.1;1.1.1	0;0;0	ENSMUSG00000098211;ENSMUSG00000097424	1.1.1;n.1.1	0;62	many_to_many
ENSG00000131149	lncgDivg	ENSMUSG00000031822	lncgDivg	ENSG00000287946;ENSG00000270124	1.1.1;1.1.1	0;0	ENSMUSG00000121159;ENSMUSG00000097960	1.1.1;1.1.1	0;226	many_to_many_strict
ENSG00000103196	lncgDivg	ENSMUSG00000031825	lncgDivg	ENSG00000285848	1.1.1	0	ENSMUSG00000089776	1.1.1	0	one_to_one
ENSG00000140945	lncgDivg	ENSMUSG00000031841	lncgDivg	ENSG00000286528;ENSG00000260788;ENSG00000261103;ENSG00000259914;ENSG00000261410;ENSG00000288554;ENSG00000260832	1.1.1;n.1.n;1.1.1;1.1.1;n.1.1;1.1.1;1.1.1	0;0;0;0;0;0;0	ENSMUSG00000110548;ENSMUSG00000110667	1.1.1;1.1.1	0;0	many_to_many
ENSG00000204843	lncgDivg	ENSMUSG00000031865	lncgDivg	ENSG00000237737	n.n.n	0	ENSMUSG00000085782	n.1.1	0	one_to_one
ENSG00000103056	lncgDivg	ENSMUSG00000031906	lncgDivg	ENSG00000287760;ENSG00000274698	1.1.1;1.1.1	335;1775	ENSMUSG00000074113	1.1.1	0	many_to_one
ENSG00000164532	lncgDivg	ENSMUSG00000031965	lncgDivg	ENSG00000289335	1.1.1	611	ENSMUSG00000111275	1.1.1	2164	one_to_one
ENSG00000154096	lncgDivg	ENSMUSG00000032011	lncgDivg	ENSG00000263873	1.1.1	0	ENSMUSG00000111229	1.1.1	2325	one_to_one
ENSG00000110400	lncgDivg	ENSMUSG00000032012	lncgDivg	ENSG00000255247;ENSG00000254854	1.1.1;1.1.1	0;383	ENSMUSG00000111334	n.n.1	0	many_to_one
ENSG00000149403	lncgDivg	ENSMUSG00000032017	lncgDivg	ENSG00000250493	1.1.1	0	ENSMUSG00000120815;ENSMUSG00000110749	n.1.1;1.1.1	0;2308	one_to_many
ENSG00000154127	lncgDivg	ENSMUSG00000032020	lncgDivg	ENSG00000286341	1.1.1	0	ENSMUSG00000110747	1.1.1	0	one_to_one
ENSG00000166250	lncgDivg	ENSMUSG00000032024	lncgDivg	ENSG00000254710	1.1.1	0	ENSMUSG00000087135;ENSMUSG00000111189;ENSMUSG00000086014	n.1.1;n.1.1;1.1.1	0;0;0	one_to_many
ENSG00000166266	lncgDivg	ENSMUSG00000032030	lncgDivg	ENSG00000288012	1.1.1	0	ENSMUSG00000086914	1.1.1	0	one_to_one
ENSG00000120457	lncgDivg	ENSMUSG00000032034	lncgDivg	ENSG00000174370	n.1.1	0	ENSMUSG00000111056	n.1.1	4332	one_to_one
ENSG00000134954	lncgDivg	ENSMUSG00000032035	lncgDivg	ENSG00000254588	1.1.1	0	ENSMUSG00000098843	1.1.1	0	one_to_one
ENSG00000149571	lncgDivg	ENSMUSG00000032036	lncgDivg	ENSG00000255317;ENSG00000257271;ENSG00000254607;ENSG00000254960;ENSG00000218109	1.1.1;1.1.1;n.1.1;n.1.1;1.1.1	0;0;0;0;0	ENSMUSG00000053889	1.1.1	0	many_to_one
ENSG00000150455	lncgDivg	ENSMUSG00000032041	lncgDivg	ENSG00000254905	1.1.1	0	ENSMUSG00000110774	1.1.1	0	one_to_one
ENSG00000182985	lncgDivg	ENSMUSG00000032076	lncgDivg	ENSG00000256315;ENSG00000255580;ENSG00000256972	n.1.1;1.1.1;1.1.1	0;0;0	ENSMUSG00000119966	1.1.1	77	many_to_one
ENSG00000186318	lncgDivg	ENSMUSG00000032086	lncgDivg	ENSG00000278768	n.1.1	0	ENSMUSG00000089810	1.1.1	0	one_to_one
ENSG00000177103	lncgDivg	ENSMUSG00000032087	lncgDivg	ENSG00000270403	1.1.1	0	ENSMUSG00000097074	n.n.1	0	one_to_one
ENSG00000110367	lncgDivg	ENSMUSG00000032097	lncgDivg	ENSG00000278376	1.1.1	38	ENSMUSG00000120036	1.1.1	297	one_to_one
ENSG00000129351	lncgDivg	ENSMUSG00000032178	lncgDivg	ENSG00000267100	1.1.1	429	ENSMUSG00000110915	1.1.1	0	one_to_one
ENSG00000069966	lncgDivg	ENSMUSG00000032192	lncgDivg	ENSG00000259327;ENSG00000259709	1.1.1;n.1.1	0;0	ENSMUSG00000111348;ENSMUSG00000110824	1.1.1;1.1.1	0;0	many_to_many_strict
ENSG00000103569	lncgDivg	ENSMUSG00000032204	lncgDivg	ENSG00000289948	1.1.1	0	ENSMUSG00000111429	n.n.1	0	one_to_one
ENSG00000166035	lncgDivg	ENSMUSG00000032207	lncgDivg	ENSG00000259293	1.1.1	0	ENSMUSG00000111631	1.1.1	0	one_to_one
ENSG00000138587	lncgDivg	ENSMUSG00000032221	lncgDivg	ENSG00000277245	1.1.1	0	ENSMUSG00000098778	1.1.1	0	one_to_one
ENSG00000069667	lncgDivg	ENSMUSG00000032238	lncgDivg	ENSG00000273958;ENSG00000287508;ENSG00000259591;ENSG00000286457;ENSG00000259481;ENSG00000259575;ENSG00000259482;ENSG00000259274	1.1.1;1.1.1;n.1.1;1.1.1;1.1.1;1.1.1;n.1.1;1.1.1	0;0;0;0;0;0;0;0	ENSMUSG00000086648	1.1.1	0	many_to_one
ENSG00000135338	lncgDivg	ENSMUSG00000032258	lncgDivg	ENSG00000287811	n.n.1	0	ENSMUSG00000099718	1.1.1	0	one_to_one
ENSG00000187720	lncgDivg	ENSMUSG00000032289	lncgDivg	ENSG00000278408;ENSG00000259964;ENSG00000225362	1.1.1;n.1.1;n.n.1	0;0;0	ENSMUSG00000111296	1.1.1	0	many_to_one
ENSG00000159556	lncgDivg	ENSMUSG00000032318	lncgDivg	ENSG00000259514	1.1.1	0	ENSMUSG00000090270	n.1.1	0	one_to_one
ENSG00000067141	lncgDivg	ENSMUSG00000032340	lncgDivg	ENSG00000259528	1.1.1	0	ENSMUSG00000111846	1.1.1	0	one_to_one
ENSG00000137269	lncgDivg	ENSMUSG00000032352	lncgDivg	ENSG00000271218;ENSG00000227885	1.1.1;n.n.1	0;0	ENSMUSG00000099094	n.1.1	332	many_to_one
ENSG00000137251	lncgDivg	ENSMUSG00000032357	lncgDivg	ENSG00000228231	1.1.1	0	ENSMUSG00000098370	1.1.1	888	one_to_one
ENSG00000140416	lncgDivg	ENSMUSG00000032366	lncgDivg	ENSG00000259627;ENSG00000259498	1.1.1;n.1.1	0;0	ENSMUSG00000121089	1.1.1	0	many_to_one
ENSG00000140455	lncgDivg	ENSMUSG00000032376	lncgDivg	ENSG00000276651	1.1.1	1428	ENSMUSG00000086387	1.1.1	0	one_to_one
ENSG00000163714	lncgDivg	ENSMUSG00000032407	lncgDivg	ENSG00000268129	1.1.1	0	ENSMUSG00000101037	1.1.1	0	one_to_one
ENSG00000158258	lncgDivg	ENSMUSG00000032452	lncgDivg	ENSG00000251058;ENSG00000249290;ENSG00000250433	1.1.1;n.1.1;1.1.1	0;0;0	ENSMUSG00000090255	n.1.1	0	many_to_one
ENSG00000175110	lncgDivg	ENSMUSG00000032459	lncgDivg	ENSG00000286988;ENSG00000272656	1.1.1;1.1.1	0;0	ENSMUSG00000102861	1.1.1	0	many_to_one
ENSG00000066405	lncgDivg	ENSMUSG00000032473	lncgDivg	ENSG00000272609	1.1.1	0	ENSMUSG00000089655	1.1.1	0	one_to_one
ENSG00000073756	lncgDivg	ENSMUSG00000032487	lncgDivg	ENSG00000273129	1.1.1	0	ENSMUSG00000097028	n.1.1	214	one_to_one
ENSG00000172995	lncgDivg	ENSMUSG00000032503	lncgDivg	ENSG00000230830	1.1.1	0	ENSMUSG00000087038;ENSMUSG00000089718	n.n.1;1.1.1	0;0	one_to_many
ENSG00000144655	lncgDivg	ENSMUSG00000032515	lncgDivg	ENSG00000283849;ENSG00000284669	1.1.1;1.1.1	0;0	ENSMUSG00000111639	n.1.1	0	many_to_one
ENSG00000154928	lncgDivg	ENSMUSG00000032537	lncgDivg	ENSG00000286982	1.1.1	0	ENSMUSG00000120943	n.1.1	0	one_to_one
ENSG00000113971	lncgDivg	ENSMUSG00000032558	lncgDivg	ENSG00000248724	n.1.1	0	ENSMUSG00000111035	1.1.1	161	one_to_one
ENSG00000017260	lncgDivg	ENSMUSG00000032570	lncgDivg	ENSG00000250592	1.1.1	0	ENSMUSG00000099373;ENSMUSG00000120939	1.1.1;1.1.1	0;0	one_to_many
ENSG00000003756	lncgDivg	ENSMUSG00000032580	lncgDivg	ENSG00000281691	1.1.1	0	ENSMUSG00000102899	1.1.1	0	one_to_one
ENSG00000164061	lncgDivg	ENSMUSG00000032589	lncgDivg	ENSG00000226913;ENSG00000235120	n.1.1;1.1.1	111;0	ENSMUSG00000102224	n.1.1	0	many_to_one
ENSG00000005108	lncgDivg	ENSMUSG00000032625	lncgDivg	ENSG00000230435	1.1.1	0	ENSMUSG00000107422	1.1.1	0	one_to_one
ENSG00000183150	lncgDivg	ENSMUSG00000032641	lncgDivg	ENSG00000257004	1.1.1	0	ENSMUSG00000100876	1.1.1	0	one_to_one
ENSG00000116667	lncgDivg	ENSMUSG00000032666	lncgDivg	ENSG00000271387	1.1.1	325	ENSMUSG00000100685	1.1.1	0	one_to_one
ENSG00000174718	lncgDivg	ENSMUSG00000032712	lncgDivg	ENSG00000255760	n.1.1	37	ENSMUSG00000121190	1.1.1	0	one_to_one
ENSG00000168539	lncgDivg	ENSMUSG00000032773	lncgDivg	ENSG00000257002	1.1.1	0	ENSMUSG00000117763	1.1.1	454	one_to_one
ENSG00000186635	lncgDivg	ENSMUSG00000032812	lncgDivg	ENSG00000245148;ENSG00000256007;ENSG00000286555	1.1.1;1.1.1;1.1.1	0;0;0	ENSMUSG00000110239	n.1.1	33	many_to_one
ENSG00000145362	lncgDivg	ENSMUSG00000032826	lncgDivg	ENSG00000251126;ENSG00000249373;ENSG00000248152	1.1.1;1.1.1;n.1.1	0;0;0	ENSMUSG00000097456	n.1.1	0	many_to_one
ENSG00000135362	lncgDivg	ENSMUSG00000032841	lncgDivg	ENSG00000254566;ENSG00000255060	1.1.1;1.1.1	0;0	ENSMUSG00000087465	1.1.1	0	many_to_one
ENSG00000198796	lncgDivg	ENSMUSG00000032845	lncgDivg	ENSG00000267579;ENSG00000267257	1.1.1;1.1.1	0;0	ENSMUSG00000118101;ENSMUSG00000118163;ENSMUSG00000117721	1.1.1;n.1.1;1.1.1	0;0;0	many_to_many
ENSG00000174989	lncgDivg	ENSMUSG00000032867	lncgDivg	ENSG00000257279;ENSG00000274554	1.1.1;1.1.1	0;0	ENSMUSG00000029360	1.1.1	0	many_to_one
ENSG00000198799	lncgDivg	ENSMUSG00000032913	lncgDivg	ENSG00000238198	1.1.1	85	ENSMUSG00000104768	1.1.1	0	one_to_one
ENSG00000131196	lncgDivg	ENSMUSG00000033016	lncgDivg	ENSG00000286186;ENSG00000275186	1.1.1;1.1.1	0;0	ENSMUSG00000118265	1.1.1	0	many_to_one
ENSG00000101474	lncgDivg	ENSMUSG00000033096	lncgDivg	ENSG00000286444	1.1.1	0	ENSMUSG00000086407	1.1.1	0	one_to_one
ENSG00000144824	lncgDivg	ENSMUSG00000033149	lncgDivg	ENSG00000286492	1.1.1	0	ENSMUSG00000085781	1.1.1	0	one_to_one
ENSG00000115649	lncgDivg	ENSMUSG00000033159	lncgDivg	ENSG00000290093	1.1.1	0	ENSMUSG00000121256	1.1.1	0	one_to_one
ENSG00000074416	lncgDivg	ENSMUSG00000033174	lncgDivg	ENSG00000287143	1.1.1	0	ENSMUSG00000097730	n.1.1	0	one_to_one
ENSG00000165072	lncgDivg	ENSMUSG00000033207	lncgDivg	ENSG00000204706	n.n.1	0	ENSMUSG00000118092	1.1.1	0	one_to_one
ENSG00000132394	lncgDivg	ENSMUSG00000033216	lncgDivg	ENSG00000285619	1.1.1	0	ENSMUSG00000107561	1.1.1	0	one_to_one
ENSG00000189079	lncgDivg	ENSMUSG00000033237	lncgDivg	ENSG00000289229;ENSG00000273015	1.1.1;1.1.1	942;1846	ENSMUSG00000097536	n.1.1	3023	many_to_one
ENSG00000173482	lncgDivg	ENSMUSG00000033278	lncgDivg	ENSG00000266149;ENSG00000266767;ENSG00000286627;ENSG00000286649	1.1.1;n.1.1;1.1.1;1.1.1	0;0;0;0	ENSMUSG00000114563;ENSMUSG00000114291;ENSMUSG00000114492	1.1.1;1.1.1;1.1.1	0;0;0	many_to_many
ENSG00000145012	lncgDivg	ENSMUSG00000033306	lncgDivg	ENSG00000270959;ENSG00000224563	1.1.1;1.1.1	0;0	ENSMUSG00000119959	n.1.1	0	many_to_one
ENSG00000060069	lncgDivg	ENSMUSG00000033323	lncgDivg	ENSG00000274828;ENSG00000266901;ENSG00000178412	1.1.1;1.1.1;1.1.1	439;0;58	ENSMUSG00000120406;ENSMUSG00000118070	1.1.1;1.1.1	429;0	many_to_many
ENSG00000006740	lncgDivg	ENSMUSG00000033389	lncgDivg	ENSG00000263707;ENSG00000277621	1.1.1;1.1.1	0;0	ENSMUSG00000118601	1.1.1	0	many_to_one
ENSG00000169604	lncgDivg	ENSMUSG00000033420	lncgDivg	ENSG00000286347	1.1.1	0	ENSMUSG00000108006	1.1.1	0	one_to_one
ENSG00000102531	lncgDivg	ENSMUSG00000033487	lncgDivg	ENSG00000275202	1.1.1	0	ENSMUSG00000090216	1.1.1	0	one_to_one
ENSG00000079335	lncgDivg	ENSMUSG00000033502	lncgDivg	ENSG00000228086	1.1.1	0	ENSMUSG00000106005	1.1.1	0	one_to_one
ENSG00000165914	lncgDivg	ENSMUSG00000033530	lncgDivg	ENSG00000259163;ENSG00000287663;ENSG00000258716;ENSG00000258935;ENSG00000258437	n.n.1;1.1.1;1.1.1;1.1.1;1.1.1	0;0;0;0;0	ENSMUSG00000113895	n.n.1	0	many_to_one
ENSG00000050327	lncgDivg	ENSMUSG00000033542	lncgDivg	ENSG00000244479	n.n.n	0	ENSMUSG00000108190	1.1.1	0	one_to_one
ENSG00000117543	lncgDivg	ENSMUSG00000033554	lncgDivg	ENSG00000233184;ENSG00000235795	n.n.1;1.1.1	0;0	ENSMUSG00000054426	n.1.1	0	many_to_one
ENSG00000100320	lncgDivg	ENSMUSG00000033565	lncgDivg	ENSG00000279652	1.1.1	0	ENSMUSG00000097267	n.n.1	0	one_to_one
ENSG00000053254	lncgDivg	ENSMUSG00000033713	lncgDivg	ENSG00000258920;ENSG00000258380;ENSG00000259073;ENSG00000258699;ENSG00000258752;ENSG00000277801	1.1.1;1.1.1;1.1.1;1.1.1;n.n.1;1.1.1	0;0;0;0;0;0	ENSMUSG00000097917;ENSMUSG00000033731	n.1.1;n.n.1	214;0	many_to_many
ENSG00000110076	lncgDivg	ENSMUSG00000033768	lncgDivg	ENSG00000237410;ENSG00000289058	1.1.1;1.1.1	0;0	ENSMUSG00000052188	n.1.1	0	many_to_one
ENSG00000135636	lncgDivg	ENSMUSG00000033788	lncgDivg	ENSG00000289327	1.1.1	0	ENSMUSG00000107682;ENSMUSG00000087001	1.1.1;1.1.1	0;0	one_to_many
ENSG00000172031	lncgDivg	ENSMUSG00000033805	lncgDivg	ENSG00000289483	1.1.1	82	ENSMUSG00000106396	1.1.1	0	one_to_one
ENSG00000124721	lncgDivg	ENSMUSG00000033826	lncgDivg	ENSG00000236355;ENSG00000231150	1.1.1;n.1.1	94;0	ENSMUSG00000118119;ENSMUSG00000099474;ENSMUSG00000117760	1.1.1;1.1.1;1.1.1	0;0;0	many_to_many
ENSG00000187775	lncgDivg	ENSMUSG00000033987	lncgDivg	ENSG00000267432	n.1.1	0	ENSMUSG00000085511	1.1.1	0	one_to_one
ENSG00000154783	lncgDivg	ENSMUSG00000034037	lncgDivg	ENSG00000260902	1.1.1	0	ENSMUSG00000087317	1.1.1	0	one_to_one
ENSG00000134013	lncgDivg	ENSMUSG00000034205	lncgDivg	ENSG00000253837	n.n.1	0	ENSMUSG00000098975	n.n.n	0	one_to_one
ENSG00000063660	lncgDivg	ENSMUSG00000034220	lncgDivg	ENSG00000218416	n.n.1	0	ENSMUSG00000100781;ENSMUSG00000101995	1.1.1;1.1.1	0;0	one_to_many
ENSG00000166348	lncgDivg	ENSMUSG00000034235	lncgDivg	ENSG00000268584	1.1.1	0	ENSMUSG00000099966	1.1.1	0	one_to_one
ENSG00000173230	lncgDivg	ENSMUSG00000034243	lncgDivg	ENSG00000288868	1.1.1	0	ENSMUSG00000084834	1.1.1	0	one_to_one
ENSG00000163517	lncgDivg	ENSMUSG00000034245	lncgDivg	ENSG00000244502	1.1.1	0	ENSMUSG00000085624	1.1.1	0	one_to_one
ENSG00000225190	lncgDivg	ENSMUSG00000034247	lncgDivg	ENSG00000236234	1.1.1	0	ENSMUSG00000110636	n.1.1	101	one_to_one
ENSG00000159314	lncgDivg	ENSMUSG00000034255	lncgDivg	ENSG00000267344	1.1.1	0	ENSMUSG00000085887;ENSMUSG00000085360;ENSMUSG00000085733	1.1.1;1.1.1;1.1.1	0;0;0	one_to_many
ENSG00000175048	lncgDivg	ENSMUSG00000034265	lncgDivg	ENSG00000286482	1.1.1	91	ENSMUSG00000120361	1.1.1	0	one_to_one
ENSG00000140044	lncgDivg	ENSMUSG00000034271	lncgDivg	ENSG00000259319	n.n.1	0	ENSMUSG00000113165	1.1.1	0	one_to_one
ENSG00000149548	lncgDivg	ENSMUSG00000034303	lncgDivg	ENSG00000285825	n.1.1	566	ENSMUSG00000111748	1.1.1	0	one_to_one
ENSG00000151952	lncgDivg	ENSMUSG00000034310	lncgDivg	ENSG00000249196;ENSG00000286394;ENSG00000256699;ENSG00000286246	n.1.1;1.1.1;1.1.1;1.1.1	0;0;0;0	ENSMUSG00000105857	1.1.1	0	many_to_one
ENSG00000143032	lncgDivg	ENSMUSG00000034384	lncgDivg	ENSG00000287076	n.1.1	2274	ENSMUSG00000120527	n.1.1	519	one_to_one
ENSG00000166473	lncgDivg	ENSMUSG00000034416	lncgDivg	ENSG00000286759	1.1.1	0	ENSMUSG00000085688	1.1.1	0	one_to_one
ENSG00000137831	lncgDivg	ENSMUSG00000034485	lncgDivg	ENSG00000259532	1.1.1	0	ENSMUSG00000052143	n.1.1	0	one_to_one
ENSG00000168505	lncgDivg	ENSMUSG00000034486	lncgDivg	ENSG00000233611	n.1.1	0	ENSMUSG00000092627	n.1.1	0	one_to_one
ENSG00000164151	lncgDivg	ENSMUSG00000034525	lncgDivg	ENSG00000286753	n.1.1	0	ENSMUSG00000101051	n.1.1	0	one_to_one
ENSG00000214050	lncgDivg	ENSMUSG00000034532	lncgDivg	ENSG00000253567	n.n.1	0	ENSMUSG00000120895	1.1.1	0	one_to_one
ENSG00000138756	lncgDivg	ENSMUSG00000034663	lncgDivg	ENSG00000260278	1.1.1	369	ENSMUSG00000105006	1.1.1	325	one_to_one
ENSG00000102780	lncgDivg	ENSMUSG00000034731	lncgDivg	ENSG00000231530	1.1.1	0	ENSMUSG00000120927	1.1.1	0	one_to_one
ENSG00000069020	lncgDivg	ENSMUSG00000034751	lncgDivg	ENSG00000229666	1.1.1	0	ENSMUSG00000090329;ENSMUSG00000091906	1.1.1;n.1.1	0;0	one_to_many
ENSG00000138166	lncgDivg	ENSMUSG00000034765	lncgDivg	ENSG00000273143	n.1.1	1317	ENSMUSG00000118210	1.1.1	0	one_to_one
ENSG00000060558	lncgDivg	ENSMUSG00000034792	lncgDivg	ENSG00000267551	1.1.1	0	ENSMUSG00000112350	1.1.1	1186	one_to_one
ENSG00000123607	lncgDivg	ENSMUSG00000034848	lncgDivg	ENSG00000224490	n.n.1	0	ENSMUSG00000086671	1.1.1	0	one_to_one
ENSG00000213965	lncgDivg	ENSMUSG00000034875	lncgDivg	ENSG00000290058;ENSG00000267475	1.1.1;n.1.1	0;121	ENSMUSG00000097509	1.1.1	0	many_to_one
ENSG00000118407	lncgDivg	ENSMUSG00000034898	lncgDivg	ENSG00000238156;ENSG00000237174	1.1.1;n.n.1	0;0	ENSMUSG00000092581	1.1.1	0	many_to_one
ENSG00000186111	lncgDivg	ENSMUSG00000034902	lncgDivg	ENSG00000267304	1.1.1	0	ENSMUSG00000090230	1.1.1	0	one_to_one
ENSG00000116133	lncgDivg	ENSMUSG00000034926	lncgDivg	ENSG00000287724;ENSG00000233203;ENSG00000242396	1.1.1;n.1.1;n.1.1	0;368;0	ENSMUSG00000086172;ENSMUSG00000085023	1.1.1;1.1.1	3141;0	many_to_many
ENSG00000245848	lncgDivg	ENSMUSG00000034957	lncgDivg	ENSG00000267296;ENSG00000267580;ENSG00000267727;ENSG00000267130	1.1.1;1.1.1;1.1.1;1.1.1	323;0;0;2502	ENSMUSG00000108624	1.1.1	0	many_to_one
ENSG00000197635	lncgDivg	ENSMUSG00000035000	lncgDivg	ENSG00000230918	n.1.1	0	ENSMUSG00000087518	1.1.1	0	one_to_one
ENSG00000114670	lncgDivg	ENSMUSG00000035032	lncgDivg	ENSG00000250129	n.1.1	0	ENSMUSG00000085430;ENSMUSG00000093590	1.1.1;1.1.1	0;0	one_to_many
ENSG00000163214	lncgDivg	ENSMUSG00000035051	lncgDivg	ENSG00000225284	1.1.1	0	ENSMUSG00000117440	1.1.1	0	one_to_one
ENSG00000103319	lncgDivg	ENSMUSG00000035064	lncgDivg	ENSG00000261113	n.1.1	0	ENSMUSG00000121009;ENSMUSG00000085118	1.1.1;1.1.1	0;0	one_to_many
ENSG00000171044	lncgDivg	ENSMUSG00000035067	lncgDivg	ENSG00000270076	1.1.1	1132	ENSMUSG00000087652	1.1.1	0	one_to_one
ENSG00000115363	lncgDivg	ENSMUSG00000035104	lncgDivg	ENSG00000237293;ENSG00000231172	1.1.1;1.1.1	0;0	ENSMUSG00000087136	1.1.1	0	many_to_one
ENSG00000057019	lncgDivg	ENSMUSG00000035107	lncgDivg	ENSG00000239462	n.1.1	350	ENSMUSG00000086827	n.1.1	104	one_to_one
ENSG00000162670	lncgDivg	ENSMUSG00000035131	lncgDivg	ENSG00000237457;ENSG00000241505;ENSG00000225811	n.1.1;1.1.1;1.1.1	147;1975;0	ENSMUSG00000087627;ENSMUSG00000099964;ENSMUSG00000085822	n.1.1;n.1.1;1.1.1	0;0;0	many_to_many_strict
ENSG00000117971	lncgDivg	ENSMUSG00000035200	lncgDivg	ENSG00000290426;ENSG00000259555	n.n.1;1.1.1	0;0	ENSMUSG00000111050	1.1.1	0	many_to_one
ENSG00000166435	lncgDivg	ENSMUSG00000035211	lncgDivg	ENSG00000286943	1.1.1	0	ENSMUSG00000109002	n.n.1	0	one_to_one
ENSG00000146242	lncgDivg	ENSMUSG00000035274	lncgDivg	ENSG00000286875	1.1.1	0	ENSMUSG00000056031	n.n.1	0	one_to_one
ENSG00000198382	lncgDivg	ENSMUSG00000035354	lncgDivg	ENSG00000255421;ENSG00000255507	1.1.1;n.n.n	0;0	ENSMUSG00000109130;ENSMUSG00000109282	n.n.1;1.1.1	0;0	many_to_many_strict
ENSG00000121440	lncgDivg	ENSMUSG00000035357	lncgDivg	ENSG00000239677	n.1.1	0	ENSMUSG00000121193;ENSMUSG00000097834	1.1.1;n.1.1	0;0	one_to_many
ENSG00000171067	lncgDivg	ENSMUSG00000035372	lncgDivg	ENSG00000286369	n.1.1	101	ENSMUSG00000118249	1.1.1	117	one_to_one
ENSG00000119522	lncgDivg	ENSMUSG00000035392	lncgDivg	ENSG00000237336;ENSG00000230826	1.1.1;1.1.1	0;0	ENSMUSG00000087294	1.1.1	0	many_to_one
ENSG00000132823	lncgDivg	ENSMUSG00000035399	lncgDivg	ENSG00000223891	n.1.1	136	ENSMUSG00000099632	1.1.1	0	one_to_one
ENSG00000158636	lncgDivg	ENSMUSG00000035401	lncgDivg	ENSG00000255135	n.1.1	233	ENSMUSG00000120382	1.1.1	110	one_to_one
ENSG00000152784	lncgDivg	ENSMUSG00000035456	lncgDivg	ENSG00000248719	n.n.1	0	ENSMUSG00000045238	n.1.1	0	one_to_one
ENSG00000136011	lncgDivg	ENSMUSG00000035459	lncgDivg	ENSG00000257737;ENSG00000257766	1.1.1;1.1.1	0;0	ENSMUSG00000089656;ENSMUSG00000089881	1.1.1;1.1.1	0;0	many_to_many_strict
ENSG00000118946	lncgDivg	ENSMUSG00000035566	lncgDivg	ENSG00000278722	1.1.1	0	ENSMUSG00000115529	n.1.1	0	one_to_one
ENSG00000167522	lncgDivg	ENSMUSG00000035569	lncgDivg	ENSG00000268218;ENSG00000287351;ENSG00000261253;ENSG00000260279	1.1.1;1.1.1;n.1.1;n.1.1	0;0;0;0	ENSMUSG00000099881	1.1.1	140	many_to_one
ENSG00000111785	lncgDivg	ENSMUSG00000035620	lncgDivg	ENSG00000257545;ENSG00000287957	n.1.1;1.1.1	0;0	ENSMUSG00000120795	1.1.1	0	many_to_one
ENSG00000165379	lncgDivg	ENSMUSG00000035653	lncgDivg	ENSG00000258636	n.1.1	1888	ENSMUSG00000113429	n.1.1	1323	one_to_one
ENSG00000132003	lncgDivg	ENSMUSG00000035671	lncgDivg	ENSG00000267582	1.1.1	0	ENSMUSG00000120710	1.1.1	298	one_to_one
ENSG00000187608	lncgDivg	ENSMUSG00000035692	lncgDivg	ENSG00000224969	1.1.1	0	ENSMUSG00000078349	n.1.1	2474	one_to_one
ENSG00000164180	lncgDivg	ENSMUSG00000035762	lncgDivg	ENSG00000247828	n.n.1	0	ENSMUSG00000097292	n.1.1	121	one_to_one
ENSG00000135720	lncgDivg	ENSMUSG00000035770	lncgDivg	ENSG00000260558;ENSG00000287965;ENSG00000260465	n.1.1;1.1.1;1.1.1	0;0;0	ENSMUSG00000110630	1.1.1	0	many_to_one
ENSG00000165495	lncgDivg	ENSMUSG00000035934	lncgDivg	ENSG00000254880;ENSG00000254932	1.1.1;1.1.1	78;0	ENSMUSG00000093721;ENSMUSG00000110722	1.1.1;1.1.1	0;0	many_to_many_strict
ENSG00000198853	lncgDivg	ENSMUSG00000035969	lncgDivg	ENSG00000287287	1.1.1	0	ENSMUSG00000120990	n.1.1	0	one_to_one
ENSG00000179104	lncgDivg	ENSMUSG00000036019	lncgDivg	ENSG00000286043	1.1.1	248	ENSMUSG00000085282	n.n.1	0	one_to_one
ENSG00000136267	lncgDivg	ENSMUSG00000036095	lncgDivg	ENSG00000226323	1.1.1	0	ENSMUSG00000113608;ENSMUSG00000112967	1.1.1;n.n.1	0;0	one_to_many
ENSG00000106511	lncgDivg	ENSMUSG00000036144	lncgDivg	ENSG00000237070;ENSG00000229108	1.1.1;n.1.1	0;1695	ENSMUSG00000101067	n.1.1	1751	many_to_one
ENSG00000165966	lncgDivg	ENSMUSG00000036218	lncgDivg	ENSG00000257228	n.n.1	0	ENSMUSG00000115858	1.1.1	0	one_to_one
ENSG00000139971	lncgDivg	ENSMUSG00000036242	lncgDivg	ENSG00000279636	n.1.1	0	ENSMUSG00000115787	1.1.1	0	one_to_one
ENSG00000167139	lncgDivg	ENSMUSG00000036244	lncgDivg	ENSG00000260624	n.1.1	1557	ENSMUSG00000100487	1.1.1	49	one_to_one
ENSG00000144481	lncgDivg	ENSMUSG00000036251	lncgDivg	ENSG00000286059;ENSG00000237581	1.1.1;1.1.1	0;0	ENSMUSG00000085420	1.1.1	0	many_to_one
ENSG00000163453	lncgDivg	ENSMUSG00000036256	lncgDivg	ENSG00000287369;ENSG00000245067	1.1.1;n.n.1	162;0	ENSMUSG00000106828	1.1.1	0	many_to_one
ENSG00000053108	lncgDivg	ENSMUSG00000036264	lncgDivg	ENSG00000250244;ENSG00000250409;ENSG00000249478;ENSG00000288758	n.1.1;1.1.1;n.1.1;1.1.1	0;0;0;0	ENSMUSG00000087668	1.1.1	0	many_to_one
ENSG00000133315	lncgDivg	ENSMUSG00000036278	lncgDivg	ENSG00000256481	1.1.1	0	ENSMUSG00000117901	1.1.1	0	one_to_one
ENSG00000147408	lncgDivg	ENSMUSG00000036356	lncgDivg	ENSG00000253270	1.1.1	0	ENSMUSG00000085197;ENSMUSG00000087489	n.1.1;1.1.1	0;0	one_to_many
ENSG00000145819	lncgDivg	ENSMUSG00000036452	lncgDivg	ENSG00000226272	n.1.1	0	ENSMUSG00000086991;ENSMUSG00000086312	1.1.1;1.1.1	0;0	one_to_many
ENSG00000145416	lncgDivg	ENSMUSG00000036469	lncgDivg	ENSG00000273449	1.1.1	0	ENSMUSG00000086156;ENSMUSG00000085109	1.1.1;1.1.1	0;0	one_to_many
ENSG00000150394	lncgDivg	ENSMUSG00000036510	lncgDivg	ENSG00000260115	1.1.1	0	ENSMUSG00000052479	n.1.1	171	one_to_one
ENSG00000120549	lncgDivg	ENSMUSG00000036617	lncgDivg	ENSG00000286951	1.1.1	0	ENSMUSG00000091457;ENSMUSG00000086418;ENSMUSG00000085477	1.1.1;1.1.1;n.1.1	0;0;0	one_to_many
ENSG00000114790	lncgDivg	ENSMUSG00000036885	lncgDivg	ENSG00000243069	n.n.1	0	ENSMUSG00000103502	1.1.1	0	one_to_one
ENSG00000181467	lncgDivg	ENSMUSG00000036894	lncgDivg	ENSG00000244268	1.1.1	451	ENSMUSG00000103473	1.1.1	0	one_to_one
ENSG00000068724	lncgDivg	ENSMUSG00000036918	lncgDivg	ENSG00000233845;ENSG00000272814	1.1.1;1.1.1	0;0	ENSMUSG00000085287;ENSMUSG00000089701;ENSMUSG00000089755	n.1.1;1.1.1;1.1.1	107;0;0	many_to_many
ENSG00000151611	lncgDivg	ENSMUSG00000037022	lncgDivg	ENSG00000248356	1.1.1	0	ENSMUSG00000097174	n.1.1	136	one_to_one
ENSG00000125813	lncgDivg	ENSMUSG00000037034	lncgDivg	ENSG00000280350	1.1.1	2074	ENSMUSG00000087521	n.1.1	0	one_to_one
ENSG00000145391	lncgDivg	ENSMUSG00000037111	lncgDivg	ENSG00000272717;ENSG00000286896	1.1.1;n.n.1	0;0	ENSMUSG00000097885	n.n.1	0	many_to_one
ENSG00000144218	lncgDivg	ENSMUSG00000037138	lncgDivg	ENSG00000230393	1.1.1	0	ENSMUSG00000085391;ENSMUSG00000085280;ENSMUSG00000087131	n.1.1;1.1.1;n.1.1	0;0;0	one_to_many
ENSG00000112530	lncgDivg	ENSMUSG00000037196	lncgDivg	ENSG00000225437;ENSG00000285553;ENSG00000285610;ENSG00000225683	n.1.1;1.1.1;1.1.1;n.n.1	0;0;0;0	ENSMUSG00000089633;ENSMUSG00000089941;ENSMUSG00000089907	n.1.1;n.1.1;n.1.1	0;0;0	many_to_many
ENSG00000159733	lncgDivg	ENSMUSG00000037224	lncgDivg	ENSG00000251148	1.1.1	0	ENSMUSG00000106888	1.1.1	0	one_to_one
ENSG00000138685	lncgDivg	ENSMUSG00000037225	lncgDivg	ENSG00000273007	n.1.1	0	ENSMUSG00000054779	1.1.1	0	one_to_one
ENSG00000125850	lncgDivg	ENSMUSG00000037279	lncgDivg	ENSG00000229262	1.1.1	305	ENSMUSG00000084837	1.1.1	0	one_to_one
ENSG00000103326	lncgDivg	ENSMUSG00000037326	lncgDivg	ENSG00000277142;ENSG00000261691	1.1.1;1.1.1	305;0	ENSMUSG00000097523	n.n.n	0	many_to_one
ENSG00000165046	lncgDivg	ENSMUSG00000037363	lncgDivg	ENSG00000272159	1.1.1	0	ENSMUSG00000043794	n.1.1	0	one_to_one
ENSG00000155096	lncgDivg	ENSMUSG00000037458	lncgDivg	ENSG00000253320;ENSG00000253263;ENSG00000253385	n.n.n;1.1.1;1.1.1	0;0;0	ENSMUSG00000115546	1.1.1	0	many_to_one
ENSG00000155090	lncgDivg	ENSMUSG00000037465	lncgDivg	ENSG00000283959	n.1.1	516	ENSMUSG00000120195	1.1.1	441	one_to_one
ENSG00000104517	lncgDivg	ENSMUSG00000037487	lncgDivg	ENSG00000272037	1.1.1	0	ENSMUSG00000115771	1.1.1	187	one_to_one
ENSG00000178974	lncgDivg	ENSMUSG00000037536	lncgDivg	ENSG00000258455;ENSG00000258413	1.1.1;n.n.1	0;0	ENSMUSG00000115145	1.1.1	0	many_to_one
ENSG00000162105	lncgDivg	ENSMUSG00000037541	lncgDivg	ENSG00000226627;ENSG00000236262;ENSG00000286708;ENSG00000171671	n.1.1;1.1.1;1.1.1;1.1.1	0;0;0;0	ENSMUSG00000085745	1.1.1	0	many_to_one
ENSG00000167524	lncgDivg	ENSMUSG00000037593	lncgDivg	ENSG00000265287	1.1.1	0	ENSMUSG00000087295	1.1.1	0	one_to_one
ENSG00000150471	lncgDivg	ENSMUSG00000037605	lncgDivg	ENSG00000205682;ENSG00000289308	1.1.1;n.1.1	0;0	ENSMUSG00000087431;ENSMUSG00000121076	1.1.1;1.1.1	0;0	many_to_many_strict
ENSG00000029363	lncgDivg	ENSMUSG00000037608	lncgDivg	ENSG00000289312	1.1.1	163	ENSMUSG00000069713	1.1.1	142	one_to_one
ENSG00000132549	lncgDivg	ENSMUSG00000037646	lncgDivg	ENSG00000253562;ENSG00000253539;ENSG00000253948	1.1.1;1.1.1;n.n.1	0;0;0	ENSMUSG00000115829	1.1.1	0	many_to_one
ENSG00000124406	lncgDivg	ENSMUSG00000037685	lncgDivg	ENSG00000260519	1.1.1	375	ENSMUSG00000085363;ENSMUSG00000087261	1.1.1;n.1.1	0;0	one_to_many
ENSG00000110651	lncgDivg	ENSMUSG00000037706	lncgDivg	ENSG00000238184;ENSG00000290098	n.1.1;1.1.1	0;776	ENSMUSG00000059277	n.1.1	0	many_to_one
ENSG00000073712	lncgDivg	ENSMUSG00000037712	lncgDivg	ENSG00000288045	1.1.1	0	ENSMUSG00000115324	n.1.1	13557	one_to_one
ENSG00000140481	lncgDivg	ENSMUSG00000037716	lncgDivg	ENSG00000277749	1.1.1	0	ENSMUSG00000086624;ENSMUSG00000085753	1.1.1;1.1.1	0;0	one_to_many
ENSG00000109133	lncgDivg	ENSMUSG00000037720	lncgDivg	ENSG00000249771	n.1.1	40550	ENSMUSG00000107319	1.1.1	0	one_to_one
ENSG00000064042	lncgDivg	ENSMUSG00000037736	lncgDivg	ENSG00000287762;ENSG00000249216	1.1.1;1.1.1	0;0	ENSMUSG00000086964;ENSMUSG00000085839	1.1.1;1.1.1	0;0	many_to_many_strict
ENSG00000125384	lncgDivg	ENSMUSG00000037759	lncgDivg	ENSG00000289424	1.1.1	206	ENSMUSG00000115344	n.1.1	0	one_to_one
ENSG00000149633	lncgDivg	ENSMUSG00000037813	lncgDivg	ENSG00000285347	n.1.1	0	ENSMUSG00000078957	1.1.1	0	one_to_one
ENSG00000125834	lncgDivg	ENSMUSG00000037885	lncgDivg	ENSG00000286108	1.1.1	0	ENSMUSG00000121238	1.1.1	0	one_to_one
ENSG00000109452	lncgDivg	ENSMUSG00000037940	lncgDivg	ENSG00000249806;ENSG00000251248	1.1.1;1.1.1	0;0	ENSMUSG00000090732	n.1.1	0	many_to_one
ENSG00000197653	lncgDivg	ENSMUSG00000038011	lncgDivg	ENSG00000250091	1.1.1	0	ENSMUSG00000105583	1.1.1	0	one_to_one
ENSG00000106125	lncgDivg	ENSMUSG00000038022	lncgDivg	ENSG00000229263	1.1.1	0	ENSMUSG00000107766	1.1.1	0	one_to_one
ENSG00000152495	lncgDivg	ENSMUSG00000038128	lncgDivg	ENSG00000249318;ENSG00000248268	1.1.1;1.1.1	0;0	ENSMUSG00000097710	1.1.1	0	many_to_one
ENSG00000178104	lncgDivg	ENSMUSG00000038170	lncgDivg	ENSG00000255148;ENSG00000254913	1.1.1;1.1.1	0;0	ENSMUSG00000105245	n.1.1	0	many_to_one
ENSG00000164303	lncgDivg	ENSMUSG00000038173	lncgDivg	ENSG00000287433	1.1.1	0	ENSMUSG00000086190;ENSMUSG00000109888	1.1.1;1.1.1	0;0	one_to_many
ENSG00000164107	lncgDivg	ENSMUSG00000038193	lncgDivg	ENSG00000237125	n.n.1	0	ENSMUSG00000100510	n.n.1	0	one_to_one
ENSG00000106031	lncgDivg	ENSMUSG00000038203	lncgDivg	ENSG00000243766	n.n.1	0	ENSMUSG00000055408	n.1.1	1972	one_to_one
ENSG00000005073	lncgDivg	ENSMUSG00000038210	lncgDivg	ENSG00000240990	n.n.1	0	ENSMUSG00000086427	n.n.1	0	one_to_one
ENSG00000112320	lncgDivg	ENSMUSG00000038248	lncgDivg	ENSG00000234206	n.1.1	0	ENSMUSG00000102062;ENSMUSG00000111171;ENSMUSG00000045008	1.1.1;n.1.1;n.1.1	0;0;169	one_to_many
ENSG00000170185	lncgDivg	ENSMUSG00000038250	lncgDivg	ENSG00000250326	n.1.1	228	ENSMUSG00000037982	n.n.1	0	one_to_one
ENSG00000081087	lncgDivg	ENSMUSG00000038280	lncgDivg	ENSG00000225174	n.1.1	0	ENSMUSG00000086434	1.1.1	0	one_to_one
ENSG00000070366	lncgDivg	ENSMUSG00000038290	lncgDivg	ENSG00000236838;ENSG00000262810;ENSG00000225084	1.1.1;1.1.1;1.1.1	0;0;0	ENSMUSG00000085765;ENSMUSG00000101295	1.1.1;1.1.1	0;0	many_to_many
ENSG00000196141	lncgDivg	ENSMUSG00000038305	lncgDivg	ENSG00000287299	n.n.1	0	ENSMUSG00000091283	1.1.1	0	one_to_one
ENSG00000178074	lncgDivg	ENSMUSG00000038323	lncgDivg	ENSG00000232732	n.n.n	134	ENSMUSG00000097519	n.1.1	100	one_to_one
ENSG00000119042	lncgDivg	ENSMUSG00000038331	lncgDivg	ENSG00000257045;ENSG00000225953	1.1.1;n.n.1	0;0	ENSMUSG00000087022	n.n.1	0	many_to_one
ENSG00000112699	lncgDivg	ENSMUSG00000038372	lncgDivg	ENSG00000285603;ENSG00000250903	1.1.1;n.1.1	0;113	ENSMUSG00000113935;ENSMUSG00000120974	1.1.1;1.1.1	0;0	many_to_many_strict
ENSG00000124225	lncgDivg	ENSMUSG00000038400	lncgDivg	ENSG00000278709	n.1.1	0	ENSMUSG00000087600	n.1.1	141	one_to_one
ENSG00000137273	lncgDivg	ENSMUSG00000038402	lncgDivg	ENSG00000261730	1.1.1	4510	ENSMUSG00000038408	n.n.n	24	one_to_one
ENSG00000275023	lncgDivg	ENSMUSG00000038437	lncgDivg	ENSG00000275532;ENSG00000275665	1.1.1;1.1.1	0;0	ENSMUSG00000085586	n.1.1	3047	many_to_one
ENSG00000146966	lncgDivg	ENSMUSG00000038456	lncgDivg	ENSG00000285904	1.1.1	0	ENSMUSG00000085058	n.1.1	0	one_to_one
ENSG00000136379	lncgDivg	ENSMUSG00000038459	lncgDivg	ENSG00000271983	1.1.1	0	ENSMUSG00000097016	n.1.1	247	one_to_one
ENSG00000139835	lncgDivg	ENSMUSG00000038515	lncgDivg	ENSG00000225083	n.n.1	0	ENSMUSG00000099338	n.1.1	100	one_to_one
ENSG00000140598	lncgDivg	ENSMUSG00000038563	lncgDivg	ENSG00000289704;ENSG00000285974	1.1.1;1.1.1	0;0	ENSMUSG00000086690	1.1.1	0	many_to_one
ENSG00000111860	lncgDivg	ENSMUSG00000038594	lncgDivg	ENSG00000286339	1.1.1	0	ENSMUSG00000112709	1.1.1	0	one_to_one
ENSG00000082641	lncgDivg	ENSMUSG00000038615	lncgDivg	ENSG00000263412;ENSG00000266341	n.1.1;1.1.1	222;0	ENSMUSG00000120186	1.1.1	216	many_to_one
ENSG00000136404	lncgDivg	ENSMUSG00000038623	lncgDivg	ENSG00000286872	n.n.1	0	ENSMUSG00000109110	1.1.1	0	one_to_one
ENSG00000182158	lncgDivg	ENSMUSG00000038648	lncgDivg	ENSG00000237243	1.1.1	0	ENSMUSG00000120046	n.1.1	361	one_to_one
ENSG00000103657	lncgDivg	ENSMUSG00000038664	lncgDivg	ENSG00000259589	1.1.1	0	ENSMUSG00000100130	n.1.1	0	one_to_one
ENSG00000157680	lncgDivg	ENSMUSG00000038665	lncgDivg	ENSG00000289438	1.1.1	0	ENSMUSG00000029837	1.1.1	0	one_to_one
ENSG00000167081	lncgDivg	ENSMUSG00000038718	lncgDivg	ENSG00000229582	n.1.1	1605	ENSMUSG00000084908	1.1.1	0	one_to_one
ENSG00000157654	lncgDivg	ENSMUSG00000038729	lncgDivg	ENSG00000232939	1.1.1	0	ENSMUSG00000073846	1.1.1	0	one_to_one
ENSG00000136944	lncgDivg	ENSMUSG00000038765	lncgDivg	ENSG00000224842	n.1.1	1409	ENSMUSG00000052951	n.1.1	585	one_to_one
ENSG00000138083	lncgDivg	ENSMUSG00000038805	lncgDivg	ENSG00000259439;ENSG00000236502	n.1.1;n.n.1	14534;0	ENSMUSG00000099635;ENSMUSG00000093460	1.1.1;n.n.1	0;0	many_to_many_strict
ENSG00000136828	lncgDivg	ENSMUSG00000038831	lncgDivg	ENSG00000228487	n.n.1	0	ENSMUSG00000085087	1.1.1	0	one_to_one
ENSG00000143393	lncgDivg	ENSMUSG00000038861	lncgDivg	ENSG00000273481	1.1.1	234	ENSMUSG00000084846;ENSMUSG00000086288	n.1.1;n.1.1	0;0	one_to_many
ENSG00000141664	lncgDivg	ENSMUSG00000038866	lncgDivg	ENSG00000278017	1.1.1	0	ENSMUSG00000099843	n.1.1	109	one_to_one
ENSG00000140836	lncgDivg	ENSMUSG00000038872	lncgDivg	ENSG00000258779;ENSG00000259817;ENSG00000261227;ENSG00000284675;ENSG00000260880;ENSG00000260848;ENSG00000283457;ENSG00000271009;ENSG00000259209	n.1.1;1.1.1;n.1.1;1.1.1;n.n.1;n.1.1;n.1.1;1.1.1;n.1.1	0;0;0;0;0;0;0;0;0	ENSMUSG00000093697;ENSMUSG00000109868;ENSMUSG00000110613;ENSMUSG00000120938	1.1.1;n.1.1;1.1.1;1.1.1	0;0;0;0	many_to_many
ENSG00000185950	lncgDivg	ENSMUSG00000038894	lncgDivg	ENSG00000275741	1.1.1	0	ENSMUSG00000096938	n.n.1	0	one_to_one
ENSG00000101187	lncgDivg	ENSMUSG00000038963	lncgDivg	ENSG00000167046;ENSG00000276317;ENSG00000232803;ENSG00000277496	1.1.1;1.1.1;n.1.1;1.1.1	0;0;0;0	ENSMUSG00000121267	1.1.1	100	many_to_one
ENSG00000005882	lncgDivg	ENSMUSG00000038967	lncgDivg	ENSG00000250282;ENSG00000275025	1.1.1;1.1.1	0;0	ENSMUSG00000087630	1.1.1	0	many_to_one
ENSG00000154007	lncgDivg	ENSMUSG00000038997	lncgDivg	ENSG00000225605	n.n.n	0	ENSMUSG00000086438	n.n.1	0	one_to_one
ENSG00000148429	lncgDivg	ENSMUSG00000039046	lncgDivg	ENSG00000271360	1.1.1	0	ENSMUSG00000085716	1.1.1	0	one_to_one
ENSG00000154027	lncgDivg	ENSMUSG00000039058	lncgDivg	ENSG00000233099;ENSG00000287647	1.1.1;1.1.1	0;0	ENSMUSG00000097745	1.1.1	0	many_to_one
ENSG00000130699	lncgDivg	ENSMUSG00000039117	lncgDivg	ENSG00000283078	1.1.1	949	ENSMUSG00000085704	n.n.1	0	one_to_one
ENSG00000137960	lncgDivg	ENSMUSG00000039131	lncgDivg	ENSG00000285928;ENSG00000273338	1.1.1;1.1.1	0;0	ENSMUSG00000105698	n.1.1	0	many_to_one
ENSG00000124813	lncgDivg	ENSMUSG00000039153	lncgDivg	ENSG00000271857;ENSG00000261080	1.1.1;1.1.1	0;0	ENSMUSG00000089849;ENSMUSG00000073394;ENSMUSG00000090048	1.1.1;1.1.1;1.1.1	0;0;0	many_to_many
ENSG00000166669	lncgDivg	ENSMUSG00000039200	lncgDivg	ENSG00000260756	1.1.1	0	ENSMUSG00000115943	1.1.1	0	one_to_one
ENSG00000140526	lncgDivg	ENSMUSG00000039202	lncgDivg	ENSG00000261407	n.n.1	0	ENSMUSG00000108387	n.1.1	164	one_to_one
ENSG00000092969	lncgDivg	ENSMUSG00000039239	lncgDivg	ENSG00000232480	n.1.1	0	ENSMUSG00000100393	1.1.1	0	one_to_one
ENSG00000187135	lncgDivg	ENSMUSG00000039257	lncgDivg	ENSG00000266248;ENSG00000264515	1.1.1;n.n.n	0;242	ENSMUSG00000100600	n.n.1	0	many_to_one
ENSG00000109684	lncgDivg	ENSMUSG00000039315	lncgDivg	ENSG00000249334	1.1.1	235	ENSMUSG00000079528	n.1.1	0	one_to_one
ENSG00000131378	lncgDivg	ENSMUSG00000039316	lncgDivg	ENSG00000287377;ENSG00000288050;ENSG00000272529	1.1.1;1.1.1;1.1.1	0;0;0	ENSMUSG00000117117	1.1.1	0	many_to_one
ENSG00000171130	lncgDivg	ENSMUSG00000039347	lncgDivg	ENSG00000273293;ENSG00000204934	1.1.1;n.1.1	0;0	ENSMUSG00000097716	1.1.1	141	many_to_one
ENSG00000136630	lncgDivg	ENSMUSG00000039377	lncgDivg	ENSG00000257551	1.1.1	0	ENSMUSG00000120661;ENSMUSG00000102158	1.1.1;1.1.1	156;4358	one_to_many
ENSG00000150687	lncgDivg	ENSMUSG00000039405	lncgDivg	ENSG00000255471	n.1.1	0	ENSMUSG00000030623	n.1.1	0	one_to_one
ENSG00000142611	lncgDivg	ENSMUSG00000039410	lncgDivg	ENSG00000286518;ENSG00000272235;ENSG00000287828;ENSG00000177133;ENSG00000226286	1.1.1;1.1.1;1.1.1;n.1.1;1.1.1	0;0;0;1399;0	ENSMUSG00000084987;ENSMUSG00000086565;ENSMUSG00000120023;ENSMUSG00000097871;ENSMUSG00000085069	n.1.1;1.1.1;1.1.1;1.1.1;1.1.1	0;0;8;0;703	many_to_many_strict
ENSG00000159256	lncgDivg	ENSMUSG00000039456	lncgDivg	ENSG00000273199	1.1.1	0	ENSMUSG00000116927	1.1.1	0	one_to_one
ENSG00000182095	lncgDivg	ENSMUSG00000039477	lncgDivg	ENSG00000272953;ENSG00000241269;ENSG00000290091;ENSG00000188365	1.1.1;1.1.1;1.1.1;1.1.1	300;0;0;0	ENSMUSG00000119945;ENSMUSG00000120304;ENSMUSG00000119979	1.1.1;1.1.1;1.1.1	223;4879;4125	many_to_many
ENSG00000124201	lncgDivg	ENSMUSG00000039501	lncgDivg	ENSG00000177410	n.n.n	0	ENSMUSG00000074578	n.n.1	0	one_to_one
ENSG00000185053	lncgDivg	ENSMUSG00000039539	lncgDivg	ENSG00000254575	1.1.1	0	ENSMUSG00000110236	1.1.1	0	one_to_one
ENSG00000149294	lncgDivg	ENSMUSG00000039542	lncgDivg	ENSG00000227487;ENSG00000247416	n.1.1;n.1.1	0;0	ENSMUSG00000079564	n.1.1	0	many_to_one
ENSG00000184305	lncgDivg	ENSMUSG00000039578	lncgDivg	ENSG00000248984;ENSG00000249049	1.1.1;1.1.1	0;0	ENSMUSG00000097924	n.n.1	0	many_to_one
ENSG00000144642	lncgDivg	ENSMUSG00000039607	lncgDivg	ENSG00000203506;ENSG00000235593;ENSG00000235904	n.1.n;1.1.1;n.n.n	0;0;0	ENSMUSG00000079669	n.1.1	0	many_to_one
ENSG00000124126	lncgDivg	ENSMUSG00000039621	lncgDivg	ENSG00000286159	1.1.1	0	ENSMUSG00000120902	1.1.1	234	one_to_one
ENSG00000101040	lncgDivg	ENSMUSG00000039671	lncgDivg	ENSG00000289848;ENSG00000267882;ENSG00000289329;ENSG00000231119	1.1.1;1.1.1;1.1.1;1.1.1	1001;0;0;0	ENSMUSG00000086820;ENSMUSG00000085274	1.1.1;1.1.1	0;0	many_to_many
ENSG00000146555	lncgDivg	ENSMUSG00000039683	lncgDivg	ENSG00000283991;ENSG00000236510;ENSG00000236708	1.1.1;1.1.1;1.1.1	0;0;0	ENSMUSG00000085540;ENSMUSG00000084934	1.1.1;n.n.1	0;0	many_to_many
ENSG00000169744	lncgDivg	ENSMUSG00000039706	lncgDivg	ENSG00000287081	1.1.1	0	ENSMUSG00000104894	n.1.1	0	one_to_one
ENSG00000266074	lncgDivg	ENSMUSG00000039741	lncgDivg	ENSG00000263271	1.1.1	0	ENSMUSG00000043993;ENSMUSG00000085501	n.1.1;1.1.1	1309;0	one_to_many
ENSG00000137449	lncgDivg	ENSMUSG00000039782	lncgDivg	ENSG00000247624	n.1.1	436	ENSMUSG00000085720;ENSMUSG00000120663	n.n.1;1.1.1	0;352	one_to_many
ENSG00000196465	lncgDivg	ENSMUSG00000039824	lncgDivg	ENSG00000257809	1.1.1	0	ENSMUSG00000119994	n.1.1	255	one_to_one
ENSG00000147316	lncgDivg	ENSMUSG00000039842	lncgDivg	ENSG00000288076;ENSG00000271743;ENSG00000246089	1.1.1;1.1.1;n.n.1	0;0;0	ENSMUSG00000087300	1.1.1	0	many_to_one
ENSG00000142599	lncgDivg	ENSMUSG00000039852	lncgDivg	ENSG00000232912	n.1.1	0	ENSMUSG00000085213	n.1.1	0	one_to_one
ENSG00000172339	lncgDivg	ENSMUSG00000039887	lncgDivg	ENSG00000230427	1.1.1	0	ENSMUSG00000120588	1.1.1	165	one_to_one
ENSG00000164440	lncgDivg	ENSMUSG00000039891	lncgDivg	ENSG00000226571	n.n.n	0	ENSMUSG00000093672	n.n.1	0	one_to_one
ENSG00000101349	lncgDivg	ENSMUSG00000039913	lncgDivg	ENSG00000286740;ENSG00000286470;ENSG00000232738	1.1.1;1.1.1;1.1.1	0;0;0	ENSMUSG00000085383	1.1.1	0	many_to_one
ENSG00000187257	lncgDivg	ENSMUSG00000039968	lncgDivg	ENSG00000214293	n.1.1	169	ENSMUSG00000101013	1.1.1	0	one_to_one
ENSG00000167291	lncgDivg	ENSMUSG00000039976	lncgDivg	ENSG00000275516;ENSG00000261978	1.1.1;n.1.1	0;0	ENSMUSG00000087404	1.1.1	0	many_to_one
ENSG00000139146	lncgDivg	ENSMUSG00000039985	lncgDivg	ENSG00000177340	1.1.1	0	ENSMUSG00000085355	n.1.1	0	one_to_one
ENSG00000187391	lncgDivg	ENSMUSG00000040003	lncgDivg	ENSG00000234456;ENSG00000226978;ENSG00000281120;ENSG00000251276	n.n.1;1.1.1;1.1.1;1.1.1	0;0;0;0	ENSMUSG00000097626	n.1.1	316	many_to_one
ENSG00000055211	lncgDivg	ENSMUSG00000040006	lncgDivg	ENSG00000281021	1.1.1	0	ENSMUSG00000085211	n.1.1	0	one_to_one
ENSG00000107560	lncgDivg	ENSMUSG00000040022	lncgDivg	ENSG00000177640;ENSG00000231104	n.n.n;n.n.1	0;0	ENSMUSG00000091378	1.1.1	68	many_to_one
ENSG00000172260	lncgDivg	ENSMUSG00000040037	lncgDivg	ENSG00000231985;ENSG00000286863	1.1.1;n.1.1	0;631	ENSMUSG00000086708;ENSMUSG00000085084	1.1.1;n.1.1	0;119	many_to_many_strict
ENSG00000032742	lncgDivg	ENSMUSG00000040040	lncgDivg	ENSG00000277020	n.1.1	303	ENSMUSG00000086486	1.1.1	0	one_to_one
ENSG00000153956	lncgDivg	ENSMUSG00000040118	lncgDivg	ENSG00000223770	n.n.1	0	ENSMUSG00000096936;ENSMUSG00000104886	1.1.1;1.1.1	1285;0	one_to_many
ENSG00000132950	lncgDivg	ENSMUSG00000040123	lncgDivg	ENSG00000223576;ENSG00000275964	1.1.1;1.1.1	0;189	ENSMUSG00000100017	1.1.1	273	many_to_one
ENSG00000166073	lncgDivg	ENSMUSG00000040133	lncgDivg	ENSG00000246863	n.1.1	776	ENSMUSG00000085889	1.1.1	0	one_to_one
ENSG00000006071	lncgDivg	ENSMUSG00000040136	lncgDivg	ENSG00000287898	n.n.1	0	ENSMUSG00000110240	1.1.1	0	one_to_one
ENSG00000137801	lncgDivg	ENSMUSG00000040152	lncgDivg	ENSG00000278621	1.1.1	0	ENSMUSG00000101859;ENSMUSG00000087203	1.1.1;n.1.1	0;674	one_to_many
ENSG00000123384	lncgDivg	ENSMUSG00000040249	lncgDivg	ENSG00000259125	n.n.1	0	ENSMUSG00000120065;ENSMUSG00000086499	1.1.1;1.1.1	170;0	one_to_many
ENSG00000197959	lncgDivg	ENSMUSG00000040265	lncgDivg	ENSG00000230630;ENSG00000287336	n.1.1;1.1.1	0;0	ENSMUSG00000090260;ENSMUSG00000078190	n.1.1;n.1.1	0;0	many_to_many_strict
ENSG00000112182	lncgDivg	ENSMUSG00000040270	lncgDivg	ENSG00000226455;ENSG00000260271;ENSG00000287789	n.n.1;n.n.1;1.1.1	0;0;0	ENSMUSG00000086150	n.n.1	0	many_to_one
ENSG00000105810	lncgDivg	ENSMUSG00000040274	lncgDivg	ENSG00000286742;ENSG00000237819	n.1.1;n.n.1	0;0	ENSMUSG00000106588;ENSMUSG00000105534	n.n.1;1.1.1	0;0	many_to_many_strict
ENSG00000186073	lncgDivg	ENSMUSG00000040282	lncgDivg	ENSG00000261191	1.1.1	0	ENSMUSG00000086735	1.1.1	161	one_to_one
ENSG00000085491	lncgDivg	ENSMUSG00000040322	lncgDivg	ENSG00000260879	1.1.1	0	ENSMUSG00000105139	n.1.1	254	one_to_one
ENSG00000104432	lncgDivg	ENSMUSG00000040329	lncgDivg	ENSG00000285744	1.1.1	0	ENSMUSG00000097804	1.1.1	0	one_to_one
ENSG00000183337	lncgDivg	ENSMUSG00000040363	lncgDivg	ENSG00000288856	1.1.1	0	ENSMUSG00000121006	1.1.1	0	one_to_one
ENSG00000155287	lncgDivg	ENSMUSG00000040414	lncgDivg	ENSG00000260475	1.1.1	0	ENSMUSG00000117698	n.1.1	252	one_to_one
ENSG00000145526	lncgDivg	ENSMUSG00000040420	lncgDivg	ENSG00000249854	n.1.1	0	ENSMUSG00000115560	1.1.1	0	one_to_one
ENSG00000198964	lncgDivg	ENSMUSG00000040451	lncgDivg	ENSG00000286401;ENSG00000225303;ENSG00000226200	1.1.1;1.1.1;n.1.1	0;0;0	ENSMUSG00000097787	n.1.1	0	many_to_one
ENSG00000123119	lncgDivg	ENSMUSG00000040536	lncgDivg	ENSG00000289502;ENSG00000254251	1.1.1;1.1.1	0;0	ENSMUSG00000087241	n.1.1	0	many_to_one
ENSG00000091157	lncgDivg	ENSMUSG00000040560	lncgDivg	ENSG00000267146	1.1.1	0	ENSMUSG00000117977	1.1.1	0	one_to_one
ENSG00000189337	lncgDivg	ENSMUSG00000040606	lncgDivg	ENSG00000231606;ENSG00000287756;ENSG00000234593	n.1.1;1.1.1;n.1.1	0;0;0	ENSMUSG00000087525	1.1.1	0	many_to_one
ENSG00000171729	lncgDivg	ENSMUSG00000040616	lncgDivg	ENSG00000204464	n.1.1	0	ENSMUSG00000073728	n.n.1	0	one_to_one
ENSG00000187672	lncgDivg	ENSMUSG00000040640	lncgDivg	ENSG00000240777	1.1.1	0	ENSMUSG00000109849	1.1.1	0	one_to_one
ENSG00000142634	lncgDivg	ENSMUSG00000040659	lncgDivg	ENSG00000228140	n.1.1	2006	ENSMUSG00000100396	1.1.1	787	one_to_one
ENSG00000113532	lncgDivg	ENSMUSG00000040710	lncgDivg	ENSG00000289912	1.1.1	112	ENSMUSG00000121039	1.1.1	127	one_to_one
ENSG00000164944	lncgDivg	ENSMUSG00000040720	lncgDivg	ENSG00000254315;ENSG00000253704	1.1.1;n.1.1	0;139	ENSMUSG00000086625	1.1.1	0	many_to_one
ENSG00000159267	lncgDivg	ENSMUSG00000040820	lncgDivg	ENSG00000224790	n.1.1	0	ENSMUSG00000115246	1.1.1	0	one_to_one
ENSG00000114933	lncgDivg	ENSMUSG00000040865	lncgDivg	ENSG00000227946	n.n.1	0	ENSMUSG00000101599	1.1.1	2428	one_to_one
ENSG00000144645	lncgDivg	ENSMUSG00000040875	lncgDivg	ENSG00000232490	n.n.1	0	ENSMUSG00000098127;ENSMUSG00000098191	1.1.1;1.1.1	0;0	one_to_many
ENSG00000171385	lncgDivg	ENSMUSG00000040896	lncgDivg	ENSG00000237556;ENSG00000231437	n.1.1;n.1.1	0;102	ENSMUSG00000074346	n.n.1	0	many_to_one
ENSG00000080298	lncgDivg	ENSMUSG00000040929	lncgDivg	ENSG00000232104;ENSG00000288963	n.1.1;1.1.1	455;68	ENSMUSG00000092182	1.1.1	0	many_to_one
ENSG00000168769	lncgDivg	ENSMUSG00000040943	lncgDivg	ENSG00000251586	1.1.1	0	ENSMUSG00000105085	1.1.1	0	one_to_one
ENSG00000134508	lncgDivg	ENSMUSG00000040957	lncgDivg	ENSG00000266495	1.1.1	0	ENSMUSG00000097440	n.1.1	0	one_to_one
ENSG00000117154	lncgDivg	ENSMUSG00000040972	lncgDivg	ENSG00000230035	1.1.1	0	ENSMUSG00000086164;ENSMUSG00000085968	1.1.1;1.1.1	0;0	one_to_many
ENSG00000185737	lncgDivg	ENSMUSG00000041014	lncgDivg	ENSG00000229458;ENSG00000287358;ENSG00000225738;ENSG00000285739	1.1.1;1.1.1;n.n.1;1.1.1	0;61;0;0	ENSMUSG00000093556;ENSMUSG00000093383;ENSMUSG00000093528	1.1.1;1.1.1;1.1.1	0;0;0	many_to_many
ENSG00000155849	lncgDivg	ENSMUSG00000041112	lncgDivg	ENSG00000224101	1.1.1	0	ENSMUSG00000113313	1.1.1	0	one_to_one
ENSG00000160191	lncgDivg	ENSMUSG00000041119	lncgDivg	ENSG00000235023;ENSG00000225731	1.1.1;1.1.1	2377;0	ENSMUSG00000118081;ENSMUSG00000118157	n.1.1;1.1.1	0;0	many_to_many_strict
ENSG00000104312	lncgDivg	ENSMUSG00000041135	lncgDivg	ENSG00000251136	n.n.1	0	ENSMUSG00000085112	n.1.1	417	one_to_one
ENSG00000177182	lncgDivg	ENSMUSG00000041216	lncgDivg	ENSG00000253711;ENSG00000254222	n.n.1;1.1.1	0;0	ENSMUSG00000087564;ENSMUSG00000086233	1.1.1;n.1.1	0;0	many_to_many_strict
ENSG00000170522	lncgDivg	ENSMUSG00000041220	lncgDivg	ENSG00000288913	1.1.1	0	ENSMUSG00000105837	n.n.1	0	one_to_one
ENSG00000101773	lncgDivg	ENSMUSG00000041238	lncgDivg	ENSG00000273232;ENSG00000265943	1.1.1;1.1.1	0;0	ENSMUSG00000117634	1.1.1	0	many_to_one
ENSG00000130856	lncgDivg	ENSMUSG00000041258	lncgDivg	ENSG00000264278	1.1.1	262	ENSMUSG00000118012	1.1.1	1404	one_to_one
ENSG00000198846	lncgDivg	ENSMUSG00000041272	lncgDivg	ENSG00000167912	n.n.1	0	ENSMUSG00000086052	1.1.1	0	one_to_one
ENSG00000001626	lncgDivg	ENSMUSG00000041301	lncgDivg	ENSG00000083622;ENSG00000232661;ENSG00000286390	1.1.1;1.1.1;1.1.1	0;0;0	ENSMUSG00000087389	1.1.1	0	many_to_one
ENSG00000062650	lncgDivg	ENSMUSG00000041408	lncgDivg	ENSG00000227896	1.1.1	153	ENSMUSG00000115007	1.1.1	143	one_to_one
ENSG00000100697	lncgDivg	ENSMUSG00000041415	lncgDivg	ENSG00000235706	n.n.n	0	ENSMUSG00000120051	1.1.1	202	one_to_one
ENSG00000148019	lncgDivg	ENSMUSG00000041491	lncgDivg	ENSG00000289440	n.1.1	42	ENSMUSG00000097557	n.1.1	86	one_to_one
ENSG00000134532	lncgDivg	ENSMUSG00000041540	lncgDivg	ENSG00000256473;ENSG00000256120	1.1.1;n.1.1	0;0	ENSMUSG00000086282;ENSMUSG00000087157;ENSMUSG00000085785;ENSMUSG00000086731;ENSMUSG00000087302	1.1.1;1.1.1;n.1.1;1.1.1;1.1.1	0;0;0;0;0	many_to_many
ENSG00000069188	lncgDivg	ENSMUSG00000041592	lncgDivg	ENSG00000264750;ENSG00000264985	1.1.1;n.1.1	0;0	ENSMUSG00000121049	1.1.1	0	many_to_one
ENSG00000125247	lncgDivg	ENSMUSG00000041594	lncgDivg	ENSG00000289594	1.1.1	0	ENSMUSG00000085423	1.1.1	0	one_to_one
ENSG00000134864	lncgDivg	ENSMUSG00000041625	lncgDivg	ENSG00000280169	1.1.1	0	ENSMUSG00000075463	n.1.1	0	one_to_one
ENSG00000116852	lncgDivg	ENSMUSG00000041642	lncgDivg	ENSG00000229191	n.1.1	235	ENSMUSG00000086264	n.1.1	155	one_to_one
ENSG00000157107	lncgDivg	ENSMUSG00000041685	lncgDivg	ENSG00000272081;ENSG00000271926	1.1.1;1.1.1	342;1767	ENSMUSG00000114458	1.1.1	0	many_to_one
ENSG00000123700	lncgDivg	ENSMUSG00000041695	lncgDivg	ENSG00000267365	1.1.1	0	ENSMUSG00000120247	1.1.1	143	one_to_one
ENSG00000151715	lncgDivg	ENSMUSG00000041737	lncgDivg	ENSG00000287426	1.1.1	1158	ENSMUSG00000111655	n.n.1	0	one_to_one
ENSG00000172572	lncgDivg	ENSMUSG00000041741	lncgDivg	ENSG00000256879	1.1.1	0	ENSMUSG00000100707	1.1.1	0	one_to_one
ENSG00000143850	lncgDivg	ENSMUSG00000041757	lncgDivg	ENSG00000231691	n.n.1	0	ENSMUSG00000101693	n.n.1	0	one_to_one
ENSG00000163328	lncgDivg	ENSMUSG00000041762	lncgDivg	ENSG00000226853	n.1.1	286	ENSMUSG00000087176;ENSMUSG00000086546;ENSMUSG00000085519	1.1.1;1.1.1;1.1.1	398;0;0	one_to_many
ENSG00000134900	lncgDivg	ENSMUSG00000041763	lncgDivg	ENSG00000276957	1.1.1	3085	ENSMUSG00000120105	1.1.1	0	one_to_one
ENSG00000134882	lncgDivg	ENSMUSG00000041765	lncgDivg	ENSG00000228889	n.1.1	17	ENSMUSG00000102112	n.n.1	0	one_to_one
ENSG00000065308	lncgDivg	ENSMUSG00000041779	lncgDivg	ENSG00000225791	n.n.1	0	ENSMUSG00000099971	1.1.1	885	one_to_one
ENSG00000132334	lncgDivg	ENSMUSG00000041836	lncgDivg	ENSG00000287427;ENSG00000232259	1.1.1;1.1.1	0;0	ENSMUSG00000097471	n.n.1	0	many_to_one
ENSG00000182134	lncgDivg	ENSMUSG00000041912	lncgDivg	ENSG00000203288	n.1.1	0	ENSMUSG00000097515	1.1.1	354	one_to_one
ENSG00000133069	lncgDivg	ENSMUSG00000042066	lncgDivg	ENSG00000225063	1.1.1	0	ENSMUSG00000090079	1.1.1	0	one_to_one
ENSG00000006695	lncgDivg	ENSMUSG00000042148	lncgDivg	ENSG00000236088	n.n.1	0	ENSMUSG00000084884;ENSMUSG00000087497;ENSMUSG00000121102;ENSMUSG00000086359	1.1.1;n.n.1;1.1.1;1.1.1	0;0;0;0	one_to_many
ENSG00000065491	lncgDivg	ENSMUSG00000042203	lncgDivg	ENSG00000286672	n.1.1	0	ENSMUSG00000089900	n.n.1	0	one_to_one
ENSG00000117139	lncgDivg	ENSMUSG00000042207	lncgDivg	ENSG00000228288	n.1.1	2363	ENSMUSG00000120829	1.1.1	3146	one_to_one
ENSG00000152684	lncgDivg	ENSMUSG00000042275	lncgDivg	ENSG00000248898	n.n.n	0	ENSMUSG00000114255	1.1.1	0	one_to_one
ENSG00000196588	lncgDivg	ENSMUSG00000042292	lncgDivg	ENSG00000272834;ENSG00000232564	1.1.1;1.1.1	0;0	ENSMUSG00000047938	n.1.1	17	many_to_one
ENSG00000100359	lncgDivg	ENSMUSG00000042303	lncgDivg	ENSG00000229999	n.n.n	0	ENSMUSG00000115976	1.1.1	0	one_to_one
ENSG00000185305	lncgDivg	ENSMUSG00000042348	lncgDivg	ENSG00000249069;ENSG00000287087;ENSG00000288957	n.n.n;1.1.1;1.1.1	10330;0;129	ENSMUSG00000114213	1.1.1	0	many_to_one
ENSG00000143614	lncgDivg	ENSMUSG00000042390	lncgDivg	ENSG00000291199	n.1.1	0	ENSMUSG00000105350	1.1.1	0	one_to_one
ENSG00000147234	lncgDivg	ENSMUSG00000042425	lncgDivg	ENSG00000227610	1.1.1	0	ENSMUSG00000120773	1.1.1	0	one_to_one
ENSG00000128923	lncgDivg	ENSMUSG00000042444	lncgDivg	ENSG00000245975	1.1.1	218	ENSMUSG00000074213	n.1.1	0	one_to_one
ENSG00000170325	lncgDivg	ENSMUSG00000042496	lncgDivg	ENSG00000233220	1.1.1	103	ENSMUSG00000111246	1.1.1	0	one_to_one
ENSG00000156030	lncgDivg	ENSMUSG00000042507	lncgDivg	ENSG00000259065	n.1.1	0	ENSMUSG00000113052;ENSMUSG00000120949	1.1.1;1.1.1	0;0	one_to_many
ENSG00000197705	lncgDivg	ENSMUSG00000042514	lncgDivg	ENSG00000228835	1.1.1	0	ENSMUSG00000043168	n.n.1	0	one_to_one
ENSG00000100242	lncgDivg	ENSMUSG00000042524	lncgDivg	ENSG00000244491;ENSG00000273076;ENSG00000225450;ENSG00000230149;ENSG00000272669	1.1.1;1.1.1;1.1.1;1.1.1;1.1.1	0;0;0;0;0	ENSMUSG00000089796;ENSMUSG00000087543	1.1.1;1.1.1	0;162	many_to_many
ENSG00000160714	lncgDivg	ENSMUSG00000042572	lncgDivg	ENSG00000229780	1.1.1	0	ENSMUSG00000042579	n.1.1	316	one_to_one
ENSG00000006459	lncgDivg	ENSMUSG00000042599	lncgDivg	ENSG00000260231	1.1.1	201	ENSMUSG00000115026	1.1.1	279	one_to_one
ENSG00000204842	lncgDivg	ENSMUSG00000042605	lncgDivg	ENSG00000258099	1.1.1	0	ENSMUSG00000089729;ENSMUSG00000120053	1.1.1;1.1.1	0;0	one_to_many
ENSG00000184381	lncgDivg	ENSMUSG00000042632	lncgDivg	ENSG00000279080	1.1.1	0	ENSMUSG00000092494	1.1.1	0	one_to_one
ENSG00000069956	lncgDivg	ENSMUSG00000042688	lncgDivg	ENSG00000274528;ENSG00000259438	1.1.1;1.1.1	0;0	ENSMUSG00000097021	n.1.1	179	many_to_one
ENSG00000197555	lncgDivg	ENSMUSG00000042700	lncgDivg	ENSG00000259146;ENSG00000285612;ENSG00000285518	n.n.1;1.1.1;1.1.1	0;0;0	ENSMUSG00000113746	1.1.1	215	many_to_one
ENSG00000145781	lncgDivg	ENSMUSG00000042705	lncgDivg	ENSG00000250015;ENSG00000271918	1.1.1;1.1.1	0;0	ENSMUSG00000117588	1.1.1	136	many_to_one
ENSG00000006432	lncgDivg	ENSMUSG00000042724	lncgDivg	ENSG00000259153	n.n.1	0	ENSMUSG00000113303	1.1.1	183	one_to_one
ENSG00000173064	lncgDivg	ENSMUSG00000042744	lncgDivg	ENSG00000257494	1.1.1	0	ENSMUSG00000120570	1.1.1	0	one_to_one
ENSG00000157064	lncgDivg	ENSMUSG00000042751	lncgDivg	ENSG00000287929;ENSG00000286372	1.1.1;1.1.1	0;0	ENSMUSG00000099969	1.1.1	0	many_to_one
ENSG00000144868	lncgDivg	ENSMUSG00000042757	lncgDivg	ENSG00000249725;ENSG00000251011	1.1.1;n.1.1	1339;0	ENSMUSG00000120691;ENSMUSG00000099616;ENSMUSG00000111278	n.1.1;1.1.1;1.1.1	0;0;0	many_to_many
ENSG00000013583	lncgDivg	ENSMUSG00000042770	lncgDivg	ENSG00000255621	1.1.1	186	ENSMUSG00000108239	1.1.1	0	one_to_one
ENSG00000103241	lncgDivg	ENSMUSG00000042812	lncgDivg	ENSG00000268388	n.1.1	11942	ENSMUSG00000097336	n.1.1	1276	one_to_one
ENSG00000134986	lncgDivg	ENSMUSG00000042834	lncgDivg	ENSG00000250095	n.n.1	0	ENSMUSG00000118292	n.1.1	134	one_to_one
ENSG00000100284	lncgDivg	ENSMUSG00000042870	lncgDivg	ENSG00000273176	1.1.1	0	ENSMUSG00000110433	1.1.1	0	one_to_one
ENSG00000164318	lncgDivg	ENSMUSG00000042961	lncgDivg	ENSG00000248730;ENSG00000248572;ENSG00000249071;ENSG00000249491	1.1.1;n.1.1;1.1.1;1.1.1	0;0;0;0	ENSMUSG00000090199	1.1.1	0	many_to_one
ENSG00000188322	lncgDivg	ENSMUSG00000042978	lncgDivg	ENSG00000246465	1.1.1	0	ENSMUSG00000108676	1.1.1	624	one_to_one
ENSG00000165105	lncgDivg	ENSMUSG00000043003	lncgDivg	ENSG00000286451	1.1.1	221	ENSMUSG00000085034	1.1.1	252	one_to_one
ENSG00000162946	lncgDivg	ENSMUSG00000043051	lncgDivg	ENSG00000286071	n.n.1	0	ENSMUSG00000086694	1.1.1	0	one_to_one
ENSG00000173852	lncgDivg	ENSMUSG00000043067	lncgDivg	ENSG00000287249	1.1.1	0	ENSMUSG00000111365	n.1.1	309	one_to_one
ENSG00000214960	lncgDivg	ENSMUSG00000043153	lncgDivg	ENSG00000229688;ENSG00000272537	n.n.1;1.1.1	0;0	ENSMUSG00000091007	1.1.1	0	many_to_one
ENSG00000178307	lncgDivg	ENSMUSG00000043284	lncgDivg	ENSG00000235530	n.1.1	146	ENSMUSG00000120997	1.1.1	0	one_to_one
ENSG00000198597	lncgDivg	ENSMUSG00000043456	lncgDivg	ENSG00000267760;ENSG00000267223	1.1.1;1.1.1	0;0	ENSMUSG00000093540	1.1.1	0	many_to_one
ENSG00000166897	lncgDivg	ENSMUSG00000043460	lncgDivg	ENSG00000272694	1.1.1	0	ENSMUSG00000116260	1.1.1	0	one_to_one
ENSG00000255690	lncgDivg	ENSMUSG00000043496	lncgDivg	ENSG00000228421	1.1.1	0	ENSMUSG00000108255;ENSMUSG00000108175	n.n.1;1.1.1	0;0	one_to_many
ENSG00000108018	lncgDivg	ENSMUSG00000043531	lncgDivg	ENSG00000287047	1.1.1	0	ENSMUSG00000110007;ENSMUSG00000097446	n.1.1;1.1.1	0;0	one_to_many
ENSG00000183580	lncgDivg	ENSMUSG00000043556	lncgDivg	ENSG00000250250	n.1.1	0	ENSMUSG00000115433	1.1.1	0	one_to_one
ENSG00000187258	lncgDivg	ENSMUSG00000043659	lncgDivg	ENSG00000197085	n.n.1	0	ENSMUSG00000085969	1.1.1	0	one_to_one
ENSG00000174840	lncgDivg	ENSMUSG00000043702	lncgDivg	ENSG00000287502	1.1.1	220	ENSMUSG00000096052	1.1.1	64	one_to_one
ENSG00000163625	lncgDivg	ENSMUSG00000043940	lncgDivg	ENSG00000286189;ENSG00000251260;ENSG00000180769	1.1.1;1.1.1;n.n.1	3490;0;0	ENSMUSG00000106492;ENSMUSG00000092354	n.1.1;n.1.1	297;0	many_to_many
ENSG00000170370	lncgDivg	ENSMUSG00000043969	lncgDivg	ENSG00000229847	n.n.1	0	ENSMUSG00000087095	n.n.1	0	one_to_one
ENSG00000248905	lncgDivg	ENSMUSG00000044042	lncgDivg	ENSG00000289896	1.1.1	0	ENSMUSG00000087545;ENSMUSG00000087106;ENSMUSG00000085448;ENSMUSG00000084798	1.1.1;1.1.1;1.1.1;1.1.1	0;0;0;0	one_to_many
ENSG00000180053	lncgDivg	ENSMUSG00000044186	lncgDivg	ENSG00000253471	1.1.1	385	ENSMUSG00000092499	1.1.1	0	one_to_one
ENSG00000119919	lncgDivg	ENSMUSG00000044220	lncgDivg	ENSG00000257582	n.1.1	1765	ENSMUSG00000092250	1.1.1	1700	one_to_one
ENSG00000141447	lncgDivg	ENSMUSG00000044252	lncgDivg	ENSG00000264365;ENSG00000273321	1.1.1;1.1.1	0;4273	ENSMUSG00000117494	1.1.1	0	many_to_one
ENSG00000168772	lncgDivg	ENSMUSG00000044365	lncgDivg	ENSG00000245384	n.1.1	0	ENSMUSG00000097911	n.1.1	0	one_to_one
ENSG00000183508	lncgDivg	ENSMUSG00000044468	lncgDivg	ENSG00000236866	n.1.1	278	ENSMUSG00000053957	n.1.1	165	one_to_one
ENSG00000156639	lncgDivg	ENSMUSG00000044477	lncgDivg	ENSG00000225945	1.1.1	509	ENSMUSG00000117371	n.1.1	103	one_to_one
ENSG00000140988	lncgDivg	ENSMUSG00000044533	lncgDivg	ENSG00000255198	n.1.1	193	ENSMUSG00000090101	1.1.1	0	one_to_one
ENSG00000184828	lncgDivg	ENSMUSG00000044646	lncgDivg	ENSG00000286583	1.1.1	0	ENSMUSG00000118311;ENSMUSG00000117797	1.1.1;1.1.1	0;0	one_to_many
ENSG00000177807	lncgDivg	ENSMUSG00000044708	lncgDivg	ENSG00000225279	n.1.1	0	ENSMUSG00000120194	1.1.1	136	one_to_one
ENSG00000139973	lncgDivg	ENSMUSG00000044912	lncgDivg	ENSG00000258842	1.1.1	0	ENSMUSG00000100192	1.1.1	0	one_to_one
ENSG00000184897	lncgDivg	ENSMUSG00000044927	lncgDivg	ENSG00000206417	n.n.1	0	ENSMUSG00000084950	n.n.n	0	one_to_one
ENSG00000171132	lncgDivg	ENSMUSG00000045038	lncgDivg	ENSG00000231336;ENSG00000232696;ENSG00000228481	1.1.1;1.1.1;1.1.1	0;0;0	ENSMUSG00000071036;ENSMUSG00000100738;ENSMUSG00000120162;ENSMUSG00000121124	1.1.1;1.1.1;n.1.1;1.1.1	0;0;271;0	many_to_many
ENSG00000174482	lncgDivg	ENSMUSG00000045083	lncgDivg	ENSG00000287551;ENSG00000287038	1.1.1;n.1.1	0;698	ENSMUSG00000084898	n.1.1	1135	many_to_one
ENSG00000170989	lncgDivg	ENSMUSG00000045092	lncgDivg	ENSG00000225938	n.1.1	241	ENSMUSG00000052769	1.1.1	66	one_to_one
ENSG00000130997	lncgDivg	ENSMUSG00000045102	lncgDivg	ENSG00000250623	1.1.1	0	ENSMUSG00000106902	1.1.1	0	one_to_one
ENSG00000137285	lncgDivg	ENSMUSG00000045136	lncgDivg	ENSG00000288840	1.1.1	0	ENSMUSG00000120497;ENSMUSG00000113883	1.1.1;1.1.1	114;3394	one_to_many
ENSG00000178171	lncgDivg	ENSMUSG00000045174	lncgDivg	ENSG00000229797	n.1.1	0	ENSMUSG00000045815	n.n.1	0	one_to_one
ENSG00000179796	lncgDivg	ENSMUSG00000045201	lncgDivg	ENSG00000225386	1.1.1	0	ENSMUSG00000097547	n.n.1	0	one_to_one
ENSG00000186480	lncgDivg	ENSMUSG00000045294	lncgDivg	ENSG00000273117	1.1.1	235	ENSMUSG00000097673	n.1.1	15904	one_to_one
ENSG00000189410	lncgDivg	ENSMUSG00000045349	lncgDivg	ENSG00000233069	1.1.1	43	ENSMUSG00000120622	1.1.1	158	one_to_one
ENSG00000121966	lncgDivg	ENSMUSG00000045382	lncgDivg	ENSG00000289974	1.1.1	279	ENSMUSG00000121003	1.1.1	158	one_to_one
ENSG00000198914	lncgDivg	ENSMUSG00000045515	lncgDivg	ENSG00000233639	n.1.1	104	ENSMUSG00000060424	n.n.1	0	one_to_one
ENSG00000181195	lncgDivg	ENSMUSG00000045573	lncgDivg	ENSG00000254254	n.n.1	0	ENSMUSG00000085996	1.1.1	0	one_to_one
ENSG00000129422	lncgDivg	ENSMUSG00000045636	lncgDivg	ENSG00000253944;ENSG00000253168	1.1.1;1.1.1	251;0	ENSMUSG00000085672;ENSMUSG00000086773;ENSMUSG00000084960	1.1.1;1.1.1;n.n.1	0;0;0	many_to_many
ENSG00000162639	lncgDivg	ENSMUSG00000045662	lncgDivg	ENSG00000285923	1.1.1	7	ENSMUSG00000051638	n.1.1	0	one_to_one
ENSG00000140006	lncgDivg	ENSMUSG00000045690	lncgDivg	ENSG00000274015;ENSG00000258800	n.1.1;1.1.1	164;0	ENSMUSG00000120709	1.1.1	268	many_to_one
ENSG00000176788	lncgDivg	ENSMUSG00000045763	lncgDivg	ENSG00000215196;ENSG00000271892	n.n.1;1.1.1	0;0	ENSMUSG00000115729;ENSMUSG00000056089	n.1.1;n.1.1	1258;392	many_to_many_strict
ENSG00000152518	lncgDivg	ENSMUSG00000045817	lncgDivg	ENSG00000279873	1.1.1	604	ENSMUSG00000117393;ENSMUSG00000120263	n.1.1;1.1.1	0;663	one_to_many
ENSG00000169372	lncgDivg	ENSMUSG00000045867	lncgDivg	ENSG00000258274	n.1.1	0	ENSMUSG00000112593	1.1.1	0	one_to_one
ENSG00000151025	lncgDivg	ENSMUSG00000045967	lncgDivg	ENSG00000233642	1.1.1	0	ENSMUSG00000085680	1.1.1	0	one_to_one
ENSG00000109956	lncgDivg	ENSMUSG00000045994	lncgDivg	ENSG00000255545	n.1.1	24231	ENSMUSG00000110901	n.1.1	1867	one_to_one
ENSG00000185716	lncgDivg	ENSMUSG00000046096	lncgDivg	ENSG00000275445	1.1.1	0	ENSMUSG00000097343	n.1.1	48	one_to_one
ENSG00000133019	lncgDivg	ENSMUSG00000046159	lncgDivg	ENSG00000234601;ENSG00000233355	1.1.1;n.n.1	0;0	ENSMUSG00000097009	n.1.1	0	many_to_one
ENSG00000156535	lncgDivg	ENSMUSG00000046186	lncgDivg	ENSG00000231652	1.1.1	0	ENSMUSG00000091147	1.1.1	0	one_to_one
ENSG00000273820	lncgDivg	ENSMUSG00000046269	lncgDivg	ENSG00000234390	1.1.1	243	ENSMUSG00000087252	1.1.1	95	one_to_one
ENSG00000183287	lncgDivg	ENSMUSG00000046318	lncgDivg	ENSG00000267000;ENSG00000267774;ENSG00000267061;ENSG00000267269;ENSG00000273664	1.1.1;1.1.1;1.1.1;1.1.1;1.1.1	0;0;0;0;2861	ENSMUSG00000085055	n.1.1	0	many_to_one
ENSG00000122254	lncgDivg	ENSMUSG00000046321	lncgDivg	ENSG00000283213	n.1.1	482	ENSMUSG00000108351	1.1.1	0	one_to_one
ENSG00000180801	lncgDivg	ENSMUSG00000046561	lncgDivg	ENSG00000249304	1.1.1	0	ENSMUSG00000090427	1.1.1	0	one_to_one
ENSG00000171604	lncgDivg	ENSMUSG00000046668	lncgDivg	ENSG00000272255;ENSG00000250635	1.1.1;1.1.1	2297;0	ENSMUSG00000100320	1.1.1	0	many_to_one
ENSG00000139865	lncgDivg	ENSMUSG00000046782	lncgDivg	ENSG00000258696;ENSG00000259091	1.1.1;n.1.1	0;0	ENSMUSG00000085851;ENSMUSG00000112911	1.1.1;1.1.1	0;0	many_to_many_strict
ENSG00000173281	lncgDivg	ENSMUSG00000046794	lncgDivg	ENSG00000254340;ENSG00000248538	n.1.1;n.1.1	0;121	ENSMUSG00000109698	1.1.1	0	many_to_one
ENSG00000183671	lncgDivg	ENSMUSG00000046856	lncgDivg	ENSG00000279220	n.n.n	0	ENSMUSG00000086730	n.1.1	0	one_to_one
ENSG00000124788	lncgDivg	ENSMUSG00000046876	lncgDivg	ENSG00000229931;ENSG00000272341	n.n.1;1.1.1	0;2855	ENSMUSG00000113987;ENSMUSG00000114131;ENSMUSG00000038152	1.1.1;1.1.1;n.1.1	0;0;172	many_to_many
ENSG00000169762	lncgDivg	ENSMUSG00000046985	lncgDivg	ENSG00000249234;ENSG00000263327	1.1.1;n.1.1	0;0	ENSMUSG00000105503;ENSMUSG00000104784	1.1.1;1.1.1	0;0	many_to_many_strict
ENSG00000175093	lncgDivg	ENSMUSG00000046997	lncgDivg	ENSG00000251270	1.1.1	0	ENSMUSG00000085541	n.n.1	0	one_to_one
ENSG00000151338	lncgDivg	ENSMUSG00000047022	lncgDivg	ENSG00000259087	n.1.1	0	ENSMUSG00000086372	1.1.1	0	one_to_one
ENSG00000170113	lncgDivg	ENSMUSG00000047037	lncgDivg	ENSG00000291163	n.n.1	0	ENSMUSG00000085927	1.1.1	0	one_to_one
ENSG00000159261	lncgDivg	ENSMUSG00000047109	lncgDivg	ENSG00000286852	1.1.1	3603	ENSMUSG00000121032;ENSMUSG00000116947	1.1.1;n.1.1	0;1986	one_to_many
ENSG00000141367	lncgDivg	ENSMUSG00000047126	lncgDivg	ENSG00000273702	1.1.1	0	ENSMUSG00000120202	1.1.1	308	one_to_one
ENSG00000142700	lncgDivg	ENSMUSG00000047143	lncgDivg	ENSG00000284700	n.1.1	166	ENSMUSG00000085256	n.1.1	149	one_to_one
ENSG00000182329	lncgDivg	ENSMUSG00000047361	lncgDivg	ENSG00000287041;ENSG00000231903;ENSG00000222035	1.1.1;1.1.1;n.1.1	0;0;0	ENSMUSG00000101409;ENSMUSG00000099811	1.1.1;n.n.1	0;0	many_to_many
ENSG00000196323	lncgDivg	ENSMUSG00000047412	lncgDivg	ENSG00000175773	n.n.n	111	ENSMUSG00000120331	n.1.1	336	one_to_one
ENSG00000171723	lncgDivg	ENSMUSG00000047454	lncgDivg	ENSG00000258490;ENSG00000258561	1.1.1;n.n.n	0;0	ENSMUSG00000112302	1.1.1	0	many_to_one
ENSG00000198010	lncgDivg	ENSMUSG00000047495	lncgDivg	ENSG00000254160;ENSG00000282759;ENSG00000253267;ENSG00000260721;ENSG00000275427	1.1.1;1.1.1;n.n.1;1.1.1;1.1.1	0;0;0;0;0	ENSMUSG00000084945	1.1.1	0	many_to_one
ENSG00000118496	lncgDivg	ENSMUSG00000047648	lncgDivg	ENSG00000235652	n.n.n	0	ENSMUSG00000097007	n.1.1	109	one_to_one
ENSG00000175229	lncgDivg	ENSMUSG00000047658	lncgDivg	ENSG00000286459	1.1.1	0	ENSMUSG00000118263	n.1.1	0	one_to_one
ENSG00000153391	lncgDivg	ENSMUSG00000047989	lncgDivg	ENSG00000289891	1.1.1	0	ENSMUSG00000120613	1.1.1	0	one_to_one
ENSG00000197921	lncgDivg	ENSMUSG00000048001	lncgDivg	ENSG00000272449	n.n.n	0	ENSMUSG00000092483	1.1.1	0	one_to_one
ENSG00000149256	lncgDivg	ENSMUSG00000048078	lncgDivg	ENSG00000255345;ENSG00000254885;ENSG00000254563	n.1.1;1.1.1;1.1.1	0;0;0	ENSMUSG00000085792;ENSMUSG00000108635;ENSMUSG00000085443;ENSMUSG00000085751;ENSMUSG00000053049	1.1.1;1.1.1;1.1.1;1.1.1;1.1.1	0;0;0;0;0	many_to_many
ENSG00000197771	lncgDivg	ENSMUSG00000048170	lncgDivg	ENSG00000289966	1.1.1	0	ENSMUSG00000108648	1.1.1	0	one_to_one
ENSG00000179407	lncgDivg	ENSMUSG00000048206	lncgDivg	ENSG00000242049	1.1.1	0	ENSMUSG00000047046	n.1.1	0	one_to_one
ENSG00000139926	lncgDivg	ENSMUSG00000048285	lncgDivg	ENSG00000258537	n.n.1	0	ENSMUSG00000113900	1.1.1	169	one_to_one
ENSG00000074047	lncgDivg	ENSMUSG00000048402	lncgDivg	ENSG00000271709	1.1.1	0	ENSMUSG00000097408	1.1.1	4850	one_to_one
ENSG00000215421	lncgDivg	ENSMUSG00000048410	lncgDivg	ENSG00000264247	n.n.1	0	ENSMUSG00000120353;ENSMUSG00000118385	1.1.1;1.1.1	66;0	one_to_many
ENSG00000176155	lncgDivg	ENSMUSG00000048445	lncgDivg	ENSG00000265678;ENSG00000266654	1.1.1;1.1.1	0;0	ENSMUSG00000087638	1.1.1	0	many_to_one
ENSG00000229544	lncgDivg	ENSMUSG00000048528	lncgDivg	ENSG00000271434	n.n.1	0	ENSMUSG00000087657	n.1.1	0	one_to_one
ENSG00000181778	lncgDivg	ENSMUSG00000048572	lncgDivg	ENSG00000226337	1.1.1	153	ENSMUSG00000120881	1.1.1	0	one_to_one
ENSG00000120093	lncgDivg	ENSMUSG00000048763	lncgDivg	ENSG00000239552	1.1.1	0	ENSMUSG00000075589	1.1.1	0	one_to_one
ENSG00000091428	lncgDivg	ENSMUSG00000049044	lncgDivg	ENSG00000228016	n.n.1	0	ENSMUSG00000085001;ENSMUSG00000085439;ENSMUSG00000086231	1.1.1;1.1.1;1.1.1	0;0;0	one_to_many
ENSG00000138650	lncgDivg	ENSMUSG00000049100	lncgDivg	ENSG00000250241	n.1.1	147	ENSMUSG00000097040	n.1.1	107	one_to_one
ENSG00000139990	lncgDivg	ENSMUSG00000049106	lncgDivg	ENSG00000276063;ENSG00000289180	1.1.1;n.n.1	1161;0	ENSMUSG00000112278	1.1.1	0	many_to_one
ENSG00000177853	lncgDivg	ENSMUSG00000049164	lncgDivg	ENSG00000287009	1.1.1	0	ENSMUSG00000120438	1.1.1	47	one_to_one
ENSG00000164951	lncgDivg	ENSMUSG00000049225	lncgDivg	ENSG00000264448	1.1.1	0	ENSMUSG00000085614	n.1.1	113	one_to_one
ENSG00000165804	lncgDivg	ENSMUSG00000049295	lncgDivg	ENSG00000178107	1.1.1	3321	ENSMUSG00000115141;ENSMUSG00000115454	1.1.1;1.1.1	2551;0	one_to_many
ENSG00000137642	lncgDivg	ENSMUSG00000049313	lncgDivg	ENSG00000246790	n.1.1	0	ENSMUSG00000086360	1.1.1	0	one_to_one
ENSG00000145934	lncgDivg	ENSMUSG00000049336	lncgDivg	ENSG00000253947;ENSG00000253713;ENSG00000254365;ENSG00000253925;ENSG00000254187;ENSG00000253527;ENSG00000253660;ENSG00000253469;ENSG00000254297	1.1.1;1.1.1;1.1.1;1.1.1;1.1.1;1.1.1;1.1.1;1.1.1;1.1.1	0;0;0;0;0;0;0;0;0	ENSMUSG00000086375;ENSMUSG00000087245	1.1.1;1.1.1	0;0	many_to_many
ENSG00000145536	lncgDivg	ENSMUSG00000049538	lncgDivg	ENSG00000250579;ENSG00000250866	n.1.1;1.1.1	177;0	ENSMUSG00000113771	1.1.1	0	many_to_one
ENSG00000119844	lncgDivg	ENSMUSG00000049659	lncgDivg	ENSG00000260101	1.1.1	189	ENSMUSG00000120343	1.1.1	129	one_to_one
ENSG00000075884	lncgDivg	ENSMUSG00000049744	lncgDivg	ENSG00000228655;ENSG00000257284;ENSG00000257277;ENSG00000231758	n.n.1;1.1.1;n.n.1;n.1.1	0;0;0;0	ENSMUSG00000085089	1.1.1	0	many_to_one
ENSG00000275832	lncgDivg	ENSMUSG00000049807	lncgDivg	ENSG00000276170	n.1.1	0	ENSMUSG00000047988	1.1.1	0	one_to_one
ENSG00000205213	lncgDivg	ENSMUSG00000050199	lncgDivg	ENSG00000254862	n.1.1	0	ENSMUSG00000063751	n.n.n	4279	one_to_one
ENSG00000171587	lncgDivg	ENSMUSG00000050272	lncgDivg	ENSG00000288069;ENSG00000235123	1.1.1;n.1.1	0;0	ENSMUSG00000117000;ENSMUSG00000117179;ENSMUSG00000117324	n.n.1;1.1.1;n.1.1	0;0;0	many_to_many
ENSG00000166342	lncgDivg	ENSMUSG00000050321	lncgDivg	ENSG00000263958	n.1.1	242	ENSMUSG00000117778	1.1.1	0	one_to_one
ENSG00000148948	lncgDivg	ENSMUSG00000050587	lncgDivg	ENSG00000255132	1.1.1	0	ENSMUSG00000091061	1.1.1	0	one_to_one
ENSG00000173436	lncgDivg	ENSMUSG00000050608	lncgDivg	ENSG00000235185	1.1.1	0	ENSMUSG00000120910	1.1.1	0	one_to_one
ENSG00000072657	lncgDivg	ENSMUSG00000050663	lncgDivg	ENSG00000236333	n.n.1	0	ENSMUSG00000089934;ENSMUSG00000084865	1.1.1;1.1.1	0;0	one_to_many
ENSG00000165895	lncgDivg	ENSMUSG00000050730	lncgDivg	ENSG00000248027	1.1.1	0	ENSMUSG00000085253	n.n.1	0	one_to_one
ENSG00000175787	lncgDivg	ENSMUSG00000050954	lncgDivg	ENSG00000230262	n.n.1	0	ENSMUSG00000053181	1.1.1	119	one_to_one
ENSG00000154229	lncgDivg	ENSMUSG00000050965	lncgDivg	ENSG00000289587;ENSG00000264630	n.1.1;n.1.1	0;0	ENSMUSG00000086078;ENSMUSG00000084978	1.1.1;1.1.1	0;0	many_to_many_strict
ENSG00000122012	lncgDivg	ENSMUSG00000051111	lncgDivg	ENSG00000248127;ENSG00000250348	1.1.1;1.1.1	0;0	ENSMUSG00000100475	1.1.1	792	many_to_one
ENSG00000168300	lncgDivg	ENSMUSG00000051285	lncgDivg	ENSG00000228801	n.1.1	129	ENSMUSG00000120372	1.1.1	96	one_to_one
ENSG00000197077	lncgDivg	ENSMUSG00000051339	lncgDivg	ENSG00000279110;ENSG00000279548;ENSG00000279085;ENSG00000203280;ENSG00000279006	1.1.1;1.1.1;1.1.1;1.1.1;1.1.1	0;0;0;0;0	ENSMUSG00000106659	1.1.1	0	many_to_one
ENSG00000104490	lncgDivg	ENSMUSG00000051359	lncgDivg	ENSG00000253629	1.1.1	0	ENSMUSG00000101671;ENSMUSG00000086125;ENSMUSG00000022288	1.1.1;1.1.1;1.1.1	0;0;0	one_to_many
ENSG00000156453	lncgDivg	ENSMUSG00000051375	lncgDivg	ENSG00000287726	n.1.1	3569	ENSMUSG00000089983	n.n.1	0	one_to_one
ENSG00000183775	lncgDivg	ENSMUSG00000051401	lncgDivg	ENSG00000285605	1.1.1	0	ENSMUSG00000118315;ENSMUSG00000117674	1.1.1;1.1.1	0;0	one_to_many
ENSG00000142621	lncgDivg	ENSMUSG00000051435	lncgDivg	ENSG00000236045;ENSG00000233485	1.1.1;1.1.1	0;0	ENSMUSG00000085424	1.1.1	0	many_to_one
ENSG00000168264	lncgDivg	ENSMUSG00000051495	lncgDivg	ENSG00000228830	1.1.1	0	ENSMUSG00000120101	1.1.1	705	one_to_one
ENSG00000197063	lncgDivg	ENSMUSG00000051510	lncgDivg	ENSG00000265688;ENSG00000264769	1.1.1;1.1.1	94;0	ENSMUSG00000120999	n.1.1	117	many_to_one
ENSG00000243156	lncgDivg	ENSMUSG00000051586	lncgDivg	ENSG00000235295;ENSG00000286990	1.1.1;1.1.1	4824;0	ENSMUSG00000108232;ENSMUSG00000097011;ENSMUSG00000108171	1.1.1;n.1.1;1.1.1	0;0;0	many_to_many
ENSG00000155657	lncgDivg	ENSMUSG00000051747	lncgDivg	ENSG00000270277;ENSG00000271141;ENSG00000267784;ENSG00000270574;ENSG00000270956;ENSG00000271401;ENSG00000271011	1.1.1;1.1.1;1.1.1;1.1.1;1.1.1;1.1.1;1.1.1	0;0;0;0;0;0;0	ENSMUSG00000086354	1.1.1	0	many_to_one
ENSG00000106484	lncgDivg	ENSMUSG00000051855	lncgDivg	ENSG00000259920;ENSG00000272701;ENSG00000270823	1.1.1;n.1.1;1.1.1	1779;0;0	ENSMUSG00000107825	1.1.1	0	many_to_one
ENSG00000054611	lncgDivg	ENSMUSG00000051864	lncgDivg	ENSG00000260708;ENSG00000280080	1.1.1;n.1.1	53;0	ENSMUSG00000120224;ENSMUSG00000115918	1.1.1;n.1.1	49;0	many_to_many_strict
ENSG00000197776	lncgDivg	ENSMUSG00000051890	lncgDivg	ENSG00000258400	1.1.1	0	ENSMUSG00000085539	1.1.1	0	one_to_one
ENSG00000110693	lncgDivg	ENSMUSG00000051910	lncgDivg	ENSG00000254878	1.1.1	0	ENSMUSG00000108489;ENSMUSG00000030664	1.1.1;1.1.1	0;0	one_to_many
ENSG00000206579	lncgDivg	ENSMUSG00000051951	lncgDivg	ENSG00000253976;ENSG00000254357	1.1.1;1.1.1	0;0	ENSMUSG00000089699	1.1.1	0	many_to_one
ENSG00000116117	lncgDivg	ENSMUSG00000052062	lncgDivg	ENSG00000287524	1.1.1	0	ENSMUSG00000100750;ENSMUSG00000085842;ENSMUSG00000085019;ENSMUSG00000085400	1.1.1;n.n.1;1.1.1;1.1.1	0;0;0;0	one_to_many
ENSG00000107099	lncgDivg	ENSMUSG00000052085	lncgDivg	ENSG00000235880;ENSG00000183784	1.1.1;n.1.1	0;0	ENSMUSG00000120776	1.1.1	0	many_to_one
ENSG00000168502	lncgDivg	ENSMUSG00000052105	lncgDivg	ENSG00000265962	1.1.1	0	ENSMUSG00000117003	1.1.1	104	one_to_one
ENSG00000204060	lncgDivg	ENSMUSG00000052135	lncgDivg	ENSG00000229901	1.1.1	0	ENSMUSG00000084929	1.1.1	3992	one_to_one
ENSG00000158019	lncgDivg	ENSMUSG00000052139	lncgDivg	ENSG00000223522	n.1.1	0	ENSMUSG00000106894	1.1.1	0	one_to_one
ENSG00000188729	lncgDivg	ENSMUSG00000052276	lncgDivg	ENSG00000233308	n.n.1	0	ENSMUSG00000116530	1.1.1	0	one_to_one
ENSG00000111490	lncgDivg	ENSMUSG00000052302	lncgDivg	ENSG00000286682	1.1.1	0	ENSMUSG00000112014	n.n.1	0	one_to_one
ENSG00000065413	lncgDivg	ENSMUSG00000052331	lncgDivg	ENSG00000231621;ENSG00000225979	n.1.1;1.1.1	0;220	ENSMUSG00000101674	n.n.1	0	many_to_one
ENSG00000083067	lncgDivg	ENSMUSG00000052387	lncgDivg	ENSG00000223966;ENSG00000232086	1.1.1;1.1.1	0;0	ENSMUSG00000098739	n.n.1	0	many_to_one
ENSG00000214194	lncgDivg	ENSMUSG00000052419	lncgDivg	ENSG00000289630	1.1.1	106	ENSMUSG00000097616	n.1.1	19	one_to_one
ENSG00000143183	lncgDivg	ENSMUSG00000052428	lncgDivg	ENSG00000224358	1.1.1	0	ENSMUSG00000121275	1.1.1	0	one_to_one
ENSG00000166833	lncgDivg	ENSMUSG00000052512	lncgDivg	ENSG00000255043;ENSG00000254453;ENSG00000254542;ENSG00000254622;ENSG00000270607;ENSG00000254894	n.1.1;1.1.1;1.1.1;1.1.1;1.1.1;1.1.1	0;0;0;0;0;0	ENSMUSG00000108950;ENSMUSG00000110093	n.1.1;1.1.1	0;0	many_to_many
ENSG00000095319	lncgDivg	ENSMUSG00000052533	lncgDivg	ENSG00000267834	1.1.1	0	ENSMUSG00000084892	1.1.1	0	one_to_one
ENSG00000185736	lncgDivg	ENSMUSG00000052551	lncgDivg	ENSG00000205696	n.1.1	0	ENSMUSG00000114126	1.1.1	2372	one_to_one
ENSG00000261609	lncgDivg	ENSMUSG00000052557	lncgDivg	ENSG00000289067;ENSG00000260495	1.1.1;1.1.1	125;1521	ENSMUSG00000121084	1.1.1	302	many_to_one
ENSG00000150672	lncgDivg	ENSMUSG00000052572	lncgDivg	ENSG00000255555;ENSG00000255311;ENSG00000254787	1.1.1;n.n.1;1.1.1	0;0;0	ENSMUSG00000109382	1.1.1	0	many_to_one
ENSG00000176204	lncgDivg	ENSMUSG00000052581	lncgDivg	ENSG00000234653	1.1.1	0	ENSMUSG00000086739	1.1.1	0	one_to_one
ENSG00000151694	lncgDivg	ENSMUSG00000052593	lncgDivg	ENSG00000239300;ENSG00000271855	n.n.1;1.1.1	0;0	ENSMUSG00000116819	1.1.1	133	many_to_one
ENSG00000150275	lncgDivg	ENSMUSG00000052613	lncgDivg	ENSG00000228048;ENSG00000223800;ENSG00000234173	1.1.1;1.1.1;1.1.1	0;0;0	ENSMUSG00000085456	n.1.1	0	many_to_one
ENSG00000177606	lncgDivg	ENSMUSG00000052684	lncgDivg	ENSG00000234807	n.1.1	1080	ENSMUSG00000087366	n.n.1	0	one_to_one
ENSG00000171914	lncgDivg	ENSMUSG00000052698	lncgDivg	ENSG00000259756;ENSG00000274340;ENSG00000259458	1.1.1;1.1.1;n.1.1	0;1651;0	ENSMUSG00000111412	1.1.1	0	many_to_one
ENSG00000168916	lncgDivg	ENSMUSG00000052713	lncgDivg	ENSG00000249112	1.1.1	0	ENSMUSG00000096948;ENSMUSG00000120640	n.n.1;1.1.1	0;0	one_to_many
ENSG00000131711	lncgDivg	ENSMUSG00000052727	lncgDivg	ENSG00000285804	n.n.1	0	ENSMUSG00000097027	1.1.1	89	one_to_one
ENSG00000134030	lncgDivg	ENSMUSG00000052928	lncgDivg	ENSG00000267764;ENSG00000267762	1.1.1;1.1.1	0;0	ENSMUSG00000097712	1.1.1	0	many_to_one
ENSG00000107249	lncgDivg	ENSMUSG00000052942	lncgDivg	ENSG00000228322;ENSG00000237009;ENSG00000236724	1.1.1;1.1.1;1.1.1	0;0;0	ENSMUSG00000097735	n.1.1	0	many_to_one
ENSG00000106066	lncgDivg	ENSMUSG00000052955	lncgDivg	ENSG00000229452;ENSG00000285412	1.1.1;n.1.1	0;0	ENSMUSG00000108060	n.n.n	20	many_to_one
ENSG00000180447	lncgDivg	ENSMUSG00000052957	lncgDivg	ENSG00000226237	n.1.1	1123	ENSMUSG00000114433	n.n.1	0	one_to_one
ENSG00000196639	lncgDivg	ENSMUSG00000053004	lncgDivg	ENSG00000285906	n.1.1	0	ENSMUSG00000120498	1.1.1	145	one_to_one
ENSG00000185518	lncgDivg	ENSMUSG00000053025	lncgDivg	ENSG00000285661	1.1.1	112	ENSMUSG00000097247	n.1.1	0	one_to_one
ENSG00000092054	lncgDivg	ENSMUSG00000053093	lncgDivg	ENSG00000258444	1.1.1	0	ENSMUSG00000115610;ENSMUSG00000101680	1.1.1;1.1.1	0;0	one_to_many
ENSG00000137693	lncgDivg	ENSMUSG00000053110	lncgDivg	ENSG00000254422;ENSG00000277459	1.1.1;1.1.1	0;0	ENSMUSG00000110161;ENSMUSG00000092185	1.1.1;1.1.1	234;0	many_to_many_strict
ENSG00000196090	lncgDivg	ENSMUSG00000053141	lncgDivg	ENSG00000229042;ENSG00000233508;ENSG00000227599	n.1.1;n.1.1;1.1.1	0;131;0	ENSMUSG00000084919;ENSMUSG00000054457	1.1.1;n.1.1	0;123	many_to_many
ENSG00000154146	lncgDivg	ENSMUSG00000053310	lncgDivg	ENSG00000255045	1.1.1	0	ENSMUSG00000120926	1.1.1	0	one_to_one
ENSG00000182132	lncgDivg	ENSMUSG00000053519	lncgDivg	ENSG00000253858;ENSG00000253591	1.1.1;n.1.1	0;0	ENSMUSG00000087328;ENSMUSG00000085240	1.1.1;1.1.1	0;0	many_to_many_strict
ENSG00000160888	lncgDivg	ENSMUSG00000053560	lncgDivg	ENSG00000287296;ENSG00000267598	1.1.1;n.1.1	0;0	ENSMUSG00000120944;ENSMUSG00000120095	1.1.1;n.n.n	1368;2242	many_to_many_strict
ENSG00000178381	lncgDivg	ENSMUSG00000053581	lncgDivg	ENSG00000229043	n.n.1	0	ENSMUSG00000121177	1.1.1	144	one_to_one
ENSG00000078114	lncgDivg	ENSMUSG00000053702	lncgDivg	ENSG00000231920	n.n.1	0	ENSMUSG00000085100	1.1.1	0	one_to_one
ENSG00000106554	lncgDivg	ENSMUSG00000053768	lncgDivg	ENSG00000227197	1.1.1	0	ENSMUSG00000085847	1.1.1	0	one_to_one
ENSG00000139220	lncgDivg	ENSMUSG00000053825	lncgDivg	ENSG00000257467;ENSG00000258162	n.n.1;n.n.1	0;0	ENSMUSG00000112201	n.1.1	0	many_to_one
ENSG00000080603	lncgDivg	ENSMUSG00000053877	lncgDivg	ENSG00000261840	n.n.1	0	ENSMUSG00000101225	1.1.1	0	one_to_one
ENSG00000182472	lncgDivg	ENSMUSG00000054083	lncgDivg	ENSG00000267892	1.1.1	0	ENSMUSG00000109307	1.1.1	0	one_to_one
ENSG00000177398	lncgDivg	ENSMUSG00000054134	lncgDivg	ENSG00000184385	1.1.1	0	ENSMUSG00000117786;ENSMUSG00000118169	1.1.1;1.1.1	0;0	one_to_many
ENSG00000143878	lncgDivg	ENSMUSG00000054364	lncgDivg	ENSG00000290108	1.1.1	181	ENSMUSG00000120673	1.1.1	175	one_to_one
ENSG00000166750	lncgDivg	ENSMUSG00000054404	lncgDivg	ENSG00000266947	n.1.1	108	ENSMUSG00000086327	n.n.1	0	one_to_one
ENSG00000130770	lncgDivg	ENSMUSG00000054428	lncgDivg	ENSG00000270605;ENSG00000290123	1.1.1;1.1.1	0;0	ENSMUSG00000087352	n.1.1	0	many_to_one
ENSG00000133124	lncgDivg	ENSMUSG00000054667	lncgDivg	ENSG00000237863	n.1.1	0	ENSMUSG00000086426	1.1.1	0	one_to_one
ENSG00000164104	lncgDivg	ENSMUSG00000054717	lncgDivg	ENSG00000288728	1.1.1	320	ENSMUSG00000120635	1.1.1	361	one_to_one
ENSG00000109189	lncgDivg	ENSMUSG00000054814	lncgDivg	ENSG00000248866	1.1.1	105	ENSMUSG00000087250;ENSMUSG00000086234	1.1.1;n.1.1	0;0	one_to_many
ENSG00000107518	lncgDivg	ENSMUSG00000054843	lncgDivg	ENSG00000285582	1.1.1	0	ENSMUSG00000117871	1.1.1	0	one_to_one
ENSG00000214694	lncgDivg	ENSMUSG00000054901	lncgDivg	ENSG00000269210	1.1.1	0	ENSMUSG00000066938	1.1.1	0	one_to_one
ENSG00000157985	lncgDivg	ENSMUSG00000055013	lncgDivg	ENSG00000222007	n.1.1	0	ENSMUSG00000102009;ENSMUSG00000121272	n.1.1;1.1.1	0;0	one_to_many
ENSG00000133794	lncgDivg	ENSMUSG00000055116	lncgDivg	ENSG00000290083	1.1.1	0	ENSMUSG00000109959	1.1.1	0	one_to_one
ENSG00000175600	lncgDivg	ENSMUSG00000055137	lncgDivg	ENSG00000203446	1.1.1	0	ENSMUSG00000113851	1.1.1	0	one_to_one
ENSG00000132466	lncgDivg	ENSMUSG00000055204	lncgDivg	ENSG00000250220	1.1.1	411	ENSMUSG00000054945	n.1.1	43	one_to_one
ENSG00000186564	lncgDivg	ENSMUSG00000055210	lncgDivg	ENSG00000237424	1.1.1	3403	ENSMUSG00000085399	n.1.1	354	one_to_one
ENSG00000180287	lncgDivg	ENSMUSG00000055214	lncgDivg	ENSG00000224525;ENSG00000272865	1.1.1;n.1.1	0;0	ENSMUSG00000104157	1.1.1	901	many_to_one
ENSG00000187079	lncgDivg	ENSMUSG00000055320	lncgDivg	ENSG00000254688;ENSG00000203258	1.1.1;1.1.1	0;0	ENSMUSG00000085945	n.1.1	0	many_to_one
ENSG00000178222	lncgDivg	ENSMUSG00000055385	lncgDivg	ENSG00000251652	n.1.1	18745	ENSMUSG00000101762	1.1.1	0	one_to_one
ENSG00000165973	lncgDivg	ENSMUSG00000055409	lncgDivg	ENSG00000254906;ENSG00000255167	1.1.1;1.1.1	0;0	ENSMUSG00000085265	n.n.1	0	many_to_one
ENSG00000118322	lncgDivg	ENSMUSG00000055415	lncgDivg	ENSG00000253687;ENSG00000254391	1.1.1;1.1.1	0;0	ENSMUSG00000085533;ENSMUSG00000086170	1.1.1;1.1.1	0;0	many_to_many_strict
ENSG00000178573	lncgDivg	ENSMUSG00000055435	lncgDivg	ENSG00000277214	1.1.1	2835	ENSMUSG00000086717	1.1.1	0	one_to_one
ENSG00000080224	lncgDivg	ENSMUSG00000055540	lncgDivg	ENSG00000286447	n.1.1	174	ENSMUSG00000089685	n.n.1	0	one_to_one
ENSG00000176595	lncgDivg	ENSMUSG00000055675	lncgDivg	ENSG00000253764	n.n.1	0	ENSMUSG00000098322	1.1.1	0	one_to_one
ENSG00000185942	lncgDivg	ENSMUSG00000055761	lncgDivg	ENSG00000285971;ENSG00000287105;ENSG00000254050	1.1.1;1.1.1;1.1.1	0;0;0	ENSMUSG00000086017	1.1.1	0	many_to_one
ENSG00000184922	lncgDivg	ENSMUSG00000055805	lncgDivg	ENSG00000267121;ENSG00000233175	n.n.1;n.1.1	0;0	ENSMUSG00000092371	1.1.1	0	many_to_one
ENSG00000167646	lncgDivg	ENSMUSG00000055809	lncgDivg	ENSG00000267577	1.1.1	0	ENSMUSG00000085725	n.1.1	0	one_to_one
ENSG00000140718	lncgDivg	ENSMUSG00000055932	lncgDivg	ENSG00000261630;ENSG00000261049;ENSG00000260194	1.1.1;1.1.1;1.1.1	0;0;0	ENSMUSG00000110138;ENSMUSG00000090778	1.1.1;n.1.1	0;0	many_to_many
ENSG00000154305	lncgDivg	ENSMUSG00000056050	lncgDivg	ENSG00000272750	1.1.1	0	ENSMUSG00000121189	1.1.1	0	one_to_one
ENSG00000115525	lncgDivg	ENSMUSG00000056091	lncgDivg	ENSG00000272564;ENSG00000232504	1.1.1;n.1.1	0;0	ENSMUSG00000108709	n.1.1	0	many_to_one
ENSG00000150656	lncgDivg	ENSMUSG00000056162	lncgDivg	ENSG00000264340	1.1.1	0	ENSMUSG00000117676	1.1.1	0	one_to_one
ENSG00000121931	lncgDivg	ENSMUSG00000056260	lncgDivg	ENSG00000273010	1.1.1	0	ENSMUSG00000120716	1.1.1	68	one_to_one
ENSG00000163630	lncgDivg	ENSMUSG00000056296	lncgDivg	ENSG00000241359	1.1.1	0	ENSMUSG00000051729	n.1.1	142	one_to_one
ENSG00000152291	lncgDivg	ENSMUSG00000056429	lncgDivg	ENSG00000290110	1.1.1	0	ENSMUSG00000092386	1.1.1	0	one_to_one
ENSG00000155093	lncgDivg	ENSMUSG00000056553	lncgDivg	ENSG00000233038;ENSG00000222012;ENSG00000231980;ENSG00000289418;ENSG00000272839;ENSG00000225365;ENSG00000232715;ENSG00000285821	n.1.1;1.1.1;1.1.1;1.1.1;1.1.1;1.1.1;1.1.1;1.1.1	0;0;0;0;0;0;2806;0	ENSMUSG00000099907	n.1.1	0	many_to_one
ENSG00000073910	lncgDivg	ENSMUSG00000056602	lncgDivg	ENSG00000287904;ENSG00000237637	1.1.1;1.1.1	174;0	ENSMUSG00000106719	1.1.1	0	many_to_one
ENSG00000165030	lncgDivg	ENSMUSG00000056749	lncgDivg	ENSG00000233081	1.1.1	2406	ENSMUSG00000120159	n.1.1	4903	one_to_one
ENSG00000007174	lncgDivg	ENSMUSG00000056752	lncgDivg	ENSG00000263684	1.1.1	0	ENSMUSG00000084967	1.1.1	0	one_to_one
ENSG00000196277	lncgDivg	ENSMUSG00000056755	lncgDivg	ENSG00000236202;ENSG00000237665;ENSG00000226258	n.1.1;1.1.1;n.n.1	0;0;0	ENSMUSG00000092448	1.1.1	0	many_to_one
ENSG00000149948	lncgDivg	ENSMUSG00000056758	lncgDivg	ENSG00000197301;ENSG00000256083	n.n.1;1.1.1	0;0	ENSMUSG00000034764;ENSMUSG00000090191	n.1.1;1.1.1	0;0	many_to_many_strict
ENSG00000141293	lncgDivg	ENSMUSG00000057058	lncgDivg	ENSG00000263787;ENSG00000235300	1.1.1;n.1.1	0;0	ENSMUSG00000075586	1.1.1	46	many_to_one
ENSG00000164330	lncgDivg	ENSMUSG00000057098	lncgDivg	ENSG00000245812;ENSG00000253811;ENSG00000253456	n.1.1;1.1.1;1.1.1	567;0;0	ENSMUSG00000085784	1.1.1	0	many_to_one
ENSG00000265107	lncgDivg	ENSMUSG00000057123	lncgDivg	ENSG00000234190;ENSG00000274415	1.1.1;n.1.1	4228;0	ENSMUSG00000105385	1.1.1	0	many_to_one
ENSG00000134146	lncgDivg	ENSMUSG00000057147	lncgDivg	ENSG00000248079	n.n.1	0	ENSMUSG00000084785	1.1.1	0	one_to_one
ENSG00000115977	lncgDivg	ENSMUSG00000057230	lncgDivg	ENSG00000289250	1.1.1	0	ENSMUSG00000100164	1.1.1	77	one_to_one
ENSG00000171791	lncgDivg	ENSMUSG00000057329	lncgDivg	ENSG00000283125	1.1.1	0	ENSMUSG00000054006	n.1.1	0	one_to_one
ENSG00000143702	lncgDivg	ENSMUSG00000057335	lncgDivg	ENSG00000227230;ENSG00000232085	1.1.1;n.1.1	0;0	ENSMUSG00000103435	1.1.1	0	many_to_one
ENSG00000035141	lncgDivg	ENSMUSG00000057497	lncgDivg	ENSG00000233849	1.1.1	0	ENSMUSG00000120960	1.1.1	103	one_to_one
ENSG00000117298	lncgDivg	ENSMUSG00000057530	lncgDivg	ENSG00000236936;ENSG00000231105	1.1.1;n.1.1	0;0	ENSMUSG00000085823	n.1.1	0	many_to_one
ENSG00000261115	lncgDivg	ENSMUSG00000057716	lncgDivg	ENSG00000285841;ENSG00000261629;ENSG00000204990	1.1.1;1.1.1;1.1.1	0;0;0	ENSMUSG00000097484;ENSMUSG00000097406	1.1.1;1.1.1	0;0	many_to_many
ENSG00000165995	lncgDivg	ENSMUSG00000057914	lncgDivg	ENSG00000225527;ENSG00000235020	1.1.1;n.1.1	0;0	ENSMUSG00000087086;ENSMUSG00000104106	n.n.1;1.1.1	0;0	many_to_many_strict
ENSG00000100605	lncgDivg	ENSMUSG00000057963	lncgDivg	ENSG00000258730	1.1.1	0	ENSMUSG00000095174	1.1.1	0	one_to_one
ENSG00000111863	lncgDivg	ENSMUSG00000058022	lncgDivg	ENSG00000234427;ENSG00000287593	1.1.1;n.n.1	3556;0	ENSMUSG00000085759;ENSMUSG00000099672	1.1.1;1.1.1	0;0	many_to_many_strict
ENSG00000129116	lncgDivg	ENSMUSG00000058056	lncgDivg	ENSG00000249609;ENSG00000249623	1.1.1;1.1.1	0;0	ENSMUSG00000086866;ENSMUSG00000121162	n.n.n;1.1.1	0;0	many_to_many_strict
ENSG00000140470	lncgDivg	ENSMUSG00000058145	lncgDivg	ENSG00000259219;ENSG00000259356	1.1.1;1.1.1	0;0	ENSMUSG00000121207	1.1.1	0	many_to_one
ENSG00000135365	lncgDivg	ENSMUSG00000058318	lncgDivg	ENSG00000255314;ENSG00000254653	n.1.1;1.1.1	1577;0	ENSMUSG00000087197	1.1.1	0	many_to_one
ENSG00000106459	lncgDivg	ENSMUSG00000058440	lncgDivg	ENSG00000273329	1.1.1	49	ENSMUSG00000120456	1.1.1	44	one_to_one
ENSG00000177570	lncgDivg	ENSMUSG00000058656	lncgDivg	ENSG00000225885;ENSG00000281641	n.1.1;n.1.1	0;0	ENSMUSG00000072584;ENSMUSG00000115761	1.1.1;1.1.1	0;0	many_to_many_strict
ENSG00000101493	lncgDivg	ENSMUSG00000058881	lncgDivg	ENSG00000265778;ENSG00000263982;ENSG00000275763	n.1.1;1.1.1;1.1.1	0;0;279	ENSMUSG00000118339	n.1.1	0	many_to_one
ENSG00000230561	lncgDivg	ENSMUSG00000058925	lncgDivg	ENSG00000250603	1.1.1	0	ENSMUSG00000118322;ENSMUSG00000086607;ENSMUSG00000085800	1.1.1;n.n.n;n.1.1	0;0;28	one_to_many
ENSG00000069998	lncgDivg	ENSMUSG00000058979	lncgDivg	ENSG00000185837	n.1.1	0	ENSMUSG00000093739	1.1.1	0	one_to_one
ENSG00000102763	lncgDivg	ENSMUSG00000058997	lncgDivg	ENSG00000278338	n.n.1	0	ENSMUSG00000115167;ENSMUSG00000115090;ENSMUSG00000115111	1.1.1;1.1.1;1.1.1	0;0;0	one_to_many
ENSG00000095370	lncgDivg	ENSMUSG00000059013	lncgDivg	ENSG00000286196	1.1.1	0	ENSMUSG00000009551	n.1.1	0	one_to_one
ENSG00000140538	lncgDivg	ENSMUSG00000059146	lncgDivg	ENSG00000260305	1.1.1	0	ENSMUSG00000052629;ENSMUSG00000108788	n.n.1;1.1.1	0;0	one_to_many
ENSG00000171956	lncgDivg	ENSMUSG00000059246	lncgDivg	ENSG00000289162	n.1.1	180	ENSMUSG00000097623	n.n.1	0	one_to_one
ENSG00000184640	lncgDivg	ENSMUSG00000059248	lncgDivg	ENSG00000287257;ENSG00000266998;ENSG00000267016;ENSG00000263718	1.1.1;1.1.1;1.1.1;n.n.1	0;0;0;0	ENSMUSG00000086050	1.1.1	0	many_to_one
ENSG00000141376	lncgDivg	ENSMUSG00000059439	lncgDivg	ENSG00000267207;ENSG00000267449;ENSG00000286997;ENSG00000273982	1.1.1;1.1.1;1.1.1;1.1.1	0;0;0;0	ENSMUSG00000085514;ENSMUSG00000086199	1.1.1;n.1.1	0;0	many_to_many
ENSG00000188158	lncgDivg	ENSMUSG00000059493	lncgDivg	ENSG00000230020	1.1.1	0	ENSMUSG00000087571	1.1.1	0	one_to_one
ENSG00000024862	lncgDivg	ENSMUSG00000059554	lncgDivg	ENSG00000279968	n.1.1	117	ENSMUSG00000096977	n.1.1	368	one_to_one
ENSG00000185666	lncgDivg	ENSMUSG00000059602	lncgDivg	ENSG00000236054;ENSG00000229673	1.1.1;1.1.1	0;0	ENSMUSG00000087256;ENSMUSG00000112493	1.1.1;1.1.1	0;0	many_to_many_strict
ENSG00000184611	lncgDivg	ENSMUSG00000059742	lncgDivg	ENSG00000237750	1.1.1	0	ENSMUSG00000085029	1.1.1	0	one_to_one
ENSG00000138835	lncgDivg	ENSMUSG00000059810	lncgDivg	ENSG00000237073	1.1.1	0	ENSMUSG00000085177	1.1.1	0	one_to_one
ENSG00000131061	lncgDivg	ENSMUSG00000059842	lncgDivg	ENSG00000229188	1.1.1	0	ENSMUSG00000085483;ENSMUSG00000097602	1.1.1;n.1.1	0;0	one_to_many
ENSG00000157423	lncgDivg	ENSMUSG00000059854	lncgDivg	ENSG00000259798;ENSG00000259833	1.1.1;n.1.1	0;0	ENSMUSG00000097409	1.1.1	0	many_to_one
ENSG00000182168	lncgDivg	ENSMUSG00000059921	lncgDivg	ENSG00000271474	1.1.1	0	ENSMUSG00000089737;ENSMUSG00000089924	1.1.1;1.1.1	0;0	one_to_many
ENSG00000182667	lncgDivg	ENSMUSG00000059974	lncgDivg	ENSG00000237654;ENSG00000224795;ENSG00000285980;ENSG00000224700;ENSG00000238117	n.1.1;n.n.1;n.1.1;1.1.1;1.1.1	0;0;0;0;0	ENSMUSG00000085449	1.1.1	0	many_to_one
ENSG00000166734	lncgDivg	ENSMUSG00000060227	lncgDivg	ENSG00000259499;ENSG00000289277	1.1.1;n.1.1	0;311	ENSMUSG00000086913	1.1.1	253	many_to_one
ENSG00000158458	lncgDivg	ENSMUSG00000060275	lncgDivg	ENSG00000250692	1.1.1	0	ENSMUSG00000117852	n.1.1	0	one_to_one
ENSG00000188859	lncgDivg	ENSMUSG00000060568	lncgDivg	ENSG00000203307;ENSG00000229588	1.1.1;n.1.1	0;0	ENSMUSG00000097823;ENSMUSG00000102548	1.1.1;1.1.1	576;1689	many_to_many_strict
ENSG00000189283	lncgDivg	ENSMUSG00000060579	lncgDivg	ENSG00000287649	1.1.1	0	ENSMUSG00000089833;ENSMUSG00000114391	n.1.1;1.1.1	0;0	one_to_many
ENSG00000183117	lncgDivg	ENSMUSG00000060924	lncgDivg	ENSG00000286934;ENSG00000285861;ENSG00000285977;ENSG00000288110	1.1.1;1.1.1;1.1.1;1.1.1	0;0;0;0	ENSMUSG00000085150;ENSMUSG00000087363	1.1.1;n.1.1	0;0	many_to_many
ENSG00000150051	lncgDivg	ENSMUSG00000061013	lncgDivg	ENSG00000230500	n.n.n	0	ENSMUSG00000117356	1.1.1	183	one_to_one
ENSG00000185565	lncgDivg	ENSMUSG00000061080	lncgDivg	ENSG00000243197;ENSG00000241397;ENSG00000242385;ENSG00000240922	n.1.1;1.1.1;1.1.1;1.1.1	0;0;0;0	ENSMUSG00000101463	1.1.1	0	many_to_one
ENSG00000196782	lncgDivg	ENSMUSG00000061143	lncgDivg	ENSG00000250698;ENSG00000286320	1.1.1;n.1.1	0;0	ENSMUSG00000104161;ENSMUSG00000102539	1.1.1;1.1.1	0;0	many_to_many_strict
ENSG00000157637	lncgDivg	ENSMUSG00000061306	lncgDivg	ENSG00000276101	1.1.1	0	ENSMUSG00000085636	1.1.1	0	one_to_one
ENSG00000114739	lncgDivg	ENSMUSG00000061393	lncgDivg	ENSG00000229589	1.1.1	0	ENSMUSG00000111204	1.1.1	0	one_to_one
ENSG00000140948	lncgDivg	ENSMUSG00000061410	lncgDivg	ENSG00000288568	n.n.1	0	ENSMUSG00000098221	1.1.1	1153	one_to_one
ENSG00000197183	lncgDivg	ENSMUSG00000061411	lncgDivg	ENSG00000228156;ENSG00000204393;ENSG00000286311;ENSG00000233293;ENSG00000277301;ENSG00000236772	1.1.1;n.n.1;1.1.1;1.1.1;1.1.1;1.1.1	0;0;0;0;0;0	ENSMUSG00000079001	1.1.1	0	many_to_one
ENSG00000115761	lncgDivg	ENSMUSG00000061458	lncgDivg	ENSG00000243819;ENSG00000234818	1.1.1;1.1.1	357;0	ENSMUSG00000114024	n.1.1	73	many_to_one
ENSG00000154358	lncgDivg	ENSMUSG00000061462	lncgDivg	ENSG00000162913;ENSG00000269934;ENSG00000270110;ENSG00000287315	n.n.1;n.n.1;1.1.1;1.1.1	0;0;0;0	ENSMUSG00000072902	n.1.1	0	many_to_one
ENSG00000043355	lncgDivg	ENSMUSG00000061524	lncgDivg	ENSG00000288060	1.1.1	1750	ENSMUSG00000085555	n.n.n	1833	one_to_one
ENSG00000163145	lncgDivg	ENSMUSG00000061535	lncgDivg	ENSG00000251379	1.1.1	0	ENSMUSG00000087290	n.1.1	0	one_to_one
ENSG00000130226	lncgDivg	ENSMUSG00000061576	lncgDivg	ENSG00000203335;ENSG00000270114;ENSG00000286461;ENSG00000287744;ENSG00000233363;ENSG00000236408	n.1.1;1.1.1;1.1.1;1.1.1;1.1.1;1.1.1	0;0;0;0;0;0	ENSMUSG00000086505	1.1.1	0	many_to_one
ENSG00000104885	lncgDivg	ENSMUSG00000061589	lncgDivg	ENSG00000267122	1.1.1	0	ENSMUSG00000075558	1.1.1	0	one_to_one
ENSG00000132849	lncgDivg	ENSMUSG00000061859	lncgDivg	ENSG00000271200	1.1.1	53	ENSMUSG00000120805	1.1.1	0	one_to_one
ENSG00000157216	lncgDivg	ENSMUSG00000061887	lncgDivg	ENSG00000232245;ENSG00000198711;ENSG00000225632	1.1.1;1.1.1;1.1.1	2777;0;0	ENSMUSG00000085581	1.1.1	0	many_to_one
ENSG00000186487	lncgDivg	ENSMUSG00000061911	lncgDivg	ENSG00000232057;ENSG00000225619;ENSG00000284600	1.1.1;n.1.1;n.n.1	0;0;0	ENSMUSG00000112663;ENSMUSG00000112390	1.1.1;n.n.1	0;0	many_to_many
ENSG00000109475	lncgDivg	ENSMUSG00000062006	lncgDivg	ENSG00000234492	n.1.1	109	ENSMUSG00000105789	n.1.1	203	one_to_one
ENSG00000112531	lncgDivg	ENSMUSG00000062078	lncgDivg	ENSG00000270419	1.1.1	40	ENSMUSG00000099384	n.1.1	36	one_to_one
ENSG00000108557	lncgDivg	ENSMUSG00000062115	lncgDivg	ENSG00000226746;ENSG00000237328;ENSG00000223979	1.1.1;1.1.1;1.1.1	0;0;3770	ENSMUSG00000051008	1.1.1	0	many_to_one
ENSG00000183826	lncgDivg	ENSMUSG00000062202	lncgDivg	ENSG00000226533	1.1.1	0	ENSMUSG00000117835;ENSMUSG00000117725	1.1.1;n.1.1	0;0	one_to_many
ENSG00000103342	lncgDivg	ENSMUSG00000062203	lncgDivg	ENSG00000261216	1.1.1	0	ENSMUSG00000120347	1.1.1	147	one_to_one
ENSG00000120963	lncgDivg	ENSMUSG00000062397	lncgDivg	ENSG00000271882	1.1.1	1955	ENSMUSG00000097259	n.n.1	0	one_to_one
ENSG00000205795	lncgDivg	ENSMUSG00000062563	lncgDivg	ENSG00000233502	1.1.1	2837	ENSMUSG00000120079	n.1.1	117	one_to_one
ENSG00000159263	lncgDivg	ENSMUSG00000062713	lncgDivg	ENSG00000224269	1.1.1	0	ENSMUSG00000116569	1.1.1	1065	one_to_one
ENSG00000172244	lncgDivg	ENSMUSG00000062822	lncgDivg	ENSG00000248554;ENSG00000248240	1.1.1;1.1.1	0;126	ENSMUSG00000025450	1.1.1	0	many_to_one
ENSG00000184009	lncgDivg	ENSMUSG00000062825	lncgDivg	ENSG00000229848;ENSG00000289182	n.n.1;1.1.1	0;0	ENSMUSG00000043644	n.1.1	136	many_to_one
ENSG00000168556	lncgDivg	ENSMUSG00000063049	lncgDivg	ENSG00000232648	n.1.1	564	ENSMUSG00000074357	n.1.1	0	one_to_one
ENSG00000156113	lncgDivg	ENSMUSG00000063142	lncgDivg	ENSG00000225497;ENSG00000225652;ENSG00000236467;ENSG00000224500	n.1.1;n.1.1;n.n.1;1.1.1	0;0;0;0	ENSMUSG00000100100;ENSMUSG00000114953	n.1.1;n.n.1	0;0	many_to_many
ENSG00000106665	lncgDivg	ENSMUSG00000063146	lncgDivg	ENSG00000287815	1.1.1	100	ENSMUSG00000107090	n.1.n	0	one_to_one
ENSG00000148655	lncgDivg	ENSMUSG00000063458	lncgDivg	ENSG00000230575;ENSG00000236842	1.1.1;1.1.1	0;36	ENSMUSG00000114412;ENSMUSG00000114205	n.1.1;1.1.1	0;0	many_to_many_strict
ENSG00000176887	lncgDivg	ENSMUSG00000063632	lncgDivg	ENSG00000230090;ENSG00000224128	n.1.1;1.1.1	1266;896	ENSMUSG00000120751	1.1.1	304	many_to_one
ENSG00000152969	lncgDivg	ENSMUSG00000063646	lncgDivg	ENSG00000290803;ENSG00000251408;ENSG00000287786	n.1.1;1.1.1;1.1.1	142;1737;0	ENSMUSG00000097686	1.1.1	0	many_to_one
ENSG00000179456	lncgDivg	ENSMUSG00000063659	lncgDivg	ENSG00000289055	1.1.1	302	ENSMUSG00000097892	n.n.1	0	one_to_one
ENSG00000165288	lncgDivg	ENSMUSG00000063663	lncgDivg	ENSG00000289132	n.1.1	214	ENSMUSG00000086629	n.n.n	0	one_to_one
ENSG00000134376	lncgDivg	ENSMUSG00000063681	lncgDivg	ENSG00000230260	1.1.1	0	ENSMUSG00000103844	1.1.1	2352	one_to_one
ENSG00000185052	lncgDivg	ENSMUSG00000063873	lncgDivg	ENSG00000235996;ENSG00000287430;ENSG00000232675;ENSG00000179447	1.1.1;1.1.1;n.1.1;1.1.1	0;478;0;0	ENSMUSG00000074753	1.1.1	0	many_to_one
ENSG00000169760	lncgDivg	ENSMUSG00000063887	lncgDivg	ENSG00000228213	n.1.1	0	ENSMUSG00000074664	n.n.1	0	one_to_one
ENSG00000096070	lncgDivg	ENSMUSG00000063952	lncgDivg	ENSG00000246982	n.n.1	0	ENSMUSG00000117301;ENSMUSG00000117255	1.1.1;1.1.1	0;0	one_to_many
ENSG00000148200	lncgDivg	ENSMUSG00000063972	lncgDivg	ENSG00000224020;ENSG00000236643	n.1.1;1.1.1	0;0	ENSMUSG00000085201	n.1.1	0	many_to_one
ENSG00000173171	lncgDivg	ENSMUSG00000064068	lncgDivg	ENSG00000236263	1.1.1	0	ENSMUSG00000120758	1.1.1	0	one_to_one
ENSG00000175161	lncgDivg	ENSMUSG00000064115	lncgDivg	ENSG00000241648;ENSG00000239519	1.1.1;1.1.1	0;0	ENSMUSG00000092599;ENSMUSG00000045178	1.1.1;n.1.1	0;0	many_to_many_strict
ENSG00000180182	lncgDivg	ENSMUSG00000064127	lncgDivg	ENSG00000234636	1.1.1	0	ENSMUSG00000085891	n.1.1	205	one_to_one
ENSG00000127328	lncgDivg	ENSMUSG00000064181	lncgDivg	ENSG00000247131	n.1.1	286	ENSMUSG00000112627;ENSMUSG00000120959	n.1.1;1.1.1	0;0	one_to_many
ENSG00000144619	lncgDivg	ENSMUSG00000064293	lncgDivg	ENSG00000288831;ENSG00000227588	n.1.1;1.1.1	149;0	ENSMUSG00000085067	n.1.1	45	many_to_one
ENSG00000074054	lncgDivg	ENSMUSG00000064302	lncgDivg	ENSG00000265451	1.1.1	0	ENSMUSG00000107722;ENSMUSG00000120092	n.1.1;1.1.1	0;138	one_to_many
ENSG00000103381	lncgDivg	ENSMUSG00000065979	lncgDivg	ENSG00000260378;ENSG00000261158	1.1.1;1.1.1	0;0	ENSMUSG00000055015	1.1.1	0	many_to_one
ENSG00000162496	lncgDivg	ENSMUSG00000066026	lncgDivg	ENSG00000288927	n.1.1	179	ENSMUSG00000120660	n.1.1	509	one_to_one
ENSG00000144647	lncgDivg	ENSMUSG00000066235	lncgDivg	ENSG00000285766;ENSG00000227245	1.1.1;1.1.1	0;0	ENSMUSG00000111873	1.1.1	0	many_to_one
ENSG00000175985	lncgDivg	ENSMUSG00000066438	lncgDivg	ENSG00000286424	1.1.1	978	ENSMUSG00000044062	1.1.1	125	one_to_one
ENSG00000118418	lncgDivg	ENSMUSG00000066456	lncgDivg	ENSG00000270362	1.1.1	0	ENSMUSG00000101144	n.1.1	0	one_to_one
ENSG00000162769	lncgDivg	ENSMUSG00000066595	lncgDivg	ENSG00000198468	n.1.1	136	ENSMUSG00000097845	n.1.1	0	one_to_one
ENSG00000155034	lncgDivg	ENSMUSG00000066640	lncgDivg	ENSG00000230733	1.1.1	0	ENSMUSG00000121070	1.1.1	0	one_to_one
ENSG00000143341	lncgDivg	ENSMUSG00000066842	lncgDivg	ENSG00000224691	1.1.1	0	ENSMUSG00000093650	n.n.1	0	one_to_one
ENSG00000176834	lncgDivg	ENSMUSG00000066894	lncgDivg	ENSG00000274859	1.1.1	0	ENSMUSG00000097163;ENSMUSG00000072688	1.1.1;n.1.1	3438;0	one_to_many
ENSG00000111707	lncgDivg	ENSMUSG00000066900	lncgDivg	ENSG00000270482	1.1.1	280	ENSMUSG00000086047	1.1.1	0	one_to_one
ENSG00000187140	lncgDivg	ENSMUSG00000067261	lncgDivg	ENSG00000230798	n.n.1	0	ENSMUSG00000086096	n.1.1	1153	one_to_one
ENSG00000204217	lncgDivg	ENSMUSG00000067336	lncgDivg	ENSG00000273456	1.1.1	185	ENSMUSG00000119961	1.1.1	1	one_to_one
ENSG00000172264	lncgDivg	ENSMUSG00000068205	lncgDivg	ENSG00000225181;ENSG00000287062;ENSG00000235914;ENSG00000286546;ENSG00000237832	1.1.1;1.1.1;n.n.1;1.1.1;1.1.1	0;0;0;0;0	ENSMUSG00000074763;ENSMUSG00000086450	n.1.1;1.1.1	0;0	many_to_many
ENSG00000038532	lncgDivg	ENSMUSG00000068663	lncgDivg	ENSG00000287121;ENSG00000262020	1.1.1;1.1.1	0;0	ENSMUSG00000087384	1.1.1	0	many_to_one
ENSG00000125459	lncgDivg	ENSMUSG00000068922	lncgDivg	ENSG00000232519	1.1.1	0	ENSMUSG00000120722	1.1.1	19	one_to_one
ENSG00000205268	lncgDivg	ENSMUSG00000069094	lncgDivg	ENSG00000272192	1.1.1	0	ENSMUSG00000087108	1.1.1	0	one_to_one
ENSG00000175745	lncgDivg	ENSMUSG00000069171	lncgDivg	ENSG00000237187	n.n.1	0	ENSMUSG00000087143	n.n.1	0	one_to_one
ENSG00000049618	lncgDivg	ENSMUSG00000069729	lncgDivg	ENSG00000270487;ENSG00000271265;ENSG00000271551;ENSG00000233044	1.1.1;1.1.1;1.1.1;1.1.1	0;1358;0;0	ENSMUSG00000121103	n.1.1	0	many_to_one
ENSG00000153944	lncgDivg	ENSMUSG00000069769	lncgDivg	ENSG00000286732;ENSG00000266100;ENSG00000263499	1.1.1;1.1.1;1.1.1	0;0;0	ENSMUSG00000085246;ENSMUSG00000087574	n.1.1;n.1.1	0;132	many_to_many
ENSG00000083857	lncgDivg	ENSMUSG00000070047	lncgDivg	ENSG00000287169	1.1.1	0	ENSMUSG00000097491;ENSMUSG00000110409	1.1.1;1.1.1	0;232	one_to_many
ENSG00000182175	lncgDivg	ENSMUSG00000070509	lncgDivg	ENSG00000288991	n.1.1	196	ENSMUSG00000097756	n.1.1	0	one_to_one
ENSG00000020633	lncgDivg	ENSMUSG00000070691	lncgDivg	ENSG00000229162	1.1.1	0	ENSMUSG00000084986;ENSMUSG00000086884	1.1.1;1.1.1	0;205	one_to_many
ENSG00000077044	lncgDivg	ENSMUSG00000070738	lncgDivg	ENSG00000259793	1.1.1	1078	ENSMUSG00000101942	1.1.1	0	one_to_one
ENSG00000163694	lncgDivg	ENSMUSG00000070780	lncgDivg	ENSG00000250893	1.1.1	0	ENSMUSG00000097092	1.1.1	0	one_to_one
ENSG00000063169	lncgDivg	ENSMUSG00000070808	lncgDivg	ENSG00000277383;ENSG00000269806	1.1.1;1.1.1	0;0	ENSMUSG00000109984;ENSMUSG00000120250	1.1.1;1.1.1	0;444	many_to_many_strict
ENSG00000163249	lncgDivg	ENSMUSG00000070871	lncgDivg	ENSG00000272851	1.1.1	0	ENSMUSG00000087213	n.1.1	0	one_to_one
ENSG00000128683	lncgDivg	ENSMUSG00000070880	lncgDivg	ENSG00000286611;ENSG00000235934	1.1.1;n.1.1	0;0	ENSMUSG00000087264	n.n.n	0	many_to_one
ENSG00000135966	lncgDivg	ENSMUSG00000070939	lncgDivg	ENSG00000235319	1.1.1	0	ENSMUSG00000041878;ENSMUSG00000100269	1.1.1;1.1.1	0;0	one_to_many
ENSG00000178919	lncgDivg	ENSMUSG00000070990	lncgDivg	ENSG00000236130	n.n.n	146	ENSMUSG00000087383	n.n.1	0	one_to_one
ENSG00000118690	lncgDivg	ENSMUSG00000071324	lncgDivg	ENSG00000230290	1.1.1	0	ENSMUSG00000111103	1.1.1	0	one_to_one
ENSG00000152208	lncgDivg	ENSMUSG00000071424	lncgDivg	ENSG00000248627;ENSG00000250908;ENSG00000248511	1.1.1;1.1.1;1.1.1	0;0;0	ENSMUSG00000107864;ENSMUSG00000108242;ENSMUSG00000107525	1.1.1;n.n.1;1.1.1	0;0;0	many_to_many_strict
ENSG00000177354	lncgDivg	ENSMUSG00000071540	lncgDivg	ENSG00000236208	n.1.1	152	ENSMUSG00000101086	n.1.1	1265	one_to_one
ENSG00000184719	lncgDivg	ENSMUSG00000071573	lncgDivg	ENSG00000289952	1.1.1	0	ENSMUSG00000120362	1.1.1	0	one_to_one
ENSG00000149499	lncgDivg	ENSMUSG00000071647	lncgDivg	ENSG00000254964	1.1.1	0	ENSMUSG00000114220	1.1.1	0	one_to_one
ENSG00000048471	lncgDivg	ENSMUSG00000071669	lncgDivg	ENSG00000261293;ENSG00000259876;ENSG00000261394;ENSG00000175604;ENSG00000260488	1.1.1;1.1.1;1.1.1;1.1.1;1.1.1	0;0;0;0;0	ENSMUSG00000085732	1.1.1	0	many_to_one
ENSG00000178764	lncgDivg	ENSMUSG00000071757	lncgDivg	ENSG00000272384	1.1.1	64	ENSMUSG00000047807;ENSMUSG00000090002	1.1.1;1.1.1	0;0	one_to_many
ENSG00000133454	lncgDivg	ENSMUSG00000072720	lncgDivg	ENSG00000278960;ENSG00000231933;ENSG00000232464	1.1.1;n.n.1;1.1.1	0;0;0	ENSMUSG00000098230	n.1.1	0	many_to_one
ENSG00000174628	lncgDivg	ENSMUSG00000073856	lncgDivg	ENSG00000261195	n.n.1	0	ENSMUSG00000109517	1.1.1	0	one_to_one
ENSG00000120162	lncgDivg	ENSMUSG00000073910	lncgDivg	ENSG00000285103;ENSG00000237734	n.1.n;1.1.1	0;0	ENSMUSG00000086792	1.1.1	0	many_to_one
ENSG00000140853	lncgDivg	ENSMUSG00000074151	lncgDivg	ENSG00000260145	1.1.1	0	ENSMUSG00000097194	n.n.1	0	one_to_one
ENSG00000138660	lncgDivg	ENSMUSG00000074238	lncgDivg	ENSG00000260526	1.1.1	144	ENSMUSG00000105447	1.1.1	0	one_to_one
ENSG00000261221	lncgDivg	ENSMUSG00000074405	lncgDivg	ENSG00000276488	1.1.1	0	ENSMUSG00000120872	1.1.1	0	one_to_one
ENSG00000042062	lncgDivg	ENSMUSG00000074577	lncgDivg	ENSG00000234693	n.1.1	0	ENSMUSG00000086411	1.1.1	0	one_to_one
ENSG00000101463	lncgDivg	ENSMUSG00000074736	lncgDivg	ENSG00000228539	1.1.1	0	ENSMUSG00000074737	n.1.1	0	one_to_one
ENSG00000113369	lncgDivg	ENSMUSG00000074794	lncgDivg	ENSG00000281357	n.n.1	0	ENSMUSG00000089827	1.1.1	0	one_to_one
ENSG00000174276	lncgDivg	ENSMUSG00000075227	lncgDivg	ENSG00000255173	1.1.1	0	ENSMUSG00000120982	1.1.1	0	one_to_one
ENSG00000115935	lncgDivg	ENSMUSG00000075284	lncgDivg	ENSG00000237798	1.1.1	0	ENSMUSG00000086069	1.1.1	0	one_to_one
ENSG00000187239	lncgDivg	ENSMUSG00000075415	lncgDivg	ENSG00000230684;ENSG00000270755	1.1.1;1.1.1	0;1524	ENSMUSG00000121206	1.1.1	0	many_to_one
ENSG00000198740	lncgDivg	ENSMUSG00000075595	lncgDivg	ENSG00000248714	n.n.1	0	ENSMUSG00000086191	n.1.1	0	one_to_one
ENSG00000185236	lncgDivg	ENSMUSG00000077450	lncgDivg	ENSG00000269386	n.n.n	0	ENSMUSG00000090952	n.1.1	0	one_to_one
ENSG00000178965	lncgDivg	ENSMUSG00000078161	lncgDivg	ENSG00000234497	n.n.1	0	ENSMUSG00000092522	1.1.1	0	one_to_one
ENSG00000175215	lncgDivg	ENSMUSG00000078429	lncgDivg	ENSG00000257953	1.1.1	0	ENSMUSG00000120399	1.1.1	274	one_to_one
ENSG00000176171	lncgDivg	ENSMUSG00000078566	lncgDivg	ENSG00000273521;ENSG00000277959	1.1.1;1.1.1	0;0	ENSMUSG00000109881	1.1.1	0	many_to_one
ENSG00000109332	lncgDivg	ENSMUSG00000078578	lncgDivg	ENSG00000286242;ENSG00000246560	1.1.1;n.n.1	0;0	ENSMUSG00000097032	n.n.1	0	many_to_one
ENSG00000164008	lncgDivg	ENSMUSG00000078584	lncgDivg	ENSG00000228452	1.1.1	0	ENSMUSG00000085626	1.1.1	0	one_to_one
ENSG00000173838	lncgDivg	ENSMUSG00000078627	lncgDivg	ENSG00000265000;ENSG00000287457	1.1.1;1.1.1	156;0	ENSMUSG00000086487;ENSMUSG00000086089	1.1.1;1.1.1	0;0	many_to_many_strict
ENSG00000173575	lncgDivg	ENSMUSG00000078671	lncgDivg	ENSG00000288872	1.1.1	3863	ENSMUSG00000108563	1.1.1	0	one_to_one
ENSG00000022567	lncgDivg	ENSMUSG00000079020	lncgDivg	ENSG00000254197;ENSG00000254019	1.1.1;1.1.1	0;0	ENSMUSG00000099958	n.1.1	112	many_to_one
ENSG00000100678	lncgDivg	ENSMUSG00000079055	lncgDivg	ENSG00000258422	n.n.1	0	ENSMUSG00000098128	1.1.1	0	one_to_one
ENSG00000244607	lncgDivg	ENSMUSG00000079235	lncgDivg	ENSG00000287417;ENSG00000225611	1.1.1;1.1.1	0;0	ENSMUSG00000092042	1.1.1	0	many_to_one
ENSG00000128652	lncgDivg	ENSMUSG00000079277	lncgDivg	ENSG00000272729;ENSG00000237380	1.1.1;n.1.n	0;0	ENSMUSG00000052371	n.n.1	0	many_to_one
ENSG00000214290	lncgDivg	ENSMUSG00000079559	lncgDivg	ENSG00000196167	n.1.1	0	ENSMUSG00000044694	n.n.1	0	one_to_one
ENSG00000105997	lncgDivg	ENSMUSG00000079560	lncgDivg	ENSG00000253552;ENSG00000254369	n.n.n;n.n.n	0;0	ENSMUSG00000087626	1.1.1	0	many_to_one
ENSG00000213588	lncgDivg	ENSMUSG00000079605	lncgDivg	ENSG00000274259	n.n.n	0	ENSMUSG00000118007	1.1.1	0	one_to_one
ENSG00000111432	lncgDivg	ENSMUSG00000081683	lncgDivg	ENSG00000250208	n.1.1	203	ENSMUSG00000072591	n.1.1	102	one_to_one
ENSG00000238227	lncgDivg	ENSMUSG00000087679	lncgDivg	ENSG00000275329	1.1.1	3646	ENSMUSG00000087595	1.1.1	0	one_to_one
ENSG00000143641	lncgDivg	ENSMUSG00000089704	lncgDivg	ENSG00000224407;ENSG00000227006	1.1.1;1.1.1	0;0	ENSMUSG00000089820;ENSMUSG00000089745	1.1.1;1.1.1	0;0	many_to_many_strict
ENSG00000219545	lncgDivg	ENSMUSG00000089862	lncgDivg	ENSG00000234141	1.1.1	0	ENSMUSG00000089890;ENSMUSG00000090151	1.1.1;1.1.1	0;0	one_to_many
ENSG00000185668	lncgDivg	ENSMUSG00000090125	lncgDivg	ENSG00000224592	n.1.1	521	ENSMUSG00000098760	1.1.1	0	one_to_one
ENSG00000231824	lncgDivg	ENSMUSG00000091636	lncgDivg	ENSG00000266153;ENSG00000285575	1.1.1;1.1.1	0;0	ENSMUSG00000096988;ENSMUSG00000117053	1.1.1;1.1.1	22;0	many_to_many_strict
ENSG00000188848	lncgDivg	ENSMUSG00000092060	lncgDivg	ENSG00000285454	1.1.1	0	ENSMUSG00000097840	1.1.1	0	one_to_one
ENSG00000112972	lncgDivg	ENSMUSG00000093930	lncgDivg	ENSG00000261604	n.1.1	0	ENSMUSG00000114934	1.1.1	0	one_to_one
ENSG00000146676	lncgDivg	ENSMUSG00000094483	lncgDivg	ENSG00000272768	1.1.1	0	ENSMUSG00000086839	n.1.1	0	one_to_one
ENSG00000184486	lncgDivg	ENSMUSG00000095139	lncgDivg	ENSG00000283010	1.1.1	2066	ENSMUSG00000107859;ENSMUSG00000120708	1.1.1;1.1.1	2182;0	one_to_many
ENSG00000206432	lncgDivg	ENSMUSG00000095407	lncgDivg	ENSG00000266846;ENSG00000264449	n.n.n;n.n.1	0;0	ENSMUSG00000117004	1.1.1	0	many_to_one
ENSG00000131018	lncgDivg	ENSMUSG00000096054	lncgDivg	ENSG00000234577;ENSG00000233464;ENSG00000226193	1.1.1;1.1.1;1.1.1	0;0;0	ENSMUSG00000096553	n.1.1	0	many_to_one
ENSG00000162624	lncgDivg	ENSMUSG00000096225	lncgDivg	ENSG00000261213;ENSG00000224127;ENSG00000224149	1.1.1;1.1.1;1.1.1	4507;0;0	ENSMUSG00000093738	n.1.1	1338	many_to_one
ENSG00000187634	lncgDivg	ENSMUSG00000096351	lncgDivg	ENSG00000223764	n.1.1	2907	ENSMUSG00000111895	1.1.1	0	one_to_one
ENSG00000140067	lncgDivg	ENSMUSG00000096753	lncgDivg	ENSG00000258584	n.n.1	0	ENSMUSG00000100789	n.1.1	0	one_to_one
ENSG00000197410	lncgDivg	ENSMUSG00000102692	lncgDivg	ENSG00000278981;ENSG00000280005	1.1.1;1.1.1	0;0	ENSMUSG00000074517	1.1.1	0	many_to_one
ENSG00000204970	lncgDivg	ENSMUSG00000103442	lncgDivg	ENSG00000279726	n.n.1	0	ENSMUSG00000103386	1.1.1	0	one_to_one
ENSG00000273238	lncgDivg	ENSMUSG00000105867	lncgDivg	ENSG00000283183	n.1.1	1164	ENSMUSG00000072769	n.n.1	0	one_to_one
ENSG00000187416	lncgDivg	ENSMUSG00000106379	lncgDivg	ENSG00000226869	n.1.1	0	ENSMUSG00000104866;ENSMUSG00000105076	1.1.1;n.n.1	0;0	one_to_many
ENSG00000018869	lncgDivg	ENSMUSG00000109398	lncgDivg	ENSG00000267192;ENSG00000285996	1.1.1;1.1.1	0;0	ENSMUSG00000109080	1.1.1	0	many_to_one
ENSG00000255112	lncgDivg	ENSMUSG00000109901	lncgDivg	ENSG00000267165	1.1.1	0	ENSMUSG00000117757	1.1.1	0	one_to_one
ENSG00000058729	lncgDivg	ENSMUSG00000116564	lncgDivg	ENSG00000286828	1.1.1	580	ENSMUSG00000116590	1.1.1	103	one_to_one
ENSG00000116455	lncgSS.dw	ENSMUSG00000000561	lncgSS.dw	ENSG00000243960	n.1.1	0	ENSMUSG00000105852	n.n.n	0	one_to_one
ENSG00000151746	lncgSS.dw	ENSMUSG00000003452	lncgSS.dw	ENSG00000276115;ENSG00000274964;ENSG00000277342	1.1.1;1.1.1;1.1.1	0;0;0	ENSMUSG00000096299	n.1.1	2720	many_to_one
ENSG00000100075	lncgSS.dw	ENSMUSG00000003528	lncgSS.dw	ENSG00000289481	1.1.1	3967	ENSMUSG00000120128	1.1.1	3303	one_to_one
ENSG00000078328	lncgSS.dw	ENSMUSG00000008658	lncgSS.dw	ENSG00000257180;ENSG00000260835;ENSG00000289107;ENSG00000286635	1.1.1;1.1.1;1.1.1;1.1.1	0;0;0;0	ENSMUSG00000101481	1.1.1	0	many_to_one
ENSG00000153107	lncgSS.dw	ENSMUSG00000014355	lncgSS.dw	ENSG00000285016	n.1.1	0	ENSMUSG00000109931	1.1.1	474	one_to_one
ENSG00000062716	lncgSS.dw	ENSMUSG00000018171	lncgSS.dw	ENSG00000267637	1.1.1	0	ENSMUSG00000120594	1.1.1	3391	one_to_one
ENSG00000033627	lncgSS.dw	ENSMUSG00000019302	lncgSS.dw	ENSG00000267632;ENSG00000267222	1.1.1;1.1.1	0;0	ENSMUSG00000121184	1.1.1	0	many_to_one
ENSG00000148120	lncgSS.dw	ENSMUSG00000021458	lncgSS.dw	ENSG00000230815;ENSG00000236095	1.1.1;1.1.1	0;0	ENSMUSG00000113203;ENSMUSG00000113257	1.1.1;1.1.1	0;0	many_to_many_strict
ENSG00000164924	lncgSS.dw	ENSMUSG00000022285	lncgSS.dw	ENSG00000260368	1.1.1	2135	ENSMUSG00000120390	1.1.1	132	one_to_one
ENSG00000107951	lncgSS.dw	ENSMUSG00000024234	lncgSS.dw	ENSG00000259994	1.1.1	3735	ENSMUSG00000117579	1.1.1	1998	one_to_one
ENSG00000149503	lncgSS.dw	ENSMUSG00000024660	lncgSS.dw	ENSG00000289194	1.1.1	561	ENSMUSG00000118138	1.1.1	3301	one_to_one
ENSG00000152767	lncgSS.dw	ENSMUSG00000025555	lncgSS.dw	ENSG00000269189	1.1.1	0	ENSMUSG00000085133	1.1.1	0	one_to_one
ENSG00000078403	lncgSS.dw	ENSMUSG00000026743	lncgSS.dw	ENSG00000286881;ENSG00000289528	1.1.1;1.1.1	0;0	ENSMUSG00000121261	1.1.1	0	many_to_one
ENSG00000007001	lncgSS.dw	ENSMUSG00000026839	lncgSS.dw	ENSG00000237327;ENSG00000271320;ENSG00000270557	1.1.1;1.1.1;1.1.1	0;0;0	ENSMUSG00000086129	1.1.1	0	many_to_one
ENSG00000134259	lncgSS.dw	ENSMUSG00000027859	lncgSS.dw	ENSG00000285698	1.1.1	2141	ENSMUSG00000106121	1.1.1	0	one_to_one
ENSG00000164093	lncgSS.dw	ENSMUSG00000028023	lncgSS.dw	ENSG00000250103	n.1.1	1820	ENSMUSG00000098515	1.1.1	0	one_to_one
ENSG00000110987	lncgSS.dw	ENSMUSG00000029438	lncgSS.dw	ENSG00000256546	n.1.1	1262	ENSMUSG00000104830	n.1.1	0	one_to_one
ENSG00000075292	lncgSS.dw	ENSMUSG00000030016	lncgSS.dw	ENSG00000289463;ENSG00000281195	1.1.1;1.1.1	0;0	ENSMUSG00000107534	1.1.1	0	many_to_one
ENSG00000185551	lncgSS.dw	ENSMUSG00000030551	lncgSS.dw	ENSG00000275322	1.1.1	2690	ENSMUSG00000109364	1.1.1	4248	one_to_one
ENSG00000122257	lncgSS.dw	ENSMUSG00000030779	lncgSS.dw	ENSG00000289171	1.1.1	0	ENSMUSG00000108551	1.1.1	0	one_to_one
ENSG00000145147	lncgSS.dw	ENSMUSG00000031558	lncgSS.dw	ENSG00000248228	1.1.1	0	ENSMUSG00000092559	1.1.1	0	one_to_one
ENSG00000131149	lncgSS.dw	ENSMUSG00000031822	lncgSS.dw	ENSG00000278716;ENSG00000179219;ENSG00000260417;ENSG00000287787	1.1.1;1.1.1;1.1.1;1.1.1	0;0;0;0	ENSMUSG00000121010;ENSMUSG00000097983	1.1.1;1.1.1	0;0	many_to_many
ENSG00000168314	lncgSS.dw	ENSMUSG00000032517	lncgSS.dw	ENSG00000289279	1.1.1	0	ENSMUSG00000111219	1.1.1	0	one_to_one
ENSG00000083642	lncgSS.dw	ENSMUSG00000034021	lncgSS.dw	ENSG00000277151	1.1.1	4855	ENSMUSG00000107048	1.1.1	0	one_to_one
ENSG00000070269	lncgSS.dw	ENSMUSG00000036339	lncgSS.dw	ENSG00000258803	1.1.1	0	ENSMUSG00000115756	n.n.1	0	one_to_one
ENSG00000102893	lncgSS.dw	ENSMUSG00000036879	lncgSS.dw	ENSG00000262038	1.1.1	0	ENSMUSG00000098439	1.1.1	0	one_to_one
ENSG00000126243	lncgSS.dw	ENSMUSG00000036957	lncgSS.dw	ENSG00000267786	1.1.1	491	ENSMUSG00000109049	1.1.1	2168	one_to_one
ENSG00000125798	lncgSS.dw	ENSMUSG00000037025	lncgSS.dw	ENSG00000259974	n.1.1	20074	ENSMUSG00000086141	n.1.1	2621	one_to_one
ENSG00000104324	lncgSS.dw	ENSMUSG00000039007	lncgSS.dw	ENSG00000270077	1.1.1	0	ENSMUSG00000120284	n.1.1	0	one_to_one
ENSG00000139146	lncgSS.dw	ENSMUSG00000039985	lncgSS.dw	ENSG00000275097	1.1.1	0	ENSMUSG00000108258	1.1.1	500	one_to_one
ENSG00000166073	lncgSS.dw	ENSMUSG00000040133	lncgSS.dw	ENSG00000259580	1.1.1	0	ENSMUSG00000100046;ENSMUSG00000045339	1.1.1;n.1.1	0;1109	one_to_many
ENSG00000186329	lncgSS.dw	ENSMUSG00000043164	lncgSS.dw	ENSG00000287899;ENSG00000235943	n.1.1;1.1.1	12222;0	ENSMUSG00000120291	1.1.1	2603	many_to_one
ENSG00000198914	lncgSS.dw	ENSMUSG00000045515	lncgSS.dw	ENSG00000289498	1.1.1	2178	ENSMUSG00000093436	n.1.1	0	one_to_one
ENSG00000171604	lncgSS.dw	ENSMUSG00000046668	lncgSS.dw	ENSG00000249526	1.1.1	763	ENSMUSG00000117840	1.1.1	563	one_to_one
ENSG00000138185	lncgSS.dw	ENSMUSG00000048120	lncgSS.dw	ENSG00000240527	1.1.1	0	ENSMUSG00000117952	1.1.1	0	one_to_one
ENSG00000184661	lncgSS.dw	ENSMUSG00000048922	lncgSS.dw	ENSG00000289357	1.1.1	868	ENSMUSG00000093726	1.1.1	1225	one_to_one
ENSG00000166833	lncgSS.dw	ENSMUSG00000052512	lncgSS.dw	ENSG00000255270	1.1.1	0	ENSMUSG00000109203	1.1.1	0	one_to_one
ENSG00000157985	lncgSS.dw	ENSMUSG00000055013	lncgSS.dw	ENSG00000235529	n.1.1	0	ENSMUSG00000101662	1.1.1	0	one_to_one
ENSG00000018236	lncgSS.dw	ENSMUSG00000055022	lncgSS.dw	ENSG00000274682	1.1.1	0	ENSMUSG00000097068	n.1.1	2360	one_to_one
ENSG00000196776	lncgSS.dw	ENSMUSG00000055447	lncgSS.dw	ENSG00000279277	n.1.1	3175	ENSMUSG00000120744	1.1.1	0	one_to_one
ENSG00000148655	lncgSS.dw	ENSMUSG00000063458	lncgSS.dw	ENSG00000268659;ENSG00000228280;ENSG00000286715	1.1.1;1.1.1;1.1.1	0;0;0	ENSMUSG00000114496	1.1.1	0	many_to_one
ENSG00000049618	lncgSS.dw	ENSMUSG00000069729	lncgSS.dw	ENSG00000288910	1.1.1	0	ENSMUSG00000121180	1.1.1	0	one_to_one
ENSG00000182601	lncgSS.dw	ENSMUSG00000078591	lncgSS.dw	ENSG00000285882	1.1.1	0	ENSMUSG00000085899	1.1.1	0	one_to_one
ENSG00000128652	lncgSS.dw	ENSMUSG00000079277	lncgSS.dw	ENSG00000226363	1.1.1	4615	ENSMUSG00000085015	1.1.1	4242	one_to_one
ENSG00000145244	lncgSS.up	ENSMUSG00000005220	lncgSS.up	ENSG00000259959	1.1.1	2016	ENSMUSG00000093771	1.1.1	0	one_to_one
ENSG00000198821	lncgSS.up	ENSMUSG00000005763	lncgSS.up	ENSG00000273160;ENSG00000233411	1.1.1;1.1.1	0;0	ENSMUSG00000089829	n.n.n	0	many_to_one
ENSG00000117713	lncgSS.up	ENSMUSG00000007880	lncgSS.up	ENSG00000290006	1.1.1	190	ENSMUSG00000120544	1.1.1	23	one_to_one
ENSG00000147862	lncgSS.up	ENSMUSG00000008575	lncgSS.up	ENSG00000288876	1.1.1	0	ENSMUSG00000120940;ENSMUSG00000084851	1.1.1;1.1.1	0;0	one_to_many
ENSG00000196990	lncgSS.up	ENSMUSG00000009216	lncgSS.up	ENSG00000261018	1.1.1	2409	ENSMUSG00000085008	1.1.1	2407	one_to_one
ENSG00000136286	lncgSS.up	ENSMUSG00000020437	lncgSS.up	ENSG00000232956	n.1.1	3931	ENSMUSG00000085156	n.1.1	4330	one_to_one
ENSG00000108312	lncgSS.up	ENSMUSG00000020923	lncgSS.up	ENSG00000288877	1.1.1	4	ENSMUSG00000120603	1.1.1	17	one_to_one
ENSG00000185650	lncgSS.up	ENSMUSG00000021127	lncgSS.up	ENSG00000289626	1.1.1	0	ENSMUSG00000120387;ENSMUSG00000120409	n.1.1;1.1.1	1309;1611	one_to_many
ENSG00000095951	lncgSS.up	ENSMUSG00000021366	lncgSS.up	ENSG00000229896	n.n.1	0	ENSMUSG00000100071	1.1.1	1734	one_to_one
ENSG00000158169	lncgSS.up	ENSMUSG00000021461	lncgSS.up	ENSG00000271384	1.1.1	0	ENSMUSG00000090232	1.1.1	0	one_to_one
ENSG00000069011	lncgSS.up	ENSMUSG00000021506	lncgSS.up	ENSG00000249082	n.1.1	4018	ENSMUSG00000100096	n.1.1	0	one_to_one
ENSG00000251322	lncgSS.up	ENSMUSG00000022623	lncgSS.up	ENSG00000286508	1.1.1	241	ENSMUSG00000118456	1.1.1	154	one_to_one
ENSG00000061938	lncgSS.up	ENSMUSG00000022791	lncgSS.up	ENSG00000290762	n.1.1	1133	ENSMUSG00000120439	1.1.1	1558	one_to_one
ENSG00000120129	lncgSS.up	ENSMUSG00000024190	lncgSS.up	ENSG00000289170	1.1.1	992	ENSMUSG00000118068	1.1.1	0	one_to_one
ENSG00000156475	lncgSS.up	ENSMUSG00000024500	lncgSS.up	ENSG00000249553	1.1.1	0	ENSMUSG00000117792	n.n.n	0	one_to_one
ENSG00000167281	lncgSS.up	ENSMUSG00000025576	lncgSS.up	ENSG00000263278	n.1.1	0	ENSMUSG00000084887	1.1.1	0	one_to_one
ENSG00000030419	lncgSS.up	ENSMUSG00000025997	lncgSS.up	ENSG00000236193	1.1.1	3379	ENSMUSG00000099954;ENSMUSG00000100815	1.1.1;1.1.1	0;0	one_to_many
ENSG00000149084	lncgSS.up	ENSMUSG00000027195	lncgSS.up	ENSG00000283341	n.n.1	0	ENSMUSG00000075020	n.n.n	18971	one_to_one
ENSG00000085276	lncgSS.up	ENSMUSG00000027684	lncgSS.up	ENSG00000242795	1.1.1	0	ENSMUSG00000102256	1.1.1	4689	one_to_one
ENSG00000117394	lncgSS.up	ENSMUSG00000028645	lncgSS.up	ENSG00000283973	n.1.1	172	ENSMUSG00000120599	1.1.1	1382	one_to_one
ENSG00000162571	lncgSS.up	ENSMUSG00000029074	lncgSS.up	ENSG00000272141	1.1.1	3537	ENSMUSG00000086549	1.1.1	0	one_to_one
ENSG00000060709	lncgSS.up	ENSMUSG00000029420	lncgSS.up	ENSG00000256064	1.1.1	0	ENSMUSG00000106522	1.1.1	0	one_to_one
ENSG00000157087	lncgSS.up	ENSMUSG00000030302	lncgSS.up	ENSG00000224771;ENSG00000236999	1.1.1;1.1.1	0;0	ENSMUSG00000108297	1.1.1	0	many_to_one
ENSG00000120875	lncgSS.up	ENSMUSG00000031530	lncgSS.up	ENSG00000260253	1.1.1	1736	ENSMUSG00000120243	1.1.1	981	one_to_one
ENSG00000053254	lncgSS.up	ENSMUSG00000033713	lncgSS.up	ENSG00000259053	1.1.1	0	ENSMUSG00000113138;ENSMUSG00000093465	1.1.1;1.1.1	4300;0	one_to_many
ENSG00000005379	lncgSS.up	ENSMUSG00000034156	lncgSS.up	ENSG00000265206	1.1.1	2084	ENSMUSG00000084796	n.1.1	3265	one_to_one
ENSG00000138674	lncgSS.up	ENSMUSG00000035325	lncgSS.up	ENSG00000251022	n.n.n	0	ENSMUSG00000097772	n.n.n	12502	one_to_one
ENSG00000176658	lncgSS.up	ENSMUSG00000035441	lncgSS.up	ENSG00000265222;ENSG00000263717;ENSG00000265337	1.1.1;1.1.1;1.1.1	0;0;0	ENSMUSG00000085078	1.1.1	0	many_to_one
ENSG00000106511	lncgSS.up	ENSMUSG00000036144	lncgSS.up	ENSG00000225974	1.1.1	2392	ENSMUSG00000113764	1.1.1	0	one_to_one
ENSG00000150394	lncgSS.up	ENSMUSG00000036510	lncgSS.up	ENSG00000260600	1.1.1	0	ENSMUSG00000090116	1.1.1	0	one_to_one
ENSG00000139835	lncgSS.up	ENSMUSG00000038515	lncgSS.up	ENSG00000276434	1.1.1	0	ENSMUSG00000120359	1.1.1	63	one_to_one
ENSG00000182095	lncgSS.up	ENSMUSG00000039477	lncgSS.up	ENSG00000234432	1.1.1	863	ENSMUSG00000120087;ENSMUSG00000120419	1.1.1;1.1.1	4731;2460	one_to_many
ENSG00000167291	lncgSS.up	ENSMUSG00000039976	lncgSS.up	ENSG00000262172	1.1.1	0	ENSMUSG00000085548	1.1.1	0	one_to_one
ENSG00000166073	lncgSS.up	ENSMUSG00000040133	lncgSS.up	ENSG00000259432	1.1.1	0	ENSMUSG00000121262	1.1.1	0	one_to_one
ENSG00000154162	lncgSS.up	ENSMUSG00000040452	lncgSS.up	ENSG00000253104	1.1.1	0	ENSMUSG00000115122	n.n.n	0	one_to_one
ENSG00000157554	lncgSS.up	ENSMUSG00000040732	lncgSS.up	ENSG00000289404	1.1.1	0	ENSMUSG00000120082	1.1.1	0	one_to_one
ENSG00000139597	lncgSS.up	ENSMUSG00000041132	lncgSS.up	ENSG00000270008	1.1.1	0	ENSMUSG00000106927	1.1.1	0	one_to_one
ENSG00000134532	lncgSS.up	ENSMUSG00000041540	lncgSS.up	ENSG00000197503	1.1.1	4420	ENSMUSG00000072677	1.1.1	0	one_to_one
ENSG00000141441	lncgSS.up	ENSMUSG00000042680	lncgSS.up	ENSG00000263904	1.1.1	0	ENSMUSG00000117632	1.1.1	4576	one_to_one
ENSG00000161958	lncgSS.up	ENSMUSG00000042826	lncgSS.up	ENSG00000262880	1.1.1	0	ENSMUSG00000121226	1.1.1	269	one_to_one
ENSG00000203867	lncgSS.up	ENSMUSG00000043639	lncgSS.up	ENSG00000289954	1.1.1	745	ENSMUSG00000120152	n.1.1	3166	one_to_one
ENSG00000011275	lncgSS.up	ENSMUSG00000045078	lncgSS.up	ENSG00000237738	1.1.1	0	ENSMUSG00000106543	1.1.1	0	one_to_one
ENSG00000198914	lncgSS.up	ENSMUSG00000045515	lncgSS.up	ENSG00000269707	n.n.1	0	ENSMUSG00000121019	1.1.1	391	one_to_one
ENSG00000259431	lncgSS.up	ENSMUSG00000045691	lncgSS.up	ENSG00000157306	n.n.n	0	ENSMUSG00000100162	n.n.n	0	one_to_one
ENSG00000124788	lncgSS.up	ENSMUSG00000046876	lncgSS.up	ENSG00000289863	1.1.1	935	ENSMUSG00000120629	1.1.1	387	one_to_one
ENSG00000159261	lncgSS.up	ENSMUSG00000047109	lncgSS.up	ENSG00000286517	1.1.1	0	ENSMUSG00000116681	n.1.1	0	one_to_one
ENSG00000167632	lncgSS.up	ENSMUSG00000047921	lncgSS.up	ENSG00000282164;ENSG00000289741	n.1.1;1.1.1	0;0	ENSMUSG00000106847	1.1.1	0	many_to_one
ENSG00000176697	lncgSS.up	ENSMUSG00000048482	lncgSS.up	ENSG00000255496	1.1.1	0	ENSMUSG00000093410	1.1.1	607	one_to_one
ENSG00000107249	lncgSS.up	ENSMUSG00000052942	lncgSS.up	ENSG00000230001	1.1.1	0	ENSMUSG00000089952	1.1.1	0	one_to_one
ENSG00000277443	lncgSS.up	ENSMUSG00000069662	lncgSS.up	ENSG00000289198	1.1.1	466	ENSMUSG00000120261	1.1.1	361	one_to_one
ENSG00000181449	lncgSS.up	ENSMUSG00000074637	lncgSS.up	ENSG00000242808	n.n.n	0	ENSMUSG00000105265	n.n.n	0	one_to_one
ENSG00000173575	lncgSS.up	ENSMUSG00000078671	lncgSS.up	ENSG00000272888	n.n.n	0	ENSMUSG00000101970	n.n.1	0	one_to_one
ENSG00000261341	lncgSS.up	ENSMUSG00000087376	lncgSS.up	ENSG00000268375	1.1.1	0	ENSMUSG00000101166	n.n.1	0	one_to_one
ENSG00000182968	lncgSS.up	ENSMUSG00000096014	lncgSS.up	ENSG00000224243	n.n.1	0	ENSMUSG00000047935	n.1.1	0	one_to_one
