lncRNA.Homo_sapiens	lncRNA.Canis_lupus_familiaris	orthology_type.Homo_sapiens.Canis_lupus_familiaris	lncRNA.Mus_musculus	orthology_type.Homo_sapiens.Mus_musculus	nbTotalIndication	profilIndication
ENSG00000083622	NA	NA	ENSMUSG00000087389	many_to_one	1	many_to_one:1
ENSG00000103472	NA	NA	ENSMUSG00000108417	one_to_one	1	one_to_one:1
ENSG00000125462	NA	NA	ENSMUSG00000097428	one_to_one	1	one_to_one:1
ENSG00000125514	NA	NA	ENSMUSG00000074507	many_to_one	1	many_to_one:1
ENSG00000157306	NA	NA	ENSMUSG00000100162	one_to_one	1	one_to_one:1
ENSG00000162913	NA	NA	ENSMUSG00000072902	many_to_one	1	many_to_one:1
ENSG00000163081	NA	NA	ENSMUSG00000120041	one_to_one	1	one_to_one:1
ENSG00000167046	NA	NA	ENSMUSG00000121267	many_to_one	1	many_to_one:1
ENSG00000167912	NA	NA	ENSMUSG00000086052	one_to_one	1	one_to_one:1
ENSG00000167920	NA	NA	ENSMUSG00000087692	one_to_one	1	one_to_one:1
ENSG00000171671	NA	NA	ENSMUSG00000085745	many_to_one	1	many_to_one:1
ENSG00000174370	NA	NA	ENSMUSG00000111056	one_to_one	1	one_to_one:1
ENSG00000174403	ENSCAFG00845017300;ENSCAFG00845017290	many_to_many_strict	ENSMUSG00000084843	many_to_one	2	many_to_many_strict:1;many_to_one:1
ENSG00000174407	ENSCAFG00845017394;ENSCAFG00845017436;ENSCAFG00845017477	many_to_many	NA	NA	1	many_to_many:1
ENSG00000175061	NA	NA	ENSMUSG00000086841	one_to_one	1	one_to_one:1
ENSG00000175604	NA	NA	ENSMUSG00000085732	many_to_one	1	many_to_one:1
ENSG00000175773	NA	NA	ENSMUSG00000120331	one_to_one	1	one_to_one:1
ENSG00000176349	NA	NA	ENSMUSG00000087248;ENSMUSG00000085673;ENSMUSG00000087606	one_to_many	1	one_to_many:1
ENSG00000176659	NA	NA	ENSMUSG00000120838	many_to_one	1	many_to_one:1
ENSG00000177133	NA	NA	ENSMUSG00000084987;ENSMUSG00000086565;ENSMUSG00000120023;ENSMUSG00000097871;ENSMUSG00000085069	many_to_many_strict	1	many_to_many_strict:1
ENSG00000177337	NA	NA	ENSMUSG00000097282;ENSMUSG00000117231	many_to_many	1	many_to_many:1
ENSG00000177340	NA	NA	ENSMUSG00000085355	one_to_one	1	one_to_one:1
ENSG00000177410	NA	NA	ENSMUSG00000074578	one_to_one	1	one_to_one:1
ENSG00000177640	NA	NA	ENSMUSG00000091378	many_to_one	1	many_to_one:1
ENSG00000177800	NA	NA	ENSMUSG00000110684;ENSMUSG00000110599	one_to_many	1	one_to_many:1
ENSG00000177822	NA	NA	ENSMUSG00000100706	many_to_one	1	many_to_one:1
ENSG00000178107	NA	NA	ENSMUSG00000115141;ENSMUSG00000115454	one_to_many	1	one_to_many:1
ENSG00000178412	ENSCAFG00845000055	many_to_one	ENSMUSG00000120406;ENSMUSG00000118070	many_to_many	2	many_to_many:1;many_to_one:1
ENSG00000179141	NA	NA	ENSMUSG00000085565	many_to_one	1	many_to_one:1
ENSG00000179219	NA	NA	ENSMUSG00000121010;ENSMUSG00000097983	many_to_many	1	many_to_many:1
ENSG00000179428	NA	NA	ENSMUSG00000105439	one_to_one	1	one_to_one:1
ENSG00000179447	NA	NA	ENSMUSG00000074753	many_to_one	1	many_to_one:1
ENSG00000180458	ENSCAFG00845007584	one_to_one	NA	NA	1	one_to_one:1
ENSG00000180769	NA	NA	ENSMUSG00000106492;ENSMUSG00000092354	many_to_many	1	many_to_many:1
ENSG00000181211	ENSCAFG00845011911	one_to_one	NA	NA	1	one_to_one:1
ENSG00000181800	NA	NA	ENSMUSG00000087079	many_to_one	1	many_to_one:1
ENSG00000182648	NA	NA	ENSMUSG00000119967	many_to_one	1	many_to_one:1
ENSG00000182873	NA	NA	ENSMUSG00000098729	many_to_one	1	many_to_one:1
ENSG00000183242	ENSCAFG00845027246	one_to_one	NA	NA	1	one_to_one:1
ENSG00000183250	ENSCAFG00845021848	one_to_one	NA	NA	1	one_to_one:1
ENSG00000183470	NA	NA	ENSMUSG00000086720;ENSMUSG00000086763;ENSMUSG00000086675	many_to_many_strict	1	many_to_many_strict:1
ENSG00000183674	NA	NA	ENSMUSG00000114640	one_to_one	1	one_to_one:1
ENSG00000183784	NA	NA	ENSMUSG00000120776	many_to_one	1	many_to_one:1
ENSG00000184385	NA	NA	ENSMUSG00000117786;ENSMUSG00000118169	one_to_many	1	one_to_many:1
ENSG00000185168	ENSCAFG00845010832	many_to_one	ENSMUSG00000075389	many_to_one	2	many_to_one:2
ENSG00000185186	NA	NA	ENSMUSG00000117562;ENSMUSG00000120937	one_to_many	1	one_to_many:1
ENSG00000185332	ENSCAFG00845010832	many_to_one	ENSMUSG00000075389	many_to_one	2	many_to_one:2
ENSG00000185837	NA	NA	ENSMUSG00000093739	one_to_one	1	one_to_one:1
ENSG00000186235	NA	NA	ENSMUSG00000100253	one_to_one	1	one_to_one:1
ENSG00000186493	NA	NA	ENSMUSG00000093587	many_to_one	1	many_to_one:1
ENSG00000186960	ENSCAFG00845009216	one_to_one	NA	NA	1	one_to_one:1
ENSG00000187185	NA	NA	ENSMUSG00000110428;ENSMUSG00000110517;ENSMUSG00000110475	many_to_many	1	many_to_many:1
ENSG00000187229	NA	NA	ENSMUSG00000087266	many_to_one	1	many_to_one:1
ENSG00000187979	NA	NA	ENSMUSG00000107736	one_to_one	1	one_to_one:1
ENSG00000188365	NA	NA	ENSMUSG00000119945;ENSMUSG00000120304;ENSMUSG00000119979	many_to_many	1	many_to_many:1
ENSG00000196096	ENSCAFG00845020033	one_to_one	NA	NA	1	one_to_one:1
ENSG00000196166	NA	NA	ENSMUSG00000110017	many_to_one	1	many_to_one:1
ENSG00000196167	NA	NA	ENSMUSG00000044694	one_to_one	1	one_to_one:1
ENSG00000196634	ENSCAFG00845013964	one_to_one	NA	NA	1	one_to_one:1
ENSG00000197085	NA	NA	ENSMUSG00000085969	one_to_one	1	one_to_one:1
ENSG00000197301	NA	NA	ENSMUSG00000034764;ENSMUSG00000090191	many_to_many_strict	1	many_to_many_strict:1
ENSG00000197308	NA	NA	ENSMUSG00000086618;ENSMUSG00000025783	one_to_many	1	one_to_many:1
ENSG00000197322	NA	NA	ENSMUSG00000113710	one_to_one	1	one_to_one:1
ENSG00000197503	NA	NA	ENSMUSG00000072677	one_to_one	1	one_to_one:1
ENSG00000197815	NA	NA	ENSMUSG00000085132	one_to_one	1	one_to_one:1
ENSG00000197989	ENSCAFG00845009830	one_to_one	ENSMUSG00000086290	one_to_one	2	one_to_one:2
ENSG00000198054	ENSCAFG00845028960	one_to_one	NA	NA	1	one_to_one:1
ENSG00000198468	NA	NA	ENSMUSG00000097845	one_to_one	1	one_to_one:1
ENSG00000198711	NA	NA	ENSMUSG00000085581	many_to_one	1	many_to_one:1
ENSG00000203258	NA	NA	ENSMUSG00000085945	many_to_one	1	many_to_one:1
ENSG00000203280	NA	NA	ENSMUSG00000106659	many_to_one	1	many_to_one:1
ENSG00000203288	NA	NA	ENSMUSG00000097515	one_to_one	1	one_to_one:1
ENSG00000203307	NA	NA	ENSMUSG00000097823;ENSMUSG00000102548	many_to_many_strict	1	many_to_many_strict:1
ENSG00000203335	NA	NA	ENSMUSG00000086505	many_to_one	1	many_to_one:1
ENSG00000203441	NA	NA	ENSMUSG00000085615	many_to_one	1	many_to_one:1
ENSG00000203446	NA	NA	ENSMUSG00000113851	one_to_one	1	one_to_one:1
ENSG00000203506	NA	NA	ENSMUSG00000079669	many_to_one	1	many_to_one:1
ENSG00000203585	NA	NA	ENSMUSG00000112854	one_to_one	1	one_to_one:1
ENSG00000203593	ENSCAFG00845030542	many_to_one	NA	NA	1	many_to_one:1
ENSG00000203601	NA	NA	ENSMUSG00000097281	one_to_one	1	one_to_one:1
ENSG00000203620	NA	NA	ENSMUSG00000086369	one_to_one	1	one_to_one:1
ENSG00000203645	NA	NA	ENSMUSG00000106321	one_to_one	1	one_to_one:1
ENSG00000203706	NA	NA	ENSMUSG00000089812	one_to_one	1	one_to_one:1
ENSG00000203711	NA	NA	ENSMUSG00000116644	many_to_one	1	many_to_one:1
ENSG00000204011	NA	NA	ENSMUSG00000086560;ENSMUSG00000085766	many_to_many_strict	1	many_to_many_strict:1
ENSG00000204393	NA	NA	ENSMUSG00000079001	many_to_one	1	many_to_one:1
ENSG00000204464	NA	NA	ENSMUSG00000073728	one_to_one	1	one_to_one:1
ENSG00000204603	ENSCAFG00845029182	one_to_one	NA	NA	1	one_to_one:1
ENSG00000204620	NA	NA	ENSMUSG00000055188	many_to_one	1	many_to_one:1
ENSG00000204706	NA	NA	ENSMUSG00000118092	one_to_one	1	one_to_one:1
ENSG00000204832	NA	NA	ENSMUSG00000104354	one_to_one	1	one_to_one:1
ENSG00000204934	NA	NA	ENSMUSG00000097716	many_to_one	1	many_to_one:1
ENSG00000204990	NA	NA	ENSMUSG00000097484;ENSMUSG00000097406	many_to_many	1	many_to_many:1
ENSG00000205018	NA	NA	ENSMUSG00000090174	many_to_one	1	many_to_one:1
ENSG00000205054	ENSCAFG00845027133;ENSCAFG00845027119	one_to_many	ENSMUSG00000117501	one_to_one	2	one_to_many:1;one_to_one:1
ENSG00000205086	NA	NA	ENSMUSG00000117509	many_to_one	1	many_to_one:1
ENSG00000205181	NA	NA	ENSMUSG00000086250	many_to_one	1	many_to_one:1
ENSG00000205414	NA	NA	ENSMUSG00000121158	many_to_one	1	many_to_one:1
ENSG00000205500	NA	NA	ENSMUSG00000087258	one_to_one	1	one_to_one:1
ENSG00000205559	ENSCAFG00845027295	many_to_one	ENSMUSG00000079242	many_to_one	2	many_to_one:2
ENSG00000205622	NA	NA	ENSMUSG00000085329	one_to_one	1	one_to_one:1
ENSG00000205653	NA	NA	ENSMUSG00000086263	one_to_one	1	one_to_one:1
ENSG00000205682	NA	NA	ENSMUSG00000087431;ENSMUSG00000121076	many_to_many_strict	1	many_to_many_strict:1
ENSG00000205696	NA	NA	ENSMUSG00000114126	one_to_one	1	one_to_one:1
ENSG00000205930	NA	NA	ENSMUSG00000085398	one_to_one	1	one_to_one:1
ENSG00000206028	NA	NA	ENSMUSG00000104538;ENSMUSG00000097986;ENSMUSG00000101683	one_to_many	1	one_to_many:1
ENSG00000206417	ENSCAFG00845019682	one_to_one	ENSMUSG00000084950	one_to_one	2	one_to_one:2
ENSG00000206573	NA	NA	ENSMUSG00000086429	one_to_one	1	one_to_one:1
ENSG00000207955	NA	NA	ENSMUSG00000120522	one_to_one	1	one_to_one:1
ENSG00000212694	ENSCAFG00845023946	one_to_one	NA	NA	1	one_to_one:1
ENSG00000212743	NA	NA	ENSMUSG00000102196;ENSMUSG00000102674;ENSMUSG00000120676	one_to_many	1	one_to_many:1
ENSG00000213904	NA	NA	ENSMUSG00000053714	one_to_one	1	one_to_one:1
ENSG00000213994	NA	NA	ENSMUSG00000102329	one_to_one	1	one_to_one:1
ENSG00000214145	NA	NA	ENSMUSG00000097621	one_to_one	1	one_to_one:1
ENSG00000214293	NA	NA	ENSMUSG00000101013	one_to_one	1	one_to_one:1
ENSG00000214401	NA	NA	ENSMUSG00000121072	many_to_one	1	many_to_one:1
ENSG00000214407	NA	NA	ENSMUSG00000120214	many_to_one	1	many_to_one:1
ENSG00000214559	NA	NA	ENSMUSG00000120160	many_to_one	1	many_to_one:1
ENSG00000214650	NA	NA	ENSMUSG00000105604;ENSMUSG00000106663	one_to_many	1	one_to_many:1
ENSG00000214955	ENSCAFG00845025769;ENSCAFG00845025747	one_to_many	NA	NA	1	one_to_many:1
ENSG00000214970	NA	NA	ENSMUSG00000087410	one_to_one	1	one_to_one:1
ENSG00000215196	ENSCAFG00845003316	many_to_one	ENSMUSG00000115729;ENSMUSG00000056089	many_to_many_strict	2	many_to_many_strict:1;many_to_one:1
ENSG00000215417	NA	NA	ENSMUSG00000089726	one_to_one	1	one_to_one:1
ENSG00000215483	ENSCAFG00845024155	one_to_one	NA	NA	1	one_to_one:1
ENSG00000218018	NA	NA	ENSMUSG00000087442;ENSMUSG00000092596	one_to_many	1	one_to_many:1
ENSG00000218109	ENSCAFG00845008952	many_to_one	ENSMUSG00000053889	many_to_one	2	many_to_one:2
ENSG00000218416	NA	NA	ENSMUSG00000100781;ENSMUSG00000101995	one_to_many	1	one_to_many:1
ENSG00000219410	NA	NA	ENSMUSG00000108034	one_to_one	1	one_to_one:1
ENSG00000220256	NA	NA	ENSMUSG00000120000	one_to_one	1	one_to_one:1
ENSG00000221817	NA	NA	ENSMUSG00000084925	one_to_one	1	one_to_one:1
ENSG00000222000	ENSCAFG00845020262	one_to_one	NA	NA	1	one_to_one:1
ENSG00000222007	NA	NA	ENSMUSG00000102009;ENSMUSG00000121272	one_to_many	1	one_to_many:1
ENSG00000222012	NA	NA	ENSMUSG00000099907	many_to_one	1	many_to_one:1
ENSG00000222035	NA	NA	ENSMUSG00000101409;ENSMUSG00000099811	many_to_many	1	many_to_many:1
ENSG00000222043	NA	NA	ENSMUSG00000087222	many_to_one	1	many_to_one:1
ENSG00000223373	NA	NA	ENSMUSG00000099804	one_to_one	1	one_to_one:1
ENSG00000223436	NA	NA	ENSMUSG00000086720;ENSMUSG00000086763;ENSMUSG00000086675	many_to_many_strict	1	many_to_many_strict:1
ENSG00000223446	ENSCAFG00845023904	one_to_one	NA	NA	1	one_to_one:1
ENSG00000223469	NA	NA	ENSMUSG00000117040	many_to_one	1	many_to_one:1
ENSG00000223522	NA	NA	ENSMUSG00000106894	one_to_one	1	one_to_one:1
ENSG00000223525	ENSCAFG00845010730	many_to_one	NA	NA	1	many_to_one:1
ENSG00000223548	NA	NA	ENSMUSG00000085888	many_to_one	1	many_to_one:1
ENSG00000223571	ENSCAFG00845022321	one_to_one	NA	NA	1	one_to_one:1
ENSG00000223576	NA	NA	ENSMUSG00000100017	many_to_one	1	many_to_one:1
ENSG00000223617	NA	NA	ENSMUSG00000109503;ENSMUSG00000109067;ENSMUSG00000109432;ENSMUSG00000108997	many_to_many	1	many_to_many:1
ENSG00000223642	NA	NA	ENSMUSG00000085975;ENSMUSG00000086603	many_to_many_strict	1	many_to_many_strict:1
ENSG00000223662	NA	NA	ENSMUSG00000087214	one_to_one	1	one_to_one:1
ENSG00000223675	NA	NA	ENSMUSG00000074248	one_to_one	1	one_to_one:1
ENSG00000223692	ENSCAFG00845027666	one_to_one	NA	NA	1	one_to_one:1
ENSG00000223716	NA	NA	ENSMUSG00000073860;ENSMUSG00000085305	one_to_many	1	one_to_many:1
ENSG00000223749	NA	NA	ENSMUSG00000087365;ENSMUSG00000101603	one_to_many	1	one_to_many:1
ENSG00000223751	NA	NA	ENSMUSG00000100674	many_to_one	1	many_to_one:1
ENSG00000223764	NA	NA	ENSMUSG00000111895	one_to_one	1	one_to_one:1
ENSG00000223768	NA	NA	ENSMUSG00000078444	one_to_one	1	one_to_one:1
ENSG00000223770	NA	NA	ENSMUSG00000096936;ENSMUSG00000104886	one_to_many	1	one_to_many:1
ENSG00000223800	NA	NA	ENSMUSG00000085456	many_to_one	1	many_to_one:1
ENSG00000223813	NA	NA	ENSMUSG00000073067	one_to_one	1	one_to_one:1
ENSG00000223814	ENSCAFG00845026970	one_to_one	NA	NA	1	one_to_one:1
ENSG00000223815	ENSCAFG00845019981	many_to_one	NA	NA	1	many_to_one:1
ENSG00000223817	NA	NA	ENSMUSG00000120804	many_to_one	1	many_to_one:1
ENSG00000223837	ENSCAFG00845018914	one_to_one	NA	NA	1	one_to_one:1
ENSG00000223855	NA	NA	ENSMUSG00000075585	one_to_one	1	one_to_one:1
ENSG00000223872	ENSCAFG00845014177	many_to_one	NA	NA	1	many_to_one:1
ENSG00000223891	NA	NA	ENSMUSG00000099632	one_to_one	1	one_to_one:1
ENSG00000223966	NA	NA	ENSMUSG00000098739	many_to_one	1	many_to_one:1
ENSG00000223979	NA	NA	ENSMUSG00000051008	many_to_one	1	many_to_one:1
ENSG00000224020	NA	NA	ENSMUSG00000085201	many_to_one	1	many_to_one:1
ENSG00000224048	ENSCAFG00845008214;ENSCAFG00845008226	many_to_many_strict	ENSMUSG00000100496;ENSMUSG00000086349	many_to_many_strict	2	many_to_many_strict:2
ENSG00000224057	NA	NA	ENSMUSG00000085091	one_to_one	1	one_to_one:1
ENSG00000224086	NA	NA	ENSMUSG00000116823	one_to_one	1	one_to_one:1
ENSG00000224093	NA	NA	ENSMUSG00000104554;ENSMUSG00000104574	many_to_many_strict	1	many_to_many_strict:1
ENSG00000224100	NA	NA	ENSMUSG00000117818	one_to_one	1	one_to_one:1
ENSG00000224101	NA	NA	ENSMUSG00000113313	one_to_one	1	one_to_one:1
ENSG00000224127	NA	NA	ENSMUSG00000093738	many_to_one	1	many_to_one:1
ENSG00000224128	ENSCAFG00845022159	many_to_one	ENSMUSG00000120751	many_to_one	2	many_to_one:2
ENSG00000224137	NA	NA	ENSMUSG00000100437	one_to_one	1	one_to_one:1
ENSG00000224138	ENSCAFG00845025933	one_to_one	NA	NA	1	one_to_one:1
ENSG00000224149	NA	NA	ENSMUSG00000093738	many_to_one	1	many_to_one:1
ENSG00000224152	NA	NA	ENSMUSG00000085975;ENSMUSG00000086603	many_to_many_strict	1	many_to_many_strict:1
ENSG00000224177	ENSCAFG00845028003	one_to_one	NA	NA	1	one_to_one:1
ENSG00000224184	NA	NA	ENSMUSG00000113629	one_to_one	1	one_to_one:1
ENSG00000224186	NA	NA	ENSMUSG00000114493	one_to_one	1	one_to_one:1
ENSG00000224189	NA	NA	ENSMUSG00000075277	one_to_one	1	one_to_one:1
ENSG00000224194	NA	NA	ENSMUSG00000113284	one_to_one	1	one_to_one:1
ENSG00000224195	NA	NA	ENSMUSG00000114241	many_to_one	1	many_to_one:1
ENSG00000224231	ENSCAFG00845010450;ENSCAFG00845010463	one_to_many	NA	NA	1	one_to_many:1
ENSG00000224243	NA	NA	ENSMUSG00000047935	one_to_one	1	one_to_one:1
ENSG00000224269	NA	NA	ENSMUSG00000116569	one_to_one	1	one_to_one:1
ENSG00000224276	NA	NA	ENSMUSG00000093390	many_to_one	1	many_to_one:1
ENSG00000224301	NA	NA	ENSMUSG00000112314	one_to_one	1	one_to_one:1
ENSG00000224342	NA	NA	ENSMUSG00000086836	many_to_one	1	many_to_one:1
ENSG00000224358	NA	NA	ENSMUSG00000121275	one_to_one	1	one_to_one:1
ENSG00000224361	NA	NA	ENSMUSG00000037735	many_to_one	1	many_to_one:1
ENSG00000224387	NA	NA	ENSMUSG00000073686	many_to_one	1	many_to_one:1
ENSG00000224388	ENSCAFG00845030054	one_to_one	NA	NA	1	one_to_one:1
ENSG00000224391	NA	NA	ENSMUSG00000120056	one_to_one	1	one_to_one:1
ENSG00000224397	NA	NA	ENSMUSG00000084797;ENSMUSG00000087624	one_to_many	1	one_to_many:1
ENSG00000224407	NA	NA	ENSMUSG00000089820;ENSMUSG00000089745	many_to_many_strict	1	many_to_many_strict:1
ENSG00000224478	ENSCAFG00845001477	one_to_one	NA	NA	1	one_to_one:1
ENSG00000224490	NA	NA	ENSMUSG00000086671	one_to_one	1	one_to_one:1
ENSG00000224500	NA	NA	ENSMUSG00000100100;ENSMUSG00000114953	many_to_many	1	many_to_many:1
ENSG00000224509	ENSCAFG00845009917	one_to_one	NA	NA	1	one_to_one:1
ENSG00000224511	ENSCAFG00845022182	many_to_one	NA	NA	1	many_to_one:1
ENSG00000224525	NA	NA	ENSMUSG00000104157	many_to_one	1	many_to_one:1
ENSG00000224533	ENSCAFG00845018105	many_to_one	NA	NA	1	many_to_one:1
ENSG00000224535	NA	NA	ENSMUSG00000103174	one_to_one	1	one_to_one:1
ENSG00000224541	ENSCAFG00845017653	many_to_one	ENSMUSG00000115469;ENSMUSG00000114988;ENSMUSG00000115518	many_to_many_strict	2	many_to_many_strict:1;many_to_one:1
ENSG00000224563	NA	NA	ENSMUSG00000119959	many_to_one	1	many_to_one:1
ENSG00000224592	ENSCAFG00845030208	one_to_one	ENSMUSG00000098760	one_to_one	2	one_to_one:2
ENSG00000224596	NA	NA	ENSMUSG00000087535	one_to_one	1	one_to_one:1
ENSG00000224613	NA	NA	ENSMUSG00000121018	one_to_one	1	one_to_one:1
ENSG00000224658	NA	NA	ENSMUSG00000097597	one_to_one	1	one_to_one:1
ENSG00000224666	NA	NA	ENSMUSG00000087693	one_to_one	1	one_to_one:1
ENSG00000224691	NA	NA	ENSMUSG00000093650	one_to_one	1	one_to_one:1
ENSG00000224700	NA	NA	ENSMUSG00000085449	many_to_one	1	many_to_one:1
ENSG00000224713	NA	NA	ENSMUSG00000120324	one_to_one	1	one_to_one:1
ENSG00000224771	NA	NA	ENSMUSG00000108297	many_to_one	1	many_to_one:1
ENSG00000224790	NA	NA	ENSMUSG00000115246	one_to_one	1	one_to_one:1
ENSG00000224795	NA	NA	ENSMUSG00000085449	many_to_one	1	many_to_one:1
ENSG00000224808	NA	NA	ENSMUSG00000108103	many_to_one	1	many_to_one:1
ENSG00000224821	NA	NA	ENSMUSG00000084783	many_to_one	1	many_to_one:1
ENSG00000224842	NA	NA	ENSMUSG00000052951	one_to_one	1	one_to_one:1
ENSG00000224855	ENSCAFG00845025092	one_to_one	NA	NA	1	one_to_one:1
ENSG00000224903	NA	NA	ENSMUSG00000119967	many_to_one	1	many_to_one:1
ENSG00000224934	NA	NA	ENSMUSG00000118221	one_to_one	1	one_to_one:1
ENSG00000224961	NA	NA	ENSMUSG00000099683	one_to_one	1	one_to_one:1
ENSG00000224969	NA	NA	ENSMUSG00000078349	one_to_one	1	one_to_one:1
ENSG00000224995	NA	NA	ENSMUSG00000111663;ENSMUSG00000111840	one_to_many	1	one_to_many:1
ENSG00000225000	ENSCAFG00845006565	many_to_one	NA	NA	1	many_to_one:1
ENSG00000225063	NA	NA	ENSMUSG00000090079	one_to_one	1	one_to_one:1
ENSG00000225083	NA	NA	ENSMUSG00000099338	one_to_one	1	one_to_one:1
ENSG00000225084	NA	NA	ENSMUSG00000085765;ENSMUSG00000101295	many_to_many	1	many_to_many:1
ENSG00000225092	ENSCAFG00845016753	one_to_one	NA	NA	1	one_to_one:1
ENSG00000225102	ENSCAFG00845021091	one_to_one	NA	NA	1	one_to_one:1
ENSG00000225112	NA	NA	ENSMUSG00000087355;ENSMUSG00000086018;ENSMUSG00000086874;ENSMUSG00000084859	many_to_many	1	many_to_many:1
ENSG00000225113	ENSCAFG00845002708	one_to_one	NA	NA	1	one_to_one:1
ENSG00000225126	NA	NA	ENSMUSG00000085593;ENSMUSG00000078491;ENSMUSG00000120016	many_to_many	1	many_to_many:1
ENSG00000225127	NA	NA	ENSMUSG00000087618	one_to_one	1	one_to_one:1
ENSG00000225129	NA	NA	ENSMUSG00000084795;ENSMUSG00000087215	many_to_many	1	many_to_many:1
ENSG00000225144	NA	NA	ENSMUSG00000086720;ENSMUSG00000086763;ENSMUSG00000086675	many_to_many_strict	1	many_to_many_strict:1
ENSG00000225174	NA	NA	ENSMUSG00000086434	one_to_one	1	one_to_one:1
ENSG00000225181	NA	NA	ENSMUSG00000074763;ENSMUSG00000086450	many_to_many	1	many_to_many:1
ENSG00000225208	NA	NA	ENSMUSG00000102057	one_to_one	1	one_to_one:1
ENSG00000225216	NA	NA	ENSMUSG00000100811	one_to_one	1	one_to_one:1
ENSG00000225279	NA	NA	ENSMUSG00000120194	one_to_one	1	one_to_one:1
ENSG00000225280	ENSCAFG00845027463	one_to_one	NA	NA	1	one_to_one:1
ENSG00000225284	NA	NA	ENSMUSG00000117440	one_to_one	1	one_to_one:1
ENSG00000225300	ENSCAFG00845006085	one_to_one	NA	NA	1	one_to_one:1
ENSG00000225303	NA	NA	ENSMUSG00000097787	many_to_one	1	many_to_one:1
ENSG00000225359	NA	NA	ENSMUSG00000120197	one_to_one	1	one_to_one:1
ENSG00000225362	NA	NA	ENSMUSG00000111296	many_to_one	1	many_to_one:1
ENSG00000225365	NA	NA	ENSMUSG00000099907	many_to_one	1	many_to_one:1
ENSG00000225383	NA	NA	ENSMUSG00000087079	many_to_one	1	many_to_one:1
ENSG00000225386	NA	NA	ENSMUSG00000097547	one_to_one	1	one_to_one:1
ENSG00000225393	ENSCAFG00845018105	many_to_one	NA	NA	1	many_to_one:1
ENSG00000225434	NA	NA	ENSMUSG00000118342	one_to_one	1	one_to_one:1
ENSG00000225437	NA	NA	ENSMUSG00000089633;ENSMUSG00000089941;ENSMUSG00000089907	many_to_many	1	many_to_many:1
ENSG00000225442	NA	NA	ENSMUSG00000086330;ENSMUSG00000086536	many_to_many	1	many_to_many:1
ENSG00000225446	ENSCAFG00845016905;ENSCAFG00845016895	many_to_many_strict	NA	NA	1	many_to_many_strict:1
ENSG00000225450	NA	NA	ENSMUSG00000089796;ENSMUSG00000087543	many_to_many	1	many_to_many:1
ENSG00000225472	NA	NA	ENSMUSG00000086293;ENSMUSG00000087413	many_to_many	1	many_to_many:1
ENSG00000225493	ENSCAFG00845030252	one_to_one	NA	NA	1	one_to_one:1
ENSG00000225497	NA	NA	ENSMUSG00000100100;ENSMUSG00000114953	many_to_many	1	many_to_many:1
ENSG00000225519	NA	NA	ENSMUSG00000117998	many_to_one	1	many_to_one:1
ENSG00000225527	NA	NA	ENSMUSG00000087086;ENSMUSG00000104106	many_to_many_strict	1	many_to_many_strict:1
ENSG00000225548	NA	NA	ENSMUSG00000098161	one_to_one	1	one_to_one:1
ENSG00000225605	NA	NA	ENSMUSG00000086438	one_to_one	1	one_to_one:1
ENSG00000225611	NA	NA	ENSMUSG00000092042	many_to_one	1	many_to_one:1
ENSG00000225619	NA	NA	ENSMUSG00000112663;ENSMUSG00000112390	many_to_many	1	many_to_many:1
ENSG00000225620	NA	NA	ENSMUSG00000097435	many_to_one	1	many_to_one:1
ENSG00000225632	NA	NA	ENSMUSG00000085581	many_to_one	1	many_to_one:1
ENSG00000225637	NA	NA	ENSMUSG00000117355	one_to_one	1	one_to_one:1
ENSG00000225640	NA	NA	ENSMUSG00000086250	many_to_one	1	many_to_one:1
ENSG00000225652	NA	NA	ENSMUSG00000100100;ENSMUSG00000114953	many_to_many	1	many_to_many:1
ENSG00000225675	NA	NA	ENSMUSG00000028612;ENSMUSG00000087200;ENSMUSG00000073779	many_to_many	1	many_to_many:1
ENSG00000225683	NA	NA	ENSMUSG00000089633;ENSMUSG00000089941;ENSMUSG00000089907	many_to_many	1	many_to_many:1
ENSG00000225706	ENSCAFG00845027822	many_to_one	ENSMUSG00000092492;ENSMUSG00000110373	many_to_many	2	many_to_many:1;many_to_one:1
ENSG00000225731	NA	NA	ENSMUSG00000118081;ENSMUSG00000118157	many_to_many_strict	1	many_to_many_strict:1
ENSG00000225738	ENSCAFG00845015727	many_to_one	ENSMUSG00000093556;ENSMUSG00000093383;ENSMUSG00000093528	many_to_many	2	many_to_many:1;many_to_one:1
ENSG00000225750	ENSCAFG00845008356;ENSCAFG00845008348	one_to_many	NA	NA	1	one_to_many:1
ENSG00000225751	NA	NA	ENSMUSG00000087242	many_to_one	1	many_to_one:1
ENSG00000225752	NA	NA	ENSMUSG00000112172	many_to_one	1	many_to_one:1
ENSG00000225783	NA	NA	ENSMUSG00000097767	many_to_one	1	many_to_one:1
ENSG00000225791	NA	NA	ENSMUSG00000099971	one_to_one	1	one_to_one:1
ENSG00000225806	NA	NA	ENSMUSG00000086537	many_to_one	1	many_to_one:1
ENSG00000225811	NA	NA	ENSMUSG00000087627;ENSMUSG00000099964;ENSMUSG00000085822	many_to_many_strict	1	many_to_many_strict:1
ENSG00000225826	NA	NA	ENSMUSG00000102897;ENSMUSG00000102163	one_to_many	1	one_to_many:1
ENSG00000225870	NA	NA	ENSMUSG00000031510	one_to_one	1	one_to_one:1
ENSG00000225885	NA	NA	ENSMUSG00000072584;ENSMUSG00000115761	many_to_many_strict	1	many_to_many_strict:1
ENSG00000225936	NA	NA	ENSMUSG00000101630	many_to_one	1	many_to_one:1
ENSG00000225938	NA	NA	ENSMUSG00000052769	one_to_one	1	one_to_one:1
ENSG00000225945	NA	NA	ENSMUSG00000117371	one_to_one	1	one_to_one:1
ENSG00000225953	NA	NA	ENSMUSG00000087022	many_to_one	1	many_to_one:1
ENSG00000225974	NA	NA	ENSMUSG00000113764	one_to_one	1	one_to_one:1
ENSG00000225978	NA	NA	ENSMUSG00000085428;ENSMUSG00000121196;ENSMUSG00000098051;ENSMUSG00000085728	many_to_many	1	many_to_many:1
ENSG00000225979	ENSCAFG00845026192	many_to_one	ENSMUSG00000101674	many_to_one	2	many_to_one:2
ENSG00000225982	NA	NA	ENSMUSG00000100627	many_to_one	1	many_to_one:1
ENSG00000226031	NA	NA	ENSMUSG00000120929	many_to_one	1	many_to_one:1
ENSG00000226078	ENSCAFG00845008346	many_to_one	ENSMUSG00000085463	many_to_one	2	many_to_one:2
ENSG00000226087	NA	NA	ENSMUSG00000100847	one_to_one	1	one_to_one:1
ENSG00000226137	NA	NA	ENSMUSG00000085207	one_to_one	1	one_to_one:1
ENSG00000226143	ENSCAFG00845012801	one_to_one	NA	NA	1	one_to_one:1
ENSG00000226149	NA	NA	ENSMUSG00000112751	one_to_one	1	one_to_one:1
ENSG00000226163	NA	NA	ENSMUSG00000091184	one_to_one	1	one_to_one:1
ENSG00000226193	NA	NA	ENSMUSG00000096553	many_to_one	1	many_to_one:1
ENSG00000226200	NA	NA	ENSMUSG00000097787	many_to_one	1	many_to_one:1
ENSG00000226237	NA	NA	ENSMUSG00000114433	one_to_one	1	one_to_one:1
ENSG00000226258	NA	NA	ENSMUSG00000092448	many_to_one	1	many_to_one:1
ENSG00000226272	NA	NA	ENSMUSG00000086991;ENSMUSG00000086312	one_to_many	1	one_to_many:1
ENSG00000226281	NA	NA	ENSMUSG00000114389;ENSMUSG00000100932;ENSMUSG00000099847;ENSMUSG00000114791	many_to_many	1	many_to_many:1
ENSG00000226286	NA	NA	ENSMUSG00000084987;ENSMUSG00000086565;ENSMUSG00000120023;ENSMUSG00000097871;ENSMUSG00000085069	many_to_many_strict	1	many_to_many_strict:1
ENSG00000226323	NA	NA	ENSMUSG00000113608;ENSMUSG00000112967	one_to_many	1	one_to_many:1
ENSG00000226328	ENSCAFG00845011464	one_to_one	NA	NA	1	one_to_one:1
ENSG00000226337	NA	NA	ENSMUSG00000120881	one_to_one	1	one_to_one:1
ENSG00000226363	NA	NA	ENSMUSG00000085015	one_to_one	1	one_to_one:1
ENSG00000226367	NA	NA	ENSMUSG00000097700	many_to_one	1	many_to_one:1
ENSG00000226374	NA	NA	ENSMUSG00000085390	one_to_one	1	one_to_one:1
ENSG00000226386	NA	NA	ENSMUSG00000120963	one_to_one	1	one_to_one:1
ENSG00000226398	NA	NA	ENSMUSG00000117509	many_to_one	1	many_to_one:1
ENSG00000226438	NA	NA	ENSMUSG00000087307	many_to_one	1	many_to_one:1
ENSG00000226442	NA	NA	ENSMUSG00000100908	one_to_one	1	one_to_one:1
ENSG00000226455	NA	NA	ENSMUSG00000086150	many_to_one	1	many_to_one:1
ENSG00000226520	ENSCAFG00845018453	one_to_one	NA	NA	1	one_to_one:1
ENSG00000226522	ENSCAFG00845006565	many_to_one	NA	NA	1	many_to_one:1
ENSG00000226533	NA	NA	ENSMUSG00000117835;ENSMUSG00000117725	one_to_many	1	one_to_many:1
ENSG00000226571	NA	NA	ENSMUSG00000093672	one_to_one	1	one_to_one:1
ENSG00000226609	NA	NA	ENSMUSG00000073843	one_to_one	1	one_to_one:1
ENSG00000226627	NA	NA	ENSMUSG00000085745	many_to_one	1	many_to_one:1
ENSG00000226643	NA	NA	ENSMUSG00000103451	many_to_one	1	many_to_one:1
ENSG00000226702	NA	NA	ENSMUSG00000085510	one_to_one	1	one_to_one:1
ENSG00000226707	NA	NA	ENSMUSG00000109887	one_to_one	1	one_to_one:1
ENSG00000226717	ENSCAFG00845027822	many_to_one	ENSMUSG00000092492;ENSMUSG00000110373	many_to_many	2	many_to_many:1;many_to_one:1
ENSG00000226746	NA	NA	ENSMUSG00000051008	many_to_one	1	many_to_one:1
ENSG00000226759	ENSCAFG00845013543	many_to_one	NA	NA	1	many_to_one:1
ENSG00000226812	NA	NA	ENSMUSG00000046840	one_to_one	1	one_to_one:1
ENSG00000226819	NA	NA	ENSMUSG00000084085;ENSMUSG00000087507	many_to_many_strict	1	many_to_many_strict:1
ENSG00000226842	NA	NA	ENSMUSG00000101320	many_to_one	1	many_to_one:1
ENSG00000226853	NA	NA	ENSMUSG00000087176;ENSMUSG00000086546;ENSMUSG00000085519	one_to_many	1	one_to_many:1
ENSG00000226856	ENSCAFG00845005912	one_to_one	ENSMUSG00000101700	one_to_one	2	one_to_one:2
ENSG00000226862	NA	NA	ENSMUSG00000097435	many_to_one	1	many_to_one:1
ENSG00000226869	NA	NA	ENSMUSG00000104866;ENSMUSG00000105076	one_to_many	1	one_to_many:1
ENSG00000226877	NA	NA	ENSMUSG00000097399	many_to_one	1	many_to_one:1
ENSG00000226889	NA	NA	ENSMUSG00000053925	one_to_one	1	one_to_one:1
ENSG00000226913	NA	NA	ENSMUSG00000102224	many_to_one	1	many_to_one:1
ENSG00000226917	ENSCAFG00845015379	one_to_one	NA	NA	1	one_to_one:1
ENSG00000226938	NA	NA	ENSMUSG00000087195;ENSMUSG00000087289	many_to_many_strict	1	many_to_many_strict:1
ENSG00000226968	ENSCAFG00845014882	one_to_one	ENSMUSG00000107047	one_to_one	2	one_to_one:2
ENSG00000226969	NA	NA	ENSMUSG00000098729	many_to_one	1	many_to_one:1
ENSG00000226978	NA	NA	ENSMUSG00000097626	many_to_one	1	many_to_one:1
ENSG00000226995	NA	NA	ENSMUSG00000086250	many_to_one	1	many_to_one:1
ENSG00000227006	NA	NA	ENSMUSG00000089820;ENSMUSG00000089745	many_to_many_strict	1	many_to_many_strict:1
ENSG00000227012	ENSCAFG00845018189;ENSCAFG00845018143	one_to_many	NA	NA	1	one_to_many:1
ENSG00000227028	NA	NA	ENSMUSG00000117413	one_to_one	1	one_to_one:1
ENSG00000227036	NA	NA	ENSMUSG00000087259;ENSMUSG00000085421	one_to_many	1	one_to_many:1
ENSG00000227145	NA	NA	ENSMUSG00000086517	one_to_one	1	one_to_one:1
ENSG00000227197	NA	NA	ENSMUSG00000085847	one_to_one	1	one_to_one:1
ENSG00000227199	NA	NA	ENSMUSG00000097700	many_to_one	1	many_to_one:1
ENSG00000227230	NA	NA	ENSMUSG00000103435	many_to_one	1	many_to_one:1
ENSG00000227244	NA	NA	ENSMUSG00000111941;ENSMUSG00000090622	many_to_many_strict	1	many_to_many_strict:1
ENSG00000227245	NA	NA	ENSMUSG00000111873	many_to_one	1	many_to_one:1
ENSG00000227256	NA	NA	ENSMUSG00000120489	one_to_one	1	one_to_one:1
ENSG00000227292	ENSCAFG00845020505	one_to_one	NA	NA	1	one_to_one:1
ENSG00000227336	ENSCAFG00845019997	one_to_one	NA	NA	1	one_to_one:1
ENSG00000227354	NA	NA	ENSMUSG00000120914	one_to_one	1	one_to_one:1
ENSG00000227373	NA	NA	ENSMUSG00000104302	many_to_one	1	many_to_one:1
ENSG00000227407	NA	NA	ENSMUSG00000086155	one_to_one	1	one_to_one:1
ENSG00000227456	ENSCAFG00845025720	one_to_one	NA	NA	1	one_to_one:1
ENSG00000227463	NA	NA	ENSMUSG00000114654	one_to_one	1	one_to_one:1
ENSG00000227479	NA	NA	ENSMUSG00000100546	many_to_one	1	many_to_one:1
ENSG00000227484	NA	NA	ENSMUSG00000121082	many_to_one	1	many_to_one:1
ENSG00000227487	NA	NA	ENSMUSG00000079564	many_to_one	1	many_to_one:1
ENSG00000227517	NA	NA	ENSMUSG00000085985	one_to_one	1	one_to_one:1
ENSG00000227528	ENSCAFG00845019981	many_to_one	NA	NA	1	many_to_one:1
ENSG00000227533	ENSCAFG00845015237	one_to_one	ENSMUSG00000086683	one_to_one	2	one_to_one:2
ENSG00000227549	NA	NA	ENSMUSG00000111324;ENSMUSG00000111729;ENSMUSG00000111243	one_to_many	1	one_to_many:1
ENSG00000227588	NA	NA	ENSMUSG00000085067	many_to_one	1	many_to_one:1
ENSG00000227589	NA	NA	ENSMUSG00000087071	many_to_one	1	many_to_one:1
ENSG00000227599	NA	NA	ENSMUSG00000084919;ENSMUSG00000054457	many_to_many	1	many_to_many:1
ENSG00000227602	ENSCAFG00845012031	one_to_one	NA	NA	1	one_to_one:1
ENSG00000227610	NA	NA	ENSMUSG00000120773	one_to_one	1	one_to_one:1
ENSG00000227659	NA	NA	ENSMUSG00000100585	many_to_one	1	many_to_one:1
ENSG00000227695	NA	NA	ENSMUSG00000118000	one_to_one	1	one_to_one:1
ENSG00000227748	ENSCAFG00845013941	one_to_one	ENSMUSG00000112573	one_to_one	2	one_to_one:2
ENSG00000227838	NA	NA	ENSMUSG00000120047	many_to_one	1	many_to_one:1
ENSG00000227885	NA	NA	ENSMUSG00000099094	many_to_one	1	many_to_one:1
ENSG00000227896	ENSCAFG00845006535	one_to_one	ENSMUSG00000115007	one_to_one	2	one_to_one:2
ENSG00000227908	NA	NA	ENSMUSG00000120018	many_to_one	1	many_to_one:1
ENSG00000227925	NA	NA	ENSMUSG00000102743	one_to_one	1	one_to_one:1
ENSG00000227927	ENSCAFG00845021227	many_to_one	NA	NA	1	many_to_one:1
ENSG00000227929	NA	NA	ENSMUSG00000108103	many_to_one	1	many_to_one:1
ENSG00000227935	ENSCAFG00845013543	many_to_one	NA	NA	1	many_to_one:1
ENSG00000227946	NA	NA	ENSMUSG00000101599	one_to_one	1	one_to_one:1
ENSG00000227947	NA	NA	ENSMUSG00000100998	one_to_one	1	one_to_one:1
ENSG00000227958	NA	NA	ENSMUSG00000087196	one_to_one	1	one_to_one:1
ENSG00000228013	NA	NA	ENSMUSG00000105941	one_to_one	1	one_to_one:1
ENSG00000228016	NA	NA	ENSMUSG00000085001;ENSMUSG00000085439;ENSMUSG00000086231	one_to_many	1	one_to_many:1
ENSG00000228021	NA	NA	ENSMUSG00000110026	one_to_one	1	one_to_one:1
ENSG00000228027	NA	NA	ENSMUSG00000087079	many_to_one	1	many_to_one:1
ENSG00000228028	NA	NA	ENSMUSG00000116714	one_to_one	1	one_to_one:1
ENSG00000228048	NA	NA	ENSMUSG00000085456	many_to_one	1	many_to_one:1
ENSG00000228060	NA	NA	ENSMUSG00000120655	one_to_one	1	one_to_one:1
ENSG00000228061	NA	NA	ENSMUSG00000084870	one_to_one	1	one_to_one:1
ENSG00000228063	ENSCAFG00845028299	one_to_one	NA	NA	1	one_to_one:1
ENSG00000228086	NA	NA	ENSMUSG00000106005	one_to_one	1	one_to_one:1
ENSG00000228108	ENSCAFG00845009426	many_to_one	ENSMUSG00000119981;ENSMUSG00000101872;ENSMUSG00000073073	many_to_many	2	many_to_many:1;many_to_one:1
ENSG00000228127	ENSCAFG00845028158	one_to_one	NA	NA	1	one_to_one:1
ENSG00000228140	NA	NA	ENSMUSG00000100396	one_to_one	1	one_to_one:1
ENSG00000228156	NA	NA	ENSMUSG00000079001	many_to_one	1	many_to_one:1
ENSG00000228162	NA	NA	ENSMUSG00000100367	one_to_one	1	one_to_one:1
ENSG00000228165	NA	NA	ENSMUSG00000120326	one_to_one	1	one_to_one:1
ENSG00000228203	NA	NA	ENSMUSG00000114048	one_to_one	1	one_to_one:1
ENSG00000228208	ENSCAFG00845028269;ENSCAFG00845028245	one_to_many	ENSMUSG00000103690	one_to_one	2	one_to_many:1;one_to_one:1
ENSG00000228213	NA	NA	ENSMUSG00000074664	one_to_one	1	one_to_one:1
ENSG00000228231	NA	NA	ENSMUSG00000098370	one_to_one	1	one_to_one:1
ENSG00000228271	NA	NA	ENSMUSG00000101888	many_to_one	1	many_to_one:1
ENSG00000228280	NA	NA	ENSMUSG00000114496	many_to_one	1	many_to_one:1
ENSG00000228288	NA	NA	ENSMUSG00000120829	one_to_one	1	one_to_one:1
ENSG00000228322	NA	NA	ENSMUSG00000097735	many_to_one	1	many_to_one:1
ENSG00000228340	NA	NA	ENSMUSG00000120838	many_to_one	1	many_to_one:1
ENSG00000228343	NA	NA	ENSMUSG00000055188	many_to_one	1	many_to_one:1
ENSG00000228350	NA	NA	ENSMUSG00000103785	one_to_one	1	one_to_one:1
ENSG00000228353	ENSCAFG00845003150	many_to_one	NA	NA	1	many_to_one:1
ENSG00000228361	NA	NA	ENSMUSG00000120609	many_to_one	1	many_to_one:1
ENSG00000228368	NA	NA	ENSMUSG00000097700	many_to_one	1	many_to_one:1
ENSG00000228392	NA	NA	ENSMUSG00000086904	many_to_one	1	many_to_one:1
ENSG00000228393	NA	NA	ENSMUSG00000073147	many_to_one	1	many_to_one:1
ENSG00000228404	NA	NA	ENSMUSG00000086241	one_to_one	1	one_to_one:1
ENSG00000228417	NA	NA	ENSMUSG00000118369	one_to_one	1	one_to_one:1
ENSG00000228420	ENSCAFG00845002398	many_to_one	NA	NA	1	many_to_one:1
ENSG00000228421	ENSCAFG00845017601	one_to_one	ENSMUSG00000108255;ENSMUSG00000108175	one_to_many	2	one_to_many:1;one_to_one:1
ENSG00000228426	NA	NA	ENSMUSG00000099869	one_to_one	1	one_to_one:1
ENSG00000228427	NA	NA	ENSMUSG00000120504	one_to_one	1	one_to_one:1
ENSG00000228452	NA	NA	ENSMUSG00000085626	one_to_one	1	one_to_one:1
ENSG00000228481	NA	NA	ENSMUSG00000071036;ENSMUSG00000100738;ENSMUSG00000120162;ENSMUSG00000121124	many_to_many	1	many_to_many:1
ENSG00000228484	NA	NA	ENSMUSG00000117684	one_to_one	1	one_to_one:1
ENSG00000228487	NA	NA	ENSMUSG00000085087	one_to_one	1	one_to_one:1
ENSG00000228488	ENSCAFG00845016009;ENSCAFG00845015993	one_to_many	NA	NA	1	one_to_many:1
ENSG00000228526	ENSCAFG00845028763	one_to_one	NA	NA	1	one_to_one:1
ENSG00000228539	NA	NA	ENSMUSG00000074737	one_to_one	1	one_to_one:1
ENSG00000228541	NA	NA	ENSMUSG00000085979	one_to_one	1	one_to_one:1
ENSG00000228553	NA	NA	ENSMUSG00000101079	many_to_one	1	many_to_one:1
ENSG00000228554	NA	NA	ENSMUSG00000113100	many_to_one	1	many_to_one:1
ENSG00000228566	NA	NA	ENSMUSG00000097134;ENSMUSG00000120434	many_to_many_strict	1	many_to_many_strict:1
ENSG00000228590	NA	NA	ENSMUSG00000085579;ENSMUSG00000120674	one_to_many	1	one_to_many:1
ENSG00000228622	NA	NA	ENSMUSG00000112586	one_to_one	1	one_to_one:1
ENSG00000228629	ENSCAFG00845000094	one_to_one	NA	NA	1	one_to_one:1
ENSG00000228634	NA	NA	ENSMUSG00000121033	one_to_one	1	one_to_one:1
ENSG00000228639	ENSCAFG00845020409;ENSCAFG00845020450;ENSCAFG00845020427	many_to_many	NA	NA	1	many_to_many:1
ENSG00000228648	ENSCAFG00845004902	many_to_one	NA	NA	1	many_to_one:1
ENSG00000228649	NA	NA	ENSMUSG00000097180	one_to_one	1	one_to_one:1
ENSG00000228650	NA	NA	ENSMUSG00000086861	one_to_one	1	one_to_one:1
ENSG00000228655	NA	NA	ENSMUSG00000085089	many_to_one	1	many_to_one:1
ENSG00000228680	ENSCAFG00845017845	many_to_one	ENSMUSG00000113654	many_to_one	2	many_to_one:2
ENSG00000228703	NA	NA	ENSMUSG00000056411	one_to_one	1	one_to_one:1
ENSG00000228705	ENSCAFG00845017730	one_to_one	NA	NA	1	one_to_one:1
ENSG00000228709	ENSCAFG00845020737	one_to_one	NA	NA	1	one_to_one:1
ENSG00000228718	NA	NA	ENSMUSG00000118652	one_to_one	1	one_to_one:1
ENSG00000228723	NA	NA	ENSMUSG00000108103	many_to_one	1	many_to_one:1
ENSG00000228734	NA	NA	ENSMUSG00000087332	one_to_one	1	one_to_one:1
ENSG00000228748	NA	NA	ENSMUSG00000118519	one_to_one	1	one_to_one:1
ENSG00000228768	NA	NA	ENSMUSG00000084969	many_to_one	1	many_to_one:1
ENSG00000228791	NA	NA	ENSMUSG00000114504	many_to_one	1	many_to_one:1
ENSG00000228794	ENSCAFG00845019165;ENSCAFG00845019155;ENSCAFG00845019136	many_to_many	NA	NA	1	many_to_many:1
ENSG00000228801	NA	NA	ENSMUSG00000120372	one_to_one	1	one_to_one:1
ENSG00000228830	NA	NA	ENSMUSG00000120101	one_to_one	1	one_to_one:1
ENSG00000228835	NA	NA	ENSMUSG00000043168	one_to_one	1	one_to_one:1
ENSG00000228838	NA	NA	ENSMUSG00000028612;ENSMUSG00000087200;ENSMUSG00000073779	many_to_many	1	many_to_many:1
ENSG00000228853	ENSCAFG00845004795	one_to_one	NA	NA	1	one_to_one:1
ENSG00000228857	NA	NA	ENSMUSG00000121266	many_to_one	1	many_to_one:1
ENSG00000228878	NA	NA	ENSMUSG00000120169	one_to_one	1	one_to_one:1
ENSG00000228886	ENSCAFG00845009202	one_to_one	NA	NA	1	one_to_one:1
ENSG00000228889	NA	NA	ENSMUSG00000102112	one_to_one	1	one_to_one:1
ENSG00000228950	ENSCAFG00845019808	one_to_one	NA	NA	1	one_to_one:1
ENSG00000228959	ENSCAFG00845011168;ENSCAFG00845011159	one_to_many	ENSMUSG00000100943	one_to_one	2	one_to_many:1;one_to_one:1
ENSG00000229017	NA	NA	ENSMUSG00000112172	many_to_one	1	many_to_one:1
ENSG00000229042	NA	NA	ENSMUSG00000084919;ENSMUSG00000054457	many_to_many	1	many_to_many:1
ENSG00000229043	NA	NA	ENSMUSG00000121177	one_to_one	1	one_to_one:1
ENSG00000229051	NA	NA	ENSMUSG00000106632	one_to_one	1	one_to_one:1
ENSG00000229056	ENSCAFG00845022672	one_to_one	NA	NA	1	one_to_one:1
ENSG00000229065	NA	NA	ENSMUSG00000089854	one_to_one	1	one_to_one:1
ENSG00000229086	NA	NA	ENSMUSG00000120333	one_to_one	1	one_to_one:1
ENSG00000229108	NA	NA	ENSMUSG00000101067	many_to_one	1	many_to_one:1
ENSG00000229118	NA	NA	ENSMUSG00000085750	many_to_one	1	many_to_one:1
ENSG00000229162	NA	NA	ENSMUSG00000084986;ENSMUSG00000086884	one_to_many	1	one_to_many:1
ENSG00000229188	NA	NA	ENSMUSG00000085483;ENSMUSG00000097602	one_to_many	1	one_to_many:1
ENSG00000229190	NA	NA	ENSMUSG00000086657	many_to_one	1	many_to_one:1
ENSG00000229191	NA	NA	ENSMUSG00000086264	one_to_one	1	one_to_one:1
ENSG00000229196	ENSCAFG00845019142	one_to_one	NA	NA	1	one_to_one:1
ENSG00000229206	NA	NA	ENSMUSG00000087079	many_to_one	1	many_to_one:1
ENSG00000229240	NA	NA	ENSMUSG00000087079	many_to_one	1	many_to_one:1
ENSG00000229262	NA	NA	ENSMUSG00000084837	one_to_one	1	one_to_one:1
ENSG00000229263	NA	NA	ENSMUSG00000107766	one_to_one	1	one_to_one:1
ENSG00000229294	NA	NA	ENSMUSG00000120834	one_to_one	1	one_to_one:1
ENSG00000229312	NA	NA	ENSMUSG00000118340	many_to_one	1	many_to_one:1
ENSG00000229327	NA	NA	ENSMUSG00000101320	many_to_one	1	many_to_one:1
ENSG00000229345	ENSCAFG00845003835	one_to_one	ENSMUSG00000113453	one_to_one	2	one_to_one:2
ENSG00000229388	NA	NA	ENSMUSG00000120711	many_to_one	1	many_to_one:1
ENSG00000229393	NA	NA	ENSMUSG00000073686	many_to_one	1	many_to_one:1
ENSG00000229444	NA	NA	ENSMUSG00000086554	one_to_one	1	one_to_one:1
ENSG00000229452	NA	NA	ENSMUSG00000108060	many_to_one	1	many_to_one:1
ENSG00000229458	ENSCAFG00845015727	many_to_one	ENSMUSG00000093556;ENSMUSG00000093383;ENSMUSG00000093528	many_to_many	2	many_to_many:1;many_to_one:1
ENSG00000229520	NA	NA	ENSMUSG00000109921	one_to_one	1	one_to_one:1
ENSG00000229531	NA	NA	ENSMUSG00000104302	many_to_one	1	many_to_one:1
ENSG00000229546	NA	NA	ENSMUSG00000115517	one_to_one	1	one_to_one:1
ENSG00000229569	NA	NA	ENSMUSG00000097601	one_to_one	1	one_to_one:1
ENSG00000229582	NA	NA	ENSMUSG00000084908	one_to_one	1	one_to_one:1
ENSG00000229588	NA	NA	ENSMUSG00000097823;ENSMUSG00000102548	many_to_many_strict	1	many_to_many_strict:1
ENSG00000229589	NA	NA	ENSMUSG00000111204	one_to_one	1	one_to_one:1
ENSG00000229618	NA	NA	ENSMUSG00000113874	one_to_one	1	one_to_one:1
ENSG00000229630	NA	NA	ENSMUSG00000107791	one_to_one	1	one_to_one:1
ENSG00000229647	NA	NA	ENSMUSG00000086836	many_to_one	1	many_to_one:1
ENSG00000229656	ENSCAFG00845002869	one_to_one	NA	NA	1	one_to_one:1
ENSG00000229666	NA	NA	ENSMUSG00000090329;ENSMUSG00000091906	one_to_many	1	one_to_many:1
ENSG00000229672	ENSCAFG00845003150	many_to_one	NA	NA	1	many_to_one:1
ENSG00000229673	NA	NA	ENSMUSG00000087256;ENSMUSG00000112493	many_to_many_strict	1	many_to_many_strict:1
ENSG00000229679	ENSCAFG00845028986	one_to_one	NA	NA	1	one_to_one:1
ENSG00000229688	NA	NA	ENSMUSG00000091007	many_to_one	1	many_to_one:1
ENSG00000229739	NA	NA	ENSMUSG00000099447	one_to_one	1	one_to_one:1
ENSG00000229751	NA	NA	ENSMUSG00000087355;ENSMUSG00000086018;ENSMUSG00000086874;ENSMUSG00000084859	many_to_many	1	many_to_many:1
ENSG00000229780	NA	NA	ENSMUSG00000042579	one_to_one	1	one_to_one:1
ENSG00000229797	NA	NA	ENSMUSG00000045815	one_to_one	1	one_to_one:1
ENSG00000229805	NA	NA	ENSMUSG00000084966	one_to_one	1	one_to_one:1
ENSG00000229847	NA	NA	ENSMUSG00000087095	one_to_one	1	one_to_one:1
ENSG00000229848	NA	NA	ENSMUSG00000043644	many_to_one	1	many_to_one:1
ENSG00000229854	NA	NA	ENSMUSG00000086555	one_to_one	1	one_to_one:1
ENSG00000229882	ENSCAFG00845017394;ENSCAFG00845017436;ENSCAFG00845017477	many_to_many	NA	NA	1	many_to_many:1
ENSG00000229891	ENSCAFG00845014849	one_to_one	NA	NA	1	one_to_one:1
ENSG00000229896	NA	NA	ENSMUSG00000100071	one_to_one	1	one_to_one:1
ENSG00000229901	NA	NA	ENSMUSG00000084929	one_to_one	1	one_to_one:1
ENSG00000229912	NA	NA	ENSMUSG00000116572;ENSMUSG00000116762	many_to_many_strict	1	many_to_many_strict:1
ENSG00000229928	NA	NA	ENSMUSG00000075512	one_to_one	1	one_to_one:1
ENSG00000229931	NA	NA	ENSMUSG00000113987;ENSMUSG00000114131;ENSMUSG00000038152	many_to_many	1	many_to_many:1
ENSG00000229950	NA	NA	ENSMUSG00000114936;ENSMUSG00000097752;ENSMUSG00000114597	many_to_many	1	many_to_many:1
ENSG00000229964	NA	NA	ENSMUSG00000097184	many_to_one	1	many_to_one:1
ENSG00000229983	NA	NA	ENSMUSG00000103517	one_to_one	1	one_to_one:1
ENSG00000229989	ENSCAFG00845022979	one_to_one	ENSMUSG00000098206;ENSMUSG00000098243	one_to_many	2	one_to_many:1;one_to_one:1
ENSG00000229990	NA	NA	ENSMUSG00000114241	many_to_one	1	many_to_one:1
ENSG00000229999	NA	NA	ENSMUSG00000115976	one_to_one	1	one_to_one:1
ENSG00000230001	NA	NA	ENSMUSG00000089952	one_to_one	1	one_to_one:1
ENSG00000230013	NA	NA	ENSMUSG00000087192	one_to_one	1	one_to_one:1
ENSG00000230020	NA	NA	ENSMUSG00000087571	one_to_one	1	one_to_one:1
ENSG00000230035	NA	NA	ENSMUSG00000086164;ENSMUSG00000085968	one_to_many	1	one_to_many:1
ENSG00000230046	NA	NA	ENSMUSG00000117358;ENSMUSG00000097546	many_to_many_strict	1	many_to_many_strict:1
ENSG00000230090	ENSCAFG00845022159	many_to_one	ENSMUSG00000120751	many_to_one	2	many_to_one:2
ENSG00000230102	NA	NA	ENSMUSG00000075286;ENSMUSG00000116660	one_to_many	1	one_to_many:1
ENSG00000230113	NA	NA	ENSMUSG00000086507	one_to_one	1	one_to_one:1
ENSG00000230138	NA	NA	ENSMUSG00000087195;ENSMUSG00000087289	many_to_many_strict	1	many_to_many_strict:1
ENSG00000230140	ENSCAFG00845015981	one_to_one	NA	NA	1	one_to_one:1
ENSG00000230149	NA	NA	ENSMUSG00000089796;ENSMUSG00000087543	many_to_many	1	many_to_many:1
ENSG00000230156	NA	NA	ENSMUSG00000109062;ENSMUSG00000109371	one_to_many	1	one_to_many:1
ENSG00000230260	NA	NA	ENSMUSG00000103844	one_to_one	1	one_to_one:1
ENSG00000230262	NA	NA	ENSMUSG00000053181	one_to_one	1	one_to_one:1
ENSG00000230269	NA	NA	ENSMUSG00000113591	one_to_one	1	one_to_one:1
ENSG00000230290	NA	NA	ENSMUSG00000111103	one_to_one	1	one_to_one:1
ENSG00000230316	NA	NA	ENSMUSG00000120116	one_to_one	1	one_to_one:1
ENSG00000230322	NA	NA	ENSMUSG00000087079	many_to_one	1	many_to_one:1
ENSG00000230323	NA	NA	ENSMUSG00000116753	one_to_one	1	one_to_one:1
ENSG00000230333	ENSCAFG00845025005	one_to_one	NA	NA	1	one_to_one:1
ENSG00000230352	NA	NA	ENSMUSG00000084795;ENSMUSG00000087215	many_to_many	1	many_to_many:1
ENSG00000230366	ENSCAFG00845028522	many_to_one	ENSMUSG00000116589	many_to_one	2	many_to_one:2
ENSG00000230387	NA	NA	ENSMUSG00000087678	one_to_one	1	one_to_one:1
ENSG00000230393	NA	NA	ENSMUSG00000085391;ENSMUSG00000085280;ENSMUSG00000087131	one_to_many	1	one_to_many:1
ENSG00000230402	NA	NA	ENSMUSG00000097362	one_to_one	1	one_to_one:1
ENSG00000230427	NA	NA	ENSMUSG00000120588	one_to_one	1	one_to_one:1
ENSG00000230432	NA	NA	ENSMUSG00000101840	one_to_one	1	one_to_one:1
ENSG00000230435	NA	NA	ENSMUSG00000107422	one_to_one	1	one_to_one:1
ENSG00000230461	ENSCAFG00845001588	many_to_one	ENSMUSG00000119953;ENSMUSG00000079045;ENSMUSG00000099404	many_to_many_strict	2	many_to_many_strict:1;many_to_one:1
ENSG00000230499	NA	NA	ENSMUSG00000085750	many_to_one	1	many_to_one:1
ENSG00000230500	NA	NA	ENSMUSG00000117356	one_to_one	1	one_to_one:1
ENSG00000230555	ENSCAFG00845027146	one_to_one	NA	NA	1	one_to_one:1
ENSG00000230563	ENSCAFG00845028099	many_to_one	ENSMUSG00000086379	many_to_one	2	many_to_one:2
ENSG00000230573	NA	NA	ENSMUSG00000120440	many_to_one	1	many_to_one:1
ENSG00000230575	NA	NA	ENSMUSG00000114412;ENSMUSG00000114205	many_to_many_strict	1	many_to_many_strict:1
ENSG00000230587	NA	NA	ENSMUSG00000117485;ENSMUSG00000121234	one_to_many	1	one_to_many:1
ENSG00000230590	ENSCAFG00845029920	many_to_one	ENSMUSG00000086370	many_to_one	2	many_to_one:2
ENSG00000230597	ENSCAFG00845010257;ENSCAFG00845010245;ENSCAFG00845010224;ENSCAFG00845010279;ENSCAFG00845010265;ENSCAFG00845010213;ENSCAFG00845010228	one_to_many	NA	NA	1	one_to_many:1
ENSG00000230630	NA	NA	ENSMUSG00000090260;ENSMUSG00000078190	many_to_many_strict	1	many_to_many_strict:1
ENSG00000230641	NA	NA	ENSMUSG00000104845	many_to_one	1	many_to_one:1
ENSG00000230648	ENSCAFG00845018340	many_to_one	ENSMUSG00000113170	many_to_one	2	many_to_one:2
ENSG00000230684	NA	NA	ENSMUSG00000121206	many_to_one	1	many_to_one:1
ENSG00000230694	ENSCAFG00845013280	many_to_one	NA	NA	1	many_to_one:1
ENSG00000230695	NA	NA	ENSMUSG00000073652	one_to_one	1	one_to_one:1
ENSG00000230699	ENSCAFG00845019165;ENSCAFG00845019155;ENSCAFG00845019136	many_to_many	NA	NA	1	many_to_many:1
ENSG00000230725	NA	NA	ENSMUSG00000100630	many_to_one	1	many_to_one:1
ENSG00000230729	NA	NA	ENSMUSG00000084761;ENSMUSG00000087054	one_to_many	1	one_to_many:1
ENSG00000230733	NA	NA	ENSMUSG00000121070	one_to_one	1	one_to_one:1
ENSG00000230749	NA	NA	ENSMUSG00000084085;ENSMUSG00000087507	many_to_many_strict	1	many_to_many_strict:1
ENSG00000230753	ENSCAFG00845025537	one_to_one	NA	NA	1	one_to_one:1
ENSG00000230798	NA	NA	ENSMUSG00000086096	one_to_one	1	one_to_one:1
ENSG00000230815	NA	NA	ENSMUSG00000113203;ENSMUSG00000113257	many_to_many_strict	1	many_to_many_strict:1
ENSG00000230826	NA	NA	ENSMUSG00000087294	many_to_one	1	many_to_one:1
ENSG00000230830	NA	NA	ENSMUSG00000087038;ENSMUSG00000089718	one_to_many	1	one_to_many:1
ENSG00000230881	NA	NA	ENSMUSG00000120931	many_to_one	1	many_to_one:1
ENSG00000230918	NA	NA	ENSMUSG00000087518	one_to_one	1	one_to_one:1
ENSG00000230920	ENSCAFG00845027822	many_to_one	ENSMUSG00000092492;ENSMUSG00000110373	many_to_many	2	many_to_many:1;many_to_one:1
ENSG00000230923	ENSCAFG00845020422	one_to_one	NA	NA	1	one_to_one:1
ENSG00000230944	NA	NA	ENSMUSG00000120743	one_to_one	1	one_to_one:1
ENSG00000230955	NA	NA	ENSMUSG00000086589	one_to_one	1	one_to_one:1
ENSG00000230960	NA	NA	ENSMUSG00000116851	many_to_one	1	many_to_one:1
ENSG00000230967	NA	NA	ENSMUSG00000100417	one_to_one	1	one_to_one:1
ENSG00000230978	NA	NA	ENSMUSG00000116709	one_to_one	1	one_to_one:1
ENSG00000231028	ENSCAFG00845005394	many_to_one	ENSMUSG00000111227	many_to_one	2	many_to_one:2
ENSG00000231057	NA	NA	ENSMUSG00000102840	one_to_one	1	one_to_one:1
ENSG00000231073	NA	NA	ENSMUSG00000093424	many_to_one	1	many_to_one:1
ENSG00000231083	NA	NA	ENSMUSG00000113587;ENSMUSG00000112937;ENSMUSG00000114033	many_to_many	1	many_to_many:1
ENSG00000231090	NA	NA	ENSMUSG00000120027	one_to_one	1	one_to_one:1
ENSG00000231098	NA	NA	ENSMUSG00000087356	one_to_one	1	one_to_one:1
ENSG00000231104	NA	NA	ENSMUSG00000091378	many_to_one	1	many_to_one:1
ENSG00000231105	NA	NA	ENSMUSG00000085823	many_to_one	1	many_to_one:1
ENSG00000231106	NA	NA	ENSMUSG00000097139	many_to_one	1	many_to_one:1
ENSG00000231119	NA	NA	ENSMUSG00000086820;ENSMUSG00000085274	many_to_many	1	many_to_many:1
ENSG00000231133	NA	NA	ENSMUSG00000074507	many_to_one	1	many_to_one:1
ENSG00000231138	NA	NA	ENSMUSG00000086814	one_to_one	1	one_to_one:1
ENSG00000231150	NA	NA	ENSMUSG00000118119;ENSMUSG00000099474;ENSMUSG00000117760	many_to_many	1	many_to_many:1
ENSG00000231154	NA	NA	ENSMUSG00000087368	one_to_one	1	one_to_one:1
ENSG00000231160	NA	NA	ENSMUSG00000097640	one_to_one	1	one_to_one:1
ENSG00000231163	NA	NA	ENSMUSG00000087459	one_to_one	1	one_to_one:1
ENSG00000231172	NA	NA	ENSMUSG00000087136	many_to_one	1	many_to_one:1
ENSG00000231173	NA	NA	ENSMUSG00000100674	many_to_one	1	many_to_one:1
ENSG00000231177	NA	NA	ENSMUSG00000097994	one_to_one	1	one_to_one:1
ENSG00000231178	NA	NA	ENSMUSG00000116955	one_to_one	1	one_to_one:1
ENSG00000231185	NA	NA	ENSMUSG00000118257	one_to_one	1	one_to_one:1
ENSG00000231210	NA	NA	ENSMUSG00000085264	one_to_one	1	one_to_one:1
ENSG00000231246	NA	NA	ENSMUSG00000051788	one_to_one	1	one_to_one:1
ENSG00000231249	NA	NA	ENSMUSG00000107458	many_to_one	1	many_to_one:1
ENSG00000231265	NA	NA	ENSMUSG00000120668	one_to_one	1	one_to_one:1
ENSG00000231310	NA	NA	ENSMUSG00000106019	one_to_one	1	one_to_one:1
ENSG00000231324	ENSCAFG00845027630	one_to_one	NA	NA	1	one_to_one:1
ENSG00000231327	ENSCAFG00845027211	one_to_one	NA	NA	1	one_to_one:1
ENSG00000231336	NA	NA	ENSMUSG00000071036;ENSMUSG00000100738;ENSMUSG00000120162;ENSMUSG00000121124	many_to_many	1	many_to_many:1
ENSG00000231428	NA	NA	ENSMUSG00000109151	one_to_one	1	one_to_one:1
ENSG00000231437	NA	NA	ENSMUSG00000074346	many_to_one	1	many_to_one:1
ENSG00000231441	NA	NA	ENSMUSG00000096992	one_to_one	1	one_to_one:1
ENSG00000231476	NA	NA	ENSMUSG00000105335	one_to_one	1	one_to_one:1
ENSG00000231529	NA	NA	ENSMUSG00000103478;ENSMUSG00000104461	one_to_many	1	one_to_many:1
ENSG00000231530	NA	NA	ENSMUSG00000120927	one_to_one	1	one_to_one:1
ENSG00000231533	NA	NA	ENSMUSG00000111443	one_to_one	1	one_to_one:1
ENSG00000231563	NA	NA	ENSMUSG00000085379	one_to_one	1	one_to_one:1
ENSG00000231585	NA	NA	ENSMUSG00000085888	many_to_one	1	many_to_one:1
ENSG00000231606	NA	NA	ENSMUSG00000087525	many_to_one	1	many_to_one:1
ENSG00000231612	NA	NA	ENSMUSG00000089713	many_to_one	1	many_to_one:1
ENSG00000231616	NA	NA	ENSMUSG00000097399	many_to_one	1	many_to_one:1
ENSG00000231621	ENSCAFG00845026192	many_to_one	ENSMUSG00000101674	many_to_one	2	many_to_one:2
ENSG00000231638	ENSCAFG00845017845	many_to_one	ENSMUSG00000113654	many_to_one	2	many_to_one:2
ENSG00000231652	NA	NA	ENSMUSG00000091147	one_to_one	1	one_to_one:1
ENSG00000231671	NA	NA	ENSMUSG00000120078	one_to_one	1	one_to_one:1
ENSG00000231672	NA	NA	ENSMUSG00000101344;ENSMUSG00000100301	one_to_many	1	one_to_many:1
ENSG00000231691	NA	NA	ENSMUSG00000101693	one_to_one	1	one_to_one:1
ENSG00000231720	ENSCAFG00845004897	one_to_one	NA	NA	1	one_to_one:1
ENSG00000231721	NA	NA	ENSMUSG00000086212	many_to_one	1	many_to_one:1
ENSG00000231724	NA	NA	ENSMUSG00000116733	one_to_one	1	one_to_one:1
ENSG00000231731	NA	NA	ENSMUSG00000120022	one_to_one	1	one_to_one:1
ENSG00000231740	NA	NA	ENSMUSG00000085377	many_to_one	1	many_to_one:1
ENSG00000231754	ENSCAFG00845017101;ENSCAFG00845017123	many_to_many_strict	ENSMUSG00000086363	many_to_one	2	many_to_many_strict:1;many_to_one:1
ENSG00000231756	ENSCAFG00845013280	many_to_one	NA	NA	1	many_to_one:1
ENSG00000231758	NA	NA	ENSMUSG00000085089	many_to_one	1	many_to_one:1
ENSG00000231760	NA	NA	ENSMUSG00000120335	one_to_one	1	one_to_one:1
ENSG00000231764	NA	NA	ENSMUSG00000090063	one_to_one	1	one_to_one:1
ENSG00000231769	NA	NA	ENSMUSG00000120221	one_to_one	1	one_to_one:1
ENSG00000231770	NA	NA	ENSMUSG00000120188	one_to_one	1	one_to_one:1
ENSG00000231794	ENSCAFG00845009605	one_to_one	NA	NA	1	one_to_one:1
ENSG00000231814	ENSCAFG00845028096	one_to_one	NA	NA	1	one_to_one:1
ENSG00000231858	NA	NA	ENSMUSG00000109599	one_to_one	1	one_to_one:1
ENSG00000231903	NA	NA	ENSMUSG00000101409;ENSMUSG00000099811	many_to_many	1	many_to_many:1
ENSG00000231918	NA	NA	ENSMUSG00000071033;ENSMUSG00000090160	many_to_many	1	many_to_many:1
ENSG00000231920	NA	NA	ENSMUSG00000085100	one_to_one	1	one_to_one:1
ENSG00000231933	NA	NA	ENSMUSG00000098230	many_to_one	1	many_to_one:1
ENSG00000231969	ENSCAFG00845007905	one_to_one	ENSMUSG00000085862	one_to_one	2	one_to_one:2
ENSG00000231977	NA	NA	ENSMUSG00000086166;ENSMUSG00000121094	many_to_many	1	many_to_many:1
ENSG00000231980	NA	NA	ENSMUSG00000099907	many_to_one	1	many_to_one:1
ENSG00000231985	NA	NA	ENSMUSG00000086708;ENSMUSG00000085084	many_to_many_strict	1	many_to_many_strict:1
ENSG00000231992	ENSCAFG00845014409	one_to_one	NA	NA	1	one_to_one:1
ENSG00000232006	ENSCAFG00845017845	many_to_one	ENSMUSG00000113654	many_to_one	2	many_to_one:2
ENSG00000232021	NA	NA	ENSMUSG00000106086	one_to_one	1	one_to_one:1
ENSG00000232035	ENSCAFG00845027832;ENSCAFG00845027861;ENSCAFG00845027894;ENSCAFG00845027876;ENSCAFG00845027934;ENSCAFG00845027918	one_to_many	NA	NA	1	one_to_many:1
ENSG00000232057	NA	NA	ENSMUSG00000112663;ENSMUSG00000112390	many_to_many	1	many_to_many:1
ENSG00000232065	ENSCAFG00845030117	one_to_one	NA	NA	1	one_to_one:1
ENSG00000232077	ENSCAFG00845024312	one_to_one	NA	NA	1	one_to_one:1
ENSG00000232085	NA	NA	ENSMUSG00000103435	many_to_one	1	many_to_one:1
ENSG00000232086	NA	NA	ENSMUSG00000098739	many_to_one	1	many_to_one:1
ENSG00000232104	NA	NA	ENSMUSG00000092182	many_to_one	1	many_to_one:1
ENSG00000232117	ENSCAFG00845022182	many_to_one	NA	NA	1	many_to_one:1
ENSG00000232121	ENSCAFG00845017452;ENSCAFG00845017408;ENSCAFG00845017427	many_to_many	NA	NA	1	many_to_many:1
ENSG00000232131	ENSCAFG00845000100	one_to_one	NA	NA	1	one_to_one:1
ENSG00000232162	NA	NA	ENSMUSG00000104845	many_to_one	1	many_to_one:1
ENSG00000232183	NA	NA	ENSMUSG00000120929	many_to_one	1	many_to_one:1
ENSG00000232190	NA	NA	ENSMUSG00000097438	many_to_one	1	many_to_one:1
ENSG00000232192	NA	NA	ENSMUSG00000089713	many_to_one	1	many_to_one:1
ENSG00000232194	NA	NA	ENSMUSG00000103583	one_to_one	1	one_to_one:1
ENSG00000232229	NA	NA	ENSMUSG00000117865	many_to_one	1	many_to_one:1
ENSG00000232245	NA	NA	ENSMUSG00000085581	many_to_one	1	many_to_one:1
ENSG00000232259	NA	NA	ENSMUSG00000097471	many_to_one	1	many_to_one:1
ENSG00000232325	ENSCAFG00845010130	many_to_one	NA	NA	1	many_to_one:1
ENSG00000232354	ENSCAFG00845019344	one_to_one	NA	NA	1	one_to_one:1
ENSG00000232360	ENSCAFG00845026338	one_to_one	ENSMUSG00000116763	one_to_one	2	one_to_one:2
ENSG00000232363	NA	NA	ENSMUSG00000115924	one_to_one	1	one_to_one:1
ENSG00000232394	NA	NA	ENSMUSG00000108773	one_to_one	1	one_to_one:1
ENSG00000232406	NA	NA	ENSMUSG00000085524;ENSMUSG00000086872	many_to_many_strict	1	many_to_many_strict:1
ENSG00000232412	NA	NA	ENSMUSG00000120132	one_to_one	1	one_to_one:1
ENSG00000232413	NA	NA	ENSMUSG00000103413;ENSMUSG00000087461	one_to_many	1	one_to_many:1
ENSG00000232415	NA	NA	ENSMUSG00000107318	one_to_one	1	one_to_one:1
ENSG00000232453	NA	NA	ENSMUSG00000085377	many_to_one	1	many_to_one:1
ENSG00000232464	NA	NA	ENSMUSG00000098230	many_to_one	1	many_to_one:1
ENSG00000232480	NA	NA	ENSMUSG00000100393	one_to_one	1	one_to_one:1
ENSG00000232490	NA	NA	ENSMUSG00000098127;ENSMUSG00000098191	one_to_many	1	one_to_many:1
ENSG00000232504	NA	NA	ENSMUSG00000108709	many_to_one	1	many_to_one:1
ENSG00000232519	NA	NA	ENSMUSG00000120722	one_to_one	1	one_to_one:1
ENSG00000232529	ENSCAFG00845000496	one_to_one	NA	NA	1	one_to_one:1
ENSG00000232533	NA	NA	ENSMUSG00000108033	one_to_one	1	one_to_one:1
ENSG00000232539	ENSCAFG00845026388	one_to_one	NA	NA	1	one_to_one:1
ENSG00000232557	ENSCAFG00845014652	one_to_one	NA	NA	1	one_to_one:1
ENSG00000232564	NA	NA	ENSMUSG00000047938	many_to_one	1	many_to_one:1
ENSG00000232581	NA	NA	ENSMUSG00000089889	one_to_one	1	one_to_one:1
ENSG00000232598	NA	NA	ENSMUSG00000117592	one_to_one	1	one_to_one:1
ENSG00000232606	NA	NA	ENSMUSG00000052248	many_to_one	1	many_to_one:1
ENSG00000232618	NA	NA	ENSMUSG00000120437	many_to_one	1	many_to_one:1
ENSG00000232643	ENSCAFG00845022177	one_to_one	ENSMUSG00000087647;ENSMUSG00000085740	one_to_many	2	one_to_many:1;one_to_one:1
ENSG00000232648	NA	NA	ENSMUSG00000074357	one_to_one	1	one_to_one:1
ENSG00000232650	ENSCAFG00845006244	one_to_one	ENSMUSG00000085121	one_to_one	2	one_to_one:2
ENSG00000232655	ENSCAFG00845012265	one_to_one	NA	NA	1	one_to_one:1
ENSG00000232661	NA	NA	ENSMUSG00000087389	many_to_one	1	many_to_one:1
ENSG00000232671	NA	NA	ENSMUSG00000085956	one_to_one	1	one_to_one:1
ENSG00000232675	NA	NA	ENSMUSG00000074753	many_to_one	1	many_to_one:1
ENSG00000232684	NA	NA	ENSMUSG00000084780	many_to_one	1	many_to_one:1
ENSG00000232696	NA	NA	ENSMUSG00000071036;ENSMUSG00000100738;ENSMUSG00000120162;ENSMUSG00000121124	many_to_many	1	many_to_many:1
ENSG00000232715	NA	NA	ENSMUSG00000099907	many_to_one	1	many_to_one:1
ENSG00000232732	NA	NA	ENSMUSG00000097519	one_to_one	1	one_to_one:1
ENSG00000232738	NA	NA	ENSMUSG00000085383	many_to_one	1	many_to_one:1
ENSG00000232762	NA	NA	ENSMUSG00000028612;ENSMUSG00000087200;ENSMUSG00000073779	many_to_many	1	many_to_many:1
ENSG00000232803	NA	NA	ENSMUSG00000121267	many_to_one	1	many_to_one:1
ENSG00000232807	ENSCAFG00845002235	one_to_one	NA	NA	1	one_to_one:1
ENSG00000232811	ENSCAFG00845001767	one_to_one	NA	NA	1	one_to_one:1
ENSG00000232814	NA	NA	ENSMUSG00000084783	many_to_one	1	many_to_one:1
ENSG00000232828	NA	NA	ENSMUSG00000087193	one_to_one	1	one_to_one:1
ENSG00000232832	NA	NA	ENSMUSG00000120962	many_to_one	1	many_to_one:1
ENSG00000232876	NA	NA	ENSMUSG00000112654	one_to_one	1	one_to_one:1
ENSG00000232885	NA	NA	ENSMUSG00000093551;ENSMUSG00000093497	many_to_many	1	many_to_many:1
ENSG00000232893	NA	NA	ENSMUSG00000100850	many_to_one	1	many_to_one:1
ENSG00000232909	NA	NA	ENSMUSG00000117131	one_to_one	1	one_to_one:1
ENSG00000232912	NA	NA	ENSMUSG00000085213	one_to_one	1	one_to_one:1
ENSG00000232913	NA	NA	ENSMUSG00000101079	many_to_one	1	many_to_one:1
ENSG00000232939	NA	NA	ENSMUSG00000073846	one_to_one	1	one_to_one:1
ENSG00000232956	NA	NA	ENSMUSG00000085156	one_to_one	1	one_to_one:1
ENSG00000232973	ENSCAFG00845020477	one_to_one	NA	NA	1	one_to_one:1
ENSG00000232978	ENSCAFG00845014275	many_to_one	NA	NA	1	many_to_one:1
ENSG00000233016	NA	NA	ENSMUSG00000120369	one_to_one	1	one_to_one:1
ENSG00000233038	NA	NA	ENSMUSG00000099907	many_to_one	1	many_to_one:1
ENSG00000233044	NA	NA	ENSMUSG00000121103	many_to_one	1	many_to_one:1
ENSG00000233069	NA	NA	ENSMUSG00000120622	one_to_one	1	one_to_one:1
ENSG00000233081	NA	NA	ENSMUSG00000120159	one_to_one	1	one_to_one:1
ENSG00000233086	NA	NA	ENSMUSG00000120068	one_to_one	1	one_to_one:1
ENSG00000233093	NA	NA	ENSMUSG00000085808	one_to_one	1	one_to_one:1
ENSG00000233099	NA	NA	ENSMUSG00000097745	many_to_one	1	many_to_one:1
ENSG00000233108	NA	NA	ENSMUSG00000087305	one_to_one	1	one_to_one:1
ENSG00000233110	NA	NA	ENSMUSG00000084954;ENSMUSG00000085440	many_to_many	1	many_to_many:1
ENSG00000233138	NA	NA	ENSMUSG00000101014	one_to_one	1	one_to_one:1
ENSG00000233175	NA	NA	ENSMUSG00000092371	many_to_one	1	many_to_one:1
ENSG00000233184	NA	NA	ENSMUSG00000054426	many_to_one	1	many_to_one:1
ENSG00000233191	ENSCAFG00845014177	many_to_one	NA	NA	1	many_to_one:1
ENSG00000233203	NA	NA	ENSMUSG00000086172;ENSMUSG00000085023	many_to_many	1	many_to_many:1
ENSG00000233220	NA	NA	ENSMUSG00000111246	one_to_one	1	one_to_one:1
ENSG00000233237	NA	NA	ENSMUSG00000097970;ENSMUSG00000100775	one_to_many	1	one_to_many:1
ENSG00000233293	NA	NA	ENSMUSG00000079001	many_to_one	1	many_to_one:1
ENSG00000233296	ENSCAFG00845017200	one_to_one	NA	NA	1	one_to_one:1
ENSG00000233304	NA	NA	ENSMUSG00000086272	many_to_one	1	many_to_one:1
ENSG00000233308	NA	NA	ENSMUSG00000116530	one_to_one	1	one_to_one:1
ENSG00000233351	NA	NA	ENSMUSG00000101636	one_to_one	1	one_to_one:1
ENSG00000233355	NA	NA	ENSMUSG00000097009	many_to_one	1	many_to_one:1
ENSG00000233360	NA	NA	ENSMUSG00000084864	one_to_one	1	one_to_one:1
ENSG00000233363	NA	NA	ENSMUSG00000086505	many_to_one	1	many_to_one:1
ENSG00000233367	NA	NA	ENSMUSG00000120593	one_to_one	1	one_to_one:1
ENSG00000233411	NA	NA	ENSMUSG00000089829	many_to_one	1	many_to_one:1
ENSG00000233420	ENSCAFG00845010999	one_to_one	NA	NA	1	one_to_one:1
ENSG00000233429	NA	NA	ENSMUSG00000087658	one_to_one	1	one_to_one:1
ENSG00000233452	NA	NA	ENSMUSG00000112146	one_to_one	1	one_to_one:1
ENSG00000233464	NA	NA	ENSMUSG00000096553	many_to_one	1	many_to_one:1
ENSG00000233485	NA	NA	ENSMUSG00000085424	many_to_one	1	many_to_one:1
ENSG00000233502	NA	NA	ENSMUSG00000120079	one_to_one	1	one_to_one:1
ENSG00000233508	NA	NA	ENSMUSG00000084919;ENSMUSG00000054457	many_to_many	1	many_to_many:1
ENSG00000233570	NA	NA	ENSMUSG00000104256	many_to_one	1	many_to_one:1
ENSG00000233577	ENSCAFG00845028006	many_to_one	NA	NA	1	many_to_one:1
ENSG00000233593	ENSCAFG00845016970	one_to_one	ENSMUSG00000097018	one_to_one	2	one_to_one:2
ENSG00000233611	NA	NA	ENSMUSG00000092627	one_to_one	1	one_to_one:1
ENSG00000233625	NA	NA	ENSMUSG00000074758	one_to_one	1	one_to_one:1
ENSG00000233633	ENSCAFG00845017035	one_to_one	NA	NA	1	one_to_one:1
ENSG00000233639	NA	NA	ENSMUSG00000060424	one_to_one	1	one_to_one:1
ENSG00000233642	NA	NA	ENSMUSG00000085680	one_to_one	1	one_to_one:1
ENSG00000233656	ENSCAFG00845020833	one_to_one	NA	NA	1	one_to_one:1
ENSG00000233721	ENSCAFG00845008346	many_to_one	ENSMUSG00000085463	many_to_one	2	many_to_one:2
ENSG00000233746	ENSCAFG00845027086;ENSCAFG00845027111;ENSCAFG00845027099	one_to_many	NA	NA	1	one_to_many:1
ENSG00000233783	ENSCAFG00845017653	many_to_one	ENSMUSG00000115469;ENSMUSG00000114988;ENSMUSG00000115518	many_to_many_strict	2	many_to_many_strict:1;many_to_one:1
ENSG00000233791	NA	NA	ENSMUSG00000121237	one_to_one	1	one_to_one:1
ENSG00000233797	ENSCAFG00845008529	one_to_one	NA	NA	1	one_to_one:1
ENSG00000233821	NA	NA	ENSMUSG00000115244;ENSMUSG00000115363;ENSMUSG00000067973	many_to_many	1	many_to_many:1
ENSG00000233825	NA	NA	ENSMUSG00000101320	many_to_one	1	many_to_one:1
ENSG00000233845	NA	NA	ENSMUSG00000085287;ENSMUSG00000089701;ENSMUSG00000089755	many_to_many	1	many_to_many:1
ENSG00000233849	NA	NA	ENSMUSG00000120960	one_to_one	1	one_to_one:1
ENSG00000233912	NA	NA	ENSMUSG00000120580	one_to_one	1	one_to_one:1
ENSG00000233919	NA	NA	ENSMUSG00000100146;ENSMUSG00000111528;ENSMUSG00000110730;ENSMUSG00000110911;ENSMUSG00000111445	one_to_many	1	one_to_many:1
ENSG00000233920	NA	NA	ENSMUSG00000097203	many_to_one	1	many_to_one:1
ENSG00000233926	ENSCAFG00845006899;ENSCAFG00845006972	one_to_many	ENSMUSG00000084910;ENSMUSG00000086027	one_to_many	2	one_to_many:2
ENSG00000233953	NA	NA	ENSMUSG00000086612;ENSMUSG00000085516	one_to_many	1	one_to_many:1
ENSG00000233981	NA	NA	ENSMUSG00000114121;ENSMUSG00000110016	one_to_many	1	one_to_many:1
ENSG00000234021	ENSCAFG00845027822	many_to_one	ENSMUSG00000092492;ENSMUSG00000110373	many_to_many	2	many_to_many:1;many_to_one:1
ENSG00000234022	NA	NA	ENSMUSG00000113058	one_to_one	1	one_to_one:1
ENSG00000234055	NA	NA	ENSMUSG00000087435	one_to_one	1	one_to_one:1
ENSG00000234070	NA	NA	ENSMUSG00000089730	one_to_one	1	one_to_one:1
ENSG00000234084	ENSCAFG00845005394	many_to_one	ENSMUSG00000111227	many_to_one	2	many_to_one:2
ENSG00000234091	NA	NA	ENSMUSG00000087355;ENSMUSG00000086018;ENSMUSG00000086874;ENSMUSG00000084859	many_to_many	1	many_to_many:1
ENSG00000234129	NA	NA	ENSMUSG00000087159	one_to_one	1	one_to_one:1
ENSG00000234141	NA	NA	ENSMUSG00000089890;ENSMUSG00000090151	one_to_many	1	one_to_many:1
ENSG00000234169	NA	NA	ENSMUSG00000104188	many_to_one	1	many_to_one:1
ENSG00000234173	NA	NA	ENSMUSG00000085456	many_to_one	1	many_to_one:1
ENSG00000234190	NA	NA	ENSMUSG00000105385	many_to_one	1	many_to_one:1
ENSG00000234199	ENSCAFG00845006543	many_to_one	NA	NA	1	many_to_one:1
ENSG00000234206	NA	NA	ENSMUSG00000102062;ENSMUSG00000111171;ENSMUSG00000045008	one_to_many	1	one_to_many:1
ENSG00000234210	ENSCAFG00845014177	many_to_one	NA	NA	1	many_to_one:1
ENSG00000234215	NA	NA	ENSMUSG00000105773;ENSMUSG00000105809;ENSMUSG00000106395;ENSMUSG00000104987;ENSMUSG00000100420	one_to_many	1	one_to_many:1
ENSG00000234233	ENSCAFG00845003236	one_to_one	NA	NA	1	one_to_one:1
ENSG00000234292	NA	NA	ENSMUSG00000114554;ENSMUSG00000114479	one_to_many	1	one_to_many:1
ENSG00000234300	ENSCAFG00845012224	one_to_one	NA	NA	1	one_to_one:1
ENSG00000234303	NA	NA	ENSMUSG00000100585	many_to_one	1	many_to_one:1
ENSG00000234311	NA	NA	ENSMUSG00000110115	one_to_one	1	one_to_one:1
ENSG00000234318	NA	NA	ENSMUSG00000070891	one_to_one	1	one_to_one:1
ENSG00000234390	NA	NA	ENSMUSG00000087252	one_to_one	1	one_to_one:1
ENSG00000234423	NA	NA	ENSMUSG00000120379;ENSMUSG00000113387	many_to_many_strict	1	many_to_many_strict:1
ENSG00000234427	NA	NA	ENSMUSG00000085759;ENSMUSG00000099672	many_to_many_strict	1	many_to_many_strict:1
ENSG00000234428	NA	NA	ENSMUSG00000120618	one_to_one	1	one_to_one:1
ENSG00000234432	NA	NA	ENSMUSG00000120087;ENSMUSG00000120419	one_to_many	1	one_to_many:1
ENSG00000234445	NA	NA	ENSMUSG00000099994;ENSMUSG00000101445	many_to_many	1	many_to_many:1
ENSG00000234446	NA	NA	ENSMUSG00000120831	one_to_one	1	one_to_one:1
ENSG00000234456	NA	NA	ENSMUSG00000097626	many_to_one	1	many_to_one:1
ENSG00000234476	NA	NA	ENSMUSG00000056699	one_to_one	1	one_to_one:1
ENSG00000234492	NA	NA	ENSMUSG00000105789	one_to_one	1	one_to_one:1
ENSG00000234497	NA	NA	ENSMUSG00000092522	one_to_one	1	one_to_one:1
ENSG00000234572	NA	NA	ENSMUSG00000121213	many_to_one	1	many_to_one:1
ENSG00000234577	NA	NA	ENSMUSG00000096553	many_to_one	1	many_to_one:1
ENSG00000234578	NA	NA	ENSMUSG00000028612;ENSMUSG00000087200;ENSMUSG00000073779	many_to_many	1	many_to_many:1
ENSG00000234579	NA	NA	ENSMUSG00000117118;ENSMUSG00000117023	one_to_many	1	one_to_many:1
ENSG00000234584	ENSCAFG00845026274	one_to_one	NA	NA	1	one_to_one:1
ENSG00000234593	NA	NA	ENSMUSG00000087525	many_to_one	1	many_to_one:1
ENSG00000234597	NA	NA	ENSMUSG00000113913	one_to_one	1	one_to_one:1
ENSG00000234601	NA	NA	ENSMUSG00000097009	many_to_one	1	many_to_one:1
ENSG00000234636	NA	NA	ENSMUSG00000085891	one_to_one	1	one_to_one:1
ENSG00000234647	NA	NA	ENSMUSG00000120609	many_to_one	1	many_to_one:1
ENSG00000234653	NA	NA	ENSMUSG00000086739	one_to_one	1	one_to_one:1
ENSG00000234663	ENSCAFG00845027092	one_to_one	NA	NA	1	one_to_one:1
ENSG00000234678	NA	NA	ENSMUSG00000097680	one_to_one	1	one_to_one:1
ENSG00000234688	NA	NA	ENSMUSG00000092375	one_to_one	1	one_to_one:1
ENSG00000234693	NA	NA	ENSMUSG00000086411	one_to_one	1	one_to_one:1
ENSG00000234703	NA	NA	ENSMUSG00000097139	many_to_one	1	many_to_one:1
ENSG00000234753	NA	NA	ENSMUSG00000085932	one_to_one	1	one_to_one:1
ENSG00000234756	NA	NA	ENSMUSG00000112899	one_to_one	1	one_to_one:1
ENSG00000234768	NA	NA	ENSMUSG00000120609	many_to_one	1	many_to_one:1
ENSG00000234779	ENSCAFG00845013280	many_to_one	NA	NA	1	many_to_one:1
ENSG00000234807	NA	NA	ENSMUSG00000087366	one_to_one	1	one_to_one:1
ENSG00000234818	NA	NA	ENSMUSG00000114024	many_to_one	1	many_to_one:1
ENSG00000234854	NA	NA	ENSMUSG00000109089	one_to_one	1	one_to_one:1
ENSG00000234880	ENSCAFG00845021920	many_to_one	ENSMUSG00000112818	many_to_one	2	many_to_one:2
ENSG00000234883	NA	NA	ENSMUSG00000116674	one_to_one	1	one_to_one:1
ENSG00000234899	ENSCAFG00845020409;ENSCAFG00845020450;ENSCAFG00845020427	many_to_many	NA	NA	1	many_to_many:1
ENSG00000234902	NA	NA	ENSMUSG00000101895	many_to_one	1	many_to_one:1
ENSG00000234921	NA	NA	ENSMUSG00000098383;ENSMUSG00000087539	many_to_many_strict	1	many_to_many_strict:1
ENSG00000234942	ENSCAFG00845006263	one_to_one	NA	NA	1	one_to_one:1
ENSG00000234943	ENSCAFG00845009426	many_to_one	ENSMUSG00000119981;ENSMUSG00000101872;ENSMUSG00000073073	many_to_many	2	many_to_many:1;many_to_one:1
ENSG00000234944	NA	NA	ENSMUSG00000107933	one_to_one	1	one_to_one:1
ENSG00000234948	NA	NA	ENSMUSG00000052368;ENSMUSG00000086348	one_to_many	1	one_to_many:1
ENSG00000234949	ENSCAFG00845028849	one_to_one	NA	NA	1	one_to_one:1
ENSG00000234953	NA	NA	ENSMUSG00000104786	many_to_one	1	many_to_one:1
ENSG00000235011	ENSCAFG00845002716	many_to_one	NA	NA	1	many_to_one:1
ENSG00000235020	NA	NA	ENSMUSG00000087086;ENSMUSG00000104106	many_to_many_strict	1	many_to_many_strict:1
ENSG00000235023	NA	NA	ENSMUSG00000118081;ENSMUSG00000118157	many_to_many_strict	1	many_to_many_strict:1
ENSG00000235029	ENSCAFG00845013752	many_to_one	NA	NA	1	many_to_one:1
ENSG00000235035	NA	NA	ENSMUSG00000107842	many_to_one	1	many_to_one:1
ENSG00000235038	ENSCAFG00845013543	many_to_one	NA	NA	1	many_to_one:1
ENSG00000235066	NA	NA	ENSMUSG00000085857	many_to_one	1	many_to_one:1
ENSG00000235120	NA	NA	ENSMUSG00000102224	many_to_one	1	many_to_one:1
ENSG00000235121	NA	NA	ENSMUSG00000054412;ENSMUSG00000120094	many_to_many_strict	1	many_to_many_strict:1
ENSG00000235123	NA	NA	ENSMUSG00000117000;ENSMUSG00000117179;ENSMUSG00000117324	many_to_many	1	many_to_many:1
ENSG00000235126	NA	NA	ENSMUSG00000116572;ENSMUSG00000116762	many_to_many_strict	1	many_to_many_strict:1
ENSG00000235131	NA	NA	ENSMUSG00000087071	many_to_one	1	many_to_one:1
ENSG00000235142	NA	NA	ENSMUSG00000111342	one_to_one	1	one_to_one:1
ENSG00000235149	NA	NA	ENSMUSG00000084954;ENSMUSG00000085440	many_to_many	1	many_to_many:1
ENSG00000235185	NA	NA	ENSMUSG00000120910	one_to_one	1	one_to_one:1
ENSG00000235192	NA	NA	ENSMUSG00000100197	one_to_one	1	one_to_one:1
ENSG00000235269	ENSCAFG00845004358;ENSCAFG00845004350	one_to_many	NA	NA	1	one_to_many:1
ENSG00000235279	ENSCAFG00845028481	many_to_one	NA	NA	1	many_to_one:1
ENSG00000235280	NA	NA	ENSMUSG00000079146;ENSMUSG00000086770	many_to_many_strict	1	many_to_many_strict:1
ENSG00000235295	NA	NA	ENSMUSG00000108232;ENSMUSG00000097011;ENSMUSG00000108171	many_to_many	1	many_to_many:1
ENSG00000235298	ENSCAFG00845005548	one_to_one	NA	NA	1	one_to_one:1
ENSG00000235300	NA	NA	ENSMUSG00000075586	many_to_one	1	many_to_one:1
ENSG00000235314	ENSCAFG00845006696	one_to_one	NA	NA	1	one_to_one:1
ENSG00000235319	NA	NA	ENSMUSG00000041878;ENSMUSG00000100269	one_to_many	1	one_to_many:1
ENSG00000235351	NA	NA	ENSMUSG00000121025	one_to_one	1	one_to_one:1
ENSG00000235389	ENSCAFG00845027815	one_to_one	NA	NA	1	one_to_one:1
ENSG00000235397	NA	NA	ENSMUSG00000085459	one_to_one	1	one_to_one:1
ENSG00000235410	NA	NA	ENSMUSG00000087355;ENSMUSG00000086018;ENSMUSG00000086874;ENSMUSG00000084859	many_to_many	1	many_to_many:1
ENSG00000235470	ENSCAFG00845027810	many_to_one	ENSMUSG00000118127;ENSMUSG00000117659	many_to_many_strict	2	many_to_many_strict:1;many_to_one:1
ENSG00000235497	NA	NA	ENSMUSG00000037735	many_to_one	1	many_to_one:1
ENSG00000235499	ENSCAFG00845021938	one_to_one	NA	NA	1	one_to_one:1
ENSG00000235527	ENSCAFG00845023322	one_to_one	ENSMUSG00000085754	one_to_one	2	one_to_one:2
ENSG00000235529	ENSCAFG00845027402	one_to_one	ENSMUSG00000101662	one_to_one	2	one_to_one:2
ENSG00000235530	NA	NA	ENSMUSG00000120997	one_to_one	1	one_to_one:1
ENSG00000235535	NA	NA	ENSMUSG00000112707	many_to_one	1	many_to_one:1
ENSG00000235545	NA	NA	ENSMUSG00000087395	one_to_one	1	one_to_one:1
ENSG00000235590	NA	NA	ENSMUSG00000086537	many_to_one	1	many_to_one:1
ENSG00000235593	NA	NA	ENSMUSG00000079669	many_to_one	1	many_to_one:1
ENSG00000235652	NA	NA	ENSMUSG00000097007	one_to_one	1	one_to_one:1
ENSG00000235669	NA	NA	ENSMUSG00000087670;ENSMUSG00000121002;ENSMUSG00000086946	one_to_many	1	one_to_many:1
ENSG00000235706	NA	NA	ENSMUSG00000120051	one_to_one	1	one_to_one:1
ENSG00000235736	NA	NA	ENSMUSG00000102761	one_to_one	1	one_to_one:1
ENSG00000235741	NA	NA	ENSMUSG00000120181	one_to_one	1	one_to_one:1
ENSG00000235770	NA	NA	ENSMUSG00000102123	one_to_one	1	one_to_one:1
ENSG00000235772	ENSCAFG00845016611	one_to_one	NA	NA	1	one_to_one:1
ENSG00000235795	NA	NA	ENSMUSG00000054426	many_to_one	1	many_to_one:1
ENSG00000235802	NA	NA	ENSMUSG00000120229	one_to_one	1	one_to_one:1
ENSG00000235815	NA	NA	ENSMUSG00000116801	many_to_one	1	many_to_one:1
ENSG00000235819	NA	NA	ENSMUSG00000114669	one_to_one	1	one_to_one:1
ENSG00000235820	ENSCAFG00845028099	many_to_one	ENSMUSG00000086379	many_to_one	2	many_to_one:2
ENSG00000235830	NA	NA	ENSMUSG00000108103	many_to_one	1	many_to_one:1
ENSG00000235831	NA	NA	ENSMUSG00000120764;ENSMUSG00000087341	one_to_many	1	one_to_many:1
ENSG00000235848	ENSCAFG00845020426	one_to_one	NA	NA	1	one_to_one:1
ENSG00000235872	ENSCAFG00845013660	one_to_one	NA	NA	1	one_to_one:1
ENSG00000235880	NA	NA	ENSMUSG00000120776	many_to_one	1	many_to_one:1
ENSG00000235886	ENSCAFG00845020052	one_to_one	ENSMUSG00000111146	one_to_one	2	one_to_one:2
ENSG00000235902	NA	NA	ENSMUSG00000084954;ENSMUSG00000085440	many_to_many	1	many_to_many:1
ENSG00000235904	NA	NA	ENSMUSG00000079669	many_to_one	1	many_to_one:1
ENSG00000235914	NA	NA	ENSMUSG00000074763;ENSMUSG00000086450	many_to_many	1	many_to_many:1
ENSG00000235933	ENSCAFG00845028306	one_to_one	NA	NA	1	one_to_one:1
ENSG00000235934	NA	NA	ENSMUSG00000087264	many_to_one	1	many_to_one:1
ENSG00000235943	NA	NA	ENSMUSG00000120291	many_to_one	1	many_to_one:1
ENSG00000235947	NA	NA	ENSMUSG00000107458	many_to_one	1	many_to_one:1
ENSG00000235984	NA	NA	ENSMUSG00000093551;ENSMUSG00000093497	many_to_many	1	many_to_many:1
ENSG00000235996	NA	NA	ENSMUSG00000074753	many_to_one	1	many_to_one:1
ENSG00000236008	NA	NA	ENSMUSG00000113587;ENSMUSG00000112937;ENSMUSG00000114033	many_to_many	1	many_to_many:1
ENSG00000236028	NA	NA	ENSMUSG00000100796	one_to_one	1	one_to_one:1
ENSG00000236045	NA	NA	ENSMUSG00000085424	many_to_one	1	many_to_one:1
ENSG00000236046	ENSCAFG00845010887	one_to_one	NA	NA	1	one_to_one:1
ENSG00000236054	NA	NA	ENSMUSG00000087256;ENSMUSG00000112493	many_to_many_strict	1	many_to_many_strict:1
ENSG00000236088	NA	NA	ENSMUSG00000084884;ENSMUSG00000087497;ENSMUSG00000121102;ENSMUSG00000086359	one_to_many	1	one_to_many:1
ENSG00000236094	NA	NA	ENSMUSG00000107271	one_to_one	1	one_to_one:1
ENSG00000236095	NA	NA	ENSMUSG00000113203;ENSMUSG00000113257	many_to_many_strict	1	many_to_many_strict:1
ENSG00000236102	ENSCAFG00845013760	one_to_one	NA	NA	1	one_to_one:1
ENSG00000236106	ENSCAFG00845022249	one_to_one	NA	NA	1	one_to_one:1
ENSG00000236119	NA	NA	ENSMUSG00000117317	many_to_one	1	many_to_one:1
ENSG00000236130	NA	NA	ENSMUSG00000087383	one_to_one	1	one_to_one:1
ENSG00000236144	NA	NA	ENSMUSG00000097320	one_to_one	1	one_to_one:1
ENSG00000236193	NA	NA	ENSMUSG00000099954;ENSMUSG00000100815	one_to_many	1	one_to_many:1
ENSG00000236199	ENSCAFG00845002071	one_to_one	ENSMUSG00000093628	one_to_one	2	one_to_one:2
ENSG00000236202	NA	NA	ENSMUSG00000092448	many_to_one	1	many_to_one:1
ENSG00000236208	NA	NA	ENSMUSG00000101086	one_to_one	1	one_to_one:1
ENSG00000236234	NA	NA	ENSMUSG00000110636	one_to_one	1	one_to_one:1
ENSG00000236262	NA	NA	ENSMUSG00000085745	many_to_one	1	many_to_one:1
ENSG00000236263	NA	NA	ENSMUSG00000120758	one_to_one	1	one_to_one:1
ENSG00000236333	NA	NA	ENSMUSG00000089934;ENSMUSG00000084865	one_to_many	1	one_to_many:1
ENSG00000236352	NA	NA	ENSMUSG00000086970;ENSMUSG00000086999	one_to_many	1	one_to_many:1
ENSG00000236355	NA	NA	ENSMUSG00000118119;ENSMUSG00000099474;ENSMUSG00000117760	many_to_many	1	many_to_many:1
ENSG00000236356	ENSCAFG00845013756	one_to_one	NA	NA	1	one_to_one:1
ENSG00000236364	NA	NA	ENSMUSG00000103139;ENSMUSG00000102909	one_to_many	1	one_to_many:1
ENSG00000236366	NA	NA	ENSMUSG00000112225;ENSMUSG00000112679	one_to_many	1	one_to_many:1
ENSG00000236378	NA	NA	ENSMUSG00000111091	one_to_one	1	one_to_one:1
ENSG00000236390	NA	NA	ENSMUSG00000054412;ENSMUSG00000120094	many_to_many_strict	1	many_to_many_strict:1
ENSG00000236403	NA	NA	ENSMUSG00000086425	one_to_one	1	one_to_one:1
ENSG00000236408	NA	NA	ENSMUSG00000086505	many_to_one	1	many_to_one:1
ENSG00000236464	NA	NA	ENSMUSG00000097962	one_to_one	1	one_to_one:1
ENSG00000236467	NA	NA	ENSMUSG00000100100;ENSMUSG00000114953	many_to_many	1	many_to_many:1
ENSG00000236495	NA	NA	ENSMUSG00000085205	one_to_one	1	one_to_one:1
ENSG00000236502	NA	NA	ENSMUSG00000099635;ENSMUSG00000093460	many_to_many_strict	1	many_to_many_strict:1
ENSG00000236510	NA	NA	ENSMUSG00000085540;ENSMUSG00000084934	many_to_many	1	many_to_many:1
ENSG00000236572	ENSCAFG00845019732;ENSCAFG00845019713;ENSCAFG00845019722	one_to_many	NA	NA	1	one_to_many:1
ENSG00000236617	ENSCAFG00845025179	many_to_one	ENSMUSG00000105541	many_to_one	2	many_to_one:2
ENSG00000236634	NA	NA	ENSMUSG00000086009	one_to_one	1	one_to_one:1
ENSG00000236643	NA	NA	ENSMUSG00000085201	many_to_one	1	many_to_one:1
ENSG00000236668	NA	NA	ENSMUSG00000098383;ENSMUSG00000087539	many_to_many_strict	1	many_to_many_strict:1
ENSG00000236671	ENSCAFG00845028471	one_to_one	NA	NA	1	one_to_one:1
ENSG00000236676	NA	NA	ENSMUSG00000104786	many_to_one	1	many_to_one:1
ENSG00000236677	NA	NA	ENSMUSG00000117317	many_to_one	1	many_to_one:1
ENSG00000236700	NA	NA	ENSMUSG00000097107	many_to_one	1	many_to_one:1
ENSG00000236703	NA	NA	ENSMUSG00000097923	one_to_one	1	one_to_one:1
ENSG00000236708	NA	NA	ENSMUSG00000085540;ENSMUSG00000084934	many_to_many	1	many_to_many:1
ENSG00000236719	NA	NA	ENSMUSG00000073535	one_to_one	1	one_to_one:1
ENSG00000236724	NA	NA	ENSMUSG00000097735	many_to_one	1	many_to_one:1
ENSG00000236733	NA	NA	ENSMUSG00000085003;ENSMUSG00000117979	many_to_many_strict	1	many_to_many_strict:1
ENSG00000236753	NA	NA	ENSMUSG00000086212	many_to_one	1	many_to_one:1
ENSG00000236758	NA	NA	ENSMUSG00000085565	many_to_one	1	many_to_one:1
ENSG00000236760	NA	NA	ENSMUSG00000120379;ENSMUSG00000113387	many_to_many_strict	1	many_to_many_strict:1
ENSG00000236772	NA	NA	ENSMUSG00000079001	many_to_one	1	many_to_one:1
ENSG00000236780	NA	NA	ENSMUSG00000086468	one_to_one	1	one_to_one:1
ENSG00000236799	ENSCAFG00845030880;ENSCAFG00845030878	one_to_many	ENSMUSG00000118178;ENSMUSG00000117655	one_to_many	2	one_to_many:2
ENSG00000236822	NA	NA	ENSMUSG00000096963	one_to_one	1	one_to_one:1
ENSG00000236838	NA	NA	ENSMUSG00000085765;ENSMUSG00000101295	many_to_many	1	many_to_many:1
ENSG00000236842	NA	NA	ENSMUSG00000114412;ENSMUSG00000114205	many_to_many_strict	1	many_to_many_strict:1
ENSG00000236866	ENSCAFG00845029579	one_to_one	ENSMUSG00000053957	one_to_one	2	one_to_one:2
ENSG00000236869	NA	NA	ENSMUSG00000097322	one_to_one	1	one_to_one:1
ENSG00000236936	NA	NA	ENSMUSG00000085823	many_to_one	1	many_to_one:1
ENSG00000236939	NA	NA	ENSMUSG00000114994	many_to_one	1	many_to_one:1
ENSG00000236963	ENSCAFG00845002702	one_to_one	NA	NA	1	one_to_one:1
ENSG00000236975	NA	NA	ENSMUSG00000097203	many_to_one	1	many_to_one:1
ENSG00000236986	NA	NA	ENSMUSG00000086192	many_to_one	1	many_to_one:1
ENSG00000236999	NA	NA	ENSMUSG00000108297	many_to_one	1	many_to_one:1
ENSG00000237009	NA	NA	ENSMUSG00000097735	many_to_one	1	many_to_one:1
ENSG00000237036	NA	NA	ENSMUSG00000063087	one_to_one	1	one_to_one:1
ENSG00000237063	NA	NA	ENSMUSG00000085524;ENSMUSG00000086872	many_to_many_strict	1	many_to_many_strict:1
ENSG00000237070	NA	NA	ENSMUSG00000101067	many_to_one	1	many_to_one:1
ENSG00000237073	NA	NA	ENSMUSG00000085177	one_to_one	1	one_to_one:1
ENSG00000237125	ENSCAFG00845017236	one_to_one	ENSMUSG00000100510	one_to_one	2	one_to_one:2
ENSG00000237153	NA	NA	ENSMUSG00000086413	one_to_one	1	one_to_one:1
ENSG00000237174	NA	NA	ENSMUSG00000092581	many_to_one	1	many_to_one:1
ENSG00000237187	ENSCAFG00845015649	one_to_one	ENSMUSG00000087143	one_to_one	2	one_to_one:2
ENSG00000237220	ENSCAFG00845008214;ENSCAFG00845008226	many_to_many_strict	ENSMUSG00000100496;ENSMUSG00000086349	many_to_many_strict	2	many_to_many_strict:2
ENSG00000237234	ENSCAFG00845020629	one_to_one	NA	NA	1	one_to_one:1
ENSG00000237243	NA	NA	ENSMUSG00000120046	one_to_one	1	one_to_one:1
ENSG00000237259	ENSCAFG00845016201	one_to_one	NA	NA	1	one_to_one:1
ENSG00000237292	NA	NA	ENSMUSG00000096950;ENSMUSG00000120457;ENSMUSG00000101880	one_to_many	1	one_to_many:1
ENSG00000237293	NA	NA	ENSMUSG00000087136	many_to_one	1	many_to_one:1
ENSG00000237298	ENSCAFG00845022594	one_to_one	NA	NA	1	one_to_one:1
ENSG00000237327	NA	NA	ENSMUSG00000086129	many_to_one	1	many_to_one:1
ENSG00000237328	NA	NA	ENSMUSG00000051008	many_to_one	1	many_to_one:1
ENSG00000237336	NA	NA	ENSMUSG00000087294	many_to_one	1	many_to_one:1
ENSG00000237352	NA	NA	ENSMUSG00000085835	one_to_one	1	one_to_one:1
ENSG00000237356	NA	NA	ENSMUSG00000085866	one_to_one	1	one_to_one:1
ENSG00000237361	NA	NA	ENSMUSG00000115092	one_to_one	1	one_to_one:1
ENSG00000237365	NA	NA	ENSMUSG00000085593;ENSMUSG00000078491;ENSMUSG00000120016	many_to_many	1	many_to_many:1
ENSG00000237380	NA	NA	ENSMUSG00000052371	many_to_one	1	many_to_one:1
ENSG00000237410	NA	NA	ENSMUSG00000052188	many_to_one	1	many_to_one:1
ENSG00000237422	NA	NA	ENSMUSG00000113737	one_to_one	1	one_to_one:1
ENSG00000237424	NA	NA	ENSMUSG00000085399	one_to_one	1	one_to_one:1
ENSG00000237436	NA	NA	ENSMUSG00000085593;ENSMUSG00000078491;ENSMUSG00000120016	many_to_many	1	many_to_many:1
ENSG00000237457	NA	NA	ENSMUSG00000087627;ENSMUSG00000099964;ENSMUSG00000085822	many_to_many_strict	1	many_to_many_strict:1
ENSG00000237461	NA	NA	ENSMUSG00000120048	one_to_one	1	one_to_one:1
ENSG00000237477	NA	NA	ENSMUSG00000085277	one_to_one	1	one_to_one:1
ENSG00000237505	NA	NA	ENSMUSG00000106550;ENSMUSG00000097858	one_to_many	1	one_to_many:1
ENSG00000237523	NA	NA	ENSMUSG00000098609	one_to_one	1	one_to_one:1
ENSG00000237556	NA	NA	ENSMUSG00000074346	many_to_one	1	many_to_one:1
ENSG00000237560	ENSCAFG00845005407;ENSCAFG00845005413;ENSCAFG00845005399	one_to_many	NA	NA	1	one_to_many:1
ENSG00000237581	NA	NA	ENSMUSG00000085420	many_to_one	1	many_to_one:1
ENSG00000237594	NA	NA	ENSMUSG00000120080	many_to_one	1	many_to_one:1
ENSG00000237637	NA	NA	ENSMUSG00000106719	many_to_one	1	many_to_one:1
ENSG00000237646	ENSCAFG00845027807	one_to_one	NA	NA	1	one_to_one:1
ENSG00000237654	NA	NA	ENSMUSG00000085449	many_to_one	1	many_to_one:1
ENSG00000237665	NA	NA	ENSMUSG00000092448	many_to_one	1	many_to_one:1
ENSG00000237705	NA	NA	ENSMUSG00000085204	one_to_one	1	one_to_one:1
ENSG00000237718	NA	NA	ENSMUSG00000098120	many_to_one	1	many_to_one:1
ENSG00000237728	NA	NA	ENSMUSG00000085593;ENSMUSG00000078491;ENSMUSG00000120016	many_to_many	1	many_to_many:1
ENSG00000237734	NA	NA	ENSMUSG00000086792	many_to_one	1	many_to_one:1
ENSG00000237737	NA	NA	ENSMUSG00000085782	one_to_one	1	one_to_one:1
ENSG00000237738	NA	NA	ENSMUSG00000106543	one_to_one	1	one_to_one:1
ENSG00000237741	NA	NA	ENSMUSG00000086676	one_to_one	1	one_to_one:1
ENSG00000237750	NA	NA	ENSMUSG00000085029	one_to_one	1	one_to_one:1
ENSG00000237759	NA	NA	ENSMUSG00000103043;ENSMUSG00000102432	many_to_many_strict	1	many_to_many_strict:1
ENSG00000237761	NA	NA	ENSMUSG00000117690	one_to_one	1	one_to_one:1
ENSG00000237773	NA	NA	ENSMUSG00000113741	one_to_one	1	one_to_one:1
ENSG00000237775	NA	NA	ENSMUSG00000086867;ENSMUSG00000120061	one_to_many	1	one_to_many:1
ENSG00000237798	NA	NA	ENSMUSG00000086069	one_to_one	1	one_to_one:1
ENSG00000237819	ENSCAFG00845013253	many_to_one	ENSMUSG00000106588;ENSMUSG00000105534	many_to_many_strict	2	many_to_many_strict:1;many_to_one:1
ENSG00000237832	NA	NA	ENSMUSG00000074763;ENSMUSG00000086450	many_to_many	1	many_to_many:1
ENSG00000237851	NA	NA	ENSMUSG00000120437	many_to_one	1	many_to_one:1
ENSG00000237863	NA	NA	ENSMUSG00000086426	one_to_one	1	one_to_one:1
ENSG00000237927	ENSCAFG00845001701;ENSCAFG00845001707;ENSCAFG00845001689	many_to_many	NA	NA	1	many_to_many:1
ENSG00000237980	NA	NA	ENSMUSG00000102777	one_to_one	1	one_to_one:1
ENSG00000237986	NA	NA	ENSMUSG00000087079	many_to_one	1	many_to_one:1
ENSG00000238057	NA	NA	ENSMUSG00000052248	many_to_one	1	many_to_one:1
ENSG00000238097	NA	NA	ENSMUSG00000101888	many_to_one	1	many_to_one:1
ENSG00000238099	ENSCAFG00845010700	one_to_one	NA	NA	1	one_to_one:1
ENSG00000238117	NA	NA	ENSMUSG00000085449	many_to_one	1	many_to_one:1
ENSG00000238123	NA	NA	ENSMUSG00000085587	many_to_one	1	many_to_one:1
ENSG00000238141	NA	NA	ENSMUSG00000117289;ENSMUSG00000085884	many_to_many	1	many_to_many:1
ENSG00000238156	NA	NA	ENSMUSG00000092581	many_to_one	1	many_to_one:1
ENSG00000238171	ENSCAFG00845027032	one_to_one	NA	NA	1	one_to_one:1
ENSG00000238184	NA	NA	ENSMUSG00000059277	many_to_one	1	many_to_one:1
ENSG00000238189	NA	NA	ENSMUSG00000115244;ENSMUSG00000115363;ENSMUSG00000067973	many_to_many	1	many_to_many:1
ENSG00000238198	NA	NA	ENSMUSG00000104768	one_to_one	1	one_to_one:1
ENSG00000238224	NA	NA	ENSMUSG00000089713	many_to_one	1	many_to_one:1
ENSG00000238273	NA	NA	ENSMUSG00000120601	one_to_one	1	one_to_one:1
ENSG00000238276	NA	NA	ENSMUSG00000053117	one_to_one	1	one_to_one:1
ENSG00000238290	NA	NA	ENSMUSG00000078492	one_to_one	1	one_to_one:1
ENSG00000239205	ENSCAFG00845018092	one_to_one	NA	NA	1	one_to_one:1
ENSG00000239219	NA	NA	ENSMUSG00000097786	many_to_one	1	many_to_one:1
ENSG00000239300	NA	NA	ENSMUSG00000116819	many_to_one	1	many_to_one:1
ENSG00000239332	ENSCAFG00845028153	one_to_one	NA	NA	1	one_to_one:1
ENSG00000239381	NA	NA	ENSMUSG00000106525;ENSMUSG00000105222	one_to_many	1	one_to_many:1
ENSG00000239462	NA	NA	ENSMUSG00000086827	one_to_one	1	one_to_one:1
ENSG00000239513	NA	NA	ENSMUSG00000110929	many_to_one	1	many_to_one:1
ENSG00000239519	ENSCAFG00845019009	many_to_one	ENSMUSG00000092599;ENSMUSG00000045178	many_to_many_strict	2	many_to_many_strict:1;many_to_one:1
ENSG00000239523	NA	NA	ENSMUSG00000116840	one_to_one	1	one_to_one:1
ENSG00000239552	NA	NA	ENSMUSG00000075589	one_to_one	1	one_to_one:1
ENSG00000239569	NA	NA	ENSMUSG00000073147	many_to_one	1	many_to_one:1
ENSG00000239677	NA	NA	ENSMUSG00000121193;ENSMUSG00000097834	one_to_many	1	one_to_many:1
ENSG00000239705	NA	NA	ENSMUSG00000121211	one_to_one	1	one_to_one:1
ENSG00000239911	NA	NA	ENSMUSG00000059631;ENSMUSG00000086446;ENSMUSG00000087314;ENSMUSG00000043833	many_to_many	1	many_to_many:1
ENSG00000239921	NA	NA	ENSMUSG00000055403	one_to_one	1	one_to_one:1
ENSG00000239941	ENSCAFG00845027509	many_to_one	NA	NA	1	many_to_one:1
ENSG00000239946	ENSCAFG00845015227	many_to_one	ENSMUSG00000116903;ENSMUSG00000055370;ENSMUSG00000085499;ENSMUSG00000075070	many_to_many	2	many_to_many:1;many_to_one:1
ENSG00000239994	NA	NA	ENSMUSG00000087568	one_to_one	1	one_to_one:1
ENSG00000240012	NA	NA	ENSMUSG00000089709;ENSMUSG00000101595	many_to_many_strict	1	many_to_many_strict:1
ENSG00000240040	NA	NA	ENSMUSG00000105646	many_to_one	1	many_to_one:1
ENSG00000240086	NA	NA	ENSMUSG00000057710	one_to_one	1	one_to_one:1
ENSG00000240373	NA	NA	ENSMUSG00000097786	many_to_one	1	many_to_one:1
ENSG00000240405	NA	NA	ENSMUSG00000107902	one_to_one	1	one_to_one:1
ENSG00000240440	NA	NA	ENSMUSG00000101895	many_to_one	1	many_to_one:1
ENSG00000240476	ENSCAFG00845017341;ENSCAFG00845017360	one_to_many	NA	NA	1	one_to_many:1
ENSG00000240497	NA	NA	ENSMUSG00000120615	one_to_one	1	one_to_one:1
ENSG00000240527	NA	NA	ENSMUSG00000117952	one_to_one	1	one_to_one:1
ENSG00000240596	NA	NA	ENSMUSG00000104093;ENSMUSG00000090120	many_to_many	1	many_to_many:1
ENSG00000240777	NA	NA	ENSMUSG00000109849	one_to_one	1	one_to_one:1
ENSG00000240842	ENSCAFG00845009880;ENSCAFG00845009854	one_to_many	NA	NA	1	one_to_many:1
ENSG00000240889	NA	NA	ENSMUSG00000086582	one_to_one	1	one_to_one:1
ENSG00000240922	NA	NA	ENSMUSG00000101463	many_to_one	1	many_to_one:1
ENSG00000240990	NA	NA	ENSMUSG00000086427	one_to_one	1	one_to_one:1
ENSG00000241059	NA	NA	ENSMUSG00000097146	many_to_one	1	many_to_one:1
ENSG00000241111	ENSCAFG00845013442	one_to_one	NA	NA	1	one_to_one:1
ENSG00000241158	NA	NA	ENSMUSG00000079462;ENSMUSG00000097462;ENSMUSG00000048636	many_to_many	1	many_to_many:1
ENSG00000241180	ENSCAFG00845019165;ENSCAFG00845019155;ENSCAFG00845019136	many_to_many	NA	NA	1	many_to_many:1
ENSG00000241269	NA	NA	ENSMUSG00000119945;ENSMUSG00000120304;ENSMUSG00000119979	many_to_many	1	many_to_many:1
ENSG00000241280	NA	NA	ENSMUSG00000120214	many_to_one	1	many_to_one:1
ENSG00000241295	ENSCAFG00845015227	many_to_one	ENSMUSG00000116903;ENSMUSG00000055370;ENSMUSG00000085499;ENSMUSG00000075070	many_to_many	2	many_to_many:1;many_to_one:1
ENSG00000241336	NA	NA	ENSMUSG00000104336	one_to_one	1	one_to_one:1
ENSG00000241359	NA	NA	ENSMUSG00000051729	one_to_one	1	one_to_one:1
ENSG00000241383	NA	NA	ENSMUSG00000102590	one_to_one	1	one_to_one:1
ENSG00000241388	NA	NA	ENSMUSG00000086140;ENSMUSG00000086054	one_to_many	1	one_to_many:1
ENSG00000241397	NA	NA	ENSMUSG00000101463	many_to_one	1	many_to_one:1
ENSG00000241479	NA	NA	ENSMUSG00000085702	one_to_one	1	one_to_one:1
ENSG00000241505	NA	NA	ENSMUSG00000087627;ENSMUSG00000099964;ENSMUSG00000085822	many_to_many_strict	1	many_to_many_strict:1
ENSG00000241560	ENSCAFG00845015227	many_to_one	ENSMUSG00000116903;ENSMUSG00000055370;ENSMUSG00000085499;ENSMUSG00000075070	many_to_many	2	many_to_many:1;many_to_one:1
ENSG00000241570	ENSCAFG00845029119	one_to_one	NA	NA	1	one_to_one:1
ENSG00000241648	ENSCAFG00845019009	many_to_one	ENSMUSG00000092599;ENSMUSG00000045178	many_to_many_strict	2	many_to_many_strict:1;many_to_one:1
ENSG00000241667	ENSCAFG00845009866;ENSCAFG00845009890;ENSCAFG00845009910;ENSCAFG00845009900	one_to_many	NA	NA	1	one_to_many:1
ENSG00000241679	ENSCAFG00845029247	one_to_one	NA	NA	1	one_to_one:1
ENSG00000241684	NA	NA	ENSMUSG00000079462;ENSMUSG00000097462;ENSMUSG00000048636	many_to_many	1	many_to_many:1
ENSG00000241764	NA	NA	ENSMUSG00000099851	one_to_one	1	one_to_one:1
ENSG00000241770	NA	NA	ENSMUSG00000103041	one_to_one	1	one_to_one:1
ENSG00000241990	NA	NA	ENSMUSG00000116305;ENSMUSG00000116004;ENSMUSG00000120923	many_to_many_strict	1	many_to_many_strict:1
ENSG00000242048	NA	NA	ENSMUSG00000059631;ENSMUSG00000086446;ENSMUSG00000087314;ENSMUSG00000043833	many_to_many	1	many_to_many:1
ENSG00000242049	NA	NA	ENSMUSG00000047046	one_to_one	1	one_to_one:1
ENSG00000242107	NA	NA	ENSMUSG00000102936	one_to_one	1	one_to_one:1
ENSG00000242125	ENSCAFG00845010045	one_to_one	NA	NA	1	one_to_one:1
ENSG00000242290	ENSCAFG00845015227	many_to_one	ENSMUSG00000116903;ENSMUSG00000055370;ENSMUSG00000085499;ENSMUSG00000075070	many_to_many	2	many_to_many:1;many_to_one:1
ENSG00000242339	NA	NA	ENSMUSG00000116575	many_to_one	1	many_to_one:1
ENSG00000242370	NA	NA	ENSMUSG00000104093;ENSMUSG00000090120	many_to_many	1	many_to_many:1
ENSG00000242385	NA	NA	ENSMUSG00000101463	many_to_one	1	many_to_one:1
ENSG00000242396	NA	NA	ENSMUSG00000086172;ENSMUSG00000085023	many_to_many	1	many_to_many:1
ENSG00000242428	NA	NA	ENSMUSG00000097898	one_to_one	1	one_to_one:1
ENSG00000242474	ENSCAFG00845010130	many_to_one	NA	NA	1	many_to_one:1
ENSG00000242539	NA	NA	ENSMUSG00000102862	many_to_one	1	many_to_one:1
ENSG00000242540	ENSCAFG00845022230	one_to_one	NA	NA	1	one_to_one:1
ENSG00000242553	ENSCAFG00845028522	many_to_one	ENSMUSG00000116589	many_to_one	2	many_to_one:2
ENSG00000242628	NA	NA	ENSMUSG00000111971;ENSMUSG00000118449	one_to_many	1	one_to_many:1
ENSG00000242767	ENSCAFG00845015227	many_to_one	ENSMUSG00000116903;ENSMUSG00000055370;ENSMUSG00000085499;ENSMUSG00000075070	many_to_many	2	many_to_many:1;many_to_one:1
ENSG00000242795	NA	NA	ENSMUSG00000102256	one_to_one	1	one_to_one:1
ENSG00000242797	NA	NA	ENSMUSG00000086296	one_to_one	1	one_to_one:1
ENSG00000242808	NA	NA	ENSMUSG00000105265	one_to_one	1	one_to_one:1
ENSG00000242880	ENSCAFG00845015227	many_to_one	ENSMUSG00000116903;ENSMUSG00000055370;ENSMUSG00000085499;ENSMUSG00000075070	many_to_many	2	many_to_many:1;many_to_one:1
ENSG00000243069	NA	NA	ENSMUSG00000103502	one_to_one	1	one_to_one:1
ENSG00000243155	ENSCAFG00845002582	one_to_one	NA	NA	1	one_to_one:1
ENSG00000243179	ENSCAFG00845006543	many_to_one	NA	NA	1	many_to_one:1
ENSG00000243187	NA	NA	ENSMUSG00000105286	one_to_one	1	one_to_one:1
ENSG00000243197	NA	NA	ENSMUSG00000101463	many_to_one	1	many_to_one:1
ENSG00000243276	ENSCAFG00845015643	one_to_one	NA	NA	1	one_to_one:1
ENSG00000243368	NA	NA	ENSMUSG00000086392	one_to_one	1	one_to_one:1
ENSG00000243479	ENSCAFG00845013752	many_to_one	NA	NA	1	many_to_one:1
ENSG00000243620	NA	NA	ENSMUSG00000100341	one_to_one	1	one_to_one:1
ENSG00000243715	NA	NA	ENSMUSG00000114760;ENSMUSG00000114704;ENSMUSG00000114595	many_to_many_strict	1	many_to_many_strict:1
ENSG00000243766	NA	NA	ENSMUSG00000055408	one_to_one	1	one_to_one:1
ENSG00000243797	ENSCAFG00845026835	one_to_one	NA	NA	1	one_to_one:1
ENSG00000243799	NA	NA	ENSMUSG00000087625	many_to_one	1	many_to_one:1
ENSG00000243818	NA	NA	ENSMUSG00000120809	one_to_one	1	one_to_one:1
ENSG00000243819	NA	NA	ENSMUSG00000114024	many_to_one	1	many_to_one:1
ENSG00000243960	NA	NA	ENSMUSG00000105852	one_to_one	1	one_to_one:1
ENSG00000244036	ENSCAFG00845019635	one_to_one	NA	NA	1	one_to_one:1
ENSG00000244063	NA	NA	ENSMUSG00000102063	one_to_one	1	one_to_one:1
ENSG00000244203	NA	NA	ENSMUSG00000121205	many_to_one	1	many_to_one:1
ENSG00000244268	NA	NA	ENSMUSG00000103473	one_to_one	1	one_to_one:1
ENSG00000244300	NA	NA	ENSMUSG00000108010	one_to_one	1	one_to_one:1
ENSG00000244302	NA	NA	ENSMUSG00000087625	many_to_one	1	many_to_one:1
ENSG00000244479	NA	NA	ENSMUSG00000108190	one_to_one	1	one_to_one:1
ENSG00000244491	NA	NA	ENSMUSG00000089796;ENSMUSG00000087543	many_to_many	1	many_to_many:1
ENSG00000244493	NA	NA	ENSMUSG00000089709;ENSMUSG00000101595	many_to_many_strict	1	many_to_many_strict:1
ENSG00000244502	NA	NA	ENSMUSG00000085624	one_to_one	1	one_to_one:1
ENSG00000244586	NA	NA	ENSMUSG00000097002	one_to_one	1	one_to_one:1
ENSG00000244625	NA	NA	ENSMUSG00000097767	many_to_one	1	many_to_one:1
ENSG00000244676	NA	NA	ENSMUSG00000116628	one_to_one	1	one_to_one:1
ENSG00000244879	NA	NA	ENSMUSG00000098024	one_to_one	1	one_to_one:1
ENSG00000244926	NA	NA	ENSMUSG00000027196	one_to_one	1	one_to_one:1
ENSG00000244968	ENSCAFG00845003505	one_to_one	NA	NA	1	one_to_one:1
ENSG00000245008	NA	NA	ENSMUSG00000098645	many_to_one	1	many_to_one:1
ENSG00000245060	ENSCAFG00845005282;ENSCAFG00845028395	one_to_many	NA	NA	1	one_to_many:1
ENSG00000245067	NA	NA	ENSMUSG00000106828	many_to_one	1	many_to_one:1
ENSG00000245148	NA	NA	ENSMUSG00000110239	many_to_one	1	many_to_one:1
ENSG00000245213	NA	NA	ENSMUSG00000110419	many_to_one	1	many_to_one:1
ENSG00000245281	NA	NA	ENSMUSG00000120151	one_to_one	1	one_to_one:1
ENSG00000245311	ENSCAFG00845024548	one_to_one	NA	NA	1	one_to_one:1
ENSG00000245330	NA	NA	ENSMUSG00000053749	one_to_one	1	one_to_one:1
ENSG00000245384	NA	NA	ENSMUSG00000097911	one_to_one	1	one_to_one:1
ENSG00000245526	ENSCAFG00845017914	many_to_one	ENSMUSG00000050334	many_to_one	2	many_to_one:2
ENSG00000245552	ENSCAFG00845019122	one_to_one	NA	NA	1	one_to_one:1
ENSG00000245614	ENSCAFG00845025422	one_to_one	NA	NA	1	one_to_one:1
ENSG00000245651	NA	NA	ENSMUSG00000120565	one_to_one	1	one_to_one:1
ENSG00000245694	NA	NA	ENSMUSG00000031736	many_to_one	1	many_to_one:1
ENSG00000245812	NA	NA	ENSMUSG00000085784	many_to_one	1	many_to_one:1
ENSG00000245849	NA	NA	ENSMUSG00000121216	one_to_one	1	one_to_one:1
ENSG00000245864	ENSCAFG00845017881;ENSCAFG00845018016	many_to_many	ENSMUSG00000097265	many_to_one	2	many_to_many:1;many_to_one:1
ENSG00000245870	NA	NA	ENSMUSG00000120155	one_to_one	1	one_to_one:1
ENSG00000245910	NA	NA	ENSMUSG00000098234	one_to_one	1	one_to_one:1
ENSG00000245928	NA	NA	ENSMUSG00000106698	one_to_one	1	one_to_one:1
ENSG00000245937	NA	NA	ENSMUSG00000118391	one_to_one	1	one_to_one:1
ENSG00000245975	NA	NA	ENSMUSG00000074213	one_to_one	1	one_to_one:1
ENSG00000246022	NA	NA	ENSMUSG00000089781	many_to_one	1	many_to_one:1
ENSG00000246067	NA	NA	ENSMUSG00000074024	one_to_one	1	one_to_one:1
ENSG00000246089	NA	NA	ENSMUSG00000087300	many_to_one	1	many_to_one:1
ENSG00000246316	NA	NA	ENSMUSG00000098284	one_to_one	1	one_to_one:1
ENSG00000246339	ENSCAFG00845022152	one_to_one	NA	NA	1	one_to_one:1
ENSG00000246363	NA	NA	ENSMUSG00000044633	one_to_one	1	one_to_one:1
ENSG00000246375	ENSCAFG00845016710	one_to_one	NA	NA	1	one_to_one:1
ENSG00000246379	NA	NA	ENSMUSG00000097520	many_to_one	1	many_to_one:1
ENSG00000246465	NA	NA	ENSMUSG00000108676	one_to_one	1	one_to_one:1
ENSG00000246548	NA	NA	ENSMUSG00000120428	one_to_one	1	one_to_one:1
ENSG00000246560	NA	NA	ENSMUSG00000097032	many_to_one	1	many_to_one:1
ENSG00000246640	NA	NA	ENSMUSG00000120792	one_to_one	1	one_to_one:1
ENSG00000246695	NA	NA	ENSMUSG00000085658	one_to_one	1	one_to_one:1
ENSG00000246790	NA	NA	ENSMUSG00000086360	one_to_one	1	one_to_one:1
ENSG00000246851	NA	NA	ENSMUSG00000086192	many_to_one	1	many_to_one:1
ENSG00000246859	ENSCAFG00845003755	one_to_one	NA	NA	1	one_to_one:1
ENSG00000246863	NA	NA	ENSMUSG00000085889	one_to_one	1	one_to_one:1
ENSG00000246982	NA	NA	ENSMUSG00000117301;ENSMUSG00000117255	one_to_many	1	one_to_many:1
ENSG00000246985	NA	NA	ENSMUSG00000097766	one_to_one	1	one_to_one:1
ENSG00000247011	NA	NA	ENSMUSG00000086003	one_to_one	1	one_to_one:1
ENSG00000247081	NA	NA	ENSMUSG00000097875	many_to_one	1	many_to_one:1
ENSG00000247092	NA	NA	ENSMUSG00000113722	one_to_one	1	one_to_one:1
ENSG00000247131	NA	NA	ENSMUSG00000112627;ENSMUSG00000120959	one_to_many	1	one_to_many:1
ENSG00000247137	NA	NA	ENSMUSG00000098066	one_to_one	1	one_to_one:1
ENSG00000247228	NA	NA	ENSMUSG00000084808	one_to_one	1	one_to_one:1
ENSG00000247381	NA	NA	ENSMUSG00000092570	one_to_one	1	one_to_one:1
ENSG00000247400	NA	NA	ENSMUSG00000119970	one_to_one	1	one_to_one:1
ENSG00000247416	NA	NA	ENSMUSG00000079564	many_to_one	1	many_to_one:1
ENSG00000247473	NA	NA	ENSMUSG00000086828	many_to_one	1	many_to_one:1
ENSG00000247624	NA	NA	ENSMUSG00000085720;ENSMUSG00000120663	one_to_many	1	one_to_many:1
ENSG00000247828	ENSCAFG00845018054	one_to_one	ENSMUSG00000097292	one_to_one	2	one_to_one:2
ENSG00000247934	NA	NA	ENSMUSG00000072660	many_to_one	1	many_to_one:1
ENSG00000247970	ENSCAFG00845003969	many_to_one	NA	NA	1	many_to_one:1
ENSG00000248027	NA	NA	ENSMUSG00000085253	one_to_one	1	one_to_one:1
ENSG00000248079	NA	NA	ENSMUSG00000084785	one_to_one	1	one_to_one:1
ENSG00000248100	NA	NA	ENSMUSG00000107969	one_to_one	1	one_to_one:1
ENSG00000248127	NA	NA	ENSMUSG00000100475	many_to_one	1	many_to_one:1
ENSG00000248138	ENSCAFG00845000739	one_to_one	NA	NA	1	one_to_one:1
ENSG00000248152	NA	NA	ENSMUSG00000097456	many_to_one	1	many_to_one:1
ENSG00000248174	ENSCAFG00845017753;ENSCAFG00845017740	many_to_many	NA	NA	1	many_to_many:1
ENSG00000248210	NA	NA	ENSMUSG00000110485	one_to_one	1	one_to_one:1
ENSG00000248223	NA	NA	ENSMUSG00000115355	one_to_one	1	one_to_one:1
ENSG00000248228	NA	NA	ENSMUSG00000092559	one_to_one	1	one_to_one:1
ENSG00000248240	NA	NA	ENSMUSG00000025450	many_to_one	1	many_to_one:1
ENSG00000248268	NA	NA	ENSMUSG00000097710	many_to_one	1	many_to_one:1
ENSG00000248319	ENSCAFG00845028348	one_to_one	ENSMUSG00000109992	one_to_one	2	one_to_one:2
ENSG00000248323	NA	NA	ENSMUSG00000097098	one_to_one	1	one_to_one:1
ENSG00000248343	NA	NA	ENSMUSG00000093502	many_to_one	1	many_to_one:1
ENSG00000248356	NA	NA	ENSMUSG00000097174	one_to_one	1	one_to_one:1
ENSG00000248371	NA	NA	ENSMUSG00000097848	one_to_one	1	one_to_one:1
ENSG00000248373	ENSCAFG00845027473	one_to_one	NA	NA	1	one_to_one:1
ENSG00000248397	NA	NA	ENSMUSG00000102715	many_to_one	1	many_to_one:1
ENSG00000248429	NA	NA	ENSMUSG00000102191	one_to_one	1	one_to_one:1
ENSG00000248440	ENSCAFG00845000198;ENSCAFG00845000192;ENSCAFG00845000186	many_to_many_strict	NA	NA	1	many_to_many_strict:1
ENSG00000248445	ENSCAFG00845005650	many_to_one	NA	NA	1	many_to_one:1
ENSG00000248464	NA	NA	ENSMUSG00000086709	one_to_one	1	one_to_one:1
ENSG00000248473	ENSCAFG00845005386	one_to_one	NA	NA	1	one_to_one:1
ENSG00000248479	NA	NA	ENSMUSG00000106598	one_to_one	1	one_to_one:1
ENSG00000248489	NA	NA	ENSMUSG00000120176	one_to_one	1	one_to_one:1
ENSG00000248511	NA	NA	ENSMUSG00000107864;ENSMUSG00000108242;ENSMUSG00000107525	many_to_many_strict	1	many_to_many_strict:1
ENSG00000248517	ENSCAFG00845023011	one_to_one	ENSMUSG00000109612	one_to_one	2	one_to_one:2
ENSG00000248537	NA	NA	ENSMUSG00000096956;ENSMUSG00000115063	many_to_many	1	many_to_many:1
ENSG00000248538	NA	NA	ENSMUSG00000109698	many_to_one	1	many_to_one:1
ENSG00000248539	NA	NA	ENSMUSG00000115497	many_to_one	1	many_to_one:1
ENSG00000248545	NA	NA	ENSMUSG00000106538	one_to_one	1	one_to_one:1
ENSG00000248550	ENSCAFG00845017086	one_to_one	ENSMUSG00000098682	one_to_one	2	one_to_one:2
ENSG00000248554	NA	NA	ENSMUSG00000025450	many_to_one	1	many_to_one:1
ENSG00000248567	ENSCAFG00845012181	one_to_one	NA	NA	1	one_to_one:1
ENSG00000248572	NA	NA	ENSMUSG00000090199	many_to_one	1	many_to_one:1
ENSG00000248599	NA	NA	ENSMUSG00000115750	one_to_one	1	one_to_one:1
ENSG00000248627	NA	NA	ENSMUSG00000107864;ENSMUSG00000108242;ENSMUSG00000107525	many_to_many_strict	1	many_to_many_strict:1
ENSG00000248629	NA	NA	ENSMUSG00000085106	one_to_one	1	one_to_one:1
ENSG00000248646	NA	NA	ENSMUSG00000107301	one_to_one	1	one_to_one:1
ENSG00000248668	NA	NA	ENSMUSG00000087221;ENSMUSG00000086297	many_to_many_strict	1	many_to_many_strict:1
ENSG00000248673	NA	NA	ENSMUSG00000097932;ENSMUSG00000121017	one_to_many	1	one_to_many:1
ENSG00000248690	NA	NA	ENSMUSG00000086541	one_to_one	1	one_to_one:1
ENSG00000248692	ENSCAFG00845005520	one_to_one	NA	NA	1	one_to_one:1
ENSG00000248694	NA	NA	ENSMUSG00000100706	many_to_one	1	many_to_one:1
ENSG00000248714	NA	NA	ENSMUSG00000086191	one_to_one	1	one_to_one:1
ENSG00000248719	ENSCAFG00845017649	one_to_one	ENSMUSG00000045238	one_to_one	2	one_to_one:2
ENSG00000248724	NA	NA	ENSMUSG00000111035	one_to_one	1	one_to_one:1
ENSG00000248730	NA	NA	ENSMUSG00000090199	many_to_one	1	many_to_one:1
ENSG00000248738	NA	NA	ENSMUSG00000114446	one_to_one	1	one_to_one:1
ENSG00000248799	ENSCAFG00845011293	one_to_one	NA	NA	1	one_to_one:1
ENSG00000248816	NA	NA	ENSMUSG00000100706	many_to_one	1	many_to_one:1
ENSG00000248844	NA	NA	ENSMUSG00000108851	many_to_one	1	many_to_one:1
ENSG00000248859	NA	NA	ENSMUSG00000085896;ENSMUSG00000100728	one_to_many	1	one_to_many:1
ENSG00000248866	NA	NA	ENSMUSG00000087250;ENSMUSG00000086234	one_to_many	1	one_to_many:1
ENSG00000248876	ENSCAFG00845000198;ENSCAFG00845000192;ENSCAFG00845000186	many_to_many_strict	NA	NA	1	many_to_many_strict:1
ENSG00000248898	NA	NA	ENSMUSG00000114255	one_to_one	1	one_to_one:1
ENSG00000248954	NA	NA	ENSMUSG00000085992	one_to_one	1	one_to_one:1
ENSG00000248984	NA	NA	ENSMUSG00000097924	many_to_one	1	many_to_one:1
ENSG00000249008	ENSCAFG00845018643;ENSCAFG00845018676	many_to_many_strict	NA	NA	1	many_to_many_strict:1
ENSG00000249028	NA	NA	ENSMUSG00000108282	one_to_one	1	one_to_one:1
ENSG00000249049	NA	NA	ENSMUSG00000097924	many_to_one	1	many_to_one:1
ENSG00000249057	ENSCAFG00845011623	one_to_one	NA	NA	1	one_to_one:1
ENSG00000249069	NA	NA	ENSMUSG00000114213	many_to_one	1	many_to_one:1
ENSG00000249071	NA	NA	ENSMUSG00000090199	many_to_one	1	many_to_one:1
ENSG00000249082	NA	NA	ENSMUSG00000100096	one_to_one	1	one_to_one:1
ENSG00000249087	ENSCAFG00845015374	one_to_one	NA	NA	1	one_to_one:1
ENSG00000249091	NA	NA	ENSMUSG00000102715	many_to_one	1	many_to_one:1
ENSG00000249112	NA	NA	ENSMUSG00000096948;ENSMUSG00000120640	one_to_many	1	one_to_many:1
ENSG00000249125	ENSCAFG00845018950	one_to_one	NA	NA	1	one_to_one:1
ENSG00000249167	ENSCAFG00845005650	many_to_one	NA	NA	1	many_to_one:1
ENSG00000249171	NA	NA	ENSMUSG00000106255	one_to_one	1	one_to_one:1
ENSG00000249196	NA	NA	ENSMUSG00000105857	many_to_one	1	many_to_one:1
ENSG00000249207	ENSCAFG00845004766	one_to_one	NA	NA	1	one_to_one:1
ENSG00000249216	NA	NA	ENSMUSG00000086964;ENSMUSG00000085839	many_to_many_strict	1	many_to_many_strict:1
ENSG00000249234	NA	NA	ENSMUSG00000105503;ENSMUSG00000104784	many_to_many_strict	1	many_to_many_strict:1
ENSG00000249252	ENSCAFG00845001762	one_to_one	NA	NA	1	one_to_one:1
ENSG00000249290	NA	NA	ENSMUSG00000090255	many_to_one	1	many_to_one:1
ENSG00000249295	NA	NA	ENSMUSG00000114360	one_to_one	1	one_to_one:1
ENSG00000249304	NA	NA	ENSMUSG00000090427	one_to_one	1	one_to_one:1
ENSG00000249318	NA	NA	ENSMUSG00000097710	many_to_one	1	many_to_one:1
ENSG00000249334	NA	NA	ENSMUSG00000079528	one_to_one	1	one_to_one:1
ENSG00000249335	NA	NA	ENSMUSG00000100596	many_to_one	1	many_to_one:1
ENSG00000249341	NA	NA	ENSMUSG00000121106;ENSMUSG00000085657	many_to_many_strict	1	many_to_many_strict:1
ENSG00000249352	NA	NA	ENSMUSG00000100596	many_to_one	1	many_to_one:1
ENSG00000249373	NA	NA	ENSMUSG00000097456	many_to_one	1	many_to_one:1
ENSG00000249388	NA	NA	ENSMUSG00000116066;ENSMUSG00000099758	one_to_many	1	one_to_many:1
ENSG00000249436	ENSCAFG00845029078	one_to_one	ENSMUSG00000114824	one_to_one	2	one_to_one:2
ENSG00000249458	ENSCAFG00845018706;ENSCAFG00845018756;ENSCAFG00845018769;ENSCAFG00845018780	one_to_many	NA	NA	1	one_to_many:1
ENSG00000249478	NA	NA	ENSMUSG00000087668	many_to_one	1	many_to_one:1
ENSG00000249483	NA	NA	ENSMUSG00000099340;ENSMUSG00000097182	many_to_many_strict	1	many_to_many_strict:1
ENSG00000249491	NA	NA	ENSMUSG00000090199	many_to_one	1	many_to_one:1
ENSG00000249494	NA	NA	ENSMUSG00000100134	one_to_one	1	one_to_one:1
ENSG00000249497	NA	NA	ENSMUSG00000084856	one_to_one	1	one_to_one:1
ENSG00000249526	NA	NA	ENSMUSG00000117840	one_to_one	1	one_to_one:1
ENSG00000249553	NA	NA	ENSMUSG00000117792	one_to_one	1	one_to_one:1
ENSG00000249593	NA	NA	ENSMUSG00000117731;ENSMUSG00000118386	one_to_many	1	one_to_many:1
ENSG00000249604	NA	NA	ENSMUSG00000097761	one_to_one	1	one_to_one:1
ENSG00000249609	NA	NA	ENSMUSG00000086866;ENSMUSG00000121162	many_to_many_strict	1	many_to_many_strict:1
ENSG00000249623	NA	NA	ENSMUSG00000086866;ENSMUSG00000121162	many_to_many_strict	1	many_to_many_strict:1
ENSG00000249647	ENSCAFG00845013909	one_to_one	NA	NA	1	one_to_one:1
ENSG00000249669	NA	NA	ENSMUSG00000102778	many_to_one	1	many_to_one:1
ENSG00000249678	NA	NA	ENSMUSG00000097216	many_to_one	1	many_to_one:1
ENSG00000249690	NA	NA	ENSMUSG00000104108	one_to_one	1	one_to_one:1
ENSG00000249697	ENSCAFG00845028636	one_to_one	ENSMUSG00000120592	one_to_one	2	one_to_one:2
ENSG00000249710	ENSCAFG00845024286	one_to_one	NA	NA	1	one_to_one:1
ENSG00000249713	NA	NA	ENSMUSG00000118436;ENSMUSG00000121060;ENSMUSG00000118445	one_to_many	1	one_to_many:1
ENSG00000249725	NA	NA	ENSMUSG00000120691;ENSMUSG00000099616;ENSMUSG00000111278	many_to_many	1	many_to_many:1
ENSG00000249727	NA	NA	ENSMUSG00000106726	one_to_one	1	one_to_one:1
ENSG00000249737	NA	NA	ENSMUSG00000115335	one_to_one	1	one_to_one:1
ENSG00000249743	NA	NA	ENSMUSG00000114521;ENSMUSG00000120268	one_to_many	1	one_to_many:1
ENSG00000249771	NA	NA	ENSMUSG00000107319	one_to_one	1	one_to_one:1
ENSG00000249806	NA	NA	ENSMUSG00000090732	many_to_one	1	many_to_one:1
ENSG00000249815	ENSCAFG00845016219	one_to_one	ENSMUSG00000104763;ENSMUSG00000106437	one_to_many	2	one_to_many:1;one_to_one:1
ENSG00000249854	NA	NA	ENSMUSG00000115560	one_to_one	1	one_to_one:1
ENSG00000249859	ENSCAFG00845012649;ENSCAFG00845012589	one_to_many	ENSMUSG00000097039	one_to_one	2	one_to_many:1;one_to_one:1
ENSG00000250015	NA	NA	ENSMUSG00000117588	many_to_one	1	many_to_one:1
ENSG00000250032	NA	NA	ENSMUSG00000115497	many_to_one	1	many_to_one:1
ENSG00000250039	NA	NA	ENSMUSG00000093502	many_to_one	1	many_to_one:1
ENSG00000250091	NA	NA	ENSMUSG00000105583	one_to_one	1	one_to_one:1
ENSG00000250092	NA	NA	ENSMUSG00000093502	many_to_one	1	many_to_one:1
ENSG00000250095	NA	NA	ENSMUSG00000118292	one_to_one	1	one_to_one:1
ENSG00000250103	NA	NA	ENSMUSG00000098515	one_to_one	1	one_to_one:1
ENSG00000250129	NA	NA	ENSMUSG00000085430;ENSMUSG00000093590	one_to_many	1	one_to_many:1
ENSG00000250166	ENSCAFG00845013851	one_to_one	NA	NA	1	one_to_one:1
ENSG00000250174	NA	NA	ENSMUSG00000100593;ENSMUSG00000116665	many_to_many	1	many_to_many:1
ENSG00000250192	NA	NA	ENSMUSG00000106985;ENSMUSG00000107232;ENSMUSG00000106906	one_to_many	1	one_to_many:1
ENSG00000250208	NA	NA	ENSMUSG00000072591	one_to_one	1	one_to_one:1
ENSG00000250218	NA	NA	ENSMUSG00000089781	many_to_one	1	many_to_one:1
ENSG00000250220	ENSCAFG00845005652	one_to_one	ENSMUSG00000054945	one_to_one	2	one_to_one:2
ENSG00000250222	NA	NA	ENSMUSG00000086245	one_to_one	1	one_to_one:1
ENSG00000250234	NA	NA	ENSMUSG00000096971;ENSMUSG00000115667	many_to_many_strict	1	many_to_many_strict:1
ENSG00000250241	ENSCAFG00845023476	one_to_one	ENSMUSG00000097040	one_to_one	2	one_to_one:2
ENSG00000250243	NA	NA	ENSMUSG00000093502	many_to_one	1	many_to_one:1
ENSG00000250244	NA	NA	ENSMUSG00000087668	many_to_one	1	many_to_one:1
ENSG00000250250	ENSCAFG00845003795	one_to_one	ENSMUSG00000115433	one_to_one	2	one_to_one:2
ENSG00000250256	NA	NA	ENSMUSG00000113834	one_to_one	1	one_to_one:1
ENSG00000250280	ENSCAFG00845012389	one_to_one	NA	NA	1	one_to_one:1
ENSG00000250282	NA	NA	ENSMUSG00000087630	many_to_one	1	many_to_one:1
ENSG00000250326	NA	NA	ENSMUSG00000037982	one_to_one	1	one_to_one:1
ENSG00000250338	NA	NA	ENSMUSG00000120641	one_to_one	1	one_to_one:1
ENSG00000250344	ENSCAFG00845022428	one_to_one	NA	NA	1	one_to_one:1
ENSG00000250348	NA	NA	ENSMUSG00000100475	many_to_one	1	many_to_one:1
ENSG00000250354	NA	NA	ENSMUSG00000074235	many_to_one	1	many_to_one:1
ENSG00000250377	ENSCAFG00845017914	many_to_one	ENSMUSG00000050334	many_to_one	2	many_to_one:2
ENSG00000250379	NA	NA	ENSMUSG00000087458	one_to_one	1	one_to_one:1
ENSG00000250409	NA	NA	ENSMUSG00000087668	many_to_one	1	many_to_one:1
ENSG00000250433	NA	NA	ENSMUSG00000090255	many_to_one	1	many_to_one:1
ENSG00000250493	NA	NA	ENSMUSG00000120815;ENSMUSG00000110749	one_to_many	1	one_to_many:1
ENSG00000250529	NA	NA	ENSMUSG00000021600	many_to_one	1	many_to_one:1
ENSG00000250555	ENSCAFG00845017881;ENSCAFG00845018016	many_to_many	ENSMUSG00000097265	many_to_one	2	many_to_many:1;many_to_one:1
ENSG00000250579	NA	NA	ENSMUSG00000113771	many_to_one	1	many_to_one:1
ENSG00000250582	NA	NA	ENSMUSG00000109945	many_to_one	1	many_to_one:1
ENSG00000250592	NA	NA	ENSMUSG00000099373;ENSMUSG00000120939	one_to_many	1	one_to_many:1
ENSG00000250600	NA	NA	ENSMUSG00000115710	one_to_one	1	one_to_one:1
ENSG00000250603	NA	NA	ENSMUSG00000118322;ENSMUSG00000086607;ENSMUSG00000085800	one_to_many	1	one_to_many:1
ENSG00000250616	NA	NA	ENSMUSG00000055323	one_to_one	1	one_to_one:1
ENSG00000250623	NA	NA	ENSMUSG00000106902	one_to_one	1	one_to_one:1
ENSG00000250635	NA	NA	ENSMUSG00000100320	many_to_one	1	many_to_one:1
ENSG00000250646	ENSCAFG00845012013	one_to_one	NA	NA	1	one_to_one:1
ENSG00000250682	ENSCAFG00845001870;ENSCAFG00845001811;ENSCAFG00845001779;ENSCAFG00845001817;ENSCAFG00845001772;ENSCAFG00845001792;ENSCAFG00845001857;ENSCAFG00845001849	one_to_many	ENSMUSG00000100711;ENSMUSG00000100182	one_to_many	2	one_to_many:2
ENSG00000250692	NA	NA	ENSMUSG00000117852	one_to_one	1	one_to_one:1
ENSG00000250698	NA	NA	ENSMUSG00000104161;ENSMUSG00000102539	many_to_many_strict	1	many_to_many_strict:1
ENSG00000250748	NA	NA	ENSMUSG00000044544	one_to_one	1	one_to_one:1
ENSG00000250751	NA	NA	ENSMUSG00000101258	one_to_one	1	one_to_one:1
ENSG00000250761	NA	NA	ENSMUSG00000113121	one_to_one	1	one_to_one:1
ENSG00000250786	NA	NA	ENSMUSG00000096956;ENSMUSG00000115063	many_to_many	1	many_to_many:1
ENSG00000250790	ENSCAFG00845025179	many_to_one	ENSMUSG00000105541	many_to_one	2	many_to_one:2
ENSG00000250806	ENSCAFG00845002155;ENSCAFG00845002139;ENSCAFG00845002148	one_to_many	NA	NA	1	one_to_many:1
ENSG00000250838	NA	NA	ENSMUSG00000099928	many_to_one	1	many_to_one:1
ENSG00000250850	NA	NA	ENSMUSG00000086211	many_to_one	1	many_to_one:1
ENSG00000250866	NA	NA	ENSMUSG00000113771	many_to_one	1	many_to_one:1
ENSG00000250893	NA	NA	ENSMUSG00000097092	one_to_one	1	one_to_one:1
ENSG00000250899	ENSCAFG00845024324	one_to_one	NA	NA	1	one_to_one:1
ENSG00000250902	NA	NA	ENSMUSG00000109945	many_to_one	1	many_to_one:1
ENSG00000250903	NA	NA	ENSMUSG00000113935;ENSMUSG00000120974	many_to_many_strict	1	many_to_many_strict:1
ENSG00000250908	NA	NA	ENSMUSG00000107864;ENSMUSG00000108242;ENSMUSG00000107525	many_to_many_strict	1	many_to_many_strict:1
ENSG00000250909	ENSCAFG00845012545	many_to_one	NA	NA	1	many_to_one:1
ENSG00000250930	NA	NA	ENSMUSG00000121106;ENSMUSG00000085657	many_to_many_strict	1	many_to_many_strict:1
ENSG00000250948	NA	NA	ENSMUSG00000045075	one_to_one	1	one_to_one:1
ENSG00000250957	ENSCAFG00845017753;ENSCAFG00845017740	many_to_many	NA	NA	1	many_to_many:1
ENSG00000250958	ENSCAFG00845001893	one_to_one	NA	NA	1	one_to_one:1
ENSG00000250988	ENSCAFG00845003886	many_to_one	ENSMUSG00000097277	many_to_one	2	many_to_one:2
ENSG00000251002	NA	NA	ENSMUSG00000106112	many_to_one	1	many_to_one:1
ENSG00000251011	NA	NA	ENSMUSG00000120691;ENSMUSG00000099616;ENSMUSG00000111278	many_to_many	1	many_to_many:1
ENSG00000251022	NA	NA	ENSMUSG00000097772	one_to_one	1	one_to_one:1
ENSG00000251023	ENSCAFG00845015101	one_to_one	NA	NA	1	one_to_one:1
ENSG00000251054	NA	NA	ENSMUSG00000072761	one_to_one	1	one_to_one:1
ENSG00000251058	NA	NA	ENSMUSG00000090255	many_to_one	1	many_to_one:1
ENSG00000251126	NA	NA	ENSMUSG00000097456	many_to_one	1	many_to_one:1
ENSG00000251136	NA	NA	ENSMUSG00000085112	one_to_one	1	one_to_one:1
ENSG00000251141	NA	NA	ENSMUSG00000097411	one_to_one	1	one_to_one:1
ENSG00000251148	NA	NA	ENSMUSG00000106888	one_to_one	1	one_to_one:1
ENSG00000251152	ENSCAFG00845002373	one_to_one	NA	NA	1	one_to_one:1
ENSG00000251168	NA	NA	ENSMUSG00000113394	one_to_one	1	one_to_one:1
ENSG00000251171	NA	NA	ENSMUSG00000099419	one_to_one	1	one_to_one:1
ENSG00000251173	NA	NA	ENSMUSG00000087601	one_to_one	1	one_to_one:1
ENSG00000251183	ENSCAFG00845005031;ENSCAFG00845005040	one_to_many	NA	NA	1	one_to_many:1
ENSG00000251189	ENSCAFG00845003499	one_to_one	NA	NA	1	one_to_one:1
ENSG00000251199	ENSCAFG00845023328	one_to_one	NA	NA	1	one_to_one:1
ENSG00000251205	NA	NA	ENSMUSG00000118117	one_to_one	1	one_to_one:1
ENSG00000251213	ENSCAFG00845017753;ENSCAFG00845017740	many_to_many	NA	NA	1	many_to_many:1
ENSG00000251248	NA	NA	ENSMUSG00000090732	many_to_one	1	many_to_one:1
ENSG00000251259	ENSCAFG00845027521;ENSCAFG00845027534;ENSCAFG00845027542	one_to_many	NA	NA	1	one_to_many:1
ENSG00000251260	NA	NA	ENSMUSG00000106492;ENSMUSG00000092354	many_to_many	1	many_to_many:1
ENSG00000251270	NA	NA	ENSMUSG00000085541	one_to_one	1	one_to_one:1
ENSG00000251276	NA	NA	ENSMUSG00000097626	many_to_one	1	many_to_one:1
ENSG00000251292	ENSCAFG00845008707	one_to_one	NA	NA	1	one_to_one:1
ENSG00000251294	NA	NA	ENSMUSG00000084873	one_to_one	1	one_to_one:1
ENSG00000251367	ENSCAFG00845000198;ENSCAFG00845000192;ENSCAFG00845000186	many_to_many_strict	NA	NA	1	many_to_many_strict:1
ENSG00000251370	NA	NA	ENSMUSG00000096956;ENSMUSG00000115063	many_to_many	1	many_to_many:1
ENSG00000251379	NA	NA	ENSMUSG00000087290	one_to_one	1	one_to_one:1
ENSG00000251408	NA	NA	ENSMUSG00000097686	many_to_one	1	many_to_one:1
ENSG00000251414	ENSCAFG00845012545	many_to_one	NA	NA	1	many_to_one:1
ENSG00000251426	NA	NA	ENSMUSG00000021600	many_to_one	1	many_to_one:1
ENSG00000251442	NA	NA	ENSMUSG00000106319	one_to_one	1	one_to_one:1
ENSG00000251461	NA	NA	ENSMUSG00000099928	many_to_one	1	many_to_one:1
ENSG00000251497	NA	NA	ENSMUSG00000090220;ENSMUSG00000105759;ENSMUSG00000089842	one_to_many	1	one_to_many:1
ENSG00000251513	NA	NA	ENSMUSG00000097379	one_to_one	1	one_to_one:1
ENSG00000251562	ENSCAFG00845024046;ENSCAFG00845024060	many_to_many_strict	ENSMUSG00000092341	many_to_one	2	many_to_many_strict:1;many_to_one:1
ENSG00000251577	ENSCAFG00845027288	one_to_one	NA	NA	1	one_to_one:1
ENSG00000251586	NA	NA	ENSMUSG00000105085	one_to_one	1	one_to_one:1
ENSG00000251652	NA	NA	ENSMUSG00000101762	one_to_one	1	one_to_one:1
ENSG00000251678	NA	NA	ENSMUSG00000120037	many_to_one	1	many_to_one:1
ENSG00000252690	ENSCAFG00845003886	many_to_one	ENSMUSG00000097277	many_to_one	2	many_to_one:2
ENSG00000253104	NA	NA	ENSMUSG00000115122	one_to_one	1	one_to_one:1
ENSG00000253110	NA	NA	ENSMUSG00000085402	one_to_one	1	one_to_one:1
ENSG00000253112	NA	NA	ENSMUSG00000049476	one_to_one	1	one_to_one:1
ENSG00000253121	ENSCAFG00845029810;ENSCAFG00845029816	one_to_many	NA	NA	1	one_to_many:1
ENSG00000253168	NA	NA	ENSMUSG00000085672;ENSMUSG00000086773;ENSMUSG00000084960	many_to_many	1	many_to_many:1
ENSG00000253170	NA	NA	ENSMUSG00000106505	one_to_one	1	one_to_one:1
ENSG00000253214	ENSCAFG00845014816;ENSCAFG00845014794;ENSCAFG00845014805;ENSCAFG00845014811;ENSCAFG00845014799	many_to_many	ENSMUSG00000120107	many_to_one	2	many_to_many:1;many_to_one:1
ENSG00000253215	NA	NA	ENSMUSG00000085445	many_to_one	1	many_to_one:1
ENSG00000253220	NA	NA	ENSMUSG00000121298	many_to_one	1	many_to_one:1
ENSG00000253238	ENSCAFG00845014581	one_to_one	ENSMUSG00000103116	one_to_one	2	one_to_one:2
ENSG00000253263	NA	NA	ENSMUSG00000115546	many_to_one	1	many_to_one:1
ENSG00000253267	NA	NA	ENSMUSG00000084945	many_to_one	1	many_to_one:1
ENSG00000253269	NA	NA	ENSMUSG00000087122;ENSMUSG00000120384	one_to_many	1	one_to_many:1
ENSG00000253270	NA	NA	ENSMUSG00000085197;ENSMUSG00000087489	one_to_many	1	one_to_many:1
ENSG00000253302	NA	NA	ENSMUSG00000100868	one_to_one	1	one_to_one:1
ENSG00000253307	ENSCAFG00845013114	one_to_one	NA	NA	1	one_to_one:1
ENSG00000253308	NA	NA	ENSMUSG00000086126	many_to_one	1	many_to_one:1
ENSG00000253320	NA	NA	ENSMUSG00000115546	many_to_one	1	many_to_one:1
ENSG00000253335	NA	NA	ENSMUSG00000087266	many_to_one	1	many_to_one:1
ENSG00000253344	ENSCAFG00845013845	many_to_one	ENSMUSG00000100335	many_to_one	2	many_to_one:2
ENSG00000253355	NA	NA	ENSMUSG00000115333	many_to_one	1	many_to_one:1
ENSG00000253361	NA	NA	ENSMUSG00000110017	many_to_one	1	many_to_one:1
ENSG00000253376	ENSCAFG00845027574;ENSCAFG00845027556;ENSCAFG00845027596;ENSCAFG00845027568;ENSCAFG00845027579;ENSCAFG00845027589;ENSCAFG00845027561	one_to_many	ENSMUSG00000087099	one_to_one	2	one_to_many:1;one_to_one:1
ENSG00000253385	NA	NA	ENSMUSG00000115546	many_to_one	1	many_to_one:1
ENSG00000253389	NA	NA	ENSMUSG00000120972;ENSMUSG00000086741	many_to_many_strict	1	many_to_many_strict:1
ENSG00000253395	NA	NA	ENSMUSG00000115430	many_to_one	1	many_to_one:1
ENSG00000253405	NA	NA	ENSMUSG00000086126	many_to_one	1	many_to_one:1
ENSG00000253408	NA	NA	ENSMUSG00000085199	one_to_one	1	one_to_one:1
ENSG00000253416	ENSCAFG00845029487	one_to_one	NA	NA	1	one_to_one:1
ENSG00000253427	NA	NA	ENSMUSG00000121298	many_to_one	1	many_to_one:1
ENSG00000253445	NA	NA	ENSMUSG00000118232	one_to_one	1	one_to_one:1
ENSG00000253452	ENSCAFG00845014068	one_to_one	NA	NA	1	one_to_one:1
ENSG00000253456	NA	NA	ENSMUSG00000085784	many_to_one	1	many_to_one:1
ENSG00000253469	ENSCAFG00845004019	many_to_one	ENSMUSG00000086375;ENSMUSG00000087245	many_to_many	2	many_to_many:1;many_to_one:1
ENSG00000253471	NA	NA	ENSMUSG00000092499	one_to_one	1	one_to_one:1
ENSG00000253479	NA	NA	ENSMUSG00000101314	one_to_one	1	one_to_one:1
ENSG00000253484	ENSCAFG00845028799;ENSCAFG00845028818;ENSCAFG00845028782;ENSCAFG00845028831;ENSCAFG00845028807;ENSCAFG00845028793;ENSCAFG00845028825;ENSCAFG00845028784	one_to_many	NA	NA	1	one_to_many:1
ENSG00000253500	NA	NA	ENSMUSG00000087402	one_to_one	1	one_to_one:1
ENSG00000253521	NA	NA	ENSMUSG00000115784	one_to_one	1	one_to_one:1
ENSG00000253527	ENSCAFG00845004019	many_to_one	ENSMUSG00000086375;ENSMUSG00000087245	many_to_many	2	many_to_many:1;many_to_one:1
ENSG00000253530	NA	NA	ENSMUSG00000121298	many_to_one	1	many_to_one:1
ENSG00000253539	NA	NA	ENSMUSG00000115829	many_to_one	1	many_to_one:1
ENSG00000253552	NA	NA	ENSMUSG00000087626	many_to_one	1	many_to_one:1
ENSG00000253562	NA	NA	ENSMUSG00000115829	many_to_one	1	many_to_one:1
ENSG00000253563	NA	NA	ENSMUSG00000098172	one_to_one	1	one_to_one:1
ENSG00000253567	NA	NA	ENSMUSG00000120895	one_to_one	1	one_to_one:1
ENSG00000253582	NA	NA	ENSMUSG00000097232	many_to_one	1	many_to_one:1
ENSG00000253591	NA	NA	ENSMUSG00000087328;ENSMUSG00000085240	many_to_many_strict	1	many_to_many_strict:1
ENSG00000253613	ENSCAFG00845003869	one_to_one	NA	NA	1	one_to_one:1
ENSG00000253619	NA	NA	ENSMUSG00000115361;ENSMUSG00000115200	one_to_many	1	one_to_many:1
ENSG00000253629	NA	NA	ENSMUSG00000101671;ENSMUSG00000086125;ENSMUSG00000022288	one_to_many	1	one_to_many:1
ENSG00000253645	NA	NA	ENSMUSG00000110148	one_to_one	1	one_to_one:1
ENSG00000253658	ENSCAFG00845024368	many_to_one	NA	NA	1	many_to_one:1
ENSG00000253660	ENSCAFG00845004019	many_to_one	ENSMUSG00000086375;ENSMUSG00000087245	many_to_many	2	many_to_many:1;many_to_one:1
ENSG00000253661	NA	NA	ENSMUSG00000086224	one_to_one	1	one_to_one:1
ENSG00000253671	NA	NA	ENSMUSG00000120793	one_to_one	1	one_to_one:1
ENSG00000253679	ENSCAFG00845029043	many_to_one	NA	NA	1	many_to_one:1
ENSG00000253687	NA	NA	ENSMUSG00000085533;ENSMUSG00000086170	many_to_many_strict	1	many_to_many_strict:1
ENSG00000253695	NA	NA	ENSMUSG00000120039	one_to_one	1	one_to_one:1
ENSG00000253704	NA	NA	ENSMUSG00000086625	many_to_one	1	many_to_one:1
ENSG00000253706	NA	NA	ENSMUSG00000100053	one_to_one	1	one_to_one:1
ENSG00000253711	NA	NA	ENSMUSG00000087564;ENSMUSG00000086233	many_to_many_strict	1	many_to_many_strict:1
ENSG00000253713	ENSCAFG00845004019	many_to_one	ENSMUSG00000086375;ENSMUSG00000087245	many_to_many	2	many_to_many:1;many_to_one:1
ENSG00000253737	NA	NA	ENSMUSG00000115333	many_to_one	1	many_to_one:1
ENSG00000253741	NA	NA	ENSMUSG00000091709	one_to_one	1	one_to_one:1
ENSG00000253764	NA	NA	ENSMUSG00000098322	one_to_one	1	one_to_one:1
ENSG00000253811	NA	NA	ENSMUSG00000085784	many_to_one	1	many_to_one:1
ENSG00000253837	NA	NA	ENSMUSG00000098975	one_to_one	1	one_to_one:1
ENSG00000253842	NA	NA	ENSMUSG00000120582;ENSMUSG00000114981;ENSMUSG00000115395	one_to_many	1	one_to_many:1
ENSG00000253851	NA	NA	ENSMUSG00000114994	many_to_one	1	many_to_one:1
ENSG00000253858	NA	NA	ENSMUSG00000087328;ENSMUSG00000085240	many_to_many_strict	1	many_to_many_strict:1
ENSG00000253865	NA	NA	ENSMUSG00000102778	many_to_one	1	many_to_one:1
ENSG00000253893	NA	NA	ENSMUSG00000110116;ENSMUSG00000109704	many_to_many_strict	1	many_to_many_strict:1
ENSG00000253925	ENSCAFG00845004019	many_to_one	ENSMUSG00000086375;ENSMUSG00000087245	many_to_many	2	many_to_many:1;many_to_one:1
ENSG00000253944	NA	NA	ENSMUSG00000085672;ENSMUSG00000086773;ENSMUSG00000084960	many_to_many	1	many_to_many:1
ENSG00000253947	ENSCAFG00845004019	many_to_one	ENSMUSG00000086375;ENSMUSG00000087245	many_to_many	2	many_to_many:1;many_to_one:1
ENSG00000253948	NA	NA	ENSMUSG00000115829	many_to_one	1	many_to_one:1
ENSG00000253973	ENSCAFG00845012799	one_to_one	NA	NA	1	one_to_one:1
ENSG00000253976	NA	NA	ENSMUSG00000089699	many_to_one	1	many_to_one:1
ENSG00000253980	NA	NA	ENSMUSG00000085853	one_to_one	1	one_to_one:1
ENSG00000254003	NA	NA	ENSMUSG00000086528	one_to_one	1	one_to_one:1
ENSG00000254019	NA	NA	ENSMUSG00000099958	many_to_one	1	many_to_one:1
ENSG00000254021	NA	NA	ENSMUSG00000097232	many_to_one	1	many_to_one:1
ENSG00000254024	NA	NA	ENSMUSG00000089804;ENSMUSG00000089949	many_to_many_strict	1	many_to_many_strict:1
ENSG00000254050	ENSCAFG00845029682	many_to_one	ENSMUSG00000086017	many_to_one	2	many_to_one:2
ENSG00000254054	NA	NA	ENSMUSG00000085445	many_to_one	1	many_to_one:1
ENSG00000254060	NA	NA	ENSMUSG00000089794	many_to_one	1	many_to_one:1
ENSG00000254106	NA	NA	ENSMUSG00000117105	one_to_one	1	one_to_one:1
ENSG00000254109	NA	NA	ENSMUSG00000097442	one_to_one	1	one_to_one:1
ENSG00000254130	ENSCAFG00845004062;ENSCAFG00845004083;ENSCAFG00845004030;ENSCAFG00845004051;ENSCAFG00845004057	one_to_many	NA	NA	1	one_to_many:1
ENSG00000254138	ENSCAFG00845002828	many_to_one	NA	NA	1	many_to_one:1
ENSG00000254143	NA	NA	ENSMUSG00000109299	one_to_one	1	one_to_one:1
ENSG00000254160	NA	NA	ENSMUSG00000084945	many_to_one	1	many_to_one:1
ENSG00000254177	NA	NA	ENSMUSG00000089794	many_to_one	1	many_to_one:1
ENSG00000254186	NA	NA	ENSMUSG00000121253	one_to_one	1	one_to_one:1
ENSG00000254187	ENSCAFG00845004019	many_to_one	ENSMUSG00000086375;ENSMUSG00000087245	many_to_many	2	many_to_many:1;many_to_one:1
ENSG00000254197	NA	NA	ENSMUSG00000099958	many_to_one	1	many_to_one:1
ENSG00000254209	ENSCAFG00845008636	one_to_one	NA	NA	1	one_to_one:1
ENSG00000254211	NA	NA	ENSMUSG00000085772	one_to_one	1	one_to_one:1
ENSG00000254222	NA	NA	ENSMUSG00000087564;ENSMUSG00000086233	many_to_many_strict	1	many_to_many_strict:1
ENSG00000254230	NA	NA	ENSMUSG00000115186	one_to_one	1	one_to_one:1
ENSG00000254236	NA	NA	ENSMUSG00000115547	one_to_one	1	one_to_one:1
ENSG00000254238	NA	NA	ENSMUSG00000085125	one_to_one	1	one_to_one:1
ENSG00000254251	NA	NA	ENSMUSG00000087241	many_to_one	1	many_to_one:1
ENSG00000254254	NA	NA	ENSMUSG00000085996	one_to_one	1	one_to_one:1
ENSG00000254290	ENSCAFG00845013845	many_to_one	ENSMUSG00000100335	many_to_one	2	many_to_one:2
ENSG00000254291	ENSCAFG00845013254	one_to_one	NA	NA	1	one_to_one:1
ENSG00000254297	ENSCAFG00845004019	many_to_one	ENSMUSG00000086375;ENSMUSG00000087245	many_to_many	2	many_to_many:1;many_to_one:1
ENSG00000254306	ENSCAFG00845013845	many_to_one	ENSMUSG00000100335	many_to_one	2	many_to_one:2
ENSG00000254315	NA	NA	ENSMUSG00000086625	many_to_one	1	many_to_one:1
ENSG00000254337	ENSCAFG00845024368	many_to_one	NA	NA	1	many_to_one:1
ENSG00000254340	NA	NA	ENSMUSG00000109698	many_to_one	1	many_to_one:1
ENSG00000254343	ENSCAFG00845007340	one_to_one	NA	NA	1	one_to_one:1
ENSG00000254357	NA	NA	ENSMUSG00000089699	many_to_one	1	many_to_one:1
ENSG00000254365	ENSCAFG00845004019	many_to_one	ENSMUSG00000086375;ENSMUSG00000087245	many_to_many	2	many_to_many:1;many_to_one:1
ENSG00000254369	NA	NA	ENSMUSG00000087626	many_to_one	1	many_to_one:1
ENSG00000254380	NA	NA	ENSMUSG00000098008	one_to_one	1	one_to_one:1
ENSG00000254389	ENSCAFG00845014930	one_to_one	NA	NA	1	one_to_one:1
ENSG00000254391	NA	NA	ENSMUSG00000085533;ENSMUSG00000086170	many_to_many_strict	1	many_to_many_strict:1
ENSG00000254401	NA	NA	ENSMUSG00000109808	one_to_one	1	one_to_one:1
ENSG00000254417	NA	NA	ENSMUSG00000108851	many_to_one	1	many_to_one:1
ENSG00000254422	NA	NA	ENSMUSG00000110161;ENSMUSG00000092185	many_to_many_strict	1	many_to_many_strict:1
ENSG00000254438	NA	NA	ENSMUSG00000073862	many_to_one	1	many_to_one:1
ENSG00000254453	NA	NA	ENSMUSG00000108950;ENSMUSG00000110093	many_to_many	1	many_to_many:1
ENSG00000254461	NA	NA	ENSMUSG00000117710	many_to_one	1	many_to_one:1
ENSG00000254473	NA	NA	ENSMUSG00000119985	one_to_one	1	one_to_one:1
ENSG00000254497	NA	NA	ENSMUSG00000086980	one_to_one	1	one_to_one:1
ENSG00000254508	NA	NA	ENSMUSG00000046085	many_to_one	1	many_to_one:1
ENSG00000254519	NA	NA	ENSMUSG00000085293	one_to_one	1	one_to_one:1
ENSG00000254531	NA	NA	ENSMUSG00000120358	one_to_one	1	one_to_one:1
ENSG00000254538	NA	NA	ENSMUSG00000089982	one_to_one	1	one_to_one:1
ENSG00000254542	NA	NA	ENSMUSG00000108950;ENSMUSG00000110093	many_to_many	1	many_to_many:1
ENSG00000254551	ENSCAFG00845011946	one_to_one	NA	NA	1	one_to_one:1
ENSG00000254552	NA	NA	ENSMUSG00000087043;ENSMUSG00000086908;ENSMUSG00000087467	one_to_many	1	one_to_many:1
ENSG00000254563	NA	NA	ENSMUSG00000085792;ENSMUSG00000108635;ENSMUSG00000085443;ENSMUSG00000085751;ENSMUSG00000053049	many_to_many	1	many_to_many:1
ENSG00000254566	ENSCAFG00845020642	many_to_one	ENSMUSG00000087465	many_to_one	2	many_to_one:2
ENSG00000254575	NA	NA	ENSMUSG00000110236	one_to_one	1	one_to_one:1
ENSG00000254588	NA	NA	ENSMUSG00000098843	one_to_one	1	one_to_one:1
ENSG00000254605	NA	NA	ENSMUSG00000108851	many_to_one	1	many_to_one:1
ENSG00000254607	ENSCAFG00845008952	many_to_one	ENSMUSG00000053889	many_to_one	2	many_to_one:2
ENSG00000254614	NA	NA	ENSMUSG00000097404	one_to_one	1	one_to_one:1
ENSG00000254620	NA	NA	ENSMUSG00000120177	many_to_one	1	many_to_one:1
ENSG00000254622	NA	NA	ENSMUSG00000108950;ENSMUSG00000110093	many_to_many	1	many_to_many:1
ENSG00000254635	NA	NA	ENSMUSG00000117505	one_to_one	1	one_to_one:1
ENSG00000254639	NA	NA	ENSMUSG00000087018	one_to_one	1	one_to_one:1
ENSG00000254653	NA	NA	ENSMUSG00000087197	many_to_one	1	many_to_one:1
ENSG00000254654	NA	NA	ENSMUSG00000121187	one_to_one	1	one_to_one:1
ENSG00000254665	NA	NA	ENSMUSG00000109499	many_to_one	1	many_to_one:1
ENSG00000254680	ENSCAFG00845017480	one_to_one	NA	NA	1	one_to_one:1
ENSG00000254688	NA	NA	ENSMUSG00000085945	many_to_one	1	many_to_one:1
ENSG00000254693	NA	NA	ENSMUSG00000075025	many_to_one	1	many_to_one:1
ENSG00000254699	NA	NA	ENSMUSG00000121051	one_to_one	1	one_to_one:1
ENSG00000254703	NA	NA	ENSMUSG00000098645	many_to_one	1	many_to_one:1
ENSG00000254710	NA	NA	ENSMUSG00000087135;ENSMUSG00000111189;ENSMUSG00000086014	one_to_many	1	one_to_many:1
ENSG00000254718	NA	NA	ENSMUSG00000120877	one_to_one	1	one_to_one:1
ENSG00000254777	NA	NA	ENSMUSG00000120700	many_to_one	1	many_to_one:1
ENSG00000254787	NA	NA	ENSMUSG00000109382	many_to_one	1	many_to_one:1
ENSG00000254823	NA	NA	ENSMUSG00000110922	one_to_one	1	one_to_one:1
ENSG00000254833	NA	NA	ENSMUSG00000111059	one_to_one	1	one_to_one:1
ENSG00000254835	NA	NA	ENSMUSG00000034587	one_to_one	1	one_to_one:1
ENSG00000254854	NA	NA	ENSMUSG00000111334	many_to_one	1	many_to_one:1
ENSG00000254855	NA	NA	ENSMUSG00000117710	many_to_one	1	many_to_one:1
ENSG00000254862	NA	NA	ENSMUSG00000063751	one_to_one	1	one_to_one:1
ENSG00000254878	NA	NA	ENSMUSG00000108489;ENSMUSG00000030664	one_to_many	1	one_to_many:1
ENSG00000254879	NA	NA	ENSMUSG00000085471	one_to_one	1	one_to_one:1
ENSG00000254880	NA	NA	ENSMUSG00000093721;ENSMUSG00000110722	many_to_many_strict	1	many_to_many_strict:1
ENSG00000254885	NA	NA	ENSMUSG00000085792;ENSMUSG00000108635;ENSMUSG00000085443;ENSMUSG00000085751;ENSMUSG00000053049	many_to_many	1	many_to_many:1
ENSG00000254887	NA	NA	ENSMUSG00000074274	many_to_one	1	many_to_one:1
ENSG00000254894	NA	NA	ENSMUSG00000108950;ENSMUSG00000110093	many_to_many	1	many_to_many:1
ENSG00000254902	NA	NA	ENSMUSG00000108851	many_to_one	1	many_to_one:1
ENSG00000254905	NA	NA	ENSMUSG00000110774	one_to_one	1	one_to_one:1
ENSG00000254906	NA	NA	ENSMUSG00000085265	many_to_one	1	many_to_one:1
ENSG00000254907	NA	NA	ENSMUSG00000045464	one_to_one	1	one_to_one:1
ENSG00000254913	NA	NA	ENSMUSG00000105245	many_to_one	1	many_to_one:1
ENSG00000254927	NA	NA	ENSMUSG00000073862	many_to_one	1	many_to_one:1
ENSG00000254930	NA	NA	ENSMUSG00000073862	many_to_one	1	many_to_one:1
ENSG00000254932	NA	NA	ENSMUSG00000093721;ENSMUSG00000110722	many_to_many_strict	1	many_to_many_strict:1
ENSG00000254960	ENSCAFG00845008952	many_to_one	ENSMUSG00000053889	many_to_one	2	many_to_one:2
ENSG00000254964	NA	NA	ENSMUSG00000114220	one_to_one	1	one_to_one:1
ENSG00000255002	NA	NA	ENSMUSG00000112030	one_to_one	1	one_to_one:1
ENSG00000255004	NA	NA	ENSMUSG00000087185	many_to_one	1	many_to_one:1
ENSG00000255021	ENSCAFG00845005811;ENSCAFG00845005801	one_to_many	NA	NA	1	one_to_many:1
ENSG00000255028	ENSCAFG00845003223	one_to_one	NA	NA	1	one_to_one:1
ENSG00000255043	NA	NA	ENSMUSG00000108950;ENSMUSG00000110093	many_to_many	1	many_to_many:1
ENSG00000255045	NA	NA	ENSMUSG00000120926	one_to_one	1	one_to_one:1
ENSG00000255060	ENSCAFG00845020642	many_to_one	ENSMUSG00000087465	many_to_one	2	many_to_one:2
ENSG00000255079	ENSCAFG00845005963	one_to_one	NA	NA	1	one_to_one:1
ENSG00000255092	NA	NA	ENSMUSG00000075025	many_to_one	1	many_to_one:1
ENSG00000255118	NA	NA	ENSMUSG00000024658	many_to_one	1	many_to_one:1
ENSG00000255120	NA	NA	ENSMUSG00000117861	one_to_one	1	one_to_one:1
ENSG00000255126	NA	NA	ENSMUSG00000024658	many_to_one	1	many_to_one:1
ENSG00000255132	NA	NA	ENSMUSG00000091061	one_to_one	1	one_to_one:1
ENSG00000255135	NA	NA	ENSMUSG00000120382	one_to_one	1	one_to_one:1
ENSG00000255148	NA	NA	ENSMUSG00000105245	many_to_one	1	many_to_one:1
ENSG00000255159	NA	NA	ENSMUSG00000109499	many_to_one	1	many_to_one:1
ENSG00000255167	NA	NA	ENSMUSG00000085265	many_to_one	1	many_to_one:1
ENSG00000255173	NA	NA	ENSMUSG00000120982	one_to_one	1	one_to_one:1
ENSG00000255197	NA	NA	ENSMUSG00000120441	one_to_one	1	one_to_one:1
ENSG00000255198	NA	NA	ENSMUSG00000090101	one_to_one	1	one_to_one:1
ENSG00000255201	NA	NA	ENSMUSG00000086134	one_to_one	1	one_to_one:1
ENSG00000255216	NA	NA	ENSMUSG00000110823	one_to_one	1	one_to_one:1
ENSG00000255226	NA	NA	ENSMUSG00000085261	many_to_one	1	many_to_one:1
ENSG00000255236	NA	NA	ENSMUSG00000117912	one_to_one	1	one_to_one:1
ENSG00000255247	NA	NA	ENSMUSG00000111334	many_to_one	1	many_to_one:1
ENSG00000255270	NA	NA	ENSMUSG00000109203	one_to_one	1	one_to_one:1
ENSG00000255272	NA	NA	ENSMUSG00000046085	many_to_one	1	many_to_one:1
ENSG00000255289	ENSCAFG00845028686	one_to_one	NA	NA	1	one_to_one:1
ENSG00000255311	NA	NA	ENSMUSG00000109382	many_to_one	1	many_to_one:1
ENSG00000255314	NA	NA	ENSMUSG00000087197	many_to_one	1	many_to_one:1
ENSG00000255317	ENSCAFG00845008952	many_to_one	ENSMUSG00000053889	many_to_one	2	many_to_one:2
ENSG00000255323	NA	NA	ENSMUSG00000102124	one_to_one	1	one_to_one:1
ENSG00000255335	NA	NA	ENSMUSG00000109962	one_to_one	1	one_to_one:1
ENSG00000255345	NA	NA	ENSMUSG00000085792;ENSMUSG00000108635;ENSMUSG00000085443;ENSMUSG00000085751;ENSMUSG00000053049	many_to_many	1	many_to_many:1
ENSG00000255395	NA	NA	ENSMUSG00000085095;ENSMUSG00000109559	one_to_many	1	one_to_many:1
ENSG00000255399	NA	NA	ENSMUSG00000106795	one_to_one	1	one_to_one:1
ENSG00000255406	NA	NA	ENSMUSG00000110836	one_to_one	1	one_to_one:1
ENSG00000255421	NA	NA	ENSMUSG00000109130;ENSMUSG00000109282	many_to_many_strict	1	many_to_many_strict:1
ENSG00000255426	NA	NA	ENSMUSG00000085261	many_to_one	1	many_to_one:1
ENSG00000255427	NA	NA	ENSMUSG00000070794	one_to_one	1	one_to_one:1
ENSG00000255438	ENSCAFG00845022798	one_to_one	NA	NA	1	one_to_one:1
ENSG00000255443	NA	NA	ENSMUSG00000121264	many_to_one	1	many_to_one:1
ENSG00000255471	NA	NA	ENSMUSG00000030623	one_to_one	1	one_to_one:1
ENSG00000255496	NA	NA	ENSMUSG00000093410	one_to_one	1	one_to_one:1
ENSG00000255507	NA	NA	ENSMUSG00000109130;ENSMUSG00000109282	many_to_many_strict	1	many_to_many_strict:1
ENSG00000255521	NA	NA	ENSMUSG00000121264	many_to_one	1	many_to_one:1
ENSG00000255542	NA	NA	ENSMUSG00000087185	many_to_one	1	many_to_one:1
ENSG00000255545	NA	NA	ENSMUSG00000110901	one_to_one	1	one_to_one:1
ENSG00000255555	NA	NA	ENSMUSG00000109382	many_to_one	1	many_to_one:1
ENSG00000255568	NA	NA	ENSMUSG00000117289;ENSMUSG00000085884	many_to_many	1	many_to_many:1
ENSG00000255571	ENSCAFG00845004193	many_to_one	ENSMUSG00000097023	many_to_one	2	many_to_one:2
ENSG00000255580	NA	NA	ENSMUSG00000119966	many_to_one	1	many_to_one:1
ENSG00000255605	NA	NA	ENSMUSG00000111100	many_to_one	1	many_to_one:1
ENSG00000255621	NA	NA	ENSMUSG00000108239	one_to_one	1	one_to_one:1
ENSG00000255647	NA	NA	ENSMUSG00000097793	one_to_one	1	one_to_one:1
ENSG00000255670	NA	NA	ENSMUSG00000108196	many_to_one	1	many_to_one:1
ENSG00000255689	ENSCAFG00845004453;ENSCAFG00845004447;ENSCAFG00845004450;ENSCAFG00845004442;ENSCAFG00845004457;ENSCAFG00845004437	one_to_many	NA	NA	1	one_to_many:1
ENSG00000255692	NA	NA	ENSMUSG00000120953	one_to_one	1	one_to_one:1
ENSG00000255717	NA	NA	ENSMUSG00000108414	one_to_one	1	one_to_one:1
ENSG00000255760	NA	NA	ENSMUSG00000121190	one_to_one	1	one_to_one:1
ENSG00000255856	NA	NA	ENSMUSG00000087336	one_to_one	1	one_to_one:1
ENSG00000255866	NA	NA	ENSMUSG00000112716;ENSMUSG00000111907	many_to_many_strict	1	many_to_many_strict:1
ENSG00000255920	NA	NA	ENSMUSG00000097166	many_to_one	1	many_to_one:1
ENSG00000255921	NA	NA	ENSMUSG00000097419;ENSMUSG00000086643	many_to_many_strict	1	many_to_many_strict:1
ENSG00000255958	NA	NA	ENSMUSG00000097675	one_to_one	1	one_to_one:1
ENSG00000256007	NA	NA	ENSMUSG00000110239	many_to_one	1	many_to_one:1
ENSG00000256064	NA	NA	ENSMUSG00000106522	one_to_one	1	one_to_one:1
ENSG00000256083	NA	NA	ENSMUSG00000034764;ENSMUSG00000090191	many_to_many_strict	1	many_to_many_strict:1
ENSG00000256120	NA	NA	ENSMUSG00000086282;ENSMUSG00000087157;ENSMUSG00000085785;ENSMUSG00000086731;ENSMUSG00000087302	many_to_many	1	many_to_many:1
ENSG00000256150	ENSCAFG00845030545	one_to_one	NA	NA	1	one_to_one:1
ENSG00000256256	ENSCAFG00845026434;ENSCAFG00845026445;ENSCAFG00845026409	one_to_many	NA	NA	1	one_to_many:1
ENSG00000256258	ENSCAFG00845029152	many_to_one	NA	NA	1	many_to_one:1
ENSG00000256268	NA	NA	ENSMUSG00000112716;ENSMUSG00000111907	many_to_many_strict	1	many_to_many_strict:1
ENSG00000256281	ENSCAFG00845004463;ENSCAFG00845004406;ENSCAFG00845004445;ENSCAFG00845004460	one_to_many	NA	NA	1	one_to_many:1
ENSG00000256306	NA	NA	ENSMUSG00000086614;ENSMUSG00000097496;ENSMUSG00000086239	many_to_many_strict	1	many_to_many_strict:1
ENSG00000256312	ENSCAFG00845027718	one_to_one	NA	NA	1	one_to_one:1
ENSG00000256315	NA	NA	ENSMUSG00000119966	many_to_one	1	many_to_one:1
ENSG00000256343	NA	NA	ENSMUSG00000105271	one_to_one	1	one_to_one:1
ENSG00000256424	ENSCAFG00845029152	many_to_one	NA	NA	1	many_to_one:1
ENSG00000256473	NA	NA	ENSMUSG00000086282;ENSMUSG00000087157;ENSMUSG00000085785;ENSMUSG00000086731;ENSMUSG00000087302	many_to_many	1	many_to_many:1
ENSG00000256481	NA	NA	ENSMUSG00000117901	one_to_one	1	one_to_one:1
ENSG00000256482	NA	NA	ENSMUSG00000097419;ENSMUSG00000086643	many_to_many_strict	1	many_to_many_strict:1
ENSG00000256546	NA	NA	ENSMUSG00000104830	one_to_one	1	one_to_one:1
ENSG00000256564	NA	NA	ENSMUSG00000107675;ENSMUSG00000100166;ENSMUSG00000089957	one_to_many	1	one_to_many:1
ENSG00000256628	NA	NA	ENSMUSG00000102101	one_to_one	1	one_to_one:1
ENSG00000256658	NA	NA	ENSMUSG00000107730	one_to_one	1	one_to_one:1
ENSG00000256691	NA	NA	ENSMUSG00000107219	many_to_one	1	many_to_one:1
ENSG00000256699	NA	NA	ENSMUSG00000105857	many_to_one	1	many_to_one:1
ENSG00000256705	NA	NA	ENSMUSG00000113585	many_to_one	1	many_to_one:1
ENSG00000256721	ENSCAFG00845030542	many_to_one	NA	NA	1	many_to_one:1
ENSG00000256742	NA	NA	ENSMUSG00000056735	one_to_one	1	one_to_one:1
ENSG00000256837	ENSCAFG00845030542	many_to_one	NA	NA	1	many_to_one:1
ENSG00000256879	NA	NA	ENSMUSG00000100707	one_to_one	1	one_to_one:1
ENSG00000256894	NA	NA	ENSMUSG00000085414	many_to_one	1	many_to_one:1
ENSG00000256897	NA	NA	ENSMUSG00000120340	one_to_one	1	one_to_one:1
ENSG00000256923	NA	NA	ENSMUSG00000072679	many_to_one	1	many_to_one:1
ENSG00000256972	NA	NA	ENSMUSG00000119966	many_to_one	1	many_to_one:1
ENSG00000256982	ENSCAFG00845002775;ENSCAFG00845002749	one_to_many	ENSMUSG00000110682;ENSMUSG00000110523	one_to_many	2	one_to_many:2
ENSG00000256995	NA	NA	ENSMUSG00000072679	many_to_one	1	many_to_one:1
ENSG00000257002	NA	NA	ENSMUSG00000117763	one_to_one	1	one_to_one:1
ENSG00000257004	NA	NA	ENSMUSG00000100876	one_to_one	1	one_to_one:1
ENSG00000257022	NA	NA	ENSMUSG00000104234	one_to_one	1	one_to_one:1
ENSG00000257023	NA	NA	ENSMUSG00000107802	one_to_one	1	one_to_one:1
ENSG00000257045	NA	NA	ENSMUSG00000087022	many_to_one	1	many_to_one:1
ENSG00000257056	ENSCAFG00845009239	many_to_one	NA	NA	1	many_to_one:1
ENSG00000257084	NA	NA	ENSMUSG00000087327	many_to_one	1	many_to_one:1
ENSG00000257114	ENSCAFG00845030254	many_to_one	ENSMUSG00000121167	many_to_one	2	many_to_one:2
ENSG00000257126	ENSCAFG00845009182	one_to_one	ENSMUSG00000112763	one_to_one	2	one_to_one:2
ENSG00000257164	ENSCAFG00845030254	many_to_one	ENSMUSG00000121167	many_to_one	2	many_to_one:2
ENSG00000257176	NA	NA	ENSMUSG00000089948;ENSMUSG00000086777	many_to_many	1	many_to_many:1
ENSG00000257180	NA	NA	ENSMUSG00000101481	many_to_one	1	many_to_one:1
ENSG00000257181	NA	NA	ENSMUSG00000120638	one_to_one	1	one_to_one:1
ENSG00000257191	ENSCAFG00845007600	one_to_one	NA	NA	1	one_to_one:1
ENSG00000257193	NA	NA	ENSMUSG00000112286	one_to_one	1	one_to_one:1
ENSG00000257228	ENSCAFG00845030524	one_to_one	ENSMUSG00000115858	one_to_one	2	one_to_one:2
ENSG00000257256	NA	NA	ENSMUSG00000116518;ENSMUSG00000090500	one_to_many	1	one_to_many:1
ENSG00000257258	NA	NA	ENSMUSG00000089948;ENSMUSG00000086777	many_to_many	1	many_to_many:1
ENSG00000257271	ENSCAFG00845008952	many_to_one	ENSMUSG00000053889	many_to_one	2	many_to_one:2
ENSG00000257277	NA	NA	ENSMUSG00000085089	many_to_one	1	many_to_one:1
ENSG00000257279	NA	NA	ENSMUSG00000029360	many_to_one	1	many_to_one:1
ENSG00000257284	NA	NA	ENSMUSG00000085089	many_to_one	1	many_to_one:1
ENSG00000257303	ENSCAFG00845007886	one_to_one	NA	NA	1	one_to_one:1
ENSG00000257322	ENSCAFG00845020760	one_to_one	ENSMUSG00000112400;ENSMUSG00000112599	one_to_many	2	one_to_many:1;one_to_one:1
ENSG00000257329	ENSCAFG00845005712;ENSCAFG00845027451	one_to_many	ENSMUSG00000097082	one_to_one	2	one_to_many:1;one_to_one:1
ENSG00000257345	NA	NA	ENSMUSG00000110353	one_to_one	1	one_to_one:1
ENSG00000257346	NA	NA	ENSMUSG00000116033	one_to_one	1	one_to_one:1
ENSG00000257359	NA	NA	ENSMUSG00000097368	many_to_one	1	many_to_one:1
ENSG00000257438	ENSCAFG00845005687	one_to_one	ENSMUSG00000111583	one_to_one	2	one_to_one:2
ENSG00000257453	NA	NA	ENSMUSG00000100113	many_to_one	1	many_to_one:1
ENSG00000257456	ENSCAFG00845020623	one_to_one	ENSMUSG00000108148	one_to_one	2	one_to_one:2
ENSG00000257467	NA	NA	ENSMUSG00000112201	many_to_one	1	many_to_one:1
ENSG00000257472	ENSCAFG00845011966;ENSCAFG00845011999	one_to_many	NA	NA	1	one_to_many:1
ENSG00000257474	NA	NA	ENSMUSG00000120482	one_to_one	1	one_to_one:1
ENSG00000257494	NA	NA	ENSMUSG00000120570	one_to_one	1	one_to_one:1
ENSG00000257496	NA	NA	ENSMUSG00000120383;ENSMUSG00000121031	one_to_many	1	one_to_many:1
ENSG00000257510	ENSCAFG00845030257;ENSCAFG00845030262	one_to_many	NA	NA	1	one_to_many:1
ENSG00000257526	ENSCAFG00845006552	one_to_one	NA	NA	1	one_to_one:1
ENSG00000257545	NA	NA	ENSMUSG00000120795	many_to_one	1	many_to_one:1
ENSG00000257551	NA	NA	ENSMUSG00000120661;ENSMUSG00000102158	one_to_many	1	one_to_many:1
ENSG00000257582	NA	NA	ENSMUSG00000092250	one_to_one	1	one_to_one:1
ENSG00000257653	NA	NA	ENSMUSG00000100220	many_to_one	1	many_to_one:1
ENSG00000257657	NA	NA	ENSMUSG00000115049	one_to_one	1	one_to_one:1
ENSG00000257660	NA	NA	ENSMUSG00000100220	many_to_one	1	many_to_one:1
ENSG00000257671	NA	NA	ENSMUSG00000116116	one_to_one	1	one_to_one:1
ENSG00000257681	NA	NA	ENSMUSG00000089959	one_to_one	1	one_to_one:1
ENSG00000257696	NA	NA	ENSMUSG00000120327	one_to_one	1	one_to_one:1
ENSG00000257732	NA	NA	ENSMUSG00000112375	one_to_one	1	one_to_one:1
ENSG00000257737	NA	NA	ENSMUSG00000089656;ENSMUSG00000089881	many_to_many_strict	1	many_to_many_strict:1
ENSG00000257748	ENSCAFG00845009239	many_to_one	NA	NA	1	many_to_one:1
ENSG00000257762	ENSCAFG00845009782;ENSCAFG00845009800	one_to_many	NA	NA	1	one_to_many:1
ENSG00000257766	NA	NA	ENSMUSG00000089656;ENSMUSG00000089881	many_to_many_strict	1	many_to_many_strict:1
ENSG00000257787	NA	NA	ENSMUSG00000079183	many_to_one	1	many_to_one:1
ENSG00000257809	NA	NA	ENSMUSG00000119994	one_to_one	1	one_to_one:1
ENSG00000257817	NA	NA	ENSMUSG00000120646;ENSMUSG00000087516	one_to_many	1	one_to_many:1
ENSG00000257839	NA	NA	ENSMUSG00000100113	many_to_one	1	many_to_one:1
ENSG00000257935	ENSCAFG00845024262	one_to_one	ENSMUSG00000098649	one_to_one	2	one_to_one:2
ENSG00000257948	ENSCAFG00845007585	one_to_one	NA	NA	1	one_to_one:1
ENSG00000257953	NA	NA	ENSMUSG00000120399	one_to_one	1	one_to_one:1
ENSG00000258010	ENSCAFG00845004944	many_to_one	ENSMUSG00000109341	many_to_one	2	many_to_one:2
ENSG00000258017	NA	NA	ENSMUSG00000116223	one_to_one	1	one_to_one:1
ENSG00000258038	ENSCAFG00845009249	one_to_one	NA	NA	1	one_to_one:1
ENSG00000258077	NA	NA	ENSMUSG00000112249	one_to_one	1	one_to_one:1
ENSG00000258099	NA	NA	ENSMUSG00000089729;ENSMUSG00000120053	one_to_many	1	one_to_many:1
ENSG00000258114	NA	NA	ENSMUSG00000110210	one_to_one	1	one_to_one:1
ENSG00000258140	NA	NA	ENSMUSG00000112344;ENSMUSG00000112796	one_to_many	1	one_to_many:1
ENSG00000258162	NA	NA	ENSMUSG00000112201	many_to_one	1	many_to_one:1
ENSG00000258181	NA	NA	ENSMUSG00000120469	many_to_one	1	many_to_one:1
ENSG00000258197	NA	NA	ENSMUSG00000053545;ENSMUSG00000086509	many_to_many_strict	1	many_to_many_strict:1
ENSG00000258235	ENSCAFG00845024674	one_to_one	NA	NA	1	one_to_one:1
ENSG00000258240	NA	NA	ENSMUSG00000120313	one_to_one	1	one_to_one:1
ENSG00000258272	NA	NA	ENSMUSG00000111013	one_to_one	1	one_to_one:1
ENSG00000258274	NA	NA	ENSMUSG00000112593	one_to_one	1	one_to_one:1
ENSG00000258279	NA	NA	ENSMUSG00000116114	one_to_one	1	one_to_one:1
ENSG00000258292	ENSCAFG00845023891	one_to_one	NA	NA	1	one_to_one:1
ENSG00000258317	NA	NA	ENSMUSG00000100548	one_to_one	1	one_to_one:1
ENSG00000258323	ENSCAFG00845020310	one_to_one	NA	NA	1	one_to_one:1
ENSG00000258338	ENSCAFG00845011476	one_to_one	NA	NA	1	one_to_one:1
ENSG00000258343	NA	NA	ENSMUSG00000097407	one_to_one	1	one_to_one:1
ENSG00000258346	NA	NA	ENSMUSG00000120779	one_to_one	1	one_to_one:1
ENSG00000258380	NA	NA	ENSMUSG00000097917;ENSMUSG00000033731	many_to_many	1	many_to_many:1
ENSG00000258386	ENSCAFG00845012010	one_to_one	ENSMUSG00000120607	one_to_one	2	one_to_one:2
ENSG00000258400	NA	NA	ENSMUSG00000085539	one_to_one	1	one_to_one:1
ENSG00000258402	NA	NA	ENSMUSG00000121169	one_to_one	1	one_to_one:1
ENSG00000258407	NA	NA	ENSMUSG00000112510	many_to_one	1	many_to_one:1
ENSG00000258413	NA	NA	ENSMUSG00000115145	many_to_one	1	many_to_one:1
ENSG00000258416	NA	NA	ENSMUSG00000113001;ENSMUSG00000113539	one_to_many	1	one_to_many:1
ENSG00000258419	ENSCAFG00845008240	one_to_one	NA	NA	1	one_to_one:1
ENSG00000258422	NA	NA	ENSMUSG00000098128	one_to_one	1	one_to_one:1
ENSG00000258425	NA	NA	ENSMUSG00000120627;ENSMUSG00000092130	one_to_many	1	one_to_many:1
ENSG00000258437	NA	NA	ENSMUSG00000113895	many_to_one	1	many_to_one:1
ENSG00000258444	NA	NA	ENSMUSG00000115610;ENSMUSG00000101680	one_to_many	1	one_to_many:1
ENSG00000258455	NA	NA	ENSMUSG00000115145	many_to_one	1	many_to_one:1
ENSG00000258464	NA	NA	ENSMUSG00000114987	one_to_one	1	one_to_one:1
ENSG00000258473	ENSCAFG00845006155	many_to_one	NA	NA	1	many_to_one:1
ENSG00000258474	ENSCAFG00845011990;ENSCAFG00845011974	one_to_many	NA	NA	1	one_to_many:1
ENSG00000258479	NA	NA	ENSMUSG00000113302;ENSMUSG00000113944	one_to_many	1	one_to_many:1
ENSG00000258483	NA	NA	ENSMUSG00000108876	one_to_one	1	one_to_one:1
ENSG00000258490	NA	NA	ENSMUSG00000112302	many_to_one	1	many_to_one:1
ENSG00000258498	NA	NA	ENSMUSG00000113733;ENSMUSG00000113193	one_to_many	1	one_to_many:1
ENSG00000258499	ENSCAFG00845022228	one_to_one	NA	NA	1	one_to_one:1
ENSG00000258520	NA	NA	ENSMUSG00000112421;ENSMUSG00000097801	one_to_many	1	one_to_many:1
ENSG00000258526	ENSCAFG00845003855	one_to_one	NA	NA	1	one_to_one:1
ENSG00000258537	NA	NA	ENSMUSG00000113900	one_to_one	1	one_to_one:1
ENSG00000258556	NA	NA	ENSMUSG00000113779	one_to_one	1	one_to_one:1
ENSG00000258561	NA	NA	ENSMUSG00000112302	many_to_one	1	many_to_one:1
ENSG00000258584	NA	NA	ENSMUSG00000100789	one_to_one	1	one_to_one:1
ENSG00000258601	ENSCAFG00845002831	many_to_one	NA	NA	1	many_to_one:1
ENSG00000258630	NA	NA	ENSMUSG00000021101	one_to_one	1	one_to_one:1
ENSG00000258636	NA	NA	ENSMUSG00000113429	one_to_one	1	one_to_one:1
ENSG00000258647	NA	NA	ENSMUSG00000108448	many_to_one	1	many_to_one:1
ENSG00000258658	ENSCAFG00845018911	one_to_one	NA	NA	1	one_to_one:1
ENSG00000258661	NA	NA	ENSMUSG00000089894	one_to_one	1	one_to_one:1
ENSG00000258667	NA	NA	ENSMUSG00000087700	one_to_one	1	one_to_one:1
ENSG00000258678	NA	NA	ENSMUSG00000113362	one_to_one	1	one_to_one:1
ENSG00000258690	ENSCAFG00845002831	many_to_one	NA	NA	1	many_to_one:1
ENSG00000258694	NA	NA	ENSMUSG00000120206	one_to_one	1	one_to_one:1
ENSG00000258696	NA	NA	ENSMUSG00000085851;ENSMUSG00000112911	many_to_many_strict	1	many_to_many_strict:1
ENSG00000258699	NA	NA	ENSMUSG00000097917;ENSMUSG00000033731	many_to_many	1	many_to_many:1
ENSG00000258702	NA	NA	ENSMUSG00000113537;ENSMUSG00000113835	many_to_many_strict	1	many_to_many_strict:1
ENSG00000258703	NA	NA	ENSMUSG00000115376;ENSMUSG00000115636;ENSMUSG00000115669	one_to_many	1	one_to_many:1
ENSG00000258708	ENSCAFG00845002831	many_to_one	NA	NA	1	many_to_one:1
ENSG00000258716	NA	NA	ENSMUSG00000113895	many_to_one	1	many_to_one:1
ENSG00000258729	ENSCAFG00845003590	one_to_one	NA	NA	1	one_to_one:1
ENSG00000258730	NA	NA	ENSMUSG00000095174	one_to_one	1	one_to_one:1
ENSG00000258740	NA	NA	ENSMUSG00000113940	many_to_one	1	many_to_one:1
ENSG00000258745	NA	NA	ENSMUSG00000085298	one_to_one	1	one_to_one:1
ENSG00000258749	ENSCAFG00845003969	many_to_one	NA	NA	1	many_to_one:1
ENSG00000258752	NA	NA	ENSMUSG00000097917;ENSMUSG00000033731	many_to_many	1	many_to_many:1
ENSG00000258760	ENSCAFG00845002780;ENSCAFG00845002798;ENSCAFG00845002737;ENSCAFG00845002764;ENSCAFG00845002772	one_to_many	NA	NA	1	one_to_many:1
ENSG00000258766	NA	NA	ENSMUSG00000097157	one_to_one	1	one_to_one:1
ENSG00000258779	NA	NA	ENSMUSG00000093697;ENSMUSG00000109868;ENSMUSG00000110613;ENSMUSG00000120938	many_to_many	1	many_to_many:1
ENSG00000258784	NA	NA	ENSMUSG00000115310	one_to_one	1	one_to_one:1
ENSG00000258791	NA	NA	ENSMUSG00000115719;ENSMUSG00000115215;ENSMUSG00000115046	one_to_many	1	one_to_many:1
ENSG00000258792	NA	NA	ENSMUSG00000100211	one_to_one	1	one_to_one:1
ENSG00000258798	NA	NA	ENSMUSG00000097160;ENSMUSG00000113634	one_to_many	1	one_to_many:1
ENSG00000258800	NA	NA	ENSMUSG00000120709	many_to_one	1	many_to_one:1
ENSG00000258803	ENSCAFG00845016966	one_to_one	ENSMUSG00000115756	one_to_one	2	one_to_one:2
ENSG00000258813	NA	NA	ENSMUSG00000099708	one_to_one	1	one_to_one:1
ENSG00000258819	ENSCAFG00845006155	many_to_one	NA	NA	1	many_to_one:1
ENSG00000258824	NA	NA	ENSMUSG00000112784;ENSMUSG00000112274	many_to_many_strict	1	many_to_many_strict:1
ENSG00000258826	NA	NA	ENSMUSG00000112510	many_to_one	1	many_to_one:1
ENSG00000258827	ENSCAFG00845002836	one_to_one	NA	NA	1	one_to_one:1
ENSG00000258842	NA	NA	ENSMUSG00000100192	one_to_one	1	one_to_one:1
ENSG00000258843	NA	NA	ENSMUSG00000114099	many_to_one	1	many_to_one:1
ENSG00000258844	NA	NA	ENSMUSG00000112164	one_to_one	1	one_to_one:1
ENSG00000258851	NA	NA	ENSMUSG00000112991	one_to_one	1	one_to_one:1
ENSG00000258857	NA	NA	ENSMUSG00000020992	one_to_one	1	one_to_one:1
ENSG00000258876	NA	NA	ENSMUSG00000114051	one_to_one	1	one_to_one:1
ENSG00000258885	NA	NA	ENSMUSG00000086211	many_to_one	1	many_to_one:1
ENSG00000258910	NA	NA	ENSMUSG00000099957	one_to_one	1	one_to_one:1
ENSG00000258920	NA	NA	ENSMUSG00000097917;ENSMUSG00000033731	many_to_many	1	many_to_many:1
ENSG00000258935	NA	NA	ENSMUSG00000113895	many_to_one	1	many_to_one:1
ENSG00000258952	NA	NA	ENSMUSG00000120512	one_to_one	1	one_to_one:1
ENSG00000258957	ENSCAFG00845003952	one_to_one	NA	NA	1	one_to_one:1
ENSG00000258987	NA	NA	ENSMUSG00000090185	one_to_one	1	one_to_one:1
ENSG00000259039	NA	NA	ENSMUSG00000115096	one_to_one	1	one_to_one:1
ENSG00000259053	NA	NA	ENSMUSG00000113138;ENSMUSG00000093465	one_to_many	1	one_to_many:1
ENSG00000259054	NA	NA	ENSMUSG00000106112	many_to_one	1	many_to_one:1
ENSG00000259055	NA	NA	ENSMUSG00000112945;ENSMUSG00000113694	many_to_many_strict	1	many_to_many_strict:1
ENSG00000259062	NA	NA	ENSMUSG00000112852;ENSMUSG00000112336	one_to_many	1	one_to_many:1
ENSG00000259065	NA	NA	ENSMUSG00000113052;ENSMUSG00000120949	one_to_many	1	one_to_many:1
ENSG00000259073	NA	NA	ENSMUSG00000097917;ENSMUSG00000033731	many_to_many	1	many_to_many:1
ENSG00000259087	NA	NA	ENSMUSG00000086372	one_to_one	1	one_to_one:1
ENSG00000259088	NA	NA	ENSMUSG00000113585	many_to_one	1	many_to_one:1
ENSG00000259091	NA	NA	ENSMUSG00000085851;ENSMUSG00000112911	many_to_many_strict	1	many_to_many_strict:1
ENSG00000259104	NA	NA	ENSMUSG00000112211	one_to_one	1	one_to_one:1
ENSG00000259111	NA	NA	ENSMUSG00000113707	one_to_one	1	one_to_one:1
ENSG00000259125	NA	NA	ENSMUSG00000120065;ENSMUSG00000086499	one_to_many	1	one_to_many:1
ENSG00000259146	NA	NA	ENSMUSG00000113746	many_to_one	1	many_to_one:1
ENSG00000259153	NA	NA	ENSMUSG00000113303	one_to_one	1	one_to_one:1
ENSG00000259163	NA	NA	ENSMUSG00000113895	many_to_one	1	many_to_one:1
ENSG00000259172	NA	NA	ENSMUSG00000093405	many_to_one	1	many_to_one:1
ENSG00000259175	ENSCAFG00845004944	many_to_one	ENSMUSG00000109341	many_to_one	2	many_to_one:2
ENSG00000259177	NA	NA	ENSMUSG00000108321	one_to_one	1	one_to_one:1
ENSG00000259209	NA	NA	ENSMUSG00000093697;ENSMUSG00000109868;ENSMUSG00000110613;ENSMUSG00000120938	many_to_many	1	many_to_many:1
ENSG00000259212	NA	NA	ENSMUSG00000084821	many_to_one	1	many_to_one:1
ENSG00000259213	ENSCAFG00845021114;ENSCAFG00845021140	many_to_many	NA	NA	1	many_to_many:1
ENSG00000259218	ENSCAFG00845000314	one_to_one	NA	NA	1	one_to_one:1
ENSG00000259219	NA	NA	ENSMUSG00000121207	many_to_one	1	many_to_one:1
ENSG00000259221	ENSCAFG00845018049	many_to_one	ENSMUSG00000086954;ENSMUSG00000085496	many_to_many	2	many_to_many:1;many_to_one:1
ENSG00000259225	NA	NA	ENSMUSG00000085316	one_to_one	1	one_to_one:1
ENSG00000259230	NA	NA	ENSMUSG00000113056	one_to_one	1	one_to_one:1
ENSG00000259238	NA	NA	ENSMUSG00000101555	one_to_one	1	one_to_one:1
ENSG00000259274	NA	NA	ENSMUSG00000086648	many_to_one	1	many_to_one:1
ENSG00000259275	NA	NA	ENSMUSG00000109361;ENSMUSG00000109097	many_to_many_strict	1	many_to_many_strict:1
ENSG00000259280	ENSCAFG00845025299	one_to_one	NA	NA	1	one_to_one:1
ENSG00000259281	ENSCAFG00845021114;ENSCAFG00845021140	many_to_many	NA	NA	1	many_to_many:1
ENSG00000259283	NA	NA	ENSMUSG00000110023	one_to_one	1	one_to_one:1
ENSG00000259290	ENSCAFG00845011148	one_to_one	NA	NA	1	one_to_one:1
ENSG00000259291	ENSCAFG00845000864	one_to_one	NA	NA	1	one_to_one:1
ENSG00000259293	NA	NA	ENSMUSG00000111631	one_to_one	1	one_to_one:1
ENSG00000259294	NA	NA	ENSMUSG00000086220	many_to_one	1	many_to_one:1
ENSG00000259312	NA	NA	ENSMUSG00000109361;ENSMUSG00000109097	many_to_many_strict	1	many_to_many_strict:1
ENSG00000259314	NA	NA	ENSMUSG00000084821	many_to_one	1	many_to_one:1
ENSG00000259319	ENSCAFG00845015385	one_to_one	ENSMUSG00000113165	one_to_one	2	one_to_one:2
ENSG00000259327	NA	NA	ENSMUSG00000111348;ENSMUSG00000110824	many_to_many_strict	1	many_to_many_strict:1
ENSG00000259343	NA	NA	ENSMUSG00000087088	one_to_one	1	one_to_one:1
ENSG00000259349	NA	NA	ENSMUSG00000085628	one_to_one	1	one_to_one:1
ENSG00000259356	NA	NA	ENSMUSG00000121207	many_to_one	1	many_to_one:1
ENSG00000259357	NA	NA	ENSMUSG00000093424	many_to_one	1	many_to_one:1
ENSG00000259360	ENSCAFG00845018049	many_to_one	ENSMUSG00000086954;ENSMUSG00000085496	many_to_many	2	many_to_many:1;many_to_one:1
ENSG00000259362	NA	NA	ENSMUSG00000110821	one_to_one	1	one_to_one:1
ENSG00000259370	NA	NA	ENSMUSG00000111556	one_to_one	1	one_to_one:1
ENSG00000259376	NA	NA	ENSMUSG00000109119	many_to_one	1	many_to_one:1
ENSG00000259415	ENSCAFG00845003020	one_to_one	NA	NA	1	one_to_one:1
ENSG00000259420	NA	NA	ENSMUSG00000097870	one_to_one	1	one_to_one:1
ENSG00000259432	NA	NA	ENSMUSG00000121262	one_to_one	1	one_to_one:1
ENSG00000259436	NA	NA	ENSMUSG00000074274	many_to_one	1	many_to_one:1
ENSG00000259438	NA	NA	ENSMUSG00000097021	many_to_one	1	many_to_one:1
ENSG00000259439	NA	NA	ENSMUSG00000099635;ENSMUSG00000093460	many_to_many_strict	1	many_to_many_strict:1
ENSG00000259458	NA	NA	ENSMUSG00000111412	many_to_one	1	many_to_one:1
ENSG00000259460	NA	NA	ENSMUSG00000086308	many_to_one	1	many_to_one:1
ENSG00000259481	NA	NA	ENSMUSG00000086648	many_to_one	1	many_to_one:1
ENSG00000259482	NA	NA	ENSMUSG00000086648	many_to_one	1	many_to_one:1
ENSG00000259483	ENSCAFG00845016551	one_to_one	NA	NA	1	one_to_one:1
ENSG00000259488	ENSCAFG00845020205	one_to_one	NA	NA	1	one_to_one:1
ENSG00000259495	ENSCAFG00845004944	many_to_one	ENSMUSG00000109341	many_to_one	2	many_to_one:2
ENSG00000259498	NA	NA	ENSMUSG00000121089	many_to_one	1	many_to_one:1
ENSG00000259499	NA	NA	ENSMUSG00000086913	many_to_one	1	many_to_one:1
ENSG00000259508	NA	NA	ENSMUSG00000083193	one_to_one	1	one_to_one:1
ENSG00000259514	NA	NA	ENSMUSG00000090270	one_to_one	1	one_to_one:1
ENSG00000259519	ENSCAFG00845030744	one_to_one	NA	NA	1	one_to_one:1
ENSG00000259523	NA	NA	ENSMUSG00000121090	one_to_one	1	one_to_one:1
ENSG00000259528	NA	NA	ENSMUSG00000111846	one_to_one	1	one_to_one:1
ENSG00000259532	NA	NA	ENSMUSG00000052143	one_to_one	1	one_to_one:1
ENSG00000259543	NA	NA	ENSMUSG00000094841	many_to_one	1	many_to_one:1
ENSG00000259548	ENSCAFG00845005037	one_to_one	NA	NA	1	one_to_one:1
ENSG00000259555	NA	NA	ENSMUSG00000111050	many_to_one	1	many_to_one:1
ENSG00000259575	NA	NA	ENSMUSG00000086648	many_to_one	1	many_to_one:1
ENSG00000259580	NA	NA	ENSMUSG00000100046;ENSMUSG00000045339	one_to_many	1	one_to_many:1
ENSG00000259588	ENSCAFG00845018049	many_to_one	ENSMUSG00000086954;ENSMUSG00000085496	many_to_many	2	many_to_many:1;many_to_one:1
ENSG00000259589	NA	NA	ENSMUSG00000100130	one_to_one	1	one_to_one:1
ENSG00000259591	NA	NA	ENSMUSG00000086648	many_to_one	1	many_to_one:1
ENSG00000259603	ENSCAFG00845024835	one_to_one	NA	NA	1	one_to_one:1
ENSG00000259627	NA	NA	ENSMUSG00000121089	many_to_one	1	many_to_one:1
ENSG00000259636	ENSCAFG00845003359	one_to_one	NA	NA	1	one_to_one:1
ENSG00000259666	ENSCAFG00845021114;ENSCAFG00845021140	many_to_many	NA	NA	1	many_to_many:1
ENSG00000259676	NA	NA	ENSMUSG00000097441	one_to_one	1	one_to_one:1
ENSG00000259687	NA	NA	ENSMUSG00000120232;ENSMUSG00000114163	many_to_many_strict	1	many_to_many_strict:1
ENSG00000259705	NA	NA	ENSMUSG00000053615	many_to_one	1	many_to_one:1
ENSG00000259709	NA	NA	ENSMUSG00000111348;ENSMUSG00000110824	many_to_many_strict	1	many_to_many_strict:1
ENSG00000259723	ENSCAFG00845028011	one_to_one	NA	NA	1	one_to_one:1
ENSG00000259754	NA	NA	ENSMUSG00000087450	one_to_one	1	one_to_one:1
ENSG00000259756	NA	NA	ENSMUSG00000111412	many_to_one	1	many_to_one:1
ENSG00000259763	NA	NA	ENSMUSG00000108869;ENSMUSG00000101559	many_to_many	1	many_to_many:1
ENSG00000259764	NA	NA	ENSMUSG00000093405	many_to_one	1	many_to_one:1
ENSG00000259772	NA	NA	ENSMUSG00000108620	one_to_one	1	one_to_one:1
ENSG00000259788	NA	NA	ENSMUSG00000104266	one_to_one	1	one_to_one:1
ENSG00000259793	NA	NA	ENSMUSG00000101942	one_to_one	1	one_to_one:1
ENSG00000259798	NA	NA	ENSMUSG00000097409	many_to_one	1	many_to_one:1
ENSG00000259804	NA	NA	ENSMUSG00000098120	many_to_one	1	many_to_one:1
ENSG00000259813	NA	NA	ENSMUSG00000121195	one_to_one	1	one_to_one:1
ENSG00000259814	NA	NA	ENSMUSG00000108587	one_to_one	1	one_to_one:1
ENSG00000259817	NA	NA	ENSMUSG00000093697;ENSMUSG00000109868;ENSMUSG00000110613;ENSMUSG00000120938	many_to_many	1	many_to_many:1
ENSG00000259820	NA	NA	ENSMUSG00000093387;ENSMUSG00000096967	one_to_many	1	one_to_many:1
ENSG00000259833	NA	NA	ENSMUSG00000097409	many_to_one	1	many_to_one:1
ENSG00000259837	ENSCAFG00845002299	many_to_one	NA	NA	1	many_to_one:1
ENSG00000259870	NA	NA	ENSMUSG00000109407	one_to_one	1	one_to_one:1
ENSG00000259876	NA	NA	ENSMUSG00000085732	many_to_one	1	many_to_one:1
ENSG00000259881	NA	NA	ENSMUSG00000090174	many_to_one	1	many_to_one:1
ENSG00000259895	NA	NA	ENSMUSG00000085185	one_to_one	1	one_to_one:1
ENSG00000259912	NA	NA	ENSMUSG00000098434	many_to_one	1	many_to_one:1
ENSG00000259914	NA	NA	ENSMUSG00000110548;ENSMUSG00000110667	many_to_many	1	many_to_many:1
ENSG00000259920	NA	NA	ENSMUSG00000107825	many_to_one	1	many_to_one:1
ENSG00000259932	ENSCAFG00845030742	many_to_one	NA	NA	1	many_to_one:1
ENSG00000259955	ENSCAFG00845000388	many_to_one	NA	NA	1	many_to_one:1
ENSG00000259959	NA	NA	ENSMUSG00000093771	one_to_one	1	one_to_one:1
ENSG00000259964	NA	NA	ENSMUSG00000111296	many_to_one	1	many_to_one:1
ENSG00000259968	NA	NA	ENSMUSG00000114474	one_to_one	1	one_to_one:1
ENSG00000259974	NA	NA	ENSMUSG00000086141	one_to_one	1	one_to_one:1
ENSG00000259976	ENSCAFG00845015243	one_to_one	NA	NA	1	one_to_one:1
ENSG00000259981	NA	NA	ENSMUSG00000116885	one_to_one	1	one_to_one:1
ENSG00000259989	ENSCAFG00845002788	one_to_one	NA	NA	1	one_to_one:1
ENSG00000259994	NA	NA	ENSMUSG00000117579	one_to_one	1	one_to_one:1
ENSG00000260009	NA	NA	ENSMUSG00000099411	many_to_one	1	many_to_one:1
ENSG00000260025	NA	NA	ENSMUSG00000117648	many_to_one	1	many_to_one:1
ENSG00000260029	NA	NA	ENSMUSG00000121158	many_to_one	1	many_to_one:1
ENSG00000260030	NA	NA	ENSMUSG00000116500	many_to_one	1	many_to_one:1
ENSG00000260032	NA	NA	ENSMUSG00000102869	one_to_one	1	one_to_one:1
ENSG00000260035	ENSCAFG00845030742	many_to_one	NA	NA	1	many_to_one:1
ENSG00000260037	NA	NA	ENSMUSG00000110803	one_to_one	1	one_to_one:1
ENSG00000260052	NA	NA	ENSMUSG00000098534	many_to_one	1	many_to_one:1
ENSG00000260066	NA	NA	ENSMUSG00000113346	one_to_one	1	one_to_one:1
ENSG00000260083	NA	NA	ENSMUSG00000108801	one_to_one	1	one_to_one:1
ENSG00000260086	NA	NA	ENSMUSG00000098434	many_to_one	1	many_to_one:1
ENSG00000260088	NA	NA	ENSMUSG00000097403	one_to_one	1	one_to_one:1
ENSG00000260101	NA	NA	ENSMUSG00000120343	one_to_one	1	one_to_one:1
ENSG00000260115	NA	NA	ENSMUSG00000052479	one_to_one	1	one_to_one:1
ENSG00000260120	NA	NA	ENSMUSG00000106943	one_to_one	1	one_to_one:1
ENSG00000260145	NA	NA	ENSMUSG00000097194	one_to_one	1	one_to_one:1
ENSG00000260151	NA	NA	ENSMUSG00000086684;ENSMUSG00000120449	one_to_many	1	one_to_many:1
ENSG00000260167	NA	NA	ENSMUSG00000108483	one_to_one	1	one_to_one:1
ENSG00000260194	NA	NA	ENSMUSG00000110138;ENSMUSG00000090778	many_to_many	1	many_to_many:1
ENSG00000260231	NA	NA	ENSMUSG00000115026	one_to_one	1	one_to_one:1
ENSG00000260253	NA	NA	ENSMUSG00000120243	one_to_one	1	one_to_one:1
ENSG00000260271	NA	NA	ENSMUSG00000086150	many_to_one	1	many_to_one:1
ENSG00000260278	NA	NA	ENSMUSG00000105006	one_to_one	1	one_to_one:1
ENSG00000260279	NA	NA	ENSMUSG00000099881	many_to_one	1	many_to_one:1
ENSG00000260288	ENSCAFG00845021070	many_to_one	NA	NA	1	many_to_one:1
ENSG00000260305	NA	NA	ENSMUSG00000052629;ENSMUSG00000108788	one_to_many	1	one_to_many:1
ENSG00000260306	ENSCAFG00845002216	one_to_one	NA	NA	1	one_to_one:1
ENSG00000260331	NA	NA	ENSMUSG00000112792	many_to_one	1	many_to_one:1
ENSG00000260337	NA	NA	ENSMUSG00000108448	many_to_one	1	many_to_one:1
ENSG00000260340	ENSCAFG00845004596	one_to_one	NA	NA	1	one_to_one:1
ENSG00000260343	NA	NA	ENSMUSG00000109582	one_to_one	1	one_to_one:1
ENSG00000260348	NA	NA	ENSMUSG00000109009	many_to_one	1	many_to_one:1
ENSG00000260352	NA	NA	ENSMUSG00000055159	one_to_one	1	one_to_one:1
ENSG00000260368	NA	NA	ENSMUSG00000120390	one_to_one	1	one_to_one:1
ENSG00000260369	ENSCAFG00845012730	one_to_one	NA	NA	1	one_to_one:1
ENSG00000260377	NA	NA	ENSMUSG00000105662	one_to_one	1	one_to_one:1
ENSG00000260378	NA	NA	ENSMUSG00000055015	many_to_one	1	many_to_one:1
ENSG00000260385	NA	NA	ENSMUSG00000120658	one_to_one	1	one_to_one:1
ENSG00000260387	NA	NA	ENSMUSG00000097097	one_to_one	1	one_to_one:1
ENSG00000260398	ENSCAFG00845029547	one_to_one	NA	NA	1	one_to_one:1
ENSG00000260400	ENSCAFG00845002505	one_to_one	NA	NA	1	one_to_one:1
ENSG00000260401	ENSCAFG00845008771	one_to_one	NA	NA	1	one_to_one:1
ENSG00000260416	NA	NA	ENSMUSG00000086166;ENSMUSG00000121094	many_to_many	1	many_to_many:1
ENSG00000260417	NA	NA	ENSMUSG00000121010;ENSMUSG00000097983	many_to_many	1	many_to_many:1
ENSG00000260430	ENSCAFG00845009770	one_to_one	NA	NA	1	one_to_one:1
ENSG00000260436	NA	NA	ENSMUSG00000117523	many_to_one	1	many_to_one:1
ENSG00000260464	NA	NA	ENSMUSG00000104554;ENSMUSG00000104574	many_to_many_strict	1	many_to_many_strict:1
ENSG00000260465	NA	NA	ENSMUSG00000110630	many_to_one	1	many_to_one:1
ENSG00000260475	NA	NA	ENSMUSG00000117698	one_to_one	1	one_to_one:1
ENSG00000260488	NA	NA	ENSMUSG00000085732	many_to_one	1	many_to_one:1
ENSG00000260495	NA	NA	ENSMUSG00000121084	many_to_one	1	many_to_one:1
ENSG00000260519	NA	NA	ENSMUSG00000085363;ENSMUSG00000087261	one_to_many	1	one_to_many:1
ENSG00000260526	NA	NA	ENSMUSG00000105447	one_to_one	1	one_to_one:1
ENSG00000260528	NA	NA	ENSMUSG00000116924	many_to_one	1	many_to_one:1
ENSG00000260530	NA	NA	ENSMUSG00000110453	one_to_one	1	one_to_one:1
ENSG00000260542	ENSCAFG00845017300;ENSCAFG00845017290	many_to_many_strict	ENSMUSG00000084843	many_to_one	2	many_to_many_strict:1;many_to_one:1
ENSG00000260558	NA	NA	ENSMUSG00000110630	many_to_one	1	many_to_one:1
ENSG00000260566	ENSCAFG00845002120	one_to_one	NA	NA	1	one_to_one:1
ENSG00000260572	NA	NA	ENSMUSG00000120717	one_to_one	1	one_to_one:1
ENSG00000260583	ENSCAFG00845014726	one_to_one	NA	NA	1	one_to_one:1
ENSG00000260589	NA	NA	ENSMUSG00000086657	many_to_one	1	many_to_one:1
ENSG00000260600	NA	NA	ENSMUSG00000090116	one_to_one	1	one_to_one:1
ENSG00000260604	NA	NA	ENSMUSG00000113484	one_to_one	1	one_to_one:1
ENSG00000260605	NA	NA	ENSMUSG00000120587	many_to_one	1	many_to_one:1
ENSG00000260612	NA	NA	ENSMUSG00000078143	one_to_one	1	one_to_one:1
ENSG00000260620	NA	NA	ENSMUSG00000120587	many_to_one	1	many_to_one:1
ENSG00000260624	NA	NA	ENSMUSG00000100487	one_to_one	1	one_to_one:1
ENSG00000260630	ENSCAFG00845003485	one_to_one	NA	NA	1	one_to_one:1
ENSG00000260633	NA	NA	ENSMUSG00000093812;ENSMUSG00000110884	one_to_many	1	one_to_many:1
ENSG00000260679	NA	NA	ENSMUSG00000109009	many_to_one	1	many_to_one:1
ENSG00000260694	NA	NA	ENSMUSG00000089797;ENSMUSG00000090217;ENSMUSG00000089723	many_to_many	1	many_to_many:1
ENSG00000260708	NA	NA	ENSMUSG00000120224;ENSMUSG00000115918	many_to_many_strict	1	many_to_many_strict:1
ENSG00000260721	NA	NA	ENSMUSG00000084945	many_to_one	1	many_to_one:1
ENSG00000260733	NA	NA	ENSMUSG00000089797;ENSMUSG00000090217;ENSMUSG00000089723	many_to_many	1	many_to_many:1
ENSG00000260744	NA	NA	ENSMUSG00000109754	many_to_one	1	many_to_one:1
ENSG00000260756	NA	NA	ENSMUSG00000115943	one_to_one	1	one_to_one:1
ENSG00000260759	ENSCAFG00845004812	one_to_one	ENSMUSG00000117868	one_to_one	2	one_to_one:2
ENSG00000260788	NA	NA	ENSMUSG00000110548;ENSMUSG00000110667	many_to_many	1	many_to_many:1
ENSG00000260805	NA	NA	ENSMUSG00000073478	one_to_one	1	one_to_one:1
ENSG00000260808	ENSCAFG00845006895	one_to_one	NA	NA	1	one_to_one:1
ENSG00000260830	NA	NA	ENSMUSG00000097533	one_to_one	1	one_to_one:1
ENSG00000260832	NA	NA	ENSMUSG00000110548;ENSMUSG00000110667	many_to_many	1	many_to_many:1
ENSG00000260835	NA	NA	ENSMUSG00000101481	many_to_one	1	many_to_one:1
ENSG00000260848	NA	NA	ENSMUSG00000093697;ENSMUSG00000109868;ENSMUSG00000110613;ENSMUSG00000120938	many_to_many	1	many_to_many:1
ENSG00000260852	NA	NA	ENSMUSG00000121230	one_to_one	1	one_to_one:1
ENSG00000260879	NA	NA	ENSMUSG00000105139	one_to_one	1	one_to_one:1
ENSG00000260880	NA	NA	ENSMUSG00000093697;ENSMUSG00000109868;ENSMUSG00000110613;ENSMUSG00000120938	many_to_many	1	many_to_many:1
ENSG00000260902	NA	NA	ENSMUSG00000087317	one_to_one	1	one_to_one:1
ENSG00000260917	ENSCAFG00845029885	one_to_one	NA	NA	1	one_to_one:1
ENSG00000260923	NA	NA	ENSMUSG00000116924	many_to_one	1	many_to_one:1
ENSG00000260927	ENSCAFG00845002343	one_to_one	NA	NA	1	one_to_one:1
ENSG00000260962	NA	NA	ENSMUSG00000099911	one_to_one	1	one_to_one:1
ENSG00000260969	NA	NA	ENSMUSG00000089797;ENSMUSG00000090217;ENSMUSG00000089723	many_to_many	1	many_to_many:1
ENSG00000260976	NA	NA	ENSMUSG00000100357	one_to_one	1	one_to_one:1
ENSG00000261018	NA	NA	ENSMUSG00000085008	one_to_one	1	one_to_one:1
ENSG00000261045	NA	NA	ENSMUSG00000045928;ENSMUSG00000108814	one_to_many	1	one_to_many:1
ENSG00000261049	NA	NA	ENSMUSG00000110138;ENSMUSG00000090778	many_to_many	1	many_to_many:1
ENSG00000261055	ENSCAFG00845002398	many_to_one	NA	NA	1	many_to_one:1
ENSG00000261058	ENSCAFG00845024858	one_to_one	NA	NA	1	one_to_one:1
ENSG00000261078	NA	NA	ENSMUSG00000110483	many_to_one	1	many_to_one:1
ENSG00000261080	NA	NA	ENSMUSG00000089849;ENSMUSG00000073394;ENSMUSG00000090048	many_to_many	1	many_to_many:1
ENSG00000261087	NA	NA	ENSMUSG00000115430	many_to_one	1	many_to_one:1
ENSG00000261090	NA	NA	ENSMUSG00000108409	one_to_one	1	one_to_one:1
ENSG00000261093	NA	NA	ENSMUSG00000117523	many_to_one	1	many_to_one:1
ENSG00000261095	NA	NA	ENSMUSG00000098211;ENSMUSG00000097424	many_to_many	1	many_to_many:1
ENSG00000261101	ENSCAFG00845019973	one_to_one	NA	NA	1	one_to_one:1
ENSG00000261103	NA	NA	ENSMUSG00000110548;ENSMUSG00000110667	many_to_many	1	many_to_many:1
ENSG00000261105	ENSCAFG00845025053	one_to_one	NA	NA	1	one_to_one:1
ENSG00000261113	NA	NA	ENSMUSG00000121009;ENSMUSG00000085118	one_to_many	1	one_to_many:1
ENSG00000261140	NA	NA	ENSMUSG00000117523	many_to_one	1	many_to_one:1
ENSG00000261146	NA	NA	ENSMUSG00000110929	many_to_one	1	many_to_one:1
ENSG00000261158	NA	NA	ENSMUSG00000055015	many_to_one	1	many_to_one:1
ENSG00000261167	ENSCAFG00845028893	one_to_one	NA	NA	1	one_to_one:1
ENSG00000261188	ENSCAFG00845029702	one_to_one	NA	NA	1	one_to_one:1
ENSG00000261191	NA	NA	ENSMUSG00000086735	one_to_one	1	one_to_one:1
ENSG00000261195	NA	NA	ENSMUSG00000109517	one_to_one	1	one_to_one:1
ENSG00000261211	NA	NA	ENSMUSG00000114389;ENSMUSG00000100932;ENSMUSG00000099847;ENSMUSG00000114791	many_to_many	1	many_to_many:1
ENSG00000261213	NA	NA	ENSMUSG00000093738	many_to_one	1	many_to_one:1
ENSG00000261216	NA	NA	ENSMUSG00000120347	one_to_one	1	one_to_one:1
ENSG00000261220	NA	NA	ENSMUSG00000120535	one_to_one	1	one_to_one:1
ENSG00000261222	ENSCAFG00845017979	one_to_one	NA	NA	1	one_to_one:1
ENSG00000261227	NA	NA	ENSMUSG00000093697;ENSMUSG00000109868;ENSMUSG00000110613;ENSMUSG00000120938	many_to_many	1	many_to_many:1
ENSG00000261238	NA	NA	ENSMUSG00000120400	many_to_one	1	many_to_one:1
ENSG00000261242	NA	NA	ENSMUSG00000112459	one_to_one	1	one_to_one:1
ENSG00000261253	NA	NA	ENSMUSG00000099881	many_to_one	1	many_to_one:1
ENSG00000261267	NA	NA	ENSMUSG00000098434	many_to_one	1	many_to_one:1
ENSG00000261291	ENSCAFG00845003460	one_to_one	NA	NA	1	one_to_one:1
ENSG00000261293	NA	NA	ENSMUSG00000085732	many_to_one	1	many_to_one:1
ENSG00000261338	ENSCAFG00845026647	one_to_one	NA	NA	1	one_to_one:1
ENSG00000261363	NA	NA	ENSMUSG00000097438	many_to_one	1	many_to_one:1
ENSG00000261369	NA	NA	ENSMUSG00000109754	many_to_one	1	many_to_one:1
ENSG00000261386	NA	NA	ENSMUSG00000098120	many_to_one	1	many_to_one:1
ENSG00000261394	NA	NA	ENSMUSG00000085732	many_to_one	1	many_to_one:1
ENSG00000261407	NA	NA	ENSMUSG00000108387	one_to_one	1	one_to_one:1
ENSG00000261410	NA	NA	ENSMUSG00000110548;ENSMUSG00000110667	many_to_many	1	many_to_many:1
ENSG00000261439	NA	NA	ENSMUSG00000097520	many_to_one	1	many_to_one:1
ENSG00000261441	ENSCAFG00845004187	one_to_one	NA	NA	1	one_to_one:1
ENSG00000261447	NA	NA	ENSMUSG00000118340	many_to_one	1	many_to_one:1
ENSG00000261449	NA	NA	ENSMUSG00000054822	one_to_one	1	one_to_one:1
ENSG00000261472	ENSCAFG00845021356;ENSCAFG00845021337;ENSCAFG00845021260;ENSCAFG00845021365;ENSCAFG00845021391	one_to_many	ENSMUSG00000110592	one_to_one	2	one_to_many:1;one_to_one:1
ENSG00000261504	ENSCAFG00845004244	one_to_one	NA	NA	1	one_to_one:1
ENSG00000261514	NA	NA	ENSMUSG00000120019	one_to_one	1	one_to_one:1
ENSG00000261520	NA	NA	ENSMUSG00000097282;ENSMUSG00000117231	many_to_many	1	many_to_many:1
ENSG00000261535	NA	NA	ENSMUSG00000086220	many_to_one	1	many_to_one:1
ENSG00000261546	NA	NA	ENSMUSG00000110716	one_to_one	1	one_to_one:1
ENSG00000261553	ENSCAFG00845025083	one_to_one	NA	NA	1	one_to_one:1
ENSG00000261604	NA	NA	ENSMUSG00000114934	one_to_one	1	one_to_one:1
ENSG00000261610	NA	NA	ENSMUSG00000116582	one_to_one	1	one_to_one:1
ENSG00000261613	NA	NA	ENSMUSG00000117523	many_to_one	1	many_to_one:1
ENSG00000261629	NA	NA	ENSMUSG00000097484;ENSMUSG00000097406	many_to_many	1	many_to_many:1
ENSG00000261630	NA	NA	ENSMUSG00000110138;ENSMUSG00000090778	many_to_many	1	many_to_many:1
ENSG00000261645	ENSCAFG00845024209	one_to_one	NA	NA	1	one_to_one:1
ENSG00000261646	NA	NA	ENSMUSG00000097910	many_to_one	1	many_to_one:1
ENSG00000261651	NA	NA	ENSMUSG00000098211;ENSMUSG00000097424	many_to_many	1	many_to_many:1
ENSG00000261654	ENSCAFG00845001760	one_to_one	NA	NA	1	one_to_one:1
ENSG00000261664	NA	NA	ENSMUSG00000085873	one_to_one	1	one_to_one:1
ENSG00000261668	ENSCAFG00845027088	one_to_one	NA	NA	1	one_to_one:1
ENSG00000261691	NA	NA	ENSMUSG00000097523	many_to_one	1	many_to_one:1
ENSG00000261706	ENSCAFG00845021920	many_to_one	ENSMUSG00000112818	many_to_one	2	many_to_one:2
ENSG00000261713	ENSCAFG00845024765	one_to_one	NA	NA	1	one_to_one:1
ENSG00000261730	NA	NA	ENSMUSG00000038408	one_to_one	1	one_to_one:1
ENSG00000261757	ENSCAFG00845018073	one_to_one	NA	NA	1	one_to_one:1
ENSG00000261766	ENSCAFG00845003046	one_to_one	NA	NA	1	one_to_one:1
ENSG00000261775	ENSCAFG00845029510	one_to_one	NA	NA	1	one_to_one:1
ENSG00000261789	ENSCAFG00845000750	one_to_one	NA	NA	1	one_to_one:1
ENSG00000261795	ENSCAFG00845010130	many_to_one	NA	NA	1	many_to_one:1
ENSG00000261797	ENSCAFG00845031023	one_to_one	NA	NA	1	one_to_one:1
ENSG00000261799	ENSCAFG00845027256	one_to_one	NA	NA	1	one_to_one:1
ENSG00000261817	NA	NA	ENSMUSG00000102558	one_to_one	1	one_to_one:1
ENSG00000261826	NA	NA	ENSMUSG00000120955	one_to_one	1	one_to_one:1
ENSG00000261829	ENSCAFG00845022124	one_to_one	NA	NA	1	one_to_one:1
ENSG00000261840	NA	NA	ENSMUSG00000101225	one_to_one	1	one_to_one:1
ENSG00000261886	NA	NA	ENSMUSG00000085154	one_to_one	1	one_to_one:1
ENSG00000261938	ENSCAFG00845002068	one_to_one	NA	NA	1	one_to_one:1
ENSG00000261978	NA	NA	ENSMUSG00000087404	many_to_one	1	many_to_one:1
ENSG00000262001	NA	NA	ENSMUSG00000097282;ENSMUSG00000117231	many_to_many	1	many_to_many:1
ENSG00000262020	NA	NA	ENSMUSG00000087384	many_to_one	1	many_to_one:1
ENSG00000262038	NA	NA	ENSMUSG00000098439	one_to_one	1	one_to_one:1
ENSG00000262061	NA	NA	ENSMUSG00000087322	many_to_one	1	many_to_one:1
ENSG00000262098	ENSCAFG00845012132	many_to_one	NA	NA	1	many_to_one:1
ENSG00000262171	NA	NA	ENSMUSG00000085612	one_to_one	1	one_to_one:1
ENSG00000262172	NA	NA	ENSMUSG00000085548	one_to_one	1	one_to_one:1
ENSG00000262211	NA	NA	ENSMUSG00000120018	many_to_one	1	many_to_one:1
ENSG00000262223	NA	NA	ENSMUSG00000086750	many_to_one	1	many_to_one:1
ENSG00000262294	NA	NA	ENSMUSG00000087322	many_to_one	1	many_to_one:1
ENSG00000262313	NA	NA	ENSMUSG00000085081	many_to_one	1	many_to_one:1
ENSG00000262343	NA	NA	ENSMUSG00000086306	one_to_one	1	one_to_one:1
ENSG00000262372	NA	NA	ENSMUSG00000121072	many_to_one	1	many_to_one:1
ENSG00000262454	NA	NA	ENSMUSG00000109857	one_to_one	1	one_to_one:1
ENSG00000262558	NA	NA	ENSMUSG00000087322	many_to_one	1	many_to_one:1
ENSG00000262652	ENSCAFG00845026686	one_to_one	NA	NA	1	one_to_one:1
ENSG00000262662	NA	NA	ENSMUSG00000085081	many_to_one	1	many_to_one:1
ENSG00000262714	ENSCAFG00845003450	one_to_one	NA	NA	1	one_to_one:1
ENSG00000262810	NA	NA	ENSMUSG00000085765;ENSMUSG00000101295	many_to_many	1	many_to_many:1
ENSG00000262815	NA	NA	ENSMUSG00000087242	many_to_one	1	many_to_one:1
ENSG00000262831	NA	NA	ENSMUSG00000120443	one_to_one	1	one_to_one:1
ENSG00000262833	NA	NA	ENSMUSG00000085081	many_to_one	1	many_to_one:1
ENSG00000262873	ENSCAFG00845012132	many_to_one	NA	NA	1	many_to_one:1
ENSG00000262877	NA	NA	ENSMUSG00000086750	many_to_one	1	many_to_one:1
ENSG00000262880	NA	NA	ENSMUSG00000121226	one_to_one	1	one_to_one:1
ENSG00000262881	NA	NA	ENSMUSG00000085134	one_to_one	1	one_to_one:1
ENSG00000262920	NA	NA	ENSMUSG00000087322	many_to_one	1	many_to_one:1
ENSG00000263004	NA	NA	ENSMUSG00000092399	many_to_one	1	many_to_one:1
ENSG00000263051	NA	NA	ENSMUSG00000087242	many_to_one	1	many_to_one:1
ENSG00000263069	NA	NA	ENSMUSG00000109408	one_to_one	1	one_to_one:1
ENSG00000263089	NA	NA	ENSMUSG00000092399	many_to_one	1	many_to_one:1
ENSG00000263146	ENSCAFG00845000262	one_to_one	ENSMUSG00000098720	one_to_one	2	one_to_one:2
ENSG00000263154	ENSCAFG00845010811	many_to_one	NA	NA	1	many_to_one:1
ENSG00000263218	NA	NA	ENSMUSG00000120604	one_to_one	1	one_to_one:1
ENSG00000263235	ENSCAFG00845002048	one_to_one	ENSMUSG00000084790	one_to_one	2	one_to_one:2
ENSG00000263257	NA	NA	ENSMUSG00000099411	many_to_one	1	many_to_one:1
ENSG00000263271	NA	NA	ENSMUSG00000043993;ENSMUSG00000085501	one_to_many	1	one_to_many:1
ENSG00000263278	NA	NA	ENSMUSG00000084887	one_to_one	1	one_to_one:1
ENSG00000263307	NA	NA	ENSMUSG00000097537	one_to_one	1	one_to_one:1
ENSG00000263327	NA	NA	ENSMUSG00000105503;ENSMUSG00000104784	many_to_many_strict	1	many_to_many_strict:1
ENSG00000263382	NA	NA	ENSMUSG00000117380;ENSMUSG00000119962	one_to_many	1	one_to_many:1
ENSG00000263412	NA	NA	ENSMUSG00000120186	many_to_one	1	many_to_one:1
ENSG00000263435	NA	NA	ENSMUSG00000085130;ENSMUSG00000087534;ENSMUSG00000086971;ENSMUSG00000020703	many_to_many	1	many_to_many:1
ENSG00000263499	NA	NA	ENSMUSG00000085246;ENSMUSG00000087574	many_to_many	1	many_to_many:1
ENSG00000263571	NA	NA	ENSMUSG00000085130;ENSMUSG00000087534;ENSMUSG00000086971;ENSMUSG00000020703	many_to_many	1	many_to_many:1
ENSG00000263574	NA	NA	ENSMUSG00000086760	one_to_one	1	one_to_one:1
ENSG00000263624	NA	NA	ENSMUSG00000086330;ENSMUSG00000086536	many_to_many	1	many_to_many:1
ENSG00000263655	NA	NA	ENSMUSG00000118198	one_to_one	1	one_to_one:1
ENSG00000263674	ENSCAFG00845012774	many_to_one	NA	NA	1	many_to_one:1
ENSG00000263677	ENSCAFG00845012572;ENSCAFG00845012476	one_to_many	ENSMUSG00000117613	one_to_one	2	one_to_many:1;one_to_one:1
ENSG00000263684	NA	NA	ENSMUSG00000084967	one_to_one	1	one_to_one:1
ENSG00000263707	NA	NA	ENSMUSG00000118601	many_to_one	1	many_to_one:1
ENSG00000263708	NA	NA	ENSMUSG00000087242	many_to_one	1	many_to_one:1
ENSG00000263717	NA	NA	ENSMUSG00000085078	many_to_one	1	many_to_one:1
ENSG00000263718	NA	NA	ENSMUSG00000086050	many_to_one	1	many_to_one:1
ENSG00000263724	NA	NA	ENSMUSG00000097282;ENSMUSG00000117231	many_to_many	1	many_to_many:1
ENSG00000263756	NA	NA	ENSMUSG00000117829	one_to_one	1	one_to_one:1
ENSG00000263787	NA	NA	ENSMUSG00000075586	many_to_one	1	many_to_one:1
ENSG00000263873	NA	NA	ENSMUSG00000111229	one_to_one	1	one_to_one:1
ENSG00000263878	NA	NA	ENSMUSG00000097282;ENSMUSG00000117231	many_to_many	1	many_to_many:1
ENSG00000263904	NA	NA	ENSMUSG00000117632	one_to_one	1	one_to_one:1
ENSG00000263958	NA	NA	ENSMUSG00000117778	one_to_one	1	one_to_one:1
ENSG00000263982	ENSCAFG00845000571;ENSCAFG00845000566	many_to_many	ENSMUSG00000118339	many_to_one	2	many_to_many:1;many_to_one:1
ENSG00000264000	NA	NA	ENSMUSG00000100572	many_to_one	1	many_to_one:1
ENSG00000264012	NA	NA	ENSMUSG00000097222	many_to_one	1	many_to_one:1
ENSG00000264016	ENSCAFG00845002911	one_to_one	ENSMUSG00000085926	one_to_one	2	one_to_one:2
ENSG00000264031	NA	NA	ENSMUSG00000072673	one_to_one	1	one_to_one:1
ENSG00000264044	NA	NA	ENSMUSG00000086586	one_to_one	1	one_to_one:1
ENSG00000264066	NA	NA	ENSMUSG00000120348	one_to_one	1	one_to_one:1
ENSG00000264107	NA	NA	ENSMUSG00000120210;ENSMUSG00000091523	one_to_many	1	one_to_many:1
ENSG00000264125	NA	NA	ENSMUSG00000087398	one_to_one	1	one_to_one:1
ENSG00000264212	NA	NA	ENSMUSG00000100430;ENSMUSG00000117976	many_to_many_strict	1	many_to_many_strict:1
ENSG00000264247	NA	NA	ENSMUSG00000120353;ENSMUSG00000118385	one_to_many	1	one_to_many:1
ENSG00000264254	ENSCAFG00845003440	one_to_one	NA	NA	1	one_to_one:1
ENSG00000264270	NA	NA	ENSMUSG00000087064	many_to_one	1	many_to_one:1
ENSG00000264278	NA	NA	ENSMUSG00000118012	one_to_one	1	one_to_one:1
ENSG00000264339	NA	NA	ENSMUSG00000085234	many_to_one	1	many_to_one:1
ENSG00000264340	NA	NA	ENSMUSG00000117676	one_to_one	1	one_to_one:1
ENSG00000264345	NA	NA	ENSMUSG00000117608	one_to_one	1	one_to_one:1
ENSG00000264365	NA	NA	ENSMUSG00000117494	many_to_one	1	many_to_one:1
ENSG00000264421	NA	NA	ENSMUSG00000059706	many_to_one	1	many_to_one:1
ENSG00000264443	ENSCAFG00845014174	one_to_one	NA	NA	1	one_to_one:1
ENSG00000264448	NA	NA	ENSMUSG00000085614	one_to_one	1	one_to_one:1
ENSG00000264449	NA	NA	ENSMUSG00000117004	many_to_one	1	many_to_one:1
ENSG00000264490	ENSCAFG00845017394;ENSCAFG00845017436;ENSCAFG00845017477	many_to_many	NA	NA	1	many_to_many:1
ENSG00000264491	NA	NA	ENSMUSG00000087184	many_to_one	1	many_to_one:1
ENSG00000264515	NA	NA	ENSMUSG00000100600	many_to_one	1	many_to_one:1
ENSG00000264558	NA	NA	ENSMUSG00000121247;ENSMUSG00000084936	one_to_many	1	one_to_many:1
ENSG00000264575	NA	NA	ENSMUSG00000073374	many_to_one	1	many_to_one:1
ENSG00000264630	NA	NA	ENSMUSG00000086078;ENSMUSG00000084978	many_to_many_strict	1	many_to_many_strict:1
ENSG00000264643	NA	NA	ENSMUSG00000085130;ENSMUSG00000087534;ENSMUSG00000086971;ENSMUSG00000020703	many_to_many	1	many_to_many:1
ENSG00000264727	ENSCAFG00845003031	one_to_one	NA	NA	1	one_to_one:1
ENSG00000264745	NA	NA	ENSMUSG00000117418;ENSMUSG00000117573	many_to_many	1	many_to_many:1
ENSG00000264750	NA	NA	ENSMUSG00000121049	many_to_one	1	many_to_one:1
ENSG00000264769	NA	NA	ENSMUSG00000120999	many_to_one	1	many_to_one:1
ENSG00000264791	NA	NA	ENSMUSG00000085130;ENSMUSG00000087534;ENSMUSG00000086971;ENSMUSG00000020703	many_to_many	1	many_to_many:1
ENSG00000264808	ENSCAFG00845011060	one_to_one	NA	NA	1	one_to_one:1
ENSG00000264829	NA	NA	ENSMUSG00000087064	many_to_one	1	many_to_one:1
ENSG00000264859	NA	NA	ENSMUSG00000085595	one_to_one	1	one_to_one:1
ENSG00000264924	NA	NA	ENSMUSG00000117418;ENSMUSG00000117573	many_to_many	1	many_to_many:1
ENSG00000264985	NA	NA	ENSMUSG00000121049	many_to_one	1	many_to_one:1
ENSG00000264990	NA	NA	ENSMUSG00000085130;ENSMUSG00000087534;ENSMUSG00000086971;ENSMUSG00000020703	many_to_many	1	many_to_many:1
ENSG00000265000	NA	NA	ENSMUSG00000086487;ENSMUSG00000086089	many_to_many_strict	1	many_to_many_strict:1
ENSG00000265091	NA	NA	ENSMUSG00000073374	many_to_one	1	many_to_one:1
ENSG00000265100	ENSCAFG00845028878	one_to_one	ENSMUSG00000085326	one_to_one	2	one_to_one:2
ENSG00000265101	NA	NA	ENSMUSG00000118262;ENSMUSG00000118268	many_to_many_strict	1	many_to_many_strict:1
ENSG00000265115	NA	NA	ENSMUSG00000085130;ENSMUSG00000087534;ENSMUSG00000086971;ENSMUSG00000020703	many_to_many	1	many_to_many:1
ENSG00000265125	NA	NA	ENSMUSG00000085130;ENSMUSG00000087534;ENSMUSG00000086971;ENSMUSG00000020703	many_to_many	1	many_to_many:1
ENSG00000265142	NA	NA	ENSMUSG00000095438	one_to_one	1	one_to_one:1
ENSG00000265148	ENSCAFG00845020376	one_to_one	ENSMUSG00000120559	one_to_one	2	one_to_one:2
ENSG00000265204	NA	NA	ENSMUSG00000117418;ENSMUSG00000117573	many_to_many	1	many_to_many:1
ENSG00000265206	NA	NA	ENSMUSG00000084796	one_to_one	1	one_to_one:1
ENSG00000265222	NA	NA	ENSMUSG00000085078	many_to_one	1	many_to_one:1
ENSG00000265287	NA	NA	ENSMUSG00000087295	one_to_one	1	one_to_one:1
ENSG00000265316	NA	NA	ENSMUSG00000100572	many_to_one	1	many_to_one:1
ENSG00000265337	NA	NA	ENSMUSG00000085078	many_to_one	1	many_to_one:1
ENSG00000265369	ENSCAFG00845012467;ENSCAFG00845012457;ENSCAFG00845012482;ENSCAFG00845012579	one_to_many	ENSMUSG00000117404	one_to_one	2	one_to_many:1;one_to_one:1
ENSG00000265400	ENSCAFG00845003575;ENSCAFG00845003570	one_to_many	ENSMUSG00000120678	one_to_one	2	one_to_many:1;one_to_one:1
ENSG00000265401	NA	NA	ENSMUSG00000087120	one_to_one	1	one_to_one:1
ENSG00000265408	ENSCAFG00845010490	one_to_one	NA	NA	1	one_to_one:1
ENSG00000265451	NA	NA	ENSMUSG00000107722;ENSMUSG00000120092	one_to_many	1	one_to_many:1
ENSG00000265656	NA	NA	ENSMUSG00000097387	one_to_one	1	one_to_one:1
ENSG00000265664	NA	NA	ENSMUSG00000087184	many_to_one	1	many_to_one:1
ENSG00000265678	NA	NA	ENSMUSG00000087638	many_to_one	1	many_to_one:1
ENSG00000265688	NA	NA	ENSMUSG00000120999	many_to_one	1	many_to_one:1
ENSG00000265689	NA	NA	ENSMUSG00000085130;ENSMUSG00000087534;ENSMUSG00000086971;ENSMUSG00000020703	many_to_many	1	many_to_many:1
ENSG00000265697	NA	NA	ENSMUSG00000085130;ENSMUSG00000087534;ENSMUSG00000086971;ENSMUSG00000020703	many_to_many	1	many_to_many:1
ENSG00000265778	ENSCAFG00845000571;ENSCAFG00845000566	many_to_many	ENSMUSG00000118339	many_to_one	2	many_to_many:1;many_to_one:1
ENSG00000265943	NA	NA	ENSMUSG00000117634	many_to_one	1	many_to_one:1
ENSG00000265944	NA	NA	ENSMUSG00000117193	many_to_one	1	many_to_one:1
ENSG00000265962	NA	NA	ENSMUSG00000117003	one_to_one	1	one_to_one:1
ENSG00000265975	NA	NA	ENSMUSG00000120756	many_to_one	1	many_to_one:1
ENSG00000265992	NA	NA	ENSMUSG00000114760;ENSMUSG00000114704;ENSMUSG00000114595	many_to_many_strict	1	many_to_many_strict:1
ENSG00000266010	NA	NA	ENSMUSG00000097222	many_to_one	1	many_to_one:1
ENSG00000266065	NA	NA	ENSMUSG00000117193	many_to_one	1	many_to_one:1
ENSG00000266100	NA	NA	ENSMUSG00000085246;ENSMUSG00000087574	many_to_many	1	many_to_many:1
ENSG00000266149	NA	NA	ENSMUSG00000114563;ENSMUSG00000114291;ENSMUSG00000114492	many_to_many	1	many_to_many:1
ENSG00000266153	NA	NA	ENSMUSG00000096988;ENSMUSG00000117053	many_to_many_strict	1	many_to_many_strict:1
ENSG00000266171	NA	NA	ENSMUSG00000085234	many_to_one	1	many_to_one:1
ENSG00000266236	ENSCAFG00845006507	one_to_one	NA	NA	1	one_to_one:1
ENSG00000266248	NA	NA	ENSMUSG00000100600	many_to_one	1	many_to_one:1
ENSG00000266256	ENSCAFG00845000556	one_to_one	NA	NA	1	one_to_one:1
ENSG00000266258	ENSCAFG00845001135;ENSCAFG00845001162	one_to_many	NA	NA	1	one_to_many:1
ENSG00000266278	ENSCAFG00845001172	many_to_one	ENSMUSG00000118352	many_to_one	2	many_to_one:2
ENSG00000266288	NA	NA	ENSMUSG00000117323	one_to_one	1	one_to_one:1
ENSG00000266289	ENSCAFG00845008574	one_to_one	NA	NA	1	one_to_one:1
ENSG00000266290	ENSCAFG00845017328	one_to_one	NA	NA	1	one_to_one:1
ENSG00000266304	ENSCAFG00845001172	many_to_one	ENSMUSG00000118352	many_to_one	2	many_to_one:2
ENSG00000266341	NA	NA	ENSMUSG00000120186	many_to_one	1	many_to_one:1
ENSG00000266389	NA	NA	ENSMUSG00000120756	many_to_one	1	many_to_one:1
ENSG00000266401	NA	NA	ENSMUSG00000097282;ENSMUSG00000117231	many_to_many	1	many_to_many:1
ENSG00000266402	ENSCAFG00845022560	one_to_one	ENSMUSG00000120012	one_to_one	2	one_to_one:2
ENSG00000266473	NA	NA	ENSMUSG00000059706	many_to_one	1	many_to_one:1
ENSG00000266495	NA	NA	ENSMUSG00000097440	one_to_one	1	one_to_one:1
ENSG00000266535	NA	NA	ENSMUSG00000085130;ENSMUSG00000087534;ENSMUSG00000086971;ENSMUSG00000020703	many_to_many	1	many_to_many:1
ENSG00000266586	NA	NA	ENSMUSG00000118262;ENSMUSG00000118268	many_to_many_strict	1	many_to_many_strict:1
ENSG00000266598	NA	NA	ENSMUSG00000056687	one_to_one	1	one_to_one:1
ENSG00000266614	NA	NA	ENSMUSG00000100430;ENSMUSG00000117976	many_to_many_strict	1	many_to_many_strict:1
ENSG00000266654	NA	NA	ENSMUSG00000087638	many_to_one	1	many_to_one:1
ENSG00000266708	NA	NA	ENSMUSG00000121111	one_to_one	1	one_to_one:1
ENSG00000266711	NA	NA	ENSMUSG00000085059	one_to_one	1	one_to_one:1
ENSG00000266767	NA	NA	ENSMUSG00000114563;ENSMUSG00000114291;ENSMUSG00000114492	many_to_many	1	many_to_many:1
ENSG00000266824	NA	NA	ENSMUSG00000121012	one_to_one	1	one_to_one:1
ENSG00000266846	NA	NA	ENSMUSG00000117004	many_to_one	1	many_to_one:1
ENSG00000266872	NA	NA	ENSMUSG00000085941	one_to_one	1	one_to_one:1
ENSG00000266877	NA	NA	ENSMUSG00000084969	many_to_one	1	many_to_one:1
ENSG00000266901	ENSCAFG00845000055	many_to_one	ENSMUSG00000120406;ENSMUSG00000118070	many_to_many	2	many_to_many:1;many_to_one:1
ENSG00000266905	ENSCAFG00845016960	one_to_one	NA	NA	1	one_to_one:1
ENSG00000266933	NA	NA	ENSMUSG00000120698	one_to_one	1	one_to_one:1
ENSG00000266947	NA	NA	ENSMUSG00000086327	one_to_one	1	one_to_one:1
ENSG00000266954	NA	NA	ENSMUSG00000117891	many_to_one	1	many_to_one:1
ENSG00000266969	NA	NA	ENSMUSG00000118134	one_to_one	1	one_to_one:1
ENSG00000266998	NA	NA	ENSMUSG00000086050	many_to_one	1	many_to_one:1
ENSG00000267000	NA	NA	ENSMUSG00000085055	many_to_one	1	many_to_one:1
ENSG00000267015	NA	NA	ENSMUSG00000114891	many_to_one	1	many_to_one:1
ENSG00000267016	NA	NA	ENSMUSG00000086050	many_to_one	1	many_to_one:1
ENSG00000267061	NA	NA	ENSMUSG00000085055	many_to_one	1	many_to_one:1
ENSG00000267064	NA	NA	ENSMUSG00000086877	one_to_one	1	one_to_one:1
ENSG00000267097	NA	NA	ENSMUSG00000117661	many_to_one	1	many_to_one:1
ENSG00000267100	NA	NA	ENSMUSG00000110915	one_to_one	1	one_to_one:1
ENSG00000267121	NA	NA	ENSMUSG00000092371	many_to_one	1	many_to_one:1
ENSG00000267122	NA	NA	ENSMUSG00000075558	one_to_one	1	one_to_one:1
ENSG00000267130	NA	NA	ENSMUSG00000108624	many_to_one	1	many_to_one:1
ENSG00000267134	NA	NA	ENSMUSG00000086161	one_to_one	1	one_to_one:1
ENSG00000267136	NA	NA	ENSMUSG00000117891	many_to_one	1	many_to_one:1
ENSG00000267146	NA	NA	ENSMUSG00000117977	one_to_one	1	one_to_one:1
ENSG00000267165	NA	NA	ENSMUSG00000117757	one_to_one	1	one_to_one:1
ENSG00000267169	NA	NA	ENSMUSG00000074219	one_to_one	1	one_to_one:1
ENSG00000267177	NA	NA	ENSMUSG00000117891	many_to_one	1	many_to_one:1
ENSG00000267192	NA	NA	ENSMUSG00000109080	many_to_one	1	many_to_one:1
ENSG00000267193	NA	NA	ENSMUSG00000117661	many_to_one	1	many_to_one:1
ENSG00000267201	ENSCAFG00845011703	one_to_one	NA	NA	1	one_to_one:1
ENSG00000267202	ENSCAFG00845004142	many_to_one	ENSMUSG00000114511;ENSMUSG00000114306;ENSMUSG00000120137	many_to_many_strict	2	many_to_many_strict:1;many_to_one:1
ENSG00000267207	NA	NA	ENSMUSG00000085514;ENSMUSG00000086199	many_to_many	1	many_to_many:1
ENSG00000267209	NA	NA	ENSMUSG00000118045	one_to_one	1	one_to_one:1
ENSG00000267219	NA	NA	ENSMUSG00000085105	one_to_one	1	one_to_one:1
ENSG00000267222	NA	NA	ENSMUSG00000121184	many_to_one	1	many_to_one:1
ENSG00000267223	NA	NA	ENSMUSG00000093540	many_to_one	1	many_to_one:1
ENSG00000267239	NA	NA	ENSMUSG00000117891	many_to_one	1	many_to_one:1
ENSG00000267257	NA	NA	ENSMUSG00000118101;ENSMUSG00000118163;ENSMUSG00000117721	many_to_many	1	many_to_many:1
ENSG00000267262	ENSCAFG00845011782	many_to_one	ENSMUSG00000121209	many_to_one	2	many_to_one:2
ENSG00000267269	NA	NA	ENSMUSG00000085055	many_to_one	1	many_to_one:1
ENSG00000267280	ENSCAFG00845027339	one_to_one	ENSMUSG00000069785	one_to_one	2	one_to_one:2
ENSG00000267296	NA	NA	ENSMUSG00000108624	many_to_one	1	many_to_one:1
ENSG00000267299	ENSCAFG00845011782	many_to_one	ENSMUSG00000121209	many_to_one	2	many_to_one:2
ENSG00000267304	NA	NA	ENSMUSG00000090230	one_to_one	1	one_to_one:1
ENSG00000267321	NA	NA	ENSMUSG00000093483	one_to_one	1	one_to_one:1
ENSG00000267344	NA	NA	ENSMUSG00000085887;ENSMUSG00000085360;ENSMUSG00000085733	one_to_many	1	one_to_many:1
ENSG00000267345	ENSCAFG00845007096	one_to_one	NA	NA	1	one_to_one:1
ENSG00000267365	NA	NA	ENSMUSG00000120247	one_to_one	1	one_to_one:1
ENSG00000267366	NA	NA	ENSMUSG00000117891	many_to_one	1	many_to_one:1
ENSG00000267373	NA	NA	ENSMUSG00000087502	one_to_one	1	one_to_one:1
ENSG00000267391	NA	NA	ENSMUSG00000118017	one_to_one	1	one_to_one:1
ENSG00000267393	NA	NA	ENSMUSG00000117891	many_to_one	1	many_to_one:1
ENSG00000267396	NA	NA	ENSMUSG00000120534;ENSMUSG00000117895;ENSMUSG00000114210	many_to_many	1	many_to_many:1
ENSG00000267401	NA	NA	ENSMUSG00000117968	one_to_one	1	one_to_one:1
ENSG00000267409	ENSCAFG00845000057	one_to_one	NA	NA	1	one_to_one:1
ENSG00000267416	NA	NA	ENSMUSG00000120523	one_to_one	1	one_to_one:1
ENSG00000267417	NA	NA	ENSMUSG00000074203	many_to_one	1	many_to_one:1
ENSG00000267432	NA	NA	ENSMUSG00000085511	one_to_one	1	one_to_one:1
ENSG00000267449	NA	NA	ENSMUSG00000085514;ENSMUSG00000086199	many_to_many	1	many_to_many:1
ENSG00000267458	NA	NA	ENSMUSG00000087685	one_to_one	1	one_to_one:1
ENSG00000267466	ENSCAFG00845015466	one_to_one	NA	NA	1	one_to_one:1
ENSG00000267475	NA	NA	ENSMUSG00000097509	many_to_one	1	many_to_one:1
ENSG00000267480	NA	NA	ENSMUSG00000046415	one_to_one	1	one_to_one:1
ENSG00000267503	NA	NA	ENSMUSG00000117891	many_to_one	1	many_to_one:1
ENSG00000267506	NA	NA	ENSMUSG00000085336;ENSMUSG00000086588	many_to_many	1	many_to_many:1
ENSG00000267519	NA	NA	ENSMUSG00000097296	one_to_one	1	one_to_one:1
ENSG00000267521	ENSCAFG00845015860	one_to_one	ENSMUSG00000086902	one_to_one	2	one_to_one:2
ENSG00000267529	NA	NA	ENSMUSG00000117891	many_to_one	1	many_to_one:1
ENSG00000267543	ENSCAFG00845017150	one_to_one	NA	NA	1	one_to_one:1
ENSG00000267551	ENSCAFG00845010438	one_to_one	ENSMUSG00000112350	one_to_one	2	one_to_one:2
ENSG00000267574	NA	NA	ENSMUSG00000101643	one_to_one	1	one_to_one:1
ENSG00000267577	NA	NA	ENSMUSG00000085725	one_to_one	1	one_to_one:1
ENSG00000267579	NA	NA	ENSMUSG00000118101;ENSMUSG00000118163;ENSMUSG00000117721	many_to_many	1	many_to_many:1
ENSG00000267580	NA	NA	ENSMUSG00000108624	many_to_one	1	many_to_one:1
ENSG00000267582	NA	NA	ENSMUSG00000120710	one_to_one	1	one_to_one:1
ENSG00000267598	NA	NA	ENSMUSG00000120944;ENSMUSG00000120095	many_to_many_strict	1	many_to_many_strict:1
ENSG00000267607	NA	NA	ENSMUSG00000110790	one_to_one	1	one_to_one:1
ENSG00000267610	NA	NA	ENSMUSG00000074203	many_to_one	1	many_to_one:1
ENSG00000267628	NA	NA	ENSMUSG00000114891	many_to_one	1	many_to_one:1
ENSG00000267632	NA	NA	ENSMUSG00000121184	many_to_one	1	many_to_one:1
ENSG00000267637	NA	NA	ENSMUSG00000120594	one_to_one	1	one_to_one:1
ENSG00000267653	ENSCAFG00845005375	one_to_one	NA	NA	1	one_to_one:1
ENSG00000267665	NA	NA	ENSMUSG00000085336;ENSMUSG00000086588	many_to_many	1	many_to_many:1
ENSG00000267666	ENSCAFG00845014778	one_to_one	NA	NA	1	one_to_one:1
ENSG00000267690	NA	NA	ENSMUSG00000117891	many_to_one	1	many_to_one:1
ENSG00000267694	NA	NA	ENSMUSG00000117891	many_to_one	1	many_to_one:1
ENSG00000267707	ENSCAFG00845004142	many_to_one	ENSMUSG00000114511;ENSMUSG00000114306;ENSMUSG00000120137	many_to_many_strict	2	many_to_many_strict:1;many_to_one:1
ENSG00000267727	NA	NA	ENSMUSG00000108624	many_to_one	1	many_to_one:1
ENSG00000267734	ENSCAFG00845019467	one_to_one	NA	NA	1	one_to_one:1
ENSG00000267743	NA	NA	ENSMUSG00000120534;ENSMUSG00000117895;ENSMUSG00000114210	many_to_many	1	many_to_many:1
ENSG00000267755	ENSCAFG00845012813	one_to_one	NA	NA	1	one_to_one:1
ENSG00000267760	NA	NA	ENSMUSG00000093540	many_to_one	1	many_to_one:1
ENSG00000267762	NA	NA	ENSMUSG00000097712	many_to_one	1	many_to_one:1
ENSG00000267764	NA	NA	ENSMUSG00000097712	many_to_one	1	many_to_one:1
ENSG00000267774	NA	NA	ENSMUSG00000085055	many_to_one	1	many_to_one:1
ENSG00000267782	NA	NA	ENSMUSG00000086058	one_to_one	1	one_to_one:1
ENSG00000267784	NA	NA	ENSMUSG00000086354	many_to_one	1	many_to_one:1
ENSG00000267786	NA	NA	ENSMUSG00000109049	one_to_one	1	one_to_one:1
ENSG00000267811	NA	NA	ENSMUSG00000120814	many_to_one	1	many_to_one:1
ENSG00000267815	NA	NA	ENSMUSG00000070574	one_to_one	1	one_to_one:1
ENSG00000267834	NA	NA	ENSMUSG00000084892	one_to_one	1	one_to_one:1
ENSG00000267838	NA	NA	ENSMUSG00000085886	many_to_one	1	many_to_one:1
ENSG00000267868	NA	NA	ENSMUSG00000079146;ENSMUSG00000086770	many_to_many_strict	1	many_to_many_strict:1
ENSG00000267882	NA	NA	ENSMUSG00000086820;ENSMUSG00000085274	many_to_many	1	many_to_many:1
ENSG00000267892	NA	NA	ENSMUSG00000109307	one_to_one	1	one_to_one:1
ENSG00000268055	NA	NA	ENSMUSG00000097079;ENSMUSG00000109017	many_to_many_strict	1	many_to_many_strict:1
ENSG00000268129	NA	NA	ENSMUSG00000101037	one_to_one	1	one_to_one:1
ENSG00000268218	NA	NA	ENSMUSG00000099881	many_to_one	1	many_to_one:1
ENSG00000268231	ENSCAFG00845016414	one_to_one	NA	NA	1	one_to_one:1
ENSG00000268333	NA	NA	ENSMUSG00000086537	many_to_one	1	many_to_one:1
ENSG00000268364	NA	NA	ENSMUSG00000117837	one_to_one	1	one_to_one:1
ENSG00000268375	NA	NA	ENSMUSG00000101166	one_to_one	1	one_to_one:1
ENSG00000268388	NA	NA	ENSMUSG00000097336	one_to_one	1	one_to_one:1
ENSG00000268584	NA	NA	ENSMUSG00000099966	one_to_one	1	one_to_one:1
ENSG00000268659	NA	NA	ENSMUSG00000114496	many_to_one	1	many_to_one:1
ENSG00000268873	NA	NA	ENSMUSG00000114088	one_to_one	1	one_to_one:1
ENSG00000268894	NA	NA	ENSMUSG00000101079	many_to_one	1	many_to_one:1
ENSG00000268941	NA	NA	ENSMUSG00000120177	many_to_one	1	many_to_one:1
ENSG00000269054	ENSCAFG00845000661	one_to_one	NA	NA	1	one_to_one:1
ENSG00000269151	ENSCAFG00845004287	one_to_one	NA	NA	1	one_to_one:1
ENSG00000269161	NA	NA	ENSMUSG00000120970	many_to_one	1	many_to_one:1
ENSG00000269176	NA	NA	ENSMUSG00000120814	many_to_one	1	many_to_one:1
ENSG00000269189	NA	NA	ENSMUSG00000085133	one_to_one	1	one_to_one:1
ENSG00000269210	NA	NA	ENSMUSG00000066938	one_to_one	1	one_to_one:1
ENSG00000269256	NA	NA	ENSMUSG00000068680	one_to_one	1	one_to_one:1
ENSG00000269303	NA	NA	ENSMUSG00000097149;ENSMUSG00000100985	many_to_many_strict	1	many_to_many_strict:1
ENSG00000269386	NA	NA	ENSMUSG00000090952	one_to_one	1	one_to_one:1
ENSG00000269391	NA	NA	ENSMUSG00000104256	many_to_one	1	many_to_one:1
ENSG00000269439	NA	NA	ENSMUSG00000120970	many_to_one	1	many_to_one:1
ENSG00000269445	NA	NA	ENSMUSG00000097079;ENSMUSG00000109017	many_to_many_strict	1	many_to_many_strict:1
ENSG00000269707	NA	NA	ENSMUSG00000121019	one_to_one	1	one_to_one:1
ENSG00000269793	ENSCAFG00845000121	one_to_one	NA	NA	1	one_to_one:1
ENSG00000269806	NA	NA	ENSMUSG00000109984;ENSMUSG00000120250	many_to_many_strict	1	many_to_many_strict:1
ENSG00000269821	NA	NA	ENSMUSG00000101062;ENSMUSG00000101360;ENSMUSG00000101609	one_to_many	1	one_to_many:1
ENSG00000269873	NA	NA	ENSMUSG00000085886	many_to_one	1	many_to_one:1
ENSG00000269883	ENSCAFG00845006280	one_to_one	NA	NA	1	one_to_one:1
ENSG00000269893	ENSCAFG00845029601	one_to_one	ENSMUSG00000104960	one_to_one	2	one_to_one:2
ENSG00000269934	NA	NA	ENSMUSG00000072902	many_to_one	1	many_to_one:1
ENSG00000269937	NA	NA	ENSMUSG00000117523	many_to_one	1	many_to_one:1
ENSG00000269961	ENSCAFG00845010536	one_to_one	NA	NA	1	one_to_one:1
ENSG00000269978	NA	NA	ENSMUSG00000085593;ENSMUSG00000078491;ENSMUSG00000120016	many_to_many	1	many_to_many:1
ENSG00000269985	NA	NA	ENSMUSG00000114407;ENSMUSG00000114387	many_to_many_strict	1	many_to_many_strict:1
ENSG00000270008	NA	NA	ENSMUSG00000106927	one_to_one	1	one_to_one:1
ENSG00000270019	NA	NA	ENSMUSG00000121266	many_to_one	1	many_to_one:1
ENSG00000270035	NA	NA	ENSMUSG00000085593;ENSMUSG00000078491;ENSMUSG00000120016	many_to_many	1	many_to_many:1
ENSG00000270049	NA	NA	ENSMUSG00000104168	one_to_one	1	one_to_one:1
ENSG00000270076	NA	NA	ENSMUSG00000087652	one_to_one	1	one_to_one:1
ENSG00000270077	NA	NA	ENSMUSG00000120284	one_to_one	1	one_to_one:1
ENSG00000270103	NA	NA	ENSMUSG00000120711	many_to_one	1	many_to_one:1
ENSG00000270110	NA	NA	ENSMUSG00000072902	many_to_one	1	many_to_one:1
ENSG00000270112	NA	NA	ENSMUSG00000073532	one_to_one	1	one_to_one:1
ENSG00000270114	NA	NA	ENSMUSG00000086505	many_to_one	1	many_to_one:1
ENSG00000270117	ENSCAFG00845024037	many_to_one	NA	NA	1	many_to_one:1
ENSG00000270124	NA	NA	ENSMUSG00000121159;ENSMUSG00000097960	many_to_many_strict	1	many_to_many_strict:1
ENSG00000270147	NA	NA	ENSMUSG00000121495	many_to_one	1	many_to_one:1
ENSG00000270171	NA	NA	ENSMUSG00000085593;ENSMUSG00000078491;ENSMUSG00000120016	many_to_many	1	many_to_many:1
ENSG00000270174	NA	NA	ENSMUSG00000114407;ENSMUSG00000114387	many_to_many_strict	1	many_to_many_strict:1
ENSG00000270175	NA	NA	ENSMUSG00000121046	one_to_one	1	one_to_one:1
ENSG00000270277	NA	NA	ENSMUSG00000086354	many_to_one	1	many_to_one:1
ENSG00000270332	NA	NA	ENSMUSG00000085763	one_to_one	1	one_to_one:1
ENSG00000270362	NA	NA	ENSMUSG00000101144	one_to_one	1	one_to_one:1
ENSG00000270403	NA	NA	ENSMUSG00000097074	one_to_one	1	one_to_one:1
ENSG00000270412	NA	NA	ENSMUSG00000087500	one_to_one	1	one_to_one:1
ENSG00000270419	NA	NA	ENSMUSG00000099384	one_to_one	1	one_to_one:1
ENSG00000270457	NA	NA	ENSMUSG00000084939	one_to_one	1	one_to_one:1
ENSG00000270482	NA	NA	ENSMUSG00000086047	one_to_one	1	one_to_one:1
ENSG00000270487	NA	NA	ENSMUSG00000121103	many_to_one	1	many_to_one:1
ENSG00000270504	NA	NA	ENSMUSG00000086786	one_to_one	1	one_to_one:1
ENSG00000270522	NA	NA	ENSMUSG00000115244;ENSMUSG00000115363;ENSMUSG00000067973	many_to_many	1	many_to_many:1
ENSG00000270540	NA	NA	ENSMUSG00000100850	many_to_one	1	many_to_one:1
ENSG00000270557	NA	NA	ENSMUSG00000086129	many_to_one	1	many_to_one:1
ENSG00000270574	NA	NA	ENSMUSG00000086354	many_to_one	1	many_to_one:1
ENSG00000270605	NA	NA	ENSMUSG00000087352	many_to_one	1	many_to_one:1
ENSG00000270607	NA	NA	ENSMUSG00000108950;ENSMUSG00000110093	many_to_many	1	many_to_many:1
ENSG00000270661	ENSCAFG00845020639	many_to_one	NA	NA	1	many_to_one:1
ENSG00000270755	NA	NA	ENSMUSG00000121206	many_to_one	1	many_to_one:1
ENSG00000270760	NA	NA	ENSMUSG00000097817	one_to_one	1	one_to_one:1
ENSG00000270823	NA	NA	ENSMUSG00000107825	many_to_one	1	many_to_one:1
ENSG00000270919	ENSCAFG00845004944	many_to_one	ENSMUSG00000109341	many_to_one	2	many_to_one:2
ENSG00000270951	NA	NA	ENSMUSG00000086537	many_to_one	1	many_to_one:1
ENSG00000270953	NA	NA	ENSMUSG00000121179	many_to_one	1	many_to_one:1
ENSG00000270956	NA	NA	ENSMUSG00000086354	many_to_one	1	many_to_one:1
ENSG00000270959	NA	NA	ENSMUSG00000119959	many_to_one	1	many_to_one:1
ENSG00000270996	NA	NA	ENSMUSG00000101404	many_to_one	1	many_to_one:1
ENSG00000271009	NA	NA	ENSMUSG00000093697;ENSMUSG00000109868;ENSMUSG00000110613;ENSMUSG00000120938	many_to_many	1	many_to_many:1
ENSG00000271011	NA	NA	ENSMUSG00000086354	many_to_one	1	many_to_one:1
ENSG00000271032	NA	NA	ENSMUSG00000097149;ENSMUSG00000100985	many_to_many_strict	1	many_to_many_strict:1
ENSG00000271046	NA	NA	ENSMUSG00000087485	one_to_one	1	one_to_one:1
ENSG00000271122	NA	NA	ENSMUSG00000100002	one_to_one	1	one_to_one:1
ENSG00000271141	NA	NA	ENSMUSG00000086354	many_to_one	1	many_to_one:1
ENSG00000271151	NA	NA	ENSMUSG00000063714	many_to_one	1	many_to_one:1
ENSG00000271155	ENSCAFG00845003833	many_to_one	ENSMUSG00000113459	many_to_one	2	many_to_one:2
ENSG00000271200	NA	NA	ENSMUSG00000120805	one_to_one	1	one_to_one:1
ENSG00000271208	ENSCAFG00845020639	many_to_one	NA	NA	1	many_to_one:1
ENSG00000271218	NA	NA	ENSMUSG00000099094	many_to_one	1	many_to_one:1
ENSG00000271259	NA	NA	ENSMUSG00000120093;ENSMUSG00000112902	many_to_many_strict	1	many_to_many_strict:1
ENSG00000271265	NA	NA	ENSMUSG00000121103	many_to_one	1	many_to_one:1
ENSG00000271270	NA	NA	ENSMUSG00000121085;ENSMUSG00000092625	one_to_many	1	one_to_many:1
ENSG00000271314	ENSCAFG00845003833	many_to_one	ENSMUSG00000113459	many_to_one	2	many_to_one:2
ENSG00000271320	NA	NA	ENSMUSG00000086129	many_to_one	1	many_to_one:1
ENSG00000271327	NA	NA	ENSMUSG00000120093;ENSMUSG00000112902	many_to_many_strict	1	many_to_many_strict:1
ENSG00000271360	NA	NA	ENSMUSG00000085716	one_to_one	1	one_to_one:1
ENSG00000271382	ENSCAFG00845021449	one_to_one	ENSMUSG00000112481;ENSMUSG00000112501	one_to_many	2	one_to_many:1;one_to_one:1
ENSG00000271384	NA	NA	ENSMUSG00000090232	one_to_one	1	one_to_one:1
ENSG00000271387	NA	NA	ENSMUSG00000100685	one_to_one	1	one_to_one:1
ENSG00000271398	ENSCAFG00845010655	one_to_one	NA	NA	1	one_to_one:1
ENSG00000271401	NA	NA	ENSMUSG00000086354	many_to_one	1	many_to_one:1
ENSG00000271427	ENSCAFG00845029475	one_to_one	NA	NA	1	one_to_one:1
ENSG00000271434	NA	NA	ENSMUSG00000087657	one_to_one	1	one_to_one:1
ENSG00000271474	NA	NA	ENSMUSG00000089737;ENSMUSG00000089924	one_to_many	1	one_to_many:1
ENSG00000271533	ENSCAFG00845029920	many_to_one	ENSMUSG00000086370	many_to_one	2	many_to_one:2
ENSG00000271551	NA	NA	ENSMUSG00000121103	many_to_one	1	many_to_one:1
ENSG00000271555	NA	NA	ENSMUSG00000090031	many_to_one	1	many_to_one:1
ENSG00000271646	NA	NA	ENSMUSG00000110374;ENSMUSG00000097534;ENSMUSG00000109751	many_to_many	1	many_to_many:1
ENSG00000271659	ENSCAFG00845003833	many_to_one	ENSMUSG00000113459	many_to_one	2	many_to_one:2
ENSG00000271709	NA	NA	ENSMUSG00000097408	one_to_one	1	one_to_one:1
ENSG00000271717	ENSCAFG00845029620	one_to_one	NA	NA	1	one_to_one:1
ENSG00000271725	NA	NA	ENSMUSG00000085080	one_to_one	1	one_to_one:1
ENSG00000271737	NA	NA	ENSMUSG00000119956	one_to_one	1	one_to_one:1
ENSG00000271742	NA	NA	ENSMUSG00000120187	one_to_one	1	one_to_one:1
ENSG00000271743	NA	NA	ENSMUSG00000087300	many_to_one	1	many_to_one:1
ENSG00000271755	ENSCAFG00845015541	one_to_one	NA	NA	1	one_to_one:1
ENSG00000271763	NA	NA	ENSMUSG00000074067	one_to_one	1	one_to_one:1
ENSG00000271766	NA	NA	ENSMUSG00000118343	one_to_one	1	one_to_one:1
ENSG00000271781	NA	NA	ENSMUSG00000085881	many_to_one	1	many_to_one:1
ENSG00000271789	ENSCAFG00845016803	one_to_one	NA	NA	1	one_to_one:1
ENSG00000271792	NA	NA	ENSMUSG00000118122;ENSMUSG00000118347	one_to_many	1	one_to_many:1
ENSG00000271806	NA	NA	ENSMUSG00000098729	many_to_one	1	many_to_one:1
ENSG00000271820	NA	NA	ENSMUSG00000116851	many_to_one	1	many_to_one:1
ENSG00000271825	NA	NA	ENSMUSG00000087222	many_to_one	1	many_to_one:1
ENSG00000271849	ENSCAFG00845000171	one_to_one	ENSMUSG00000091160	one_to_one	2	one_to_one:2
ENSG00000271855	NA	NA	ENSMUSG00000116819	many_to_one	1	many_to_one:1
ENSG00000271857	NA	NA	ENSMUSG00000089849;ENSMUSG00000073394;ENSMUSG00000090048	many_to_many	1	many_to_many:1
ENSG00000271858	NA	NA	ENSMUSG00000091816;ENSMUSG00000091425	one_to_many	1	one_to_many:1
ENSG00000271874	NA	NA	ENSMUSG00000096971;ENSMUSG00000115667	many_to_many_strict	1	many_to_many_strict:1
ENSG00000271882	NA	NA	ENSMUSG00000097259	one_to_one	1	one_to_one:1
ENSG00000271892	ENSCAFG00845003316	many_to_one	ENSMUSG00000115729;ENSMUSG00000056089	many_to_many_strict	2	many_to_many_strict:1;many_to_one:1
ENSG00000271897	NA	NA	ENSMUSG00000054258	one_to_one	1	one_to_one:1
ENSG00000271916	NA	NA	ENSMUSG00000118437	one_to_one	1	one_to_one:1
ENSG00000271918	NA	NA	ENSMUSG00000117588	many_to_one	1	many_to_one:1
ENSG00000271926	NA	NA	ENSMUSG00000114458	many_to_one	1	many_to_one:1
ENSG00000271969	NA	NA	ENSMUSG00000087327	many_to_one	1	many_to_one:1
ENSG00000271983	NA	NA	ENSMUSG00000097016	one_to_one	1	one_to_one:1
ENSG00000271993	ENSCAFG00845028180	many_to_one	NA	NA	1	many_to_one:1
ENSG00000271996	NA	NA	ENSMUSG00000087222	many_to_one	1	many_to_one:1
ENSG00000272004	NA	NA	ENSMUSG00000086682	one_to_one	1	one_to_one:1
ENSG00000272037	NA	NA	ENSMUSG00000115771	one_to_one	1	one_to_one:1
ENSG00000272050	ENSCAFG00845017267	one_to_one	ENSMUSG00000056061	one_to_one	2	one_to_one:2
ENSG00000272057	NA	NA	ENSMUSG00000115138	many_to_one	1	many_to_one:1
ENSG00000272081	NA	NA	ENSMUSG00000114458	many_to_one	1	many_to_one:1
ENSG00000272094	ENSCAFG00845016890	one_to_one	NA	NA	1	one_to_one:1
ENSG00000272103	NA	NA	ENSMUSG00000115591;ENSMUSG00000115480	one_to_many	1	one_to_many:1
ENSG00000272106	ENSCAFG00845015381	one_to_one	NA	NA	1	one_to_one:1
ENSG00000272108	ENSCAFG00845002889	one_to_one	NA	NA	1	one_to_one:1
ENSG00000272114	ENSCAFG00845010449	one_to_one	NA	NA	1	one_to_one:1
ENSG00000272128	ENSCAFG00845013455	many_to_one	NA	NA	1	many_to_one:1
ENSG00000272141	NA	NA	ENSMUSG00000086549	one_to_one	1	one_to_one:1
ENSG00000272142	NA	NA	ENSMUSG00000114270	one_to_one	1	one_to_one:1
ENSG00000272143	NA	NA	ENSMUSG00000099994;ENSMUSG00000101445	many_to_many	1	many_to_many:1
ENSG00000272159	NA	NA	ENSMUSG00000043794	one_to_one	1	one_to_one:1
ENSG00000272167	ENSCAFG00845001588	many_to_one	ENSMUSG00000119953;ENSMUSG00000079045;ENSMUSG00000099404	many_to_many_strict	2	many_to_many_strict:1;many_to_one:1
ENSG00000272183	ENSCAFG00845018844	one_to_one	NA	NA	1	one_to_one:1
ENSG00000272189	NA	NA	ENSMUSG00000110754	one_to_one	1	one_to_one:1
ENSG00000272192	NA	NA	ENSMUSG00000087108	one_to_one	1	one_to_one:1
ENSG00000272205	NA	NA	ENSMUSG00000097196	one_to_one	1	one_to_one:1
ENSG00000272211	ENSCAFG00845022375	one_to_one	NA	NA	1	one_to_one:1
ENSG00000272226	NA	NA	ENSMUSG00000085377	many_to_one	1	many_to_one:1
ENSG00000272235	NA	NA	ENSMUSG00000084987;ENSMUSG00000086565;ENSMUSG00000120023;ENSMUSG00000097871;ENSMUSG00000085069	many_to_many_strict	1	many_to_many_strict:1
ENSG00000272255	NA	NA	ENSMUSG00000100320	many_to_one	1	many_to_one:1
ENSG00000272267	NA	NA	ENSMUSG00000054247	one_to_one	1	one_to_one:1
ENSG00000272269	NA	NA	ENSMUSG00000120329	one_to_one	1	one_to_one:1
ENSG00000272274	ENSCAFG00845028123	one_to_one	NA	NA	1	one_to_one:1
ENSG00000272282	NA	NA	ENSMUSG00000110692	one_to_one	1	one_to_one:1
ENSG00000272320	ENSCAFG00845018048	one_to_one	NA	NA	1	one_to_one:1
ENSG00000272341	NA	NA	ENSMUSG00000113987;ENSMUSG00000114131;ENSMUSG00000038152	many_to_many	1	many_to_many:1
ENSG00000272372	NA	NA	ENSMUSG00000097520	many_to_one	1	many_to_one:1
ENSG00000272381	ENSCAFG00845010484;ENSCAFG00845010519;ENSCAFG00845010508;ENSCAFG00845010528;ENSCAFG00845010497	one_to_many	NA	NA	1	one_to_many:1
ENSG00000272384	NA	NA	ENSMUSG00000047807;ENSMUSG00000090002	one_to_many	1	one_to_many:1
ENSG00000272438	ENSCAFG00845019165;ENSCAFG00845019155;ENSCAFG00845019136	many_to_many	NA	NA	1	many_to_many:1
ENSG00000272449	NA	NA	ENSMUSG00000092483	one_to_one	1	one_to_one:1
ENSG00000272457	NA	NA	ENSMUSG00000085623	one_to_one	1	one_to_one:1
ENSG00000272461	ENSCAFG00845002299	many_to_one	NA	NA	1	many_to_one:1
ENSG00000272463	NA	NA	ENSMUSG00000114161	many_to_one	1	many_to_one:1
ENSG00000272476	NA	NA	ENSMUSG00000086428	one_to_one	1	one_to_one:1
ENSG00000272479	ENSCAFG00845009050;ENSCAFG00845009060	one_to_many	ENSMUSG00000109419;ENSMUSG00000053979	one_to_many	2	one_to_many:2
ENSG00000272485	NA	NA	ENSMUSG00000114161	many_to_one	1	many_to_one:1
ENSG00000272515	ENSCAFG00845006737	one_to_one	NA	NA	1	one_to_one:1
ENSG00000272525	NA	NA	ENSMUSG00000048603	one_to_one	1	one_to_one:1
ENSG00000272529	NA	NA	ENSMUSG00000117117	many_to_one	1	many_to_one:1
ENSG00000272537	NA	NA	ENSMUSG00000091007	many_to_one	1	many_to_one:1
ENSG00000272545	NA	NA	ENSMUSG00000098534	many_to_one	1	many_to_one:1
ENSG00000272564	NA	NA	ENSMUSG00000108709	many_to_one	1	many_to_one:1
ENSG00000272592	NA	NA	ENSMUSG00000112793	one_to_one	1	one_to_one:1
ENSG00000272606	NA	NA	ENSMUSG00000086725	one_to_one	1	one_to_one:1
ENSG00000272609	NA	NA	ENSMUSG00000089655	one_to_one	1	one_to_one:1
ENSG00000272631	NA	NA	ENSMUSG00000090779	one_to_one	1	one_to_one:1
ENSG00000272656	NA	NA	ENSMUSG00000102861	many_to_one	1	many_to_one:1
ENSG00000272657	ENSCAFG00845025710	one_to_one	NA	NA	1	one_to_one:1
ENSG00000272662	NA	NA	ENSMUSG00000120288	one_to_one	1	one_to_one:1
ENSG00000272666	ENSCAFG00845027757	many_to_one	NA	NA	1	many_to_one:1
ENSG00000272669	NA	NA	ENSMUSG00000089796;ENSMUSG00000087543	many_to_many	1	many_to_many:1
ENSG00000272677	NA	NA	ENSMUSG00000091623	one_to_one	1	one_to_one:1
ENSG00000272694	NA	NA	ENSMUSG00000116260	one_to_one	1	one_to_one:1
ENSG00000272699	NA	NA	ENSMUSG00000102862	many_to_one	1	many_to_one:1
ENSG00000272701	NA	NA	ENSMUSG00000107825	many_to_one	1	many_to_one:1
ENSG00000272711	NA	NA	ENSMUSG00000090293	one_to_one	1	one_to_one:1
ENSG00000272717	NA	NA	ENSMUSG00000097885	many_to_one	1	many_to_one:1
ENSG00000272729	NA	NA	ENSMUSG00000052371	many_to_one	1	many_to_one:1
ENSG00000272745	ENSCAFG00845022986	one_to_one	NA	NA	1	one_to_one:1
ENSG00000272750	NA	NA	ENSMUSG00000121189	one_to_one	1	one_to_one:1
ENSG00000272760	ENSCAFG00845012942;ENSCAFG00845012921	many_to_many	ENSMUSG00000120915	many_to_one	2	many_to_many:1;many_to_one:1
ENSG00000272768	NA	NA	ENSMUSG00000086839	one_to_one	1	one_to_one:1
ENSG00000272789	NA	NA	ENSMUSG00000084824	one_to_one	1	one_to_one:1
ENSG00000272799	ENSCAFG00845004685	one_to_one	NA	NA	1	one_to_one:1
ENSG00000272814	NA	NA	ENSMUSG00000085287;ENSMUSG00000089701;ENSMUSG00000089755	many_to_many	1	many_to_many:1
ENSG00000272831	NA	NA	ENSMUSG00000119946	one_to_one	1	one_to_one:1
ENSG00000272834	NA	NA	ENSMUSG00000047938	many_to_one	1	many_to_one:1
ENSG00000272839	NA	NA	ENSMUSG00000099907	many_to_one	1	many_to_one:1
ENSG00000272841	NA	NA	ENSMUSG00000097350	one_to_one	1	one_to_one:1
ENSG00000272842	ENSCAFG00845014275	many_to_one	NA	NA	1	many_to_one:1
ENSG00000272844	ENSCAFG00845029687	one_to_one	NA	NA	1	one_to_one:1
ENSG00000272849	NA	NA	ENSMUSG00000104156	many_to_one	1	many_to_one:1
ENSG00000272851	NA	NA	ENSMUSG00000087213	one_to_one	1	one_to_one:1
ENSG00000272853	NA	NA	ENSMUSG00000085043	one_to_one	1	one_to_one:1
ENSG00000272865	NA	NA	ENSMUSG00000104157	many_to_one	1	many_to_one:1
ENSG00000272870	NA	NA	ENSMUSG00000096917	one_to_one	1	one_to_one:1
ENSG00000272888	NA	NA	ENSMUSG00000101970	one_to_one	1	one_to_one:1
ENSG00000272894	ENSCAFG00845022704	one_to_one	NA	NA	1	one_to_one:1
ENSG00000272895	NA	NA	ENSMUSG00000085857	many_to_one	1	many_to_one:1
ENSG00000272905	ENSCAFG00845023072	one_to_one	NA	NA	1	one_to_one:1
ENSG00000272909	NA	NA	ENSMUSG00000112784;ENSMUSG00000112274	many_to_many_strict	1	many_to_many_strict:1
ENSG00000272918	NA	NA	ENSMUSG00000073147	many_to_one	1	many_to_one:1
ENSG00000272940	ENSCAFG00845027295	many_to_one	ENSMUSG00000079242	many_to_one	2	many_to_one:2
ENSG00000272944	NA	NA	ENSMUSG00000101849	one_to_one	1	one_to_one:1
ENSG00000272948	NA	NA	ENSMUSG00000120258	one_to_one	1	one_to_one:1
ENSG00000272953	NA	NA	ENSMUSG00000119945;ENSMUSG00000120304;ENSMUSG00000119979	many_to_many	1	many_to_many:1
ENSG00000272967	NA	NA	ENSMUSG00000097576	one_to_one	1	one_to_one:1
ENSG00000272969	NA	NA	ENSMUSG00000098449	one_to_one	1	one_to_one:1
ENSG00000272986	NA	NA	ENSMUSG00000120316	one_to_one	1	one_to_one:1
ENSG00000272990	NA	NA	ENSMUSG00000104093;ENSMUSG00000090120	many_to_many	1	many_to_many:1
ENSG00000272991	NA	NA	ENSMUSG00000117289;ENSMUSG00000085884	many_to_many	1	many_to_many:1
ENSG00000272995	NA	NA	ENSMUSG00000093502	many_to_one	1	many_to_one:1
ENSG00000273002	NA	NA	ENSMUSG00000093390	many_to_one	1	many_to_one:1
ENSG00000273004	NA	NA	ENSMUSG00000100954	one_to_one	1	one_to_one:1
ENSG00000273006	ENSCAFG00845020563	one_to_one	ENSMUSG00000117426;ENSMUSG00000117616	one_to_many	2	one_to_many:1;one_to_one:1
ENSG00000273007	NA	NA	ENSMUSG00000054779	one_to_one	1	one_to_one:1
ENSG00000273010	ENSCAFG00845001745	one_to_one	ENSMUSG00000120716	one_to_one	2	one_to_one:2
ENSG00000273015	NA	NA	ENSMUSG00000097536	many_to_one	1	many_to_one:1
ENSG00000273044	NA	NA	ENSMUSG00000110693	one_to_one	1	one_to_one:1
ENSG00000273062	NA	NA	ENSMUSG00000101905	one_to_one	1	one_to_one:1
ENSG00000273063	NA	NA	ENSMUSG00000120289	one_to_one	1	one_to_one:1
ENSG00000273076	NA	NA	ENSMUSG00000089796;ENSMUSG00000087543	many_to_many	1	many_to_many:1
ENSG00000273090	NA	NA	ENSMUSG00000117648	many_to_one	1	many_to_one:1
ENSG00000273091	NA	NA	ENSMUSG00000120905	one_to_one	1	one_to_one:1
ENSG00000273093	NA	NA	ENSMUSG00000097113;ENSMUSG00000097448	one_to_many	1	one_to_many:1
ENSG00000273115	ENSCAFG00845017712	one_to_one	NA	NA	1	one_to_one:1
ENSG00000273117	NA	NA	ENSMUSG00000097673	one_to_one	1	one_to_one:1
ENSG00000273123	NA	NA	ENSMUSG00000100593;ENSMUSG00000116665	many_to_many	1	many_to_many:1
ENSG00000273129	NA	NA	ENSMUSG00000097028	one_to_one	1	one_to_one:1
ENSG00000273143	NA	NA	ENSMUSG00000118210	one_to_one	1	one_to_one:1
ENSG00000273145	NA	NA	ENSMUSG00000116305;ENSMUSG00000116004;ENSMUSG00000120923	many_to_many_strict	1	many_to_many_strict:1
ENSG00000273149	ENSCAFG00845009220	one_to_one	NA	NA	1	one_to_one:1
ENSG00000273160	NA	NA	ENSMUSG00000089829	many_to_one	1	many_to_one:1
ENSG00000273162	NA	NA	ENSMUSG00000120787	many_to_one	1	many_to_one:1
ENSG00000273176	NA	NA	ENSMUSG00000110433	one_to_one	1	one_to_one:1
ENSG00000273183	ENSCAFG00845012942;ENSCAFG00845012921	many_to_many	ENSMUSG00000120915	many_to_one	2	many_to_many:1;many_to_one:1
ENSG00000273188	NA	NA	ENSMUSG00000087331	one_to_one	1	one_to_one:1
ENSG00000273199	NA	NA	ENSMUSG00000116927	one_to_one	1	one_to_one:1
ENSG00000273232	NA	NA	ENSMUSG00000117634	many_to_one	1	many_to_one:1
ENSG00000273272	ENSCAFG00845027746	one_to_one	NA	NA	1	one_to_one:1
ENSG00000273289	NA	NA	ENSMUSG00000116305;ENSMUSG00000116004;ENSMUSG00000120923	many_to_many_strict	1	many_to_many_strict:1
ENSG00000273293	NA	NA	ENSMUSG00000097716	many_to_one	1	many_to_one:1
ENSG00000273306	NA	NA	ENSMUSG00000102716	one_to_one	1	one_to_one:1
ENSG00000273321	NA	NA	ENSMUSG00000117494	many_to_one	1	many_to_one:1
ENSG00000273329	NA	NA	ENSMUSG00000120456	one_to_one	1	one_to_one:1
ENSG00000273335	NA	NA	ENSMUSG00000117250;ENSMUSG00000117335	one_to_many	1	one_to_many:1
ENSG00000273338	NA	NA	ENSMUSG00000105698	many_to_one	1	many_to_one:1
ENSG00000273344	ENSCAFG00845012942;ENSCAFG00845012921	many_to_many	ENSMUSG00000120915	many_to_one	2	many_to_many:1;many_to_one:1
ENSG00000273355	NA	NA	ENSMUSG00000085234	many_to_one	1	many_to_one:1
ENSG00000273384	NA	NA	ENSMUSG00000101768	one_to_one	1	one_to_one:1
ENSG00000273387	NA	NA	ENSMUSG00000084962;ENSMUSG00000087291	one_to_many	1	one_to_many:1
ENSG00000273449	NA	NA	ENSMUSG00000086156;ENSMUSG00000085109	one_to_many	1	one_to_many:1
ENSG00000273450	NA	NA	ENSMUSG00000101079	many_to_one	1	many_to_one:1
ENSG00000273456	NA	NA	ENSMUSG00000119961	one_to_one	1	one_to_one:1
ENSG00000273474	NA	NA	ENSMUSG00000087355;ENSMUSG00000086018;ENSMUSG00000086874;ENSMUSG00000084859	many_to_many	1	many_to_many:1
ENSG00000273481	NA	NA	ENSMUSG00000084846;ENSMUSG00000086288	one_to_many	1	one_to_many:1
ENSG00000273492	ENSCAFG00845017653	many_to_one	ENSMUSG00000115469;ENSMUSG00000114988;ENSMUSG00000115518	many_to_many_strict	2	many_to_many_strict:1;many_to_one:1
ENSG00000273521	NA	NA	ENSMUSG00000109881	many_to_one	1	many_to_one:1
ENSG00000273565	NA	NA	ENSMUSG00000113488	one_to_one	1	one_to_one:1
ENSG00000273576	ENSCAFG00845012720	one_to_one	NA	NA	1	one_to_one:1
ENSG00000273599	NA	NA	ENSMUSG00000109816	many_to_one	1	many_to_one:1
ENSG00000273619	ENSCAFG00845016906	one_to_one	NA	NA	1	one_to_one:1
ENSG00000273664	NA	NA	ENSMUSG00000085055	many_to_one	1	many_to_one:1
ENSG00000273680	NA	NA	ENSMUSG00000089948;ENSMUSG00000086777	many_to_many	1	many_to_many:1
ENSG00000273691	ENSCAFG00845000870	one_to_one	NA	NA	1	one_to_one:1
ENSG00000273702	NA	NA	ENSMUSG00000120202	one_to_one	1	one_to_one:1
ENSG00000273783	NA	NA	ENSMUSG00000120869	one_to_one	1	one_to_one:1
ENSG00000273797	ENSCAFG00845004167	one_to_one	NA	NA	1	one_to_one:1
ENSG00000273812	ENSCAFG00845017452;ENSCAFG00845017408;ENSCAFG00845017427	many_to_many	NA	NA	1	many_to_many:1
ENSG00000273824	ENSCAFG00845013863	one_to_one	ENSMUSG00000112470	one_to_one	2	one_to_one:2
ENSG00000273890	NA	NA	ENSMUSG00000097372	one_to_one	1	one_to_one:1
ENSG00000273958	NA	NA	ENSMUSG00000086648	many_to_one	1	many_to_one:1
ENSG00000273982	NA	NA	ENSMUSG00000085514;ENSMUSG00000086199	many_to_many	1	many_to_many:1
ENSG00000273987	ENSCAFG00845025685	one_to_one	NA	NA	1	one_to_one:1
ENSG00000274015	NA	NA	ENSMUSG00000120709	many_to_one	1	many_to_one:1
ENSG00000274021	NA	NA	ENSMUSG00000120503	one_to_one	1	one_to_one:1
ENSG00000274023	ENSCAFG00845001284	one_to_one	NA	NA	1	one_to_one:1
ENSG00000274092	NA	NA	ENSMUSG00000108524	one_to_one	1	one_to_one:1
ENSG00000274105	NA	NA	ENSMUSG00000115923	many_to_one	1	many_to_one:1
ENSG00000274259	NA	NA	ENSMUSG00000118007	one_to_one	1	one_to_one:1
ENSG00000274292	NA	NA	ENSMUSG00000104156	many_to_one	1	many_to_one:1
ENSG00000274315	NA	NA	ENSMUSG00000089948;ENSMUSG00000086777	many_to_many	1	many_to_many:1
ENSG00000274340	NA	NA	ENSMUSG00000111412	many_to_one	1	many_to_one:1
ENSG00000274387	NA	NA	ENSMUSG00000121205	many_to_one	1	many_to_one:1
ENSG00000274415	NA	NA	ENSMUSG00000105385	many_to_one	1	many_to_one:1
ENSG00000274444	ENSCAFG00845025573	one_to_one	NA	NA	1	one_to_one:1
ENSG00000274528	NA	NA	ENSMUSG00000097021	many_to_one	1	many_to_one:1
ENSG00000274536	NA	NA	ENSMUSG00000078122	one_to_one	1	one_to_one:1
ENSG00000274554	NA	NA	ENSMUSG00000029360	many_to_one	1	many_to_one:1
ENSG00000274578	ENSCAFG00845012058	one_to_one	NA	NA	1	one_to_one:1
ENSG00000274682	NA	NA	ENSMUSG00000097068	one_to_one	1	one_to_one:1
ENSG00000274698	NA	NA	ENSMUSG00000074113	many_to_one	1	many_to_one:1
ENSG00000274765	ENSCAFG00845028556	many_to_one	NA	NA	1	many_to_one:1
ENSG00000274828	ENSCAFG00845000055	many_to_one	ENSMUSG00000120406;ENSMUSG00000118070	many_to_many	2	many_to_many:1;many_to_one:1
ENSG00000274833	ENSCAFG00845010811	many_to_one	NA	NA	1	many_to_one:1
ENSG00000274859	NA	NA	ENSMUSG00000097163;ENSMUSG00000072688	one_to_many	1	one_to_many:1
ENSG00000274895	ENSCAFG00845001588	many_to_one	ENSMUSG00000119953;ENSMUSG00000079045;ENSMUSG00000099404	many_to_many_strict	2	many_to_many_strict:1;many_to_one:1
ENSG00000274922	NA	NA	ENSMUSG00000084780	many_to_one	1	many_to_one:1
ENSG00000274925	ENSCAFG00845000388	many_to_one	NA	NA	1	many_to_one:1
ENSG00000274964	NA	NA	ENSMUSG00000096299	many_to_one	1	many_to_one:1
ENSG00000274987	NA	NA	ENSMUSG00000086013	many_to_one	1	many_to_one:1
ENSG00000275005	NA	NA	ENSMUSG00000109722;ENSMUSG00000109847	many_to_many	1	many_to_many:1
ENSG00000275025	NA	NA	ENSMUSG00000087630	many_to_one	1	many_to_one:1
ENSG00000275091	NA	NA	ENSMUSG00000056753	one_to_one	1	one_to_one:1
ENSG00000275097	NA	NA	ENSMUSG00000108258	one_to_one	1	one_to_one:1
ENSG00000275162	ENSCAFG00845014357	one_to_one	NA	NA	1	one_to_one:1
ENSG00000275186	NA	NA	ENSMUSG00000118265	many_to_one	1	many_to_one:1
ENSG00000275197	NA	NA	ENSMUSG00000086013	many_to_one	1	many_to_one:1
ENSG00000275198	NA	NA	ENSMUSG00000072884	one_to_one	1	one_to_one:1
ENSG00000275202	NA	NA	ENSMUSG00000090216	one_to_one	1	one_to_one:1
ENSG00000275216	NA	NA	ENSMUSG00000109503;ENSMUSG00000109067;ENSMUSG00000109432;ENSMUSG00000108997	many_to_many	1	many_to_many:1
ENSG00000275234	NA	NA	ENSMUSG00000119983	one_to_one	1	one_to_one:1
ENSG00000275248	NA	NA	ENSMUSG00000108847	one_to_one	1	one_to_one:1
ENSG00000275278	NA	NA	ENSMUSG00000089948;ENSMUSG00000086777	many_to_many	1	many_to_many:1
ENSG00000275322	NA	NA	ENSMUSG00000109364	one_to_one	1	one_to_one:1
ENSG00000275327	NA	NA	ENSMUSG00000109722;ENSMUSG00000109847	many_to_many	1	many_to_many:1
ENSG00000275329	NA	NA	ENSMUSG00000087595	one_to_one	1	one_to_one:1
ENSG00000275418	NA	NA	ENSMUSG00000118078	one_to_one	1	one_to_one:1
ENSG00000275427	NA	NA	ENSMUSG00000084945	many_to_one	1	many_to_one:1
ENSG00000275441	NA	NA	ENSMUSG00000066175	one_to_one	1	one_to_one:1
ENSG00000275443	NA	NA	ENSMUSG00000108869;ENSMUSG00000101559	many_to_many	1	many_to_many:1
ENSG00000275445	NA	NA	ENSMUSG00000097343	one_to_one	1	one_to_one:1
ENSG00000275476	NA	NA	ENSMUSG00000089948;ENSMUSG00000086777	many_to_many	1	many_to_many:1
ENSG00000275481	NA	NA	ENSMUSG00000120767	one_to_one	1	one_to_one:1
ENSG00000275512	ENSCAFG00845004860	one_to_one	NA	NA	1	one_to_one:1
ENSG00000275516	NA	NA	ENSMUSG00000087404	many_to_one	1	many_to_one:1
ENSG00000275532	NA	NA	ENSMUSG00000085586	many_to_one	1	many_to_one:1
ENSG00000275569	ENSCAFG00845016539	one_to_one	NA	NA	1	one_to_one:1
ENSG00000275620	NA	NA	ENSMUSG00000087293	one_to_one	1	one_to_one:1
ENSG00000275665	NA	NA	ENSMUSG00000085586	many_to_one	1	many_to_one:1
ENSG00000275709	NA	NA	ENSMUSG00000085633	one_to_one	1	one_to_one:1
ENSG00000275720	NA	NA	ENSMUSG00000085044;ENSMUSG00000087407	many_to_many_strict	1	many_to_many_strict:1
ENSG00000275741	NA	NA	ENSMUSG00000096938	one_to_one	1	one_to_one:1
ENSG00000275763	ENSCAFG00845000571;ENSCAFG00845000566	many_to_many	ENSMUSG00000118339	many_to_one	2	many_to_many:1;many_to_one:1
ENSG00000275830	NA	NA	ENSMUSG00000109029	many_to_one	1	many_to_one:1
ENSG00000275854	NA	NA	ENSMUSG00000115923	many_to_one	1	many_to_one:1
ENSG00000275857	NA	NA	ENSMUSG00000108617	one_to_one	1	one_to_one:1
ENSG00000275874	ENSCAFG00845021920	many_to_one	ENSMUSG00000112818	many_to_one	2	many_to_one:2
ENSG00000275888	NA	NA	ENSMUSG00000100629;ENSMUSG00000120010	many_to_many_strict	1	many_to_many_strict:1
ENSG00000275964	NA	NA	ENSMUSG00000100017	many_to_one	1	many_to_one:1
ENSG00000275995	NA	NA	ENSMUSG00000094841	many_to_one	1	many_to_one:1
ENSG00000276012	NA	NA	ENSMUSG00000099994;ENSMUSG00000101445	many_to_many	1	many_to_many:1
ENSG00000276063	NA	NA	ENSMUSG00000112278	many_to_one	1	many_to_one:1
ENSG00000276101	NA	NA	ENSMUSG00000085636	one_to_one	1	one_to_one:1
ENSG00000276115	NA	NA	ENSMUSG00000096299	many_to_one	1	many_to_one:1
ENSG00000276116	NA	NA	ENSMUSG00000112150	one_to_one	1	one_to_one:1
ENSG00000276131	NA	NA	ENSMUSG00000110483	many_to_one	1	many_to_one:1
ENSG00000276148	NA	NA	ENSMUSG00000115923	many_to_one	1	many_to_one:1
ENSG00000276166	NA	NA	ENSMUSG00000110428;ENSMUSG00000110517;ENSMUSG00000110475	many_to_many	1	many_to_many:1
ENSG00000276170	NA	NA	ENSMUSG00000047988	one_to_one	1	one_to_one:1
ENSG00000276317	NA	NA	ENSMUSG00000121267	many_to_one	1	many_to_one:1
ENSG00000276407	NA	NA	ENSMUSG00000097184	many_to_one	1	many_to_one:1
ENSG00000276434	NA	NA	ENSMUSG00000120359	one_to_one	1	one_to_one:1
ENSG00000276454	NA	NA	ENSMUSG00000120469	many_to_one	1	many_to_one:1
ENSG00000276487	NA	NA	ENSMUSG00000104778	one_to_one	1	one_to_one:1
ENSG00000276488	NA	NA	ENSMUSG00000120872	one_to_one	1	one_to_one:1
ENSG00000276508	NA	NA	ENSMUSG00000085044;ENSMUSG00000087407	many_to_many_strict	1	many_to_many_strict:1
ENSG00000276523	ENSCAFG00845023863	one_to_one	NA	NA	1	one_to_one:1
ENSG00000276651	NA	NA	ENSMUSG00000086387	one_to_one	1	one_to_one:1
ENSG00000276688	NA	NA	ENSMUSG00000027345	one_to_one	1	one_to_one:1
ENSG00000276707	NA	NA	ENSMUSG00000087211	many_to_one	1	many_to_one:1
ENSG00000276900	ENSCAFG00845018451	one_to_one	NA	NA	1	one_to_one:1
ENSG00000276957	NA	NA	ENSMUSG00000120105	one_to_one	1	one_to_one:1
ENSG00000276997	NA	NA	ENSMUSG00000103451	many_to_one	1	many_to_one:1
ENSG00000277007	ENSCAFG00845028380	many_to_one	NA	NA	1	many_to_one:1
ENSG00000277020	NA	NA	ENSMUSG00000086486	one_to_one	1	one_to_one:1
ENSG00000277022	ENSCAFG00845014620	one_to_one	NA	NA	1	one_to_one:1
ENSG00000277142	NA	NA	ENSMUSG00000097523	many_to_one	1	many_to_one:1
ENSG00000277151	NA	NA	ENSMUSG00000107048	one_to_one	1	one_to_one:1
ENSG00000277152	ENSCAFG00845016520	one_to_one	ENSMUSG00000111058	one_to_one	2	one_to_one:2
ENSG00000277159	NA	NA	ENSMUSG00000074469	one_to_one	1	one_to_one:1
ENSG00000277214	NA	NA	ENSMUSG00000086717	one_to_one	1	one_to_one:1
ENSG00000277245	NA	NA	ENSMUSG00000098778	one_to_one	1	one_to_one:1
ENSG00000277268	NA	NA	ENSMUSG00000087211	many_to_one	1	many_to_one:1
ENSG00000277283	NA	NA	ENSMUSG00000107121	one_to_one	1	one_to_one:1
ENSG00000277301	NA	NA	ENSMUSG00000079001	many_to_one	1	many_to_one:1
ENSG00000277324	ENSCAFG00845002908	one_to_one	NA	NA	1	one_to_one:1
ENSG00000277342	NA	NA	ENSMUSG00000096299	many_to_one	1	many_to_one:1
ENSG00000277383	NA	NA	ENSMUSG00000109984;ENSMUSG00000120250	many_to_many_strict	1	many_to_many_strict:1
ENSG00000277459	NA	NA	ENSMUSG00000110161;ENSMUSG00000092185	many_to_many_strict	1	many_to_many_strict:1
ENSG00000277496	NA	NA	ENSMUSG00000121267	many_to_one	1	many_to_one:1
ENSG00000277548	ENSCAFG00845028556	many_to_one	NA	NA	1	many_to_one:1
ENSG00000277550	NA	NA	ENSMUSG00000100860	one_to_one	1	one_to_one:1
ENSG00000277559	NA	NA	ENSMUSG00000046413	many_to_one	1	many_to_one:1
ENSG00000277621	NA	NA	ENSMUSG00000118601	many_to_one	1	many_to_one:1
ENSG00000277749	ENSCAFG00845029020	one_to_one	ENSMUSG00000086624;ENSMUSG00000085753	one_to_many	2	one_to_many:1;one_to_one:1
ENSG00000277801	NA	NA	ENSMUSG00000097917;ENSMUSG00000033731	many_to_many	1	many_to_many:1
ENSG00000277855	NA	NA	ENSMUSG00000121205	many_to_one	1	many_to_one:1
ENSG00000277873	NA	NA	ENSMUSG00000086075	one_to_one	1	one_to_one:1
ENSG00000277879	NA	NA	ENSMUSG00000101630	many_to_one	1	many_to_one:1
ENSG00000277935	NA	NA	ENSMUSG00000086614;ENSMUSG00000097496;ENSMUSG00000086239	many_to_many_strict	1	many_to_many_strict:1
ENSG00000277954	NA	NA	ENSMUSG00000089797;ENSMUSG00000090217;ENSMUSG00000089723	many_to_many	1	many_to_many:1
ENSG00000277959	NA	NA	ENSMUSG00000109881	many_to_one	1	many_to_one:1
ENSG00000278017	NA	NA	ENSMUSG00000099843	one_to_one	1	one_to_one:1
ENSG00000278095	NA	NA	ENSMUSG00000085414	many_to_one	1	many_to_one:1
ENSG00000278107	NA	NA	ENSMUSG00000118085;ENSMUSG00000117888;ENSMUSG00000117824	one_to_many	1	one_to_many:1
ENSG00000278146	NA	NA	ENSMUSG00000108869;ENSMUSG00000101559	many_to_many	1	many_to_many:1
ENSG00000278156	ENSCAFG00845009674	one_to_one	NA	NA	1	one_to_one:1
ENSG00000278158	ENSCAFG00845019632	one_to_one	NA	NA	1	one_to_one:1
ENSG00000278200	ENSCAFG00845010677	one_to_one	NA	NA	1	one_to_one:1
ENSG00000278305	NA	NA	ENSMUSG00000107214	one_to_one	1	one_to_one:1
ENSG00000278338	NA	NA	ENSMUSG00000115167;ENSMUSG00000115090;ENSMUSG00000115111	one_to_many	1	one_to_many:1
ENSG00000278376	NA	NA	ENSMUSG00000120036	one_to_one	1	one_to_one:1
ENSG00000278408	NA	NA	ENSMUSG00000111296	many_to_one	1	many_to_one:1
ENSG00000278546	NA	NA	ENSMUSG00000084969	many_to_one	1	many_to_one:1
ENSG00000278607	ENSCAFG00845000678	one_to_one	NA	NA	1	one_to_one:1
ENSG00000278621	NA	NA	ENSMUSG00000101859;ENSMUSG00000087203	one_to_many	1	one_to_many:1
ENSG00000278709	NA	NA	ENSMUSG00000087600	one_to_one	1	one_to_one:1
ENSG00000278716	NA	NA	ENSMUSG00000121010;ENSMUSG00000097983	many_to_many	1	many_to_many:1
ENSG00000278722	NA	NA	ENSMUSG00000115529	one_to_one	1	one_to_one:1
ENSG00000278733	NA	NA	ENSMUSG00000072660	many_to_one	1	many_to_one:1
ENSG00000278743	NA	NA	ENSMUSG00000120520	one_to_one	1	one_to_one:1
ENSG00000278768	NA	NA	ENSMUSG00000089810	one_to_one	1	one_to_one:1
ENSG00000278916	NA	NA	ENSMUSG00000097164;ENSMUSG00000112669	one_to_many	1	one_to_many:1
ENSG00000278960	NA	NA	ENSMUSG00000098230	many_to_one	1	many_to_one:1
ENSG00000278981	NA	NA	ENSMUSG00000074517	many_to_one	1	many_to_one:1
ENSG00000279006	NA	NA	ENSMUSG00000106659	many_to_one	1	many_to_one:1
ENSG00000279080	NA	NA	ENSMUSG00000092494	one_to_one	1	one_to_one:1
ENSG00000279085	NA	NA	ENSMUSG00000106659	many_to_one	1	many_to_one:1
ENSG00000279110	NA	NA	ENSMUSG00000106659	many_to_one	1	many_to_one:1
ENSG00000279182	NA	NA	ENSMUSG00000121082	many_to_one	1	many_to_one:1
ENSG00000279220	NA	NA	ENSMUSG00000086730	one_to_one	1	one_to_one:1
ENSG00000279243	ENSCAFG00845024037	many_to_one	NA	NA	1	many_to_one:1
ENSG00000279249	ENSCAFG00845004434	one_to_one	NA	NA	1	one_to_one:1
ENSG00000279277	ENSCAFG00845024063	one_to_one	ENSMUSG00000120744	one_to_one	2	one_to_one:2
ENSG00000279298	ENSCAFG00845028006	many_to_one	NA	NA	1	many_to_one:1
ENSG00000279484	ENSCAFG00845029719	one_to_one	NA	NA	1	one_to_one:1
ENSG00000279529	NA	NA	ENSMUSG00000097000	one_to_one	1	one_to_one:1
ENSG00000279548	NA	NA	ENSMUSG00000106659	many_to_one	1	many_to_one:1
ENSG00000279571	NA	NA	ENSMUSG00000085397	one_to_one	1	one_to_one:1
ENSG00000279636	NA	NA	ENSMUSG00000115787	one_to_one	1	one_to_one:1
ENSG00000279652	NA	NA	ENSMUSG00000097267	one_to_one	1	one_to_one:1
ENSG00000279726	NA	NA	ENSMUSG00000103386	one_to_one	1	one_to_one:1
ENSG00000279873	NA	NA	ENSMUSG00000117393;ENSMUSG00000120263	one_to_many	1	one_to_many:1
ENSG00000279954	ENSCAFG00845010686	one_to_one	NA	NA	1	one_to_one:1
ENSG00000279968	NA	NA	ENSMUSG00000096977	one_to_one	1	one_to_one:1
ENSG00000280005	NA	NA	ENSMUSG00000074517	many_to_one	1	many_to_one:1
ENSG00000280007	NA	NA	ENSMUSG00000086527	one_to_one	1	one_to_one:1
ENSG00000280029	ENSCAFG00845002920	one_to_one	NA	NA	1	one_to_one:1
ENSG00000280080	NA	NA	ENSMUSG00000120224;ENSMUSG00000115918	many_to_many_strict	1	many_to_many_strict:1
ENSG00000280169	NA	NA	ENSMUSG00000075463	one_to_one	1	one_to_one:1
ENSG00000280213	ENSCAFG00845018871	one_to_one	ENSMUSG00000010492	one_to_one	2	one_to_one:2
ENSG00000280350	NA	NA	ENSMUSG00000087521	one_to_one	1	one_to_one:1
ENSG00000280395	ENSCAFG00845006996	one_to_one	NA	NA	1	one_to_one:1
ENSG00000280560	NA	NA	ENSMUSG00000117865	many_to_one	1	many_to_one:1
ENSG00000280587	NA	NA	ENSMUSG00000110697	one_to_one	1	one_to_one:1
ENSG00000280639	NA	NA	ENSMUSG00000111444	one_to_one	1	one_to_one:1
ENSG00000280707	ENSCAFG00845004902	many_to_one	NA	NA	1	many_to_one:1
ENSG00000280734	NA	NA	ENSMUSG00000085615	many_to_one	1	many_to_one:1
ENSG00000280809	ENSCAFG00845004119	one_to_one	NA	NA	1	one_to_one:1
ENSG00000280953	NA	NA	ENSMUSG00000109831	one_to_one	1	one_to_one:1
ENSG00000280989	ENSCAFG00845017101;ENSCAFG00845017123	many_to_many_strict	ENSMUSG00000086363	many_to_one	2	many_to_many_strict:1;many_to_one:1
ENSG00000281021	NA	NA	ENSMUSG00000085211	one_to_one	1	one_to_one:1
ENSG00000281120	NA	NA	ENSMUSG00000097626	many_to_one	1	many_to_one:1
ENSG00000281195	NA	NA	ENSMUSG00000107534	many_to_one	1	many_to_one:1
ENSG00000281196	NA	NA	ENSMUSG00000087124;ENSMUSG00000086715	one_to_many	1	one_to_many:1
ENSG00000281344	ENSCAFG00845009290	many_to_one	NA	NA	1	many_to_one:1
ENSG00000281357	NA	NA	ENSMUSG00000089827	one_to_one	1	one_to_one:1
ENSG00000281453	ENSCAFG00845028234	one_to_one	NA	NA	1	one_to_one:1
ENSG00000281641	NA	NA	ENSMUSG00000072584;ENSMUSG00000115761	many_to_many_strict	1	many_to_many_strict:1
ENSG00000281664	ENSCAFG00845001573	one_to_one	NA	NA	1	one_to_one:1
ENSG00000281691	NA	NA	ENSMUSG00000102899	one_to_one	1	one_to_one:1
ENSG00000281756	NA	NA	ENSMUSG00000121067	one_to_one	1	one_to_one:1
ENSG00000282012	ENSCAFG00845020254	one_to_one	NA	NA	1	one_to_one:1
ENSG00000282164	NA	NA	ENSMUSG00000106847	many_to_one	1	many_to_one:1
ENSG00000282759	NA	NA	ENSMUSG00000084945	many_to_one	1	many_to_one:1
ENSG00000282787	NA	NA	ENSMUSG00000109816	many_to_one	1	many_to_one:1
ENSG00000282849	NA	NA	ENSMUSG00000104414	one_to_one	1	one_to_one:1
ENSG00000282898	ENSCAFG00845002707	one_to_one	NA	NA	1	one_to_one:1
ENSG00000283010	NA	NA	ENSMUSG00000107859;ENSMUSG00000120708	one_to_many	1	one_to_many:1
ENSG00000283031	NA	NA	ENSMUSG00000037735	many_to_one	1	many_to_one:1
ENSG00000283052	ENSCAFG00845009290	many_to_one	NA	NA	1	many_to_one:1
ENSG00000283058	NA	NA	ENSMUSG00000071033;ENSMUSG00000090160	many_to_many	1	many_to_many:1
ENSG00000283078	NA	NA	ENSMUSG00000085704	one_to_one	1	one_to_one:1
ENSG00000283118	NA	NA	ENSMUSG00000052248	many_to_one	1	many_to_one:1
ENSG00000283125	NA	NA	ENSMUSG00000054006	one_to_one	1	one_to_one:1
ENSG00000283183	NA	NA	ENSMUSG00000072769	one_to_one	1	one_to_one:1
ENSG00000283213	NA	NA	ENSMUSG00000108351	one_to_one	1	one_to_one:1
ENSG00000283215	NA	NA	ENSMUSG00000117040	many_to_one	1	many_to_one:1
ENSG00000283341	NA	NA	ENSMUSG00000075020	one_to_one	1	one_to_one:1
ENSG00000283380	ENSCAFG00845029407	many_to_one	NA	NA	1	many_to_one:1
ENSG00000283384	NA	NA	ENSMUSG00000109545	one_to_one	1	one_to_one:1
ENSG00000283405	NA	NA	ENSMUSG00000120393;ENSMUSG00000120392	one_to_many	1	one_to_many:1
ENSG00000283422	NA	NA	ENSMUSG00000110647;ENSMUSG00000111531	one_to_many	1	one_to_many:1
ENSG00000283457	NA	NA	ENSMUSG00000093697;ENSMUSG00000109868;ENSMUSG00000110613;ENSMUSG00000120938	many_to_many	1	many_to_many:1
ENSG00000283480	ENSCAFG00845017130	one_to_one	NA	NA	1	one_to_one:1
ENSG00000283579	NA	NA	ENSMUSG00000120417	one_to_one	1	one_to_one:1
ENSG00000283629	NA	NA	ENSMUSG00000120595	one_to_one	1	one_to_one:1
ENSG00000283638	NA	NA	ENSMUSG00000086173	one_to_one	1	one_to_one:1
ENSG00000283689	NA	NA	ENSMUSG00000046413	many_to_one	1	many_to_one:1
ENSG00000283849	NA	NA	ENSMUSG00000111639	many_to_one	1	many_to_one:1
ENSG00000283959	NA	NA	ENSMUSG00000120195	one_to_one	1	one_to_one:1
ENSG00000283973	ENSCAFG00845015225	one_to_one	ENSMUSG00000120599	one_to_one	2	one_to_one:2
ENSG00000283991	NA	NA	ENSMUSG00000085540;ENSMUSG00000084934	many_to_many	1	many_to_many:1
ENSG00000284391	NA	NA	ENSMUSG00000085314	one_to_one	1	one_to_one:1
ENSG00000284600	NA	NA	ENSMUSG00000112663;ENSMUSG00000112390	many_to_many	1	many_to_many:1
ENSG00000284623	NA	NA	ENSMUSG00000073759	one_to_one	1	one_to_one:1
ENSG00000284633	NA	NA	ENSMUSG00000116125	one_to_one	1	one_to_one:1
ENSG00000284640	ENSCAFG00845015108	one_to_one	NA	NA	1	one_to_one:1
ENSG00000284668	NA	NA	ENSMUSG00000086272	many_to_one	1	many_to_one:1
ENSG00000284669	NA	NA	ENSMUSG00000111639	many_to_one	1	many_to_one:1
ENSG00000284675	NA	NA	ENSMUSG00000093697;ENSMUSG00000109868;ENSMUSG00000110613;ENSMUSG00000120938	many_to_many	1	many_to_many:1
ENSG00000284700	NA	NA	ENSMUSG00000085256	one_to_one	1	one_to_one:1
ENSG00000285016	NA	NA	ENSMUSG00000109931	one_to_one	1	one_to_one:1
ENSG00000285103	NA	NA	ENSMUSG00000086792	many_to_one	1	many_to_one:1
ENSG00000285159	NA	NA	ENSMUSG00000116644	many_to_one	1	many_to_one:1
ENSG00000285165	NA	NA	ENSMUSG00000073145;ENSMUSG00000085652	one_to_many	1	one_to_many:1
ENSG00000285205	NA	NA	ENSMUSG00000114826	one_to_one	1	one_to_one:1
ENSG00000285216	ENSCAFG00845018186	one_to_one	NA	NA	1	one_to_one:1
ENSG00000285219	NA	NA	ENSMUSG00000096932	one_to_one	1	one_to_one:1
ENSG00000285278	NA	NA	ENSMUSG00000114936;ENSMUSG00000097752;ENSMUSG00000114597	many_to_many	1	many_to_many:1
ENSG00000285336	NA	NA	ENSMUSG00000105535	one_to_one	1	one_to_one:1
ENSG00000285347	NA	NA	ENSMUSG00000078957	one_to_one	1	one_to_one:1
ENSG00000285367	NA	NA	ENSMUSG00000120400	many_to_one	1	many_to_one:1
ENSG00000285373	ENSCAFG00845029460	one_to_one	NA	NA	1	one_to_one:1
ENSG00000285412	NA	NA	ENSMUSG00000108060	many_to_one	1	many_to_one:1
ENSG00000285448	NA	NA	ENSMUSG00000115121	one_to_one	1	one_to_one:1
ENSG00000285454	NA	NA	ENSMUSG00000097840	one_to_one	1	one_to_one:1
ENSG00000285462	ENSCAFG00845002716	many_to_one	NA	NA	1	many_to_one:1
ENSG00000285486	NA	NA	ENSMUSG00000087330	one_to_one	1	one_to_one:1
ENSG00000285513	NA	NA	ENSMUSG00000074373	one_to_one	1	one_to_one:1
ENSG00000285518	NA	NA	ENSMUSG00000113746	many_to_one	1	many_to_one:1
ENSG00000285520	ENSCAFG00845000176	one_to_one	NA	NA	1	one_to_one:1
ENSG00000285527	NA	NA	ENSMUSG00000098211;ENSMUSG00000097424	many_to_many	1	many_to_many:1
ENSG00000285532	ENSCAFG00845016905;ENSCAFG00845016895	many_to_many_strict	NA	NA	1	many_to_many_strict:1
ENSG00000285533	NA	NA	ENSMUSG00000120141	one_to_one	1	one_to_one:1
ENSG00000285534	NA	NA	ENSMUSG00000109508;ENSMUSG00000108969;ENSMUSG00000038917;ENSMUSG00000109084;ENSMUSG00000109291	one_to_many	1	one_to_many:1
ENSG00000285535	NA	NA	ENSMUSG00000085336;ENSMUSG00000086588	many_to_many	1	many_to_many:1
ENSG00000285543	ENSCAFG00845013541	one_to_one	NA	NA	1	one_to_one:1
ENSG00000285548	NA	NA	ENSMUSG00000071033;ENSMUSG00000090160	many_to_many	1	many_to_many:1
ENSG00000285553	NA	NA	ENSMUSG00000089633;ENSMUSG00000089941;ENSMUSG00000089907	many_to_many	1	many_to_many:1
ENSG00000285556	NA	NA	ENSMUSG00000114854	one_to_one	1	one_to_one:1
ENSG00000285560	NA	NA	ENSMUSG00000084821	many_to_one	1	many_to_one:1
ENSG00000285564	ENSCAFG00845002599	many_to_one	NA	NA	1	many_to_one:1
ENSG00000285569	ENSCAFG00845028042;ENSCAFG00845028027	one_to_many	ENSMUSG00000114018	one_to_one	2	one_to_many:1;one_to_one:1
ENSG00000285572	ENSCAFG00845026033	one_to_one	NA	NA	1	one_to_one:1
ENSG00000285575	NA	NA	ENSMUSG00000096988;ENSMUSG00000117053	many_to_many_strict	1	many_to_many_strict:1
ENSG00000285582	NA	NA	ENSMUSG00000117871	one_to_one	1	one_to_one:1
ENSG00000285593	NA	NA	ENSMUSG00000085528	one_to_one	1	one_to_one:1
ENSG00000285601	NA	NA	ENSMUSG00000120180	one_to_one	1	one_to_one:1
ENSG00000285603	NA	NA	ENSMUSG00000113935;ENSMUSG00000120974	many_to_many_strict	1	many_to_many_strict:1
ENSG00000285605	ENSCAFG00845019366;ENSCAFG00845019325	one_to_many	ENSMUSG00000118315;ENSMUSG00000117674	one_to_many	2	one_to_many:2
ENSG00000285610	NA	NA	ENSMUSG00000089633;ENSMUSG00000089941;ENSMUSG00000089907	many_to_many	1	many_to_many:1
ENSG00000285612	NA	NA	ENSMUSG00000113746	many_to_one	1	many_to_one:1
ENSG00000285619	NA	NA	ENSMUSG00000107561	one_to_one	1	one_to_one:1
ENSG00000285627	NA	NA	ENSMUSG00000121153	one_to_one	1	one_to_one:1
ENSG00000285637	ENSCAFG00845008854	one_to_one	NA	NA	1	one_to_one:1
ENSG00000285644	NA	NA	ENSMUSG00000086828	many_to_one	1	many_to_one:1
ENSG00000285646	ENSCAFG00845001956	one_to_one	NA	NA	1	one_to_one:1
ENSG00000285652	NA	NA	ENSMUSG00000090087	one_to_one	1	one_to_one:1
ENSG00000285656	NA	NA	ENSMUSG00000118100	one_to_one	1	one_to_one:1
ENSG00000285661	NA	NA	ENSMUSG00000097247	one_to_one	1	one_to_one:1
ENSG00000285663	NA	NA	ENSMUSG00000108530	one_to_one	1	one_to_one:1
ENSG00000285671	NA	NA	ENSMUSG00000087355;ENSMUSG00000086018;ENSMUSG00000086874;ENSMUSG00000084859	many_to_many	1	many_to_many:1
ENSG00000285676	ENSCAFG00845029891	one_to_one	NA	NA	1	one_to_one:1
ENSG00000285677	NA	NA	ENSMUSG00000093390	many_to_one	1	many_to_one:1
ENSG00000285691	NA	NA	ENSMUSG00000112707	many_to_one	1	many_to_one:1
ENSG00000285698	NA	NA	ENSMUSG00000106121	one_to_one	1	one_to_one:1
ENSG00000285717	NA	NA	ENSMUSG00000114249;ENSMUSG00000114508	one_to_many	1	one_to_many:1
ENSG00000285726	ENSCAFG00845002599	many_to_one	NA	NA	1	many_to_one:1
ENSG00000285729	NA	NA	ENSMUSG00000110789	one_to_one	1	one_to_one:1
ENSG00000285736	NA	NA	ENSMUSG00000098702	one_to_one	1	one_to_one:1
ENSG00000285739	ENSCAFG00845015727	many_to_one	ENSMUSG00000093556;ENSMUSG00000093383;ENSMUSG00000093528	many_to_many	2	many_to_many:1;many_to_one:1
ENSG00000285744	NA	NA	ENSMUSG00000097804	one_to_one	1	one_to_one:1
ENSG00000285747	NA	NA	ENSMUSG00000114099	many_to_one	1	many_to_one:1
ENSG00000285766	NA	NA	ENSMUSG00000111873	many_to_one	1	many_to_one:1
ENSG00000285774	NA	NA	ENSMUSG00000115100;ENSMUSG00000115410	one_to_many	1	one_to_many:1
ENSG00000285790	NA	NA	ENSMUSG00000117661	many_to_one	1	many_to_one:1
ENSG00000285802	ENSCAFG00845015067	one_to_one	NA	NA	1	one_to_one:1
ENSG00000285804	NA	NA	ENSMUSG00000097027	one_to_one	1	one_to_one:1
ENSG00000285805	ENSCAFG00845028927	one_to_one	NA	NA	1	one_to_one:1
ENSG00000285821	NA	NA	ENSMUSG00000099907	many_to_one	1	many_to_one:1
ENSG00000285824	NA	NA	ENSMUSG00000097641	one_to_one	1	one_to_one:1
ENSG00000285825	NA	NA	ENSMUSG00000111748	one_to_one	1	one_to_one:1
ENSG00000285841	NA	NA	ENSMUSG00000097484;ENSMUSG00000097406	many_to_many	1	many_to_many:1
ENSG00000285842	NA	NA	ENSMUSG00000111100	many_to_one	1	many_to_one:1
ENSG00000285848	NA	NA	ENSMUSG00000089776	one_to_one	1	one_to_one:1
ENSG00000285861	NA	NA	ENSMUSG00000085150;ENSMUSG00000087363	many_to_many	1	many_to_many:1
ENSG00000285866	NA	NA	ENSMUSG00000108800	one_to_one	1	one_to_one:1
ENSG00000285877	NA	NA	ENSMUSG00000059706	many_to_one	1	many_to_one:1
ENSG00000285882	NA	NA	ENSMUSG00000085899	one_to_one	1	one_to_one:1
ENSG00000285888	ENSCAFG00845009935	one_to_one	NA	NA	1	one_to_one:1
ENSG00000285890	NA	NA	ENSMUSG00000114744	one_to_one	1	one_to_one:1
ENSG00000285904	ENSCAFG00845031055	one_to_one	ENSMUSG00000085058	one_to_one	2	one_to_one:2
ENSG00000285906	NA	NA	ENSMUSG00000120498	one_to_one	1	one_to_one:1
ENSG00000285918	NA	NA	ENSMUSG00000089797;ENSMUSG00000090217;ENSMUSG00000089723	many_to_many	1	many_to_many:1
ENSG00000285922	NA	NA	ENSMUSG00000097311	many_to_one	1	many_to_one:1
ENSG00000285923	NA	NA	ENSMUSG00000051638	one_to_one	1	one_to_one:1
ENSG00000285928	NA	NA	ENSMUSG00000105698	many_to_one	1	many_to_one:1
ENSG00000285940	ENSCAFG00845004142	many_to_one	ENSMUSG00000114511;ENSMUSG00000114306;ENSMUSG00000120137	many_to_many_strict	2	many_to_many_strict:1;many_to_one:1
ENSG00000285941	NA	NA	ENSMUSG00000112707	many_to_one	1	many_to_one:1
ENSG00000285966	NA	NA	ENSMUSG00000120715	one_to_one	1	one_to_one:1
ENSG00000285971	ENSCAFG00845029682	many_to_one	ENSMUSG00000086017	many_to_one	2	many_to_one:2
ENSG00000285974	NA	NA	ENSMUSG00000086690	many_to_one	1	many_to_one:1
ENSG00000285977	NA	NA	ENSMUSG00000085150;ENSMUSG00000087363	many_to_many	1	many_to_many:1
ENSG00000285980	NA	NA	ENSMUSG00000085449	many_to_one	1	many_to_one:1
ENSG00000285996	NA	NA	ENSMUSG00000109080	many_to_one	1	many_to_one:1
ENSG00000286004	NA	NA	ENSMUSG00000075265	one_to_one	1	one_to_one:1
ENSG00000286010	ENSCAFG00845012441	one_to_one	NA	NA	1	one_to_one:1
ENSG00000286013	NA	NA	ENSMUSG00000112865	one_to_one	1	one_to_one:1
ENSG00000286018	NA	NA	ENSMUSG00000093606	one_to_one	1	one_to_one:1
ENSG00000286021	NA	NA	ENSMUSG00000079183	many_to_one	1	many_to_one:1
ENSG00000286024	NA	NA	ENSMUSG00000109644	one_to_one	1	one_to_one:1
ENSG00000286039	NA	NA	ENSMUSG00000109697	one_to_one	1	one_to_one:1
ENSG00000286042	ENSCAFG00845009075;ENSCAFG00845009084	one_to_many	ENSMUSG00000098747	one_to_one	2	one_to_many:1;one_to_one:1
ENSG00000286043	NA	NA	ENSMUSG00000085282	one_to_one	1	one_to_one:1
ENSG00000286044	NA	NA	ENSMUSG00000111511;ENSMUSG00000111726	one_to_many	1	one_to_many:1
ENSG00000286056	NA	NA	ENSMUSG00000111544	one_to_one	1	one_to_one:1
ENSG00000286059	NA	NA	ENSMUSG00000085420	many_to_one	1	many_to_one:1
ENSG00000286069	NA	NA	ENSMUSG00000116500	many_to_one	1	many_to_one:1
ENSG00000286071	NA	NA	ENSMUSG00000086694	one_to_one	1	one_to_one:1
ENSG00000286101	NA	NA	ENSMUSG00000091937	one_to_one	1	one_to_one:1
ENSG00000286108	NA	NA	ENSMUSG00000121238	one_to_one	1	one_to_one:1
ENSG00000286128	ENSCAFG00845005279;ENSCAFG00845005288;ENSCAFG00845005272	one_to_many	NA	NA	1	one_to_many:1
ENSG00000286153	NA	NA	ENSMUSG00000097139	many_to_one	1	many_to_one:1
ENSG00000286159	NA	NA	ENSMUSG00000120902	one_to_one	1	one_to_one:1
ENSG00000286164	NA	NA	ENSMUSG00000087221;ENSMUSG00000086297	many_to_many_strict	1	many_to_many_strict:1
ENSG00000286183	NA	NA	ENSMUSG00000100546	many_to_one	1	many_to_one:1
ENSG00000286186	NA	NA	ENSMUSG00000118265	many_to_one	1	many_to_one:1
ENSG00000286189	NA	NA	ENSMUSG00000106492;ENSMUSG00000092354	many_to_many	1	many_to_many:1
ENSG00000286196	NA	NA	ENSMUSG00000009551	one_to_one	1	one_to_one:1
ENSG00000286197	ENSCAFG00845009755	one_to_one	NA	NA	1	one_to_one:1
ENSG00000286214	NA	NA	ENSMUSG00000121179	many_to_one	1	many_to_one:1
ENSG00000286218	ENSCAFG00845009160;ENSCAFG00845009065;ENSCAFG00845009167	one_to_many	NA	NA	1	one_to_many:1
ENSG00000286242	NA	NA	ENSMUSG00000097032	many_to_one	1	many_to_one:1
ENSG00000286244	NA	NA	ENSMUSG00000108660	many_to_one	1	many_to_one:1
ENSG00000286245	NA	NA	ENSMUSG00000114891	many_to_one	1	many_to_one:1
ENSG00000286246	NA	NA	ENSMUSG00000105857	many_to_one	1	many_to_one:1
ENSG00000286280	ENSCAFG00845000781	one_to_one	NA	NA	1	one_to_one:1
ENSG00000286281	NA	NA	ENSMUSG00000114192;ENSMUSG00000113780	one_to_many	1	one_to_many:1
ENSG00000286292	NA	NA	ENSMUSG00000110374;ENSMUSG00000097534;ENSMUSG00000109751	many_to_many	1	many_to_many:1
ENSG00000286309	NA	NA	ENSMUSG00000084795;ENSMUSG00000087215	many_to_many	1	many_to_many:1
ENSG00000286311	NA	NA	ENSMUSG00000079001	many_to_one	1	many_to_one:1
ENSG00000286317	NA	NA	ENSMUSG00000101888	many_to_one	1	many_to_one:1
ENSG00000286320	NA	NA	ENSMUSG00000104161;ENSMUSG00000102539	many_to_many_strict	1	many_to_many_strict:1
ENSG00000286333	NA	NA	ENSMUSG00000120391;ENSMUSG00000102029;ENSMUSG00000100890	one_to_many	1	one_to_many:1
ENSG00000286334	NA	NA	ENSMUSG00000097903	one_to_one	1	one_to_one:1
ENSG00000286335	NA	NA	ENSMUSG00000085357	one_to_one	1	one_to_one:1
ENSG00000286337	NA	NA	ENSMUSG00000097875	many_to_one	1	many_to_one:1
ENSG00000286338	ENSCAFG00845001764;ENSCAFG00845001784;ENSCAFG00845001863;ENSCAFG00845001787;ENSCAFG00845001826;ENSCAFG00845001844;ENSCAFG00845001834;ENSCAFG00845001804	one_to_many	NA	NA	1	one_to_many:1
ENSG00000286339	NA	NA	ENSMUSG00000112709	one_to_one	1	one_to_one:1
ENSG00000286341	NA	NA	ENSMUSG00000110747	one_to_one	1	one_to_one:1
ENSG00000286347	NA	NA	ENSMUSG00000108006	one_to_one	1	one_to_one:1
ENSG00000286353	NA	NA	ENSMUSG00000114760;ENSMUSG00000114704;ENSMUSG00000114595	many_to_many_strict	1	many_to_many_strict:1
ENSG00000286359	NA	NA	ENSMUSG00000120637;ENSMUSG00000097310	one_to_many	1	one_to_many:1
ENSG00000286369	NA	NA	ENSMUSG00000118249	one_to_one	1	one_to_one:1
ENSG00000286372	NA	NA	ENSMUSG00000099969	many_to_one	1	many_to_one:1
ENSG00000286373	NA	NA	ENSMUSG00000097134;ENSMUSG00000120434	many_to_many_strict	1	many_to_many_strict:1
ENSG00000286376	NA	NA	ENSMUSG00000114052	one_to_one	1	one_to_one:1
ENSG00000286390	NA	NA	ENSMUSG00000087389	many_to_one	1	many_to_one:1
ENSG00000286394	NA	NA	ENSMUSG00000105857	many_to_one	1	many_to_one:1
ENSG00000286401	NA	NA	ENSMUSG00000097787	many_to_one	1	many_to_one:1
ENSG00000286403	ENSCAFG00845000967	one_to_one	NA	NA	1	one_to_one:1
ENSG00000286412	NA	NA	ENSMUSG00000071033;ENSMUSG00000090160	many_to_many	1	many_to_many:1
ENSG00000286420	NA	NA	ENSMUSG00000109774	one_to_one	1	one_to_one:1
ENSG00000286424	NA	NA	ENSMUSG00000044062	one_to_one	1	one_to_one:1
ENSG00000286427	NA	NA	ENSMUSG00000097580	one_to_one	1	one_to_one:1
ENSG00000286444	NA	NA	ENSMUSG00000086407	one_to_one	1	one_to_one:1
ENSG00000286447	NA	NA	ENSMUSG00000089685	one_to_one	1	one_to_one:1
ENSG00000286451	NA	NA	ENSMUSG00000085034	one_to_one	1	one_to_one:1
ENSG00000286457	NA	NA	ENSMUSG00000086648	many_to_one	1	many_to_one:1
ENSG00000286459	NA	NA	ENSMUSG00000118263	one_to_one	1	one_to_one:1
ENSG00000286461	NA	NA	ENSMUSG00000086505	many_to_one	1	many_to_one:1
ENSG00000286470	NA	NA	ENSMUSG00000085383	many_to_one	1	many_to_one:1
ENSG00000286471	NA	NA	ENSMUSG00000104328	one_to_one	1	one_to_one:1
ENSG00000286472	NA	NA	ENSMUSG00000100630	many_to_one	1	many_to_one:1
ENSG00000286476	ENSCAFG00845007072	one_to_one	NA	NA	1	one_to_one:1
ENSG00000286482	NA	NA	ENSMUSG00000120361	one_to_one	1	one_to_one:1
ENSG00000286485	NA	NA	ENSMUSG00000116697	one_to_one	1	one_to_one:1
ENSG00000286486	NA	NA	ENSMUSG00000103043;ENSMUSG00000102432	many_to_many_strict	1	many_to_many_strict:1
ENSG00000286492	NA	NA	ENSMUSG00000085781	one_to_one	1	one_to_one:1
ENSG00000286496	ENSCAFG00845004340	one_to_one	NA	NA	1	one_to_one:1
ENSG00000286498	NA	NA	ENSMUSG00000100402	many_to_one	1	many_to_one:1
ENSG00000286502	NA	NA	ENSMUSG00000086560;ENSMUSG00000085766	many_to_many_strict	1	many_to_many_strict:1
ENSG00000286508	NA	NA	ENSMUSG00000118456	one_to_one	1	one_to_one:1
ENSG00000286510	ENSCAFG00845004265	one_to_one	NA	NA	1	one_to_one:1
ENSG00000286511	NA	NA	ENSMUSG00000120201	one_to_one	1	one_to_one:1
ENSG00000286517	NA	NA	ENSMUSG00000116681	one_to_one	1	one_to_one:1
ENSG00000286518	NA	NA	ENSMUSG00000084987;ENSMUSG00000086565;ENSMUSG00000120023;ENSMUSG00000097871;ENSMUSG00000085069	many_to_many_strict	1	many_to_many_strict:1
ENSG00000286527	NA	NA	ENSMUSG00000100315	one_to_one	1	one_to_one:1
ENSG00000286528	NA	NA	ENSMUSG00000110548;ENSMUSG00000110667	many_to_many	1	many_to_many:1
ENSG00000286529	NA	NA	ENSMUSG00000089744	one_to_one	1	one_to_one:1
ENSG00000286533	ENSCAFG00845001701;ENSCAFG00845001707;ENSCAFG00845001689	many_to_many	NA	NA	1	many_to_many:1
ENSG00000286534	NA	NA	ENSMUSG00000085336;ENSMUSG00000086588	many_to_many	1	many_to_many:1
ENSG00000286535	NA	NA	ENSMUSG00000115752;ENSMUSG00000093695	many_to_many_strict	1	many_to_many_strict:1
ENSG00000286536	NA	NA	ENSMUSG00000086267	one_to_one	1	one_to_one:1
ENSG00000286538	NA	NA	ENSMUSG00000108334	one_to_one	1	one_to_one:1
ENSG00000286546	NA	NA	ENSMUSG00000074763;ENSMUSG00000086450	many_to_many	1	many_to_many:1
ENSG00000286550	NA	NA	ENSMUSG00000117263;ENSMUSG00000085846	one_to_many	1	one_to_many:1
ENSG00000286553	NA	NA	ENSMUSG00000119990	many_to_one	1	many_to_one:1
ENSG00000286555	NA	NA	ENSMUSG00000110239	many_to_one	1	many_to_one:1
ENSG00000286563	NA	NA	ENSMUSG00000112161	one_to_one	1	one_to_one:1
ENSG00000286565	ENSCAFG00845011883;ENSCAFG00845011950	one_to_many	NA	NA	1	one_to_many:1
ENSG00000286571	NA	NA	ENSMUSG00000086171;ENSMUSG00000087115	many_to_many_strict	1	many_to_many_strict:1
ENSG00000286583	NA	NA	ENSMUSG00000118311;ENSMUSG00000117797	one_to_many	1	one_to_many:1
ENSG00000286584	ENSCAFG00845017339	one_to_one	NA	NA	1	one_to_one:1
ENSG00000286585	NA	NA	ENSMUSG00000097724	one_to_one	1	one_to_one:1
ENSG00000286590	ENSCAFG00845016554	one_to_one	NA	NA	1	one_to_one:1
ENSG00000286592	NA	NA	ENSMUSG00000079011	one_to_one	1	one_to_one:1
ENSG00000286596	NA	NA	ENSMUSG00000097216	many_to_one	1	many_to_one:1
ENSG00000286611	NA	NA	ENSMUSG00000087264	many_to_one	1	many_to_one:1
ENSG00000286616	ENSCAFG00845017364	one_to_one	NA	NA	1	one_to_one:1
ENSG00000286624	NA	NA	ENSMUSG00000116814	one_to_one	1	one_to_one:1
ENSG00000286627	NA	NA	ENSMUSG00000114563;ENSMUSG00000114291;ENSMUSG00000114492	many_to_many	1	many_to_many:1
ENSG00000286628	NA	NA	ENSMUSG00000086166;ENSMUSG00000121094	many_to_many	1	many_to_many:1
ENSG00000286635	NA	NA	ENSMUSG00000101481	many_to_one	1	many_to_one:1
ENSG00000286638	NA	NA	ENSMUSG00000097146	many_to_one	1	many_to_one:1
ENSG00000286643	NA	NA	ENSMUSG00000120080	many_to_one	1	many_to_one:1
ENSG00000286649	NA	NA	ENSMUSG00000114563;ENSMUSG00000114291;ENSMUSG00000114492	many_to_many	1	many_to_many:1
ENSG00000286661	ENSCAFG00845030113	one_to_one	NA	NA	1	one_to_one:1
ENSG00000286672	NA	NA	ENSMUSG00000089900	one_to_one	1	one_to_one:1
ENSG00000286677	ENSCAFG00845013455	many_to_one	NA	NA	1	many_to_one:1
ENSG00000286682	NA	NA	ENSMUSG00000112014	one_to_one	1	one_to_one:1
ENSG00000286691	NA	NA	ENSMUSG00000111098	one_to_one	1	one_to_one:1
ENSG00000286701	ENSCAFG00845028568	one_to_one	NA	NA	1	one_to_one:1
ENSG00000286708	NA	NA	ENSMUSG00000085745	many_to_one	1	many_to_one:1
ENSG00000286715	NA	NA	ENSMUSG00000114496	many_to_one	1	many_to_one:1
ENSG00000286717	NA	NA	ENSMUSG00000116641	one_to_one	1	one_to_one:1
ENSG00000286724	NA	NA	ENSMUSG00000087505	one_to_one	1	one_to_one:1
ENSG00000286729	NA	NA	ENSMUSG00000097763	one_to_one	1	one_to_one:1
ENSG00000286732	NA	NA	ENSMUSG00000085246;ENSMUSG00000087574	many_to_many	1	many_to_many:1
ENSG00000286735	ENSCAFG00845018648	one_to_one	NA	NA	1	one_to_one:1
ENSG00000286737	ENSCAFG00845016003;ENSCAFG00845016020	one_to_many	NA	NA	1	one_to_many:1
ENSG00000286739	NA	NA	ENSMUSG00000109556	one_to_one	1	one_to_one:1
ENSG00000286740	NA	NA	ENSMUSG00000085383	many_to_one	1	many_to_one:1
ENSG00000286742	ENSCAFG00845013253	many_to_one	ENSMUSG00000106588;ENSMUSG00000105534	many_to_many_strict	2	many_to_many_strict:1;many_to_one:1
ENSG00000286749	NA	NA	ENSMUSG00000086020	one_to_one	1	one_to_one:1
ENSG00000286752	NA	NA	ENSMUSG00000085414	many_to_one	1	many_to_one:1
ENSG00000286753	NA	NA	ENSMUSG00000101051	one_to_one	1	one_to_one:1
ENSG00000286755	NA	NA	ENSMUSG00000120962	many_to_one	1	many_to_one:1
ENSG00000286756	ENSCAFG00845024046;ENSCAFG00845024060	many_to_many_strict	ENSMUSG00000092341	many_to_one	2	many_to_many_strict:1;many_to_one:1
ENSG00000286757	NA	NA	ENSMUSG00000115263	one_to_one	1	one_to_one:1
ENSG00000286759	NA	NA	ENSMUSG00000085688	one_to_one	1	one_to_one:1
ENSG00000286766	NA	NA	ENSMUSG00000097805	one_to_one	1	one_to_one:1
ENSG00000286771	NA	NA	ENSMUSG00000109587	one_to_one	1	one_to_one:1
ENSG00000286774	NA	NA	ENSMUSG00000120908	one_to_one	1	one_to_one:1
ENSG00000286796	NA	NA	ENSMUSG00000117571	one_to_one	1	one_to_one:1
ENSG00000286799	NA	NA	ENSMUSG00000060808	one_to_one	1	one_to_one:1
ENSG00000286803	ENSCAFG00845016783	one_to_one	NA	NA	1	one_to_one:1
ENSG00000286805	NA	NA	ENSMUSG00000100402	many_to_one	1	many_to_one:1
ENSG00000286821	NA	NA	ENSMUSG00000110624	one_to_one	1	one_to_one:1
ENSG00000286828	NA	NA	ENSMUSG00000116590	one_to_one	1	one_to_one:1
ENSG00000286829	NA	NA	ENSMUSG00000112505;ENSMUSG00000112819	one_to_many	1	one_to_many:1
ENSG00000286841	NA	NA	ENSMUSG00000098075	one_to_one	1	one_to_one:1
ENSG00000286852	NA	NA	ENSMUSG00000121032;ENSMUSG00000116947	one_to_many	1	one_to_many:1
ENSG00000286856	NA	NA	ENSMUSG00000091329	one_to_one	1	one_to_one:1
ENSG00000286861	NA	NA	ENSMUSG00000111929	one_to_one	1	one_to_one:1
ENSG00000286863	NA	NA	ENSMUSG00000086708;ENSMUSG00000085084	many_to_many_strict	1	many_to_many_strict:1
ENSG00000286869	ENSCAFG00845023152	one_to_one	NA	NA	1	one_to_one:1
ENSG00000286870	NA	NA	ENSMUSG00000116793	many_to_one	1	many_to_one:1
ENSG00000286872	NA	NA	ENSMUSG00000109110	one_to_one	1	one_to_one:1
ENSG00000286874	NA	NA	ENSMUSG00000120342	one_to_one	1	one_to_one:1
ENSG00000286875	ENSCAFG00845010409	one_to_one	ENSMUSG00000056031	one_to_one	2	one_to_one:2
ENSG00000286881	NA	NA	ENSMUSG00000121261	many_to_one	1	many_to_one:1
ENSG00000286894	NA	NA	ENSMUSG00000089797;ENSMUSG00000090217;ENSMUSG00000089723	many_to_many	1	many_to_many:1
ENSG00000286896	NA	NA	ENSMUSG00000097885	many_to_one	1	many_to_one:1
ENSG00000286910	NA	NA	ENSMUSG00000109761	many_to_one	1	many_to_one:1
ENSG00000286926	NA	NA	ENSMUSG00000117891	many_to_one	1	many_to_one:1
ENSG00000286928	ENSCAFG00845012148	one_to_one	NA	NA	1	one_to_one:1
ENSG00000286934	NA	NA	ENSMUSG00000085150;ENSMUSG00000087363	many_to_many	1	many_to_many:1
ENSG00000286943	NA	NA	ENSMUSG00000109002	one_to_one	1	one_to_one:1
ENSG00000286947	NA	NA	ENSMUSG00000053615	many_to_one	1	many_to_one:1
ENSG00000286951	NA	NA	ENSMUSG00000091457;ENSMUSG00000086418;ENSMUSG00000085477	one_to_many	1	one_to_many:1
ENSG00000286965	ENSCAFG00845019690	one_to_one	ENSMUSG00000100354	one_to_one	2	one_to_one:2
ENSG00000286970	NA	NA	ENSMUSG00000115138	many_to_one	1	many_to_one:1
ENSG00000286978	ENSCAFG00845016779	many_to_one	NA	NA	1	many_to_one:1
ENSG00000286979	NA	NA	ENSMUSG00000107842	many_to_one	1	many_to_one:1
ENSG00000286982	NA	NA	ENSMUSG00000120943	one_to_one	1	one_to_one:1
ENSG00000286985	ENSCAFG00845019338	one_to_one	NA	NA	1	one_to_one:1
ENSG00000286988	NA	NA	ENSMUSG00000102861	many_to_one	1	many_to_one:1
ENSG00000286990	NA	NA	ENSMUSG00000108232;ENSMUSG00000097011;ENSMUSG00000108171	many_to_many	1	many_to_many:1
ENSG00000286997	NA	NA	ENSMUSG00000085514;ENSMUSG00000086199	many_to_many	1	many_to_many:1
ENSG00000286998	NA	NA	ENSMUSG00000109501	one_to_one	1	one_to_one:1
ENSG00000287004	ENSCAFG00845006096;ENSCAFG00845006141;ENSCAFG00845006121;ENSCAFG00845006110	one_to_many	NA	NA	1	one_to_many:1
ENSG00000287009	NA	NA	ENSMUSG00000120438	one_to_one	1	one_to_one:1
ENSG00000287029	NA	NA	ENSMUSG00000115244;ENSMUSG00000115363;ENSMUSG00000067973	many_to_many	1	many_to_many:1
ENSG00000287038	NA	NA	ENSMUSG00000084898	many_to_one	1	many_to_one:1
ENSG00000287041	NA	NA	ENSMUSG00000101409;ENSMUSG00000099811	many_to_many	1	many_to_many:1
ENSG00000287047	NA	NA	ENSMUSG00000110007;ENSMUSG00000097446	one_to_many	1	one_to_many:1
ENSG00000287049	ENSCAFG00845030678	one_to_one	NA	NA	1	one_to_one:1
ENSG00000287052	NA	NA	ENSMUSG00000104102	one_to_one	1	one_to_one:1
ENSG00000287056	NA	NA	ENSMUSG00000120609	many_to_one	1	many_to_one:1
ENSG00000287060	NA	NA	ENSMUSG00000120170;ENSMUSG00000106756	one_to_many	1	one_to_many:1
ENSG00000287062	NA	NA	ENSMUSG00000074763;ENSMUSG00000086450	many_to_many	1	many_to_many:1
ENSG00000287076	NA	NA	ENSMUSG00000120527	one_to_one	1	one_to_one:1
ENSG00000287081	NA	NA	ENSMUSG00000104894	one_to_one	1	one_to_one:1
ENSG00000287084	NA	NA	ENSMUSG00000112238	one_to_one	1	one_to_one:1
ENSG00000287087	NA	NA	ENSMUSG00000114213	many_to_one	1	many_to_one:1
ENSG00000287094	ENSCAFG00845005394	many_to_one	ENSMUSG00000111227	many_to_one	2	many_to_one:2
ENSG00000287100	NA	NA	ENSMUSG00000097069;ENSMUSG00000112824	one_to_many	1	one_to_many:1
ENSG00000287103	NA	NA	ENSMUSG00000105966	one_to_one	1	one_to_one:1
ENSG00000287105	ENSCAFG00845029682	many_to_one	ENSMUSG00000086017	many_to_one	2	many_to_one:2
ENSG00000287106	NA	NA	ENSMUSG00000089797;ENSMUSG00000090217;ENSMUSG00000089723	many_to_many	1	many_to_many:1
ENSG00000287114	ENSCAFG00845025454	one_to_one	NA	NA	1	one_to_one:1
ENSG00000287121	NA	NA	ENSMUSG00000087384	many_to_one	1	many_to_one:1
ENSG00000287131	NA	NA	ENSMUSG00000097548	one_to_one	1	one_to_one:1
ENSG00000287133	NA	NA	ENSMUSG00000097573	one_to_one	1	one_to_one:1
ENSG00000287135	NA	NA	ENSMUSG00000099784	one_to_one	1	one_to_one:1
ENSG00000287143	NA	NA	ENSMUSG00000097730	one_to_one	1	one_to_one:1
ENSG00000287153	NA	NA	ENSMUSG00000113179	many_to_one	1	many_to_one:1
ENSG00000287154	ENSCAFG00845002656	one_to_one	NA	NA	1	one_to_one:1
ENSG00000287156	NA	NA	ENSMUSG00000086746	one_to_one	1	one_to_one:1
ENSG00000287159	NA	NA	ENSMUSG00000093551;ENSMUSG00000093497	many_to_many	1	many_to_many:1
ENSG00000287162	NA	NA	ENSMUSG00000113598	one_to_one	1	one_to_one:1
ENSG00000287169	NA	NA	ENSMUSG00000097491;ENSMUSG00000110409	one_to_many	1	one_to_many:1
ENSG00000287175	NA	NA	ENSMUSG00000120440	many_to_one	1	many_to_one:1
ENSG00000287181	ENSCAFG00845016779	many_to_one	NA	NA	1	many_to_one:1
ENSG00000287184	NA	NA	ENSMUSG00000093765	one_to_one	1	one_to_one:1
ENSG00000287192	NA	NA	ENSMUSG00000084804	one_to_one	1	one_to_one:1
ENSG00000287197	NA	NA	ENSMUSG00000101126	one_to_one	1	one_to_one:1
ENSG00000287201	NA	NA	ENSMUSG00000115752;ENSMUSG00000093695	many_to_many_strict	1	many_to_many_strict:1
ENSG00000287204	NA	NA	ENSMUSG00000110214	one_to_one	1	one_to_one:1
ENSG00000287217	NA	NA	ENSMUSG00000106070	one_to_one	1	one_to_one:1
ENSG00000287218	NA	NA	ENSMUSG00000102154	one_to_one	1	one_to_one:1
ENSG00000287220	NA	NA	ENSMUSG00000121086	one_to_one	1	one_to_one:1
ENSG00000287229	NA	NA	ENSMUSG00000097368	many_to_one	1	many_to_one:1
ENSG00000287235	NA	NA	ENSMUSG00000113759	many_to_one	1	many_to_one:1
ENSG00000287241	NA	NA	ENSMUSG00000086171;ENSMUSG00000087115	many_to_many_strict	1	many_to_many_strict:1
ENSG00000287243	NA	NA	ENSMUSG00000107219	many_to_one	1	many_to_one:1
ENSG00000287249	NA	NA	ENSMUSG00000111365	one_to_one	1	one_to_one:1
ENSG00000287250	NA	NA	ENSMUSG00000108660	many_to_one	1	many_to_one:1
ENSG00000287257	NA	NA	ENSMUSG00000086050	many_to_one	1	many_to_one:1
ENSG00000287260	NA	NA	ENSMUSG00000119990	many_to_one	1	many_to_one:1
ENSG00000287261	NA	NA	ENSMUSG00000090235	one_to_one	1	one_to_one:1
ENSG00000287268	ENSCAFG00845013054	one_to_one	NA	NA	1	one_to_one:1
ENSG00000287273	NA	NA	ENSMUSG00000116575	many_to_one	1	many_to_one:1
ENSG00000287287	NA	NA	ENSMUSG00000120990	one_to_one	1	one_to_one:1
ENSG00000287291	NA	NA	ENSMUSG00000113522	one_to_one	1	one_to_one:1
ENSG00000287292	NA	NA	ENSMUSG00000074235	many_to_one	1	many_to_one:1
ENSG00000287293	NA	NA	ENSMUSG00000114161	many_to_one	1	many_to_one:1
ENSG00000287296	NA	NA	ENSMUSG00000120944;ENSMUSG00000120095	many_to_many_strict	1	many_to_many_strict:1
ENSG00000287299	NA	NA	ENSMUSG00000091283	one_to_one	1	one_to_one:1
ENSG00000287315	NA	NA	ENSMUSG00000072902	many_to_one	1	many_to_one:1
ENSG00000287324	NA	NA	ENSMUSG00000085428;ENSMUSG00000121196;ENSMUSG00000098051;ENSMUSG00000085728	many_to_many	1	many_to_many:1
ENSG00000287331	NA	NA	ENSMUSG00000120374	one_to_one	1	one_to_one:1
ENSG00000287332	ENSCAFG00845013609	one_to_one	NA	NA	1	one_to_one:1
ENSG00000287336	NA	NA	ENSMUSG00000090260;ENSMUSG00000078190	many_to_many_strict	1	many_to_many_strict:1
ENSG00000287350	NA	NA	ENSMUSG00000113537;ENSMUSG00000113835	many_to_many_strict	1	many_to_many_strict:1
ENSG00000287351	NA	NA	ENSMUSG00000099881	many_to_one	1	many_to_one:1
ENSG00000287358	ENSCAFG00845015727	many_to_one	ENSMUSG00000093556;ENSMUSG00000093383;ENSMUSG00000093528	many_to_many	2	many_to_many:1;many_to_one:1
ENSG00000287369	NA	NA	ENSMUSG00000106828	many_to_one	1	many_to_one:1
ENSG00000287377	NA	NA	ENSMUSG00000117117	many_to_one	1	many_to_one:1
ENSG00000287381	NA	NA	ENSMUSG00000090263	one_to_one	1	one_to_one:1
ENSG00000287387	ENSCAFG00845025110	one_to_one	NA	NA	1	one_to_one:1
ENSG00000287403	NA	NA	ENSMUSG00000085081	many_to_one	1	many_to_one:1
ENSG00000287417	NA	NA	ENSMUSG00000092042	many_to_one	1	many_to_one:1
ENSG00000287419	ENSCAFG00845027810	many_to_one	ENSMUSG00000118127;ENSMUSG00000117659	many_to_many_strict	2	many_to_many_strict:1;many_to_one:1
ENSG00000287422	NA	NA	ENSMUSG00000087307	many_to_one	1	many_to_one:1
ENSG00000287426	NA	NA	ENSMUSG00000111655	one_to_one	1	one_to_one:1
ENSG00000287427	NA	NA	ENSMUSG00000097471	many_to_one	1	many_to_one:1
ENSG00000287430	NA	NA	ENSMUSG00000074753	many_to_one	1	many_to_one:1
ENSG00000287431	ENSCAFG00845010832	many_to_one	ENSMUSG00000075389	many_to_one	2	many_to_one:2
ENSG00000287433	NA	NA	ENSMUSG00000086190;ENSMUSG00000109888	one_to_many	1	one_to_many:1
ENSG00000287434	NA	NA	ENSMUSG00000090358	one_to_one	1	one_to_one:1
ENSG00000287449	ENSCAFG00845020577	one_to_one	NA	NA	1	one_to_one:1
ENSG00000287451	ENSCAFG00845006107	one_to_one	NA	NA	1	one_to_one:1
ENSG00000287452	NA	NA	ENSMUSG00000100221	one_to_one	1	one_to_one:1
ENSG00000287457	NA	NA	ENSMUSG00000086487;ENSMUSG00000086089	many_to_many_strict	1	many_to_many_strict:1
ENSG00000287458	NA	NA	ENSMUSG00000117084	one_to_one	1	one_to_one:1
ENSG00000287468	ENSCAFG00845025421;ENSCAFG00845025315	one_to_many	NA	NA	1	one_to_many:1
ENSG00000287474	NA	NA	ENSMUSG00000101404	many_to_one	1	many_to_one:1
ENSG00000287479	ENSCAFG00845029043	many_to_one	NA	NA	1	many_to_one:1
ENSG00000287483	NA	NA	ENSMUSG00000085188	one_to_one	1	one_to_one:1
ENSG00000287488	ENSCAFG00845025271	one_to_one	NA	NA	1	one_to_one:1
ENSG00000287493	NA	NA	ENSMUSG00000104606	one_to_one	1	one_to_one:1
ENSG00000287497	NA	NA	ENSMUSG00000100022;ENSMUSG00000114573;ENSMUSG00000114701	many_to_many	1	many_to_many:1
ENSG00000287500	ENSCAFG00845027920	one_to_one	NA	NA	1	one_to_one:1
ENSG00000287502	NA	NA	ENSMUSG00000096052	one_to_one	1	one_to_one:1
ENSG00000287506	ENSCAFG00845012774	many_to_one	NA	NA	1	many_to_one:1
ENSG00000287508	NA	NA	ENSMUSG00000086648	many_to_one	1	many_to_one:1
ENSG00000287511	NA	NA	ENSMUSG00000120283	one_to_one	1	one_to_one:1
ENSG00000287524	NA	NA	ENSMUSG00000100750;ENSMUSG00000085842;ENSMUSG00000085019;ENSMUSG00000085400	one_to_many	1	one_to_many:1
ENSG00000287544	ENSCAFG00845018643;ENSCAFG00845018676	many_to_many_strict	NA	NA	1	many_to_many_strict:1
ENSG00000287551	NA	NA	ENSMUSG00000084898	many_to_one	1	many_to_one:1
ENSG00000287566	NA	NA	ENSMUSG00000113759	many_to_one	1	many_to_one:1
ENSG00000287575	NA	NA	ENSMUSG00000109029	many_to_one	1	many_to_one:1
ENSG00000287582	NA	NA	ENSMUSG00000086940;ENSMUSG00000120102	one_to_many	1	one_to_many:1
ENSG00000287584	NA	NA	ENSMUSG00000113100	many_to_one	1	many_to_one:1
ENSG00000287587	NA	NA	ENSMUSG00000120931	many_to_one	1	many_to_one:1
ENSG00000287590	NA	NA	ENSMUSG00000054618	one_to_one	1	one_to_one:1
ENSG00000287593	NA	NA	ENSMUSG00000085759;ENSMUSG00000099672	many_to_many_strict	1	many_to_many_strict:1
ENSG00000287595	NA	NA	ENSMUSG00000101553;ENSMUSG00000107663	one_to_many	1	one_to_many:1
ENSG00000287599	NA	NA	ENSMUSG00000090706	many_to_one	1	many_to_one:1
ENSG00000287601	NA	NA	ENSMUSG00000086350	one_to_one	1	one_to_one:1
ENSG00000287603	NA	NA	ENSMUSG00000109602	one_to_one	1	one_to_one:1
ENSG00000287623	NA	NA	ENSMUSG00000108103	many_to_one	1	many_to_one:1
ENSG00000287632	NA	NA	ENSMUSG00000105283	one_to_one	1	one_to_one:1
ENSG00000287640	NA	NA	ENSMUSG00000086117	one_to_one	1	one_to_one:1
ENSG00000287645	NA	NA	ENSMUSG00000087625	many_to_one	1	many_to_one:1
ENSG00000287647	NA	NA	ENSMUSG00000097745	many_to_one	1	many_to_one:1
ENSG00000287649	NA	NA	ENSMUSG00000089833;ENSMUSG00000114391	one_to_many	1	one_to_many:1
ENSG00000287650	NA	NA	ENSMUSG00000104677	one_to_one	1	one_to_one:1
ENSG00000287654	NA	NA	ENSMUSG00000121114	one_to_one	1	one_to_one:1
ENSG00000287656	NA	NA	ENSMUSG00000117314	one_to_one	1	one_to_one:1
ENSG00000287663	NA	NA	ENSMUSG00000113895	many_to_one	1	many_to_one:1
ENSG00000287676	ENSCAFG00845028380	many_to_one	NA	NA	1	many_to_one:1
ENSG00000287682	NA	NA	ENSMUSG00000120214	many_to_one	1	many_to_one:1
ENSG00000287683	NA	NA	ENSMUSG00000086774	many_to_one	1	many_to_one:1
ENSG00000287687	NA	NA	ENSMUSG00000108015	one_to_one	1	one_to_one:1
ENSG00000287695	ENSCAFG00845004978	one_to_one	NA	NA	1	one_to_one:1
ENSG00000287708	NA	NA	ENSMUSG00000086293;ENSMUSG00000087413	many_to_many	1	many_to_many:1
ENSG00000287717	ENSCAFG00845000235;ENSCAFG00845000244	one_to_many	NA	NA	1	one_to_many:1
ENSG00000287718	NA	NA	ENSMUSG00000120587	many_to_one	1	many_to_one:1
ENSG00000287719	NA	NA	ENSMUSG00000121208	one_to_one	1	one_to_one:1
ENSG00000287724	NA	NA	ENSMUSG00000086172;ENSMUSG00000085023	many_to_many	1	many_to_many:1
ENSG00000287726	NA	NA	ENSMUSG00000089983	one_to_one	1	one_to_one:1
ENSG00000287729	NA	NA	ENSMUSG00000085587	many_to_one	1	many_to_one:1
ENSG00000287737	NA	NA	ENSMUSG00000100629;ENSMUSG00000120010	many_to_many_strict	1	many_to_many_strict:1
ENSG00000287744	NA	NA	ENSMUSG00000086505	many_to_one	1	many_to_one:1
ENSG00000287756	NA	NA	ENSMUSG00000087525	many_to_one	1	many_to_one:1
ENSG00000287759	NA	NA	ENSMUSG00000100075	one_to_one	1	one_to_one:1
ENSG00000287760	NA	NA	ENSMUSG00000074113	many_to_one	1	many_to_one:1
ENSG00000287762	NA	NA	ENSMUSG00000086964;ENSMUSG00000085839	many_to_many_strict	1	many_to_many_strict:1
ENSG00000287777	NA	NA	ENSMUSG00000113179	many_to_one	1	many_to_one:1
ENSG00000287778	ENSCAFG00845002377	one_to_one	NA	NA	1	one_to_one:1
ENSG00000287786	NA	NA	ENSMUSG00000097686	many_to_one	1	many_to_one:1
ENSG00000287787	NA	NA	ENSMUSG00000121010;ENSMUSG00000097983	many_to_many	1	many_to_many:1
ENSG00000287789	NA	NA	ENSMUSG00000086150	many_to_one	1	many_to_one:1
ENSG00000287811	NA	NA	ENSMUSG00000099718	one_to_one	1	one_to_one:1
ENSG00000287813	ENSCAFG00845004944	many_to_one	ENSMUSG00000109341	many_to_one	2	many_to_one:2
ENSG00000287815	NA	NA	ENSMUSG00000107090	one_to_one	1	one_to_one:1
ENSG00000287828	NA	NA	ENSMUSG00000084987;ENSMUSG00000086565;ENSMUSG00000120023;ENSMUSG00000097871;ENSMUSG00000085069	many_to_many_strict	1	many_to_many_strict:1
ENSG00000287829	NA	NA	ENSMUSG00000097700	many_to_one	1	many_to_one:1
ENSG00000287832	NA	NA	ENSMUSG00000104188	many_to_one	1	many_to_one:1
ENSG00000287849	NA	NA	ENSMUSG00000112792	many_to_one	1	many_to_one:1
ENSG00000287851	NA	NA	ENSMUSG00000118245	one_to_one	1	one_to_one:1
ENSG00000287858	NA	NA	ENSMUSG00000097649	one_to_one	1	one_to_one:1
ENSG00000287866	NA	NA	ENSMUSG00000097520	many_to_one	1	many_to_one:1
ENSG00000287873	NA	NA	ENSMUSG00000085413	one_to_one	1	one_to_one:1
ENSG00000287883	ENSCAFG00845010130	many_to_one	NA	NA	1	many_to_one:1
ENSG00000287885	NA	NA	ENSMUSG00000099664	one_to_one	1	one_to_one:1
ENSG00000287891	ENSCAFG00845009947	one_to_one	NA	NA	1	one_to_one:1
ENSG00000287892	NA	NA	ENSMUSG00000109119	many_to_one	1	many_to_one:1
ENSG00000287898	NA	NA	ENSMUSG00000110240	one_to_one	1	one_to_one:1
ENSG00000287899	NA	NA	ENSMUSG00000120291	many_to_one	1	many_to_one:1
ENSG00000287904	NA	NA	ENSMUSG00000106719	many_to_one	1	many_to_one:1
ENSG00000287910	NA	NA	ENSMUSG00000086330;ENSMUSG00000086536	many_to_many	1	many_to_many:1
ENSG00000287920	NA	NA	ENSMUSG00000114552;ENSMUSG00000114585;ENSMUSG00000097373;ENSMUSG00000114914	many_to_many	1	many_to_many:1
ENSG00000287928	NA	NA	ENSMUSG00000086614;ENSMUSG00000097496;ENSMUSG00000086239	many_to_many_strict	1	many_to_many_strict:1
ENSG00000287929	NA	NA	ENSMUSG00000099969	many_to_one	1	many_to_one:1
ENSG00000287932	ENSCAFG00845013242	one_to_one	NA	NA	1	one_to_one:1
ENSG00000287938	NA	NA	ENSMUSG00000099340;ENSMUSG00000097182	many_to_many_strict	1	many_to_many_strict:1
ENSG00000287943	NA	NA	ENSMUSG00000117661	many_to_one	1	many_to_one:1
ENSG00000287946	NA	NA	ENSMUSG00000121159;ENSMUSG00000097960	many_to_many_strict	1	many_to_many_strict:1
ENSG00000287957	NA	NA	ENSMUSG00000120795	many_to_one	1	many_to_one:1
ENSG00000287965	NA	NA	ENSMUSG00000110630	many_to_one	1	many_to_one:1
ENSG00000287974	NA	NA	ENSMUSG00000097107	many_to_one	1	many_to_one:1
ENSG00000287975	NA	NA	ENSMUSG00000120700	many_to_one	1	many_to_one:1
ENSG00000287980	NA	NA	ENSMUSG00000085244	one_to_one	1	one_to_one:1
ENSG00000287982	NA	NA	ENSMUSG00000085708;ENSMUSG00000085345	one_to_many	1	one_to_many:1
ENSG00000287984	ENSCAFG00845005873	one_to_one	ENSMUSG00000087559	one_to_one	2	one_to_one:2
ENSG00000287990	NA	NA	ENSMUSG00000112945;ENSMUSG00000113694	many_to_many_strict	1	many_to_many_strict:1
ENSG00000287997	NA	NA	ENSMUSG00000109722;ENSMUSG00000109847	many_to_many	1	many_to_many:1
ENSG00000288012	NA	NA	ENSMUSG00000086914	one_to_one	1	one_to_one:1
ENSG00000288029	ENSCAFG00845027164	one_to_one	ENSMUSG00000114570;ENSMUSG00000114774	one_to_many	2	one_to_many:1;one_to_one:1
ENSG00000288034	NA	NA	ENSMUSG00000114149;ENSMUSG00000113390	one_to_many	1	one_to_many:1
ENSG00000288045	NA	NA	ENSMUSG00000115324	one_to_one	1	one_to_one:1
ENSG00000288046	NA	NA	ENSMUSG00000100022;ENSMUSG00000114573;ENSMUSG00000114701	many_to_many	1	many_to_many:1
ENSG00000288050	NA	NA	ENSMUSG00000117117	many_to_one	1	many_to_one:1
ENSG00000288060	NA	NA	ENSMUSG00000085555	one_to_one	1	one_to_one:1
ENSG00000288069	NA	NA	ENSMUSG00000117000;ENSMUSG00000117179;ENSMUSG00000117324	many_to_many	1	many_to_many:1
ENSG00000288076	NA	NA	ENSMUSG00000087300	many_to_one	1	many_to_one:1
ENSG00000288102	NA	NA	ENSMUSG00000112497	one_to_one	1	one_to_one:1
ENSG00000288106	NA	NA	ENSMUSG00000115971	one_to_one	1	one_to_one:1
ENSG00000288110	NA	NA	ENSMUSG00000085150;ENSMUSG00000087363	many_to_many	1	many_to_many:1
ENSG00000288172	NA	NA	ENSMUSG00000100119	one_to_one	1	one_to_one:1
ENSG00000288531	ENSCAFG00845019165;ENSCAFG00845019155;ENSCAFG00845019136	many_to_many	NA	NA	1	many_to_many:1
ENSG00000288536	NA	NA	ENSMUSG00000109338	one_to_one	1	one_to_one:1
ENSG00000288537	NA	NA	ENSMUSG00000086904	many_to_one	1	many_to_one:1
ENSG00000288554	NA	NA	ENSMUSG00000110548;ENSMUSG00000110667	many_to_many	1	many_to_many:1
ENSG00000288562	NA	NA	ENSMUSG00000097754	one_to_one	1	one_to_one:1
ENSG00000288568	NA	NA	ENSMUSG00000098221	one_to_one	1	one_to_one:1
ENSG00000288576	NA	NA	ENSMUSG00000120420	one_to_one	1	one_to_one:1
ENSG00000288577	NA	NA	ENSMUSG00000121224	one_to_one	1	one_to_one:1
ENSG00000288581	NA	NA	ENSMUSG00000100585	many_to_one	1	many_to_one:1
ENSG00000288605	NA	NA	ENSMUSG00000075437	one_to_one	1	one_to_one:1
ENSG00000288659	ENSCAFG00845005529	one_to_one	NA	NA	1	one_to_one:1
ENSG00000288670	ENSCAFG00845028827	one_to_one	NA	NA	1	one_to_one:1
ENSG00000288720	NA	NA	ENSMUSG00000090608	one_to_one	1	one_to_one:1
ENSG00000288727	NA	NA	ENSMUSG00000086192	many_to_one	1	many_to_one:1
ENSG00000288728	NA	NA	ENSMUSG00000120635	one_to_one	1	one_to_one:1
ENSG00000288743	ENSCAFG00845024376	one_to_one	NA	NA	1	one_to_one:1
ENSG00000288746	NA	NA	ENSMUSG00000121109	one_to_one	1	one_to_one:1
ENSG00000288755	NA	NA	ENSMUSG00000100625	one_to_one	1	one_to_one:1
ENSG00000288758	NA	NA	ENSMUSG00000087668	many_to_one	1	many_to_one:1
ENSG00000288771	NA	NA	ENSMUSG00000085003;ENSMUSG00000117979	many_to_many_strict	1	many_to_many_strict:1
ENSG00000288776	NA	NA	ENSMUSG00000097910	many_to_one	1	many_to_one:1
ENSG00000288782	NA	NA	ENSMUSG00000110286	one_to_one	1	one_to_one:1
ENSG00000288794	ENSCAFG00845023287	one_to_one	NA	NA	1	one_to_one:1
ENSG00000288806	NA	NA	ENSMUSG00000100593;ENSMUSG00000116665	many_to_many	1	many_to_many:1
ENSG00000288808	NA	NA	ENSMUSG00000086308	many_to_one	1	many_to_one:1
ENSG00000288809	NA	NA	ENSMUSG00000097585	one_to_one	1	one_to_one:1
ENSG00000288810	NA	NA	ENSMUSG00000097311	many_to_one	1	many_to_one:1
ENSG00000288818	NA	NA	ENSMUSG00000090031	many_to_one	1	many_to_one:1
ENSG00000288831	NA	NA	ENSMUSG00000085067	many_to_one	1	many_to_one:1
ENSG00000288832	ENSCAFG00845029407	many_to_one	NA	NA	1	many_to_one:1
ENSG00000288833	ENSCAFG00845001084	one_to_one	NA	NA	1	one_to_one:1
ENSG00000288835	NA	NA	ENSMUSG00000120112;ENSMUSG00000120121	one_to_many	1	one_to_many:1
ENSG00000288840	NA	NA	ENSMUSG00000120497;ENSMUSG00000113883	one_to_many	1	one_to_many:1
ENSG00000288843	NA	NA	ENSMUSG00000085469	one_to_one	1	one_to_one:1
ENSG00000288844	NA	NA	ENSMUSG00000120787	many_to_one	1	many_to_one:1
ENSG00000288848	ENSCAFG00845023162	one_to_one	NA	NA	1	one_to_one:1
ENSG00000288850	NA	NA	ENSMUSG00000109485	one_to_one	1	one_to_one:1
ENSG00000288856	NA	NA	ENSMUSG00000121006	one_to_one	1	one_to_one:1
ENSG00000288865	ENSCAFG00845000049	one_to_one	NA	NA	1	one_to_one:1
ENSG00000288868	NA	NA	ENSMUSG00000084834	one_to_one	1	one_to_one:1
ENSG00000288872	NA	NA	ENSMUSG00000108563	one_to_one	1	one_to_one:1
ENSG00000288876	NA	NA	ENSMUSG00000120940;ENSMUSG00000084851	one_to_many	1	one_to_many:1
ENSG00000288877	NA	NA	ENSMUSG00000120603	one_to_one	1	one_to_one:1
ENSG00000288885	NA	NA	ENSMUSG00000112773	one_to_one	1	one_to_one:1
ENSG00000288886	ENSCAFG00845025071	many_to_one	ENSMUSG00000121087	many_to_one	2	many_to_one:2
ENSG00000288889	ENSCAFG00845004150	one_to_one	NA	NA	1	one_to_one:1
ENSG00000288896	ENSCAFG00845015227	many_to_one	ENSMUSG00000116903;ENSMUSG00000055370;ENSMUSG00000085499;ENSMUSG00000075070	many_to_many	2	many_to_many:1;many_to_one:1
ENSG00000288899	ENSCAFG00845001515	one_to_one	NA	NA	1	one_to_one:1
ENSG00000288900	NA	NA	ENSMUSG00000120049	one_to_one	1	one_to_one:1
ENSG00000288904	ENSCAFG00845018340	many_to_one	ENSMUSG00000113170	many_to_one	2	many_to_one:2
ENSG00000288910	NA	NA	ENSMUSG00000121180	one_to_one	1	one_to_one:1
ENSG00000288913	NA	NA	ENSMUSG00000105837	one_to_one	1	one_to_one:1
ENSG00000288927	NA	NA	ENSMUSG00000120660	one_to_one	1	one_to_one:1
ENSG00000288928	ENSCAFG00845023468	one_to_one	NA	NA	1	one_to_one:1
ENSG00000288929	NA	NA	ENSMUSG00000085178	one_to_one	1	one_to_one:1
ENSG00000288935	ENSCAFG00845001367	one_to_one	NA	NA	1	one_to_one:1
ENSG00000288942	NA	NA	ENSMUSG00000097750;ENSMUSG00000090357	one_to_many	1	one_to_many:1
ENSG00000288944	NA	NA	ENSMUSG00000106783	one_to_one	1	one_to_one:1
ENSG00000288952	NA	NA	ENSMUSG00000120571	one_to_one	1	one_to_one:1
ENSG00000288955	NA	NA	ENSMUSG00000085505	one_to_one	1	one_to_one:1
ENSG00000288957	NA	NA	ENSMUSG00000114213	many_to_one	1	many_to_one:1
ENSG00000288958	NA	NA	ENSMUSG00000084946	one_to_one	1	one_to_one:1
ENSG00000288963	NA	NA	ENSMUSG00000092182	many_to_one	1	many_to_one:1
ENSG00000288966	NA	NA	ENSMUSG00000101476	one_to_one	1	one_to_one:1
ENSG00000288971	ENSCAFG00845024560	one_to_one	NA	NA	1	one_to_one:1
ENSG00000288986	NA	NA	ENSMUSG00000121213	many_to_one	1	many_to_one:1
ENSG00000288988	NA	NA	ENSMUSG00000090207	one_to_one	1	one_to_one:1
ENSG00000288991	NA	NA	ENSMUSG00000097756	one_to_one	1	one_to_one:1
ENSG00000288992	ENSCAFG00845025298;ENSCAFG00845025310	many_to_many_strict	NA	NA	1	many_to_many_strict:1
ENSG00000289008	ENSCAFG00845017881;ENSCAFG00845018016	many_to_many	ENSMUSG00000097265	many_to_one	2	many_to_many:1;many_to_one:1
ENSG00000289013	ENSCAFG00845025298;ENSCAFG00845025310	many_to_many_strict	NA	NA	1	many_to_many_strict:1
ENSG00000289014	ENSCAFG00845015526	one_to_one	NA	NA	1	one_to_one:1
ENSG00000289018	NA	NA	ENSMUSG00000119944;ENSMUSG00000120832	one_to_many	1	one_to_many:1
ENSG00000289019	NA	NA	ENSMUSG00000121172	one_to_one	1	one_to_one:1
ENSG00000289031	ENSCAFG00845022179	one_to_one	NA	NA	1	one_to_one:1
ENSG00000289041	NA	NA	ENSMUSG00000080727	one_to_one	1	one_to_one:1
ENSG00000289048	NA	NA	ENSMUSG00000089804;ENSMUSG00000089949	many_to_many_strict	1	many_to_many_strict:1
ENSG00000289049	NA	NA	ENSMUSG00000113585	many_to_one	1	many_to_one:1
ENSG00000289053	NA	NA	ENSMUSG00000107660	one_to_one	1	one_to_one:1
ENSG00000289055	NA	NA	ENSMUSG00000097892	one_to_one	1	one_to_one:1
ENSG00000289058	NA	NA	ENSMUSG00000052188	many_to_one	1	many_to_one:1
ENSG00000289061	NA	NA	ENSMUSG00000117137	one_to_one	1	one_to_one:1
ENSG00000289067	NA	NA	ENSMUSG00000121084	many_to_one	1	many_to_one:1
ENSG00000289071	NA	NA	ENSMUSG00000104077	one_to_one	1	one_to_one:1
ENSG00000289075	NA	NA	ENSMUSG00000093587	many_to_one	1	many_to_one:1
ENSG00000289077	ENSCAFG00845015974	one_to_one	NA	NA	1	one_to_one:1
ENSG00000289081	NA	NA	ENSMUSG00000086774	many_to_one	1	many_to_one:1
ENSG00000289082	ENSCAFG00845025071	many_to_one	ENSMUSG00000121087	many_to_one	2	many_to_one:2
ENSG00000289088	NA	NA	ENSMUSG00000085881	many_to_one	1	many_to_one:1
ENSG00000289090	NA	NA	ENSMUSG00000116801	many_to_one	1	many_to_one:1
ENSG00000289101	NA	NA	ENSMUSG00000120759	one_to_one	1	one_to_one:1
ENSG00000289103	NA	NA	ENSMUSG00000074466	one_to_one	1	one_to_one:1
ENSG00000289105	ENSCAFG00845030688	one_to_one	ENSMUSG00000107013	one_to_one	2	one_to_one:2
ENSG00000289107	NA	NA	ENSMUSG00000101481	many_to_one	1	many_to_one:1
ENSG00000289119	NA	NA	ENSMUSG00000098434	many_to_one	1	many_to_one:1
ENSG00000289125	NA	NA	ENSMUSG00000086112	one_to_one	1	one_to_one:1
ENSG00000289128	ENSCAFG00845004193	many_to_one	ENSMUSG00000097023	many_to_one	2	many_to_one:2
ENSG00000289130	NA	NA	ENSMUSG00000114504	many_to_one	1	many_to_one:1
ENSG00000289132	NA	NA	ENSMUSG00000086629	one_to_one	1	one_to_one:1
ENSG00000289135	NA	NA	ENSMUSG00000102845	one_to_one	1	one_to_one:1
ENSG00000289155	NA	NA	ENSMUSG00000120539	one_to_one	1	one_to_one:1
ENSG00000289159	NA	NA	ENSMUSG00000044387	one_to_one	1	one_to_one:1
ENSG00000289162	NA	NA	ENSMUSG00000097623	one_to_one	1	one_to_one:1
ENSG00000289168	NA	NA	ENSMUSG00000119947	one_to_one	1	one_to_one:1
ENSG00000289170	NA	NA	ENSMUSG00000118068	one_to_one	1	one_to_one:1
ENSG00000289171	NA	NA	ENSMUSG00000108551	one_to_one	1	one_to_one:1
ENSG00000289179	ENSCAFG00845017753;ENSCAFG00845017740	many_to_many	NA	NA	1	many_to_many:1
ENSG00000289180	NA	NA	ENSMUSG00000112278	many_to_one	1	many_to_one:1
ENSG00000289182	NA	NA	ENSMUSG00000043644	many_to_one	1	many_to_one:1
ENSG00000289194	NA	NA	ENSMUSG00000118138	one_to_one	1	one_to_one:1
ENSG00000289198	NA	NA	ENSMUSG00000120261	one_to_one	1	one_to_one:1
ENSG00000289201	ENSCAFG00845007874;ENSCAFG00845007915	one_to_many	NA	NA	1	one_to_many:1
ENSG00000289222	NA	NA	ENSMUSG00000086719	one_to_one	1	one_to_one:1
ENSG00000289224	ENSCAFG00845023998	one_to_one	NA	NA	1	one_to_one:1
ENSG00000289226	NA	NA	ENSMUSG00000087269;ENSMUSG00000087430	one_to_many	1	one_to_many:1
ENSG00000289228	NA	NA	ENSMUSG00000087579	one_to_one	1	one_to_one:1
ENSG00000289229	NA	NA	ENSMUSG00000097536	many_to_one	1	many_to_one:1
ENSG00000289234	NA	NA	ENSMUSG00000072893	one_to_one	1	one_to_one:1
ENSG00000289238	ENSCAFG00845026695	one_to_one	NA	NA	1	one_to_one:1
ENSG00000289242	ENSCAFG00845014816;ENSCAFG00845014794;ENSCAFG00845014805;ENSCAFG00845014811;ENSCAFG00845014799	many_to_many	ENSMUSG00000120107	many_to_one	2	many_to_many:1;many_to_one:1
ENSG00000289244	NA	NA	ENSMUSG00000084915	one_to_one	1	one_to_one:1
ENSG00000289250	NA	NA	ENSMUSG00000100164	one_to_one	1	one_to_one:1
ENSG00000289254	NA	NA	ENSMUSG00000085779	one_to_one	1	one_to_one:1
ENSG00000289256	ENSCAFG00845018124	one_to_one	ENSMUSG00000119997;ENSMUSG00000087014	one_to_many	2	one_to_many:1;one_to_one:1
ENSG00000289257	NA	NA	ENSMUSG00000120366	one_to_one	1	one_to_one:1
ENSG00000289259	ENSCAFG00845024037	many_to_one	NA	NA	1	many_to_one:1
ENSG00000289262	NA	NA	ENSMUSG00000120461	one_to_one	1	one_to_one:1
ENSG00000289266	NA	NA	ENSMUSG00000086430	one_to_one	1	one_to_one:1
ENSG00000289270	ENSCAFG00845028481	many_to_one	NA	NA	1	many_to_one:1
ENSG00000289277	NA	NA	ENSMUSG00000086913	many_to_one	1	many_to_one:1
ENSG00000289279	NA	NA	ENSMUSG00000111219	one_to_one	1	one_to_one:1
ENSG00000289294	ENSCAFG00845016355	one_to_one	NA	NA	1	one_to_one:1
ENSG00000289296	NA	NA	ENSMUSG00000063714	many_to_one	1	many_to_one:1
ENSG00000289304	NA	NA	ENSMUSG00000111905	one_to_one	1	one_to_one:1
ENSG00000289307	NA	NA	ENSMUSG00000031736	many_to_one	1	many_to_one:1
ENSG00000289308	NA	NA	ENSMUSG00000087431;ENSMUSG00000121076	many_to_many_strict	1	many_to_many_strict:1
ENSG00000289311	NA	NA	ENSMUSG00000120573	one_to_one	1	one_to_one:1
ENSG00000289312	NA	NA	ENSMUSG00000069713	one_to_one	1	one_to_one:1
ENSG00000289315	ENSCAFG00845027509	many_to_one	NA	NA	1	many_to_one:1
ENSG00000289320	NA	NA	ENSMUSG00000056023	one_to_one	1	one_to_one:1
ENSG00000289324	NA	NA	ENSMUSG00000097318	one_to_one	1	one_to_one:1
ENSG00000289327	NA	NA	ENSMUSG00000107682;ENSMUSG00000087001	one_to_many	1	one_to_many:1
ENSG00000289329	NA	NA	ENSMUSG00000086820;ENSMUSG00000085274	many_to_many	1	many_to_many:1
ENSG00000289333	NA	NA	ENSMUSG00000120692	one_to_one	1	one_to_one:1
ENSG00000289335	ENSCAFG00845028651	one_to_one	ENSMUSG00000111275	one_to_one	2	one_to_one:2
ENSG00000289340	NA	NA	ENSMUSG00000113940	many_to_one	1	many_to_one:1
ENSG00000289357	NA	NA	ENSMUSG00000093726	one_to_one	1	one_to_one:1
ENSG00000289359	NA	NA	ENSMUSG00000112360	one_to_one	1	one_to_one:1
ENSG00000289362	NA	NA	ENSMUSG00000120804	many_to_one	1	many_to_one:1
ENSG00000289371	ENSCAFG00845005450	one_to_one	NA	NA	1	one_to_one:1
ENSG00000289375	NA	NA	ENSMUSG00000090936	one_to_one	1	one_to_one:1
ENSG00000289380	ENSCAFG00845000956	one_to_one	NA	NA	1	one_to_one:1
ENSG00000289381	NA	NA	ENSMUSG00000107384	one_to_one	1	one_to_one:1
ENSG00000289393	ENSCAFG00845013757	one_to_one	NA	NA	1	one_to_one:1
ENSG00000289403	ENSCAFG00845018607	one_to_one	NA	NA	1	one_to_one:1
ENSG00000289404	NA	NA	ENSMUSG00000120082	one_to_one	1	one_to_one:1
ENSG00000289408	NA	NA	ENSMUSG00000093538	one_to_one	1	one_to_one:1
ENSG00000289410	NA	NA	ENSMUSG00000085665	one_to_one	1	one_to_one:1
ENSG00000289418	NA	NA	ENSMUSG00000099907	many_to_one	1	many_to_one:1
ENSG00000289421	NA	NA	ENSMUSG00000089711	one_to_one	1	one_to_one:1
ENSG00000289424	NA	NA	ENSMUSG00000115344	one_to_one	1	one_to_one:1
ENSG00000289425	ENSCAFG00845010730	many_to_one	NA	NA	1	many_to_one:1
ENSG00000289438	NA	NA	ENSMUSG00000029837	one_to_one	1	one_to_one:1
ENSG00000289439	NA	NA	ENSMUSG00000101746	one_to_one	1	one_to_one:1
ENSG00000289440	NA	NA	ENSMUSG00000097557	one_to_one	1	one_to_one:1
ENSG00000289452	NA	NA	ENSMUSG00000084789	one_to_one	1	one_to_one:1
ENSG00000289463	NA	NA	ENSMUSG00000107534	many_to_one	1	many_to_one:1
ENSG00000289468	ENSCAFG00845011449	one_to_one	NA	NA	1	one_to_one:1
ENSG00000289481	NA	NA	ENSMUSG00000120128	one_to_one	1	one_to_one:1
ENSG00000289483	NA	NA	ENSMUSG00000106396	one_to_one	1	one_to_one:1
ENSG00000289489	NA	NA	ENSMUSG00000120047	many_to_one	1	many_to_one:1
ENSG00000289497	NA	NA	ENSMUSG00000118002	one_to_one	1	one_to_one:1
ENSG00000289498	NA	NA	ENSMUSG00000093436	one_to_one	1	one_to_one:1
ENSG00000289502	NA	NA	ENSMUSG00000087241	many_to_one	1	many_to_one:1
ENSG00000289512	NA	NA	ENSMUSG00000117998	many_to_one	1	many_to_one:1
ENSG00000289514	NA	NA	ENSMUSG00000120972;ENSMUSG00000086741	many_to_many_strict	1	many_to_many_strict:1
ENSG00000289526	ENSCAFG00845023213	one_to_one	NA	NA	1	one_to_one:1
ENSG00000289528	NA	NA	ENSMUSG00000121261	many_to_one	1	many_to_one:1
ENSG00000289532	NA	NA	ENSMUSG00000120160	many_to_one	1	many_to_one:1
ENSG00000289539	NA	NA	ENSMUSG00000086631	one_to_one	1	one_to_one:1
ENSG00000289548	ENSCAFG00845017322;ENSCAFG00845017277	one_to_many	NA	NA	1	one_to_many:1
ENSG00000289552	ENSCAFG00845002471	one_to_one	NA	NA	1	one_to_one:1
ENSG00000289555	NA	NA	ENSMUSG00000100927	one_to_one	1	one_to_one:1
ENSG00000289557	ENSCAFG00845006428	one_to_one	NA	NA	1	one_to_one:1
ENSG00000289572	ENSCAFG00845021227	many_to_one	NA	NA	1	many_to_one:1
ENSG00000289573	NA	NA	ENSMUSG00000100627	many_to_one	1	many_to_one:1
ENSG00000289580	ENSCAFG00845029145	one_to_one	NA	NA	1	one_to_one:1
ENSG00000289583	NA	NA	ENSMUSG00000111933	one_to_one	1	one_to_one:1
ENSG00000289586	ENSCAFG00845014895	one_to_one	NA	NA	1	one_to_one:1
ENSG00000289587	NA	NA	ENSMUSG00000086078;ENSMUSG00000084978	many_to_many_strict	1	many_to_many_strict:1
ENSG00000289590	NA	NA	ENSMUSG00000053545;ENSMUSG00000086509	many_to_many_strict	1	many_to_many_strict:1
ENSG00000289594	NA	NA	ENSMUSG00000085423	one_to_one	1	one_to_one:1
ENSG00000289599	NA	NA	ENSMUSG00000120942	one_to_one	1	one_to_one:1
ENSG00000289601	ENSCAFG00845002828	many_to_one	NA	NA	1	many_to_one:1
ENSG00000289605	ENSCAFG00845019994	one_to_one	NA	NA	1	one_to_one:1
ENSG00000289617	ENSCAFG00845015747	one_to_one	NA	NA	1	one_to_one:1
ENSG00000289622	NA	NA	ENSMUSG00000109761	many_to_one	1	many_to_one:1
ENSG00000289626	NA	NA	ENSMUSG00000120387;ENSMUSG00000120409	one_to_many	1	one_to_many:1
ENSG00000289630	NA	NA	ENSMUSG00000097616	one_to_one	1	one_to_one:1
ENSG00000289634	ENSCAFG00845017394;ENSCAFG00845017436;ENSCAFG00845017477	many_to_many	NA	NA	1	many_to_many:1
ENSG00000289704	NA	NA	ENSMUSG00000086690	many_to_one	1	many_to_one:1
ENSG00000289709	NA	NA	ENSMUSG00000086057;ENSMUSG00000086111	one_to_many	1	one_to_many:1
ENSG00000289740	ENSCAFG00845024037	many_to_one	NA	NA	1	many_to_one:1
ENSG00000289741	NA	NA	ENSMUSG00000106847	many_to_one	1	many_to_one:1
ENSG00000289745	NA	NA	ENSMUSG00000086121;ENSMUSG00000118206	one_to_many	1	one_to_many:1
ENSG00000289828	NA	NA	ENSMUSG00000116793	many_to_one	1	many_to_one:1
ENSG00000289844	NA	NA	ENSMUSG00000120232;ENSMUSG00000114163	many_to_many_strict	1	many_to_many_strict:1
ENSG00000289845	NA	NA	ENSMUSG00000100029;ENSMUSG00000101029	one_to_many	1	one_to_many:1
ENSG00000289846	NA	NA	ENSMUSG00000085512	one_to_one	1	one_to_one:1
ENSG00000289848	NA	NA	ENSMUSG00000086820;ENSMUSG00000085274	many_to_many	1	many_to_many:1
ENSG00000289850	NA	NA	ENSMUSG00000112131;ENSMUSG00000112156	one_to_many	1	one_to_many:1
ENSG00000289851	NA	NA	ENSMUSG00000109160	one_to_one	1	one_to_one:1
ENSG00000289857	ENSCAFG00845020719	one_to_one	NA	NA	1	one_to_one:1
ENSG00000289863	NA	NA	ENSMUSG00000120629	one_to_one	1	one_to_one:1
ENSG00000289865	NA	NA	ENSMUSG00000121120	one_to_one	1	one_to_one:1
ENSG00000289874	NA	NA	ENSMUSG00000120299;ENSMUSG00000117401	one_to_many	1	one_to_many:1
ENSG00000289877	NA	NA	ENSMUSG00000087184	many_to_one	1	many_to_one:1
ENSG00000289883	ENSCAFG00845024037	many_to_one	NA	NA	1	many_to_one:1
ENSG00000289885	ENSCAFG00845019998	one_to_one	NA	NA	1	one_to_one:1
ENSG00000289891	NA	NA	ENSMUSG00000120613	one_to_one	1	one_to_one:1
ENSG00000289896	NA	NA	ENSMUSG00000087545;ENSMUSG00000087106;ENSMUSG00000085448;ENSMUSG00000084798	one_to_many	1	one_to_many:1
ENSG00000289900	NA	NA	ENSMUSG00000090706	many_to_one	1	many_to_one:1
ENSG00000289912	NA	NA	ENSMUSG00000121039	one_to_one	1	one_to_one:1
ENSG00000289914	NA	NA	ENSMUSG00000086665	one_to_one	1	one_to_one:1
ENSG00000289929	NA	NA	ENSMUSG00000116973	one_to_one	1	one_to_one:1
ENSG00000289931	NA	NA	ENSMUSG00000086127	one_to_one	1	one_to_one:1
ENSG00000289934	NA	NA	ENSMUSG00000086006;ENSMUSG00000086491	one_to_many	1	one_to_many:1
ENSG00000289942	NA	NA	ENSMUSG00000104937	one_to_one	1	one_to_one:1
ENSG00000289943	NA	NA	ENSMUSG00000087253	one_to_one	1	one_to_one:1
ENSG00000289947	ENSCAFG00845027757	many_to_one	NA	NA	1	many_to_one:1
ENSG00000289948	NA	NA	ENSMUSG00000111429	one_to_one	1	one_to_one:1
ENSG00000289952	NA	NA	ENSMUSG00000120362	one_to_one	1	one_to_one:1
ENSG00000289954	NA	NA	ENSMUSG00000120152	one_to_one	1	one_to_one:1
ENSG00000289966	NA	NA	ENSMUSG00000108648	one_to_one	1	one_to_one:1
ENSG00000289968	ENSCAFG00845003269	one_to_one	NA	NA	1	one_to_one:1
ENSG00000289969	NA	NA	ENSMUSG00000086293;ENSMUSG00000087413	many_to_many	1	many_to_many:1
ENSG00000289971	ENSCAFG00845021899	one_to_one	NA	NA	1	one_to_one:1
ENSG00000289974	NA	NA	ENSMUSG00000121003	one_to_one	1	one_to_one:1
ENSG00000289980	NA	NA	ENSMUSG00000056771	one_to_one	1	one_to_one:1
ENSG00000289981	NA	NA	ENSMUSG00000086893	one_to_one	1	one_to_one:1
ENSG00000289987	NA	NA	ENSMUSG00000120546	one_to_one	1	one_to_one:1
ENSG00000289989	NA	NA	ENSMUSG00000111941;ENSMUSG00000090622	many_to_many_strict	1	many_to_many_strict:1
ENSG00000289993	NA	NA	ENSMUSG00000118293	one_to_one	1	one_to_one:1
ENSG00000290006	NA	NA	ENSMUSG00000120544	one_to_one	1	one_to_one:1
ENSG00000290008	NA	NA	ENSMUSG00000097217	one_to_one	1	one_to_one:1
ENSG00000290017	NA	NA	ENSMUSG00000110419	many_to_one	1	many_to_one:1
ENSG00000290022	ENSCAFG00845021699	one_to_one	NA	NA	1	one_to_one:1
ENSG00000290023	NA	NA	ENSMUSG00000113621	one_to_one	1	one_to_one:1
ENSG00000290024	NA	NA	ENSMUSG00000087675	one_to_one	1	one_to_one:1
ENSG00000290029	NA	NA	ENSMUSG00000097107	many_to_one	1	many_to_one:1
ENSG00000290039	ENSCAFG00845023029	one_to_one	NA	NA	1	one_to_one:1
ENSG00000290046	ENSCAFG00845028180	many_to_one	NA	NA	1	many_to_one:1
ENSG00000290048	NA	NA	ENSMUSG00000108196	many_to_one	1	many_to_one:1
ENSG00000290056	ENSCAFG00845024153;ENSCAFG00845024165	one_to_many	ENSMUSG00000084766	one_to_one	2	one_to_many:1;one_to_one:1
ENSG00000290058	NA	NA	ENSMUSG00000097509	many_to_one	1	many_to_one:1
ENSG00000290059	NA	NA	ENSMUSG00000121011	one_to_one	1	one_to_one:1
ENSG00000290061	ENSCAFG00845024037	many_to_one	NA	NA	1	many_to_one:1
ENSG00000290062	NA	NA	ENSMUSG00000114552;ENSMUSG00000114585;ENSMUSG00000097373;ENSMUSG00000114914	many_to_many	1	many_to_many:1
ENSG00000290063	NA	NA	ENSMUSG00000097166	many_to_one	1	many_to_one:1
ENSG00000290072	NA	NA	ENSMUSG00000107994	one_to_one	1	one_to_one:1
ENSG00000290079	ENSCAFG00845020194	one_to_one	NA	NA	1	one_to_one:1
ENSG00000290083	NA	NA	ENSMUSG00000109959	one_to_one	1	one_to_one:1
ENSG00000290086	NA	NA	ENSMUSG00000100786	one_to_one	1	one_to_one:1
ENSG00000290091	NA	NA	ENSMUSG00000119945;ENSMUSG00000120304;ENSMUSG00000119979	many_to_many	1	many_to_many:1
ENSG00000290093	NA	NA	ENSMUSG00000121256	one_to_one	1	one_to_one:1
ENSG00000290095	NA	NA	ENSMUSG00000059631;ENSMUSG00000086446;ENSMUSG00000087314;ENSMUSG00000043833	many_to_many	1	many_to_many:1
ENSG00000290098	NA	NA	ENSMUSG00000059277	many_to_one	1	many_to_one:1
ENSG00000290102	NA	NA	ENSMUSG00000120189	one_to_one	1	one_to_one:1
ENSG00000290108	NA	NA	ENSMUSG00000120673	one_to_one	1	one_to_one:1
ENSG00000290110	NA	NA	ENSMUSG00000092386	one_to_one	1	one_to_one:1
ENSG00000290123	NA	NA	ENSMUSG00000087352	many_to_one	1	many_to_one:1
ENSG00000290204	NA	NA	ENSMUSG00000107219	many_to_one	1	many_to_one:1
ENSG00000290234	NA	NA	ENSMUSG00000106740	one_to_one	1	one_to_one:1
ENSG00000290319	NA	NA	ENSMUSG00000103108	one_to_one	1	one_to_one:1
ENSG00000290416	NA	NA	ENSMUSG00000101856	one_to_one	1	one_to_one:1
ENSG00000290426	NA	NA	ENSMUSG00000111050	many_to_one	1	many_to_one:1
ENSG00000290444	ENSCAFG00845003841	one_to_one	NA	NA	1	one_to_one:1
ENSG00000290510	NA	NA	ENSMUSG00000120037	many_to_one	1	many_to_one:1
ENSG00000290585	NA	NA	ENSMUSG00000085330	many_to_one	1	many_to_one:1
ENSG00000290588	NA	NA	ENSMUSG00000085330	many_to_one	1	many_to_one:1
ENSG00000290644	NA	NA	ENSMUSG00000107008	one_to_one	1	one_to_one:1
ENSG00000290675	NA	NA	ENSMUSG00000109113	one_to_one	1	one_to_one:1
ENSG00000290760	NA	NA	ENSMUSG00000086662	one_to_one	1	one_to_one:1
ENSG00000290762	NA	NA	ENSMUSG00000120439	one_to_one	1	one_to_one:1
ENSG00000290782	ENSCAFG00845029373	one_to_one	ENSMUSG00000120470	one_to_one	2	one_to_one:2
ENSG00000290790	NA	NA	ENSMUSG00000097851	one_to_one	1	one_to_one:1
ENSG00000290802	NA	NA	ENSMUSG00000105646	many_to_one	1	many_to_one:1
ENSG00000290803	NA	NA	ENSMUSG00000097686	many_to_one	1	many_to_one:1
ENSG00000290817	NA	NA	ENSMUSG00000121495	many_to_one	1	many_to_one:1
ENSG00000290864	NA	NA	ENSMUSG00000117358;ENSMUSG00000097546	many_to_many_strict	1	many_to_many_strict:1
ENSG00000290893	ENSCAFG00845002954	one_to_one	NA	NA	1	one_to_one:1
ENSG00000290987	ENSCAFG00845004586	one_to_one	NA	NA	1	one_to_one:1
ENSG00000291009	ENSCAFG00845021070	many_to_one	NA	NA	1	many_to_one:1
ENSG00000291048	NA	NA	ENSMUSG00000110116;ENSMUSG00000109704	many_to_many_strict	1	many_to_many_strict:1
ENSG00000291049	NA	NA	ENSMUSG00000110321	one_to_one	1	one_to_one:1
ENSG00000291067	NA	NA	ENSMUSG00000121504	one_to_one	1	one_to_one:1
ENSG00000291098	NA	NA	ENSMUSG00000117220	many_to_one	1	many_to_one:1
ENSG00000291127	NA	NA	ENSMUSG00000119951	one_to_one	1	one_to_one:1
ENSG00000291163	NA	NA	ENSMUSG00000085927	one_to_one	1	one_to_one:1
ENSG00000291199	NA	NA	ENSMUSG00000105350	one_to_one	1	one_to_one:1
ENSG00000291225	NA	NA	ENSMUSG00000121315	one_to_one	1	one_to_one:1
ENSG00000291250	NA	NA	ENSMUSG00000117220	many_to_one	1	many_to_one:1
ENSG00000291251	NA	NA	ENSMUSG00000117220	many_to_one	1	many_to_one:1
ENSG00000291252	NA	NA	ENSMUSG00000117220	many_to_one	1	many_to_one:1
