lncRNA.Mus_musculus	lncRNA.Canis_lupus_familiaris	orthology_type.Mus_musculus.Canis_lupus_familiaris	lncRNA.Homo_sapiens	orthology_type.Mus_musculus.Homo_sapiens	nbTotalIndication	profilIndication
ENSMUSG00000009551	NA	NA	ENSG00000286196	one_to_one	1	one_to_one:1
ENSMUSG00000010492	ENSCAFG00845018871	one_to_one	ENSG00000280213	one_to_one	2	one_to_one:2
ENSMUSG00000020703	NA	NA	ENSG00000263571;ENSG00000264643;ENSG00000263435;ENSG00000264990;ENSG00000265125;ENSG00000266535;ENSG00000264791;ENSG00000265115;ENSG00000265697;ENSG00000265689	many_to_many	1	many_to_many:1
ENSMUSG00000020812	ENSCAFG00845017031	one_to_one	NA	NA	1	one_to_one:1
ENSMUSG00000020992	NA	NA	ENSG00000258857	one_to_one	1	one_to_one:1
ENSMUSG00000021101	NA	NA	ENSG00000258630	one_to_one	1	one_to_one:1
ENSMUSG00000021600	NA	NA	ENSG00000250529;ENSG00000251426	one_to_many	1	one_to_many:1
ENSMUSG00000022187	ENSCAFG00845006164	one_to_one	NA	NA	1	one_to_one:1
ENSMUSG00000022288	NA	NA	ENSG00000253629	many_to_one	1	many_to_one:1
ENSMUSG00000024658	NA	NA	ENSG00000255126;ENSG00000255118	one_to_many	1	one_to_many:1
ENSMUSG00000025450	NA	NA	ENSG00000248554;ENSG00000248240	one_to_many	1	one_to_many:1
ENSMUSG00000025783	NA	NA	ENSG00000197308	many_to_one	1	many_to_one:1
ENSMUSG00000027196	NA	NA	ENSG00000244926	one_to_one	1	one_to_one:1
ENSMUSG00000027345	NA	NA	ENSG00000276688	one_to_one	1	one_to_one:1
ENSMUSG00000028612	NA	NA	ENSG00000234578;ENSG00000232762;ENSG00000225675;ENSG00000228838	many_to_many	1	many_to_many:1
ENSMUSG00000029360	NA	NA	ENSG00000257279;ENSG00000274554	one_to_many	1	one_to_many:1
ENSMUSG00000029837	NA	NA	ENSG00000289438	one_to_one	1	one_to_one:1
ENSMUSG00000030623	NA	NA	ENSG00000255471	one_to_one	1	one_to_one:1
ENSMUSG00000030664	NA	NA	ENSG00000254878	many_to_one	1	many_to_one:1
ENSMUSG00000031510	NA	NA	ENSG00000225870	one_to_one	1	one_to_one:1
ENSMUSG00000031736	NA	NA	ENSG00000289307;ENSG00000245694	one_to_many	1	one_to_many:1
ENSMUSG00000033731	NA	NA	ENSG00000258920;ENSG00000258380;ENSG00000259073;ENSG00000258699;ENSG00000258752;ENSG00000277801	many_to_many	1	many_to_many:1
ENSMUSG00000034587	NA	NA	ENSG00000254835	one_to_one	1	one_to_one:1
ENSMUSG00000034764	NA	NA	ENSG00000197301;ENSG00000256083	many_to_many_strict	1	many_to_many_strict:1
ENSMUSG00000037535	ENSCAFG00845005022	one_to_one	NA	NA	1	one_to_one:1
ENSMUSG00000037735	NA	NA	ENSG00000235497;ENSG00000224361;ENSG00000283031	one_to_many	1	one_to_many:1
ENSMUSG00000037982	NA	NA	ENSG00000250326	one_to_one	1	one_to_one:1
ENSMUSG00000038152	NA	NA	ENSG00000229931;ENSG00000272341	many_to_many	1	many_to_many:1
ENSMUSG00000038408	NA	NA	ENSG00000261730	one_to_one	1	one_to_one:1
ENSMUSG00000038491	ENSCAFG00845016096	one_to_one	NA	NA	1	one_to_one:1
ENSMUSG00000038917	NA	NA	ENSG00000285534	many_to_one	1	many_to_one:1
ENSMUSG00000041878	NA	NA	ENSG00000235319	many_to_one	1	many_to_one:1
ENSMUSG00000042579	NA	NA	ENSG00000229780	one_to_one	1	one_to_one:1
ENSMUSG00000043168	NA	NA	ENSG00000228835	one_to_one	1	one_to_one:1
ENSMUSG00000043644	NA	NA	ENSG00000229848;ENSG00000289182	one_to_many	1	one_to_many:1
ENSMUSG00000043794	NA	NA	ENSG00000272159	one_to_one	1	one_to_one:1
ENSMUSG00000043833	NA	NA	ENSG00000290095;ENSG00000239911;ENSG00000242048	many_to_many	1	many_to_many:1
ENSMUSG00000043993	NA	NA	ENSG00000263271	many_to_one	1	many_to_one:1
ENSMUSG00000044062	NA	NA	ENSG00000286424	one_to_one	1	one_to_one:1
ENSMUSG00000044387	NA	NA	ENSG00000289159	one_to_one	1	one_to_one:1
ENSMUSG00000044544	NA	NA	ENSG00000250748	one_to_one	1	one_to_one:1
ENSMUSG00000044633	NA	NA	ENSG00000246363	one_to_one	1	one_to_one:1
ENSMUSG00000044694	NA	NA	ENSG00000196167	one_to_one	1	one_to_one:1
ENSMUSG00000045008	NA	NA	ENSG00000234206	many_to_one	1	many_to_one:1
ENSMUSG00000045075	NA	NA	ENSG00000250948	one_to_one	1	one_to_one:1
ENSMUSG00000045178	ENSCAFG00845019009	many_to_one	ENSG00000241648;ENSG00000239519	many_to_many_strict	2	many_to_many_strict:1;many_to_one:1
ENSMUSG00000045238	ENSCAFG00845017649	one_to_one	ENSG00000248719	one_to_one	2	one_to_one:2
ENSMUSG00000045339	NA	NA	ENSG00000259580	many_to_one	1	many_to_one:1
ENSMUSG00000045464	NA	NA	ENSG00000254907	one_to_one	1	one_to_one:1
ENSMUSG00000045815	NA	NA	ENSG00000229797	one_to_one	1	one_to_one:1
ENSMUSG00000045928	NA	NA	ENSG00000261045	many_to_one	1	many_to_one:1
ENSMUSG00000046085	NA	NA	ENSG00000254508;ENSG00000255272	one_to_many	1	one_to_many:1
ENSMUSG00000046413	NA	NA	ENSG00000277559;ENSG00000283689	one_to_many	1	one_to_many:1
ENSMUSG00000046415	NA	NA	ENSG00000267480	one_to_one	1	one_to_one:1
ENSMUSG00000046840	NA	NA	ENSG00000226812	one_to_one	1	one_to_one:1
ENSMUSG00000047046	NA	NA	ENSG00000242049	one_to_one	1	one_to_one:1
ENSMUSG00000047807	NA	NA	ENSG00000272384	many_to_one	1	many_to_one:1
ENSMUSG00000047935	NA	NA	ENSG00000224243	one_to_one	1	one_to_one:1
ENSMUSG00000047938	NA	NA	ENSG00000272834;ENSG00000232564	one_to_many	1	one_to_many:1
ENSMUSG00000047988	NA	NA	ENSG00000276170	one_to_one	1	one_to_one:1
ENSMUSG00000048603	NA	NA	ENSG00000272525	one_to_one	1	one_to_one:1
ENSMUSG00000048636	NA	NA	ENSG00000241158;ENSG00000241684	many_to_many	1	many_to_many:1
ENSMUSG00000049476	NA	NA	ENSG00000253112	one_to_one	1	one_to_one:1
ENSMUSG00000050179	ENSCAFG00845001903	one_to_one	NA	NA	1	one_to_one:1
ENSMUSG00000050334	ENSCAFG00845017914	one_to_one	ENSG00000250377;ENSG00000245526	one_to_many	2	one_to_many:1;one_to_one:1
ENSMUSG00000051008	NA	NA	ENSG00000226746;ENSG00000237328;ENSG00000223979	one_to_many	1	one_to_many:1
ENSMUSG00000051638	NA	NA	ENSG00000285923	one_to_one	1	one_to_one:1
ENSMUSG00000051729	NA	NA	ENSG00000241359	one_to_one	1	one_to_one:1
ENSMUSG00000051788	NA	NA	ENSG00000231246	one_to_one	1	one_to_one:1
ENSMUSG00000052143	NA	NA	ENSG00000259532	one_to_one	1	one_to_one:1
ENSMUSG00000052188	NA	NA	ENSG00000237410;ENSG00000289058	one_to_many	1	one_to_many:1
ENSMUSG00000052248	NA	NA	ENSG00000232606;ENSG00000283118;ENSG00000238057	one_to_many	1	one_to_many:1
ENSMUSG00000052368	NA	NA	ENSG00000234948	many_to_one	1	many_to_one:1
ENSMUSG00000052371	NA	NA	ENSG00000272729;ENSG00000237380	one_to_many	1	one_to_many:1
ENSMUSG00000052479	NA	NA	ENSG00000260115	one_to_one	1	one_to_one:1
ENSMUSG00000052629	NA	NA	ENSG00000260305	many_to_one	1	many_to_one:1
ENSMUSG00000052724	ENSCAFG00845021917	one_to_one	NA	NA	1	one_to_one:1
ENSMUSG00000052769	NA	NA	ENSG00000225938	one_to_one	1	one_to_one:1
ENSMUSG00000052951	NA	NA	ENSG00000224842	one_to_one	1	one_to_one:1
ENSMUSG00000053049	NA	NA	ENSG00000255345;ENSG00000254885;ENSG00000254563	many_to_many	1	many_to_many:1
ENSMUSG00000053117	NA	NA	ENSG00000238276	one_to_one	1	one_to_one:1
ENSMUSG00000053181	NA	NA	ENSG00000230262	one_to_one	1	one_to_one:1
ENSMUSG00000053420	ENSCAFG00845022473	one_to_one	NA	NA	1	one_to_one:1
ENSMUSG00000053545	NA	NA	ENSG00000289590;ENSG00000258197	many_to_many_strict	1	many_to_many_strict:1
ENSMUSG00000053615	NA	NA	ENSG00000259705;ENSG00000286947	one_to_many	1	one_to_many:1
ENSMUSG00000053714	NA	NA	ENSG00000213904	one_to_one	1	one_to_one:1
ENSMUSG00000053749	NA	NA	ENSG00000245330	one_to_one	1	one_to_one:1
ENSMUSG00000053821	ENSCAFG00845025097	one_to_one	NA	NA	1	one_to_one:1
ENSMUSG00000053889	ENSCAFG00845008952	one_to_one	ENSG00000255317;ENSG00000257271;ENSG00000254607;ENSG00000254960;ENSG00000218109	one_to_many	2	one_to_many:1;one_to_one:1
ENSMUSG00000053925	NA	NA	ENSG00000226889	one_to_one	1	one_to_one:1
ENSMUSG00000053957	ENSCAFG00845029579	one_to_one	ENSG00000236866	one_to_one	2	one_to_one:2
ENSMUSG00000053979	ENSCAFG00845009050;ENSCAFG00845009060	many_to_many_strict	ENSG00000272479	many_to_one	2	many_to_many_strict:1;many_to_one:1
ENSMUSG00000054006	NA	NA	ENSG00000283125	one_to_one	1	one_to_one:1
ENSMUSG00000054057	ENSCAFG00845008721	one_to_one	NA	NA	1	one_to_one:1
ENSMUSG00000054135	ENSCAFG00845012343	one_to_one	NA	NA	1	one_to_one:1
ENSMUSG00000054247	NA	NA	ENSG00000272267	one_to_one	1	one_to_one:1
ENSMUSG00000054258	NA	NA	ENSG00000271897	one_to_one	1	one_to_one:1
ENSMUSG00000054412	NA	NA	ENSG00000235121;ENSG00000236390	many_to_many_strict	1	many_to_many_strict:1
ENSMUSG00000054426	NA	NA	ENSG00000233184;ENSG00000235795	one_to_many	1	one_to_many:1
ENSMUSG00000054457	NA	NA	ENSG00000229042;ENSG00000233508;ENSG00000227599	many_to_many	1	many_to_many:1
ENSMUSG00000054618	NA	NA	ENSG00000287590	one_to_one	1	one_to_one:1
ENSMUSG00000054779	NA	NA	ENSG00000273007	one_to_one	1	one_to_one:1
ENSMUSG00000054822	NA	NA	ENSG00000261449	one_to_one	1	one_to_one:1
ENSMUSG00000054945	ENSCAFG00845005652	one_to_one	ENSG00000250220	one_to_one	2	one_to_one:2
ENSMUSG00000055015	NA	NA	ENSG00000260378;ENSG00000261158	one_to_many	1	one_to_many:1
ENSMUSG00000055159	NA	NA	ENSG00000260352	one_to_one	1	one_to_one:1
ENSMUSG00000055188	NA	NA	ENSG00000228343;ENSG00000204620	one_to_many	1	one_to_many:1
ENSMUSG00000055323	NA	NA	ENSG00000250616	one_to_one	1	one_to_one:1
ENSMUSG00000055370	ENSCAFG00845015227	many_to_one	ENSG00000242767;ENSG00000241560;ENSG00000288896;ENSG00000242880;ENSG00000242290;ENSG00000239946;ENSG00000241295	many_to_many	2	many_to_many:1;many_to_one:1
ENSMUSG00000055403	NA	NA	ENSG00000239921	one_to_one	1	one_to_one:1
ENSMUSG00000055408	NA	NA	ENSG00000243766	one_to_one	1	one_to_one:1
ENSMUSG00000056023	NA	NA	ENSG00000289320	one_to_one	1	one_to_one:1
ENSMUSG00000056031	ENSCAFG00845010409	one_to_one	ENSG00000286875	one_to_one	2	one_to_one:2
ENSMUSG00000056061	ENSCAFG00845017267	one_to_one	ENSG00000272050	one_to_one	2	one_to_one:2
ENSMUSG00000056089	ENSCAFG00845003316	many_to_one	ENSG00000215196;ENSG00000271892	many_to_many_strict	2	many_to_many_strict:1;many_to_one:1
ENSMUSG00000056145	ENSCAFG00845001884	one_to_one	NA	NA	1	one_to_one:1
ENSMUSG00000056411	NA	NA	ENSG00000228703	one_to_one	1	one_to_one:1
ENSMUSG00000056687	NA	NA	ENSG00000266598	one_to_one	1	one_to_one:1
ENSMUSG00000056699	NA	NA	ENSG00000234476	one_to_one	1	one_to_one:1
ENSMUSG00000056735	NA	NA	ENSG00000256742	one_to_one	1	one_to_one:1
ENSMUSG00000056753	NA	NA	ENSG00000275091	one_to_one	1	one_to_one:1
ENSMUSG00000056771	NA	NA	ENSG00000289980	one_to_one	1	one_to_one:1
ENSMUSG00000057710	NA	NA	ENSG00000240086	one_to_one	1	one_to_one:1
ENSMUSG00000059277	NA	NA	ENSG00000238184;ENSG00000290098	one_to_many	1	one_to_many:1
ENSMUSG00000059631	NA	NA	ENSG00000290095;ENSG00000239911;ENSG00000242048	many_to_many	1	many_to_many:1
ENSMUSG00000059706	NA	NA	ENSG00000266473;ENSG00000264421;ENSG00000285877	one_to_many	1	one_to_many:1
ENSMUSG00000060424	NA	NA	ENSG00000233639	one_to_one	1	one_to_one:1
ENSMUSG00000060808	NA	NA	ENSG00000286799	one_to_one	1	one_to_one:1
ENSMUSG00000063087	NA	NA	ENSG00000237036	one_to_one	1	one_to_one:1
ENSMUSG00000063714	NA	NA	ENSG00000289296;ENSG00000271151	one_to_many	1	one_to_many:1
ENSMUSG00000063751	NA	NA	ENSG00000254862	one_to_one	1	one_to_one:1
ENSMUSG00000064263	ENSCAFG00845028545;ENSCAFG00845028553	one_to_many	NA	NA	1	one_to_many:1
ENSMUSG00000066175	NA	NA	ENSG00000275441	one_to_one	1	one_to_one:1
ENSMUSG00000066938	NA	NA	ENSG00000269210	one_to_one	1	one_to_one:1
ENSMUSG00000067973	NA	NA	ENSG00000238189;ENSG00000270522;ENSG00000287029;ENSG00000233821	many_to_many	1	many_to_many:1
ENSMUSG00000068680	NA	NA	ENSG00000269256	one_to_one	1	one_to_one:1
ENSMUSG00000068957	ENSCAFG00845011913	one_to_one	NA	NA	1	one_to_one:1
ENSMUSG00000069713	NA	NA	ENSG00000289312	one_to_one	1	one_to_one:1
ENSMUSG00000069785	ENSCAFG00845027339	one_to_one	ENSG00000267280	one_to_one	2	one_to_one:2
ENSMUSG00000069996	ENSCAFG00845010957	one_to_one	NA	NA	1	one_to_one:1
ENSMUSG00000070574	NA	NA	ENSG00000267815	one_to_one	1	one_to_one:1
ENSMUSG00000070794	NA	NA	ENSG00000255427	one_to_one	1	one_to_one:1
ENSMUSG00000070891	NA	NA	ENSG00000234318	one_to_one	1	one_to_one:1
ENSMUSG00000071033	NA	NA	ENSG00000283058;ENSG00000286412;ENSG00000285548;ENSG00000231918	many_to_many	1	many_to_many:1
ENSMUSG00000071036	NA	NA	ENSG00000231336;ENSG00000232696;ENSG00000228481	many_to_many	1	many_to_many:1
ENSMUSG00000072584	NA	NA	ENSG00000225885;ENSG00000281641	many_to_many_strict	1	many_to_many_strict:1
ENSMUSG00000072589	ENSCAFG00845014683	one_to_one	NA	NA	1	one_to_one:1
ENSMUSG00000072591	NA	NA	ENSG00000250208	one_to_one	1	one_to_one:1
ENSMUSG00000072660	NA	NA	ENSG00000247934;ENSG00000278733	one_to_many	1	one_to_many:1
ENSMUSG00000072673	NA	NA	ENSG00000264031	one_to_one	1	one_to_one:1
ENSMUSG00000072677	NA	NA	ENSG00000197503	one_to_one	1	one_to_one:1
ENSMUSG00000072679	NA	NA	ENSG00000256923;ENSG00000256995	one_to_many	1	one_to_many:1
ENSMUSG00000072683	ENSCAFG00845014259	one_to_one	NA	NA	1	one_to_one:1
ENSMUSG00000072688	NA	NA	ENSG00000274859	many_to_one	1	many_to_one:1
ENSMUSG00000072761	NA	NA	ENSG00000251054	one_to_one	1	one_to_one:1
ENSMUSG00000072769	NA	NA	ENSG00000283183	one_to_one	1	one_to_one:1
ENSMUSG00000072884	NA	NA	ENSG00000275198	one_to_one	1	one_to_one:1
ENSMUSG00000072893	NA	NA	ENSG00000289234	one_to_one	1	one_to_one:1
ENSMUSG00000072902	NA	NA	ENSG00000162913;ENSG00000269934;ENSG00000270110;ENSG00000287315	one_to_many	1	one_to_many:1
ENSMUSG00000073067	NA	NA	ENSG00000223813	one_to_one	1	one_to_one:1
ENSMUSG00000073073	ENSCAFG00845009426	many_to_one	ENSG00000234943;ENSG00000228108	many_to_many	2	many_to_many:1;many_to_one:1
ENSMUSG00000073145	NA	NA	ENSG00000285165	many_to_one	1	many_to_one:1
ENSMUSG00000073147	NA	NA	ENSG00000228393;ENSG00000272918;ENSG00000239569	one_to_many	1	one_to_many:1
ENSMUSG00000073236	ENSCAFG00845021034	one_to_one	NA	NA	1	one_to_one:1
ENSMUSG00000073374	NA	NA	ENSG00000265091;ENSG00000264575	one_to_many	1	one_to_many:1
ENSMUSG00000073394	NA	NA	ENSG00000271857;ENSG00000261080	many_to_many	1	many_to_many:1
ENSMUSG00000073478	NA	NA	ENSG00000260805	one_to_one	1	one_to_one:1
ENSMUSG00000073528	ENSCAFG00845009888	one_to_one	NA	NA	1	one_to_one:1
ENSMUSG00000073532	NA	NA	ENSG00000270112	one_to_one	1	one_to_one:1
ENSMUSG00000073535	NA	NA	ENSG00000236719	one_to_one	1	one_to_one:1
ENSMUSG00000073652	NA	NA	ENSG00000230695	one_to_one	1	one_to_one:1
ENSMUSG00000073686	NA	NA	ENSG00000224387;ENSG00000229393	one_to_many	1	one_to_many:1
ENSMUSG00000073728	NA	NA	ENSG00000204464	one_to_one	1	one_to_one:1
ENSMUSG00000073759	NA	NA	ENSG00000284623	one_to_one	1	one_to_one:1
ENSMUSG00000073778	ENSCAFG00845014571	one_to_one	NA	NA	1	one_to_one:1
ENSMUSG00000073779	NA	NA	ENSG00000234578;ENSG00000232762;ENSG00000225675;ENSG00000228838	many_to_many	1	many_to_many:1
ENSMUSG00000073843	NA	NA	ENSG00000226609	one_to_one	1	one_to_one:1
ENSMUSG00000073846	NA	NA	ENSG00000232939	one_to_one	1	one_to_one:1
ENSMUSG00000073860	NA	NA	ENSG00000223716	many_to_one	1	many_to_one:1
ENSMUSG00000073862	NA	NA	ENSG00000254930;ENSG00000254438;ENSG00000254927	one_to_many	1	one_to_many:1
ENSMUSG00000074024	NA	NA	ENSG00000246067	one_to_one	1	one_to_one:1
ENSMUSG00000074067	NA	NA	ENSG00000271763	one_to_one	1	one_to_one:1
ENSMUSG00000074113	NA	NA	ENSG00000287760;ENSG00000274698	one_to_many	1	one_to_many:1
ENSMUSG00000074203	NA	NA	ENSG00000267417;ENSG00000267610	one_to_many	1	one_to_many:1
ENSMUSG00000074213	NA	NA	ENSG00000245975	one_to_one	1	one_to_one:1
ENSMUSG00000074219	NA	NA	ENSG00000267169	one_to_one	1	one_to_one:1
ENSMUSG00000074235	NA	NA	ENSG00000250354;ENSG00000287292	one_to_many	1	one_to_many:1
ENSMUSG00000074248	NA	NA	ENSG00000223675	one_to_one	1	one_to_one:1
ENSMUSG00000074274	NA	NA	ENSG00000259436;ENSG00000254887	one_to_many	1	one_to_many:1
ENSMUSG00000074346	NA	NA	ENSG00000237556;ENSG00000231437	one_to_many	1	one_to_many:1
ENSMUSG00000074357	NA	NA	ENSG00000232648	one_to_one	1	one_to_one:1
ENSMUSG00000074373	NA	NA	ENSG00000285513	one_to_one	1	one_to_one:1
ENSMUSG00000074466	NA	NA	ENSG00000289103	one_to_one	1	one_to_one:1
ENSMUSG00000074469	NA	NA	ENSG00000277159	one_to_one	1	one_to_one:1
ENSMUSG00000074507	NA	NA	ENSG00000125514;ENSG00000231133	one_to_many	1	one_to_many:1
ENSMUSG00000074517	NA	NA	ENSG00000278981;ENSG00000280005	one_to_many	1	one_to_many:1
ENSMUSG00000074578	NA	NA	ENSG00000177410	one_to_one	1	one_to_one:1
ENSMUSG00000074664	NA	NA	ENSG00000228213	one_to_one	1	one_to_one:1
ENSMUSG00000074737	NA	NA	ENSG00000228539	one_to_one	1	one_to_one:1
ENSMUSG00000074753	NA	NA	ENSG00000235996;ENSG00000287430;ENSG00000232675;ENSG00000179447	one_to_many	1	one_to_many:1
ENSMUSG00000074758	NA	NA	ENSG00000233625	one_to_one	1	one_to_one:1
ENSMUSG00000074763	NA	NA	ENSG00000225181;ENSG00000287062;ENSG00000235914;ENSG00000286546;ENSG00000237832	many_to_many	1	many_to_many:1
ENSMUSG00000075020	NA	NA	ENSG00000283341	one_to_one	1	one_to_one:1
ENSMUSG00000075025	NA	NA	ENSG00000255092;ENSG00000254693	one_to_many	1	one_to_many:1
ENSMUSG00000075027	ENSCAFG00845005862	one_to_one	NA	NA	1	one_to_one:1
ENSMUSG00000075070	ENSCAFG00845015227	many_to_one	ENSG00000242767;ENSG00000241560;ENSG00000288896;ENSG00000242880;ENSG00000242290;ENSG00000239946;ENSG00000241295	many_to_many	2	many_to_many:1;many_to_one:1
ENSMUSG00000075265	NA	NA	ENSG00000286004	one_to_one	1	one_to_one:1
ENSMUSG00000075277	NA	NA	ENSG00000224189	one_to_one	1	one_to_one:1
ENSMUSG00000075286	NA	NA	ENSG00000230102	many_to_one	1	many_to_one:1
ENSMUSG00000075335	ENSCAFG00845029298	one_to_one	NA	NA	1	one_to_one:1
ENSMUSG00000075389	ENSCAFG00845010832	one_to_one	ENSG00000287431;ENSG00000185332;ENSG00000185168	one_to_many	2	one_to_many:1;one_to_one:1
ENSMUSG00000075437	NA	NA	ENSG00000288605	one_to_one	1	one_to_one:1
ENSMUSG00000075463	NA	NA	ENSG00000280169	one_to_one	1	one_to_one:1
ENSMUSG00000075512	NA	NA	ENSG00000229928	one_to_one	1	one_to_one:1
ENSMUSG00000075555	ENSCAFG00845005255	one_to_one	NA	NA	1	one_to_one:1
ENSMUSG00000075558	NA	NA	ENSG00000267122	one_to_one	1	one_to_one:1
ENSMUSG00000075585	NA	NA	ENSG00000223855	one_to_one	1	one_to_one:1
ENSMUSG00000075586	NA	NA	ENSG00000263787;ENSG00000235300	one_to_many	1	one_to_many:1
ENSMUSG00000075589	NA	NA	ENSG00000239552	one_to_one	1	one_to_one:1
ENSMUSG00000078122	NA	NA	ENSG00000274536	one_to_one	1	one_to_one:1
ENSMUSG00000078143	NA	NA	ENSG00000260612	one_to_one	1	one_to_one:1
ENSMUSG00000078190	NA	NA	ENSG00000230630;ENSG00000287336	many_to_many_strict	1	many_to_many_strict:1
ENSMUSG00000078349	NA	NA	ENSG00000224969	one_to_one	1	one_to_one:1
ENSMUSG00000078444	NA	NA	ENSG00000223768	one_to_one	1	one_to_one:1
ENSMUSG00000078491	NA	NA	ENSG00000270035;ENSG00000270171;ENSG00000269978;ENSG00000225126;ENSG00000237436;ENSG00000237728;ENSG00000237365	many_to_many	1	many_to_many:1
ENSMUSG00000078492	NA	NA	ENSG00000238290	one_to_one	1	one_to_one:1
ENSMUSG00000078648	ENSCAFG00845028615	many_to_one	NA	NA	1	many_to_one:1
ENSMUSG00000078957	NA	NA	ENSG00000285347	one_to_one	1	one_to_one:1
ENSMUSG00000079001	NA	NA	ENSG00000228156;ENSG00000204393;ENSG00000286311;ENSG00000233293;ENSG00000277301;ENSG00000236772	one_to_many	1	one_to_many:1
ENSMUSG00000079011	NA	NA	ENSG00000286592	one_to_one	1	one_to_one:1
ENSMUSG00000079045	ENSCAFG00845001588	many_to_one	ENSG00000272167;ENSG00000274895;ENSG00000230461	many_to_many_strict	2	many_to_many_strict:1;many_to_one:1
ENSMUSG00000079146	NA	NA	ENSG00000235280;ENSG00000267868	many_to_many_strict	1	many_to_many_strict:1
ENSMUSG00000079183	NA	NA	ENSG00000257787;ENSG00000286021	one_to_many	1	one_to_many:1
ENSMUSG00000079242	ENSCAFG00845027295	one_to_one	ENSG00000272940;ENSG00000205559	one_to_many	2	one_to_many:1;one_to_one:1
ENSMUSG00000079462	NA	NA	ENSG00000241158;ENSG00000241684	many_to_many	1	many_to_many:1
ENSMUSG00000079528	NA	NA	ENSG00000249334	one_to_one	1	one_to_one:1
ENSMUSG00000079564	NA	NA	ENSG00000227487;ENSG00000247416	one_to_many	1	one_to_many:1
ENSMUSG00000079669	NA	NA	ENSG00000203506;ENSG00000235593;ENSG00000235904	one_to_many	1	one_to_many:1
ENSMUSG00000080058	ENSCAFG00845022760	one_to_one	NA	NA	1	one_to_one:1
ENSMUSG00000080727	NA	NA	ENSG00000289041	one_to_one	1	one_to_one:1
ENSMUSG00000083193	NA	NA	ENSG00000259508	one_to_one	1	one_to_one:1
ENSMUSG00000084085	NA	NA	ENSG00000230749;ENSG00000226819	many_to_many_strict	1	many_to_many_strict:1
ENSMUSG00000084761	NA	NA	ENSG00000230729	many_to_one	1	many_to_one:1
ENSMUSG00000084764	ENSCAFG00845013464	many_to_one	NA	NA	1	many_to_one:1
ENSMUSG00000084766	ENSCAFG00845024153;ENSCAFG00845024165	one_to_many	ENSG00000290056	one_to_one	2	one_to_many:1;one_to_one:1
ENSMUSG00000084780	NA	NA	ENSG00000232684;ENSG00000274922	one_to_many	1	one_to_many:1
ENSMUSG00000084783	NA	NA	ENSG00000224821;ENSG00000232814	one_to_many	1	one_to_many:1
ENSMUSG00000084785	NA	NA	ENSG00000248079	one_to_one	1	one_to_one:1
ENSMUSG00000084787	ENSCAFG00845008991	one_to_one	NA	NA	1	one_to_one:1
ENSMUSG00000084789	NA	NA	ENSG00000289452	one_to_one	1	one_to_one:1
ENSMUSG00000084790	ENSCAFG00845002048	one_to_one	ENSG00000263235	one_to_one	2	one_to_one:2
ENSMUSG00000084795	NA	NA	ENSG00000230352;ENSG00000225129;ENSG00000286309	many_to_many	1	many_to_many:1
ENSMUSG00000084796	NA	NA	ENSG00000265206	one_to_one	1	one_to_one:1
ENSMUSG00000084797	NA	NA	ENSG00000224397	many_to_one	1	many_to_one:1
ENSMUSG00000084798	NA	NA	ENSG00000289896	many_to_one	1	many_to_one:1
ENSMUSG00000084802	ENSCAFG00845028611	one_to_one	NA	NA	1	one_to_one:1
ENSMUSG00000084804	NA	NA	ENSG00000287192	one_to_one	1	one_to_one:1
ENSMUSG00000084808	NA	NA	ENSG00000247228	one_to_one	1	one_to_one:1
ENSMUSG00000084821	NA	NA	ENSG00000285560;ENSG00000259212;ENSG00000259314	one_to_many	1	one_to_many:1
ENSMUSG00000084824	NA	NA	ENSG00000272789	one_to_one	1	one_to_one:1
ENSMUSG00000084828	ENSCAFG00845018927	one_to_one	NA	NA	1	one_to_one:1
ENSMUSG00000084834	NA	NA	ENSG00000288868	one_to_one	1	one_to_one:1
ENSMUSG00000084837	NA	NA	ENSG00000229262	one_to_one	1	one_to_one:1
ENSMUSG00000084843	ENSCAFG00845017300;ENSCAFG00845017290	one_to_many	ENSG00000260542;ENSG00000174403	one_to_many	2	one_to_many:2
ENSMUSG00000084846	NA	NA	ENSG00000273481	many_to_one	1	many_to_one:1
ENSMUSG00000084851	NA	NA	ENSG00000288876	many_to_one	1	many_to_one:1
ENSMUSG00000084856	NA	NA	ENSG00000249497	one_to_one	1	one_to_one:1
ENSMUSG00000084859	NA	NA	ENSG00000229751;ENSG00000235410;ENSG00000225112;ENSG00000273474;ENSG00000234091;ENSG00000285671	many_to_many	1	many_to_many:1
ENSMUSG00000084864	NA	NA	ENSG00000233360	one_to_one	1	one_to_one:1
ENSMUSG00000084865	NA	NA	ENSG00000236333	many_to_one	1	many_to_one:1
ENSMUSG00000084866	ENSCAFG00845026718	one_to_one	NA	NA	1	one_to_one:1
ENSMUSG00000084870	NA	NA	ENSG00000228061	one_to_one	1	one_to_one:1
ENSMUSG00000084873	NA	NA	ENSG00000251294	one_to_one	1	one_to_one:1
ENSMUSG00000084884	NA	NA	ENSG00000236088	many_to_one	1	many_to_one:1
ENSMUSG00000084887	NA	NA	ENSG00000263278	one_to_one	1	one_to_one:1
ENSMUSG00000084889	ENSCAFG00845001039	one_to_one	NA	NA	1	one_to_one:1
ENSMUSG00000084892	NA	NA	ENSG00000267834	one_to_one	1	one_to_one:1
ENSMUSG00000084898	NA	NA	ENSG00000287551;ENSG00000287038	one_to_many	1	one_to_many:1
ENSMUSG00000084908	NA	NA	ENSG00000229582	one_to_one	1	one_to_one:1
ENSMUSG00000084910	ENSCAFG00845006899;ENSCAFG00845006972	many_to_many_strict	ENSG00000233926	many_to_one	2	many_to_many_strict:1;many_to_one:1
ENSMUSG00000084915	NA	NA	ENSG00000289244	one_to_one	1	one_to_one:1
ENSMUSG00000084916	ENSCAFG00845028199	one_to_one	NA	NA	1	one_to_one:1
ENSMUSG00000084919	NA	NA	ENSG00000229042;ENSG00000233508;ENSG00000227599	many_to_many	1	many_to_many:1
ENSMUSG00000084925	NA	NA	ENSG00000221817	one_to_one	1	one_to_one:1
ENSMUSG00000084929	NA	NA	ENSG00000229901	one_to_one	1	one_to_one:1
ENSMUSG00000084934	NA	NA	ENSG00000283991;ENSG00000236510;ENSG00000236708	many_to_many	1	many_to_many:1
ENSMUSG00000084936	NA	NA	ENSG00000264558	many_to_one	1	many_to_one:1
ENSMUSG00000084939	NA	NA	ENSG00000270457	one_to_one	1	one_to_one:1
ENSMUSG00000084945	NA	NA	ENSG00000254160;ENSG00000282759;ENSG00000253267;ENSG00000260721;ENSG00000275427	one_to_many	1	one_to_many:1
ENSMUSG00000084946	NA	NA	ENSG00000288958	one_to_one	1	one_to_one:1
ENSMUSG00000084950	ENSCAFG00845019682	one_to_one	ENSG00000206417	one_to_one	2	one_to_one:2
ENSMUSG00000084954	NA	NA	ENSG00000233110;ENSG00000235902;ENSG00000235149	many_to_many	1	many_to_many:1
ENSMUSG00000084960	NA	NA	ENSG00000253944;ENSG00000253168	many_to_many	1	many_to_many:1
ENSMUSG00000084962	NA	NA	ENSG00000273387	many_to_one	1	many_to_one:1
ENSMUSG00000084966	NA	NA	ENSG00000229805	one_to_one	1	one_to_one:1
ENSMUSG00000084967	NA	NA	ENSG00000263684	one_to_one	1	one_to_one:1
ENSMUSG00000084969	NA	NA	ENSG00000266877;ENSG00000278546;ENSG00000228768	one_to_many	1	one_to_many:1
ENSMUSG00000084978	NA	NA	ENSG00000289587;ENSG00000264630	many_to_many_strict	1	many_to_many_strict:1
ENSMUSG00000084984	ENSCAFG00845020891	one_to_one	NA	NA	1	one_to_one:1
ENSMUSG00000084986	NA	NA	ENSG00000229162	many_to_one	1	many_to_one:1
ENSMUSG00000084987	NA	NA	ENSG00000286518;ENSG00000272235;ENSG00000287828;ENSG00000177133;ENSG00000226286	many_to_many_strict	1	many_to_many_strict:1
ENSMUSG00000085001	NA	NA	ENSG00000228016	many_to_one	1	many_to_one:1
ENSMUSG00000085003	NA	NA	ENSG00000236733;ENSG00000288771	many_to_many_strict	1	many_to_many_strict:1
ENSMUSG00000085008	NA	NA	ENSG00000261018	one_to_one	1	one_to_one:1
ENSMUSG00000085015	NA	NA	ENSG00000226363	one_to_one	1	one_to_one:1
ENSMUSG00000085019	NA	NA	ENSG00000287524	many_to_one	1	many_to_one:1
ENSMUSG00000085023	NA	NA	ENSG00000287724;ENSG00000233203;ENSG00000242396	many_to_many	1	many_to_many:1
ENSMUSG00000085025	ENSCAFG00845022291	one_to_one	NA	NA	1	one_to_one:1
ENSMUSG00000085029	NA	NA	ENSG00000237750	one_to_one	1	one_to_one:1
ENSMUSG00000085034	NA	NA	ENSG00000286451	one_to_one	1	one_to_one:1
ENSMUSG00000085043	NA	NA	ENSG00000272853	one_to_one	1	one_to_one:1
ENSMUSG00000085044	NA	NA	ENSG00000275720;ENSG00000276508	many_to_many_strict	1	many_to_many_strict:1
ENSMUSG00000085046	ENSCAFG00845022844	many_to_one	NA	NA	1	many_to_one:1
ENSMUSG00000085055	NA	NA	ENSG00000267000;ENSG00000267774;ENSG00000267061;ENSG00000267269;ENSG00000273664	one_to_many	1	one_to_many:1
ENSMUSG00000085058	ENSCAFG00845031055	one_to_one	ENSG00000285904	one_to_one	2	one_to_one:2
ENSMUSG00000085059	NA	NA	ENSG00000266711	one_to_one	1	one_to_one:1
ENSMUSG00000085067	NA	NA	ENSG00000288831;ENSG00000227588	one_to_many	1	one_to_many:1
ENSMUSG00000085069	NA	NA	ENSG00000286518;ENSG00000272235;ENSG00000287828;ENSG00000177133;ENSG00000226286	many_to_many_strict	1	many_to_many_strict:1
ENSMUSG00000085078	NA	NA	ENSG00000265222;ENSG00000263717;ENSG00000265337	one_to_many	1	one_to_many:1
ENSMUSG00000085080	NA	NA	ENSG00000271725	one_to_one	1	one_to_one:1
ENSMUSG00000085081	NA	NA	ENSG00000262313;ENSG00000287403;ENSG00000262662;ENSG00000262833	one_to_many	1	one_to_many:1
ENSMUSG00000085084	NA	NA	ENSG00000231985;ENSG00000286863	many_to_many_strict	1	many_to_many_strict:1
ENSMUSG00000085087	NA	NA	ENSG00000228487	one_to_one	1	one_to_one:1
ENSMUSG00000085089	NA	NA	ENSG00000228655;ENSG00000257284;ENSG00000257277;ENSG00000231758	one_to_many	1	one_to_many:1
ENSMUSG00000085091	NA	NA	ENSG00000224057	one_to_one	1	one_to_one:1
ENSMUSG00000085095	NA	NA	ENSG00000255395	many_to_one	1	many_to_one:1
ENSMUSG00000085097	ENSCAFG00845027520	one_to_one	NA	NA	1	one_to_one:1
ENSMUSG00000085100	NA	NA	ENSG00000231920	one_to_one	1	one_to_one:1
ENSMUSG00000085104	ENSCAFG00845015826;ENSCAFG00845015799	many_to_many_strict	NA	NA	1	many_to_many_strict:1
ENSMUSG00000085105	NA	NA	ENSG00000267219	one_to_one	1	one_to_one:1
ENSMUSG00000085106	NA	NA	ENSG00000248629	one_to_one	1	one_to_one:1
ENSMUSG00000085109	NA	NA	ENSG00000273449	many_to_one	1	many_to_one:1
ENSMUSG00000085112	NA	NA	ENSG00000251136	one_to_one	1	one_to_one:1
ENSMUSG00000085118	NA	NA	ENSG00000261113	many_to_one	1	many_to_one:1
ENSMUSG00000085121	ENSCAFG00845006244	one_to_one	ENSG00000232650	one_to_one	2	one_to_one:2
ENSMUSG00000085125	NA	NA	ENSG00000254238	one_to_one	1	one_to_one:1
ENSMUSG00000085130	NA	NA	ENSG00000263571;ENSG00000264643;ENSG00000263435;ENSG00000264990;ENSG00000265125;ENSG00000266535;ENSG00000264791;ENSG00000265115;ENSG00000265697;ENSG00000265689	many_to_many	1	many_to_many:1
ENSMUSG00000085132	NA	NA	ENSG00000197815	one_to_one	1	one_to_one:1
ENSMUSG00000085133	NA	NA	ENSG00000269189	one_to_one	1	one_to_one:1
ENSMUSG00000085134	NA	NA	ENSG00000262881	one_to_one	1	one_to_one:1
ENSMUSG00000085135	ENSCAFG00845022254	one_to_one	NA	NA	1	one_to_one:1
ENSMUSG00000085150	NA	NA	ENSG00000286934;ENSG00000285861;ENSG00000285977;ENSG00000288110	many_to_many	1	many_to_many:1
ENSMUSG00000085154	NA	NA	ENSG00000261886	one_to_one	1	one_to_one:1
ENSMUSG00000085156	NA	NA	ENSG00000232956	one_to_one	1	one_to_one:1
ENSMUSG00000085177	NA	NA	ENSG00000237073	one_to_one	1	one_to_one:1
ENSMUSG00000085178	NA	NA	ENSG00000288929	one_to_one	1	one_to_one:1
ENSMUSG00000085185	NA	NA	ENSG00000259895	one_to_one	1	one_to_one:1
ENSMUSG00000085188	NA	NA	ENSG00000287483	one_to_one	1	one_to_one:1
ENSMUSG00000085192	ENSCAFG00845007159	one_to_one	NA	NA	1	one_to_one:1
ENSMUSG00000085197	NA	NA	ENSG00000253270	many_to_one	1	many_to_one:1
ENSMUSG00000085199	NA	NA	ENSG00000253408	one_to_one	1	one_to_one:1
ENSMUSG00000085201	NA	NA	ENSG00000224020;ENSG00000236643	one_to_many	1	one_to_many:1
ENSMUSG00000085204	NA	NA	ENSG00000237705	one_to_one	1	one_to_one:1
ENSMUSG00000085205	NA	NA	ENSG00000236495	one_to_one	1	one_to_one:1
ENSMUSG00000085207	NA	NA	ENSG00000226137	one_to_one	1	one_to_one:1
ENSMUSG00000085211	NA	NA	ENSG00000281021	one_to_one	1	one_to_one:1
ENSMUSG00000085213	NA	NA	ENSG00000232912	one_to_one	1	one_to_one:1
ENSMUSG00000085234	NA	NA	ENSG00000266171;ENSG00000264339;ENSG00000273355	one_to_many	1	one_to_many:1
ENSMUSG00000085236	ENSCAFG00845005014	one_to_one	NA	NA	1	one_to_one:1
ENSMUSG00000085237	ENSCAFG00845022067	many_to_one	NA	NA	1	many_to_one:1
ENSMUSG00000085240	NA	NA	ENSG00000253858;ENSG00000253591	many_to_many_strict	1	many_to_many_strict:1
ENSMUSG00000085244	NA	NA	ENSG00000287980	one_to_one	1	one_to_one:1
ENSMUSG00000085246	NA	NA	ENSG00000286732;ENSG00000266100;ENSG00000263499	many_to_many	1	many_to_many:1
ENSMUSG00000085253	NA	NA	ENSG00000248027	one_to_one	1	one_to_one:1
ENSMUSG00000085256	NA	NA	ENSG00000284700	one_to_one	1	one_to_one:1
ENSMUSG00000085261	NA	NA	ENSG00000255226;ENSG00000255426	one_to_many	1	one_to_many:1
ENSMUSG00000085264	NA	NA	ENSG00000231210	one_to_one	1	one_to_one:1
ENSMUSG00000085265	NA	NA	ENSG00000254906;ENSG00000255167	one_to_many	1	one_to_many:1
ENSMUSG00000085274	NA	NA	ENSG00000289848;ENSG00000267882;ENSG00000289329;ENSG00000231119	many_to_many	1	many_to_many:1
ENSMUSG00000085277	NA	NA	ENSG00000237477	one_to_one	1	one_to_one:1
ENSMUSG00000085280	NA	NA	ENSG00000230393	many_to_one	1	many_to_one:1
ENSMUSG00000085282	NA	NA	ENSG00000286043	one_to_one	1	one_to_one:1
ENSMUSG00000085284	ENSCAFG00845024529	one_to_one	NA	NA	1	one_to_one:1
ENSMUSG00000085287	NA	NA	ENSG00000233845;ENSG00000272814	many_to_many	1	many_to_many:1
ENSMUSG00000085293	NA	NA	ENSG00000254519	one_to_one	1	one_to_one:1
ENSMUSG00000085298	NA	NA	ENSG00000258745	one_to_one	1	one_to_one:1
ENSMUSG00000085305	NA	NA	ENSG00000223716	many_to_one	1	many_to_one:1
ENSMUSG00000085314	NA	NA	ENSG00000284391	one_to_one	1	one_to_one:1
ENSMUSG00000085316	NA	NA	ENSG00000259225	one_to_one	1	one_to_one:1
ENSMUSG00000085319	ENSCAFG00845008731	one_to_one	NA	NA	1	one_to_one:1
ENSMUSG00000085326	ENSCAFG00845028878	one_to_one	ENSG00000265100	one_to_one	2	one_to_one:2
ENSMUSG00000085329	NA	NA	ENSG00000205622	one_to_one	1	one_to_one:1
ENSMUSG00000085330	NA	NA	ENSG00000290588;ENSG00000290585	one_to_many	1	one_to_many:1
ENSMUSG00000085336	NA	NA	ENSG00000285535;ENSG00000286534;ENSG00000267506;ENSG00000267665	many_to_many	1	many_to_many:1
ENSMUSG00000085345	NA	NA	ENSG00000287982	many_to_one	1	many_to_one:1
ENSMUSG00000085355	NA	NA	ENSG00000177340	one_to_one	1	one_to_one:1
ENSMUSG00000085357	NA	NA	ENSG00000286335	one_to_one	1	one_to_one:1
ENSMUSG00000085360	NA	NA	ENSG00000267344	many_to_one	1	many_to_one:1
ENSMUSG00000085363	NA	NA	ENSG00000260519	many_to_one	1	many_to_one:1
ENSMUSG00000085377	NA	NA	ENSG00000232453;ENSG00000272226;ENSG00000231740	one_to_many	1	one_to_many:1
ENSMUSG00000085379	NA	NA	ENSG00000231563	one_to_one	1	one_to_one:1
ENSMUSG00000085383	NA	NA	ENSG00000286740;ENSG00000286470;ENSG00000232738	one_to_many	1	one_to_many:1
ENSMUSG00000085390	NA	NA	ENSG00000226374	one_to_one	1	one_to_one:1
ENSMUSG00000085391	NA	NA	ENSG00000230393	many_to_one	1	many_to_one:1
ENSMUSG00000085397	NA	NA	ENSG00000279571	one_to_one	1	one_to_one:1
ENSMUSG00000085398	NA	NA	ENSG00000205930	one_to_one	1	one_to_one:1
ENSMUSG00000085399	NA	NA	ENSG00000237424	one_to_one	1	one_to_one:1
ENSMUSG00000085400	NA	NA	ENSG00000287524	many_to_one	1	many_to_one:1
ENSMUSG00000085402	NA	NA	ENSG00000253110	one_to_one	1	one_to_one:1
ENSMUSG00000085413	NA	NA	ENSG00000287873	one_to_one	1	one_to_one:1
ENSMUSG00000085414	NA	NA	ENSG00000286752;ENSG00000256894;ENSG00000278095	one_to_many	1	one_to_many:1
ENSMUSG00000085416	ENSCAFG00845021146	one_to_one	NA	NA	1	one_to_one:1
ENSMUSG00000085418	ENSCAFG00845013464	many_to_one	NA	NA	1	many_to_one:1
ENSMUSG00000085420	NA	NA	ENSG00000286059;ENSG00000237581	one_to_many	1	one_to_many:1
ENSMUSG00000085421	NA	NA	ENSG00000227036	many_to_one	1	many_to_one:1
ENSMUSG00000085423	NA	NA	ENSG00000289594	one_to_one	1	one_to_one:1
ENSMUSG00000085424	NA	NA	ENSG00000236045;ENSG00000233485	one_to_many	1	one_to_many:1
ENSMUSG00000085428	NA	NA	ENSG00000225978;ENSG00000287324	many_to_many	1	many_to_many:1
ENSMUSG00000085430	NA	NA	ENSG00000250129	many_to_one	1	many_to_one:1
ENSMUSG00000085439	NA	NA	ENSG00000228016	many_to_one	1	many_to_one:1
ENSMUSG00000085440	NA	NA	ENSG00000233110;ENSG00000235902;ENSG00000235149	many_to_many	1	many_to_many:1
ENSMUSG00000085443	NA	NA	ENSG00000255345;ENSG00000254885;ENSG00000254563	many_to_many	1	many_to_many:1
ENSMUSG00000085444	ENSCAFG00845025115	one_to_one	NA	NA	1	one_to_one:1
ENSMUSG00000085445	NA	NA	ENSG00000254054;ENSG00000253215	one_to_many	1	one_to_many:1
ENSMUSG00000085448	NA	NA	ENSG00000289896	many_to_one	1	many_to_one:1
ENSMUSG00000085449	NA	NA	ENSG00000237654;ENSG00000224795;ENSG00000285980;ENSG00000224700;ENSG00000238117	one_to_many	1	one_to_many:1
ENSMUSG00000085454	ENSCAFG00845013464	many_to_one	NA	NA	1	many_to_one:1
ENSMUSG00000085456	NA	NA	ENSG00000228048;ENSG00000223800;ENSG00000234173	one_to_many	1	one_to_many:1
ENSMUSG00000085459	NA	NA	ENSG00000235397	one_to_one	1	one_to_one:1
ENSMUSG00000085463	ENSCAFG00845008346	one_to_one	ENSG00000233721;ENSG00000226078	one_to_many	2	one_to_many:1;one_to_one:1
ENSMUSG00000085469	NA	NA	ENSG00000288843	one_to_one	1	one_to_one:1
ENSMUSG00000085471	NA	NA	ENSG00000254879	one_to_one	1	one_to_one:1
ENSMUSG00000085477	NA	NA	ENSG00000286951	many_to_one	1	many_to_one:1
ENSMUSG00000085483	NA	NA	ENSG00000229188	many_to_one	1	many_to_one:1
ENSMUSG00000085496	ENSCAFG00845018049	many_to_one	ENSG00000259360;ENSG00000259221;ENSG00000259588	many_to_many	2	many_to_many:1;many_to_one:1
ENSMUSG00000085499	ENSCAFG00845015227	many_to_one	ENSG00000242767;ENSG00000241560;ENSG00000288896;ENSG00000242880;ENSG00000242290;ENSG00000239946;ENSG00000241295	many_to_many	2	many_to_many:1;many_to_one:1
ENSMUSG00000085501	NA	NA	ENSG00000263271	many_to_one	1	many_to_one:1
ENSMUSG00000085505	NA	NA	ENSG00000288955	one_to_one	1	one_to_one:1
ENSMUSG00000085510	NA	NA	ENSG00000226702	one_to_one	1	one_to_one:1
ENSMUSG00000085511	NA	NA	ENSG00000267432	one_to_one	1	one_to_one:1
ENSMUSG00000085512	NA	NA	ENSG00000289846	one_to_one	1	one_to_one:1
ENSMUSG00000085514	NA	NA	ENSG00000267207;ENSG00000267449;ENSG00000286997;ENSG00000273982	many_to_many	1	many_to_many:1
ENSMUSG00000085516	NA	NA	ENSG00000233953	many_to_one	1	many_to_one:1
ENSMUSG00000085519	NA	NA	ENSG00000226853	many_to_one	1	many_to_one:1
ENSMUSG00000085524	NA	NA	ENSG00000237063;ENSG00000232406	many_to_many_strict	1	many_to_many_strict:1
ENSMUSG00000085528	NA	NA	ENSG00000285593	one_to_one	1	one_to_one:1
ENSMUSG00000085533	NA	NA	ENSG00000253687;ENSG00000254391	many_to_many_strict	1	many_to_many_strict:1
ENSMUSG00000085539	NA	NA	ENSG00000258400	one_to_one	1	one_to_one:1
ENSMUSG00000085540	NA	NA	ENSG00000283991;ENSG00000236510;ENSG00000236708	many_to_many	1	many_to_many:1
ENSMUSG00000085541	NA	NA	ENSG00000251270	one_to_one	1	one_to_one:1
ENSMUSG00000085548	NA	NA	ENSG00000262172	one_to_one	1	one_to_one:1
ENSMUSG00000085555	NA	NA	ENSG00000288060	one_to_one	1	one_to_one:1
ENSMUSG00000085565	NA	NA	ENSG00000179141;ENSG00000236758	one_to_many	1	one_to_many:1
ENSMUSG00000085575	ENSCAFG00845012049	one_to_one	NA	NA	1	one_to_one:1
ENSMUSG00000085579	NA	NA	ENSG00000228590	many_to_one	1	many_to_one:1
ENSMUSG00000085581	NA	NA	ENSG00000232245;ENSG00000198711;ENSG00000225632	one_to_many	1	one_to_many:1
ENSMUSG00000085586	NA	NA	ENSG00000275532;ENSG00000275665	one_to_many	1	one_to_many:1
ENSMUSG00000085587	NA	NA	ENSG00000238123;ENSG00000287729	one_to_many	1	one_to_many:1
ENSMUSG00000085593	NA	NA	ENSG00000270035;ENSG00000270171;ENSG00000269978;ENSG00000225126;ENSG00000237436;ENSG00000237728;ENSG00000237365	many_to_many	1	many_to_many:1
ENSMUSG00000085595	NA	NA	ENSG00000264859	one_to_one	1	one_to_one:1
ENSMUSG00000085612	NA	NA	ENSG00000262171	one_to_one	1	one_to_one:1
ENSMUSG00000085614	NA	NA	ENSG00000264448	one_to_one	1	one_to_one:1
ENSMUSG00000085615	NA	NA	ENSG00000203441;ENSG00000280734	one_to_many	1	one_to_many:1
ENSMUSG00000085618	ENSCAFG00845022844	many_to_one	NA	NA	1	many_to_one:1
ENSMUSG00000085623	NA	NA	ENSG00000272457	one_to_one	1	one_to_one:1
ENSMUSG00000085624	NA	NA	ENSG00000244502	one_to_one	1	one_to_one:1
ENSMUSG00000085626	NA	NA	ENSG00000228452	one_to_one	1	one_to_one:1
ENSMUSG00000085628	NA	NA	ENSG00000259349	one_to_one	1	one_to_one:1
ENSMUSG00000085633	NA	NA	ENSG00000275709	one_to_one	1	one_to_one:1
ENSMUSG00000085636	NA	NA	ENSG00000276101	one_to_one	1	one_to_one:1
ENSMUSG00000085639	ENSCAFG00845022067	many_to_one	NA	NA	1	many_to_one:1
ENSMUSG00000085652	NA	NA	ENSG00000285165	many_to_one	1	many_to_one:1
ENSMUSG00000085657	NA	NA	ENSG00000249341;ENSG00000250930	many_to_many_strict	1	many_to_many_strict:1
ENSMUSG00000085658	NA	NA	ENSG00000246695	one_to_one	1	one_to_one:1
ENSMUSG00000085664	ENSCAFG00845027513	one_to_one	NA	NA	1	one_to_one:1
ENSMUSG00000085665	NA	NA	ENSG00000289410	one_to_one	1	one_to_one:1
ENSMUSG00000085667	ENSCAFG00845008353	one_to_one	NA	NA	1	one_to_one:1
ENSMUSG00000085672	NA	NA	ENSG00000253944;ENSG00000253168	many_to_many	1	many_to_many:1
ENSMUSG00000085673	NA	NA	ENSG00000176349	many_to_one	1	many_to_one:1
ENSMUSG00000085680	NA	NA	ENSG00000233642	one_to_one	1	one_to_one:1
ENSMUSG00000085688	NA	NA	ENSG00000286759	one_to_one	1	one_to_one:1
ENSMUSG00000085702	NA	NA	ENSG00000241479	one_to_one	1	one_to_one:1
ENSMUSG00000085704	NA	NA	ENSG00000283078	one_to_one	1	one_to_one:1
ENSMUSG00000085708	NA	NA	ENSG00000287982	many_to_one	1	many_to_one:1
ENSMUSG00000085716	NA	NA	ENSG00000271360	one_to_one	1	one_to_one:1
ENSMUSG00000085720	NA	NA	ENSG00000247624	many_to_one	1	many_to_one:1
ENSMUSG00000085725	NA	NA	ENSG00000267577	one_to_one	1	one_to_one:1
ENSMUSG00000085728	NA	NA	ENSG00000225978;ENSG00000287324	many_to_many	1	many_to_many:1
ENSMUSG00000085732	NA	NA	ENSG00000261293;ENSG00000259876;ENSG00000261394;ENSG00000175604;ENSG00000260488	one_to_many	1	one_to_many:1
ENSMUSG00000085733	NA	NA	ENSG00000267344	many_to_one	1	many_to_one:1
ENSMUSG00000085740	ENSCAFG00845022177	many_to_one	ENSG00000232643	many_to_one	2	many_to_one:2
ENSMUSG00000085745	NA	NA	ENSG00000226627;ENSG00000236262;ENSG00000286708;ENSG00000171671	one_to_many	1	one_to_many:1
ENSMUSG00000085750	NA	NA	ENSG00000230499;ENSG00000229118	one_to_many	1	one_to_many:1
ENSMUSG00000085751	NA	NA	ENSG00000255345;ENSG00000254885;ENSG00000254563	many_to_many	1	many_to_many:1
ENSMUSG00000085753	ENSCAFG00845029020	many_to_one	ENSG00000277749	many_to_one	2	many_to_one:2
ENSMUSG00000085754	ENSCAFG00845023322	one_to_one	ENSG00000235527	one_to_one	2	one_to_one:2
ENSMUSG00000085759	NA	NA	ENSG00000234427;ENSG00000287593	many_to_many_strict	1	many_to_many_strict:1
ENSMUSG00000085763	NA	NA	ENSG00000270332	one_to_one	1	one_to_one:1
ENSMUSG00000085765	NA	NA	ENSG00000236838;ENSG00000262810;ENSG00000225084	many_to_many	1	many_to_many:1
ENSMUSG00000085766	NA	NA	ENSG00000286502;ENSG00000204011	many_to_many_strict	1	many_to_many_strict:1
ENSMUSG00000085772	NA	NA	ENSG00000254211	one_to_one	1	one_to_one:1
ENSMUSG00000085779	NA	NA	ENSG00000289254	one_to_one	1	one_to_one:1
ENSMUSG00000085781	NA	NA	ENSG00000286492	one_to_one	1	one_to_one:1
ENSMUSG00000085782	NA	NA	ENSG00000237737	one_to_one	1	one_to_one:1
ENSMUSG00000085784	NA	NA	ENSG00000245812;ENSG00000253811;ENSG00000253456	one_to_many	1	one_to_many:1
ENSMUSG00000085785	NA	NA	ENSG00000256473;ENSG00000256120	many_to_many	1	many_to_many:1
ENSMUSG00000085792	NA	NA	ENSG00000255345;ENSG00000254885;ENSG00000254563	many_to_many	1	many_to_many:1
ENSMUSG00000085800	NA	NA	ENSG00000250603	many_to_one	1	many_to_one:1
ENSMUSG00000085808	NA	NA	ENSG00000233093	one_to_one	1	one_to_one:1
ENSMUSG00000085822	NA	NA	ENSG00000237457;ENSG00000241505;ENSG00000225811	many_to_many_strict	1	many_to_many_strict:1
ENSMUSG00000085823	NA	NA	ENSG00000236936;ENSG00000231105	one_to_many	1	one_to_many:1
ENSMUSG00000085835	NA	NA	ENSG00000237352	one_to_one	1	one_to_one:1
ENSMUSG00000085839	NA	NA	ENSG00000287762;ENSG00000249216	many_to_many_strict	1	many_to_many_strict:1
ENSMUSG00000085842	NA	NA	ENSG00000287524	many_to_one	1	many_to_one:1
ENSMUSG00000085846	NA	NA	ENSG00000286550	many_to_one	1	many_to_one:1
ENSMUSG00000085847	NA	NA	ENSG00000227197	one_to_one	1	one_to_one:1
ENSMUSG00000085851	NA	NA	ENSG00000258696;ENSG00000259091	many_to_many_strict	1	many_to_many_strict:1
ENSMUSG00000085853	NA	NA	ENSG00000253980	one_to_one	1	one_to_one:1
ENSMUSG00000085857	NA	NA	ENSG00000272895;ENSG00000235066	one_to_many	1	one_to_many:1
ENSMUSG00000085862	ENSCAFG00845007905	one_to_one	ENSG00000231969	one_to_one	2	one_to_one:2
ENSMUSG00000085866	NA	NA	ENSG00000237356	one_to_one	1	one_to_one:1
ENSMUSG00000085873	NA	NA	ENSG00000261664	one_to_one	1	one_to_one:1
ENSMUSG00000085881	NA	NA	ENSG00000289088;ENSG00000271781	one_to_many	1	one_to_many:1
ENSMUSG00000085884	NA	NA	ENSG00000238141;ENSG00000255568;ENSG00000272991	many_to_many	1	many_to_many:1
ENSMUSG00000085886	NA	NA	ENSG00000269873;ENSG00000267838	one_to_many	1	one_to_many:1
ENSMUSG00000085887	NA	NA	ENSG00000267344	many_to_one	1	many_to_one:1
ENSMUSG00000085888	NA	NA	ENSG00000223548;ENSG00000231585	one_to_many	1	one_to_many:1
ENSMUSG00000085889	NA	NA	ENSG00000246863	one_to_one	1	one_to_one:1
ENSMUSG00000085891	NA	NA	ENSG00000234636	one_to_one	1	one_to_one:1
ENSMUSG00000085892	ENSCAFG00845004462;ENSCAFG00845004493;ENSCAFG00845004486;ENSCAFG00845004470	one_to_many	NA	NA	1	one_to_many:1
ENSMUSG00000085896	NA	NA	ENSG00000248859	many_to_one	1	many_to_one:1
ENSMUSG00000085899	NA	NA	ENSG00000285882	one_to_one	1	one_to_one:1
ENSMUSG00000085926	ENSCAFG00845002911	one_to_one	ENSG00000264016	one_to_one	2	one_to_one:2
ENSMUSG00000085927	NA	NA	ENSG00000291163	one_to_one	1	one_to_one:1
ENSMUSG00000085931	ENSCAFG00845017261;ENSCAFG00845017276	many_to_many_strict	NA	NA	1	many_to_many_strict:1
ENSMUSG00000085932	NA	NA	ENSG00000234753	one_to_one	1	one_to_one:1
ENSMUSG00000085941	NA	NA	ENSG00000266872	one_to_one	1	one_to_one:1
ENSMUSG00000085945	NA	NA	ENSG00000254688;ENSG00000203258	one_to_many	1	one_to_many:1
ENSMUSG00000085956	NA	NA	ENSG00000232671	one_to_one	1	one_to_one:1
ENSMUSG00000085968	NA	NA	ENSG00000230035	many_to_one	1	many_to_one:1
ENSMUSG00000085969	NA	NA	ENSG00000197085	one_to_one	1	one_to_one:1
ENSMUSG00000085971	ENSCAFG00845022067	many_to_one	NA	NA	1	many_to_one:1
ENSMUSG00000085975	NA	NA	ENSG00000224152;ENSG00000223642	many_to_many_strict	1	many_to_many_strict:1
ENSMUSG00000085979	NA	NA	ENSG00000228541	one_to_one	1	one_to_one:1
ENSMUSG00000085985	NA	NA	ENSG00000227517	one_to_one	1	one_to_one:1
ENSMUSG00000085992	NA	NA	ENSG00000248954	one_to_one	1	one_to_one:1
ENSMUSG00000085996	NA	NA	ENSG00000254254	one_to_one	1	one_to_one:1
ENSMUSG00000086003	NA	NA	ENSG00000247011	one_to_one	1	one_to_one:1
ENSMUSG00000086006	NA	NA	ENSG00000289934	many_to_one	1	many_to_one:1
ENSMUSG00000086009	NA	NA	ENSG00000236634	one_to_one	1	one_to_one:1
ENSMUSG00000086013	NA	NA	ENSG00000274987;ENSG00000275197	one_to_many	1	one_to_many:1
ENSMUSG00000086014	NA	NA	ENSG00000254710	many_to_one	1	many_to_one:1
ENSMUSG00000086017	ENSCAFG00845029682	one_to_one	ENSG00000285971;ENSG00000287105;ENSG00000254050	one_to_many	2	one_to_many:1;one_to_one:1
ENSMUSG00000086018	NA	NA	ENSG00000229751;ENSG00000235410;ENSG00000225112;ENSG00000273474;ENSG00000234091;ENSG00000285671	many_to_many	1	many_to_many:1
ENSMUSG00000086020	NA	NA	ENSG00000286749	one_to_one	1	one_to_one:1
ENSMUSG00000086027	ENSCAFG00845006899;ENSCAFG00845006972	many_to_many_strict	ENSG00000233926	many_to_one	2	many_to_many_strict:1;many_to_one:1
ENSMUSG00000086028	ENSCAFG00845005001	one_to_one	NA	NA	1	one_to_one:1
ENSMUSG00000086047	NA	NA	ENSG00000270482	one_to_one	1	one_to_one:1
ENSMUSG00000086050	NA	NA	ENSG00000267016;ENSG00000266998;ENSG00000263718;ENSG00000287257	one_to_many	1	one_to_many:1
ENSMUSG00000086052	NA	NA	ENSG00000167912	one_to_one	1	one_to_one:1
ENSMUSG00000086054	NA	NA	ENSG00000241388	many_to_one	1	many_to_one:1
ENSMUSG00000086057	NA	NA	ENSG00000289709	many_to_one	1	many_to_one:1
ENSMUSG00000086058	NA	NA	ENSG00000267782	one_to_one	1	one_to_one:1
ENSMUSG00000086066	ENSCAFG00845027503	one_to_one	NA	NA	1	one_to_one:1
ENSMUSG00000086069	NA	NA	ENSG00000237798	one_to_one	1	one_to_one:1
ENSMUSG00000086075	NA	NA	ENSG00000277873	one_to_one	1	one_to_one:1
ENSMUSG00000086078	NA	NA	ENSG00000289587;ENSG00000264630	many_to_many_strict	1	many_to_many_strict:1
ENSMUSG00000086089	NA	NA	ENSG00000265000;ENSG00000287457	many_to_many_strict	1	many_to_many_strict:1
ENSMUSG00000086096	NA	NA	ENSG00000230798	one_to_one	1	one_to_one:1
ENSMUSG00000086111	NA	NA	ENSG00000289709	many_to_one	1	many_to_one:1
ENSMUSG00000086112	NA	NA	ENSG00000289125	one_to_one	1	one_to_one:1
ENSMUSG00000086117	NA	NA	ENSG00000287640	one_to_one	1	one_to_one:1
ENSMUSG00000086121	NA	NA	ENSG00000289745	many_to_one	1	many_to_one:1
ENSMUSG00000086125	NA	NA	ENSG00000253629	many_to_one	1	many_to_one:1
ENSMUSG00000086126	NA	NA	ENSG00000253308;ENSG00000253405	one_to_many	1	one_to_many:1
ENSMUSG00000086127	NA	NA	ENSG00000289931	one_to_one	1	one_to_one:1
ENSMUSG00000086128	ENSCAFG00845001910	one_to_one	NA	NA	1	one_to_one:1
ENSMUSG00000086129	NA	NA	ENSG00000237327;ENSG00000271320;ENSG00000270557	one_to_many	1	one_to_many:1
ENSMUSG00000086134	NA	NA	ENSG00000255201	one_to_one	1	one_to_one:1
ENSMUSG00000086140	NA	NA	ENSG00000241388	many_to_one	1	many_to_one:1
ENSMUSG00000086141	NA	NA	ENSG00000259974	one_to_one	1	one_to_one:1
ENSMUSG00000086150	NA	NA	ENSG00000226455;ENSG00000260271;ENSG00000287789	one_to_many	1	one_to_many:1
ENSMUSG00000086155	NA	NA	ENSG00000227407	one_to_one	1	one_to_one:1
ENSMUSG00000086156	NA	NA	ENSG00000273449	many_to_one	1	many_to_one:1
ENSMUSG00000086161	NA	NA	ENSG00000267134	one_to_one	1	one_to_one:1
ENSMUSG00000086164	NA	NA	ENSG00000230035	many_to_one	1	many_to_one:1
ENSMUSG00000086166	NA	NA	ENSG00000231977;ENSG00000260416;ENSG00000286628	many_to_many	1	many_to_many:1
ENSMUSG00000086170	NA	NA	ENSG00000253687;ENSG00000254391	many_to_many_strict	1	many_to_many_strict:1
ENSMUSG00000086171	NA	NA	ENSG00000286571;ENSG00000287241	many_to_many_strict	1	many_to_many_strict:1
ENSMUSG00000086172	NA	NA	ENSG00000287724;ENSG00000233203;ENSG00000242396	many_to_many	1	many_to_many:1
ENSMUSG00000086173	NA	NA	ENSG00000283638	one_to_one	1	one_to_one:1
ENSMUSG00000086190	NA	NA	ENSG00000287433	many_to_one	1	many_to_one:1
ENSMUSG00000086191	NA	NA	ENSG00000248714	one_to_one	1	one_to_one:1
ENSMUSG00000086192	NA	NA	ENSG00000246851;ENSG00000288727;ENSG00000236986	one_to_many	1	one_to_many:1
ENSMUSG00000086199	NA	NA	ENSG00000267207;ENSG00000267449;ENSG00000286997;ENSG00000273982	many_to_many	1	many_to_many:1
ENSMUSG00000086211	NA	NA	ENSG00000258885;ENSG00000250850	one_to_many	1	one_to_many:1
ENSMUSG00000086212	NA	NA	ENSG00000231721;ENSG00000236753	one_to_many	1	one_to_many:1
ENSMUSG00000086220	NA	NA	ENSG00000261535;ENSG00000259294	one_to_many	1	one_to_many:1
ENSMUSG00000086224	NA	NA	ENSG00000253661	one_to_one	1	one_to_one:1
ENSMUSG00000086227	ENSCAFG00845021889	one_to_one	NA	NA	1	one_to_one:1
ENSMUSG00000086231	NA	NA	ENSG00000228016	many_to_one	1	many_to_one:1
ENSMUSG00000086233	NA	NA	ENSG00000253711;ENSG00000254222	many_to_many_strict	1	many_to_many_strict:1
ENSMUSG00000086234	NA	NA	ENSG00000248866	many_to_one	1	many_to_one:1
ENSMUSG00000086239	NA	NA	ENSG00000256306;ENSG00000287928;ENSG00000277935	many_to_many_strict	1	many_to_many_strict:1
ENSMUSG00000086241	NA	NA	ENSG00000228404	one_to_one	1	one_to_one:1
ENSMUSG00000086245	NA	NA	ENSG00000250222	one_to_one	1	one_to_one:1
ENSMUSG00000086250	NA	NA	ENSG00000225640;ENSG00000205181;ENSG00000226995	one_to_many	1	one_to_many:1
ENSMUSG00000086263	NA	NA	ENSG00000205653	one_to_one	1	one_to_one:1
ENSMUSG00000086264	NA	NA	ENSG00000229191	one_to_one	1	one_to_one:1
ENSMUSG00000086267	NA	NA	ENSG00000286536	one_to_one	1	one_to_one:1
ENSMUSG00000086268	ENSCAFG00845028477	one_to_one	NA	NA	1	one_to_one:1
ENSMUSG00000086272	NA	NA	ENSG00000284668;ENSG00000233304	one_to_many	1	one_to_many:1
ENSMUSG00000086282	NA	NA	ENSG00000256473;ENSG00000256120	many_to_many	1	many_to_many:1
ENSMUSG00000086288	NA	NA	ENSG00000273481	many_to_one	1	many_to_one:1
ENSMUSG00000086290	ENSCAFG00845009830	one_to_one	ENSG00000197989	one_to_one	2	one_to_one:2
ENSMUSG00000086293	NA	NA	ENSG00000287708;ENSG00000225472;ENSG00000289969	many_to_many	1	many_to_many:1
ENSMUSG00000086296	NA	NA	ENSG00000242797	one_to_one	1	one_to_one:1
ENSMUSG00000086297	NA	NA	ENSG00000248668;ENSG00000286164	many_to_many_strict	1	many_to_many_strict:1
ENSMUSG00000086306	NA	NA	ENSG00000262343	one_to_one	1	one_to_one:1
ENSMUSG00000086308	NA	NA	ENSG00000259460;ENSG00000288808	one_to_many	1	one_to_many:1
ENSMUSG00000086312	NA	NA	ENSG00000226272	many_to_one	1	many_to_one:1
ENSMUSG00000086327	NA	NA	ENSG00000266947	one_to_one	1	one_to_one:1
ENSMUSG00000086330	NA	NA	ENSG00000225442;ENSG00000287910;ENSG00000263624	many_to_many	1	many_to_many:1
ENSMUSG00000086348	NA	NA	ENSG00000234948	many_to_one	1	many_to_one:1
ENSMUSG00000086349	ENSCAFG00845008214;ENSCAFG00845008226	many_to_many_strict	ENSG00000237220;ENSG00000224048	many_to_many_strict	2	many_to_many_strict:2
ENSMUSG00000086350	NA	NA	ENSG00000287601	one_to_one	1	one_to_one:1
ENSMUSG00000086354	NA	NA	ENSG00000270277;ENSG00000271141;ENSG00000267784;ENSG00000270574;ENSG00000270956;ENSG00000271401;ENSG00000271011	one_to_many	1	one_to_many:1
ENSMUSG00000086359	NA	NA	ENSG00000236088	many_to_one	1	many_to_one:1
ENSMUSG00000086360	NA	NA	ENSG00000246790	one_to_one	1	one_to_one:1
ENSMUSG00000086363	ENSCAFG00845017101;ENSCAFG00845017123	one_to_many	ENSG00000280989;ENSG00000231754	one_to_many	2	one_to_many:2
ENSMUSG00000086369	NA	NA	ENSG00000203620	one_to_one	1	one_to_one:1
ENSMUSG00000086370	ENSCAFG00845029920	one_to_one	ENSG00000271533;ENSG00000230590	one_to_many	2	one_to_many:1;one_to_one:1
ENSMUSG00000086372	NA	NA	ENSG00000259087	one_to_one	1	one_to_one:1
ENSMUSG00000086375	ENSCAFG00845004019	many_to_one	ENSG00000253947;ENSG00000253713;ENSG00000254365;ENSG00000253925;ENSG00000254187;ENSG00000253527;ENSG00000253660;ENSG00000253469;ENSG00000254297	many_to_many	2	many_to_many:1;many_to_one:1
ENSMUSG00000086379	ENSCAFG00845028099	one_to_one	ENSG00000235820;ENSG00000230563	one_to_many	2	one_to_many:1;one_to_one:1
ENSMUSG00000086387	NA	NA	ENSG00000276651	one_to_one	1	one_to_one:1
ENSMUSG00000086392	NA	NA	ENSG00000243368	one_to_one	1	one_to_one:1
ENSMUSG00000086407	NA	NA	ENSG00000286444	one_to_one	1	one_to_one:1
ENSMUSG00000086411	NA	NA	ENSG00000234693	one_to_one	1	one_to_one:1
ENSMUSG00000086413	NA	NA	ENSG00000237153	one_to_one	1	one_to_one:1
ENSMUSG00000086418	NA	NA	ENSG00000286951	many_to_one	1	many_to_one:1
ENSMUSG00000086425	NA	NA	ENSG00000236403	one_to_one	1	one_to_one:1
ENSMUSG00000086426	NA	NA	ENSG00000237863	one_to_one	1	one_to_one:1
ENSMUSG00000086427	NA	NA	ENSG00000240990	one_to_one	1	one_to_one:1
ENSMUSG00000086428	NA	NA	ENSG00000272476	one_to_one	1	one_to_one:1
ENSMUSG00000086429	NA	NA	ENSG00000206573	one_to_one	1	one_to_one:1
ENSMUSG00000086430	NA	NA	ENSG00000289266	one_to_one	1	one_to_one:1
ENSMUSG00000086434	NA	NA	ENSG00000225174	one_to_one	1	one_to_one:1
ENSMUSG00000086438	NA	NA	ENSG00000225605	one_to_one	1	one_to_one:1
ENSMUSG00000086446	NA	NA	ENSG00000290095;ENSG00000239911;ENSG00000242048	many_to_many	1	many_to_many:1
ENSMUSG00000086450	NA	NA	ENSG00000225181;ENSG00000287062;ENSG00000235914;ENSG00000286546;ENSG00000237832	many_to_many	1	many_to_many:1
ENSMUSG00000086468	NA	NA	ENSG00000236780	one_to_one	1	one_to_one:1
ENSMUSG00000086486	NA	NA	ENSG00000277020	one_to_one	1	one_to_one:1
ENSMUSG00000086487	NA	NA	ENSG00000265000;ENSG00000287457	many_to_many_strict	1	many_to_many_strict:1
ENSMUSG00000086491	NA	NA	ENSG00000289934	many_to_one	1	many_to_one:1
ENSMUSG00000086499	NA	NA	ENSG00000259125	many_to_one	1	many_to_one:1
ENSMUSG00000086505	NA	NA	ENSG00000203335;ENSG00000270114;ENSG00000286461;ENSG00000287744;ENSG00000233363;ENSG00000236408	one_to_many	1	one_to_many:1
ENSMUSG00000086507	NA	NA	ENSG00000230113	one_to_one	1	one_to_one:1
ENSMUSG00000086509	NA	NA	ENSG00000289590;ENSG00000258197	many_to_many_strict	1	many_to_many_strict:1
ENSMUSG00000086517	NA	NA	ENSG00000227145	one_to_one	1	one_to_one:1
ENSMUSG00000086527	NA	NA	ENSG00000280007	one_to_one	1	one_to_one:1
ENSMUSG00000086528	NA	NA	ENSG00000254003	one_to_one	1	one_to_one:1
ENSMUSG00000086536	NA	NA	ENSG00000225442;ENSG00000287910;ENSG00000263624	many_to_many	1	many_to_many:1
ENSMUSG00000086537	NA	NA	ENSG00000268333;ENSG00000225806;ENSG00000235590;ENSG00000270951	one_to_many	1	one_to_many:1
ENSMUSG00000086541	NA	NA	ENSG00000248690	one_to_one	1	one_to_one:1
ENSMUSG00000086546	NA	NA	ENSG00000226853	many_to_one	1	many_to_one:1
ENSMUSG00000086549	NA	NA	ENSG00000272141	one_to_one	1	one_to_one:1
ENSMUSG00000086554	NA	NA	ENSG00000229444	one_to_one	1	one_to_one:1
ENSMUSG00000086555	NA	NA	ENSG00000229854	one_to_one	1	one_to_one:1
ENSMUSG00000086560	NA	NA	ENSG00000286502;ENSG00000204011	many_to_many_strict	1	many_to_many_strict:1
ENSMUSG00000086565	NA	NA	ENSG00000286518;ENSG00000272235;ENSG00000287828;ENSG00000177133;ENSG00000226286	many_to_many_strict	1	many_to_many_strict:1
ENSMUSG00000086582	NA	NA	ENSG00000240889	one_to_one	1	one_to_one:1
ENSMUSG00000086586	NA	NA	ENSG00000264044	one_to_one	1	one_to_one:1
ENSMUSG00000086588	NA	NA	ENSG00000285535;ENSG00000286534;ENSG00000267506;ENSG00000267665	many_to_many	1	many_to_many:1
ENSMUSG00000086589	NA	NA	ENSG00000230955	one_to_one	1	one_to_one:1
ENSMUSG00000086603	NA	NA	ENSG00000224152;ENSG00000223642	many_to_many_strict	1	many_to_many_strict:1
ENSMUSG00000086607	NA	NA	ENSG00000250603	many_to_one	1	many_to_one:1
ENSMUSG00000086612	NA	NA	ENSG00000233953	many_to_one	1	many_to_one:1
ENSMUSG00000086614	NA	NA	ENSG00000256306;ENSG00000287928;ENSG00000277935	many_to_many_strict	1	many_to_many_strict:1
ENSMUSG00000086618	NA	NA	ENSG00000197308	many_to_one	1	many_to_one:1
ENSMUSG00000086624	ENSCAFG00845029020	many_to_one	ENSG00000277749	many_to_one	2	many_to_one:2
ENSMUSG00000086625	NA	NA	ENSG00000254315;ENSG00000253704	one_to_many	1	one_to_many:1
ENSMUSG00000086629	NA	NA	ENSG00000289132	one_to_one	1	one_to_one:1
ENSMUSG00000086631	NA	NA	ENSG00000289539	one_to_one	1	one_to_one:1
ENSMUSG00000086643	NA	NA	ENSG00000255921;ENSG00000256482	many_to_many_strict	1	many_to_many_strict:1
ENSMUSG00000086648	NA	NA	ENSG00000273958;ENSG00000287508;ENSG00000259591;ENSG00000286457;ENSG00000259481;ENSG00000259575;ENSG00000259482;ENSG00000259274	one_to_many	1	one_to_many:1
ENSMUSG00000086657	NA	NA	ENSG00000229190;ENSG00000260589	one_to_many	1	one_to_many:1
ENSMUSG00000086662	NA	NA	ENSG00000290760	one_to_one	1	one_to_one:1
ENSMUSG00000086665	NA	NA	ENSG00000289914	one_to_one	1	one_to_one:1
ENSMUSG00000086671	NA	NA	ENSG00000224490	one_to_one	1	one_to_one:1
ENSMUSG00000086675	NA	NA	ENSG00000183470;ENSG00000223436;ENSG00000225144	many_to_many_strict	1	many_to_many_strict:1
ENSMUSG00000086676	NA	NA	ENSG00000237741	one_to_one	1	one_to_one:1
ENSMUSG00000086682	NA	NA	ENSG00000272004	one_to_one	1	one_to_one:1
ENSMUSG00000086683	ENSCAFG00845015237	one_to_one	ENSG00000227533	one_to_one	2	one_to_one:2
ENSMUSG00000086684	NA	NA	ENSG00000260151	many_to_one	1	many_to_one:1
ENSMUSG00000086686	ENSCAFG00845001502	one_to_one	NA	NA	1	one_to_one:1
ENSMUSG00000086690	NA	NA	ENSG00000289704;ENSG00000285974	one_to_many	1	one_to_many:1
ENSMUSG00000086694	NA	NA	ENSG00000286071	one_to_one	1	one_to_one:1
ENSMUSG00000086707	ENSCAFG00845010646;ENSCAFG00845010660	one_to_many	NA	NA	1	one_to_many:1
ENSMUSG00000086708	NA	NA	ENSG00000231985;ENSG00000286863	many_to_many_strict	1	many_to_many_strict:1
ENSMUSG00000086709	NA	NA	ENSG00000248464	one_to_one	1	one_to_one:1
ENSMUSG00000086715	NA	NA	ENSG00000281196	many_to_one	1	many_to_one:1
ENSMUSG00000086717	NA	NA	ENSG00000277214	one_to_one	1	one_to_one:1
ENSMUSG00000086719	NA	NA	ENSG00000289222	one_to_one	1	one_to_one:1
ENSMUSG00000086720	NA	NA	ENSG00000183470;ENSG00000223436;ENSG00000225144	many_to_many_strict	1	many_to_many_strict:1
ENSMUSG00000086725	NA	NA	ENSG00000272606	one_to_one	1	one_to_one:1
ENSMUSG00000086730	NA	NA	ENSG00000279220	one_to_one	1	one_to_one:1
ENSMUSG00000086731	NA	NA	ENSG00000256473;ENSG00000256120	many_to_many	1	many_to_many:1
ENSMUSG00000086732	ENSCAFG00845015499	many_to_one	NA	NA	1	many_to_one:1
ENSMUSG00000086735	NA	NA	ENSG00000261191	one_to_one	1	one_to_one:1
ENSMUSG00000086739	NA	NA	ENSG00000234653	one_to_one	1	one_to_one:1
ENSMUSG00000086741	NA	NA	ENSG00000253389;ENSG00000289514	many_to_many_strict	1	many_to_many_strict:1
ENSMUSG00000086746	NA	NA	ENSG00000287156	one_to_one	1	one_to_one:1
ENSMUSG00000086750	NA	NA	ENSG00000262877;ENSG00000262223	one_to_many	1	one_to_many:1
ENSMUSG00000086760	NA	NA	ENSG00000263574	one_to_one	1	one_to_one:1
ENSMUSG00000086763	NA	NA	ENSG00000183470;ENSG00000223436;ENSG00000225144	many_to_many_strict	1	many_to_many_strict:1
ENSMUSG00000086770	NA	NA	ENSG00000235280;ENSG00000267868	many_to_many_strict	1	many_to_many_strict:1
ENSMUSG00000086773	NA	NA	ENSG00000253944;ENSG00000253168	many_to_many	1	many_to_many:1
ENSMUSG00000086774	NA	NA	ENSG00000289081;ENSG00000287683	one_to_many	1	one_to_many:1
ENSMUSG00000086777	NA	NA	ENSG00000257176;ENSG00000273680;ENSG00000275278;ENSG00000274315;ENSG00000275476;ENSG00000257258	many_to_many	1	many_to_many:1
ENSMUSG00000086786	NA	NA	ENSG00000270504	one_to_one	1	one_to_one:1
ENSMUSG00000086792	NA	NA	ENSG00000285103;ENSG00000237734	one_to_many	1	one_to_many:1
ENSMUSG00000086804	ENSCAFG00845015499	many_to_one	NA	NA	1	many_to_one:1
ENSMUSG00000086814	NA	NA	ENSG00000231138	one_to_one	1	one_to_one:1
ENSMUSG00000086820	NA	NA	ENSG00000289848;ENSG00000267882;ENSG00000289329;ENSG00000231119	many_to_many	1	many_to_many:1
ENSMUSG00000086827	NA	NA	ENSG00000239462	one_to_one	1	one_to_one:1
ENSMUSG00000086828	NA	NA	ENSG00000247473;ENSG00000285644	one_to_many	1	one_to_many:1
ENSMUSG00000086836	NA	NA	ENSG00000229647;ENSG00000224342	one_to_many	1	one_to_many:1
ENSMUSG00000086839	NA	NA	ENSG00000272768	one_to_one	1	one_to_one:1
ENSMUSG00000086841	NA	NA	ENSG00000175061	one_to_one	1	one_to_one:1
ENSMUSG00000086856	ENSCAFG00845007539	many_to_one	NA	NA	1	many_to_one:1
ENSMUSG00000086859	ENSCAFG00845015826;ENSCAFG00845015799	many_to_many_strict	NA	NA	1	many_to_many_strict:1
ENSMUSG00000086861	NA	NA	ENSG00000228650	one_to_one	1	one_to_one:1
ENSMUSG00000086866	NA	NA	ENSG00000249609;ENSG00000249623	many_to_many_strict	1	many_to_many_strict:1
ENSMUSG00000086867	NA	NA	ENSG00000237775	many_to_one	1	many_to_one:1
ENSMUSG00000086872	NA	NA	ENSG00000237063;ENSG00000232406	many_to_many_strict	1	many_to_many_strict:1
ENSMUSG00000086874	NA	NA	ENSG00000229751;ENSG00000235410;ENSG00000225112;ENSG00000273474;ENSG00000234091;ENSG00000285671	many_to_many	1	many_to_many:1
ENSMUSG00000086877	NA	NA	ENSG00000267064	one_to_one	1	one_to_one:1
ENSMUSG00000086884	NA	NA	ENSG00000229162	many_to_one	1	many_to_one:1
ENSMUSG00000086889	ENSCAFG00845022149	one_to_one	NA	NA	1	one_to_one:1
ENSMUSG00000086893	NA	NA	ENSG00000289981	one_to_one	1	one_to_one:1
ENSMUSG00000086902	ENSCAFG00845015860	one_to_one	ENSG00000267521	one_to_one	2	one_to_one:2
ENSMUSG00000086904	NA	NA	ENSG00000228392;ENSG00000288537	one_to_many	1	one_to_many:1
ENSMUSG00000086908	NA	NA	ENSG00000254552	many_to_one	1	many_to_one:1
ENSMUSG00000086913	NA	NA	ENSG00000259499;ENSG00000289277	one_to_many	1	one_to_many:1
ENSMUSG00000086914	NA	NA	ENSG00000288012	one_to_one	1	one_to_one:1
ENSMUSG00000086921	ENSCAFG00845016228;ENSCAFG00845016216	many_to_many	NA	NA	1	many_to_many:1
ENSMUSG00000086940	NA	NA	ENSG00000287582	many_to_one	1	many_to_one:1
ENSMUSG00000086946	NA	NA	ENSG00000235669	many_to_one	1	many_to_one:1
ENSMUSG00000086949	ENSCAFG00845029115	one_to_one	NA	NA	1	one_to_one:1
ENSMUSG00000086954	ENSCAFG00845018049	many_to_one	ENSG00000259360;ENSG00000259221;ENSG00000259588	many_to_many	2	many_to_many:1;many_to_one:1
ENSMUSG00000086964	NA	NA	ENSG00000287762;ENSG00000249216	many_to_many_strict	1	many_to_many_strict:1
ENSMUSG00000086970	NA	NA	ENSG00000236352	many_to_one	1	many_to_one:1
ENSMUSG00000086971	NA	NA	ENSG00000263571;ENSG00000264643;ENSG00000263435;ENSG00000264990;ENSG00000265125;ENSG00000266535;ENSG00000264791;ENSG00000265115;ENSG00000265697;ENSG00000265689	many_to_many	1	many_to_many:1
ENSMUSG00000086980	NA	NA	ENSG00000254497	one_to_one	1	one_to_one:1
ENSMUSG00000086991	NA	NA	ENSG00000226272	many_to_one	1	many_to_one:1
ENSMUSG00000086999	NA	NA	ENSG00000236352	many_to_one	1	many_to_one:1
ENSMUSG00000087001	NA	NA	ENSG00000289327	many_to_one	1	many_to_one:1
ENSMUSG00000087014	ENSCAFG00845018124	many_to_one	ENSG00000289256	many_to_one	2	many_to_one:2
ENSMUSG00000087018	NA	NA	ENSG00000254639	one_to_one	1	one_to_one:1
ENSMUSG00000087022	NA	NA	ENSG00000257045;ENSG00000225953	one_to_many	1	one_to_many:1
ENSMUSG00000087038	NA	NA	ENSG00000230830	many_to_one	1	many_to_one:1
ENSMUSG00000087043	NA	NA	ENSG00000254552	many_to_one	1	many_to_one:1
ENSMUSG00000087054	NA	NA	ENSG00000230729	many_to_one	1	many_to_one:1
ENSMUSG00000087064	NA	NA	ENSG00000264829;ENSG00000264270	one_to_many	1	one_to_many:1
ENSMUSG00000087071	NA	NA	ENSG00000235131;ENSG00000227589	one_to_many	1	one_to_many:1
ENSMUSG00000087079	NA	NA	ENSG00000229240;ENSG00000230322;ENSG00000237986;ENSG00000181800;ENSG00000228027;ENSG00000229206;ENSG00000225383	one_to_many	1	one_to_many:1
ENSMUSG00000087086	NA	NA	ENSG00000225527;ENSG00000235020	many_to_many_strict	1	many_to_many_strict:1
ENSMUSG00000087088	NA	NA	ENSG00000259343	one_to_one	1	one_to_one:1
ENSMUSG00000087095	NA	NA	ENSG00000229847	one_to_one	1	one_to_one:1
ENSMUSG00000087099	ENSCAFG00845027574;ENSCAFG00845027556;ENSCAFG00845027596;ENSCAFG00845027568;ENSCAFG00845027579;ENSCAFG00845027589;ENSCAFG00845027561	one_to_many	ENSG00000253376	one_to_one	2	one_to_many:1;one_to_one:1
ENSMUSG00000087106	NA	NA	ENSG00000289896	many_to_one	1	many_to_one:1
ENSMUSG00000087108	NA	NA	ENSG00000272192	one_to_one	1	one_to_one:1
ENSMUSG00000087114	ENSCAFG00845011510	one_to_one	NA	NA	1	one_to_one:1
ENSMUSG00000087115	NA	NA	ENSG00000286571;ENSG00000287241	many_to_many_strict	1	many_to_many_strict:1
ENSMUSG00000087120	NA	NA	ENSG00000265401	one_to_one	1	one_to_one:1
ENSMUSG00000087122	NA	NA	ENSG00000253269	many_to_one	1	many_to_one:1
ENSMUSG00000087124	NA	NA	ENSG00000281196	many_to_one	1	many_to_one:1
ENSMUSG00000087128	ENSCAFG00845017261;ENSCAFG00845017276	many_to_many_strict	NA	NA	1	many_to_many_strict:1
ENSMUSG00000087131	NA	NA	ENSG00000230393	many_to_one	1	many_to_one:1
ENSMUSG00000087135	NA	NA	ENSG00000254710	many_to_one	1	many_to_one:1
ENSMUSG00000087136	NA	NA	ENSG00000237293;ENSG00000231172	one_to_many	1	one_to_many:1
ENSMUSG00000087143	ENSCAFG00845015649	one_to_one	ENSG00000237187	one_to_one	2	one_to_one:2
ENSMUSG00000087157	NA	NA	ENSG00000256473;ENSG00000256120	many_to_many	1	many_to_many:1
ENSMUSG00000087159	NA	NA	ENSG00000234129	one_to_one	1	one_to_one:1
ENSMUSG00000087171	ENSCAFG00845007539	many_to_one	NA	NA	1	many_to_one:1
ENSMUSG00000087176	NA	NA	ENSG00000226853	many_to_one	1	many_to_one:1
ENSMUSG00000087184	NA	NA	ENSG00000289877;ENSG00000264491;ENSG00000265664	one_to_many	1	one_to_many:1
ENSMUSG00000087185	NA	NA	ENSG00000255004;ENSG00000255542	one_to_many	1	one_to_many:1
ENSMUSG00000087192	NA	NA	ENSG00000230013	one_to_one	1	one_to_one:1
ENSMUSG00000087193	NA	NA	ENSG00000232828	one_to_one	1	one_to_one:1
ENSMUSG00000087195	NA	NA	ENSG00000230138;ENSG00000226938	many_to_many_strict	1	many_to_many_strict:1
ENSMUSG00000087196	NA	NA	ENSG00000227958	one_to_one	1	one_to_one:1
ENSMUSG00000087197	NA	NA	ENSG00000255314;ENSG00000254653	one_to_many	1	one_to_many:1
ENSMUSG00000087199	ENSCAFG00845020529	one_to_one	NA	NA	1	one_to_one:1
ENSMUSG00000087200	NA	NA	ENSG00000234578;ENSG00000232762;ENSG00000225675;ENSG00000228838	many_to_many	1	many_to_many:1
ENSMUSG00000087203	NA	NA	ENSG00000278621	many_to_one	1	many_to_one:1
ENSMUSG00000087211	NA	NA	ENSG00000276707;ENSG00000277268	one_to_many	1	one_to_many:1
ENSMUSG00000087213	NA	NA	ENSG00000272851	one_to_one	1	one_to_one:1
ENSMUSG00000087214	NA	NA	ENSG00000223662	one_to_one	1	one_to_one:1
ENSMUSG00000087215	NA	NA	ENSG00000230352;ENSG00000225129;ENSG00000286309	many_to_many	1	many_to_many:1
ENSMUSG00000087221	NA	NA	ENSG00000248668;ENSG00000286164	many_to_many_strict	1	many_to_many_strict:1
ENSMUSG00000087222	NA	NA	ENSG00000271825;ENSG00000271996;ENSG00000222043	one_to_many	1	one_to_many:1
ENSMUSG00000087241	NA	NA	ENSG00000289502;ENSG00000254251	one_to_many	1	one_to_many:1
ENSMUSG00000087242	NA	NA	ENSG00000263051;ENSG00000263708;ENSG00000262815;ENSG00000225751	one_to_many	1	one_to_many:1
ENSMUSG00000087245	ENSCAFG00845004019	many_to_one	ENSG00000253947;ENSG00000253713;ENSG00000254365;ENSG00000253925;ENSG00000254187;ENSG00000253527;ENSG00000253660;ENSG00000253469;ENSG00000254297	many_to_many	2	many_to_many:1;many_to_one:1
ENSMUSG00000087248	NA	NA	ENSG00000176349	many_to_one	1	many_to_one:1
ENSMUSG00000087250	NA	NA	ENSG00000248866	many_to_one	1	many_to_one:1
ENSMUSG00000087252	NA	NA	ENSG00000234390	one_to_one	1	one_to_one:1
ENSMUSG00000087253	NA	NA	ENSG00000289943	one_to_one	1	one_to_one:1
ENSMUSG00000087256	NA	NA	ENSG00000236054;ENSG00000229673	many_to_many_strict	1	many_to_many_strict:1
ENSMUSG00000087258	NA	NA	ENSG00000205500	one_to_one	1	one_to_one:1
ENSMUSG00000087259	NA	NA	ENSG00000227036	many_to_one	1	many_to_one:1
ENSMUSG00000087261	NA	NA	ENSG00000260519	many_to_one	1	many_to_one:1
ENSMUSG00000087264	NA	NA	ENSG00000286611;ENSG00000235934	one_to_many	1	one_to_many:1
ENSMUSG00000087266	NA	NA	ENSG00000187229;ENSG00000253335	one_to_many	1	one_to_many:1
ENSMUSG00000087269	NA	NA	ENSG00000289226	many_to_one	1	many_to_one:1
ENSMUSG00000087289	NA	NA	ENSG00000230138;ENSG00000226938	many_to_many_strict	1	many_to_many_strict:1
ENSMUSG00000087290	NA	NA	ENSG00000251379	one_to_one	1	one_to_one:1
ENSMUSG00000087291	NA	NA	ENSG00000273387	many_to_one	1	many_to_one:1
ENSMUSG00000087293	NA	NA	ENSG00000275620	one_to_one	1	one_to_one:1
ENSMUSG00000087294	NA	NA	ENSG00000237336;ENSG00000230826	one_to_many	1	one_to_many:1
ENSMUSG00000087295	NA	NA	ENSG00000265287	one_to_one	1	one_to_one:1
ENSMUSG00000087300	NA	NA	ENSG00000288076;ENSG00000271743;ENSG00000246089	one_to_many	1	one_to_many:1
ENSMUSG00000087302	NA	NA	ENSG00000256473;ENSG00000256120	many_to_many	1	many_to_many:1
ENSMUSG00000087305	NA	NA	ENSG00000233108	one_to_one	1	one_to_one:1
ENSMUSG00000087307	NA	NA	ENSG00000287422;ENSG00000226438	one_to_many	1	one_to_many:1
ENSMUSG00000087314	NA	NA	ENSG00000290095;ENSG00000239911;ENSG00000242048	many_to_many	1	many_to_many:1
ENSMUSG00000087317	NA	NA	ENSG00000260902	one_to_one	1	one_to_one:1
ENSMUSG00000087322	NA	NA	ENSG00000262061;ENSG00000262294;ENSG00000262920;ENSG00000262558	one_to_many	1	one_to_many:1
ENSMUSG00000087327	NA	NA	ENSG00000257084;ENSG00000271969	one_to_many	1	one_to_many:1
ENSMUSG00000087328	NA	NA	ENSG00000253858;ENSG00000253591	many_to_many_strict	1	many_to_many_strict:1
ENSMUSG00000087330	NA	NA	ENSG00000285486	one_to_one	1	one_to_one:1
ENSMUSG00000087331	NA	NA	ENSG00000273188	one_to_one	1	one_to_one:1
ENSMUSG00000087332	NA	NA	ENSG00000228734	one_to_one	1	one_to_one:1
ENSMUSG00000087336	NA	NA	ENSG00000255856	one_to_one	1	one_to_one:1
ENSMUSG00000087341	NA	NA	ENSG00000235831	many_to_one	1	many_to_one:1
ENSMUSG00000087352	NA	NA	ENSG00000270605;ENSG00000290123	one_to_many	1	one_to_many:1
ENSMUSG00000087355	NA	NA	ENSG00000229751;ENSG00000235410;ENSG00000225112;ENSG00000273474;ENSG00000234091;ENSG00000285671	many_to_many	1	many_to_many:1
ENSMUSG00000087356	NA	NA	ENSG00000231098	one_to_one	1	one_to_one:1
ENSMUSG00000087363	NA	NA	ENSG00000286934;ENSG00000285861;ENSG00000285977;ENSG00000288110	many_to_many	1	many_to_many:1
ENSMUSG00000087365	NA	NA	ENSG00000223749	many_to_one	1	many_to_one:1
ENSMUSG00000087366	NA	NA	ENSG00000234807	one_to_one	1	one_to_one:1
ENSMUSG00000087368	NA	NA	ENSG00000231154	one_to_one	1	one_to_one:1
ENSMUSG00000087383	NA	NA	ENSG00000236130	one_to_one	1	one_to_one:1
ENSMUSG00000087384	NA	NA	ENSG00000287121;ENSG00000262020	one_to_many	1	one_to_many:1
ENSMUSG00000087389	NA	NA	ENSG00000083622;ENSG00000232661;ENSG00000286390	one_to_many	1	one_to_many:1
ENSMUSG00000087395	NA	NA	ENSG00000235545	one_to_one	1	one_to_one:1
ENSMUSG00000087398	NA	NA	ENSG00000264125	one_to_one	1	one_to_one:1
ENSMUSG00000087402	NA	NA	ENSG00000253500	one_to_one	1	one_to_one:1
ENSMUSG00000087404	NA	NA	ENSG00000275516;ENSG00000261978	one_to_many	1	one_to_many:1
ENSMUSG00000087407	NA	NA	ENSG00000275720;ENSG00000276508	many_to_many_strict	1	many_to_many_strict:1
ENSMUSG00000087410	NA	NA	ENSG00000214970	one_to_one	1	one_to_one:1
ENSMUSG00000087411	ENSCAFG00845001682	one_to_one	NA	NA	1	one_to_one:1
ENSMUSG00000087413	NA	NA	ENSG00000287708;ENSG00000225472;ENSG00000289969	many_to_many	1	many_to_many:1
ENSMUSG00000087430	NA	NA	ENSG00000289226	many_to_one	1	many_to_one:1
ENSMUSG00000087431	NA	NA	ENSG00000205682;ENSG00000289308	many_to_many_strict	1	many_to_many_strict:1
ENSMUSG00000087435	NA	NA	ENSG00000234055	one_to_one	1	one_to_one:1
ENSMUSG00000087442	NA	NA	ENSG00000218018	many_to_one	1	many_to_one:1
ENSMUSG00000087445	ENSCAFG00845028402	one_to_one	NA	NA	1	one_to_one:1
ENSMUSG00000087450	NA	NA	ENSG00000259754	one_to_one	1	one_to_one:1
ENSMUSG00000087458	NA	NA	ENSG00000250379	one_to_one	1	one_to_one:1
ENSMUSG00000087459	NA	NA	ENSG00000231163	one_to_one	1	one_to_one:1
ENSMUSG00000087461	NA	NA	ENSG00000232413	many_to_one	1	many_to_one:1
ENSMUSG00000087465	ENSCAFG00845020642	one_to_one	ENSG00000254566;ENSG00000255060	one_to_many	2	one_to_many:1;one_to_one:1
ENSMUSG00000087467	NA	NA	ENSG00000254552	many_to_one	1	many_to_one:1
ENSMUSG00000087474	ENSCAFG00845009021;ENSCAFG00845009026;ENSCAFG00845009013;ENSCAFG00845009031	one_to_many	NA	NA	1	one_to_many:1
ENSMUSG00000087482	ENSCAFG00845007606;ENSCAFG00845013530;ENSCAFG00845013538;ENSCAFG00845013519;ENSCAFG00845013523;ENSCAFG00845013510;ENSCAFG00845013503;ENSCAFG00845013537;ENSCAFG00845007595;ENSCAFG00845013508	one_to_many	NA	NA	1	one_to_many:1
ENSMUSG00000087485	NA	NA	ENSG00000271046	one_to_one	1	one_to_one:1
ENSMUSG00000087489	NA	NA	ENSG00000253270	many_to_one	1	many_to_one:1
ENSMUSG00000087497	NA	NA	ENSG00000236088	many_to_one	1	many_to_one:1
ENSMUSG00000087500	NA	NA	ENSG00000270412	one_to_one	1	one_to_one:1
ENSMUSG00000087502	NA	NA	ENSG00000267373	one_to_one	1	one_to_one:1
ENSMUSG00000087505	NA	NA	ENSG00000286724	one_to_one	1	one_to_one:1
ENSMUSG00000087507	NA	NA	ENSG00000230749;ENSG00000226819	many_to_many_strict	1	many_to_many_strict:1
ENSMUSG00000087516	NA	NA	ENSG00000257817	many_to_one	1	many_to_one:1
ENSMUSG00000087518	NA	NA	ENSG00000230918	one_to_one	1	one_to_one:1
ENSMUSG00000087521	NA	NA	ENSG00000280350	one_to_one	1	one_to_one:1
ENSMUSG00000087525	NA	NA	ENSG00000231606;ENSG00000287756;ENSG00000234593	one_to_many	1	one_to_many:1
ENSMUSG00000087534	NA	NA	ENSG00000263571;ENSG00000264643;ENSG00000263435;ENSG00000264990;ENSG00000265125;ENSG00000266535;ENSG00000264791;ENSG00000265115;ENSG00000265697;ENSG00000265689	many_to_many	1	many_to_many:1
ENSMUSG00000087535	NA	NA	ENSG00000224596	one_to_one	1	one_to_one:1
ENSMUSG00000087539	NA	NA	ENSG00000236668;ENSG00000234921	many_to_many_strict	1	many_to_many_strict:1
ENSMUSG00000087543	NA	NA	ENSG00000244491;ENSG00000273076;ENSG00000225450;ENSG00000230149;ENSG00000272669	many_to_many	1	many_to_many:1
ENSMUSG00000087544	ENSCAFG00845018649;ENSCAFG00845018665	one_to_many	NA	NA	1	one_to_many:1
ENSMUSG00000087545	NA	NA	ENSG00000289896	many_to_one	1	many_to_one:1
ENSMUSG00000087559	ENSCAFG00845005873	one_to_one	ENSG00000287984	one_to_one	2	one_to_one:2
ENSMUSG00000087564	NA	NA	ENSG00000253711;ENSG00000254222	many_to_many_strict	1	many_to_many_strict:1
ENSMUSG00000087568	NA	NA	ENSG00000239994	one_to_one	1	one_to_one:1
ENSMUSG00000087571	NA	NA	ENSG00000230020	one_to_one	1	one_to_one:1
ENSMUSG00000087574	NA	NA	ENSG00000286732;ENSG00000266100;ENSG00000263499	many_to_many	1	many_to_many:1
ENSMUSG00000087579	NA	NA	ENSG00000289228	one_to_one	1	one_to_one:1
ENSMUSG00000087590	ENSCAFG00845003724	one_to_one	NA	NA	1	one_to_one:1
ENSMUSG00000087595	NA	NA	ENSG00000275329	one_to_one	1	one_to_one:1
ENSMUSG00000087600	NA	NA	ENSG00000278709	one_to_one	1	one_to_one:1
ENSMUSG00000087601	NA	NA	ENSG00000251173	one_to_one	1	one_to_one:1
ENSMUSG00000087606	NA	NA	ENSG00000176349	many_to_one	1	many_to_one:1
ENSMUSG00000087618	NA	NA	ENSG00000225127	one_to_one	1	one_to_one:1
ENSMUSG00000087624	NA	NA	ENSG00000224397	many_to_one	1	many_to_one:1
ENSMUSG00000087625	NA	NA	ENSG00000243799;ENSG00000244302;ENSG00000287645	one_to_many	1	one_to_many:1
ENSMUSG00000087626	NA	NA	ENSG00000253552;ENSG00000254369	one_to_many	1	one_to_many:1
ENSMUSG00000087627	NA	NA	ENSG00000237457;ENSG00000241505;ENSG00000225811	many_to_many_strict	1	many_to_many_strict:1
ENSMUSG00000087630	NA	NA	ENSG00000250282;ENSG00000275025	one_to_many	1	one_to_many:1
ENSMUSG00000087638	NA	NA	ENSG00000265678;ENSG00000266654	one_to_many	1	one_to_many:1
ENSMUSG00000087647	ENSCAFG00845022177	many_to_one	ENSG00000232643	many_to_one	2	many_to_one:2
ENSMUSG00000087652	NA	NA	ENSG00000270076	one_to_one	1	one_to_one:1
ENSMUSG00000087657	NA	NA	ENSG00000271434	one_to_one	1	one_to_one:1
ENSMUSG00000087658	NA	NA	ENSG00000233429	one_to_one	1	one_to_one:1
ENSMUSG00000087668	NA	NA	ENSG00000250244;ENSG00000250409;ENSG00000249478;ENSG00000288758	one_to_many	1	one_to_many:1
ENSMUSG00000087670	NA	NA	ENSG00000235669	many_to_one	1	many_to_one:1
ENSMUSG00000087675	NA	NA	ENSG00000290024	one_to_one	1	one_to_one:1
ENSMUSG00000087678	NA	NA	ENSG00000230387	one_to_one	1	one_to_one:1
ENSMUSG00000087681	ENSCAFG00845030193	one_to_one	NA	NA	1	one_to_one:1
ENSMUSG00000087685	NA	NA	ENSG00000267458	one_to_one	1	one_to_one:1
ENSMUSG00000087692	NA	NA	ENSG00000167920	one_to_one	1	one_to_one:1
ENSMUSG00000087693	NA	NA	ENSG00000224666	one_to_one	1	one_to_one:1
ENSMUSG00000087700	NA	NA	ENSG00000258667	one_to_one	1	one_to_one:1
ENSMUSG00000089633	NA	NA	ENSG00000225437;ENSG00000285553;ENSG00000285610;ENSG00000225683	many_to_many	1	many_to_many:1
ENSMUSG00000089655	NA	NA	ENSG00000272609	one_to_one	1	one_to_one:1
ENSMUSG00000089656	NA	NA	ENSG00000257737;ENSG00000257766	many_to_many_strict	1	many_to_many_strict:1
ENSMUSG00000089685	NA	NA	ENSG00000286447	one_to_one	1	one_to_one:1
ENSMUSG00000089699	NA	NA	ENSG00000253976;ENSG00000254357	one_to_many	1	one_to_many:1
ENSMUSG00000089701	NA	NA	ENSG00000233845;ENSG00000272814	many_to_many	1	many_to_many:1
ENSMUSG00000089707	ENSCAFG00845027482	one_to_one	NA	NA	1	one_to_one:1
ENSMUSG00000089709	NA	NA	ENSG00000240012;ENSG00000244493	many_to_many_strict	1	many_to_many_strict:1
ENSMUSG00000089711	NA	NA	ENSG00000289421	one_to_one	1	one_to_one:1
ENSMUSG00000089713	NA	NA	ENSG00000231612;ENSG00000232192;ENSG00000238224	one_to_many	1	one_to_many:1
ENSMUSG00000089718	NA	NA	ENSG00000230830	many_to_one	1	many_to_one:1
ENSMUSG00000089723	NA	NA	ENSG00000260969;ENSG00000287106;ENSG00000285918;ENSG00000277954;ENSG00000260733;ENSG00000260694;ENSG00000286894	many_to_many	1	many_to_many:1
ENSMUSG00000089726	NA	NA	ENSG00000215417	one_to_one	1	one_to_one:1
ENSMUSG00000089729	NA	NA	ENSG00000258099	many_to_one	1	many_to_one:1
ENSMUSG00000089730	NA	NA	ENSG00000234070	one_to_one	1	one_to_one:1
ENSMUSG00000089737	NA	NA	ENSG00000271474	many_to_one	1	many_to_one:1
ENSMUSG00000089744	NA	NA	ENSG00000286529	one_to_one	1	one_to_one:1
ENSMUSG00000089745	NA	NA	ENSG00000224407;ENSG00000227006	many_to_many_strict	1	many_to_many_strict:1
ENSMUSG00000089746	ENSCAFG00845011921	one_to_one	NA	NA	1	one_to_one:1
ENSMUSG00000089755	NA	NA	ENSG00000233845;ENSG00000272814	many_to_many	1	many_to_many:1
ENSMUSG00000089776	NA	NA	ENSG00000285848	one_to_one	1	one_to_one:1
ENSMUSG00000089781	NA	NA	ENSG00000246022;ENSG00000250218	one_to_many	1	one_to_many:1
ENSMUSG00000089794	NA	NA	ENSG00000254060;ENSG00000254177	one_to_many	1	one_to_many:1
ENSMUSG00000089796	NA	NA	ENSG00000244491;ENSG00000273076;ENSG00000225450;ENSG00000230149;ENSG00000272669	many_to_many	1	many_to_many:1
ENSMUSG00000089797	NA	NA	ENSG00000260969;ENSG00000287106;ENSG00000285918;ENSG00000277954;ENSG00000260733;ENSG00000260694;ENSG00000286894	many_to_many	1	many_to_many:1
ENSMUSG00000089804	NA	NA	ENSG00000254024;ENSG00000289048	many_to_many_strict	1	many_to_many_strict:1
ENSMUSG00000089810	NA	NA	ENSG00000278768	one_to_one	1	one_to_one:1
ENSMUSG00000089812	NA	NA	ENSG00000203706	one_to_one	1	one_to_one:1
ENSMUSG00000089820	NA	NA	ENSG00000224407;ENSG00000227006	many_to_many_strict	1	many_to_many_strict:1
ENSMUSG00000089827	NA	NA	ENSG00000281357	one_to_one	1	one_to_one:1
ENSMUSG00000089829	NA	NA	ENSG00000273160;ENSG00000233411	one_to_many	1	one_to_many:1
ENSMUSG00000089833	NA	NA	ENSG00000287649	many_to_one	1	many_to_one:1
ENSMUSG00000089842	NA	NA	ENSG00000251497	many_to_one	1	many_to_one:1
ENSMUSG00000089849	NA	NA	ENSG00000271857;ENSG00000261080	many_to_many	1	many_to_many:1
ENSMUSG00000089854	NA	NA	ENSG00000229065	one_to_one	1	one_to_one:1
ENSMUSG00000089866	ENSCAFG00845000144	one_to_one	NA	NA	1	one_to_one:1
ENSMUSG00000089870	ENSCAFG00845014675	one_to_one	NA	NA	1	one_to_one:1
ENSMUSG00000089881	NA	NA	ENSG00000257737;ENSG00000257766	many_to_many_strict	1	many_to_many_strict:1
ENSMUSG00000089889	NA	NA	ENSG00000232581	one_to_one	1	one_to_one:1
ENSMUSG00000089890	NA	NA	ENSG00000234141	many_to_one	1	many_to_one:1
ENSMUSG00000089894	NA	NA	ENSG00000258661	one_to_one	1	one_to_one:1
ENSMUSG00000089900	NA	NA	ENSG00000286672	one_to_one	1	one_to_one:1
ENSMUSG00000089907	NA	NA	ENSG00000225437;ENSG00000285553;ENSG00000285610;ENSG00000225683	many_to_many	1	many_to_many:1
ENSMUSG00000089924	NA	NA	ENSG00000271474	many_to_one	1	many_to_one:1
ENSMUSG00000089934	NA	NA	ENSG00000236333	many_to_one	1	many_to_one:1
ENSMUSG00000089941	NA	NA	ENSG00000225437;ENSG00000285553;ENSG00000285610;ENSG00000225683	many_to_many	1	many_to_many:1
ENSMUSG00000089948	NA	NA	ENSG00000257176;ENSG00000273680;ENSG00000275278;ENSG00000274315;ENSG00000275476;ENSG00000257258	many_to_many	1	many_to_many:1
ENSMUSG00000089949	NA	NA	ENSG00000254024;ENSG00000289048	many_to_many_strict	1	many_to_many_strict:1
ENSMUSG00000089952	NA	NA	ENSG00000230001	one_to_one	1	one_to_one:1
ENSMUSG00000089957	NA	NA	ENSG00000256564	many_to_one	1	many_to_one:1
ENSMUSG00000089959	NA	NA	ENSG00000257681	one_to_one	1	one_to_one:1
ENSMUSG00000089982	NA	NA	ENSG00000254538	one_to_one	1	one_to_one:1
ENSMUSG00000089983	NA	NA	ENSG00000287726	one_to_one	1	one_to_one:1
ENSMUSG00000090002	NA	NA	ENSG00000272384	many_to_one	1	many_to_one:1
ENSMUSG00000090031	NA	NA	ENSG00000271555;ENSG00000288818	one_to_many	1	one_to_many:1
ENSMUSG00000090048	NA	NA	ENSG00000271857;ENSG00000261080	many_to_many	1	many_to_many:1
ENSMUSG00000090063	NA	NA	ENSG00000231764	one_to_one	1	one_to_one:1
ENSMUSG00000090070	ENSCAFG00845013621	one_to_one	NA	NA	1	one_to_one:1
ENSMUSG00000090079	NA	NA	ENSG00000225063	one_to_one	1	one_to_one:1
ENSMUSG00000090087	NA	NA	ENSG00000285652	one_to_one	1	one_to_one:1
ENSMUSG00000090101	NA	NA	ENSG00000255198	one_to_one	1	one_to_one:1
ENSMUSG00000090116	NA	NA	ENSG00000260600	one_to_one	1	one_to_one:1
ENSMUSG00000090120	NA	NA	ENSG00000272990;ENSG00000240596;ENSG00000242370	many_to_many	1	many_to_many:1
ENSMUSG00000090151	NA	NA	ENSG00000234141	many_to_one	1	many_to_one:1
ENSMUSG00000090160	NA	NA	ENSG00000283058;ENSG00000286412;ENSG00000285548;ENSG00000231918	many_to_many	1	many_to_many:1
ENSMUSG00000090174	NA	NA	ENSG00000259881;ENSG00000205018	one_to_many	1	one_to_many:1
ENSMUSG00000090185	NA	NA	ENSG00000258987	one_to_one	1	one_to_one:1
ENSMUSG00000090191	NA	NA	ENSG00000197301;ENSG00000256083	many_to_many_strict	1	many_to_many_strict:1
ENSMUSG00000090194	ENSCAFG00845009640	one_to_one	NA	NA	1	one_to_one:1
ENSMUSG00000090199	NA	NA	ENSG00000248730;ENSG00000248572;ENSG00000249071;ENSG00000249491	one_to_many	1	one_to_many:1
ENSMUSG00000090207	NA	NA	ENSG00000288988	one_to_one	1	one_to_one:1
ENSMUSG00000090216	NA	NA	ENSG00000275202	one_to_one	1	one_to_one:1
ENSMUSG00000090217	NA	NA	ENSG00000260969;ENSG00000287106;ENSG00000285918;ENSG00000277954;ENSG00000260733;ENSG00000260694;ENSG00000286894	many_to_many	1	many_to_many:1
ENSMUSG00000090220	NA	NA	ENSG00000251497	many_to_one	1	many_to_one:1
ENSMUSG00000090230	NA	NA	ENSG00000267304	one_to_one	1	one_to_one:1
ENSMUSG00000090232	NA	NA	ENSG00000271384	one_to_one	1	one_to_one:1
ENSMUSG00000090235	NA	NA	ENSG00000287261	one_to_one	1	one_to_one:1
ENSMUSG00000090255	NA	NA	ENSG00000251058;ENSG00000249290;ENSG00000250433	one_to_many	1	one_to_many:1
ENSMUSG00000090257	ENSCAFG00845023933;ENSCAFG00845023910	one_to_many	NA	NA	1	one_to_many:1
ENSMUSG00000090260	NA	NA	ENSG00000230630;ENSG00000287336	many_to_many_strict	1	many_to_many_strict:1
ENSMUSG00000090263	NA	NA	ENSG00000287381	one_to_one	1	one_to_one:1
ENSMUSG00000090270	NA	NA	ENSG00000259514	one_to_one	1	one_to_one:1
ENSMUSG00000090293	NA	NA	ENSG00000272711	one_to_one	1	one_to_one:1
ENSMUSG00000090329	NA	NA	ENSG00000229666	many_to_one	1	many_to_one:1
ENSMUSG00000090357	NA	NA	ENSG00000288942	many_to_one	1	many_to_one:1
ENSMUSG00000090358	NA	NA	ENSG00000287434	one_to_one	1	one_to_one:1
ENSMUSG00000090427	NA	NA	ENSG00000249304	one_to_one	1	one_to_one:1
ENSMUSG00000090500	NA	NA	ENSG00000257256	many_to_one	1	many_to_one:1
ENSMUSG00000090608	NA	NA	ENSG00000288720	one_to_one	1	one_to_one:1
ENSMUSG00000090622	NA	NA	ENSG00000227244;ENSG00000289989	many_to_many_strict	1	many_to_many_strict:1
ENSMUSG00000090706	NA	NA	ENSG00000289900;ENSG00000287599	one_to_many	1	one_to_many:1
ENSMUSG00000090732	NA	NA	ENSG00000249806;ENSG00000251248	one_to_many	1	one_to_many:1
ENSMUSG00000090778	NA	NA	ENSG00000261630;ENSG00000261049;ENSG00000260194	many_to_many	1	many_to_many:1
ENSMUSG00000090779	NA	NA	ENSG00000272631	one_to_one	1	one_to_one:1
ENSMUSG00000090936	NA	NA	ENSG00000289375	one_to_one	1	one_to_one:1
ENSMUSG00000090952	NA	NA	ENSG00000269386	one_to_one	1	one_to_one:1
ENSMUSG00000091007	NA	NA	ENSG00000229688;ENSG00000272537	one_to_many	1	one_to_many:1
ENSMUSG00000091061	NA	NA	ENSG00000255132	one_to_one	1	one_to_one:1
ENSMUSG00000091147	NA	NA	ENSG00000231652	one_to_one	1	one_to_one:1
ENSMUSG00000091160	ENSCAFG00845000171	one_to_one	ENSG00000271849	one_to_one	2	one_to_one:2
ENSMUSG00000091184	NA	NA	ENSG00000226163	one_to_one	1	one_to_one:1
ENSMUSG00000091238	ENSCAFG00845016555	one_to_one	NA	NA	1	one_to_one:1
ENSMUSG00000091283	NA	NA	ENSG00000287299	one_to_one	1	one_to_one:1
ENSMUSG00000091329	NA	NA	ENSG00000286856	one_to_one	1	one_to_one:1
ENSMUSG00000091378	NA	NA	ENSG00000177640;ENSG00000231104	one_to_many	1	one_to_many:1
ENSMUSG00000091425	NA	NA	ENSG00000271858	many_to_one	1	many_to_one:1
ENSMUSG00000091457	NA	NA	ENSG00000286951	many_to_one	1	many_to_one:1
ENSMUSG00000091523	NA	NA	ENSG00000264107	many_to_one	1	many_to_one:1
ENSMUSG00000091623	NA	NA	ENSG00000272677	one_to_one	1	one_to_one:1
ENSMUSG00000091709	NA	NA	ENSG00000253741	one_to_one	1	one_to_one:1
ENSMUSG00000091816	NA	NA	ENSG00000271858	many_to_one	1	many_to_one:1
ENSMUSG00000091906	NA	NA	ENSG00000229666	many_to_one	1	many_to_one:1
ENSMUSG00000091937	NA	NA	ENSG00000286101	one_to_one	1	one_to_one:1
ENSMUSG00000092042	NA	NA	ENSG00000287417;ENSG00000225611	one_to_many	1	one_to_many:1
ENSMUSG00000092130	NA	NA	ENSG00000258425	many_to_one	1	many_to_one:1
ENSMUSG00000092182	NA	NA	ENSG00000232104;ENSG00000288963	one_to_many	1	one_to_many:1
ENSMUSG00000092185	NA	NA	ENSG00000254422;ENSG00000277459	many_to_many_strict	1	many_to_many_strict:1
ENSMUSG00000092250	NA	NA	ENSG00000257582	one_to_one	1	one_to_one:1
ENSMUSG00000092341	ENSCAFG00845024046;ENSCAFG00845024060	one_to_many	ENSG00000251562;ENSG00000286756	one_to_many	2	one_to_many:2
ENSMUSG00000092354	NA	NA	ENSG00000286189;ENSG00000251260;ENSG00000180769	many_to_many	1	many_to_many:1
ENSMUSG00000092371	NA	NA	ENSG00000267121;ENSG00000233175	one_to_many	1	one_to_many:1
ENSMUSG00000092375	NA	NA	ENSG00000234688	one_to_one	1	one_to_one:1
ENSMUSG00000092386	NA	NA	ENSG00000290110	one_to_one	1	one_to_one:1
ENSMUSG00000092399	NA	NA	ENSG00000263004;ENSG00000263089	one_to_many	1	one_to_many:1
ENSMUSG00000092448	NA	NA	ENSG00000236202;ENSG00000237665;ENSG00000226258	one_to_many	1	one_to_many:1
ENSMUSG00000092483	NA	NA	ENSG00000272449	one_to_one	1	one_to_one:1
ENSMUSG00000092492	ENSCAFG00845027822	many_to_one	ENSG00000234021;ENSG00000225706;ENSG00000230920;ENSG00000226717	many_to_many	2	many_to_many:1;many_to_one:1
ENSMUSG00000092494	NA	NA	ENSG00000279080	one_to_one	1	one_to_one:1
ENSMUSG00000092499	NA	NA	ENSG00000253471	one_to_one	1	one_to_one:1
ENSMUSG00000092522	NA	NA	ENSG00000234497	one_to_one	1	one_to_one:1
ENSMUSG00000092559	NA	NA	ENSG00000248228	one_to_one	1	one_to_one:1
ENSMUSG00000092570	NA	NA	ENSG00000247381	one_to_one	1	one_to_one:1
ENSMUSG00000092581	NA	NA	ENSG00000238156;ENSG00000237174	one_to_many	1	one_to_many:1
ENSMUSG00000092596	NA	NA	ENSG00000218018	many_to_one	1	many_to_one:1
ENSMUSG00000092599	ENSCAFG00845019009	many_to_one	ENSG00000241648;ENSG00000239519	many_to_many_strict	2	many_to_many_strict:1;many_to_one:1
ENSMUSG00000092625	NA	NA	ENSG00000271270	many_to_one	1	many_to_one:1
ENSMUSG00000092627	NA	NA	ENSG00000233611	one_to_one	1	one_to_one:1
ENSMUSG00000093383	ENSCAFG00845015727	many_to_one	ENSG00000229458;ENSG00000287358;ENSG00000225738;ENSG00000285739	many_to_many	2	many_to_many:1;many_to_one:1
ENSMUSG00000093387	NA	NA	ENSG00000259820	many_to_one	1	many_to_one:1
ENSMUSG00000093390	NA	NA	ENSG00000273002;ENSG00000224276;ENSG00000285677	one_to_many	1	one_to_many:1
ENSMUSG00000093405	NA	NA	ENSG00000259764;ENSG00000259172	one_to_many	1	one_to_many:1
ENSMUSG00000093410	NA	NA	ENSG00000255496	one_to_one	1	one_to_one:1
ENSMUSG00000093424	NA	NA	ENSG00000231073;ENSG00000259357	one_to_many	1	one_to_many:1
ENSMUSG00000093436	NA	NA	ENSG00000289498	one_to_one	1	one_to_one:1
ENSMUSG00000093452	ENSCAFG00845004034	one_to_one	NA	NA	1	one_to_one:1
ENSMUSG00000093460	NA	NA	ENSG00000259439;ENSG00000236502	many_to_many_strict	1	many_to_many_strict:1
ENSMUSG00000093465	NA	NA	ENSG00000259053	many_to_one	1	many_to_one:1
ENSMUSG00000093483	NA	NA	ENSG00000267321	one_to_one	1	one_to_one:1
ENSMUSG00000093497	NA	NA	ENSG00000232885;ENSG00000287159;ENSG00000235984	many_to_many	1	many_to_many:1
ENSMUSG00000093502	NA	NA	ENSG00000250243;ENSG00000272995;ENSG00000248343;ENSG00000250092;ENSG00000250039	one_to_many	1	one_to_many:1
ENSMUSG00000093528	ENSCAFG00845015727	many_to_one	ENSG00000229458;ENSG00000287358;ENSG00000225738;ENSG00000285739	many_to_many	2	many_to_many:1;many_to_one:1
ENSMUSG00000093535	ENSCAFG00845016439	one_to_one	NA	NA	1	one_to_one:1
ENSMUSG00000093538	NA	NA	ENSG00000289408	one_to_one	1	one_to_one:1
ENSMUSG00000093540	NA	NA	ENSG00000267760;ENSG00000267223	one_to_many	1	one_to_many:1
ENSMUSG00000093551	NA	NA	ENSG00000232885;ENSG00000287159;ENSG00000235984	many_to_many	1	many_to_many:1
ENSMUSG00000093556	ENSCAFG00845015727	many_to_one	ENSG00000229458;ENSG00000287358;ENSG00000225738;ENSG00000285739	many_to_many	2	many_to_many:1;many_to_one:1
ENSMUSG00000093587	NA	NA	ENSG00000186493;ENSG00000289075	one_to_many	1	one_to_many:1
ENSMUSG00000093590	NA	NA	ENSG00000250129	many_to_one	1	many_to_one:1
ENSMUSG00000093606	NA	NA	ENSG00000286018	one_to_one	1	one_to_one:1
ENSMUSG00000093628	ENSCAFG00845002071	one_to_one	ENSG00000236199	one_to_one	2	one_to_one:2
ENSMUSG00000093650	NA	NA	ENSG00000224691	one_to_one	1	one_to_one:1
ENSMUSG00000093672	NA	NA	ENSG00000226571	one_to_one	1	one_to_one:1
ENSMUSG00000093695	NA	NA	ENSG00000286535;ENSG00000287201	many_to_many_strict	1	many_to_many_strict:1
ENSMUSG00000093697	NA	NA	ENSG00000258779;ENSG00000259817;ENSG00000261227;ENSG00000284675;ENSG00000260880;ENSG00000260848;ENSG00000283457;ENSG00000271009;ENSG00000259209	many_to_many	1	many_to_many:1
ENSMUSG00000093721	NA	NA	ENSG00000254880;ENSG00000254932	many_to_many_strict	1	many_to_many_strict:1
ENSMUSG00000093726	NA	NA	ENSG00000289357	one_to_one	1	one_to_one:1
ENSMUSG00000093738	NA	NA	ENSG00000261213;ENSG00000224127;ENSG00000224149	one_to_many	1	one_to_many:1
ENSMUSG00000093739	NA	NA	ENSG00000185837	one_to_one	1	one_to_one:1
ENSMUSG00000093765	NA	NA	ENSG00000287184	one_to_one	1	one_to_one:1
ENSMUSG00000093771	NA	NA	ENSG00000259959	one_to_one	1	one_to_one:1
ENSMUSG00000093812	NA	NA	ENSG00000260633	many_to_one	1	many_to_one:1
ENSMUSG00000094763	ENSCAFG00845028107	one_to_one	NA	NA	1	one_to_one:1
ENSMUSG00000094841	NA	NA	ENSG00000259543;ENSG00000275995	one_to_many	1	one_to_many:1
ENSMUSG00000095123	ENSCAFG00845000003	one_to_one	NA	NA	1	one_to_one:1
ENSMUSG00000095174	NA	NA	ENSG00000258730	one_to_one	1	one_to_one:1
ENSMUSG00000095438	NA	NA	ENSG00000265142	one_to_one	1	one_to_one:1
ENSMUSG00000096052	NA	NA	ENSG00000287502	one_to_one	1	one_to_one:1
ENSMUSG00000096299	NA	NA	ENSG00000276115;ENSG00000274964;ENSG00000277342	one_to_many	1	one_to_many:1
ENSMUSG00000096553	NA	NA	ENSG00000234577;ENSG00000233464;ENSG00000226193	one_to_many	1	one_to_many:1
ENSMUSG00000096917	NA	NA	ENSG00000272870	one_to_one	1	one_to_one:1
ENSMUSG00000096932	NA	NA	ENSG00000285219	one_to_one	1	one_to_one:1
ENSMUSG00000096935	ENSCAFG00845009073	one_to_one	NA	NA	1	one_to_one:1
ENSMUSG00000096936	NA	NA	ENSG00000223770	many_to_one	1	many_to_one:1
ENSMUSG00000096938	NA	NA	ENSG00000275741	one_to_one	1	one_to_one:1
ENSMUSG00000096948	NA	NA	ENSG00000249112	many_to_one	1	many_to_one:1
ENSMUSG00000096950	NA	NA	ENSG00000237292	many_to_one	1	many_to_one:1
ENSMUSG00000096956	NA	NA	ENSG00000251370;ENSG00000248537;ENSG00000250786	many_to_many	1	many_to_many:1
ENSMUSG00000096963	NA	NA	ENSG00000236822	one_to_one	1	one_to_one:1
ENSMUSG00000096967	NA	NA	ENSG00000259820	many_to_one	1	many_to_one:1
ENSMUSG00000096971	NA	NA	ENSG00000250234;ENSG00000271874	many_to_many_strict	1	many_to_many_strict:1
ENSMUSG00000096977	NA	NA	ENSG00000279968	one_to_one	1	one_to_one:1
ENSMUSG00000096988	NA	NA	ENSG00000266153;ENSG00000285575	many_to_many_strict	1	many_to_many_strict:1
ENSMUSG00000096992	NA	NA	ENSG00000231441	one_to_one	1	one_to_one:1
ENSMUSG00000097000	NA	NA	ENSG00000279529	one_to_one	1	one_to_one:1
ENSMUSG00000097002	NA	NA	ENSG00000244586	one_to_one	1	one_to_one:1
ENSMUSG00000097007	NA	NA	ENSG00000235652	one_to_one	1	one_to_one:1
ENSMUSG00000097009	NA	NA	ENSG00000234601;ENSG00000233355	one_to_many	1	one_to_many:1
ENSMUSG00000097011	NA	NA	ENSG00000235295;ENSG00000286990	many_to_many	1	many_to_many:1
ENSMUSG00000097016	NA	NA	ENSG00000271983	one_to_one	1	one_to_one:1
ENSMUSG00000097018	ENSCAFG00845016970	one_to_one	ENSG00000233593	one_to_one	2	one_to_one:2
ENSMUSG00000097021	NA	NA	ENSG00000274528;ENSG00000259438	one_to_many	1	one_to_many:1
ENSMUSG00000097023	ENSCAFG00845004193	one_to_one	ENSG00000255571;ENSG00000289128	one_to_many	2	one_to_many:1;one_to_one:1
ENSMUSG00000097027	NA	NA	ENSG00000285804	one_to_one	1	one_to_one:1
ENSMUSG00000097028	NA	NA	ENSG00000273129	one_to_one	1	one_to_one:1
ENSMUSG00000097032	NA	NA	ENSG00000286242;ENSG00000246560	one_to_many	1	one_to_many:1
ENSMUSG00000097039	ENSCAFG00845012649;ENSCAFG00845012589	one_to_many	ENSG00000249859	one_to_one	2	one_to_many:1;one_to_one:1
ENSMUSG00000097040	ENSCAFG00845023476	one_to_one	ENSG00000250241	one_to_one	2	one_to_one:2
ENSMUSG00000097063	ENSCAFG00845009940	one_to_one	NA	NA	1	one_to_one:1
ENSMUSG00000097068	NA	NA	ENSG00000274682	one_to_one	1	one_to_one:1
ENSMUSG00000097069	NA	NA	ENSG00000287100	many_to_one	1	many_to_one:1
ENSMUSG00000097074	NA	NA	ENSG00000270403	one_to_one	1	one_to_one:1
ENSMUSG00000097079	NA	NA	ENSG00000268055;ENSG00000269445	many_to_many_strict	1	many_to_many_strict:1
ENSMUSG00000097082	ENSCAFG00845005712;ENSCAFG00845027451	one_to_many	ENSG00000257329	one_to_one	2	one_to_many:1;one_to_one:1
ENSMUSG00000097092	NA	NA	ENSG00000250893	one_to_one	1	one_to_one:1
ENSMUSG00000097097	NA	NA	ENSG00000260387	one_to_one	1	one_to_one:1
ENSMUSG00000097098	NA	NA	ENSG00000248323	one_to_one	1	one_to_one:1
ENSMUSG00000097101	ENSCAFG00845003214	one_to_one	NA	NA	1	one_to_one:1
ENSMUSG00000097107	NA	NA	ENSG00000290029;ENSG00000236700;ENSG00000287974	one_to_many	1	one_to_many:1
ENSMUSG00000097113	NA	NA	ENSG00000273093	many_to_one	1	many_to_one:1
ENSMUSG00000097134	NA	NA	ENSG00000286373;ENSG00000228566	many_to_many_strict	1	many_to_many_strict:1
ENSMUSG00000097139	NA	NA	ENSG00000231106;ENSG00000286153;ENSG00000234703	one_to_many	1	one_to_many:1
ENSMUSG00000097146	NA	NA	ENSG00000241059;ENSG00000286638	one_to_many	1	one_to_many:1
ENSMUSG00000097149	NA	NA	ENSG00000269303;ENSG00000271032	many_to_many_strict	1	many_to_many_strict:1
ENSMUSG00000097156	ENSCAFG00845009096	one_to_one	NA	NA	1	one_to_one:1
ENSMUSG00000097157	NA	NA	ENSG00000258766	one_to_one	1	one_to_one:1
ENSMUSG00000097160	NA	NA	ENSG00000258798	many_to_one	1	many_to_one:1
ENSMUSG00000097163	NA	NA	ENSG00000274859	many_to_one	1	many_to_one:1
ENSMUSG00000097164	NA	NA	ENSG00000278916	many_to_one	1	many_to_one:1
ENSMUSG00000097166	NA	NA	ENSG00000290063;ENSG00000255920	one_to_many	1	one_to_many:1
ENSMUSG00000097174	NA	NA	ENSG00000248356	one_to_one	1	one_to_one:1
ENSMUSG00000097180	NA	NA	ENSG00000228649	one_to_one	1	one_to_one:1
ENSMUSG00000097182	NA	NA	ENSG00000249483;ENSG00000287938	many_to_many_strict	1	many_to_many_strict:1
ENSMUSG00000097184	NA	NA	ENSG00000229964;ENSG00000276407	one_to_many	1	one_to_many:1
ENSMUSG00000097194	NA	NA	ENSG00000260145	one_to_one	1	one_to_one:1
ENSMUSG00000097196	NA	NA	ENSG00000272205	one_to_one	1	one_to_one:1
ENSMUSG00000097203	NA	NA	ENSG00000236975;ENSG00000233920	one_to_many	1	one_to_many:1
ENSMUSG00000097216	NA	NA	ENSG00000249678;ENSG00000286596	one_to_many	1	one_to_many:1
ENSMUSG00000097217	NA	NA	ENSG00000290008	one_to_one	1	one_to_one:1
ENSMUSG00000097222	NA	NA	ENSG00000264012;ENSG00000266010	one_to_many	1	one_to_many:1
ENSMUSG00000097232	NA	NA	ENSG00000254021;ENSG00000253582	one_to_many	1	one_to_many:1
ENSMUSG00000097247	NA	NA	ENSG00000285661	one_to_one	1	one_to_one:1
ENSMUSG00000097259	NA	NA	ENSG00000271882	one_to_one	1	one_to_one:1
ENSMUSG00000097265	ENSCAFG00845017881;ENSCAFG00845018016	one_to_many	ENSG00000250555;ENSG00000245864;ENSG00000289008	one_to_many	2	one_to_many:2
ENSMUSG00000097267	NA	NA	ENSG00000279652	one_to_one	1	one_to_one:1
ENSMUSG00000097277	ENSCAFG00845003886	one_to_one	ENSG00000252690;ENSG00000250988	one_to_many	2	one_to_many:1;one_to_one:1
ENSMUSG00000097281	NA	NA	ENSG00000203601	one_to_one	1	one_to_one:1
ENSMUSG00000097282	NA	NA	ENSG00000261520;ENSG00000262001;ENSG00000266401;ENSG00000177337;ENSG00000263724;ENSG00000263878	many_to_many	1	many_to_many:1
ENSMUSG00000097292	ENSCAFG00845018054	one_to_one	ENSG00000247828	one_to_one	2	one_to_one:2
ENSMUSG00000097296	NA	NA	ENSG00000267519	one_to_one	1	one_to_one:1
ENSMUSG00000097302	ENSCAFG00845017643;ENSCAFG00845017654	one_to_many	NA	NA	1	one_to_many:1
ENSMUSG00000097309	ENSCAFG00845013073	one_to_one	NA	NA	1	one_to_one:1
ENSMUSG00000097310	NA	NA	ENSG00000286359	many_to_one	1	many_to_one:1
ENSMUSG00000097311	NA	NA	ENSG00000288810;ENSG00000285922	one_to_many	1	one_to_many:1
ENSMUSG00000097318	NA	NA	ENSG00000289324	one_to_one	1	one_to_one:1
ENSMUSG00000097320	NA	NA	ENSG00000236144	one_to_one	1	one_to_one:1
ENSMUSG00000097322	NA	NA	ENSG00000236869	one_to_one	1	one_to_one:1
ENSMUSG00000097324	ENSCAFG00845009524	many_to_one	NA	NA	1	many_to_one:1
ENSMUSG00000097325	ENSCAFG00845002478	one_to_one	NA	NA	1	one_to_one:1
ENSMUSG00000097336	NA	NA	ENSG00000268388	one_to_one	1	one_to_one:1
ENSMUSG00000097343	NA	NA	ENSG00000275445	one_to_one	1	one_to_one:1
ENSMUSG00000097350	NA	NA	ENSG00000272841	one_to_one	1	one_to_one:1
ENSMUSG00000097362	NA	NA	ENSG00000230402	one_to_one	1	one_to_one:1
ENSMUSG00000097368	NA	NA	ENSG00000287229;ENSG00000257359	one_to_many	1	one_to_many:1
ENSMUSG00000097372	NA	NA	ENSG00000273890	one_to_one	1	one_to_one:1
ENSMUSG00000097373	NA	NA	ENSG00000287920;ENSG00000290062	many_to_many	1	many_to_many:1
ENSMUSG00000097379	NA	NA	ENSG00000251513	one_to_one	1	one_to_one:1
ENSMUSG00000097387	NA	NA	ENSG00000265656	one_to_one	1	one_to_one:1
ENSMUSG00000097399	NA	NA	ENSG00000226877;ENSG00000231616	one_to_many	1	one_to_many:1
ENSMUSG00000097403	NA	NA	ENSG00000260088	one_to_one	1	one_to_one:1
ENSMUSG00000097404	NA	NA	ENSG00000254614	one_to_one	1	one_to_one:1
ENSMUSG00000097406	NA	NA	ENSG00000285841;ENSG00000261629;ENSG00000204990	many_to_many	1	many_to_many:1
ENSMUSG00000097407	NA	NA	ENSG00000258343	one_to_one	1	one_to_one:1
ENSMUSG00000097408	NA	NA	ENSG00000271709	one_to_one	1	one_to_one:1
ENSMUSG00000097409	NA	NA	ENSG00000259798;ENSG00000259833	one_to_many	1	one_to_many:1
ENSMUSG00000097411	NA	NA	ENSG00000251141	one_to_one	1	one_to_one:1
ENSMUSG00000097413	ENSCAFG00845022927	one_to_one	NA	NA	1	one_to_one:1
ENSMUSG00000097419	NA	NA	ENSG00000255921;ENSG00000256482	many_to_many_strict	1	many_to_many_strict:1
ENSMUSG00000097424	NA	NA	ENSG00000261095;ENSG00000285527;ENSG00000261651	many_to_many	1	many_to_many:1
ENSMUSG00000097428	NA	NA	ENSG00000125462	one_to_one	1	one_to_one:1
ENSMUSG00000097435	NA	NA	ENSG00000225620;ENSG00000226862	one_to_many	1	one_to_many:1
ENSMUSG00000097438	NA	NA	ENSG00000232190;ENSG00000261363	one_to_many	1	one_to_many:1
ENSMUSG00000097440	NA	NA	ENSG00000266495	one_to_one	1	one_to_one:1
ENSMUSG00000097441	NA	NA	ENSG00000259676	one_to_one	1	one_to_one:1
ENSMUSG00000097442	NA	NA	ENSG00000254109	one_to_one	1	one_to_one:1
ENSMUSG00000097446	NA	NA	ENSG00000287047	many_to_one	1	many_to_one:1
ENSMUSG00000097448	NA	NA	ENSG00000273093	many_to_one	1	many_to_one:1
ENSMUSG00000097456	NA	NA	ENSG00000251126;ENSG00000249373;ENSG00000248152	one_to_many	1	one_to_many:1
ENSMUSG00000097462	NA	NA	ENSG00000241158;ENSG00000241684	many_to_many	1	many_to_many:1
ENSMUSG00000097471	NA	NA	ENSG00000287427;ENSG00000232259	one_to_many	1	one_to_many:1
ENSMUSG00000097484	NA	NA	ENSG00000285841;ENSG00000261629;ENSG00000204990	many_to_many	1	many_to_many:1
ENSMUSG00000097491	NA	NA	ENSG00000287169	many_to_one	1	many_to_one:1
ENSMUSG00000097496	NA	NA	ENSG00000256306;ENSG00000287928;ENSG00000277935	many_to_many_strict	1	many_to_many_strict:1
ENSMUSG00000097509	NA	NA	ENSG00000290058;ENSG00000267475	one_to_many	1	one_to_many:1
ENSMUSG00000097515	NA	NA	ENSG00000203288	one_to_one	1	one_to_one:1
ENSMUSG00000097519	NA	NA	ENSG00000232732	one_to_one	1	one_to_one:1
ENSMUSG00000097520	NA	NA	ENSG00000261439;ENSG00000272372;ENSG00000246379;ENSG00000287866	one_to_many	1	one_to_many:1
ENSMUSG00000097523	NA	NA	ENSG00000277142;ENSG00000261691	one_to_many	1	one_to_many:1
ENSMUSG00000097533	NA	NA	ENSG00000260830	one_to_one	1	one_to_one:1
ENSMUSG00000097534	NA	NA	ENSG00000286292;ENSG00000271646	many_to_many	1	many_to_many:1
ENSMUSG00000097536	NA	NA	ENSG00000289229;ENSG00000273015	one_to_many	1	one_to_many:1
ENSMUSG00000097537	NA	NA	ENSG00000263307	one_to_one	1	one_to_one:1
ENSMUSG00000097546	NA	NA	ENSG00000230046;ENSG00000290864	many_to_many_strict	1	many_to_many_strict:1
ENSMUSG00000097547	NA	NA	ENSG00000225386	one_to_one	1	one_to_one:1
ENSMUSG00000097548	NA	NA	ENSG00000287131	one_to_one	1	one_to_one:1
ENSMUSG00000097557	NA	NA	ENSG00000289440	one_to_one	1	one_to_one:1
ENSMUSG00000097563	ENSCAFG00845031024	one_to_one	NA	NA	1	one_to_one:1
ENSMUSG00000097573	NA	NA	ENSG00000287133	one_to_one	1	one_to_one:1
ENSMUSG00000097576	NA	NA	ENSG00000272967	one_to_one	1	one_to_one:1
ENSMUSG00000097580	NA	NA	ENSG00000286427	one_to_one	1	one_to_one:1
ENSMUSG00000097585	NA	NA	ENSG00000288809	one_to_one	1	one_to_one:1
ENSMUSG00000097596	ENSCAFG00845030436	one_to_one	NA	NA	1	one_to_one:1
ENSMUSG00000097597	NA	NA	ENSG00000224658	one_to_one	1	one_to_one:1
ENSMUSG00000097601	NA	NA	ENSG00000229569	one_to_one	1	one_to_one:1
ENSMUSG00000097602	NA	NA	ENSG00000229188	many_to_one	1	many_to_one:1
ENSMUSG00000097616	NA	NA	ENSG00000289630	one_to_one	1	one_to_one:1
ENSMUSG00000097621	NA	NA	ENSG00000214145	one_to_one	1	one_to_one:1
ENSMUSG00000097623	NA	NA	ENSG00000289162	one_to_one	1	one_to_one:1
ENSMUSG00000097626	NA	NA	ENSG00000234456;ENSG00000226978;ENSG00000281120;ENSG00000251276	one_to_many	1	one_to_many:1
ENSMUSG00000097640	NA	NA	ENSG00000231160	one_to_one	1	one_to_one:1
ENSMUSG00000097641	NA	NA	ENSG00000285824	one_to_one	1	one_to_one:1
ENSMUSG00000097643	ENSCAFG00845028615	many_to_one	NA	NA	1	many_to_one:1
ENSMUSG00000097649	NA	NA	ENSG00000287858	one_to_one	1	one_to_one:1
ENSMUSG00000097665	ENSCAFG00845024033	one_to_one	NA	NA	1	one_to_one:1
ENSMUSG00000097673	NA	NA	ENSG00000273117	one_to_one	1	one_to_one:1
ENSMUSG00000097675	NA	NA	ENSG00000255958	one_to_one	1	one_to_one:1
ENSMUSG00000097676	ENSCAFG00845005579	one_to_one	NA	NA	1	one_to_one:1
ENSMUSG00000097680	NA	NA	ENSG00000234678	one_to_one	1	one_to_one:1
ENSMUSG00000097686	NA	NA	ENSG00000290803;ENSG00000251408;ENSG00000287786	one_to_many	1	one_to_many:1
ENSMUSG00000097700	NA	NA	ENSG00000226367;ENSG00000228368;ENSG00000227199;ENSG00000287829	one_to_many	1	one_to_many:1
ENSMUSG00000097701	ENSCAFG00845006429	one_to_one	NA	NA	1	one_to_one:1
ENSMUSG00000097710	NA	NA	ENSG00000249318;ENSG00000248268	one_to_many	1	one_to_many:1
ENSMUSG00000097712	NA	NA	ENSG00000267764;ENSG00000267762	one_to_many	1	one_to_many:1
ENSMUSG00000097716	NA	NA	ENSG00000273293;ENSG00000204934	one_to_many	1	one_to_many:1
ENSMUSG00000097724	NA	NA	ENSG00000286585	one_to_one	1	one_to_one:1
ENSMUSG00000097730	NA	NA	ENSG00000287143	one_to_one	1	one_to_one:1
ENSMUSG00000097735	NA	NA	ENSG00000228322;ENSG00000237009;ENSG00000236724	one_to_many	1	one_to_many:1
ENSMUSG00000097738	ENSCAFG00845000562	one_to_one	NA	NA	1	one_to_one:1
ENSMUSG00000097743	ENSCAFG00845023964	one_to_one	NA	NA	1	one_to_one:1
ENSMUSG00000097745	NA	NA	ENSG00000233099;ENSG00000287647	one_to_many	1	one_to_many:1
ENSMUSG00000097750	NA	NA	ENSG00000288942	many_to_one	1	many_to_one:1
ENSMUSG00000097752	NA	NA	ENSG00000285278;ENSG00000229950	many_to_many	1	many_to_many:1
ENSMUSG00000097754	NA	NA	ENSG00000288562	one_to_one	1	one_to_one:1
ENSMUSG00000097756	NA	NA	ENSG00000288991	one_to_one	1	one_to_one:1
ENSMUSG00000097761	NA	NA	ENSG00000249604	one_to_one	1	one_to_one:1
ENSMUSG00000097763	NA	NA	ENSG00000286729	one_to_one	1	one_to_one:1
ENSMUSG00000097766	NA	NA	ENSG00000246985	one_to_one	1	one_to_one:1
ENSMUSG00000097767	NA	NA	ENSG00000225783;ENSG00000244625	one_to_many	1	one_to_many:1
ENSMUSG00000097772	NA	NA	ENSG00000251022	one_to_one	1	one_to_one:1
ENSMUSG00000097786	NA	NA	ENSG00000239219;ENSG00000240373	one_to_many	1	one_to_many:1
ENSMUSG00000097787	NA	NA	ENSG00000286401;ENSG00000225303;ENSG00000226200	one_to_many	1	one_to_many:1
ENSMUSG00000097793	NA	NA	ENSG00000255647	one_to_one	1	one_to_one:1
ENSMUSG00000097801	NA	NA	ENSG00000258520	many_to_one	1	many_to_one:1
ENSMUSG00000097804	NA	NA	ENSG00000285744	one_to_one	1	one_to_one:1
ENSMUSG00000097805	NA	NA	ENSG00000286766	one_to_one	1	one_to_one:1
ENSMUSG00000097817	NA	NA	ENSG00000270760	one_to_one	1	one_to_one:1
ENSMUSG00000097823	NA	NA	ENSG00000203307;ENSG00000229588	many_to_many_strict	1	many_to_many_strict:1
ENSMUSG00000097834	NA	NA	ENSG00000239677	many_to_one	1	many_to_one:1
ENSMUSG00000097840	NA	NA	ENSG00000285454	one_to_one	1	one_to_one:1
ENSMUSG00000097845	NA	NA	ENSG00000198468	one_to_one	1	one_to_one:1
ENSMUSG00000097848	NA	NA	ENSG00000248371	one_to_one	1	one_to_one:1
ENSMUSG00000097851	NA	NA	ENSG00000290790	one_to_one	1	one_to_one:1
ENSMUSG00000097858	NA	NA	ENSG00000237505	many_to_one	1	many_to_one:1
ENSMUSG00000097870	NA	NA	ENSG00000259420	one_to_one	1	one_to_one:1
ENSMUSG00000097871	NA	NA	ENSG00000286518;ENSG00000272235;ENSG00000287828;ENSG00000177133;ENSG00000226286	many_to_many_strict	1	many_to_many_strict:1
ENSMUSG00000097875	NA	NA	ENSG00000247081;ENSG00000286337	one_to_many	1	one_to_many:1
ENSMUSG00000097885	NA	NA	ENSG00000272717;ENSG00000286896	one_to_many	1	one_to_many:1
ENSMUSG00000097892	NA	NA	ENSG00000289055	one_to_one	1	one_to_one:1
ENSMUSG00000097898	NA	NA	ENSG00000242428	one_to_one	1	one_to_one:1
ENSMUSG00000097903	NA	NA	ENSG00000286334	one_to_one	1	one_to_one:1
ENSMUSG00000097910	NA	NA	ENSG00000288776;ENSG00000261646	one_to_many	1	one_to_many:1
ENSMUSG00000097911	NA	NA	ENSG00000245384	one_to_one	1	one_to_one:1
ENSMUSG00000097917	NA	NA	ENSG00000258920;ENSG00000258380;ENSG00000259073;ENSG00000258699;ENSG00000258752;ENSG00000277801	many_to_many	1	many_to_many:1
ENSMUSG00000097923	NA	NA	ENSG00000236703	one_to_one	1	one_to_one:1
ENSMUSG00000097924	NA	NA	ENSG00000248984;ENSG00000249049	one_to_many	1	one_to_many:1
ENSMUSG00000097932	NA	NA	ENSG00000248673	many_to_one	1	many_to_one:1
ENSMUSG00000097960	NA	NA	ENSG00000287946;ENSG00000270124	many_to_many_strict	1	many_to_many_strict:1
ENSMUSG00000097962	NA	NA	ENSG00000236464	one_to_one	1	one_to_one:1
ENSMUSG00000097970	NA	NA	ENSG00000233237	many_to_one	1	many_to_one:1
ENSMUSG00000097980	ENSCAFG00845004802	one_to_one	NA	NA	1	one_to_one:1
ENSMUSG00000097983	NA	NA	ENSG00000278716;ENSG00000179219;ENSG00000260417;ENSG00000287787	many_to_many	1	many_to_many:1
ENSMUSG00000097986	NA	NA	ENSG00000206028	many_to_one	1	many_to_one:1
ENSMUSG00000097992	ENSCAFG00845004438	one_to_one	NA	NA	1	one_to_one:1
ENSMUSG00000097994	NA	NA	ENSG00000231177	one_to_one	1	one_to_one:1
ENSMUSG00000098008	NA	NA	ENSG00000254380	one_to_one	1	one_to_one:1
ENSMUSG00000098024	NA	NA	ENSG00000244879	one_to_one	1	one_to_one:1
ENSMUSG00000098051	NA	NA	ENSG00000225978;ENSG00000287324	many_to_many	1	many_to_many:1
ENSMUSG00000098066	NA	NA	ENSG00000247137	one_to_one	1	one_to_one:1
ENSMUSG00000098075	NA	NA	ENSG00000286841	one_to_one	1	one_to_one:1
ENSMUSG00000098120	NA	NA	ENSG00000261386;ENSG00000237718;ENSG00000259804	one_to_many	1	one_to_many:1
ENSMUSG00000098127	NA	NA	ENSG00000232490	many_to_one	1	many_to_one:1
ENSMUSG00000098128	NA	NA	ENSG00000258422	one_to_one	1	one_to_one:1
ENSMUSG00000098161	NA	NA	ENSG00000225548	one_to_one	1	one_to_one:1
ENSMUSG00000098172	NA	NA	ENSG00000253563	one_to_one	1	one_to_one:1
ENSMUSG00000098191	NA	NA	ENSG00000232490	many_to_one	1	many_to_one:1
ENSMUSG00000098196	ENSCAFG00845016240	one_to_one	NA	NA	1	one_to_one:1
ENSMUSG00000098206	ENSCAFG00845022979	many_to_one	ENSG00000229989	many_to_one	2	many_to_one:2
ENSMUSG00000098211	NA	NA	ENSG00000261095;ENSG00000285527;ENSG00000261651	many_to_many	1	many_to_many:1
ENSMUSG00000098221	NA	NA	ENSG00000288568	one_to_one	1	one_to_one:1
ENSMUSG00000098230	NA	NA	ENSG00000278960;ENSG00000231933;ENSG00000232464	one_to_many	1	one_to_many:1
ENSMUSG00000098234	NA	NA	ENSG00000245910	one_to_one	1	one_to_one:1
ENSMUSG00000098243	ENSCAFG00845022979	many_to_one	ENSG00000229989	many_to_one	2	many_to_one:2
ENSMUSG00000098284	NA	NA	ENSG00000246316	one_to_one	1	one_to_one:1
ENSMUSG00000098302	ENSCAFG00845016883	one_to_one	NA	NA	1	one_to_one:1
ENSMUSG00000098322	NA	NA	ENSG00000253764	one_to_one	1	one_to_one:1
ENSMUSG00000098370	NA	NA	ENSG00000228231	one_to_one	1	one_to_one:1
ENSMUSG00000098383	NA	NA	ENSG00000236668;ENSG00000234921	many_to_many_strict	1	many_to_many_strict:1
ENSMUSG00000098434	NA	NA	ENSG00000260086;ENSG00000259912;ENSG00000261267;ENSG00000289119	one_to_many	1	one_to_many:1
ENSMUSG00000098439	NA	NA	ENSG00000262038	one_to_one	1	one_to_one:1
ENSMUSG00000098447	ENSCAFG00845027194	one_to_one	NA	NA	1	one_to_one:1
ENSMUSG00000098449	NA	NA	ENSG00000272969	one_to_one	1	one_to_one:1
ENSMUSG00000098515	NA	NA	ENSG00000250103	one_to_one	1	one_to_one:1
ENSMUSG00000098534	NA	NA	ENSG00000260052;ENSG00000272545	one_to_many	1	one_to_many:1
ENSMUSG00000098609	NA	NA	ENSG00000237523	one_to_one	1	one_to_one:1
ENSMUSG00000098645	NA	NA	ENSG00000254703;ENSG00000245008	one_to_many	1	one_to_many:1
ENSMUSG00000098649	ENSCAFG00845024262	one_to_one	ENSG00000257935	one_to_one	2	one_to_one:2
ENSMUSG00000098682	ENSCAFG00845017086	one_to_one	ENSG00000248550	one_to_one	2	one_to_one:2
ENSMUSG00000098702	NA	NA	ENSG00000285736	one_to_one	1	one_to_one:1
ENSMUSG00000098720	ENSCAFG00845000262	one_to_one	ENSG00000263146	one_to_one	2	one_to_one:2
ENSMUSG00000098729	NA	NA	ENSG00000271806;ENSG00000182873;ENSG00000226969	one_to_many	1	one_to_many:1
ENSMUSG00000098739	NA	NA	ENSG00000223966;ENSG00000232086	one_to_many	1	one_to_many:1
ENSMUSG00000098747	ENSCAFG00845009075;ENSCAFG00845009084	one_to_many	ENSG00000286042	one_to_one	2	one_to_many:1;one_to_one:1
ENSMUSG00000098760	ENSCAFG00845030208	one_to_one	ENSG00000224592	one_to_one	2	one_to_one:2
ENSMUSG00000098778	NA	NA	ENSG00000277245	one_to_one	1	one_to_one:1
ENSMUSG00000098843	NA	NA	ENSG00000254588	one_to_one	1	one_to_one:1
ENSMUSG00000098975	NA	NA	ENSG00000253837	one_to_one	1	one_to_one:1
ENSMUSG00000099094	NA	NA	ENSG00000271218;ENSG00000227885	one_to_many	1	one_to_many:1
ENSMUSG00000099338	NA	NA	ENSG00000225083	one_to_one	1	one_to_one:1
ENSMUSG00000099340	NA	NA	ENSG00000249483;ENSG00000287938	many_to_many_strict	1	many_to_many_strict:1
ENSMUSG00000099373	NA	NA	ENSG00000250592	many_to_one	1	many_to_one:1
ENSMUSG00000099384	NA	NA	ENSG00000270419	one_to_one	1	one_to_one:1
ENSMUSG00000099404	ENSCAFG00845001588	many_to_one	ENSG00000272167;ENSG00000274895;ENSG00000230461	many_to_many_strict	2	many_to_many_strict:1;many_to_one:1
ENSMUSG00000099407	ENSCAFG00845012553	one_to_one	NA	NA	1	one_to_one:1
ENSMUSG00000099411	NA	NA	ENSG00000260009;ENSG00000263257	one_to_many	1	one_to_many:1
ENSMUSG00000099419	NA	NA	ENSG00000251171	one_to_one	1	one_to_one:1
ENSMUSG00000099424	ENSCAFG00845000985	one_to_one	NA	NA	1	one_to_one:1
ENSMUSG00000099447	NA	NA	ENSG00000229739	one_to_one	1	one_to_one:1
ENSMUSG00000099474	NA	NA	ENSG00000236355;ENSG00000231150	many_to_many	1	many_to_many:1
ENSMUSG00000099616	NA	NA	ENSG00000249725;ENSG00000251011	many_to_many	1	many_to_many:1
ENSMUSG00000099632	NA	NA	ENSG00000223891	one_to_one	1	one_to_one:1
ENSMUSG00000099635	NA	NA	ENSG00000259439;ENSG00000236502	many_to_many_strict	1	many_to_many_strict:1
ENSMUSG00000099664	NA	NA	ENSG00000287885	one_to_one	1	one_to_one:1
ENSMUSG00000099672	NA	NA	ENSG00000234427;ENSG00000287593	many_to_many_strict	1	many_to_many_strict:1
ENSMUSG00000099683	NA	NA	ENSG00000224961	one_to_one	1	one_to_one:1
ENSMUSG00000099708	NA	NA	ENSG00000258813	one_to_one	1	one_to_one:1
ENSMUSG00000099718	NA	NA	ENSG00000287811	one_to_one	1	one_to_one:1
ENSMUSG00000099758	NA	NA	ENSG00000249388	many_to_one	1	many_to_one:1
ENSMUSG00000099784	NA	NA	ENSG00000287135	one_to_one	1	one_to_one:1
ENSMUSG00000099804	NA	NA	ENSG00000223373	one_to_one	1	one_to_one:1
ENSMUSG00000099811	NA	NA	ENSG00000287041;ENSG00000231903;ENSG00000222035	many_to_many	1	many_to_many:1
ENSMUSG00000099843	NA	NA	ENSG00000278017	one_to_one	1	one_to_one:1
ENSMUSG00000099847	NA	NA	ENSG00000261211;ENSG00000226281	many_to_many	1	many_to_many:1
ENSMUSG00000099851	NA	NA	ENSG00000241764	one_to_one	1	one_to_one:1
ENSMUSG00000099869	NA	NA	ENSG00000228426	one_to_one	1	one_to_one:1
ENSMUSG00000099881	NA	NA	ENSG00000268218;ENSG00000287351;ENSG00000261253;ENSG00000260279	one_to_many	1	one_to_many:1
ENSMUSG00000099906	ENSCAFG00845008716	one_to_one	NA	NA	1	one_to_one:1
ENSMUSG00000099907	NA	NA	ENSG00000233038;ENSG00000222012;ENSG00000231980;ENSG00000289418;ENSG00000272839;ENSG00000225365;ENSG00000232715;ENSG00000285821	one_to_many	1	one_to_many:1
ENSMUSG00000099911	NA	NA	ENSG00000260962	one_to_one	1	one_to_one:1
ENSMUSG00000099928	NA	NA	ENSG00000251461;ENSG00000250838	one_to_many	1	one_to_many:1
ENSMUSG00000099954	NA	NA	ENSG00000236193	many_to_one	1	many_to_one:1
ENSMUSG00000099957	NA	NA	ENSG00000258910	one_to_one	1	one_to_one:1
ENSMUSG00000099958	NA	NA	ENSG00000254197;ENSG00000254019	one_to_many	1	one_to_many:1
ENSMUSG00000099964	NA	NA	ENSG00000237457;ENSG00000241505;ENSG00000225811	many_to_many_strict	1	many_to_many_strict:1
ENSMUSG00000099966	NA	NA	ENSG00000268584	one_to_one	1	one_to_one:1
ENSMUSG00000099969	NA	NA	ENSG00000287929;ENSG00000286372	one_to_many	1	one_to_many:1
ENSMUSG00000099971	NA	NA	ENSG00000225791	one_to_one	1	one_to_one:1
ENSMUSG00000099994	NA	NA	ENSG00000272143;ENSG00000234445;ENSG00000276012	many_to_many	1	many_to_many:1
ENSMUSG00000100002	NA	NA	ENSG00000271122	one_to_one	1	one_to_one:1
ENSMUSG00000100017	NA	NA	ENSG00000223576;ENSG00000275964	one_to_many	1	one_to_many:1
ENSMUSG00000100022	NA	NA	ENSG00000288046;ENSG00000287497	many_to_many	1	many_to_many:1
ENSMUSG00000100029	NA	NA	ENSG00000289845	many_to_one	1	many_to_one:1
ENSMUSG00000100046	NA	NA	ENSG00000259580	many_to_one	1	many_to_one:1
ENSMUSG00000100053	NA	NA	ENSG00000253706	one_to_one	1	one_to_one:1
ENSMUSG00000100071	NA	NA	ENSG00000229896	one_to_one	1	one_to_one:1
ENSMUSG00000100075	NA	NA	ENSG00000287759	one_to_one	1	one_to_one:1
ENSMUSG00000100096	NA	NA	ENSG00000249082	one_to_one	1	one_to_one:1
ENSMUSG00000100100	NA	NA	ENSG00000225497;ENSG00000225652;ENSG00000236467;ENSG00000224500	many_to_many	1	many_to_many:1
ENSMUSG00000100113	NA	NA	ENSG00000257839;ENSG00000257453	one_to_many	1	one_to_many:1
ENSMUSG00000100119	NA	NA	ENSG00000288172	one_to_one	1	one_to_one:1
ENSMUSG00000100130	NA	NA	ENSG00000259589	one_to_one	1	one_to_one:1
ENSMUSG00000100134	NA	NA	ENSG00000249494	one_to_one	1	one_to_one:1
ENSMUSG00000100146	NA	NA	ENSG00000233919	many_to_one	1	many_to_one:1
ENSMUSG00000100162	NA	NA	ENSG00000157306	one_to_one	1	one_to_one:1
ENSMUSG00000100164	NA	NA	ENSG00000289250	one_to_one	1	one_to_one:1
ENSMUSG00000100166	NA	NA	ENSG00000256564	many_to_one	1	many_to_one:1
ENSMUSG00000100182	ENSCAFG00845001870;ENSCAFG00845001772;ENSCAFG00845001811;ENSCAFG00845001817;ENSCAFG00845001849;ENSCAFG00845001792;ENSCAFG00845001779;ENSCAFG00845001857	many_to_many	ENSG00000250682	many_to_one	2	many_to_many:1;many_to_one:1
ENSMUSG00000100192	NA	NA	ENSG00000258842	one_to_one	1	one_to_one:1
ENSMUSG00000100197	NA	NA	ENSG00000235192	one_to_one	1	one_to_one:1
ENSMUSG00000100211	NA	NA	ENSG00000258792	one_to_one	1	one_to_one:1
ENSMUSG00000100220	NA	NA	ENSG00000257660;ENSG00000257653	one_to_many	1	one_to_many:1
ENSMUSG00000100221	NA	NA	ENSG00000287452	one_to_one	1	one_to_one:1
ENSMUSG00000100253	NA	NA	ENSG00000186235	one_to_one	1	one_to_one:1
ENSMUSG00000100269	NA	NA	ENSG00000235319	many_to_one	1	many_to_one:1
ENSMUSG00000100274	ENSCAFG00845010226	many_to_one	NA	NA	1	many_to_one:1
ENSMUSG00000100301	NA	NA	ENSG00000231672	many_to_one	1	many_to_one:1
ENSMUSG00000100315	NA	NA	ENSG00000286527	one_to_one	1	one_to_one:1
ENSMUSG00000100320	NA	NA	ENSG00000272255;ENSG00000250635	one_to_many	1	one_to_many:1
ENSMUSG00000100335	ENSCAFG00845013845	one_to_one	ENSG00000253344;ENSG00000254306;ENSG00000254290	one_to_many	2	one_to_many:1;one_to_one:1
ENSMUSG00000100341	NA	NA	ENSG00000243620	one_to_one	1	one_to_one:1
ENSMUSG00000100354	ENSCAFG00845019690	one_to_one	ENSG00000286965	one_to_one	2	one_to_one:2
ENSMUSG00000100357	NA	NA	ENSG00000260976	one_to_one	1	one_to_one:1
ENSMUSG00000100367	NA	NA	ENSG00000228162	one_to_one	1	one_to_one:1
ENSMUSG00000100393	NA	NA	ENSG00000232480	one_to_one	1	one_to_one:1
ENSMUSG00000100396	NA	NA	ENSG00000228140	one_to_one	1	one_to_one:1
ENSMUSG00000100402	NA	NA	ENSG00000286805;ENSG00000286498	one_to_many	1	one_to_many:1
ENSMUSG00000100417	NA	NA	ENSG00000230967	one_to_one	1	one_to_one:1
ENSMUSG00000100420	NA	NA	ENSG00000234215	many_to_one	1	many_to_one:1
ENSMUSG00000100430	NA	NA	ENSG00000266614;ENSG00000264212	many_to_many_strict	1	many_to_many_strict:1
ENSMUSG00000100437	NA	NA	ENSG00000224137	one_to_one	1	one_to_one:1
ENSMUSG00000100475	NA	NA	ENSG00000248127;ENSG00000250348	one_to_many	1	one_to_many:1
ENSMUSG00000100487	NA	NA	ENSG00000260624	one_to_one	1	one_to_one:1
ENSMUSG00000100496	ENSCAFG00845008214;ENSCAFG00845008226	many_to_many_strict	ENSG00000237220;ENSG00000224048	many_to_many_strict	2	many_to_many_strict:2
ENSMUSG00000100510	ENSCAFG00845017236	one_to_one	ENSG00000237125	one_to_one	2	one_to_one:2
ENSMUSG00000100546	NA	NA	ENSG00000227479;ENSG00000286183	one_to_many	1	one_to_many:1
ENSMUSG00000100548	NA	NA	ENSG00000258317	one_to_one	1	one_to_one:1
ENSMUSG00000100572	NA	NA	ENSG00000264000;ENSG00000265316	one_to_many	1	one_to_many:1
ENSMUSG00000100585	NA	NA	ENSG00000227659;ENSG00000288581;ENSG00000234303	one_to_many	1	one_to_many:1
ENSMUSG00000100593	NA	NA	ENSG00000288806;ENSG00000250174;ENSG00000273123	many_to_many	1	many_to_many:1
ENSMUSG00000100596	NA	NA	ENSG00000249335;ENSG00000249352	one_to_many	1	one_to_many:1
ENSMUSG00000100600	NA	NA	ENSG00000266248;ENSG00000264515	one_to_many	1	one_to_many:1
ENSMUSG00000100625	NA	NA	ENSG00000288755	one_to_one	1	one_to_one:1
ENSMUSG00000100627	NA	NA	ENSG00000225982;ENSG00000289573	one_to_many	1	one_to_many:1
ENSMUSG00000100629	NA	NA	ENSG00000287737;ENSG00000275888	many_to_many_strict	1	many_to_many_strict:1
ENSMUSG00000100630	NA	NA	ENSG00000286472;ENSG00000230725	one_to_many	1	one_to_many:1
ENSMUSG00000100674	NA	NA	ENSG00000231173;ENSG00000223751	one_to_many	1	one_to_many:1
ENSMUSG00000100685	NA	NA	ENSG00000271387	one_to_one	1	one_to_one:1
ENSMUSG00000100706	NA	NA	ENSG00000177822;ENSG00000248816;ENSG00000248694	one_to_many	1	one_to_many:1
ENSMUSG00000100707	NA	NA	ENSG00000256879	one_to_one	1	one_to_one:1
ENSMUSG00000100711	ENSCAFG00845001870;ENSCAFG00845001772;ENSCAFG00845001811;ENSCAFG00845001817;ENSCAFG00845001849;ENSCAFG00845001792;ENSCAFG00845001779;ENSCAFG00845001857	many_to_many	ENSG00000250682	many_to_one	2	many_to_many:1;many_to_one:1
ENSMUSG00000100728	NA	NA	ENSG00000248859	many_to_one	1	many_to_one:1
ENSMUSG00000100738	NA	NA	ENSG00000231336;ENSG00000232696;ENSG00000228481	many_to_many	1	many_to_many:1
ENSMUSG00000100750	NA	NA	ENSG00000287524	many_to_one	1	many_to_one:1
ENSMUSG00000100775	NA	NA	ENSG00000233237	many_to_one	1	many_to_one:1
ENSMUSG00000100781	NA	NA	ENSG00000218416	many_to_one	1	many_to_one:1
ENSMUSG00000100786	NA	NA	ENSG00000290086	one_to_one	1	one_to_one:1
ENSMUSG00000100789	NA	NA	ENSG00000258584	one_to_one	1	one_to_one:1
ENSMUSG00000100796	NA	NA	ENSG00000236028	one_to_one	1	one_to_one:1
ENSMUSG00000100811	NA	NA	ENSG00000225216	one_to_one	1	one_to_one:1
ENSMUSG00000100815	NA	NA	ENSG00000236193	many_to_one	1	many_to_one:1
ENSMUSG00000100847	NA	NA	ENSG00000226087	one_to_one	1	one_to_one:1
ENSMUSG00000100850	NA	NA	ENSG00000232893;ENSG00000270540	one_to_many	1	one_to_many:1
ENSMUSG00000100860	NA	NA	ENSG00000277550	one_to_one	1	one_to_one:1
ENSMUSG00000100868	NA	NA	ENSG00000253302	one_to_one	1	one_to_one:1
ENSMUSG00000100876	NA	NA	ENSG00000257004	one_to_one	1	one_to_one:1
ENSMUSG00000100890	NA	NA	ENSG00000286333	many_to_one	1	many_to_one:1
ENSMUSG00000100908	NA	NA	ENSG00000226442	one_to_one	1	one_to_one:1
ENSMUSG00000100927	NA	NA	ENSG00000289555	one_to_one	1	one_to_one:1
ENSMUSG00000100932	NA	NA	ENSG00000261211;ENSG00000226281	many_to_many	1	many_to_many:1
ENSMUSG00000100943	ENSCAFG00845011168;ENSCAFG00845011159	one_to_many	ENSG00000228959	one_to_one	2	one_to_many:1;one_to_one:1
ENSMUSG00000100954	NA	NA	ENSG00000273004	one_to_one	1	one_to_one:1
ENSMUSG00000100985	NA	NA	ENSG00000269303;ENSG00000271032	many_to_many_strict	1	many_to_many_strict:1
ENSMUSG00000100998	NA	NA	ENSG00000227947	one_to_one	1	one_to_one:1
ENSMUSG00000101012	ENSCAFG00845014656	one_to_one	NA	NA	1	one_to_one:1
ENSMUSG00000101013	NA	NA	ENSG00000214293	one_to_one	1	one_to_one:1
ENSMUSG00000101014	NA	NA	ENSG00000233138	one_to_one	1	one_to_one:1
ENSMUSG00000101028	ENSCAFG00845027767;ENSCAFG00845027697	one_to_many	NA	NA	1	one_to_many:1
ENSMUSG00000101029	NA	NA	ENSG00000289845	many_to_one	1	many_to_one:1
ENSMUSG00000101037	NA	NA	ENSG00000268129	one_to_one	1	one_to_one:1
ENSMUSG00000101051	NA	NA	ENSG00000286753	one_to_one	1	one_to_one:1
ENSMUSG00000101062	NA	NA	ENSG00000269821	many_to_one	1	many_to_one:1
ENSMUSG00000101067	NA	NA	ENSG00000237070;ENSG00000229108	one_to_many	1	one_to_many:1
ENSMUSG00000101079	NA	NA	ENSG00000232913;ENSG00000268894;ENSG00000228553;ENSG00000273450	one_to_many	1	one_to_many:1
ENSMUSG00000101086	NA	NA	ENSG00000236208	one_to_one	1	one_to_one:1
ENSMUSG00000101126	NA	NA	ENSG00000287197	one_to_one	1	one_to_one:1
ENSMUSG00000101144	NA	NA	ENSG00000270362	one_to_one	1	one_to_one:1
ENSMUSG00000101166	NA	NA	ENSG00000268375	one_to_one	1	one_to_one:1
ENSMUSG00000101225	NA	NA	ENSG00000261840	one_to_one	1	one_to_one:1
ENSMUSG00000101242	ENSCAFG00845020648	one_to_one	NA	NA	1	one_to_one:1
ENSMUSG00000101258	NA	NA	ENSG00000250751	one_to_one	1	one_to_one:1
ENSMUSG00000101295	NA	NA	ENSG00000236838;ENSG00000262810;ENSG00000225084	many_to_many	1	many_to_many:1
ENSMUSG00000101314	NA	NA	ENSG00000253479	one_to_one	1	one_to_one:1
ENSMUSG00000101320	NA	NA	ENSG00000226842;ENSG00000229327;ENSG00000233825	one_to_many	1	one_to_many:1
ENSMUSG00000101344	NA	NA	ENSG00000231672	many_to_one	1	many_to_one:1
ENSMUSG00000101360	NA	NA	ENSG00000269821	many_to_one	1	many_to_one:1
ENSMUSG00000101404	NA	NA	ENSG00000270996;ENSG00000287474	one_to_many	1	one_to_many:1
ENSMUSG00000101409	NA	NA	ENSG00000287041;ENSG00000231903;ENSG00000222035	many_to_many	1	many_to_many:1
ENSMUSG00000101445	NA	NA	ENSG00000272143;ENSG00000234445;ENSG00000276012	many_to_many	1	many_to_many:1
ENSMUSG00000101463	NA	NA	ENSG00000243197;ENSG00000241397;ENSG00000242385;ENSG00000240922	one_to_many	1	one_to_many:1
ENSMUSG00000101476	NA	NA	ENSG00000288966	one_to_one	1	one_to_one:1
ENSMUSG00000101481	NA	NA	ENSG00000257180;ENSG00000260835;ENSG00000289107;ENSG00000286635	one_to_many	1	one_to_many:1
ENSMUSG00000101553	NA	NA	ENSG00000287595	many_to_one	1	many_to_one:1
ENSMUSG00000101555	NA	NA	ENSG00000259238	one_to_one	1	one_to_one:1
ENSMUSG00000101559	NA	NA	ENSG00000275443;ENSG00000259763;ENSG00000278146	many_to_many	1	many_to_many:1
ENSMUSG00000101595	NA	NA	ENSG00000240012;ENSG00000244493	many_to_many_strict	1	many_to_many_strict:1
ENSMUSG00000101599	NA	NA	ENSG00000227946	one_to_one	1	one_to_one:1
ENSMUSG00000101600	ENSCAFG00845007888;ENSCAFG00845007872	one_to_many	NA	NA	1	one_to_many:1
ENSMUSG00000101603	NA	NA	ENSG00000223749	many_to_one	1	many_to_one:1
ENSMUSG00000101608	ENSCAFG00845021980;ENSCAFG00845021968	one_to_many	NA	NA	1	one_to_many:1
ENSMUSG00000101609	NA	NA	ENSG00000269821	many_to_one	1	many_to_one:1
ENSMUSG00000101621	ENSCAFG00845013934	one_to_one	NA	NA	1	one_to_one:1
ENSMUSG00000101630	NA	NA	ENSG00000277879;ENSG00000225936	one_to_many	1	one_to_many:1
ENSMUSG00000101636	NA	NA	ENSG00000233351	one_to_one	1	one_to_one:1
ENSMUSG00000101643	NA	NA	ENSG00000267574	one_to_one	1	one_to_one:1
ENSMUSG00000101662	ENSCAFG00845027402	one_to_one	ENSG00000235529	one_to_one	2	one_to_one:2
ENSMUSG00000101671	NA	NA	ENSG00000253629	many_to_one	1	many_to_one:1
ENSMUSG00000101674	ENSCAFG00845026192	one_to_one	ENSG00000231621;ENSG00000225979	one_to_many	2	one_to_many:1;one_to_one:1
ENSMUSG00000101680	NA	NA	ENSG00000258444	many_to_one	1	many_to_one:1
ENSMUSG00000101683	NA	NA	ENSG00000206028	many_to_one	1	many_to_one:1
ENSMUSG00000101693	NA	NA	ENSG00000231691	one_to_one	1	one_to_one:1
ENSMUSG00000101700	ENSCAFG00845005912	one_to_one	ENSG00000226856	one_to_one	2	one_to_one:2
ENSMUSG00000101705	ENSCAFG00845030248;ENSCAFG00845030241	one_to_many	NA	NA	1	one_to_many:1
ENSMUSG00000101746	NA	NA	ENSG00000289439	one_to_one	1	one_to_one:1
ENSMUSG00000101762	NA	NA	ENSG00000251652	one_to_one	1	one_to_one:1
ENSMUSG00000101768	NA	NA	ENSG00000273384	one_to_one	1	one_to_one:1
ENSMUSG00000101840	NA	NA	ENSG00000230432	one_to_one	1	one_to_one:1
ENSMUSG00000101849	NA	NA	ENSG00000272944	one_to_one	1	one_to_one:1
ENSMUSG00000101856	NA	NA	ENSG00000290416	one_to_one	1	one_to_one:1
ENSMUSG00000101859	NA	NA	ENSG00000278621	many_to_one	1	many_to_one:1
ENSMUSG00000101872	ENSCAFG00845009426	many_to_one	ENSG00000234943;ENSG00000228108	many_to_many	2	many_to_many:1;many_to_one:1
ENSMUSG00000101880	NA	NA	ENSG00000237292	many_to_one	1	many_to_one:1
ENSMUSG00000101888	NA	NA	ENSG00000238097;ENSG00000286317;ENSG00000228271	one_to_many	1	one_to_many:1
ENSMUSG00000101895	NA	NA	ENSG00000240440;ENSG00000234902	one_to_many	1	one_to_many:1
ENSMUSG00000101905	NA	NA	ENSG00000273062	one_to_one	1	one_to_one:1
ENSMUSG00000101942	NA	NA	ENSG00000259793	one_to_one	1	one_to_one:1
ENSMUSG00000101970	NA	NA	ENSG00000272888	one_to_one	1	one_to_one:1
ENSMUSG00000101995	NA	NA	ENSG00000218416	many_to_one	1	many_to_one:1
ENSMUSG00000102009	NA	NA	ENSG00000222007	many_to_one	1	many_to_one:1
ENSMUSG00000102029	NA	NA	ENSG00000286333	many_to_one	1	many_to_one:1
ENSMUSG00000102057	NA	NA	ENSG00000225208	one_to_one	1	one_to_one:1
ENSMUSG00000102062	NA	NA	ENSG00000234206	many_to_one	1	many_to_one:1
ENSMUSG00000102063	NA	NA	ENSG00000244063	one_to_one	1	one_to_one:1
ENSMUSG00000102101	NA	NA	ENSG00000256628	one_to_one	1	one_to_one:1
ENSMUSG00000102112	NA	NA	ENSG00000228889	one_to_one	1	one_to_one:1
ENSMUSG00000102123	NA	NA	ENSG00000235770	one_to_one	1	one_to_one:1
ENSMUSG00000102124	NA	NA	ENSG00000255323	one_to_one	1	one_to_one:1
ENSMUSG00000102136	ENSCAFG00845016228;ENSCAFG00845016216	many_to_many	NA	NA	1	many_to_many:1
ENSMUSG00000102154	NA	NA	ENSG00000287218	one_to_one	1	one_to_one:1
ENSMUSG00000102158	NA	NA	ENSG00000257551	many_to_one	1	many_to_one:1
ENSMUSG00000102163	NA	NA	ENSG00000225826	many_to_one	1	many_to_one:1
ENSMUSG00000102191	NA	NA	ENSG00000248429	one_to_one	1	one_to_one:1
ENSMUSG00000102196	NA	NA	ENSG00000212743	many_to_one	1	many_to_one:1
ENSMUSG00000102224	NA	NA	ENSG00000226913;ENSG00000235120	one_to_many	1	one_to_many:1
ENSMUSG00000102256	NA	NA	ENSG00000242795	one_to_one	1	one_to_one:1
ENSMUSG00000102329	NA	NA	ENSG00000213994	one_to_one	1	one_to_one:1
ENSMUSG00000102357	ENSCAFG00845016228;ENSCAFG00845016216	many_to_many	NA	NA	1	many_to_many:1
ENSMUSG00000102432	NA	NA	ENSG00000286486;ENSG00000237759	many_to_many_strict	1	many_to_many_strict:1
ENSMUSG00000102494	ENSCAFG00845016228;ENSCAFG00845016216	many_to_many	NA	NA	1	many_to_many:1
ENSMUSG00000102517	ENSCAFG00845016228;ENSCAFG00845016216	many_to_many	NA	NA	1	many_to_many:1
ENSMUSG00000102539	NA	NA	ENSG00000250698;ENSG00000286320	many_to_many_strict	1	many_to_many_strict:1
ENSMUSG00000102548	NA	NA	ENSG00000203307;ENSG00000229588	many_to_many_strict	1	many_to_many_strict:1
ENSMUSG00000102558	NA	NA	ENSG00000261817	one_to_one	1	one_to_one:1
ENSMUSG00000102590	NA	NA	ENSG00000241383	one_to_one	1	one_to_one:1
ENSMUSG00000102674	NA	NA	ENSG00000212743	many_to_one	1	many_to_one:1
ENSMUSG00000102715	NA	NA	ENSG00000248397;ENSG00000249091	one_to_many	1	one_to_many:1
ENSMUSG00000102716	NA	NA	ENSG00000273306	one_to_one	1	one_to_one:1
ENSMUSG00000102743	NA	NA	ENSG00000227925	one_to_one	1	one_to_one:1
ENSMUSG00000102761	NA	NA	ENSG00000235736	one_to_one	1	one_to_one:1
ENSMUSG00000102777	NA	NA	ENSG00000237980	one_to_one	1	one_to_one:1
ENSMUSG00000102778	NA	NA	ENSG00000249669;ENSG00000253865	one_to_many	1	one_to_many:1
ENSMUSG00000102816	ENSCAFG00845016228;ENSCAFG00845016216	many_to_many	NA	NA	1	many_to_many:1
ENSMUSG00000102840	NA	NA	ENSG00000231057	one_to_one	1	one_to_one:1
ENSMUSG00000102845	NA	NA	ENSG00000289135	one_to_one	1	one_to_one:1
ENSMUSG00000102861	NA	NA	ENSG00000286988;ENSG00000272656	one_to_many	1	one_to_many:1
ENSMUSG00000102862	NA	NA	ENSG00000242539;ENSG00000272699	one_to_many	1	one_to_many:1
ENSMUSG00000102869	NA	NA	ENSG00000260032	one_to_one	1	one_to_one:1
ENSMUSG00000102897	NA	NA	ENSG00000225826	many_to_one	1	many_to_one:1
ENSMUSG00000102899	NA	NA	ENSG00000281691	one_to_one	1	one_to_one:1
ENSMUSG00000102909	NA	NA	ENSG00000236364	many_to_one	1	many_to_one:1
ENSMUSG00000102936	NA	NA	ENSG00000242107	one_to_one	1	one_to_one:1
ENSMUSG00000103041	NA	NA	ENSG00000241770	one_to_one	1	one_to_one:1
ENSMUSG00000103043	NA	NA	ENSG00000286486;ENSG00000237759	many_to_many_strict	1	many_to_many_strict:1
ENSMUSG00000103108	NA	NA	ENSG00000290319	one_to_one	1	one_to_one:1
ENSMUSG00000103116	ENSCAFG00845014581	one_to_one	ENSG00000253238	one_to_one	2	one_to_one:2
ENSMUSG00000103139	NA	NA	ENSG00000236364	many_to_one	1	many_to_one:1
ENSMUSG00000103174	NA	NA	ENSG00000224535	one_to_one	1	one_to_one:1
ENSMUSG00000103386	NA	NA	ENSG00000279726	one_to_one	1	one_to_one:1
ENSMUSG00000103413	NA	NA	ENSG00000232413	many_to_one	1	many_to_one:1
ENSMUSG00000103428	ENSCAFG00845018201	one_to_one	NA	NA	1	one_to_one:1
ENSMUSG00000103435	NA	NA	ENSG00000227230;ENSG00000232085	one_to_many	1	one_to_many:1
ENSMUSG00000103451	NA	NA	ENSG00000276997;ENSG00000226643	one_to_many	1	one_to_many:1
ENSMUSG00000103459	ENSCAFG00845009507	one_to_one	NA	NA	1	one_to_one:1
ENSMUSG00000103473	NA	NA	ENSG00000244268	one_to_one	1	one_to_one:1
ENSMUSG00000103478	NA	NA	ENSG00000231529	many_to_one	1	many_to_one:1
ENSMUSG00000103502	NA	NA	ENSG00000243069	one_to_one	1	one_to_one:1
ENSMUSG00000103517	NA	NA	ENSG00000229983	one_to_one	1	one_to_one:1
ENSMUSG00000103583	NA	NA	ENSG00000232194	one_to_one	1	one_to_one:1
ENSMUSG00000103670	ENSCAFG00845002528	many_to_one	NA	NA	1	many_to_one:1
ENSMUSG00000103690	ENSCAFG00845028269;ENSCAFG00845028245	one_to_many	ENSG00000228208	one_to_one	2	one_to_many:1;one_to_one:1
ENSMUSG00000103785	NA	NA	ENSG00000228350	one_to_one	1	one_to_one:1
ENSMUSG00000103844	NA	NA	ENSG00000230260	one_to_one	1	one_to_one:1
ENSMUSG00000104077	NA	NA	ENSG00000289071	one_to_one	1	one_to_one:1
ENSMUSG00000104093	NA	NA	ENSG00000272990;ENSG00000240596;ENSG00000242370	many_to_many	1	many_to_many:1
ENSMUSG00000104102	NA	NA	ENSG00000287052	one_to_one	1	one_to_one:1
ENSMUSG00000104106	NA	NA	ENSG00000225527;ENSG00000235020	many_to_many_strict	1	many_to_many_strict:1
ENSMUSG00000104108	NA	NA	ENSG00000249690	one_to_one	1	one_to_one:1
ENSMUSG00000104156	NA	NA	ENSG00000274292;ENSG00000272849	one_to_many	1	one_to_many:1
ENSMUSG00000104157	NA	NA	ENSG00000224525;ENSG00000272865	one_to_many	1	one_to_many:1
ENSMUSG00000104161	NA	NA	ENSG00000250698;ENSG00000286320	many_to_many_strict	1	many_to_many_strict:1
ENSMUSG00000104168	NA	NA	ENSG00000270049	one_to_one	1	one_to_one:1
ENSMUSG00000104188	NA	NA	ENSG00000287832;ENSG00000234169	one_to_many	1	one_to_many:1
ENSMUSG00000104234	NA	NA	ENSG00000257022	one_to_one	1	one_to_one:1
ENSMUSG00000104256	NA	NA	ENSG00000269391;ENSG00000233570	one_to_many	1	one_to_many:1
ENSMUSG00000104266	NA	NA	ENSG00000259788	one_to_one	1	one_to_one:1
ENSMUSG00000104284	ENSCAFG00845016228;ENSCAFG00845016216	many_to_many	NA	NA	1	many_to_many:1
ENSMUSG00000104302	NA	NA	ENSG00000227373;ENSG00000229531	one_to_many	1	one_to_many:1
ENSMUSG00000104328	NA	NA	ENSG00000286471	one_to_one	1	one_to_one:1
ENSMUSG00000104336	NA	NA	ENSG00000241336	one_to_one	1	one_to_one:1
ENSMUSG00000104354	NA	NA	ENSG00000204832	one_to_one	1	one_to_one:1
ENSMUSG00000104414	NA	NA	ENSG00000282849	one_to_one	1	one_to_one:1
ENSMUSG00000104461	NA	NA	ENSG00000231529	many_to_one	1	many_to_one:1
ENSMUSG00000104529	ENSCAFG00845013133	one_to_one	NA	NA	1	one_to_one:1
ENSMUSG00000104538	NA	NA	ENSG00000206028	many_to_one	1	many_to_one:1
ENSMUSG00000104554	NA	NA	ENSG00000260464;ENSG00000224093	many_to_many_strict	1	many_to_many_strict:1
ENSMUSG00000104559	ENSCAFG00845029939	one_to_one	NA	NA	1	one_to_one:1
ENSMUSG00000104574	NA	NA	ENSG00000260464;ENSG00000224093	many_to_many_strict	1	many_to_many_strict:1
ENSMUSG00000104606	NA	NA	ENSG00000287493	one_to_one	1	one_to_one:1
ENSMUSG00000104677	NA	NA	ENSG00000287650	one_to_one	1	one_to_one:1
ENSMUSG00000104763	ENSCAFG00845016219	many_to_one	ENSG00000249815	many_to_one	2	many_to_one:2
ENSMUSG00000104768	NA	NA	ENSG00000238198	one_to_one	1	one_to_one:1
ENSMUSG00000104778	NA	NA	ENSG00000276487	one_to_one	1	one_to_one:1
ENSMUSG00000104784	NA	NA	ENSG00000249234;ENSG00000263327	many_to_many_strict	1	many_to_many_strict:1
ENSMUSG00000104786	NA	NA	ENSG00000236676;ENSG00000234953	one_to_many	1	one_to_many:1
ENSMUSG00000104830	NA	NA	ENSG00000256546	one_to_one	1	one_to_one:1
ENSMUSG00000104835	ENSCAFG00845008321	one_to_one	NA	NA	1	one_to_one:1
ENSMUSG00000104845	NA	NA	ENSG00000230641;ENSG00000232162	one_to_many	1	one_to_many:1
ENSMUSG00000104866	NA	NA	ENSG00000226869	many_to_one	1	many_to_one:1
ENSMUSG00000104874	ENSCAFG00845023309	many_to_one	NA	NA	1	many_to_one:1
ENSMUSG00000104886	NA	NA	ENSG00000223770	many_to_one	1	many_to_one:1
ENSMUSG00000104894	NA	NA	ENSG00000287081	one_to_one	1	one_to_one:1
ENSMUSG00000104925	ENSCAFG00845023999	one_to_one	NA	NA	1	one_to_one:1
ENSMUSG00000104937	NA	NA	ENSG00000289942	one_to_one	1	one_to_one:1
ENSMUSG00000104960	ENSCAFG00845029601	one_to_one	ENSG00000269893	one_to_one	2	one_to_one:2
ENSMUSG00000104987	NA	NA	ENSG00000234215	many_to_one	1	many_to_one:1
ENSMUSG00000105006	NA	NA	ENSG00000260278	one_to_one	1	one_to_one:1
ENSMUSG00000105076	NA	NA	ENSG00000226869	many_to_one	1	many_to_one:1
ENSMUSG00000105085	NA	NA	ENSG00000251586	one_to_one	1	one_to_one:1
ENSMUSG00000105139	NA	NA	ENSG00000260879	one_to_one	1	one_to_one:1
ENSMUSG00000105222	NA	NA	ENSG00000239381	many_to_one	1	many_to_one:1
ENSMUSG00000105229	ENSCAFG00845023309	many_to_one	NA	NA	1	many_to_one:1
ENSMUSG00000105245	NA	NA	ENSG00000255148;ENSG00000254913	one_to_many	1	one_to_many:1
ENSMUSG00000105265	NA	NA	ENSG00000242808	one_to_one	1	one_to_one:1
ENSMUSG00000105271	NA	NA	ENSG00000256343	one_to_one	1	one_to_one:1
ENSMUSG00000105283	NA	NA	ENSG00000287632	one_to_one	1	one_to_one:1
ENSMUSG00000105286	NA	NA	ENSG00000243187	one_to_one	1	one_to_one:1
ENSMUSG00000105335	NA	NA	ENSG00000231476	one_to_one	1	one_to_one:1
ENSMUSG00000105339	ENSCAFG00845013466	one_to_one	NA	NA	1	one_to_one:1
ENSMUSG00000105350	NA	NA	ENSG00000291199	one_to_one	1	one_to_one:1
ENSMUSG00000105385	NA	NA	ENSG00000234190;ENSG00000274415	one_to_many	1	one_to_many:1
ENSMUSG00000105439	NA	NA	ENSG00000179428	one_to_one	1	one_to_one:1
ENSMUSG00000105447	NA	NA	ENSG00000260526	one_to_one	1	one_to_one:1
ENSMUSG00000105503	NA	NA	ENSG00000249234;ENSG00000263327	many_to_many_strict	1	many_to_many_strict:1
ENSMUSG00000105534	ENSCAFG00845013253	many_to_one	ENSG00000286742;ENSG00000237819	many_to_many_strict	2	many_to_many_strict:1;many_to_one:1
ENSMUSG00000105535	NA	NA	ENSG00000285336	one_to_one	1	one_to_one:1
ENSMUSG00000105541	ENSCAFG00845025179	one_to_one	ENSG00000236617;ENSG00000250790	one_to_many	2	one_to_many:1;one_to_one:1
ENSMUSG00000105583	NA	NA	ENSG00000250091	one_to_one	1	one_to_one:1
ENSMUSG00000105604	NA	NA	ENSG00000214650	many_to_one	1	many_to_one:1
ENSMUSG00000105646	NA	NA	ENSG00000240040;ENSG00000290802	one_to_many	1	one_to_many:1
ENSMUSG00000105662	NA	NA	ENSG00000260377	one_to_one	1	one_to_one:1
ENSMUSG00000105698	NA	NA	ENSG00000285928;ENSG00000273338	one_to_many	1	one_to_many:1
ENSMUSG00000105753	ENSCAFG00845008105	one_to_one	NA	NA	1	one_to_one:1
ENSMUSG00000105759	NA	NA	ENSG00000251497	many_to_one	1	many_to_one:1
ENSMUSG00000105773	NA	NA	ENSG00000234215	many_to_one	1	many_to_one:1
ENSMUSG00000105789	NA	NA	ENSG00000234492	one_to_one	1	one_to_one:1
ENSMUSG00000105809	NA	NA	ENSG00000234215	many_to_one	1	many_to_one:1
ENSMUSG00000105837	NA	NA	ENSG00000288913	one_to_one	1	one_to_one:1
ENSMUSG00000105852	NA	NA	ENSG00000243960	one_to_one	1	one_to_one:1
ENSMUSG00000105857	NA	NA	ENSG00000249196;ENSG00000286394;ENSG00000256699;ENSG00000286246	one_to_many	1	one_to_many:1
ENSMUSG00000105881	ENSCAFG00845023963	one_to_one	NA	NA	1	one_to_one:1
ENSMUSG00000105941	NA	NA	ENSG00000228013	one_to_one	1	one_to_one:1
ENSMUSG00000105966	NA	NA	ENSG00000287103	one_to_one	1	one_to_one:1
ENSMUSG00000106005	NA	NA	ENSG00000228086	one_to_one	1	one_to_one:1
ENSMUSG00000106019	NA	NA	ENSG00000231310	one_to_one	1	one_to_one:1
ENSMUSG00000106070	NA	NA	ENSG00000287217	one_to_one	1	one_to_one:1
ENSMUSG00000106086	NA	NA	ENSG00000232021	one_to_one	1	one_to_one:1
ENSMUSG00000106112	NA	NA	ENSG00000251002;ENSG00000259054	one_to_many	1	one_to_many:1
ENSMUSG00000106121	NA	NA	ENSG00000285698	one_to_one	1	one_to_one:1
ENSMUSG00000106255	NA	NA	ENSG00000249171	one_to_one	1	one_to_one:1
ENSMUSG00000106319	NA	NA	ENSG00000251442	one_to_one	1	one_to_one:1
ENSMUSG00000106321	NA	NA	ENSG00000203645	one_to_one	1	one_to_one:1
ENSMUSG00000106334	ENSCAFG00845029051	one_to_one	NA	NA	1	one_to_one:1
ENSMUSG00000106367	ENSCAFG00845019287;ENSCAFG00845019310	one_to_many	NA	NA	1	one_to_many:1
ENSMUSG00000106395	NA	NA	ENSG00000234215	many_to_one	1	many_to_one:1
ENSMUSG00000106396	NA	NA	ENSG00000289483	one_to_one	1	one_to_one:1
ENSMUSG00000106426	ENSCAFG00845002404	one_to_one	NA	NA	1	one_to_one:1
ENSMUSG00000106437	ENSCAFG00845016219	many_to_one	ENSG00000249815	many_to_one	2	many_to_one:2
ENSMUSG00000106492	NA	NA	ENSG00000286189;ENSG00000251260;ENSG00000180769	many_to_many	1	many_to_many:1
ENSMUSG00000106505	NA	NA	ENSG00000253170	one_to_one	1	one_to_one:1
ENSMUSG00000106522	NA	NA	ENSG00000256064	one_to_one	1	one_to_one:1
ENSMUSG00000106525	NA	NA	ENSG00000239381	many_to_one	1	many_to_one:1
ENSMUSG00000106538	NA	NA	ENSG00000248545	one_to_one	1	one_to_one:1
ENSMUSG00000106543	NA	NA	ENSG00000237738	one_to_one	1	one_to_one:1
ENSMUSG00000106550	NA	NA	ENSG00000237505	many_to_one	1	many_to_one:1
ENSMUSG00000106588	ENSCAFG00845013253	many_to_one	ENSG00000286742;ENSG00000237819	many_to_many_strict	2	many_to_many_strict:1;many_to_one:1
ENSMUSG00000106598	NA	NA	ENSG00000248479	one_to_one	1	one_to_one:1
ENSMUSG00000106632	NA	NA	ENSG00000229051	one_to_one	1	one_to_one:1
ENSMUSG00000106659	NA	NA	ENSG00000279110;ENSG00000279548;ENSG00000279085;ENSG00000203280;ENSG00000279006	one_to_many	1	one_to_many:1
ENSMUSG00000106663	NA	NA	ENSG00000214650	many_to_one	1	many_to_one:1
ENSMUSG00000106688	ENSCAFG00845012817	one_to_one	NA	NA	1	one_to_one:1
ENSMUSG00000106698	NA	NA	ENSG00000245928	one_to_one	1	one_to_one:1
ENSMUSG00000106719	NA	NA	ENSG00000287904;ENSG00000237637	one_to_many	1	one_to_many:1
ENSMUSG00000106726	NA	NA	ENSG00000249727	one_to_one	1	one_to_one:1
ENSMUSG00000106738	ENSCAFG00845015730	one_to_one	NA	NA	1	one_to_one:1
ENSMUSG00000106740	NA	NA	ENSG00000290234	one_to_one	1	one_to_one:1
ENSMUSG00000106756	NA	NA	ENSG00000287060	many_to_one	1	many_to_one:1
ENSMUSG00000106783	NA	NA	ENSG00000288944	one_to_one	1	one_to_one:1
ENSMUSG00000106795	NA	NA	ENSG00000255399	one_to_one	1	one_to_one:1
ENSMUSG00000106828	NA	NA	ENSG00000287369;ENSG00000245067	one_to_many	1	one_to_many:1
ENSMUSG00000106845	ENSCAFG00845022967;ENSCAFG00845022973	one_to_many	NA	NA	1	one_to_many:1
ENSMUSG00000106847	NA	NA	ENSG00000282164;ENSG00000289741	one_to_many	1	one_to_many:1
ENSMUSG00000106888	NA	NA	ENSG00000251148	one_to_one	1	one_to_one:1
ENSMUSG00000106892	ENSCAFG00845022067	many_to_one	NA	NA	1	many_to_one:1
ENSMUSG00000106894	NA	NA	ENSG00000223522	one_to_one	1	one_to_one:1
ENSMUSG00000106902	NA	NA	ENSG00000250623	one_to_one	1	one_to_one:1
ENSMUSG00000106906	NA	NA	ENSG00000250192	many_to_one	1	many_to_one:1
ENSMUSG00000106927	NA	NA	ENSG00000270008	one_to_one	1	one_to_one:1
ENSMUSG00000106943	NA	NA	ENSG00000260120	one_to_one	1	one_to_one:1
ENSMUSG00000106951	ENSCAFG00845022067	many_to_one	NA	NA	1	many_to_one:1
ENSMUSG00000106985	NA	NA	ENSG00000250192	many_to_one	1	many_to_one:1
ENSMUSG00000107008	NA	NA	ENSG00000290644	one_to_one	1	one_to_one:1
ENSMUSG00000107013	ENSCAFG00845030688	one_to_one	ENSG00000289105	one_to_one	2	one_to_one:2
ENSMUSG00000107047	ENSCAFG00845014882	one_to_one	ENSG00000226968	one_to_one	2	one_to_one:2
ENSMUSG00000107048	NA	NA	ENSG00000277151	one_to_one	1	one_to_one:1
ENSMUSG00000107090	NA	NA	ENSG00000287815	one_to_one	1	one_to_one:1
ENSMUSG00000107121	NA	NA	ENSG00000277283	one_to_one	1	one_to_one:1
ENSMUSG00000107214	NA	NA	ENSG00000278305	one_to_one	1	one_to_one:1
ENSMUSG00000107219	NA	NA	ENSG00000290204;ENSG00000287243;ENSG00000256691	one_to_many	1	one_to_many:1
ENSMUSG00000107232	NA	NA	ENSG00000250192	many_to_one	1	many_to_one:1
ENSMUSG00000107271	NA	NA	ENSG00000236094	one_to_one	1	one_to_one:1
ENSMUSG00000107301	NA	NA	ENSG00000248646	one_to_one	1	one_to_one:1
ENSMUSG00000107318	NA	NA	ENSG00000232415	one_to_one	1	one_to_one:1
ENSMUSG00000107319	NA	NA	ENSG00000249771	one_to_one	1	one_to_one:1
ENSMUSG00000107384	NA	NA	ENSG00000289381	one_to_one	1	one_to_one:1
ENSMUSG00000107422	NA	NA	ENSG00000230435	one_to_one	1	one_to_one:1
ENSMUSG00000107458	NA	NA	ENSG00000231249;ENSG00000235947	one_to_many	1	one_to_many:1
ENSMUSG00000107525	NA	NA	ENSG00000248627;ENSG00000250908;ENSG00000248511	many_to_many_strict	1	many_to_many_strict:1
ENSMUSG00000107534	NA	NA	ENSG00000289463;ENSG00000281195	one_to_many	1	one_to_many:1
ENSMUSG00000107561	NA	NA	ENSG00000285619	one_to_one	1	one_to_one:1
ENSMUSG00000107660	NA	NA	ENSG00000289053	one_to_one	1	one_to_one:1
ENSMUSG00000107663	NA	NA	ENSG00000287595	many_to_one	1	many_to_one:1
ENSMUSG00000107675	NA	NA	ENSG00000256564	many_to_one	1	many_to_one:1
ENSMUSG00000107682	NA	NA	ENSG00000289327	many_to_one	1	many_to_one:1
ENSMUSG00000107688	ENSCAFG00845025557	one_to_one	NA	NA	1	one_to_one:1
ENSMUSG00000107722	NA	NA	ENSG00000265451	many_to_one	1	many_to_one:1
ENSMUSG00000107730	NA	NA	ENSG00000256658	one_to_one	1	one_to_one:1
ENSMUSG00000107736	NA	NA	ENSG00000187979	one_to_one	1	one_to_one:1
ENSMUSG00000107737	ENSCAFG00845024131	one_to_one	NA	NA	1	one_to_one:1
ENSMUSG00000107766	NA	NA	ENSG00000229263	one_to_one	1	one_to_one:1
ENSMUSG00000107791	NA	NA	ENSG00000229630	one_to_one	1	one_to_one:1
ENSMUSG00000107802	NA	NA	ENSG00000257023	one_to_one	1	one_to_one:1
ENSMUSG00000107825	NA	NA	ENSG00000259920;ENSG00000272701;ENSG00000270823	one_to_many	1	one_to_many:1
ENSMUSG00000107842	NA	NA	ENSG00000286979;ENSG00000235035	one_to_many	1	one_to_many:1
ENSMUSG00000107859	NA	NA	ENSG00000283010	many_to_one	1	many_to_one:1
ENSMUSG00000107864	NA	NA	ENSG00000248627;ENSG00000250908;ENSG00000248511	many_to_many_strict	1	many_to_many_strict:1
ENSMUSG00000107902	NA	NA	ENSG00000240405	one_to_one	1	one_to_one:1
ENSMUSG00000107933	NA	NA	ENSG00000234944	one_to_one	1	one_to_one:1
ENSMUSG00000107969	NA	NA	ENSG00000248100	one_to_one	1	one_to_one:1
ENSMUSG00000107994	NA	NA	ENSG00000290072	one_to_one	1	one_to_one:1
ENSMUSG00000107999	ENSCAFG00845022376	one_to_one	NA	NA	1	one_to_one:1
ENSMUSG00000108006	NA	NA	ENSG00000286347	one_to_one	1	one_to_one:1
ENSMUSG00000108010	NA	NA	ENSG00000244300	one_to_one	1	one_to_one:1
ENSMUSG00000108015	NA	NA	ENSG00000287687	one_to_one	1	one_to_one:1
ENSMUSG00000108033	NA	NA	ENSG00000232533	one_to_one	1	one_to_one:1
ENSMUSG00000108034	NA	NA	ENSG00000219410	one_to_one	1	one_to_one:1
ENSMUSG00000108060	NA	NA	ENSG00000229452;ENSG00000285412	one_to_many	1	one_to_many:1
ENSMUSG00000108094	ENSCAFG00845013844	one_to_one	NA	NA	1	one_to_one:1
ENSMUSG00000108103	NA	NA	ENSG00000228723;ENSG00000227929;ENSG00000235830;ENSG00000224808;ENSG00000287623	one_to_many	1	one_to_many:1
ENSMUSG00000108148	ENSCAFG00845020623	one_to_one	ENSG00000257456	one_to_one	2	one_to_one:2
ENSMUSG00000108166	ENSCAFG00845024049	one_to_one	NA	NA	1	one_to_one:1
ENSMUSG00000108171	NA	NA	ENSG00000235295;ENSG00000286990	many_to_many	1	many_to_many:1
ENSMUSG00000108175	ENSCAFG00845017601	many_to_one	ENSG00000228421	many_to_one	2	many_to_one:2
ENSMUSG00000108190	NA	NA	ENSG00000244479	one_to_one	1	one_to_one:1
ENSMUSG00000108196	NA	NA	ENSG00000290048;ENSG00000255670	one_to_many	1	one_to_many:1
ENSMUSG00000108207	ENSCAFG00845022067	many_to_one	NA	NA	1	many_to_one:1
ENSMUSG00000108232	NA	NA	ENSG00000235295;ENSG00000286990	many_to_many	1	many_to_many:1
ENSMUSG00000108239	NA	NA	ENSG00000255621	one_to_one	1	one_to_one:1
ENSMUSG00000108242	NA	NA	ENSG00000248627;ENSG00000250908;ENSG00000248511	many_to_many_strict	1	many_to_many_strict:1
ENSMUSG00000108255	ENSCAFG00845017601	many_to_one	ENSG00000228421	many_to_one	2	many_to_one:2
ENSMUSG00000108258	NA	NA	ENSG00000275097	one_to_one	1	one_to_one:1
ENSMUSG00000108282	NA	NA	ENSG00000249028	one_to_one	1	one_to_one:1
ENSMUSG00000108297	NA	NA	ENSG00000224771;ENSG00000236999	one_to_many	1	one_to_many:1
ENSMUSG00000108311	ENSCAFG00845002719;ENSCAFG00845002714;ENSCAFG00845002709	many_to_many_strict	NA	NA	1	many_to_many_strict:1
ENSMUSG00000108321	NA	NA	ENSG00000259177	one_to_one	1	one_to_one:1
ENSMUSG00000108334	NA	NA	ENSG00000286538	one_to_one	1	one_to_one:1
ENSMUSG00000108351	NA	NA	ENSG00000283213	one_to_one	1	one_to_one:1
ENSMUSG00000108373	ENSCAFG00845000253	one_to_one	NA	NA	1	one_to_one:1
ENSMUSG00000108387	NA	NA	ENSG00000261407	one_to_one	1	one_to_one:1
ENSMUSG00000108409	NA	NA	ENSG00000261090	one_to_one	1	one_to_one:1
ENSMUSG00000108414	NA	NA	ENSG00000255717	one_to_one	1	one_to_one:1
ENSMUSG00000108417	NA	NA	ENSG00000103472	one_to_one	1	one_to_one:1
ENSMUSG00000108421	ENSCAFG00845020598	one_to_one	NA	NA	1	one_to_one:1
ENSMUSG00000108448	NA	NA	ENSG00000258647;ENSG00000260337	one_to_many	1	one_to_many:1
ENSMUSG00000108483	NA	NA	ENSG00000260167	one_to_one	1	one_to_one:1
ENSMUSG00000108489	NA	NA	ENSG00000254878	many_to_one	1	many_to_one:1
ENSMUSG00000108524	NA	NA	ENSG00000274092	one_to_one	1	one_to_one:1
ENSMUSG00000108530	NA	NA	ENSG00000285663	one_to_one	1	one_to_one:1
ENSMUSG00000108551	NA	NA	ENSG00000289171	one_to_one	1	one_to_one:1
ENSMUSG00000108563	NA	NA	ENSG00000288872	one_to_one	1	one_to_one:1
ENSMUSG00000108587	NA	NA	ENSG00000259814	one_to_one	1	one_to_one:1
ENSMUSG00000108603	ENSCAFG00845003620	one_to_one	NA	NA	1	one_to_one:1
ENSMUSG00000108616	ENSCAFG00845000264	one_to_one	NA	NA	1	one_to_one:1
ENSMUSG00000108617	NA	NA	ENSG00000275857	one_to_one	1	one_to_one:1
ENSMUSG00000108620	NA	NA	ENSG00000259772	one_to_one	1	one_to_one:1
ENSMUSG00000108624	NA	NA	ENSG00000267296;ENSG00000267580;ENSG00000267727;ENSG00000267130	one_to_many	1	one_to_many:1
ENSMUSG00000108635	NA	NA	ENSG00000255345;ENSG00000254885;ENSG00000254563	many_to_many	1	many_to_many:1
ENSMUSG00000108648	NA	NA	ENSG00000289966	one_to_one	1	one_to_one:1
ENSMUSG00000108660	NA	NA	ENSG00000286244;ENSG00000287250	one_to_many	1	one_to_many:1
ENSMUSG00000108676	NA	NA	ENSG00000246465	one_to_one	1	one_to_one:1
ENSMUSG00000108709	NA	NA	ENSG00000272564;ENSG00000232504	one_to_many	1	one_to_many:1
ENSMUSG00000108724	ENSCAFG00845002719;ENSCAFG00845002714;ENSCAFG00845002709	many_to_many_strict	NA	NA	1	many_to_many_strict:1
ENSMUSG00000108773	NA	NA	ENSG00000232394	one_to_one	1	one_to_one:1
ENSMUSG00000108788	NA	NA	ENSG00000260305	many_to_one	1	many_to_one:1
ENSMUSG00000108800	NA	NA	ENSG00000285866	one_to_one	1	one_to_one:1
ENSMUSG00000108801	NA	NA	ENSG00000260083	one_to_one	1	one_to_one:1
ENSMUSG00000108814	NA	NA	ENSG00000261045	many_to_one	1	many_to_one:1
ENSMUSG00000108847	NA	NA	ENSG00000275248	one_to_one	1	one_to_one:1
ENSMUSG00000108851	NA	NA	ENSG00000254902;ENSG00000254605;ENSG00000254417;ENSG00000248844	one_to_many	1	one_to_many:1
ENSMUSG00000108869	NA	NA	ENSG00000275443;ENSG00000259763;ENSG00000278146	many_to_many	1	many_to_many:1
ENSMUSG00000108875	ENSCAFG00845006577	one_to_one	NA	NA	1	one_to_one:1
ENSMUSG00000108876	NA	NA	ENSG00000258483	one_to_one	1	one_to_one:1
ENSMUSG00000108950	NA	NA	ENSG00000255043;ENSG00000254453;ENSG00000254542;ENSG00000254622;ENSG00000270607;ENSG00000254894	many_to_many	1	many_to_many:1
ENSMUSG00000108967	ENSCAFG00845005798	one_to_one	NA	NA	1	one_to_one:1
ENSMUSG00000108969	NA	NA	ENSG00000285534	many_to_one	1	many_to_one:1
ENSMUSG00000108997	NA	NA	ENSG00000223617;ENSG00000275216	many_to_many	1	many_to_many:1
ENSMUSG00000109002	NA	NA	ENSG00000286943	one_to_one	1	one_to_one:1
ENSMUSG00000109009	NA	NA	ENSG00000260679;ENSG00000260348	one_to_many	1	one_to_many:1
ENSMUSG00000109017	NA	NA	ENSG00000268055;ENSG00000269445	many_to_many_strict	1	many_to_many_strict:1
ENSMUSG00000109029	NA	NA	ENSG00000275830;ENSG00000287575	one_to_many	1	one_to_many:1
ENSMUSG00000109049	NA	NA	ENSG00000267786	one_to_one	1	one_to_one:1
ENSMUSG00000109062	NA	NA	ENSG00000230156	many_to_one	1	many_to_one:1
ENSMUSG00000109067	NA	NA	ENSG00000223617;ENSG00000275216	many_to_many	1	many_to_many:1
ENSMUSG00000109080	NA	NA	ENSG00000267192;ENSG00000285996	one_to_many	1	one_to_many:1
ENSMUSG00000109084	NA	NA	ENSG00000285534	many_to_one	1	many_to_one:1
ENSMUSG00000109089	NA	NA	ENSG00000234854	one_to_one	1	one_to_one:1
ENSMUSG00000109097	NA	NA	ENSG00000259275;ENSG00000259312	many_to_many_strict	1	many_to_many_strict:1
ENSMUSG00000109110	NA	NA	ENSG00000286872	one_to_one	1	one_to_one:1
ENSMUSG00000109113	NA	NA	ENSG00000290675	one_to_one	1	one_to_one:1
ENSMUSG00000109119	NA	NA	ENSG00000287892;ENSG00000259376	one_to_many	1	one_to_many:1
ENSMUSG00000109130	NA	NA	ENSG00000255421;ENSG00000255507	many_to_many_strict	1	many_to_many_strict:1
ENSMUSG00000109151	NA	NA	ENSG00000231428	one_to_one	1	one_to_one:1
ENSMUSG00000109160	NA	NA	ENSG00000289851	one_to_one	1	one_to_one:1
ENSMUSG00000109165	ENSCAFG00845000300	one_to_one	NA	NA	1	one_to_one:1
ENSMUSG00000109203	NA	NA	ENSG00000255270	one_to_one	1	one_to_one:1
ENSMUSG00000109248	ENSCAFG00845004813	one_to_one	NA	NA	1	one_to_one:1
ENSMUSG00000109282	NA	NA	ENSG00000255421;ENSG00000255507	many_to_many_strict	1	many_to_many_strict:1
ENSMUSG00000109291	NA	NA	ENSG00000285534	many_to_one	1	many_to_one:1
ENSMUSG00000109299	NA	NA	ENSG00000254143	one_to_one	1	one_to_one:1
ENSMUSG00000109307	NA	NA	ENSG00000267892	one_to_one	1	one_to_one:1
ENSMUSG00000109338	NA	NA	ENSG00000288536	one_to_one	1	one_to_one:1
ENSMUSG00000109341	ENSCAFG00845004944	one_to_one	ENSG00000287813;ENSG00000259175;ENSG00000258010;ENSG00000270919;ENSG00000259495	one_to_many	2	one_to_many:1;one_to_one:1
ENSMUSG00000109361	NA	NA	ENSG00000259275;ENSG00000259312	many_to_many_strict	1	many_to_many_strict:1
ENSMUSG00000109364	NA	NA	ENSG00000275322	one_to_one	1	one_to_one:1
ENSMUSG00000109371	NA	NA	ENSG00000230156	many_to_one	1	many_to_one:1
ENSMUSG00000109382	NA	NA	ENSG00000255555;ENSG00000255311;ENSG00000254787	one_to_many	1	one_to_many:1
ENSMUSG00000109407	NA	NA	ENSG00000259870	one_to_one	1	one_to_one:1
ENSMUSG00000109408	NA	NA	ENSG00000263069	one_to_one	1	one_to_one:1
ENSMUSG00000109419	ENSCAFG00845009050;ENSCAFG00845009060	many_to_many_strict	ENSG00000272479	many_to_one	2	many_to_many_strict:1;many_to_one:1
ENSMUSG00000109420	ENSCAFG00845004914	many_to_one	NA	NA	1	many_to_one:1
ENSMUSG00000109432	NA	NA	ENSG00000223617;ENSG00000275216	many_to_many	1	many_to_many:1
ENSMUSG00000109485	NA	NA	ENSG00000288850	one_to_one	1	one_to_one:1
ENSMUSG00000109499	NA	NA	ENSG00000255159;ENSG00000254665	one_to_many	1	one_to_many:1
ENSMUSG00000109501	NA	NA	ENSG00000286998	one_to_one	1	one_to_one:1
ENSMUSG00000109503	NA	NA	ENSG00000223617;ENSG00000275216	many_to_many	1	many_to_many:1
ENSMUSG00000109508	NA	NA	ENSG00000285534	many_to_one	1	many_to_one:1
ENSMUSG00000109517	NA	NA	ENSG00000261195	one_to_one	1	one_to_one:1
ENSMUSG00000109545	NA	NA	ENSG00000283384	one_to_one	1	one_to_one:1
ENSMUSG00000109556	NA	NA	ENSG00000286739	one_to_one	1	one_to_one:1
ENSMUSG00000109559	NA	NA	ENSG00000255395	many_to_one	1	many_to_one:1
ENSMUSG00000109582	NA	NA	ENSG00000260343	one_to_one	1	one_to_one:1
ENSMUSG00000109587	NA	NA	ENSG00000286771	one_to_one	1	one_to_one:1
ENSMUSG00000109599	NA	NA	ENSG00000231858	one_to_one	1	one_to_one:1
ENSMUSG00000109602	NA	NA	ENSG00000287603	one_to_one	1	one_to_one:1
ENSMUSG00000109604	ENSCAFG00845018009;ENSCAFG00845018023	one_to_many	NA	NA	1	one_to_many:1
ENSMUSG00000109612	ENSCAFG00845023011	one_to_one	ENSG00000248517	one_to_one	2	one_to_one:2
ENSMUSG00000109644	NA	NA	ENSG00000286024	one_to_one	1	one_to_one:1
ENSMUSG00000109697	NA	NA	ENSG00000286039	one_to_one	1	one_to_one:1
ENSMUSG00000109698	NA	NA	ENSG00000254340;ENSG00000248538	one_to_many	1	one_to_many:1
ENSMUSG00000109704	NA	NA	ENSG00000291048;ENSG00000253893	many_to_many_strict	1	many_to_many_strict:1
ENSMUSG00000109722	NA	NA	ENSG00000287997;ENSG00000275005;ENSG00000275327	many_to_many	1	many_to_many:1
ENSMUSG00000109733	ENSCAFG00845006763	one_to_one	NA	NA	1	one_to_one:1
ENSMUSG00000109751	NA	NA	ENSG00000286292;ENSG00000271646	many_to_many	1	many_to_many:1
ENSMUSG00000109754	NA	NA	ENSG00000260744;ENSG00000261369	one_to_many	1	one_to_many:1
ENSMUSG00000109759	ENSCAFG00845015446	one_to_one	NA	NA	1	one_to_one:1
ENSMUSG00000109761	NA	NA	ENSG00000286910;ENSG00000289622	one_to_many	1	one_to_many:1
ENSMUSG00000109774	NA	NA	ENSG00000286420	one_to_one	1	one_to_one:1
ENSMUSG00000109803	ENSCAFG00845007560	one_to_one	NA	NA	1	one_to_one:1
ENSMUSG00000109808	NA	NA	ENSG00000254401	one_to_one	1	one_to_one:1
ENSMUSG00000109816	NA	NA	ENSG00000282787;ENSG00000273599	one_to_many	1	one_to_many:1
ENSMUSG00000109831	NA	NA	ENSG00000280953	one_to_one	1	one_to_one:1
ENSMUSG00000109847	NA	NA	ENSG00000287997;ENSG00000275005;ENSG00000275327	many_to_many	1	many_to_many:1
ENSMUSG00000109849	NA	NA	ENSG00000240777	one_to_one	1	one_to_one:1
ENSMUSG00000109857	NA	NA	ENSG00000262454	one_to_one	1	one_to_one:1
ENSMUSG00000109868	NA	NA	ENSG00000258779;ENSG00000259817;ENSG00000261227;ENSG00000284675;ENSG00000260880;ENSG00000260848;ENSG00000283457;ENSG00000271009;ENSG00000259209	many_to_many	1	many_to_many:1
ENSMUSG00000109881	NA	NA	ENSG00000273521;ENSG00000277959	one_to_many	1	one_to_many:1
ENSMUSG00000109887	NA	NA	ENSG00000226707	one_to_one	1	one_to_one:1
ENSMUSG00000109888	NA	NA	ENSG00000287433	many_to_one	1	many_to_one:1
ENSMUSG00000109921	NA	NA	ENSG00000229520	one_to_one	1	one_to_one:1
ENSMUSG00000109931	NA	NA	ENSG00000285016	one_to_one	1	one_to_one:1
ENSMUSG00000109945	NA	NA	ENSG00000250902;ENSG00000250582	one_to_many	1	one_to_many:1
ENSMUSG00000109959	NA	NA	ENSG00000290083	one_to_one	1	one_to_one:1
ENSMUSG00000109962	NA	NA	ENSG00000255335	one_to_one	1	one_to_one:1
ENSMUSG00000109984	NA	NA	ENSG00000277383;ENSG00000269806	many_to_many_strict	1	many_to_many_strict:1
ENSMUSG00000109992	ENSCAFG00845028348	one_to_one	ENSG00000248319	one_to_one	2	one_to_one:2
ENSMUSG00000110007	NA	NA	ENSG00000287047	many_to_one	1	many_to_one:1
ENSMUSG00000110016	NA	NA	ENSG00000233981	many_to_one	1	many_to_one:1
ENSMUSG00000110017	NA	NA	ENSG00000253361;ENSG00000196166	one_to_many	1	one_to_many:1
ENSMUSG00000110023	NA	NA	ENSG00000259283	one_to_one	1	one_to_one:1
ENSMUSG00000110026	NA	NA	ENSG00000228021	one_to_one	1	one_to_one:1
ENSMUSG00000110035	ENSCAFG00845022968	one_to_one	NA	NA	1	one_to_one:1
ENSMUSG00000110053	ENSCAFG00845012137	one_to_one	NA	NA	1	one_to_one:1
ENSMUSG00000110093	NA	NA	ENSG00000255043;ENSG00000254453;ENSG00000254542;ENSG00000254622;ENSG00000270607;ENSG00000254894	many_to_many	1	many_to_many:1
ENSMUSG00000110115	NA	NA	ENSG00000234311	one_to_one	1	one_to_one:1
ENSMUSG00000110116	NA	NA	ENSG00000291048;ENSG00000253893	many_to_many_strict	1	many_to_many_strict:1
ENSMUSG00000110138	NA	NA	ENSG00000261630;ENSG00000261049;ENSG00000260194	many_to_many	1	many_to_many:1
ENSMUSG00000110148	NA	NA	ENSG00000253645	one_to_one	1	one_to_one:1
ENSMUSG00000110161	NA	NA	ENSG00000254422;ENSG00000277459	many_to_many_strict	1	many_to_many_strict:1
ENSMUSG00000110166	ENSCAFG00845003649	one_to_one	NA	NA	1	one_to_one:1
ENSMUSG00000110210	NA	NA	ENSG00000258114	one_to_one	1	one_to_one:1
ENSMUSG00000110214	NA	NA	ENSG00000287204	one_to_one	1	one_to_one:1
ENSMUSG00000110236	NA	NA	ENSG00000254575	one_to_one	1	one_to_one:1
ENSMUSG00000110239	NA	NA	ENSG00000245148;ENSG00000256007;ENSG00000286555	one_to_many	1	one_to_many:1
ENSMUSG00000110240	NA	NA	ENSG00000287898	one_to_one	1	one_to_one:1
ENSMUSG00000110286	NA	NA	ENSG00000288782	one_to_one	1	one_to_one:1
ENSMUSG00000110310	ENSCAFG00845017925	one_to_one	NA	NA	1	one_to_one:1
ENSMUSG00000110321	NA	NA	ENSG00000291049	one_to_one	1	one_to_one:1
ENSMUSG00000110353	NA	NA	ENSG00000257345	one_to_one	1	one_to_one:1
ENSMUSG00000110373	ENSCAFG00845027822	many_to_one	ENSG00000234021;ENSG00000225706;ENSG00000230920;ENSG00000226717	many_to_many	2	many_to_many:1;many_to_one:1
ENSMUSG00000110374	NA	NA	ENSG00000286292;ENSG00000271646	many_to_many	1	many_to_many:1
ENSMUSG00000110390	ENSCAFG00845030349;ENSCAFG00845030360	one_to_many	NA	NA	1	one_to_many:1
ENSMUSG00000110409	NA	NA	ENSG00000287169	many_to_one	1	many_to_one:1
ENSMUSG00000110419	NA	NA	ENSG00000290017;ENSG00000245213	one_to_many	1	one_to_many:1
ENSMUSG00000110428	NA	NA	ENSG00000276166;ENSG00000187185	many_to_many	1	many_to_many:1
ENSMUSG00000110433	NA	NA	ENSG00000273176	one_to_one	1	one_to_one:1
ENSMUSG00000110453	NA	NA	ENSG00000260530	one_to_one	1	one_to_one:1
ENSMUSG00000110467	ENSCAFG00845001708	one_to_one	NA	NA	1	one_to_one:1
ENSMUSG00000110475	NA	NA	ENSG00000276166;ENSG00000187185	many_to_many	1	many_to_many:1
ENSMUSG00000110483	NA	NA	ENSG00000276131;ENSG00000261078	one_to_many	1	one_to_many:1
ENSMUSG00000110485	NA	NA	ENSG00000248210	one_to_one	1	one_to_one:1
ENSMUSG00000110517	NA	NA	ENSG00000276166;ENSG00000187185	many_to_many	1	many_to_many:1
ENSMUSG00000110523	ENSCAFG00845002775;ENSCAFG00845002749	many_to_many_strict	ENSG00000256982	many_to_one	2	many_to_many_strict:1;many_to_one:1
ENSMUSG00000110548	NA	NA	ENSG00000286528;ENSG00000260788;ENSG00000261103;ENSG00000259914;ENSG00000261410;ENSG00000288554;ENSG00000260832	many_to_many	1	many_to_many:1
ENSMUSG00000110592	ENSCAFG00845021356;ENSCAFG00845021337;ENSCAFG00845021260;ENSCAFG00845021365;ENSCAFG00845021391	one_to_many	ENSG00000261472	one_to_one	2	one_to_many:1;one_to_one:1
ENSMUSG00000110599	NA	NA	ENSG00000177800	many_to_one	1	many_to_one:1
ENSMUSG00000110604	ENSCAFG00845016501	many_to_one	NA	NA	1	many_to_one:1
ENSMUSG00000110613	NA	NA	ENSG00000258779;ENSG00000259817;ENSG00000261227;ENSG00000284675;ENSG00000260880;ENSG00000260848;ENSG00000283457;ENSG00000271009;ENSG00000259209	many_to_many	1	many_to_many:1
ENSMUSG00000110624	NA	NA	ENSG00000286821	one_to_one	1	one_to_one:1
ENSMUSG00000110625	ENSCAFG00845008701;ENSCAFG00845008709	one_to_many	NA	NA	1	one_to_many:1
ENSMUSG00000110630	NA	NA	ENSG00000260558;ENSG00000287965;ENSG00000260465	one_to_many	1	one_to_many:1
ENSMUSG00000110634	ENSCAFG00845001405	one_to_one	NA	NA	1	one_to_one:1
ENSMUSG00000110636	NA	NA	ENSG00000236234	one_to_one	1	one_to_one:1
ENSMUSG00000110647	NA	NA	ENSG00000283422	many_to_one	1	many_to_one:1
ENSMUSG00000110665	ENSCAFG00845016501	many_to_one	NA	NA	1	many_to_one:1
ENSMUSG00000110667	NA	NA	ENSG00000286528;ENSG00000260788;ENSG00000261103;ENSG00000259914;ENSG00000261410;ENSG00000288554;ENSG00000260832	many_to_many	1	many_to_many:1
ENSMUSG00000110682	ENSCAFG00845002775;ENSCAFG00845002749	many_to_many_strict	ENSG00000256982	many_to_one	2	many_to_many_strict:1;many_to_one:1
ENSMUSG00000110684	NA	NA	ENSG00000177800	many_to_one	1	many_to_one:1
ENSMUSG00000110692	NA	NA	ENSG00000272282	one_to_one	1	one_to_one:1
ENSMUSG00000110693	NA	NA	ENSG00000273044	one_to_one	1	one_to_one:1
ENSMUSG00000110697	NA	NA	ENSG00000280587	one_to_one	1	one_to_one:1
ENSMUSG00000110716	NA	NA	ENSG00000261546	one_to_one	1	one_to_one:1
ENSMUSG00000110722	NA	NA	ENSG00000254880;ENSG00000254932	many_to_many_strict	1	many_to_many_strict:1
ENSMUSG00000110730	NA	NA	ENSG00000233919	many_to_one	1	many_to_one:1
ENSMUSG00000110747	NA	NA	ENSG00000286341	one_to_one	1	one_to_one:1
ENSMUSG00000110749	NA	NA	ENSG00000250493	many_to_one	1	many_to_one:1
ENSMUSG00000110754	NA	NA	ENSG00000272189	one_to_one	1	one_to_one:1
ENSMUSG00000110755	ENSCAFG00845001229	one_to_one	NA	NA	1	one_to_one:1
ENSMUSG00000110774	NA	NA	ENSG00000254905	one_to_one	1	one_to_one:1
ENSMUSG00000110789	NA	NA	ENSG00000285729	one_to_one	1	one_to_one:1
ENSMUSG00000110790	NA	NA	ENSG00000267607	one_to_one	1	one_to_one:1
ENSMUSG00000110803	NA	NA	ENSG00000260037	one_to_one	1	one_to_one:1
ENSMUSG00000110814	ENSCAFG00845019292	one_to_one	NA	NA	1	one_to_one:1
ENSMUSG00000110821	NA	NA	ENSG00000259362	one_to_one	1	one_to_one:1
ENSMUSG00000110823	NA	NA	ENSG00000255216	one_to_one	1	one_to_one:1
ENSMUSG00000110824	NA	NA	ENSG00000259327;ENSG00000259709	many_to_many_strict	1	many_to_many_strict:1
ENSMUSG00000110836	NA	NA	ENSG00000255406	one_to_one	1	one_to_one:1
ENSMUSG00000110884	NA	NA	ENSG00000260633	many_to_one	1	many_to_one:1
ENSMUSG00000110901	NA	NA	ENSG00000255545	one_to_one	1	one_to_one:1
ENSMUSG00000110911	NA	NA	ENSG00000233919	many_to_one	1	many_to_one:1
ENSMUSG00000110915	NA	NA	ENSG00000267100	one_to_one	1	one_to_one:1
ENSMUSG00000110922	NA	NA	ENSG00000254823	one_to_one	1	one_to_one:1
ENSMUSG00000110925	ENSCAFG00845008967	one_to_one	NA	NA	1	one_to_one:1
ENSMUSG00000110929	NA	NA	ENSG00000261146;ENSG00000239513	one_to_many	1	one_to_many:1
ENSMUSG00000111013	NA	NA	ENSG00000258272	one_to_one	1	one_to_one:1
ENSMUSG00000111014	ENSCAFG00845010420	many_to_one	NA	NA	1	many_to_one:1
ENSMUSG00000111035	NA	NA	ENSG00000248724	one_to_one	1	one_to_one:1
ENSMUSG00000111050	NA	NA	ENSG00000290426;ENSG00000259555	one_to_many	1	one_to_many:1
ENSMUSG00000111056	NA	NA	ENSG00000174370	one_to_one	1	one_to_one:1
ENSMUSG00000111058	ENSCAFG00845016520	one_to_one	ENSG00000277152	one_to_one	2	one_to_one:2
ENSMUSG00000111059	NA	NA	ENSG00000254833	one_to_one	1	one_to_one:1
ENSMUSG00000111091	NA	NA	ENSG00000236378	one_to_one	1	one_to_one:1
ENSMUSG00000111098	NA	NA	ENSG00000286691	one_to_one	1	one_to_one:1
ENSMUSG00000111100	NA	NA	ENSG00000255605;ENSG00000285842	one_to_many	1	one_to_many:1
ENSMUSG00000111103	NA	NA	ENSG00000230290	one_to_one	1	one_to_one:1
ENSMUSG00000111116	ENSCAFG00845007810	many_to_one	NA	NA	1	many_to_one:1
ENSMUSG00000111146	ENSCAFG00845020052	one_to_one	ENSG00000235886	one_to_one	2	one_to_one:2
ENSMUSG00000111171	NA	NA	ENSG00000234206	many_to_one	1	many_to_one:1
ENSMUSG00000111183	ENSCAFG00845018173;ENSCAFG00845018158	one_to_many	NA	NA	1	one_to_many:1
ENSMUSG00000111189	NA	NA	ENSG00000254710	many_to_one	1	many_to_one:1
ENSMUSG00000111192	ENSCAFG00845020062	one_to_one	NA	NA	1	one_to_one:1
ENSMUSG00000111204	NA	NA	ENSG00000229589	one_to_one	1	one_to_one:1
ENSMUSG00000111219	NA	NA	ENSG00000289279	one_to_one	1	one_to_one:1
ENSMUSG00000111225	ENSCAFG00845010420	many_to_one	NA	NA	1	many_to_one:1
ENSMUSG00000111227	ENSCAFG00845005394	one_to_one	ENSG00000231028;ENSG00000287094;ENSG00000234084	one_to_many	2	one_to_many:1;one_to_one:1
ENSMUSG00000111229	NA	NA	ENSG00000263873	one_to_one	1	one_to_one:1
ENSMUSG00000111243	NA	NA	ENSG00000227549	many_to_one	1	many_to_one:1
ENSMUSG00000111246	NA	NA	ENSG00000233220	one_to_one	1	one_to_one:1
ENSMUSG00000111275	ENSCAFG00845028651	one_to_one	ENSG00000289335	one_to_one	2	one_to_one:2
ENSMUSG00000111278	NA	NA	ENSG00000249725;ENSG00000251011	many_to_many	1	many_to_many:1
ENSMUSG00000111296	NA	NA	ENSG00000278408;ENSG00000259964;ENSG00000225362	one_to_many	1	one_to_many:1
ENSMUSG00000111324	NA	NA	ENSG00000227549	many_to_one	1	many_to_one:1
ENSMUSG00000111334	NA	NA	ENSG00000255247;ENSG00000254854	one_to_many	1	one_to_many:1
ENSMUSG00000111342	NA	NA	ENSG00000235142	one_to_one	1	one_to_one:1
ENSMUSG00000111348	NA	NA	ENSG00000259327;ENSG00000259709	many_to_many_strict	1	many_to_many_strict:1
ENSMUSG00000111365	NA	NA	ENSG00000287249	one_to_one	1	one_to_one:1
ENSMUSG00000111366	ENSCAFG00845023880;ENSCAFG00845023906	one_to_many	NA	NA	1	one_to_many:1
ENSMUSG00000111412	NA	NA	ENSG00000259756;ENSG00000274340;ENSG00000259458	one_to_many	1	one_to_many:1
ENSMUSG00000111429	NA	NA	ENSG00000289948	one_to_one	1	one_to_one:1
ENSMUSG00000111443	NA	NA	ENSG00000231533	one_to_one	1	one_to_one:1
ENSMUSG00000111444	NA	NA	ENSG00000280639	one_to_one	1	one_to_one:1
ENSMUSG00000111445	NA	NA	ENSG00000233919	many_to_one	1	many_to_one:1
ENSMUSG00000111463	ENSCAFG00845007810	many_to_one	NA	NA	1	many_to_one:1
ENSMUSG00000111511	NA	NA	ENSG00000286044	many_to_one	1	many_to_one:1
ENSMUSG00000111528	NA	NA	ENSG00000233919	many_to_one	1	many_to_one:1
ENSMUSG00000111531	NA	NA	ENSG00000283422	many_to_one	1	many_to_one:1
ENSMUSG00000111535	ENSCAFG00845007796	one_to_one	NA	NA	1	one_to_one:1
ENSMUSG00000111544	NA	NA	ENSG00000286056	one_to_one	1	one_to_one:1
ENSMUSG00000111556	NA	NA	ENSG00000259370	one_to_one	1	one_to_one:1
ENSMUSG00000111583	ENSCAFG00845005687	one_to_one	ENSG00000257438	one_to_one	2	one_to_one:2
ENSMUSG00000111629	ENSCAFG00845020663	one_to_one	NA	NA	1	one_to_one:1
ENSMUSG00000111631	NA	NA	ENSG00000259293	one_to_one	1	one_to_one:1
ENSMUSG00000111637	ENSCAFG00845014420	many_to_one	NA	NA	1	many_to_one:1
ENSMUSG00000111639	NA	NA	ENSG00000283849;ENSG00000284669	one_to_many	1	one_to_many:1
ENSMUSG00000111655	NA	NA	ENSG00000287426	one_to_one	1	one_to_one:1
ENSMUSG00000111663	NA	NA	ENSG00000224995	many_to_one	1	many_to_one:1
ENSMUSG00000111666	ENSCAFG00845006787	one_to_one	NA	NA	1	one_to_one:1
ENSMUSG00000111726	NA	NA	ENSG00000286044	many_to_one	1	many_to_one:1
ENSMUSG00000111729	NA	NA	ENSG00000227549	many_to_one	1	many_to_one:1
ENSMUSG00000111748	NA	NA	ENSG00000285825	one_to_one	1	one_to_one:1
ENSMUSG00000111758	ENSCAFG00845014420	many_to_one	NA	NA	1	many_to_one:1
ENSMUSG00000111803	ENSCAFG00845018902	one_to_one	NA	NA	1	one_to_one:1
ENSMUSG00000111809	ENSCAFG00845022886;ENSCAFG00845022908	one_to_many	NA	NA	1	one_to_many:1
ENSMUSG00000111840	NA	NA	ENSG00000224995	many_to_one	1	many_to_one:1
ENSMUSG00000111846	NA	NA	ENSG00000259528	one_to_one	1	one_to_one:1
ENSMUSG00000111862	ENSCAFG00845002623	one_to_one	NA	NA	1	one_to_one:1
ENSMUSG00000111873	NA	NA	ENSG00000285766;ENSG00000227245	one_to_many	1	one_to_many:1
ENSMUSG00000111895	NA	NA	ENSG00000223764	one_to_one	1	one_to_one:1
ENSMUSG00000111905	NA	NA	ENSG00000289304	one_to_one	1	one_to_one:1
ENSMUSG00000111907	NA	NA	ENSG00000256268;ENSG00000255866	many_to_many_strict	1	many_to_many_strict:1
ENSMUSG00000111929	NA	NA	ENSG00000286861	one_to_one	1	one_to_one:1
ENSMUSG00000111933	NA	NA	ENSG00000289583	one_to_one	1	one_to_one:1
ENSMUSG00000111941	NA	NA	ENSG00000227244;ENSG00000289989	many_to_many_strict	1	many_to_many_strict:1
ENSMUSG00000111971	NA	NA	ENSG00000242628	many_to_one	1	many_to_one:1
ENSMUSG00000112014	NA	NA	ENSG00000286682	one_to_one	1	one_to_one:1
ENSMUSG00000112030	NA	NA	ENSG00000255002	one_to_one	1	one_to_one:1
ENSMUSG00000112131	NA	NA	ENSG00000289850	many_to_one	1	many_to_one:1
ENSMUSG00000112132	ENSCAFG00845007067	one_to_one	NA	NA	1	one_to_one:1
ENSMUSG00000112146	NA	NA	ENSG00000233452	one_to_one	1	one_to_one:1
ENSMUSG00000112150	NA	NA	ENSG00000276116	one_to_one	1	one_to_one:1
ENSMUSG00000112156	NA	NA	ENSG00000289850	many_to_one	1	many_to_one:1
ENSMUSG00000112161	NA	NA	ENSG00000286563	one_to_one	1	one_to_one:1
ENSMUSG00000112164	NA	NA	ENSG00000258844	one_to_one	1	one_to_one:1
ENSMUSG00000112172	NA	NA	ENSG00000229017;ENSG00000225752	one_to_many	1	one_to_many:1
ENSMUSG00000112201	NA	NA	ENSG00000257467;ENSG00000258162	one_to_many	1	one_to_many:1
ENSMUSG00000112211	NA	NA	ENSG00000259104	one_to_one	1	one_to_one:1
ENSMUSG00000112225	NA	NA	ENSG00000236366	many_to_one	1	many_to_one:1
ENSMUSG00000112238	NA	NA	ENSG00000287084	one_to_one	1	one_to_one:1
ENSMUSG00000112246	ENSCAFG00845006077	one_to_one	NA	NA	1	one_to_one:1
ENSMUSG00000112249	NA	NA	ENSG00000258077	one_to_one	1	one_to_one:1
ENSMUSG00000112274	NA	NA	ENSG00000258824;ENSG00000272909	many_to_many_strict	1	many_to_many_strict:1
ENSMUSG00000112278	NA	NA	ENSG00000276063;ENSG00000289180	one_to_many	1	one_to_many:1
ENSMUSG00000112286	NA	NA	ENSG00000257193	one_to_one	1	one_to_one:1
ENSMUSG00000112302	NA	NA	ENSG00000258490;ENSG00000258561	one_to_many	1	one_to_many:1
ENSMUSG00000112314	NA	NA	ENSG00000224301	one_to_one	1	one_to_one:1
ENSMUSG00000112336	NA	NA	ENSG00000259062	many_to_one	1	many_to_one:1
ENSMUSG00000112344	NA	NA	ENSG00000258140	many_to_one	1	many_to_one:1
ENSMUSG00000112350	ENSCAFG00845010438	one_to_one	ENSG00000267551	one_to_one	2	one_to_one:2
ENSMUSG00000112360	NA	NA	ENSG00000289359	one_to_one	1	one_to_one:1
ENSMUSG00000112375	NA	NA	ENSG00000257732	one_to_one	1	one_to_one:1
ENSMUSG00000112390	NA	NA	ENSG00000232057;ENSG00000225619;ENSG00000284600	many_to_many	1	many_to_many:1
ENSMUSG00000112400	ENSCAFG00845020760	many_to_one	ENSG00000257322	many_to_one	2	many_to_one:2
ENSMUSG00000112421	NA	NA	ENSG00000258520	many_to_one	1	many_to_one:1
ENSMUSG00000112459	NA	NA	ENSG00000261242	one_to_one	1	one_to_one:1
ENSMUSG00000112470	ENSCAFG00845013863	one_to_one	ENSG00000273824	one_to_one	2	one_to_one:2
ENSMUSG00000112481	ENSCAFG00845021449	many_to_one	ENSG00000271382	many_to_one	2	many_to_one:2
ENSMUSG00000112493	NA	NA	ENSG00000236054;ENSG00000229673	many_to_many_strict	1	many_to_many_strict:1
ENSMUSG00000112497	NA	NA	ENSG00000288102	one_to_one	1	one_to_one:1
ENSMUSG00000112501	ENSCAFG00845021449	many_to_one	ENSG00000271382	many_to_one	2	many_to_one:2
ENSMUSG00000112505	NA	NA	ENSG00000286829	many_to_one	1	many_to_one:1
ENSMUSG00000112510	NA	NA	ENSG00000258826;ENSG00000258407	one_to_many	1	one_to_many:1
ENSMUSG00000112555	ENSCAFG00845013464	many_to_one	NA	NA	1	many_to_one:1
ENSMUSG00000112564	ENSCAFG00845025039	one_to_one	NA	NA	1	one_to_one:1
ENSMUSG00000112573	ENSCAFG00845013941	one_to_one	ENSG00000227748	one_to_one	2	one_to_one:2
ENSMUSG00000112586	NA	NA	ENSG00000228622	one_to_one	1	one_to_one:1
ENSMUSG00000112593	NA	NA	ENSG00000258274	one_to_one	1	one_to_one:1
ENSMUSG00000112599	ENSCAFG00845020760	many_to_one	ENSG00000257322	many_to_one	2	many_to_one:2
ENSMUSG00000112627	NA	NA	ENSG00000247131	many_to_one	1	many_to_one:1
ENSMUSG00000112629	ENSCAFG00845010736	one_to_one	NA	NA	1	one_to_one:1
ENSMUSG00000112654	NA	NA	ENSG00000232876	one_to_one	1	one_to_one:1
ENSMUSG00000112663	NA	NA	ENSG00000232057;ENSG00000225619;ENSG00000284600	many_to_many	1	many_to_many:1
ENSMUSG00000112669	NA	NA	ENSG00000278916	many_to_one	1	many_to_one:1
ENSMUSG00000112679	NA	NA	ENSG00000236366	many_to_one	1	many_to_one:1
ENSMUSG00000112684	ENSCAFG00845013855	one_to_one	NA	NA	1	one_to_one:1
ENSMUSG00000112707	NA	NA	ENSG00000285941;ENSG00000285691;ENSG00000235535	one_to_many	1	one_to_many:1
ENSMUSG00000112709	NA	NA	ENSG00000286339	one_to_one	1	one_to_one:1
ENSMUSG00000112716	NA	NA	ENSG00000256268;ENSG00000255866	many_to_many_strict	1	many_to_many_strict:1
ENSMUSG00000112751	NA	NA	ENSG00000226149	one_to_one	1	one_to_one:1
ENSMUSG00000112763	ENSCAFG00845009182	one_to_one	ENSG00000257126	one_to_one	2	one_to_one:2
ENSMUSG00000112773	NA	NA	ENSG00000288885	one_to_one	1	one_to_one:1
ENSMUSG00000112774	ENSCAFG00845010028;ENSCAFG00845010040	one_to_many	NA	NA	1	one_to_many:1
ENSMUSG00000112784	NA	NA	ENSG00000258824;ENSG00000272909	many_to_many_strict	1	many_to_many_strict:1
ENSMUSG00000112792	NA	NA	ENSG00000287849;ENSG00000260331	one_to_many	1	one_to_many:1
ENSMUSG00000112793	NA	NA	ENSG00000272592	one_to_one	1	one_to_one:1
ENSMUSG00000112796	NA	NA	ENSG00000258140	many_to_one	1	many_to_one:1
ENSMUSG00000112818	ENSCAFG00845021920	one_to_one	ENSG00000234880;ENSG00000261706;ENSG00000275874	one_to_many	2	one_to_many:1;one_to_one:1
ENSMUSG00000112819	NA	NA	ENSG00000286829	many_to_one	1	many_to_one:1
ENSMUSG00000112824	NA	NA	ENSG00000287100	many_to_one	1	many_to_one:1
ENSMUSG00000112846	ENSCAFG00845012102	one_to_one	NA	NA	1	one_to_one:1
ENSMUSG00000112852	NA	NA	ENSG00000259062	many_to_one	1	many_to_one:1
ENSMUSG00000112854	NA	NA	ENSG00000203585	one_to_one	1	one_to_one:1
ENSMUSG00000112865	NA	NA	ENSG00000286013	one_to_one	1	one_to_one:1
ENSMUSG00000112899	NA	NA	ENSG00000234756	one_to_one	1	one_to_one:1
ENSMUSG00000112902	NA	NA	ENSG00000271327;ENSG00000271259	many_to_many_strict	1	many_to_many_strict:1
ENSMUSG00000112911	NA	NA	ENSG00000258696;ENSG00000259091	many_to_many_strict	1	many_to_many_strict:1
ENSMUSG00000112937	NA	NA	ENSG00000231083;ENSG00000236008	many_to_many	1	many_to_many:1
ENSMUSG00000112945	NA	NA	ENSG00000287990;ENSG00000259055	many_to_many_strict	1	many_to_many_strict:1
ENSMUSG00000112967	NA	NA	ENSG00000226323	many_to_one	1	many_to_one:1
ENSMUSG00000112991	NA	NA	ENSG00000258851	one_to_one	1	one_to_one:1
ENSMUSG00000113001	NA	NA	ENSG00000258416	many_to_one	1	many_to_one:1
ENSMUSG00000113017	ENSCAFG00845003152;ENSCAFG00845003118	many_to_many_strict	NA	NA	1	many_to_many_strict:1
ENSMUSG00000113030	ENSCAFG00845019577	one_to_one	NA	NA	1	one_to_one:1
ENSMUSG00000113052	NA	NA	ENSG00000259065	many_to_one	1	many_to_one:1
ENSMUSG00000113056	NA	NA	ENSG00000259230	one_to_one	1	one_to_one:1
ENSMUSG00000113058	NA	NA	ENSG00000234022	one_to_one	1	one_to_one:1
ENSMUSG00000113100	NA	NA	ENSG00000287584;ENSG00000228554	one_to_many	1	one_to_many:1
ENSMUSG00000113121	NA	NA	ENSG00000250761	one_to_one	1	one_to_one:1
ENSMUSG00000113138	NA	NA	ENSG00000259053	many_to_one	1	many_to_one:1
ENSMUSG00000113165	ENSCAFG00845015385	one_to_one	ENSG00000259319	one_to_one	2	one_to_one:2
ENSMUSG00000113170	ENSCAFG00845018340	one_to_one	ENSG00000288904;ENSG00000230648	one_to_many	2	one_to_many:1;one_to_one:1
ENSMUSG00000113179	NA	NA	ENSG00000287777;ENSG00000287153	one_to_many	1	one_to_many:1
ENSMUSG00000113184	ENSCAFG00845007782	one_to_one	NA	NA	1	one_to_one:1
ENSMUSG00000113193	NA	NA	ENSG00000258498	many_to_one	1	many_to_one:1
ENSMUSG00000113203	NA	NA	ENSG00000230815;ENSG00000236095	many_to_many_strict	1	many_to_many_strict:1
ENSMUSG00000113257	NA	NA	ENSG00000230815;ENSG00000236095	many_to_many_strict	1	many_to_many_strict:1
ENSMUSG00000113265	ENSCAFG00845022083	one_to_one	NA	NA	1	one_to_one:1
ENSMUSG00000113284	NA	NA	ENSG00000224194	one_to_one	1	one_to_one:1
ENSMUSG00000113302	NA	NA	ENSG00000258479	many_to_one	1	many_to_one:1
ENSMUSG00000113303	NA	NA	ENSG00000259153	one_to_one	1	one_to_one:1
ENSMUSG00000113313	NA	NA	ENSG00000224101	one_to_one	1	one_to_one:1
ENSMUSG00000113346	NA	NA	ENSG00000260066	one_to_one	1	one_to_one:1
ENSMUSG00000113362	NA	NA	ENSG00000258678	one_to_one	1	one_to_one:1
ENSMUSG00000113386	ENSCAFG00845006556	one_to_one	NA	NA	1	one_to_one:1
ENSMUSG00000113387	NA	NA	ENSG00000234423;ENSG00000236760	many_to_many_strict	1	many_to_many_strict:1
ENSMUSG00000113390	NA	NA	ENSG00000288034	many_to_one	1	many_to_one:1
ENSMUSG00000113394	NA	NA	ENSG00000251168	one_to_one	1	one_to_one:1
ENSMUSG00000113429	NA	NA	ENSG00000258636	one_to_one	1	one_to_one:1
ENSMUSG00000113453	ENSCAFG00845003835	one_to_one	ENSG00000229345	one_to_one	2	one_to_one:2
ENSMUSG00000113459	ENSCAFG00845003833	one_to_one	ENSG00000271314;ENSG00000271155;ENSG00000271659	one_to_many	2	one_to_many:1;one_to_one:1
ENSMUSG00000113484	NA	NA	ENSG00000260604	one_to_one	1	one_to_one:1
ENSMUSG00000113488	NA	NA	ENSG00000273565	one_to_one	1	one_to_one:1
ENSMUSG00000113522	NA	NA	ENSG00000287291	one_to_one	1	one_to_one:1
ENSMUSG00000113537	NA	NA	ENSG00000287350;ENSG00000258702	many_to_many_strict	1	many_to_many_strict:1
ENSMUSG00000113539	NA	NA	ENSG00000258416	many_to_one	1	many_to_one:1
ENSMUSG00000113543	ENSCAFG00845000368	one_to_one	NA	NA	1	one_to_one:1
ENSMUSG00000113548	ENSCAFG00845005851;ENSCAFG00845005842	many_to_many_strict	NA	NA	1	many_to_many_strict:1
ENSMUSG00000113580	ENSCAFG00845005851;ENSCAFG00845005842	many_to_many_strict	NA	NA	1	many_to_many_strict:1
ENSMUSG00000113585	NA	NA	ENSG00000259088;ENSG00000256705;ENSG00000289049	one_to_many	1	one_to_many:1
ENSMUSG00000113587	NA	NA	ENSG00000231083;ENSG00000236008	many_to_many	1	many_to_many:1
ENSMUSG00000113591	NA	NA	ENSG00000230269	one_to_one	1	one_to_one:1
ENSMUSG00000113598	NA	NA	ENSG00000287162	one_to_one	1	one_to_one:1
ENSMUSG00000113608	NA	NA	ENSG00000226323	many_to_one	1	many_to_one:1
ENSMUSG00000113621	NA	NA	ENSG00000290023	one_to_one	1	one_to_one:1
ENSMUSG00000113629	NA	NA	ENSG00000224184	one_to_one	1	one_to_one:1
ENSMUSG00000113634	NA	NA	ENSG00000258798	many_to_one	1	many_to_one:1
ENSMUSG00000113654	ENSCAFG00845017845	one_to_one	ENSG00000232006;ENSG00000228680;ENSG00000231638	one_to_many	2	one_to_many:1;one_to_one:1
ENSMUSG00000113694	NA	NA	ENSG00000287990;ENSG00000259055	many_to_many_strict	1	many_to_many_strict:1
ENSMUSG00000113707	NA	NA	ENSG00000259111	one_to_one	1	one_to_one:1
ENSMUSG00000113710	NA	NA	ENSG00000197322	one_to_one	1	one_to_one:1
ENSMUSG00000113722	NA	NA	ENSG00000247092	one_to_one	1	one_to_one:1
ENSMUSG00000113733	NA	NA	ENSG00000258498	many_to_one	1	many_to_one:1
ENSMUSG00000113737	NA	NA	ENSG00000237422	one_to_one	1	one_to_one:1
ENSMUSG00000113741	NA	NA	ENSG00000237773	one_to_one	1	one_to_one:1
ENSMUSG00000113746	NA	NA	ENSG00000259146;ENSG00000285612;ENSG00000285518	one_to_many	1	one_to_many:1
ENSMUSG00000113747	ENSCAFG00845008335	one_to_one	NA	NA	1	one_to_one:1
ENSMUSG00000113757	ENSCAFG00845003152;ENSCAFG00845003118	many_to_many_strict	NA	NA	1	many_to_many_strict:1
ENSMUSG00000113759	NA	NA	ENSG00000287566;ENSG00000287235	one_to_many	1	one_to_many:1
ENSMUSG00000113764	NA	NA	ENSG00000225974	one_to_one	1	one_to_one:1
ENSMUSG00000113771	NA	NA	ENSG00000250579;ENSG00000250866	one_to_many	1	one_to_many:1
ENSMUSG00000113779	NA	NA	ENSG00000258556	one_to_one	1	one_to_one:1
ENSMUSG00000113780	NA	NA	ENSG00000286281	many_to_one	1	many_to_one:1
ENSMUSG00000113834	NA	NA	ENSG00000250256	one_to_one	1	one_to_one:1
ENSMUSG00000113835	NA	NA	ENSG00000287350;ENSG00000258702	many_to_many_strict	1	many_to_many_strict:1
ENSMUSG00000113851	NA	NA	ENSG00000203446	one_to_one	1	one_to_one:1
ENSMUSG00000113874	NA	NA	ENSG00000229618	one_to_one	1	one_to_one:1
ENSMUSG00000113883	NA	NA	ENSG00000288840	many_to_one	1	many_to_one:1
ENSMUSG00000113895	NA	NA	ENSG00000259163;ENSG00000287663;ENSG00000258716;ENSG00000258935;ENSG00000258437	one_to_many	1	one_to_many:1
ENSMUSG00000113900	NA	NA	ENSG00000258537	one_to_one	1	one_to_one:1
ENSMUSG00000113910	ENSCAFG00845018900	one_to_one	NA	NA	1	one_to_one:1
ENSMUSG00000113913	NA	NA	ENSG00000234597	one_to_one	1	one_to_one:1
ENSMUSG00000113935	NA	NA	ENSG00000285603;ENSG00000250903	many_to_many_strict	1	many_to_many_strict:1
ENSMUSG00000113940	NA	NA	ENSG00000289340;ENSG00000258740	one_to_many	1	one_to_many:1
ENSMUSG00000113944	NA	NA	ENSG00000258479	many_to_one	1	many_to_one:1
ENSMUSG00000113987	NA	NA	ENSG00000229931;ENSG00000272341	many_to_many	1	many_to_many:1
ENSMUSG00000114005	ENSCAFG00845003481	one_to_one	NA	NA	1	one_to_one:1
ENSMUSG00000114018	ENSCAFG00845028042;ENSCAFG00845028027	one_to_many	ENSG00000285569	one_to_one	2	one_to_many:1;one_to_one:1
ENSMUSG00000114024	NA	NA	ENSG00000243819;ENSG00000234818	one_to_many	1	one_to_many:1
ENSMUSG00000114033	NA	NA	ENSG00000231083;ENSG00000236008	many_to_many	1	many_to_many:1
ENSMUSG00000114048	NA	NA	ENSG00000228203	one_to_one	1	one_to_one:1
ENSMUSG00000114051	NA	NA	ENSG00000258876	one_to_one	1	one_to_one:1
ENSMUSG00000114052	NA	NA	ENSG00000286376	one_to_one	1	one_to_one:1
ENSMUSG00000114057	ENSCAFG00845018566	one_to_one	NA	NA	1	one_to_one:1
ENSMUSG00000114088	NA	NA	ENSG00000268873	one_to_one	1	one_to_one:1
ENSMUSG00000114099	NA	NA	ENSG00000285747;ENSG00000258843	one_to_many	1	one_to_many:1
ENSMUSG00000114121	NA	NA	ENSG00000233981	many_to_one	1	many_to_one:1
ENSMUSG00000114126	NA	NA	ENSG00000205696	one_to_one	1	one_to_one:1
ENSMUSG00000114131	NA	NA	ENSG00000229931;ENSG00000272341	many_to_many	1	many_to_many:1
ENSMUSG00000114149	NA	NA	ENSG00000288034	many_to_one	1	many_to_one:1
ENSMUSG00000114161	NA	NA	ENSG00000287293;ENSG00000272463;ENSG00000272485	one_to_many	1	one_to_many:1
ENSMUSG00000114163	NA	NA	ENSG00000289844;ENSG00000259687	many_to_many_strict	1	many_to_many_strict:1
ENSMUSG00000114192	NA	NA	ENSG00000286281	many_to_one	1	many_to_one:1
ENSMUSG00000114200	ENSCAFG00845005327	many_to_one	NA	NA	1	many_to_one:1
ENSMUSG00000114205	NA	NA	ENSG00000230575;ENSG00000236842	many_to_many_strict	1	many_to_many_strict:1
ENSMUSG00000114210	NA	NA	ENSG00000267396;ENSG00000267743	many_to_many	1	many_to_many:1
ENSMUSG00000114213	NA	NA	ENSG00000249069;ENSG00000287087;ENSG00000288957	one_to_many	1	one_to_many:1
ENSMUSG00000114220	NA	NA	ENSG00000254964	one_to_one	1	one_to_one:1
ENSMUSG00000114241	NA	NA	ENSG00000224195;ENSG00000229990	one_to_many	1	one_to_many:1
ENSMUSG00000114249	NA	NA	ENSG00000285717	many_to_one	1	many_to_one:1
ENSMUSG00000114255	NA	NA	ENSG00000248898	one_to_one	1	one_to_one:1
ENSMUSG00000114270	NA	NA	ENSG00000272142	one_to_one	1	one_to_one:1
ENSMUSG00000114276	ENSCAFG00845010488;ENSCAFG00845010460;ENSCAFG00845010467;ENSCAFG00845010522	one_to_many	NA	NA	1	one_to_many:1
ENSMUSG00000114291	NA	NA	ENSG00000266149;ENSG00000266767;ENSG00000286627;ENSG00000286649	many_to_many	1	many_to_many:1
ENSMUSG00000114306	ENSCAFG00845004142	many_to_one	ENSG00000267707;ENSG00000267202;ENSG00000285940	many_to_many_strict	2	many_to_many_strict:1;many_to_one:1
ENSMUSG00000114357	ENSCAFG00845008404	one_to_one	NA	NA	1	one_to_one:1
ENSMUSG00000114360	NA	NA	ENSG00000249295	one_to_one	1	one_to_one:1
ENSMUSG00000114387	NA	NA	ENSG00000269985;ENSG00000270174	many_to_many_strict	1	many_to_many_strict:1
ENSMUSG00000114389	NA	NA	ENSG00000261211;ENSG00000226281	many_to_many	1	many_to_many:1
ENSMUSG00000114391	NA	NA	ENSG00000287649	many_to_one	1	many_to_one:1
ENSMUSG00000114407	NA	NA	ENSG00000269985;ENSG00000270174	many_to_many_strict	1	many_to_many_strict:1
ENSMUSG00000114412	NA	NA	ENSG00000230575;ENSG00000236842	many_to_many_strict	1	many_to_many_strict:1
ENSMUSG00000114433	NA	NA	ENSG00000226237	one_to_one	1	one_to_one:1
ENSMUSG00000114446	NA	NA	ENSG00000248738	one_to_one	1	one_to_one:1
ENSMUSG00000114458	NA	NA	ENSG00000272081;ENSG00000271926	one_to_many	1	one_to_many:1
ENSMUSG00000114474	NA	NA	ENSG00000259968	one_to_one	1	one_to_one:1
ENSMUSG00000114479	NA	NA	ENSG00000234292	many_to_one	1	many_to_one:1
ENSMUSG00000114492	NA	NA	ENSG00000266149;ENSG00000266767;ENSG00000286627;ENSG00000286649	many_to_many	1	many_to_many:1
ENSMUSG00000114493	NA	NA	ENSG00000224186	one_to_one	1	one_to_one:1
ENSMUSG00000114496	NA	NA	ENSG00000268659;ENSG00000228280;ENSG00000286715	one_to_many	1	one_to_many:1
ENSMUSG00000114504	NA	NA	ENSG00000228791;ENSG00000289130	one_to_many	1	one_to_many:1
ENSMUSG00000114508	NA	NA	ENSG00000285717	many_to_one	1	many_to_one:1
ENSMUSG00000114511	ENSCAFG00845004142	many_to_one	ENSG00000267707;ENSG00000267202;ENSG00000285940	many_to_many_strict	2	many_to_many_strict:1;many_to_one:1
ENSMUSG00000114521	NA	NA	ENSG00000249743	many_to_one	1	many_to_one:1
ENSMUSG00000114552	NA	NA	ENSG00000287920;ENSG00000290062	many_to_many	1	many_to_many:1
ENSMUSG00000114554	NA	NA	ENSG00000234292	many_to_one	1	many_to_one:1
ENSMUSG00000114563	NA	NA	ENSG00000266149;ENSG00000266767;ENSG00000286627;ENSG00000286649	many_to_many	1	many_to_many:1
ENSMUSG00000114570	ENSCAFG00845027164	many_to_one	ENSG00000288029	many_to_one	2	many_to_one:2
ENSMUSG00000114573	NA	NA	ENSG00000288046;ENSG00000287497	many_to_many	1	many_to_many:1
ENSMUSG00000114585	NA	NA	ENSG00000287920;ENSG00000290062	many_to_many	1	many_to_many:1
ENSMUSG00000114595	NA	NA	ENSG00000243715;ENSG00000286353;ENSG00000265992	many_to_many_strict	1	many_to_many_strict:1
ENSMUSG00000114597	NA	NA	ENSG00000285278;ENSG00000229950	many_to_many	1	many_to_many:1
ENSMUSG00000114623	ENSCAFG00845005327	many_to_one	NA	NA	1	many_to_one:1
ENSMUSG00000114640	NA	NA	ENSG00000183674	one_to_one	1	one_to_one:1
ENSMUSG00000114654	NA	NA	ENSG00000227463	one_to_one	1	one_to_one:1
ENSMUSG00000114669	NA	NA	ENSG00000235819	one_to_one	1	one_to_one:1
ENSMUSG00000114695	ENSCAFG00845021384	one_to_one	NA	NA	1	one_to_one:1
ENSMUSG00000114701	NA	NA	ENSG00000288046;ENSG00000287497	many_to_many	1	many_to_many:1
ENSMUSG00000114704	NA	NA	ENSG00000243715;ENSG00000286353;ENSG00000265992	many_to_many_strict	1	many_to_many_strict:1
ENSMUSG00000114744	NA	NA	ENSG00000285890	one_to_one	1	one_to_one:1
ENSMUSG00000114760	NA	NA	ENSG00000243715;ENSG00000286353;ENSG00000265992	many_to_many_strict	1	many_to_many_strict:1
ENSMUSG00000114774	ENSCAFG00845027164	many_to_one	ENSG00000288029	many_to_one	2	many_to_one:2
ENSMUSG00000114787	ENSCAFG00845005320;ENSCAFG00845005325;ENSCAFG00845005315	one_to_many	NA	NA	1	one_to_many:1
ENSMUSG00000114791	NA	NA	ENSG00000261211;ENSG00000226281	many_to_many	1	many_to_many:1
ENSMUSG00000114815	ENSCAFG00845027201	one_to_one	NA	NA	1	one_to_one:1
ENSMUSG00000114824	ENSCAFG00845029078	one_to_one	ENSG00000249436	one_to_one	2	one_to_one:2
ENSMUSG00000114826	NA	NA	ENSG00000285205	one_to_one	1	one_to_one:1
ENSMUSG00000114854	NA	NA	ENSG00000285556	one_to_one	1	one_to_one:1
ENSMUSG00000114891	NA	NA	ENSG00000286245;ENSG00000267628;ENSG00000267015	one_to_many	1	one_to_many:1
ENSMUSG00000114898	ENSCAFG00845019352	one_to_one	NA	NA	1	one_to_one:1
ENSMUSG00000114914	NA	NA	ENSG00000287920;ENSG00000290062	many_to_many	1	many_to_many:1
ENSMUSG00000114917	ENSCAFG00845028220	one_to_one	NA	NA	1	one_to_one:1
ENSMUSG00000114934	NA	NA	ENSG00000261604	one_to_one	1	one_to_one:1
ENSMUSG00000114936	NA	NA	ENSG00000285278;ENSG00000229950	many_to_many	1	many_to_many:1
ENSMUSG00000114953	NA	NA	ENSG00000225497;ENSG00000225652;ENSG00000236467;ENSG00000224500	many_to_many	1	many_to_many:1
ENSMUSG00000114981	NA	NA	ENSG00000253842	many_to_one	1	many_to_one:1
ENSMUSG00000114987	NA	NA	ENSG00000258464	one_to_one	1	one_to_one:1
ENSMUSG00000114988	ENSCAFG00845017653	many_to_one	ENSG00000224541;ENSG00000233783;ENSG00000273492	many_to_many_strict	2	many_to_many_strict:1;many_to_one:1
ENSMUSG00000114994	NA	NA	ENSG00000236939;ENSG00000253851	one_to_many	1	one_to_many:1
ENSMUSG00000115007	ENSCAFG00845006535	one_to_one	ENSG00000227896	one_to_one	2	one_to_one:2
ENSMUSG00000115015	ENSCAFG00845004412	many_to_one	NA	NA	1	many_to_one:1
ENSMUSG00000115026	NA	NA	ENSG00000260231	one_to_one	1	one_to_one:1
ENSMUSG00000115046	NA	NA	ENSG00000258791	many_to_one	1	many_to_one:1
ENSMUSG00000115049	NA	NA	ENSG00000257657	one_to_one	1	one_to_one:1
ENSMUSG00000115063	NA	NA	ENSG00000251370;ENSG00000248537;ENSG00000250786	many_to_many	1	many_to_many:1
ENSMUSG00000115090	NA	NA	ENSG00000278338	many_to_one	1	many_to_one:1
ENSMUSG00000115092	NA	NA	ENSG00000237361	one_to_one	1	one_to_one:1
ENSMUSG00000115096	NA	NA	ENSG00000259039	one_to_one	1	one_to_one:1
ENSMUSG00000115100	NA	NA	ENSG00000285774	many_to_one	1	many_to_one:1
ENSMUSG00000115111	NA	NA	ENSG00000278338	many_to_one	1	many_to_one:1
ENSMUSG00000115121	NA	NA	ENSG00000285448	one_to_one	1	one_to_one:1
ENSMUSG00000115122	NA	NA	ENSG00000253104	one_to_one	1	one_to_one:1
ENSMUSG00000115138	NA	NA	ENSG00000272057;ENSG00000286970	one_to_many	1	one_to_many:1
ENSMUSG00000115141	NA	NA	ENSG00000178107	many_to_one	1	many_to_one:1
ENSMUSG00000115145	NA	NA	ENSG00000258455;ENSG00000258413	one_to_many	1	one_to_many:1
ENSMUSG00000115167	NA	NA	ENSG00000278338	many_to_one	1	many_to_one:1
ENSMUSG00000115186	NA	NA	ENSG00000254230	one_to_one	1	one_to_one:1
ENSMUSG00000115200	NA	NA	ENSG00000253619	many_to_one	1	many_to_one:1
ENSMUSG00000115215	NA	NA	ENSG00000258791	many_to_one	1	many_to_one:1
ENSMUSG00000115244	NA	NA	ENSG00000238189;ENSG00000270522;ENSG00000287029;ENSG00000233821	many_to_many	1	many_to_many:1
ENSMUSG00000115246	NA	NA	ENSG00000224790	one_to_one	1	one_to_one:1
ENSMUSG00000115263	NA	NA	ENSG00000286757	one_to_one	1	one_to_one:1
ENSMUSG00000115310	NA	NA	ENSG00000258784	one_to_one	1	one_to_one:1
ENSMUSG00000115324	NA	NA	ENSG00000288045	one_to_one	1	one_to_one:1
ENSMUSG00000115333	NA	NA	ENSG00000253737;ENSG00000253355	one_to_many	1	one_to_many:1
ENSMUSG00000115335	NA	NA	ENSG00000249737	one_to_one	1	one_to_one:1
ENSMUSG00000115344	NA	NA	ENSG00000289424	one_to_one	1	one_to_one:1
ENSMUSG00000115355	NA	NA	ENSG00000248223	one_to_one	1	one_to_one:1
ENSMUSG00000115361	NA	NA	ENSG00000253619	many_to_one	1	many_to_one:1
ENSMUSG00000115363	NA	NA	ENSG00000238189;ENSG00000270522;ENSG00000287029;ENSG00000233821	many_to_many	1	many_to_many:1
ENSMUSG00000115376	NA	NA	ENSG00000258703	many_to_one	1	many_to_one:1
ENSMUSG00000115395	NA	NA	ENSG00000253842	many_to_one	1	many_to_one:1
ENSMUSG00000115410	NA	NA	ENSG00000285774	many_to_one	1	many_to_one:1
ENSMUSG00000115430	NA	NA	ENSG00000261087;ENSG00000253395	one_to_many	1	one_to_many:1
ENSMUSG00000115433	ENSCAFG00845003795	one_to_one	ENSG00000250250	one_to_one	2	one_to_one:2
ENSMUSG00000115454	NA	NA	ENSG00000178107	many_to_one	1	many_to_one:1
ENSMUSG00000115469	ENSCAFG00845017653	many_to_one	ENSG00000224541;ENSG00000233783;ENSG00000273492	many_to_many_strict	2	many_to_many_strict:1;many_to_one:1
ENSMUSG00000115480	NA	NA	ENSG00000272103	many_to_one	1	many_to_one:1
ENSMUSG00000115497	NA	NA	ENSG00000248539;ENSG00000250032	one_to_many	1	one_to_many:1
ENSMUSG00000115508	ENSCAFG00845008547	one_to_one	NA	NA	1	one_to_one:1
ENSMUSG00000115517	NA	NA	ENSG00000229546	one_to_one	1	one_to_one:1
ENSMUSG00000115518	ENSCAFG00845017653	many_to_one	ENSG00000224541;ENSG00000233783;ENSG00000273492	many_to_many_strict	2	many_to_many_strict:1;many_to_one:1
ENSMUSG00000115522	ENSCAFG00845028615	many_to_one	NA	NA	1	many_to_one:1
ENSMUSG00000115529	NA	NA	ENSG00000278722	one_to_one	1	one_to_one:1
ENSMUSG00000115545	ENSCAFG00845007953	one_to_one	NA	NA	1	one_to_one:1
ENSMUSG00000115546	NA	NA	ENSG00000253320;ENSG00000253263;ENSG00000253385	one_to_many	1	one_to_many:1
ENSMUSG00000115547	NA	NA	ENSG00000254236	one_to_one	1	one_to_one:1
ENSMUSG00000115560	NA	NA	ENSG00000249854	one_to_one	1	one_to_one:1
ENSMUSG00000115591	NA	NA	ENSG00000272103	many_to_one	1	many_to_one:1
ENSMUSG00000115610	NA	NA	ENSG00000258444	many_to_one	1	many_to_one:1
ENSMUSG00000115636	NA	NA	ENSG00000258703	many_to_one	1	many_to_one:1
ENSMUSG00000115639	ENSCAFG00845010226	many_to_one	NA	NA	1	many_to_one:1
ENSMUSG00000115667	NA	NA	ENSG00000250234;ENSG00000271874	many_to_many_strict	1	many_to_many_strict:1
ENSMUSG00000115669	NA	NA	ENSG00000258703	many_to_one	1	many_to_one:1
ENSMUSG00000115690	ENSCAFG00845004412	many_to_one	NA	NA	1	many_to_one:1
ENSMUSG00000115710	NA	NA	ENSG00000250600	one_to_one	1	one_to_one:1
ENSMUSG00000115719	NA	NA	ENSG00000258791	many_to_one	1	many_to_one:1
ENSMUSG00000115729	ENSCAFG00845003316	many_to_one	ENSG00000215196;ENSG00000271892	many_to_many_strict	2	many_to_many_strict:1;many_to_one:1
ENSMUSG00000115750	NA	NA	ENSG00000248599	one_to_one	1	one_to_one:1
ENSMUSG00000115752	NA	NA	ENSG00000286535;ENSG00000287201	many_to_many_strict	1	many_to_many_strict:1
ENSMUSG00000115756	ENSCAFG00845016966	one_to_one	ENSG00000258803	one_to_one	2	one_to_one:2
ENSMUSG00000115761	NA	NA	ENSG00000225885;ENSG00000281641	many_to_many_strict	1	many_to_many_strict:1
ENSMUSG00000115771	NA	NA	ENSG00000272037	one_to_one	1	one_to_one:1
ENSMUSG00000115784	NA	NA	ENSG00000253521	one_to_one	1	one_to_one:1
ENSMUSG00000115787	NA	NA	ENSG00000279636	one_to_one	1	one_to_one:1
ENSMUSG00000115829	NA	NA	ENSG00000253562;ENSG00000253539;ENSG00000253948	one_to_many	1	one_to_many:1
ENSMUSG00000115850	ENSCAFG00845003313	one_to_one	NA	NA	1	one_to_one:1
ENSMUSG00000115854	ENSCAFG00845007826	one_to_one	NA	NA	1	one_to_one:1
ENSMUSG00000115858	ENSCAFG00845030524	one_to_one	ENSG00000257228	one_to_one	2	one_to_one:2
ENSMUSG00000115918	NA	NA	ENSG00000260708;ENSG00000280080	many_to_many_strict	1	many_to_many_strict:1
ENSMUSG00000115923	NA	NA	ENSG00000275854;ENSG00000274105;ENSG00000276148	one_to_many	1	one_to_many:1
ENSMUSG00000115924	NA	NA	ENSG00000232363	one_to_one	1	one_to_one:1
ENSMUSG00000115943	NA	NA	ENSG00000260756	one_to_one	1	one_to_one:1
ENSMUSG00000115970	ENSCAFG00845019637	one_to_one	NA	NA	1	one_to_one:1
ENSMUSG00000115971	NA	NA	ENSG00000288106	one_to_one	1	one_to_one:1
ENSMUSG00000115976	NA	NA	ENSG00000229999	one_to_one	1	one_to_one:1
ENSMUSG00000116004	NA	NA	ENSG00000273289;ENSG00000273145;ENSG00000241990	many_to_many_strict	1	many_to_many_strict:1
ENSMUSG00000116033	NA	NA	ENSG00000257346	one_to_one	1	one_to_one:1
ENSMUSG00000116066	NA	NA	ENSG00000249388	many_to_one	1	many_to_one:1
ENSMUSG00000116114	NA	NA	ENSG00000258279	one_to_one	1	one_to_one:1
ENSMUSG00000116116	NA	NA	ENSG00000257671	one_to_one	1	one_to_one:1
ENSMUSG00000116125	NA	NA	ENSG00000284633	one_to_one	1	one_to_one:1
ENSMUSG00000116223	NA	NA	ENSG00000258017	one_to_one	1	one_to_one:1
ENSMUSG00000116260	NA	NA	ENSG00000272694	one_to_one	1	one_to_one:1
ENSMUSG00000116305	NA	NA	ENSG00000273289;ENSG00000273145;ENSG00000241990	many_to_many_strict	1	many_to_many_strict:1
ENSMUSG00000116380	ENSCAFG00845014572	one_to_one	NA	NA	1	one_to_one:1
ENSMUSG00000116480	ENSCAFG00845020547	one_to_one	NA	NA	1	one_to_one:1
ENSMUSG00000116500	NA	NA	ENSG00000260030;ENSG00000286069	one_to_many	1	one_to_many:1
ENSMUSG00000116518	NA	NA	ENSG00000257256	many_to_one	1	many_to_one:1
ENSMUSG00000116530	NA	NA	ENSG00000233308	one_to_one	1	one_to_one:1
ENSMUSG00000116569	NA	NA	ENSG00000224269	one_to_one	1	one_to_one:1
ENSMUSG00000116572	NA	NA	ENSG00000229912;ENSG00000235126	many_to_many_strict	1	many_to_many_strict:1
ENSMUSG00000116575	NA	NA	ENSG00000287273;ENSG00000242339	one_to_many	1	one_to_many:1
ENSMUSG00000116581	ENSCAFG00845030811;ENSCAFG00845030781;ENSCAFG00845030804	many_to_many	NA	NA	1	many_to_many:1
ENSMUSG00000116582	NA	NA	ENSG00000261610	one_to_one	1	one_to_one:1
ENSMUSG00000116589	ENSCAFG00845028522	one_to_one	ENSG00000242553;ENSG00000230366	one_to_many	2	one_to_many:1;one_to_one:1
ENSMUSG00000116590	NA	NA	ENSG00000286828	one_to_one	1	one_to_one:1
ENSMUSG00000116628	NA	NA	ENSG00000244676	one_to_one	1	one_to_one:1
ENSMUSG00000116641	NA	NA	ENSG00000286717	one_to_one	1	one_to_one:1
ENSMUSG00000116644	NA	NA	ENSG00000203711;ENSG00000285159	one_to_many	1	one_to_many:1
ENSMUSG00000116660	NA	NA	ENSG00000230102	many_to_one	1	many_to_one:1
ENSMUSG00000116665	NA	NA	ENSG00000288806;ENSG00000250174;ENSG00000273123	many_to_many	1	many_to_many:1
ENSMUSG00000116674	NA	NA	ENSG00000234883	one_to_one	1	one_to_one:1
ENSMUSG00000116681	NA	NA	ENSG00000286517	one_to_one	1	one_to_one:1
ENSMUSG00000116697	NA	NA	ENSG00000286485	one_to_one	1	one_to_one:1
ENSMUSG00000116709	NA	NA	ENSG00000230978	one_to_one	1	one_to_one:1
ENSMUSG00000116714	NA	NA	ENSG00000228028	one_to_one	1	one_to_one:1
ENSMUSG00000116725	ENSCAFG00845023181	one_to_one	NA	NA	1	one_to_one:1
ENSMUSG00000116733	NA	NA	ENSG00000231724	one_to_one	1	one_to_one:1
ENSMUSG00000116737	ENSCAFG00845030802;ENSCAFG00845030807	one_to_many	NA	NA	1	one_to_many:1
ENSMUSG00000116753	NA	NA	ENSG00000230323	one_to_one	1	one_to_one:1
ENSMUSG00000116762	NA	NA	ENSG00000229912;ENSG00000235126	many_to_many_strict	1	many_to_many_strict:1
ENSMUSG00000116763	ENSCAFG00845026338	one_to_one	ENSG00000232360	one_to_one	2	one_to_one:2
ENSMUSG00000116769	ENSCAFG00845019932;ENSCAFG00845019893;ENSCAFG00845019904;ENSCAFG00845019942;ENSCAFG00845019915;ENSCAFG00845019958	one_to_many	NA	NA	1	one_to_many:1
ENSMUSG00000116793	NA	NA	ENSG00000286870;ENSG00000289828	one_to_many	1	one_to_many:1
ENSMUSG00000116801	NA	NA	ENSG00000289090;ENSG00000235815	one_to_many	1	one_to_many:1
ENSMUSG00000116814	NA	NA	ENSG00000286624	one_to_one	1	one_to_one:1
ENSMUSG00000116819	NA	NA	ENSG00000239300;ENSG00000271855	one_to_many	1	one_to_many:1
ENSMUSG00000116823	NA	NA	ENSG00000224086	one_to_one	1	one_to_one:1
ENSMUSG00000116840	NA	NA	ENSG00000239523	one_to_one	1	one_to_one:1
ENSMUSG00000116851	NA	NA	ENSG00000271820;ENSG00000230960	one_to_many	1	one_to_many:1
ENSMUSG00000116885	NA	NA	ENSG00000259981	one_to_one	1	one_to_one:1
ENSMUSG00000116903	ENSCAFG00845015227	many_to_one	ENSG00000242767;ENSG00000241560;ENSG00000288896;ENSG00000242880;ENSG00000242290;ENSG00000239946;ENSG00000241295	many_to_many	2	many_to_many:1;many_to_one:1
ENSMUSG00000116924	NA	NA	ENSG00000260923;ENSG00000260528	one_to_many	1	one_to_many:1
ENSMUSG00000116927	NA	NA	ENSG00000273199	one_to_one	1	one_to_one:1
ENSMUSG00000116947	NA	NA	ENSG00000286852	many_to_one	1	many_to_one:1
ENSMUSG00000116951	ENSCAFG00845030811;ENSCAFG00845030781;ENSCAFG00845030804	many_to_many	NA	NA	1	many_to_many:1
ENSMUSG00000116955	NA	NA	ENSG00000231178	one_to_one	1	one_to_one:1
ENSMUSG00000116971	ENSCAFG00845003356;ENSCAFG00845003341;ENSCAFG00845003358	one_to_many	NA	NA	1	one_to_many:1
ENSMUSG00000116973	NA	NA	ENSG00000289929	one_to_one	1	one_to_one:1
ENSMUSG00000116987	ENSCAFG00845026725	one_to_one	NA	NA	1	one_to_one:1
ENSMUSG00000117000	NA	NA	ENSG00000288069;ENSG00000235123	many_to_many	1	many_to_many:1
ENSMUSG00000117003	NA	NA	ENSG00000265962	one_to_one	1	one_to_one:1
ENSMUSG00000117004	NA	NA	ENSG00000266846;ENSG00000264449	one_to_many	1	one_to_many:1
ENSMUSG00000117019	ENSCAFG00845014729	one_to_one	NA	NA	1	one_to_one:1
ENSMUSG00000117023	NA	NA	ENSG00000234579	many_to_one	1	many_to_one:1
ENSMUSG00000117040	NA	NA	ENSG00000283215;ENSG00000223469	one_to_many	1	one_to_many:1
ENSMUSG00000117044	ENSCAFG00845012139	one_to_one	NA	NA	1	one_to_one:1
ENSMUSG00000117053	NA	NA	ENSG00000266153;ENSG00000285575	many_to_many_strict	1	many_to_many_strict:1
ENSMUSG00000117084	NA	NA	ENSG00000287458	one_to_one	1	one_to_one:1
ENSMUSG00000117105	NA	NA	ENSG00000254106	one_to_one	1	one_to_one:1
ENSMUSG00000117117	NA	NA	ENSG00000287377;ENSG00000288050;ENSG00000272529	one_to_many	1	one_to_many:1
ENSMUSG00000117118	NA	NA	ENSG00000234579	many_to_one	1	many_to_one:1
ENSMUSG00000117131	NA	NA	ENSG00000232909	one_to_one	1	one_to_one:1
ENSMUSG00000117137	NA	NA	ENSG00000289061	one_to_one	1	one_to_one:1
ENSMUSG00000117179	NA	NA	ENSG00000288069;ENSG00000235123	many_to_many	1	many_to_many:1
ENSMUSG00000117193	NA	NA	ENSG00000266065;ENSG00000265944	one_to_many	1	one_to_many:1
ENSMUSG00000117220	NA	NA	ENSG00000291252;ENSG00000291098;ENSG00000291250;ENSG00000291251	one_to_many	1	one_to_many:1
ENSMUSG00000117229	ENSCAFG00845004593	one_to_one	NA	NA	1	one_to_one:1
ENSMUSG00000117231	NA	NA	ENSG00000261520;ENSG00000262001;ENSG00000266401;ENSG00000177337;ENSG00000263724;ENSG00000263878	many_to_many	1	many_to_many:1
ENSMUSG00000117250	NA	NA	ENSG00000273335	many_to_one	1	many_to_one:1
ENSMUSG00000117255	NA	NA	ENSG00000246982	many_to_one	1	many_to_one:1
ENSMUSG00000117263	NA	NA	ENSG00000286550	many_to_one	1	many_to_one:1
ENSMUSG00000117289	NA	NA	ENSG00000238141;ENSG00000255568;ENSG00000272991	many_to_many	1	many_to_many:1
ENSMUSG00000117292	ENSCAFG00845011860	one_to_one	NA	NA	1	one_to_one:1
ENSMUSG00000117301	NA	NA	ENSG00000246982	many_to_one	1	many_to_one:1
ENSMUSG00000117314	NA	NA	ENSG00000287656	one_to_one	1	one_to_one:1
ENSMUSG00000117317	NA	NA	ENSG00000236119;ENSG00000236677	one_to_many	1	one_to_many:1
ENSMUSG00000117323	NA	NA	ENSG00000266288	one_to_one	1	one_to_one:1
ENSMUSG00000117324	NA	NA	ENSG00000288069;ENSG00000235123	many_to_many	1	many_to_many:1
ENSMUSG00000117335	NA	NA	ENSG00000273335	many_to_one	1	many_to_one:1
ENSMUSG00000117355	NA	NA	ENSG00000225637	one_to_one	1	one_to_one:1
ENSMUSG00000117356	NA	NA	ENSG00000230500	one_to_one	1	one_to_one:1
ENSMUSG00000117358	NA	NA	ENSG00000230046;ENSG00000290864	many_to_many_strict	1	many_to_many_strict:1
ENSMUSG00000117371	NA	NA	ENSG00000225945	one_to_one	1	one_to_one:1
ENSMUSG00000117380	NA	NA	ENSG00000263382	many_to_one	1	many_to_one:1
ENSMUSG00000117384	ENSCAFG00845028119	one_to_one	NA	NA	1	one_to_one:1
ENSMUSG00000117393	NA	NA	ENSG00000279873	many_to_one	1	many_to_one:1
ENSMUSG00000117401	NA	NA	ENSG00000289874	many_to_one	1	many_to_one:1
ENSMUSG00000117404	ENSCAFG00845012467;ENSCAFG00845012457;ENSCAFG00845012482;ENSCAFG00845012579	one_to_many	ENSG00000265369	one_to_one	2	one_to_many:1;one_to_one:1
ENSMUSG00000117413	NA	NA	ENSG00000227028	one_to_one	1	one_to_one:1
ENSMUSG00000117414	ENSCAFG00845005280	one_to_one	NA	NA	1	one_to_one:1
ENSMUSG00000117418	NA	NA	ENSG00000265204;ENSG00000264924;ENSG00000264745	many_to_many	1	many_to_many:1
ENSMUSG00000117426	ENSCAFG00845020563	many_to_one	ENSG00000273006	many_to_one	2	many_to_one:2
ENSMUSG00000117440	NA	NA	ENSG00000225284	one_to_one	1	one_to_one:1
ENSMUSG00000117485	NA	NA	ENSG00000230587	many_to_one	1	many_to_one:1
ENSMUSG00000117494	NA	NA	ENSG00000264365;ENSG00000273321	one_to_many	1	one_to_many:1
ENSMUSG00000117501	ENSCAFG00845027133;ENSCAFG00845027119	one_to_many	ENSG00000205054	one_to_one	2	one_to_many:1;one_to_one:1
ENSMUSG00000117505	NA	NA	ENSG00000254635	one_to_one	1	one_to_one:1
ENSMUSG00000117509	NA	NA	ENSG00000205086;ENSG00000226398	one_to_many	1	one_to_many:1
ENSMUSG00000117521	ENSCAFG00845011525;ENSCAFG00845011508;ENSCAFG00845011489	one_to_many	NA	NA	1	one_to_many:1
ENSMUSG00000117523	NA	NA	ENSG00000260436;ENSG00000261140;ENSG00000269937;ENSG00000261613;ENSG00000261093	one_to_many	1	one_to_many:1
ENSMUSG00000117562	NA	NA	ENSG00000185186	many_to_one	1	many_to_one:1
ENSMUSG00000117570	ENSCAFG00845004791;ENSCAFG00845004796	one_to_many	NA	NA	1	one_to_many:1
ENSMUSG00000117571	NA	NA	ENSG00000286796	one_to_one	1	one_to_one:1
ENSMUSG00000117573	NA	NA	ENSG00000265204;ENSG00000264924;ENSG00000264745	many_to_many	1	many_to_many:1
ENSMUSG00000117579	NA	NA	ENSG00000259994	one_to_one	1	one_to_one:1
ENSMUSG00000117588	NA	NA	ENSG00000250015;ENSG00000271918	one_to_many	1	one_to_many:1
ENSMUSG00000117592	NA	NA	ENSG00000232598	one_to_one	1	one_to_one:1
ENSMUSG00000117608	NA	NA	ENSG00000264345	one_to_one	1	one_to_one:1
ENSMUSG00000117613	ENSCAFG00845012572;ENSCAFG00845012476	one_to_many	ENSG00000263677	one_to_one	2	one_to_many:1;one_to_one:1
ENSMUSG00000117616	ENSCAFG00845020563	many_to_one	ENSG00000273006	many_to_one	2	many_to_one:2
ENSMUSG00000117632	NA	NA	ENSG00000263904	one_to_one	1	one_to_one:1
ENSMUSG00000117634	NA	NA	ENSG00000273232;ENSG00000265943	one_to_many	1	one_to_many:1
ENSMUSG00000117645	ENSCAFG00845012449	one_to_one	NA	NA	1	one_to_one:1
ENSMUSG00000117648	NA	NA	ENSG00000273090;ENSG00000260025	one_to_many	1	one_to_many:1
ENSMUSG00000117655	ENSCAFG00845030880;ENSCAFG00845030878	many_to_many_strict	ENSG00000236799	many_to_one	2	many_to_many_strict:1;many_to_one:1
ENSMUSG00000117659	ENSCAFG00845027810	many_to_one	ENSG00000235470;ENSG00000287419	many_to_many_strict	2	many_to_many_strict:1;many_to_one:1
ENSMUSG00000117661	NA	NA	ENSG00000287943;ENSG00000267193;ENSG00000285790;ENSG00000267097	one_to_many	1	one_to_many:1
ENSMUSG00000117674	ENSCAFG00845019366;ENSCAFG00845019325	many_to_many_strict	ENSG00000285605	many_to_one	2	many_to_many_strict:1;many_to_one:1
ENSMUSG00000117676	NA	NA	ENSG00000264340	one_to_one	1	one_to_one:1
ENSMUSG00000117684	NA	NA	ENSG00000228484	one_to_one	1	one_to_one:1
ENSMUSG00000117685	ENSCAFG00845000824	one_to_one	NA	NA	1	one_to_one:1
ENSMUSG00000117690	NA	NA	ENSG00000237761	one_to_one	1	one_to_one:1
ENSMUSG00000117698	NA	NA	ENSG00000260475	one_to_one	1	one_to_one:1
ENSMUSG00000117710	NA	NA	ENSG00000254855;ENSG00000254461	one_to_many	1	one_to_many:1
ENSMUSG00000117718	ENSCAFG00845010817	one_to_one	NA	NA	1	one_to_one:1
ENSMUSG00000117721	NA	NA	ENSG00000267579;ENSG00000267257	many_to_many	1	many_to_many:1
ENSMUSG00000117725	NA	NA	ENSG00000226533	many_to_one	1	many_to_one:1
ENSMUSG00000117731	NA	NA	ENSG00000249593	many_to_one	1	many_to_one:1
ENSMUSG00000117757	NA	NA	ENSG00000267165	one_to_one	1	one_to_one:1
ENSMUSG00000117760	NA	NA	ENSG00000236355;ENSG00000231150	many_to_many	1	many_to_many:1
ENSMUSG00000117763	NA	NA	ENSG00000257002	one_to_one	1	one_to_one:1
ENSMUSG00000117772	ENSCAFG00845018903	one_to_one	NA	NA	1	one_to_one:1
ENSMUSG00000117778	NA	NA	ENSG00000263958	one_to_one	1	one_to_one:1
ENSMUSG00000117786	NA	NA	ENSG00000184385	many_to_one	1	many_to_one:1
ENSMUSG00000117792	NA	NA	ENSG00000249553	one_to_one	1	one_to_one:1
ENSMUSG00000117797	NA	NA	ENSG00000286583	many_to_one	1	many_to_one:1
ENSMUSG00000117818	NA	NA	ENSG00000224100	one_to_one	1	one_to_one:1
ENSMUSG00000117824	NA	NA	ENSG00000278107	many_to_one	1	many_to_one:1
ENSMUSG00000117829	NA	NA	ENSG00000263756	one_to_one	1	one_to_one:1
ENSMUSG00000117835	NA	NA	ENSG00000226533	many_to_one	1	many_to_one:1
ENSMUSG00000117837	NA	NA	ENSG00000268364	one_to_one	1	one_to_one:1
ENSMUSG00000117840	NA	NA	ENSG00000249526	one_to_one	1	one_to_one:1
ENSMUSG00000117852	NA	NA	ENSG00000250692	one_to_one	1	one_to_one:1
ENSMUSG00000117861	NA	NA	ENSG00000255120	one_to_one	1	one_to_one:1
ENSMUSG00000117865	NA	NA	ENSG00000232229;ENSG00000280560	one_to_many	1	one_to_many:1
ENSMUSG00000117868	ENSCAFG00845004812	one_to_one	ENSG00000260759	one_to_one	2	one_to_one:2
ENSMUSG00000117871	NA	NA	ENSG00000285582	one_to_one	1	one_to_one:1
ENSMUSG00000117888	NA	NA	ENSG00000278107	many_to_one	1	many_to_one:1
ENSMUSG00000117890	ENSCAFG00845030508	one_to_one	NA	NA	1	one_to_one:1
ENSMUSG00000117891	NA	NA	ENSG00000267136;ENSG00000267239;ENSG00000267694;ENSG00000267529;ENSG00000267503;ENSG00000266954;ENSG00000267393;ENSG00000267177;ENSG00000286926;ENSG00000267690;ENSG00000267366	one_to_many	1	one_to_many:1
ENSMUSG00000117895	NA	NA	ENSG00000267396;ENSG00000267743	many_to_many	1	many_to_many:1
ENSMUSG00000117901	NA	NA	ENSG00000256481	one_to_one	1	one_to_one:1
ENSMUSG00000117911	ENSCAFG00845018305;ENSCAFG00845018236;ENSCAFG00845018293;ENSCAFG00845018273;ENSCAFG00845018257	one_to_many	NA	NA	1	one_to_many:1
ENSMUSG00000117912	NA	NA	ENSG00000255236	one_to_one	1	one_to_one:1
ENSMUSG00000117952	NA	NA	ENSG00000240527	one_to_one	1	one_to_one:1
ENSMUSG00000117968	NA	NA	ENSG00000267401	one_to_one	1	one_to_one:1
ENSMUSG00000117976	NA	NA	ENSG00000266614;ENSG00000264212	many_to_many_strict	1	many_to_many_strict:1
ENSMUSG00000117977	NA	NA	ENSG00000267146	one_to_one	1	one_to_one:1
ENSMUSG00000117979	NA	NA	ENSG00000236733;ENSG00000288771	many_to_many_strict	1	many_to_many_strict:1
ENSMUSG00000117994	ENSCAFG00845018059	one_to_one	NA	NA	1	one_to_one:1
ENSMUSG00000117998	NA	NA	ENSG00000289512;ENSG00000225519	one_to_many	1	one_to_many:1
ENSMUSG00000118000	NA	NA	ENSG00000227695	one_to_one	1	one_to_one:1
ENSMUSG00000118002	NA	NA	ENSG00000289497	one_to_one	1	one_to_one:1
ENSMUSG00000118007	NA	NA	ENSG00000274259	one_to_one	1	one_to_one:1
ENSMUSG00000118012	NA	NA	ENSG00000264278	one_to_one	1	one_to_one:1
ENSMUSG00000118017	NA	NA	ENSG00000267391	one_to_one	1	one_to_one:1
ENSMUSG00000118020	ENSCAFG00845002310	one_to_one	NA	NA	1	one_to_one:1
ENSMUSG00000118045	NA	NA	ENSG00000267209	one_to_one	1	one_to_one:1
ENSMUSG00000118068	NA	NA	ENSG00000289170	one_to_one	1	one_to_one:1
ENSMUSG00000118070	ENSCAFG00845000055	many_to_one	ENSG00000274828;ENSG00000266901;ENSG00000178412	many_to_many	2	many_to_many:1;many_to_one:1
ENSMUSG00000118078	NA	NA	ENSG00000275418	one_to_one	1	one_to_one:1
ENSMUSG00000118081	NA	NA	ENSG00000235023;ENSG00000225731	many_to_many_strict	1	many_to_many_strict:1
ENSMUSG00000118085	NA	NA	ENSG00000278107	many_to_one	1	many_to_one:1
ENSMUSG00000118090	ENSCAFG00845000051	one_to_one	NA	NA	1	one_to_one:1
ENSMUSG00000118092	NA	NA	ENSG00000204706	one_to_one	1	one_to_one:1
ENSMUSG00000118100	NA	NA	ENSG00000285656	one_to_one	1	one_to_one:1
ENSMUSG00000118101	NA	NA	ENSG00000267579;ENSG00000267257	many_to_many	1	many_to_many:1
ENSMUSG00000118117	NA	NA	ENSG00000251205	one_to_one	1	one_to_one:1
ENSMUSG00000118119	NA	NA	ENSG00000236355;ENSG00000231150	many_to_many	1	many_to_many:1
ENSMUSG00000118122	NA	NA	ENSG00000271792	many_to_one	1	many_to_one:1
ENSMUSG00000118127	ENSCAFG00845027810	many_to_one	ENSG00000235470;ENSG00000287419	many_to_many_strict	2	many_to_many_strict:1;many_to_one:1
ENSMUSG00000118134	NA	NA	ENSG00000266969	one_to_one	1	one_to_one:1
ENSMUSG00000118138	NA	NA	ENSG00000289194	one_to_one	1	one_to_one:1
ENSMUSG00000118157	NA	NA	ENSG00000235023;ENSG00000225731	many_to_many_strict	1	many_to_many_strict:1
ENSMUSG00000118163	NA	NA	ENSG00000267579;ENSG00000267257	many_to_many	1	many_to_many:1
ENSMUSG00000118169	NA	NA	ENSG00000184385	many_to_one	1	many_to_one:1
ENSMUSG00000118178	ENSCAFG00845030880;ENSCAFG00845030878	many_to_many_strict	ENSG00000236799	many_to_one	2	many_to_many_strict:1;many_to_one:1
ENSMUSG00000118198	NA	NA	ENSG00000263655	one_to_one	1	one_to_one:1
ENSMUSG00000118206	NA	NA	ENSG00000289745	many_to_one	1	many_to_one:1
ENSMUSG00000118210	NA	NA	ENSG00000273143	one_to_one	1	one_to_one:1
ENSMUSG00000118221	NA	NA	ENSG00000224934	one_to_one	1	one_to_one:1
ENSMUSG00000118232	NA	NA	ENSG00000253445	one_to_one	1	one_to_one:1
ENSMUSG00000118245	NA	NA	ENSG00000287851	one_to_one	1	one_to_one:1
ENSMUSG00000118249	NA	NA	ENSG00000286369	one_to_one	1	one_to_one:1
ENSMUSG00000118257	NA	NA	ENSG00000231185	one_to_one	1	one_to_one:1
ENSMUSG00000118262	NA	NA	ENSG00000266586;ENSG00000265101	many_to_many_strict	1	many_to_many_strict:1
ENSMUSG00000118263	NA	NA	ENSG00000286459	one_to_one	1	one_to_one:1
ENSMUSG00000118265	NA	NA	ENSG00000286186;ENSG00000275186	one_to_many	1	one_to_many:1
ENSMUSG00000118268	NA	NA	ENSG00000266586;ENSG00000265101	many_to_many_strict	1	many_to_many_strict:1
ENSMUSG00000118292	NA	NA	ENSG00000250095	one_to_one	1	one_to_one:1
ENSMUSG00000118293	NA	NA	ENSG00000289993	one_to_one	1	one_to_one:1
ENSMUSG00000118311	NA	NA	ENSG00000286583	many_to_one	1	many_to_one:1
ENSMUSG00000118315	ENSCAFG00845019366;ENSCAFG00845019325	many_to_many_strict	ENSG00000285605	many_to_one	2	many_to_many_strict:1;many_to_one:1
ENSMUSG00000118322	NA	NA	ENSG00000250603	many_to_one	1	many_to_one:1
ENSMUSG00000118339	ENSCAFG00845000571;ENSCAFG00845000566	one_to_many	ENSG00000265778;ENSG00000263982;ENSG00000275763	one_to_many	2	one_to_many:2
ENSMUSG00000118340	NA	NA	ENSG00000261447;ENSG00000229312	one_to_many	1	one_to_many:1
ENSMUSG00000118342	NA	NA	ENSG00000225434	one_to_one	1	one_to_one:1
ENSMUSG00000118343	NA	NA	ENSG00000271766	one_to_one	1	one_to_one:1
ENSMUSG00000118347	NA	NA	ENSG00000271792	many_to_one	1	many_to_one:1
ENSMUSG00000118352	ENSCAFG00845001172	one_to_one	ENSG00000266304;ENSG00000266278	one_to_many	2	one_to_many:1;one_to_one:1
ENSMUSG00000118362	ENSCAFG00845008813	one_to_one	NA	NA	1	one_to_one:1
ENSMUSG00000118366	ENSCAFG00845028836	one_to_one	NA	NA	1	one_to_one:1
ENSMUSG00000118369	NA	NA	ENSG00000228417	one_to_one	1	one_to_one:1
ENSMUSG00000118373	ENSCAFG00845000022	one_to_one	NA	NA	1	one_to_one:1
ENSMUSG00000118385	NA	NA	ENSG00000264247	many_to_one	1	many_to_one:1
ENSMUSG00000118386	NA	NA	ENSG00000249593	many_to_one	1	many_to_one:1
ENSMUSG00000118391	NA	NA	ENSG00000245937	one_to_one	1	one_to_one:1
ENSMUSG00000118436	NA	NA	ENSG00000249713	many_to_one	1	many_to_one:1
ENSMUSG00000118437	NA	NA	ENSG00000271916	one_to_one	1	one_to_one:1
ENSMUSG00000118445	NA	NA	ENSG00000249713	many_to_one	1	many_to_one:1
ENSMUSG00000118449	NA	NA	ENSG00000242628	many_to_one	1	many_to_one:1
ENSMUSG00000118456	NA	NA	ENSG00000286508	one_to_one	1	one_to_one:1
ENSMUSG00000118519	NA	NA	ENSG00000228748	one_to_one	1	one_to_one:1
ENSMUSG00000118601	NA	NA	ENSG00000263707;ENSG00000277621	one_to_many	1	one_to_many:1
ENSMUSG00000118652	NA	NA	ENSG00000228718	one_to_one	1	one_to_one:1
ENSMUSG00000119944	NA	NA	ENSG00000289018	many_to_one	1	many_to_one:1
ENSMUSG00000119945	NA	NA	ENSG00000272953;ENSG00000241269;ENSG00000290091;ENSG00000188365	many_to_many	1	many_to_many:1
ENSMUSG00000119946	NA	NA	ENSG00000272831	one_to_one	1	one_to_one:1
ENSMUSG00000119947	NA	NA	ENSG00000289168	one_to_one	1	one_to_one:1
ENSMUSG00000119951	NA	NA	ENSG00000291127	one_to_one	1	one_to_one:1
ENSMUSG00000119953	ENSCAFG00845001588	many_to_one	ENSG00000272167;ENSG00000274895;ENSG00000230461	many_to_many_strict	2	many_to_many_strict:1;many_to_one:1
ENSMUSG00000119956	NA	NA	ENSG00000271737	one_to_one	1	one_to_one:1
ENSMUSG00000119959	NA	NA	ENSG00000270959;ENSG00000224563	one_to_many	1	one_to_many:1
ENSMUSG00000119961	NA	NA	ENSG00000273456	one_to_one	1	one_to_one:1
ENSMUSG00000119962	NA	NA	ENSG00000263382	many_to_one	1	many_to_one:1
ENSMUSG00000119966	NA	NA	ENSG00000256315;ENSG00000255580;ENSG00000256972	one_to_many	1	one_to_many:1
ENSMUSG00000119967	NA	NA	ENSG00000224903;ENSG00000182648	one_to_many	1	one_to_many:1
ENSMUSG00000119970	NA	NA	ENSG00000247400	one_to_one	1	one_to_one:1
ENSMUSG00000119973	ENSCAFG00845030897	one_to_one	NA	NA	1	one_to_one:1
ENSMUSG00000119979	NA	NA	ENSG00000272953;ENSG00000241269;ENSG00000290091;ENSG00000188365	many_to_many	1	many_to_many:1
ENSMUSG00000119981	ENSCAFG00845009426	many_to_one	ENSG00000234943;ENSG00000228108	many_to_many	2	many_to_many:1;many_to_one:1
ENSMUSG00000119983	NA	NA	ENSG00000275234	one_to_one	1	one_to_one:1
ENSMUSG00000119985	NA	NA	ENSG00000254473	one_to_one	1	one_to_one:1
ENSMUSG00000119990	NA	NA	ENSG00000286553;ENSG00000287260	one_to_many	1	one_to_many:1
ENSMUSG00000119994	NA	NA	ENSG00000257809	one_to_one	1	one_to_one:1
ENSMUSG00000119997	ENSCAFG00845018124	many_to_one	ENSG00000289256	many_to_one	2	many_to_one:2
ENSMUSG00000120000	NA	NA	ENSG00000220256	one_to_one	1	one_to_one:1
ENSMUSG00000120010	NA	NA	ENSG00000287737;ENSG00000275888	many_to_many_strict	1	many_to_many_strict:1
ENSMUSG00000120012	ENSCAFG00845022560	one_to_one	ENSG00000266402	one_to_one	2	one_to_one:2
ENSMUSG00000120016	NA	NA	ENSG00000270035;ENSG00000270171;ENSG00000269978;ENSG00000225126;ENSG00000237436;ENSG00000237728;ENSG00000237365	many_to_many	1	many_to_many:1
ENSMUSG00000120018	NA	NA	ENSG00000262211;ENSG00000227908	one_to_many	1	one_to_many:1
ENSMUSG00000120019	NA	NA	ENSG00000261514	one_to_one	1	one_to_one:1
ENSMUSG00000120022	NA	NA	ENSG00000231731	one_to_one	1	one_to_one:1
ENSMUSG00000120023	NA	NA	ENSG00000286518;ENSG00000272235;ENSG00000287828;ENSG00000177133;ENSG00000226286	many_to_many_strict	1	many_to_many_strict:1
ENSMUSG00000120027	NA	NA	ENSG00000231090	one_to_one	1	one_to_one:1
ENSMUSG00000120033	ENSCAFG00845012067	one_to_one	NA	NA	1	one_to_one:1
ENSMUSG00000120036	NA	NA	ENSG00000278376	one_to_one	1	one_to_one:1
ENSMUSG00000120037	NA	NA	ENSG00000290510;ENSG00000251678	one_to_many	1	one_to_many:1
ENSMUSG00000120039	NA	NA	ENSG00000253695	one_to_one	1	one_to_one:1
ENSMUSG00000120041	NA	NA	ENSG00000163081	one_to_one	1	one_to_one:1
ENSMUSG00000120046	NA	NA	ENSG00000237243	one_to_one	1	one_to_one:1
ENSMUSG00000120047	NA	NA	ENSG00000289489;ENSG00000227838	one_to_many	1	one_to_many:1
ENSMUSG00000120048	NA	NA	ENSG00000237461	one_to_one	1	one_to_one:1
ENSMUSG00000120049	NA	NA	ENSG00000288900	one_to_one	1	one_to_one:1
ENSMUSG00000120051	NA	NA	ENSG00000235706	one_to_one	1	one_to_one:1
ENSMUSG00000120053	NA	NA	ENSG00000258099	many_to_one	1	many_to_one:1
ENSMUSG00000120056	NA	NA	ENSG00000224391	one_to_one	1	one_to_one:1
ENSMUSG00000120061	NA	NA	ENSG00000237775	many_to_one	1	many_to_one:1
ENSMUSG00000120065	NA	NA	ENSG00000259125	many_to_one	1	many_to_one:1
ENSMUSG00000120068	NA	NA	ENSG00000233086	one_to_one	1	one_to_one:1
ENSMUSG00000120072	ENSCAFG00845014957	one_to_one	NA	NA	1	one_to_one:1
ENSMUSG00000120078	NA	NA	ENSG00000231671	one_to_one	1	one_to_one:1
ENSMUSG00000120079	NA	NA	ENSG00000233502	one_to_one	1	one_to_one:1
ENSMUSG00000120080	NA	NA	ENSG00000237594;ENSG00000286643	one_to_many	1	one_to_many:1
ENSMUSG00000120082	NA	NA	ENSG00000289404	one_to_one	1	one_to_one:1
ENSMUSG00000120087	NA	NA	ENSG00000234432	many_to_one	1	many_to_one:1
ENSMUSG00000120092	NA	NA	ENSG00000265451	many_to_one	1	many_to_one:1
ENSMUSG00000120093	NA	NA	ENSG00000271327;ENSG00000271259	many_to_many_strict	1	many_to_many_strict:1
ENSMUSG00000120094	NA	NA	ENSG00000235121;ENSG00000236390	many_to_many_strict	1	many_to_many_strict:1
ENSMUSG00000120095	NA	NA	ENSG00000287296;ENSG00000267598	many_to_many_strict	1	many_to_many_strict:1
ENSMUSG00000120101	NA	NA	ENSG00000228830	one_to_one	1	one_to_one:1
ENSMUSG00000120102	NA	NA	ENSG00000287582	many_to_one	1	many_to_one:1
ENSMUSG00000120105	NA	NA	ENSG00000276957	one_to_one	1	one_to_one:1
ENSMUSG00000120107	ENSCAFG00845014816;ENSCAFG00845014794;ENSCAFG00845014805;ENSCAFG00845014811;ENSCAFG00845014799	one_to_many	ENSG00000289242;ENSG00000253214	one_to_many	2	one_to_many:2
ENSMUSG00000120112	NA	NA	ENSG00000288835	many_to_one	1	many_to_one:1
ENSMUSG00000120116	NA	NA	ENSG00000230316	one_to_one	1	one_to_one:1
ENSMUSG00000120121	NA	NA	ENSG00000288835	many_to_one	1	many_to_one:1
ENSMUSG00000120128	NA	NA	ENSG00000289481	one_to_one	1	one_to_one:1
ENSMUSG00000120132	NA	NA	ENSG00000232412	one_to_one	1	one_to_one:1
ENSMUSG00000120135	ENSCAFG00845002719;ENSCAFG00845002714;ENSCAFG00845002709	many_to_many_strict	NA	NA	1	many_to_many_strict:1
ENSMUSG00000120137	ENSCAFG00845004142	many_to_one	ENSG00000267707;ENSG00000267202;ENSG00000285940	many_to_many_strict	2	many_to_many_strict:1;many_to_one:1
ENSMUSG00000120141	NA	NA	ENSG00000285533	one_to_one	1	one_to_one:1
ENSMUSG00000120151	NA	NA	ENSG00000245281	one_to_one	1	one_to_one:1
ENSMUSG00000120152	NA	NA	ENSG00000289954	one_to_one	1	one_to_one:1
ENSMUSG00000120155	NA	NA	ENSG00000245870	one_to_one	1	one_to_one:1
ENSMUSG00000120159	NA	NA	ENSG00000233081	one_to_one	1	one_to_one:1
ENSMUSG00000120160	NA	NA	ENSG00000214559;ENSG00000289532	one_to_many	1	one_to_many:1
ENSMUSG00000120162	NA	NA	ENSG00000231336;ENSG00000232696;ENSG00000228481	many_to_many	1	many_to_many:1
ENSMUSG00000120169	NA	NA	ENSG00000228878	one_to_one	1	one_to_one:1
ENSMUSG00000120170	NA	NA	ENSG00000287060	many_to_one	1	many_to_one:1
ENSMUSG00000120176	NA	NA	ENSG00000248489	one_to_one	1	one_to_one:1
ENSMUSG00000120177	NA	NA	ENSG00000268941;ENSG00000254620	one_to_many	1	one_to_many:1
ENSMUSG00000120180	NA	NA	ENSG00000285601	one_to_one	1	one_to_one:1
ENSMUSG00000120181	NA	NA	ENSG00000235741	one_to_one	1	one_to_one:1
ENSMUSG00000120186	NA	NA	ENSG00000263412;ENSG00000266341	one_to_many	1	one_to_many:1
ENSMUSG00000120187	NA	NA	ENSG00000271742	one_to_one	1	one_to_one:1
ENSMUSG00000120188	NA	NA	ENSG00000231770	one_to_one	1	one_to_one:1
ENSMUSG00000120189	NA	NA	ENSG00000290102	one_to_one	1	one_to_one:1
ENSMUSG00000120190	ENSCAFG00845014702	one_to_one	NA	NA	1	one_to_one:1
ENSMUSG00000120194	NA	NA	ENSG00000225279	one_to_one	1	one_to_one:1
ENSMUSG00000120195	NA	NA	ENSG00000283959	one_to_one	1	one_to_one:1
ENSMUSG00000120197	NA	NA	ENSG00000225359	one_to_one	1	one_to_one:1
ENSMUSG00000120201	NA	NA	ENSG00000286511	one_to_one	1	one_to_one:1
ENSMUSG00000120202	NA	NA	ENSG00000273702	one_to_one	1	one_to_one:1
ENSMUSG00000120206	NA	NA	ENSG00000258694	one_to_one	1	one_to_one:1
ENSMUSG00000120210	NA	NA	ENSG00000264107	many_to_one	1	many_to_one:1
ENSMUSG00000120214	NA	NA	ENSG00000214407;ENSG00000287682;ENSG00000241280	one_to_many	1	one_to_many:1
ENSMUSG00000120221	NA	NA	ENSG00000231769	one_to_one	1	one_to_one:1
ENSMUSG00000120224	NA	NA	ENSG00000260708;ENSG00000280080	many_to_many_strict	1	many_to_many_strict:1
ENSMUSG00000120229	NA	NA	ENSG00000235802	one_to_one	1	one_to_one:1
ENSMUSG00000120232	NA	NA	ENSG00000289844;ENSG00000259687	many_to_many_strict	1	many_to_many_strict:1
ENSMUSG00000120236	ENSCAFG00845027055;ENSCAFG00845027042;ENSCAFG00845027064	one_to_many	NA	NA	1	one_to_many:1
ENSMUSG00000120240	ENSCAFG00845018680	one_to_one	NA	NA	1	one_to_one:1
ENSMUSG00000120243	NA	NA	ENSG00000260253	one_to_one	1	one_to_one:1
ENSMUSG00000120245	ENSCAFG00845017486	one_to_one	NA	NA	1	one_to_one:1
ENSMUSG00000120247	NA	NA	ENSG00000267365	one_to_one	1	one_to_one:1
ENSMUSG00000120250	NA	NA	ENSG00000277383;ENSG00000269806	many_to_many_strict	1	many_to_many_strict:1
ENSMUSG00000120256	ENSCAFG00845005161	one_to_one	NA	NA	1	one_to_one:1
ENSMUSG00000120258	NA	NA	ENSG00000272948	one_to_one	1	one_to_one:1
ENSMUSG00000120261	NA	NA	ENSG00000289198	one_to_one	1	one_to_one:1
ENSMUSG00000120263	NA	NA	ENSG00000279873	many_to_one	1	many_to_one:1
ENSMUSG00000120268	NA	NA	ENSG00000249743	many_to_one	1	many_to_one:1
ENSMUSG00000120269	ENSCAFG00845019278;ENSCAFG00845019300	one_to_many	NA	NA	1	one_to_many:1
ENSMUSG00000120283	NA	NA	ENSG00000287511	one_to_one	1	one_to_one:1
ENSMUSG00000120284	NA	NA	ENSG00000270077	one_to_one	1	one_to_one:1
ENSMUSG00000120285	ENSCAFG00845006662	one_to_one	NA	NA	1	one_to_one:1
ENSMUSG00000120287	ENSCAFG00845012273	one_to_one	NA	NA	1	one_to_one:1
ENSMUSG00000120288	NA	NA	ENSG00000272662	one_to_one	1	one_to_one:1
ENSMUSG00000120289	NA	NA	ENSG00000273063	one_to_one	1	one_to_one:1
ENSMUSG00000120291	NA	NA	ENSG00000287899;ENSG00000235943	one_to_many	1	one_to_many:1
ENSMUSG00000120299	NA	NA	ENSG00000289874	many_to_one	1	many_to_one:1
ENSMUSG00000120304	NA	NA	ENSG00000272953;ENSG00000241269;ENSG00000290091;ENSG00000188365	many_to_many	1	many_to_many:1
ENSMUSG00000120309	ENSCAFG00845027696	one_to_one	NA	NA	1	one_to_one:1
ENSMUSG00000120313	NA	NA	ENSG00000258240	one_to_one	1	one_to_one:1
ENSMUSG00000120316	NA	NA	ENSG00000272986	one_to_one	1	one_to_one:1
ENSMUSG00000120324	NA	NA	ENSG00000224713	one_to_one	1	one_to_one:1
ENSMUSG00000120326	NA	NA	ENSG00000228165	one_to_one	1	one_to_one:1
ENSMUSG00000120327	NA	NA	ENSG00000257696	one_to_one	1	one_to_one:1
ENSMUSG00000120329	NA	NA	ENSG00000272269	one_to_one	1	one_to_one:1
ENSMUSG00000120331	NA	NA	ENSG00000175773	one_to_one	1	one_to_one:1
ENSMUSG00000120333	NA	NA	ENSG00000229086	one_to_one	1	one_to_one:1
ENSMUSG00000120334	ENSCAFG00845027930;ENSCAFG00845027922	one_to_many	NA	NA	1	one_to_many:1
ENSMUSG00000120335	NA	NA	ENSG00000231760	one_to_one	1	one_to_one:1
ENSMUSG00000120340	NA	NA	ENSG00000256897	one_to_one	1	one_to_one:1
ENSMUSG00000120342	NA	NA	ENSG00000286874	one_to_one	1	one_to_one:1
ENSMUSG00000120343	NA	NA	ENSG00000260101	one_to_one	1	one_to_one:1
ENSMUSG00000120345	ENSCAFG00845001011	one_to_one	NA	NA	1	one_to_one:1
ENSMUSG00000120347	NA	NA	ENSG00000261216	one_to_one	1	one_to_one:1
ENSMUSG00000120348	NA	NA	ENSG00000264066	one_to_one	1	one_to_one:1
ENSMUSG00000120353	NA	NA	ENSG00000264247	many_to_one	1	many_to_one:1
ENSMUSG00000120358	NA	NA	ENSG00000254531	one_to_one	1	one_to_one:1
ENSMUSG00000120359	NA	NA	ENSG00000276434	one_to_one	1	one_to_one:1
ENSMUSG00000120361	NA	NA	ENSG00000286482	one_to_one	1	one_to_one:1
ENSMUSG00000120362	NA	NA	ENSG00000289952	one_to_one	1	one_to_one:1
ENSMUSG00000120363	ENSCAFG00845029454	one_to_one	NA	NA	1	one_to_one:1
ENSMUSG00000120366	NA	NA	ENSG00000289257	one_to_one	1	one_to_one:1
ENSMUSG00000120367	ENSCAFG00845028639	one_to_one	NA	NA	1	one_to_one:1
ENSMUSG00000120369	NA	NA	ENSG00000233016	one_to_one	1	one_to_one:1
ENSMUSG00000120372	NA	NA	ENSG00000228801	one_to_one	1	one_to_one:1
ENSMUSG00000120374	NA	NA	ENSG00000287331	one_to_one	1	one_to_one:1
ENSMUSG00000120379	NA	NA	ENSG00000234423;ENSG00000236760	many_to_many_strict	1	many_to_many_strict:1
ENSMUSG00000120382	NA	NA	ENSG00000255135	one_to_one	1	one_to_one:1
ENSMUSG00000120383	NA	NA	ENSG00000257496	many_to_one	1	many_to_one:1
ENSMUSG00000120384	NA	NA	ENSG00000253269	many_to_one	1	many_to_one:1
ENSMUSG00000120387	NA	NA	ENSG00000289626	many_to_one	1	many_to_one:1
ENSMUSG00000120390	NA	NA	ENSG00000260368	one_to_one	1	one_to_one:1
ENSMUSG00000120391	NA	NA	ENSG00000286333	many_to_one	1	many_to_one:1
ENSMUSG00000120392	NA	NA	ENSG00000283405	many_to_one	1	many_to_one:1
ENSMUSG00000120393	NA	NA	ENSG00000283405	many_to_one	1	many_to_one:1
ENSMUSG00000120399	NA	NA	ENSG00000257953	one_to_one	1	one_to_one:1
ENSMUSG00000120400	NA	NA	ENSG00000285367;ENSG00000261238	one_to_many	1	one_to_many:1
ENSMUSG00000120401	ENSCAFG00845011361	one_to_one	NA	NA	1	one_to_one:1
ENSMUSG00000120406	ENSCAFG00845000055	many_to_one	ENSG00000274828;ENSG00000266901;ENSG00000178412	many_to_many	2	many_to_many:1;many_to_one:1
ENSMUSG00000120409	NA	NA	ENSG00000289626	many_to_one	1	many_to_one:1
ENSMUSG00000120417	NA	NA	ENSG00000283579	one_to_one	1	one_to_one:1
ENSMUSG00000120419	NA	NA	ENSG00000234432	many_to_one	1	many_to_one:1
ENSMUSG00000120420	NA	NA	ENSG00000288576	one_to_one	1	one_to_one:1
ENSMUSG00000120425	ENSCAFG00845001860	one_to_one	NA	NA	1	one_to_one:1
ENSMUSG00000120428	NA	NA	ENSG00000246548	one_to_one	1	one_to_one:1
ENSMUSG00000120434	NA	NA	ENSG00000286373;ENSG00000228566	many_to_many_strict	1	many_to_many_strict:1
ENSMUSG00000120437	NA	NA	ENSG00000232618;ENSG00000237851	one_to_many	1	one_to_many:1
ENSMUSG00000120438	NA	NA	ENSG00000287009	one_to_one	1	one_to_one:1
ENSMUSG00000120439	NA	NA	ENSG00000290762	one_to_one	1	one_to_one:1
ENSMUSG00000120440	NA	NA	ENSG00000287175;ENSG00000230573	one_to_many	1	one_to_many:1
ENSMUSG00000120441	NA	NA	ENSG00000255197	one_to_one	1	one_to_one:1
ENSMUSG00000120443	NA	NA	ENSG00000262831	one_to_one	1	one_to_one:1
ENSMUSG00000120447	ENSCAFG00845003665	one_to_one	NA	NA	1	one_to_one:1
ENSMUSG00000120449	NA	NA	ENSG00000260151	many_to_one	1	many_to_one:1
ENSMUSG00000120456	NA	NA	ENSG00000273329	one_to_one	1	one_to_one:1
ENSMUSG00000120457	NA	NA	ENSG00000237292	many_to_one	1	many_to_one:1
ENSMUSG00000120461	NA	NA	ENSG00000289262	one_to_one	1	one_to_one:1
ENSMUSG00000120469	NA	NA	ENSG00000258181;ENSG00000276454	one_to_many	1	one_to_many:1
ENSMUSG00000120470	ENSCAFG00845029373	one_to_one	ENSG00000290782	one_to_one	2	one_to_one:2
ENSMUSG00000120482	NA	NA	ENSG00000257474	one_to_one	1	one_to_one:1
ENSMUSG00000120487	ENSCAFG00845008142	one_to_one	NA	NA	1	one_to_one:1
ENSMUSG00000120489	NA	NA	ENSG00000227256	one_to_one	1	one_to_one:1
ENSMUSG00000120497	NA	NA	ENSG00000288840	many_to_one	1	many_to_one:1
ENSMUSG00000120498	NA	NA	ENSG00000285906	one_to_one	1	one_to_one:1
ENSMUSG00000120503	NA	NA	ENSG00000274021	one_to_one	1	one_to_one:1
ENSMUSG00000120504	NA	NA	ENSG00000228427	one_to_one	1	one_to_one:1
ENSMUSG00000120512	NA	NA	ENSG00000258952	one_to_one	1	one_to_one:1
ENSMUSG00000120517	ENSCAFG00845021997	one_to_one	NA	NA	1	one_to_one:1
ENSMUSG00000120520	NA	NA	ENSG00000278743	one_to_one	1	one_to_one:1
ENSMUSG00000120522	NA	NA	ENSG00000207955	one_to_one	1	one_to_one:1
ENSMUSG00000120523	NA	NA	ENSG00000267416	one_to_one	1	one_to_one:1
ENSMUSG00000120527	NA	NA	ENSG00000287076	one_to_one	1	one_to_one:1
ENSMUSG00000120534	NA	NA	ENSG00000267396;ENSG00000267743	many_to_many	1	many_to_many:1
ENSMUSG00000120535	NA	NA	ENSG00000261220	one_to_one	1	one_to_one:1
ENSMUSG00000120539	NA	NA	ENSG00000289155	one_to_one	1	one_to_one:1
ENSMUSG00000120544	NA	NA	ENSG00000290006	one_to_one	1	one_to_one:1
ENSMUSG00000120546	NA	NA	ENSG00000289987	one_to_one	1	one_to_one:1
ENSMUSG00000120559	ENSCAFG00845020376	one_to_one	ENSG00000265148	one_to_one	2	one_to_one:2
ENSMUSG00000120565	NA	NA	ENSG00000245651	one_to_one	1	one_to_one:1
ENSMUSG00000120570	NA	NA	ENSG00000257494	one_to_one	1	one_to_one:1
ENSMUSG00000120571	NA	NA	ENSG00000288952	one_to_one	1	one_to_one:1
ENSMUSG00000120573	NA	NA	ENSG00000289311	one_to_one	1	one_to_one:1
ENSMUSG00000120580	NA	NA	ENSG00000233912	one_to_one	1	one_to_one:1
ENSMUSG00000120582	NA	NA	ENSG00000253842	many_to_one	1	many_to_one:1
ENSMUSG00000120587	NA	NA	ENSG00000260605;ENSG00000260620;ENSG00000287718	one_to_many	1	one_to_many:1
ENSMUSG00000120588	NA	NA	ENSG00000230427	one_to_one	1	one_to_one:1
ENSMUSG00000120592	ENSCAFG00845028636	one_to_one	ENSG00000249697	one_to_one	2	one_to_one:2
ENSMUSG00000120593	NA	NA	ENSG00000233367	one_to_one	1	one_to_one:1
ENSMUSG00000120594	NA	NA	ENSG00000267637	one_to_one	1	one_to_one:1
ENSMUSG00000120595	NA	NA	ENSG00000283629	one_to_one	1	one_to_one:1
ENSMUSG00000120599	ENSCAFG00845015225	one_to_one	ENSG00000283973	one_to_one	2	one_to_one:2
ENSMUSG00000120601	NA	NA	ENSG00000238273	one_to_one	1	one_to_one:1
ENSMUSG00000120603	NA	NA	ENSG00000288877	one_to_one	1	one_to_one:1
ENSMUSG00000120604	NA	NA	ENSG00000263218	one_to_one	1	one_to_one:1
ENSMUSG00000120607	ENSCAFG00845012010	one_to_one	ENSG00000258386	one_to_one	2	one_to_one:2
ENSMUSG00000120609	NA	NA	ENSG00000234768;ENSG00000287056;ENSG00000234647;ENSG00000228361	one_to_many	1	one_to_many:1
ENSMUSG00000120611	ENSCAFG00845025224	one_to_one	NA	NA	1	one_to_one:1
ENSMUSG00000120613	NA	NA	ENSG00000289891	one_to_one	1	one_to_one:1
ENSMUSG00000120615	NA	NA	ENSG00000240497	one_to_one	1	one_to_one:1
ENSMUSG00000120618	NA	NA	ENSG00000234428	one_to_one	1	one_to_one:1
ENSMUSG00000120622	NA	NA	ENSG00000233069	one_to_one	1	one_to_one:1
ENSMUSG00000120623	ENSCAFG00845009524	many_to_one	NA	NA	1	many_to_one:1
ENSMUSG00000120627	NA	NA	ENSG00000258425	many_to_one	1	many_to_one:1
ENSMUSG00000120629	NA	NA	ENSG00000289863	one_to_one	1	one_to_one:1
ENSMUSG00000120635	NA	NA	ENSG00000288728	one_to_one	1	one_to_one:1
ENSMUSG00000120637	NA	NA	ENSG00000286359	many_to_one	1	many_to_one:1
ENSMUSG00000120638	NA	NA	ENSG00000257181	one_to_one	1	one_to_one:1
ENSMUSG00000120640	NA	NA	ENSG00000249112	many_to_one	1	many_to_one:1
ENSMUSG00000120641	NA	NA	ENSG00000250338	one_to_one	1	one_to_one:1
ENSMUSG00000120646	NA	NA	ENSG00000257817	many_to_one	1	many_to_one:1
ENSMUSG00000120655	NA	NA	ENSG00000228060	one_to_one	1	one_to_one:1
ENSMUSG00000120658	NA	NA	ENSG00000260385	one_to_one	1	one_to_one:1
ENSMUSG00000120660	NA	NA	ENSG00000288927	one_to_one	1	one_to_one:1
ENSMUSG00000120661	NA	NA	ENSG00000257551	many_to_one	1	many_to_one:1
ENSMUSG00000120663	NA	NA	ENSG00000247624	many_to_one	1	many_to_one:1
ENSMUSG00000120667	ENSCAFG00845026817	one_to_one	NA	NA	1	one_to_one:1
ENSMUSG00000120668	NA	NA	ENSG00000231265	one_to_one	1	one_to_one:1
ENSMUSG00000120672	ENSCAFG00845021189	one_to_one	NA	NA	1	one_to_one:1
ENSMUSG00000120673	NA	NA	ENSG00000290108	one_to_one	1	one_to_one:1
ENSMUSG00000120674	NA	NA	ENSG00000228590	many_to_one	1	many_to_one:1
ENSMUSG00000120676	NA	NA	ENSG00000212743	many_to_one	1	many_to_one:1
ENSMUSG00000120678	ENSCAFG00845003575;ENSCAFG00845003570	one_to_many	ENSG00000265400	one_to_one	2	one_to_many:1;one_to_one:1
ENSMUSG00000120691	NA	NA	ENSG00000249725;ENSG00000251011	many_to_many	1	many_to_many:1
ENSMUSG00000120692	NA	NA	ENSG00000289333	one_to_one	1	one_to_one:1
ENSMUSG00000120698	NA	NA	ENSG00000266933	one_to_one	1	one_to_one:1
ENSMUSG00000120700	NA	NA	ENSG00000287975;ENSG00000254777	one_to_many	1	one_to_many:1
ENSMUSG00000120706	ENSCAFG00845023947	one_to_one	NA	NA	1	one_to_one:1
ENSMUSG00000120708	NA	NA	ENSG00000283010	many_to_one	1	many_to_one:1
ENSMUSG00000120709	NA	NA	ENSG00000274015;ENSG00000258800	one_to_many	1	one_to_many:1
ENSMUSG00000120710	NA	NA	ENSG00000267582	one_to_one	1	one_to_one:1
ENSMUSG00000120711	NA	NA	ENSG00000270103;ENSG00000229388	one_to_many	1	one_to_many:1
ENSMUSG00000120715	NA	NA	ENSG00000285966	one_to_one	1	one_to_one:1
ENSMUSG00000120716	ENSCAFG00845001745	one_to_one	ENSG00000273010	one_to_one	2	one_to_one:2
ENSMUSG00000120717	NA	NA	ENSG00000260572	one_to_one	1	one_to_one:1
ENSMUSG00000120722	NA	NA	ENSG00000232519	one_to_one	1	one_to_one:1
ENSMUSG00000120726	ENSCAFG00845028902	one_to_one	NA	NA	1	one_to_one:1
ENSMUSG00000120743	NA	NA	ENSG00000230944	one_to_one	1	one_to_one:1
ENSMUSG00000120744	ENSCAFG00845024063	one_to_one	ENSG00000279277	one_to_one	2	one_to_one:2
ENSMUSG00000120751	ENSCAFG00845022159	one_to_one	ENSG00000230090;ENSG00000224128	one_to_many	2	one_to_many:1;one_to_one:1
ENSMUSG00000120756	NA	NA	ENSG00000266389;ENSG00000265975	one_to_many	1	one_to_many:1
ENSMUSG00000120758	NA	NA	ENSG00000236263	one_to_one	1	one_to_one:1
ENSMUSG00000120759	NA	NA	ENSG00000289101	one_to_one	1	one_to_one:1
ENSMUSG00000120764	NA	NA	ENSG00000235831	many_to_one	1	many_to_one:1
ENSMUSG00000120767	NA	NA	ENSG00000275481	one_to_one	1	one_to_one:1
ENSMUSG00000120773	NA	NA	ENSG00000227610	one_to_one	1	one_to_one:1
ENSMUSG00000120776	NA	NA	ENSG00000235880;ENSG00000183784	one_to_many	1	one_to_many:1
ENSMUSG00000120779	NA	NA	ENSG00000258346	one_to_one	1	one_to_one:1
ENSMUSG00000120787	NA	NA	ENSG00000288844;ENSG00000273162	one_to_many	1	one_to_many:1
ENSMUSG00000120792	NA	NA	ENSG00000246640	one_to_one	1	one_to_one:1
ENSMUSG00000120793	NA	NA	ENSG00000253671	one_to_one	1	one_to_one:1
ENSMUSG00000120795	NA	NA	ENSG00000257545;ENSG00000287957	one_to_many	1	one_to_many:1
ENSMUSG00000120797	ENSCAFG00845025799	one_to_one	NA	NA	1	one_to_one:1
ENSMUSG00000120804	NA	NA	ENSG00000223817;ENSG00000289362	one_to_many	1	one_to_many:1
ENSMUSG00000120805	NA	NA	ENSG00000271200	one_to_one	1	one_to_one:1
ENSMUSG00000120809	NA	NA	ENSG00000243818	one_to_one	1	one_to_one:1
ENSMUSG00000120814	NA	NA	ENSG00000269176;ENSG00000267811	one_to_many	1	one_to_many:1
ENSMUSG00000120815	NA	NA	ENSG00000250493	many_to_one	1	many_to_one:1
ENSMUSG00000120829	NA	NA	ENSG00000228288	one_to_one	1	one_to_one:1
ENSMUSG00000120831	NA	NA	ENSG00000234446	one_to_one	1	one_to_one:1
ENSMUSG00000120832	NA	NA	ENSG00000289018	many_to_one	1	many_to_one:1
ENSMUSG00000120834	NA	NA	ENSG00000229294	one_to_one	1	one_to_one:1
ENSMUSG00000120838	NA	NA	ENSG00000228340;ENSG00000176659	one_to_many	1	one_to_many:1
ENSMUSG00000120842	ENSCAFG00845002528	many_to_one	NA	NA	1	many_to_one:1
ENSMUSG00000120850	ENSCAFG00845010162	one_to_one	NA	NA	1	one_to_one:1
ENSMUSG00000120866	ENSCAFG00845010842;ENSCAFG00845010820	one_to_many	NA	NA	1	one_to_many:1
ENSMUSG00000120869	NA	NA	ENSG00000273783	one_to_one	1	one_to_one:1
ENSMUSG00000120872	NA	NA	ENSG00000276488	one_to_one	1	one_to_one:1
ENSMUSG00000120876	ENSCAFG00845030686	one_to_one	NA	NA	1	one_to_one:1
ENSMUSG00000120877	NA	NA	ENSG00000254718	one_to_one	1	one_to_one:1
ENSMUSG00000120881	NA	NA	ENSG00000226337	one_to_one	1	one_to_one:1
ENSMUSG00000120886	ENSCAFG00845020481	one_to_one	NA	NA	1	one_to_one:1
ENSMUSG00000120895	NA	NA	ENSG00000253567	one_to_one	1	one_to_one:1
ENSMUSG00000120902	NA	NA	ENSG00000286159	one_to_one	1	one_to_one:1
ENSMUSG00000120905	NA	NA	ENSG00000273091	one_to_one	1	one_to_one:1
ENSMUSG00000120908	NA	NA	ENSG00000286774	one_to_one	1	one_to_one:1
ENSMUSG00000120910	NA	NA	ENSG00000235185	one_to_one	1	one_to_one:1
ENSMUSG00000120914	NA	NA	ENSG00000227354	one_to_one	1	one_to_one:1
ENSMUSG00000120915	ENSCAFG00845012942;ENSCAFG00845012921	one_to_many	ENSG00000273344;ENSG00000273183;ENSG00000272760	one_to_many	2	one_to_many:2
ENSMUSG00000120923	NA	NA	ENSG00000273289;ENSG00000273145;ENSG00000241990	many_to_many_strict	1	many_to_many_strict:1
ENSMUSG00000120926	NA	NA	ENSG00000255045	one_to_one	1	one_to_one:1
ENSMUSG00000120927	NA	NA	ENSG00000231530	one_to_one	1	one_to_one:1
ENSMUSG00000120928	ENSCAFG00845018024	one_to_one	NA	NA	1	one_to_one:1
ENSMUSG00000120929	NA	NA	ENSG00000232183;ENSG00000226031	one_to_many	1	one_to_many:1
ENSMUSG00000120931	NA	NA	ENSG00000230881;ENSG00000287587	one_to_many	1	one_to_many:1
ENSMUSG00000120933	ENSCAFG00845012320;ENSCAFG00845012331	many_to_many_strict	NA	NA	1	many_to_many_strict:1
ENSMUSG00000120937	NA	NA	ENSG00000185186	many_to_one	1	many_to_one:1
ENSMUSG00000120938	NA	NA	ENSG00000258779;ENSG00000259817;ENSG00000261227;ENSG00000284675;ENSG00000260880;ENSG00000260848;ENSG00000283457;ENSG00000271009;ENSG00000259209	many_to_many	1	many_to_many:1
ENSMUSG00000120939	NA	NA	ENSG00000250592	many_to_one	1	many_to_one:1
ENSMUSG00000120940	NA	NA	ENSG00000288876	many_to_one	1	many_to_one:1
ENSMUSG00000120942	NA	NA	ENSG00000289599	one_to_one	1	one_to_one:1
ENSMUSG00000120943	NA	NA	ENSG00000286982	one_to_one	1	one_to_one:1
ENSMUSG00000120944	NA	NA	ENSG00000287296;ENSG00000267598	many_to_many_strict	1	many_to_many_strict:1
ENSMUSG00000120949	NA	NA	ENSG00000259065	many_to_one	1	many_to_one:1
ENSMUSG00000120953	NA	NA	ENSG00000255692	one_to_one	1	one_to_one:1
ENSMUSG00000120955	NA	NA	ENSG00000261826	one_to_one	1	one_to_one:1
ENSMUSG00000120959	NA	NA	ENSG00000247131	many_to_one	1	many_to_one:1
ENSMUSG00000120960	NA	NA	ENSG00000233849	one_to_one	1	one_to_one:1
ENSMUSG00000120962	NA	NA	ENSG00000286755;ENSG00000232832	one_to_many	1	one_to_many:1
ENSMUSG00000120963	NA	NA	ENSG00000226386	one_to_one	1	one_to_one:1
ENSMUSG00000120970	NA	NA	ENSG00000269439;ENSG00000269161	one_to_many	1	one_to_many:1
ENSMUSG00000120972	NA	NA	ENSG00000253389;ENSG00000289514	many_to_many_strict	1	many_to_many_strict:1
ENSMUSG00000120974	NA	NA	ENSG00000285603;ENSG00000250903	many_to_many_strict	1	many_to_many_strict:1
ENSMUSG00000120982	NA	NA	ENSG00000255173	one_to_one	1	one_to_one:1
ENSMUSG00000120990	NA	NA	ENSG00000287287	one_to_one	1	one_to_one:1
ENSMUSG00000120996	ENSCAFG00845016602	one_to_one	NA	NA	1	one_to_one:1
ENSMUSG00000120997	NA	NA	ENSG00000235530	one_to_one	1	one_to_one:1
ENSMUSG00000120999	NA	NA	ENSG00000265688;ENSG00000264769	one_to_many	1	one_to_many:1
ENSMUSG00000121002	NA	NA	ENSG00000235669	many_to_one	1	many_to_one:1
ENSMUSG00000121003	NA	NA	ENSG00000289974	one_to_one	1	one_to_one:1
ENSMUSG00000121006	NA	NA	ENSG00000288856	one_to_one	1	one_to_one:1
ENSMUSG00000121009	NA	NA	ENSG00000261113	many_to_one	1	many_to_one:1
ENSMUSG00000121010	NA	NA	ENSG00000278716;ENSG00000179219;ENSG00000260417;ENSG00000287787	many_to_many	1	many_to_many:1
ENSMUSG00000121011	NA	NA	ENSG00000290059	one_to_one	1	one_to_one:1
ENSMUSG00000121012	NA	NA	ENSG00000266824	one_to_one	1	one_to_one:1
ENSMUSG00000121017	NA	NA	ENSG00000248673	many_to_one	1	many_to_one:1
ENSMUSG00000121018	NA	NA	ENSG00000224613	one_to_one	1	one_to_one:1
ENSMUSG00000121019	NA	NA	ENSG00000269707	one_to_one	1	one_to_one:1
ENSMUSG00000121025	NA	NA	ENSG00000235351	one_to_one	1	one_to_one:1
ENSMUSG00000121026	ENSCAFG00845012320;ENSCAFG00845012331	many_to_many_strict	NA	NA	1	many_to_many_strict:1
ENSMUSG00000121031	NA	NA	ENSG00000257496	many_to_one	1	many_to_one:1
ENSMUSG00000121032	NA	NA	ENSG00000286852	many_to_one	1	many_to_one:1
ENSMUSG00000121033	NA	NA	ENSG00000228634	one_to_one	1	one_to_one:1
ENSMUSG00000121037	ENSCAFG00845010698	one_to_one	NA	NA	1	one_to_one:1
ENSMUSG00000121039	NA	NA	ENSG00000289912	one_to_one	1	one_to_one:1
ENSMUSG00000121046	NA	NA	ENSG00000270175	one_to_one	1	one_to_one:1
ENSMUSG00000121049	NA	NA	ENSG00000264750;ENSG00000264985	one_to_many	1	one_to_many:1
ENSMUSG00000121050	ENSCAFG00845019771	one_to_one	NA	NA	1	one_to_one:1
ENSMUSG00000121051	NA	NA	ENSG00000254699	one_to_one	1	one_to_one:1
ENSMUSG00000121060	NA	NA	ENSG00000249713	many_to_one	1	many_to_one:1
ENSMUSG00000121067	NA	NA	ENSG00000281756	one_to_one	1	one_to_one:1
ENSMUSG00000121070	NA	NA	ENSG00000230733	one_to_one	1	one_to_one:1
ENSMUSG00000121072	NA	NA	ENSG00000214401;ENSG00000262372	one_to_many	1	one_to_many:1
ENSMUSG00000121076	NA	NA	ENSG00000205682;ENSG00000289308	many_to_many_strict	1	many_to_many_strict:1
ENSMUSG00000121082	NA	NA	ENSG00000227484;ENSG00000279182	one_to_many	1	one_to_many:1
ENSMUSG00000121084	NA	NA	ENSG00000289067;ENSG00000260495	one_to_many	1	one_to_many:1
ENSMUSG00000121085	NA	NA	ENSG00000271270	many_to_one	1	many_to_one:1
ENSMUSG00000121086	NA	NA	ENSG00000287220	one_to_one	1	one_to_one:1
ENSMUSG00000121087	ENSCAFG00845025071	one_to_one	ENSG00000288886;ENSG00000289082	one_to_many	2	one_to_many:1;one_to_one:1
ENSMUSG00000121089	NA	NA	ENSG00000259627;ENSG00000259498	one_to_many	1	one_to_many:1
ENSMUSG00000121090	NA	NA	ENSG00000259523	one_to_one	1	one_to_one:1
ENSMUSG00000121092	ENSCAFG00845002857	one_to_one	NA	NA	1	one_to_one:1
ENSMUSG00000121094	NA	NA	ENSG00000231977;ENSG00000260416;ENSG00000286628	many_to_many	1	many_to_many:1
ENSMUSG00000121102	NA	NA	ENSG00000236088	many_to_one	1	many_to_one:1
ENSMUSG00000121103	NA	NA	ENSG00000270487;ENSG00000271265;ENSG00000271551;ENSG00000233044	one_to_many	1	one_to_many:1
ENSMUSG00000121106	NA	NA	ENSG00000249341;ENSG00000250930	many_to_many_strict	1	many_to_many_strict:1
ENSMUSG00000121109	NA	NA	ENSG00000288746	one_to_one	1	one_to_one:1
ENSMUSG00000121111	NA	NA	ENSG00000266708	one_to_one	1	one_to_one:1
ENSMUSG00000121114	NA	NA	ENSG00000287654	one_to_one	1	one_to_one:1
ENSMUSG00000121120	NA	NA	ENSG00000289865	one_to_one	1	one_to_one:1
ENSMUSG00000121124	NA	NA	ENSG00000231336;ENSG00000232696;ENSG00000228481	many_to_many	1	many_to_many:1
ENSMUSG00000121139	ENSCAFG00845004608	one_to_one	NA	NA	1	one_to_one:1
ENSMUSG00000121153	NA	NA	ENSG00000285627	one_to_one	1	one_to_one:1
ENSMUSG00000121158	NA	NA	ENSG00000260029;ENSG00000205414	one_to_many	1	one_to_many:1
ENSMUSG00000121159	NA	NA	ENSG00000287946;ENSG00000270124	many_to_many_strict	1	many_to_many_strict:1
ENSMUSG00000121162	NA	NA	ENSG00000249609;ENSG00000249623	many_to_many_strict	1	many_to_many_strict:1
ENSMUSG00000121167	ENSCAFG00845030254	one_to_one	ENSG00000257114;ENSG00000257164	one_to_many	2	one_to_many:1;one_to_one:1
ENSMUSG00000121169	NA	NA	ENSG00000258402	one_to_one	1	one_to_one:1
ENSMUSG00000121172	NA	NA	ENSG00000289019	one_to_one	1	one_to_one:1
ENSMUSG00000121177	NA	NA	ENSG00000229043	one_to_one	1	one_to_one:1
ENSMUSG00000121179	NA	NA	ENSG00000270953;ENSG00000286214	one_to_many	1	one_to_many:1
ENSMUSG00000121180	NA	NA	ENSG00000288910	one_to_one	1	one_to_one:1
ENSMUSG00000121184	NA	NA	ENSG00000267632;ENSG00000267222	one_to_many	1	one_to_many:1
ENSMUSG00000121187	NA	NA	ENSG00000254654	one_to_one	1	one_to_one:1
ENSMUSG00000121189	NA	NA	ENSG00000272750	one_to_one	1	one_to_one:1
ENSMUSG00000121190	NA	NA	ENSG00000255760	one_to_one	1	one_to_one:1
ENSMUSG00000121193	NA	NA	ENSG00000239677	many_to_one	1	many_to_one:1
ENSMUSG00000121195	NA	NA	ENSG00000259813	one_to_one	1	one_to_one:1
ENSMUSG00000121196	NA	NA	ENSG00000225978;ENSG00000287324	many_to_many	1	many_to_many:1
ENSMUSG00000121205	NA	NA	ENSG00000277855;ENSG00000274387;ENSG00000244203	one_to_many	1	one_to_many:1
ENSMUSG00000121206	NA	NA	ENSG00000230684;ENSG00000270755	one_to_many	1	one_to_many:1
ENSMUSG00000121207	NA	NA	ENSG00000259219;ENSG00000259356	one_to_many	1	one_to_many:1
ENSMUSG00000121208	NA	NA	ENSG00000287719	one_to_one	1	one_to_one:1
ENSMUSG00000121209	ENSCAFG00845011782	one_to_one	ENSG00000267262;ENSG00000267299	one_to_many	2	one_to_many:1;one_to_one:1
ENSMUSG00000121211	NA	NA	ENSG00000239705	one_to_one	1	one_to_one:1
ENSMUSG00000121212	ENSCAFG00845019631;ENSCAFG00845019779	one_to_many	NA	NA	1	one_to_many:1
ENSMUSG00000121213	NA	NA	ENSG00000234572;ENSG00000288986	one_to_many	1	one_to_many:1
ENSMUSG00000121216	NA	NA	ENSG00000245849	one_to_one	1	one_to_one:1
ENSMUSG00000121222	ENSCAFG00845004914	many_to_one	NA	NA	1	many_to_one:1
ENSMUSG00000121224	NA	NA	ENSG00000288577	one_to_one	1	one_to_one:1
ENSMUSG00000121226	NA	NA	ENSG00000262880	one_to_one	1	one_to_one:1
ENSMUSG00000121230	NA	NA	ENSG00000260852	one_to_one	1	one_to_one:1
ENSMUSG00000121234	NA	NA	ENSG00000230587	many_to_one	1	many_to_one:1
ENSMUSG00000121235	ENSCAFG00845011442	one_to_one	NA	NA	1	one_to_one:1
ENSMUSG00000121237	NA	NA	ENSG00000233791	one_to_one	1	one_to_one:1
ENSMUSG00000121238	NA	NA	ENSG00000286108	one_to_one	1	one_to_one:1
ENSMUSG00000121247	NA	NA	ENSG00000264558	many_to_one	1	many_to_one:1
ENSMUSG00000121253	NA	NA	ENSG00000254186	one_to_one	1	one_to_one:1
ENSMUSG00000121256	NA	NA	ENSG00000290093	one_to_one	1	one_to_one:1
ENSMUSG00000121261	NA	NA	ENSG00000286881;ENSG00000289528	one_to_many	1	one_to_many:1
ENSMUSG00000121262	NA	NA	ENSG00000259432	one_to_one	1	one_to_one:1
ENSMUSG00000121264	NA	NA	ENSG00000255521;ENSG00000255443	one_to_many	1	one_to_many:1
ENSMUSG00000121266	NA	NA	ENSG00000270019;ENSG00000228857	one_to_many	1	one_to_many:1
ENSMUSG00000121267	NA	NA	ENSG00000167046;ENSG00000276317;ENSG00000232803;ENSG00000277496	one_to_many	1	one_to_many:1
ENSMUSG00000121269	ENSCAFG00845013079	one_to_one	NA	NA	1	one_to_one:1
ENSMUSG00000121272	NA	NA	ENSG00000222007	many_to_one	1	many_to_one:1
ENSMUSG00000121275	NA	NA	ENSG00000224358	one_to_one	1	one_to_one:1
ENSMUSG00000121298	NA	NA	ENSG00000253220;ENSG00000253427;ENSG00000253530	one_to_many	1	one_to_many:1
ENSMUSG00000121315	NA	NA	ENSG00000291225	one_to_one	1	one_to_one:1
ENSMUSG00000121490	ENSCAFG00845009849	one_to_one	NA	NA	1	one_to_one:1
ENSMUSG00000121495	NA	NA	ENSG00000290817;ENSG00000270147	one_to_many	1	one_to_many:1
ENSMUSG00000121504	NA	NA	ENSG00000291067	one_to_one	1	one_to_one:1
