lncRNAid_Canis_lupus_familiaris	isTable_1_Mus_musculus	orthology_type_synteny_Mus_musculus	lncRNA_synteny_id_Mus_musculus	isTable_2_Mus_musculus	orthology_type_configuration_Mus_musculus	configuration_type_configuration_Mus_musculus	lncRNA_configuration_id_Mus_musculus	isTable_3_Mus_musculus
ENSCAFG00845020093	1	one_to_one	ENSMUSG00000085568	0	NA	NA	NA	1
ENSCAFG00845024529	1	one_to_one	ENSMUSG00000085284	1	one_to_one	lncgDivg	ENSMUSG00000085284	0
ENSCAFG00845000003	1	many_to_one	ENSMUSG00000095123	1	one_to_one	lncgDivg	ENSMUSG00000095123	0
ENSCAFG00845000005	1	many_to_one	ENSMUSG00000095123	0	NA	NA	NA	0
ENSCAFG00845000012	1	many_to_one	ENSMUSG00000112707	0	NA	NA	NA	1
ENSCAFG00845000015	1	many_to_one	ENSMUSG00000112707	0	NA	NA	NA	1
ENSCAFG00845000022	1	many_to_one	ENSMUSG00000118373	1	one_to_one	lincSS.up	ENSMUSG00000118373	1
ENSCAFG00845000023	1	many_to_one	ENSMUSG00000118373	0	NA	NA	NA	1
ENSCAFG00845000025	1	one_to_one	ENSMUSG00000099843	0	NA	NA	NA	1
ENSCAFG00845000035	1	one_to_one	ENSMUSG00000112469	0	NA	NA	NA	1
ENSCAFG00845000051	1	many_to_many_sameNumber	ENSMUSG00000118293;ENSMUSG00000118047;ENSMUSG00000118090	1	one_to_one	lincSS.up	ENSMUSG00000118090	1
ENSCAFG00845000053	1	many_to_many_sameNumber	ENSMUSG00000118293;ENSMUSG00000118047;ENSMUSG00000118090	0	NA	NA	NA	1
ENSCAFG00845000054	1	many_to_many_sameNumber	ENSMUSG00000118293;ENSMUSG00000118047;ENSMUSG00000118090	0	NA	NA	NA	1
ENSCAFG00845000049	1	one_to_one	ENSMUSG00000118086	0	NA	NA	NA	1
ENSCAFG00845000055	1	many_to_many_DifferentNumber	ENSMUSG00000118070;ENSMUSG00000120406	1	one_to_many	lncgDivg	ENSMUSG00000120406;ENSMUSG00000118070	1
ENSCAFG00845000059	1	many_to_many_DifferentNumber	ENSMUSG00000118070;ENSMUSG00000120406	0	NA	NA	NA	1
ENSCAFG00845000062	1	many_to_many_DifferentNumber	ENSMUSG00000118070;ENSMUSG00000120406	0	NA	NA	NA	1
ENSCAFG00845000057	1	one_to_one	ENSMUSG00000118379	0	NA	NA	NA	1
ENSCAFG00845000262	1	one_to_many	ENSMUSG00000098720;ENSMUSG00000118268;ENSMUSG00000118262;ENSMUSG00000117717;ENSMUSG00000118300;ENSMUSG00000118363;ENSMUSG00000118073;ENSMUSG00000118254;ENSMUSG00000117923;ENSMUSG00000118279	1	one_to_one	lncgDivg	ENSMUSG00000098720	0
ENSCAFG00845000300	1	one_to_one	ENSMUSG00000109165	1	one_to_one	lncgSS.dw	ENSMUSG00000109165	0
ENSCAFG00845000332	1	one_to_one	ENSMUSG00000116874	0	NA	NA	NA	1
ENSCAFG00845000622	1	one_to_many	ENSMUSG00000118339;ENSMUSG00000117976;ENSMUSG00000100430;ENSMUSG00000118333;ENSMUSG00000117993;ENSMUSG00000117715;ENSMUSG00000118060;ENSMUSG00000118175;ENSMUSG00000117658;ENSMUSG00000118200;ENSMUSG00000118024	0	NA	NA	NA	0
ENSCAFG00845000805	1	many_to_one	ENSMUSG00000117685	0	NA	NA	NA	1
ENSCAFG00845000810	1	many_to_one	ENSMUSG00000117685	0	NA	NA	NA	1
ENSCAFG00845000819	1	many_to_one	ENSMUSG00000117685	0	NA	NA	NA	1
ENSCAFG00845000824	1	many_to_one	ENSMUSG00000117685	1	one_to_one	lincDivg	ENSMUSG00000117685	1
ENSCAFG00845001860	1	one_to_one	ENSMUSG00000120425	1	one_to_one	lncgSS.dw	ENSMUSG00000120425	1
ENSCAFG00845002055	1	one_to_one	ENSMUSG00000078247	0	NA	NA	NA	1
ENSCAFG00845002554	1	one_to_many	ENSMUSG00000118028;ENSMUSG00000120532	0	NA	NA	NA	0
ENSCAFG00845002599	1	one_to_one	ENSMUSG00000099384	0	NA	NA	NA	0
ENSCAFG00845002705	1	one_to_one	ENSMUSG00000054006	0	NA	NA	NA	1
ENSCAFG00845002801	1	many_to_one	ENSMUSG00000097735	0	NA	NA	NA	1
ENSCAFG00845002804	1	many_to_one	ENSMUSG00000097735	0	NA	NA	NA	1
ENSCAFG00845002809	1	many_to_one	ENSMUSG00000097735	0	NA	NA	NA	1
ENSCAFG00845002795	1	many_to_one	ENSMUSG00000089952	0	NA	NA	NA	1
ENSCAFG00845002807	1	many_to_one	ENSMUSG00000089952	0	NA	NA	NA	1
ENSCAFG00845003214	1	one_to_one	ENSMUSG00000097101	1	one_to_one	lncgDivg	ENSMUSG00000097101	1
ENSCAFG00845004085	1	many_to_one	ENSMUSG00000090232	0	NA	NA	NA	1
ENSCAFG00845004102	1	many_to_one	ENSMUSG00000090232	0	NA	NA	NA	1
ENSCAFG00845004104	1	many_to_one	ENSMUSG00000090232	0	NA	NA	NA	0
ENSCAFG00845004120	1	many_to_one	ENSMUSG00000090232	0	NA	NA	NA	1
ENSCAFG00845004078	1	many_to_one	ENSMUSG00000089854	0	NA	NA	NA	1
ENSCAFG00845004093	1	many_to_one	ENSMUSG00000089854	0	NA	NA	NA	0
ENSCAFG00845004116	1	many_to_one	ENSMUSG00000089854	0	NA	NA	NA	1
ENSCAFG00845004216	1	one_to_one	ENSMUSG00000121231	0	NA	NA	NA	0
ENSCAFG00845004415	1	many_to_one	ENSMUSG00000117891	0	NA	NA	NA	1
ENSCAFG00845004418	1	many_to_one	ENSMUSG00000117891	0	NA	NA	NA	1
ENSCAFG00845004407	1	one_to_one	ENSMUSG00000120583	0	NA	NA	NA	1
ENSCAFG00845004943	1	one_to_many	ENSMUSG00000113257;ENSMUSG00000113203	0	NA	NA	NA	1
ENSCAFG00845005211	1	one_to_many	ENSMUSG00000109366;ENSMUSG00000120563;ENSMUSG00000120590	0	NA	NA	NA	1
ENSCAFG00845005246	1	one_to_one	ENSMUSG00000111227	0	NA	NA	NA	1
ENSCAFG00845005242	1	one_to_one	ENSMUSG00000111102	0	NA	NA	NA	1
ENSCAFG00845005394	1	one_to_one	ENSMUSG00000120178	1	one_to_one	lncgDivg	ENSMUSG00000111227	1
ENSCAFG00845005397	1	one_to_one	ENSMUSG00000111091	0	NA	NA	NA	0
ENSCAFG00845005409	1	many_to_many_sameNumber	ENSMUSG00000114384;ENSMUSG00000114231	0	NA	NA	NA	1
ENSCAFG00845005412	1	many_to_many_sameNumber	ENSMUSG00000114384;ENSMUSG00000114231	0	NA	NA	NA	1
ENSCAFG00845005404	1	one_to_one	ENSMUSG00000114808	0	NA	NA	NA	1
ENSCAFG00845007067	1	one_to_many	ENSMUSG00000112132;ENSMUSG00000112733	1	one_to_one	lincDivg	ENSMUSG00000112132	1
ENSCAFG00845010755	1	many_to_many_sameNumber	ENSMUSG00000117941;ENSMUSG00000118367	0	NA	NA	NA	1
ENSCAFG00845010764	1	many_to_many_sameNumber	ENSMUSG00000117941;ENSMUSG00000118367	0	NA	NA	NA	1
ENSCAFG00845013941	1	many_to_many_DifferentNumber	ENSMUSG00000112713;ENSMUSG00000112219;ENSMUSG00000112573	1	one_to_one	lincSS.dw	ENSMUSG00000112573	1
ENSCAFG00845013944	1	many_to_many_DifferentNumber	ENSMUSG00000112713;ENSMUSG00000112219;ENSMUSG00000112573	0	NA	NA	NA	1
ENSCAFG00845013950	1	many_to_many_DifferentNumber	ENSMUSG00000112713;ENSMUSG00000112219;ENSMUSG00000112573	0	NA	NA	NA	1
ENSCAFG00845013953	1	many_to_many_DifferentNumber	ENSMUSG00000112713;ENSMUSG00000112219;ENSMUSG00000112573	0	NA	NA	NA	1
ENSCAFG00845013964	1	many_to_many_DifferentNumber	ENSMUSG00000112713;ENSMUSG00000112219;ENSMUSG00000112573	0	NA	NA	NA	1
ENSCAFG00845013934	1	one_to_many	ENSMUSG00000112146;ENSMUSG00000101621;ENSMUSG00000112074;ENSMUSG00000112060;ENSMUSG00000109160	1	one_to_one	lincDivg	ENSMUSG00000101621	1
ENSCAFG00845022149	1	many_to_one	ENSMUSG00000086889	1	one_to_one	lncgDivg	ENSMUSG00000086889	1
ENSCAFG00845022168	1	many_to_one	ENSMUSG00000086889	0	NA	NA	NA	1
ENSCAFG00845000171	1	one_to_one	ENSMUSG00000073377	1	one_to_one	lncgDivg	ENSMUSG00000091160	1
ENSCAFG00845000183	1	many_to_one	ENSMUSG00000120541	0	NA	NA	NA	1
ENSCAFG00845000186	1	many_to_one	ENSMUSG00000120541	0	NA	NA	NA	1
ENSCAFG00845000192	1	many_to_one	ENSMUSG00000120541	0	NA	NA	NA	1
ENSCAFG00845000198	1	many_to_one	ENSMUSG00000120541	0	NA	NA	NA	1
ENSCAFG00845000264	1	many_to_many_DifferentNumber	ENSMUSG00000097023;ENSMUSG00000108616	1	one_to_one	lincConv	ENSMUSG00000108616	0
ENSCAFG00845004187	1	many_to_many_DifferentNumber	ENSMUSG00000097023;ENSMUSG00000108616	0	NA	NA	NA	0
ENSCAFG00845004193	1	many_to_many_DifferentNumber	ENSMUSG00000097023;ENSMUSG00000108616	1	one_to_one	lincDivg	ENSMUSG00000097023	0
ENSCAFG00845000235	1	many_to_many_DifferentNumber	ENSMUSG00000108373;ENSMUSG00000108776	0	NA	NA	NA	0
ENSCAFG00845000244	1	many_to_many_DifferentNumber	ENSMUSG00000108373;ENSMUSG00000108776	0	NA	NA	NA	0
ENSCAFG00845000253	1	many_to_many_DifferentNumber	ENSMUSG00000108373;ENSMUSG00000108776	1	one_to_one	lincSS.dw	ENSMUSG00000108373	0
ENSCAFG00845000739	1	one_to_many	ENSMUSG00000105503;ENSMUSG00000104784	0	NA	NA	NA	1
ENSCAFG00845000781	1	one_to_one	ENSMUSG00000105264	0	NA	NA	NA	1
ENSCAFG00845001762	1	one_to_one	ENSMUSG00000104846	0	NA	NA	NA	1
ENSCAFG00845002396	1	many_to_many_sameNumber	ENSMUSG00000106794;ENSMUSG00000106741	0	NA	NA	NA	0
ENSCAFG00845002400	1	many_to_many_sameNumber	ENSMUSG00000106794;ENSMUSG00000106741	0	NA	NA	NA	0
ENSCAFG00845003620	1	one_to_one	ENSMUSG00000108603	1	one_to_one	lncgConv	ENSMUSG00000108603	1
ENSCAFG00845003886	1	one_to_one	ENSMUSG00000097277	1	one_to_one	lncgConv	ENSMUSG00000097277	1
ENSCAFG00845004042	1	one_to_one	ENSMUSG00000054598	0	NA	NA	NA	0
ENSCAFG00845007929	1	many_to_one	ENSMUSG00000104847	0	NA	NA	NA	0
ENSCAFG00845007938	1	many_to_one	ENSMUSG00000104847	0	NA	NA	NA	0
ENSCAFG00845007946	1	many_to_one	ENSMUSG00000104847	0	NA	NA	NA	0
ENSCAFG00845007957	1	many_to_one	ENSMUSG00000104847	0	NA	NA	NA	0
ENSCAFG00845007977	1	many_to_one	ENSMUSG00000104847	0	NA	NA	NA	0
ENSCAFG00845007984	1	many_to_one	ENSMUSG00000104847	0	NA	NA	NA	0
ENSCAFG00845007991	1	many_to_one	ENSMUSG00000104847	0	NA	NA	NA	0
ENSCAFG00845007995	1	many_to_one	ENSMUSG00000104847	0	NA	NA	NA	0
ENSCAFG00845008018	1	many_to_one	ENSMUSG00000104847	0	NA	NA	NA	0
ENSCAFG00845008024	1	many_to_one	ENSMUSG00000104847	0	NA	NA	NA	0
ENSCAFG00845008031	1	many_to_one	ENSMUSG00000104847	0	NA	NA	NA	0
ENSCAFG00845008038	1	many_to_one	ENSMUSG00000104847	0	NA	NA	NA	0
ENSCAFG00845008049	1	many_to_one	ENSMUSG00000104847	0	NA	NA	NA	0
ENSCAFG00845008057	1	many_to_one	ENSMUSG00000104847	0	NA	NA	NA	0
ENSCAFG00845008063	1	many_to_one	ENSMUSG00000104847	0	NA	NA	NA	0
ENSCAFG00845008070	1	many_to_one	ENSMUSG00000104847	0	NA	NA	NA	0
ENSCAFG00845008082	1	many_to_one	ENSMUSG00000104847	0	NA	NA	NA	0
ENSCAFG00845008696	1	one_to_many	ENSMUSG00000113598;ENSMUSG00000112934;ENSMUSG00000113904	0	NA	NA	NA	0
ENSCAFG00845009076	1	one_to_one	ENSMUSG00000114014	0	NA	NA	NA	1
ENSCAFG00845009817	1	many_to_one	ENSMUSG00000090033	0	NA	NA	NA	1
ENSCAFG00845009829	1	many_to_one	ENSMUSG00000090033	0	NA	NA	NA	1
ENSCAFG00845009844	1	many_to_one	ENSMUSG00000090033	0	NA	NA	NA	1
ENSCAFG00845009859	1	many_to_one	ENSMUSG00000090033	0	NA	NA	NA	1
ENSCAFG00845012817	1	one_to_one	ENSMUSG00000106688	1	one_to_one	lincSS.up	ENSMUSG00000106688	0
ENSCAFG00845015649	1	many_to_many_DifferentNumber	ENSMUSG00000114632;ENSMUSG00000114639;ENSMUSG00000114522;ENSMUSG00000114594;ENSMUSG00000101416;ENSMUSG00000087143	1	one_to_one	lncgDivg	ENSMUSG00000087143	0
ENSCAFG00845015672	1	many_to_many_DifferentNumber	ENSMUSG00000114632;ENSMUSG00000114639;ENSMUSG00000114522;ENSMUSG00000114594;ENSMUSG00000101416;ENSMUSG00000087143	0	NA	NA	NA	0
ENSCAFG00845015971	1	many_to_many_DifferentNumber	ENSMUSG00000114632;ENSMUSG00000114639;ENSMUSG00000114522;ENSMUSG00000114594;ENSMUSG00000101416;ENSMUSG00000087143	0	NA	NA	NA	0
ENSCAFG00845015690	1	many_to_one	ENSMUSG00000100168	0	NA	NA	NA	0
ENSCAFG00845015702	1	many_to_one	ENSMUSG00000100168	0	NA	NA	NA	0
ENSCAFG00845015844	1	many_to_one	ENSMUSG00000100168	0	NA	NA	NA	0
ENSCAFG00845015911	1	many_to_one	ENSMUSG00000100168	0	NA	NA	NA	0
ENSCAFG00845016888	1	one_to_many	ENSMUSG00000114461;ENSMUSG00000114372	0	NA	NA	NA	0
ENSCAFG00845017914	1	many_to_many_DifferentNumber	ENSMUSG00000100891;ENSMUSG00000050334	1	one_to_one	lincSS.dw	ENSMUSG00000050334	1
ENSCAFG00845018034	1	many_to_many_DifferentNumber	ENSMUSG00000100891;ENSMUSG00000050334	0	NA	NA	NA	1
ENSCAFG00845018068	1	many_to_many_DifferentNumber	ENSMUSG00000100891;ENSMUSG00000050334	0	NA	NA	NA	1
ENSCAFG00845017881	1	many_to_many_DifferentNumber	ENSMUSG00000097292;ENSMUSG00000097265;ENSMUSG00000114379;ENSMUSG00000098087	1	many_to_one	lincConv	ENSMUSG00000097265	1
ENSCAFG00845018016	1	many_to_many_DifferentNumber	ENSMUSG00000097292;ENSMUSG00000097265;ENSMUSG00000114379;ENSMUSG00000098087	1	many_to_one	lincConv	ENSMUSG00000097265	1
ENSCAFG00845018054	1	many_to_many_DifferentNumber	ENSMUSG00000097292;ENSMUSG00000097265;ENSMUSG00000114379;ENSMUSG00000098087	1	one_to_one	lncgDivg	ENSMUSG00000097292	1
ENSCAFG00845020702	1	one_to_many	ENSMUSG00000114541;ENSMUSG00000114204	0	NA	NA	NA	1
ENSCAFG00845002623	1	one_to_one	ENSMUSG00000111862	1	one_to_one	lncgSS.dw	ENSMUSG00000111862	1
ENSCAFG00845002749	1	many_to_many_sameNumber	ENSMUSG00000110682;ENSMUSG00000110716;ENSMUSG00000110523	1	many_to_many_strict	lincDivg	ENSMUSG00000110682;ENSMUSG00000110523	1
ENSCAFG00845002775	1	many_to_many_sameNumber	ENSMUSG00000110682;ENSMUSG00000110716;ENSMUSG00000110523	1	many_to_many_strict	lincDivg	ENSMUSG00000110682;ENSMUSG00000110523	1
ENSCAFG00845002793	1	many_to_many_sameNumber	ENSMUSG00000110682;ENSMUSG00000110716;ENSMUSG00000110523	0	NA	NA	NA	1
ENSCAFG00845002758	1	many_to_one	ENSMUSG00000090174	0	NA	NA	NA	1
ENSCAFG00845002788	1	many_to_one	ENSMUSG00000090174	0	NA	NA	NA	1
ENSCAFG00845002911	1	one_to_one	ENSMUSG00000085926	1	one_to_one	lincSS.up	ENSMUSG00000085926	0
ENSCAFG00845003019	1	one_to_one	ENSMUSG00000084967	0	NA	NA	NA	1
ENSCAFG00845003485	1	one_to_one	ENSMUSG00000121107	0	NA	NA	NA	1
ENSCAFG00845004332	1	one_to_one	ENSMUSG00000121159	0	NA	NA	NA	1
ENSCAFG00845004336	1	one_to_many	ENSMUSG00000097983;ENSMUSG00000121010	0	NA	NA	NA	1
ENSCAFG00845004406	1	many_to_many_DifferentNumber	ENSMUSG00000111126;ENSMUSG00000110864;ENSMUSG00000110802;ENSMUSG00000110767;ENSMUSG00000111649;ENSMUSG00000111800;ENSMUSG00000111236;ENSMUSG00000099696;ENSMUSG00000094893	0	NA	NA	NA	1
ENSCAFG00845004445	1	many_to_many_DifferentNumber	ENSMUSG00000111126;ENSMUSG00000110864;ENSMUSG00000110802;ENSMUSG00000110767;ENSMUSG00000111649;ENSMUSG00000111800;ENSMUSG00000111236;ENSMUSG00000099696;ENSMUSG00000094893	0	NA	NA	NA	1
ENSCAFG00845004460	1	many_to_many_DifferentNumber	ENSMUSG00000111126;ENSMUSG00000110864;ENSMUSG00000110802;ENSMUSG00000110767;ENSMUSG00000111649;ENSMUSG00000111800;ENSMUSG00000111236;ENSMUSG00000099696;ENSMUSG00000094893	0	NA	NA	NA	1
ENSCAFG00845004463	1	many_to_many_DifferentNumber	ENSMUSG00000111126;ENSMUSG00000110864;ENSMUSG00000110802;ENSMUSG00000110767;ENSMUSG00000111649;ENSMUSG00000111800;ENSMUSG00000111236;ENSMUSG00000099696;ENSMUSG00000094893	0	NA	NA	NA	1
ENSCAFG00845004383	1	many_to_many_DifferentNumber	ENSMUSG00000097463;ENSMUSG00000111115;ENSMUSG00000109844;ENSMUSG00000119966;ENSMUSG00000111482;ENSMUSG00000111669	0	NA	NA	NA	1
ENSCAFG00845004392	1	many_to_many_DifferentNumber	ENSMUSG00000097463;ENSMUSG00000111115;ENSMUSG00000109844;ENSMUSG00000119966;ENSMUSG00000111482;ENSMUSG00000111669	0	NA	NA	NA	1
ENSCAFG00845004416	1	many_to_many_DifferentNumber	ENSMUSG00000097463;ENSMUSG00000111115;ENSMUSG00000109844;ENSMUSG00000119966;ENSMUSG00000111482;ENSMUSG00000111669	0	NA	NA	NA	1
ENSCAFG00845004419	1	many_to_many_DifferentNumber	ENSMUSG00000097463;ENSMUSG00000111115;ENSMUSG00000109844;ENSMUSG00000119966;ENSMUSG00000111482;ENSMUSG00000111669	0	NA	NA	NA	1
ENSCAFG00845004425	1	many_to_many_DifferentNumber	ENSMUSG00000097463;ENSMUSG00000111115;ENSMUSG00000109844;ENSMUSG00000119966;ENSMUSG00000111482;ENSMUSG00000111669	0	NA	NA	NA	1
ENSCAFG00845004427	1	many_to_many_DifferentNumber	ENSMUSG00000097463;ENSMUSG00000111115;ENSMUSG00000109844;ENSMUSG00000119966;ENSMUSG00000111482;ENSMUSG00000111669	0	NA	NA	NA	1
ENSCAFG00845004431	1	many_to_many_DifferentNumber	ENSMUSG00000097463;ENSMUSG00000111115;ENSMUSG00000109844;ENSMUSG00000119966;ENSMUSG00000111482;ENSMUSG00000111669	0	NA	NA	NA	1
ENSCAFG00845004433	1	many_to_many_DifferentNumber	ENSMUSG00000097463;ENSMUSG00000111115;ENSMUSG00000109844;ENSMUSG00000119966;ENSMUSG00000111482;ENSMUSG00000111669	0	NA	NA	NA	1
ENSCAFG00845004437	1	many_to_many_DifferentNumber	ENSMUSG00000097463;ENSMUSG00000111115;ENSMUSG00000109844;ENSMUSG00000119966;ENSMUSG00000111482;ENSMUSG00000111669	0	NA	NA	NA	1
ENSCAFG00845004442	1	many_to_many_DifferentNumber	ENSMUSG00000097463;ENSMUSG00000111115;ENSMUSG00000109844;ENSMUSG00000119966;ENSMUSG00000111482;ENSMUSG00000111669	0	NA	NA	NA	1
ENSCAFG00845004447	1	many_to_many_DifferentNumber	ENSMUSG00000097463;ENSMUSG00000111115;ENSMUSG00000109844;ENSMUSG00000119966;ENSMUSG00000111482;ENSMUSG00000111669	0	NA	NA	NA	1
ENSCAFG00845004450	1	many_to_many_DifferentNumber	ENSMUSG00000097463;ENSMUSG00000111115;ENSMUSG00000109844;ENSMUSG00000119966;ENSMUSG00000111482;ENSMUSG00000111669	0	NA	NA	NA	1
ENSCAFG00845004453	1	many_to_many_DifferentNumber	ENSMUSG00000097463;ENSMUSG00000111115;ENSMUSG00000109844;ENSMUSG00000119966;ENSMUSG00000111482;ENSMUSG00000111669	0	NA	NA	NA	1
ENSCAFG00845004457	1	many_to_many_DifferentNumber	ENSMUSG00000097463;ENSMUSG00000111115;ENSMUSG00000109844;ENSMUSG00000119966;ENSMUSG00000111482;ENSMUSG00000111669	0	NA	NA	NA	1
ENSCAFG00845004608	1	one_to_one	ENSMUSG00000121139	1	one_to_one	lncgSS.dw	ENSMUSG00000121139	1
ENSCAFG00845005402	1	one_to_one	ENSMUSG00000097409	0	NA	NA	NA	1
ENSCAFG00845005882	1	many_to_one	ENSMUSG00000087531	0	NA	NA	NA	0
ENSCAFG00845005901	1	many_to_one	ENSMUSG00000087531	0	NA	NA	NA	0
ENSCAFG00845005893	1	one_to_one	ENSMUSG00000110741	0	NA	NA	NA	0
ENSCAFG00845006429	1	one_to_one	ENSMUSG00000097701	1	one_to_one	lncgConv	ENSMUSG00000097701	1
ENSCAFG00845006993	1	many_to_one	ENSMUSG00000086136	0	NA	NA	NA	1
ENSCAFG00845007055	1	many_to_one	ENSMUSG00000086136	0	NA	NA	NA	1
ENSCAFG00845007388	1	many_to_one	ENSMUSG00000086136	0	NA	NA	NA	1
ENSCAFG00845007461	1	many_to_one	ENSMUSG00000086136	0	NA	NA	NA	1
ENSCAFG00845007019	1	many_to_one	ENSMUSG00000087482	0	NA	NA	NA	1
ENSCAFG00845007031	1	many_to_one	ENSMUSG00000087482	0	NA	NA	NA	1
ENSCAFG00845007042	1	many_to_one	ENSMUSG00000087482	0	NA	NA	NA	1
ENSCAFG00845007069	1	many_to_one	ENSMUSG00000087482	0	NA	NA	NA	1
ENSCAFG00845007080	1	many_to_one	ENSMUSG00000087482	0	NA	NA	NA	1
ENSCAFG00845007093	1	many_to_one	ENSMUSG00000087482	0	NA	NA	NA	1
ENSCAFG00845007101	1	many_to_one	ENSMUSG00000087482	0	NA	NA	NA	1
ENSCAFG00845007116	1	many_to_one	ENSMUSG00000087482	0	NA	NA	NA	1
ENSCAFG00845007133	1	many_to_one	ENSMUSG00000087482	0	NA	NA	NA	1
ENSCAFG00845007141	1	many_to_one	ENSMUSG00000087482	0	NA	NA	NA	1
ENSCAFG00845007157	1	many_to_one	ENSMUSG00000087482	0	NA	NA	NA	1
ENSCAFG00845007170	1	many_to_one	ENSMUSG00000087482	0	NA	NA	NA	1
ENSCAFG00845007178	1	many_to_one	ENSMUSG00000087482	0	NA	NA	NA	1
ENSCAFG00845007187	1	many_to_one	ENSMUSG00000087482	0	NA	NA	NA	1
ENSCAFG00845007209	1	many_to_one	ENSMUSG00000087482	0	NA	NA	NA	1
ENSCAFG00845007223	1	many_to_one	ENSMUSG00000087482	0	NA	NA	NA	1
ENSCAFG00845007240	1	many_to_one	ENSMUSG00000087482	0	NA	NA	NA	1
ENSCAFG00845007252	1	many_to_one	ENSMUSG00000087482	0	NA	NA	NA	1
ENSCAFG00845007268	1	many_to_one	ENSMUSG00000087482	0	NA	NA	NA	1
ENSCAFG00845007278	1	many_to_one	ENSMUSG00000087482	0	NA	NA	NA	1
ENSCAFG00845007285	1	many_to_one	ENSMUSG00000087482	0	NA	NA	NA	1
ENSCAFG00845007312	1	many_to_one	ENSMUSG00000087482	0	NA	NA	NA	1
ENSCAFG00845007323	1	many_to_one	ENSMUSG00000087482	0	NA	NA	NA	1
ENSCAFG00845007333	1	many_to_one	ENSMUSG00000087482	0	NA	NA	NA	1
ENSCAFG00845007344	1	many_to_one	ENSMUSG00000087482	0	NA	NA	NA	1
ENSCAFG00845007357	1	many_to_one	ENSMUSG00000087482	0	NA	NA	NA	1
ENSCAFG00845007370	1	many_to_one	ENSMUSG00000087482	0	NA	NA	NA	1
ENSCAFG00845007401	1	many_to_one	ENSMUSG00000087482	0	NA	NA	NA	1
ENSCAFG00845007417	1	many_to_one	ENSMUSG00000087482	0	NA	NA	NA	1
ENSCAFG00845007424	1	many_to_one	ENSMUSG00000087482	0	NA	NA	NA	1
ENSCAFG00845007483	1	many_to_one	ENSMUSG00000087482	0	NA	NA	NA	1
ENSCAFG00845007493	1	many_to_one	ENSMUSG00000087482	0	NA	NA	NA	1
ENSCAFG00845007504	1	many_to_one	ENSMUSG00000087482	0	NA	NA	NA	1
ENSCAFG00845007516	1	many_to_one	ENSMUSG00000087482	0	NA	NA	NA	1
ENSCAFG00845007527	1	many_to_one	ENSMUSG00000087482	0	NA	NA	NA	1
ENSCAFG00845007536	1	many_to_one	ENSMUSG00000087482	0	NA	NA	NA	1
ENSCAFG00845007547	1	many_to_one	ENSMUSG00000087482	0	NA	NA	NA	1
ENSCAFG00845007562	1	many_to_one	ENSMUSG00000087482	0	NA	NA	NA	1
ENSCAFG00845007579	1	many_to_one	ENSMUSG00000087482	0	NA	NA	NA	1
ENSCAFG00845007595	1	many_to_one	ENSMUSG00000087482	1	many_to_one	lincDivg	ENSMUSG00000087482	1
ENSCAFG00845007606	1	many_to_one	ENSMUSG00000087482	1	many_to_one	lincDivg	ENSMUSG00000087482	1
ENSCAFG00845013503	1	many_to_one	ENSMUSG00000087482	1	many_to_one	lincDivg	ENSMUSG00000087482	1
ENSCAFG00845013508	1	many_to_one	ENSMUSG00000087482	1	many_to_one	lincDivg	ENSMUSG00000087482	1
ENSCAFG00845013510	1	many_to_one	ENSMUSG00000087482	1	many_to_one	lincDivg	ENSMUSG00000087482	1
ENSCAFG00845013519	1	many_to_one	ENSMUSG00000087482	1	many_to_one	lincDivg	ENSMUSG00000087482	1
ENSCAFG00845013523	1	many_to_one	ENSMUSG00000087482	1	many_to_one	lincDivg	ENSMUSG00000087482	1
ENSCAFG00845013530	1	many_to_one	ENSMUSG00000087482	1	many_to_one	lincDivg	ENSMUSG00000087482	1
ENSCAFG00845013537	1	many_to_one	ENSMUSG00000087482	1	many_to_one	lincDivg	ENSMUSG00000087482	1
ENSCAFG00845013538	1	many_to_one	ENSMUSG00000087482	1	many_to_one	lincDivg	ENSMUSG00000087482	1
ENSCAFG00845013543	1	many_to_one	ENSMUSG00000087482	0	NA	NA	NA	1
ENSCAFG00845008701	1	many_to_one	ENSMUSG00000110625	1	many_to_one	lincSS.up	ENSMUSG00000110625	0
ENSCAFG00845008709	1	many_to_one	ENSMUSG00000110625	1	many_to_one	lincSS.up	ENSMUSG00000110625	0
ENSCAFG00845009272	1	many_to_one	ENSMUSG00000053889	0	NA	NA	NA	1
ENSCAFG00845009285	1	many_to_one	ENSMUSG00000053889	0	NA	NA	NA	1
ENSCAFG00845009867	1	one_to_one	ENSMUSG00000085464	0	NA	NA	NA	1
ENSCAFG00845011462	1	one_to_one	ENSMUSG00000111439	0	NA	NA	NA	1
ENSCAFG00845012137	1	one_to_many	ENSMUSG00000109848;ENSMUSG00000110340;ENSMUSG00000109699;ENSMUSG00000110053;ENSMUSG00000120064	1	one_to_one	lncgDivg	ENSMUSG00000110053	0
ENSCAFG00845012148	1	one_to_many	ENSMUSG00000109701;ENSMUSG00000110336	0	NA	NA	NA	0
ENSCAFG00845013575	1	one_to_one	ENSMUSG00000087456	0	NA	NA	NA	1
ENSCAFG00845013786	1	many_to_many_sameNumber	ENSMUSG00000110749;ENSMUSG00000120815	0	NA	NA	NA	1
ENSCAFG00845013796	1	many_to_many_sameNumber	ENSMUSG00000110749;ENSMUSG00000120815	0	NA	NA	NA	1
ENSCAFG00845014353	1	one_to_many	ENSMUSG00000110823;ENSMUSG00000100836;ENSMUSG00000110988	0	NA	NA	NA	1
ENSCAFG00845014420	1	one_to_many	ENSMUSG00000111758;ENSMUSG00000111637;ENSMUSG00000111229	1	one_to_many	lincDivg	ENSMUSG00000111637;ENSMUSG00000111758	1
ENSCAFG00845016053	1	one_to_many	ENSMUSG00000085549;ENSMUSG00000087195;ENSMUSG00000087289	0	NA	NA	NA	0
ENSCAFG00845016240	1	one_to_one	ENSMUSG00000098196	1	one_to_one	lncgConv	ENSMUSG00000098196	1
ENSCAFG00845021276	1	many_to_many_DifferentNumber	ENSMUSG00000090217;ENSMUSG00000089723;ENSMUSG00000089797	0	NA	NA	NA	1
ENSCAFG00845021288	1	many_to_many_DifferentNumber	ENSMUSG00000090217;ENSMUSG00000089723;ENSMUSG00000089797	0	NA	NA	NA	1
ENSCAFG00845021302	1	many_to_many_DifferentNumber	ENSMUSG00000090217;ENSMUSG00000089723;ENSMUSG00000089797	0	NA	NA	NA	1
ENSCAFG00845021315	1	many_to_many_DifferentNumber	ENSMUSG00000090217;ENSMUSG00000089723;ENSMUSG00000089797	0	NA	NA	NA	1
ENSCAFG00845021333	1	many_to_many_DifferentNumber	ENSMUSG00000090217;ENSMUSG00000089723;ENSMUSG00000089797	0	NA	NA	NA	1
ENSCAFG00845021346	1	many_to_many_DifferentNumber	ENSMUSG00000090217;ENSMUSG00000089723;ENSMUSG00000089797	0	NA	NA	NA	1
ENSCAFG00845021376	1	many_to_many_DifferentNumber	ENSMUSG00000090217;ENSMUSG00000089723;ENSMUSG00000089797	0	NA	NA	NA	1
ENSCAFG00845021260	1	many_to_one	ENSMUSG00000110592	1	many_to_one	lincConv	ENSMUSG00000110592	1
ENSCAFG00845021337	1	many_to_one	ENSMUSG00000110592	1	many_to_one	lincConv	ENSMUSG00000110592	1
ENSCAFG00845021356	1	many_to_one	ENSMUSG00000110592	1	many_to_one	lincConv	ENSMUSG00000110592	1
ENSCAFG00845021365	1	many_to_one	ENSMUSG00000110592	1	many_to_one	lincConv	ENSMUSG00000110592	1
ENSCAFG00845021391	1	many_to_one	ENSMUSG00000110592	1	many_to_one	lincConv	ENSMUSG00000110592	1
ENSCAFG00845024179	1	many_to_one	ENSMUSG00000085260	0	NA	NA	NA	1
ENSCAFG00845024199	1	many_to_one	ENSMUSG00000085260	0	NA	NA	NA	1
ENSCAFG00845024153	1	many_to_many_sameNumber	ENSMUSG00000084766;ENSMUSG00000085551	1	many_to_one	lincSS.dw	ENSMUSG00000084766	1
ENSCAFG00845024165	1	many_to_many_sameNumber	ENSMUSG00000084766;ENSMUSG00000085551	1	many_to_one	lincSS.dw	ENSMUSG00000084766	1
ENSCAFG00845027520	1	one_to_one	ENSMUSG00000085097	1	one_to_one	lincSS.up	ENSMUSG00000085097	1
ENSCAFG00845027586	1	one_to_one	ENSMUSG00000085213	0	NA	NA	NA	1
ENSCAFG00845028737	1	many_to_one	ENSMUSG00000086665	0	NA	NA	NA	0
ENSCAFG00845028763	1	many_to_one	ENSMUSG00000086665	0	NA	NA	NA	0
ENSCAFG00845029115	1	one_to_one	ENSMUSG00000086949	1	one_to_one	lncgConv	ENSMUSG00000086949	1
ENSCAFG00845000325	1	many_to_many_DifferentNumber	ENSMUSG00000112141;ENSMUSG00000112619	0	NA	NA	NA	1
ENSCAFG00845003338	1	many_to_many_DifferentNumber	ENSMUSG00000112141;ENSMUSG00000112619	0	NA	NA	NA	1
ENSCAFG00845003344	1	many_to_many_DifferentNumber	ENSMUSG00000112141;ENSMUSG00000112619	0	NA	NA	NA	1
ENSCAFG00845003351	1	many_to_many_DifferentNumber	ENSMUSG00000112141;ENSMUSG00000112619	0	NA	NA	NA	1
ENSCAFG00845003363	1	many_to_many_DifferentNumber	ENSMUSG00000112141;ENSMUSG00000112619	0	NA	NA	NA	1
ENSCAFG00845003341	1	many_to_many_sameNumber	ENSMUSG00000112558;ENSMUSG00000116971;ENSMUSG00000112097	1	many_to_one	lincConv	ENSMUSG00000116971	1
ENSCAFG00845003356	1	many_to_many_sameNumber	ENSMUSG00000112558;ENSMUSG00000116971;ENSMUSG00000112097	1	many_to_one	lincConv	ENSMUSG00000116971	1
ENSCAFG00845003358	1	many_to_many_sameNumber	ENSMUSG00000112558;ENSMUSG00000116971;ENSMUSG00000112097	1	many_to_one	lincConv	ENSMUSG00000116971	1
ENSCAFG00845000583	1	one_to_one	ENSMUSG00000120364	0	NA	NA	NA	1
ENSCAFG00845000726	1	many_to_one	ENSMUSG00000120185	0	NA	NA	NA	0
ENSCAFG00845000738	1	many_to_one	ENSMUSG00000120185	0	NA	NA	NA	0
ENSCAFG00845001024	1	many_to_one	ENSMUSG00000084889	0	NA	NA	NA	1
ENSCAFG00845001032	1	many_to_one	ENSMUSG00000084889	0	NA	NA	NA	1
ENSCAFG00845001039	1	many_to_one	ENSMUSG00000084889	1	one_to_one	lincConv	ENSMUSG00000084889	1
ENSCAFG00845001020	1	one_to_many	ENSMUSG00000085533;ENSMUSG00000086791;ENSMUSG00000086170	0	NA	NA	NA	1
ENSCAFG00845001502	1	one_to_many	ENSMUSG00000087089;ENSMUSG00000086686	1	one_to_one	lincSS.up	ENSMUSG00000086686	0
ENSCAFG00845001652	1	many_to_many_sameNumber	ENSMUSG00000115076;ENSMUSG00000115585	0	NA	NA	NA	0
ENSCAFG00845001660	1	many_to_many_sameNumber	ENSMUSG00000115076;ENSMUSG00000115585	0	NA	NA	NA	0
ENSCAFG00845003238	1	many_to_one	ENSMUSG00000086838	0	NA	NA	NA	1
ENSCAFG00845003247	1	many_to_one	ENSMUSG00000086838	0	NA	NA	NA	1
ENSCAFG00845003316	1	many_to_many_DifferentNumber	ENSMUSG00000115729;ENSMUSG00000056089	1	one_to_many	lncgDivg	ENSMUSG00000115729;ENSMUSG00000056089	0
ENSCAFG00845003320	1	many_to_many_DifferentNumber	ENSMUSG00000115729;ENSMUSG00000056089	0	NA	NA	NA	0
ENSCAFG00845003327	1	many_to_many_DifferentNumber	ENSMUSG00000115729;ENSMUSG00000056089	0	NA	NA	NA	0
ENSCAFG00845003330	1	many_to_many_DifferentNumber	ENSMUSG00000115729;ENSMUSG00000056089	0	NA	NA	NA	0
ENSCAFG00845003313	1	many_to_many_DifferentNumber	ENSMUSG00000115850;ENSMUSG00000115204	1	one_to_one	lncgSS.up	ENSMUSG00000115850	0
ENSCAFG00845003324	1	many_to_many_DifferentNumber	ENSMUSG00000115850;ENSMUSG00000115204	0	NA	NA	NA	0
ENSCAFG00845003337	1	many_to_many_DifferentNumber	ENSMUSG00000115850;ENSMUSG00000115204	0	NA	NA	NA	0
ENSCAFG00845005001	1	one_to_one	ENSMUSG00000086028	1	one_to_one	lincSS.dw	ENSMUSG00000086028	1
ENSCAFG00845005079	1	one_to_many	ENSMUSG00000086460;ENSMUSG00000086020	0	NA	NA	NA	0
ENSCAFG00845006535	1	one_to_many	ENSMUSG00000115451;ENSMUSG00000120050;ENSMUSG00000115007	1	one_to_one	lncgDivg	ENSMUSG00000115007	1
ENSCAFG00845006525	1	one_to_many	ENSMUSG00000115509;ENSMUSG00000115575	0	NA	NA	NA	1
ENSCAFG00845009524	1	one_to_many	ENSMUSG00000097324;ENSMUSG00000120623	1	one_to_many	lincDivg	ENSMUSG00000120623;ENSMUSG00000097324	1
ENSCAFG00845014449	1	many_to_one	ENSMUSG00000114922	0	NA	NA	NA	0
ENSCAFG00845014528	1	many_to_one	ENSMUSG00000114922	0	NA	NA	NA	0
ENSCAFG00845015719	1	many_to_many_DifferentNumber	ENSMUSG00000093556;ENSMUSG00000093528;ENSMUSG00000093383;ENSMUSG00000101261	0	NA	NA	NA	1
ENSCAFG00845015727	1	many_to_many_DifferentNumber	ENSMUSG00000093556;ENSMUSG00000093528;ENSMUSG00000093383;ENSMUSG00000101261	1	one_to_many	lncgDivg	ENSMUSG00000093556;ENSMUSG00000093383;ENSMUSG00000093528	1
ENSCAFG00845000364	1	many_to_one	ENSMUSG00000113543	0	NA	NA	NA	0
ENSCAFG00845000368	1	many_to_one	ENSMUSG00000113543	1	one_to_one	lincDivg	ENSMUSG00000113543	0
ENSCAFG00845000396	1	one_to_one	ENSMUSG00000100410	0	NA	NA	NA	1
ENSCAFG00845000465	1	one_to_one	ENSMUSG00000114458	0	NA	NA	NA	0
ENSCAFG00845000772	1	one_to_one	ENSMUSG00000085574	0	NA	NA	NA	1
ENSCAFG00845000985	1	many_to_many_DifferentNumber	ENSMUSG00000087079;ENSMUSG00000099424;ENSMUSG00000085580;ENSMUSG00000079604	1	one_to_one	lincDivg	ENSMUSG00000099424	0
ENSCAFG00845000988	1	many_to_many_DifferentNumber	ENSMUSG00000087079;ENSMUSG00000099424;ENSMUSG00000085580;ENSMUSG00000079604	0	NA	NA	NA	0
ENSCAFG00845000994	1	many_to_many_DifferentNumber	ENSMUSG00000087079;ENSMUSG00000099424;ENSMUSG00000085580;ENSMUSG00000079604	0	NA	NA	NA	0
ENSCAFG00845001001	1	many_to_many_DifferentNumber	ENSMUSG00000087079;ENSMUSG00000099424;ENSMUSG00000085580;ENSMUSG00000079604	0	NA	NA	NA	0
ENSCAFG00845001005	1	many_to_many_DifferentNumber	ENSMUSG00000087079;ENSMUSG00000099424;ENSMUSG00000085580;ENSMUSG00000079604	0	NA	NA	NA	0
ENSCAFG00845001008	1	many_to_many_DifferentNumber	ENSMUSG00000087079;ENSMUSG00000099424;ENSMUSG00000085580;ENSMUSG00000079604	0	NA	NA	NA	0
ENSCAFG00845001012	1	many_to_many_DifferentNumber	ENSMUSG00000087079;ENSMUSG00000099424;ENSMUSG00000085580;ENSMUSG00000079604	0	NA	NA	NA	0
ENSCAFG00845001018	1	many_to_many_DifferentNumber	ENSMUSG00000087079;ENSMUSG00000099424;ENSMUSG00000085580;ENSMUSG00000079604	0	NA	NA	NA	0
ENSCAFG00845001022	1	many_to_many_DifferentNumber	ENSMUSG00000087079;ENSMUSG00000099424;ENSMUSG00000085580;ENSMUSG00000079604	0	NA	NA	NA	0
ENSCAFG00845001027	1	many_to_many_DifferentNumber	ENSMUSG00000087079;ENSMUSG00000099424;ENSMUSG00000085580;ENSMUSG00000079604	0	NA	NA	NA	0
ENSCAFG00845001034	1	many_to_many_DifferentNumber	ENSMUSG00000087079;ENSMUSG00000099424;ENSMUSG00000085580;ENSMUSG00000079604	0	NA	NA	NA	0
ENSCAFG00845001038	1	many_to_many_DifferentNumber	ENSMUSG00000087079;ENSMUSG00000099424;ENSMUSG00000085580;ENSMUSG00000079604	0	NA	NA	NA	0
ENSCAFG00845001043	1	many_to_many_DifferentNumber	ENSMUSG00000087079;ENSMUSG00000099424;ENSMUSG00000085580;ENSMUSG00000079604	0	NA	NA	NA	0
ENSCAFG00845001048	1	many_to_many_DifferentNumber	ENSMUSG00000087079;ENSMUSG00000099424;ENSMUSG00000085580;ENSMUSG00000079604	0	NA	NA	NA	0
ENSCAFG00845001052	1	many_to_many_DifferentNumber	ENSMUSG00000087079;ENSMUSG00000099424;ENSMUSG00000085580;ENSMUSG00000079604	0	NA	NA	NA	0
ENSCAFG00845001055	1	many_to_many_DifferentNumber	ENSMUSG00000087079;ENSMUSG00000099424;ENSMUSG00000085580;ENSMUSG00000079604	0	NA	NA	NA	0
ENSCAFG00845001061	1	many_to_many_DifferentNumber	ENSMUSG00000087079;ENSMUSG00000099424;ENSMUSG00000085580;ENSMUSG00000079604	0	NA	NA	NA	0
ENSCAFG00845001067	1	many_to_many_DifferentNumber	ENSMUSG00000087079;ENSMUSG00000099424;ENSMUSG00000085580;ENSMUSG00000079604	0	NA	NA	NA	0
ENSCAFG00845001069	1	many_to_many_DifferentNumber	ENSMUSG00000087079;ENSMUSG00000099424;ENSMUSG00000085580;ENSMUSG00000079604	0	NA	NA	NA	0
ENSCAFG00845001073	1	many_to_many_DifferentNumber	ENSMUSG00000087079;ENSMUSG00000099424;ENSMUSG00000085580;ENSMUSG00000079604	0	NA	NA	NA	0
ENSCAFG00845001071	1	one_to_many	ENSMUSG00000075538;ENSMUSG00000062319;ENSMUSG00000085070;ENSMUSG00000079603	0	NA	NA	NA	0
ENSCAFG00845001009	1	one_to_one	ENSMUSG00000110290	0	NA	NA	NA	1
ENSCAFG00845001011	1	one_to_many	ENSMUSG00000117840;ENSMUSG00000118080;ENSMUSG00000118347;ENSMUSG00000118122;ENSMUSG00000120345	1	one_to_one	lncgSS.up	ENSMUSG00000120345	0
ENSCAFG00845001089	1	many_to_one	ENSMUSG00000117852	0	NA	NA	NA	1
ENSCAFG00845001109	1	many_to_one	ENSMUSG00000117852	0	NA	NA	NA	1
ENSCAFG00845001123	1	many_to_one	ENSMUSG00000117852	0	NA	NA	NA	1
ENSCAFG00845001132	1	many_to_one	ENSMUSG00000117852	0	NA	NA	NA	1
ENSCAFG00845001144	1	many_to_one	ENSMUSG00000117852	0	NA	NA	NA	1
ENSCAFG00845001901	1	many_to_one	ENSMUSG00000097746	0	NA	NA	NA	0
ENSCAFG00845001916	1	many_to_one	ENSMUSG00000097746	0	NA	NA	NA	0
ENSCAFG00845001923	1	one_to_one	ENSMUSG00000102329	0	NA	NA	NA	0
ENSCAFG00845002477	1	one_to_one	ENSMUSG00000086326	0	NA	NA	NA	0
ENSCAFG00845002847	1	one_to_one	ENSMUSG00000113759	0	NA	NA	NA	1
ENSCAFG00845002850	1	one_to_one	ENSMUSG00000113259	0	NA	NA	NA	1
ENSCAFG00845002857	1	one_to_one	ENSMUSG00000121092	1	one_to_one	lncgSS.dw	ENSMUSG00000121092	1
ENSCAFG00845003113	1	one_to_one	ENSMUSG00000104225	0	NA	NA	NA	0
ENSCAFG00845003118	1	many_to_many_DifferentNumber	ENSMUSG00000113757;ENSMUSG00000113017;ENSMUSG00000113765;ENSMUSG00000101540	1	many_to_many_strict	lincSS.dw	ENSMUSG00000113757;ENSMUSG00000113017	0
ENSCAFG00845003152	1	many_to_many_DifferentNumber	ENSMUSG00000113757;ENSMUSG00000113017;ENSMUSG00000113765;ENSMUSG00000101540	1	many_to_many_strict	lincSS.dw	ENSMUSG00000113757;ENSMUSG00000113017	0
ENSCAFG00845003150	1	one_to_many	ENSMUSG00000113054;ENSMUSG00000113483;ENSMUSG00000114097	0	NA	NA	NA	0
ENSCAFG00845003402	1	one_to_one	ENSMUSG00000109727	0	NA	NA	NA	1
ENSCAFG00845003455	1	one_to_one	ENSMUSG00000110166	0	NA	NA	NA	1
ENSCAFG00845004438	1	one_to_many	ENSMUSG00000097992;ENSMUSG00000098086	1	one_to_one	lncgSS.up	ENSMUSG00000097992	1
ENSCAFG00845004956	1	one_to_one	ENSMUSG00000109731	0	NA	NA	NA	0
ENSCAFG00845005106	1	many_to_one	ENSMUSG00000086369	0	NA	NA	NA	1
ENSCAFG00845005113	1	many_to_one	ENSMUSG00000086369	0	NA	NA	NA	1
ENSCAFG00845005161	1	one_to_many	ENSMUSG00000120256;ENSMUSG00000085085	1	one_to_one	lincConv	ENSMUSG00000120256	1
ENSCAFG00845006052	1	one_to_one	ENSMUSG00000073752	0	NA	NA	NA	0
ENSCAFG00845007513	1	many_to_many_DifferentNumber	ENSMUSG00000086262;ENSMUSG00000087171;ENSMUSG00000086856	0	NA	NA	NA	0
ENSCAFG00845007539	1	many_to_many_DifferentNumber	ENSMUSG00000086262;ENSMUSG00000087171;ENSMUSG00000086856	1	one_to_many	lincSS.dw	ENSMUSG00000086856;ENSMUSG00000087171	0
ENSCAFG00845007568	1	one_to_one	ENSMUSG00000090358	0	NA	NA	NA	1
ENSCAFG00845008075	1	many_to_many_DifferentNumber	ENSMUSG00000114534;ENSMUSG00000114807	0	NA	NA	NA	1
ENSCAFG00845008100	1	many_to_many_DifferentNumber	ENSMUSG00000114534;ENSMUSG00000114807	0	NA	NA	NA	1
ENSCAFG00845008115	1	many_to_many_DifferentNumber	ENSMUSG00000114534;ENSMUSG00000114807	0	NA	NA	NA	1
ENSCAFG00845008353	1	many_to_many_sameNumber	ENSMUSG00000085667;ENSMUSG00000118394	1	one_to_one	lncgConv	ENSMUSG00000085667	1
ENSCAFG00845008362	1	many_to_many_sameNumber	ENSMUSG00000085667;ENSMUSG00000118394	0	NA	NA	NA	1
ENSCAFG00845009830	1	one_to_one	ENSMUSG00000086290	1	one_to_one	lncgConv	ENSMUSG00000086290	1
ENSCAFG00845010460	1	many_to_many_DifferentNumber	ENSMUSG00000114276;ENSMUSG00000114637	1	many_to_one	lincSS.up	ENSMUSG00000114276	1
ENSCAFG00845010467	1	many_to_many_DifferentNumber	ENSMUSG00000114276;ENSMUSG00000114637	1	many_to_one	lincSS.up	ENSMUSG00000114276	1
ENSCAFG00845010488	1	many_to_many_DifferentNumber	ENSMUSG00000114276;ENSMUSG00000114637	1	many_to_one	lincSS.up	ENSMUSG00000114276	1
ENSCAFG00845010522	1	many_to_many_DifferentNumber	ENSMUSG00000114276;ENSMUSG00000114637	1	many_to_one	lincSS.up	ENSMUSG00000114276	1
ENSCAFG00845010529	1	many_to_many_DifferentNumber	ENSMUSG00000114276;ENSMUSG00000114637	0	NA	NA	NA	1
ENSCAFG00845010655	1	one_to_one	ENSMUSG00000086997	0	NA	NA	NA	1
ENSCAFG00845011489	1	many_to_many_DifferentNumber	ENSMUSG00000117521;ENSMUSG00000117579	1	many_to_one	lincSS.up	ENSMUSG00000117521	1
ENSCAFG00845011508	1	many_to_many_DifferentNumber	ENSMUSG00000117521;ENSMUSG00000117579	1	many_to_one	lincSS.up	ENSMUSG00000117521	1
ENSCAFG00845011525	1	many_to_many_DifferentNumber	ENSMUSG00000117521;ENSMUSG00000117579	1	many_to_one	lincSS.up	ENSMUSG00000117521	1
ENSCAFG00845011673	1	one_to_one	ENSMUSG00000114846	0	NA	NA	NA	0
ENSCAFG00845014493	1	one_to_one	ENSMUSG00000086788	0	NA	NA	NA	0
ENSCAFG00845016216	1	many_to_many_DifferentNumber	ENSMUSG00000104284;ENSMUSG00000102517;ENSMUSG00000086921;ENSMUSG00000102816;ENSMUSG00000102136;ENSMUSG00000102357;ENSMUSG00000102494	1	many_to_many	lncgSS.dw	ENSMUSG00000102357;ENSMUSG00000086921;ENSMUSG00000102517;ENSMUSG00000102136;ENSMUSG00000102816;ENSMUSG00000102494;ENSMUSG00000104284	0
ENSCAFG00845016228	1	many_to_many_DifferentNumber	ENSMUSG00000104284;ENSMUSG00000102517;ENSMUSG00000086921;ENSMUSG00000102816;ENSMUSG00000102136;ENSMUSG00000102357;ENSMUSG00000102494	1	many_to_many	lncgSS.dw	ENSMUSG00000102357;ENSMUSG00000086921;ENSMUSG00000102517;ENSMUSG00000102136;ENSMUSG00000102816;ENSMUSG00000102494;ENSMUSG00000104284	0
ENSCAFG00845017821	1	one_to_many	ENSMUSG00000118257;ENSMUSG00000118193	0	NA	NA	NA	1
ENSCAFG00845019325	1	many_to_one	ENSMUSG00000117674	1	many_to_many_strict	lncgDivg	ENSMUSG00000118315;ENSMUSG00000117674	1
ENSCAFG00845019366	1	many_to_one	ENSMUSG00000117674	1	many_to_many_strict	lncgDivg	ENSMUSG00000118315;ENSMUSG00000117674	1
ENSCAFG00845028636	1	many_to_many_DifferentNumber	ENSMUSG00000085204;ENSMUSG00000086057;ENSMUSG00000086402;ENSMUSG00000086092;ENSMUSG00000120592;ENSMUSG00000086111	1	one_to_one	lincSS.up	ENSMUSG00000120592	1
ENSCAFG00845028645	1	many_to_many_DifferentNumber	ENSMUSG00000085204;ENSMUSG00000086057;ENSMUSG00000086402;ENSMUSG00000086092;ENSMUSG00000120592;ENSMUSG00000086111	0	NA	NA	NA	1
ENSCAFG00845029078	1	many_to_many_sameNumber	ENSMUSG00000114307;ENSMUSG00000114824	1	one_to_one	lincDivg	ENSMUSG00000114824	1
ENSCAFG00845029082	1	many_to_many_sameNumber	ENSMUSG00000114307;ENSMUSG00000114824	0	NA	NA	NA	1
ENSCAFG00845029084	1	many_to_many_DifferentNumber	ENSMUSG00000109853;ENSMUSG00000114775;ENSMUSG00000114472	0	NA	NA	NA	1
ENSCAFG00845029087	1	many_to_many_DifferentNumber	ENSMUSG00000109853;ENSMUSG00000114775;ENSMUSG00000114472	0	NA	NA	NA	1
ENSCAFG00845001501	1	many_to_many_DifferentNumber	ENSMUSG00000103510;ENSMUSG00000120782	0	NA	NA	NA	1
ENSCAFG00845001532	1	many_to_many_DifferentNumber	ENSMUSG00000103510;ENSMUSG00000120782	0	NA	NA	NA	1
ENSCAFG00845001535	1	many_to_many_DifferentNumber	ENSMUSG00000103510;ENSMUSG00000120782	0	NA	NA	NA	1
ENSCAFG00845001540	1	many_to_many_DifferentNumber	ENSMUSG00000103510;ENSMUSG00000120782	0	NA	NA	NA	1
ENSCAFG00845001544	1	many_to_many_DifferentNumber	ENSMUSG00000103510;ENSMUSG00000120782	0	NA	NA	NA	1
ENSCAFG00845001552	1	many_to_many_DifferentNumber	ENSMUSG00000103510;ENSMUSG00000120782	0	NA	NA	NA	1
ENSCAFG00845001556	1	many_to_many_DifferentNumber	ENSMUSG00000103510;ENSMUSG00000120782	0	NA	NA	NA	0
ENSCAFG00845001563	1	many_to_many_DifferentNumber	ENSMUSG00000103510;ENSMUSG00000120782	0	NA	NA	NA	1
ENSCAFG00845001598	1	many_to_many_DifferentNumber	ENSMUSG00000103510;ENSMUSG00000120782	0	NA	NA	NA	1
ENSCAFG00845001521	1	many_to_many_DifferentNumber	ENSMUSG00000099404;ENSMUSG00000103644;ENSMUSG00000103963;ENSMUSG00000079045;ENSMUSG00000119953	0	NA	NA	NA	1
ENSCAFG00845001573	1	many_to_many_DifferentNumber	ENSMUSG00000099404;ENSMUSG00000103644;ENSMUSG00000103963;ENSMUSG00000079045;ENSMUSG00000119953	0	NA	NA	NA	1
ENSCAFG00845001588	1	many_to_many_DifferentNumber	ENSMUSG00000099404;ENSMUSG00000103644;ENSMUSG00000103963;ENSMUSG00000079045;ENSMUSG00000119953	1	one_to_many	lncgDivg	ENSMUSG00000119953;ENSMUSG00000079045;ENSMUSG00000099404	1
ENSCAFG00845002478	1	one_to_many	ENSMUSG00000097325;ENSMUSG00000104206;ENSMUSG00000104077	1	one_to_one	lncgConv	ENSMUSG00000097325	1
ENSCAFG00845002528	1	one_to_many	ENSMUSG00000103670;ENSMUSG00000120842	1	one_to_many	lncgDivg	ENSMUSG00000120842;ENSMUSG00000103670	0
ENSCAFG00845003043	1	many_to_one	ENSMUSG00000089812	0	NA	NA	NA	1
ENSCAFG00845003055	1	many_to_one	ENSMUSG00000089812	0	NA	NA	NA	1
ENSCAFG00845003225	1	one_to_one	ENSMUSG00000097666	0	NA	NA	NA	1
ENSCAFG00845003236	1	one_to_one	ENSMUSG00000097316	0	NA	NA	NA	1
ENSCAFG00845003440	1	one_to_many	ENSMUSG00000100572;ENSMUSG00000117069	0	NA	NA	NA	1
ENSCAFG00845003567	1	one_to_one	ENSMUSG00000120395	0	NA	NA	NA	1
ENSCAFG00845003982	1	one_to_one	ENSMUSG00000099933	0	NA	NA	NA	0
ENSCAFG00845004244	1	one_to_many	ENSMUSG00000100945;ENSMUSG00000100334	0	NA	NA	NA	1
ENSCAFG00845004340	1	one_to_one	ENSMUSG00000103079	0	NA	NA	NA	1
ENSCAFG00845004593	1	one_to_many	ENSMUSG00000117335;ENSMUSG00000117250;ENSMUSG00000117229	1	one_to_one	lincConv	ENSMUSG00000117229	1
ENSCAFG00845004818	1	many_to_one	ENSMUSG00000100685	0	NA	NA	NA	1
ENSCAFG00845004823	1	many_to_one	ENSMUSG00000100685	0	NA	NA	NA	1
ENSCAFG00845004825	1	many_to_one	ENSMUSG00000100685	0	NA	NA	NA	1
ENSCAFG00845004829	1	many_to_one	ENSMUSG00000100685	0	NA	NA	NA	1
ENSCAFG00845004837	1	many_to_one	ENSMUSG00000120613	0	NA	NA	NA	1
ENSCAFG00845004839	1	many_to_one	ENSMUSG00000120613	0	NA	NA	NA	1
ENSCAFG00845005479	1	one_to_one	ENSMUSG00000120654	0	NA	NA	NA	1
ENSCAFG00845008147	1	many_to_one	ENSMUSG00000102923	0	NA	NA	NA	0
ENSCAFG00845008167	1	many_to_one	ENSMUSG00000102923	0	NA	NA	NA	0
ENSCAFG00845009079	1	many_to_many_sameNumber	ENSMUSG00000097428;ENSMUSG00000097156	0	NA	NA	NA	0
ENSCAFG00845009096	1	many_to_many_sameNumber	ENSMUSG00000097428;ENSMUSG00000097156	1	one_to_one	lincConv	ENSMUSG00000097156	0
ENSCAFG00845009073	1	one_to_many	ENSMUSG00000097280;ENSMUSG00000096935	1	one_to_one	lncgConv	ENSMUSG00000096935	0
ENSCAFG00845012308	1	many_to_many_DifferentNumber	ENSMUSG00000121026;ENSMUSG00000120933	0	NA	NA	NA	1
ENSCAFG00845012320	1	many_to_many_DifferentNumber	ENSMUSG00000121026;ENSMUSG00000120933	1	many_to_many_strict	lincSS.up	ENSMUSG00000120933;ENSMUSG00000121026	1
ENSCAFG00845012331	1	many_to_many_DifferentNumber	ENSMUSG00000121026;ENSMUSG00000120933	1	many_to_many_strict	lincSS.up	ENSMUSG00000120933;ENSMUSG00000121026	1
ENSCAFG00845012343	1	one_to_many	ENSMUSG00000054135;ENSMUSG00000120002	1	one_to_one	lincDivg	ENSMUSG00000054135	1
ENSCAFG00845012440	1	many_to_many_DifferentNumber	ENSMUSG00000117404;ENSMUSG00000117380;ENSMUSG00000119962	0	NA	NA	NA	1
ENSCAFG00845012444	1	many_to_many_DifferentNumber	ENSMUSG00000117404;ENSMUSG00000117380;ENSMUSG00000119962	0	NA	NA	NA	1
ENSCAFG00845012457	1	many_to_many_DifferentNumber	ENSMUSG00000117404;ENSMUSG00000117380;ENSMUSG00000119962	1	many_to_one	lincSS.up	ENSMUSG00000117404	1
ENSCAFG00845012467	1	many_to_many_DifferentNumber	ENSMUSG00000117404;ENSMUSG00000117380;ENSMUSG00000119962	1	many_to_one	lincSS.up	ENSMUSG00000117404	1
ENSCAFG00845012482	1	many_to_many_DifferentNumber	ENSMUSG00000117404;ENSMUSG00000117380;ENSMUSG00000119962	1	many_to_one	lincSS.up	ENSMUSG00000117404	1
ENSCAFG00845012579	1	many_to_many_DifferentNumber	ENSMUSG00000117404;ENSMUSG00000117380;ENSMUSG00000119962	1	many_to_one	lincSS.up	ENSMUSG00000117404	1
ENSCAFG00845012449	1	many_to_many_sameNumber	ENSMUSG00000117450;ENSMUSG00000117645;ENSMUSG00000117613	1	one_to_one	lincConv	ENSMUSG00000117645	1
ENSCAFG00845012476	1	many_to_many_sameNumber	ENSMUSG00000117450;ENSMUSG00000117645;ENSMUSG00000117613	1	many_to_one	lincDivg	ENSMUSG00000117613	1
ENSCAFG00845012572	1	many_to_many_sameNumber	ENSMUSG00000117450;ENSMUSG00000117645;ENSMUSG00000117613	1	many_to_one	lincDivg	ENSMUSG00000117613	1
ENSCAFG00845013127	1	many_to_many_sameNumber	ENSMUSG00000117536;ENSMUSG00000117608	0	NA	NA	NA	0
ENSCAFG00845013161	1	many_to_many_sameNumber	ENSMUSG00000117536;ENSMUSG00000117608	0	NA	NA	NA	0
ENSCAFG00845016950	1	one_to_one	ENSMUSG00000092569	0	NA	NA	NA	1
ENSCAFG00845017062	1	one_to_one	ENSMUSG00000100620	0	NA	NA	NA	0
ENSCAFG00845022586	1	many_to_many_sameNumber	ENSMUSG00000097448;ENSMUSG00000097113	0	NA	NA	NA	1
ENSCAFG00845022598	1	many_to_many_sameNumber	ENSMUSG00000097448;ENSMUSG00000097113	0	NA	NA	NA	1
ENSCAFG00845000385	1	many_to_many_DifferentNumber	ENSMUSG00000098160;ENSMUSG00000098129	0	NA	NA	NA	0
ENSCAFG00845000397	1	many_to_many_DifferentNumber	ENSMUSG00000098160;ENSMUSG00000098129	0	NA	NA	NA	0
ENSCAFG00845000409	1	many_to_many_DifferentNumber	ENSMUSG00000098160;ENSMUSG00000098129	0	NA	NA	NA	0
ENSCAFG00845004519	1	many_to_many_DifferentNumber	ENSMUSG00000098160;ENSMUSG00000098129	0	NA	NA	NA	0
ENSCAFG00845001745	1	one_to_one	ENSMUSG00000120716	1	one_to_one	lncgDivg	ENSMUSG00000120716	1
ENSCAFG00845001884	1	many_to_many_DifferentNumber	ENSMUSG00000056145;ENSMUSG00000050179	1	one_to_one	lncgSS.dw	ENSMUSG00000056145	1
ENSCAFG00845001894	1	many_to_many_DifferentNumber	ENSMUSG00000056145;ENSMUSG00000050179	0	NA	NA	NA	1
ENSCAFG00845001903	1	many_to_many_DifferentNumber	ENSMUSG00000056145;ENSMUSG00000050179	1	one_to_one	lncgSS.up	ENSMUSG00000050179	1
ENSCAFG00845001890	1	one_to_one	ENSMUSG00000120721	0	NA	NA	NA	1
ENSCAFG00845002048	1	many_to_one	ENSMUSG00000084790	1	one_to_one	lncgDivg	ENSMUSG00000084790	1
ENSCAFG00845002059	1	many_to_one	ENSMUSG00000084790	0	NA	NA	NA	1
ENSCAFG00845002120	1	one_to_one	ENSMUSG00000108811	0	NA	NA	NA	0
ENSCAFG00845002186	1	one_to_one	ENSMUSG00000108409	0	NA	NA	NA	0
ENSCAFG00845002216	1	one_to_one	ENSMUSG00000108351	0	NA	NA	NA	0
ENSCAFG00845002209	1	one_to_one	ENSMUSG00000108627	0	NA	NA	NA	0
ENSCAFG00845002277	1	one_to_one	ENSMUSG00000066175	0	NA	NA	NA	0
ENSCAFG00845002398	1	many_to_one	ENSMUSG00000106426	0	NA	NA	NA	1
ENSCAFG00845002404	1	many_to_one	ENSMUSG00000106426	1	one_to_one	lincDivg	ENSMUSG00000106426	1
ENSCAFG00845008963	1	many_to_many_DifferentNumber	ENSMUSG00000086894;ENSMUSG00000104600	0	NA	NA	NA	0
ENSCAFG00845008969	1	many_to_many_DifferentNumber	ENSMUSG00000086894;ENSMUSG00000104600	0	NA	NA	NA	1
ENSCAFG00845008975	1	many_to_many_DifferentNumber	ENSMUSG00000086894;ENSMUSG00000104600	0	NA	NA	NA	1
ENSCAFG00845004653	1	many_to_one	ENSMUSG00000092522	0	NA	NA	NA	1
ENSCAFG00845004664	1	many_to_one	ENSMUSG00000092522	0	NA	NA	NA	1
ENSCAFG00845004786	1	many_to_one	ENSMUSG00000104553	0	NA	NA	NA	0
ENSCAFG00845004790	1	many_to_one	ENSMUSG00000104553	0	NA	NA	NA	1
ENSCAFG00845004795	1	many_to_one	ENSMUSG00000104553	0	NA	NA	NA	1
ENSCAFG00845004782	1	one_to_many	ENSMUSG00000104826;ENSMUSG00000085084	0	NA	NA	NA	1
ENSCAFG00845009166	1	one_to_one	ENSMUSG00000087484	0	NA	NA	NA	1
ENSCAFG00845011566	1	one_to_one	ENSMUSG00000116520	0	NA	NA	NA	0
ENSCAFG00845011552	1	one_to_many	ENSMUSG00000116197;ENSMUSG00000115968;ENSMUSG00000101565	0	NA	NA	NA	0
ENSCAFG00845012082	1	one_to_one	ENSMUSG00000054426	0	NA	NA	NA	1
ENSCAFG00845013587	1	one_to_many	ENSMUSG00000119979;ENSMUSG00000120304;ENSMUSG00000119945	0	NA	NA	NA	1
ENSCAFG00845013611	1	one_to_many	ENSMUSG00000116525;ENSMUSG00000116426;ENSMUSG00000116469;ENSMUSG00000116123	0	NA	NA	NA	0
ENSCAFG00845013706	1	one_to_one	ENSMUSG00000120424	0	NA	NA	NA	1
ENSCAFG00845014363	1	one_to_many	ENSMUSG00000106099;ENSMUSG00000098097	0	NA	NA	NA	0
ENSCAFG00845014957	1	many_to_one	ENSMUSG00000120072	1	one_to_one	lincSS.up	ENSMUSG00000120072	1
ENSCAFG00845015009	1	many_to_one	ENSMUSG00000120072	0	NA	NA	NA	1
ENSCAFG00845015019	1	many_to_one	ENSMUSG00000120072	0	NA	NA	NA	1
ENSCAFG00845015042	1	many_to_one	ENSMUSG00000120072	0	NA	NA	NA	1
ENSCAFG00845015052	1	many_to_one	ENSMUSG00000120072	0	NA	NA	NA	1
ENSCAFG00845015079	1	many_to_one	ENSMUSG00000120072	0	NA	NA	NA	1
ENSCAFG00845015102	1	many_to_one	ENSMUSG00000120072	0	NA	NA	NA	1
ENSCAFG00845015111	1	many_to_one	ENSMUSG00000120072	0	NA	NA	NA	1
ENSCAFG00845015146	1	many_to_one	ENSMUSG00000120072	0	NA	NA	NA	1
ENSCAFG00845015404	1	one_to_one	ENSMUSG00000090030	0	NA	NA	NA	1
ENSCAFG00845015901	1	one_to_one	ENSMUSG00000105057	0	NA	NA	NA	1
ENSCAFG00845019278	1	many_to_many_DifferentNumber	ENSMUSG00000106550;ENSMUSG00000097858;ENSMUSG00000106052;ENSMUSG00000105923;ENSMUSG00000106162;ENSMUSG00000105917;ENSMUSG00000106210;ENSMUSG00000104939;ENSMUSG00000105511;ENSMUSG00000106109;ENSMUSG00000105324;ENSMUSG00000106524;ENSMUSG00000104865;ENSMUSG00000120269;ENSMUSG00000105652	1	many_to_one	lincConv	ENSMUSG00000120269	0
ENSCAFG00845019300	1	many_to_many_DifferentNumber	ENSMUSG00000106550;ENSMUSG00000097858;ENSMUSG00000106052;ENSMUSG00000105923;ENSMUSG00000106162;ENSMUSG00000105917;ENSMUSG00000106210;ENSMUSG00000104939;ENSMUSG00000105511;ENSMUSG00000106109;ENSMUSG00000105324;ENSMUSG00000106524;ENSMUSG00000104865;ENSMUSG00000120269;ENSMUSG00000105652	1	many_to_one	lincConv	ENSMUSG00000120269	0
ENSCAFG00845019287	1	many_to_many_DifferentNumber	ENSMUSG00000105000;ENSMUSG00000105279;ENSMUSG00000105811;ENSMUSG00000106367	1	many_to_one	lincSS.dw	ENSMUSG00000106367	0
ENSCAFG00845019310	1	many_to_many_DifferentNumber	ENSMUSG00000105000;ENSMUSG00000105279;ENSMUSG00000105811;ENSMUSG00000106367	1	many_to_one	lincSS.dw	ENSMUSG00000106367	0
ENSCAFG00845019402	1	one_to_many	ENSMUSG00000104969;ENSMUSG00000120266	0	NA	NA	NA	1
ENSCAFG00845024765	1	one_to_one	ENSMUSG00000117437	0	NA	NA	NA	1
ENSCAFG00845008807	1	many_to_one	ENSMUSG00000118362	0	NA	NA	NA	0
ENSCAFG00845008813	1	many_to_one	ENSMUSG00000118362	1	one_to_one	lncgConv	ENSMUSG00000118362	0
ENSCAFG00845008991	1	one_to_one	ENSMUSG00000084787	1	one_to_one	lincSS.up	ENSMUSG00000084787	0
ENSCAFG00845010728	1	one_to_one	ENSMUSG00000118013	0	NA	NA	NA	1
ENSCAFG00845011248	1	many_to_many_DifferentNumber	ENSMUSG00000084851;ENSMUSG00000120940	0	NA	NA	NA	1
ENSCAFG00845011254	1	many_to_many_DifferentNumber	ENSMUSG00000084851;ENSMUSG00000120940	0	NA	NA	NA	1
ENSCAFG00845011273	1	many_to_many_DifferentNumber	ENSMUSG00000084851;ENSMUSG00000120940	0	NA	NA	NA	1
ENSCAFG00845011278	1	many_to_many_DifferentNumber	ENSMUSG00000084851;ENSMUSG00000120940	0	NA	NA	NA	1
ENSCAFG00845011293	1	one_to_one	ENSMUSG00000085800	0	NA	NA	NA	1
ENSCAFG00845012962	1	one_to_one	ENSMUSG00000110618	0	NA	NA	NA	1
ENSCAFG00845012975	1	one_to_one	ENSMUSG00000097942	0	NA	NA	NA	1
ENSCAFG00845013280	1	one_to_one	ENSMUSG00000086413	0	NA	NA	NA	1
ENSCAFG00845013909	1	one_to_one	ENSMUSG00000100096	0	NA	NA	NA	0
ENSCAFG00845014908	1	many_to_one	ENSMUSG00000084809	0	NA	NA	NA	0
ENSCAFG00845014914	1	many_to_one	ENSMUSG00000084809	0	NA	NA	NA	0
ENSCAFG00845014924	1	many_to_one	ENSMUSG00000084809	0	NA	NA	NA	0
ENSCAFG00845014929	1	many_to_one	ENSMUSG00000084809	0	NA	NA	NA	0
ENSCAFG00845017261	1	many_to_many_DifferentNumber	ENSMUSG00000084833;ENSMUSG00000085931;ENSMUSG00000087128;ENSMUSG00000120651	1	many_to_many_strict	lincSS.dw	ENSMUSG00000087128;ENSMUSG00000085931	0
ENSCAFG00845017276	1	many_to_many_DifferentNumber	ENSMUSG00000084833;ENSMUSG00000085931;ENSMUSG00000087128;ENSMUSG00000120651	1	many_to_many_strict	lincSS.dw	ENSMUSG00000087128;ENSMUSG00000085931	0
ENSCAFG00845018927	1	one_to_one	ENSMUSG00000084828	1	one_to_one	lncgDivg	ENSMUSG00000084828	0
ENSCAFG00845002397	1	one_to_one	ENSMUSG00000112388	0	NA	NA	NA	1
ENSCAFG00845002755	1	one_to_one	ENSMUSG00000112857	0	NA	NA	NA	0
ENSCAFG00845002737	1	many_to_many_DifferentNumber	ENSMUSG00000112150;ENSMUSG00000112030	0	NA	NA	NA	0
ENSCAFG00845002764	1	many_to_many_DifferentNumber	ENSMUSG00000112150;ENSMUSG00000112030	0	NA	NA	NA	0
ENSCAFG00845002772	1	many_to_many_DifferentNumber	ENSMUSG00000112150;ENSMUSG00000112030	0	NA	NA	NA	0
ENSCAFG00845002780	1	many_to_many_DifferentNumber	ENSMUSG00000112150;ENSMUSG00000112030	0	NA	NA	NA	0
ENSCAFG00845002798	1	many_to_many_DifferentNumber	ENSMUSG00000112150;ENSMUSG00000112030	0	NA	NA	NA	0
ENSCAFG00845003481	1	one_to_many	ENSMUSG00000113944;ENSMUSG00000113302;ENSMUSG00000114159;ENSMUSG00000114005	1	one_to_one	lincSS.up	ENSMUSG00000114005	0
ENSCAFG00845003490	1	one_to_many	ENSMUSG00000112950;ENSMUSG00000113900	0	NA	NA	NA	0
ENSCAFG00845003907	1	one_to_many	ENSMUSG00000112852;ENSMUSG00000112336	0	NA	NA	NA	1
ENSCAFG00845003900	1	many_to_one	ENSMUSG00000112830	0	NA	NA	NA	1
ENSCAFG00845003911	1	many_to_one	ENSMUSG00000112830	0	NA	NA	NA	1
ENSCAFG00845003952	1	one_to_one	ENSMUSG00000112285	0	NA	NA	NA	1
ENSCAFG00845003993	1	one_to_one	ENSMUSG00000112701	0	NA	NA	NA	1
ENSCAFG00845004000	1	one_to_one	ENSMUSG00000097801	0	NA	NA	NA	1
ENSCAFG00845004034	1	one_to_many	ENSMUSG00000093452;ENSMUSG00000100162	1	one_to_one	lincConv	ENSMUSG00000093452	1
ENSCAFG00845004055	1	one_to_one	ENSMUSG00000113152	0	NA	NA	NA	1
ENSCAFG00845004242	1	one_to_one	ENSMUSG00000113396	0	NA	NA	NA	1
ENSCAFG00845004355	1	one_to_many	ENSMUSG00000085866;ENSMUSG00000120332;ENSMUSG00000079261	0	NA	NA	NA	1
ENSCAFG00845004350	1	many_to_many_DifferentNumber	ENSMUSG00000086124;ENSMUSG00000115000	0	NA	NA	NA	1
ENSCAFG00845004358	1	many_to_many_DifferentNumber	ENSMUSG00000086124;ENSMUSG00000115000	0	NA	NA	NA	1
ENSCAFG00845004362	1	many_to_many_DifferentNumber	ENSMUSG00000086124;ENSMUSG00000115000	0	NA	NA	NA	1
ENSCAFG00845007782	1	one_to_one	ENSMUSG00000113184	1	one_to_one	lncgSS.dw	ENSMUSG00000113184	1
ENSCAFG00845008335	1	one_to_many	ENSMUSG00000097157;ENSMUSG00000113747	1	one_to_one	lincConv	ENSMUSG00000113747	0
ENSCAFG00845009087	1	one_to_one	ENSMUSG00000113746	0	NA	NA	NA	1
ENSCAFG00845011974	1	many_to_one	ENSMUSG00000120607	0	NA	NA	NA	1
ENSCAFG00845011990	1	many_to_one	ENSMUSG00000120607	0	NA	NA	NA	1
ENSCAFG00845012010	1	many_to_one	ENSMUSG00000120607	1	one_to_one	lincSS.up	ENSMUSG00000120607	1
ENSCAFG00845011966	1	many_to_many_DifferentNumber	ENSMUSG00000112139;ENSMUSG00000111982;ENSMUSG00000112437	0	NA	NA	NA	1
ENSCAFG00845011999	1	many_to_many_DifferentNumber	ENSMUSG00000112139;ENSMUSG00000111982;ENSMUSG00000112437	0	NA	NA	NA	1
ENSCAFG00845012553	1	one_to_many	ENSMUSG00000113179;ENSMUSG00000099407;ENSMUSG00000112549	1	one_to_one	lncgConv	ENSMUSG00000099407	1
ENSCAFG00845014675	1	one_to_one	ENSMUSG00000089870	1	one_to_one	lncgSS.dw	ENSMUSG00000089870	1
ENSCAFG00845014683	1	one_to_many	ENSMUSG00000115410;ENSMUSG00000072589	1	one_to_one	lncgConv	ENSMUSG00000072589	1
ENSCAFG00845015385	1	one_to_many	ENSMUSG00000113165;ENSMUSG00000120835	1	one_to_one	lncgDivg	ENSMUSG00000113165	0
ENSCAFG00845016551	1	many_to_one	ENSMUSG00000114991	0	NA	NA	NA	1
ENSCAFG00845016617	1	many_to_one	ENSMUSG00000114991	0	NA	NA	NA	1
ENSCAFG00845016631	1	many_to_one	ENSMUSG00000114991	0	NA	NA	NA	1
ENSCAFG00845016698	1	many_to_one	ENSMUSG00000114991	0	NA	NA	NA	1
ENSCAFG00845016632	1	one_to_one	ENSMUSG00000083193	0	NA	NA	NA	1
ENSCAFG00845016966	1	one_to_many	ENSMUSG00000115756;ENSMUSG00000115725;ENSMUSG00000115636;ENSMUSG00000115376;ENSMUSG00000115669	1	one_to_one	lncgSS.dw	ENSMUSG00000115756	0
ENSCAFG00845019781	1	one_to_many	ENSMUSG00000113278;ENSMUSG00000113630;ENSMUSG00000114028;ENSMUSG00000113441	0	NA	NA	NA	0
ENSCAFG00845019745	1	one_to_many	ENSMUSG00000087109;ENSMUSG00000100668	0	NA	NA	NA	0
ENSCAFG00845020332	1	one_to_one	ENSMUSG00000113088	0	NA	NA	NA	1
ENSCAFG00845006928	1	one_to_many	ENSMUSG00000117084;ENSMUSG00000066170	0	NA	NA	NA	0
ENSCAFG00845007810	1	one_to_many	ENSMUSG00000111463;ENSMUSG00000111116;ENSMUSG00000111494;ENSMUSG00000111868;ENSMUSG00000110898	1	one_to_many	lincSS.up	ENSMUSG00000111116;ENSMUSG00000111463	1
ENSCAFG00845007796	1	one_to_many	ENSMUSG00000111034;ENSMUSG00000111362;ENSMUSG00000110893;ENSMUSG00000110891;ENSMUSG00000111535	1	one_to_one	lincDivg	ENSMUSG00000111535	1
ENSCAFG00845007903	1	one_to_one	ENSMUSG00000111078	0	NA	NA	NA	1
ENSCAFG00845008142	1	one_to_many	ENSMUSG00000086774;ENSMUSG00000120487	1	one_to_one	lincDivg	ENSMUSG00000120487	0
ENSCAFG00845008716	1	one_to_many	ENSMUSG00000089914;ENSMUSG00000099906	1	one_to_one	lincSS.up	ENSMUSG00000099906	1
ENSCAFG00845009075	1	many_to_one	ENSMUSG00000098747	1	many_to_one	lincSS.up	ENSMUSG00000098747	1
ENSCAFG00845009084	1	many_to_one	ENSMUSG00000098747	1	many_to_one	lincSS.up	ENSMUSG00000098747	1
ENSCAFG00845009089	1	many_to_one	ENSMUSG00000098747	0	NA	NA	NA	1
ENSCAFG00845009103	1	many_to_one	ENSMUSG00000098747	0	NA	NA	NA	1
ENSCAFG00845009253	1	many_to_one	ENSMUSG00000120772	0	NA	NA	NA	1
ENSCAFG00845009260	1	many_to_one	ENSMUSG00000120772	0	NA	NA	NA	1
ENSCAFG00845009276	1	many_to_one	ENSMUSG00000120772	0	NA	NA	NA	1
ENSCAFG00845011306	1	one_to_one	ENSMUSG00000117489	0	NA	NA	NA	1
ENSCAFG00845014656	1	one_to_many	ENSMUSG00000101012;ENSMUSG00000117221;ENSMUSG00000092268	1	one_to_one	lincConv	ENSMUSG00000101012	1
ENSCAFG00845014729	1	one_to_one	ENSMUSG00000117019	1	one_to_one	lincSS.dw	ENSMUSG00000117019	1
ENSCAFG00845018124	1	many_to_many_sameNumber	ENSMUSG00000111055;ENSMUSG00000111183;ENSMUSG00000119997	1	one_to_many	lncgDivg	ENSMUSG00000119997;ENSMUSG00000087014	1
ENSCAFG00845018158	1	many_to_many_sameNumber	ENSMUSG00000111055;ENSMUSG00000111183;ENSMUSG00000119997	1	many_to_one	lincDivg	ENSMUSG00000111183	1
ENSCAFG00845018173	1	many_to_many_sameNumber	ENSMUSG00000111055;ENSMUSG00000111183;ENSMUSG00000119997	1	many_to_one	lincDivg	ENSMUSG00000111183	1
ENSCAFG00845018143	1	many_to_one	ENSMUSG00000111008	0	NA	NA	NA	1
ENSCAFG00845018189	1	many_to_one	ENSMUSG00000111008	0	NA	NA	NA	1
ENSCAFG00845018903	1	one_to_one	ENSMUSG00000117772	1	one_to_one	lncgConv	ENSMUSG00000117772	1
ENSCAFG00845005233	1	many_to_one	ENSMUSG00000075555	0	NA	NA	NA	0
ENSCAFG00845005240	1	many_to_one	ENSMUSG00000075555	0	NA	NA	NA	0
ENSCAFG00845005245	1	many_to_one	ENSMUSG00000075555	0	NA	NA	NA	0
ENSCAFG00845005253	1	many_to_one	ENSMUSG00000075555	0	NA	NA	NA	0
ENSCAFG00845005255	1	many_to_one	ENSMUSG00000075555	1	one_to_one	lncgDivg	ENSMUSG00000075555	0
ENSCAFG00845005271	1	one_to_one	ENSMUSG00000100847	0	NA	NA	NA	0
ENSCAFG00845005280	1	one_to_many	ENSMUSG00000117361;ENSMUSG00000117414;ENSMUSG00000117486;ENSMUSG00000117545	1	one_to_one	lincDivg	ENSMUSG00000117414	0
ENSCAFG00845005687	1	one_to_many	ENSMUSG00000020033;ENSMUSG00000111514;ENSMUSG00000111583	1	one_to_one	lncgDivg	ENSMUSG00000111583	1
ENSCAFG00845007476	1	many_to_one	ENSMUSG00000109803	0	NA	NA	NA	1
ENSCAFG00845007487	1	many_to_one	ENSMUSG00000109803	0	NA	NA	NA	1
ENSCAFG00845007546	1	many_to_one	ENSMUSG00000109803	0	NA	NA	NA	1
ENSCAFG00845007560	1	many_to_one	ENSMUSG00000109803	1	one_to_one	lncgDivg	ENSMUSG00000109803	0
ENSCAFG00845007657	1	one_to_one	ENSMUSG00000112130	0	NA	NA	NA	1
ENSCAFG00845007640	1	one_to_one	ENSMUSG00000112283	0	NA	NA	NA	1
ENSCAFG00845007731	1	many_to_one	ENSMUSG00000112294	0	NA	NA	NA	0
ENSCAFG00845007750	1	many_to_one	ENSMUSG00000112294	0	NA	NA	NA	0
ENSCAFG00845007760	1	many_to_one	ENSMUSG00000112294	0	NA	NA	NA	0
ENSCAFG00845007787	1	many_to_one	ENSMUSG00000112294	0	NA	NA	NA	0
ENSCAFG00845007806	1	many_to_one	ENSMUSG00000112294	0	NA	NA	NA	0
ENSCAFG00845007814	1	many_to_one	ENSMUSG00000112294	0	NA	NA	NA	0
ENSCAFG00845007838	1	many_to_one	ENSMUSG00000112294	0	NA	NA	NA	0
ENSCAFG00845007868	1	many_to_one	ENSMUSG00000112294	0	NA	NA	NA	0
ENSCAFG00845007875	1	many_to_one	ENSMUSG00000112294	0	NA	NA	NA	0
ENSCAFG00845007826	1	one_to_one	ENSMUSG00000115854	1	one_to_one	lncgDivg	ENSMUSG00000115854	1
ENSCAFG00845009043	1	many_to_one	ENSMUSG00000119957	0	NA	NA	NA	0
ENSCAFG00845009063	1	many_to_one	ENSMUSG00000119957	0	NA	NA	NA	0
ENSCAFG00845009004	1	many_to_one	ENSMUSG00000087474	0	NA	NA	NA	0
ENSCAFG00845009013	1	many_to_one	ENSMUSG00000087474	1	many_to_one	lincSS.up	ENSMUSG00000087474	0
ENSCAFG00845009021	1	many_to_one	ENSMUSG00000087474	1	many_to_one	lincSS.up	ENSMUSG00000087474	0
ENSCAFG00845009026	1	many_to_one	ENSMUSG00000087474	1	many_to_one	lincSS.up	ENSMUSG00000087474	0
ENSCAFG00845009031	1	many_to_one	ENSMUSG00000087474	1	many_to_one	lincSS.up	ENSMUSG00000087474	0
ENSCAFG00845009048	1	many_to_one	ENSMUSG00000087474	0	NA	NA	NA	0
ENSCAFG00845009077	1	many_to_one	ENSMUSG00000087474	0	NA	NA	NA	0
ENSCAFG00845009332	1	many_to_many_sameNumber	ENSMUSG00000101872;ENSMUSG00000073073;ENSMUSG00000119981	0	NA	NA	NA	1
ENSCAFG00845009392	1	many_to_many_sameNumber	ENSMUSG00000101872;ENSMUSG00000073073;ENSMUSG00000119981	0	NA	NA	NA	1
ENSCAFG00845009426	1	many_to_many_sameNumber	ENSMUSG00000101872;ENSMUSG00000073073;ENSMUSG00000119981	1	one_to_many	lncgDivg	ENSMUSG00000119981;ENSMUSG00000101872;ENSMUSG00000073073	1
ENSCAFG00845009917	1	many_to_one	ENSMUSG00000097063	0	NA	NA	NA	0
ENSCAFG00845009940	1	many_to_one	ENSMUSG00000097063	1	one_to_one	lncgConv	ENSMUSG00000097063	0
ENSCAFG00845010083	1	one_to_one	ENSMUSG00000112873	0	NA	NA	NA	0
ENSCAFG00845010028	1	many_to_many_sameNumber	ENSMUSG00000111952;ENSMUSG00000112774	1	many_to_one	lincSS.up	ENSMUSG00000112774	1
ENSCAFG00845010040	1	many_to_many_sameNumber	ENSMUSG00000111952;ENSMUSG00000112774	1	many_to_one	lincSS.up	ENSMUSG00000112774	1
ENSCAFG00845012048	1	one_to_one	ENSMUSG00000111752	0	NA	NA	NA	0
ENSCAFG00845012079	1	many_to_many_sameNumber	ENSMUSG00000112780;ENSMUSG00000112846	0	NA	NA	NA	0
ENSCAFG00845012102	1	many_to_many_sameNumber	ENSMUSG00000112780;ENSMUSG00000112846	1	one_to_one	lincSS.dw	ENSMUSG00000112846	0
ENSCAFG00845012224	1	one_to_one	ENSMUSG00000116409	0	NA	NA	NA	0
ENSCAFG00845012389	1	one_to_many	ENSMUSG00000112716;ENSMUSG00000111907	0	NA	NA	NA	1
ENSCAFG00845012906	1	one_to_many	ENSMUSG00000112555;ENSMUSG00000084764;ENSMUSG00000085418	0	NA	NA	NA	1
ENSCAFG00845013073	1	one_to_one	ENSMUSG00000097309	1	one_to_one	lncgDivg	ENSMUSG00000097309	1
ENSCAFG00845013999	1	one_to_one	ENSMUSG00000121132	0	NA	NA	NA	1
ENSCAFG00845016619	1	one_to_many	ENSMUSG00000085391;ENSMUSG00000085280;ENSMUSG00000087131	0	NA	NA	NA	1
ENSCAFG00845020262	1	one_to_one	ENSMUSG00000103603	0	NA	NA	NA	0
ENSCAFG00845020547	1	one_to_one	ENSMUSG00000116480	1	one_to_one	lncgSS.dw	ENSMUSG00000116480	1
ENSCAFG00845021178	1	one_to_one	ENSMUSG00000115888	0	NA	NA	NA	1
ENSCAFG00845024674	1	one_to_many	ENSMUSG00000112228;ENSMUSG00000112767	0	NA	NA	NA	1
ENSCAFG00845025039	1	one_to_one	ENSMUSG00000112564	1	one_to_one	lncgConv	ENSMUSG00000112564	1
ENSCAFG00845025071	1	many_to_many_DifferentNumber	ENSMUSG00000117442;ENSMUSG00000117611;ENSMUSG00000117431;ENSMUSG00000117432;ENSMUSG00000117571;ENSMUSG00000121087	1	one_to_one	lncgDivg	ENSMUSG00000121087	0
ENSCAFG00845025110	1	many_to_many_DifferentNumber	ENSMUSG00000117442;ENSMUSG00000117611;ENSMUSG00000117431;ENSMUSG00000117432;ENSMUSG00000117571;ENSMUSG00000121087	0	NA	NA	NA	0
ENSCAFG00845025101	1	one_to_many	ENSMUSG00000097254;ENSMUSG00000117421;ENSMUSG00000117564;ENSMUSG00000117446;ENSMUSG00000117485;ENSMUSG00000121234	0	NA	NA	NA	0
ENSCAFG00845025557	1	one_to_one	ENSMUSG00000107688	1	one_to_one	lncgSS.dw	ENSMUSG00000107688	1
ENSCAFG00845026591	1	one_to_one	ENSMUSG00000086602	0	NA	NA	NA	0
ENSCAFG00845027151	1	many_to_one	ENSMUSG00000117422	0	NA	NA	NA	1
ENSCAFG00845027172	1	many_to_one	ENSMUSG00000117422	0	NA	NA	NA	1
ENSCAFG00845027119	1	many_to_many_sameNumber	ENSMUSG00000100345;ENSMUSG00000117501	1	many_to_one	lincSS.dw	ENSMUSG00000117501	1
ENSCAFG00845027133	1	many_to_many_sameNumber	ENSMUSG00000100345;ENSMUSG00000117501	1	many_to_one	lincSS.dw	ENSMUSG00000117501	1
ENSCAFG00845027295	1	one_to_one	ENSMUSG00000079242	1	one_to_one	lncgDivg	ENSMUSG00000079242	1
ENSCAFG00845027668	1	one_to_many	ENSMUSG00000100738;ENSMUSG00000121124;ENSMUSG00000120725;ENSMUSG00000120278;ENSMUSG00000071036	0	NA	NA	NA	1
ENSCAFG00845028119	1	one_to_one	ENSMUSG00000117384	1	one_to_one	lincConv	ENSMUSG00000117384	1
ENSCAFG00845005807	1	many_to_many_sameNumber	ENSMUSG00000086923;ENSMUSG00000106639	0	NA	NA	NA	1
ENSCAFG00845005816	1	many_to_many_sameNumber	ENSMUSG00000086923;ENSMUSG00000106639	0	NA	NA	NA	1
ENSCAFG00845006137	1	one_to_many	ENSMUSG00000105472;ENSMUSG00000106197	0	NA	NA	NA	1
ENSCAFG00845006168	1	many_to_one	ENSMUSG00000120952	0	NA	NA	NA	1
ENSCAFG00845006176	1	many_to_one	ENSMUSG00000120952	0	NA	NA	NA	1
ENSCAFG00845006164	1	one_to_many	ENSMUSG00000104721;ENSMUSG00000106371;ENSMUSG00000105148;ENSMUSG00000105083;ENSMUSG00000106443;ENSMUSG00000104583;ENSMUSG00000105846;ENSMUSG00000106063;ENSMUSG00000106432;ENSMUSG00000105933;ENSMUSG00000105818;ENSMUSG00000022187	1	one_to_one	lincSS.dw	ENSMUSG00000022187	1
ENSCAFG00845006244	1	one_to_one	ENSMUSG00000085121	1	one_to_one	lincSS.up	ENSMUSG00000085121	1
ENSCAFG00845006237	1	one_to_one	ENSMUSG00000086833	0	NA	NA	NA	1
ENSCAFG00845008105	1	one_to_one	ENSMUSG00000105753	1	one_to_one	lncgSS.dw	ENSMUSG00000105753	0
ENSCAFG00845008321	1	one_to_one	ENSMUSG00000104835	1	one_to_one	lincDivg	ENSMUSG00000104835	1
ENSCAFG00845008409	1	one_to_many	ENSMUSG00000105677;ENSMUSG00000105842;ENSMUSG00000106341;ENSMUSG00000104910;ENSMUSG00000120730	0	NA	NA	NA	1
ENSCAFG00845011860	1	one_to_one	ENSMUSG00000117292	1	one_to_one	lincSS.dw	ENSMUSG00000117292	1
ENSCAFG00845016569	1	one_to_one	ENSMUSG00000108288	0	NA	NA	NA	1
ENSCAFG00845016961	1	one_to_one	ENSMUSG00000097189	0	NA	NA	NA	1
ENSCAFG00845017200	1	one_to_many	ENSMUSG00000100674;ENSMUSG00000102098	0	NA	NA	NA	1
ENSCAFG00845017521	1	many_to_many_sameNumber	ENSMUSG00000112787;ENSMUSG00000111925	0	NA	NA	NA	1
ENSCAFG00845017529	1	many_to_many_sameNumber	ENSMUSG00000112787;ENSMUSG00000111925	0	NA	NA	NA	1
ENSCAFG00845019688	1	one_to_many	ENSMUSG00000120222;ENSMUSG00000120669	0	NA	NA	NA	1
ENSCAFG00845019665	1	one_to_one	ENSMUSG00000121137	0	NA	NA	NA	1
ENSCAFG00845019808	1	one_to_one	ENSMUSG00000111889	0	NA	NA	NA	1
ENSCAFG00845020477	1	many_to_many_DifferentNumber	ENSMUSG00000117426;ENSMUSG00000117616;ENSMUSG00000117394;ENSMUSG00000117561	0	NA	NA	NA	1
ENSCAFG00845020563	1	many_to_many_DifferentNumber	ENSMUSG00000117426;ENSMUSG00000117616;ENSMUSG00000117394;ENSMUSG00000117561	1	one_to_many	lincDivg	ENSMUSG00000117426;ENSMUSG00000117616	1
ENSCAFG00845021148	1	one_to_many	ENSMUSG00000113387;ENSMUSG00000113986;ENSMUSG00000113886;ENSMUSG00000120379	0	NA	NA	NA	0
ENSCAFG00845022139	1	one_to_many	ENSMUSG00000113235;ENSMUSG00000113939	0	NA	NA	NA	0
ENSCAFG00845022159	1	one_to_many	ENSMUSG00000113421;ENSMUSG00000113616;ENSMUSG00000113967;ENSMUSG00000120751	1	one_to_one	lncgDivg	ENSMUSG00000120751	0
ENSCAFG00845022230	1	many_to_many_DifferentNumber	ENSMUSG00000113218;ENSMUSG00000094002;ENSMUSG00000113628	0	NA	NA	NA	0
ENSCAFG00845022249	1	many_to_many_DifferentNumber	ENSMUSG00000113218;ENSMUSG00000094002;ENSMUSG00000113628	0	NA	NA	NA	0
ENSCAFG00845022239	1	many_to_many_sameNumber	ENSMUSG00000120259;ENSMUSG00000113524	0	NA	NA	NA	0
ENSCAFG00845022263	1	many_to_many_sameNumber	ENSMUSG00000120259;ENSMUSG00000113524	0	NA	NA	NA	0
ENSCAFG00845022797	1	one_to_one	ENSMUSG00000114148	0	NA	NA	NA	1
ENSCAFG00845023309	1	one_to_many	ENSMUSG00000105229;ENSMUSG00000104874	1	one_to_many	lncgSS.up	ENSMUSG00000104874;ENSMUSG00000105229	1
ENSCAFG00845023322	1	one_to_one	ENSMUSG00000085754	1	one_to_one	lncgDivg	ENSMUSG00000085754	1
ENSCAFG00845027875	1	one_to_many	ENSMUSG00000089916;ENSMUSG00000105151;ENSMUSG00000105966;ENSMUSG00000105891	0	NA	NA	NA	1
ENSCAFG00845028003	1	many_to_one	ENSMUSG00000114018	0	NA	NA	NA	1
ENSCAFG00845028027	1	many_to_one	ENSMUSG00000114018	1	many_to_one	lincConv	ENSMUSG00000114018	1
ENSCAFG00845028042	1	many_to_one	ENSMUSG00000114018	1	many_to_one	lincConv	ENSMUSG00000114018	1
ENSCAFG00845028029	1	one_to_many	ENSMUSG00000105342;ENSMUSG00000106296	0	NA	NA	NA	1
ENSCAFG00845029579	1	one_to_many	ENSMUSG00000104943;ENSMUSG00000053957	1	one_to_one	lncgDivg	ENSMUSG00000053957	1
ENSCAFG00845006552	1	many_to_one	ENSMUSG00000120965	0	NA	NA	NA	1
ENSCAFG00845006597	1	many_to_one	ENSMUSG00000120965	0	NA	NA	NA	1
ENSCAFG00845006607	1	many_to_one	ENSMUSG00000120965	0	NA	NA	NA	1
ENSCAFG00845007759	1	one_to_one	ENSMUSG00000120482	0	NA	NA	NA	1
ENSCAFG00845007727	1	one_to_one	ENSMUSG00000112532	0	NA	NA	NA	1
ENSCAFG00845009279	1	one_to_one	ENSMUSG00000112183	0	NA	NA	NA	1
ENSCAFG00845009479	1	one_to_one	ENSMUSG00000101334	0	NA	NA	NA	1
ENSCAFG00845009507	1	one_to_one	ENSMUSG00000103459	1	one_to_one	lincSS.dw	ENSMUSG00000103459	1
ENSCAFG00845010126	1	one_to_many	ENSMUSG00000102629;ENSMUSG00000105034	0	NA	NA	NA	0
ENSCAFG00845010129	1	one_to_one	ENSMUSG00000089959	0	NA	NA	NA	1
ENSCAFG00845011615	1	many_to_one	ENSMUSG00000110202	0	NA	NA	NA	0
ENSCAFG00845011640	1	many_to_one	ENSMUSG00000110202	0	NA	NA	NA	0
ENSCAFG00845011921	1	one_to_many	ENSMUSG00000089746;ENSMUSG00000120163	1	one_to_one	lncgSS.up	ENSMUSG00000089746	1
ENSCAFG00845011913	1	one_to_one	ENSMUSG00000068957	1	one_to_one	lncgDivg	ENSMUSG00000068957	1
ENSCAFG00845013292	1	one_to_many	ENSMUSG00000110382;ENSMUSG00000120585	0	NA	NA	NA	0
ENSCAFG00845015225	1	one_to_many	ENSMUSG00000085895;ENSMUSG00000120599;ENSMUSG00000120044	1	one_to_one	lncgSS.up	ENSMUSG00000120599	0
ENSCAFG00845015237	1	one_to_many	ENSMUSG00000087238;ENSMUSG00000087464;ENSMUSG00000066060	1	one_to_one	lncgDivg	ENSMUSG00000086683	0
ENSCAFG00845022473	1	many_to_one	ENSMUSG00000053420	1	one_to_one	lincDivg	ENSMUSG00000053420	0
ENSCAFG00845022478	1	many_to_one	ENSMUSG00000053420	0	NA	NA	NA	0
ENSCAFG00845022495	1	many_to_one	ENSMUSG00000053420	0	NA	NA	NA	0
ENSCAFG00845022505	1	many_to_one	ENSMUSG00000053420	0	NA	NA	NA	0
ENSCAFG00845024382	1	many_to_one	ENSMUSG00000087641	0	NA	NA	NA	1
ENSCAFG00845024399	1	many_to_one	ENSMUSG00000087641	0	NA	NA	NA	1
ENSCAFG00845024421	1	many_to_one	ENSMUSG00000087641	0	NA	NA	NA	1
ENSCAFG00845024430	1	many_to_one	ENSMUSG00000087641	0	NA	NA	NA	1
ENSCAFG00845024483	1	many_to_one	ENSMUSG00000087641	0	NA	NA	NA	0
ENSCAFG00845024372	1	many_to_one	ENSMUSG00000059027	0	NA	NA	NA	1
ENSCAFG00845024410	1	many_to_one	ENSMUSG00000059027	0	NA	NA	NA	1
ENSCAFG00845024435	1	many_to_one	ENSMUSG00000059027	0	NA	NA	NA	1
ENSCAFG00845024448	1	many_to_one	ENSMUSG00000059027	0	NA	NA	NA	1
ENSCAFG00845024460	1	many_to_one	ENSMUSG00000059027	0	NA	NA	NA	1
ENSCAFG00845027308	1	many_to_many_DifferentNumber	ENSMUSG00000085749;ENSMUSG00000086876;ENSMUSG00000087228	0	NA	NA	NA	1
ENSCAFG00845027333	1	many_to_many_DifferentNumber	ENSMUSG00000085749;ENSMUSG00000086876;ENSMUSG00000087228	0	NA	NA	NA	1
ENSCAFG00845027348	1	many_to_many_DifferentNumber	ENSMUSG00000085749;ENSMUSG00000086876;ENSMUSG00000087228	0	NA	NA	NA	1
ENSCAFG00845027362	1	many_to_many_DifferentNumber	ENSMUSG00000085749;ENSMUSG00000086876;ENSMUSG00000087228	0	NA	NA	NA	1
ENSCAFG00845027380	1	many_to_many_DifferentNumber	ENSMUSG00000085749;ENSMUSG00000086876;ENSMUSG00000087228	0	NA	NA	NA	1
ENSCAFG00845027392	1	many_to_many_DifferentNumber	ENSMUSG00000085749;ENSMUSG00000086876;ENSMUSG00000087228	0	NA	NA	NA	1
ENSCAFG00845030192	1	one_to_one	ENSMUSG00000073759	0	NA	NA	NA	1
ENSCAFG00845030198	1	many_to_many_DifferentNumber	ENSMUSG00000086087;ENSMUSG00000086955;ENSMUSG00000086978;ENSMUSG00000098760;ENSMUSG00000084757	0	NA	NA	NA	0
ENSCAFG00845030208	1	many_to_many_DifferentNumber	ENSMUSG00000086087;ENSMUSG00000086955;ENSMUSG00000086978;ENSMUSG00000098760;ENSMUSG00000084757	1	one_to_one	lncgDivg	ENSMUSG00000098760	1
ENSCAFG00845030647	1	one_to_one	ENSMUSG00000087011	0	NA	NA	NA	1
ENSCAFG00845005652	1	many_to_one	ENSMUSG00000054945	1	one_to_one	lncgDivg	ENSMUSG00000054945	1
ENSCAFG00845005677	1	many_to_one	ENSMUSG00000054945	0	NA	NA	NA	1
ENSCAFG00845005681	1	many_to_one	ENSMUSG00000054945	0	NA	NA	NA	1
ENSCAFG00845005685	1	many_to_one	ENSMUSG00000054945	0	NA	NA	NA	1
ENSCAFG00845007422	1	many_to_many_DifferentNumber	ENSMUSG00000101671;ENSMUSG00000022288;ENSMUSG00000086125	0	NA	NA	NA	1
ENSCAFG00845007429	1	many_to_many_DifferentNumber	ENSMUSG00000101671;ENSMUSG00000022288;ENSMUSG00000086125	0	NA	NA	NA	1
ENSCAFG00845008275	1	one_to_many	ENSMUSG00000101568;ENSMUSG00000115414	0	NA	NA	NA	1
ENSCAFG00845008547	1	one_to_one	ENSMUSG00000115508	1	one_to_one	lncgSS.dw	ENSMUSG00000115508	0
ENSCAFG00845010957	1	one_to_many	ENSMUSG00000116294;ENSMUSG00000069996	1	one_to_one	lincSS.up	ENSMUSG00000069996	1
ENSCAFG00845011426	1	one_to_one	ENSMUSG00000121172	0	NA	NA	NA	0
ENSCAFG00845012013	1	one_to_one	ENSMUSG00000106754	0	NA	NA	NA	1
ENSCAFG00845013254	1	one_to_one	ENSMUSG00000099958	0	NA	NA	NA	1
ENSCAFG00845014519	1	one_to_one	ENSMUSG00000107266	0	NA	NA	NA	0
ENSCAFG00845029043	1	one_to_one	ENSMUSG00000089804	0	NA	NA	NA	0
ENSCAFG00845010162	1	one_to_many	ENSMUSG00000115257;ENSMUSG00000120850	1	one_to_one	lncgSS.dw	ENSMUSG00000120850	1
ENSCAFG00845010226	1	one_to_many	ENSMUSG00000100274;ENSMUSG00000115639	1	one_to_many	lncgSS.dw	ENSMUSG00000100274;ENSMUSG00000115639	0
ENSCAFG00845021486	1	one_to_many	ENSMUSG00000115601;ENSMUSG00000115229	0	NA	NA	NA	0
ENSCAFG00845023404	1	one_to_one	ENSMUSG00000115550	0	NA	NA	NA	0
ENSCAFG00845027820	1	one_to_many	ENSMUSG00000115727;ENSMUSG00000115424	0	NA	NA	NA	0
ENSCAFG00845028123	1	one_to_many	ENSMUSG00000109371;ENSMUSG00000109062;ENSMUSG00000109215;ENSMUSG00000109064	0	NA	NA	NA	0
ENSCAFG00845028200	1	one_to_one	ENSMUSG00000109183	0	NA	NA	NA	0
ENSCAFG00845028421	1	one_to_many	ENSMUSG00000115796;ENSMUSG00000110080	0	NA	NA	NA	0
ENSCAFG00845006696	1	one_to_one	ENSMUSG00000121496	0	NA	NA	NA	1
ENSCAFG00845007260	1	one_to_one	ENSMUSG00000029837	0	NA	NA	NA	1
ENSCAFG00845012921	1	many_to_one	ENSMUSG00000120915	1	many_to_one	lncgDivg	ENSMUSG00000120915	1
ENSCAFG00845012942	1	many_to_one	ENSMUSG00000120915	1	many_to_one	lncgDivg	ENSMUSG00000120915	1
ENSCAFG00845012982	1	one_to_one	ENSMUSG00000110367	0	NA	NA	NA	1
ENSCAFG00845013297	1	many_to_one	ENSMUSG00000097726	0	NA	NA	NA	1
ENSCAFG00845013302	1	many_to_one	ENSMUSG00000097726	0	NA	NA	NA	1
ENSCAFG00845013258	1	many_to_one	ENSMUSG00000119967	0	NA	NA	NA	1
ENSCAFG00845013272	1	many_to_one	ENSMUSG00000119967	0	NA	NA	NA	1
ENSCAFG00845013315	1	many_to_one	ENSMUSG00000119967	0	NA	NA	NA	1
ENSCAFG00845014131	1	many_to_one	ENSMUSG00000121133	0	NA	NA	NA	1
ENSCAFG00845014138	1	many_to_one	ENSMUSG00000121133	0	NA	NA	NA	1
ENSCAFG00845015446	1	one_to_many	ENSMUSG00000109751;ENSMUSG00000110374;ENSMUSG00000109759	1	one_to_one	lincDivg	ENSMUSG00000109759	0
ENSCAFG00845022836	1	one_to_one	ENSMUSG00000086279	0	NA	NA	NA	1
ENSCAFG00845022855	1	one_to_one	ENSMUSG00000120575	0	NA	NA	NA	1
ENSCAFG00845022968	1	one_to_many	ENSMUSG00000110179;ENSMUSG00000110035	1	one_to_one	lincDivg	ENSMUSG00000110035	1
ENSCAFG00845023011	1	one_to_one	ENSMUSG00000109612	1	one_to_one	lincSS.up	ENSMUSG00000109612	1
ENSCAFG00845031023	1	many_to_many_sameNumber	ENSMUSG00000097406;ENSMUSG00000097484	0	NA	NA	NA	0
ENSCAFG00845031026	1	many_to_many_sameNumber	ENSMUSG00000097406;ENSMUSG00000097484	0	NA	NA	NA	0
ENSCAFG00845031021	1	many_to_one	ENSMUSG00000097563	0	NA	NA	NA	0
ENSCAFG00845031024	1	many_to_one	ENSMUSG00000097563	1	one_to_one	lncgSS.dw	ENSMUSG00000097563	0
ENSCAFG00845031055	1	one_to_one	ENSMUSG00000085058	1	one_to_one	lncgDivg	ENSMUSG00000085058	1
ENSCAFG00845031087	1	one_to_one	ENSMUSG00000120732	0	NA	NA	NA	1
ENSCAFG00845005399	1	many_to_one	ENSMUSG00000085985	0	NA	NA	NA	1
ENSCAFG00845005407	1	many_to_one	ENSMUSG00000085985	0	NA	NA	NA	1
ENSCAFG00845005413	1	many_to_one	ENSMUSG00000085985	0	NA	NA	NA	1
ENSCAFG00845007002	1	one_to_one	ENSMUSG00000098977	0	NA	NA	NA	1
ENSCAFG00845008346	1	one_to_one	ENSMUSG00000085463	1	one_to_one	lincSS.dw	ENSMUSG00000085463	1
ENSCAFG00845009975	1	one_to_many	ENSMUSG00000120888;ENSMUSG00000078706	0	NA	NA	NA	1
ENSCAFG00845010677	1	one_to_one	ENSMUSG00000085501	0	NA	NA	NA	1
ENSCAFG00845010832	1	one_to_many	ENSMUSG00000086750;ENSMUSG00000075389;ENSMUSG00000043993	1	one_to_one	lincSS.up	ENSMUSG00000075389	1
ENSCAFG00845010811	1	many_to_many_DifferentNumber	ENSMUSG00000085636;ENSMUSG00000120866	0	NA	NA	NA	1
ENSCAFG00845010820	1	many_to_many_DifferentNumber	ENSMUSG00000085636;ENSMUSG00000120866	1	many_to_one	lincDivg	ENSMUSG00000120866	1
ENSCAFG00845010842	1	many_to_many_DifferentNumber	ENSMUSG00000085636;ENSMUSG00000120866	1	many_to_one	lincDivg	ENSMUSG00000120866	1
ENSCAFG00845012067	1	one_to_one	ENSMUSG00000120033	1	one_to_one	lincConv	ENSMUSG00000120033	1
ENSCAFG00845012720	1	one_to_one	ENSMUSG00000093673	0	NA	NA	NA	1
ENSCAFG00845014061	1	many_to_one	ENSMUSG00000084887	0	NA	NA	NA	1
ENSCAFG00845014075	1	many_to_one	ENSMUSG00000084887	0	NA	NA	NA	1
ENSCAFG00845014038	1	many_to_one	ENSMUSG00000085059	0	NA	NA	NA	1
ENSCAFG00845014051	1	many_to_one	ENSMUSG00000085059	0	NA	NA	NA	1
ENSCAFG00845014054	1	many_to_one	ENSMUSG00000085059	0	NA	NA	NA	1
ENSCAFG00845014089	1	many_to_one	ENSMUSG00000085059	0	NA	NA	NA	1
ENSCAFG00845014095	1	many_to_one	ENSMUSG00000085059	0	NA	NA	NA	1
ENSCAFG00845014100	1	many_to_one	ENSMUSG00000085059	0	NA	NA	NA	1
ENSCAFG00845014107	1	many_to_one	ENSMUSG00000085059	0	NA	NA	NA	1
ENSCAFG00845014702	1	one_to_one	ENSMUSG00000120190	1	one_to_one	lncgDivg	ENSMUSG00000120190	1
ENSCAFG00845015466	1	one_to_many	ENSMUSG00000086050;ENSMUSG00000110653	0	NA	NA	NA	1
ENSCAFG00845015860	1	one_to_many	ENSMUSG00000087057;ENSMUSG00000086902;ENSMUSG00000120993	1	one_to_one	lincConv	ENSMUSG00000086902	1
ENSCAFG00845015799	1	many_to_many_sameNumber	ENSMUSG00000085104;ENSMUSG00000086859	1	many_to_many_strict	lincSS.up	ENSMUSG00000086859;ENSMUSG00000085104	1
ENSCAFG00845015826	1	many_to_many_sameNumber	ENSMUSG00000085104;ENSMUSG00000086859	1	many_to_many_strict	lincSS.up	ENSMUSG00000086859;ENSMUSG00000085104	1
ENSCAFG00845017031	1	one_to_one	ENSMUSG00000020812	1	one_to_one	lncgConv	ENSMUSG00000020812	1
ENSCAFG00845017931	1	one_to_one	ENSMUSG00000086994	0	NA	NA	NA	1
ENSCAFG00845019964	1	one_to_one	ENSMUSG00000086192	0	NA	NA	NA	1
ENSCAFG00845020376	1	one_to_one	ENSMUSG00000120559	1	one_to_one	lncgConv	ENSMUSG00000120559	1
ENSCAFG00845022560	1	one_to_one	ENSMUSG00000120012	1	one_to_one	lncgConv	ENSMUSG00000120012	0
ENSCAFG00845023898	1	one_to_one	ENSMUSG00000084930	0	NA	NA	NA	1
ENSCAFG00845028199	1	one_to_one	ENSMUSG00000084916	1	one_to_one	lncgSS.dw	ENSMUSG00000084916	0
ENSCAFG00845028462	1	many_to_one	ENSMUSG00000086761	0	NA	NA	NA	0
ENSCAFG00845028477	1	many_to_one	ENSMUSG00000086761	1	one_to_one	lncgDivg	ENSMUSG00000086268	0
ENSCAFG00845028861	1	one_to_one	ENSMUSG00000120006	0	NA	NA	NA	0
ENSCAFG00845029034	1	one_to_one	ENSMUSG00000087211	0	NA	NA	NA	1
ENSCAFG00845006233	1	one_to_many	ENSMUSG00000108025;ENSMUSG00000107022	0	NA	NA	NA	0
ENSCAFG00845006549	1	many_to_one	ENSMUSG00000113386	0	NA	NA	NA	0
ENSCAFG00845006556	1	many_to_one	ENSMUSG00000113386	1	one_to_one	lncgSS.up	ENSMUSG00000113386	0
ENSCAFG00845014606	1	one_to_one	ENSMUSG00000087356	0	NA	NA	NA	1
ENSCAFG00845017601	1	one_to_many	ENSMUSG00000108175;ENSMUSG00000108255	1	one_to_many	lncgDivg	ENSMUSG00000108255;ENSMUSG00000108175	0
ENSCAFG00845019142	1	one_to_one	ENSMUSG00000085470	0	NA	NA	NA	1
ENSCAFG00845019635	1	one_to_one	ENSMUSG00000084861	0	NA	NA	NA	0
ENSCAFG00845021189	1	one_to_one	ENSMUSG00000120672	1	one_to_one	lincDivg	ENSMUSG00000120672	1
ENSCAFG00845027005	1	one_to_many	ENSMUSG00000113608;ENSMUSG00000112967	0	NA	NA	NA	1
ENSCAFG00845028162	1	one_to_many	ENSMUSG00000113507;ENSMUSG00000101067	0	NA	NA	NA	1
ENSCAFG00845028167	1	one_to_many	ENSMUSG00000113064;ENSMUSG00000114052;ENSMUSG00000113764	0	NA	NA	NA	1
ENSCAFG00845028651	1	one_to_many	ENSMUSG00000111275;ENSMUSG00000111866;ENSMUSG00000111751	1	one_to_one	lncgDivg	ENSMUSG00000111275	1
ENSCAFG00845007440	1	one_to_one	ENSMUSG00000097548	0	NA	NA	NA	0
ENSCAFG00845009523	1	one_to_many	ENSMUSG00000107614;ENSMUSG00000107929	0	NA	NA	NA	0
ENSCAFG00845011421	1	many_to_one	ENSMUSG00000068180	0	NA	NA	NA	1
ENSCAFG00845011425	1	many_to_one	ENSMUSG00000068180	0	NA	NA	NA	1
ENSCAFG00845011510	1	one_to_one	ENSMUSG00000087114	1	one_to_one	lncgDivg	ENSMUSG00000087114	1
ENSCAFG00845012291	1	many_to_one	ENSMUSG00000107496	0	NA	NA	NA	1
ENSCAFG00845012300	1	many_to_one	ENSMUSG00000107496	0	NA	NA	NA	1
ENSCAFG00845012319	1	many_to_one	ENSMUSG00000107496	0	NA	NA	NA	1
ENSCAFG00845012707	1	many_to_many_DifferentNumber	ENSMUSG00000097462;ENSMUSG00000079462;ENSMUSG00000048636	0	NA	NA	NA	1
ENSCAFG00845012740	1	many_to_many_DifferentNumber	ENSMUSG00000097462;ENSMUSG00000079462;ENSMUSG00000048636	0	NA	NA	NA	1
ENSCAFG00845012865	1	many_to_many_DifferentNumber	ENSMUSG00000108237;ENSMUSG00000085067	0	NA	NA	NA	0
ENSCAFG00845012884	1	many_to_many_DifferentNumber	ENSMUSG00000108237;ENSMUSG00000085067	0	NA	NA	NA	0
ENSCAFG00845012891	1	many_to_many_DifferentNumber	ENSMUSG00000108237;ENSMUSG00000085067	0	NA	NA	NA	0
ENSCAFG00845012902	1	many_to_many_DifferentNumber	ENSMUSG00000108237;ENSMUSG00000085067	0	NA	NA	NA	0
ENSCAFG00845012918	1	many_to_many_DifferentNumber	ENSMUSG00000108237;ENSMUSG00000085067	0	NA	NA	NA	0
ENSCAFG00845012934	1	many_to_many_DifferentNumber	ENSMUSG00000108237;ENSMUSG00000085067	0	NA	NA	NA	0
ENSCAFG00845012947	1	many_to_many_DifferentNumber	ENSMUSG00000108237;ENSMUSG00000085067	0	NA	NA	NA	0
ENSCAFG00845012953	1	many_to_many_DifferentNumber	ENSMUSG00000108237;ENSMUSG00000085067	0	NA	NA	NA	0
ENSCAFG00845019682	1	one_to_one	ENSMUSG00000084950	1	one_to_one	lncgDivg	ENSMUSG00000084950	1
ENSCAFG00845020492	1	one_to_one	ENSMUSG00000090570	0	NA	NA	NA	1
ENSCAFG00845022376	1	many_to_one	ENSMUSG00000107999	1	one_to_one	lncgDivg	ENSMUSG00000107999	1
ENSCAFG00845022394	1	many_to_one	ENSMUSG00000107999	0	NA	NA	NA	1
ENSCAFG00845022401	1	many_to_one	ENSMUSG00000107999	0	NA	NA	NA	1
ENSCAFG00845022412	1	many_to_one	ENSMUSG00000107999	0	NA	NA	NA	1
ENSCAFG00845022425	1	many_to_one	ENSMUSG00000107999	0	NA	NA	NA	1
ENSCAFG00845022433	1	many_to_one	ENSMUSG00000107999	0	NA	NA	NA	1
ENSCAFG00845022446	1	many_to_one	ENSMUSG00000107999	0	NA	NA	NA	1
ENSCAFG00845022456	1	many_to_one	ENSMUSG00000107999	0	NA	NA	NA	1
ENSCAFG00845026073	1	one_to_one	ENSMUSG00000087317	0	NA	NA	NA	0
ENSCAFG00845026817	1	one_to_many	ENSMUSG00000120667;ENSMUSG00000097296	1	one_to_one	lincDivg	ENSMUSG00000120667	1
ENSCAFG00845026801	1	one_to_many	ENSMUSG00000120131;ENSMUSG00000097120;ENSMUSG00000120586;ENSMUSG00000120746;ENSMUSG00000120429	0	NA	NA	NA	1
ENSCAFG00845027201	1	one_to_many	ENSMUSG00000114595;ENSMUSG00000114760;ENSMUSG00000114704;ENSMUSG00000114815	1	one_to_one	lincDivg	ENSMUSG00000114815	1
ENSCAFG00845027164	1	one_to_many	ENSMUSG00000114570;ENSMUSG00000114774;ENSMUSG00000114424	1	one_to_many	lincSS.up	ENSMUSG00000114570;ENSMUSG00000114774	1
ENSCAFG00845005798	1	one_to_one	ENSMUSG00000108967	1	one_to_one	lincConv	ENSMUSG00000108967	1
ENSCAFG00845005789	1	many_to_one	ENSMUSG00000120825	0	NA	NA	NA	1
ENSCAFG00845005809	1	many_to_one	ENSMUSG00000120825	0	NA	NA	NA	1
ENSCAFG00845015375	1	many_to_one	ENSMUSG00000120825	0	NA	NA	NA	1
ENSCAFG00845015392	1	many_to_one	ENSMUSG00000120825	0	NA	NA	NA	1
ENSCAFG00845015418	1	many_to_one	ENSMUSG00000120825	0	NA	NA	NA	1
ENSCAFG00845005862	1	one_to_one	ENSMUSG00000075027	1	one_to_one	lncgDivg	ENSMUSG00000075027	0
ENSCAFG00845005873	1	one_to_many	ENSMUSG00000087559;ENSMUSG00000121187	1	one_to_one	lincSS.up	ENSMUSG00000087559	0
ENSCAFG00845005963	1	one_to_one	ENSMUSG00000085852	0	NA	NA	NA	0
ENSCAFG00845007466	1	one_to_one	ENSMUSG00000108414	0	NA	NA	NA	1
ENSCAFG00845011323	1	one_to_one	ENSMUSG00000064032	0	NA	NA	NA	1
ENSCAFG00845014571	1	one_to_one	ENSMUSG00000073778	1	one_to_one	lncgConv	ENSMUSG00000073778	0
ENSCAFG00845015156	1	one_to_one	ENSMUSG00000108977	0	NA	NA	NA	0
ENSCAFG00845017164	1	one_to_one	ENSMUSG00000086938	0	NA	NA	NA	0
ENSCAFG00845018111	1	one_to_one	ENSMUSG00000113410	0	NA	NA	NA	0
ENSCAFG00845018119	1	one_to_many	ENSMUSG00000097806;ENSMUSG00000097684	0	NA	NA	NA	0
ENSCAFG00845018566	1	many_to_many_sameNumber	ENSMUSG00000113338;ENSMUSG00000114057	1	one_to_one	lincSS.up	ENSMUSG00000114057	1
ENSCAFG00845018607	1	many_to_many_sameNumber	ENSMUSG00000113338;ENSMUSG00000114057	0	NA	NA	NA	1
ENSCAFG00845018557	1	one_to_one	ENSMUSG00000113960	0	NA	NA	NA	1
ENSCAFG00845019172	1	one_to_one	ENSMUSG00000085471	0	NA	NA	NA	0
ENSCAFG00845019583	1	one_to_one	ENSMUSG00000113100	0	NA	NA	NA	0
ENSCAFG00845019577	1	one_to_one	ENSMUSG00000113030	1	one_to_one	lncgSS.dw	ENSMUSG00000113030	0
ENSCAFG00845019697	1	many_to_one	ENSMUSG00000087069	0	NA	NA	NA	0
ENSCAFG00845019711	1	many_to_one	ENSMUSG00000087069	0	NA	NA	NA	0
ENSCAFG00845019718	1	many_to_one	ENSMUSG00000087069	0	NA	NA	NA	0
ENSCAFG00845020642	1	one_to_one	ENSMUSG00000087465	1	one_to_one	lncgDivg	ENSMUSG00000087465	0
ENSCAFG00845021588	1	one_to_one	ENSMUSG00000120441	0	NA	NA	NA	1
ENSCAFG00845023213	1	one_to_one	ENSMUSG00000121264	0	NA	NA	NA	0
ENSCAFG00845023533	1	one_to_one	ENSMUSG00000086957	0	NA	NA	NA	1
ENSCAFG00845024951	1	many_to_one	ENSMUSG00000120340	0	NA	NA	NA	0
ENSCAFG00845024960	1	many_to_one	ENSMUSG00000120340	0	NA	NA	NA	0
ENSCAFG00845026828	1	many_to_one	ENSMUSG00000112865	0	NA	NA	NA	1
ENSCAFG00845026860	1	many_to_one	ENSMUSG00000112865	0	NA	NA	NA	1
ENSCAFG00845026871	1	many_to_one	ENSMUSG00000112865	0	NA	NA	NA	1
ENSCAFG00845026882	1	many_to_one	ENSMUSG00000112865	0	NA	NA	NA	1
ENSCAFG00845027325	1	one_to_one	ENSMUSG00000052125	0	NA	NA	NA	1
ENSCAFG00845027513	1	one_to_many	ENSMUSG00000079143;ENSMUSG00000085664	1	one_to_one	lncgConv	ENSMUSG00000085664	1
ENSCAFG00845028639	1	many_to_many_sameNumber	ENSMUSG00000106269;ENSMUSG00000120367	1	one_to_one	lncgSS.up	ENSMUSG00000120367	0
ENSCAFG00845028654	1	many_to_many_sameNumber	ENSMUSG00000106269;ENSMUSG00000120367	0	NA	NA	NA	0
ENSCAFG00845006024	1	one_to_one	ENSMUSG00000120632	0	NA	NA	NA	1
ENSCAFG00845006200	1	one_to_many	ENSMUSG00000052248;ENSMUSG00000100135;ENSMUSG00000085591;ENSMUSG00000086202;ENSMUSG00000086710;ENSMUSG00000120385;ENSMUSG00000120320	0	NA	NA	NA	0
ENSCAFG00845009784	1	many_to_one	ENSMUSG00000086447	0	NA	NA	NA	0
ENSCAFG00845009801	1	many_to_one	ENSMUSG00000086447	0	NA	NA	NA	0
ENSCAFG00845020143	1	one_to_one	ENSMUSG00000109876	0	NA	NA	NA	0
ENSCAFG00845023328	1	one_to_one	ENSMUSG00000100799	0	NA	NA	NA	0
ENSCAFG00845027194	1	one_to_one	ENSMUSG00000098447	1	one_to_one	lncgDivg	ENSMUSG00000098447	1
ENSCAFG00845019292	1	one_to_one	ENSMUSG00000110814	1	one_to_one	lincDivg	ENSMUSG00000110814	1
ENSCAFG00845019279	1	one_to_one	ENSMUSG00000111598	0	NA	NA	NA	1
ENSCAFG00845019344	1	one_to_one	ENSMUSG00000120680	0	NA	NA	NA	1
ENSCAFG00845019456	1	many_to_one	ENSMUSG00000101648	0	NA	NA	NA	1
ENSCAFG00845019465	1	many_to_one	ENSMUSG00000101648	0	NA	NA	NA	1
ENSCAFG00845019479	1	many_to_one	ENSMUSG00000101648	0	NA	NA	NA	1
ENSCAFG00845019507	1	many_to_one	ENSMUSG00000101648	0	NA	NA	NA	1
ENSCAFG00845019401	1	many_to_one	ENSMUSG00000120943	0	NA	NA	NA	1
ENSCAFG00845019411	1	many_to_one	ENSMUSG00000120943	0	NA	NA	NA	1
ENSCAFG00845019422	1	many_to_one	ENSMUSG00000120943	0	NA	NA	NA	1
ENSCAFG00845019436	1	many_to_one	ENSMUSG00000120943	0	NA	NA	NA	1
ENSCAFG00845019499	1	many_to_one	ENSMUSG00000120943	0	NA	NA	NA	1
ENSCAFG00845029305	1	one_to_one	ENSMUSG00000101595	0	NA	NA	NA	1
ENSCAFG00845021917	1	one_to_one	ENSMUSG00000052724	1	one_to_one	lncgDivg	ENSMUSG00000052724	0
ENSCAFG00845025640	1	one_to_one	ENSMUSG00000111054	0	NA	NA	NA	1
ENSCAFG00845026398	1	many_to_many_DifferentNumber	ENSMUSG00000114907;ENSMUSG00000114513;ENSMUSG00000114586;ENSMUSG00000097547	0	NA	NA	NA	0
ENSCAFG00845026408	1	many_to_many_DifferentNumber	ENSMUSG00000114907;ENSMUSG00000114513;ENSMUSG00000114586;ENSMUSG00000097547	0	NA	NA	NA	0
ENSCAFG00845026418	1	many_to_many_DifferentNumber	ENSMUSG00000114907;ENSMUSG00000114513;ENSMUSG00000114586;ENSMUSG00000097547	0	NA	NA	NA	0
ENSCAFG00845026427	1	many_to_many_DifferentNumber	ENSMUSG00000114907;ENSMUSG00000114513;ENSMUSG00000114586;ENSMUSG00000097547	0	NA	NA	NA	0
ENSCAFG00845026432	1	many_to_many_DifferentNumber	ENSMUSG00000114907;ENSMUSG00000114513;ENSMUSG00000114586;ENSMUSG00000097547	0	NA	NA	NA	0
ENSCAFG00845026444	1	many_to_many_DifferentNumber	ENSMUSG00000114907;ENSMUSG00000114513;ENSMUSG00000114586;ENSMUSG00000097547	0	NA	NA	NA	0
ENSCAFG00845026455	1	many_to_many_DifferentNumber	ENSMUSG00000114907;ENSMUSG00000114513;ENSMUSG00000114586;ENSMUSG00000097547	0	NA	NA	NA	0
ENSCAFG00845026468	1	many_to_many_DifferentNumber	ENSMUSG00000114907;ENSMUSG00000114513;ENSMUSG00000114586;ENSMUSG00000097547	0	NA	NA	NA	0
ENSCAFG00845026317	1	many_to_many_sameNumber	ENSMUSG00000114390;ENSMUSG00000114794	0	NA	NA	NA	0
ENSCAFG00845026502	1	many_to_many_sameNumber	ENSMUSG00000114390;ENSMUSG00000114794	0	NA	NA	NA	0
ENSCAFG00845027655	1	one_to_one	ENSMUSG00000087167	0	NA	NA	NA	1
ENSCAFG00845027948	1	one_to_many	ENSMUSG00000102097;ENSMUSG00000101581	0	NA	NA	NA	1
ENSCAFG00845029133	1	many_to_one	ENSMUSG00000099599	0	NA	NA	NA	0
ENSCAFG00845029142	1	many_to_one	ENSMUSG00000099599	0	NA	NA	NA	0
ENSCAFG00845029247	1	one_to_one	ENSMUSG00000089709	0	NA	NA	NA	1
ENSCAFG00845029779	1	one_to_one	ENSMUSG00000086236	0	NA	NA	NA	1
ENSCAFG00845006282	1	one_to_one	ENSMUSG00000109278	0	NA	NA	NA	0
ENSCAFG00845006471	1	one_to_one	ENSMUSG00000109327	0	NA	NA	NA	1
ENSCAFG00845011442	1	one_to_one	ENSMUSG00000121235	1	one_to_one	lncgDivg	ENSMUSG00000121235	1
ENSCAFG00845011946	1	one_to_one	ENSMUSG00000098066	0	NA	NA	NA	0
ENSCAFG00845018009	1	many_to_one	ENSMUSG00000109604	1	many_to_one	lncgDivg	ENSMUSG00000109604	0
ENSCAFG00845018023	1	many_to_one	ENSMUSG00000109604	1	many_to_one	lncgDivg	ENSMUSG00000109604	0
ENSCAFG00845018038	1	many_to_one	ENSMUSG00000109604	0	NA	NA	NA	0
ENSCAFG00845018069	1	many_to_one	ENSMUSG00000109604	0	NA	NA	NA	0
ENSCAFG00845018052	1	one_to_one	ENSMUSG00000093410	0	NA	NA	NA	0
ENSCAFG00845018582	1	one_to_one	ENSMUSG00000086758	0	NA	NA	NA	0
ENSCAFG00845018649	1	many_to_one	ENSMUSG00000087544	1	many_to_one	lincConv	ENSMUSG00000087544	0
ENSCAFG00845018665	1	many_to_one	ENSMUSG00000087544	1	many_to_one	lincConv	ENSMUSG00000087544	0
ENSCAFG00845019161	1	one_to_one	ENSMUSG00000111555	0	NA	NA	NA	1
ENSCAFG00845019330	1	many_to_many_DifferentNumber	ENSMUSG00000085049;ENSMUSG00000085945	0	NA	NA	NA	0
ENSCAFG00845019345	1	many_to_many_DifferentNumber	ENSMUSG00000085049;ENSMUSG00000085945	0	NA	NA	NA	0
ENSCAFG00845019361	1	many_to_many_DifferentNumber	ENSMUSG00000085049;ENSMUSG00000085945	0	NA	NA	NA	0
ENSCAFG00845023840	1	one_to_many	ENSMUSG00000108379;ENSMUSG00000120780;ENSMUSG00000108722	0	NA	NA	NA	1
ENSCAFG00845025191	1	one_to_one	ENSMUSG00000086186	0	NA	NA	NA	0
ENSCAFG00845025115	1	many_to_one	ENSMUSG00000085444	1	one_to_one	lincConv	ENSMUSG00000085444	0
ENSCAFG00845025147	1	many_to_one	ENSMUSG00000085444	0	NA	NA	NA	0
ENSCAFG00845025164	1	many_to_one	ENSMUSG00000085444	0	NA	NA	NA	0
ENSCAFG00845014882	1	one_to_one	ENSMUSG00000107047	1	one_to_one	lincConv	ENSMUSG00000107047	0
ENSCAFG00845014857	1	one_to_many	ENSMUSG00000107048;ENSMUSG00000106692	0	NA	NA	NA	0
ENSCAFG00845015730	1	one_to_many	ENSMUSG00000106719;ENSMUSG00000106738	1	one_to_one	lncgConv	ENSMUSG00000106738	1
ENSCAFG00845017236	1	many_to_many_DifferentNumber	ENSMUSG00000110000;ENSMUSG00000100510	1	one_to_one	lncgDivg	ENSMUSG00000100510	1
ENSCAFG00845017530	1	many_to_many_DifferentNumber	ENSMUSG00000110000;ENSMUSG00000100510	0	NA	NA	NA	1
ENSCAFG00845017557	1	many_to_many_DifferentNumber	ENSMUSG00000110000;ENSMUSG00000100510	0	NA	NA	NA	1
ENSCAFG00845017624	1	many_to_many_DifferentNumber	ENSMUSG00000110000;ENSMUSG00000100510	0	NA	NA	NA	1
ENSCAFG00845017729	1	many_to_many_DifferentNumber	ENSMUSG00000110000;ENSMUSG00000100510	0	NA	NA	NA	1
ENSCAFG00845017925	1	one_to_one	ENSMUSG00000110310	1	one_to_one	lincSS.dw	ENSMUSG00000110310	0
ENSCAFG00845019352	1	one_to_many	ENSMUSG00000114892;ENSMUSG00000114898	1	one_to_one	lincDivg	ENSMUSG00000114898	1
ENSCAFG00845021656	1	one_to_one	ENSMUSG00000107132	0	NA	NA	NA	1
ENSCAFG00845021554	1	one_to_one	ENSMUSG00000107164	0	NA	NA	NA	1
ENSCAFG00845021632	1	one_to_one	ENSMUSG00000097933	0	NA	NA	NA	1
ENSCAFG00845022152	1	many_to_one	ENSMUSG00000114693	0	NA	NA	NA	1
ENSCAFG00845022175	1	many_to_one	ENSMUSG00000114693	0	NA	NA	NA	1
ENSCAFG00845022795	1	one_to_one	ENSMUSG00000085565	0	NA	NA	NA	1
ENSCAFG00845023919	1	many_to_one	ENSMUSG00000097743	0	NA	NA	NA	1
ENSCAFG00845023964	1	many_to_one	ENSMUSG00000097743	1	one_to_one	lncgConv	ENSMUSG00000097743	1
ENSCAFG00845024155	1	one_to_many	ENSMUSG00000103965;ENSMUSG00000102785;ENSMUSG00000120422	0	NA	NA	NA	1
ENSCAFG00845024136	1	many_to_many_sameNumber	ENSMUSG00000092405;ENSMUSG00000104109;ENSMUSG00000104401	0	NA	NA	NA	1
ENSCAFG00845024142	1	many_to_many_sameNumber	ENSMUSG00000092405;ENSMUSG00000104109;ENSMUSG00000104401	0	NA	NA	NA	1
ENSCAFG00845024164	1	many_to_many_sameNumber	ENSMUSG00000092405;ENSMUSG00000104109;ENSMUSG00000104401	0	NA	NA	NA	1
ENSCAFG00845025799	1	one_to_one	ENSMUSG00000120797	1	one_to_one	lincConv	ENSMUSG00000120797	0
ENSCAFG00845028348	1	one_to_one	ENSMUSG00000109992	1	one_to_one	lincSS.dw	ENSMUSG00000109992	1
ENSCAFG00845028858	1	one_to_one	ENSMUSG00000100791	0	NA	NA	NA	1
ENSCAFG00845030232	1	many_to_one	ENSMUSG00000101705	0	NA	NA	NA	0
ENSCAFG00845030241	1	many_to_one	ENSMUSG00000101705	1	many_to_one	lincSS.dw	ENSMUSG00000101705	0
ENSCAFG00845030248	1	many_to_one	ENSMUSG00000101705	1	many_to_one	lincSS.dw	ENSMUSG00000101705	0
ENSCAFG00845030256	1	many_to_one	ENSMUSG00000101705	0	NA	NA	NA	0
ENSCAFG00845030229	1	many_to_one	ENSMUSG00000100980	0	NA	NA	NA	0
ENSCAFG00845030252	1	many_to_one	ENSMUSG00000100980	0	NA	NA	NA	0
ENSCAFG00845013079	1	one_to_many	ENSMUSG00000087600;ENSMUSG00000121269;ENSMUSG00000086114	1	one_to_one	lincDivg	ENSMUSG00000121269	0
ENSCAFG00845013385	1	one_to_one	ENSMUSG00000057047	0	NA	NA	NA	0
ENSCAFG00845016856	1	one_to_one	ENSMUSG00000068062	0	NA	NA	NA	0
ENSCAFG00845017267	1	many_to_one	ENSMUSG00000056061	1	one_to_one	lncgDivg	ENSMUSG00000056061	0
ENSCAFG00845017277	1	many_to_one	ENSMUSG00000056061	0	NA	NA	NA	0
ENSCAFG00845017322	1	many_to_one	ENSMUSG00000056061	0	NA	NA	NA	0
ENSCAFG00845017394	1	many_to_one	ENSMUSG00000056061	0	NA	NA	NA	0
ENSCAFG00845017436	1	many_to_one	ENSMUSG00000056061	0	NA	NA	NA	0
ENSCAFG00845017477	1	many_to_one	ENSMUSG00000056061	0	NA	NA	NA	0
ENSCAFG00845017290	1	many_to_many_DifferentNumber	ENSMUSG00000121267;ENSMUSG00000084843	1	many_to_one	lincSS.up	ENSMUSG00000084843	0
ENSCAFG00845017300	1	many_to_many_DifferentNumber	ENSMUSG00000121267;ENSMUSG00000084843	1	many_to_one	lincSS.up	ENSMUSG00000084843	0
ENSCAFG00845017408	1	many_to_many_DifferentNumber	ENSMUSG00000121267;ENSMUSG00000084843	0	NA	NA	NA	0
ENSCAFG00845017427	1	many_to_many_DifferentNumber	ENSMUSG00000121267;ENSMUSG00000084843	0	NA	NA	NA	0
ENSCAFG00845017452	1	many_to_many_DifferentNumber	ENSMUSG00000121267;ENSMUSG00000084843	0	NA	NA	NA	0
ENSCAFG00845021034	1	one_to_one	ENSMUSG00000073236	1	one_to_one	lncgDivg	ENSMUSG00000073236	1
ENSCAFG00845021732	1	one_to_one	ENSMUSG00000079001	0	NA	NA	NA	1
ENSCAFG00845024891	1	many_to_one	ENSMUSG00000085383	0	NA	NA	NA	0
ENSCAFG00845024909	1	many_to_one	ENSMUSG00000085383	0	NA	NA	NA	0
ENSCAFG00845025537	1	one_to_one	ENSMUSG00000085483	0	NA	NA	NA	1
ENSCAFG00845026607	1	one_to_one	ENSMUSG00000086411	0	NA	NA	NA	1
ENSCAFG00845026891	1	one_to_one	ENSMUSG00000086783	0	NA	NA	NA	1
ENSCAFG00845027744	1	one_to_one	ENSMUSG00000085322	0	NA	NA	NA	1
ENSCAFG00845028085	1	one_to_one	ENSMUSG00000086250	0	NA	NA	NA	0
ENSCAFG00845028074	1	many_to_many_sameNumber	ENSMUSG00000027345;ENSMUSG00000086379	0	NA	NA	NA	0
ENSCAFG00845028099	1	many_to_many_sameNumber	ENSMUSG00000027345;ENSMUSG00000086379	1	one_to_one	lincConv	ENSMUSG00000086379	0
ENSCAFG00845028402	1	one_to_one	ENSMUSG00000087445	1	one_to_one	lincSS.dw	ENSMUSG00000087445	1
ENSCAFG00845029338	1	one_to_one	ENSMUSG00000074753	0	NA	NA	NA	1
ENSCAFG00845013844	1	one_to_one	ENSMUSG00000108094	1	one_to_one	lincSS.up	ENSMUSG00000108094	1
ENSCAFG00845014259	1	one_to_one	ENSMUSG00000072683	1	one_to_one	lncgConv	ENSMUSG00000072683	1
ENSCAFG00845018464	1	one_to_many	ENSMUSG00000107526;ENSMUSG00000121190	0	NA	NA	NA	1
ENSCAFG00845022937	1	one_to_one	ENSMUSG00000072660	0	NA	NA	NA	1
ENSCAFG00845024049	1	one_to_one	ENSMUSG00000108166	1	one_to_one	lncgSS.dw	ENSMUSG00000108166	1
ENSCAFG00845024324	1	one_to_one	ENSMUSG00000056771	0	NA	NA	NA	0
ENSCAFG00845026881	1	many_to_one	ENSMUSG00000120294	0	NA	NA	NA	0
ENSCAFG00845026901	1	many_to_one	ENSMUSG00000120294	0	NA	NA	NA	1
ENSCAFG00845027696	1	one_to_one	ENSMUSG00000120309	1	one_to_one	lncgSS.up	ENSMUSG00000120309	1
ENSCAFG00845028615	1	one_to_many	ENSMUSG00000115569;ENSMUSG00000097643;ENSMUSG00000115699	1	one_to_many	lncgDivg	ENSMUSG00000115522;ENSMUSG00000078648;ENSMUSG00000097643	1
ENSCAFG00845028963	1	one_to_one	ENSMUSG00000097831	0	NA	NA	NA	1
ENSCAFG00845030349	1	many_to_many_sameNumber	ENSMUSG00000110390;ENSMUSG00000120976	1	many_to_one	lincSS.up	ENSMUSG00000110390	0
ENSCAFG00845030360	1	many_to_many_sameNumber	ENSMUSG00000110390;ENSMUSG00000120976	1	many_to_one	lincSS.up	ENSMUSG00000110390	0
ENSCAFG00845030528	1	many_to_one	ENSMUSG00000097068	0	NA	NA	NA	1
ENSCAFG00845030536	1	many_to_one	ENSMUSG00000097068	0	NA	NA	NA	1
ENSCAFG00845030544	1	many_to_one	ENSMUSG00000097068	0	NA	NA	NA	1
ENSCAFG00845030553	1	many_to_one	ENSMUSG00000097068	0	NA	NA	NA	1
ENSCAFG00845030557	1	many_to_one	ENSMUSG00000097068	0	NA	NA	NA	1
ENSCAFG00845030560	1	many_to_one	ENSMUSG00000097068	0	NA	NA	NA	1
ENSCAFG00845030568	1	many_to_one	ENSMUSG00000097068	0	NA	NA	NA	1
ENSCAFG00845030569	1	many_to_one	ENSMUSG00000097068	0	NA	NA	NA	1
ENSCAFG00845030581	1	many_to_one	ENSMUSG00000097068	0	NA	NA	NA	1
ENSCAFG00845014983	1	many_to_one	ENSMUSG00000074664	0	NA	NA	NA	0
ENSCAFG00845014992	1	many_to_one	ENSMUSG00000074664	0	NA	NA	NA	0
ENSCAFG00845014998	1	many_to_one	ENSMUSG00000074664	0	NA	NA	NA	0
ENSCAFG00845015004	1	many_to_one	ENSMUSG00000074664	0	NA	NA	NA	0
ENSCAFG00845015013	1	many_to_one	ENSMUSG00000074664	0	NA	NA	NA	0
ENSCAFG00845015021	1	many_to_one	ENSMUSG00000074664	0	NA	NA	NA	0
ENSCAFG00845015028	1	many_to_one	ENSMUSG00000074664	0	NA	NA	NA	0
ENSCAFG00845015038	1	many_to_one	ENSMUSG00000074664	0	NA	NA	NA	0
ENSCAFG00845015041	1	many_to_one	ENSMUSG00000074664	0	NA	NA	NA	0
ENSCAFG00845015045	1	many_to_one	ENSMUSG00000074664	0	NA	NA	NA	0
ENSCAFG00845015053	1	many_to_one	ENSMUSG00000074664	0	NA	NA	NA	0
ENSCAFG00845015065	1	many_to_one	ENSMUSG00000074664	0	NA	NA	NA	0
ENSCAFG00845015073	1	many_to_one	ENSMUSG00000074664	0	NA	NA	NA	0
ENSCAFG00845016159	1	many_to_one	ENSMUSG00000102862	0	NA	NA	NA	1
ENSCAFG00845016198	1	many_to_one	ENSMUSG00000102862	0	NA	NA	NA	1
ENSCAFG00845018201	1	one_to_many	ENSMUSG00000102820;ENSMUSG00000103428	1	one_to_one	lincDivg	ENSMUSG00000103428	1
ENSCAFG00845018262	1	many_to_one	ENSMUSG00000102362	0	NA	NA	NA	1
ENSCAFG00845018284	1	many_to_one	ENSMUSG00000102362	0	NA	NA	NA	1
ENSCAFG00845018302	1	many_to_one	ENSMUSG00000102362	0	NA	NA	NA	1
ENSCAFG00845018312	1	many_to_one	ENSMUSG00000102362	0	NA	NA	NA	1
ENSCAFG00845018328	1	many_to_one	ENSMUSG00000102362	0	NA	NA	NA	1
ENSCAFG00845018337	1	many_to_one	ENSMUSG00000102362	0	NA	NA	NA	1
ENSCAFG00845018346	1	many_to_one	ENSMUSG00000102362	0	NA	NA	NA	1
ENSCAFG00845018357	1	many_to_one	ENSMUSG00000102362	0	NA	NA	NA	1
ENSCAFG00845018364	1	many_to_one	ENSMUSG00000102362	0	NA	NA	NA	1
ENSCAFG00845018378	1	many_to_one	ENSMUSG00000102362	0	NA	NA	NA	1
ENSCAFG00845021437	1	one_to_one	ENSMUSG00000097786	0	NA	NA	NA	1
ENSCAFG00845021883	1	one_to_one	ENSMUSG00000116733	0	NA	NA	NA	1
ENSCAFG00845023287	1	one_to_one	ENSMUSG00000096960	0	NA	NA	NA	1
ENSCAFG00845023293	1	one_to_many	ENSMUSG00000120156;ENSMUSG00000120515	0	NA	NA	NA	1
ENSCAFG00845023910	1	many_to_one	ENSMUSG00000090257	1	many_to_one	lncgConv	ENSMUSG00000090257	1
ENSCAFG00845023933	1	many_to_one	ENSMUSG00000090257	1	many_to_one	lncgConv	ENSMUSG00000090257	1
ENSCAFG00845024236	1	one_to_one	ENSMUSG00000090203	0	NA	NA	NA	1
ENSCAFG00845028107	1	one_to_one	ENSMUSG00000094763	1	one_to_one	lncgDivg	ENSMUSG00000094763	1
ENSCAFG00845014581	1	many_to_one	ENSMUSG00000103116	1	one_to_one	lincDivg	ENSMUSG00000103116	0
ENSCAFG00845014605	1	many_to_one	ENSMUSG00000103116	0	NA	NA	NA	0
ENSCAFG00845014615	1	many_to_one	ENSMUSG00000103116	0	NA	NA	NA	0
ENSCAFG00845014794	1	many_to_many_DifferentNumber	ENSMUSG00000089794;ENSMUSG00000120107	1	many_to_one	lincDivg	ENSMUSG00000120107	1
ENSCAFG00845014799	1	many_to_many_DifferentNumber	ENSMUSG00000089794;ENSMUSG00000120107	1	many_to_one	lincDivg	ENSMUSG00000120107	1
ENSCAFG00845014805	1	many_to_many_DifferentNumber	ENSMUSG00000089794;ENSMUSG00000120107	1	many_to_one	lincDivg	ENSMUSG00000120107	1
ENSCAFG00845014811	1	many_to_many_DifferentNumber	ENSMUSG00000089794;ENSMUSG00000120107	1	many_to_one	lincDivg	ENSMUSG00000120107	1
ENSCAFG00845014816	1	many_to_many_DifferentNumber	ENSMUSG00000089794;ENSMUSG00000120107	1	many_to_one	lincDivg	ENSMUSG00000120107	1
ENSCAFG00845016283	1	one_to_one	ENSMUSG00000086765	0	NA	NA	NA	1
ENSCAFG00845020529	1	one_to_one	ENSMUSG00000087199	1	one_to_one	lncgDivg	ENSMUSG00000087199	1
ENSCAFG00845021889	1	one_to_one	ENSMUSG00000086227	1	one_to_one	lincSS.dw	ENSMUSG00000086227	0
ENSCAFG00845027503	1	one_to_one	ENSMUSG00000086066	1	one_to_one	lncgSS.up	ENSMUSG00000086066	1
ENSCAFG00845027546	1	many_to_one	ENSMUSG00000087099	0	NA	NA	NA	1
ENSCAFG00845027556	1	many_to_one	ENSMUSG00000087099	1	many_to_one	lincDivg	ENSMUSG00000087099	1
ENSCAFG00845027561	1	many_to_one	ENSMUSG00000087099	1	many_to_one	lincDivg	ENSMUSG00000087099	1
ENSCAFG00845027568	1	many_to_one	ENSMUSG00000087099	1	many_to_one	lincDivg	ENSMUSG00000087099	1
ENSCAFG00845027574	1	many_to_one	ENSMUSG00000087099	1	many_to_one	lincDivg	ENSMUSG00000087099	1
ENSCAFG00845027579	1	many_to_one	ENSMUSG00000087099	1	many_to_one	lincDivg	ENSMUSG00000087099	1
ENSCAFG00845027589	1	many_to_one	ENSMUSG00000087099	1	many_to_one	lincDivg	ENSMUSG00000087099	1
ENSCAFG00845027596	1	many_to_one	ENSMUSG00000087099	1	many_to_one	lincDivg	ENSMUSG00000087099	1
ENSCAFG00845028942	1	one_to_one	ENSMUSG00000100110	0	NA	NA	NA	1
ENSCAFG00845029642	1	one_to_one	ENSMUSG00000100010	0	NA	NA	NA	1
ENSCAFG00845016437	1	one_to_one	ENSMUSG00000084964	0	NA	NA	NA	0
ENSCAFG00845016742	1	one_to_many	ENSMUSG00000120564;ENSMUSG00000108626	0	NA	NA	NA	0
ENSCAFG00845018236	1	many_to_many_DifferentNumber	ENSMUSG00000117911;ENSMUSG00000117823	1	many_to_one	lincSS.dw	ENSMUSG00000117911	1
ENSCAFG00845018257	1	many_to_many_DifferentNumber	ENSMUSG00000117911;ENSMUSG00000117823	1	many_to_one	lincSS.dw	ENSMUSG00000117911	1
ENSCAFG00845018273	1	many_to_many_DifferentNumber	ENSMUSG00000117911;ENSMUSG00000117823	1	many_to_one	lincSS.dw	ENSMUSG00000117911	1
ENSCAFG00845018293	1	many_to_many_DifferentNumber	ENSMUSG00000117911;ENSMUSG00000117823	1	many_to_one	lincSS.dw	ENSMUSG00000117911	1
ENSCAFG00845018305	1	many_to_many_DifferentNumber	ENSMUSG00000117911;ENSMUSG00000117823	1	many_to_one	lincSS.dw	ENSMUSG00000117911	1
ENSCAFG00845018224	1	many_to_one	ENSMUSG00000097683	0	NA	NA	NA	1
ENSCAFG00845018250	1	many_to_one	ENSMUSG00000097683	0	NA	NA	NA	1
ENSCAFG00845023217	1	many_to_one	ENSMUSG00000117703	0	NA	NA	NA	1
ENSCAFG00845023244	1	many_to_one	ENSMUSG00000117703	0	NA	NA	NA	1
ENSCAFG00845023836	1	one_to_one	ENSMUSG00000109855	0	NA	NA	NA	1
ENSCAFG00845026552	1	one_to_one	ENSMUSG00000117814	0	NA	NA	NA	1
ENSCAFG00845027153	1	one_to_many	ENSMUSG00000099810;ENSMUSG00000120675	0	NA	NA	NA	0
ENSCAFG00845027146	1	one_to_one	ENSMUSG00000121125	0	NA	NA	NA	0
ENSCAFG00845028492	1	one_to_many	ENSMUSG00000097779;ENSMUSG00000117768;ENSMUSG00000120446	0	NA	NA	NA	0
ENSCAFG00845029995	1	one_to_one	ENSMUSG00000097591	0	NA	NA	NA	0
ENSCAFG00845030961	1	one_to_one	ENSMUSG00000117871	0	NA	NA	NA	1
ENSCAFG00845023946	1	one_to_one	ENSMUSG00000090086	0	NA	NA	NA	1
ENSCAFG00845023963	1	one_to_many	ENSMUSG00000104156;ENSMUSG00000105881	1	one_to_one	lncgSS.up	ENSMUSG00000105881	1
ENSCAFG00845024262	1	one_to_many	ENSMUSG00000097368;ENSMUSG00000107141;ENSMUSG00000098649	1	one_to_one	lncgDivg	ENSMUSG00000098649	1
ENSCAFG00845028836	1	one_to_one	ENSMUSG00000118366	1	one_to_one	lncgSS.dw	ENSMUSG00000118366	0
ENSCAFG00845029182	1	one_to_one	ENSMUSG00000104681	0	NA	NA	NA	0
ENSCAFG00845016520	1	one_to_one	ENSMUSG00000111058	1	one_to_one	lincSS.dw	ENSMUSG00000111058	1
ENSCAFG00845016896	1	many_to_one	ENSMUSG00000101555	0	NA	NA	NA	0
ENSCAFG00845016908	1	many_to_one	ENSMUSG00000101555	0	NA	NA	NA	0
ENSCAFG00845019771	1	one_to_one	ENSMUSG00000121050	1	one_to_one	lncgSS.dw	ENSMUSG00000121050	1
ENSCAFG00845020165	1	many_to_one	ENSMUSG00000086416	0	NA	NA	NA	1
ENSCAFG00845020189	1	many_to_one	ENSMUSG00000086416	0	NA	NA	NA	1
ENSCAFG00845020205	1	many_to_one	ENSMUSG00000086416	0	NA	NA	NA	1
ENSCAFG00845020991	1	one_to_one	ENSMUSG00000086387	0	NA	NA	NA	1
ENSCAFG00845021070	1	one_to_one	ENSMUSG00000111037	0	NA	NA	NA	1
ENSCAFG00845022896	1	one_to_one	ENSMUSG00000111761	0	NA	NA	NA	1
ENSCAFG00845022886	1	many_to_many_sameNumber	ENSMUSG00000111296;ENSMUSG00000111809	1	many_to_one	lincDivg	ENSMUSG00000111809	1
ENSCAFG00845022908	1	many_to_many_sameNumber	ENSMUSG00000111296;ENSMUSG00000111809	1	many_to_one	lincDivg	ENSMUSG00000111809	1
ENSCAFG00845024011	1	many_to_one	ENSMUSG00000101266	0	NA	NA	NA	1
ENSCAFG00845024106	1	many_to_one	ENSMUSG00000101266	0	NA	NA	NA	1
ENSCAFG00845024298	1	one_to_one	ENSMUSG00000111722	0	NA	NA	NA	1
ENSCAFG00845027976	1	one_to_many	ENSMUSG00000066477;ENSMUSG00000093662	0	NA	NA	NA	0
ENSCAFG00845029006	1	one_to_one	ENSMUSG00000098294	0	NA	NA	NA	0
ENSCAFG00845029020	1	one_to_one	ENSMUSG00000086624	1	one_to_many	lncgDivg	ENSMUSG00000086624;ENSMUSG00000085753	0
ENSCAFG00845031111	1	one_to_many	ENSMUSG00000085448;ENSMUSG00000087545;ENSMUSG00000087106;ENSMUSG00000084798	0	NA	NA	NA	0
ENSCAFG00845017653	1	many_to_many_DifferentNumber	ENSMUSG00000115518;ENSMUSG00000115469;ENSMUSG00000114988	1	one_to_many	lncgDivg	ENSMUSG00000115469;ENSMUSG00000114988;ENSMUSG00000115518	1
ENSCAFG00845017701	1	many_to_many_DifferentNumber	ENSMUSG00000115518;ENSMUSG00000115469;ENSMUSG00000114988	0	NA	NA	NA	1
ENSCAFG00845018155	1	many_to_many_sameNumber	ENSMUSG00000116799;ENSMUSG00000116810	0	NA	NA	NA	1
ENSCAFG00845018172	1	many_to_many_sameNumber	ENSMUSG00000116799;ENSMUSG00000116810	0	NA	NA	NA	0
ENSCAFG00845018228	1	one_to_many	ENSMUSG00000116556;ENSMUSG00000116555;ENSMUSG00000116979;ENSMUSG00000116993	0	NA	NA	NA	0
ENSCAFG00845020683	1	one_to_one	ENSMUSG00000116976	0	NA	NA	NA	1
ENSCAFG00845021920	1	one_to_one	ENSMUSG00000112818	1	one_to_one	lincConv	ENSMUSG00000112818	1
ENSCAFG00845022658	1	many_to_one	ENSMUSG00000120080	0	NA	NA	NA	1
ENSCAFG00845022669	1	many_to_one	ENSMUSG00000120080	0	NA	NA	NA	1
ENSCAFG00845022698	1	many_to_one	ENSMUSG00000120080	0	NA	NA	NA	1
ENSCAFG00845023583	1	one_to_many	ENSMUSG00000116600;ENSMUSG00000116989;ENSMUSG00000120905	0	NA	NA	NA	0
ENSCAFG00845025710	1	many_to_many_DifferentNumber	ENSMUSG00000086331;ENSMUSG00000116747;ENSMUSG00000116608	0	NA	NA	NA	0
ENSCAFG00845025720	1	many_to_many_DifferentNumber	ENSMUSG00000086331;ENSMUSG00000116747;ENSMUSG00000116608	0	NA	NA	NA	0
ENSCAFG00845025747	1	many_to_many_DifferentNumber	ENSMUSG00000086331;ENSMUSG00000116747;ENSMUSG00000116608	0	NA	NA	NA	0
ENSCAFG00845025769	1	many_to_many_DifferentNumber	ENSMUSG00000086331;ENSMUSG00000116747;ENSMUSG00000116608	0	NA	NA	NA	0
ENSCAFG00845025732	1	many_to_one	ENSMUSG00000116878	0	NA	NA	NA	0
ENSCAFG00845025756	1	many_to_one	ENSMUSG00000116878	0	NA	NA	NA	0
ENSCAFG00845026338	1	one_to_one	ENSMUSG00000116763	1	one_to_one	lincSS.up	ENSMUSG00000116763	1
ENSCAFG00845026718	1	one_to_one	ENSMUSG00000084866	1	one_to_one	lincSS.up	ENSMUSG00000084866	1
ENSCAFG00845026695	1	many_to_one	ENSMUSG00000116987	0	NA	NA	NA	1
ENSCAFG00845026725	1	many_to_one	ENSMUSG00000116987	1	one_to_one	lincDivg	ENSMUSG00000116987	1
ENSCAFG00845027642	1	many_to_many_sameNumber	ENSMUSG00000116947;ENSMUSG00000121032	0	NA	NA	NA	1
ENSCAFG00845027653	1	many_to_many_sameNumber	ENSMUSG00000116947;ENSMUSG00000121032	0	NA	NA	NA	1
ENSCAFG00845027630	1	one_to_many	ENSMUSG00000116681;ENSMUSG00000116569	0	NA	NA	NA	1
ENSCAFG00845028522	1	one_to_one	ENSMUSG00000116589	1	one_to_one	lncgConv	ENSMUSG00000116589	1
ENSCAFG00845029154	1	one_to_one	ENSMUSG00000120082	0	NA	NA	NA	1
ENSCAFG00845016244	1	one_to_many	ENSMUSG00000105006;ENSMUSG00000105283	0	NA	NA	NA	1
ENSCAFG00845016602	1	one_to_one	ENSMUSG00000120996	1	one_to_one	lncgDivg	ENSMUSG00000120996	1
ENSCAFG00845024286	1	many_to_one	ENSMUSG00000055138	0	NA	NA	NA	0
ENSCAFG00845024304	1	many_to_one	ENSMUSG00000055138	0	NA	NA	NA	0
ENSCAFG00845024857	1	one_to_one	ENSMUSG00000104776	0	NA	NA	NA	1
ENSCAFG00845025469	1	one_to_one	ENSMUSG00000106306	0	NA	NA	NA	1
ENSCAFG00845027473	1	one_to_many	ENSMUSG00000105952;ENSMUSG00000104645;ENSMUSG00000097911;ENSMUSG00000106069	0	NA	NA	NA	0
ENSCAFG00845027521	1	many_to_many_sameNumber	ENSMUSG00000105085;ENSMUSG00000104556;ENSMUSG00000106139	0	NA	NA	NA	0
ENSCAFG00845027534	1	many_to_many_sameNumber	ENSMUSG00000105085;ENSMUSG00000104556;ENSMUSG00000106139	0	NA	NA	NA	0
ENSCAFG00845027542	1	many_to_many_sameNumber	ENSMUSG00000105085;ENSMUSG00000104556;ENSMUSG00000106139	0	NA	NA	NA	0
ENSCAFG00845029601	1	one_to_one	ENSMUSG00000104960	1	one_to_one	lncgConv	ENSMUSG00000104960	0
ENSCAFG00845015227	1	one_to_one	ENSMUSG00000075070	1	one_to_many	lncgDivg	ENSMUSG00000116903;ENSMUSG00000055370;ENSMUSG00000085499;ENSMUSG00000075070	1
ENSCAFG00845015654	1	one_to_one	ENSMUSG00000116965	0	NA	NA	NA	0
ENSCAFG00845015643	1	one_to_one	ENSMUSG00000116573	0	NA	NA	NA	0
ENSCAFG00845022125	1	one_to_one	ENSMUSG00000120214	0	NA	NA	NA	1
ENSCAFG00845024047	1	many_to_one	ENSMUSG00000120744	0	NA	NA	NA	1
ENSCAFG00845024063	1	many_to_one	ENSMUSG00000120744	1	one_to_one	lncgSS.dw	ENSMUSG00000120744	1
ENSCAFG00845025389	1	one_to_one	ENSMUSG00000099429	0	NA	NA	NA	1
ENSCAFG00845028287	1	one_to_one	ENSMUSG00000120962	0	NA	NA	NA	0
ENSCAFG00845030781	1	many_to_many_sameNumber	ENSMUSG00000116570;ENSMUSG00000116951;ENSMUSG00000116581	1	many_to_many	lincSS.dw	ENSMUSG00000116951;ENSMUSG00000116581	1
ENSCAFG00845030804	1	many_to_many_sameNumber	ENSMUSG00000116570;ENSMUSG00000116951;ENSMUSG00000116581	1	many_to_many	lincSS.dw	ENSMUSG00000116951;ENSMUSG00000116581	1
ENSCAFG00845030811	1	many_to_many_sameNumber	ENSMUSG00000116570;ENSMUSG00000116951;ENSMUSG00000116581	1	many_to_many	lincSS.dw	ENSMUSG00000116951;ENSMUSG00000116581	1
ENSCAFG00845030802	1	many_to_many_sameNumber	ENSMUSG00000116546;ENSMUSG00000116737	1	many_to_one	lincConv	ENSMUSG00000116737	1
ENSCAFG00845030807	1	many_to_many_sameNumber	ENSMUSG00000116546;ENSMUSG00000116737	1	many_to_one	lincConv	ENSMUSG00000116737	1
ENSCAFG00845017029	1	one_to_one	ENSMUSG00000087061	0	NA	NA	NA	1
ENSCAFG00845019596	1	many_to_many_DifferentNumber	ENSMUSG00000087504;ENSMUSG00000100303;ENSMUSG00000121212	0	NA	NA	NA	1
ENSCAFG00845019608	1	many_to_many_DifferentNumber	ENSMUSG00000087504;ENSMUSG00000100303;ENSMUSG00000121212	0	NA	NA	NA	1
ENSCAFG00845019631	1	many_to_many_DifferentNumber	ENSMUSG00000087504;ENSMUSG00000100303;ENSMUSG00000121212	1	many_to_one	lincSS.up	ENSMUSG00000121212	1
ENSCAFG00845019779	1	many_to_many_DifferentNumber	ENSMUSG00000087504;ENSMUSG00000100303;ENSMUSG00000121212	1	many_to_one	lincSS.up	ENSMUSG00000121212	1
ENSCAFG00845019586	1	many_to_many_sameNumber	ENSMUSG00000087333;ENSMUSG00000086044;ENSMUSG00000086576;ENSMUSG00000120684	0	NA	NA	NA	1
ENSCAFG00845019618	1	many_to_many_sameNumber	ENSMUSG00000087333;ENSMUSG00000086044;ENSMUSG00000086576;ENSMUSG00000120684	0	NA	NA	NA	1
ENSCAFG00845019650	1	many_to_many_sameNumber	ENSMUSG00000087333;ENSMUSG00000086044;ENSMUSG00000086576;ENSMUSG00000120684	0	NA	NA	NA	1
ENSCAFG00845019794	1	many_to_many_sameNumber	ENSMUSG00000087333;ENSMUSG00000086044;ENSMUSG00000086576;ENSMUSG00000120684	0	NA	NA	NA	1
ENSCAFG00845027092	1	one_to_many	ENSMUSG00000121035;ENSMUSG00000121134	0	NA	NA	NA	0
ENSCAFG00845027032	1	many_to_one	ENSMUSG00000120236	0	NA	NA	NA	0
ENSCAFG00845027042	1	many_to_one	ENSMUSG00000120236	1	many_to_one	lincConv	ENSMUSG00000120236	0
ENSCAFG00845027055	1	many_to_one	ENSMUSG00000120236	1	many_to_one	lincConv	ENSMUSG00000120236	0
ENSCAFG00845027064	1	many_to_one	ENSMUSG00000120236	1	many_to_one	lincConv	ENSMUSG00000120236	0
ENSCAFG00845027444	1	one_to_one	ENSMUSG00000087455	0	NA	NA	NA	0
ENSCAFG00845028545	1	many_to_many_sameNumber	ENSMUSG00000087570;ENSMUSG00000064263	1	many_to_one	lincSS.up	ENSMUSG00000064263	0
ENSCAFG00845028553	1	many_to_many_sameNumber	ENSMUSG00000087570;ENSMUSG00000064263	1	many_to_one	lincSS.up	ENSMUSG00000064263	0
ENSCAFG00845028758	1	many_to_many_DifferentNumber	ENSMUSG00000086641;ENSMUSG00000084794	0	NA	NA	NA	0
ENSCAFG00845028768	1	many_to_many_DifferentNumber	ENSMUSG00000086641;ENSMUSG00000084794	0	NA	NA	NA	0
ENSCAFG00845028776	1	many_to_many_DifferentNumber	ENSMUSG00000086641;ENSMUSG00000084794	0	NA	NA	NA	0
ENSCAFG00845028898	1	one_to_many	ENSMUSG00000086196;ENSMUSG00000087283	0	NA	NA	NA	1
ENSCAFG00845030193	1	one_to_many	ENSMUSG00000087681;ENSMUSG00000087422	1	one_to_one	lincSS.up	ENSMUSG00000087681	0
ENSCAFG00845017058	1	one_to_one	ENSMUSG00000121280	0	NA	NA	NA	1
ENSCAFG00845019690	1	one_to_many	ENSMUSG00000087514;ENSMUSG00000100354	1	one_to_one	lincSS.dw	ENSMUSG00000100354	0
ENSCAFG00845020033	1	one_to_many	ENSMUSG00000100815;ENSMUSG00000099954	0	NA	NA	NA	0
ENSCAFG00845020314	1	one_to_many	ENSMUSG00000100811;ENSMUSG00000100426	0	NA	NA	NA	0
ENSCAFG00845021946	1	many_to_one	ENSMUSG00000101895	0	NA	NA	NA	1
ENSCAFG00845021969	1	many_to_one	ENSMUSG00000101895	0	NA	NA	NA	1
ENSCAFG00845025062	1	one_to_many	ENSMUSG00000101112;ENSMUSG00000101812;ENSMUSG00000100429	0	NA	NA	NA	0
ENSCAFG00845027949	1	one_to_many	ENSMUSG00000099945;ENSMUSG00000087022	0	NA	NA	NA	0
ENSCAFG00845027922	1	many_to_many_DifferentNumber	ENSMUSG00000101429;ENSMUSG00000120334;ENSMUSG00000097519	1	many_to_one	lncgSS.up	ENSMUSG00000120334	0
ENSCAFG00845027930	1	many_to_many_DifferentNumber	ENSMUSG00000101429;ENSMUSG00000120334;ENSMUSG00000097519	1	many_to_one	lncgSS.up	ENSMUSG00000120334	0
ENSCAFG00845030631	1	one_to_many	ENSMUSG00000100827;ENSMUSG00000100553	0	NA	NA	NA	0
ENSCAFG00845016765	1	one_to_one	ENSMUSG00000114370	0	NA	NA	NA	0
ENSCAFG00845017101	1	many_to_one	ENSMUSG00000086363	1	many_to_one	lincDivg	ENSMUSG00000086363	0
ENSCAFG00845017123	1	many_to_one	ENSMUSG00000086363	1	many_to_one	lincDivg	ENSMUSG00000086363	0
ENSCAFG00845017130	1	many_to_one	ENSMUSG00000086363	0	NA	NA	NA	0
ENSCAFG00845018004	1	many_to_many_sameNumber	ENSMUSG00000114638;ENSMUSG00000114866	0	NA	NA	NA	1
ENSCAFG00845018018	1	many_to_many_sameNumber	ENSMUSG00000114638;ENSMUSG00000114866	0	NA	NA	NA	1
ENSCAFG00845017983	1	one_to_one	ENSMUSG00000114331	0	NA	NA	NA	1
ENSCAFG00845018135	1	one_to_many	ENSMUSG00000113998;ENSMUSG00000113185	0	NA	NA	NA	1
ENSCAFG00845019052	1	one_to_one	ENSMUSG00000114270	0	NA	NA	NA	1
ENSCAFG00845019046	1	one_to_one	ENSMUSG00000114647	0	NA	NA	NA	1
ENSCAFG00845020833	1	one_to_many	ENSMUSG00000097373;ENSMUSG00000114914;ENSMUSG00000114552;ENSMUSG00000114585	0	NA	NA	NA	1
ENSCAFG00845021056	1	one_to_many	ENSMUSG00000085759;ENSMUSG00000099672;ENSMUSG00000100071;ENSMUSG00000113856	0	NA	NA	NA	0
ENSCAFG00845022121	1	one_to_one	ENSMUSG00000120366	0	NA	NA	NA	0
ENSCAFG00845023137	1	one_to_many	ENSMUSG00000114121;ENSMUSG00000110016	0	NA	NA	NA	1
ENSCAFG00845024895	1	one_to_one	ENSMUSG00000114752	0	NA	NA	NA	1
ENSCAFG00845027683	1	many_to_one	ENSMUSG00000104245	0	NA	NA	NA	1
ENSCAFG00845027688	1	many_to_one	ENSMUSG00000104245	0	NA	NA	NA	1
ENSCAFG00845027692	1	many_to_one	ENSMUSG00000104245	0	NA	NA	NA	1
ENSCAFG00845028234	1	many_to_one	ENSMUSG00000103690	0	NA	NA	NA	1
ENSCAFG00845028245	1	many_to_one	ENSMUSG00000103690	1	many_to_one	lincSS.dw	ENSMUSG00000103690	1
ENSCAFG00845028269	1	many_to_one	ENSMUSG00000103690	1	many_to_one	lincSS.dw	ENSMUSG00000103690	1
ENSCAFG00845028299	1	one_to_many	ENSMUSG00000103449;ENSMUSG00000119954	0	NA	NA	NA	1
ENSCAFG00845005912	0	NA	NA	1	one_to_one	lincConv	ENSMUSG00000101700	1
ENSCAFG00845005712	0	NA	NA	1	many_to_one	lincConv	ENSMUSG00000097082	0
ENSCAFG00845027451	0	NA	NA	1	many_to_one	lincConv	ENSMUSG00000097082	0
ENSCAFG00845005320	0	NA	NA	1	many_to_one	lincConv	ENSMUSG00000114787	1
ENSCAFG00845005325	0	NA	NA	1	many_to_one	lincConv	ENSMUSG00000114787	1
ENSCAFG00845005315	0	NA	NA	1	many_to_one	lincConv	ENSMUSG00000114787	1
ENSCAFG00845030508	0	NA	NA	1	one_to_one	lincConv	ENSMUSG00000117890	1
ENSCAFG00845022979	0	NA	NA	1	one_to_many	lincConv	ENSMUSG00000098206;ENSMUSG00000098243	1
ENSCAFG00845029051	0	NA	NA	1	one_to_one	lincConv	ENSMUSG00000106334	1
ENSCAFG00845021980	0	NA	NA	1	many_to_one	lincConv	ENSMUSG00000101608	0
ENSCAFG00845021968	0	NA	NA	1	many_to_one	lincConv	ENSMUSG00000101608	0
ENSCAFG00845020052	0	NA	NA	1	one_to_one	lincConv	ENSMUSG00000111146	0
ENSCAFG00845023947	0	NA	NA	1	one_to_one	lincConv	ENSMUSG00000120706	0
ENSCAFG00845016439	0	NA	NA	1	one_to_one	lincConv	ENSMUSG00000093535	0
ENSCAFG00845001708	0	NA	NA	1	one_to_one	lincConv	ENSMUSG00000110467	0
ENSCAFG00845028611	0	NA	NA	1	one_to_one	lincConv	ENSMUSG00000084802	1
ENSCAFG00845022177	0	NA	NA	1	one_to_many	lincConv	ENSMUSG00000087647;ENSMUSG00000085740	1
ENSCAFG00845028902	0	NA	NA	1	one_to_one	lincConv	ENSMUSG00000120726	1
ENSCAFG00845001172	0	NA	NA	1	one_to_one	lincConv	ENSMUSG00000118352	0
ENSCAFG00845004462	0	NA	NA	1	many_to_one	lincConv	ENSMUSG00000085892	0
ENSCAFG00845004493	0	NA	NA	1	many_to_one	lincConv	ENSMUSG00000085892	0
ENSCAFG00845004486	0	NA	NA	1	many_to_one	lincConv	ENSMUSG00000085892	0
ENSCAFG00845004470	0	NA	NA	1	many_to_one	lincConv	ENSMUSG00000085892	0
ENSCAFG00845021997	0	NA	NA	1	one_to_one	lincDivg	ENSMUSG00000120517	0
ENSCAFG00845008214	0	NA	NA	1	many_to_many_strict	lincDivg	ENSMUSG00000100496;ENSMUSG00000086349	1
ENSCAFG00845008226	0	NA	NA	1	many_to_many_strict	lincDivg	ENSMUSG00000100496;ENSMUSG00000086349	1
ENSCAFG00845005851	0	NA	NA	1	many_to_many_strict	lincDivg	ENSMUSG00000113580;ENSMUSG00000113548	0
ENSCAFG00845005842	0	NA	NA	1	many_to_many_strict	lincDivg	ENSMUSG00000113580;ENSMUSG00000113548	0
ENSCAFG00845023181	0	NA	NA	1	one_to_one	lincDivg	ENSMUSG00000116725	0
ENSCAFG00845019932	0	NA	NA	1	many_to_one	lincDivg	ENSMUSG00000116769	0
ENSCAFG00845019893	0	NA	NA	1	many_to_one	lincDivg	ENSMUSG00000116769	0
ENSCAFG00845019904	0	NA	NA	1	many_to_one	lincDivg	ENSMUSG00000116769	0
ENSCAFG00845019942	0	NA	NA	1	many_to_one	lincDivg	ENSMUSG00000116769	0
ENSCAFG00845019915	0	NA	NA	1	many_to_one	lincDivg	ENSMUSG00000116769	0
ENSCAFG00845019958	0	NA	NA	1	many_to_one	lincDivg	ENSMUSG00000116769	0
ENSCAFG00845004812	0	NA	NA	1	one_to_one	lincDivg	ENSMUSG00000117868	0
ENSCAFG00845002310	0	NA	NA	1	one_to_one	lincDivg	ENSMUSG00000118020	1
ENSCAFG00845015499	0	NA	NA	1	one_to_many	lincDivg	ENSMUSG00000086804;ENSMUSG00000086732	0
ENSCAFG00845001870	0	NA	NA	1	many_to_many	lincDivg	ENSMUSG00000100711;ENSMUSG00000100182	1
ENSCAFG00845001772	0	NA	NA	1	many_to_many	lincDivg	ENSMUSG00000100711;ENSMUSG00000100182	1
ENSCAFG00845001811	0	NA	NA	1	many_to_many	lincDivg	ENSMUSG00000100711;ENSMUSG00000100182	1
ENSCAFG00845001817	0	NA	NA	1	many_to_many	lincDivg	ENSMUSG00000100711;ENSMUSG00000100182	1
ENSCAFG00845001849	0	NA	NA	1	many_to_many	lincDivg	ENSMUSG00000100711;ENSMUSG00000100182	1
ENSCAFG00845001792	0	NA	NA	1	many_to_many	lincDivg	ENSMUSG00000100711;ENSMUSG00000100182	1
ENSCAFG00845001779	0	NA	NA	1	many_to_many	lincDivg	ENSMUSG00000100711;ENSMUSG00000100182	1
ENSCAFG00845001857	0	NA	NA	1	many_to_many	lincDivg	ENSMUSG00000100711;ENSMUSG00000100182	1
ENSCAFG00845007953	0	NA	NA	1	one_to_one	lincDivg	ENSMUSG00000115545	1
ENSCAFG00845022967	0	NA	NA	1	many_to_one	lincDivg	ENSMUSG00000106845	1
ENSCAFG00845022973	0	NA	NA	1	many_to_one	lincDivg	ENSMUSG00000106845	1
ENSCAFG00845029920	0	NA	NA	1	one_to_one	lincDivg	ENSMUSG00000086370	1
ENSCAFG00845001405	0	NA	NA	1	one_to_one	lincDivg	ENSMUSG00000110634	0
ENSCAFG00845010420	0	NA	NA	1	one_to_many	lincDivg	ENSMUSG00000111225;ENSMUSG00000111014	0
ENSCAFG00845030254	0	NA	NA	1	one_to_one	lincDivg	ENSMUSG00000121167	1
ENSCAFG00845006787	0	NA	NA	1	one_to_one	lincDivg	ENSMUSG00000111666	1
ENSCAFG00845004412	0	NA	NA	1	one_to_many	lincDivg	ENSMUSG00000115015;ENSMUSG00000115690	1
ENSCAFG00845006577	0	NA	NA	1	one_to_one	lincDivg	ENSMUSG00000108875	0
ENSCAFG00845010736	0	NA	NA	1	one_to_one	lincDivg	ENSMUSG00000112629	0
ENSCAFG00845004802	0	NA	NA	1	one_to_one	lincDivg	ENSMUSG00000097980	0
ENSCAFG00845016219	0	NA	NA	1	one_to_many	lincDivg	ENSMUSG00000104763;ENSMUSG00000106437	1
ENSCAFG00845030897	0	NA	NA	1	one_to_one	lincDivg	ENSMUSG00000119973	1
ENSCAFG00845022291	0	NA	NA	1	one_to_one	lincDivg	ENSMUSG00000085025	0
ENSCAFG00845002719	0	NA	NA	1	many_to_many_strict	lincDivg	ENSMUSG00000108311;ENSMUSG00000120135;ENSMUSG00000108724	0
ENSCAFG00845002714	0	NA	NA	1	many_to_many_strict	lincDivg	ENSMUSG00000108311;ENSMUSG00000120135;ENSMUSG00000108724	0
ENSCAFG00845002709	0	NA	NA	1	many_to_many_strict	lincDivg	ENSMUSG00000108311;ENSMUSG00000120135;ENSMUSG00000108724	0
ENSCAFG00845013845	0	NA	NA	1	one_to_one	lincDivg	ENSMUSG00000100335	1
ENSCAFG00845004791	0	NA	NA	1	many_to_one	lincSS.dw	ENSMUSG00000117570	0
ENSCAFG00845004796	0	NA	NA	1	many_to_one	lincSS.dw	ENSMUSG00000117570	0
ENSCAFG00845024131	0	NA	NA	1	one_to_one	lincSS.dw	ENSMUSG00000107737	1
ENSCAFG00845010646	0	NA	NA	1	many_to_one	lincSS.dw	ENSMUSG00000086707	0
ENSCAFG00845010660	0	NA	NA	1	many_to_one	lincSS.dw	ENSMUSG00000086707	0
ENSCAFG00845005327	0	NA	NA	1	one_to_many	lincSS.dw	ENSMUSG00000114200;ENSMUSG00000114623	1
ENSCAFG00845012649	0	NA	NA	1	many_to_one	lincSS.dw	ENSMUSG00000097039	0
ENSCAFG00845012589	0	NA	NA	1	many_to_one	lincSS.dw	ENSMUSG00000097039	0
ENSCAFG00845019637	0	NA	NA	1	one_to_one	lincSS.dw	ENSMUSG00000115970	1
ENSCAFG00845030880	0	NA	NA	1	many_to_many_strict	lincSS.dw	ENSMUSG00000118178;ENSMUSG00000117655	1
ENSCAFG00845030878	0	NA	NA	1	many_to_many_strict	lincSS.dw	ENSMUSG00000118178;ENSMUSG00000117655	1
ENSCAFG00845020062	0	NA	NA	1	one_to_one	lincSS.dw	ENSMUSG00000111192	0
ENSCAFG00845003575	0	NA	NA	1	many_to_one	lincSS.dw	ENSMUSG00000120678	0
ENSCAFG00845003570	0	NA	NA	1	many_to_one	lincSS.dw	ENSMUSG00000120678	0
ENSCAFG00845020598	0	NA	NA	1	one_to_one	lincSS.dw	ENSMUSG00000108421	1
ENSCAFG00845006077	0	NA	NA	1	one_to_one	lincSS.dw	ENSMUSG00000112246	0
ENSCAFG00845009050	0	NA	NA	1	many_to_many_strict	lincSS.dw	ENSMUSG00000109419;ENSMUSG00000053979	0
ENSCAFG00845009060	0	NA	NA	1	many_to_many_strict	lincSS.dw	ENSMUSG00000109419;ENSMUSG00000053979	0
ENSCAFG00845005022	0	NA	NA	1	one_to_one	lincSS.dw	ENSMUSG00000037535	0
ENSCAFG00845012139	0	NA	NA	1	one_to_one	lincSS.dw	ENSMUSG00000117044	1
ENSCAFG00845027767	0	NA	NA	1	many_to_one	lincSS.dw	ENSMUSG00000101028	0
ENSCAFG00845027697	0	NA	NA	1	many_to_one	lincSS.dw	ENSMUSG00000101028	0
ENSCAFG00845021449	0	NA	NA	1	one_to_many	lincSS.dw	ENSMUSG00000112481;ENSMUSG00000112501	0
ENSCAFG00845021384	0	NA	NA	1	one_to_one	lincSS.dw	ENSMUSG00000114695	0
ENSCAFG00845011168	0	NA	NA	1	many_to_one	lincSS.dw	ENSMUSG00000100943	1
ENSCAFG00845011159	0	NA	NA	1	many_to_one	lincSS.dw	ENSMUSG00000100943	1
ENSCAFG00845017486	0	NA	NA	1	one_to_one	lincSS.dw	ENSMUSG00000120245	0
ENSCAFG00845003665	0	NA	NA	1	one_to_one	lincSS.dw	ENSMUSG00000120447	1
ENSCAFG00845013133	0	NA	NA	1	one_to_one	lincSS.dw	ENSMUSG00000104529	1
ENSCAFG00845030688	0	NA	NA	1	one_to_one	lincSS.up	ENSMUSG00000107013	1
ENSCAFG00845005579	0	NA	NA	1	one_to_one	lincSS.up	ENSMUSG00000097676	1
ENSCAFG00845022844	0	NA	NA	1	one_to_many	lincSS.up	ENSMUSG00000085046;ENSMUSG00000085618	1
ENSCAFG00845004813	0	NA	NA	1	one_to_one	lincSS.up	ENSMUSG00000109248	1
ENSCAFG00845023880	0	NA	NA	1	many_to_one	lincSS.up	ENSMUSG00000111366	0
ENSCAFG00845023906	0	NA	NA	1	many_to_one	lincSS.up	ENSMUSG00000111366	0
ENSCAFG00845013863	0	NA	NA	1	one_to_one	lincSS.up	ENSMUSG00000112470	1
ENSCAFG00845003835	0	NA	NA	1	one_to_one	lincSS.up	ENSMUSG00000113453	0
ENSCAFG00845025224	0	NA	NA	1	one_to_one	lincSS.up	ENSMUSG00000120611	0
ENSCAFG00845014572	0	NA	NA	1	one_to_one	lincSS.up	ENSMUSG00000116380	0
ENSCAFG00845024046	0	NA	NA	1	many_to_one	lincSS.up	ENSMUSG00000092341	0
ENSCAFG00845024060	0	NA	NA	1	many_to_one	lincSS.up	ENSMUSG00000092341	0
ENSCAFG00845018024	0	NA	NA	1	one_to_one	lincSS.up	ENSMUSG00000120928	0
ENSCAFG00845006763	0	NA	NA	1	one_to_one	lincSS.up	ENSMUSG00000109733	0
ENSCAFG00845010698	0	NA	NA	1	one_to_one	lincSS.up	ENSMUSG00000121037	1
ENSCAFG00845018902	0	NA	NA	1	one_to_one	lincSS.up	ENSMUSG00000111803	1
ENSCAFG00845008967	0	NA	NA	1	one_to_one	lincSS.up	ENSMUSG00000110925	1
ENSCAFG00845016970	0	NA	NA	1	one_to_one	lincSS.up	ENSMUSG00000097018	1
ENSCAFG00845020760	0	NA	NA	1	one_to_many	lincSS.up	ENSMUSG00000112400;ENSMUSG00000112599	0
ENSCAFG00845016501	0	NA	NA	1	one_to_many	lincSS.up	ENSMUSG00000110665;ENSMUSG00000110604	1
ENSCAFG00845017643	0	NA	NA	1	many_to_one	lincSS.up	ENSMUSG00000097302	1
ENSCAFG00845017654	0	NA	NA	1	many_to_one	lincSS.up	ENSMUSG00000097302	1
ENSCAFG00845007888	0	NA	NA	1	many_to_one	lincSS.up	ENSMUSG00000101600	0
ENSCAFG00845007872	0	NA	NA	1	many_to_one	lincSS.up	ENSMUSG00000101600	0
ENSCAFG00845029454	0	NA	NA	1	one_to_one	lincSS.up	ENSMUSG00000120363	0
ENSCAFG00845000562	0	NA	NA	1	one_to_one	lincSS.up	ENSMUSG00000097738	0
ENSCAFG00845027339	0	NA	NA	1	one_to_one	lncgConv	ENSMUSG00000069785	1
ENSCAFG00845018871	0	NA	NA	1	one_to_one	lncgConv	ENSMUSG00000010492	1
ENSCAFG00845003724	0	NA	NA	1	one_to_one	lncgConv	ENSMUSG00000087590	0
ENSCAFG00845024033	0	NA	NA	1	one_to_one	lncgConv	ENSMUSG00000097665	1
ENSCAFG00845008731	0	NA	NA	1	one_to_one	lncgConv	ENSMUSG00000085319	1
ENSCAFG00845001910	0	NA	NA	1	one_to_one	lncgConv	ENSMUSG00000086128	1
ENSCAFG00845022254	0	NA	NA	1	one_to_one	lncgConv	ENSMUSG00000085135	0
ENSCAFG00845016555	0	NA	NA	1	one_to_one	lncgDivg	ENSMUSG00000091238	1
ENSCAFG00845027810	0	NA	NA	1	one_to_many	lncgDivg	ENSMUSG00000118127;ENSMUSG00000117659	1
ENSCAFG00845020481	0	NA	NA	1	one_to_one	lncgDivg	ENSMUSG00000120886	1
ENSCAFG00845006899	0	NA	NA	1	many_to_many_strict	lncgDivg	ENSMUSG00000084910;ENSMUSG00000086027	0
ENSCAFG00845006972	0	NA	NA	1	many_to_many_strict	lncgDivg	ENSMUSG00000084910;ENSMUSG00000086027	0
ENSCAFG00845029298	0	NA	NA	1	one_to_one	lncgDivg	ENSMUSG00000075335	1
ENSCAFG00845029373	0	NA	NA	1	one_to_one	lncgDivg	ENSMUSG00000120470	0
ENSCAFG00845025179	0	NA	NA	1	one_to_one	lncgDivg	ENSMUSG00000105541	1
ENSCAFG00845004914	0	NA	NA	1	one_to_many	lncgDivg	ENSMUSG00000109420;ENSMUSG00000121222	1
ENSCAFG00845004944	0	NA	NA	1	one_to_one	lncgDivg	ENSMUSG00000109341	0
ENSCAFG00845013855	0	NA	NA	1	one_to_one	lncgDivg	ENSMUSG00000112684	1
ENSCAFG00845028878	0	NA	NA	1	one_to_one	lncgDivg	ENSMUSG00000085326	0
ENSCAFG00845009182	0	NA	NA	1	one_to_one	lncgDivg	ENSMUSG00000112763	0
ENSCAFG00845017845	0	NA	NA	1	one_to_one	lncgDivg	ENSMUSG00000113654	0
ENSCAFG00845028220	0	NA	NA	1	one_to_one	lncgDivg	ENSMUSG00000114917	1
ENSCAFG00845018340	0	NA	NA	1	one_to_one	lncgDivg	ENSMUSG00000113170	1
ENSCAFG00845003833	0	NA	NA	1	one_to_one	lncgDivg	ENSMUSG00000113459	0
ENSCAFG00845017086	0	NA	NA	1	one_to_one	lncgDivg	ENSMUSG00000098682	1
ENSCAFG00845011361	0	NA	NA	1	one_to_one	lncgDivg	ENSMUSG00000120401	0
ENSCAFG00845011782	0	NA	NA	1	one_to_one	lncgDivg	ENSMUSG00000121209	1
ENSCAFG00845004142	0	NA	NA	1	one_to_many	lncgDivg	ENSMUSG00000114511;ENSMUSG00000114306;ENSMUSG00000120137	0
ENSCAFG00845012049	0	NA	NA	1	one_to_one	lncgDivg	ENSMUSG00000085575	1
ENSCAFG00845022927	0	NA	NA	1	one_to_one	lncgDivg	ENSMUSG00000097413	0
ENSCAFG00845002071	0	NA	NA	1	one_to_one	lncgDivg	ENSMUSG00000093628	1
ENSCAFG00845020648	0	NA	NA	1	one_to_one	lncgDivg	ENSMUSG00000101242	1
ENSCAFG00845007905	0	NA	NA	1	one_to_one	lncgDivg	ENSMUSG00000085862	1
ENSCAFG00845018049	0	NA	NA	1	one_to_many	lncgDivg	ENSMUSG00000086954;ENSMUSG00000085496	0
ENSCAFG00845001682	0	NA	NA	1	one_to_one	lncgDivg	ENSMUSG00000087411	1
ENSCAFG00845027822	0	NA	NA	1	one_to_many	lncgDivg	ENSMUSG00000092492;ENSMUSG00000110373	0
ENSCAFG00845021146	0	NA	NA	1	one_to_one	lncgDivg	ENSMUSG00000085416	1
ENSCAFG00845009640	0	NA	NA	1	one_to_one	lncgDivg	ENSMUSG00000090194	1
ENSCAFG00845020623	0	NA	NA	1	one_to_one	lncgDivg	ENSMUSG00000108148	1
ENSCAFG00845005014	0	NA	NA	1	one_to_one	lncgDivg	ENSMUSG00000085236	0
ENSCAFG00845020891	0	NA	NA	1	one_to_one	lncgDivg	ENSMUSG00000084984	0
ENSCAFG00845008952	0	NA	NA	1	one_to_one	lncgDivg	ENSMUSG00000053889	1
ENSCAFG00845001229	0	NA	NA	1	one_to_one	lncgDivg	ENSMUSG00000110755	1
ENSCAFG00845020663	0	NA	NA	1	one_to_one	lncgDivg	ENSMUSG00000111629	0
ENSCAFG00845025097	0	NA	NA	1	one_to_one	lncgDivg	ENSMUSG00000053821	0
ENSCAFG00845006662	0	NA	NA	1	one_to_one	lncgDivg	ENSMUSG00000120285	0
ENSCAFG00845008404	0	NA	NA	1	one_to_one	lncgDivg	ENSMUSG00000114357	1
ENSCAFG00845010438	0	NA	NA	1	one_to_one	lncgDivg	ENSMUSG00000112350	0
ENSCAFG00845013464	0	NA	NA	1	one_to_many	lncgDivg	ENSMUSG00000085418;ENSMUSG00000112555;ENSMUSG00000084764;ENSMUSG00000085454	1
ENSCAFG00845010409	0	NA	NA	1	one_to_one	lncgDivg	ENSMUSG00000056031	0
ENSCAFG00845017649	0	NA	NA	1	one_to_one	lncgDivg	ENSMUSG00000045238	0
ENSCAFG00845030524	0	NA	NA	1	one_to_one	lncgDivg	ENSMUSG00000115858	1
ENSCAFG00845018059	0	NA	NA	1	one_to_one	lncgDivg	ENSMUSG00000117994	1
ENSCAFG00845007159	0	NA	NA	1	one_to_one	lncgDivg	ENSMUSG00000085192	1
ENSCAFG00845030436	0	NA	NA	1	one_to_one	lncgDivg	ENSMUSG00000097596	0
ENSCAFG00845016096	0	NA	NA	1	one_to_one	lncgDivg	ENSMUSG00000038491	1
ENSCAFG00845013253	0	NA	NA	1	one_to_many	lncgDivg	ENSMUSG00000106588;ENSMUSG00000105534	0
ENSCAFG00845003795	0	NA	NA	1	one_to_one	lncgDivg	ENSMUSG00000115433	1
ENSCAFG00845023476	0	NA	NA	1	one_to_one	lncgDivg	ENSMUSG00000097040	0
ENSCAFG00845004019	0	NA	NA	1	one_to_many	lncgDivg	ENSMUSG00000086375;ENSMUSG00000087245	0
ENSCAFG00845029939	0	NA	NA	1	one_to_one	lncgDivg	ENSMUSG00000104559	1
ENSCAFG00845000144	0	NA	NA	1	one_to_one	lncgDivg	ENSMUSG00000089866	1
ENSCAFG00845026192	0	NA	NA	1	one_to_one	lncgDivg	ENSMUSG00000101674	1
ENSCAFG00845027482	0	NA	NA	1	one_to_one	lncgDivg	ENSMUSG00000089707	0
ENSCAFG00845029682	0	NA	NA	1	one_to_one	lncgDivg	ENSMUSG00000086017	1
ENSCAFG00845003649	0	NA	NA	1	one_to_one	lncgDivg	ENSMUSG00000110166	0
ENSCAFG00845000571	0	NA	NA	1	many_to_one	lncgDivg	ENSMUSG00000118339	0
ENSCAFG00845000566	0	NA	NA	1	many_to_one	lncgDivg	ENSMUSG00000118339	0
ENSCAFG00845019009	0	NA	NA	1	one_to_many	lncgDivg	ENSMUSG00000092599;ENSMUSG00000045178	0
ENSCAFG00845022760	0	NA	NA	1	one_to_one	lncgDivg	ENSMUSG00000080058	0
ENSCAFG00845013466	0	NA	NA	1	one_to_one	lncgDivg	ENSMUSG00000105339	1
ENSCAFG00845013621	0	NA	NA	1	one_to_one	lncgDivg	ENSMUSG00000090070	1
ENSCAFG00845018900	0	NA	NA	1	one_to_one	lncgSS.dw	ENSMUSG00000113910	1
ENSCAFG00845009849	0	NA	NA	1	one_to_one	lncgSS.dw	ENSMUSG00000121490	1
ENSCAFG00845009888	0	NA	NA	1	one_to_one	lncgSS.dw	ENSMUSG00000073528	0
ENSCAFG00845023999	0	NA	NA	1	one_to_one	lncgSS.dw	ENSMUSG00000104925	1
ENSCAFG00845010817	0	NA	NA	1	one_to_one	lncgSS.dw	ENSMUSG00000117718	1
ENSCAFG00845016883	0	NA	NA	1	one_to_one	lncgSS.dw	ENSMUSG00000098302	1
ENSCAFG00845008721	0	NA	NA	1	one_to_one	lncgSS.dw	ENSMUSG00000054057	1
ENSCAFG00845027402	0	NA	NA	1	one_to_one	lncgSS.dw	ENSMUSG00000101662	0
ENSCAFG00845030686	0	NA	NA	1	one_to_one	lncgSS.up	ENSMUSG00000120876	1
ENSCAFG00845012273	0	NA	NA	1	one_to_one	lncgSS.up	ENSMUSG00000120287	0
ENSCAFG00845018680	0	NA	NA	1	one_to_one	lncgSS.up	ENSMUSG00000120240	0
ENSCAFG00845022083	0	NA	NA	1	one_to_one	lncgSS.up	ENSMUSG00000113265	1
ENSCAFG00845022067	0	NA	NA	1	one_to_many	lncgSS.up	ENSMUSG00000085639;ENSMUSG00000106951;ENSMUSG00000108207;ENSMUSG00000085971;ENSMUSG00000106892;ENSMUSG00000085237	1
ENSCAFG00845000010	0	NA	NA	0	NA	NA	NA	1
ENSCAFG00845000013	0	NA	NA	0	NA	NA	NA	1
ENSCAFG00845000027	0	NA	NA	0	NA	NA	NA	1
ENSCAFG00845000058	0	NA	NA	0	NA	NA	NA	1
ENSCAFG00845000060	0	NA	NA	0	NA	NA	NA	1
ENSCAFG00845000095	0	NA	NA	0	NA	NA	NA	1
ENSCAFG00845000100	0	NA	NA	0	NA	NA	NA	1
ENSCAFG00845000102	0	NA	NA	0	NA	NA	NA	1
ENSCAFG00845000114	0	NA	NA	0	NA	NA	NA	1
ENSCAFG00845000116	0	NA	NA	0	NA	NA	NA	1
ENSCAFG00845000118	0	NA	NA	0	NA	NA	NA	1
ENSCAFG00845000119	0	NA	NA	0	NA	NA	NA	1
ENSCAFG00845000132	0	NA	NA	0	NA	NA	NA	1
ENSCAFG00845000136	0	NA	NA	0	NA	NA	NA	1
ENSCAFG00845000137	0	NA	NA	0	NA	NA	NA	1
ENSCAFG00845000140	0	NA	NA	0	NA	NA	NA	1
ENSCAFG00845000142	0	NA	NA	0	NA	NA	NA	1
ENSCAFG00845000146	0	NA	NA	0	NA	NA	NA	1
ENSCAFG00845000148	0	NA	NA	0	NA	NA	NA	1
ENSCAFG00845000151	0	NA	NA	0	NA	NA	NA	1
ENSCAFG00845000153	0	NA	NA	0	NA	NA	NA	1
ENSCAFG00845000156	0	NA	NA	0	NA	NA	NA	1
ENSCAFG00845000158	0	NA	NA	0	NA	NA	NA	1
ENSCAFG00845000159	0	NA	NA	0	NA	NA	NA	1
ENSCAFG00845000163	0	NA	NA	0	NA	NA	NA	1
ENSCAFG00845000169	0	NA	NA	0	NA	NA	NA	1
ENSCAFG00845000228	0	NA	NA	0	NA	NA	NA	1
ENSCAFG00845000231	0	NA	NA	0	NA	NA	NA	1
ENSCAFG00845000236	0	NA	NA	0	NA	NA	NA	1
ENSCAFG00845000243	0	NA	NA	0	NA	NA	NA	1
ENSCAFG00845000248	0	NA	NA	0	NA	NA	NA	1
ENSCAFG00845000290	0	NA	NA	0	NA	NA	NA	1
ENSCAFG00845000318	0	NA	NA	0	NA	NA	NA	1
ENSCAFG00845000349	0	NA	NA	0	NA	NA	NA	1
ENSCAFG00845000355	0	NA	NA	0	NA	NA	NA	1
ENSCAFG00845000362	0	NA	NA	0	NA	NA	NA	1
ENSCAFG00845000431	0	NA	NA	0	NA	NA	NA	1
ENSCAFG00845000493	0	NA	NA	0	NA	NA	NA	1
ENSCAFG00845000502	0	NA	NA	0	NA	NA	NA	1
ENSCAFG00845000548	0	NA	NA	0	NA	NA	NA	1
ENSCAFG00845000557	0	NA	NA	0	NA	NA	NA	1
ENSCAFG00845000620	0	NA	NA	0	NA	NA	NA	1
ENSCAFG00845000621	0	NA	NA	0	NA	NA	NA	1
ENSCAFG00845000637	0	NA	NA	0	NA	NA	NA	1
ENSCAFG00845000640	0	NA	NA	0	NA	NA	NA	1
ENSCAFG00845000641	0	NA	NA	0	NA	NA	NA	1
ENSCAFG00845000646	0	NA	NA	0	NA	NA	NA	1
ENSCAFG00845000648	0	NA	NA	0	NA	NA	NA	1
ENSCAFG00845000655	0	NA	NA	0	NA	NA	NA	1
ENSCAFG00845000668	0	NA	NA	0	NA	NA	NA	1
ENSCAFG00845000677	0	NA	NA	0	NA	NA	NA	1
ENSCAFG00845000682	0	NA	NA	0	NA	NA	NA	1
ENSCAFG00845000685	0	NA	NA	0	NA	NA	NA	1
ENSCAFG00845000691	0	NA	NA	0	NA	NA	NA	1
ENSCAFG00845000728	0	NA	NA	0	NA	NA	NA	1
ENSCAFG00845000750	0	NA	NA	0	NA	NA	NA	1
ENSCAFG00845000754	0	NA	NA	0	NA	NA	NA	1
ENSCAFG00845000797	0	NA	NA	0	NA	NA	NA	1
ENSCAFG00845000801	0	NA	NA	0	NA	NA	NA	1
ENSCAFG00845000806	0	NA	NA	0	NA	NA	NA	1
ENSCAFG00845000807	0	NA	NA	0	NA	NA	NA	1
ENSCAFG00845000813	0	NA	NA	0	NA	NA	NA	1
ENSCAFG00845000814	0	NA	NA	0	NA	NA	NA	1
ENSCAFG00845000822	0	NA	NA	0	NA	NA	NA	1
ENSCAFG00845000826	0	NA	NA	0	NA	NA	NA	1
ENSCAFG00845000834	0	NA	NA	0	NA	NA	NA	1
ENSCAFG00845000864	0	NA	NA	0	NA	NA	NA	1
ENSCAFG00845000870	0	NA	NA	0	NA	NA	NA	1
ENSCAFG00845000886	0	NA	NA	0	NA	NA	NA	1
ENSCAFG00845000906	0	NA	NA	0	NA	NA	NA	1
ENSCAFG00845000911	0	NA	NA	0	NA	NA	NA	1
ENSCAFG00845000917	0	NA	NA	0	NA	NA	NA	1
ENSCAFG00845000956	0	NA	NA	0	NA	NA	NA	1
ENSCAFG00845000958	0	NA	NA	0	NA	NA	NA	1
ENSCAFG00845000960	0	NA	NA	0	NA	NA	NA	1
ENSCAFG00845000963	0	NA	NA	0	NA	NA	NA	1
ENSCAFG00845000966	0	NA	NA	0	NA	NA	NA	1
ENSCAFG00845001015	0	NA	NA	0	NA	NA	NA	1
ENSCAFG00845001083	0	NA	NA	0	NA	NA	NA	1
ENSCAFG00845001084	0	NA	NA	0	NA	NA	NA	1
ENSCAFG00845001088	0	NA	NA	0	NA	NA	NA	1
ENSCAFG00845001101	0	NA	NA	0	NA	NA	NA	1
ENSCAFG00845001103	0	NA	NA	0	NA	NA	NA	1
ENSCAFG00845001111	0	NA	NA	0	NA	NA	NA	1
ENSCAFG00845001116	0	NA	NA	0	NA	NA	NA	1
ENSCAFG00845001138	0	NA	NA	0	NA	NA	NA	1
ENSCAFG00845001148	0	NA	NA	0	NA	NA	NA	1
ENSCAFG00845001163	0	NA	NA	0	NA	NA	NA	1
ENSCAFG00845001165	0	NA	NA	0	NA	NA	NA	1
ENSCAFG00845001167	0	NA	NA	0	NA	NA	NA	1
ENSCAFG00845001177	0	NA	NA	0	NA	NA	NA	1
ENSCAFG00845001181	0	NA	NA	0	NA	NA	NA	1
ENSCAFG00845001184	0	NA	NA	0	NA	NA	NA	1
ENSCAFG00845001185	0	NA	NA	0	NA	NA	NA	1
ENSCAFG00845001206	0	NA	NA	0	NA	NA	NA	1
ENSCAFG00845001221	0	NA	NA	0	NA	NA	NA	1
ENSCAFG00845001282	0	NA	NA	0	NA	NA	NA	1
ENSCAFG00845001284	0	NA	NA	0	NA	NA	NA	1
ENSCAFG00845001307	0	NA	NA	0	NA	NA	NA	1
ENSCAFG00845001367	0	NA	NA	0	NA	NA	NA	1
ENSCAFG00845001389	0	NA	NA	0	NA	NA	NA	1
ENSCAFG00845001390	0	NA	NA	0	NA	NA	NA	1
ENSCAFG00845001407	0	NA	NA	0	NA	NA	NA	1
ENSCAFG00845001410	0	NA	NA	0	NA	NA	NA	1
ENSCAFG00845001413	0	NA	NA	0	NA	NA	NA	1
ENSCAFG00845001414	0	NA	NA	0	NA	NA	NA	1
ENSCAFG00845001420	0	NA	NA	0	NA	NA	NA	1
ENSCAFG00845001437	0	NA	NA	0	NA	NA	NA	1
ENSCAFG00845001442	0	NA	NA	0	NA	NA	NA	1
ENSCAFG00845001447	0	NA	NA	0	NA	NA	NA	1
ENSCAFG00845001455	0	NA	NA	0	NA	NA	NA	1
ENSCAFG00845001463	0	NA	NA	0	NA	NA	NA	1
ENSCAFG00845001474	0	NA	NA	0	NA	NA	NA	1
ENSCAFG00845001476	0	NA	NA	0	NA	NA	NA	1
ENSCAFG00845001484	0	NA	NA	0	NA	NA	NA	1
ENSCAFG00845001527	0	NA	NA	0	NA	NA	NA	1
ENSCAFG00845001530	0	NA	NA	0	NA	NA	NA	1
ENSCAFG00845001548	0	NA	NA	0	NA	NA	NA	1
ENSCAFG00845001553	0	NA	NA	0	NA	NA	NA	1
ENSCAFG00845001572	0	NA	NA	0	NA	NA	NA	1
ENSCAFG00845001654	0	NA	NA	0	NA	NA	NA	1
ENSCAFG00845001677	0	NA	NA	0	NA	NA	NA	1
ENSCAFG00845001732	0	NA	NA	0	NA	NA	NA	1
ENSCAFG00845001744	0	NA	NA	0	NA	NA	NA	1
ENSCAFG00845001760	0	NA	NA	0	NA	NA	NA	1
ENSCAFG00845001764	0	NA	NA	0	NA	NA	NA	1
ENSCAFG00845001767	0	NA	NA	0	NA	NA	NA	1
ENSCAFG00845001784	0	NA	NA	0	NA	NA	NA	1
ENSCAFG00845001787	0	NA	NA	0	NA	NA	NA	1
ENSCAFG00845001804	0	NA	NA	0	NA	NA	NA	1
ENSCAFG00845001807	0	NA	NA	0	NA	NA	NA	1
ENSCAFG00845001826	0	NA	NA	0	NA	NA	NA	1
ENSCAFG00845001834	0	NA	NA	0	NA	NA	NA	1
ENSCAFG00845001844	0	NA	NA	0	NA	NA	NA	1
ENSCAFG00845001863	0	NA	NA	0	NA	NA	NA	1
ENSCAFG00845001879	0	NA	NA	0	NA	NA	NA	1
ENSCAFG00845001886	0	NA	NA	0	NA	NA	NA	1
ENSCAFG00845001893	0	NA	NA	0	NA	NA	NA	1
ENSCAFG00845001899	0	NA	NA	0	NA	NA	NA	1
ENSCAFG00845001900	0	NA	NA	0	NA	NA	NA	1
ENSCAFG00845001950	0	NA	NA	0	NA	NA	NA	1
ENSCAFG00845002022	0	NA	NA	0	NA	NA	NA	1
ENSCAFG00845002035	0	NA	NA	0	NA	NA	NA	1
ENSCAFG00845002038	0	NA	NA	0	NA	NA	NA	1
ENSCAFG00845002053	0	NA	NA	0	NA	NA	NA	1
ENSCAFG00845002057	0	NA	NA	0	NA	NA	NA	1
ENSCAFG00845002064	0	NA	NA	0	NA	NA	NA	1
ENSCAFG00845002068	0	NA	NA	0	NA	NA	NA	1
ENSCAFG00845002079	0	NA	NA	0	NA	NA	NA	1
ENSCAFG00845002124	0	NA	NA	0	NA	NA	NA	1
ENSCAFG00845002125	0	NA	NA	0	NA	NA	NA	1
ENSCAFG00845002128	0	NA	NA	0	NA	NA	NA	1
ENSCAFG00845002130	0	NA	NA	0	NA	NA	NA	1
ENSCAFG00845002134	0	NA	NA	0	NA	NA	NA	1
ENSCAFG00845002139	0	NA	NA	0	NA	NA	NA	1
ENSCAFG00845002143	0	NA	NA	0	NA	NA	NA	1
ENSCAFG00845002148	0	NA	NA	0	NA	NA	NA	1
ENSCAFG00845002155	0	NA	NA	0	NA	NA	NA	1
ENSCAFG00845002160	0	NA	NA	0	NA	NA	NA	1
ENSCAFG00845002195	0	NA	NA	0	NA	NA	NA	1
ENSCAFG00845002204	0	NA	NA	0	NA	NA	NA	1
ENSCAFG00845002218	0	NA	NA	0	NA	NA	NA	1
ENSCAFG00845002234	0	NA	NA	0	NA	NA	NA	1
ENSCAFG00845002235	0	NA	NA	0	NA	NA	NA	1
ENSCAFG00845002240	0	NA	NA	0	NA	NA	NA	1
ENSCAFG00845002245	0	NA	NA	0	NA	NA	NA	1
ENSCAFG00845002299	0	NA	NA	0	NA	NA	NA	1
ENSCAFG00845002307	0	NA	NA	0	NA	NA	NA	1
ENSCAFG00845002308	0	NA	NA	0	NA	NA	NA	1
ENSCAFG00845002313	0	NA	NA	0	NA	NA	NA	1
ENSCAFG00845002342	0	NA	NA	0	NA	NA	NA	1
ENSCAFG00845002355	0	NA	NA	0	NA	NA	NA	1
ENSCAFG00845002361	0	NA	NA	0	NA	NA	NA	1
ENSCAFG00845002369	0	NA	NA	0	NA	NA	NA	1
ENSCAFG00845002375	0	NA	NA	0	NA	NA	NA	1
ENSCAFG00845002381	0	NA	NA	0	NA	NA	NA	1
ENSCAFG00845002402	0	NA	NA	0	NA	NA	NA	1
ENSCAFG00845002406	0	NA	NA	0	NA	NA	NA	1
ENSCAFG00845002411	0	NA	NA	0	NA	NA	NA	1
ENSCAFG00845002421	0	NA	NA	0	NA	NA	NA	1
ENSCAFG00845002432	0	NA	NA	0	NA	NA	NA	1
ENSCAFG00845002464	0	NA	NA	0	NA	NA	NA	1
ENSCAFG00845002471	0	NA	NA	0	NA	NA	NA	1
ENSCAFG00845002499	0	NA	NA	0	NA	NA	NA	1
ENSCAFG00845002505	0	NA	NA	0	NA	NA	NA	1
ENSCAFG00845002512	0	NA	NA	0	NA	NA	NA	1
ENSCAFG00845002519	0	NA	NA	0	NA	NA	NA	1
ENSCAFG00845002525	0	NA	NA	0	NA	NA	NA	1
ENSCAFG00845002548	0	NA	NA	0	NA	NA	NA	1
ENSCAFG00845002553	0	NA	NA	0	NA	NA	NA	1
ENSCAFG00845002578	0	NA	NA	0	NA	NA	NA	1
ENSCAFG00845002580	0	NA	NA	0	NA	NA	NA	1
ENSCAFG00845002584	0	NA	NA	0	NA	NA	NA	1
ENSCAFG00845002588	0	NA	NA	0	NA	NA	NA	1
ENSCAFG00845002634	0	NA	NA	0	NA	NA	NA	1
ENSCAFG00845002683	0	NA	NA	0	NA	NA	NA	1
ENSCAFG00845002708	0	NA	NA	0	NA	NA	NA	1
ENSCAFG00845002765	0	NA	NA	0	NA	NA	NA	1
ENSCAFG00845002774	0	NA	NA	0	NA	NA	NA	1
ENSCAFG00845002779	0	NA	NA	0	NA	NA	NA	1
ENSCAFG00845002789	0	NA	NA	0	NA	NA	NA	1
ENSCAFG00845002805	0	NA	NA	0	NA	NA	NA	1
ENSCAFG00845002821	0	NA	NA	0	NA	NA	NA	1
ENSCAFG00845002824	0	NA	NA	0	NA	NA	NA	1
ENSCAFG00845002828	0	NA	NA	0	NA	NA	NA	1
ENSCAFG00845002831	0	NA	NA	0	NA	NA	NA	1
ENSCAFG00845002834	0	NA	NA	0	NA	NA	NA	1
ENSCAFG00845002836	0	NA	NA	0	NA	NA	NA	1
ENSCAFG00845002837	0	NA	NA	0	NA	NA	NA	1
ENSCAFG00845002838	0	NA	NA	0	NA	NA	NA	1
ENSCAFG00845002843	0	NA	NA	0	NA	NA	NA	1
ENSCAFG00845002844	0	NA	NA	0	NA	NA	NA	1
ENSCAFG00845002848	0	NA	NA	0	NA	NA	NA	1
ENSCAFG00845002852	0	NA	NA	0	NA	NA	NA	1
ENSCAFG00845002854	0	NA	NA	0	NA	NA	NA	1
ENSCAFG00845002858	0	NA	NA	0	NA	NA	NA	1
ENSCAFG00845002865	0	NA	NA	0	NA	NA	NA	1
ENSCAFG00845002867	0	NA	NA	0	NA	NA	NA	1
ENSCAFG00845002869	0	NA	NA	0	NA	NA	NA	1
ENSCAFG00845002900	0	NA	NA	0	NA	NA	NA	1
ENSCAFG00845002908	0	NA	NA	0	NA	NA	NA	1
ENSCAFG00845002946	0	NA	NA	0	NA	NA	NA	1
ENSCAFG00845002950	0	NA	NA	0	NA	NA	NA	1
ENSCAFG00845002961	0	NA	NA	0	NA	NA	NA	1
ENSCAFG00845003031	0	NA	NA	0	NA	NA	NA	1
ENSCAFG00845003038	0	NA	NA	0	NA	NA	NA	1
ENSCAFG00845003046	0	NA	NA	0	NA	NA	NA	1
ENSCAFG00845003049	0	NA	NA	0	NA	NA	NA	1
ENSCAFG00845003056	0	NA	NA	0	NA	NA	NA	1
ENSCAFG00845003063	0	NA	NA	0	NA	NA	NA	1
ENSCAFG00845003066	0	NA	NA	0	NA	NA	NA	1
ENSCAFG00845003074	0	NA	NA	0	NA	NA	NA	1
ENSCAFG00845003075	0	NA	NA	0	NA	NA	NA	1
ENSCAFG00845003088	0	NA	NA	0	NA	NA	NA	1
ENSCAFG00845003134	0	NA	NA	0	NA	NA	NA	1
ENSCAFG00845003161	0	NA	NA	0	NA	NA	NA	1
ENSCAFG00845003169	0	NA	NA	0	NA	NA	NA	1
ENSCAFG00845003173	0	NA	NA	0	NA	NA	NA	1
ENSCAFG00845003175	0	NA	NA	0	NA	NA	NA	1
ENSCAFG00845003176	0	NA	NA	0	NA	NA	NA	1
ENSCAFG00845003184	0	NA	NA	0	NA	NA	NA	1
ENSCAFG00845003192	0	NA	NA	0	NA	NA	NA	1
ENSCAFG00845003217	0	NA	NA	0	NA	NA	NA	1
ENSCAFG00845003223	0	NA	NA	0	NA	NA	NA	1
ENSCAFG00845003235	0	NA	NA	0	NA	NA	NA	1
ENSCAFG00845003239	0	NA	NA	0	NA	NA	NA	1
ENSCAFG00845003241	0	NA	NA	0	NA	NA	NA	1
ENSCAFG00845003268	0	NA	NA	0	NA	NA	NA	1
ENSCAFG00845003269	0	NA	NA	0	NA	NA	NA	1
ENSCAFG00845003287	0	NA	NA	0	NA	NA	NA	1
ENSCAFG00845003388	0	NA	NA	0	NA	NA	NA	1
ENSCAFG00845003395	0	NA	NA	0	NA	NA	NA	1
ENSCAFG00845003420	0	NA	NA	0	NA	NA	NA	1
ENSCAFG00845003427	0	NA	NA	0	NA	NA	NA	1
ENSCAFG00845003450	0	NA	NA	0	NA	NA	NA	1
ENSCAFG00845003460	0	NA	NA	0	NA	NA	NA	1
ENSCAFG00845003469	0	NA	NA	0	NA	NA	NA	1
ENSCAFG00845003483	0	NA	NA	0	NA	NA	NA	1
ENSCAFG00845003548	0	NA	NA	0	NA	NA	NA	1
ENSCAFG00845003618	0	NA	NA	0	NA	NA	NA	1
ENSCAFG00845003625	0	NA	NA	0	NA	NA	NA	1
ENSCAFG00845003638	0	NA	NA	0	NA	NA	NA	1
ENSCAFG00845003648	0	NA	NA	0	NA	NA	NA	1
ENSCAFG00845003659	0	NA	NA	0	NA	NA	NA	1
ENSCAFG00845003661	0	NA	NA	0	NA	NA	NA	1
ENSCAFG00845003666	0	NA	NA	0	NA	NA	NA	1
ENSCAFG00845003670	0	NA	NA	0	NA	NA	NA	1
ENSCAFG00845003674	0	NA	NA	0	NA	NA	NA	1
ENSCAFG00845003678	0	NA	NA	0	NA	NA	NA	1
ENSCAFG00845003687	0	NA	NA	0	NA	NA	NA	1
ENSCAFG00845003690	0	NA	NA	0	NA	NA	NA	1
ENSCAFG00845003691	0	NA	NA	0	NA	NA	NA	1
ENSCAFG00845003693	0	NA	NA	0	NA	NA	NA	1
ENSCAFG00845003697	0	NA	NA	0	NA	NA	NA	1
ENSCAFG00845003701	0	NA	NA	0	NA	NA	NA	1
ENSCAFG00845003736	0	NA	NA	0	NA	NA	NA	1
ENSCAFG00845003773	0	NA	NA	0	NA	NA	NA	1
ENSCAFG00845003790	0	NA	NA	0	NA	NA	NA	1
ENSCAFG00845003794	0	NA	NA	0	NA	NA	NA	1
ENSCAFG00845003841	0	NA	NA	0	NA	NA	NA	1
ENSCAFG00845003842	0	NA	NA	0	NA	NA	NA	1
ENSCAFG00845003858	0	NA	NA	0	NA	NA	NA	1
ENSCAFG00845003869	0	NA	NA	0	NA	NA	NA	1
ENSCAFG00845003877	0	NA	NA	0	NA	NA	NA	1
ENSCAFG00845003897	0	NA	NA	0	NA	NA	NA	1
ENSCAFG00845003903	0	NA	NA	0	NA	NA	NA	1
ENSCAFG00845003954	0	NA	NA	0	NA	NA	NA	1
ENSCAFG00845003961	0	NA	NA	0	NA	NA	NA	1
ENSCAFG00845003966	0	NA	NA	0	NA	NA	NA	1
ENSCAFG00845003968	0	NA	NA	0	NA	NA	NA	1
ENSCAFG00845003978	0	NA	NA	0	NA	NA	NA	1
ENSCAFG00845003983	0	NA	NA	0	NA	NA	NA	1
ENSCAFG00845003992	0	NA	NA	0	NA	NA	NA	1
ENSCAFG00845004010	0	NA	NA	0	NA	NA	NA	1
ENSCAFG00845004015	0	NA	NA	0	NA	NA	NA	1
ENSCAFG00845004029	0	NA	NA	0	NA	NA	NA	1
ENSCAFG00845004079	0	NA	NA	0	NA	NA	NA	1
ENSCAFG00845004086	0	NA	NA	0	NA	NA	NA	1
ENSCAFG00845004099	0	NA	NA	0	NA	NA	NA	1
ENSCAFG00845004126	0	NA	NA	0	NA	NA	NA	1
ENSCAFG00845004131	0	NA	NA	0	NA	NA	NA	1
ENSCAFG00845004134	0	NA	NA	0	NA	NA	NA	1
ENSCAFG00845004150	0	NA	NA	0	NA	NA	NA	1
ENSCAFG00845004167	0	NA	NA	0	NA	NA	NA	1
ENSCAFG00845004177	0	NA	NA	0	NA	NA	NA	1
ENSCAFG00845004201	0	NA	NA	0	NA	NA	NA	1
ENSCAFG00845004206	0	NA	NA	0	NA	NA	NA	1
ENSCAFG00845004245	0	NA	NA	0	NA	NA	NA	1
ENSCAFG00845004264	0	NA	NA	0	NA	NA	NA	1
ENSCAFG00845004268	0	NA	NA	0	NA	NA	NA	1
ENSCAFG00845004272	0	NA	NA	0	NA	NA	NA	1
ENSCAFG00845004287	0	NA	NA	0	NA	NA	NA	1
ENSCAFG00845004300	0	NA	NA	0	NA	NA	NA	1
ENSCAFG00845004304	0	NA	NA	0	NA	NA	NA	1
ENSCAFG00845004307	0	NA	NA	0	NA	NA	NA	1
ENSCAFG00845004323	0	NA	NA	0	NA	NA	NA	1
ENSCAFG00845004329	0	NA	NA	0	NA	NA	NA	1
ENSCAFG00845004331	0	NA	NA	0	NA	NA	NA	1
ENSCAFG00845004344	0	NA	NA	0	NA	NA	NA	1
ENSCAFG00845004349	0	NA	NA	0	NA	NA	NA	1
ENSCAFG00845004359	0	NA	NA	0	NA	NA	NA	1
ENSCAFG00845004364	0	NA	NA	0	NA	NA	NA	1
ENSCAFG00845004367	0	NA	NA	0	NA	NA	NA	1
ENSCAFG00845004396	0	NA	NA	0	NA	NA	NA	1
ENSCAFG00845004403	0	NA	NA	0	NA	NA	NA	1
ENSCAFG00845004405	0	NA	NA	0	NA	NA	NA	1
ENSCAFG00845004411	0	NA	NA	0	NA	NA	NA	1
ENSCAFG00845004434	0	NA	NA	0	NA	NA	NA	1
ENSCAFG00845004468	0	NA	NA	0	NA	NA	NA	1
ENSCAFG00845004475	0	NA	NA	0	NA	NA	NA	1
ENSCAFG00845004506	0	NA	NA	0	NA	NA	NA	1
ENSCAFG00845004537	0	NA	NA	0	NA	NA	NA	1
ENSCAFG00845004589	0	NA	NA	0	NA	NA	NA	1
ENSCAFG00845004595	0	NA	NA	0	NA	NA	NA	1
ENSCAFG00845004642	0	NA	NA	0	NA	NA	NA	1
ENSCAFG00845004646	0	NA	NA	0	NA	NA	NA	1
ENSCAFG00845004650	0	NA	NA	0	NA	NA	NA	1
ENSCAFG00845004659	0	NA	NA	0	NA	NA	NA	1
ENSCAFG00845004669	0	NA	NA	0	NA	NA	NA	1
ENSCAFG00845004678	0	NA	NA	0	NA	NA	NA	1
ENSCAFG00845004680	0	NA	NA	0	NA	NA	NA	1
ENSCAFG00845004683	0	NA	NA	0	NA	NA	NA	1
ENSCAFG00845004685	0	NA	NA	0	NA	NA	NA	1
ENSCAFG00845004707	0	NA	NA	0	NA	NA	NA	1
ENSCAFG00845004763	0	NA	NA	0	NA	NA	NA	1
ENSCAFG00845004766	0	NA	NA	0	NA	NA	NA	1
ENSCAFG00845004826	0	NA	NA	0	NA	NA	NA	1
ENSCAFG00845004830	0	NA	NA	0	NA	NA	NA	1
ENSCAFG00845004841	0	NA	NA	0	NA	NA	NA	1
ENSCAFG00845004854	0	NA	NA	0	NA	NA	NA	1
ENSCAFG00845004860	0	NA	NA	0	NA	NA	NA	1
ENSCAFG00845004886	0	NA	NA	0	NA	NA	NA	1
ENSCAFG00845004913	0	NA	NA	0	NA	NA	NA	1
ENSCAFG00845004922	0	NA	NA	0	NA	NA	NA	1
ENSCAFG00845004929	0	NA	NA	0	NA	NA	NA	1
ENSCAFG00845004940	0	NA	NA	0	NA	NA	NA	1
ENSCAFG00845004945	0	NA	NA	0	NA	NA	NA	1
ENSCAFG00845004952	0	NA	NA	0	NA	NA	NA	1
ENSCAFG00845004961	0	NA	NA	0	NA	NA	NA	1
ENSCAFG00845004967	0	NA	NA	0	NA	NA	NA	1
ENSCAFG00845004968	0	NA	NA	0	NA	NA	NA	1
ENSCAFG00845004973	0	NA	NA	0	NA	NA	NA	1
ENSCAFG00845004978	0	NA	NA	0	NA	NA	NA	1
ENSCAFG00845005000	0	NA	NA	0	NA	NA	NA	1
ENSCAFG00845005013	0	NA	NA	0	NA	NA	NA	1
ENSCAFG00845005031	0	NA	NA	0	NA	NA	NA	1
ENSCAFG00845005033	0	NA	NA	0	NA	NA	NA	1
ENSCAFG00845005036	0	NA	NA	0	NA	NA	NA	1
ENSCAFG00845005037	0	NA	NA	0	NA	NA	NA	1
ENSCAFG00845005040	0	NA	NA	0	NA	NA	NA	1
ENSCAFG00845005044	0	NA	NA	0	NA	NA	NA	1
ENSCAFG00845005047	0	NA	NA	0	NA	NA	NA	1
ENSCAFG00845005049	0	NA	NA	0	NA	NA	NA	1
ENSCAFG00845005071	0	NA	NA	0	NA	NA	NA	1
ENSCAFG00845005099	0	NA	NA	0	NA	NA	NA	1
ENSCAFG00845005104	0	NA	NA	0	NA	NA	NA	1
ENSCAFG00845005109	0	NA	NA	0	NA	NA	NA	1
ENSCAFG00845005111	0	NA	NA	0	NA	NA	NA	1
ENSCAFG00845005212	0	NA	NA	0	NA	NA	NA	1
ENSCAFG00845005215	0	NA	NA	0	NA	NA	NA	1
ENSCAFG00845005219	0	NA	NA	0	NA	NA	NA	1
ENSCAFG00845005222	0	NA	NA	0	NA	NA	NA	1
ENSCAFG00845005235	0	NA	NA	0	NA	NA	NA	1
ENSCAFG00845005312	0	NA	NA	0	NA	NA	NA	1
ENSCAFG00845005316	0	NA	NA	0	NA	NA	NA	1
ENSCAFG00845005318	0	NA	NA	0	NA	NA	NA	1
ENSCAFG00845005323	0	NA	NA	0	NA	NA	NA	1
ENSCAFG00845005335	0	NA	NA	0	NA	NA	NA	1
ENSCAFG00845005344	0	NA	NA	0	NA	NA	NA	1
ENSCAFG00845005347	0	NA	NA	0	NA	NA	NA	1
ENSCAFG00845005373	0	NA	NA	0	NA	NA	NA	1
ENSCAFG00845005375	0	NA	NA	0	NA	NA	NA	1
ENSCAFG00845005386	0	NA	NA	0	NA	NA	NA	1
ENSCAFG00845005392	0	NA	NA	0	NA	NA	NA	1
ENSCAFG00845005408	0	NA	NA	0	NA	NA	NA	1
ENSCAFG00845005452	0	NA	NA	0	NA	NA	NA	1
ENSCAFG00845005458	0	NA	NA	0	NA	NA	NA	1
ENSCAFG00845005474	0	NA	NA	0	NA	NA	NA	1
ENSCAFG00845005482	0	NA	NA	0	NA	NA	NA	1
ENSCAFG00845005483	0	NA	NA	0	NA	NA	NA	1
ENSCAFG00845005501	0	NA	NA	0	NA	NA	NA	1
ENSCAFG00845005504	0	NA	NA	0	NA	NA	NA	1
ENSCAFG00845005506	0	NA	NA	0	NA	NA	NA	1
ENSCAFG00845005508	0	NA	NA	0	NA	NA	NA	1
ENSCAFG00845005512	0	NA	NA	0	NA	NA	NA	1
ENSCAFG00845005543	0	NA	NA	0	NA	NA	NA	1
ENSCAFG00845005548	0	NA	NA	0	NA	NA	NA	1
ENSCAFG00845005549	0	NA	NA	0	NA	NA	NA	1
ENSCAFG00845005555	0	NA	NA	0	NA	NA	NA	1
ENSCAFG00845005556	0	NA	NA	0	NA	NA	NA	1
ENSCAFG00845005566	0	NA	NA	0	NA	NA	NA	1
ENSCAFG00845005577	0	NA	NA	0	NA	NA	NA	1
ENSCAFG00845005584	0	NA	NA	0	NA	NA	NA	1
ENSCAFG00845005588	0	NA	NA	0	NA	NA	NA	1
ENSCAFG00845005591	0	NA	NA	0	NA	NA	NA	1
ENSCAFG00845005602	0	NA	NA	0	NA	NA	NA	1
ENSCAFG00845005609	0	NA	NA	0	NA	NA	NA	1
ENSCAFG00845005615	0	NA	NA	0	NA	NA	NA	1
ENSCAFG00845005650	0	NA	NA	0	NA	NA	NA	1
ENSCAFG00845005663	0	NA	NA	0	NA	NA	NA	1
ENSCAFG00845005666	0	NA	NA	0	NA	NA	NA	1
ENSCAFG00845005667	0	NA	NA	0	NA	NA	NA	1
ENSCAFG00845005669	0	NA	NA	0	NA	NA	NA	1
ENSCAFG00845005672	0	NA	NA	0	NA	NA	NA	1
ENSCAFG00845005683	0	NA	NA	0	NA	NA	NA	1
ENSCAFG00845005686	0	NA	NA	0	NA	NA	NA	1
ENSCAFG00845005693	0	NA	NA	0	NA	NA	NA	1
ENSCAFG00845005696	0	NA	NA	0	NA	NA	NA	1
ENSCAFG00845005698	0	NA	NA	0	NA	NA	NA	1
ENSCAFG00845005704	0	NA	NA	0	NA	NA	NA	1
ENSCAFG00845005706	0	NA	NA	0	NA	NA	NA	1
ENSCAFG00845005710	0	NA	NA	0	NA	NA	NA	1
ENSCAFG00845005711	0	NA	NA	0	NA	NA	NA	1
ENSCAFG00845005716	0	NA	NA	0	NA	NA	NA	1
ENSCAFG00845005719	0	NA	NA	0	NA	NA	NA	1
ENSCAFG00845005722	0	NA	NA	0	NA	NA	NA	1
ENSCAFG00845005726	0	NA	NA	0	NA	NA	NA	1
ENSCAFG00845005732	0	NA	NA	0	NA	NA	NA	1
ENSCAFG00845005735	0	NA	NA	0	NA	NA	NA	1
ENSCAFG00845005762	0	NA	NA	0	NA	NA	NA	1
ENSCAFG00845005775	0	NA	NA	0	NA	NA	NA	1
ENSCAFG00845005786	0	NA	NA	0	NA	NA	NA	1
ENSCAFG00845005797	0	NA	NA	0	NA	NA	NA	1
ENSCAFG00845005814	0	NA	NA	0	NA	NA	NA	1
ENSCAFG00845005822	0	NA	NA	0	NA	NA	NA	1
ENSCAFG00845005823	0	NA	NA	0	NA	NA	NA	1
ENSCAFG00845005826	0	NA	NA	0	NA	NA	NA	1
ENSCAFG00845005832	0	NA	NA	0	NA	NA	NA	1
ENSCAFG00845005845	0	NA	NA	0	NA	NA	NA	1
ENSCAFG00845005854	0	NA	NA	0	NA	NA	NA	1
ENSCAFG00845005858	0	NA	NA	0	NA	NA	NA	1
ENSCAFG00845005861	0	NA	NA	0	NA	NA	NA	1
ENSCAFG00845005883	0	NA	NA	0	NA	NA	NA	1
ENSCAFG00845005895	0	NA	NA	0	NA	NA	NA	1
ENSCAFG00845005981	0	NA	NA	0	NA	NA	NA	1
ENSCAFG00845006000	0	NA	NA	0	NA	NA	NA	1
ENSCAFG00845006042	0	NA	NA	0	NA	NA	NA	1
ENSCAFG00845006051	0	NA	NA	0	NA	NA	NA	1
ENSCAFG00845006056	0	NA	NA	0	NA	NA	NA	1
ENSCAFG00845006085	0	NA	NA	0	NA	NA	NA	1
ENSCAFG00845006091	0	NA	NA	0	NA	NA	NA	1
ENSCAFG00845006092	0	NA	NA	0	NA	NA	NA	1
ENSCAFG00845006096	0	NA	NA	0	NA	NA	NA	1
ENSCAFG00845006102	0	NA	NA	0	NA	NA	NA	1
ENSCAFG00845006110	0	NA	NA	0	NA	NA	NA	1
ENSCAFG00845006121	0	NA	NA	0	NA	NA	NA	1
ENSCAFG00845006122	0	NA	NA	0	NA	NA	NA	1
ENSCAFG00845006141	0	NA	NA	0	NA	NA	NA	1
ENSCAFG00845006155	0	NA	NA	0	NA	NA	NA	1
ENSCAFG00845006208	0	NA	NA	0	NA	NA	NA	1
ENSCAFG00845006217	0	NA	NA	0	NA	NA	NA	1
ENSCAFG00845006231	0	NA	NA	0	NA	NA	NA	1
ENSCAFG00845006240	0	NA	NA	0	NA	NA	NA	1
ENSCAFG00845006247	0	NA	NA	0	NA	NA	NA	1
ENSCAFG00845006252	0	NA	NA	0	NA	NA	NA	1
ENSCAFG00845006280	0	NA	NA	0	NA	NA	NA	1
ENSCAFG00845006299	0	NA	NA	0	NA	NA	NA	1
ENSCAFG00845006321	0	NA	NA	0	NA	NA	NA	1
ENSCAFG00845006409	0	NA	NA	0	NA	NA	NA	1
ENSCAFG00845006426	0	NA	NA	0	NA	NA	NA	1
ENSCAFG00845006428	0	NA	NA	0	NA	NA	NA	1
ENSCAFG00845006431	0	NA	NA	0	NA	NA	NA	1
ENSCAFG00845006441	0	NA	NA	0	NA	NA	NA	1
ENSCAFG00845006465	0	NA	NA	0	NA	NA	NA	1
ENSCAFG00845006470	0	NA	NA	0	NA	NA	NA	1
ENSCAFG00845006475	0	NA	NA	0	NA	NA	NA	1
ENSCAFG00845006507	0	NA	NA	0	NA	NA	NA	1
ENSCAFG00845006546	0	NA	NA	0	NA	NA	NA	1
ENSCAFG00845006557	0	NA	NA	0	NA	NA	NA	1
ENSCAFG00845006587	0	NA	NA	0	NA	NA	NA	1
ENSCAFG00845006617	0	NA	NA	0	NA	NA	NA	1
ENSCAFG00845006619	0	NA	NA	0	NA	NA	NA	1
ENSCAFG00845006625	0	NA	NA	0	NA	NA	NA	1
ENSCAFG00845006630	0	NA	NA	0	NA	NA	NA	1
ENSCAFG00845006632	0	NA	NA	0	NA	NA	NA	1
ENSCAFG00845006633	0	NA	NA	0	NA	NA	NA	1
ENSCAFG00845006639	0	NA	NA	0	NA	NA	NA	1
ENSCAFG00845006640	0	NA	NA	0	NA	NA	NA	1
ENSCAFG00845006648	0	NA	NA	0	NA	NA	NA	1
ENSCAFG00845006653	0	NA	NA	0	NA	NA	NA	1
ENSCAFG00845006655	0	NA	NA	0	NA	NA	NA	1
ENSCAFG00845006660	0	NA	NA	0	NA	NA	NA	1
ENSCAFG00845006669	0	NA	NA	0	NA	NA	NA	1
ENSCAFG00845006670	0	NA	NA	0	NA	NA	NA	1
ENSCAFG00845006676	0	NA	NA	0	NA	NA	NA	1
ENSCAFG00845006680	0	NA	NA	0	NA	NA	NA	1
ENSCAFG00845006683	0	NA	NA	0	NA	NA	NA	1
ENSCAFG00845006685	0	NA	NA	0	NA	NA	NA	1
ENSCAFG00845006692	0	NA	NA	0	NA	NA	NA	1
ENSCAFG00845006698	0	NA	NA	0	NA	NA	NA	1
ENSCAFG00845006704	0	NA	NA	0	NA	NA	NA	1
ENSCAFG00845006708	0	NA	NA	0	NA	NA	NA	1
ENSCAFG00845006715	0	NA	NA	0	NA	NA	NA	1
ENSCAFG00845006729	0	NA	NA	0	NA	NA	NA	1
ENSCAFG00845006733	0	NA	NA	0	NA	NA	NA	1
ENSCAFG00845006738	0	NA	NA	0	NA	NA	NA	1
ENSCAFG00845006740	0	NA	NA	0	NA	NA	NA	1
ENSCAFG00845006741	0	NA	NA	0	NA	NA	NA	1
ENSCAFG00845006754	0	NA	NA	0	NA	NA	NA	1
ENSCAFG00845006755	0	NA	NA	0	NA	NA	NA	1
ENSCAFG00845006800	0	NA	NA	0	NA	NA	NA	1
ENSCAFG00845006822	0	NA	NA	0	NA	NA	NA	1
ENSCAFG00845006830	0	NA	NA	0	NA	NA	NA	1
ENSCAFG00845006837	0	NA	NA	0	NA	NA	NA	1
ENSCAFG00845006838	0	NA	NA	0	NA	NA	NA	1
ENSCAFG00845006850	0	NA	NA	0	NA	NA	NA	1
ENSCAFG00845006996	0	NA	NA	0	NA	NA	NA	1
ENSCAFG00845007086	0	NA	NA	0	NA	NA	NA	1
ENSCAFG00845007140	0	NA	NA	0	NA	NA	NA	1
ENSCAFG00845007151	0	NA	NA	0	NA	NA	NA	1
ENSCAFG00845007161	0	NA	NA	0	NA	NA	NA	1
ENSCAFG00845007193	0	NA	NA	0	NA	NA	NA	1
ENSCAFG00845007200	0	NA	NA	0	NA	NA	NA	1
ENSCAFG00845007212	0	NA	NA	0	NA	NA	NA	1
ENSCAFG00845007213	0	NA	NA	0	NA	NA	NA	1
ENSCAFG00845007253	0	NA	NA	0	NA	NA	NA	1
ENSCAFG00845007254	0	NA	NA	0	NA	NA	NA	1
ENSCAFG00845007275	0	NA	NA	0	NA	NA	NA	1
ENSCAFG00845007281	0	NA	NA	0	NA	NA	NA	1
ENSCAFG00845007338	0	NA	NA	0	NA	NA	NA	1
ENSCAFG00845007340	0	NA	NA	0	NA	NA	NA	1
ENSCAFG00845007508	0	NA	NA	0	NA	NA	NA	1
ENSCAFG00845007519	0	NA	NA	0	NA	NA	NA	1
ENSCAFG00845007559	0	NA	NA	0	NA	NA	NA	1
ENSCAFG00845007626	0	NA	NA	0	NA	NA	NA	1
ENSCAFG00845007637	0	NA	NA	0	NA	NA	NA	1
ENSCAFG00845007649	0	NA	NA	0	NA	NA	NA	1
ENSCAFG00845007812	0	NA	NA	0	NA	NA	NA	1
ENSCAFG00845007824	0	NA	NA	0	NA	NA	NA	1
ENSCAFG00845007835	0	NA	NA	0	NA	NA	NA	1
ENSCAFG00845007855	0	NA	NA	0	NA	NA	NA	1
ENSCAFG00845007867	0	NA	NA	0	NA	NA	NA	1
ENSCAFG00845007886	0	NA	NA	0	NA	NA	NA	1
ENSCAFG00845007890	0	NA	NA	0	NA	NA	NA	1
ENSCAFG00845007892	0	NA	NA	0	NA	NA	NA	1
ENSCAFG00845007906	0	NA	NA	0	NA	NA	NA	1
ENSCAFG00845007916	0	NA	NA	0	NA	NA	NA	1
ENSCAFG00845007917	0	NA	NA	0	NA	NA	NA	1
ENSCAFG00845007918	0	NA	NA	0	NA	NA	NA	1
ENSCAFG00845007932	0	NA	NA	0	NA	NA	NA	1
ENSCAFG00845007974	0	NA	NA	0	NA	NA	NA	1
ENSCAFG00845007993	0	NA	NA	0	NA	NA	NA	1
ENSCAFG00845007999	0	NA	NA	0	NA	NA	NA	1
ENSCAFG00845008008	0	NA	NA	0	NA	NA	NA	1
ENSCAFG00845008011	0	NA	NA	0	NA	NA	NA	1
ENSCAFG00845008015	0	NA	NA	0	NA	NA	NA	1
ENSCAFG00845008019	0	NA	NA	0	NA	NA	NA	1
ENSCAFG00845008080	0	NA	NA	0	NA	NA	NA	1
ENSCAFG00845008087	0	NA	NA	0	NA	NA	NA	1
ENSCAFG00845008091	0	NA	NA	0	NA	NA	NA	1
ENSCAFG00845008102	0	NA	NA	0	NA	NA	NA	1
ENSCAFG00845008108	0	NA	NA	0	NA	NA	NA	1
ENSCAFG00845008110	0	NA	NA	0	NA	NA	NA	1
ENSCAFG00845008111	0	NA	NA	0	NA	NA	NA	1
ENSCAFG00845008117	0	NA	NA	0	NA	NA	NA	1
ENSCAFG00845008118	0	NA	NA	0	NA	NA	NA	1
ENSCAFG00845008122	0	NA	NA	0	NA	NA	NA	1
ENSCAFG00845008126	0	NA	NA	0	NA	NA	NA	1
ENSCAFG00845008130	0	NA	NA	0	NA	NA	NA	1
ENSCAFG00845008132	0	NA	NA	0	NA	NA	NA	1
ENSCAFG00845008134	0	NA	NA	0	NA	NA	NA	1
ENSCAFG00845008137	0	NA	NA	0	NA	NA	NA	1
ENSCAFG00845008140	0	NA	NA	0	NA	NA	NA	1
ENSCAFG00845008141	0	NA	NA	0	NA	NA	NA	1
ENSCAFG00845008150	0	NA	NA	0	NA	NA	NA	1
ENSCAFG00845008155	0	NA	NA	0	NA	NA	NA	1
ENSCAFG00845008160	0	NA	NA	0	NA	NA	NA	1
ENSCAFG00845008163	0	NA	NA	0	NA	NA	NA	1
ENSCAFG00845008174	0	NA	NA	0	NA	NA	NA	1
ENSCAFG00845008179	0	NA	NA	0	NA	NA	NA	1
ENSCAFG00845008192	0	NA	NA	0	NA	NA	NA	1
ENSCAFG00845008196	0	NA	NA	0	NA	NA	NA	1
ENSCAFG00845008203	0	NA	NA	0	NA	NA	NA	1
ENSCAFG00845008223	0	NA	NA	0	NA	NA	NA	1
ENSCAFG00845008242	0	NA	NA	0	NA	NA	NA	1
ENSCAFG00845008247	0	NA	NA	0	NA	NA	NA	1
ENSCAFG00845008257	0	NA	NA	0	NA	NA	NA	1
ENSCAFG00845008266	0	NA	NA	0	NA	NA	NA	1
ENSCAFG00845008281	0	NA	NA	0	NA	NA	NA	1
ENSCAFG00845008282	0	NA	NA	0	NA	NA	NA	1
ENSCAFG00845008300	0	NA	NA	0	NA	NA	NA	1
ENSCAFG00845008305	0	NA	NA	0	NA	NA	NA	1
ENSCAFG00845008312	0	NA	NA	0	NA	NA	NA	1
ENSCAFG00845008313	0	NA	NA	0	NA	NA	NA	1
ENSCAFG00845008315	0	NA	NA	0	NA	NA	NA	1
ENSCAFG00845008333	0	NA	NA	0	NA	NA	NA	1
ENSCAFG00845008340	0	NA	NA	0	NA	NA	NA	1
ENSCAFG00845008348	0	NA	NA	0	NA	NA	NA	1
ENSCAFG00845008356	0	NA	NA	0	NA	NA	NA	1
ENSCAFG00845008360	0	NA	NA	0	NA	NA	NA	1
ENSCAFG00845008373	0	NA	NA	0	NA	NA	NA	1
ENSCAFG00845008382	0	NA	NA	0	NA	NA	NA	1
ENSCAFG00845008421	0	NA	NA	0	NA	NA	NA	1
ENSCAFG00845008458	0	NA	NA	0	NA	NA	NA	1
ENSCAFG00845008490	0	NA	NA	0	NA	NA	NA	1
ENSCAFG00845008536	0	NA	NA	0	NA	NA	NA	1
ENSCAFG00845008540	0	NA	NA	0	NA	NA	NA	1
ENSCAFG00845008574	0	NA	NA	0	NA	NA	NA	1
ENSCAFG00845008602	0	NA	NA	0	NA	NA	NA	1
ENSCAFG00845008660	0	NA	NA	0	NA	NA	NA	1
ENSCAFG00845008685	0	NA	NA	0	NA	NA	NA	1
ENSCAFG00845008715	0	NA	NA	0	NA	NA	NA	1
ENSCAFG00845008719	0	NA	NA	0	NA	NA	NA	1
ENSCAFG00845008723	0	NA	NA	0	NA	NA	NA	1
ENSCAFG00845008738	0	NA	NA	0	NA	NA	NA	1
ENSCAFG00845008771	0	NA	NA	0	NA	NA	NA	1
ENSCAFG00845008835	0	NA	NA	0	NA	NA	NA	1
ENSCAFG00845008854	0	NA	NA	0	NA	NA	NA	1
ENSCAFG00845008862	0	NA	NA	0	NA	NA	NA	1
ENSCAFG00845008925	0	NA	NA	0	NA	NA	NA	1
ENSCAFG00845008929	0	NA	NA	0	NA	NA	NA	1
ENSCAFG00845008951	0	NA	NA	0	NA	NA	NA	1
ENSCAFG00845008956	0	NA	NA	0	NA	NA	NA	1
ENSCAFG00845008958	0	NA	NA	0	NA	NA	NA	1
ENSCAFG00845008959	0	NA	NA	0	NA	NA	NA	1
ENSCAFG00845008968	0	NA	NA	0	NA	NA	NA	1
ENSCAFG00845008973	0	NA	NA	0	NA	NA	NA	1
ENSCAFG00845008980	0	NA	NA	0	NA	NA	NA	1
ENSCAFG00845008992	0	NA	NA	0	NA	NA	NA	1
ENSCAFG00845008995	0	NA	NA	0	NA	NA	NA	1
ENSCAFG00845009006	0	NA	NA	0	NA	NA	NA	1
ENSCAFG00845009008	0	NA	NA	0	NA	NA	NA	1
ENSCAFG00845009017	0	NA	NA	0	NA	NA	NA	1
ENSCAFG00845009020	0	NA	NA	0	NA	NA	NA	1
ENSCAFG00845009023	0	NA	NA	0	NA	NA	NA	1
ENSCAFG00845009052	0	NA	NA	0	NA	NA	NA	1
ENSCAFG00845009097	0	NA	NA	0	NA	NA	NA	1
ENSCAFG00845009111	0	NA	NA	0	NA	NA	NA	1
ENSCAFG00845009115	0	NA	NA	0	NA	NA	NA	1
ENSCAFG00845009150	0	NA	NA	0	NA	NA	NA	1
ENSCAFG00845009175	0	NA	NA	0	NA	NA	NA	1
ENSCAFG00845009180	0	NA	NA	0	NA	NA	NA	1
ENSCAFG00845009187	0	NA	NA	0	NA	NA	NA	1
ENSCAFG00845009194	0	NA	NA	0	NA	NA	NA	1
ENSCAFG00845009199	0	NA	NA	0	NA	NA	NA	1
ENSCAFG00845009200	0	NA	NA	0	NA	NA	NA	1
ENSCAFG00845009202	0	NA	NA	0	NA	NA	NA	1
ENSCAFG00845009203	0	NA	NA	0	NA	NA	NA	1
ENSCAFG00845009207	0	NA	NA	0	NA	NA	NA	1
ENSCAFG00845009220	0	NA	NA	0	NA	NA	NA	1
ENSCAFG00845009263	0	NA	NA	0	NA	NA	NA	1
ENSCAFG00845009277	0	NA	NA	0	NA	NA	NA	1
ENSCAFG00845009281	0	NA	NA	0	NA	NA	NA	1
ENSCAFG00845009284	0	NA	NA	0	NA	NA	NA	1
ENSCAFG00845009287	0	NA	NA	0	NA	NA	NA	1
ENSCAFG00845009290	0	NA	NA	0	NA	NA	NA	1
ENSCAFG00845009302	0	NA	NA	0	NA	NA	NA	1
ENSCAFG00845009313	0	NA	NA	0	NA	NA	NA	1
ENSCAFG00845009318	0	NA	NA	0	NA	NA	NA	1
ENSCAFG00845009352	0	NA	NA	0	NA	NA	NA	1
ENSCAFG00845009364	0	NA	NA	0	NA	NA	NA	1
ENSCAFG00845009368	0	NA	NA	0	NA	NA	NA	1
ENSCAFG00845009376	0	NA	NA	0	NA	NA	NA	1
ENSCAFG00845009390	0	NA	NA	0	NA	NA	NA	1
ENSCAFG00845009402	0	NA	NA	0	NA	NA	NA	1
ENSCAFG00845009413	0	NA	NA	0	NA	NA	NA	1
ENSCAFG00845009419	0	NA	NA	0	NA	NA	NA	1
ENSCAFG00845009421	0	NA	NA	0	NA	NA	NA	1
ENSCAFG00845009424	0	NA	NA	0	NA	NA	NA	1
ENSCAFG00845009425	0	NA	NA	0	NA	NA	NA	1
ENSCAFG00845009428	0	NA	NA	0	NA	NA	NA	1
ENSCAFG00845009433	0	NA	NA	0	NA	NA	NA	1
ENSCAFG00845009442	0	NA	NA	0	NA	NA	NA	1
ENSCAFG00845009453	0	NA	NA	0	NA	NA	NA	1
ENSCAFG00845009472	0	NA	NA	0	NA	NA	NA	1
ENSCAFG00845009486	0	NA	NA	0	NA	NA	NA	1
ENSCAFG00845009488	0	NA	NA	0	NA	NA	NA	1
ENSCAFG00845009499	0	NA	NA	0	NA	NA	NA	1
ENSCAFG00845009540	0	NA	NA	0	NA	NA	NA	1
ENSCAFG00845009605	0	NA	NA	0	NA	NA	NA	1
ENSCAFG00845009644	0	NA	NA	0	NA	NA	NA	1
ENSCAFG00845009648	0	NA	NA	0	NA	NA	NA	1
ENSCAFG00845009674	0	NA	NA	0	NA	NA	NA	1
ENSCAFG00845009675	0	NA	NA	0	NA	NA	NA	1
ENSCAFG00845009677	0	NA	NA	0	NA	NA	NA	1
ENSCAFG00845009685	0	NA	NA	0	NA	NA	NA	1
ENSCAFG00845009689	0	NA	NA	0	NA	NA	NA	1
ENSCAFG00845009691	0	NA	NA	0	NA	NA	NA	1
ENSCAFG00845009695	0	NA	NA	0	NA	NA	NA	1
ENSCAFG00845009698	0	NA	NA	0	NA	NA	NA	1
ENSCAFG00845009714	0	NA	NA	0	NA	NA	NA	1
ENSCAFG00845009718	0	NA	NA	0	NA	NA	NA	1
ENSCAFG00845009722	0	NA	NA	0	NA	NA	NA	1
ENSCAFG00845009738	0	NA	NA	0	NA	NA	NA	1
ENSCAFG00845009749	0	NA	NA	0	NA	NA	NA	1
ENSCAFG00845009755	0	NA	NA	0	NA	NA	NA	1
ENSCAFG00845009760	0	NA	NA	0	NA	NA	NA	1
ENSCAFG00845009770	0	NA	NA	0	NA	NA	NA	1
ENSCAFG00845009781	0	NA	NA	0	NA	NA	NA	1
ENSCAFG00845009782	0	NA	NA	0	NA	NA	NA	1
ENSCAFG00845009800	0	NA	NA	0	NA	NA	NA	1
ENSCAFG00845009836	0	NA	NA	0	NA	NA	NA	1
ENSCAFG00845009854	0	NA	NA	0	NA	NA	NA	1
ENSCAFG00845009866	0	NA	NA	0	NA	NA	NA	1
ENSCAFG00845009880	0	NA	NA	0	NA	NA	NA	1
ENSCAFG00845009890	0	NA	NA	0	NA	NA	NA	1
ENSCAFG00845009900	0	NA	NA	0	NA	NA	NA	1
ENSCAFG00845009910	0	NA	NA	0	NA	NA	NA	1
ENSCAFG00845009913	0	NA	NA	0	NA	NA	NA	1
ENSCAFG00845009921	0	NA	NA	0	NA	NA	NA	1
ENSCAFG00845009923	0	NA	NA	0	NA	NA	NA	1
ENSCAFG00845009928	0	NA	NA	0	NA	NA	NA	1
ENSCAFG00845009935	0	NA	NA	0	NA	NA	NA	1
ENSCAFG00845009943	0	NA	NA	0	NA	NA	NA	1
ENSCAFG00845009947	0	NA	NA	0	NA	NA	NA	1
ENSCAFG00845009955	0	NA	NA	0	NA	NA	NA	1
ENSCAFG00845009964	0	NA	NA	0	NA	NA	NA	1
ENSCAFG00845009986	0	NA	NA	0	NA	NA	NA	1
ENSCAFG00845010006	0	NA	NA	0	NA	NA	NA	1
ENSCAFG00845010045	0	NA	NA	0	NA	NA	NA	1
ENSCAFG00845010113	0	NA	NA	0	NA	NA	NA	1
ENSCAFG00845010123	0	NA	NA	0	NA	NA	NA	1
ENSCAFG00845010139	0	NA	NA	0	NA	NA	NA	1
ENSCAFG00845010159	0	NA	NA	0	NA	NA	NA	1
ENSCAFG00845010187	0	NA	NA	0	NA	NA	NA	1
ENSCAFG00845010208	0	NA	NA	0	NA	NA	NA	1
ENSCAFG00845010213	0	NA	NA	0	NA	NA	NA	1
ENSCAFG00845010224	0	NA	NA	0	NA	NA	NA	1
ENSCAFG00845010228	0	NA	NA	0	NA	NA	NA	1
ENSCAFG00845010245	0	NA	NA	0	NA	NA	NA	1
ENSCAFG00845010256	0	NA	NA	0	NA	NA	NA	1
ENSCAFG00845010257	0	NA	NA	0	NA	NA	NA	1
ENSCAFG00845010265	0	NA	NA	0	NA	NA	NA	1
ENSCAFG00845010279	0	NA	NA	0	NA	NA	NA	1
ENSCAFG00845010285	0	NA	NA	0	NA	NA	NA	1
ENSCAFG00845010294	0	NA	NA	0	NA	NA	NA	1
ENSCAFG00845010296	0	NA	NA	0	NA	NA	NA	1
ENSCAFG00845010315	0	NA	NA	0	NA	NA	NA	1
ENSCAFG00845010331	0	NA	NA	0	NA	NA	NA	1
ENSCAFG00845010441	0	NA	NA	0	NA	NA	NA	1
ENSCAFG00845010448	0	NA	NA	0	NA	NA	NA	1
ENSCAFG00845010472	0	NA	NA	0	NA	NA	NA	1
ENSCAFG00845010477	0	NA	NA	0	NA	NA	NA	1
ENSCAFG00845010490	0	NA	NA	0	NA	NA	NA	1
ENSCAFG00845010500	0	NA	NA	0	NA	NA	NA	1
ENSCAFG00845010509	0	NA	NA	0	NA	NA	NA	1
ENSCAFG00845010531	0	NA	NA	0	NA	NA	NA	1
ENSCAFG00845010536	0	NA	NA	0	NA	NA	NA	1
ENSCAFG00845010544	0	NA	NA	0	NA	NA	NA	1
ENSCAFG00845010551	0	NA	NA	0	NA	NA	NA	1
ENSCAFG00845010610	0	NA	NA	0	NA	NA	NA	1
ENSCAFG00845010613	0	NA	NA	0	NA	NA	NA	1
ENSCAFG00845010619	0	NA	NA	0	NA	NA	NA	1
ENSCAFG00845010631	0	NA	NA	0	NA	NA	NA	1
ENSCAFG00845010640	0	NA	NA	0	NA	NA	NA	1
ENSCAFG00845010641	0	NA	NA	0	NA	NA	NA	1
ENSCAFG00845010645	0	NA	NA	0	NA	NA	NA	1
ENSCAFG00845010647	0	NA	NA	0	NA	NA	NA	1
ENSCAFG00845010651	0	NA	NA	0	NA	NA	NA	1
ENSCAFG00845010659	0	NA	NA	0	NA	NA	NA	1
ENSCAFG00845010661	0	NA	NA	0	NA	NA	NA	1
ENSCAFG00845010664	0	NA	NA	0	NA	NA	NA	1
ENSCAFG00845010665	0	NA	NA	0	NA	NA	NA	1
ENSCAFG00845010673	0	NA	NA	0	NA	NA	NA	1
ENSCAFG00845010687	0	NA	NA	0	NA	NA	NA	1
ENSCAFG00845010750	0	NA	NA	0	NA	NA	NA	1
ENSCAFG00845010759	0	NA	NA	0	NA	NA	NA	1
ENSCAFG00845010763	0	NA	NA	0	NA	NA	NA	1
ENSCAFG00845010782	0	NA	NA	0	NA	NA	NA	1
ENSCAFG00845010783	0	NA	NA	0	NA	NA	NA	1
ENSCAFG00845010799	0	NA	NA	0	NA	NA	NA	1
ENSCAFG00845010839	0	NA	NA	0	NA	NA	NA	1
ENSCAFG00845010844	0	NA	NA	0	NA	NA	NA	1
ENSCAFG00845010860	0	NA	NA	0	NA	NA	NA	1
ENSCAFG00845010862	0	NA	NA	0	NA	NA	NA	1
ENSCAFG00845010865	0	NA	NA	0	NA	NA	NA	1
ENSCAFG00845010873	0	NA	NA	0	NA	NA	NA	1
ENSCAFG00845010887	0	NA	NA	0	NA	NA	NA	1
ENSCAFG00845010901	0	NA	NA	0	NA	NA	NA	1
ENSCAFG00845010908	0	NA	NA	0	NA	NA	NA	1
ENSCAFG00845010914	0	NA	NA	0	NA	NA	NA	1
ENSCAFG00845010916	0	NA	NA	0	NA	NA	NA	1
ENSCAFG00845010923	0	NA	NA	0	NA	NA	NA	1
ENSCAFG00845010925	0	NA	NA	0	NA	NA	NA	1
ENSCAFG00845010929	0	NA	NA	0	NA	NA	NA	1
ENSCAFG00845010947	0	NA	NA	0	NA	NA	NA	1
ENSCAFG00845010965	0	NA	NA	0	NA	NA	NA	1
ENSCAFG00845010969	0	NA	NA	0	NA	NA	NA	1
ENSCAFG00845010992	0	NA	NA	0	NA	NA	NA	1
ENSCAFG00845010996	0	NA	NA	0	NA	NA	NA	1
ENSCAFG00845011016	0	NA	NA	0	NA	NA	NA	1
ENSCAFG00845011032	0	NA	NA	0	NA	NA	NA	1
ENSCAFG00845011034	0	NA	NA	0	NA	NA	NA	1
ENSCAFG00845011040	0	NA	NA	0	NA	NA	NA	1
ENSCAFG00845011060	0	NA	NA	0	NA	NA	NA	1
ENSCAFG00845011062	0	NA	NA	0	NA	NA	NA	1
ENSCAFG00845011129	0	NA	NA	0	NA	NA	NA	1
ENSCAFG00845011135	0	NA	NA	0	NA	NA	NA	1
ENSCAFG00845011146	0	NA	NA	0	NA	NA	NA	1
ENSCAFG00845011148	0	NA	NA	0	NA	NA	NA	1
ENSCAFG00845011156	0	NA	NA	0	NA	NA	NA	1
ENSCAFG00845011184	0	NA	NA	0	NA	NA	NA	1
ENSCAFG00845011209	0	NA	NA	0	NA	NA	NA	1
ENSCAFG00845011218	0	NA	NA	0	NA	NA	NA	1
ENSCAFG00845011224	0	NA	NA	0	NA	NA	NA	1
ENSCAFG00845011229	0	NA	NA	0	NA	NA	NA	1
ENSCAFG00845011244	0	NA	NA	0	NA	NA	NA	1
ENSCAFG00845011247	0	NA	NA	0	NA	NA	NA	1
ENSCAFG00845011249	0	NA	NA	0	NA	NA	NA	1
ENSCAFG00845011312	0	NA	NA	0	NA	NA	NA	1
ENSCAFG00845011329	0	NA	NA	0	NA	NA	NA	1
ENSCAFG00845011390	0	NA	NA	0	NA	NA	NA	1
ENSCAFG00845011440	0	NA	NA	0	NA	NA	NA	1
ENSCAFG00845011447	0	NA	NA	0	NA	NA	NA	1
ENSCAFG00845011464	0	NA	NA	0	NA	NA	NA	1
ENSCAFG00845011468	0	NA	NA	0	NA	NA	NA	1
ENSCAFG00845011473	0	NA	NA	0	NA	NA	NA	1
ENSCAFG00845011476	0	NA	NA	0	NA	NA	NA	1
ENSCAFG00845011495	0	NA	NA	0	NA	NA	NA	1
ENSCAFG00845011497	0	NA	NA	0	NA	NA	NA	1
ENSCAFG00845011500	0	NA	NA	0	NA	NA	NA	1
ENSCAFG00845011501	0	NA	NA	0	NA	NA	NA	1
ENSCAFG00845011503	0	NA	NA	0	NA	NA	NA	1
ENSCAFG00845011518	0	NA	NA	0	NA	NA	NA	1
ENSCAFG00845011519	0	NA	NA	0	NA	NA	NA	1
ENSCAFG00845011542	0	NA	NA	0	NA	NA	NA	1
ENSCAFG00845011587	0	NA	NA	0	NA	NA	NA	1
ENSCAFG00845011596	0	NA	NA	0	NA	NA	NA	1
ENSCAFG00845011601	0	NA	NA	0	NA	NA	NA	1
ENSCAFG00845011614	0	NA	NA	0	NA	NA	NA	1
ENSCAFG00845011618	0	NA	NA	0	NA	NA	NA	1
ENSCAFG00845011625	0	NA	NA	0	NA	NA	NA	1
ENSCAFG00845011631	0	NA	NA	0	NA	NA	NA	1
ENSCAFG00845011674	0	NA	NA	0	NA	NA	NA	1
ENSCAFG00845011682	0	NA	NA	0	NA	NA	NA	1
ENSCAFG00845011686	0	NA	NA	0	NA	NA	NA	1
ENSCAFG00845011697	0	NA	NA	0	NA	NA	NA	1
ENSCAFG00845011761	0	NA	NA	0	NA	NA	NA	1
ENSCAFG00845011831	0	NA	NA	0	NA	NA	NA	1
ENSCAFG00845011847	0	NA	NA	0	NA	NA	NA	1
ENSCAFG00845011885	0	NA	NA	0	NA	NA	NA	1
ENSCAFG00845011886	0	NA	NA	0	NA	NA	NA	1
ENSCAFG00845011902	0	NA	NA	0	NA	NA	NA	1
ENSCAFG00845011936	0	NA	NA	0	NA	NA	NA	1
ENSCAFG00845011958	0	NA	NA	0	NA	NA	NA	1
ENSCAFG00845012018	0	NA	NA	0	NA	NA	NA	1
ENSCAFG00845012028	0	NA	NA	0	NA	NA	NA	1
ENSCAFG00845012031	0	NA	NA	0	NA	NA	NA	1
ENSCAFG00845012051	0	NA	NA	0	NA	NA	NA	1
ENSCAFG00845012058	0	NA	NA	0	NA	NA	NA	1
ENSCAFG00845012126	0	NA	NA	0	NA	NA	NA	1
ENSCAFG00845012132	0	NA	NA	0	NA	NA	NA	1
ENSCAFG00845012140	0	NA	NA	0	NA	NA	NA	1
ENSCAFG00845012147	0	NA	NA	0	NA	NA	NA	1
ENSCAFG00845012149	0	NA	NA	0	NA	NA	NA	1
ENSCAFG00845012155	0	NA	NA	0	NA	NA	NA	1
ENSCAFG00845012158	0	NA	NA	0	NA	NA	NA	1
ENSCAFG00845012217	0	NA	NA	0	NA	NA	NA	1
ENSCAFG00845012239	0	NA	NA	0	NA	NA	NA	1
ENSCAFG00845012264	0	NA	NA	0	NA	NA	NA	1
ENSCAFG00845012270	0	NA	NA	0	NA	NA	NA	1
ENSCAFG00845012297	0	NA	NA	0	NA	NA	NA	1
ENSCAFG00845012307	0	NA	NA	0	NA	NA	NA	1
ENSCAFG00845012313	0	NA	NA	0	NA	NA	NA	1
ENSCAFG00845012317	0	NA	NA	0	NA	NA	NA	1
ENSCAFG00845012326	0	NA	NA	0	NA	NA	NA	1
ENSCAFG00845012334	0	NA	NA	0	NA	NA	NA	1
ENSCAFG00845012370	0	NA	NA	0	NA	NA	NA	1
ENSCAFG00845012391	0	NA	NA	0	NA	NA	NA	1
ENSCAFG00845012421	0	NA	NA	0	NA	NA	NA	1
ENSCAFG00845012443	0	NA	NA	0	NA	NA	NA	1
ENSCAFG00845012462	0	NA	NA	0	NA	NA	NA	1
ENSCAFG00845012464	0	NA	NA	0	NA	NA	NA	1
ENSCAFG00845012515	0	NA	NA	0	NA	NA	NA	1
ENSCAFG00845012521	0	NA	NA	0	NA	NA	NA	1
ENSCAFG00845012539	0	NA	NA	0	NA	NA	NA	1
ENSCAFG00845012545	0	NA	NA	0	NA	NA	NA	1
ENSCAFG00845012551	0	NA	NA	0	NA	NA	NA	1
ENSCAFG00845012567	0	NA	NA	0	NA	NA	NA	1
ENSCAFG00845012609	0	NA	NA	0	NA	NA	NA	1
ENSCAFG00845012619	0	NA	NA	0	NA	NA	NA	1
ENSCAFG00845012630	0	NA	NA	0	NA	NA	NA	1
ENSCAFG00845012637	0	NA	NA	0	NA	NA	NA	1
ENSCAFG00845012645	0	NA	NA	0	NA	NA	NA	1
ENSCAFG00845012652	0	NA	NA	0	NA	NA	NA	1
ENSCAFG00845012655	0	NA	NA	0	NA	NA	NA	1
ENSCAFG00845012700	0	NA	NA	0	NA	NA	NA	1
ENSCAFG00845012732	0	NA	NA	0	NA	NA	NA	1
ENSCAFG00845012735	0	NA	NA	0	NA	NA	NA	1
ENSCAFG00845012739	0	NA	NA	0	NA	NA	NA	1
ENSCAFG00845012774	0	NA	NA	0	NA	NA	NA	1
ENSCAFG00845012780	0	NA	NA	0	NA	NA	NA	1
ENSCAFG00845012787	0	NA	NA	0	NA	NA	NA	1
ENSCAFG00845012788	0	NA	NA	0	NA	NA	NA	1
ENSCAFG00845012802	0	NA	NA	0	NA	NA	NA	1
ENSCAFG00845012803	0	NA	NA	0	NA	NA	NA	1
ENSCAFG00845012807	0	NA	NA	0	NA	NA	NA	1
ENSCAFG00845012820	0	NA	NA	0	NA	NA	NA	1
ENSCAFG00845012825	0	NA	NA	0	NA	NA	NA	1
ENSCAFG00845012913	0	NA	NA	0	NA	NA	NA	1
ENSCAFG00845012923	0	NA	NA	0	NA	NA	NA	1
ENSCAFG00845012972	0	NA	NA	0	NA	NA	NA	1
ENSCAFG00845013001	0	NA	NA	0	NA	NA	NA	1
ENSCAFG00845013002	0	NA	NA	0	NA	NA	NA	1
ENSCAFG00845013017	0	NA	NA	0	NA	NA	NA	1
ENSCAFG00845013027	0	NA	NA	0	NA	NA	NA	1
ENSCAFG00845013095	0	NA	NA	0	NA	NA	NA	1
ENSCAFG00845013114	0	NA	NA	0	NA	NA	NA	1
ENSCAFG00845013119	0	NA	NA	0	NA	NA	NA	1
ENSCAFG00845013131	0	NA	NA	0	NA	NA	NA	1
ENSCAFG00845013147	0	NA	NA	0	NA	NA	NA	1
ENSCAFG00845013152	0	NA	NA	0	NA	NA	NA	1
ENSCAFG00845013179	0	NA	NA	0	NA	NA	NA	1
ENSCAFG00845013181	0	NA	NA	0	NA	NA	NA	1
ENSCAFG00845013184	0	NA	NA	0	NA	NA	NA	1
ENSCAFG00845013210	0	NA	NA	0	NA	NA	NA	1
ENSCAFG00845013232	0	NA	NA	0	NA	NA	NA	1
ENSCAFG00845013243	0	NA	NA	0	NA	NA	NA	1
ENSCAFG00845013247	0	NA	NA	0	NA	NA	NA	1
ENSCAFG00845013269	0	NA	NA	0	NA	NA	NA	1
ENSCAFG00845013278	0	NA	NA	0	NA	NA	NA	1
ENSCAFG00845013284	0	NA	NA	0	NA	NA	NA	1
ENSCAFG00845013293	0	NA	NA	0	NA	NA	NA	1
ENSCAFG00845013301	0	NA	NA	0	NA	NA	NA	1
ENSCAFG00845013307	0	NA	NA	0	NA	NA	NA	1
ENSCAFG00845013308	0	NA	NA	0	NA	NA	NA	1
ENSCAFG00845013312	0	NA	NA	0	NA	NA	NA	1
ENSCAFG00845013323	0	NA	NA	0	NA	NA	NA	1
ENSCAFG00845013324	0	NA	NA	0	NA	NA	NA	1
ENSCAFG00845013434	0	NA	NA	0	NA	NA	NA	1
ENSCAFG00845013455	0	NA	NA	0	NA	NA	NA	1
ENSCAFG00845013456	0	NA	NA	0	NA	NA	NA	1
ENSCAFG00845013461	0	NA	NA	0	NA	NA	NA	1
ENSCAFG00845013484	0	NA	NA	0	NA	NA	NA	1
ENSCAFG00845013491	0	NA	NA	0	NA	NA	NA	1
ENSCAFG00845013497	0	NA	NA	0	NA	NA	NA	1
ENSCAFG00845013502	0	NA	NA	0	NA	NA	NA	1
ENSCAFG00845013507	0	NA	NA	0	NA	NA	NA	1
ENSCAFG00845013512	0	NA	NA	0	NA	NA	NA	1
ENSCAFG00845013521	0	NA	NA	0	NA	NA	NA	1
ENSCAFG00845013539	0	NA	NA	0	NA	NA	NA	1
ENSCAFG00845013545	0	NA	NA	0	NA	NA	NA	1
ENSCAFG00845013546	0	NA	NA	0	NA	NA	NA	1
ENSCAFG00845013547	0	NA	NA	0	NA	NA	NA	1
ENSCAFG00845013595	0	NA	NA	0	NA	NA	NA	1
ENSCAFG00845013617	0	NA	NA	0	NA	NA	NA	1
ENSCAFG00845013745	0	NA	NA	0	NA	NA	NA	1
ENSCAFG00845013749	0	NA	NA	0	NA	NA	NA	1
ENSCAFG00845013750	0	NA	NA	0	NA	NA	NA	1
ENSCAFG00845013752	0	NA	NA	0	NA	NA	NA	1
ENSCAFG00845013756	0	NA	NA	0	NA	NA	NA	1
ENSCAFG00845013757	0	NA	NA	0	NA	NA	NA	1
ENSCAFG00845013760	0	NA	NA	0	NA	NA	NA	1
ENSCAFG00845013773	0	NA	NA	0	NA	NA	NA	1
ENSCAFG00845013782	0	NA	NA	0	NA	NA	NA	1
ENSCAFG00845013794	0	NA	NA	0	NA	NA	NA	1
ENSCAFG00845013843	0	NA	NA	0	NA	NA	NA	1
ENSCAFG00845013847	0	NA	NA	0	NA	NA	NA	1
ENSCAFG00845013849	0	NA	NA	0	NA	NA	NA	1
ENSCAFG00845013851	0	NA	NA	0	NA	NA	NA	1
ENSCAFG00845013854	0	NA	NA	0	NA	NA	NA	1
ENSCAFG00845013864	0	NA	NA	0	NA	NA	NA	1
ENSCAFG00845013871	0	NA	NA	0	NA	NA	NA	1
ENSCAFG00845013898	0	NA	NA	0	NA	NA	NA	1
ENSCAFG00845013900	0	NA	NA	0	NA	NA	NA	1
ENSCAFG00845013904	0	NA	NA	0	NA	NA	NA	1
ENSCAFG00845013913	0	NA	NA	0	NA	NA	NA	1
ENSCAFG00845013919	0	NA	NA	0	NA	NA	NA	1
ENSCAFG00845013921	0	NA	NA	0	NA	NA	NA	1
ENSCAFG00845013958	0	NA	NA	0	NA	NA	NA	1
ENSCAFG00845013972	0	NA	NA	0	NA	NA	NA	1
ENSCAFG00845013983	0	NA	NA	0	NA	NA	NA	1
ENSCAFG00845013989	0	NA	NA	0	NA	NA	NA	1
ENSCAFG00845013991	0	NA	NA	0	NA	NA	NA	1
ENSCAFG00845013994	0	NA	NA	0	NA	NA	NA	1
ENSCAFG00845013996	0	NA	NA	0	NA	NA	NA	1
ENSCAFG00845014004	0	NA	NA	0	NA	NA	NA	1
ENSCAFG00845014044	0	NA	NA	0	NA	NA	NA	1
ENSCAFG00845014049	0	NA	NA	0	NA	NA	NA	1
ENSCAFG00845014057	0	NA	NA	0	NA	NA	NA	1
ENSCAFG00845014067	0	NA	NA	0	NA	NA	NA	1
ENSCAFG00845014136	0	NA	NA	0	NA	NA	NA	1
ENSCAFG00845014139	0	NA	NA	0	NA	NA	NA	1
ENSCAFG00845014144	0	NA	NA	0	NA	NA	NA	1
ENSCAFG00845014158	0	NA	NA	0	NA	NA	NA	1
ENSCAFG00845014175	0	NA	NA	0	NA	NA	NA	1
ENSCAFG00845014177	0	NA	NA	0	NA	NA	NA	1
ENSCAFG00845014184	0	NA	NA	0	NA	NA	NA	1
ENSCAFG00845014207	0	NA	NA	0	NA	NA	NA	1
ENSCAFG00845014216	0	NA	NA	0	NA	NA	NA	1
ENSCAFG00845014255	0	NA	NA	0	NA	NA	NA	1
ENSCAFG00845014258	0	NA	NA	0	NA	NA	NA	1
ENSCAFG00845014264	0	NA	NA	0	NA	NA	NA	1
ENSCAFG00845014275	0	NA	NA	0	NA	NA	NA	1
ENSCAFG00845014301	0	NA	NA	0	NA	NA	NA	1
ENSCAFG00845014352	0	NA	NA	0	NA	NA	NA	1
ENSCAFG00845014357	0	NA	NA	0	NA	NA	NA	1
ENSCAFG00845014381	0	NA	NA	0	NA	NA	NA	1
ENSCAFG00845014390	0	NA	NA	0	NA	NA	NA	1
ENSCAFG00845014395	0	NA	NA	0	NA	NA	NA	1
ENSCAFG00845014409	0	NA	NA	0	NA	NA	NA	1
ENSCAFG00845014423	0	NA	NA	0	NA	NA	NA	1
ENSCAFG00845014424	0	NA	NA	0	NA	NA	NA	1
ENSCAFG00845014454	0	NA	NA	0	NA	NA	NA	1
ENSCAFG00845014460	0	NA	NA	0	NA	NA	NA	1
ENSCAFG00845014490	0	NA	NA	0	NA	NA	NA	1
ENSCAFG00845014499	0	NA	NA	0	NA	NA	NA	1
ENSCAFG00845014502	0	NA	NA	0	NA	NA	NA	1
ENSCAFG00845014507	0	NA	NA	0	NA	NA	NA	1
ENSCAFG00845014516	0	NA	NA	0	NA	NA	NA	1
ENSCAFG00845014522	0	NA	NA	0	NA	NA	NA	1
ENSCAFG00845014551	0	NA	NA	0	NA	NA	NA	1
ENSCAFG00845014594	0	NA	NA	0	NA	NA	NA	1
ENSCAFG00845014599	0	NA	NA	0	NA	NA	NA	1
ENSCAFG00845014611	0	NA	NA	0	NA	NA	NA	1
ENSCAFG00845014616	0	NA	NA	0	NA	NA	NA	1
ENSCAFG00845014620	0	NA	NA	0	NA	NA	NA	1
ENSCAFG00845014623	0	NA	NA	0	NA	NA	NA	1
ENSCAFG00845014643	0	NA	NA	0	NA	NA	NA	1
ENSCAFG00845014644	0	NA	NA	0	NA	NA	NA	1
ENSCAFG00845014652	0	NA	NA	0	NA	NA	NA	1
ENSCAFG00845014660	0	NA	NA	0	NA	NA	NA	1
ENSCAFG00845014668	0	NA	NA	0	NA	NA	NA	1
ENSCAFG00845014673	0	NA	NA	0	NA	NA	NA	1
ENSCAFG00845014685	0	NA	NA	0	NA	NA	NA	1
ENSCAFG00845014720	0	NA	NA	0	NA	NA	NA	1
ENSCAFG00845014728	0	NA	NA	0	NA	NA	NA	1
ENSCAFG00845014752	0	NA	NA	0	NA	NA	NA	1
ENSCAFG00845014759	0	NA	NA	0	NA	NA	NA	1
ENSCAFG00845014764	0	NA	NA	0	NA	NA	NA	1
ENSCAFG00845014769	0	NA	NA	0	NA	NA	NA	1
ENSCAFG00845014776	0	NA	NA	0	NA	NA	NA	1
ENSCAFG00845014781	0	NA	NA	0	NA	NA	NA	1
ENSCAFG00845014783	0	NA	NA	0	NA	NA	NA	1
ENSCAFG00845014786	0	NA	NA	0	NA	NA	NA	1
ENSCAFG00845014793	0	NA	NA	0	NA	NA	NA	1
ENSCAFG00845014797	0	NA	NA	0	NA	NA	NA	1
ENSCAFG00845014828	0	NA	NA	0	NA	NA	NA	1
ENSCAFG00845014849	0	NA	NA	0	NA	NA	NA	1
ENSCAFG00845014861	0	NA	NA	0	NA	NA	NA	1
ENSCAFG00845014876	0	NA	NA	0	NA	NA	NA	1
ENSCAFG00845014895	0	NA	NA	0	NA	NA	NA	1
ENSCAFG00845014968	0	NA	NA	0	NA	NA	NA	1
ENSCAFG00845014979	0	NA	NA	0	NA	NA	NA	1
ENSCAFG00845014981	0	NA	NA	0	NA	NA	NA	1
ENSCAFG00845014987	0	NA	NA	0	NA	NA	NA	1
ENSCAFG00845014996	0	NA	NA	0	NA	NA	NA	1
ENSCAFG00845015001	0	NA	NA	0	NA	NA	NA	1
ENSCAFG00845015008	0	NA	NA	0	NA	NA	NA	1
ENSCAFG00845015018	0	NA	NA	0	NA	NA	NA	1
ENSCAFG00845015026	0	NA	NA	0	NA	NA	NA	1
ENSCAFG00845015037	0	NA	NA	0	NA	NA	NA	1
ENSCAFG00845015046	0	NA	NA	0	NA	NA	NA	1
ENSCAFG00845015055	0	NA	NA	0	NA	NA	NA	1
ENSCAFG00845015061	0	NA	NA	0	NA	NA	NA	1
ENSCAFG00845015067	0	NA	NA	0	NA	NA	NA	1
ENSCAFG00845015071	0	NA	NA	0	NA	NA	NA	1
ENSCAFG00845015077	0	NA	NA	0	NA	NA	NA	1
ENSCAFG00845015087	0	NA	NA	0	NA	NA	NA	1
ENSCAFG00845015097	0	NA	NA	0	NA	NA	NA	1
ENSCAFG00845015105	0	NA	NA	0	NA	NA	NA	1
ENSCAFG00845015110	0	NA	NA	0	NA	NA	NA	1
ENSCAFG00845015113	0	NA	NA	0	NA	NA	NA	1
ENSCAFG00845015119	0	NA	NA	0	NA	NA	NA	1
ENSCAFG00845015121	0	NA	NA	0	NA	NA	NA	1
ENSCAFG00845015127	0	NA	NA	0	NA	NA	NA	1
ENSCAFG00845015128	0	NA	NA	0	NA	NA	NA	1
ENSCAFG00845015137	0	NA	NA	0	NA	NA	NA	1
ENSCAFG00845015174	0	NA	NA	0	NA	NA	NA	1
ENSCAFG00845015184	0	NA	NA	0	NA	NA	NA	1
ENSCAFG00845015210	0	NA	NA	0	NA	NA	NA	1
ENSCAFG00845015214	0	NA	NA	0	NA	NA	NA	1
ENSCAFG00845015215	0	NA	NA	0	NA	NA	NA	1
ENSCAFG00845015230	0	NA	NA	0	NA	NA	NA	1
ENSCAFG00845015234	0	NA	NA	0	NA	NA	NA	1
ENSCAFG00845015239	0	NA	NA	0	NA	NA	NA	1
ENSCAFG00845015240	0	NA	NA	0	NA	NA	NA	1
ENSCAFG00845015243	0	NA	NA	0	NA	NA	NA	1
ENSCAFG00845015254	0	NA	NA	0	NA	NA	NA	1
ENSCAFG00845015283	0	NA	NA	0	NA	NA	NA	1
ENSCAFG00845015289	0	NA	NA	0	NA	NA	NA	1
ENSCAFG00845015326	0	NA	NA	0	NA	NA	NA	1
ENSCAFG00845015346	0	NA	NA	0	NA	NA	NA	1
ENSCAFG00845015349	0	NA	NA	0	NA	NA	NA	1
ENSCAFG00845015354	0	NA	NA	0	NA	NA	NA	1
ENSCAFG00845015358	0	NA	NA	0	NA	NA	NA	1
ENSCAFG00845015374	0	NA	NA	0	NA	NA	NA	1
ENSCAFG00845015379	0	NA	NA	0	NA	NA	NA	1
ENSCAFG00845015380	0	NA	NA	0	NA	NA	NA	1
ENSCAFG00845015381	0	NA	NA	0	NA	NA	NA	1
ENSCAFG00845015396	0	NA	NA	0	NA	NA	NA	1
ENSCAFG00845015441	0	NA	NA	0	NA	NA	NA	1
ENSCAFG00845015480	0	NA	NA	0	NA	NA	NA	1
ENSCAFG00845015481	0	NA	NA	0	NA	NA	NA	1
ENSCAFG00845015501	0	NA	NA	0	NA	NA	NA	1
ENSCAFG00845015509	0	NA	NA	0	NA	NA	NA	1
ENSCAFG00845015517	0	NA	NA	0	NA	NA	NA	1
ENSCAFG00845015526	0	NA	NA	0	NA	NA	NA	1
ENSCAFG00845015536	0	NA	NA	0	NA	NA	NA	1
ENSCAFG00845015549	0	NA	NA	0	NA	NA	NA	1
ENSCAFG00845015552	0	NA	NA	0	NA	NA	NA	1
ENSCAFG00845015627	0	NA	NA	0	NA	NA	NA	1
ENSCAFG00845015651	0	NA	NA	0	NA	NA	NA	1
ENSCAFG00845015659	0	NA	NA	0	NA	NA	NA	1
ENSCAFG00845015665	0	NA	NA	0	NA	NA	NA	1
ENSCAFG00845015675	0	NA	NA	0	NA	NA	NA	1
ENSCAFG00845015679	0	NA	NA	0	NA	NA	NA	1
ENSCAFG00845015698	0	NA	NA	0	NA	NA	NA	1
ENSCAFG00845015708	0	NA	NA	0	NA	NA	NA	1
ENSCAFG00845015735	0	NA	NA	0	NA	NA	NA	1
ENSCAFG00845015747	0	NA	NA	0	NA	NA	NA	1
ENSCAFG00845015749	0	NA	NA	0	NA	NA	NA	1
ENSCAFG00845015771	0	NA	NA	0	NA	NA	NA	1
ENSCAFG00845015777	0	NA	NA	0	NA	NA	NA	1
ENSCAFG00845015789	0	NA	NA	0	NA	NA	NA	1
ENSCAFG00845015798	0	NA	NA	0	NA	NA	NA	1
ENSCAFG00845015820	0	NA	NA	0	NA	NA	NA	1
ENSCAFG00845015823	0	NA	NA	0	NA	NA	NA	1
ENSCAFG00845015824	0	NA	NA	0	NA	NA	NA	1
ENSCAFG00845015851	0	NA	NA	0	NA	NA	NA	1
ENSCAFG00845015884	0	NA	NA	0	NA	NA	NA	1
ENSCAFG00845015985	0	NA	NA	0	NA	NA	NA	1
ENSCAFG00845015994	0	NA	NA	0	NA	NA	NA	1
ENSCAFG00845016057	0	NA	NA	0	NA	NA	NA	1
ENSCAFG00845016140	0	NA	NA	0	NA	NA	NA	1
ENSCAFG00845016152	0	NA	NA	0	NA	NA	NA	1
ENSCAFG00845016157	0	NA	NA	0	NA	NA	NA	1
ENSCAFG00845016180	0	NA	NA	0	NA	NA	NA	1
ENSCAFG00845016186	0	NA	NA	0	NA	NA	NA	1
ENSCAFG00845016194	0	NA	NA	0	NA	NA	NA	1
ENSCAFG00845016201	0	NA	NA	0	NA	NA	NA	1
ENSCAFG00845016241	0	NA	NA	0	NA	NA	NA	1
ENSCAFG00845016255	0	NA	NA	0	NA	NA	NA	1
ENSCAFG00845016270	0	NA	NA	0	NA	NA	NA	1
ENSCAFG00845016295	0	NA	NA	0	NA	NA	NA	1
ENSCAFG00845016297	0	NA	NA	0	NA	NA	NA	1
ENSCAFG00845016299	0	NA	NA	0	NA	NA	NA	1
ENSCAFG00845016302	0	NA	NA	0	NA	NA	NA	1
ENSCAFG00845016305	0	NA	NA	0	NA	NA	NA	1
ENSCAFG00845016317	0	NA	NA	0	NA	NA	NA	1
ENSCAFG00845016325	0	NA	NA	0	NA	NA	NA	1
ENSCAFG00845016326	0	NA	NA	0	NA	NA	NA	1
ENSCAFG00845016329	0	NA	NA	0	NA	NA	NA	1
ENSCAFG00845016333	0	NA	NA	0	NA	NA	NA	1
ENSCAFG00845016334	0	NA	NA	0	NA	NA	NA	1
ENSCAFG00845016335	0	NA	NA	0	NA	NA	NA	1
ENSCAFG00845016338	0	NA	NA	0	NA	NA	NA	1
ENSCAFG00845016340	0	NA	NA	0	NA	NA	NA	1
ENSCAFG00845016344	0	NA	NA	0	NA	NA	NA	1
ENSCAFG00845016355	0	NA	NA	0	NA	NA	NA	1
ENSCAFG00845016362	0	NA	NA	0	NA	NA	NA	1
ENSCAFG00845016372	0	NA	NA	0	NA	NA	NA	1
ENSCAFG00845016373	0	NA	NA	0	NA	NA	NA	1
ENSCAFG00845016381	0	NA	NA	0	NA	NA	NA	1
ENSCAFG00845016390	0	NA	NA	0	NA	NA	NA	1
ENSCAFG00845016403	0	NA	NA	0	NA	NA	NA	1
ENSCAFG00845016405	0	NA	NA	0	NA	NA	NA	1
ENSCAFG00845016406	0	NA	NA	0	NA	NA	NA	1
ENSCAFG00845016414	0	NA	NA	0	NA	NA	NA	1
ENSCAFG00845016419	0	NA	NA	0	NA	NA	NA	1
ENSCAFG00845016427	0	NA	NA	0	NA	NA	NA	1
ENSCAFG00845016429	0	NA	NA	0	NA	NA	NA	1
ENSCAFG00845016432	0	NA	NA	0	NA	NA	NA	1
ENSCAFG00845016445	0	NA	NA	0	NA	NA	NA	1
ENSCAFG00845016447	0	NA	NA	0	NA	NA	NA	1
ENSCAFG00845016455	0	NA	NA	0	NA	NA	NA	1
ENSCAFG00845016461	0	NA	NA	0	NA	NA	NA	1
ENSCAFG00845016468	0	NA	NA	0	NA	NA	NA	1
ENSCAFG00845016470	0	NA	NA	0	NA	NA	NA	1
ENSCAFG00845016479	0	NA	NA	0	NA	NA	NA	1
ENSCAFG00845016491	0	NA	NA	0	NA	NA	NA	1
ENSCAFG00845016502	0	NA	NA	0	NA	NA	NA	1
ENSCAFG00845016506	0	NA	NA	0	NA	NA	NA	1
ENSCAFG00845016510	0	NA	NA	0	NA	NA	NA	1
ENSCAFG00845016512	0	NA	NA	0	NA	NA	NA	1
ENSCAFG00845016521	0	NA	NA	0	NA	NA	NA	1
ENSCAFG00845016525	0	NA	NA	0	NA	NA	NA	1
ENSCAFG00845016534	0	NA	NA	0	NA	NA	NA	1
ENSCAFG00845016539	0	NA	NA	0	NA	NA	NA	1
ENSCAFG00845016553	0	NA	NA	0	NA	NA	NA	1
ENSCAFG00845016562	0	NA	NA	0	NA	NA	NA	1
ENSCAFG00845016568	0	NA	NA	0	NA	NA	NA	1
ENSCAFG00845016570	0	NA	NA	0	NA	NA	NA	1
ENSCAFG00845016575	0	NA	NA	0	NA	NA	NA	1
ENSCAFG00845016581	0	NA	NA	0	NA	NA	NA	1
ENSCAFG00845016584	0	NA	NA	0	NA	NA	NA	1
ENSCAFG00845016586	0	NA	NA	0	NA	NA	NA	1
ENSCAFG00845016590	0	NA	NA	0	NA	NA	NA	1
ENSCAFG00845016595	0	NA	NA	0	NA	NA	NA	1
ENSCAFG00845016599	0	NA	NA	0	NA	NA	NA	1
ENSCAFG00845016603	0	NA	NA	0	NA	NA	NA	1
ENSCAFG00845016608	0	NA	NA	0	NA	NA	NA	1
ENSCAFG00845016610	0	NA	NA	0	NA	NA	NA	1
ENSCAFG00845016611	0	NA	NA	0	NA	NA	NA	1
ENSCAFG00845016613	0	NA	NA	0	NA	NA	NA	1
ENSCAFG00845016616	0	NA	NA	0	NA	NA	NA	1
ENSCAFG00845016621	0	NA	NA	0	NA	NA	NA	1
ENSCAFG00845016628	0	NA	NA	0	NA	NA	NA	1
ENSCAFG00845016629	0	NA	NA	0	NA	NA	NA	1
ENSCAFG00845016640	0	NA	NA	0	NA	NA	NA	1
ENSCAFG00845016644	0	NA	NA	0	NA	NA	NA	1
ENSCAFG00845016645	0	NA	NA	0	NA	NA	NA	1
ENSCAFG00845016646	0	NA	NA	0	NA	NA	NA	1
ENSCAFG00845016650	0	NA	NA	0	NA	NA	NA	1
ENSCAFG00845016655	0	NA	NA	0	NA	NA	NA	1
ENSCAFG00845016658	0	NA	NA	0	NA	NA	NA	1
ENSCAFG00845016659	0	NA	NA	0	NA	NA	NA	1
ENSCAFG00845016660	0	NA	NA	0	NA	NA	NA	1
ENSCAFG00845016665	0	NA	NA	0	NA	NA	NA	1
ENSCAFG00845016670	0	NA	NA	0	NA	NA	NA	1
ENSCAFG00845016673	0	NA	NA	0	NA	NA	NA	1
ENSCAFG00845016675	0	NA	NA	0	NA	NA	NA	1
ENSCAFG00845016689	0	NA	NA	0	NA	NA	NA	1
ENSCAFG00845016690	0	NA	NA	0	NA	NA	NA	1
ENSCAFG00845016691	0	NA	NA	0	NA	NA	NA	1
ENSCAFG00845016699	0	NA	NA	0	NA	NA	NA	1
ENSCAFG00845016717	0	NA	NA	0	NA	NA	NA	1
ENSCAFG00845016728	0	NA	NA	0	NA	NA	NA	1
ENSCAFG00845016731	0	NA	NA	0	NA	NA	NA	1
ENSCAFG00845016741	0	NA	NA	0	NA	NA	NA	1
ENSCAFG00845016758	0	NA	NA	0	NA	NA	NA	1
ENSCAFG00845016771	0	NA	NA	0	NA	NA	NA	1
ENSCAFG00845016776	0	NA	NA	0	NA	NA	NA	1
ENSCAFG00845016783	0	NA	NA	0	NA	NA	NA	1
ENSCAFG00845016797	0	NA	NA	0	NA	NA	NA	1
ENSCAFG00845016800	0	NA	NA	0	NA	NA	NA	1
ENSCAFG00845016803	0	NA	NA	0	NA	NA	NA	1
ENSCAFG00845016812	0	NA	NA	0	NA	NA	NA	1
ENSCAFG00845016823	0	NA	NA	0	NA	NA	NA	1
ENSCAFG00845016829	0	NA	NA	0	NA	NA	NA	1
ENSCAFG00845016839	0	NA	NA	0	NA	NA	NA	1
ENSCAFG00845016857	0	NA	NA	0	NA	NA	NA	1
ENSCAFG00845016858	0	NA	NA	0	NA	NA	NA	1
ENSCAFG00845016868	0	NA	NA	0	NA	NA	NA	1
ENSCAFG00845016871	0	NA	NA	0	NA	NA	NA	1
ENSCAFG00845016878	0	NA	NA	0	NA	NA	NA	1
ENSCAFG00845016880	0	NA	NA	0	NA	NA	NA	1
ENSCAFG00845016885	0	NA	NA	0	NA	NA	NA	1
ENSCAFG00845016890	0	NA	NA	0	NA	NA	NA	1
ENSCAFG00845016895	0	NA	NA	0	NA	NA	NA	1
ENSCAFG00845016898	0	NA	NA	0	NA	NA	NA	1
ENSCAFG00845016902	0	NA	NA	0	NA	NA	NA	1
ENSCAFG00845016905	0	NA	NA	0	NA	NA	NA	1
ENSCAFG00845016910	0	NA	NA	0	NA	NA	NA	1
ENSCAFG00845016914	0	NA	NA	0	NA	NA	NA	1
ENSCAFG00845016918	0	NA	NA	0	NA	NA	NA	1
ENSCAFG00845016930	0	NA	NA	0	NA	NA	NA	1
ENSCAFG00845016937	0	NA	NA	0	NA	NA	NA	1
ENSCAFG00845016940	0	NA	NA	0	NA	NA	NA	1
ENSCAFG00845016948	0	NA	NA	0	NA	NA	NA	1
ENSCAFG00845016954	0	NA	NA	0	NA	NA	NA	1
ENSCAFG00845016958	0	NA	NA	0	NA	NA	NA	1
ENSCAFG00845016960	0	NA	NA	0	NA	NA	NA	1
ENSCAFG00845016964	0	NA	NA	0	NA	NA	NA	1
ENSCAFG00845016967	0	NA	NA	0	NA	NA	NA	1
ENSCAFG00845016978	0	NA	NA	0	NA	NA	NA	1
ENSCAFG00845016979	0	NA	NA	0	NA	NA	NA	1
ENSCAFG00845017002	0	NA	NA	0	NA	NA	NA	1
ENSCAFG00845017035	0	NA	NA	0	NA	NA	NA	1
ENSCAFG00845017049	0	NA	NA	0	NA	NA	NA	1
ENSCAFG00845017051	0	NA	NA	0	NA	NA	NA	1
ENSCAFG00845017108	0	NA	NA	0	NA	NA	NA	1
ENSCAFG00845017117	0	NA	NA	0	NA	NA	NA	1
ENSCAFG00845017131	0	NA	NA	0	NA	NA	NA	1
ENSCAFG00845017150	0	NA	NA	0	NA	NA	NA	1
ENSCAFG00845017175	0	NA	NA	0	NA	NA	NA	1
ENSCAFG00845017178	0	NA	NA	0	NA	NA	NA	1
ENSCAFG00845017180	0	NA	NA	0	NA	NA	NA	1
ENSCAFG00845017186	0	NA	NA	0	NA	NA	NA	1
ENSCAFG00845017192	0	NA	NA	0	NA	NA	NA	1
ENSCAFG00845017230	0	NA	NA	0	NA	NA	NA	1
ENSCAFG00845017246	0	NA	NA	0	NA	NA	NA	1
ENSCAFG00845017256	0	NA	NA	0	NA	NA	NA	1
ENSCAFG00845017268	0	NA	NA	0	NA	NA	NA	1
ENSCAFG00845017275	0	NA	NA	0	NA	NA	NA	1
ENSCAFG00845017279	0	NA	NA	0	NA	NA	NA	1
ENSCAFG00845017282	0	NA	NA	0	NA	NA	NA	1
ENSCAFG00845017305	0	NA	NA	0	NA	NA	NA	1
ENSCAFG00845017314	0	NA	NA	0	NA	NA	NA	1
ENSCAFG00845017317	0	NA	NA	0	NA	NA	NA	1
ENSCAFG00845017324	0	NA	NA	0	NA	NA	NA	1
ENSCAFG00845017331	0	NA	NA	0	NA	NA	NA	1
ENSCAFG00845017333	0	NA	NA	0	NA	NA	NA	1
ENSCAFG00845017339	0	NA	NA	0	NA	NA	NA	1
ENSCAFG00845017340	0	NA	NA	0	NA	NA	NA	1
ENSCAFG00845017341	0	NA	NA	0	NA	NA	NA	1
ENSCAFG00845017343	0	NA	NA	0	NA	NA	NA	1
ENSCAFG00845017347	0	NA	NA	0	NA	NA	NA	1
ENSCAFG00845017350	0	NA	NA	0	NA	NA	NA	1
ENSCAFG00845017351	0	NA	NA	0	NA	NA	NA	1
ENSCAFG00845017360	0	NA	NA	0	NA	NA	NA	1
ENSCAFG00845017362	0	NA	NA	0	NA	NA	NA	1
ENSCAFG00845017363	0	NA	NA	0	NA	NA	NA	1
ENSCAFG00845017364	0	NA	NA	0	NA	NA	NA	1
ENSCAFG00845017373	0	NA	NA	0	NA	NA	NA	1
ENSCAFG00845017374	0	NA	NA	0	NA	NA	NA	1
ENSCAFG00845017375	0	NA	NA	0	NA	NA	NA	1
ENSCAFG00845017377	0	NA	NA	0	NA	NA	NA	1
ENSCAFG00845017386	0	NA	NA	0	NA	NA	NA	1
ENSCAFG00845017390	0	NA	NA	0	NA	NA	NA	1
ENSCAFG00845017399	0	NA	NA	0	NA	NA	NA	1
ENSCAFG00845017412	0	NA	NA	0	NA	NA	NA	1
ENSCAFG00845017415	0	NA	NA	0	NA	NA	NA	1
ENSCAFG00845017419	0	NA	NA	0	NA	NA	NA	1
ENSCAFG00845017425	0	NA	NA	0	NA	NA	NA	1
ENSCAFG00845017430	0	NA	NA	0	NA	NA	NA	1
ENSCAFG00845017432	0	NA	NA	0	NA	NA	NA	1
ENSCAFG00845017444	0	NA	NA	0	NA	NA	NA	1
ENSCAFG00845017446	0	NA	NA	0	NA	NA	NA	1
ENSCAFG00845017462	0	NA	NA	0	NA	NA	NA	1
ENSCAFG00845017476	0	NA	NA	0	NA	NA	NA	1
ENSCAFG00845017480	0	NA	NA	0	NA	NA	NA	1
ENSCAFG00845017482	0	NA	NA	0	NA	NA	NA	1
ENSCAFG00845017488	0	NA	NA	0	NA	NA	NA	1
ENSCAFG00845017507	0	NA	NA	0	NA	NA	NA	1
ENSCAFG00845017511	0	NA	NA	0	NA	NA	NA	1
ENSCAFG00845017520	0	NA	NA	0	NA	NA	NA	1
ENSCAFG00845017534	0	NA	NA	0	NA	NA	NA	1
ENSCAFG00845017535	0	NA	NA	0	NA	NA	NA	1
ENSCAFG00845017542	0	NA	NA	0	NA	NA	NA	1
ENSCAFG00845017562	0	NA	NA	0	NA	NA	NA	1
ENSCAFG00845017563	0	NA	NA	0	NA	NA	NA	1
ENSCAFG00845017571	0	NA	NA	0	NA	NA	NA	1
ENSCAFG00845017575	0	NA	NA	0	NA	NA	NA	1
ENSCAFG00845017580	0	NA	NA	0	NA	NA	NA	1
ENSCAFG00845017583	0	NA	NA	0	NA	NA	NA	1
ENSCAFG00845017591	0	NA	NA	0	NA	NA	NA	1
ENSCAFG00845017598	0	NA	NA	0	NA	NA	NA	1
ENSCAFG00845017614	0	NA	NA	0	NA	NA	NA	1
ENSCAFG00845017626	0	NA	NA	0	NA	NA	NA	1
ENSCAFG00845017675	0	NA	NA	0	NA	NA	NA	1
ENSCAFG00845017699	0	NA	NA	0	NA	NA	NA	1
ENSCAFG00845017707	0	NA	NA	0	NA	NA	NA	1
ENSCAFG00845017712	0	NA	NA	0	NA	NA	NA	1
ENSCAFG00845017724	0	NA	NA	0	NA	NA	NA	1
ENSCAFG00845017730	0	NA	NA	0	NA	NA	NA	1
ENSCAFG00845017733	0	NA	NA	0	NA	NA	NA	1
ENSCAFG00845017740	0	NA	NA	0	NA	NA	NA	1
ENSCAFG00845017741	0	NA	NA	0	NA	NA	NA	1
ENSCAFG00845017742	0	NA	NA	0	NA	NA	NA	1
ENSCAFG00845017753	0	NA	NA	0	NA	NA	NA	1
ENSCAFG00845017756	0	NA	NA	0	NA	NA	NA	1
ENSCAFG00845017773	0	NA	NA	0	NA	NA	NA	1
ENSCAFG00845017774	0	NA	NA	0	NA	NA	NA	1
ENSCAFG00845017800	0	NA	NA	0	NA	NA	NA	1
ENSCAFG00845017808	0	NA	NA	0	NA	NA	NA	1
ENSCAFG00845017819	0	NA	NA	0	NA	NA	NA	1
ENSCAFG00845017822	0	NA	NA	0	NA	NA	NA	1
ENSCAFG00845017834	0	NA	NA	0	NA	NA	NA	1
ENSCAFG00845017863	0	NA	NA	0	NA	NA	NA	1
ENSCAFG00845017869	0	NA	NA	0	NA	NA	NA	1
ENSCAFG00845017870	0	NA	NA	0	NA	NA	NA	1
ENSCAFG00845017882	0	NA	NA	0	NA	NA	NA	1
ENSCAFG00845017901	0	NA	NA	0	NA	NA	NA	1
ENSCAFG00845017906	0	NA	NA	0	NA	NA	NA	1
ENSCAFG00845017915	0	NA	NA	0	NA	NA	NA	1
ENSCAFG00845017933	0	NA	NA	0	NA	NA	NA	1
ENSCAFG00845017944	0	NA	NA	0	NA	NA	NA	1
ENSCAFG00845017946	0	NA	NA	0	NA	NA	NA	1
ENSCAFG00845017956	0	NA	NA	0	NA	NA	NA	1
ENSCAFG00845017958	0	NA	NA	0	NA	NA	NA	1
ENSCAFG00845017967	0	NA	NA	0	NA	NA	NA	1
ENSCAFG00845017986	0	NA	NA	0	NA	NA	NA	1
ENSCAFG00845017997	0	NA	NA	0	NA	NA	NA	1
ENSCAFG00845018007	0	NA	NA	0	NA	NA	NA	1
ENSCAFG00845018019	0	NA	NA	0	NA	NA	NA	1
ENSCAFG00845018033	0	NA	NA	0	NA	NA	NA	1
ENSCAFG00845018044	0	NA	NA	0	NA	NA	NA	1
ENSCAFG00845018048	0	NA	NA	0	NA	NA	NA	1
ENSCAFG00845018050	0	NA	NA	0	NA	NA	NA	1
ENSCAFG00845018060	0	NA	NA	0	NA	NA	NA	1
ENSCAFG00845018063	0	NA	NA	0	NA	NA	NA	1
ENSCAFG00845018073	0	NA	NA	0	NA	NA	NA	1
ENSCAFG00845018080	0	NA	NA	0	NA	NA	NA	1
ENSCAFG00845018092	0	NA	NA	0	NA	NA	NA	1
ENSCAFG00845018100	0	NA	NA	0	NA	NA	NA	1
ENSCAFG00845018104	0	NA	NA	0	NA	NA	NA	1
ENSCAFG00845018112	0	NA	NA	0	NA	NA	NA	1
ENSCAFG00845018121	0	NA	NA	0	NA	NA	NA	1
ENSCAFG00845018133	0	NA	NA	0	NA	NA	NA	1
ENSCAFG00845018148	0	NA	NA	0	NA	NA	NA	1
ENSCAFG00845018152	0	NA	NA	0	NA	NA	NA	1
ENSCAFG00845018165	0	NA	NA	0	NA	NA	NA	1
ENSCAFG00845018175	0	NA	NA	0	NA	NA	NA	1
ENSCAFG00845018186	0	NA	NA	0	NA	NA	NA	1
ENSCAFG00845018192	0	NA	NA	0	NA	NA	NA	1
ENSCAFG00845018204	0	NA	NA	0	NA	NA	NA	1
ENSCAFG00845018275	0	NA	NA	0	NA	NA	NA	1
ENSCAFG00845018279	0	NA	NA	0	NA	NA	NA	1
ENSCAFG00845018295	0	NA	NA	0	NA	NA	NA	1
ENSCAFG00845018308	0	NA	NA	0	NA	NA	NA	1
ENSCAFG00845018309	0	NA	NA	0	NA	NA	NA	1
ENSCAFG00845018331	0	NA	NA	0	NA	NA	NA	1
ENSCAFG00845018350	0	NA	NA	0	NA	NA	NA	1
ENSCAFG00845018371	0	NA	NA	0	NA	NA	NA	1
ENSCAFG00845018396	0	NA	NA	0	NA	NA	NA	1
ENSCAFG00845018405	0	NA	NA	0	NA	NA	NA	1
ENSCAFG00845018451	0	NA	NA	0	NA	NA	NA	1
ENSCAFG00845018461	0	NA	NA	0	NA	NA	NA	1
ENSCAFG00845018490	0	NA	NA	0	NA	NA	NA	1
ENSCAFG00845018497	0	NA	NA	0	NA	NA	NA	1
ENSCAFG00845018505	0	NA	NA	0	NA	NA	NA	1
ENSCAFG00845018507	0	NA	NA	0	NA	NA	NA	1
ENSCAFG00845018565	0	NA	NA	0	NA	NA	NA	1
ENSCAFG00845018604	0	NA	NA	0	NA	NA	NA	1
ENSCAFG00845018679	0	NA	NA	0	NA	NA	NA	1
ENSCAFG00845018685	0	NA	NA	0	NA	NA	NA	1
ENSCAFG00845018702	0	NA	NA	0	NA	NA	NA	1
ENSCAFG00845018714	0	NA	NA	0	NA	NA	NA	1
ENSCAFG00845018735	0	NA	NA	0	NA	NA	NA	1
ENSCAFG00845018759	0	NA	NA	0	NA	NA	NA	1
ENSCAFG00845018773	0	NA	NA	0	NA	NA	NA	1
ENSCAFG00845018793	0	NA	NA	0	NA	NA	NA	1
ENSCAFG00845018827	0	NA	NA	0	NA	NA	NA	1
ENSCAFG00845018836	0	NA	NA	0	NA	NA	NA	1
ENSCAFG00845018837	0	NA	NA	0	NA	NA	NA	1
ENSCAFG00845018842	0	NA	NA	0	NA	NA	NA	1
ENSCAFG00845018844	0	NA	NA	0	NA	NA	NA	1
ENSCAFG00845018851	0	NA	NA	0	NA	NA	NA	1
ENSCAFG00845018853	0	NA	NA	0	NA	NA	NA	1
ENSCAFG00845018866	0	NA	NA	0	NA	NA	NA	1
ENSCAFG00845018884	0	NA	NA	0	NA	NA	NA	1
ENSCAFG00845018906	0	NA	NA	0	NA	NA	NA	1
ENSCAFG00845018914	0	NA	NA	0	NA	NA	NA	1
ENSCAFG00845018950	0	NA	NA	0	NA	NA	NA	1
ENSCAFG00845018980	0	NA	NA	0	NA	NA	NA	1
ENSCAFG00845018989	0	NA	NA	0	NA	NA	NA	1
ENSCAFG00845019019	0	NA	NA	0	NA	NA	NA	1
ENSCAFG00845019023	0	NA	NA	0	NA	NA	NA	1
ENSCAFG00845019029	0	NA	NA	0	NA	NA	NA	1
ENSCAFG00845019095	0	NA	NA	0	NA	NA	NA	1
ENSCAFG00845019097	0	NA	NA	0	NA	NA	NA	1
ENSCAFG00845019105	0	NA	NA	0	NA	NA	NA	1
ENSCAFG00845019120	0	NA	NA	0	NA	NA	NA	1
ENSCAFG00845019121	0	NA	NA	0	NA	NA	NA	1
ENSCAFG00845019122	0	NA	NA	0	NA	NA	NA	1
ENSCAFG00845019129	0	NA	NA	0	NA	NA	NA	1
ENSCAFG00845019131	0	NA	NA	0	NA	NA	NA	1
ENSCAFG00845019141	0	NA	NA	0	NA	NA	NA	1
ENSCAFG00845019144	0	NA	NA	0	NA	NA	NA	1
ENSCAFG00845019150	0	NA	NA	0	NA	NA	NA	1
ENSCAFG00845019153	0	NA	NA	0	NA	NA	NA	1
ENSCAFG00845019162	0	NA	NA	0	NA	NA	NA	1
ENSCAFG00845019170	0	NA	NA	0	NA	NA	NA	1
ENSCAFG00845019181	0	NA	NA	0	NA	NA	NA	1
ENSCAFG00845019186	0	NA	NA	0	NA	NA	NA	1
ENSCAFG00845019205	0	NA	NA	0	NA	NA	NA	1
ENSCAFG00845019206	0	NA	NA	0	NA	NA	NA	1
ENSCAFG00845019214	0	NA	NA	0	NA	NA	NA	1
ENSCAFG00845019222	0	NA	NA	0	NA	NA	NA	1
ENSCAFG00845019283	0	NA	NA	0	NA	NA	NA	1
ENSCAFG00845019301	0	NA	NA	0	NA	NA	NA	1
ENSCAFG00845019319	0	NA	NA	0	NA	NA	NA	1
ENSCAFG00845019329	0	NA	NA	0	NA	NA	NA	1
ENSCAFG00845019338	0	NA	NA	0	NA	NA	NA	1
ENSCAFG00845019369	0	NA	NA	0	NA	NA	NA	1
ENSCAFG00845019390	0	NA	NA	0	NA	NA	NA	1
ENSCAFG00845019424	0	NA	NA	0	NA	NA	NA	1
ENSCAFG00845019467	0	NA	NA	0	NA	NA	NA	1
ENSCAFG00845019474	0	NA	NA	0	NA	NA	NA	1
ENSCAFG00845019504	0	NA	NA	0	NA	NA	NA	1
ENSCAFG00845019522	0	NA	NA	0	NA	NA	NA	1
ENSCAFG00845019532	0	NA	NA	0	NA	NA	NA	1
ENSCAFG00845019595	0	NA	NA	0	NA	NA	NA	1
ENSCAFG00845019605	0	NA	NA	0	NA	NA	NA	1
ENSCAFG00845019611	0	NA	NA	0	NA	NA	NA	1
ENSCAFG00845019612	0	NA	NA	0	NA	NA	NA	1
ENSCAFG00845019623	0	NA	NA	0	NA	NA	NA	1
ENSCAFG00845019625	0	NA	NA	0	NA	NA	NA	1
ENSCAFG00845019632	0	NA	NA	0	NA	NA	NA	1
ENSCAFG00845019638	0	NA	NA	0	NA	NA	NA	1
ENSCAFG00845019645	0	NA	NA	0	NA	NA	NA	1
ENSCAFG00845019655	0	NA	NA	0	NA	NA	NA	1
ENSCAFG00845019669	0	NA	NA	0	NA	NA	NA	1
ENSCAFG00845019700	0	NA	NA	0	NA	NA	NA	1
ENSCAFG00845019712	0	NA	NA	0	NA	NA	NA	1
ENSCAFG00845019713	0	NA	NA	0	NA	NA	NA	1
ENSCAFG00845019722	0	NA	NA	0	NA	NA	NA	1
ENSCAFG00845019732	0	NA	NA	0	NA	NA	NA	1
ENSCAFG00845019780	0	NA	NA	0	NA	NA	NA	1
ENSCAFG00845019795	0	NA	NA	0	NA	NA	NA	1
ENSCAFG00845019803	0	NA	NA	0	NA	NA	NA	1
ENSCAFG00845019830	0	NA	NA	0	NA	NA	NA	1
ENSCAFG00845019839	0	NA	NA	0	NA	NA	NA	1
ENSCAFG00845019842	0	NA	NA	0	NA	NA	NA	1
ENSCAFG00845019847	0	NA	NA	0	NA	NA	NA	1
ENSCAFG00845019849	0	NA	NA	0	NA	NA	NA	1
ENSCAFG00845019859	0	NA	NA	0	NA	NA	NA	1
ENSCAFG00845019860	0	NA	NA	0	NA	NA	NA	1
ENSCAFG00845019870	0	NA	NA	0	NA	NA	NA	1
ENSCAFG00845019883	0	NA	NA	0	NA	NA	NA	1
ENSCAFG00845019898	0	NA	NA	0	NA	NA	NA	1
ENSCAFG00845019899	0	NA	NA	0	NA	NA	NA	1
ENSCAFG00845019900	0	NA	NA	0	NA	NA	NA	1
ENSCAFG00845019910	0	NA	NA	0	NA	NA	NA	1
ENSCAFG00845019913	0	NA	NA	0	NA	NA	NA	1
ENSCAFG00845019914	0	NA	NA	0	NA	NA	NA	1
ENSCAFG00845019922	0	NA	NA	0	NA	NA	NA	1
ENSCAFG00845019926	0	NA	NA	0	NA	NA	NA	1
ENSCAFG00845019946	0	NA	NA	0	NA	NA	NA	1
ENSCAFG00845019959	0	NA	NA	0	NA	NA	NA	1
ENSCAFG00845019967	0	NA	NA	0	NA	NA	NA	1
ENSCAFG00845019970	0	NA	NA	0	NA	NA	NA	1
ENSCAFG00845019975	0	NA	NA	0	NA	NA	NA	1
ENSCAFG00845019985	0	NA	NA	0	NA	NA	NA	1
ENSCAFG00845019995	0	NA	NA	0	NA	NA	NA	1
ENSCAFG00845020010	0	NA	NA	0	NA	NA	NA	1
ENSCAFG00845020014	0	NA	NA	0	NA	NA	NA	1
ENSCAFG00845020026	0	NA	NA	0	NA	NA	NA	1
ENSCAFG00845020038	0	NA	NA	0	NA	NA	NA	1
ENSCAFG00845020045	0	NA	NA	0	NA	NA	NA	1
ENSCAFG00845020066	0	NA	NA	0	NA	NA	NA	1
ENSCAFG00845020092	0	NA	NA	0	NA	NA	NA	1
ENSCAFG00845020103	0	NA	NA	0	NA	NA	NA	1
ENSCAFG00845020105	0	NA	NA	0	NA	NA	NA	1
ENSCAFG00845020118	0	NA	NA	0	NA	NA	NA	1
ENSCAFG00845020122	0	NA	NA	0	NA	NA	NA	1
ENSCAFG00845020129	0	NA	NA	0	NA	NA	NA	1
ENSCAFG00845020132	0	NA	NA	0	NA	NA	NA	1
ENSCAFG00845020136	0	NA	NA	0	NA	NA	NA	1
ENSCAFG00845020145	0	NA	NA	0	NA	NA	NA	1
ENSCAFG00845020146	0	NA	NA	0	NA	NA	NA	1
ENSCAFG00845020147	0	NA	NA	0	NA	NA	NA	1
ENSCAFG00845020152	0	NA	NA	0	NA	NA	NA	1
ENSCAFG00845020157	0	NA	NA	0	NA	NA	NA	1
ENSCAFG00845020166	0	NA	NA	0	NA	NA	NA	1
ENSCAFG00845020175	0	NA	NA	0	NA	NA	NA	1
ENSCAFG00845020179	0	NA	NA	0	NA	NA	NA	1
ENSCAFG00845020180	0	NA	NA	0	NA	NA	NA	1
ENSCAFG00845020185	0	NA	NA	0	NA	NA	NA	1
ENSCAFG00845020194	0	NA	NA	0	NA	NA	NA	1
ENSCAFG00845020219	0	NA	NA	0	NA	NA	NA	1
ENSCAFG00845020229	0	NA	NA	0	NA	NA	NA	1
ENSCAFG00845020242	0	NA	NA	0	NA	NA	NA	1
ENSCAFG00845020245	0	NA	NA	0	NA	NA	NA	1
ENSCAFG00845020258	0	NA	NA	0	NA	NA	NA	1
ENSCAFG00845020261	0	NA	NA	0	NA	NA	NA	1
ENSCAFG00845020269	0	NA	NA	0	NA	NA	NA	1
ENSCAFG00845020274	0	NA	NA	0	NA	NA	NA	1
ENSCAFG00845020285	0	NA	NA	0	NA	NA	NA	1
ENSCAFG00845020293	0	NA	NA	0	NA	NA	NA	1
ENSCAFG00845020303	0	NA	NA	0	NA	NA	NA	1
ENSCAFG00845020307	0	NA	NA	0	NA	NA	NA	1
ENSCAFG00845020308	0	NA	NA	0	NA	NA	NA	1
ENSCAFG00845020310	0	NA	NA	0	NA	NA	NA	1
ENSCAFG00845020318	0	NA	NA	0	NA	NA	NA	1
ENSCAFG00845020402	0	NA	NA	0	NA	NA	NA	1
ENSCAFG00845020412	0	NA	NA	0	NA	NA	NA	1
ENSCAFG00845020422	0	NA	NA	0	NA	NA	NA	1
ENSCAFG00845020426	0	NA	NA	0	NA	NA	NA	1
ENSCAFG00845020436	0	NA	NA	0	NA	NA	NA	1
ENSCAFG00845020474	0	NA	NA	0	NA	NA	NA	1
ENSCAFG00845020478	0	NA	NA	0	NA	NA	NA	1
ENSCAFG00845020505	0	NA	NA	0	NA	NA	NA	1
ENSCAFG00845020508	0	NA	NA	0	NA	NA	NA	1
ENSCAFG00845020510	0	NA	NA	0	NA	NA	NA	1
ENSCAFG00845020538	0	NA	NA	0	NA	NA	NA	1
ENSCAFG00845020559	0	NA	NA	0	NA	NA	NA	1
ENSCAFG00845020577	0	NA	NA	0	NA	NA	NA	1
ENSCAFG00845020586	0	NA	NA	0	NA	NA	NA	1
ENSCAFG00845020588	0	NA	NA	0	NA	NA	NA	1
ENSCAFG00845020629	0	NA	NA	0	NA	NA	NA	1
ENSCAFG00845020639	0	NA	NA	0	NA	NA	NA	1
ENSCAFG00845020650	0	NA	NA	0	NA	NA	NA	1
ENSCAFG00845020655	0	NA	NA	0	NA	NA	NA	1
ENSCAFG00845020656	0	NA	NA	0	NA	NA	NA	1
ENSCAFG00845020735	0	NA	NA	0	NA	NA	NA	1
ENSCAFG00845020743	0	NA	NA	0	NA	NA	NA	1
ENSCAFG00845020753	0	NA	NA	0	NA	NA	NA	1
ENSCAFG00845020771	0	NA	NA	0	NA	NA	NA	1
ENSCAFG00845020780	0	NA	NA	0	NA	NA	NA	1
ENSCAFG00845020793	0	NA	NA	0	NA	NA	NA	1
ENSCAFG00845020799	0	NA	NA	0	NA	NA	NA	1
ENSCAFG00845020807	0	NA	NA	0	NA	NA	NA	1
ENSCAFG00845020836	0	NA	NA	0	NA	NA	NA	1
ENSCAFG00845020853	0	NA	NA	0	NA	NA	NA	1
ENSCAFG00845020857	0	NA	NA	0	NA	NA	NA	1
ENSCAFG00845020865	0	NA	NA	0	NA	NA	NA	1
ENSCAFG00845021023	0	NA	NA	0	NA	NA	NA	1
ENSCAFG00845021024	0	NA	NA	0	NA	NA	NA	1
ENSCAFG00845021035	0	NA	NA	0	NA	NA	NA	1
ENSCAFG00845021050	0	NA	NA	0	NA	NA	NA	1
ENSCAFG00845021054	0	NA	NA	0	NA	NA	NA	1
ENSCAFG00845021059	0	NA	NA	0	NA	NA	NA	1
ENSCAFG00845021071	0	NA	NA	0	NA	NA	NA	1
ENSCAFG00845021103	0	NA	NA	0	NA	NA	NA	1
ENSCAFG00845021114	0	NA	NA	0	NA	NA	NA	1
ENSCAFG00845021123	0	NA	NA	0	NA	NA	NA	1
ENSCAFG00845021132	0	NA	NA	0	NA	NA	NA	1
ENSCAFG00845021140	0	NA	NA	0	NA	NA	NA	1
ENSCAFG00845021183	0	NA	NA	0	NA	NA	NA	1
ENSCAFG00845021190	0	NA	NA	0	NA	NA	NA	1
ENSCAFG00845021198	0	NA	NA	0	NA	NA	NA	1
ENSCAFG00845021202	0	NA	NA	0	NA	NA	NA	1
ENSCAFG00845021210	0	NA	NA	0	NA	NA	NA	1
ENSCAFG00845021227	0	NA	NA	0	NA	NA	NA	1
ENSCAFG00845021236	0	NA	NA	0	NA	NA	NA	1
ENSCAFG00845021238	0	NA	NA	0	NA	NA	NA	1
ENSCAFG00845021245	0	NA	NA	0	NA	NA	NA	1
ENSCAFG00845021257	0	NA	NA	0	NA	NA	NA	1
ENSCAFG00845021261	0	NA	NA	0	NA	NA	NA	1
ENSCAFG00845021278	0	NA	NA	0	NA	NA	NA	1
ENSCAFG00845021285	0	NA	NA	0	NA	NA	NA	1
ENSCAFG00845021293	0	NA	NA	0	NA	NA	NA	1
ENSCAFG00845021298	0	NA	NA	0	NA	NA	NA	1
ENSCAFG00845021299	0	NA	NA	0	NA	NA	NA	1
ENSCAFG00845021314	0	NA	NA	0	NA	NA	NA	1
ENSCAFG00845021342	0	NA	NA	0	NA	NA	NA	1
ENSCAFG00845021387	0	NA	NA	0	NA	NA	NA	1
ENSCAFG00845021427	0	NA	NA	0	NA	NA	NA	1
ENSCAFG00845021482	0	NA	NA	0	NA	NA	NA	1
ENSCAFG00845021498	0	NA	NA	0	NA	NA	NA	1
ENSCAFG00845021531	0	NA	NA	0	NA	NA	NA	1
ENSCAFG00845021553	0	NA	NA	0	NA	NA	NA	1
ENSCAFG00845021562	0	NA	NA	0	NA	NA	NA	1
ENSCAFG00845021569	0	NA	NA	0	NA	NA	NA	1
ENSCAFG00845021584	0	NA	NA	0	NA	NA	NA	1
ENSCAFG00845021589	0	NA	NA	0	NA	NA	NA	1
ENSCAFG00845021606	0	NA	NA	0	NA	NA	NA	1
ENSCAFG00845021620	0	NA	NA	0	NA	NA	NA	1
ENSCAFG00845021631	0	NA	NA	0	NA	NA	NA	1
ENSCAFG00845021650	0	NA	NA	0	NA	NA	NA	1
ENSCAFG00845021662	0	NA	NA	0	NA	NA	NA	1
ENSCAFG00845021675	0	NA	NA	0	NA	NA	NA	1
ENSCAFG00845021680	0	NA	NA	0	NA	NA	NA	1
ENSCAFG00845021693	0	NA	NA	0	NA	NA	NA	1
ENSCAFG00845021697	0	NA	NA	0	NA	NA	NA	1
ENSCAFG00845021699	0	NA	NA	0	NA	NA	NA	1
ENSCAFG00845021705	0	NA	NA	0	NA	NA	NA	1
ENSCAFG00845021708	0	NA	NA	0	NA	NA	NA	1
ENSCAFG00845021731	0	NA	NA	0	NA	NA	NA	1
ENSCAFG00845021766	0	NA	NA	0	NA	NA	NA	1
ENSCAFG00845021784	0	NA	NA	0	NA	NA	NA	1
ENSCAFG00845021791	0	NA	NA	0	NA	NA	NA	1
ENSCAFG00845021798	0	NA	NA	0	NA	NA	NA	1
ENSCAFG00845021800	0	NA	NA	0	NA	NA	NA	1
ENSCAFG00845021805	0	NA	NA	0	NA	NA	NA	1
ENSCAFG00845021813	0	NA	NA	0	NA	NA	NA	1
ENSCAFG00845021835	0	NA	NA	0	NA	NA	NA	1
ENSCAFG00845021845	0	NA	NA	0	NA	NA	NA	1
ENSCAFG00845021848	0	NA	NA	0	NA	NA	NA	1
ENSCAFG00845021853	0	NA	NA	0	NA	NA	NA	1
ENSCAFG00845021866	0	NA	NA	0	NA	NA	NA	1
ENSCAFG00845021880	0	NA	NA	0	NA	NA	NA	1
ENSCAFG00845021888	0	NA	NA	0	NA	NA	NA	1
ENSCAFG00845021899	0	NA	NA	0	NA	NA	NA	1
ENSCAFG00845021914	0	NA	NA	0	NA	NA	NA	1
ENSCAFG00845021919	0	NA	NA	0	NA	NA	NA	1
ENSCAFG00845021937	0	NA	NA	0	NA	NA	NA	1
ENSCAFG00845021947	0	NA	NA	0	NA	NA	NA	1
ENSCAFG00845021957	0	NA	NA	0	NA	NA	NA	1
ENSCAFG00845021987	0	NA	NA	0	NA	NA	NA	1
ENSCAFG00845022009	0	NA	NA	0	NA	NA	NA	1
ENSCAFG00845022025	0	NA	NA	0	NA	NA	NA	1
ENSCAFG00845022030	0	NA	NA	0	NA	NA	NA	1
ENSCAFG00845022034	0	NA	NA	0	NA	NA	NA	1
ENSCAFG00845022040	0	NA	NA	0	NA	NA	NA	1
ENSCAFG00845022042	0	NA	NA	0	NA	NA	NA	1
ENSCAFG00845022044	0	NA	NA	0	NA	NA	NA	1
ENSCAFG00845022055	0	NA	NA	0	NA	NA	NA	1
ENSCAFG00845022058	0	NA	NA	0	NA	NA	NA	1
ENSCAFG00845022065	0	NA	NA	0	NA	NA	NA	1
ENSCAFG00845022071	0	NA	NA	0	NA	NA	NA	1
ENSCAFG00845022072	0	NA	NA	0	NA	NA	NA	1
ENSCAFG00845022076	0	NA	NA	0	NA	NA	NA	1
ENSCAFG00845022107	0	NA	NA	0	NA	NA	NA	1
ENSCAFG00845022115	0	NA	NA	0	NA	NA	NA	1
ENSCAFG00845022124	0	NA	NA	0	NA	NA	NA	1
ENSCAFG00845022133	0	NA	NA	0	NA	NA	NA	1
ENSCAFG00845022146	0	NA	NA	0	NA	NA	NA	1
ENSCAFG00845022154	0	NA	NA	0	NA	NA	NA	1
ENSCAFG00845022155	0	NA	NA	0	NA	NA	NA	1
ENSCAFG00845022158	0	NA	NA	0	NA	NA	NA	1
ENSCAFG00845022179	0	NA	NA	0	NA	NA	NA	1
ENSCAFG00845022182	0	NA	NA	0	NA	NA	NA	1
ENSCAFG00845022185	0	NA	NA	0	NA	NA	NA	1
ENSCAFG00845022221	0	NA	NA	0	NA	NA	NA	1
ENSCAFG00845022246	0	NA	NA	0	NA	NA	NA	1
ENSCAFG00845022290	0	NA	NA	0	NA	NA	NA	1
ENSCAFG00845022319	0	NA	NA	0	NA	NA	NA	1
ENSCAFG00845022367	0	NA	NA	0	NA	NA	NA	1
ENSCAFG00845022375	0	NA	NA	0	NA	NA	NA	1
ENSCAFG00845022391	0	NA	NA	0	NA	NA	NA	1
ENSCAFG00845022405	0	NA	NA	0	NA	NA	NA	1
ENSCAFG00845022406	0	NA	NA	0	NA	NA	NA	1
ENSCAFG00845022416	0	NA	NA	0	NA	NA	NA	1
ENSCAFG00845022428	0	NA	NA	0	NA	NA	NA	1
ENSCAFG00845022438	0	NA	NA	0	NA	NA	NA	1
ENSCAFG00845022444	0	NA	NA	0	NA	NA	NA	1
ENSCAFG00845022445	0	NA	NA	0	NA	NA	NA	1
ENSCAFG00845022454	0	NA	NA	0	NA	NA	NA	1
ENSCAFG00845022466	0	NA	NA	0	NA	NA	NA	1
ENSCAFG00845022475	0	NA	NA	0	NA	NA	NA	1
ENSCAFG00845022503	0	NA	NA	0	NA	NA	NA	1
ENSCAFG00845022504	0	NA	NA	0	NA	NA	NA	1
ENSCAFG00845022511	0	NA	NA	0	NA	NA	NA	1
ENSCAFG00845022522	0	NA	NA	0	NA	NA	NA	1
ENSCAFG00845022555	0	NA	NA	0	NA	NA	NA	1
ENSCAFG00845022562	0	NA	NA	0	NA	NA	NA	1
ENSCAFG00845022571	0	NA	NA	0	NA	NA	NA	1
ENSCAFG00845022579	0	NA	NA	0	NA	NA	NA	1
ENSCAFG00845022600	0	NA	NA	0	NA	NA	NA	1
ENSCAFG00845022619	0	NA	NA	0	NA	NA	NA	1
ENSCAFG00845022626	0	NA	NA	0	NA	NA	NA	1
ENSCAFG00845022628	0	NA	NA	0	NA	NA	NA	1
ENSCAFG00845022641	0	NA	NA	0	NA	NA	NA	1
ENSCAFG00845022672	0	NA	NA	0	NA	NA	NA	1
ENSCAFG00845022682	0	NA	NA	0	NA	NA	NA	1
ENSCAFG00845022689	0	NA	NA	0	NA	NA	NA	1
ENSCAFG00845022700	0	NA	NA	0	NA	NA	NA	1
ENSCAFG00845022704	0	NA	NA	0	NA	NA	NA	1
ENSCAFG00845022712	0	NA	NA	0	NA	NA	NA	1
ENSCAFG00845022721	0	NA	NA	0	NA	NA	NA	1
ENSCAFG00845022724	0	NA	NA	0	NA	NA	NA	1
ENSCAFG00845022731	0	NA	NA	0	NA	NA	NA	1
ENSCAFG00845022742	0	NA	NA	0	NA	NA	NA	1
ENSCAFG00845022751	0	NA	NA	0	NA	NA	NA	1
ENSCAFG00845022759	0	NA	NA	0	NA	NA	NA	1
ENSCAFG00845022771	0	NA	NA	0	NA	NA	NA	1
ENSCAFG00845022772	0	NA	NA	0	NA	NA	NA	1
ENSCAFG00845022778	0	NA	NA	0	NA	NA	NA	1
ENSCAFG00845022798	0	NA	NA	0	NA	NA	NA	1
ENSCAFG00845022812	0	NA	NA	0	NA	NA	NA	1
ENSCAFG00845022816	0	NA	NA	0	NA	NA	NA	1
ENSCAFG00845022828	0	NA	NA	0	NA	NA	NA	1
ENSCAFG00845022839	0	NA	NA	0	NA	NA	NA	1
ENSCAFG00845022875	0	NA	NA	0	NA	NA	NA	1
ENSCAFG00845022912	0	NA	NA	0	NA	NA	NA	1
ENSCAFG00845022917	0	NA	NA	0	NA	NA	NA	1
ENSCAFG00845022924	0	NA	NA	0	NA	NA	NA	1
ENSCAFG00845022943	0	NA	NA	0	NA	NA	NA	1
ENSCAFG00845022952	0	NA	NA	0	NA	NA	NA	1
ENSCAFG00845022960	0	NA	NA	0	NA	NA	NA	1
ENSCAFG00845022966	0	NA	NA	0	NA	NA	NA	1
ENSCAFG00845022990	0	NA	NA	0	NA	NA	NA	1
ENSCAFG00845023006	0	NA	NA	0	NA	NA	NA	1
ENSCAFG00845023012	0	NA	NA	0	NA	NA	NA	1
ENSCAFG00845023018	0	NA	NA	0	NA	NA	NA	1
ENSCAFG00845023031	0	NA	NA	0	NA	NA	NA	1
ENSCAFG00845023068	0	NA	NA	0	NA	NA	NA	1
ENSCAFG00845023090	0	NA	NA	0	NA	NA	NA	1
ENSCAFG00845023111	0	NA	NA	0	NA	NA	NA	1
ENSCAFG00845023120	0	NA	NA	0	NA	NA	NA	1
ENSCAFG00845023126	0	NA	NA	0	NA	NA	NA	1
ENSCAFG00845023127	0	NA	NA	0	NA	NA	NA	1
ENSCAFG00845023148	0	NA	NA	0	NA	NA	NA	1
ENSCAFG00845023152	0	NA	NA	0	NA	NA	NA	1
ENSCAFG00845023158	0	NA	NA	0	NA	NA	NA	1
ENSCAFG00845023214	0	NA	NA	0	NA	NA	NA	1
ENSCAFG00845023229	0	NA	NA	0	NA	NA	NA	1
ENSCAFG00845023236	0	NA	NA	0	NA	NA	NA	1
ENSCAFG00845023237	0	NA	NA	0	NA	NA	NA	1
ENSCAFG00845023247	0	NA	NA	0	NA	NA	NA	1
ENSCAFG00845023254	0	NA	NA	0	NA	NA	NA	1
ENSCAFG00845023266	0	NA	NA	0	NA	NA	NA	1
ENSCAFG00845023285	0	NA	NA	0	NA	NA	NA	1
ENSCAFG00845023286	0	NA	NA	0	NA	NA	NA	1
ENSCAFG00845023294	0	NA	NA	0	NA	NA	NA	1
ENSCAFG00845023326	0	NA	NA	0	NA	NA	NA	1
ENSCAFG00845023339	0	NA	NA	0	NA	NA	NA	1
ENSCAFG00845023355	0	NA	NA	0	NA	NA	NA	1
ENSCAFG00845023358	0	NA	NA	0	NA	NA	NA	1
ENSCAFG00845023361	0	NA	NA	0	NA	NA	NA	1
ENSCAFG00845023373	0	NA	NA	0	NA	NA	NA	1
ENSCAFG00845023385	0	NA	NA	0	NA	NA	NA	1
ENSCAFG00845023397	0	NA	NA	0	NA	NA	NA	1
ENSCAFG00845023406	0	NA	NA	0	NA	NA	NA	1
ENSCAFG00845023421	0	NA	NA	0	NA	NA	NA	1
ENSCAFG00845023424	0	NA	NA	0	NA	NA	NA	1
ENSCAFG00845023431	0	NA	NA	0	NA	NA	NA	1
ENSCAFG00845023446	0	NA	NA	0	NA	NA	NA	1
ENSCAFG00845023468	0	NA	NA	0	NA	NA	NA	1
ENSCAFG00845023483	0	NA	NA	0	NA	NA	NA	1
ENSCAFG00845023491	0	NA	NA	0	NA	NA	NA	1
ENSCAFG00845023496	0	NA	NA	0	NA	NA	NA	1
ENSCAFG00845023505	0	NA	NA	0	NA	NA	NA	1
ENSCAFG00845023506	0	NA	NA	0	NA	NA	NA	1
ENSCAFG00845023508	0	NA	NA	0	NA	NA	NA	1
ENSCAFG00845023513	0	NA	NA	0	NA	NA	NA	1
ENSCAFG00845023519	0	NA	NA	0	NA	NA	NA	1
ENSCAFG00845023528	0	NA	NA	0	NA	NA	NA	1
ENSCAFG00845023535	0	NA	NA	0	NA	NA	NA	1
ENSCAFG00845023541	0	NA	NA	0	NA	NA	NA	1
ENSCAFG00845023543	0	NA	NA	0	NA	NA	NA	1
ENSCAFG00845023551	0	NA	NA	0	NA	NA	NA	1
ENSCAFG00845023585	0	NA	NA	0	NA	NA	NA	1
ENSCAFG00845023602	0	NA	NA	0	NA	NA	NA	1
ENSCAFG00845023618	0	NA	NA	0	NA	NA	NA	1
ENSCAFG00845023624	0	NA	NA	0	NA	NA	NA	1
ENSCAFG00845023629	0	NA	NA	0	NA	NA	NA	1
ENSCAFG00845023633	0	NA	NA	0	NA	NA	NA	1
ENSCAFG00845023637	0	NA	NA	0	NA	NA	NA	1
ENSCAFG00845023640	0	NA	NA	0	NA	NA	NA	1
ENSCAFG00845023670	0	NA	NA	0	NA	NA	NA	1
ENSCAFG00845023680	0	NA	NA	0	NA	NA	NA	1
ENSCAFG00845023681	0	NA	NA	0	NA	NA	NA	1
ENSCAFG00845023686	0	NA	NA	0	NA	NA	NA	1
ENSCAFG00845023696	0	NA	NA	0	NA	NA	NA	1
ENSCAFG00845023698	0	NA	NA	0	NA	NA	NA	1
ENSCAFG00845023701	0	NA	NA	0	NA	NA	NA	1
ENSCAFG00845023705	0	NA	NA	0	NA	NA	NA	1
ENSCAFG00845023708	0	NA	NA	0	NA	NA	NA	1
ENSCAFG00845023710	0	NA	NA	0	NA	NA	NA	1
ENSCAFG00845023711	0	NA	NA	0	NA	NA	NA	1
ENSCAFG00845023712	0	NA	NA	0	NA	NA	NA	1
ENSCAFG00845023721	0	NA	NA	0	NA	NA	NA	1
ENSCAFG00845023724	0	NA	NA	0	NA	NA	NA	1
ENSCAFG00845023728	0	NA	NA	0	NA	NA	NA	1
ENSCAFG00845023734	0	NA	NA	0	NA	NA	NA	1
ENSCAFG00845023735	0	NA	NA	0	NA	NA	NA	1
ENSCAFG00845023738	0	NA	NA	0	NA	NA	NA	1
ENSCAFG00845023740	0	NA	NA	0	NA	NA	NA	1
ENSCAFG00845023742	0	NA	NA	0	NA	NA	NA	1
ENSCAFG00845023747	0	NA	NA	0	NA	NA	NA	1
ENSCAFG00845023750	0	NA	NA	0	NA	NA	NA	1
ENSCAFG00845023752	0	NA	NA	0	NA	NA	NA	1
ENSCAFG00845023763	0	NA	NA	0	NA	NA	NA	1
ENSCAFG00845023764	0	NA	NA	0	NA	NA	NA	1
ENSCAFG00845023765	0	NA	NA	0	NA	NA	NA	1
ENSCAFG00845023780	0	NA	NA	0	NA	NA	NA	1
ENSCAFG00845023781	0	NA	NA	0	NA	NA	NA	1
ENSCAFG00845023782	0	NA	NA	0	NA	NA	NA	1
ENSCAFG00845023784	0	NA	NA	0	NA	NA	NA	1
ENSCAFG00845023792	0	NA	NA	0	NA	NA	NA	1
ENSCAFG00845023796	0	NA	NA	0	NA	NA	NA	1
ENSCAFG00845023802	0	NA	NA	0	NA	NA	NA	1
ENSCAFG00845023807	0	NA	NA	0	NA	NA	NA	1
ENSCAFG00845023812	0	NA	NA	0	NA	NA	NA	1
ENSCAFG00845023814	0	NA	NA	0	NA	NA	NA	1
ENSCAFG00845023821	0	NA	NA	0	NA	NA	NA	1
ENSCAFG00845023839	0	NA	NA	0	NA	NA	NA	1
ENSCAFG00845023842	0	NA	NA	0	NA	NA	NA	1
ENSCAFG00845023849	0	NA	NA	0	NA	NA	NA	1
ENSCAFG00845023855	0	NA	NA	0	NA	NA	NA	1
ENSCAFG00845023856	0	NA	NA	0	NA	NA	NA	1
ENSCAFG00845023859	0	NA	NA	0	NA	NA	NA	1
ENSCAFG00845023861	0	NA	NA	0	NA	NA	NA	1
ENSCAFG00845023863	0	NA	NA	0	NA	NA	NA	1
ENSCAFG00845023864	0	NA	NA	0	NA	NA	NA	1
ENSCAFG00845023870	0	NA	NA	0	NA	NA	NA	1
ENSCAFG00845023879	0	NA	NA	0	NA	NA	NA	1
ENSCAFG00845023896	0	NA	NA	0	NA	NA	NA	1
ENSCAFG00845023899	0	NA	NA	0	NA	NA	NA	1
ENSCAFG00845023900	0	NA	NA	0	NA	NA	NA	1
ENSCAFG00845023904	0	NA	NA	0	NA	NA	NA	1
ENSCAFG00845023912	0	NA	NA	0	NA	NA	NA	1
ENSCAFG00845023920	0	NA	NA	0	NA	NA	NA	1
ENSCAFG00845023934	0	NA	NA	0	NA	NA	NA	1
ENSCAFG00845023936	0	NA	NA	0	NA	NA	NA	1
ENSCAFG00845023940	0	NA	NA	0	NA	NA	NA	1
ENSCAFG00845023948	0	NA	NA	0	NA	NA	NA	1
ENSCAFG00845023949	0	NA	NA	0	NA	NA	NA	1
ENSCAFG00845023962	0	NA	NA	0	NA	NA	NA	1
ENSCAFG00845023976	0	NA	NA	0	NA	NA	NA	1
ENSCAFG00845023986	0	NA	NA	0	NA	NA	NA	1
ENSCAFG00845023987	0	NA	NA	0	NA	NA	NA	1
ENSCAFG00845024009	0	NA	NA	0	NA	NA	NA	1
ENSCAFG00845024021	0	NA	NA	0	NA	NA	NA	1
ENSCAFG00845024026	0	NA	NA	0	NA	NA	NA	1
ENSCAFG00845024034	0	NA	NA	0	NA	NA	NA	1
ENSCAFG00845024058	0	NA	NA	0	NA	NA	NA	1
ENSCAFG00845024062	0	NA	NA	0	NA	NA	NA	1
ENSCAFG00845024065	0	NA	NA	0	NA	NA	NA	1
ENSCAFG00845024072	0	NA	NA	0	NA	NA	NA	1
ENSCAFG00845024082	0	NA	NA	0	NA	NA	NA	1
ENSCAFG00845024084	0	NA	NA	0	NA	NA	NA	1
ENSCAFG00845024096	0	NA	NA	0	NA	NA	NA	1
ENSCAFG00845024169	0	NA	NA	0	NA	NA	NA	1
ENSCAFG00845024183	0	NA	NA	0	NA	NA	NA	1
ENSCAFG00845024185	0	NA	NA	0	NA	NA	NA	1
ENSCAFG00845024191	0	NA	NA	0	NA	NA	NA	1
ENSCAFG00845024198	0	NA	NA	0	NA	NA	NA	1
ENSCAFG00845024209	0	NA	NA	0	NA	NA	NA	1
ENSCAFG00845024264	0	NA	NA	0	NA	NA	NA	1
ENSCAFG00845024274	0	NA	NA	0	NA	NA	NA	1
ENSCAFG00845024282	0	NA	NA	0	NA	NA	NA	1
ENSCAFG00845024292	0	NA	NA	0	NA	NA	NA	1
ENSCAFG00845024293	0	NA	NA	0	NA	NA	NA	1
ENSCAFG00845024306	0	NA	NA	0	NA	NA	NA	1
ENSCAFG00845024315	0	NA	NA	0	NA	NA	NA	1
ENSCAFG00845024337	0	NA	NA	0	NA	NA	NA	1
ENSCAFG00845024368	0	NA	NA	0	NA	NA	NA	1
ENSCAFG00845024369	0	NA	NA	0	NA	NA	NA	1
ENSCAFG00845024389	0	NA	NA	0	NA	NA	NA	1
ENSCAFG00845024390	0	NA	NA	0	NA	NA	NA	1
ENSCAFG00845024396	0	NA	NA	0	NA	NA	NA	1
ENSCAFG00845024404	0	NA	NA	0	NA	NA	NA	1
ENSCAFG00845024418	0	NA	NA	0	NA	NA	NA	1
ENSCAFG00845024452	0	NA	NA	0	NA	NA	NA	1
ENSCAFG00845024455	0	NA	NA	0	NA	NA	NA	1
ENSCAFG00845024465	0	NA	NA	0	NA	NA	NA	1
ENSCAFG00845024480	0	NA	NA	0	NA	NA	NA	1
ENSCAFG00845024481	0	NA	NA	0	NA	NA	NA	1
ENSCAFG00845024490	0	NA	NA	0	NA	NA	NA	1
ENSCAFG00845024498	0	NA	NA	0	NA	NA	NA	1
ENSCAFG00845024504	0	NA	NA	0	NA	NA	NA	1
ENSCAFG00845024511	0	NA	NA	0	NA	NA	NA	1
ENSCAFG00845024526	0	NA	NA	0	NA	NA	NA	1
ENSCAFG00845024549	0	NA	NA	0	NA	NA	NA	1
ENSCAFG00845024567	0	NA	NA	0	NA	NA	NA	1
ENSCAFG00845024572	0	NA	NA	0	NA	NA	NA	1
ENSCAFG00845024579	0	NA	NA	0	NA	NA	NA	1
ENSCAFG00845024593	0	NA	NA	0	NA	NA	NA	1
ENSCAFG00845024599	0	NA	NA	0	NA	NA	NA	1
ENSCAFG00845024600	0	NA	NA	0	NA	NA	NA	1
ENSCAFG00845024619	0	NA	NA	0	NA	NA	NA	1
ENSCAFG00845024621	0	NA	NA	0	NA	NA	NA	1
ENSCAFG00845024626	0	NA	NA	0	NA	NA	NA	1
ENSCAFG00845024652	0	NA	NA	0	NA	NA	NA	1
ENSCAFG00845024654	0	NA	NA	0	NA	NA	NA	1
ENSCAFG00845024659	0	NA	NA	0	NA	NA	NA	1
ENSCAFG00845024669	0	NA	NA	0	NA	NA	NA	1
ENSCAFG00845024680	0	NA	NA	0	NA	NA	NA	1
ENSCAFG00845024685	0	NA	NA	0	NA	NA	NA	1
ENSCAFG00845024699	0	NA	NA	0	NA	NA	NA	1
ENSCAFG00845024719	0	NA	NA	0	NA	NA	NA	1
ENSCAFG00845024726	0	NA	NA	0	NA	NA	NA	1
ENSCAFG00845024729	0	NA	NA	0	NA	NA	NA	1
ENSCAFG00845024740	0	NA	NA	0	NA	NA	NA	1
ENSCAFG00845024755	0	NA	NA	0	NA	NA	NA	1
ENSCAFG00845024756	0	NA	NA	0	NA	NA	NA	1
ENSCAFG00845024768	0	NA	NA	0	NA	NA	NA	1
ENSCAFG00845024770	0	NA	NA	0	NA	NA	NA	1
ENSCAFG00845024772	0	NA	NA	0	NA	NA	NA	1
ENSCAFG00845024781	0	NA	NA	0	NA	NA	NA	1
ENSCAFG00845024792	0	NA	NA	0	NA	NA	NA	1
ENSCAFG00845024795	0	NA	NA	0	NA	NA	NA	1
ENSCAFG00845024799	0	NA	NA	0	NA	NA	NA	1
ENSCAFG00845024848	0	NA	NA	0	NA	NA	NA	1
ENSCAFG00845024874	0	NA	NA	0	NA	NA	NA	1
ENSCAFG00845024880	0	NA	NA	0	NA	NA	NA	1
ENSCAFG00845024888	0	NA	NA	0	NA	NA	NA	1
ENSCAFG00845024897	0	NA	NA	0	NA	NA	NA	1
ENSCAFG00845024915	0	NA	NA	0	NA	NA	NA	1
ENSCAFG00845024933	0	NA	NA	0	NA	NA	NA	1
ENSCAFG00845024935	0	NA	NA	0	NA	NA	NA	1
ENSCAFG00845024943	0	NA	NA	0	NA	NA	NA	1
ENSCAFG00845024945	0	NA	NA	0	NA	NA	NA	1
ENSCAFG00845024957	0	NA	NA	0	NA	NA	NA	1
ENSCAFG00845024991	0	NA	NA	0	NA	NA	NA	1
ENSCAFG00845024992	0	NA	NA	0	NA	NA	NA	1
ENSCAFG00845025002	0	NA	NA	0	NA	NA	NA	1
ENSCAFG00845025005	0	NA	NA	0	NA	NA	NA	1
ENSCAFG00845025021	0	NA	NA	0	NA	NA	NA	1
ENSCAFG00845025051	0	NA	NA	0	NA	NA	NA	1
ENSCAFG00845025055	0	NA	NA	0	NA	NA	NA	1
ENSCAFG00845025059	0	NA	NA	0	NA	NA	NA	1
ENSCAFG00845025068	0	NA	NA	0	NA	NA	NA	1
ENSCAFG00845025090	0	NA	NA	0	NA	NA	NA	1
ENSCAFG00845025092	0	NA	NA	0	NA	NA	NA	1
ENSCAFG00845025103	0	NA	NA	0	NA	NA	NA	1
ENSCAFG00845025119	0	NA	NA	0	NA	NA	NA	1
ENSCAFG00845025135	0	NA	NA	0	NA	NA	NA	1
ENSCAFG00845025172	0	NA	NA	0	NA	NA	NA	1
ENSCAFG00845025176	0	NA	NA	0	NA	NA	NA	1
ENSCAFG00845025185	0	NA	NA	0	NA	NA	NA	1
ENSCAFG00845025207	0	NA	NA	0	NA	NA	NA	1
ENSCAFG00845025253	0	NA	NA	0	NA	NA	NA	1
ENSCAFG00845025256	0	NA	NA	0	NA	NA	NA	1
ENSCAFG00845025261	0	NA	NA	0	NA	NA	NA	1
ENSCAFG00845025263	0	NA	NA	0	NA	NA	NA	1
ENSCAFG00845025267	0	NA	NA	0	NA	NA	NA	1
ENSCAFG00845025272	0	NA	NA	0	NA	NA	NA	1
ENSCAFG00845025278	0	NA	NA	0	NA	NA	NA	1
ENSCAFG00845025282	0	NA	NA	0	NA	NA	NA	1
ENSCAFG00845025283	0	NA	NA	0	NA	NA	NA	1
ENSCAFG00845025284	0	NA	NA	0	NA	NA	NA	1
ENSCAFG00845025290	0	NA	NA	0	NA	NA	NA	1
ENSCAFG00845025299	0	NA	NA	0	NA	NA	NA	1
ENSCAFG00845025302	0	NA	NA	0	NA	NA	NA	1
ENSCAFG00845025308	0	NA	NA	0	NA	NA	NA	1
ENSCAFG00845025336	0	NA	NA	0	NA	NA	NA	1
ENSCAFG00845025356	0	NA	NA	0	NA	NA	NA	1
ENSCAFG00845025365	0	NA	NA	0	NA	NA	NA	1
ENSCAFG00845025400	0	NA	NA	0	NA	NA	NA	1
ENSCAFG00845025403	0	NA	NA	0	NA	NA	NA	1
ENSCAFG00845025412	0	NA	NA	0	NA	NA	NA	1
ENSCAFG00845025414	0	NA	NA	0	NA	NA	NA	1
ENSCAFG00845025430	0	NA	NA	0	NA	NA	NA	1
ENSCAFG00845025477	0	NA	NA	0	NA	NA	NA	1
ENSCAFG00845025483	0	NA	NA	0	NA	NA	NA	1
ENSCAFG00845025492	0	NA	NA	0	NA	NA	NA	1
ENSCAFG00845025502	0	NA	NA	0	NA	NA	NA	1
ENSCAFG00845025545	0	NA	NA	0	NA	NA	NA	1
ENSCAFG00845025573	0	NA	NA	0	NA	NA	NA	1
ENSCAFG00845025591	0	NA	NA	0	NA	NA	NA	1
ENSCAFG00845025593	0	NA	NA	0	NA	NA	NA	1
ENSCAFG00845025612	0	NA	NA	0	NA	NA	NA	1
ENSCAFG00845025616	0	NA	NA	0	NA	NA	NA	1
ENSCAFG00845025622	0	NA	NA	0	NA	NA	NA	1
ENSCAFG00845025634	0	NA	NA	0	NA	NA	NA	1
ENSCAFG00845025639	0	NA	NA	0	NA	NA	NA	1
ENSCAFG00845025651	0	NA	NA	0	NA	NA	NA	1
ENSCAFG00845025652	0	NA	NA	0	NA	NA	NA	1
ENSCAFG00845025661	0	NA	NA	0	NA	NA	NA	1
ENSCAFG00845025673	0	NA	NA	0	NA	NA	NA	1
ENSCAFG00845025685	0	NA	NA	0	NA	NA	NA	1
ENSCAFG00845025688	0	NA	NA	0	NA	NA	NA	1
ENSCAFG00845025690	0	NA	NA	0	NA	NA	NA	1
ENSCAFG00845025702	0	NA	NA	0	NA	NA	NA	1
ENSCAFG00845025714	0	NA	NA	0	NA	NA	NA	1
ENSCAFG00845025753	0	NA	NA	0	NA	NA	NA	1
ENSCAFG00845025771	0	NA	NA	0	NA	NA	NA	1
ENSCAFG00845025781	0	NA	NA	0	NA	NA	NA	1
ENSCAFG00845025782	0	NA	NA	0	NA	NA	NA	1
ENSCAFG00845025800	0	NA	NA	0	NA	NA	NA	1
ENSCAFG00845025809	0	NA	NA	0	NA	NA	NA	1
ENSCAFG00845025820	0	NA	NA	0	NA	NA	NA	1
ENSCAFG00845025828	0	NA	NA	0	NA	NA	NA	1
ENSCAFG00845025829	0	NA	NA	0	NA	NA	NA	1
ENSCAFG00845025830	0	NA	NA	0	NA	NA	NA	1
ENSCAFG00845025835	0	NA	NA	0	NA	NA	NA	1
ENSCAFG00845025840	0	NA	NA	0	NA	NA	NA	1
ENSCAFG00845025868	0	NA	NA	0	NA	NA	NA	1
ENSCAFG00845025870	0	NA	NA	0	NA	NA	NA	1
ENSCAFG00845025885	0	NA	NA	0	NA	NA	NA	1
ENSCAFG00845025886	0	NA	NA	0	NA	NA	NA	1
ENSCAFG00845025923	0	NA	NA	0	NA	NA	NA	1
ENSCAFG00845025939	0	NA	NA	0	NA	NA	NA	1
ENSCAFG00845025944	0	NA	NA	0	NA	NA	NA	1
ENSCAFG00845025965	0	NA	NA	0	NA	NA	NA	1
ENSCAFG00845025972	0	NA	NA	0	NA	NA	NA	1
ENSCAFG00845025973	0	NA	NA	0	NA	NA	NA	1
ENSCAFG00845026033	0	NA	NA	0	NA	NA	NA	1
ENSCAFG00845026112	0	NA	NA	0	NA	NA	NA	1
ENSCAFG00845026126	0	NA	NA	0	NA	NA	NA	1
ENSCAFG00845026132	0	NA	NA	0	NA	NA	NA	1
ENSCAFG00845026148	0	NA	NA	0	NA	NA	NA	1
ENSCAFG00845026156	0	NA	NA	0	NA	NA	NA	1
ENSCAFG00845026167	0	NA	NA	0	NA	NA	NA	1
ENSCAFG00845026234	0	NA	NA	0	NA	NA	NA	1
ENSCAFG00845026244	0	NA	NA	0	NA	NA	NA	1
ENSCAFG00845026250	0	NA	NA	0	NA	NA	NA	1
ENSCAFG00845026264	0	NA	NA	0	NA	NA	NA	1
ENSCAFG00845026283	0	NA	NA	0	NA	NA	NA	1
ENSCAFG00845026295	0	NA	NA	0	NA	NA	NA	1
ENSCAFG00845026298	0	NA	NA	0	NA	NA	NA	1
ENSCAFG00845026302	0	NA	NA	0	NA	NA	NA	1
ENSCAFG00845026315	0	NA	NA	0	NA	NA	NA	1
ENSCAFG00845026318	0	NA	NA	0	NA	NA	NA	1
ENSCAFG00845026388	0	NA	NA	0	NA	NA	NA	1
ENSCAFG00845026391	0	NA	NA	0	NA	NA	NA	1
ENSCAFG00845026393	0	NA	NA	0	NA	NA	NA	1
ENSCAFG00845026399	0	NA	NA	0	NA	NA	NA	1
ENSCAFG00845026402	0	NA	NA	0	NA	NA	NA	1
ENSCAFG00845026409	0	NA	NA	0	NA	NA	NA	1
ENSCAFG00845026429	0	NA	NA	0	NA	NA	NA	1
ENSCAFG00845026434	0	NA	NA	0	NA	NA	NA	1
ENSCAFG00845026445	0	NA	NA	0	NA	NA	NA	1
ENSCAFG00845026446	0	NA	NA	0	NA	NA	NA	1
ENSCAFG00845026456	0	NA	NA	0	NA	NA	NA	1
ENSCAFG00845026458	0	NA	NA	0	NA	NA	NA	1
ENSCAFG00845026470	0	NA	NA	0	NA	NA	NA	1
ENSCAFG00845026471	0	NA	NA	0	NA	NA	NA	1
ENSCAFG00845026484	0	NA	NA	0	NA	NA	NA	1
ENSCAFG00845026503	0	NA	NA	0	NA	NA	NA	1
ENSCAFG00845026504	0	NA	NA	0	NA	NA	NA	1
ENSCAFG00845026514	0	NA	NA	0	NA	NA	NA	1
ENSCAFG00845026516	0	NA	NA	0	NA	NA	NA	1
ENSCAFG00845026527	0	NA	NA	0	NA	NA	NA	1
ENSCAFG00845026532	0	NA	NA	0	NA	NA	NA	1
ENSCAFG00845026534	0	NA	NA	0	NA	NA	NA	1
ENSCAFG00845026537	0	NA	NA	0	NA	NA	NA	1
ENSCAFG00845026538	0	NA	NA	0	NA	NA	NA	1
ENSCAFG00845026544	0	NA	NA	0	NA	NA	NA	1
ENSCAFG00845026556	0	NA	NA	0	NA	NA	NA	1
ENSCAFG00845026561	0	NA	NA	0	NA	NA	NA	1
ENSCAFG00845026588	0	NA	NA	0	NA	NA	NA	1
ENSCAFG00845026603	0	NA	NA	0	NA	NA	NA	1
ENSCAFG00845026618	0	NA	NA	0	NA	NA	NA	1
ENSCAFG00845026647	0	NA	NA	0	NA	NA	NA	1
ENSCAFG00845026656	0	NA	NA	0	NA	NA	NA	1
ENSCAFG00845026686	0	NA	NA	0	NA	NA	NA	1
ENSCAFG00845026705	0	NA	NA	0	NA	NA	NA	1
ENSCAFG00845026726	0	NA	NA	0	NA	NA	NA	1
ENSCAFG00845026730	0	NA	NA	0	NA	NA	NA	1
ENSCAFG00845026735	0	NA	NA	0	NA	NA	NA	1
ENSCAFG00845026736	0	NA	NA	0	NA	NA	NA	1
ENSCAFG00845026749	0	NA	NA	0	NA	NA	NA	1
ENSCAFG00845026787	0	NA	NA	0	NA	NA	NA	1
ENSCAFG00845026793	0	NA	NA	0	NA	NA	NA	1
ENSCAFG00845026827	0	NA	NA	0	NA	NA	NA	1
ENSCAFG00845026835	0	NA	NA	0	NA	NA	NA	1
ENSCAFG00845026846	0	NA	NA	0	NA	NA	NA	1
ENSCAFG00845026848	0	NA	NA	0	NA	NA	NA	1
ENSCAFG00845026858	0	NA	NA	0	NA	NA	NA	1
ENSCAFG00845026865	0	NA	NA	0	NA	NA	NA	1
ENSCAFG00845026877	0	NA	NA	0	NA	NA	NA	1
ENSCAFG00845026889	0	NA	NA	0	NA	NA	NA	1
ENSCAFG00845026896	0	NA	NA	0	NA	NA	NA	1
ENSCAFG00845026905	0	NA	NA	0	NA	NA	NA	1
ENSCAFG00845026906	0	NA	NA	0	NA	NA	NA	1
ENSCAFG00845026917	0	NA	NA	0	NA	NA	NA	1
ENSCAFG00845026939	0	NA	NA	0	NA	NA	NA	1
ENSCAFG00845026950	0	NA	NA	0	NA	NA	NA	1
ENSCAFG00845026998	0	NA	NA	0	NA	NA	NA	1
ENSCAFG00845027018	0	NA	NA	0	NA	NA	NA	1
ENSCAFG00845027040	0	NA	NA	0	NA	NA	NA	1
ENSCAFG00845027050	0	NA	NA	0	NA	NA	NA	1
ENSCAFG00845027060	0	NA	NA	0	NA	NA	NA	1
ENSCAFG00845027067	0	NA	NA	0	NA	NA	NA	1
ENSCAFG00845027081	0	NA	NA	0	NA	NA	NA	1
ENSCAFG00845027082	0	NA	NA	0	NA	NA	NA	1
ENSCAFG00845027088	0	NA	NA	0	NA	NA	NA	1
ENSCAFG00845027093	0	NA	NA	0	NA	NA	NA	1
ENSCAFG00845027101	0	NA	NA	0	NA	NA	NA	1
ENSCAFG00845027104	0	NA	NA	0	NA	NA	NA	1
ENSCAFG00845027107	0	NA	NA	0	NA	NA	NA	1
ENSCAFG00845027128	0	NA	NA	0	NA	NA	NA	1
ENSCAFG00845027129	0	NA	NA	0	NA	NA	NA	1
ENSCAFG00845027136	0	NA	NA	0	NA	NA	NA	1
ENSCAFG00845027147	0	NA	NA	0	NA	NA	NA	1
ENSCAFG00845027152	0	NA	NA	0	NA	NA	NA	1
ENSCAFG00845027159	0	NA	NA	0	NA	NA	NA	1
ENSCAFG00845027162	0	NA	NA	0	NA	NA	NA	1
ENSCAFG00845027185	0	NA	NA	0	NA	NA	NA	1
ENSCAFG00845027189	0	NA	NA	0	NA	NA	NA	1
ENSCAFG00845027190	0	NA	NA	0	NA	NA	NA	1
ENSCAFG00845027196	0	NA	NA	0	NA	NA	NA	1
ENSCAFG00845027197	0	NA	NA	0	NA	NA	NA	1
ENSCAFG00845027199	0	NA	NA	0	NA	NA	NA	1
ENSCAFG00845027203	0	NA	NA	0	NA	NA	NA	1
ENSCAFG00845027207	0	NA	NA	0	NA	NA	NA	1
ENSCAFG00845027211	0	NA	NA	0	NA	NA	NA	1
ENSCAFG00845027236	0	NA	NA	0	NA	NA	NA	1
ENSCAFG00845027246	0	NA	NA	0	NA	NA	NA	1
ENSCAFG00845027254	0	NA	NA	0	NA	NA	NA	1
ENSCAFG00845027256	0	NA	NA	0	NA	NA	NA	1
ENSCAFG00845027258	0	NA	NA	0	NA	NA	NA	1
ENSCAFG00845027269	0	NA	NA	0	NA	NA	NA	1
ENSCAFG00845027276	0	NA	NA	0	NA	NA	NA	1
ENSCAFG00845027285	0	NA	NA	0	NA	NA	NA	1
ENSCAFG00845027288	0	NA	NA	0	NA	NA	NA	1
ENSCAFG00845027294	0	NA	NA	0	NA	NA	NA	1
ENSCAFG00845027296	0	NA	NA	0	NA	NA	NA	1
ENSCAFG00845027315	0	NA	NA	0	NA	NA	NA	1
ENSCAFG00845027318	0	NA	NA	0	NA	NA	NA	1
ENSCAFG00845027334	0	NA	NA	0	NA	NA	NA	1
ENSCAFG00845027337	0	NA	NA	0	NA	NA	NA	1
ENSCAFG00845027354	0	NA	NA	0	NA	NA	NA	1
ENSCAFG00845027370	0	NA	NA	0	NA	NA	NA	1
ENSCAFG00845027372	0	NA	NA	0	NA	NA	NA	1
ENSCAFG00845027378	0	NA	NA	0	NA	NA	NA	1
ENSCAFG00845027393	0	NA	NA	0	NA	NA	NA	1
ENSCAFG00845027403	0	NA	NA	0	NA	NA	NA	1
ENSCAFG00845027405	0	NA	NA	0	NA	NA	NA	1
ENSCAFG00845027409	0	NA	NA	0	NA	NA	NA	1
ENSCAFG00845027429	0	NA	NA	0	NA	NA	NA	1
ENSCAFG00845027445	0	NA	NA	0	NA	NA	NA	1
ENSCAFG00845027448	0	NA	NA	0	NA	NA	NA	1
ENSCAFG00845027457	0	NA	NA	0	NA	NA	NA	1
ENSCAFG00845027462	0	NA	NA	0	NA	NA	NA	1
ENSCAFG00845027463	0	NA	NA	0	NA	NA	NA	1
ENSCAFG00845027469	0	NA	NA	0	NA	NA	NA	1
ENSCAFG00845027477	0	NA	NA	0	NA	NA	NA	1
ENSCAFG00845027498	0	NA	NA	0	NA	NA	NA	1
ENSCAFG00845027510	0	NA	NA	0	NA	NA	NA	1
ENSCAFG00845027519	0	NA	NA	0	NA	NA	NA	1
ENSCAFG00845027523	0	NA	NA	0	NA	NA	NA	1
ENSCAFG00845027533	0	NA	NA	0	NA	NA	NA	1
ENSCAFG00845027535	0	NA	NA	0	NA	NA	NA	1
ENSCAFG00845027580	0	NA	NA	0	NA	NA	NA	1
ENSCAFG00845027585	0	NA	NA	0	NA	NA	NA	1
ENSCAFG00845027601	0	NA	NA	0	NA	NA	NA	1
ENSCAFG00845027617	0	NA	NA	0	NA	NA	NA	1
ENSCAFG00845027620	0	NA	NA	0	NA	NA	NA	1
ENSCAFG00845027666	0	NA	NA	0	NA	NA	NA	1
ENSCAFG00845027667	0	NA	NA	0	NA	NA	NA	1
ENSCAFG00845027672	0	NA	NA	0	NA	NA	NA	1
ENSCAFG00845027673	0	NA	NA	0	NA	NA	NA	1
ENSCAFG00845027676	0	NA	NA	0	NA	NA	NA	1
ENSCAFG00845027679	0	NA	NA	0	NA	NA	NA	1
ENSCAFG00845027682	0	NA	NA	0	NA	NA	NA	1
ENSCAFG00845027720	0	NA	NA	0	NA	NA	NA	1
ENSCAFG00845027741	0	NA	NA	0	NA	NA	NA	1
ENSCAFG00845027746	0	NA	NA	0	NA	NA	NA	1
ENSCAFG00845027755	0	NA	NA	0	NA	NA	NA	1
ENSCAFG00845027757	0	NA	NA	0	NA	NA	NA	1
ENSCAFG00845027761	0	NA	NA	0	NA	NA	NA	1
ENSCAFG00845027778	0	NA	NA	0	NA	NA	NA	1
ENSCAFG00845027807	0	NA	NA	0	NA	NA	NA	1
ENSCAFG00845027814	0	NA	NA	0	NA	NA	NA	1
ENSCAFG00845027823	0	NA	NA	0	NA	NA	NA	1
ENSCAFG00845027837	0	NA	NA	0	NA	NA	NA	1
ENSCAFG00845027855	0	NA	NA	0	NA	NA	NA	1
ENSCAFG00845027865	0	NA	NA	0	NA	NA	NA	1
ENSCAFG00845027890	0	NA	NA	0	NA	NA	NA	1
ENSCAFG00845027921	0	NA	NA	0	NA	NA	NA	1
ENSCAFG00845027940	0	NA	NA	0	NA	NA	NA	1
ENSCAFG00845027955	0	NA	NA	0	NA	NA	NA	1
ENSCAFG00845028024	0	NA	NA	0	NA	NA	NA	1
ENSCAFG00845028034	0	NA	NA	0	NA	NA	NA	1
ENSCAFG00845028043	0	NA	NA	0	NA	NA	NA	1
ENSCAFG00845028057	0	NA	NA	0	NA	NA	NA	1
ENSCAFG00845028081	0	NA	NA	0	NA	NA	NA	1
ENSCAFG00845028087	0	NA	NA	0	NA	NA	NA	1
ENSCAFG00845028124	0	NA	NA	0	NA	NA	NA	1
ENSCAFG00845028137	0	NA	NA	0	NA	NA	NA	1
ENSCAFG00845028138	0	NA	NA	0	NA	NA	NA	1
ENSCAFG00845028146	0	NA	NA	0	NA	NA	NA	1
ENSCAFG00845028153	0	NA	NA	0	NA	NA	NA	1
ENSCAFG00845028158	0	NA	NA	0	NA	NA	NA	1
ENSCAFG00845028163	0	NA	NA	0	NA	NA	NA	1
ENSCAFG00845028169	0	NA	NA	0	NA	NA	NA	1
ENSCAFG00845028181	0	NA	NA	0	NA	NA	NA	1
ENSCAFG00845028185	0	NA	NA	0	NA	NA	NA	1
ENSCAFG00845028206	0	NA	NA	0	NA	NA	NA	1
ENSCAFG00845028221	0	NA	NA	0	NA	NA	NA	1
ENSCAFG00845028241	0	NA	NA	0	NA	NA	NA	1
ENSCAFG00845028255	0	NA	NA	0	NA	NA	NA	1
ENSCAFG00845028295	0	NA	NA	0	NA	NA	NA	1
ENSCAFG00845028298	0	NA	NA	0	NA	NA	NA	1
ENSCAFG00845028302	0	NA	NA	0	NA	NA	NA	1
ENSCAFG00845028306	0	NA	NA	0	NA	NA	NA	1
ENSCAFG00845028308	0	NA	NA	0	NA	NA	NA	1
ENSCAFG00845028312	0	NA	NA	0	NA	NA	NA	1
ENSCAFG00845028317	0	NA	NA	0	NA	NA	NA	1
ENSCAFG00845028321	0	NA	NA	0	NA	NA	NA	1
ENSCAFG00845028325	0	NA	NA	0	NA	NA	NA	1
ENSCAFG00845028332	0	NA	NA	0	NA	NA	NA	1
ENSCAFG00845028337	0	NA	NA	0	NA	NA	NA	1
ENSCAFG00845028343	0	NA	NA	0	NA	NA	NA	1
ENSCAFG00845028350	0	NA	NA	0	NA	NA	NA	1
ENSCAFG00845028354	0	NA	NA	0	NA	NA	NA	1
ENSCAFG00845028359	0	NA	NA	0	NA	NA	NA	1
ENSCAFG00845028380	0	NA	NA	0	NA	NA	NA	1
ENSCAFG00845028401	0	NA	NA	0	NA	NA	NA	1
ENSCAFG00845028406	0	NA	NA	0	NA	NA	NA	1
ENSCAFG00845028429	0	NA	NA	0	NA	NA	NA	1
ENSCAFG00845028439	0	NA	NA	0	NA	NA	NA	1
ENSCAFG00845028441	0	NA	NA	0	NA	NA	NA	1
ENSCAFG00845028467	0	NA	NA	0	NA	NA	NA	1
ENSCAFG00845028472	0	NA	NA	0	NA	NA	NA	1
ENSCAFG00845028474	0	NA	NA	0	NA	NA	NA	1
ENSCAFG00845028484	0	NA	NA	0	NA	NA	NA	1
ENSCAFG00845028489	0	NA	NA	0	NA	NA	NA	1
ENSCAFG00845028493	0	NA	NA	0	NA	NA	NA	1
ENSCAFG00845028496	0	NA	NA	0	NA	NA	NA	1
ENSCAFG00845028499	0	NA	NA	0	NA	NA	NA	1
ENSCAFG00845028516	0	NA	NA	0	NA	NA	NA	1
ENSCAFG00845028518	0	NA	NA	0	NA	NA	NA	1
ENSCAFG00845028528	0	NA	NA	0	NA	NA	NA	1
ENSCAFG00845028529	0	NA	NA	0	NA	NA	NA	1
ENSCAFG00845028536	0	NA	NA	0	NA	NA	NA	1
ENSCAFG00845028541	0	NA	NA	0	NA	NA	NA	1
ENSCAFG00845028543	0	NA	NA	0	NA	NA	NA	1
ENSCAFG00845028550	0	NA	NA	0	NA	NA	NA	1
ENSCAFG00845028556	0	NA	NA	0	NA	NA	NA	1
ENSCAFG00845028561	0	NA	NA	0	NA	NA	NA	1
ENSCAFG00845028565	0	NA	NA	0	NA	NA	NA	1
ENSCAFG00845028568	0	NA	NA	0	NA	NA	NA	1
ENSCAFG00845028575	0	NA	NA	0	NA	NA	NA	1
ENSCAFG00845028576	0	NA	NA	0	NA	NA	NA	1
ENSCAFG00845028585	0	NA	NA	0	NA	NA	NA	1
ENSCAFG00845028599	0	NA	NA	0	NA	NA	NA	1
ENSCAFG00845028610	0	NA	NA	0	NA	NA	NA	1
ENSCAFG00845028613	0	NA	NA	0	NA	NA	NA	1
ENSCAFG00845028617	0	NA	NA	0	NA	NA	NA	1
ENSCAFG00845028671	0	NA	NA	0	NA	NA	NA	1
ENSCAFG00845028673	0	NA	NA	0	NA	NA	NA	1
ENSCAFG00845028682	0	NA	NA	0	NA	NA	NA	1
ENSCAFG00845028685	0	NA	NA	0	NA	NA	NA	1
ENSCAFG00845028686	0	NA	NA	0	NA	NA	NA	1
ENSCAFG00845028687	0	NA	NA	0	NA	NA	NA	1
ENSCAFG00845028692	0	NA	NA	0	NA	NA	NA	1
ENSCAFG00845028695	0	NA	NA	0	NA	NA	NA	1
ENSCAFG00845028704	0	NA	NA	0	NA	NA	NA	1
ENSCAFG00845028711	0	NA	NA	0	NA	NA	NA	1
ENSCAFG00845028713	0	NA	NA	0	NA	NA	NA	1
ENSCAFG00845028726	0	NA	NA	0	NA	NA	NA	1
ENSCAFG00845028732	0	NA	NA	0	NA	NA	NA	1
ENSCAFG00845028744	0	NA	NA	0	NA	NA	NA	1
ENSCAFG00845028747	0	NA	NA	0	NA	NA	NA	1
ENSCAFG00845028754	0	NA	NA	0	NA	NA	NA	1
ENSCAFG00845028767	0	NA	NA	0	NA	NA	NA	1
ENSCAFG00845028782	0	NA	NA	0	NA	NA	NA	1
ENSCAFG00845028784	0	NA	NA	0	NA	NA	NA	1
ENSCAFG00845028799	0	NA	NA	0	NA	NA	NA	1
ENSCAFG00845028807	0	NA	NA	0	NA	NA	NA	1
ENSCAFG00845028811	0	NA	NA	0	NA	NA	NA	1
ENSCAFG00845028818	0	NA	NA	0	NA	NA	NA	1
ENSCAFG00845028825	0	NA	NA	0	NA	NA	NA	1
ENSCAFG00845028831	0	NA	NA	0	NA	NA	NA	1
ENSCAFG00845028849	0	NA	NA	0	NA	NA	NA	1
ENSCAFG00845028888	0	NA	NA	0	NA	NA	NA	1
ENSCAFG00845028889	0	NA	NA	0	NA	NA	NA	1
ENSCAFG00845028895	0	NA	NA	0	NA	NA	NA	1
ENSCAFG00845028900	0	NA	NA	0	NA	NA	NA	1
ENSCAFG00845028927	0	NA	NA	0	NA	NA	NA	1
ENSCAFG00845028960	0	NA	NA	0	NA	NA	NA	1
ENSCAFG00845028978	0	NA	NA	0	NA	NA	NA	1
ENSCAFG00845028986	0	NA	NA	0	NA	NA	NA	1
ENSCAFG00845029036	0	NA	NA	0	NA	NA	NA	1
ENSCAFG00845029040	0	NA	NA	0	NA	NA	NA	1
ENSCAFG00845029045	0	NA	NA	0	NA	NA	NA	1
ENSCAFG00845029053	0	NA	NA	0	NA	NA	NA	1
ENSCAFG00845029062	0	NA	NA	0	NA	NA	NA	1
ENSCAFG00845029064	0	NA	NA	0	NA	NA	NA	1
ENSCAFG00845029072	0	NA	NA	0	NA	NA	NA	1
ENSCAFG00845029074	0	NA	NA	0	NA	NA	NA	1
ENSCAFG00845029080	0	NA	NA	0	NA	NA	NA	1
ENSCAFG00845029104	0	NA	NA	0	NA	NA	NA	1
ENSCAFG00845029119	0	NA	NA	0	NA	NA	NA	1
ENSCAFG00845029126	0	NA	NA	0	NA	NA	NA	1
ENSCAFG00845029135	0	NA	NA	0	NA	NA	NA	1
ENSCAFG00845029144	0	NA	NA	0	NA	NA	NA	1
ENSCAFG00845029145	0	NA	NA	0	NA	NA	NA	1
ENSCAFG00845029153	0	NA	NA	0	NA	NA	NA	1
ENSCAFG00845029174	0	NA	NA	0	NA	NA	NA	1
ENSCAFG00845029180	0	NA	NA	0	NA	NA	NA	1
ENSCAFG00845029190	0	NA	NA	0	NA	NA	NA	1
ENSCAFG00845029205	0	NA	NA	0	NA	NA	NA	1
ENSCAFG00845029214	0	NA	NA	0	NA	NA	NA	1
ENSCAFG00845029220	0	NA	NA	0	NA	NA	NA	1
ENSCAFG00845029229	0	NA	NA	0	NA	NA	NA	1
ENSCAFG00845029252	0	NA	NA	0	NA	NA	NA	1
ENSCAFG00845029278	0	NA	NA	0	NA	NA	NA	1
ENSCAFG00845029284	0	NA	NA	0	NA	NA	NA	1
ENSCAFG00845029286	0	NA	NA	0	NA	NA	NA	1
ENSCAFG00845029295	0	NA	NA	0	NA	NA	NA	1
ENSCAFG00845029301	0	NA	NA	0	NA	NA	NA	1
ENSCAFG00845029313	0	NA	NA	0	NA	NA	NA	1
ENSCAFG00845029382	0	NA	NA	0	NA	NA	NA	1
ENSCAFG00845029391	0	NA	NA	0	NA	NA	NA	1
ENSCAFG00845029439	0	NA	NA	0	NA	NA	NA	1
ENSCAFG00845029468	0	NA	NA	0	NA	NA	NA	1
ENSCAFG00845029478	0	NA	NA	0	NA	NA	NA	1
ENSCAFG00845029487	0	NA	NA	0	NA	NA	NA	1
ENSCAFG00845029506	0	NA	NA	0	NA	NA	NA	1
ENSCAFG00845029510	0	NA	NA	0	NA	NA	NA	1
ENSCAFG00845029514	0	NA	NA	0	NA	NA	NA	1
ENSCAFG00845029521	0	NA	NA	0	NA	NA	NA	1
ENSCAFG00845029522	0	NA	NA	0	NA	NA	NA	1
ENSCAFG00845029536	0	NA	NA	0	NA	NA	NA	1
ENSCAFG00845029552	0	NA	NA	0	NA	NA	NA	1
ENSCAFG00845029585	0	NA	NA	0	NA	NA	NA	1
ENSCAFG00845029701	0	NA	NA	0	NA	NA	NA	1
ENSCAFG00845029705	0	NA	NA	0	NA	NA	NA	1
ENSCAFG00845029719	0	NA	NA	0	NA	NA	NA	1
ENSCAFG00845029729	0	NA	NA	0	NA	NA	NA	1
ENSCAFG00845029741	0	NA	NA	0	NA	NA	NA	1
ENSCAFG00845029766	0	NA	NA	0	NA	NA	NA	1
ENSCAFG00845029767	0	NA	NA	0	NA	NA	NA	1
ENSCAFG00845029778	0	NA	NA	0	NA	NA	NA	1
ENSCAFG00845029790	0	NA	NA	0	NA	NA	NA	1
ENSCAFG00845029820	0	NA	NA	0	NA	NA	NA	1
ENSCAFG00845029823	0	NA	NA	0	NA	NA	NA	1
ENSCAFG00845029826	0	NA	NA	0	NA	NA	NA	1
ENSCAFG00845029829	0	NA	NA	0	NA	NA	NA	1
ENSCAFG00845029882	0	NA	NA	0	NA	NA	NA	1
ENSCAFG00845029885	0	NA	NA	0	NA	NA	NA	1
ENSCAFG00845029888	0	NA	NA	0	NA	NA	NA	1
ENSCAFG00845029891	0	NA	NA	0	NA	NA	NA	1
ENSCAFG00845029894	0	NA	NA	0	NA	NA	NA	1
ENSCAFG00845029899	0	NA	NA	0	NA	NA	NA	1
ENSCAFG00845029902	0	NA	NA	0	NA	NA	NA	1
ENSCAFG00845029904	0	NA	NA	0	NA	NA	NA	1
ENSCAFG00845029930	0	NA	NA	0	NA	NA	NA	1
ENSCAFG00845029944	0	NA	NA	0	NA	NA	NA	1
ENSCAFG00845029951	0	NA	NA	0	NA	NA	NA	1
ENSCAFG00845029953	0	NA	NA	0	NA	NA	NA	1
ENSCAFG00845029956	0	NA	NA	0	NA	NA	NA	1
ENSCAFG00845029961	0	NA	NA	0	NA	NA	NA	1
ENSCAFG00845029964	0	NA	NA	0	NA	NA	NA	1
ENSCAFG00845029971	0	NA	NA	0	NA	NA	NA	1
ENSCAFG00845029986	0	NA	NA	0	NA	NA	NA	1
ENSCAFG00845030004	0	NA	NA	0	NA	NA	NA	1
ENSCAFG00845030012	0	NA	NA	0	NA	NA	NA	1
ENSCAFG00845030080	0	NA	NA	0	NA	NA	NA	1
ENSCAFG00845030085	0	NA	NA	0	NA	NA	NA	1
ENSCAFG00845030090	0	NA	NA	0	NA	NA	NA	1
ENSCAFG00845030151	0	NA	NA	0	NA	NA	NA	1
ENSCAFG00845030162	0	NA	NA	0	NA	NA	NA	1
ENSCAFG00845030167	0	NA	NA	0	NA	NA	NA	1
ENSCAFG00845030171	0	NA	NA	0	NA	NA	NA	1
ENSCAFG00845030195	0	NA	NA	0	NA	NA	NA	1
ENSCAFG00845030228	0	NA	NA	0	NA	NA	NA	1
ENSCAFG00845030230	0	NA	NA	0	NA	NA	NA	1
ENSCAFG00845030231	0	NA	NA	0	NA	NA	NA	1
ENSCAFG00845030236	0	NA	NA	0	NA	NA	NA	1
ENSCAFG00845030247	0	NA	NA	0	NA	NA	NA	1
ENSCAFG00845030250	0	NA	NA	0	NA	NA	NA	1
ENSCAFG00845030251	0	NA	NA	0	NA	NA	NA	1
ENSCAFG00845030257	0	NA	NA	0	NA	NA	NA	1
ENSCAFG00845030262	0	NA	NA	0	NA	NA	NA	1
ENSCAFG00845030265	0	NA	NA	0	NA	NA	NA	1
ENSCAFG00845030297	0	NA	NA	0	NA	NA	NA	1
ENSCAFG00845030302	0	NA	NA	0	NA	NA	NA	1
ENSCAFG00845030317	0	NA	NA	0	NA	NA	NA	1
ENSCAFG00845030321	0	NA	NA	0	NA	NA	NA	1
ENSCAFG00845030367	0	NA	NA	0	NA	NA	NA	1
ENSCAFG00845030389	0	NA	NA	0	NA	NA	NA	1
ENSCAFG00845030398	0	NA	NA	0	NA	NA	NA	1
ENSCAFG00845030400	0	NA	NA	0	NA	NA	NA	1
ENSCAFG00845030406	0	NA	NA	0	NA	NA	NA	1
ENSCAFG00845030413	0	NA	NA	0	NA	NA	NA	1
ENSCAFG00845030419	0	NA	NA	0	NA	NA	NA	1
ENSCAFG00845030429	0	NA	NA	0	NA	NA	NA	1
ENSCAFG00845030433	0	NA	NA	0	NA	NA	NA	1
ENSCAFG00845030441	0	NA	NA	0	NA	NA	NA	1
ENSCAFG00845030446	0	NA	NA	0	NA	NA	NA	1
ENSCAFG00845030450	0	NA	NA	0	NA	NA	NA	1
ENSCAFG00845030451	0	NA	NA	0	NA	NA	NA	1
ENSCAFG00845030455	0	NA	NA	0	NA	NA	NA	1
ENSCAFG00845030460	0	NA	NA	0	NA	NA	NA	1
ENSCAFG00845030463	0	NA	NA	0	NA	NA	NA	1
ENSCAFG00845030480	0	NA	NA	0	NA	NA	NA	1
ENSCAFG00845030485	0	NA	NA	0	NA	NA	NA	1
ENSCAFG00845030525	0	NA	NA	0	NA	NA	NA	1
ENSCAFG00845030532	0	NA	NA	0	NA	NA	NA	1
ENSCAFG00845030539	0	NA	NA	0	NA	NA	NA	1
ENSCAFG00845030546	0	NA	NA	0	NA	NA	NA	1
ENSCAFG00845030547	0	NA	NA	0	NA	NA	NA	1
ENSCAFG00845030550	0	NA	NA	0	NA	NA	NA	1
ENSCAFG00845030555	0	NA	NA	0	NA	NA	NA	1
ENSCAFG00845030561	0	NA	NA	0	NA	NA	NA	1
ENSCAFG00845030563	0	NA	NA	0	NA	NA	NA	1
ENSCAFG00845030566	0	NA	NA	0	NA	NA	NA	1
ENSCAFG00845030573	0	NA	NA	0	NA	NA	NA	1
ENSCAFG00845030577	0	NA	NA	0	NA	NA	NA	1
ENSCAFG00845030585	0	NA	NA	0	NA	NA	NA	1
ENSCAFG00845030593	0	NA	NA	0	NA	NA	NA	1
ENSCAFG00845030602	0	NA	NA	0	NA	NA	NA	1
ENSCAFG00845030605	0	NA	NA	0	NA	NA	NA	1
ENSCAFG00845030615	0	NA	NA	0	NA	NA	NA	1
ENSCAFG00845030678	0	NA	NA	0	NA	NA	NA	1
ENSCAFG00845030720	0	NA	NA	0	NA	NA	NA	1
ENSCAFG00845030722	0	NA	NA	0	NA	NA	NA	1
ENSCAFG00845030752	0	NA	NA	0	NA	NA	NA	1
ENSCAFG00845030756	0	NA	NA	0	NA	NA	NA	1
ENSCAFG00845030830	0	NA	NA	0	NA	NA	NA	1
ENSCAFG00845030831	0	NA	NA	0	NA	NA	NA	1
ENSCAFG00845030836	0	NA	NA	0	NA	NA	NA	1
ENSCAFG00845030837	0	NA	NA	0	NA	NA	NA	1
ENSCAFG00845030854	0	NA	NA	0	NA	NA	NA	1
ENSCAFG00845030860	0	NA	NA	0	NA	NA	NA	1
ENSCAFG00845030874	0	NA	NA	0	NA	NA	NA	1
ENSCAFG00845030882	0	NA	NA	0	NA	NA	NA	1
ENSCAFG00845030883	0	NA	NA	0	NA	NA	NA	1
ENSCAFG00845030884	0	NA	NA	0	NA	NA	NA	1
ENSCAFG00845030891	0	NA	NA	0	NA	NA	NA	1
ENSCAFG00845030899	0	NA	NA	0	NA	NA	NA	1
ENSCAFG00845030910	0	NA	NA	0	NA	NA	NA	1
ENSCAFG00845030915	0	NA	NA	0	NA	NA	NA	1
ENSCAFG00845030930	0	NA	NA	0	NA	NA	NA	1
ENSCAFG00845031011	0	NA	NA	0	NA	NA	NA	1
ENSCAFG00845031058	0	NA	NA	0	NA	NA	NA	1
