lncRNAid_Canis_lupus_familiaris	isTable_1_Homo_sapiens	orthology_type_synteny_Homo_sapiens	lncRNA_synteny_id_Homo_sapiens	isTable_2_Homo_sapiens	orthology_type_configuration_Homo_sapiens	configuration_type_configuration_Homo_sapiens	lncRNA_configuration_id_Homo_sapiens	isTable_3_Homo_sapiens
ENSCAFG00845019973	1	one_to_many	ENSG00000261101;ENSG00000286000	1	one_to_one	lncgSS.dw	ENSG00000261101	0
ENSCAFG00845019984	1	one_to_one	ENSG00000228275	0	NA	NA	NA	0
ENSCAFG00845021066	1	one_to_one	ENSG00000237741	0	NA	NA	NA	0
ENSCAFG00845022321	1	one_to_one	ENSG00000223571	1	one_to_one	lncgSS.up	ENSG00000223571	0
ENSCAFG00845024529	1	one_to_one	ENSG00000230153	0	NA	NA	NA	1
ENSCAFG00845024878	1	many_to_many_DifferentNumber	ENSG00000270052;ENSG00000214915	0	NA	NA	NA	0
ENSCAFG00845024906	1	many_to_many_DifferentNumber	ENSG00000270052;ENSG00000214915	0	NA	NA	NA	0
ENSCAFG00845024916	1	many_to_many_DifferentNumber	ENSG00000270052;ENSG00000214915	0	NA	NA	NA	0
ENSCAFG00845026264	1	one_to_one	ENSG00000227042	0	NA	NA	NA	1
ENSCAFG00845029153	1	one_to_one	ENSG00000225037	0	NA	NA	NA	1
ENSCAFG00845029397	1	many_to_many_DifferentNumber	ENSG00000283400;ENSG00000283546	0	NA	NA	NA	0
ENSCAFG00845029422	1	many_to_many_DifferentNumber	ENSG00000283400;ENSG00000283546	0	NA	NA	NA	0
ENSCAFG00845029432	1	many_to_many_DifferentNumber	ENSG00000283400;ENSG00000283546	0	NA	NA	NA	0
ENSCAFG00845029441	1	many_to_many_DifferentNumber	ENSG00000283400;ENSG00000283546	0	NA	NA	NA	0
ENSCAFG00845029457	1	many_to_many_DifferentNumber	ENSG00000283400;ENSG00000283546	0	NA	NA	NA	0
ENSCAFG00845029407	1	one_to_many	ENSG00000283631;ENSG00000283380	1	one_to_many	lncgDivg	ENSG00000283380;ENSG00000288832	0
ENSCAFG00845031080	1	many_to_one	ENSG00000286060	0	NA	NA	NA	0
ENSCAFG00845031081	1	many_to_one	ENSG00000286060	0	NA	NA	NA	0
ENSCAFG00845031082	1	many_to_one	ENSG00000286060	0	NA	NA	NA	0
ENSCAFG00845000006	1	one_to_one	ENSG00000285652	0	NA	NA	NA	0
ENSCAFG00845000022	1	many_to_one	ENSG00000261126	0	NA	NA	NA	1
ENSCAFG00845000023	1	many_to_one	ENSG00000261126	0	NA	NA	NA	1
ENSCAFG00845000025	1	one_to_one	ENSG00000267341	0	NA	NA	NA	1
ENSCAFG00845000035	1	one_to_many	ENSG00000285941;ENSG00000285691;ENSG00000235535	0	NA	NA	NA	1
ENSCAFG00845000049	1	one_to_one	ENSG00000288865	1	one_to_one	lncgDivg	ENSG00000288865	1
ENSCAFG00845000055	1	many_to_many_DifferentNumber	ENSG00000178412;ENSG00000286186;ENSG00000275186;ENSG00000274828	1	one_to_many	lncgDivg	ENSG00000274828;ENSG00000266901;ENSG00000178412	0
ENSCAFG00845000059	1	many_to_many_DifferentNumber	ENSG00000178412;ENSG00000286186;ENSG00000275186;ENSG00000274828	0	NA	NA	NA	0
ENSCAFG00845000062	1	many_to_many_DifferentNumber	ENSG00000178412;ENSG00000286186;ENSG00000275186;ENSG00000274828	0	NA	NA	NA	0
ENSCAFG00845000057	1	one_to_many	ENSG00000267287;ENSG00000267409;ENSG00000286296	1	one_to_one	lincSS.up	ENSG00000267409	0
ENSCAFG00845000094	1	many_to_one	ENSG00000228629	1	one_to_one	lncgConv	ENSG00000228629	1
ENSCAFG00845008055	1	many_to_one	ENSG00000228629	0	NA	NA	NA	1
ENSCAFG00845008062	1	many_to_one	ENSG00000228629	0	NA	NA	NA	1
ENSCAFG00845000201	1	one_to_one	ENSG00000166770	0	NA	NA	NA	0
ENSCAFG00845000262	1	one_to_many	ENSG00000264334;ENSG00000286727;ENSG00000266273;ENSG00000265101;ENSG00000266586;ENSG00000265843;ENSG00000263146	1	one_to_one	lncgDivg	ENSG00000263146	1
ENSCAFG00845000291	1	one_to_many	ENSG00000265844;ENSG00000275178;ENSG00000278330;ENSG00000287680	0	NA	NA	NA	1
ENSCAFG00845000496	1	one_to_one	ENSG00000232529	1	one_to_one	lincSS.dw	ENSG00000232529	0
ENSCAFG00845000545	1	many_to_many_sameNumber	ENSG00000232098;ENSG00000268912	0	NA	NA	NA	0
ENSCAFG00845000558	1	many_to_many_sameNumber	ENSG00000232098;ENSG00000268912	0	NA	NA	NA	0
ENSCAFG00845000678	1	one_to_many	ENSG00000278911;ENSG00000285915;ENSG00000278607	1	one_to_one	lncgConv	ENSG00000278607	1
ENSCAFG00845000797	1	one_to_many	ENSG00000274354;ENSG00000267226	0	NA	NA	NA	1
ENSCAFG00845000801	1	many_to_one	ENSG00000243888	0	NA	NA	NA	1
ENSCAFG00845000814	1	many_to_one	ENSG00000243888	0	NA	NA	NA	1
ENSCAFG00845000822	1	many_to_one	ENSG00000243888	0	NA	NA	NA	1
ENSCAFG00845000805	1	many_to_many_DifferentNumber	ENSG00000229312;ENSG00000261447	0	NA	NA	NA	1
ENSCAFG00845000810	1	many_to_many_DifferentNumber	ENSG00000229312;ENSG00000261447	0	NA	NA	NA	1
ENSCAFG00845000819	1	many_to_many_DifferentNumber	ENSG00000229312;ENSG00000261447	0	NA	NA	NA	1
ENSCAFG00845000824	1	many_to_many_DifferentNumber	ENSG00000229312;ENSG00000261447	0	NA	NA	NA	1
ENSCAFG00845001284	1	one_to_one	ENSG00000274023	1	one_to_one	lncgSS.dw	ENSG00000274023	1
ENSCAFG00845001282	1	one_to_many	ENSG00000287591;ENSG00000238019	0	NA	NA	NA	1
ENSCAFG00845001407	1	many_to_many_DifferentNumber	ENSG00000285159;ENSG00000233893;ENSG00000203711	0	NA	NA	NA	1
ENSCAFG00845001410	1	many_to_many_DifferentNumber	ENSG00000285159;ENSG00000233893;ENSG00000203711	0	NA	NA	NA	1
ENSCAFG00845001437	1	many_to_one	ENSG00000234506	0	NA	NA	NA	1
ENSCAFG00845001442	1	many_to_one	ENSG00000234506	0	NA	NA	NA	1
ENSCAFG00845001455	1	many_to_one	ENSG00000234506	0	NA	NA	NA	1
ENSCAFG00845001474	1	many_to_one	ENSG00000234506	0	NA	NA	NA	1
ENSCAFG00845001447	1	many_to_one	ENSG00000226337	0	NA	NA	NA	1
ENSCAFG00845001463	1	many_to_one	ENSG00000226337	0	NA	NA	NA	1
ENSCAFG00845001477	1	one_to_many	ENSG00000224478;ENSG00000288845	1	one_to_one	lincDivg	ENSG00000224478	0
ENSCAFG00845001680	1	many_to_many_DifferentNumber	ENSG00000235086;ENSG00000234777	0	NA	NA	NA	1
ENSCAFG00845001694	1	many_to_many_DifferentNumber	ENSG00000235086;ENSG00000234777	0	NA	NA	NA	1
ENSCAFG00845001713	1	many_to_many_DifferentNumber	ENSG00000235086;ENSG00000234777	0	NA	NA	NA	1
ENSCAFG00845001683	1	many_to_many_DifferentNumber	ENSG00000231178;ENSG00000237927;ENSG00000286533	0	NA	NA	NA	1
ENSCAFG00845001689	1	many_to_many_DifferentNumber	ENSG00000231178;ENSG00000237927;ENSG00000286533	1	many_to_many	lincSS.dw	ENSG00000286533;ENSG00000237927	1
ENSCAFG00845001701	1	many_to_many_DifferentNumber	ENSG00000231178;ENSG00000237927;ENSG00000286533	1	many_to_many	lincSS.dw	ENSG00000286533;ENSG00000237927	1
ENSCAFG00845001707	1	many_to_many_DifferentNumber	ENSG00000231178;ENSG00000237927;ENSG00000286533	1	many_to_many	lincSS.dw	ENSG00000286533;ENSG00000237927	1
ENSCAFG00845001899	1	one_to_one	ENSG00000277837	0	NA	NA	NA	1
ENSCAFG00845002231	1	one_to_one	ENSG00000269656	0	NA	NA	NA	0
ENSCAFG00845002310	1	one_to_many	ENSG00000236404;ENSG00000236199	0	NA	NA	NA	1
ENSCAFG00845002556	1	one_to_one	ENSG00000267013	0	NA	NA	NA	0
ENSCAFG00845002599	1	one_to_many	ENSG00000285726;ENSG00000285564;ENSG00000285553;ENSG00000225437;ENSG00000225683;ENSG00000285610;ENSG00000281692;ENSG00000270419	1	one_to_many	lincConv	ENSG00000285726;ENSG00000285564	0
ENSCAFG00845002634	1	one_to_one	ENSG00000267766	0	NA	NA	NA	1
ENSCAFG00845002705	1	one_to_one	ENSG00000283125	0	NA	NA	NA	1
ENSCAFG00845002801	1	many_to_many_sameNumber	ENSG00000236724;ENSG00000237009;ENSG00000228322	0	NA	NA	NA	1
ENSCAFG00845002804	1	many_to_many_sameNumber	ENSG00000236724;ENSG00000237009;ENSG00000228322	0	NA	NA	NA	1
ENSCAFG00845002809	1	many_to_many_sameNumber	ENSG00000236724;ENSG00000237009;ENSG00000228322	0	NA	NA	NA	1
ENSCAFG00845002795	1	many_to_one	ENSG00000230001	0	NA	NA	NA	1
ENSCAFG00845002807	1	many_to_one	ENSG00000230001	0	NA	NA	NA	1
ENSCAFG00845002908	1	one_to_one	ENSG00000277324	1	one_to_one	lncgDivg	ENSG00000277324	1
ENSCAFG00845003088	1	one_to_one	ENSG00000269553	0	NA	NA	NA	1
ENSCAFG00845003176	1	one_to_one	ENSG00000224848	0	NA	NA	NA	1
ENSCAFG00845003835	1	one_to_many	ENSG00000229345;ENSG00000175611	1	one_to_one	lincSS.up	ENSG00000229345	1
ENSCAFG00845003833	1	one_to_many	ENSG00000268926;ENSG00000271314;ENSG00000271155;ENSG00000271659;ENSG00000228142	1	one_to_many	lncgDivg	ENSG00000271314;ENSG00000271155;ENSG00000271659	1
ENSCAFG00845004085	1	many_to_one	ENSG00000271384	0	NA	NA	NA	1
ENSCAFG00845004102	1	many_to_one	ENSG00000271384	0	NA	NA	NA	1
ENSCAFG00845004104	1	many_to_one	ENSG00000271384	0	NA	NA	NA	0
ENSCAFG00845004120	1	many_to_one	ENSG00000271384	0	NA	NA	NA	1
ENSCAFG00845004078	1	many_to_one	ENSG00000229065	0	NA	NA	NA	1
ENSCAFG00845004093	1	many_to_one	ENSG00000229065	0	NA	NA	NA	0
ENSCAFG00845004116	1	many_to_one	ENSG00000229065	0	NA	NA	NA	1
ENSCAFG00845004415	1	many_to_many_DifferentNumber	ENSG00000267177;ENSG00000286926;ENSG00000267393;ENSG00000267690;ENSG00000267694;ENSG00000267529;ENSG00000267366;ENSG00000267136;ENSG00000267503;ENSG00000266954	0	NA	NA	NA	1
ENSCAFG00845004418	1	many_to_many_DifferentNumber	ENSG00000267177;ENSG00000286926;ENSG00000267393;ENSG00000267690;ENSG00000267694;ENSG00000267529;ENSG00000267366;ENSG00000267136;ENSG00000267503;ENSG00000266954	0	NA	NA	NA	1
ENSCAFG00845004943	1	one_to_many	ENSG00000230815;ENSG00000236095	0	NA	NA	NA	1
ENSCAFG00845005022	1	one_to_many	ENSG00000236389;ENSG00000229722;ENSG00000231971;ENSG00000232310	0	NA	NA	NA	0
ENSCAFG00845005135	1	one_to_one	ENSG00000237987	0	NA	NA	NA	0
ENSCAFG00845005246	1	one_to_one	ENSG00000224374	0	NA	NA	NA	0
ENSCAFG00845005242	1	one_to_one	ENSG00000236703	0	NA	NA	NA	0
ENSCAFG00845005394	1	one_to_many	ENSG00000234084;ENSG00000287094;ENSG00000231028	1	one_to_many	lncgDivg	ENSG00000231028;ENSG00000287094;ENSG00000234084	1
ENSCAFG00845005397	1	one_to_many	ENSG00000233534;ENSG00000236378	0	NA	NA	NA	0
ENSCAFG00845005404	1	one_to_many	ENSG00000233262;ENSG00000285987	0	NA	NA	NA	1
ENSCAFG00845007067	1	one_to_one	ENSG00000286339	0	NA	NA	NA	1
ENSCAFG00845007656	1	one_to_one	ENSG00000267188	0	NA	NA	NA	0
ENSCAFG00845008111	1	many_to_many_sameNumber	ENSG00000267058;ENSG00000286613	0	NA	NA	NA	1
ENSCAFG00845008120	1	many_to_many_sameNumber	ENSG00000267058;ENSG00000286613	0	NA	NA	NA	1
ENSCAFG00845011697	1	one_to_one	ENSG00000229587	0	NA	NA	NA	1
ENSCAFG00845013941	1	many_to_many_DifferentNumber	ENSG00000227748;ENSG00000196634	1	one_to_one	lincSS.dw	ENSG00000227748	1
ENSCAFG00845013944	1	many_to_many_DifferentNumber	ENSG00000227748;ENSG00000196634	0	NA	NA	NA	1
ENSCAFG00845013950	1	many_to_many_DifferentNumber	ENSG00000227748;ENSG00000196634	0	NA	NA	NA	1
ENSCAFG00845013953	1	many_to_many_DifferentNumber	ENSG00000227748;ENSG00000196634	0	NA	NA	NA	1
ENSCAFG00845013964	1	many_to_many_DifferentNumber	ENSG00000227748;ENSG00000196634	1	one_to_one	lincSS.up	ENSG00000196634	1
ENSCAFG00845013934	1	one_to_many	ENSG00000272397;ENSG00000289851;ENSG00000233452	0	NA	NA	NA	1
ENSCAFG00845016414	1	one_to_one	ENSG00000268231	1	one_to_one	lncgSS.up	ENSG00000268231	0
ENSCAFG00845019916	1	one_to_one	ENSG00000224945	0	NA	NA	NA	0
ENSCAFG00845022158	1	many_to_one	ENSG00000289031	0	NA	NA	NA	1
ENSCAFG00845022179	1	many_to_one	ENSG00000289031	1	one_to_one	lncgSS.dw	ENSG00000289031	1
ENSCAFG00845023904	1	one_to_one	ENSG00000223446	1	one_to_one	lncgDivg	ENSG00000223446	0
ENSCAFG00845000171	1	one_to_one	ENSG00000271849	1	one_to_one	lncgDivg	ENSG00000271849	1
ENSCAFG00845000183	1	many_to_many_DifferentNumber	ENSG00000248876;ENSG00000248440;ENSG00000251367	0	NA	NA	NA	1
ENSCAFG00845000186	1	many_to_many_DifferentNumber	ENSG00000248876;ENSG00000248440;ENSG00000251367	1	many_to_many_strict	lincDivg	ENSG00000248440;ENSG00000251367;ENSG00000248876	1
ENSCAFG00845000192	1	many_to_many_DifferentNumber	ENSG00000248876;ENSG00000248440;ENSG00000251367	1	many_to_many_strict	lincDivg	ENSG00000248440;ENSG00000251367;ENSG00000248876	1
ENSCAFG00845000198	1	many_to_many_DifferentNumber	ENSG00000248876;ENSG00000248440;ENSG00000251367	1	many_to_many_strict	lincDivg	ENSG00000248440;ENSG00000251367;ENSG00000248876	1
ENSCAFG00845000314	1	one_to_one	ENSG00000259218	1	one_to_one	lincSS.up	ENSG00000259218	0
ENSCAFG00845000739	1	one_to_many	ENSG00000263327;ENSG00000248138;ENSG00000286888;ENSG00000249234	1	one_to_one	lncgConv	ENSG00000248138	1
ENSCAFG00845000781	1	one_to_one	ENSG00000286280	1	one_to_one	lincSS.up	ENSG00000286280	1
ENSCAFG00845000870	1	one_to_one	ENSG00000273691	1	one_to_one	lncgSS.dw	ENSG00000273691	1
ENSCAFG00845000864	1	one_to_one	ENSG00000259291	1	one_to_one	lncgConv	ENSG00000259291	1
ENSCAFG00845001762	1	one_to_one	ENSG00000249252	1	one_to_one	lncgConv	ENSG00000249252	1
ENSCAFG00845001772	1	many_to_one	ENSG00000250682	1	many_to_one	lincDivg	ENSG00000250682	0
ENSCAFG00845001779	1	many_to_one	ENSG00000250682	1	many_to_one	lincDivg	ENSG00000250682	0
ENSCAFG00845001792	1	many_to_one	ENSG00000250682	1	many_to_one	lincDivg	ENSG00000250682	0
ENSCAFG00845001811	1	many_to_one	ENSG00000250682	1	many_to_one	lincDivg	ENSG00000250682	0
ENSCAFG00845001817	1	many_to_one	ENSG00000250682	1	many_to_one	lincDivg	ENSG00000250682	0
ENSCAFG00845001849	1	many_to_one	ENSG00000250682	1	many_to_one	lincDivg	ENSG00000250682	0
ENSCAFG00845001857	1	many_to_one	ENSG00000250682	1	many_to_one	lincDivg	ENSG00000250682	0
ENSCAFG00845001870	1	many_to_one	ENSG00000250682	1	many_to_one	lincDivg	ENSG00000250682	0
ENSCAFG00845001879	1	many_to_one	ENSG00000250682	0	NA	NA	NA	0
ENSCAFG00845001886	1	many_to_one	ENSG00000250682	0	NA	NA	NA	0
ENSCAFG00845001900	1	many_to_one	ENSG00000250682	0	NA	NA	NA	0
ENSCAFG00845001764	1	many_to_many_DifferentNumber	ENSG00000249017;ENSG00000250958;ENSG00000247402;ENSG00000286338	1	many_to_one	lincSS.up	ENSG00000286338	0
ENSCAFG00845001784	1	many_to_many_DifferentNumber	ENSG00000249017;ENSG00000250958;ENSG00000247402;ENSG00000286338	1	many_to_one	lincSS.up	ENSG00000286338	0
ENSCAFG00845001787	1	many_to_many_DifferentNumber	ENSG00000249017;ENSG00000250958;ENSG00000247402;ENSG00000286338	1	many_to_one	lincSS.up	ENSG00000286338	0
ENSCAFG00845001804	1	many_to_many_DifferentNumber	ENSG00000249017;ENSG00000250958;ENSG00000247402;ENSG00000286338	1	many_to_one	lincSS.up	ENSG00000286338	0
ENSCAFG00845001826	1	many_to_many_DifferentNumber	ENSG00000249017;ENSG00000250958;ENSG00000247402;ENSG00000286338	1	many_to_one	lincSS.up	ENSG00000286338	0
ENSCAFG00845001834	1	many_to_many_DifferentNumber	ENSG00000249017;ENSG00000250958;ENSG00000247402;ENSG00000286338	1	many_to_one	lincSS.up	ENSG00000286338	0
ENSCAFG00845001844	1	many_to_many_DifferentNumber	ENSG00000249017;ENSG00000250958;ENSG00000247402;ENSG00000286338	1	many_to_one	lincSS.up	ENSG00000286338	0
ENSCAFG00845001863	1	many_to_many_DifferentNumber	ENSG00000249017;ENSG00000250958;ENSG00000247402;ENSG00000286338	1	many_to_one	lincSS.up	ENSG00000286338	0
ENSCAFG00845001893	1	many_to_many_DifferentNumber	ENSG00000249017;ENSG00000250958;ENSG00000247402;ENSG00000286338	1	one_to_one	lincDivg	ENSG00000250958	0
ENSCAFG00845002130	1	many_to_one	ENSG00000250806	0	NA	NA	NA	1
ENSCAFG00845002139	1	many_to_one	ENSG00000250806	1	many_to_one	lincConv	ENSG00000250806	1
ENSCAFG00845002148	1	many_to_one	ENSG00000250806	1	many_to_one	lincConv	ENSG00000250806	1
ENSCAFG00845002155	1	many_to_one	ENSG00000250806	1	many_to_one	lincConv	ENSG00000250806	1
ENSCAFG00845002656	1	one_to_one	ENSG00000287154	1	one_to_one	lncgDivg	ENSG00000287154	0
ENSCAFG00845003020	1	one_to_one	ENSG00000259415	1	one_to_one	lncgSS.dw	ENSG00000259415	0
ENSCAFG00845003235	1	one_to_many	ENSG00000273396;ENSG00000247708	0	NA	NA	NA	1
ENSCAFG00845003755	1	many_to_one	ENSG00000246859	1	one_to_one	lncgConv	ENSG00000246859	0
ENSCAFG00845003761	1	many_to_one	ENSG00000246859	0	NA	NA	NA	0
ENSCAFG00845003776	1	many_to_one	ENSG00000246859	0	NA	NA	NA	0
ENSCAFG00845003869	1	one_to_one	ENSG00000253613	1	one_to_one	lncgConv	ENSG00000253613	1
ENSCAFG00845003877	1	one_to_one	ENSG00000248428	0	NA	NA	NA	1
ENSCAFG00845004015	1	many_to_one	ENSG00000254106	0	NA	NA	NA	1
ENSCAFG00845004099	1	many_to_one	ENSG00000254106	0	NA	NA	NA	1
ENSCAFG00845004766	1	one_to_one	ENSG00000249207	1	one_to_one	lncgConv	ENSG00000249207	1
ENSCAFG00845004763	1	one_to_one	ENSG00000249685	0	NA	NA	NA	1
ENSCAFG00845005037	1	one_to_one	ENSG00000259548	1	one_to_one	lncgSS.dw	ENSG00000259548	1
ENSCAFG00845006633	1	many_to_one	ENSG00000288846	0	NA	NA	NA	1
ENSCAFG00845006640	1	many_to_one	ENSG00000288846	0	NA	NA	NA	1
ENSCAFG00845006787	1	one_to_many	ENSG00000259792;ENSG00000290667	0	NA	NA	NA	1
ENSCAFG00845007874	1	many_to_one	ENSG00000289201	1	many_to_one	lincSS.dw	ENSG00000289201	0
ENSCAFG00845007915	1	many_to_one	ENSG00000289201	1	many_to_one	lincSS.dw	ENSG00000289201	0
ENSCAFG00845008003	1	many_to_one	ENSG00000289201	0	NA	NA	NA	0
ENSCAFG00845007929	1	many_to_many_DifferentNumber	ENSG00000249453;ENSG00000289902	0	NA	NA	NA	0
ENSCAFG00845007938	1	many_to_many_DifferentNumber	ENSG00000249453;ENSG00000289902	0	NA	NA	NA	0
ENSCAFG00845007946	1	many_to_many_DifferentNumber	ENSG00000249453;ENSG00000289902	0	NA	NA	NA	0
ENSCAFG00845007957	1	many_to_many_DifferentNumber	ENSG00000249453;ENSG00000289902	0	NA	NA	NA	0
ENSCAFG00845007977	1	many_to_many_DifferentNumber	ENSG00000249453;ENSG00000289902	0	NA	NA	NA	0
ENSCAFG00845007984	1	many_to_many_DifferentNumber	ENSG00000249453;ENSG00000289902	0	NA	NA	NA	0
ENSCAFG00845007991	1	many_to_many_DifferentNumber	ENSG00000249453;ENSG00000289902	0	NA	NA	NA	0
ENSCAFG00845007995	1	many_to_many_DifferentNumber	ENSG00000249453;ENSG00000289902	0	NA	NA	NA	0
ENSCAFG00845008018	1	many_to_many_DifferentNumber	ENSG00000249453;ENSG00000289902	0	NA	NA	NA	0
ENSCAFG00845008024	1	many_to_many_DifferentNumber	ENSG00000249453;ENSG00000289902	0	NA	NA	NA	0
ENSCAFG00845008031	1	many_to_many_DifferentNumber	ENSG00000249453;ENSG00000289902	0	NA	NA	NA	0
ENSCAFG00845008038	1	many_to_many_DifferentNumber	ENSG00000249453;ENSG00000289902	0	NA	NA	NA	0
ENSCAFG00845008049	1	many_to_many_DifferentNumber	ENSG00000249453;ENSG00000289902	0	NA	NA	NA	0
ENSCAFG00845008057	1	many_to_many_DifferentNumber	ENSG00000249453;ENSG00000289902	0	NA	NA	NA	0
ENSCAFG00845008063	1	many_to_many_DifferentNumber	ENSG00000249453;ENSG00000289902	0	NA	NA	NA	0
ENSCAFG00845008070	1	many_to_many_DifferentNumber	ENSG00000249453;ENSG00000289902	0	NA	NA	NA	0
ENSCAFG00845008082	1	many_to_many_DifferentNumber	ENSG00000249453;ENSG00000289902	0	NA	NA	NA	0
ENSCAFG00845008696	1	one_to_one	ENSG00000287162	0	NA	NA	NA	0
ENSCAFG00845008707	1	one_to_many	ENSG00000251292;ENSG00000249547	1	one_to_one	lincSS.dw	ENSG00000251292	0
ENSCAFG00845011136	1	one_to_one	ENSG00000251075	0	NA	NA	NA	0
ENSCAFG00845013849	1	many_to_one	ENSG00000250240	0	NA	NA	NA	1
ENSCAFG00845013858	1	many_to_one	ENSG00000250240	0	NA	NA	NA	1
ENSCAFG00845015649	1	many_to_many_DifferentNumber	ENSG00000249776;ENSG00000249984;ENSG00000248528;ENSG00000251361;ENSG00000237187	1	one_to_one	lncgDivg	ENSG00000237187	0
ENSCAFG00845015672	1	many_to_many_DifferentNumber	ENSG00000249776;ENSG00000249984;ENSG00000248528;ENSG00000251361;ENSG00000237187	0	NA	NA	NA	0
ENSCAFG00845015971	1	many_to_many_DifferentNumber	ENSG00000249776;ENSG00000249984;ENSG00000248528;ENSG00000251361;ENSG00000237187	0	NA	NA	NA	0
ENSCAFG00845015690	1	many_to_many_DifferentNumber	ENSG00000250049;ENSG00000249169;ENSG00000286121;ENSG00000248588;ENSG00000286509;ENSG00000281357	0	NA	NA	NA	0
ENSCAFG00845015702	1	many_to_many_DifferentNumber	ENSG00000250049;ENSG00000249169;ENSG00000286121;ENSG00000248588;ENSG00000286509;ENSG00000281357	0	NA	NA	NA	0
ENSCAFG00845015844	1	many_to_many_DifferentNumber	ENSG00000250049;ENSG00000249169;ENSG00000286121;ENSG00000248588;ENSG00000286509;ENSG00000281357	0	NA	NA	NA	0
ENSCAFG00845015911	1	many_to_many_DifferentNumber	ENSG00000250049;ENSG00000249169;ENSG00000286121;ENSG00000248588;ENSG00000286509;ENSG00000281357	0	NA	NA	NA	0
ENSCAFG00845016888	1	one_to_many	ENSG00000250831;ENSG00000248555;ENSG00000253321;ENSG00000260871;ENSG00000288740	0	NA	NA	NA	1
ENSCAFG00845016864	1	many_to_many_DifferentNumber	ENSG00000214942;ENSG00000250437;ENSG00000248309	0	NA	NA	NA	1
ENSCAFG00845016920	1	many_to_many_DifferentNumber	ENSG00000214942;ENSG00000250437;ENSG00000248309	0	NA	NA	NA	1
ENSCAFG00845016935	1	many_to_many_DifferentNumber	ENSG00000214942;ENSG00000250437;ENSG00000248309	0	NA	NA	NA	1
ENSCAFG00845016968	1	many_to_many_DifferentNumber	ENSG00000214942;ENSG00000250437;ENSG00000248309	0	NA	NA	NA	1
ENSCAFG00845016985	1	many_to_many_DifferentNumber	ENSG00000214942;ENSG00000250437;ENSG00000248309	0	NA	NA	NA	1
ENSCAFG00845017006	1	many_to_many_DifferentNumber	ENSG00000214942;ENSG00000250437;ENSG00000248309	0	NA	NA	NA	1
ENSCAFG00845017914	1	many_to_many_DifferentNumber	ENSG00000271904;ENSG00000250156;ENSG00000245526;ENSG00000250377	1	one_to_many	lincSS.dw	ENSG00000250377;ENSG00000245526	1
ENSCAFG00845018034	1	many_to_many_DifferentNumber	ENSG00000271904;ENSG00000250156;ENSG00000245526;ENSG00000250377	0	NA	NA	NA	1
ENSCAFG00845018068	1	many_to_many_DifferentNumber	ENSG00000271904;ENSG00000250156;ENSG00000245526;ENSG00000250377	0	NA	NA	NA	1
ENSCAFG00845017881	1	many_to_many_DifferentNumber	ENSG00000247828;ENSG00000245864;ENSG00000289008;ENSG00000250555	1	many_to_many	lincConv	ENSG00000250555;ENSG00000245864;ENSG00000289008	1
ENSCAFG00845018016	1	many_to_many_DifferentNumber	ENSG00000247828;ENSG00000245864;ENSG00000289008;ENSG00000250555	1	many_to_many	lincConv	ENSG00000250555;ENSG00000245864;ENSG00000289008	1
ENSCAFG00845018054	1	many_to_many_DifferentNumber	ENSG00000247828;ENSG00000245864;ENSG00000289008;ENSG00000250555	1	one_to_one	lncgDivg	ENSG00000247828	1
ENSCAFG00845020010	1	one_to_one	ENSG00000249835	0	NA	NA	NA	1
ENSCAFG00845000960	1	one_to_many	ENSG00000256916;ENSG00000281655	0	NA	NA	NA	1
ENSCAFG00845001084	1	one_to_one	ENSG00000288833	1	one_to_one	lncgDivg	ENSG00000288833	1
ENSCAFG00845002749	1	many_to_many_DifferentNumber	ENSG00000256982;ENSG00000261226	1	many_to_one	lincDivg	ENSG00000256982	0
ENSCAFG00845002775	1	many_to_many_DifferentNumber	ENSG00000256982;ENSG00000261226	1	many_to_one	lincDivg	ENSG00000256982	0
ENSCAFG00845002793	1	many_to_many_DifferentNumber	ENSG00000256982;ENSG00000261226	0	NA	NA	NA	0
ENSCAFG00845002758	1	many_to_many_DifferentNumber	ENSG00000259989;ENSG00000259881;ENSG00000205018	0	NA	NA	NA	0
ENSCAFG00845002788	1	many_to_many_DifferentNumber	ENSG00000259989;ENSG00000259881;ENSG00000205018	1	one_to_one	lincDivg	ENSG00000259989	0
ENSCAFG00845002901	1	one_to_many	ENSG00000263400;ENSG00000285220;ENSG00000266114	0	NA	NA	NA	0
ENSCAFG00845002911	1	one_to_many	ENSG00000264016;ENSG00000284876	1	one_to_one	lincSS.up	ENSG00000264016	0
ENSCAFG00845003031	1	one_to_one	ENSG00000264727	1	one_to_one	lncgSS.dw	ENSG00000264727	1
ENSCAFG00845003485	1	one_to_one	ENSG00000260630	1	one_to_one	lncgConv	ENSG00000260630	1
ENSCAFG00845004265	1	one_to_many	ENSG00000286510;ENSG00000289932	1	one_to_one	lincSS.dw	ENSG00000286510	0
ENSCAFG00845004323	1	one_to_one	ENSG00000286743	0	NA	NA	NA	1
ENSCAFG00845004332	1	one_to_many	ENSG00000287946;ENSG00000270124	0	NA	NA	NA	1
ENSCAFG00845004336	1	one_to_many	ENSG00000278716;ENSG00000260417;ENSG00000287787;ENSG00000179219	0	NA	NA	NA	1
ENSCAFG00845004596	1	one_to_many	ENSG00000260859;ENSG00000260340	1	one_to_one	lincSS.dw	ENSG00000260340	1
ENSCAFG00845005402	1	one_to_many	ENSG00000259833;ENSG00000259798	0	NA	NA	NA	1
ENSCAFG00845005826	1	many_to_many_DifferentNumber	ENSG00000226476;ENSG00000231252	0	NA	NA	NA	0
ENSCAFG00845005845	1	many_to_many_DifferentNumber	ENSG00000226476;ENSG00000231252	0	NA	NA	NA	0
ENSCAFG00845005858	1	many_to_many_DifferentNumber	ENSG00000226476;ENSG00000231252	0	NA	NA	NA	0
ENSCAFG00845005882	1	many_to_many_DifferentNumber	ENSG00000237654;ENSG00000285980;ENSG00000238117;ENSG00000224700;ENSG00000224795	0	NA	NA	NA	0
ENSCAFG00845005901	1	many_to_many_DifferentNumber	ENSG00000237654;ENSG00000285980;ENSG00000238117;ENSG00000224700;ENSG00000224795	0	NA	NA	NA	0
ENSCAFG00845005893	1	one_to_one	ENSG00000238262	0	NA	NA	NA	0
ENSCAFG00845006993	1	many_to_one	ENSG00000290536	0	NA	NA	NA	1
ENSCAFG00845007055	1	many_to_one	ENSG00000290536	0	NA	NA	NA	1
ENSCAFG00845007388	1	many_to_one	ENSG00000290536	0	NA	NA	NA	1
ENSCAFG00845007461	1	many_to_one	ENSG00000290536	0	NA	NA	NA	1
ENSCAFG00845007019	1	many_to_many_DifferentNumber	ENSG00000226759;ENSG00000227935;ENSG00000235038	0	NA	NA	NA	1
ENSCAFG00845007031	1	many_to_many_DifferentNumber	ENSG00000226759;ENSG00000227935;ENSG00000235038	0	NA	NA	NA	1
ENSCAFG00845007042	1	many_to_many_DifferentNumber	ENSG00000226759;ENSG00000227935;ENSG00000235038	0	NA	NA	NA	1
ENSCAFG00845007069	1	many_to_many_DifferentNumber	ENSG00000226759;ENSG00000227935;ENSG00000235038	0	NA	NA	NA	1
ENSCAFG00845007080	1	many_to_many_DifferentNumber	ENSG00000226759;ENSG00000227935;ENSG00000235038	0	NA	NA	NA	1
ENSCAFG00845007093	1	many_to_many_DifferentNumber	ENSG00000226759;ENSG00000227935;ENSG00000235038	0	NA	NA	NA	1
ENSCAFG00845007101	1	many_to_many_DifferentNumber	ENSG00000226759;ENSG00000227935;ENSG00000235038	0	NA	NA	NA	1
ENSCAFG00845007116	1	many_to_many_DifferentNumber	ENSG00000226759;ENSG00000227935;ENSG00000235038	0	NA	NA	NA	1
ENSCAFG00845007133	1	many_to_many_DifferentNumber	ENSG00000226759;ENSG00000227935;ENSG00000235038	0	NA	NA	NA	1
ENSCAFG00845007141	1	many_to_many_DifferentNumber	ENSG00000226759;ENSG00000227935;ENSG00000235038	0	NA	NA	NA	1
ENSCAFG00845007157	1	many_to_many_DifferentNumber	ENSG00000226759;ENSG00000227935;ENSG00000235038	0	NA	NA	NA	1
ENSCAFG00845007170	1	many_to_many_DifferentNumber	ENSG00000226759;ENSG00000227935;ENSG00000235038	0	NA	NA	NA	1
ENSCAFG00845007178	1	many_to_many_DifferentNumber	ENSG00000226759;ENSG00000227935;ENSG00000235038	0	NA	NA	NA	1
ENSCAFG00845007187	1	many_to_many_DifferentNumber	ENSG00000226759;ENSG00000227935;ENSG00000235038	0	NA	NA	NA	1
ENSCAFG00845007209	1	many_to_many_DifferentNumber	ENSG00000226759;ENSG00000227935;ENSG00000235038	0	NA	NA	NA	1
ENSCAFG00845007223	1	many_to_many_DifferentNumber	ENSG00000226759;ENSG00000227935;ENSG00000235038	0	NA	NA	NA	1
ENSCAFG00845007240	1	many_to_many_DifferentNumber	ENSG00000226759;ENSG00000227935;ENSG00000235038	0	NA	NA	NA	1
ENSCAFG00845007252	1	many_to_many_DifferentNumber	ENSG00000226759;ENSG00000227935;ENSG00000235038	0	NA	NA	NA	1
ENSCAFG00845007268	1	many_to_many_DifferentNumber	ENSG00000226759;ENSG00000227935;ENSG00000235038	0	NA	NA	NA	1
ENSCAFG00845007278	1	many_to_many_DifferentNumber	ENSG00000226759;ENSG00000227935;ENSG00000235038	0	NA	NA	NA	1
ENSCAFG00845007285	1	many_to_many_DifferentNumber	ENSG00000226759;ENSG00000227935;ENSG00000235038	0	NA	NA	NA	1
ENSCAFG00845007312	1	many_to_many_DifferentNumber	ENSG00000226759;ENSG00000227935;ENSG00000235038	0	NA	NA	NA	1
ENSCAFG00845007323	1	many_to_many_DifferentNumber	ENSG00000226759;ENSG00000227935;ENSG00000235038	0	NA	NA	NA	1
ENSCAFG00845007333	1	many_to_many_DifferentNumber	ENSG00000226759;ENSG00000227935;ENSG00000235038	0	NA	NA	NA	1
ENSCAFG00845007344	1	many_to_many_DifferentNumber	ENSG00000226759;ENSG00000227935;ENSG00000235038	0	NA	NA	NA	1
ENSCAFG00845007357	1	many_to_many_DifferentNumber	ENSG00000226759;ENSG00000227935;ENSG00000235038	0	NA	NA	NA	1
ENSCAFG00845007370	1	many_to_many_DifferentNumber	ENSG00000226759;ENSG00000227935;ENSG00000235038	0	NA	NA	NA	1
ENSCAFG00845007401	1	many_to_many_DifferentNumber	ENSG00000226759;ENSG00000227935;ENSG00000235038	0	NA	NA	NA	1
ENSCAFG00845007417	1	many_to_many_DifferentNumber	ENSG00000226759;ENSG00000227935;ENSG00000235038	0	NA	NA	NA	1
ENSCAFG00845007424	1	many_to_many_DifferentNumber	ENSG00000226759;ENSG00000227935;ENSG00000235038	0	NA	NA	NA	1
ENSCAFG00845007483	1	many_to_many_DifferentNumber	ENSG00000226759;ENSG00000227935;ENSG00000235038	0	NA	NA	NA	1
ENSCAFG00845007493	1	many_to_many_DifferentNumber	ENSG00000226759;ENSG00000227935;ENSG00000235038	0	NA	NA	NA	1
ENSCAFG00845007504	1	many_to_many_DifferentNumber	ENSG00000226759;ENSG00000227935;ENSG00000235038	0	NA	NA	NA	1
ENSCAFG00845007516	1	many_to_many_DifferentNumber	ENSG00000226759;ENSG00000227935;ENSG00000235038	0	NA	NA	NA	1
ENSCAFG00845007527	1	many_to_many_DifferentNumber	ENSG00000226759;ENSG00000227935;ENSG00000235038	0	NA	NA	NA	1
ENSCAFG00845007536	1	many_to_many_DifferentNumber	ENSG00000226759;ENSG00000227935;ENSG00000235038	0	NA	NA	NA	1
ENSCAFG00845007547	1	many_to_many_DifferentNumber	ENSG00000226759;ENSG00000227935;ENSG00000235038	0	NA	NA	NA	1
ENSCAFG00845007562	1	many_to_many_DifferentNumber	ENSG00000226759;ENSG00000227935;ENSG00000235038	0	NA	NA	NA	1
ENSCAFG00845007579	1	many_to_many_DifferentNumber	ENSG00000226759;ENSG00000227935;ENSG00000235038	0	NA	NA	NA	1
ENSCAFG00845007595	1	many_to_many_DifferentNumber	ENSG00000226759;ENSG00000227935;ENSG00000235038	0	NA	NA	NA	1
ENSCAFG00845007606	1	many_to_many_DifferentNumber	ENSG00000226759;ENSG00000227935;ENSG00000235038	0	NA	NA	NA	1
ENSCAFG00845013503	1	many_to_many_DifferentNumber	ENSG00000226759;ENSG00000227935;ENSG00000235038	0	NA	NA	NA	1
ENSCAFG00845013508	1	many_to_many_DifferentNumber	ENSG00000226759;ENSG00000227935;ENSG00000235038	0	NA	NA	NA	1
ENSCAFG00845013510	1	many_to_many_DifferentNumber	ENSG00000226759;ENSG00000227935;ENSG00000235038	0	NA	NA	NA	1
ENSCAFG00845013519	1	many_to_many_DifferentNumber	ENSG00000226759;ENSG00000227935;ENSG00000235038	0	NA	NA	NA	1
ENSCAFG00845013523	1	many_to_many_DifferentNumber	ENSG00000226759;ENSG00000227935;ENSG00000235038	0	NA	NA	NA	1
ENSCAFG00845013530	1	many_to_many_DifferentNumber	ENSG00000226759;ENSG00000227935;ENSG00000235038	0	NA	NA	NA	1
ENSCAFG00845013537	1	many_to_many_DifferentNumber	ENSG00000226759;ENSG00000227935;ENSG00000235038	0	NA	NA	NA	1
ENSCAFG00845013538	1	many_to_many_DifferentNumber	ENSG00000226759;ENSG00000227935;ENSG00000235038	0	NA	NA	NA	1
ENSCAFG00845013543	1	many_to_many_DifferentNumber	ENSG00000226759;ENSG00000227935;ENSG00000235038	1	one_to_many	lncgDivg	ENSG00000235038;ENSG00000226759;ENSG00000227935	1
ENSCAFG00845008242	1	one_to_one	ENSG00000254703	0	NA	NA	NA	1
ENSCAFG00845008691	1	one_to_many	ENSG00000258779;ENSG00000261227;ENSG00000271009;ENSG00000259209;ENSG00000260848;ENSG00000259817;ENSG00000260880;ENSG00000284675;ENSG00000283457;ENSG00000261248	0	NA	NA	NA	1
ENSCAFG00845008701	1	many_to_many_DifferentNumber	ENSG00000261404;ENSG00000272330;ENSG00000275236	0	NA	NA	NA	1
ENSCAFG00845008709	1	many_to_many_DifferentNumber	ENSG00000261404;ENSG00000272330;ENSG00000275236	0	NA	NA	NA	1
ENSCAFG00845011148	1	one_to_one	ENSG00000259290	1	one_to_one	lncgSS.dw	ENSG00000259290	1
ENSCAFG00845011542	1	one_to_one	ENSG00000260441	0	NA	NA	NA	1
ENSCAFG00845011618	1	many_to_one	ENSG00000254943	0	NA	NA	NA	1
ENSCAFG00845011625	1	many_to_one	ENSG00000254943	0	NA	NA	NA	1
ENSCAFG00845012137	1	one_to_many	ENSG00000261742;ENSG00000260004;ENSG00000260695;ENSG00000259847;ENSG00000260834	0	NA	NA	NA	0
ENSCAFG00845012148	1	one_to_many	ENSG00000260364;ENSG00000261818;ENSG00000286928	1	one_to_one	lincSS.up	ENSG00000286928	0
ENSCAFG00845013575	1	one_to_one	ENSG00000250493	0	NA	NA	NA	0
ENSCAFG00845014353	1	one_to_many	ENSG00000254863;ENSG00000255216	0	NA	NA	NA	0
ENSCAFG00845014420	1	one_to_many	ENSG00000263873;ENSG00000289553	0	NA	NA	NA	1
ENSCAFG00845016053	1	one_to_many	ENSG00000230138;ENSG00000226938	0	NA	NA	NA	1
ENSCAFG00845016240	1	one_to_one	ENSG00000276406	0	NA	NA	NA	1
ENSCAFG00845017340	1	one_to_one	ENSG00000236723	0	NA	NA	NA	0
ENSCAFG00845017407	1	one_to_one	ENSG00000261029	0	NA	NA	NA	0
ENSCAFG00845018118	1	one_to_many	ENSG00000227078;ENSG00000231477	0	NA	NA	NA	1
ENSCAFG00845021276	1	many_to_many_DifferentNumber	ENSG00000260969;ENSG00000287106;ENSG00000260733;ENSG00000286894;ENSG00000260694;ENSG00000277954;ENSG00000285918;ENSG00000261722	0	NA	NA	NA	1
ENSCAFG00845021288	1	many_to_many_DifferentNumber	ENSG00000260969;ENSG00000287106;ENSG00000260733;ENSG00000286894;ENSG00000260694;ENSG00000277954;ENSG00000285918;ENSG00000261722	0	NA	NA	NA	1
ENSCAFG00845021302	1	many_to_many_DifferentNumber	ENSG00000260969;ENSG00000287106;ENSG00000260733;ENSG00000286894;ENSG00000260694;ENSG00000277954;ENSG00000285918;ENSG00000261722	0	NA	NA	NA	1
ENSCAFG00845021315	1	many_to_many_DifferentNumber	ENSG00000260969;ENSG00000287106;ENSG00000260733;ENSG00000286894;ENSG00000260694;ENSG00000277954;ENSG00000285918;ENSG00000261722	0	NA	NA	NA	1
ENSCAFG00845021333	1	many_to_many_DifferentNumber	ENSG00000260969;ENSG00000287106;ENSG00000260733;ENSG00000286894;ENSG00000260694;ENSG00000277954;ENSG00000285918;ENSG00000261722	0	NA	NA	NA	1
ENSCAFG00845021346	1	many_to_many_DifferentNumber	ENSG00000260969;ENSG00000287106;ENSG00000260733;ENSG00000286894;ENSG00000260694;ENSG00000277954;ENSG00000285918;ENSG00000261722	0	NA	NA	NA	1
ENSCAFG00845021376	1	many_to_many_DifferentNumber	ENSG00000260969;ENSG00000287106;ENSG00000260733;ENSG00000286894;ENSG00000260694;ENSG00000277954;ENSG00000285918;ENSG00000261722	0	NA	NA	NA	1
ENSCAFG00845021260	1	many_to_many_DifferentNumber	ENSG00000276007;ENSG00000261837;ENSG00000260816;ENSG00000261537;ENSG00000260479;ENSG00000260511;ENSG00000261472;ENSG00000288821	1	many_to_one	lincConv	ENSG00000261472	1
ENSCAFG00845021337	1	many_to_many_DifferentNumber	ENSG00000276007;ENSG00000261837;ENSG00000260816;ENSG00000261537;ENSG00000260479;ENSG00000260511;ENSG00000261472;ENSG00000288821	1	many_to_one	lincConv	ENSG00000261472	1
ENSCAFG00845021356	1	many_to_many_DifferentNumber	ENSG00000276007;ENSG00000261837;ENSG00000260816;ENSG00000261537;ENSG00000260479;ENSG00000260511;ENSG00000261472;ENSG00000288821	1	many_to_one	lincConv	ENSG00000261472	1
ENSCAFG00845021365	1	many_to_many_DifferentNumber	ENSG00000276007;ENSG00000261837;ENSG00000260816;ENSG00000261537;ENSG00000260479;ENSG00000260511;ENSG00000261472;ENSG00000288821	1	many_to_one	lincConv	ENSG00000261472	1
ENSCAFG00845021391	1	many_to_many_DifferentNumber	ENSG00000276007;ENSG00000261837;ENSG00000260816;ENSG00000261537;ENSG00000260479;ENSG00000260511;ENSG00000261472;ENSG00000288821	1	many_to_one	lincConv	ENSG00000261472	1
ENSCAFG00845023863	1	one_to_one	ENSG00000259992	1	one_to_one	lncgDivg	ENSG00000276523	1
ENSCAFG00845023855	1	one_to_one	ENSG00000276408	0	NA	NA	NA	1
ENSCAFG00845024153	1	many_to_one	ENSG00000290056	1	many_to_one	lincSS.dw	ENSG00000290056	1
ENSCAFG00845024165	1	many_to_one	ENSG00000290056	1	many_to_one	lincSS.dw	ENSG00000290056	1
ENSCAFG00845024858	1	one_to_one	ENSG00000261058	1	one_to_one	lncgDivg	ENSG00000261058	1
ENSCAFG00845025446	1	many_to_many_sameNumber	ENSG00000230969;ENSG00000287114	0	NA	NA	NA	0
ENSCAFG00845025454	1	many_to_many_sameNumber	ENSG00000230969;ENSG00000287114	1	one_to_one	lincSS.up	ENSG00000287114	0
ENSCAFG00845027520	1	one_to_one	ENSG00000233645	0	NA	NA	NA	1
ENSCAFG00845028737	1	many_to_many_sameNumber	ENSG00000289914;ENSG00000228526	0	NA	NA	NA	1
ENSCAFG00845028763	1	many_to_many_sameNumber	ENSG00000289914;ENSG00000228526	1	one_to_one	lincDivg	ENSG00000228526	1
ENSCAFG00845000325	1	many_to_one	ENSG00000285551	0	NA	NA	NA	1
ENSCAFG00845003338	1	many_to_one	ENSG00000285551	0	NA	NA	NA	1
ENSCAFG00845003344	1	many_to_one	ENSG00000285551	0	NA	NA	NA	1
ENSCAFG00845003351	1	many_to_one	ENSG00000285551	0	NA	NA	NA	1
ENSCAFG00845003363	1	many_to_one	ENSG00000285551	0	NA	NA	NA	1
ENSCAFG00845003341	1	many_to_one	ENSG00000238280	0	NA	NA	NA	1
ENSCAFG00845003356	1	many_to_one	ENSG00000238280	0	NA	NA	NA	1
ENSCAFG00845003358	1	many_to_one	ENSG00000238280	0	NA	NA	NA	1
ENSCAFG00845000813	1	one_to_one	ENSG00000272767	0	NA	NA	NA	1
ENSCAFG00845000965	1	one_to_many	ENSG00000253295;ENSG00000253736	0	NA	NA	NA	1
ENSCAFG00845001502	1	one_to_many	ENSG00000253792;ENSG00000253449;ENSG00000276778	0	NA	NA	NA	0
ENSCAFG00845001652	1	many_to_many_DifferentNumber	ENSG00000249102;ENSG00000248279;ENSG00000251443	0	NA	NA	NA	0
ENSCAFG00845001660	1	many_to_many_DifferentNumber	ENSG00000249102;ENSG00000248279;ENSG00000251443	0	NA	NA	NA	0
ENSCAFG00845002505	1	one_to_one	ENSG00000260400	1	one_to_one	lncgSS.dw	ENSG00000260400	1
ENSCAFG00845003470	1	many_to_one	ENSG00000249740	0	NA	NA	NA	0
ENSCAFG00845003489	1	many_to_one	ENSG00000249740	0	NA	NA	NA	0
ENSCAFG00845003502	1	many_to_one	ENSG00000249740	0	NA	NA	NA	0
ENSCAFG00845003499	1	many_to_many_DifferentNumber	ENSG00000251189;ENSG00000250629;ENSG00000244968	1	one_to_one	lincDivg	ENSG00000251189	0
ENSCAFG00845003505	1	many_to_many_DifferentNumber	ENSG00000251189;ENSG00000250629;ENSG00000244968	1	one_to_one	lncgDivg	ENSG00000244968	0
ENSCAFG00845003773	1	one_to_one	ENSG00000250250	0	NA	NA	NA	1
ENSCAFG00845004475	1	one_to_one	ENSG00000237512	0	NA	NA	NA	1
ENSCAFG00845004978	1	one_to_one	ENSG00000287695	1	one_to_one	lncgSS.dw	ENSG00000287695	1
ENSCAFG00845005061	1	one_to_one	ENSG00000249484	0	NA	NA	NA	0
ENSCAFG00845005079	1	one_to_many	ENSG00000254226;ENSG00000286749	0	NA	NA	NA	0
ENSCAFG00845006535	1	one_to_one	ENSG00000227896	1	one_to_one	lncgDivg	ENSG00000227896	0
ENSCAFG00845009524	1	one_to_many	ENSG00000253865;ENSG00000249669	0	NA	NA	NA	1
ENSCAFG00845010760	1	one_to_one	ENSG00000286634	0	NA	NA	NA	0
ENSCAFG00845012545	1	one_to_many	ENSG00000250909;ENSG00000251414	1	one_to_many	lncgDivg	ENSG00000250909;ENSG00000251414	1
ENSCAFG00845014216	1	one_to_many	ENSG00000230417;ENSG00000229543;ENSG00000230229;ENSG00000282863;ENSG00000283096	0	NA	NA	NA	1
ENSCAFG00845014258	1	many_to_many_DifferentNumber	ENSG00000228683;ENSG00000282952;ENSG00000288090;ENSG00000229569;ENSG00000224596	0	NA	NA	NA	1
ENSCAFG00845014264	1	many_to_many_DifferentNumber	ENSG00000228683;ENSG00000282952;ENSG00000288090;ENSG00000229569;ENSG00000224596	0	NA	NA	NA	1
ENSCAFG00845015708	1	many_to_one	ENSG00000231082	0	NA	NA	NA	1
ENSCAFG00845015749	1	many_to_one	ENSG00000231082	0	NA	NA	NA	1
ENSCAFG00845015719	1	many_to_one	ENSG00000287358	0	NA	NA	NA	1
ENSCAFG00845015727	1	many_to_one	ENSG00000287358	1	one_to_many	lncgDivg	ENSG00000229458;ENSG00000287358;ENSG00000225738;ENSG00000285739	1
ENSCAFG00845000172	1	many_to_one	ENSG00000289395	0	NA	NA	NA	1
ENSCAFG00845000179	1	many_to_one	ENSG00000289395	0	NA	NA	NA	1
ENSCAFG00845000176	1	one_to_many	ENSG00000285994;ENSG00000285520	1	one_to_one	lncgConv	ENSG00000285520	0
ENSCAFG00845000352	1	many_to_one	ENSG00000205740	0	NA	NA	NA	0
ENSCAFG00845000360	1	many_to_one	ENSG00000205740	0	NA	NA	NA	0
ENSCAFG00845000364	1	many_to_one	ENSG00000229869	0	NA	NA	NA	0
ENSCAFG00845000368	1	many_to_one	ENSG00000229869	0	NA	NA	NA	0
ENSCAFG00845000465	1	one_to_many	ENSG00000271926;ENSG00000272081	0	NA	NA	NA	0
ENSCAFG00845000472	1	one_to_many	ENSG00000271046;ENSG00000271360	0	NA	NA	NA	0
ENSCAFG00845000956	1	one_to_one	ENSG00000289380	1	one_to_one	lncgSS.dw	ENSG00000289380	1
ENSCAFG00845000985	1	many_to_many_DifferentNumber	ENSG00000232170;ENSG00000234306;ENSG00000287120;ENSG00000286439;ENSG00000228636;ENSG00000197308;ENSG00000225383;ENSG00000270111;ENSG00000289897	0	NA	NA	NA	0
ENSCAFG00845000988	1	many_to_many_DifferentNumber	ENSG00000232170;ENSG00000234306;ENSG00000287120;ENSG00000286439;ENSG00000228636;ENSG00000197308;ENSG00000225383;ENSG00000270111;ENSG00000289897	0	NA	NA	NA	0
ENSCAFG00845000994	1	many_to_many_DifferentNumber	ENSG00000232170;ENSG00000234306;ENSG00000287120;ENSG00000286439;ENSG00000228636;ENSG00000197308;ENSG00000225383;ENSG00000270111;ENSG00000289897	0	NA	NA	NA	0
ENSCAFG00845001001	1	many_to_many_DifferentNumber	ENSG00000232170;ENSG00000234306;ENSG00000287120;ENSG00000286439;ENSG00000228636;ENSG00000197308;ENSG00000225383;ENSG00000270111;ENSG00000289897	0	NA	NA	NA	0
ENSCAFG00845001005	1	many_to_many_DifferentNumber	ENSG00000232170;ENSG00000234306;ENSG00000287120;ENSG00000286439;ENSG00000228636;ENSG00000197308;ENSG00000225383;ENSG00000270111;ENSG00000289897	0	NA	NA	NA	0
ENSCAFG00845001008	1	many_to_many_DifferentNumber	ENSG00000232170;ENSG00000234306;ENSG00000287120;ENSG00000286439;ENSG00000228636;ENSG00000197308;ENSG00000225383;ENSG00000270111;ENSG00000289897	0	NA	NA	NA	0
ENSCAFG00845001012	1	many_to_many_DifferentNumber	ENSG00000232170;ENSG00000234306;ENSG00000287120;ENSG00000286439;ENSG00000228636;ENSG00000197308;ENSG00000225383;ENSG00000270111;ENSG00000289897	0	NA	NA	NA	0
ENSCAFG00845001018	1	many_to_many_DifferentNumber	ENSG00000232170;ENSG00000234306;ENSG00000287120;ENSG00000286439;ENSG00000228636;ENSG00000197308;ENSG00000225383;ENSG00000270111;ENSG00000289897	0	NA	NA	NA	0
ENSCAFG00845001022	1	many_to_many_DifferentNumber	ENSG00000232170;ENSG00000234306;ENSG00000287120;ENSG00000286439;ENSG00000228636;ENSG00000197308;ENSG00000225383;ENSG00000270111;ENSG00000289897	0	NA	NA	NA	0
ENSCAFG00845001027	1	many_to_many_DifferentNumber	ENSG00000232170;ENSG00000234306;ENSG00000287120;ENSG00000286439;ENSG00000228636;ENSG00000197308;ENSG00000225383;ENSG00000270111;ENSG00000289897	0	NA	NA	NA	0
ENSCAFG00845001034	1	many_to_many_DifferentNumber	ENSG00000232170;ENSG00000234306;ENSG00000287120;ENSG00000286439;ENSG00000228636;ENSG00000197308;ENSG00000225383;ENSG00000270111;ENSG00000289897	0	NA	NA	NA	0
ENSCAFG00845001038	1	many_to_many_DifferentNumber	ENSG00000232170;ENSG00000234306;ENSG00000287120;ENSG00000286439;ENSG00000228636;ENSG00000197308;ENSG00000225383;ENSG00000270111;ENSG00000289897	0	NA	NA	NA	0
ENSCAFG00845001043	1	many_to_many_DifferentNumber	ENSG00000232170;ENSG00000234306;ENSG00000287120;ENSG00000286439;ENSG00000228636;ENSG00000197308;ENSG00000225383;ENSG00000270111;ENSG00000289897	0	NA	NA	NA	0
ENSCAFG00845001048	1	many_to_many_DifferentNumber	ENSG00000232170;ENSG00000234306;ENSG00000287120;ENSG00000286439;ENSG00000228636;ENSG00000197308;ENSG00000225383;ENSG00000270111;ENSG00000289897	0	NA	NA	NA	0
ENSCAFG00845001052	1	many_to_many_DifferentNumber	ENSG00000232170;ENSG00000234306;ENSG00000287120;ENSG00000286439;ENSG00000228636;ENSG00000197308;ENSG00000225383;ENSG00000270111;ENSG00000289897	0	NA	NA	NA	0
ENSCAFG00845001055	1	many_to_many_DifferentNumber	ENSG00000232170;ENSG00000234306;ENSG00000287120;ENSG00000286439;ENSG00000228636;ENSG00000197308;ENSG00000225383;ENSG00000270111;ENSG00000289897	0	NA	NA	NA	0
ENSCAFG00845001061	1	many_to_many_DifferentNumber	ENSG00000232170;ENSG00000234306;ENSG00000287120;ENSG00000286439;ENSG00000228636;ENSG00000197308;ENSG00000225383;ENSG00000270111;ENSG00000289897	0	NA	NA	NA	0
ENSCAFG00845001067	1	many_to_many_DifferentNumber	ENSG00000232170;ENSG00000234306;ENSG00000287120;ENSG00000286439;ENSG00000228636;ENSG00000197308;ENSG00000225383;ENSG00000270111;ENSG00000289897	0	NA	NA	NA	0
ENSCAFG00845001069	1	many_to_many_DifferentNumber	ENSG00000232170;ENSG00000234306;ENSG00000287120;ENSG00000286439;ENSG00000228636;ENSG00000197308;ENSG00000225383;ENSG00000270111;ENSG00000289897	0	NA	NA	NA	0
ENSCAFG00845001073	1	many_to_many_DifferentNumber	ENSG00000232170;ENSG00000234306;ENSG00000287120;ENSG00000286439;ENSG00000228636;ENSG00000197308;ENSG00000225383;ENSG00000270111;ENSG00000289897	0	NA	NA	NA	0
ENSCAFG00845001071	1	one_to_many	ENSG00000226990;ENSG00000224788;ENSG00000230014;ENSG00000234752;ENSG00000226861;ENSG00000223808;ENSG00000287309;ENSG00000232638;ENSG00000289363;ENSG00000289328	0	NA	NA	NA	0
ENSCAFG00845001015	1	one_to_many	ENSG00000285775;ENSG00000259283;ENSG00000283423;ENSG00000259725	0	NA	NA	NA	1
ENSCAFG00845001009	1	one_to_one	ENSG00000259711	0	NA	NA	NA	1
ENSCAFG00845001011	1	one_to_many	ENSG00000271792;ENSG00000249526	0	NA	NA	NA	0
ENSCAFG00845001089	1	many_to_one	ENSG00000250692	0	NA	NA	NA	1
ENSCAFG00845001109	1	many_to_one	ENSG00000250692	0	NA	NA	NA	1
ENSCAFG00845001123	1	many_to_one	ENSG00000250692	0	NA	NA	NA	1
ENSCAFG00845001132	1	many_to_one	ENSG00000250692	0	NA	NA	NA	1
ENSCAFG00845001144	1	many_to_one	ENSG00000250692	0	NA	NA	NA	1
ENSCAFG00845001083	1	many_to_one	ENSG00000245146	0	NA	NA	NA	1
ENSCAFG00845001101	1	many_to_one	ENSG00000245146	0	NA	NA	NA	1
ENSCAFG00845001111	1	many_to_one	ENSG00000245146	0	NA	NA	NA	1
ENSCAFG00845001116	1	many_to_one	ENSG00000245146	0	NA	NA	NA	1
ENSCAFG00845001138	1	many_to_one	ENSG00000245146	0	NA	NA	NA	1
ENSCAFG00845001148	1	many_to_one	ENSG00000245146	0	NA	NA	NA	1
ENSCAFG00845001901	1	many_to_one	ENSG00000230534	0	NA	NA	NA	0
ENSCAFG00845001916	1	many_to_one	ENSG00000230534	0	NA	NA	NA	0
ENSCAFG00845002235	1	one_to_one	ENSG00000232807	1	one_to_one	lncgSS.dw	ENSG00000232807	1
ENSCAFG00845002343	1	one_to_many	ENSG00000260545;ENSG00000260927	1	one_to_one	lncgConv	ENSG00000260927	0
ENSCAFG00845002361	1	many_to_one	ENSG00000285833	0	NA	NA	NA	1
ENSCAFG00845002369	1	many_to_one	ENSG00000285833	0	NA	NA	NA	1
ENSCAFG00845002381	1	many_to_one	ENSG00000285833	0	NA	NA	NA	1
ENSCAFG00845002375	1	one_to_many	ENSG00000235643;ENSG00000284708	0	NA	NA	NA	1
ENSCAFG00845002702	1	one_to_many	ENSG00000284743;ENSG00000226664;ENSG00000226487;ENSG00000236963	1	one_to_one	lncgConv	ENSG00000236963	0
ENSCAFG00845002847	1	one_to_many	ENSG00000256462;ENSG00000287566;ENSG00000287235;ENSG00000242147	0	NA	NA	NA	1
ENSCAFG00845002857	1	one_to_one	ENSG00000233387	0	NA	NA	NA	1
ENSCAFG00845002869	1	one_to_one	ENSG00000229656	1	one_to_one	lncgDivg	ENSG00000229656	1
ENSCAFG00845002920	1	many_to_one	ENSG00000280029	1	one_to_one	lncgConv	ENSG00000280029	0
ENSCAFG00845002931	1	many_to_one	ENSG00000280029	0	NA	NA	NA	0
ENSCAFG00845002954	1	one_to_many	ENSG00000280336;ENSG00000290893	1	one_to_one	lncgSS.dw	ENSG00000290893	1
ENSCAFG00845003118	1	many_to_many_DifferentNumber	ENSG00000236892;ENSG00000288566;ENSG00000226762;ENSG00000288657;ENSG00000289882;ENSG00000233321	0	NA	NA	NA	0
ENSCAFG00845003152	1	many_to_many_DifferentNumber	ENSG00000236892;ENSG00000288566;ENSG00000226762;ENSG00000288657;ENSG00000289882;ENSG00000233321	0	NA	NA	NA	0
ENSCAFG00845003150	1	one_to_many	ENSG00000286610;ENSG00000229672;ENSG00000228353;ENSG00000237399;ENSG00000236968;ENSG00000227338;ENSG00000287428;ENSG00000289994	1	one_to_many	lincConv	ENSG00000229672;ENSG00000228353	0
ENSCAFG00845003402	1	one_to_many	ENSG00000287909;ENSG00000288801	0	NA	NA	NA	1
ENSCAFG00845003455	1	one_to_one	ENSG00000291103	0	NA	NA	NA	1
ENSCAFG00845003450	1	many_to_many_DifferentNumber	ENSG00000262714;ENSG00000261291;ENSG00000261804	1	one_to_one	lincSS.up	ENSG00000262714	1
ENSCAFG00845003460	1	many_to_many_DifferentNumber	ENSG00000262714;ENSG00000261291;ENSG00000261804	1	one_to_one	lncgSS.dw	ENSG00000261291	1
ENSCAFG00845004096	1	one_to_one	ENSG00000226304	0	NA	NA	NA	0
ENSCAFG00845004119	1	one_to_one	ENSG00000280809	1	one_to_one	lincSS.dw	ENSG00000280809	0
ENSCAFG00845004434	1	one_to_one	ENSG00000279249	1	one_to_one	lncgDivg	ENSG00000279249	1
ENSCAFG00845004956	1	one_to_many	ENSG00000259821;ENSG00000261173	0	NA	NA	NA	0
ENSCAFG00845005071	1	one_to_one	ENSG00000203325	0	NA	NA	NA	1
ENSCAFG00845005106	1	many_to_many_sameNumber	ENSG00000203620;ENSG00000269967	0	NA	NA	NA	0
ENSCAFG00845005113	1	many_to_many_sameNumber	ENSG00000203620;ENSG00000269967	0	NA	NA	NA	0
ENSCAFG00845005161	1	one_to_one	ENSG00000236065	0	NA	NA	NA	1
ENSCAFG00845005423	1	one_to_one	ENSG00000231422	0	NA	NA	NA	0
ENSCAFG00845007568	1	one_to_one	ENSG00000287434	0	NA	NA	NA	1
ENSCAFG00845008075	1	many_to_many_DifferentNumber	ENSG00000248199;ENSG00000178722	0	NA	NA	NA	1
ENSCAFG00845008100	1	many_to_many_DifferentNumber	ENSG00000248199;ENSG00000178722	0	NA	NA	NA	1
ENSCAFG00845008115	1	many_to_many_DifferentNumber	ENSG00000248199;ENSG00000178722	0	NA	NA	NA	1
ENSCAFG00845008348	1	many_to_one	ENSG00000225750	1	many_to_one	lncgSS.dw	ENSG00000225750	0
ENSCAFG00845008356	1	many_to_one	ENSG00000225750	1	many_to_one	lncgSS.dw	ENSG00000225750	0
ENSCAFG00845008373	1	many_to_one	ENSG00000225750	0	NA	NA	NA	0
ENSCAFG00845010045	1	one_to_one	ENSG00000242125	1	one_to_one	lncgSS.dw	ENSG00000242125	1
ENSCAFG00845010484	1	many_to_many_DifferentNumber	ENSG00000272381;ENSG00000287564	1	many_to_one	lincSS.up	ENSG00000272381	0
ENSCAFG00845010497	1	many_to_many_DifferentNumber	ENSG00000272381;ENSG00000287564	1	many_to_one	lincSS.up	ENSG00000272381	0
ENSCAFG00845010508	1	many_to_many_DifferentNumber	ENSG00000272381;ENSG00000287564	1	many_to_one	lincSS.up	ENSG00000272381	0
ENSCAFG00845010519	1	many_to_many_DifferentNumber	ENSG00000272381;ENSG00000287564	1	many_to_one	lincSS.up	ENSG00000272381	0
ENSCAFG00845010528	1	many_to_many_DifferentNumber	ENSG00000272381;ENSG00000287564	1	many_to_one	lincSS.up	ENSG00000272381	0
ENSCAFG00845010534	1	many_to_many_DifferentNumber	ENSG00000272381;ENSG00000287564	0	NA	NA	NA	0
ENSCAFG00845010543	1	many_to_many_DifferentNumber	ENSG00000272381;ENSG00000287564	0	NA	NA	NA	0
ENSCAFG00845010548	1	many_to_many_DifferentNumber	ENSG00000272381;ENSG00000287564	0	NA	NA	NA	0
ENSCAFG00845010562	1	many_to_many_DifferentNumber	ENSG00000272381;ENSG00000287564	0	NA	NA	NA	0
ENSCAFG00845010572	1	many_to_many_DifferentNumber	ENSG00000272381;ENSG00000287564	0	NA	NA	NA	0
ENSCAFG00845010651	1	one_to_one	ENSG00000270605	0	NA	NA	NA	1
ENSCAFG00845010655	1	one_to_one	ENSG00000271398	1	one_to_one	lncgSS.dw	ENSG00000271398	1
ENSCAFG00845011489	1	many_to_one	ENSG00000259994	0	NA	NA	NA	1
ENSCAFG00845011508	1	many_to_one	ENSG00000259994	0	NA	NA	NA	1
ENSCAFG00845011525	1	many_to_one	ENSG00000259994	0	NA	NA	NA	1
ENSCAFG00845011623	1	one_to_one	ENSG00000249057	1	one_to_one	lncgSS.dw	ENSG00000249057	0
ENSCAFG00845011633	1	one_to_one	ENSG00000229666	0	NA	NA	NA	0
ENSCAFG00845011673	1	one_to_many	ENSG00000251206;ENSG00000253787;ENSG00000249364	0	NA	NA	NA	0
ENSCAFG00845013749	1	one_to_one	ENSG00000225643	0	NA	NA	NA	1
ENSCAFG00845014529	1	one_to_one	ENSG00000232739	0	NA	NA	NA	1
ENSCAFG00845017821	1	one_to_one	ENSG00000231185	0	NA	NA	NA	1
ENSCAFG00845028636	1	many_to_many_DifferentNumber	ENSG00000248727;ENSG00000249697;ENSG00000225940;ENSG00000234553;ENSG00000289709	1	one_to_one	lincSS.up	ENSG00000249697	1
ENSCAFG00845028645	1	many_to_many_DifferentNumber	ENSG00000248727;ENSG00000249697;ENSG00000225940;ENSG00000234553;ENSG00000289709	0	NA	NA	NA	1
ENSCAFG00845028978	1	one_to_one	ENSG00000289152	0	NA	NA	NA	1
ENSCAFG00845029078	1	many_to_many_DifferentNumber	ENSG00000249436;ENSG00000286853;ENSG00000287709	1	one_to_one	lincDivg	ENSG00000249436	1
ENSCAFG00845029082	1	many_to_many_DifferentNumber	ENSG00000249436;ENSG00000286853;ENSG00000287709	0	NA	NA	NA	1
ENSCAFG00845029084	1	many_to_many_DifferentNumber	ENSG00000249198;ENSG00000249584;ENSG00000248132	0	NA	NA	NA	1
ENSCAFG00845029087	1	many_to_many_DifferentNumber	ENSG00000249198;ENSG00000249584;ENSG00000248132	0	NA	NA	NA	1
ENSCAFG00845001501	1	many_to_many_DifferentNumber	ENSG00000225233;ENSG00000228255	0	NA	NA	NA	1
ENSCAFG00845001532	1	many_to_many_DifferentNumber	ENSG00000225233;ENSG00000228255	0	NA	NA	NA	1
ENSCAFG00845001535	1	many_to_many_DifferentNumber	ENSG00000225233;ENSG00000228255	0	NA	NA	NA	1
ENSCAFG00845001540	1	many_to_many_DifferentNumber	ENSG00000225233;ENSG00000228255	0	NA	NA	NA	1
ENSCAFG00845001544	1	many_to_many_DifferentNumber	ENSG00000225233;ENSG00000228255	0	NA	NA	NA	1
ENSCAFG00845001552	1	many_to_many_DifferentNumber	ENSG00000225233;ENSG00000228255	0	NA	NA	NA	1
ENSCAFG00845001556	1	many_to_many_DifferentNumber	ENSG00000225233;ENSG00000228255	0	NA	NA	NA	0
ENSCAFG00845001563	1	many_to_many_DifferentNumber	ENSG00000225233;ENSG00000228255	0	NA	NA	NA	1
ENSCAFG00845001598	1	many_to_many_DifferentNumber	ENSG00000225233;ENSG00000228255	0	NA	NA	NA	1
ENSCAFG00845001521	1	many_to_many_DifferentNumber	ENSG00000281664;ENSG00000230461	0	NA	NA	NA	1
ENSCAFG00845001573	1	many_to_many_DifferentNumber	ENSG00000281664;ENSG00000230461	1	one_to_one	lincDivg	ENSG00000281664	1
ENSCAFG00845001588	1	many_to_many_DifferentNumber	ENSG00000281664;ENSG00000230461	1	one_to_many	lncgDivg	ENSG00000272167;ENSG00000274895;ENSG00000230461	1
ENSCAFG00845001618	1	one_to_many	ENSG00000283518;ENSG00000274895;ENSG00000272167	0	NA	NA	NA	0
ENSCAFG00845002402	1	one_to_one	ENSG00000213062	0	NA	NA	NA	1
ENSCAFG00845002478	1	one_to_one	ENSG00000289071	0	NA	NA	NA	1
ENSCAFG00845002582	1	one_to_many	ENSG00000243155;ENSG00000232586	1	one_to_one	lncgSS.dw	ENSG00000243155	0
ENSCAFG00845003043	1	many_to_many_sameNumber	ENSG00000287343;ENSG00000203706	0	NA	NA	NA	1
ENSCAFG00845003055	1	many_to_many_sameNumber	ENSG00000287343;ENSG00000203706	0	NA	NA	NA	1
ENSCAFG00845003074	1	one_to_one	ENSG00000285993	0	NA	NA	NA	1
ENSCAFG00845003440	1	one_to_one	ENSG00000264254	1	one_to_one	lincDivg	ENSG00000264254	1
ENSCAFG00845003714	1	one_to_one	ENSG00000287445	0	NA	NA	NA	0
ENSCAFG00845004244	1	one_to_one	ENSG00000261504	1	one_to_one	lincDivg	ENSG00000261504	0
ENSCAFG00845004340	1	one_to_many	ENSG00000286496;ENSG00000287516	1	one_to_one	lncgDivg	ENSG00000286496	1
ENSCAFG00845004344	1	one_to_one	ENSG00000287738	0	NA	NA	NA	1
ENSCAFG00845004405	1	one_to_one	ENSG00000224468	0	NA	NA	NA	1
ENSCAFG00845004589	1	many_to_one	ENSG00000287509	0	NA	NA	NA	1
ENSCAFG00845004595	1	many_to_one	ENSG00000287509	0	NA	NA	NA	1
ENSCAFG00845004593	1	one_to_one	ENSG00000273335	0	NA	NA	NA	1
ENSCAFG00845004685	1	one_to_one	ENSG00000272799	1	one_to_one	lncgDivg	ENSG00000272799	1
ENSCAFG00845004818	1	many_to_many_DifferentNumber	ENSG00000271387;ENSG00000286655	0	NA	NA	NA	1
ENSCAFG00845004823	1	many_to_many_DifferentNumber	ENSG00000271387;ENSG00000286655	0	NA	NA	NA	1
ENSCAFG00845004825	1	many_to_many_DifferentNumber	ENSG00000271387;ENSG00000286655	0	NA	NA	NA	1
ENSCAFG00845004829	1	many_to_many_DifferentNumber	ENSG00000271387;ENSG00000286655	0	NA	NA	NA	1
ENSCAFG00845004837	1	many_to_one	ENSG00000289891	0	NA	NA	NA	1
ENSCAFG00845004839	1	many_to_one	ENSG00000289891	0	NA	NA	NA	1
ENSCAFG00845005000	1	one_to_one	ENSG00000267069	0	NA	NA	NA	0
ENSCAFG00845005482	1	one_to_one	ENSG00000243062	0	NA	NA	NA	1
ENSCAFG00845006085	1	one_to_many	ENSG00000225300;ENSG00000260698;ENSG00000235021	1	one_to_one	lncgSS.dw	ENSG00000225300	1
ENSCAFG00845008376	1	one_to_many	ENSG00000278052;ENSG00000267746	0	NA	NA	NA	0
ENSCAFG00845009079	1	many_to_one	ENSG00000125462	0	NA	NA	NA	0
ENSCAFG00845009096	1	many_to_one	ENSG00000125462	0	NA	NA	NA	0
ENSCAFG00845009073	1	one_to_one	ENSG00000237390	0	NA	NA	NA	0
ENSCAFG00845010052	1	one_to_many	ENSG00000263924;ENSG00000263823	0	NA	NA	NA	0
ENSCAFG00845012440	1	many_to_many_DifferentNumber	ENSG00000277534;ENSG00000275805;ENSG00000265369;ENSG00000263382	0	NA	NA	NA	1
ENSCAFG00845012444	1	many_to_many_DifferentNumber	ENSG00000277534;ENSG00000275805;ENSG00000265369;ENSG00000263382	0	NA	NA	NA	1
ENSCAFG00845012457	1	many_to_many_DifferentNumber	ENSG00000277534;ENSG00000275805;ENSG00000265369;ENSG00000263382	1	many_to_one	lincSS.up	ENSG00000265369	1
ENSCAFG00845012467	1	many_to_many_DifferentNumber	ENSG00000277534;ENSG00000275805;ENSG00000265369;ENSG00000263382	1	many_to_one	lincSS.up	ENSG00000265369	1
ENSCAFG00845012482	1	many_to_many_DifferentNumber	ENSG00000277534;ENSG00000275805;ENSG00000265369;ENSG00000263382	1	many_to_one	lincSS.up	ENSG00000265369	1
ENSCAFG00845012579	1	many_to_many_DifferentNumber	ENSG00000277534;ENSG00000275805;ENSG00000265369;ENSG00000263382	1	many_to_one	lincSS.up	ENSG00000265369	1
ENSCAFG00845012449	1	many_to_many_DifferentNumber	ENSG00000260372;ENSG00000263677	0	NA	NA	NA	1
ENSCAFG00845012476	1	many_to_many_DifferentNumber	ENSG00000260372;ENSG00000263677	1	many_to_one	lincDivg	ENSG00000263677	1
ENSCAFG00845012572	1	many_to_many_DifferentNumber	ENSG00000260372;ENSG00000263677	1	many_to_one	lincDivg	ENSG00000263677	1
ENSCAFG00845013127	1	many_to_many_sameNumber	ENSG00000266489;ENSG00000264345	0	NA	NA	NA	0
ENSCAFG00845013161	1	many_to_many_sameNumber	ENSG00000266489;ENSG00000264345	0	NA	NA	NA	0
ENSCAFG00845014301	1	one_to_one	ENSG00000286391	0	NA	NA	NA	0
ENSCAFG00845015650	1	one_to_many	ENSG00000263588;ENSG00000265758	0	NA	NA	NA	0
ENSCAFG00845016940	1	many_to_one	ENSG00000266905	0	NA	NA	NA	1
ENSCAFG00845016960	1	many_to_one	ENSG00000266905	1	one_to_one	lincSS.up	ENSG00000266905	1
ENSCAFG00845016967	1	many_to_one	ENSG00000266905	0	NA	NA	NA	1
ENSCAFG00845016950	1	one_to_one	ENSG00000264269	0	NA	NA	NA	1
ENSCAFG00845022586	1	many_to_many_sameNumber	ENSG00000273093;ENSG00000203721	0	NA	NA	NA	1
ENSCAFG00845022598	1	many_to_many_sameNumber	ENSG00000273093;ENSG00000203721	0	NA	NA	NA	1
ENSCAFG00845000385	1	many_to_one	ENSG00000261636	0	NA	NA	NA	0
ENSCAFG00845000397	1	many_to_one	ENSG00000261636	0	NA	NA	NA	0
ENSCAFG00845000409	1	many_to_one	ENSG00000261636	0	NA	NA	NA	0
ENSCAFG00845004519	1	many_to_one	ENSG00000261636	0	NA	NA	NA	0
ENSCAFG00845000388	1	many_to_many_DifferentNumber	ENSG00000259955;ENSG00000274925	1	one_to_many	lncgDivg	ENSG00000274925;ENSG00000259955	0
ENSCAFG00845004511	1	many_to_many_DifferentNumber	ENSG00000259955;ENSG00000274925	0	NA	NA	NA	0
ENSCAFG00845004523	1	many_to_many_DifferentNumber	ENSG00000259955;ENSG00000274925	0	NA	NA	NA	0
ENSCAFG00845001367	1	one_to_one	ENSG00000288935	1	one_to_one	lincDivg	ENSG00000288935	1
ENSCAFG00845001745	1	one_to_one	ENSG00000273010	1	one_to_one	lncgDivg	ENSG00000273010	1
ENSCAFG00845001760	1	one_to_one	ENSG00000261654	1	one_to_one	lncgSS.dw	ENSG00000261654	1
ENSCAFG00845001767	1	one_to_one	ENSG00000232811	1	one_to_one	lncgConv	ENSG00000232811	1
ENSCAFG00845002100	1	many_to_one	ENSG00000227963	0	NA	NA	NA	0
ENSCAFG00845002108	1	many_to_one	ENSG00000227963	0	NA	NA	NA	0
ENSCAFG00845002112	1	many_to_one	ENSG00000227963	0	NA	NA	NA	0
ENSCAFG00845002118	1	many_to_one	ENSG00000227963	0	NA	NA	NA	0
ENSCAFG00845002120	1	one_to_one	ENSG00000260566	1	one_to_one	lncgSS.dw	ENSG00000260566	1
ENSCAFG00845002186	1	one_to_one	ENSG00000261090	0	NA	NA	NA	1
ENSCAFG00845002277	1	one_to_many	ENSG00000289754;ENSG00000275441	0	NA	NA	NA	1
ENSCAFG00845002411	1	many_to_one	ENSG00000235005	0	NA	NA	NA	0
ENSCAFG00845002421	1	many_to_one	ENSG00000235005	0	NA	NA	NA	0
ENSCAFG00845002398	1	many_to_many_sameNumber	ENSG00000228420;ENSG00000261055	1	one_to_many	lincSS.up	ENSG00000228420;ENSG00000261055	0
ENSCAFG00845002404	1	many_to_many_sameNumber	ENSG00000228420;ENSG00000261055	0	NA	NA	NA	0
ENSCAFG00845002512	1	many_to_one	ENSG00000287815	0	NA	NA	NA	1
ENSCAFG00845002519	1	many_to_one	ENSG00000287815	0	NA	NA	NA	1
ENSCAFG00845002708	1	one_to_one	ENSG00000225113	1	one_to_one	lncgSS.dw	ENSG00000225113	0
ENSCAFG00845004150	1	one_to_one	ENSG00000288889	1	one_to_one	lncgDivg	ENSG00000288889	1
ENSCAFG00845008963	1	many_to_one	ENSG00000272950	0	NA	NA	NA	1
ENSCAFG00845008969	1	many_to_one	ENSG00000272950	0	NA	NA	NA	1
ENSCAFG00845008975	1	many_to_one	ENSG00000272950	0	NA	NA	NA	1
ENSCAFG00845004349	1	many_to_one	ENSG00000236481	0	NA	NA	NA	0
ENSCAFG00845004367	1	many_to_one	ENSG00000236481	0	NA	NA	NA	0
ENSCAFG00845004371	1	many_to_one	ENSG00000236481	0	NA	NA	NA	0
ENSCAFG00845004376	1	many_to_one	ENSG00000236481	0	NA	NA	NA	0
ENSCAFG00845004384	1	many_to_one	ENSG00000236481	0	NA	NA	NA	0
ENSCAFG00845004394	1	many_to_one	ENSG00000236481	0	NA	NA	NA	0
ENSCAFG00845004398	1	many_to_one	ENSG00000236481	0	NA	NA	NA	0
ENSCAFG00845004404	1	many_to_one	ENSG00000236481	0	NA	NA	NA	0
ENSCAFG00845004417	1	many_to_one	ENSG00000236481	0	NA	NA	NA	0
ENSCAFG00845004426	1	many_to_one	ENSG00000236481	0	NA	NA	NA	0
ENSCAFG00845004429	1	many_to_one	ENSG00000236481	0	NA	NA	NA	0
ENSCAFG00845004448	1	many_to_one	ENSG00000236481	0	NA	NA	NA	0
ENSCAFG00845004462	1	many_to_one	ENSG00000236481	0	NA	NA	NA	0
ENSCAFG00845004470	1	many_to_one	ENSG00000236481	0	NA	NA	NA	0
ENSCAFG00845004486	1	many_to_one	ENSG00000236481	0	NA	NA	NA	0
ENSCAFG00845004493	1	many_to_one	ENSG00000236481	0	NA	NA	NA	0
ENSCAFG00845004364	1	many_to_many_DifferentNumber	ENSG00000231876;ENSG00000260580;ENSG00000286712;ENSG00000285882	0	NA	NA	NA	0
ENSCAFG00845004374	1	many_to_many_DifferentNumber	ENSG00000231876;ENSG00000260580;ENSG00000286712;ENSG00000285882	0	NA	NA	NA	0
ENSCAFG00845004380	1	many_to_many_DifferentNumber	ENSG00000231876;ENSG00000260580;ENSG00000286712;ENSG00000285882	0	NA	NA	NA	0
ENSCAFG00845004388	1	many_to_many_DifferentNumber	ENSG00000231876;ENSG00000260580;ENSG00000286712;ENSG00000285882	0	NA	NA	NA	0
ENSCAFG00845004400	1	many_to_many_DifferentNumber	ENSG00000231876;ENSG00000260580;ENSG00000286712;ENSG00000285882	0	NA	NA	NA	0
ENSCAFG00845004408	1	many_to_many_DifferentNumber	ENSG00000231876;ENSG00000260580;ENSG00000286712;ENSG00000285882	0	NA	NA	NA	0
ENSCAFG00845004414	1	many_to_many_DifferentNumber	ENSG00000231876;ENSG00000260580;ENSG00000286712;ENSG00000285882	0	NA	NA	NA	0
ENSCAFG00845004420	1	many_to_many_DifferentNumber	ENSG00000231876;ENSG00000260580;ENSG00000286712;ENSG00000285882	0	NA	NA	NA	0
ENSCAFG00845004432	1	many_to_many_DifferentNumber	ENSG00000231876;ENSG00000260580;ENSG00000286712;ENSG00000285882	0	NA	NA	NA	0
ENSCAFG00845004443	1	many_to_many_DifferentNumber	ENSG00000231876;ENSG00000260580;ENSG00000286712;ENSG00000285882	0	NA	NA	NA	0
ENSCAFG00845004458	1	many_to_many_DifferentNumber	ENSG00000231876;ENSG00000260580;ENSG00000286712;ENSG00000285882	0	NA	NA	NA	0
ENSCAFG00845004464	1	many_to_many_DifferentNumber	ENSG00000231876;ENSG00000260580;ENSG00000286712;ENSG00000285882	0	NA	NA	NA	0
ENSCAFG00845004474	1	many_to_many_DifferentNumber	ENSG00000231876;ENSG00000260580;ENSG00000286712;ENSG00000285882	0	NA	NA	NA	0
ENSCAFG00845004480	1	many_to_many_DifferentNumber	ENSG00000231876;ENSG00000260580;ENSG00000286712;ENSG00000285882	0	NA	NA	NA	0
ENSCAFG00845004491	1	many_to_many_DifferentNumber	ENSG00000231876;ENSG00000260580;ENSG00000286712;ENSG00000285882	0	NA	NA	NA	0
ENSCAFG00845004786	1	many_to_many_sameNumber	ENSG00000285778;ENSG00000225087;ENSG00000228853	0	NA	NA	NA	0
ENSCAFG00845004790	1	many_to_many_sameNumber	ENSG00000285778;ENSG00000225087;ENSG00000228853	0	NA	NA	NA	1
ENSCAFG00845004795	1	many_to_many_sameNumber	ENSG00000285778;ENSG00000225087;ENSG00000228853	1	one_to_one	lncgSS.up	ENSG00000228853	1
ENSCAFG00845004782	1	one_to_many	ENSG00000233973;ENSG00000227016;ENSG00000223479;ENSG00000285808;ENSG00000231985;ENSG00000286863	0	NA	NA	NA	1
ENSCAFG00845009170	1	one_to_many	ENSG00000230489;ENSG00000226822	0	NA	NA	NA	0
ENSCAFG00845011566	1	one_to_many	ENSG00000262116;ENSG00000262267;ENSG00000262011	0	NA	NA	NA	0
ENSCAFG00845011552	1	one_to_one	ENSG00000262801	0	NA	NA	NA	0
ENSCAFG00845012082	1	one_to_many	ENSG00000235795;ENSG00000289355;ENSG00000233184	0	NA	NA	NA	1
ENSCAFG00845012391	1	one_to_one	ENSG00000228086	0	NA	NA	NA	1
ENSCAFG00845013001	1	one_to_one	ENSG00000228988	0	NA	NA	NA	0
ENSCAFG00845013541	1	one_to_one	ENSG00000285543	1	one_to_one	lincSS.up	ENSG00000285543	0
ENSCAFG00845013587	1	one_to_many	ENSG00000241269;ENSG00000188365;ENSG00000273084;ENSG00000290091;ENSG00000272953	0	NA	NA	NA	1
ENSCAFG00845013605	1	one_to_many	ENSG00000261075;ENSG00000261397;ENSG00000260362;ENSG00000260349	0	NA	NA	NA	0
ENSCAFG00845013611	1	one_to_many	ENSG00000260071;ENSG00000261617;ENSG00000263244;ENSG00000283003	0	NA	NA	NA	0
ENSCAFG00845014351	1	one_to_many	ENSG00000237954;ENSG00000231987;ENSG00000228852;ENSG00000230434;ENSG00000228504	0	NA	NA	NA	0
ENSCAFG00845014363	1	one_to_many	ENSG00000237435;ENSG00000271252;ENSG00000233907;ENSG00000287919;ENSG00000228971	0	NA	NA	NA	0
ENSCAFG00845014876	1	many_to_many_DifferentNumber	ENSG00000236708;ENSG00000217455;ENSG00000231892;ENSG00000228334	0	NA	NA	NA	0
ENSCAFG00845014981	1	many_to_many_DifferentNumber	ENSG00000236708;ENSG00000217455;ENSG00000231892;ENSG00000228334	0	NA	NA	NA	0
ENSCAFG00845014987	1	many_to_many_DifferentNumber	ENSG00000236708;ENSG00000217455;ENSG00000231892;ENSG00000228334	0	NA	NA	NA	0
ENSCAFG00845014996	1	many_to_many_DifferentNumber	ENSG00000236708;ENSG00000217455;ENSG00000231892;ENSG00000228334	0	NA	NA	NA	0
ENSCAFG00845015001	1	many_to_many_DifferentNumber	ENSG00000236708;ENSG00000217455;ENSG00000231892;ENSG00000228334	0	NA	NA	NA	0
ENSCAFG00845015026	1	many_to_many_DifferentNumber	ENSG00000236708;ENSG00000217455;ENSG00000231892;ENSG00000228334	0	NA	NA	NA	0
ENSCAFG00845015037	1	many_to_many_DifferentNumber	ENSG00000236708;ENSG00000217455;ENSG00000231892;ENSG00000228334	0	NA	NA	NA	0
ENSCAFG00845015046	1	many_to_many_DifferentNumber	ENSG00000236708;ENSG00000217455;ENSG00000231892;ENSG00000228334	0	NA	NA	NA	0
ENSCAFG00845015061	1	many_to_many_DifferentNumber	ENSG00000236708;ENSG00000217455;ENSG00000231892;ENSG00000228334	0	NA	NA	NA	0
ENSCAFG00845015071	1	many_to_many_DifferentNumber	ENSG00000236708;ENSG00000217455;ENSG00000231892;ENSG00000228334	0	NA	NA	NA	0
ENSCAFG00845015119	1	many_to_many_DifferentNumber	ENSG00000236708;ENSG00000217455;ENSG00000231892;ENSG00000228334	0	NA	NA	NA	0
ENSCAFG00845015127	1	many_to_many_DifferentNumber	ENSG00000236708;ENSG00000217455;ENSG00000231892;ENSG00000228334	0	NA	NA	NA	0
ENSCAFG00845015137	1	many_to_many_DifferentNumber	ENSG00000236708;ENSG00000217455;ENSG00000231892;ENSG00000228334	0	NA	NA	NA	0
ENSCAFG00845014957	1	many_to_one	ENSG00000237286	0	NA	NA	NA	0
ENSCAFG00845015009	1	many_to_one	ENSG00000237286	0	NA	NA	NA	0
ENSCAFG00845015019	1	many_to_one	ENSG00000237286	0	NA	NA	NA	0
ENSCAFG00845015042	1	many_to_one	ENSG00000237286	0	NA	NA	NA	0
ENSCAFG00845015052	1	many_to_one	ENSG00000237286	0	NA	NA	NA	0
ENSCAFG00845015079	1	many_to_one	ENSG00000237286	0	NA	NA	NA	0
ENSCAFG00845015102	1	many_to_one	ENSG00000237286	0	NA	NA	NA	0
ENSCAFG00845015111	1	many_to_one	ENSG00000237286	0	NA	NA	NA	0
ENSCAFG00845015146	1	many_to_one	ENSG00000237286	0	NA	NA	NA	0
ENSCAFG00845015884	1	one_to_many	ENSG00000260464;ENSG00000224093	0	NA	NA	NA	0
ENSCAFG00845016883	1	many_to_many_DifferentNumber	ENSG00000272094;ENSG00000233593	0	NA	NA	NA	0
ENSCAFG00845016890	1	many_to_many_DifferentNumber	ENSG00000272094;ENSG00000233593	1	one_to_one	lincSS.dw	ENSG00000272094	0
ENSCAFG00845016970	1	many_to_many_DifferentNumber	ENSG00000272094;ENSG00000233593	1	one_to_one	lincSS.up	ENSG00000233593	0
ENSCAFG00845016868	1	many_to_many_DifferentNumber	ENSG00000225446;ENSG00000287076;ENSG00000285532	0	NA	NA	NA	0
ENSCAFG00845016895	1	many_to_many_DifferentNumber	ENSG00000225446;ENSG00000287076;ENSG00000285532	1	many_to_many_strict	lincConv	ENSG00000285532;ENSG00000225446	0
ENSCAFG00845016905	1	many_to_many_DifferentNumber	ENSG00000225446;ENSG00000287076;ENSG00000285532	1	many_to_many_strict	lincConv	ENSG00000285532;ENSG00000225446	0
ENSCAFG00845017002	1	many_to_many_DifferentNumber	ENSG00000225446;ENSG00000287076;ENSG00000285532	0	NA	NA	NA	0
ENSCAFG00845019278	1	many_to_many_sameNumber	ENSG00000237505;ENSG00000227290	0	NA	NA	NA	0
ENSCAFG00845019300	1	many_to_many_sameNumber	ENSG00000237505;ENSG00000227290	0	NA	NA	NA	0
ENSCAFG00845019287	1	many_to_one	ENSG00000286758	0	NA	NA	NA	0
ENSCAFG00845019310	1	many_to_one	ENSG00000286758	0	NA	NA	NA	0
ENSCAFG00845024765	1	one_to_many	ENSG00000260496;ENSG00000261713	1	one_to_one	lncgDivg	ENSG00000261713	0
ENSCAFG00845008183	1	one_to_one	ENSG00000204661	0	NA	NA	NA	0
ENSCAFG00845008854	1	one_to_one	ENSG00000285637	1	one_to_one	lincSS.dw	ENSG00000285637	0
ENSCAFG00845009287	1	one_to_one	ENSG00000225376	0	NA	NA	NA	1
ENSCAFG00845010750	1	many_to_one	ENSG00000286839	0	NA	NA	NA	1
ENSCAFG00845010756	1	many_to_one	ENSG00000286839	0	NA	NA	NA	0
ENSCAFG00845010929	1	one_to_one	ENSG00000223442	0	NA	NA	NA	1
ENSCAFG00845011248	1	many_to_many_DifferentNumber	ENSG00000273399;ENSG00000272871;ENSG00000288876	0	NA	NA	NA	1
ENSCAFG00845011254	1	many_to_many_DifferentNumber	ENSG00000273399;ENSG00000272871;ENSG00000288876	0	NA	NA	NA	1
ENSCAFG00845011273	1	many_to_many_DifferentNumber	ENSG00000273399;ENSG00000272871;ENSG00000288876	0	NA	NA	NA	1
ENSCAFG00845011278	1	many_to_many_DifferentNumber	ENSG00000273399;ENSG00000272871;ENSG00000288876	0	NA	NA	NA	1
ENSCAFG00845011293	1	one_to_one	ENSG00000248799	1	one_to_one	lncgConv	ENSG00000248799	1
ENSCAFG00845011601	1	one_to_one	ENSG00000287233	0	NA	NA	NA	1
ENSCAFG00845011674	1	one_to_one	ENSG00000291185	0	NA	NA	NA	1
ENSCAFG00845012962	1	one_to_one	ENSG00000250564	0	NA	NA	NA	1
ENSCAFG00845013280	1	one_to_many	ENSG00000237153;ENSG00000231756;ENSG00000230694;ENSG00000234779	1	one_to_many	lncgDivg	ENSG00000230694;ENSG00000231756;ENSG00000234779	1
ENSCAFG00845013293	1	many_to_one	ENSG00000285169	0	NA	NA	NA	1
ENSCAFG00845013301	1	many_to_one	ENSG00000285169	0	NA	NA	NA	1
ENSCAFG00845013307	1	many_to_one	ENSG00000285169	0	NA	NA	NA	1
ENSCAFG00845013312	1	many_to_one	ENSG00000285169	0	NA	NA	NA	1
ENSCAFG00845013323	1	many_to_one	ENSG00000285169	0	NA	NA	NA	1
ENSCAFG00845013909	1	one_to_many	ENSG00000249647;ENSG00000249082;ENSG00000248482	1	one_to_one	lincSS.dw	ENSG00000249647	0
ENSCAFG00845014599	1	many_to_one	ENSG00000260912	0	NA	NA	NA	1
ENSCAFG00845014611	1	many_to_one	ENSG00000260912	0	NA	NA	NA	1
ENSCAFG00845016205	1	one_to_one	ENSG00000227071	0	NA	NA	NA	0
ENSCAFG00845017280	1	one_to_many	ENSG00000276759;ENSG00000236306;ENSG00000253400;ENSG00000254261	0	NA	NA	NA	0
ENSCAFG00845017933	1	one_to_one	ENSG00000254396	0	NA	NA	NA	1
ENSCAFG00845018927	1	one_to_one	ENSG00000260390	0	NA	NA	NA	0
ENSCAFG00845002755	1	one_to_one	ENSG00000259118	0	NA	NA	NA	0
ENSCAFG00845002737	1	many_to_many_DifferentNumber	ENSG00000258760;ENSG00000255002	1	many_to_one	lincDivg	ENSG00000258760	0
ENSCAFG00845002764	1	many_to_many_DifferentNumber	ENSG00000258760;ENSG00000255002	1	many_to_one	lincDivg	ENSG00000258760	0
ENSCAFG00845002772	1	many_to_many_DifferentNumber	ENSG00000258760;ENSG00000255002	1	many_to_one	lincDivg	ENSG00000258760	0
ENSCAFG00845002780	1	many_to_many_DifferentNumber	ENSG00000258760;ENSG00000255002	1	many_to_one	lincDivg	ENSG00000258760	0
ENSCAFG00845002798	1	many_to_many_DifferentNumber	ENSG00000258760;ENSG00000255002	1	many_to_one	lincDivg	ENSG00000258760	0
ENSCAFG00845003173	1	one_to_one	ENSG00000290676	0	NA	NA	NA	0
ENSCAFG00845003481	1	one_to_one	ENSG00000258479	0	NA	NA	NA	0
ENSCAFG00845003490	1	one_to_many	ENSG00000258955;ENSG00000258942;ENSG00000258537	0	NA	NA	NA	0
ENSCAFG00845003907	1	one_to_one	ENSG00000259062	0	NA	NA	NA	1
ENSCAFG00845003952	1	one_to_one	ENSG00000258957	1	one_to_one	lincDivg	ENSG00000258957	1
ENSCAFG00845003969	1	one_to_many	ENSG00000258749;ENSG00000247970	1	one_to_many	lncgDivg	ENSG00000258749;ENSG00000247970	0
ENSCAFG00845004000	1	one_to_one	ENSG00000258520	0	NA	NA	NA	1
ENSCAFG00845004034	1	one_to_one	ENSG00000157306	0	NA	NA	NA	1
ENSCAFG00845004055	1	one_to_many	ENSG00000258487;ENSG00000258969;ENSG00000259149;ENSG00000259126	0	NA	NA	NA	0
ENSCAFG00845004079	1	many_to_one	ENSG00000258747	0	NA	NA	NA	0
ENSCAFG00845004086	1	many_to_one	ENSG00000258747	0	NA	NA	NA	0
ENSCAFG00845004097	1	one_to_one	ENSG00000273618	0	NA	NA	NA	0
ENSCAFG00845004126	1	many_to_one	ENSG00000258949	0	NA	NA	NA	1
ENSCAFG00845004131	1	many_to_one	ENSG00000258949	0	NA	NA	NA	1
ENSCAFG00845004167	1	one_to_one	ENSG00000273797	1	one_to_one	lncgSS.dw	ENSG00000273797	1
ENSCAFG00845004355	1	one_to_many	ENSG00000258731;ENSG00000258985;ENSG00000237356	0	NA	NA	NA	1
ENSCAFG00845004350	1	many_to_many_sameNumber	ENSG00000235269;ENSG00000286730;ENSG00000225680	1	many_to_one	lincSS.dw	ENSG00000235269	1
ENSCAFG00845004358	1	many_to_many_sameNumber	ENSG00000235269;ENSG00000286730;ENSG00000225680	1	many_to_one	lincSS.dw	ENSG00000235269	1
ENSCAFG00845004362	1	many_to_many_sameNumber	ENSG00000235269;ENSG00000286730;ENSG00000225680	0	NA	NA	NA	1
ENSCAFG00845007561	1	one_to_many	ENSG00000257759;ENSG00000290783	0	NA	NA	NA	0
ENSCAFG00845008087	1	one_to_one	ENSG00000274818	0	NA	NA	NA	1
ENSCAFG00845008335	1	one_to_one	ENSG00000258766	0	NA	NA	NA	0
ENSCAFG00845009087	1	one_to_many	ENSG00000286423;ENSG00000259146;ENSG00000269927;ENSG00000287643	0	NA	NA	NA	1
ENSCAFG00845011974	1	many_to_many_sameNumber	ENSG00000258474;ENSG00000258386;ENSG00000290393	1	many_to_one	lincSS.dw	ENSG00000258474	1
ENSCAFG00845011990	1	many_to_many_sameNumber	ENSG00000258474;ENSG00000258386;ENSG00000290393	1	many_to_one	lincSS.dw	ENSG00000258474	1
ENSCAFG00845012010	1	many_to_many_sameNumber	ENSG00000258474;ENSG00000258386;ENSG00000290393	1	one_to_one	lincSS.up	ENSG00000258386	1
ENSCAFG00845011966	1	many_to_many_DifferentNumber	ENSG00000258655;ENSG00000257155;ENSG00000258196;ENSG00000257472	1	many_to_one	lincConv	ENSG00000257472	1
ENSCAFG00845011999	1	many_to_many_DifferentNumber	ENSG00000258655;ENSG00000257155;ENSG00000258196;ENSG00000257472	1	many_to_one	lincConv	ENSG00000257472	1
ENSCAFG00845012553	1	one_to_many	ENSG00000287153;ENSG00000287777	0	NA	NA	NA	0
ENSCAFG00845014495	1	one_to_one	ENSG00000258976	0	NA	NA	NA	0
ENSCAFG00845014683	1	one_to_one	ENSG00000285774	0	NA	NA	NA	1
ENSCAFG00845015174	1	one_to_many	ENSG00000258050;ENSG00000258413	0	NA	NA	NA	1
ENSCAFG00845015385	1	one_to_one	ENSG00000259319	1	one_to_one	lncgDivg	ENSG00000259319	0
ENSCAFG00845016539	1	many_to_many_DifferentNumber	ENSG00000259719;ENSG00000275569	1	one_to_one	lncgSS.dw	ENSG00000275569	1
ENSCAFG00845016586	1	many_to_many_DifferentNumber	ENSG00000259719;ENSG00000275569	0	NA	NA	NA	1
ENSCAFG00845016646	1	many_to_many_DifferentNumber	ENSG00000259719;ENSG00000275569	0	NA	NA	NA	1
ENSCAFG00845016665	1	many_to_many_DifferentNumber	ENSG00000259719;ENSG00000275569	0	NA	NA	NA	1
ENSCAFG00845016551	1	many_to_one	ENSG00000259483	1	one_to_one	lncgConv	ENSG00000259483	1
ENSCAFG00845016617	1	many_to_one	ENSG00000259483	0	NA	NA	NA	1
ENSCAFG00845016631	1	many_to_one	ENSG00000259483	0	NA	NA	NA	1
ENSCAFG00845016698	1	many_to_one	ENSG00000259483	0	NA	NA	NA	1
ENSCAFG00845016632	1	one_to_one	ENSG00000259508	0	NA	NA	NA	1
ENSCAFG00845016966	1	one_to_many	ENSG00000258803;ENSG00000258703	1	one_to_one	lncgSS.dw	ENSG00000258803	0
ENSCAFG00845016984	1	one_to_many	ENSG00000258428;ENSG00000259133	0	NA	NA	NA	0
ENSCAFG00845018911	1	many_to_one	ENSG00000258658	1	one_to_one	lncgConv	ENSG00000258658	0
ENSCAFG00845018919	1	many_to_one	ENSG00000258658	0	NA	NA	NA	0
ENSCAFG00845019781	1	one_to_one	ENSG00000258583	0	NA	NA	NA	0
ENSCAFG00845020332	1	one_to_many	ENSG00000258735;ENSG00000287346	0	NA	NA	NA	1
ENSCAFG00845022228	1	one_to_one	ENSG00000258499	1	one_to_one	lincDivg	ENSG00000258499	1
ENSCAFG00845023468	1	one_to_many	ENSG00000258964;ENSG00000288928	1	one_to_one	lncgSS.dw	ENSG00000288928	1
ENSCAFG00845023909	1	one_to_one	ENSG00000251602	0	NA	NA	NA	0
ENSCAFG00845006928	1	one_to_one	ENSG00000287458	0	NA	NA	NA	0
ENSCAFG00845007362	1	one_to_one	ENSG00000289911	0	NA	NA	NA	0
ENSCAFG00845007810	1	one_to_many	ENSG00000231628;ENSG00000286084	0	NA	NA	NA	1
ENSCAFG00845007796	1	one_to_many	ENSG00000237567;ENSG00000284999	0	NA	NA	NA	1
ENSCAFG00845008142	1	one_to_one	ENSG00000235099	0	NA	NA	NA	0
ENSCAFG00845008521	1	many_to_one	ENSG00000233797	0	NA	NA	NA	1
ENSCAFG00845008529	1	many_to_one	ENSG00000233797	1	one_to_one	lncgDivg	ENSG00000233797	1
ENSCAFG00845008685	1	one_to_one	ENSG00000224384	0	NA	NA	NA	1
ENSCAFG00845008958	1	one_to_one	ENSG00000225174	0	NA	NA	NA	1
ENSCAFG00845009075	1	many_to_one	ENSG00000286042	1	many_to_one	lincSS.up	ENSG00000286042	1
ENSCAFG00845009084	1	many_to_one	ENSG00000286042	1	many_to_one	lincSS.up	ENSG00000286042	1
ENSCAFG00845009089	1	many_to_one	ENSG00000286042	0	NA	NA	NA	1
ENSCAFG00845009103	1	many_to_one	ENSG00000286042	0	NA	NA	NA	1
ENSCAFG00845009111	1	one_to_one	ENSG00000287055	0	NA	NA	NA	1
ENSCAFG00845009935	1	one_to_one	ENSG00000285888	1	one_to_one	lncgDivg	ENSG00000285888	1
ENSCAFG00845009947	1	one_to_one	ENSG00000287891	1	one_to_one	lncgSS.up	ENSG00000287891	1
ENSCAFG00845010208	1	many_to_many_DifferentNumber	ENSG00000230597;ENSG00000285963;ENSG00000223765	0	NA	NA	NA	1
ENSCAFG00845010213	1	many_to_many_DifferentNumber	ENSG00000230597;ENSG00000285963;ENSG00000223765	1	many_to_one	lincSS.dw	ENSG00000230597	1
ENSCAFG00845010224	1	many_to_many_DifferentNumber	ENSG00000230597;ENSG00000285963;ENSG00000223765	1	many_to_one	lincSS.dw	ENSG00000230597	1
ENSCAFG00845010228	1	many_to_many_DifferentNumber	ENSG00000230597;ENSG00000285963;ENSG00000223765	1	many_to_one	lincSS.dw	ENSG00000230597	1
ENSCAFG00845010245	1	many_to_many_DifferentNumber	ENSG00000230597;ENSG00000285963;ENSG00000223765	1	many_to_one	lincSS.dw	ENSG00000230597	1
ENSCAFG00845010257	1	many_to_many_DifferentNumber	ENSG00000230597;ENSG00000285963;ENSG00000223765	1	many_to_one	lincSS.dw	ENSG00000230597	1
ENSCAFG00845010265	1	many_to_many_DifferentNumber	ENSG00000230597;ENSG00000285963;ENSG00000223765	1	many_to_one	lincSS.dw	ENSG00000230597	1
ENSCAFG00845010279	1	many_to_many_DifferentNumber	ENSG00000230597;ENSG00000285963;ENSG00000223765	1	many_to_one	lincSS.dw	ENSG00000230597	1
ENSCAFG00845010449	1	one_to_one	ENSG00000236961	1	one_to_one	lncgDivg	ENSG00000272114	1
ENSCAFG00845012028	1	many_to_many_DifferentNumber	ENSG00000237530;ENSG00000286417	0	NA	NA	NA	1
ENSCAFG00845012126	1	many_to_many_DifferentNumber	ENSG00000237530;ENSG00000286417	0	NA	NA	NA	1
ENSCAFG00845012149	1	many_to_many_DifferentNumber	ENSG00000237530;ENSG00000286417	0	NA	NA	NA	1
ENSCAFG00845013054	1	many_to_one	ENSG00000287268	1	one_to_one	lncgDivg	ENSG00000287268	1
ENSCAFG00845013067	1	many_to_one	ENSG00000287268	0	NA	NA	NA	1
ENSCAFG00845013070	1	many_to_one	ENSG00000287268	0	NA	NA	NA	1
ENSCAFG00845013188	1	one_to_one	ENSG00000289847	0	NA	NA	NA	0
ENSCAFG00845014656	1	one_to_one	ENSG00000204091	0	NA	NA	NA	1
ENSCAFG00845014644	1	one_to_many	ENSG00000227131;ENSG00000226070	0	NA	NA	NA	1
ENSCAFG00845014729	1	one_to_many	ENSG00000236075;ENSG00000226454;ENSG00000237947	0	NA	NA	NA	1
ENSCAFG00845015379	1	one_to_one	ENSG00000226917	1	one_to_one	lincSS.up	ENSG00000226917	0
ENSCAFG00845016803	1	one_to_one	ENSG00000271789	1	one_to_one	lncgSS.dw	ENSG00000271789	1
ENSCAFG00845017351	1	many_to_many_DifferentNumber	ENSG00000229276;ENSG00000286616	0	NA	NA	NA	1
ENSCAFG00845017364	1	many_to_many_DifferentNumber	ENSG00000229276;ENSG00000286616	1	one_to_one	lincSS.up	ENSG00000286616	1
ENSCAFG00845017377	1	many_to_many_DifferentNumber	ENSG00000229276;ENSG00000286616	0	NA	NA	NA	1
ENSCAFG00845018124	1	many_to_one	ENSG00000289256	1	one_to_one	lncgDivg	ENSG00000289256	1
ENSCAFG00845018158	1	many_to_one	ENSG00000289256	0	NA	NA	NA	1
ENSCAFG00845018173	1	many_to_one	ENSG00000289256	0	NA	NA	NA	1
ENSCAFG00845018143	1	many_to_one	ENSG00000227012	1	many_to_one	lincSS.up	ENSG00000227012	1
ENSCAFG00845018189	1	many_to_one	ENSG00000227012	1	many_to_one	lincSS.up	ENSG00000227012	1
ENSCAFG00845018914	1	one_to_one	ENSG00000223837	1	one_to_one	lncgSS.dw	ENSG00000223837	1
ENSCAFG00845018903	1	one_to_one	ENSG00000263756	0	NA	NA	NA	1
ENSCAFG00845020744	1	one_to_one	ENSG00000175967	0	NA	NA	NA	0
ENSCAFG00845020930	1	one_to_many	ENSG00000232395;ENSG00000228777;ENSG00000226079;ENSG00000289376	0	NA	NA	NA	0
ENSCAFG00845026532	1	one_to_one	ENSG00000288879	0	NA	NA	NA	1
ENSCAFG00845005236	1	many_to_one	ENSG00000222044	0	NA	NA	NA	0
ENSCAFG00845005248	1	many_to_one	ENSG00000222044	0	NA	NA	NA	0
ENSCAFG00845005233	1	many_to_one	ENSG00000273214	0	NA	NA	NA	0
ENSCAFG00845005240	1	many_to_one	ENSG00000273214	0	NA	NA	NA	0
ENSCAFG00845005245	1	many_to_one	ENSG00000273214	0	NA	NA	NA	0
ENSCAFG00845005253	1	many_to_one	ENSG00000273214	0	NA	NA	NA	0
ENSCAFG00845005255	1	many_to_one	ENSG00000273214	0	NA	NA	NA	0
ENSCAFG00845005271	1	one_to_one	ENSG00000226087	0	NA	NA	NA	0
ENSCAFG00845005280	1	one_to_one	ENSG00000234690	0	NA	NA	NA	0
ENSCAFG00845005687	1	one_to_one	ENSG00000257438	1	one_to_one	lncgDivg	ENSG00000257438	1
ENSCAFG00845006428	1	one_to_one	ENSG00000289557	1	one_to_one	lncgSS.dw	ENSG00000289557	1
ENSCAFG00845006617	1	one_to_one	ENSG00000282828	0	NA	NA	NA	0
ENSCAFG00845006996	1	one_to_one	ENSG00000280395	1	one_to_one	lncgSS.dw	ENSG00000280395	1
ENSCAFG00845007193	1	one_to_many	ENSG00000243902;ENSG00000237862	0	NA	NA	NA	1
ENSCAFG00845007519	1	one_to_many	ENSG00000286351;ENSG00000257443;ENSG00000286279	0	NA	NA	NA	1
ENSCAFG00845007476	1	many_to_many_DifferentNumber	ENSG00000257230;ENSG00000258214	0	NA	NA	NA	1
ENSCAFG00845007487	1	many_to_many_DifferentNumber	ENSG00000257230;ENSG00000258214	0	NA	NA	NA	1
ENSCAFG00845007546	1	many_to_many_DifferentNumber	ENSG00000257230;ENSG00000258214	0	NA	NA	NA	1
ENSCAFG00845007560	1	many_to_many_DifferentNumber	ENSG00000257230;ENSG00000258214	0	NA	NA	NA	1
ENSCAFG00845007657	1	one_to_one	ENSG00000257294	0	NA	NA	NA	1
ENSCAFG00845007640	1	one_to_many	ENSG00000286402;ENSG00000287014	0	NA	NA	NA	1
ENSCAFG00845007731	1	many_to_one	ENSG00000257880	0	NA	NA	NA	1
ENSCAFG00845007750	1	many_to_one	ENSG00000257880	0	NA	NA	NA	1
ENSCAFG00845007760	1	many_to_one	ENSG00000257880	0	NA	NA	NA	0
ENSCAFG00845007787	1	many_to_one	ENSG00000257880	0	NA	NA	NA	1
ENSCAFG00845007806	1	many_to_one	ENSG00000257880	0	NA	NA	NA	1
ENSCAFG00845007814	1	many_to_one	ENSG00000257880	0	NA	NA	NA	1
ENSCAFG00845007838	1	many_to_one	ENSG00000257880	0	NA	NA	NA	1
ENSCAFG00845007868	1	many_to_one	ENSG00000257880	0	NA	NA	NA	1
ENSCAFG00845007875	1	many_to_one	ENSG00000257880	0	NA	NA	NA	1
ENSCAFG00845009544	1	one_to_many	ENSG00000235522;ENSG00000234162;ENSG00000290119	0	NA	NA	NA	0
ENSCAFG00845009917	1	many_to_many_sameNumber	ENSG00000229743;ENSG00000224509	1	one_to_one	lncgDivg	ENSG00000224509	0
ENSCAFG00845009940	1	many_to_many_sameNumber	ENSG00000229743;ENSG00000224509	0	NA	NA	NA	0
ENSCAFG00845010686	1	one_to_one	ENSG00000279954	1	one_to_one	lincSS.dw	ENSG00000279954	0
ENSCAFG00845011464	1	one_to_many	ENSG00000230922;ENSG00000273243;ENSG00000226328	1	one_to_one	lncgDivg	ENSG00000226328	1
ENSCAFG00845012048	1	one_to_one	ENSG00000286678	0	NA	NA	NA	0
ENSCAFG00845012224	1	one_to_one	ENSG00000234300	1	one_to_one	lincDivg	ENSG00000234300	0
ENSCAFG00845012237	1	one_to_one	ENSG00000187012	0	NA	NA	NA	0
ENSCAFG00845012265	1	one_to_many	ENSG00000232655;ENSG00000220702	1	one_to_one	lincConv	ENSG00000232655	0
ENSCAFG00845012389	1	one_to_many	ENSG00000256915;ENSG00000250280;ENSG00000255866;ENSG00000256268	1	one_to_one	lncgSS.dw	ENSG00000250280	1
ENSCAFG00845013660	1	one_to_many	ENSG00000255970;ENSG00000235872	1	one_to_one	lncgConv	ENSG00000235872	1
ENSCAFG00845014849	1	one_to_many	ENSG00000288719;ENSG00000229891	1	one_to_one	lincSS.dw	ENSG00000229891	0
ENSCAFG00845014861	1	one_to_one	ENSG00000182057	0	NA	NA	NA	0
ENSCAFG00845016619	1	one_to_many	ENSG00000230393;ENSG00000232084	0	NA	NA	NA	1
ENSCAFG00845020262	1	one_to_one	ENSG00000222000	1	one_to_one	lincDivg	ENSG00000222000	1
ENSCAFG00845020402	1	many_to_many_DifferentNumber	ENSG00000225889;ENSG00000288932	0	NA	NA	NA	1
ENSCAFG00845020412	1	many_to_many_DifferentNumber	ENSG00000225889;ENSG00000288932	0	NA	NA	NA	1
ENSCAFG00845020436	1	many_to_many_DifferentNumber	ENSG00000225889;ENSG00000288932	0	NA	NA	NA	1
ENSCAFG00845020422	1	one_to_many	ENSG00000230923;ENSG00000238012;ENSG00000238201;ENSG00000289176;ENSG00000223935;ENSG00000290118	1	one_to_one	lincSS.up	ENSG00000230923	1
ENSCAFG00845022682	1	one_to_many	ENSG00000288530;ENSG00000257761	0	NA	NA	NA	1
ENSCAFG00845023158	1	one_to_many	ENSG00000273275;ENSG00000273064;ENSG00000289156	0	NA	NA	NA	1
ENSCAFG00845024674	1	one_to_many	ENSG00000257183;ENSG00000257682;ENSG00000258294;ENSG00000251138;ENSG00000236333;ENSG00000258235	1	one_to_one	lincConv	ENSG00000258235	0
ENSCAFG00845025039	1	one_to_one	ENSG00000254451	0	NA	NA	NA	1
ENSCAFG00845025071	1	many_to_many_DifferentNumber	ENSG00000289082;ENSG00000288886;ENSG00000286796;ENSG00000287387	1	one_to_many	lncgDivg	ENSG00000288886;ENSG00000289082	0
ENSCAFG00845025110	1	many_to_many_DifferentNumber	ENSG00000289082;ENSG00000288886;ENSG00000286796;ENSG00000287387	1	one_to_one	lncgConv	ENSG00000287387	0
ENSCAFG00845025101	1	one_to_many	ENSG00000231826;ENSG00000233978;ENSG00000230587	0	NA	NA	NA	0
ENSCAFG00845025685	1	one_to_one	ENSG00000273987	1	one_to_one	lncgSS.up	ENSG00000273987	1
ENSCAFG00845026591	1	one_to_one	ENSG00000225929	0	NA	NA	NA	1
ENSCAFG00845027151	1	many_to_many_DifferentNumber	ENSG00000286519;ENSG00000231054;ENSG00000286728	0	NA	NA	NA	1
ENSCAFG00845027172	1	many_to_many_DifferentNumber	ENSG00000286519;ENSG00000231054;ENSG00000286728	0	NA	NA	NA	1
ENSCAFG00845027119	1	many_to_many_sameNumber	ENSG00000231156;ENSG00000205054	1	many_to_one	lincSS.dw	ENSG00000205054	1
ENSCAFG00845027133	1	many_to_many_sameNumber	ENSG00000231156;ENSG00000205054	1	many_to_one	lincSS.dw	ENSG00000205054	1
ENSCAFG00845027295	1	one_to_many	ENSG00000205559;ENSG00000272940	1	one_to_many	lncgDivg	ENSG00000272940;ENSG00000205559	1
ENSCAFG00845027668	1	one_to_many	ENSG00000231336;ENSG00000228481;ENSG00000232696	0	NA	NA	NA	0
ENSCAFG00845027757	1	one_to_many	ENSG00000272666;ENSG00000289947	1	one_to_many	lncgDivg	ENSG00000289947;ENSG00000272666	1
ENSCAFG00845027746	1	one_to_one	ENSG00000273272	1	one_to_one	lncgSS.up	ENSG00000273272	1
ENSCAFG00845027921	1	one_to_one	ENSG00000224606	0	NA	NA	NA	1
ENSCAFG00845028153	1	one_to_many	ENSG00000228925;ENSG00000239332	1	one_to_one	lincSS.dw	ENSG00000239332	1
ENSCAFG00845028119	1	one_to_one	ENSG00000226548	0	NA	NA	NA	1
ENSCAFG00845006137	1	one_to_many	ENSG00000226172;ENSG00000239216	0	NA	NA	NA	1
ENSCAFG00845006244	1	one_to_many	ENSG00000224238;ENSG00000232650;ENSG00000231365	1	one_to_one	lincSS.up	ENSG00000232650	1
ENSCAFG00845006237	1	one_to_one	ENSG00000227712	0	NA	NA	NA	1
ENSCAFG00845008835	1	one_to_one	ENSG00000235881	0	NA	NA	NA	0
ENSCAFG00845011016	1	one_to_many	ENSG00000243389;ENSG00000228251	0	NA	NA	NA	1
ENSCAFG00845014367	1	one_to_one	ENSG00000286011	0	NA	NA	NA	1
ENSCAFG00845016214	1	one_to_many	ENSG00000287026;ENSG00000287749;ENSG00000286202	0	NA	NA	NA	0
ENSCAFG00845016569	1	one_to_many	ENSG00000237293;ENSG00000231172	0	NA	NA	NA	1
ENSCAFG00845016608	1	one_to_one	ENSG00000286244	0	NA	NA	NA	1
ENSCAFG00845017035	1	one_to_many	ENSG00000284452;ENSG00000225942;ENSG00000233633;ENSG00000233684;ENSG00000228643;ENSG00000277997;ENSG00000236856;ENSG00000226277	1	one_to_one	lincConv	ENSG00000233633	0
ENSCAFG00845017049	1	one_to_many	ENSG00000223985;ENSG00000235779	0	NA	NA	NA	0
ENSCAFG00845017200	1	one_to_many	ENSG00000233296;ENSG00000231173;ENSG00000223751	1	one_to_one	lncgDivg	ENSG00000233296	0
ENSCAFG00845017186	1	one_to_many	ENSG00000227713;ENSG00000228799;ENSG00000234796;ENSG00000272342;ENSG00000233970;ENSG00000237667;ENSG00000235688	0	NA	NA	NA	0
ENSCAFG00845017521	1	many_to_one	ENSG00000236204	0	NA	NA	NA	0
ENSCAFG00845017529	1	many_to_one	ENSG00000236204	0	NA	NA	NA	0
ENSCAFG00845018794	1	many_to_one	ENSG00000278060	0	NA	NA	NA	0
ENSCAFG00845018806	1	many_to_one	ENSG00000278060	0	NA	NA	NA	0
ENSCAFG00845018844	1	one_to_many	ENSG00000272183;ENSG00000257702	1	one_to_one	lncgDivg	ENSG00000272183	1
ENSCAFG00845019808	1	one_to_one	ENSG00000228950	1	one_to_one	lncgSS.dw	ENSG00000228950	1
ENSCAFG00845020477	1	many_to_many_sameNumber	ENSG00000273006;ENSG00000232973	1	one_to_one	lncgDivg	ENSG00000232973	1
ENSCAFG00845020563	1	many_to_many_sameNumber	ENSG00000273006;ENSG00000232973	1	one_to_one	lincDivg	ENSG00000273006	1
ENSCAFG00845020505	1	one_to_many	ENSG00000229160;ENSG00000227292	1	one_to_one	lincSS.dw	ENSG00000227292	1
ENSCAFG00845020586	1	many_to_many_DifferentNumber	ENSG00000231204;ENSG00000233005;ENSG00000233714;ENSG00000233587;ENSG00000234207	0	NA	NA	NA	1
ENSCAFG00845020735	1	many_to_many_DifferentNumber	ENSG00000231204;ENSG00000233005;ENSG00000233714;ENSG00000233587;ENSG00000234207	0	NA	NA	NA	1
ENSCAFG00845020771	1	many_to_many_DifferentNumber	ENSG00000231204;ENSG00000233005;ENSG00000233714;ENSG00000233587;ENSG00000234207	0	NA	NA	NA	1
ENSCAFG00845020780	1	many_to_many_DifferentNumber	ENSG00000231204;ENSG00000233005;ENSG00000233714;ENSG00000233587;ENSG00000234207	0	NA	NA	NA	1
ENSCAFG00845020793	1	many_to_many_DifferentNumber	ENSG00000231204;ENSG00000233005;ENSG00000233714;ENSG00000233587;ENSG00000234207	0	NA	NA	NA	1
ENSCAFG00845020799	1	many_to_many_DifferentNumber	ENSG00000231204;ENSG00000233005;ENSG00000233714;ENSG00000233587;ENSG00000234207	0	NA	NA	NA	1
ENSCAFG00845020508	1	many_to_many_DifferentNumber	ENSG00000232451;ENSG00000223530;ENSG00000223634;ENSG00000235537;ENSG00000229621;ENSG00000235497;ENSG00000228999;ENSG00000228538	0	NA	NA	NA	1
ENSCAFG00845020650	1	many_to_many_DifferentNumber	ENSG00000232451;ENSG00000223530;ENSG00000223634;ENSG00000235537;ENSG00000229621;ENSG00000235497;ENSG00000228999;ENSG00000228538	0	NA	NA	NA	1
ENSCAFG00845021148	1	one_to_many	ENSG00000227364;ENSG00000228391;ENSG00000234423;ENSG00000287583;ENSG00000237720;ENSG00000236760;ENSG00000288786;ENSG00000234929;ENSG00000289941;ENSG00000290112	0	NA	NA	NA	0
ENSCAFG00845022139	1	one_to_one	ENSG00000289300	0	NA	NA	NA	0
ENSCAFG00845022159	1	one_to_many	ENSG00000237401;ENSG00000224128;ENSG00000231532;ENSG00000232835;ENSG00000230090;ENSG00000229550	1	one_to_many	lncgDivg	ENSG00000230090;ENSG00000224128	0
ENSCAFG00845022230	1	many_to_many_DifferentNumber	ENSG00000286851;ENSG00000242540;ENSG00000226488;ENSG00000236106;ENSG00000232044	1	one_to_one	lncgSS.dw	ENSG00000242540	0
ENSCAFG00845022249	1	many_to_many_DifferentNumber	ENSG00000286851;ENSG00000242540;ENSG00000226488;ENSG00000236106;ENSG00000232044	1	one_to_one	lincSS.dw	ENSG00000236106	0
ENSCAFG00845022239	1	many_to_many_DifferentNumber	ENSG00000236172;ENSG00000227007;ENSG00000237266;ENSG00000234275;ENSG00000205837;ENSG00000225964	0	NA	NA	NA	0
ENSCAFG00845022263	1	many_to_many_DifferentNumber	ENSG00000236172;ENSG00000227007;ENSG00000237266;ENSG00000234275;ENSG00000205837;ENSG00000225964	0	NA	NA	NA	0
ENSCAFG00845023322	1	one_to_one	ENSG00000235527	1	one_to_one	lncgDivg	ENSG00000235527	1
ENSCAFG00845027875	1	one_to_one	ENSG00000287103	0	NA	NA	NA	1
ENSCAFG00845028003	1	many_to_many_DifferentNumber	ENSG00000224177;ENSG00000285569	1	one_to_one	lincDivg	ENSG00000224177	1
ENSCAFG00845028027	1	many_to_many_DifferentNumber	ENSG00000224177;ENSG00000285569	1	many_to_one	lincConv	ENSG00000285569	0
ENSCAFG00845028042	1	many_to_many_DifferentNumber	ENSG00000224177;ENSG00000285569	1	many_to_one	lincConv	ENSG00000285569	1
ENSCAFG00845028034	1	one_to_many	ENSG00000230952;ENSG00000231403	0	NA	NA	NA	1
ENSCAFG00845028138	1	many_to_one	ENSG00000228127	0	NA	NA	NA	1
ENSCAFG00845028158	1	many_to_one	ENSG00000228127	1	one_to_one	lincSS.up	ENSG00000228127	1
ENSCAFG00845029579	1	one_to_one	ENSG00000236866	1	one_to_one	lncgDivg	ENSG00000236866	1
ENSCAFG00845006552	1	many_to_one	ENSG00000257526	1	one_to_one	lncgDivg	ENSG00000257526	1
ENSCAFG00845006597	1	many_to_one	ENSG00000257526	0	NA	NA	NA	1
ENSCAFG00845006607	1	many_to_one	ENSG00000257526	0	NA	NA	NA	1
ENSCAFG00845006587	1	many_to_one	ENSG00000287030	0	NA	NA	NA	1
ENSCAFG00845006619	1	many_to_one	ENSG00000287030	0	NA	NA	NA	1
ENSCAFG00845007585	1	one_to_many	ENSG00000258066;ENSG00000258084;ENSG00000257835;ENSG00000289040;ENSG00000257948	1	one_to_one	lincSS.up	ENSG00000257948	0
ENSCAFG00845007600	1	one_to_many	ENSG00000257165;ENSG00000257879;ENSG00000258225;ENSG00000258220	1	one_to_one	lncgDivg	ENSG00000257191	0
ENSCAFG00845007759	1	one_to_one	ENSG00000257474	0	NA	NA	NA	1
ENSCAFG00845007727	1	one_to_many	ENSG00000257191;ENSG00000257894	0	NA	NA	NA	1
ENSCAFG00845009263	1	many_to_many_sameNumber	ENSG00000281344;ENSG00000283052	0	NA	NA	NA	1
ENSCAFG00845009290	1	many_to_many_sameNumber	ENSG00000281344;ENSG00000283052	1	one_to_many	lncgConv	ENSG00000283052;ENSG00000281344	1
ENSCAFG00845009479	1	one_to_one	ENSG00000280241	0	NA	NA	NA	1
ENSCAFG00845009488	1	one_to_one	ENSG00000258169	0	NA	NA	NA	1
ENSCAFG00845010126	1	one_to_one	ENSG00000250910	0	NA	NA	NA	0
ENSCAFG00845010129	1	one_to_many	ENSG00000257737;ENSG00000257766;ENSG00000257681	0	NA	NA	NA	1
ENSCAFG00845010908	1	one_to_one	ENSG00000248629	0	NA	NA	NA	1
ENSCAFG00845011447	1	many_to_many_DifferentNumber	ENSG00000258338;ENSG00000257729	0	NA	NA	NA	1
ENSCAFG00845011476	1	many_to_many_DifferentNumber	ENSG00000258338;ENSG00000257729	1	one_to_one	lincSS.dw	ENSG00000258338	1
ENSCAFG00845011503	1	many_to_many_DifferentNumber	ENSG00000258338;ENSG00000257729	0	NA	NA	NA	1
ENSCAFG00845011615	1	many_to_one	ENSG00000289314	0	NA	NA	NA	0
ENSCAFG00845011640	1	many_to_one	ENSG00000289314	0	NA	NA	NA	0
ENSCAFG00845023120	1	one_to_one	ENSG00000258908	0	NA	NA	NA	1
ENSCAFG00845024183	1	one_to_one	ENSG00000236434	0	NA	NA	NA	1
ENSCAFG00845024382	1	many_to_one	ENSG00000290102	0	NA	NA	NA	0
ENSCAFG00845024399	1	many_to_one	ENSG00000290102	0	NA	NA	NA	1
ENSCAFG00845024421	1	many_to_one	ENSG00000290102	0	NA	NA	NA	1
ENSCAFG00845024430	1	many_to_one	ENSG00000290102	0	NA	NA	NA	1
ENSCAFG00845024483	1	many_to_one	ENSG00000290102	0	NA	NA	NA	0
ENSCAFG00845025060	1	many_to_many_DifferentNumber	ENSG00000284696;ENSG00000233407;ENSG00000237337	0	NA	NA	NA	1
ENSCAFG00845025091	1	many_to_many_DifferentNumber	ENSG00000284696;ENSG00000233407;ENSG00000237337	0	NA	NA	NA	1
ENSCAFG00845026970	1	one_to_many	ENSG00000223814;ENSG00000231413;ENSG00000290466;ENSG00000291246	1	one_to_one	lncgSS.up	ENSG00000223814	0
ENSCAFG00845027308	1	many_to_one	ENSG00000233602	0	NA	NA	NA	1
ENSCAFG00845027333	1	many_to_one	ENSG00000233602	0	NA	NA	NA	1
ENSCAFG00845027348	1	many_to_one	ENSG00000233602	0	NA	NA	NA	1
ENSCAFG00845027362	1	many_to_one	ENSG00000233602	0	NA	NA	NA	1
ENSCAFG00845027380	1	many_to_one	ENSG00000233602	0	NA	NA	NA	1
ENSCAFG00845027392	1	many_to_one	ENSG00000233602	0	NA	NA	NA	1
ENSCAFG00845030192	1	one_to_many	ENSG00000284632;ENSG00000237290;ENSG00000284623	0	NA	NA	NA	0
ENSCAFG00845030198	1	many_to_many_DifferentNumber	ENSG00000224592;ENSG00000238063;ENSG00000286552;ENSG00000287987	0	NA	NA	NA	0
ENSCAFG00845030208	1	many_to_many_DifferentNumber	ENSG00000224592;ENSG00000238063;ENSG00000286552;ENSG00000287987	1	one_to_one	lncgDivg	ENSG00000224592	0
ENSCAFG00845005523	1	many_to_many_DifferentNumber	ENSG00000251055;ENSG00000288659	0	NA	NA	NA	0
ENSCAFG00845005529	1	many_to_many_DifferentNumber	ENSG00000251055;ENSG00000288659	1	one_to_one	lincSS.dw	ENSG00000288659	0
ENSCAFG00845005542	1	many_to_many_DifferentNumber	ENSG00000251055;ENSG00000288659	0	NA	NA	NA	0
ENSCAFG00845005551	1	many_to_many_DifferentNumber	ENSG00000251055;ENSG00000288659	0	NA	NA	NA	0
ENSCAFG00845005560	1	many_to_many_DifferentNumber	ENSG00000251055;ENSG00000288659	0	NA	NA	NA	0
ENSCAFG00845005576	1	many_to_many_DifferentNumber	ENSG00000251055;ENSG00000288659	0	NA	NA	NA	0
ENSCAFG00845005589	1	many_to_many_DifferentNumber	ENSG00000251055;ENSG00000288659	0	NA	NA	NA	0
ENSCAFG00845005593	1	many_to_many_DifferentNumber	ENSG00000251055;ENSG00000288659	0	NA	NA	NA	0
ENSCAFG00845005520	1	many_to_many_DifferentNumber	ENSG00000250775;ENSG00000205682;ENSG00000248692;ENSG00000289308	1	one_to_one	lncgConv	ENSG00000248692	0
ENSCAFG00845005535	1	many_to_many_DifferentNumber	ENSG00000250775;ENSG00000205682;ENSG00000248692;ENSG00000289308	0	NA	NA	NA	0
ENSCAFG00845005547	1	many_to_many_DifferentNumber	ENSG00000250775;ENSG00000205682;ENSG00000248692;ENSG00000289308	0	NA	NA	NA	0
ENSCAFG00845005565	1	many_to_many_DifferentNumber	ENSG00000250775;ENSG00000205682;ENSG00000248692;ENSG00000289308	0	NA	NA	NA	0
ENSCAFG00845005569	1	many_to_many_DifferentNumber	ENSG00000250775;ENSG00000205682;ENSG00000248692;ENSG00000289308	0	NA	NA	NA	0
ENSCAFG00845005582	1	many_to_many_DifferentNumber	ENSG00000250775;ENSG00000205682;ENSG00000248692;ENSG00000289308	0	NA	NA	NA	0
ENSCAFG00845005599	1	many_to_many_DifferentNumber	ENSG00000250775;ENSG00000205682;ENSG00000248692;ENSG00000289308	0	NA	NA	NA	0
ENSCAFG00845005652	1	many_to_one	ENSG00000250220	1	one_to_one	lncgDivg	ENSG00000250220	1
ENSCAFG00845005677	1	many_to_one	ENSG00000250220	0	NA	NA	NA	1
ENSCAFG00845005681	1	many_to_one	ENSG00000250220	0	NA	NA	NA	1
ENSCAFG00845005685	1	many_to_one	ENSG00000250220	0	NA	NA	NA	1
ENSCAFG00845005686	1	many_to_many_DifferentNumber	ENSG00000286664;ENSG00000285711;ENSG00000250125	0	NA	NA	NA	1
ENSCAFG00845005704	1	many_to_many_DifferentNumber	ENSG00000286664;ENSG00000285711;ENSG00000250125	0	NA	NA	NA	1
ENSCAFG00845005719	1	many_to_many_DifferentNumber	ENSG00000286664;ENSG00000285711;ENSG00000250125	0	NA	NA	NA	1
ENSCAFG00845005726	1	many_to_many_DifferentNumber	ENSG00000286664;ENSG00000285711;ENSG00000250125	0	NA	NA	NA	1
ENSCAFG00845005735	1	many_to_many_DifferentNumber	ENSG00000286664;ENSG00000285711;ENSG00000250125	0	NA	NA	NA	1
ENSCAFG00845007340	1	one_to_one	ENSG00000254343	1	one_to_one	lncgSS.dw	ENSG00000254343	1
ENSCAFG00845007422	1	many_to_one	ENSG00000253629	0	NA	NA	NA	1
ENSCAFG00845007429	1	many_to_one	ENSG00000253629	0	NA	NA	NA	1
ENSCAFG00845008539	1	one_to_one	ENSG00000286337	0	NA	NA	NA	0
ENSCAFG00845008574	1	one_to_one	ENSG00000266289	1	one_to_one	lncgConv	ENSG00000266289	1
ENSCAFG00845008636	1	one_to_many	ENSG00000254303;ENSG00000263443;ENSG00000255364;ENSG00000255325;ENSG00000254209;ENSG00000272384;ENSG00000253819	1	one_to_one	lincSS.up	ENSG00000254209	0
ENSCAFG00845010957	1	one_to_many	ENSG00000254028;ENSG00000253433;ENSG00000254083;ENSG00000248492;ENSG00000251218;ENSG00000272456	0	NA	NA	NA	1
ENSCAFG00845011426	1	one_to_one	ENSG00000289019	0	NA	NA	NA	0
ENSCAFG00845012013	1	one_to_many	ENSG00000251256;ENSG00000248317;ENSG00000250646	1	one_to_one	lncgConv	ENSG00000250646	1
ENSCAFG00845012181	1	one_to_one	ENSG00000248567	1	one_to_one	lincSS.up	ENSG00000248567	0
ENSCAFG00845012589	1	many_to_many_DifferentNumber	ENSG00000286034;ENSG00000253926;ENSG00000287785;ENSG00000249859	1	many_to_one	lincSS.dw	ENSG00000249859	0
ENSCAFG00845012649	1	many_to_many_DifferentNumber	ENSG00000286034;ENSG00000253926;ENSG00000287785;ENSG00000249859	1	many_to_one	lincSS.dw	ENSG00000249859	0
ENSCAFG00845012657	1	one_to_many	ENSG00000254275;ENSG00000280055;ENSG00000285108;ENSG00000229140	0	NA	NA	NA	0
ENSCAFG00845013254	1	one_to_many	ENSG00000254019;ENSG00000254197;ENSG00000254291;ENSG00000253595	1	one_to_one	lincDivg	ENSG00000254291	1
ENSCAFG00845013114	1	one_to_many	ENSG00000253307;ENSG00000261655	1	one_to_one	lncgSS.up	ENSG00000253307	1
ENSCAFG00845013269	1	one_to_one	ENSG00000244998	0	NA	NA	NA	1
ENSCAFG00845013757	1	one_to_one	ENSG00000289393	1	one_to_one	lncgDivg	ENSG00000289393	1
ENSCAFG00845015262	1	one_to_many	ENSG00000251350;ENSG00000286891;ENSG00000248939;ENSG00000250657	0	NA	NA	NA	0
ENSCAFG00845015215	1	one_to_many	ENSG00000250863;ENSG00000248143	0	NA	NA	NA	0
ENSCAFG00845029043	1	one_to_many	ENSG00000254024;ENSG00000254084;ENSG00000253644;ENSG00000253679;ENSG00000287479;ENSG00000289048	1	one_to_many	lincSS.up	ENSG00000253679;ENSG00000287479	0
ENSCAFG00845008011	1	one_to_one	ENSG00000287863	0	NA	NA	NA	1
ENSCAFG00845009187	1	many_to_many_sameNumber	ENSG00000273149;ENSG00000228886;ENSG00000170919	0	NA	NA	NA	0
ENSCAFG00845009194	1	many_to_many_sameNumber	ENSG00000273149;ENSG00000228886;ENSG00000170919	0	NA	NA	NA	0
ENSCAFG00845009207	1	many_to_many_sameNumber	ENSG00000273149;ENSG00000228886;ENSG00000170919	0	NA	NA	NA	0
ENSCAFG00845009674	1	one_to_many	ENSG00000237585;ENSG00000278156	1	one_to_one	lncgDivg	ENSG00000278156	1
ENSCAFG00845010226	1	one_to_one	ENSG00000272329	0	NA	NA	NA	0
ENSCAFG00845010865	1	one_to_one	ENSG00000231530	0	NA	NA	NA	1
ENSCAFG00845019981	1	many_to_many_sameNumber	ENSG00000227528;ENSG00000223815	1	one_to_many	lncgDivg	ENSG00000227528;ENSG00000223815	0
ENSCAFG00845020016	1	many_to_many_sameNumber	ENSG00000227528;ENSG00000223815	0	NA	NA	NA	0
ENSCAFG00845019997	1	many_to_one	ENSG00000227336	1	one_to_one	lincSS.up	ENSG00000227336	0
ENSCAFG00845020027	1	many_to_one	ENSG00000227336	0	NA	NA	NA	0
ENSCAFG00845022221	1	one_to_many	ENSG00000280734;ENSG00000203441;ENSG00000287746	0	NA	NA	NA	1
ENSCAFG00845023404	1	one_to_one	ENSG00000224853	0	NA	NA	NA	0
ENSCAFG00845024376	1	one_to_one	ENSG00000288743	1	one_to_one	lncgDivg	ENSG00000288743	0
ENSCAFG00845025065	1	many_to_one	ENSG00000261553	0	NA	NA	NA	0
ENSCAFG00845025083	1	many_to_one	ENSG00000261553	1	one_to_one	lncgSS.up	ENSG00000261553	1
ENSCAFG00845025053	1	many_to_one	ENSG00000261105	1	one_to_one	lncgConv	ENSG00000261105	0
ENSCAFG00845025097	1	many_to_one	ENSG00000261105	0	NA	NA	NA	1
ENSCAFG00845025224	1	one_to_many	ENSG00000274929;ENSG00000233456;ENSG00000233610	0	NA	NA	NA	1
ENSCAFG00845025210	1	one_to_many	ENSG00000287599;ENSG00000289900	0	NA	NA	NA	1
ENSCAFG00845027482	1	one_to_many	ENSG00000287270;ENSG00000224347	0	NA	NA	NA	0
ENSCAFG00845027820	1	one_to_many	ENSG00000235625;ENSG00000233379;ENSG00000236133	0	NA	NA	NA	0
ENSCAFG00845028123	1	one_to_many	ENSG00000287546;ENSG00000230156;ENSG00000272274	1	one_to_one	lncgDivg	ENSG00000272274	0
ENSCAFG00845028200	1	one_to_many	ENSG00000274718;ENSG00000286343	0	NA	NA	NA	0
ENSCAFG00845028421	1	one_to_many	ENSG00000284196;ENSG00000285684	0	NA	NA	NA	0
ENSCAFG00845007260	1	one_to_one	ENSG00000289438	0	NA	NA	NA	1
ENSCAFG00845012921	1	many_to_many_DifferentNumber	ENSG00000272760;ENSG00000273183;ENSG00000273344	1	many_to_many	lncgDivg	ENSG00000273344;ENSG00000273183;ENSG00000272760	1
ENSCAFG00845012942	1	many_to_many_DifferentNumber	ENSG00000272760;ENSG00000273183;ENSG00000273344	1	many_to_many	lncgDivg	ENSG00000273344;ENSG00000273183;ENSG00000272760	1
ENSCAFG00845012972	1	one_to_many	ENSG00000225612;ENSG00000228521;ENSG00000287865	0	NA	NA	NA	1
ENSCAFG00845013297	1	many_to_many_sameNumber	ENSG00000279418;ENSG00000204876	0	NA	NA	NA	1
ENSCAFG00845013302	1	many_to_many_sameNumber	ENSG00000279418;ENSG00000204876	0	NA	NA	NA	1
ENSCAFG00845013258	1	many_to_many_DifferentNumber	ENSG00000289588;ENSG00000182648	0	NA	NA	NA	1
ENSCAFG00845013272	1	many_to_many_DifferentNumber	ENSG00000289588;ENSG00000182648	0	NA	NA	NA	1
ENSCAFG00845013315	1	many_to_many_DifferentNumber	ENSG00000289588;ENSG00000182648	0	NA	NA	NA	1
ENSCAFG00845013455	1	one_to_many	ENSG00000260949;ENSG00000286677;ENSG00000272128	1	one_to_many	lincSS.up	ENSG00000286677;ENSG00000272128	1
ENSCAFG00845013484	1	many_to_one	ENSG00000255494	0	NA	NA	NA	1
ENSCAFG00845013497	1	many_to_one	ENSG00000255494	0	NA	NA	NA	1
ENSCAFG00845013512	1	many_to_one	ENSG00000255494	0	NA	NA	NA	1
ENSCAFG00845013491	1	many_to_one	ENSG00000254813	0	NA	NA	NA	1
ENSCAFG00845013502	1	many_to_one	ENSG00000254813	0	NA	NA	NA	1
ENSCAFG00845013507	1	many_to_one	ENSG00000254813	0	NA	NA	NA	1
ENSCAFG00845013521	1	many_to_one	ENSG00000254813	0	NA	NA	NA	1
ENSCAFG00845013752	1	one_to_many	ENSG00000235029;ENSG00000243479;ENSG00000269446	1	one_to_many	lncgDivg	ENSG00000235029;ENSG00000243479	1
ENSCAFG00845013760	1	one_to_one	ENSG00000236102	1	one_to_one	lincSS.up	ENSG00000236102	1
ENSCAFG00845013845	1	one_to_many	ENSG00000253746;ENSG00000253123;ENSG00000254038;ENSG00000254306;ENSG00000253344;ENSG00000253161;ENSG00000254290;ENSG00000253414	1	one_to_many	lincDivg	ENSG00000253344;ENSG00000254306;ENSG00000254290	0
ENSCAFG00845014046	1	many_to_one	ENSG00000253452	0	NA	NA	NA	0
ENSCAFG00845014068	1	many_to_one	ENSG00000253452	1	one_to_one	lincSS.dw	ENSG00000253452	0
ENSCAFG00845014131	1	many_to_one	ENSG00000255076	0	NA	NA	NA	0
ENSCAFG00845014138	1	many_to_one	ENSG00000255076	0	NA	NA	NA	0
ENSCAFG00845015449	1	one_to_many	ENSG00000180712;ENSG00000249096	0	NA	NA	NA	1
ENSCAFG00845015446	1	one_to_one	ENSG00000287433	0	NA	NA	NA	1
ENSCAFG00845018275	1	one_to_one	ENSG00000286569	0	NA	NA	NA	1
ENSCAFG00845018643	1	many_to_many_DifferentNumber	ENSG00000249008;ENSG00000287544;ENSG00000249458	1	many_to_many_strict	lincDivg	ENSG00000249008;ENSG00000287544	0
ENSCAFG00845018676	1	many_to_many_DifferentNumber	ENSG00000249008;ENSG00000287544;ENSG00000249458	1	many_to_many_strict	lincDivg	ENSG00000249008;ENSG00000287544	0
ENSCAFG00845018706	1	many_to_many_DifferentNumber	ENSG00000249008;ENSG00000287544;ENSG00000249458	1	many_to_one	lincSS.up	ENSG00000249458	0
ENSCAFG00845018756	1	many_to_many_DifferentNumber	ENSG00000249008;ENSG00000287544;ENSG00000249458	1	many_to_one	lincSS.up	ENSG00000249458	0
ENSCAFG00845018769	1	many_to_many_DifferentNumber	ENSG00000249008;ENSG00000287544;ENSG00000249458	1	many_to_one	lincSS.up	ENSG00000249458	0
ENSCAFG00845018780	1	many_to_many_DifferentNumber	ENSG00000249008;ENSG00000287544;ENSG00000249458	1	many_to_one	lincSS.up	ENSG00000249458	0
ENSCAFG00845018592	1	many_to_one	ENSG00000250263	0	NA	NA	NA	0
ENSCAFG00845018717	1	many_to_one	ENSG00000250263	0	NA	NA	NA	0
ENSCAFG00845019064	1	one_to_many	ENSG00000248980;ENSG00000289149	0	NA	NA	NA	0
ENSCAFG00845021850	1	one_to_one	ENSG00000245857	0	NA	NA	NA	0
ENSCAFG00845022072	1	one_to_one	ENSG00000250410	0	NA	NA	NA	1
ENSCAFG00845022968	1	one_to_many	ENSG00000289139;ENSG00000251230;ENSG00000249173	0	NA	NA	NA	1
ENSCAFG00845023011	1	one_to_many	ENSG00000248517;ENSG00000251139;ENSG00000286256;ENSG00000289197	1	one_to_one	lincSS.up	ENSG00000248517	1
ENSCAFG00845031023	1	many_to_many_DifferentNumber	ENSG00000204990;ENSG00000285841;ENSG00000261629;ENSG00000261570;ENSG00000261797	1	one_to_one	lincConv	ENSG00000261797	0
ENSCAFG00845031026	1	many_to_many_DifferentNumber	ENSG00000204990;ENSG00000285841;ENSG00000261629;ENSG00000261570;ENSG00000261797	0	NA	NA	NA	0
ENSCAFG00845031055	1	one_to_one	ENSG00000285904	1	one_to_one	lncgDivg	ENSG00000285904	1
ENSCAFG00845005316	1	one_to_one	ENSG00000225032	0	NA	NA	NA	1
ENSCAFG00845005399	1	many_to_many_sameNumber	ENSG00000227517;ENSG00000267603;ENSG00000237560	1	many_to_one	lincSS.up	ENSG00000237560	0
ENSCAFG00845005407	1	many_to_many_sameNumber	ENSG00000227517;ENSG00000267603;ENSG00000237560	1	many_to_one	lincSS.up	ENSG00000237560	0
ENSCAFG00845005413	1	many_to_many_sameNumber	ENSG00000227517;ENSG00000267603;ENSG00000237560	1	many_to_one	lincSS.up	ENSG00000237560	0
ENSCAFG00845005392	1	one_to_many	ENSG00000267653;ENSG00000230258	0	NA	NA	NA	0
ENSCAFG00845005418	1	one_to_many	ENSG00000227512;ENSG00000237886	0	NA	NA	NA	1
ENSCAFG00845006507	1	one_to_one	ENSG00000266236	1	one_to_one	lncgSS.dw	ENSG00000266236	0
ENSCAFG00845008346	1	one_to_many	ENSG00000233721;ENSG00000226078	1	one_to_many	lincSS.dw	ENSG00000233721;ENSG00000226078	1
ENSCAFG00845009898	1	one_to_one	ENSG00000267758	0	NA	NA	NA	0
ENSCAFG00845010677	1	one_to_many	ENSG00000263271;ENSG00000278200	1	one_to_one	lincConv	ENSG00000278200	1
ENSCAFG00845010661	1	many_to_one	ENSG00000289140	0	NA	NA	NA	1
ENSCAFG00845010665	1	many_to_one	ENSG00000289140	0	NA	NA	NA	1
ENSCAFG00845010832	1	one_to_many	ENSG00000185332;ENSG00000287431;ENSG00000262877;ENSG00000185168;ENSG00000262223	1	one_to_many	lincSS.up	ENSG00000287431;ENSG00000185332;ENSG00000185168	1
ENSCAFG00845010811	1	many_to_many_DifferentNumber	ENSG00000276101;ENSG00000263154;ENSG00000274833;ENSG00000289913	1	one_to_many	lincSS.up	ENSG00000263154;ENSG00000274833	1
ENSCAFG00845010820	1	many_to_many_DifferentNumber	ENSG00000276101;ENSG00000263154;ENSG00000274833;ENSG00000289913	0	NA	NA	NA	1
ENSCAFG00845010842	1	many_to_many_DifferentNumber	ENSG00000276101;ENSG00000263154;ENSG00000274833;ENSG00000289913	0	NA	NA	NA	1
ENSCAFG00845011761	1	one_to_one	ENSG00000264007	0	NA	NA	NA	1
ENSCAFG00845012067	1	one_to_one	ENSG00000223729	0	NA	NA	NA	1
ENSCAFG00845012158	1	one_to_many	ENSG00000275025;ENSG00000250282	0	NA	NA	NA	1
ENSCAFG00845012334	1	one_to_one	ENSG00000236472	0	NA	NA	NA	1
ENSCAFG00845012720	1	one_to_one	ENSG00000273576	1	one_to_one	lncgSS.dw	ENSG00000273576	1
ENSCAFG00845012730	1	one_to_one	ENSG00000260369	1	one_to_one	lincSS.dw	ENSG00000260369	0
ENSCAFG00845012774	1	many_to_one	ENSG00000287506	1	one_to_many	lncgDivg	ENSG00000287506;ENSG00000263674	1
ENSCAFG00845012788	1	many_to_one	ENSG00000287506	0	NA	NA	NA	1
ENSCAFG00845012802	1	many_to_one	ENSG00000287506	0	NA	NA	NA	1
ENSCAFG00845012807	1	many_to_one	ENSG00000287506	0	NA	NA	NA	1
ENSCAFG00845013308	1	one_to_one	ENSG00000275479	0	NA	NA	NA	1
ENSCAFG00845013750	1	one_to_many	ENSG00000266490;ENSG00000276250	0	NA	NA	NA	1
ENSCAFG00845014061	1	many_to_one	ENSG00000263278	0	NA	NA	NA	1
ENSCAFG00845014075	1	many_to_one	ENSG00000263278	0	NA	NA	NA	1
ENSCAFG00845014038	1	many_to_many_DifferentNumber	ENSG00000266711;ENSG00000267719	0	NA	NA	NA	1
ENSCAFG00845014051	1	many_to_many_DifferentNumber	ENSG00000266711;ENSG00000267719	0	NA	NA	NA	1
ENSCAFG00845014054	1	many_to_many_DifferentNumber	ENSG00000266711;ENSG00000267719	0	NA	NA	NA	1
ENSCAFG00845014089	1	many_to_many_DifferentNumber	ENSG00000266711;ENSG00000267719	0	NA	NA	NA	1
ENSCAFG00845014095	1	many_to_many_DifferentNumber	ENSG00000266711;ENSG00000267719	0	NA	NA	NA	1
ENSCAFG00845014100	1	many_to_many_DifferentNumber	ENSG00000266711;ENSG00000267719	0	NA	NA	NA	1
ENSCAFG00845014107	1	many_to_many_DifferentNumber	ENSG00000266711;ENSG00000267719	0	NA	NA	NA	1
ENSCAFG00845014454	1	one_to_one	ENSG00000262456	0	NA	NA	NA	0
ENSCAFG00845015466	1	one_to_many	ENSG00000287257;ENSG00000267016;ENSG00000267466;ENSG00000204283;ENSG00000267790;ENSG00000266998	1	one_to_one	lincConv	ENSG00000267466	1
ENSCAFG00845015860	1	one_to_many	ENSG00000267568;ENSG00000267521	1	one_to_one	lincConv	ENSG00000267521	1
ENSCAFG00845015799	1	many_to_one	ENSG00000234912	0	NA	NA	NA	1
ENSCAFG00845015826	1	many_to_one	ENSG00000234912	0	NA	NA	NA	1
ENSCAFG00845017328	1	one_to_many	ENSG00000285930;ENSG00000266290	1	one_to_one	lncgDivg	ENSG00000266290	0
ENSCAFG00845017931	1	one_to_one	ENSG00000236687	0	NA	NA	NA	1
ENSCAFG00845019964	1	one_to_many	ENSG00000236986;ENSG00000246851;ENSG00000288727	0	NA	NA	NA	1
ENSCAFG00845020376	1	one_to_one	ENSG00000265148	1	one_to_one	lncgConv	ENSG00000265148	1
ENSCAFG00845022560	1	one_to_many	ENSG00000286629;ENSG00000289957;ENSG00000266402	1	one_to_one	lncgConv	ENSG00000266402	0
ENSCAFG00845026686	1	one_to_one	ENSG00000262652	1	one_to_one	lncgSS.dw	ENSG00000262652	0
ENSCAFG00845027601	1	one_to_many	ENSG00000264630;ENSG00000289587	0	NA	NA	NA	1
ENSCAFG00845028685	1	one_to_one	ENSG00000263520	0	NA	NA	NA	0
ENSCAFG00845029034	1	one_to_one	ENSG00000277268	0	NA	NA	NA	1
ENSCAFG00845029533	1	one_to_one	ENSG00000231749	0	NA	NA	NA	0
ENSCAFG00845005697	1	many_to_one	ENSG00000275356	0	NA	NA	NA	0
ENSCAFG00845005714	1	many_to_one	ENSG00000275356	0	NA	NA	NA	0
ENSCAFG00845006233	1	one_to_many	ENSG00000243345;ENSG00000225535	0	NA	NA	NA	0
ENSCAFG00845006458	1	one_to_many	ENSG00000237870;ENSG00000243243;ENSG00000237813	0	NA	NA	NA	0
ENSCAFG00845006906	1	one_to_many	ENSG00000235427;ENSG00000231210	0	NA	NA	NA	0
ENSCAFG00845007090	1	one_to_many	ENSG00000229533;ENSG00000232821;ENSG00000236536	0	NA	NA	NA	0
ENSCAFG00845014606	1	one_to_one	ENSG00000231098	0	NA	NA	NA	1
ENSCAFG00845017601	1	one_to_many	ENSG00000228421;ENSG00000272568;ENSG00000233517	1	one_to_one	lncgDivg	ENSG00000228421	0
ENSCAFG00845019142	1	one_to_one	ENSG00000229196	1	one_to_one	lincSS.dw	ENSG00000229196	1
ENSCAFG00845019635	1	one_to_one	ENSG00000244036	1	one_to_one	lncgConv	ENSG00000244036	0
ENSCAFG00845022704	1	one_to_many	ENSG00000272732;ENSG00000272894	1	one_to_one	lncgDivg	ENSG00000272894	1
ENSCAFG00845023072	1	many_to_many_DifferentNumber	ENSG00000273014;ENSG00000281332;ENSG00000272905	1	one_to_one	lincConv	ENSG00000272905	0
ENSCAFG00845023088	1	many_to_many_DifferentNumber	ENSG00000273014;ENSG00000281332;ENSG00000272905	0	NA	NA	NA	0
ENSCAFG00845025005	1	one_to_one	ENSG00000230333	1	one_to_one	lncgConv	ENSG00000230333	1
ENSCAFG00845025933	1	one_to_many	ENSG00000226770;ENSG00000224138	1	one_to_one	lncgDivg	ENSG00000224138	0
ENSCAFG00845028162	1	one_to_many	ENSG00000237070;ENSG00000229108	0	NA	NA	NA	1
ENSCAFG00845028167	1	one_to_many	ENSG00000286376;ENSG00000225974;ENSG00000229379	0	NA	NA	NA	1
ENSCAFG00845028651	1	one_to_many	ENSG00000287651;ENSG00000289335	1	one_to_one	lncgDivg	ENSG00000289335	1
ENSCAFG00845028986	1	one_to_one	ENSG00000287893	1	one_to_one	lncgDivg	ENSG00000229679	1
ENSCAFG00845007440	1	one_to_many	ENSG00000287131;ENSG00000273461;ENSG00000272774;ENSG00000243083	0	NA	NA	NA	0
ENSCAFG00845009513	1	one_to_many	ENSG00000287669;ENSG00000288679	0	NA	NA	NA	0
ENSCAFG00845009675	1	one_to_one	ENSG00000227398	0	NA	NA	NA	1
ENSCAFG00845009854	1	many_to_one	ENSG00000240842	1	many_to_one	lincSS.up	ENSG00000240842	1
ENSCAFG00845009880	1	many_to_one	ENSG00000240842	1	many_to_one	lincSS.up	ENSG00000240842	1
ENSCAFG00845009866	1	many_to_one	ENSG00000241667	1	many_to_one	lincDivg	ENSG00000241667	1
ENSCAFG00845009890	1	many_to_one	ENSG00000241667	1	many_to_one	lincDivg	ENSG00000241667	1
ENSCAFG00845009900	1	many_to_one	ENSG00000241667	1	many_to_one	lincDivg	ENSG00000241667	1
ENSCAFG00845009910	1	many_to_one	ENSG00000241667	1	many_to_one	lincDivg	ENSG00000241667	1
ENSCAFG00845009921	1	many_to_one	ENSG00000241667	0	NA	NA	NA	1
ENSCAFG00845011101	1	one_to_one	ENSG00000241316	0	NA	NA	NA	0
ENSCAFG00845011390	1	many_to_one	ENSG00000241884	0	NA	NA	NA	1
ENSCAFG00845011440	1	many_to_one	ENSG00000241884	0	NA	NA	NA	1
ENSCAFG00845011703	1	one_to_one	ENSG00000267201	1	one_to_one	lncgSS.up	ENSG00000267201	0
ENSCAFG00845011759	1	one_to_one	ENSG00000286570	0	NA	NA	NA	0
ENSCAFG00845011782	1	one_to_many	ENSG00000267299;ENSG00000267262	1	one_to_many	lncgDivg	ENSG00000267262;ENSG00000267299	1
ENSCAFG00845011901	1	one_to_one	ENSG00000240175	0	NA	NA	NA	0
ENSCAFG00845012707	1	many_to_many_DifferentNumber	ENSG00000243149;ENSG00000241158;ENSG00000241684	0	NA	NA	NA	1
ENSCAFG00845012740	1	many_to_many_DifferentNumber	ENSG00000243149;ENSG00000241158;ENSG00000241684	0	NA	NA	NA	1
ENSCAFG00845012865	1	many_to_many_DifferentNumber	ENSG00000225044;ENSG00000288831	0	NA	NA	NA	0
ENSCAFG00845012884	1	many_to_many_DifferentNumber	ENSG00000225044;ENSG00000288831	0	NA	NA	NA	0
ENSCAFG00845012891	1	many_to_many_DifferentNumber	ENSG00000225044;ENSG00000288831	0	NA	NA	NA	0
ENSCAFG00845012902	1	many_to_many_DifferentNumber	ENSG00000225044;ENSG00000288831	0	NA	NA	NA	0
ENSCAFG00845012918	1	many_to_many_DifferentNumber	ENSG00000225044;ENSG00000288831	0	NA	NA	NA	0
ENSCAFG00845012934	1	many_to_many_DifferentNumber	ENSG00000225044;ENSG00000288831	0	NA	NA	NA	0
ENSCAFG00845012947	1	many_to_many_DifferentNumber	ENSG00000225044;ENSG00000288831	0	NA	NA	NA	0
ENSCAFG00845012953	1	many_to_many_DifferentNumber	ENSG00000225044;ENSG00000288831	0	NA	NA	NA	0
ENSCAFG00845013108	1	one_to_one	ENSG00000290166	0	NA	NA	NA	0
ENSCAFG00845013456	1	one_to_one	ENSG00000189196	0	NA	NA	NA	1
ENSCAFG00845013442	1	one_to_many	ENSG00000241111;ENSG00000243410;ENSG00000272181	1	one_to_one	lncgConv	ENSG00000241111	0
ENSCAFG00845014352	1	one_to_one	ENSG00000267159	0	NA	NA	NA	1
ENSCAFG00845014357	1	one_to_one	ENSG00000275162	1	one_to_one	lncgSS.dw	ENSG00000275162	1
ENSCAFG00845014778	1	one_to_one	ENSG00000267666	1	one_to_one	lncgDivg	ENSG00000267666	0
ENSCAFG00845020478	1	one_to_one	ENSG00000280382	0	NA	NA	NA	1
ENSCAFG00845023454	1	one_to_many	ENSG00000267723;ENSG00000266913;ENSG00000267406	0	NA	NA	NA	1
ENSCAFG00845026073	1	one_to_one	ENSG00000225733	0	NA	NA	NA	1
ENSCAFG00845026817	1	one_to_many	ENSG00000267582;ENSG00000267519	0	NA	NA	NA	1
ENSCAFG00845027293	1	one_to_one	ENSG00000225399	0	NA	NA	NA	1
ENSCAFG00845030398	1	one_to_many	ENSG00000287296;ENSG00000267598	0	NA	NA	NA	1
ENSCAFG00845005873	1	one_to_many	ENSG00000254654;ENSG00000287984	1	one_to_one	lincSS.up	ENSG00000287984	1
ENSCAFG00845005963	1	one_to_many	ENSG00000255092;ENSG00000255079;ENSG00000255032;ENSG00000254693	1	one_to_one	lincDivg	ENSG00000255079	0
ENSCAFG00845007466	1	one_to_one	ENSG00000255717	0	NA	NA	NA	1
ENSCAFG00845010901	1	one_to_many	ENSG00000286658;ENSG00000228204	0	NA	NA	NA	0
ENSCAFG00845010875	1	many_to_one	ENSG00000236046	0	NA	NA	NA	0
ENSCAFG00845010887	1	many_to_one	ENSG00000236046	1	one_to_one	lincSS.up	ENSG00000236046	0
ENSCAFG00845011926	1	one_to_many	ENSG00000228680;ENSG00000231638	0	NA	NA	NA	0
ENSCAFG00845011911	1	one_to_one	ENSG00000181211	1	one_to_one	lncgSS.dw	ENSG00000181211	0
ENSCAFG00845014571	1	one_to_many	ENSG00000254721;ENSG00000289074	0	NA	NA	NA	0
ENSCAFG00845018461	1	one_to_many	ENSG00000255142;ENSG00000255284	0	NA	NA	NA	0
ENSCAFG00845018566	1	many_to_one	ENSG00000289403	0	NA	NA	NA	1
ENSCAFG00845018607	1	many_to_one	ENSG00000289403	1	one_to_one	lncgSS.up	ENSG00000289403	1
ENSCAFG00845018557	1	one_to_one	ENSG00000224116	0	NA	NA	NA	1
ENSCAFG00845019583	1	one_to_many	ENSG00000231951;ENSG00000287584	0	NA	NA	NA	0
ENSCAFG00845019697	1	many_to_many_DifferentNumber	ENSG00000255279;ENSG00000255171;ENSG00000254822;ENSG00000255132	0	NA	NA	NA	0
ENSCAFG00845019711	1	many_to_many_DifferentNumber	ENSG00000255279;ENSG00000255171;ENSG00000254822;ENSG00000255132	0	NA	NA	NA	0
ENSCAFG00845019718	1	many_to_many_DifferentNumber	ENSG00000255279;ENSG00000255171;ENSG00000254822;ENSG00000255132	0	NA	NA	NA	0
ENSCAFG00845020387	1	many_to_many_sameNumber	ENSG00000254566;ENSG00000255060	0	NA	NA	NA	0
ENSCAFG00845020397	1	many_to_many_sameNumber	ENSG00000254566;ENSG00000255060	0	NA	NA	NA	0
ENSCAFG00845020410	1	one_to_one	ENSG00000255186	0	NA	NA	NA	0
ENSCAFG00845021588	1	one_to_one	ENSG00000255197	0	NA	NA	NA	1
ENSCAFG00845023213	1	one_to_many	ENSG00000255521;ENSG00000289526	1	one_to_one	lincConv	ENSG00000289526	0
ENSCAFG00845024874	1	one_to_one	ENSG00000255133	0	NA	NA	NA	1
ENSCAFG00845025284	1	one_to_one	ENSG00000255202	0	NA	NA	NA	1
ENSCAFG00845026835	1	many_to_many_DifferentNumber	ENSG00000243797;ENSG00000267052;ENSG00000290116	1	one_to_one	lncgSS.dw	ENSG00000243797	1
ENSCAFG00845026846	1	many_to_many_DifferentNumber	ENSG00000243797;ENSG00000267052;ENSG00000290116	0	NA	NA	NA	1
ENSCAFG00845026828	1	many_to_many_DifferentNumber	ENSG00000286013;ENSG00000286076;ENSG00000273320	0	NA	NA	NA	1
ENSCAFG00845026860	1	many_to_many_DifferentNumber	ENSG00000286013;ENSG00000286076;ENSG00000273320	0	NA	NA	NA	1
ENSCAFG00845026871	1	many_to_many_DifferentNumber	ENSG00000286013;ENSG00000286076;ENSG00000273320	0	NA	NA	NA	1
ENSCAFG00845026882	1	many_to_many_DifferentNumber	ENSG00000286013;ENSG00000286076;ENSG00000273320	0	NA	NA	NA	1
ENSCAFG00845027246	1	one_to_one	ENSG00000183242	1	one_to_one	lncgDivg	ENSG00000183242	1
ENSCAFG00845027513	1	one_to_one	ENSG00000272604	0	NA	NA	NA	1
ENSCAFG00845027673	1	one_to_one	ENSG00000232019	0	NA	NA	NA	1
ENSCAFG00845028057	1	one_to_one	ENSG00000228061	0	NA	NA	NA	1
ENSCAFG00845006200	1	one_to_many	ENSG00000283118;ENSG00000238057;ENSG00000226674;ENSG00000286225;ENSG00000233842;ENSG00000231040;ENSG00000287847;ENSG00000232606	0	NA	NA	NA	0
ENSCAFG00845010450	1	many_to_many_sameNumber	ENSG00000230569;ENSG00000224231	1	many_to_one	lincSS.dw	ENSG00000224231	0
ENSCAFG00845010463	1	many_to_many_sameNumber	ENSG00000230569;ENSG00000224231	1	many_to_one	lincSS.dw	ENSG00000224231	0
ENSCAFG00845010470	1	one_to_one	ENSG00000228043	0	NA	NA	NA	0
ENSCAFG00845010577	1	one_to_many	ENSG00000287147;ENSG00000286778;ENSG00000226939;ENSG00000229131	0	NA	NA	NA	0
ENSCAFG00845010782	1	one_to_many	ENSG00000286207;ENSG00000287085	0	NA	NA	NA	1
ENSCAFG00845013756	1	one_to_many	ENSG00000283994;ENSG00000236356;ENSG00000232377	1	one_to_one	lincSS.dw	ENSG00000236356	1
ENSCAFG00845027082	1	many_to_one	ENSG00000261668	0	NA	NA	NA	1
ENSCAFG00845027088	1	many_to_one	ENSG00000261668	1	one_to_one	lncgConv	ENSG00000261668	1
ENSCAFG00845020143	1	one_to_many	ENSG00000248335;ENSG00000273472	0	NA	NA	NA	0
ENSCAFG00845020577	1	one_to_one	ENSG00000287449	1	one_to_one	lincDivg	ENSG00000287449	1
ENSCAFG00845021347	1	one_to_one	ENSG00000226757	0	NA	NA	NA	0
ENSCAFG00845022428	1	one_to_one	ENSG00000250344	1	one_to_one	lncgDivg	ENSG00000250344	0
ENSCAFG00845023328	1	one_to_many	ENSG00000286467;ENSG00000251199;ENSG00000251388	1	one_to_one	lncgSS.dw	ENSG00000251199	1
ENSCAFG00845019292	1	one_to_one	ENSG00000281160	0	NA	NA	NA	1
ENSCAFG00845019401	1	many_to_one	ENSG00000286982	0	NA	NA	NA	1
ENSCAFG00845019411	1	many_to_one	ENSG00000286982	0	NA	NA	NA	1
ENSCAFG00845019422	1	many_to_one	ENSG00000286982	0	NA	NA	NA	1
ENSCAFG00845019436	1	many_to_one	ENSG00000286982	0	NA	NA	NA	1
ENSCAFG00845019499	1	many_to_one	ENSG00000286982	0	NA	NA	NA	1
ENSCAFG00845019655	1	one_to_one	ENSG00000224074	0	NA	NA	NA	1
ENSCAFG00845019842	1	one_to_one	ENSG00000289558	0	NA	NA	NA	0
ENSCAFG00845029305	1	one_to_many	ENSG00000240012;ENSG00000244493	0	NA	NA	NA	1
ENSCAFG00845019899	1	one_to_one	ENSG00000240888	0	NA	NA	NA	1
ENSCAFG00845019998	1	one_to_one	ENSG00000289885	1	one_to_one	lncgSS.up	ENSG00000289885	0
ENSCAFG00845020026	1	many_to_many_DifferentNumber	ENSG00000241220;ENSG00000241912;ENSG00000243486;ENSG00000237787	0	NA	NA	NA	1
ENSCAFG00845020146	1	many_to_many_DifferentNumber	ENSG00000241220;ENSG00000241912;ENSG00000243486;ENSG00000237787	0	NA	NA	NA	1
ENSCAFG00845020194	1	one_to_many	ENSG00000238755;ENSG00000243069;ENSG00000290079	1	one_to_one	lincConv	ENSG00000290079	1
ENSCAFG00845020177	1	one_to_one	ENSG00000233153	0	NA	NA	NA	0
ENSCAFG00845020127	1	many_to_many_DifferentNumber	ENSG00000225542;ENSG00000223351	0	NA	NA	NA	0
ENSCAFG00845020141	1	many_to_many_DifferentNumber	ENSG00000225542;ENSG00000223351	0	NA	NA	NA	0
ENSCAFG00845020154	1	many_to_many_DifferentNumber	ENSG00000225542;ENSG00000223351	0	NA	NA	NA	0
ENSCAFG00845020163	1	many_to_many_DifferentNumber	ENSG00000225542;ENSG00000223351	0	NA	NA	NA	0
ENSCAFG00845020202	1	many_to_many_DifferentNumber	ENSG00000225542;ENSG00000223351	0	NA	NA	NA	0
ENSCAFG00845020379	1	one_to_one	ENSG00000282987	0	NA	NA	NA	0
ENSCAFG00845020353	1	one_to_many	ENSG00000231304;ENSG00000261734	0	NA	NA	NA	0
ENSCAFG00845021941	1	many_to_many_DifferentNumber	ENSG00000241131;ENSG00000285660;ENSG00000241792;ENSG00000242440;ENSG00000244650;ENSG00000239922	0	NA	NA	NA	1
ENSCAFG00845021992	1	many_to_many_DifferentNumber	ENSG00000241131;ENSG00000285660;ENSG00000241792;ENSG00000242440;ENSG00000244650;ENSG00000239922	0	NA	NA	NA	1
ENSCAFG00845022037	1	many_to_many_DifferentNumber	ENSG00000241131;ENSG00000285660;ENSG00000241792;ENSG00000242440;ENSG00000244650;ENSG00000239922	0	NA	NA	NA	1
ENSCAFG00845022183	1	many_to_many_DifferentNumber	ENSG00000241131;ENSG00000285660;ENSG00000241792;ENSG00000242440;ENSG00000244650;ENSG00000239922	0	NA	NA	NA	1
ENSCAFG00845022204	1	many_to_many_DifferentNumber	ENSG00000241131;ENSG00000285660;ENSG00000241792;ENSG00000242440;ENSG00000244650;ENSG00000239922	0	NA	NA	NA	1
ENSCAFG00845021968	1	many_to_many_DifferentNumber	ENSG00000243347;ENSG00000285557;ENSG00000285798;ENSG00000239661;ENSG00000289451	0	NA	NA	NA	1
ENSCAFG00845021980	1	many_to_many_DifferentNumber	ENSG00000243347;ENSG00000285557;ENSG00000285798;ENSG00000239661;ENSG00000289451	0	NA	NA	NA	1
ENSCAFG00845022010	1	many_to_many_DifferentNumber	ENSG00000243347;ENSG00000285557;ENSG00000285798;ENSG00000239661;ENSG00000289451	0	NA	NA	NA	1
ENSCAFG00845022027	1	many_to_many_DifferentNumber	ENSG00000243347;ENSG00000285557;ENSG00000285798;ENSG00000239661;ENSG00000289451	0	NA	NA	NA	1
ENSCAFG00845022089	1	many_to_many_DifferentNumber	ENSG00000243347;ENSG00000285557;ENSG00000285798;ENSG00000239661;ENSG00000289451	0	NA	NA	NA	1
ENSCAFG00845022192	1	many_to_many_DifferentNumber	ENSG00000243347;ENSG00000285557;ENSG00000285798;ENSG00000239661;ENSG00000289451	0	NA	NA	NA	1
ENSCAFG00845022212	1	many_to_many_DifferentNumber	ENSG00000243347;ENSG00000285557;ENSG00000285798;ENSG00000239661;ENSG00000289451	0	NA	NA	NA	1
ENSCAFG00845022626	1	one_to_one	ENSG00000287198	0	NA	NA	NA	1
ENSCAFG00845023090	1	one_to_one	ENSG00000240875	0	NA	NA	NA	1
ENSCAFG00845024991	1	one_to_many	ENSG00000226320;ENSG00000287641;ENSG00000287981;ENSG00000236452	0	NA	NA	NA	0
ENSCAFG00845024957	1	one_to_many	ENSG00000227498;ENSG00000289420	0	NA	NA	NA	0
ENSCAFG00845025502	1	one_to_one	ENSG00000240137	0	NA	NA	NA	1
ENSCAFG00845025477	1	one_to_one	ENSG00000287688	0	NA	NA	NA	1
ENSCAFG00845025651	1	one_to_one	ENSG00000230830	0	NA	NA	NA	1
ENSCAFG00845026398	1	many_to_many_DifferentNumber	ENSG00000225386;ENSG00000230891	0	NA	NA	NA	0
ENSCAFG00845026408	1	many_to_many_DifferentNumber	ENSG00000225386;ENSG00000230891	0	NA	NA	NA	0
ENSCAFG00845026418	1	many_to_many_DifferentNumber	ENSG00000225386;ENSG00000230891	0	NA	NA	NA	0
ENSCAFG00845026427	1	many_to_many_DifferentNumber	ENSG00000225386;ENSG00000230891	0	NA	NA	NA	0
ENSCAFG00845026432	1	many_to_many_DifferentNumber	ENSG00000225386;ENSG00000230891	0	NA	NA	NA	0
ENSCAFG00845026444	1	many_to_many_DifferentNumber	ENSG00000225386;ENSG00000230891	0	NA	NA	NA	0
ENSCAFG00845026455	1	many_to_many_DifferentNumber	ENSG00000225386;ENSG00000230891	0	NA	NA	NA	0
ENSCAFG00845026468	1	many_to_many_DifferentNumber	ENSG00000225386;ENSG00000230891	0	NA	NA	NA	0
ENSCAFG00845027667	1	one_to_one	ENSG00000289632	0	NA	NA	NA	1
ENSCAFG00845027655	1	one_to_many	ENSG00000250433;ENSG00000249290;ENSG00000251058	0	NA	NA	NA	1
ENSCAFG00845027948	1	one_to_many	ENSG00000249417;ENSG00000287155	0	NA	NA	NA	1
ENSCAFG00845028180	1	one_to_many	ENSG00000271993;ENSG00000271653;ENSG00000290046	1	one_to_many	lncgDivg	ENSG00000290046;ENSG00000271993	0
ENSCAFG00845028358	1	one_to_one	ENSG00000244124	0	NA	NA	NA	0
ENSCAFG00845028848	1	one_to_many	ENSG00000250608;ENSG00000250129	0	NA	NA	NA	0
ENSCAFG00845028873	1	one_to_one	ENSG00000277938	0	NA	NA	NA	0
ENSCAFG00845028865	1	one_to_one	ENSG00000274414	0	NA	NA	NA	0
ENSCAFG00845028893	1	one_to_one	ENSG00000261167	1	one_to_one	lncgSS.dw	ENSG00000261167	0
ENSCAFG00845029119	1	one_to_one	ENSG00000241570	1	one_to_one	lncgSS.up	ENSG00000241570	0
ENSCAFG00845029133	1	many_to_one	ENSG00000289118	0	NA	NA	NA	1
ENSCAFG00845029142	1	many_to_one	ENSG00000289118	0	NA	NA	NA	0
ENSCAFG00845029229	1	one_to_one	ENSG00000243733	0	NA	NA	NA	1
ENSCAFG00845029247	1	one_to_one	ENSG00000241679	1	one_to_one	lncgSS.dw	ENSG00000241679	1
ENSCAFG00845029779	1	one_to_many	ENSG00000249993;ENSG00000272832	0	NA	NA	NA	1
ENSCAFG00845006299	1	one_to_many	ENSG00000285835;ENSG00000255102;ENSG00000255183	0	NA	NA	NA	1
ENSCAFG00845006282	1	one_to_many	ENSG00000255516;ENSG00000255241	0	NA	NA	NA	0
ENSCAFG00845008771	1	one_to_one	ENSG00000260401	1	one_to_one	lncgSS.dw	ENSG00000260401	1
ENSCAFG00845011449	1	one_to_one	ENSG00000289468	1	one_to_one	lncgSS.up	ENSG00000289468	0
ENSCAFG00845011946	1	one_to_many	ENSG00000247137;ENSG00000269939	1	one_to_one	lncgDivg	ENSG00000254551	0
ENSCAFG00845011941	1	one_to_one	ENSG00000254676	0	NA	NA	NA	0
ENSCAFG00845012725	1	one_to_one	ENSG00000254860	0	NA	NA	NA	1
ENSCAFG00845012799	1	one_to_one	ENSG00000253973	1	one_to_one	lncgConv	ENSG00000253973	0
ENSCAFG00845013972	1	one_to_one	ENSG00000289518	0	NA	NA	NA	1
ENSCAFG00845018052	1	one_to_many	ENSG00000255496;ENSG00000255094	0	NA	NA	NA	0
ENSCAFG00845018582	1	one_to_many	ENSG00000255029;ENSG00000255117;ENSG00000254606;ENSG00000249867;ENSG00000255227;ENSG00000254526;ENSG00000254734;ENSG00000248990	0	NA	NA	NA	0
ENSCAFG00845018649	1	many_to_many_sameNumber	ENSG00000254530;ENSG00000261340	0	NA	NA	NA	0
ENSCAFG00845018665	1	many_to_many_sameNumber	ENSG00000254530;ENSG00000261340	0	NA	NA	NA	0
ENSCAFG00845019095	1	many_to_one	ENSG00000245552	0	NA	NA	NA	0
ENSCAFG00845019122	1	many_to_one	ENSG00000245552	1	one_to_one	lincConv	ENSG00000245552	0
ENSCAFG00845019150	1	many_to_one	ENSG00000245552	0	NA	NA	NA	0
ENSCAFG00845019330	1	many_to_one	ENSG00000254847	0	NA	NA	NA	0
ENSCAFG00845019345	1	many_to_one	ENSG00000254847	0	NA	NA	NA	0
ENSCAFG00845019361	1	many_to_one	ENSG00000254847	0	NA	NA	NA	0
ENSCAFG00845023840	1	one_to_many	ENSG00000254946;ENSG00000254661;ENSG00000286960;ENSG00000254695;ENSG00000289116	0	NA	NA	NA	0
ENSCAFG00845025115	1	many_to_one	ENSG00000254560	0	NA	NA	NA	0
ENSCAFG00845025147	1	many_to_one	ENSG00000254560	0	NA	NA	NA	0
ENSCAFG00845025164	1	many_to_one	ENSG00000254560	0	NA	NA	NA	0
ENSCAFG00845014405	1	one_to_one	ENSG00000287185	0	NA	NA	NA	0
ENSCAFG00845014882	1	one_to_one	ENSG00000226968	1	one_to_one	lincConv	ENSG00000226968	0
ENSCAFG00845014857	1	one_to_one	ENSG00000277151	0	NA	NA	NA	0
ENSCAFG00845015077	1	many_to_one	ENSG00000289265	0	NA	NA	NA	1
ENSCAFG00845015087	1	many_to_one	ENSG00000289265	0	NA	NA	NA	1
ENSCAFG00845015113	1	many_to_one	ENSG00000289265	0	NA	NA	NA	1
ENSCAFG00845015097	1	many_to_one	ENSG00000235070	0	NA	NA	NA	1
ENSCAFG00845015105	1	many_to_one	ENSG00000235070	0	NA	NA	NA	1
ENSCAFG00845015121	1	many_to_one	ENSG00000235070	0	NA	NA	NA	1
ENSCAFG00845015128	1	many_to_one	ENSG00000235070	0	NA	NA	NA	1
ENSCAFG00845015730	1	one_to_one	ENSG00000237637	0	NA	NA	NA	1
ENSCAFG00845015747	1	one_to_one	ENSG00000289617	1	one_to_one	lncgSS.dw	ENSG00000289617	1
ENSCAFG00845015771	1	one_to_one	ENSG00000254002	0	NA	NA	NA	1
ENSCAFG00845017236	1	many_to_many_DifferentNumber	ENSG00000250708;ENSG00000237125	1	one_to_one	lncgDivg	ENSG00000237125	1
ENSCAFG00845017530	1	many_to_many_DifferentNumber	ENSG00000250708;ENSG00000237125	0	NA	NA	NA	1
ENSCAFG00845017557	1	many_to_many_DifferentNumber	ENSG00000250708;ENSG00000237125	0	NA	NA	NA	1
ENSCAFG00845017624	1	many_to_many_DifferentNumber	ENSG00000250708;ENSG00000237125	0	NA	NA	NA	1
ENSCAFG00845017729	1	many_to_many_DifferentNumber	ENSG00000250708;ENSG00000237125	0	NA	NA	NA	1
ENSCAFG00845017305	1	many_to_many_DifferentNumber	ENSG00000250957;ENSG00000251213;ENSG00000250043;ENSG00000251216;ENSG00000289179;ENSG00000289210;ENSG00000248174	0	NA	NA	NA	1
ENSCAFG00845017314	1	many_to_many_DifferentNumber	ENSG00000250957;ENSG00000251213;ENSG00000250043;ENSG00000251216;ENSG00000289179;ENSG00000289210;ENSG00000248174	0	NA	NA	NA	1
ENSCAFG00845017324	1	many_to_many_DifferentNumber	ENSG00000250957;ENSG00000251213;ENSG00000250043;ENSG00000251216;ENSG00000289179;ENSG00000289210;ENSG00000248174	0	NA	NA	NA	1
ENSCAFG00845017333	1	many_to_many_DifferentNumber	ENSG00000250957;ENSG00000251213;ENSG00000250043;ENSG00000251216;ENSG00000289179;ENSG00000289210;ENSG00000248174	0	NA	NA	NA	1
ENSCAFG00845017350	1	many_to_many_DifferentNumber	ENSG00000250957;ENSG00000251213;ENSG00000250043;ENSG00000251216;ENSG00000289179;ENSG00000289210;ENSG00000248174	0	NA	NA	NA	1
ENSCAFG00845017362	1	many_to_many_DifferentNumber	ENSG00000250957;ENSG00000251213;ENSG00000250043;ENSG00000251216;ENSG00000289179;ENSG00000289210;ENSG00000248174	0	NA	NA	NA	1
ENSCAFG00845017375	1	many_to_many_DifferentNumber	ENSG00000250957;ENSG00000251213;ENSG00000250043;ENSG00000251216;ENSG00000289179;ENSG00000289210;ENSG00000248174	0	NA	NA	NA	1
ENSCAFG00845017390	1	many_to_many_DifferentNumber	ENSG00000250957;ENSG00000251213;ENSG00000250043;ENSG00000251216;ENSG00000289179;ENSG00000289210;ENSG00000248174	0	NA	NA	NA	1
ENSCAFG00845017419	1	many_to_many_DifferentNumber	ENSG00000250957;ENSG00000251213;ENSG00000250043;ENSG00000251216;ENSG00000289179;ENSG00000289210;ENSG00000248174	0	NA	NA	NA	1
ENSCAFG00845017430	1	many_to_many_DifferentNumber	ENSG00000250957;ENSG00000251213;ENSG00000250043;ENSG00000251216;ENSG00000289179;ENSG00000289210;ENSG00000248174	0	NA	NA	NA	1
ENSCAFG00845017446	1	many_to_many_DifferentNumber	ENSG00000250957;ENSG00000251213;ENSG00000250043;ENSG00000251216;ENSG00000289179;ENSG00000289210;ENSG00000248174	0	NA	NA	NA	1
ENSCAFG00845017462	1	many_to_many_DifferentNumber	ENSG00000250957;ENSG00000251213;ENSG00000250043;ENSG00000251216;ENSG00000289179;ENSG00000289210;ENSG00000248174	0	NA	NA	NA	1
ENSCAFG00845017476	1	many_to_many_DifferentNumber	ENSG00000250957;ENSG00000251213;ENSG00000250043;ENSG00000251216;ENSG00000289179;ENSG00000289210;ENSG00000248174	0	NA	NA	NA	1
ENSCAFG00845017488	1	many_to_many_DifferentNumber	ENSG00000250957;ENSG00000251213;ENSG00000250043;ENSG00000251216;ENSG00000289179;ENSG00000289210;ENSG00000248174	0	NA	NA	NA	1
ENSCAFG00845017507	1	many_to_many_DifferentNumber	ENSG00000250957;ENSG00000251213;ENSG00000250043;ENSG00000251216;ENSG00000289179;ENSG00000289210;ENSG00000248174	0	NA	NA	NA	1
ENSCAFG00845017520	1	many_to_many_DifferentNumber	ENSG00000250957;ENSG00000251213;ENSG00000250043;ENSG00000251216;ENSG00000289179;ENSG00000289210;ENSG00000248174	0	NA	NA	NA	1
ENSCAFG00845017542	1	many_to_many_DifferentNumber	ENSG00000250957;ENSG00000251213;ENSG00000250043;ENSG00000251216;ENSG00000289179;ENSG00000289210;ENSG00000248174	0	NA	NA	NA	1
ENSCAFG00845017571	1	many_to_many_DifferentNumber	ENSG00000250957;ENSG00000251213;ENSG00000250043;ENSG00000251216;ENSG00000289179;ENSG00000289210;ENSG00000248174	0	NA	NA	NA	1
ENSCAFG00845017580	1	many_to_many_DifferentNumber	ENSG00000250957;ENSG00000251213;ENSG00000250043;ENSG00000251216;ENSG00000289179;ENSG00000289210;ENSG00000248174	0	NA	NA	NA	1
ENSCAFG00845017699	1	many_to_many_DifferentNumber	ENSG00000250957;ENSG00000251213;ENSG00000250043;ENSG00000251216;ENSG00000289179;ENSG00000289210;ENSG00000248174	0	NA	NA	NA	1
ENSCAFG00845017707	1	many_to_many_DifferentNumber	ENSG00000250957;ENSG00000251213;ENSG00000250043;ENSG00000251216;ENSG00000289179;ENSG00000289210;ENSG00000248174	0	NA	NA	NA	1
ENSCAFG00845017740	1	many_to_many_DifferentNumber	ENSG00000250957;ENSG00000251213;ENSG00000250043;ENSG00000251216;ENSG00000289179;ENSG00000289210;ENSG00000248174	1	many_to_many	lincSS.dw	ENSG00000248174;ENSG00000250957;ENSG00000251213;ENSG00000289179	1
ENSCAFG00845017753	1	many_to_many_DifferentNumber	ENSG00000250957;ENSG00000251213;ENSG00000250043;ENSG00000251216;ENSG00000289179;ENSG00000289210;ENSG00000248174	1	many_to_many	lincSS.dw	ENSG00000248174;ENSG00000250957;ENSG00000251213;ENSG00000289179	1
ENSCAFG00845019352	1	one_to_one	ENSG00000269954	0	NA	NA	NA	1
ENSCAFG00845019338	1	one_to_many	ENSG00000170983;ENSG00000286985	1	one_to_one	lincSS.up	ENSG00000286985	1
ENSCAFG00845020131	1	one_to_one	ENSG00000225963	0	NA	NA	NA	0
ENSCAFG00845021620	1	one_to_one	ENSG00000275485	0	NA	NA	NA	1
ENSCAFG00845022124	1	many_to_one	ENSG00000261829	1	one_to_one	lncgSS.dw	ENSG00000261829	1
ENSCAFG00845022133	1	many_to_one	ENSG00000261829	0	NA	NA	NA	1
ENSCAFG00845022152	1	many_to_one	ENSG00000290005	1	one_to_one	lncgDivg	ENSG00000246339	1
ENSCAFG00845022175	1	many_to_one	ENSG00000290005	0	NA	NA	NA	1
ENSCAFG00845023936	1	many_to_one	ENSG00000226352	0	NA	NA	NA	1
ENSCAFG00845023949	1	many_to_one	ENSG00000226352	0	NA	NA	NA	1
ENSCAFG00845024155	1	one_to_many	ENSG00000288542;ENSG00000215483	1	one_to_one	lincSS.dw	ENSG00000215483	0
ENSCAFG00845024136	1	many_to_one	ENSG00000230710	0	NA	NA	NA	0
ENSCAFG00845024142	1	many_to_one	ENSG00000230710	0	NA	NA	NA	0
ENSCAFG00845024164	1	many_to_one	ENSG00000230710	0	NA	NA	NA	0
ENSCAFG00845026028	1	one_to_many	ENSG00000288040;ENSG00000231682	0	NA	NA	NA	1
ENSCAFG00845028348	1	one_to_many	ENSG00000248319;ENSG00000287660	1	one_to_one	lincSS.dw	ENSG00000248319	1
ENSCAFG00845028849	1	one_to_many	ENSG00000234949;ENSG00000227107	1	one_to_one	lncgDivg	ENSG00000234949	0
ENSCAFG00845029719	1	many_to_one	ENSG00000279484	1	one_to_one	lncgConv	ENSG00000279484	1
ENSCAFG00845029729	1	many_to_one	ENSG00000279484	0	NA	NA	NA	1
ENSCAFG00845029882	1	one_to_one	ENSG00000225057	0	NA	NA	NA	1
ENSCAFG00845030232	1	many_to_many_DifferentNumber	ENSG00000234279;ENSG00000286748	0	NA	NA	NA	0
ENSCAFG00845030241	1	many_to_many_DifferentNumber	ENSG00000234279;ENSG00000286748	0	NA	NA	NA	0
ENSCAFG00845030248	1	many_to_many_DifferentNumber	ENSG00000234279;ENSG00000286748	0	NA	NA	NA	0
ENSCAFG00845030256	1	many_to_many_DifferentNumber	ENSG00000234279;ENSG00000286748	0	NA	NA	NA	0
ENSCAFG00845030229	1	many_to_many_DifferentNumber	ENSG00000226992;ENSG00000286160;ENSG00000225493;ENSG00000229915	0	NA	NA	NA	0
ENSCAFG00845030252	1	many_to_many_DifferentNumber	ENSG00000226992;ENSG00000286160;ENSG00000225493;ENSG00000229915	1	one_to_one	lincConv	ENSG00000225493	0
ENSCAFG00845013079	1	one_to_many	ENSG00000278709;ENSG00000275852	0	NA	NA	NA	1
ENSCAFG00845013105	1	one_to_many	ENSG00000203971;ENSG00000225708	0	NA	NA	NA	1
ENSCAFG00845013642	1	one_to_many	ENSG00000254419;ENSG00000270279	0	NA	NA	NA	0
ENSCAFG00845014962	1	one_to_one	ENSG00000277287	0	NA	NA	NA	0
ENSCAFG00845017179	1	one_to_one	ENSG00000233017	0	NA	NA	NA	0
ENSCAFG00845017267	1	many_to_many_sameNumber	ENSG00000229882;ENSG00000264490;ENSG00000272050;ENSG00000289634;ENSG00000174407;ENSG00000289548	1	one_to_one	lncgDivg	ENSG00000272050	0
ENSCAFG00845017277	1	many_to_many_sameNumber	ENSG00000229882;ENSG00000264490;ENSG00000272050;ENSG00000289634;ENSG00000174407;ENSG00000289548	1	many_to_one	lincDivg	ENSG00000289548	0
ENSCAFG00845017322	1	many_to_many_sameNumber	ENSG00000229882;ENSG00000264490;ENSG00000272050;ENSG00000289634;ENSG00000174407;ENSG00000289548	1	many_to_one	lincDivg	ENSG00000289548	0
ENSCAFG00845017394	1	many_to_many_sameNumber	ENSG00000229882;ENSG00000264490;ENSG00000272050;ENSG00000289634;ENSG00000174407;ENSG00000289548	1	many_to_many	lincSS.up	ENSG00000289634;ENSG00000174407;ENSG00000229882;ENSG00000264490	0
ENSCAFG00845017436	1	many_to_many_sameNumber	ENSG00000229882;ENSG00000264490;ENSG00000272050;ENSG00000289634;ENSG00000174407;ENSG00000289548	1	many_to_many	lincSS.up	ENSG00000289634;ENSG00000174407;ENSG00000229882;ENSG00000264490	0
ENSCAFG00845017477	1	many_to_many_sameNumber	ENSG00000229882;ENSG00000264490;ENSG00000272050;ENSG00000289634;ENSG00000174407;ENSG00000289548	1	many_to_many	lincSS.up	ENSG00000289634;ENSG00000174407;ENSG00000229882;ENSG00000264490	0
ENSCAFG00845017290	1	many_to_many_sameNumber	ENSG00000232121;ENSG00000260542;ENSG00000273812;ENSG00000167046;ENSG00000174403	1	many_to_many_strict	lincSS.up	ENSG00000260542;ENSG00000174403	0
ENSCAFG00845017300	1	many_to_many_sameNumber	ENSG00000232121;ENSG00000260542;ENSG00000273812;ENSG00000167046;ENSG00000174403	1	many_to_many_strict	lincSS.up	ENSG00000260542;ENSG00000174403	0
ENSCAFG00845017408	1	many_to_many_sameNumber	ENSG00000232121;ENSG00000260542;ENSG00000273812;ENSG00000167046;ENSG00000174403	1	many_to_many	lincDivg	ENSG00000232121;ENSG00000273812	0
ENSCAFG00845017427	1	many_to_many_sameNumber	ENSG00000232121;ENSG00000260542;ENSG00000273812;ENSG00000167046;ENSG00000174403	1	many_to_many	lincDivg	ENSG00000232121;ENSG00000273812	0
ENSCAFG00845017452	1	many_to_many_sameNumber	ENSG00000232121;ENSG00000260542;ENSG00000273812;ENSG00000167046;ENSG00000174403	1	many_to_many	lincDivg	ENSG00000232121;ENSG00000273812	0
ENSCAFG00845017730	1	one_to_many	ENSG00000223669;ENSG00000228705	1	one_to_one	lincConv	ENSG00000228705	1
ENSCAFG00845021023	1	one_to_one	ENSG00000277692	0	NA	NA	NA	1
ENSCAFG00845022966	1	one_to_one	ENSG00000289872	0	NA	NA	NA	1
ENSCAFG00845024891	1	many_to_many_DifferentNumber	ENSG00000286740;ENSG00000232738;ENSG00000286470;ENSG00000243961	0	NA	NA	NA	1
ENSCAFG00845024909	1	many_to_many_DifferentNumber	ENSG00000286740;ENSG00000232738;ENSG00000286470;ENSG00000243961	0	NA	NA	NA	1
ENSCAFG00845026607	1	one_to_one	ENSG00000234693	0	NA	NA	NA	1
ENSCAFG00845026978	1	one_to_many	ENSG00000224711;ENSG00000232271	0	NA	NA	NA	0
ENSCAFG00845027463	1	one_to_one	ENSG00000225280	1	one_to_one	lncgDivg	ENSG00000225280	1
ENSCAFG00845027755	1	one_to_one	ENSG00000227964	0	NA	NA	NA	1
ENSCAFG00845027957	1	one_to_many	ENSG00000234948;ENSG00000232294;ENSG00000287511	0	NA	NA	NA	0
ENSCAFG00845027941	1	one_to_many	ENSG00000286250;ENSG00000232286;ENSG00000225785;ENSG00000232465	0	NA	NA	NA	0
ENSCAFG00845028085	1	one_to_many	ENSG00000226995;ENSG00000205181;ENSG00000225640	0	NA	NA	NA	0
ENSCAFG00845028074	1	many_to_many_DifferentNumber	ENSG00000276688;ENSG00000230563;ENSG00000266908;ENSG00000235820	0	NA	NA	NA	0
ENSCAFG00845028099	1	many_to_many_DifferentNumber	ENSG00000276688;ENSG00000230563;ENSG00000266908;ENSG00000235820	1	one_to_many	lincConv	ENSG00000235820;ENSG00000230563	0
ENSCAFG00845028262	1	many_to_many_sameNumber	ENSG00000235415;ENSG00000287886	0	NA	NA	NA	0
ENSCAFG00845028276	1	many_to_many_sameNumber	ENSG00000235415;ENSG00000287886	0	NA	NA	NA	0
ENSCAFG00845029338	1	one_to_many	ENSG00000235996;ENSG00000179447;ENSG00000232675;ENSG00000268628	0	NA	NA	NA	1
ENSCAFG00845029930	1	one_to_many	ENSG00000230324;ENSG00000287983;ENSG00000286083	0	NA	NA	NA	1
ENSCAFG00845013844	1	one_to_many	ENSG00000256973;ENSG00000257023	0	NA	NA	NA	1
ENSCAFG00845015985	1	many_to_many_DifferentNumber	ENSG00000256499;ENSG00000256879;ENSG00000287075	0	NA	NA	NA	1
ENSCAFG00845015996	1	many_to_many_DifferentNumber	ENSG00000256499;ENSG00000256879;ENSG00000287075	0	NA	NA	NA	0
ENSCAFG00845019847	1	many_to_one	ENSG00000255565	0	NA	NA	NA	1
ENSCAFG00845019860	1	many_to_one	ENSG00000255565	0	NA	NA	NA	1
ENSCAFG00845022917	1	one_to_one	ENSG00000257042	0	NA	NA	NA	1
ENSCAFG00845023152	1	one_to_many	ENSG00000286869;ENSG00000180861	1	one_to_one	lincConv	ENSG00000286869	0
ENSCAFG00845023236	1	many_to_one	ENSG00000283138	0	NA	NA	NA	0
ENSCAFG00845023254	1	many_to_one	ENSG00000283138	0	NA	NA	NA	0
ENSCAFG00845024324	1	one_to_many	ENSG00000250899;ENSG00000289980	1	one_to_one	lncgSS.dw	ENSG00000250899	0
ENSCAFG00845024548	1	one_to_one	ENSG00000245311	1	one_to_one	lncgConv	ENSG00000245311	1
ENSCAFG00845024560	1	one_to_one	ENSG00000288971	1	one_to_one	lncgSS.dw	ENSG00000288971	1
ENSCAFG00845026787	1	one_to_many	ENSG00000257925;ENSG00000247774	0	NA	NA	NA	0
ENSCAFG00845026881	1	many_to_one	ENSG00000274723	0	NA	NA	NA	1
ENSCAFG00845026901	1	many_to_one	ENSG00000274723	0	NA	NA	NA	1
ENSCAFG00845027256	1	one_to_many	ENSG00000255746;ENSG00000261799	1	one_to_one	lncgSS.dw	ENSG00000261799	1
ENSCAFG00845030349	1	many_to_one	ENSG00000284513	0	NA	NA	NA	1
ENSCAFG00845030360	1	many_to_one	ENSG00000284513	0	NA	NA	NA	1
ENSCAFG00845030378	1	many_to_many_DifferentNumber	ENSG00000286866;ENSG00000287835	0	NA	NA	NA	1
ENSCAFG00845030393	1	many_to_many_DifferentNumber	ENSG00000286866;ENSG00000287835	0	NA	NA	NA	1
ENSCAFG00845030397	1	many_to_many_DifferentNumber	ENSG00000286866;ENSG00000287835	0	NA	NA	NA	1
ENSCAFG00845030409	1	many_to_many_DifferentNumber	ENSG00000286866;ENSG00000287835	0	NA	NA	NA	1
ENSCAFG00845030418	1	many_to_many_DifferentNumber	ENSG00000286866;ENSG00000287835	0	NA	NA	NA	1
ENSCAFG00845030384	1	many_to_many_DifferentNumber	ENSG00000256654;ENSG00000255608	0	NA	NA	NA	1
ENSCAFG00845030388	1	many_to_many_DifferentNumber	ENSG00000256654;ENSG00000255608	0	NA	NA	NA	1
ENSCAFG00845030403	1	many_to_many_DifferentNumber	ENSG00000256654;ENSG00000255608	0	NA	NA	NA	1
ENSCAFG00845030436	1	one_to_one	ENSG00000256988	0	NA	NA	NA	1
ENSCAFG00845030528	1	many_to_one	ENSG00000274682	0	NA	NA	NA	1
ENSCAFG00845030536	1	many_to_one	ENSG00000274682	0	NA	NA	NA	1
ENSCAFG00845030544	1	many_to_one	ENSG00000274682	0	NA	NA	NA	1
ENSCAFG00845030553	1	many_to_one	ENSG00000274682	0	NA	NA	NA	1
ENSCAFG00845030557	1	many_to_one	ENSG00000274682	0	NA	NA	NA	1
ENSCAFG00845030560	1	many_to_one	ENSG00000274682	0	NA	NA	NA	1
ENSCAFG00845030568	1	many_to_one	ENSG00000274682	0	NA	NA	NA	1
ENSCAFG00845030569	1	many_to_one	ENSG00000274682	0	NA	NA	NA	1
ENSCAFG00845030581	1	many_to_one	ENSG00000274682	0	NA	NA	NA	1
ENSCAFG00845015144	1	many_to_one	ENSG00000289417	0	NA	NA	NA	0
ENSCAFG00845015152	1	many_to_one	ENSG00000289417	0	NA	NA	NA	0
ENSCAFG00845015158	1	many_to_one	ENSG00000289417	0	NA	NA	NA	0
ENSCAFG00845015134	1	one_to_one	ENSG00000228213	0	NA	NA	NA	0
ENSCAFG00845015549	1	one_to_one	ENSG00000229102	0	NA	NA	NA	1
ENSCAFG00845016159	1	many_to_many_sameNumber	ENSG00000242539;ENSG00000272699	0	NA	NA	NA	1
ENSCAFG00845016198	1	many_to_many_sameNumber	ENSG00000242539;ENSG00000272699	0	NA	NA	NA	1
ENSCAFG00845018092	1	many_to_one	ENSG00000239205	1	one_to_one	lincSS.dw	ENSG00000239205	1
ENSCAFG00845018104	1	many_to_one	ENSG00000239205	0	NA	NA	NA	1
ENSCAFG00845018201	1	one_to_one	ENSG00000244128	0	NA	NA	NA	1
ENSCAFG00845018715	1	one_to_one	ENSG00000241669	0	NA	NA	NA	0
ENSCAFG00845021437	1	one_to_one	ENSG00000239219	0	NA	NA	NA	1
ENSCAFG00845021575	1	many_to_one	ENSG00000240373	0	NA	NA	NA	0
ENSCAFG00845021593	1	many_to_one	ENSG00000240373	0	NA	NA	NA	0
ENSCAFG00845021883	1	one_to_one	ENSG00000231724	0	NA	NA	NA	1
ENSCAFG00845021899	1	one_to_many	ENSG00000232233;ENSG00000289971	1	one_to_one	lincDivg	ENSG00000289971	1
ENSCAFG00845023287	1	one_to_one	ENSG00000288794	1	one_to_one	lncgSS.dw	ENSG00000288794	1
ENSCAFG00845023293	1	one_to_many	ENSG00000224563;ENSG00000234076	0	NA	NA	NA	1
ENSCAFG00845023791	1	many_to_one	ENSG00000248677	0	NA	NA	NA	0
ENSCAFG00845023802	1	many_to_one	ENSG00000248677	0	NA	NA	NA	1
ENSCAFG00845024835	1	one_to_many	ENSG00000248137;ENSG00000250716;ENSG00000248118	1	one_to_one	lncgDivg	ENSG00000259603	0
ENSCAFG00845014581	1	many_to_many_DifferentNumber	ENSG00000253238;ENSG00000254205	1	one_to_one	lincDivg	ENSG00000253238	0
ENSCAFG00845014605	1	many_to_many_DifferentNumber	ENSG00000253238;ENSG00000254205	0	NA	NA	NA	0
ENSCAFG00845014615	1	many_to_many_DifferentNumber	ENSG00000253238;ENSG00000254205	0	NA	NA	NA	0
ENSCAFG00845014566	1	many_to_one	ENSG00000251867	0	NA	NA	NA	0
ENSCAFG00845014576	1	many_to_one	ENSG00000251867	0	NA	NA	NA	0
ENSCAFG00845014584	1	many_to_one	ENSG00000251867	0	NA	NA	NA	0
ENSCAFG00845014595	1	many_to_one	ENSG00000251867	0	NA	NA	NA	0
ENSCAFG00845014794	1	many_to_many_DifferentNumber	ENSG00000254177;ENSG00000254060;ENSG00000289242;ENSG00000253214	1	many_to_many	lincDivg	ENSG00000289242;ENSG00000253214	1
ENSCAFG00845014799	1	many_to_many_DifferentNumber	ENSG00000254177;ENSG00000254060;ENSG00000289242;ENSG00000253214	1	many_to_many	lincDivg	ENSG00000289242;ENSG00000253214	1
ENSCAFG00845014805	1	many_to_many_DifferentNumber	ENSG00000254177;ENSG00000254060;ENSG00000289242;ENSG00000253214	1	many_to_many	lincDivg	ENSG00000289242;ENSG00000253214	1
ENSCAFG00845014811	1	many_to_many_DifferentNumber	ENSG00000254177;ENSG00000254060;ENSG00000289242;ENSG00000253214	1	many_to_many	lincDivg	ENSG00000289242;ENSG00000253214	1
ENSCAFG00845014816	1	many_to_many_DifferentNumber	ENSG00000254177;ENSG00000254060;ENSG00000289242;ENSG00000253214	1	many_to_many	lincDivg	ENSG00000289242;ENSG00000253214	1
ENSCAFG00845015239	1	one_to_one	ENSG00000261437	0	NA	NA	NA	1
ENSCAFG00845018793	1	one_to_one	ENSG00000253138	0	NA	NA	NA	1
ENSCAFG00845021889	1	one_to_many	ENSG00000254020;ENSG00000253682;ENSG00000253634;ENSG00000288005;ENSG00000248858;ENSG00000253749	0	NA	NA	NA	0
ENSCAFG00845027503	1	one_to_many	ENSG00000215117;ENSG00000253871;ENSG00000253301;ENSG00000253614;ENSG00000253821;ENSG00000205293;ENSG00000254139;ENSG00000287301	0	NA	NA	NA	1
ENSCAFG00845027546	1	many_to_many_DifferentNumber	ENSG00000253322;ENSG00000253376	0	NA	NA	NA	1
ENSCAFG00845027556	1	many_to_many_DifferentNumber	ENSG00000253322;ENSG00000253376	1	many_to_one	lincDivg	ENSG00000253376	1
ENSCAFG00845027561	1	many_to_many_DifferentNumber	ENSG00000253322;ENSG00000253376	1	many_to_one	lincDivg	ENSG00000253376	1
ENSCAFG00845027568	1	many_to_many_DifferentNumber	ENSG00000253322;ENSG00000253376	1	many_to_one	lincDivg	ENSG00000253376	1
ENSCAFG00845027574	1	many_to_many_DifferentNumber	ENSG00000253322;ENSG00000253376	1	many_to_one	lincDivg	ENSG00000253376	1
ENSCAFG00845027579	1	many_to_many_DifferentNumber	ENSG00000253322;ENSG00000253376	1	many_to_one	lincDivg	ENSG00000253376	1
ENSCAFG00845027589	1	many_to_many_DifferentNumber	ENSG00000253322;ENSG00000253376	1	many_to_one	lincDivg	ENSG00000253376	1
ENSCAFG00845027596	1	many_to_many_DifferentNumber	ENSG00000253322;ENSG00000253376	1	many_to_one	lincDivg	ENSG00000253376	1
ENSCAFG00845027617	1	many_to_many_DifferentNumber	ENSG00000253523;ENSG00000253116;ENSG00000288041;ENSG00000253281	0	NA	NA	NA	0
ENSCAFG00845027620	1	many_to_many_DifferentNumber	ENSG00000253523;ENSG00000253116;ENSG00000288041;ENSG00000253281	0	NA	NA	NA	0
ENSCAFG00845028568	1	one_to_many	ENSG00000287788;ENSG00000286701;ENSG00000288761	1	one_to_one	lncgSS.up	ENSG00000286701	1
ENSCAFG00845028711	1	one_to_one	ENSG00000253474	0	NA	NA	NA	1
ENSCAFG00845028668	1	many_to_many_DifferentNumber	ENSG00000253206;ENSG00000253380;ENSG00000253484;ENSG00000271148;ENSG00000289095	0	NA	NA	NA	1
ENSCAFG00845028671	1	many_to_many_DifferentNumber	ENSG00000253206;ENSG00000253380;ENSG00000253484;ENSG00000271148;ENSG00000289095	0	NA	NA	NA	1
ENSCAFG00845028673	1	many_to_many_DifferentNumber	ENSG00000253206;ENSG00000253380;ENSG00000253484;ENSG00000271148;ENSG00000289095	0	NA	NA	NA	1
ENSCAFG00845028682	1	many_to_many_DifferentNumber	ENSG00000253206;ENSG00000253380;ENSG00000253484;ENSG00000271148;ENSG00000289095	0	NA	NA	NA	1
ENSCAFG00845028684	1	many_to_many_DifferentNumber	ENSG00000253206;ENSG00000253380;ENSG00000253484;ENSG00000271148;ENSG00000289095	0	NA	NA	NA	0
ENSCAFG00845028687	1	many_to_many_DifferentNumber	ENSG00000253206;ENSG00000253380;ENSG00000253484;ENSG00000271148;ENSG00000289095	0	NA	NA	NA	1
ENSCAFG00845028692	1	many_to_many_DifferentNumber	ENSG00000253206;ENSG00000253380;ENSG00000253484;ENSG00000271148;ENSG00000289095	0	NA	NA	NA	1
ENSCAFG00845028704	1	many_to_many_DifferentNumber	ENSG00000253206;ENSG00000253380;ENSG00000253484;ENSG00000271148;ENSG00000289095	0	NA	NA	NA	1
ENSCAFG00845028717	1	many_to_many_DifferentNumber	ENSG00000253206;ENSG00000253380;ENSG00000253484;ENSG00000271148;ENSG00000289095	0	NA	NA	NA	0
ENSCAFG00845028726	1	many_to_many_DifferentNumber	ENSG00000253206;ENSG00000253380;ENSG00000253484;ENSG00000271148;ENSG00000289095	0	NA	NA	NA	1
ENSCAFG00845028732	1	many_to_many_DifferentNumber	ENSG00000253206;ENSG00000253380;ENSG00000253484;ENSG00000271148;ENSG00000289095	0	NA	NA	NA	1
ENSCAFG00845028744	1	many_to_many_DifferentNumber	ENSG00000253206;ENSG00000253380;ENSG00000253484;ENSG00000271148;ENSG00000289095	0	NA	NA	NA	1
ENSCAFG00845028754	1	many_to_many_DifferentNumber	ENSG00000253206;ENSG00000253380;ENSG00000253484;ENSG00000271148;ENSG00000289095	0	NA	NA	NA	1
ENSCAFG00845028767	1	many_to_many_DifferentNumber	ENSG00000253206;ENSG00000253380;ENSG00000253484;ENSG00000271148;ENSG00000289095	0	NA	NA	NA	1
ENSCAFG00845028774	1	many_to_many_DifferentNumber	ENSG00000253206;ENSG00000253380;ENSG00000253484;ENSG00000271148;ENSG00000289095	0	NA	NA	NA	0
ENSCAFG00845028782	1	many_to_many_DifferentNumber	ENSG00000253206;ENSG00000253380;ENSG00000253484;ENSG00000271148;ENSG00000289095	1	many_to_one	lincDivg	ENSG00000253484	1
ENSCAFG00845028784	1	many_to_many_DifferentNumber	ENSG00000253206;ENSG00000253380;ENSG00000253484;ENSG00000271148;ENSG00000289095	1	many_to_one	lincDivg	ENSG00000253484	1
ENSCAFG00845028793	1	many_to_many_DifferentNumber	ENSG00000253206;ENSG00000253380;ENSG00000253484;ENSG00000271148;ENSG00000289095	1	many_to_one	lincDivg	ENSG00000253484	1
ENSCAFG00845028799	1	many_to_many_DifferentNumber	ENSG00000253206;ENSG00000253380;ENSG00000253484;ENSG00000271148;ENSG00000289095	1	many_to_one	lincDivg	ENSG00000253484	1
ENSCAFG00845028807	1	many_to_many_DifferentNumber	ENSG00000253206;ENSG00000253380;ENSG00000253484;ENSG00000271148;ENSG00000289095	1	many_to_one	lincDivg	ENSG00000253484	1
ENSCAFG00845028818	1	many_to_many_DifferentNumber	ENSG00000253206;ENSG00000253380;ENSG00000253484;ENSG00000271148;ENSG00000289095	1	many_to_one	lincDivg	ENSG00000253484	1
ENSCAFG00845028825	1	many_to_many_DifferentNumber	ENSG00000253206;ENSG00000253380;ENSG00000253484;ENSG00000271148;ENSG00000289095	1	many_to_one	lincDivg	ENSG00000253484	1
ENSCAFG00845028831	1	many_to_many_DifferentNumber	ENSG00000253206;ENSG00000253380;ENSG00000253484;ENSG00000271148;ENSG00000289095	1	many_to_one	lincDivg	ENSG00000253484	1
ENSCAFG00845028686	1	one_to_one	ENSG00000255289	1	one_to_one	lincSS.up	ENSG00000255289	1
ENSCAFG00845029431	1	many_to_many_DifferentNumber	ENSG00000254314;ENSG00000253551;ENSG00000253924	0	NA	NA	NA	0
ENSCAFG00845029440	1	many_to_many_DifferentNumber	ENSG00000254314;ENSG00000253551;ENSG00000253924	0	NA	NA	NA	0
ENSCAFG00845029451	1	many_to_many_DifferentNumber	ENSG00000254314;ENSG00000253551;ENSG00000253924	0	NA	NA	NA	0
ENSCAFG00845029456	1	many_to_many_DifferentNumber	ENSG00000254314;ENSG00000253551;ENSG00000253924	0	NA	NA	NA	0
ENSCAFG00845029462	1	many_to_many_DifferentNumber	ENSG00000254314;ENSG00000253551;ENSG00000253924	0	NA	NA	NA	0
ENSCAFG00845029477	1	many_to_many_DifferentNumber	ENSG00000254314;ENSG00000253551;ENSG00000253924	0	NA	NA	NA	0
ENSCAFG00845029483	1	many_to_many_DifferentNumber	ENSG00000254314;ENSG00000253551;ENSG00000253924	0	NA	NA	NA	0
ENSCAFG00845029487	1	one_to_one	ENSG00000253416	1	one_to_one	lincSS.dw	ENSG00000253416	0
ENSCAFG00845029504	1	one_to_one	ENSG00000254266	0	NA	NA	NA	0
ENSCAFG00845029547	1	one_to_one	ENSG00000260398	1	one_to_one	lncgSS.dw	ENSG00000260398	0
ENSCAFG00845029682	1	one_to_many	ENSG00000253834;ENSG00000285971;ENSG00000251127	1	one_to_many	lncgDivg	ENSG00000285971;ENSG00000287105;ENSG00000254050	0
ENSCAFG00845029781	1	one_to_many	ENSG00000254050;ENSG00000287105	0	NA	NA	NA	0
ENSCAFG00845029810	1	many_to_one	ENSG00000253121	1	many_to_one	lncgDivg	ENSG00000253121	0
ENSCAFG00845029816	1	many_to_one	ENSG00000253121	1	many_to_one	lncgDivg	ENSG00000253121	0
ENSCAFG00845029829	1	many_to_one	ENSG00000253121	0	NA	NA	NA	0
ENSCAFG00845016732	1	one_to_one	ENSG00000235823	0	NA	NA	NA	0
ENSCAFG00845023836	1	one_to_one	ENSG00000235010	0	NA	NA	NA	0
ENSCAFG00845026732	1	one_to_one	ENSG00000274685	0	NA	NA	NA	1
ENSCAFG00845026793	1	one_to_one	ENSG00000229418	0	NA	NA	NA	1
ENSCAFG00845027310	1	one_to_one	ENSG00000285712	0	NA	NA	NA	0
ENSCAFG00845027448	1	one_to_one	ENSG00000287326	0	NA	NA	NA	1
ENSCAFG00845027810	1	one_to_one	ENSG00000235470	1	one_to_many	lncgDivg	ENSG00000235470;ENSG00000287419	1
ENSCAFG00845028275	1	one_to_many	ENSG00000227374;ENSG00000283141	0	NA	NA	NA	1
ENSCAFG00845029145	1	one_to_one	ENSG00000289580	1	one_to_one	lncgDivg	ENSG00000289580	1
ENSCAFG00845029885	1	one_to_many	ENSG00000260917;ENSG00000225292	1	one_to_one	lncgSS.dw	ENSG00000260917	1
ENSCAFG00845029891	1	one_to_many	ENSG00000285676;ENSG00000233340	1	one_to_one	lncgConv	ENSG00000285676	1
ENSCAFG00845030389	1	one_to_one	ENSG00000234393	0	NA	NA	NA	1
ENSCAFG00845030961	1	one_to_one	ENSG00000285582	0	NA	NA	NA	1
ENSCAFG00845016419	1	many_to_one	ENSG00000274874	0	NA	NA	NA	1
ENSCAFG00845016429	1	many_to_one	ENSG00000274874	0	NA	NA	NA	1
ENSCAFG00845016479	1	many_to_one	ENSG00000274874	0	NA	NA	NA	1
ENSCAFG00845016502	1	many_to_one	ENSG00000274874	0	NA	NA	NA	1
ENSCAFG00845020310	1	one_to_one	ENSG00000258323	1	one_to_one	lncgDivg	ENSG00000258323	0
ENSCAFG00845022462	1	one_to_one	ENSG00000178803	0	NA	NA	NA	0
ENSCAFG00845023946	1	one_to_one	ENSG00000212694	1	one_to_one	lncgSS.up	ENSG00000212694	1
ENSCAFG00845023963	1	one_to_many	ENSG00000272849;ENSG00000274292	0	NA	NA	NA	1
ENSCAFG00845024262	1	one_to_one	ENSG00000257935	1	one_to_one	lncgDivg	ENSG00000257935	1
ENSCAFG00845025143	1	many_to_many_sameNumber	ENSG00000236617;ENSG00000250790	0	NA	NA	NA	0
ENSCAFG00845025179	1	many_to_many_sameNumber	ENSG00000236617;ENSG00000250790	1	one_to_many	lncgDivg	ENSG00000236617;ENSG00000250790	1
ENSCAFG00845027718	1	one_to_many	ENSG00000276693;ENSG00000256312	1	one_to_one	lincConv	ENSG00000256312	0
ENSCAFG00845028006	1	one_to_many	ENSG00000234884;ENSG00000233577;ENSG00000272942;ENSG00000279298;ENSG00000290796	1	one_to_many	lincConv	ENSG00000233577;ENSG00000279298	0
ENSCAFG00845029152	1	many_to_many_DifferentNumber	ENSG00000256151;ENSG00000256810;ENSG00000287792;ENSG00000275232;ENSG00000248703;ENSG00000256209;ENSG00000286462;ENSG00000256258;ENSG00000256424	1	one_to_many	lincDivg	ENSG00000256424;ENSG00000256258	0
ENSCAFG00845029175	1	many_to_many_DifferentNumber	ENSG00000256151;ENSG00000256810;ENSG00000287792;ENSG00000275232;ENSG00000248703;ENSG00000256209;ENSG00000286462;ENSG00000256258;ENSG00000256424	0	NA	NA	NA	0
ENSCAFG00845029191	1	many_to_many_DifferentNumber	ENSG00000256151;ENSG00000256810;ENSG00000287792;ENSG00000275232;ENSG00000248703;ENSG00000256209;ENSG00000286462;ENSG00000256258;ENSG00000256424	0	NA	NA	NA	0
ENSCAFG00845029202	1	many_to_many_DifferentNumber	ENSG00000256151;ENSG00000256810;ENSG00000287792;ENSG00000275232;ENSG00000248703;ENSG00000256209;ENSG00000286462;ENSG00000256258;ENSG00000256424	0	NA	NA	NA	0
ENSCAFG00845029182	1	one_to_many	ENSG00000287136;ENSG00000204603;ENSG00000256484;ENSG00000230294;ENSG00000287639;ENSG00000249926;ENSG00000256204	1	one_to_one	lincSS.dw	ENSG00000204603	0
ENSCAFG00845029702	1	one_to_one	ENSG00000261188	1	one_to_one	lncgDivg	ENSG00000261188	1
ENSCAFG00845029939	1	one_to_one	ENSG00000235954	0	NA	NA	NA	0
ENSCAFG00845030302	1	one_to_one	ENSG00000177993	0	NA	NA	NA	1
ENSCAFG00845030915	1	one_to_one	ENSG00000289888	0	NA	NA	NA	1
ENSCAFG00845016520	1	one_to_many	ENSG00000277152;ENSG00000259437;ENSG00000274995	1	one_to_one	lincSS.dw	ENSG00000277152	1
ENSCAFG00845016506	1	one_to_many	ENSG00000259289;ENSG00000259347	0	NA	NA	NA	1
ENSCAFG00845016896	1	many_to_one	ENSG00000259238	0	NA	NA	NA	0
ENSCAFG00845016908	1	many_to_one	ENSG00000259238	0	NA	NA	NA	0
ENSCAFG00845016953	1	many_to_many_sameNumber	ENSG00000259223;ENSG00000287915	0	NA	NA	NA	0
ENSCAFG00845016983	1	many_to_many_sameNumber	ENSG00000259223;ENSG00000287915	0	NA	NA	NA	0
ENSCAFG00845017178	1	one_to_one	ENSG00000278493	0	NA	NA	NA	1
ENSCAFG00845020165	1	many_to_many_sameNumber	ENSG00000259488;ENSG00000259235;ENSG00000259385	0	NA	NA	NA	1
ENSCAFG00845020189	1	many_to_many_sameNumber	ENSG00000259488;ENSG00000259235;ENSG00000259385	0	NA	NA	NA	1
ENSCAFG00845020205	1	many_to_many_sameNumber	ENSG00000259488;ENSG00000259235;ENSG00000259385	1	one_to_one	lncgDivg	ENSG00000259488	1
ENSCAFG00845020991	1	one_to_many	ENSG00000259268;ENSG00000276651	0	NA	NA	NA	0
ENSCAFG00845021553	1	one_to_one	ENSG00000259602	0	NA	NA	NA	1
ENSCAFG00845025299	1	one_to_many	ENSG00000261191;ENSG00000259280	1	one_to_one	lncgSS.dw	ENSG00000259280	1
ENSCAFG00845027920	1	one_to_one	ENSG00000287500	1	one_to_one	lncgDivg	ENSG00000287500	1
ENSCAFG00845027976	1	one_to_one	ENSG00000259203	0	NA	NA	NA	1
ENSCAFG00845028927	1	one_to_one	ENSG00000285805	1	one_to_one	lncgDivg	ENSG00000285805	1
ENSCAFG00845029006	1	one_to_one	ENSG00000259180	0	NA	NA	NA	1
ENSCAFG00845029510	1	one_to_many	ENSG00000247240;ENSG00000261775	1	one_to_one	lincSS.up	ENSG00000261775	1
ENSCAFG00845017653	1	many_to_many_DifferentNumber	ENSG00000273492;ENSG00000232692;ENSG00000197934;ENSG00000233783;ENSG00000224541	1	one_to_many	lncgDivg	ENSG00000224541;ENSG00000233783;ENSG00000273492	1
ENSCAFG00845017701	1	many_to_many_DifferentNumber	ENSG00000273492;ENSG00000232692;ENSG00000197934;ENSG00000233783;ENSG00000224541	0	NA	NA	NA	1
ENSCAFG00845017712	1	one_to_many	ENSG00000286902;ENSG00000273115;ENSG00000229025;ENSG00000289899	1	one_to_one	lincSS.dw	ENSG00000273115	1
ENSCAFG00845018155	1	many_to_many_DifferentNumber	ENSG00000226935;ENSG00000232079;ENSG00000236332;ENSG00000234052;ENSG00000225298;ENSG00000234083;ENSG00000178457	0	NA	NA	NA	0
ENSCAFG00845018172	1	many_to_many_DifferentNumber	ENSG00000226935;ENSG00000232079;ENSG00000236332;ENSG00000234052;ENSG00000225298;ENSG00000234083;ENSG00000178457	0	NA	NA	NA	0
ENSCAFG00845018228	1	one_to_many	ENSG00000231236;ENSG00000232855;ENSG00000236532	0	NA	NA	NA	0
ENSCAFG00845019632	1	one_to_many	ENSG00000275799;ENSG00000278158	1	one_to_one	lncgDivg	ENSG00000278158	1
ENSCAFG00845020683	1	one_to_many	ENSG00000244461;ENSG00000287567	0	NA	NA	NA	0
ENSCAFG00845021848	1	one_to_many	ENSG00000273027;ENSG00000183250	1	one_to_one	lncgDivg	ENSG00000183250	1
ENSCAFG00845021937	1	many_to_one	ENSG00000276529	0	NA	NA	NA	1
ENSCAFG00845021947	1	many_to_one	ENSG00000276529	0	NA	NA	NA	1
ENSCAFG00845021920	1	one_to_many	ENSG00000234880;ENSG00000261706;ENSG00000275874	1	one_to_many	lincConv	ENSG00000234880;ENSG00000261706;ENSG00000275874	1
ENSCAFG00845022658	1	many_to_many_DifferentNumber	ENSG00000286643;ENSG00000237594	0	NA	NA	NA	0
ENSCAFG00845022669	1	many_to_many_DifferentNumber	ENSG00000286643;ENSG00000237594	0	NA	NA	NA	1
ENSCAFG00845022698	1	many_to_many_DifferentNumber	ENSG00000286643;ENSG00000237594	0	NA	NA	NA	1
ENSCAFG00845022641	1	one_to_one	ENSG00000234509	0	NA	NA	NA	1
ENSCAFG00845023583	1	one_to_one	ENSG00000273091	0	NA	NA	NA	0
ENSCAFG00845023998	1	one_to_many	ENSG00000275139;ENSG00000205424;ENSG00000286886;ENSG00000289224	1	one_to_one	lncgDivg	ENSG00000289224	0
ENSCAFG00845025055	1	many_to_one	ENSG00000280594	0	NA	NA	NA	0
ENSCAFG00845025090	1	many_to_one	ENSG00000280594	0	NA	NA	NA	1
ENSCAFG00845025068	1	one_to_many	ENSG00000240770;ENSG00000226956	0	NA	NA	NA	0
ENSCAFG00845026338	1	one_to_many	ENSG00000232360;ENSG00000227757	1	one_to_one	lincSS.up	ENSG00000232360	1
ENSCAFG00845026388	1	one_to_one	ENSG00000232539	1	one_to_one	lincSS.up	ENSG00000232539	1
ENSCAFG00845026695	1	many_to_one	ENSG00000289238	1	one_to_one	lncgDivg	ENSG00000289238	1
ENSCAFG00845026725	1	many_to_one	ENSG00000289238	0	NA	NA	NA	1
ENSCAFG00845027642	1	many_to_one	ENSG00000286852	0	NA	NA	NA	1
ENSCAFG00845027653	1	many_to_one	ENSG00000286852	0	NA	NA	NA	1
ENSCAFG00845027630	1	one_to_many	ENSG00000286517;ENSG00000231324;ENSG00000224269	1	one_to_one	lincSS.up	ENSG00000231324	1
ENSCAFG00845027807	1	one_to_one	ENSG00000237646	1	one_to_one	lncgSS.up	ENSG00000237646	1
ENSCAFG00845028522	1	one_to_many	ENSG00000270116;ENSG00000230366;ENSG00000242553	1	one_to_many	lncgConv	ENSG00000242553;ENSG00000230366	0
ENSCAFG00845028529	1	one_to_one	ENSG00000228677	0	NA	NA	NA	0
ENSCAFG00845028960	1	one_to_many	ENSG00000198054;ENSG00000289538	1	one_to_one	lncgSS.up	ENSG00000198054	1
ENSCAFG00845029154	1	one_to_many	ENSG00000223806;ENSG00000289404	0	NA	NA	NA	1
ENSCAFG00845030054	1	one_to_one	ENSG00000224388	1	one_to_one	lncgSS.dw	ENSG00000224388	0
ENSCAFG00845030059	1	one_to_one	ENSG00000280109	0	NA	NA	NA	0
ENSCAFG00845016244	1	one_to_many	ENSG00000287632;ENSG00000260278	0	NA	NA	NA	1
ENSCAFG00845016710	1	many_to_one	ENSG00000246375	1	one_to_one	lncgDivg	ENSG00000246375	0
ENSCAFG00845016740	1	many_to_one	ENSG00000246375	0	NA	NA	NA	0
ENSCAFG00845016766	1	many_to_one	ENSG00000246375	0	NA	NA	NA	0
ENSCAFG00845016752	1	many_to_many_sameNumber	ENSG00000287181;ENSG00000286978	0	NA	NA	NA	0
ENSCAFG00845016779	1	many_to_many_sameNumber	ENSG00000287181;ENSG00000286978	1	one_to_many	lincDivg	ENSG00000287181;ENSG00000286978	0
ENSCAFG00845021420	1	one_to_one	ENSG00000249951	0	NA	NA	NA	0
ENSCAFG00845024286	1	many_to_one	ENSG00000249710	1	one_to_one	lncgDivg	ENSG00000249710	1
ENSCAFG00845024304	1	many_to_one	ENSG00000249710	0	NA	NA	NA	1
ENSCAFG00845027473	1	one_to_many	ENSG00000245384;ENSG00000250670;ENSG00000248373	1	one_to_one	lincSS.up	ENSG00000248373	1
ENSCAFG00845027521	1	many_to_many_DifferentNumber	ENSG00000248242;ENSG00000251259	1	many_to_one	lincDivg	ENSG00000251259	1
ENSCAFG00845027534	1	many_to_many_DifferentNumber	ENSG00000248242;ENSG00000251259	1	many_to_one	lincDivg	ENSG00000251259	1
ENSCAFG00845027542	1	many_to_many_DifferentNumber	ENSG00000248242;ENSG00000251259	1	many_to_one	lincDivg	ENSG00000251259	1
ENSCAFG00845029601	1	one_to_one	ENSG00000269893	1	one_to_one	lncgConv	ENSG00000269893	1
ENSCAFG00845015227	1	one_to_many	ENSG00000288074;ENSG00000242880;ENSG00000241560;ENSG00000242290;ENSG00000241295;ENSG00000239946;ENSG00000242767;ENSG00000288896	1	one_to_many	lncgDivg	ENSG00000242767;ENSG00000241560;ENSG00000288896;ENSG00000242880;ENSG00000242290;ENSG00000239946;ENSG00000241295	0
ENSCAFG00845015243	1	many_to_many_sameNumber	ENSG00000287795;ENSG00000259976	1	one_to_one	lncgSS.up	ENSG00000259976	0
ENSCAFG00845015254	1	many_to_many_sameNumber	ENSG00000287795;ENSG00000259976	0	NA	NA	NA	0
ENSCAFG00845015654	1	one_to_many	ENSG00000243197;ENSG00000242385;ENSG00000286660;ENSG00000240922;ENSG00000241397;ENSG00000242816	0	NA	NA	NA	0
ENSCAFG00845015643	1	one_to_many	ENSG00000243276;ENSG00000241213;ENSG00000239268	1	one_to_one	lincSS.dw	ENSG00000243276	0
ENSCAFG00845017339	1	one_to_one	ENSG00000286584	1	one_to_one	lncgDivg	ENSG00000286584	1
ENSCAFG00845017846	1	one_to_one	ENSG00000242622	0	NA	NA	NA	1
ENSCAFG00845018648	1	one_to_one	ENSG00000286735	1	one_to_one	lncgDivg	ENSG00000286735	0
ENSCAFG00845021813	1	one_to_one	ENSG00000249474	0	NA	NA	NA	1
ENSCAFG00845022125	1	one_to_many	ENSG00000287682;ENSG00000214407;ENSG00000241280	0	NA	NA	NA	1
ENSCAFG00845024047	1	many_to_many_sameNumber	ENSG00000241469;ENSG00000279277	0	NA	NA	NA	1
ENSCAFG00845024063	1	many_to_many_sameNumber	ENSG00000241469;ENSG00000279277	1	one_to_one	lncgSS.dw	ENSG00000279277	1
ENSCAFG00845029767	1	one_to_one	ENSG00000240057	0	NA	NA	NA	1
ENSCAFG00845030109	1	many_to_many_sameNumber	ENSG00000286661;ENSG00000232065;ENSG00000288990	0	NA	NA	NA	1
ENSCAFG00845030113	1	many_to_many_sameNumber	ENSG00000286661;ENSG00000232065;ENSG00000288990	1	one_to_one	lincConv	ENSG00000286661	1
ENSCAFG00845030117	1	many_to_many_sameNumber	ENSG00000286661;ENSG00000232065;ENSG00000288990	1	one_to_one	lincDivg	ENSG00000232065	1
ENSCAFG00845030253	1	one_to_one	ENSG00000239453	0	NA	NA	NA	1
ENSCAFG00845030781	1	many_to_many_DifferentNumber	ENSG00000230401;ENSG00000287073	0	NA	NA	NA	1
ENSCAFG00845030804	1	many_to_many_DifferentNumber	ENSG00000230401;ENSG00000287073	0	NA	NA	NA	1
ENSCAFG00845030811	1	many_to_many_DifferentNumber	ENSG00000230401;ENSG00000287073	0	NA	NA	NA	1
ENSCAFG00845030802	1	many_to_many_DifferentNumber	ENSG00000238031;ENSG00000233987;ENSG00000237222	0	NA	NA	NA	1
ENSCAFG00845030807	1	many_to_many_DifferentNumber	ENSG00000238031;ENSG00000233987;ENSG00000237222	0	NA	NA	NA	1
ENSCAFG00845016948	1	many_to_one	ENSG00000286797	0	NA	NA	NA	0
ENSCAFG00845016954	1	many_to_one	ENSG00000286797	0	NA	NA	NA	0
ENSCAFG00845016964	1	many_to_one	ENSG00000286797	0	NA	NA	NA	0
ENSCAFG00845017029	1	one_to_many	ENSG00000231646;ENSG00000226747	0	NA	NA	NA	0
ENSCAFG00845022594	1	one_to_one	ENSG00000237298	1	one_to_one	lncgConv	ENSG00000237298	0
ENSCAFG00845026274	1	one_to_one	ENSG00000234584	1	one_to_one	lncgSS.dw	ENSG00000234584	0
ENSCAFG00845026897	1	many_to_one	ENSG00000281131	0	NA	NA	NA	0
ENSCAFG00845026952	1	many_to_one	ENSG00000281131	0	NA	NA	NA	0
ENSCAFG00845027092	1	one_to_many	ENSG00000234663;ENSG00000289389	1	one_to_one	lincSS.dw	ENSG00000234663	0
ENSCAFG00845027032	1	many_to_many_DifferentNumber	ENSG00000236153;ENSG00000238171;ENSG00000226681	1	one_to_one	lncgConv	ENSG00000238171	0
ENSCAFG00845027042	1	many_to_many_DifferentNumber	ENSG00000236153;ENSG00000238171;ENSG00000226681	0	NA	NA	NA	0
ENSCAFG00845027055	1	many_to_many_DifferentNumber	ENSG00000236153;ENSG00000238171;ENSG00000226681	0	NA	NA	NA	0
ENSCAFG00845027064	1	many_to_many_DifferentNumber	ENSG00000236153;ENSG00000238171;ENSG00000226681	0	NA	NA	NA	0
ENSCAFG00845027444	1	one_to_one	ENSG00000204380	0	NA	NA	NA	0
ENSCAFG00845028545	1	many_to_many_DifferentNumber	ENSG00000236651;ENSG00000232555;ENSG00000288048	0	NA	NA	NA	0
ENSCAFG00845028553	1	many_to_many_DifferentNumber	ENSG00000236651;ENSG00000232555;ENSG00000288048	0	NA	NA	NA	0
ENSCAFG00845029460	1	one_to_many	ENSG00000285155;ENSG00000285373	1	one_to_one	lncgSS.dw	ENSG00000285373	0
ENSCAFG00845016344	1	many_to_one	ENSG00000289294	0	NA	NA	NA	1
ENSCAFG00845016355	1	many_to_one	ENSG00000289294	1	one_to_one	lncgDivg	ENSG00000289294	1
ENSCAFG00845019074	1	one_to_many	ENSG00000281961;ENSG00000282692;ENSG00000282375;ENSG00000282160	0	NA	NA	NA	1
ENSCAFG00845019690	1	one_to_many	ENSG00000273118;ENSG00000286965	1	one_to_one	lincSS.dw	ENSG00000286965	0
ENSCAFG00845020033	1	one_to_many	ENSG00000236193;ENSG00000272519;ENSG00000196096	1	one_to_one	lncgDivg	ENSG00000196096	0
ENSCAFG00845020295	1	many_to_one	ENSG00000225610	0	NA	NA	NA	0
ENSCAFG00845020305	1	many_to_one	ENSG00000225610	0	NA	NA	NA	0
ENSCAFG00845020327	1	many_to_one	ENSG00000225610	0	NA	NA	NA	0
ENSCAFG00845020343	1	many_to_one	ENSG00000225610	0	NA	NA	NA	0
ENSCAFG00845020314	1	one_to_one	ENSG00000225216	0	NA	NA	NA	0
ENSCAFG00845021407	1	one_to_one	ENSG00000231653	0	NA	NA	NA	0
ENSCAFG00845021414	1	one_to_one	ENSG00000228577	0	NA	NA	NA	0
ENSCAFG00845021946	1	many_to_many_DifferentNumber	ENSG00000223725;ENSG00000237892;ENSG00000234902;ENSG00000240440	0	NA	NA	NA	1
ENSCAFG00845021969	1	many_to_many_DifferentNumber	ENSG00000223725;ENSG00000237892;ENSG00000234902;ENSG00000240440	0	NA	NA	NA	1
ENSCAFG00845022375	1	many_to_one	ENSG00000272211	1	one_to_one	lncgDivg	ENSG00000272211	1
ENSCAFG00845022406	1	many_to_one	ENSG00000272211	0	NA	NA	NA	1
ENSCAFG00845023528	1	one_to_one	ENSG00000231908	0	NA	NA	NA	1
ENSCAFG00845025028	1	one_to_one	ENSG00000231597	0	NA	NA	NA	0
ENSCAFG00845025062	1	one_to_one	ENSG00000223874	0	NA	NA	NA	0
ENSCAFG00845025242	1	one_to_many	ENSG00000272979;ENSG00000290089	0	NA	NA	NA	1
ENSCAFG00845026647	1	one_to_one	ENSG00000261338	1	one_to_one	lncgSS.dw	ENSG00000261338	0
ENSCAFG00845030631	1	one_to_many	ENSG00000239498;ENSG00000235337;ENSG00000236451;ENSG00000224819;ENSG00000267919;ENSG00000227308;ENSG00000288902	0	NA	NA	NA	0
ENSCAFG00845030752	1	one_to_one	ENSG00000273209	0	NA	NA	NA	1
ENSCAFG00845015541	1	many_to_one	ENSG00000271755	1	one_to_one	lncgConv	ENSG00000271755	0
ENSCAFG00845015555	1	many_to_one	ENSG00000271755	0	NA	NA	NA	0
ENSCAFG00845016554	1	one_to_many	ENSG00000287614;ENSG00000286590;ENSG00000227803	1	one_to_one	lincSS.up	ENSG00000286590	0
ENSCAFG00845016753	1	one_to_one	ENSG00000225092	1	one_to_one	lncgSS.dw	ENSG00000225092	0
ENSCAFG00845016765	1	one_to_one	ENSG00000285771	0	NA	NA	NA	0
ENSCAFG00845017101	1	many_to_many_DifferentNumber	ENSG00000286368;ENSG00000280989;ENSG00000283480;ENSG00000287404;ENSG00000233848;ENSG00000227089;ENSG00000231754	1	many_to_many_strict	lincDivg	ENSG00000280989;ENSG00000231754	0
ENSCAFG00845017123	1	many_to_many_DifferentNumber	ENSG00000286368;ENSG00000280989;ENSG00000283480;ENSG00000287404;ENSG00000233848;ENSG00000227089;ENSG00000231754	1	many_to_many_strict	lincDivg	ENSG00000280989;ENSG00000231754	0
ENSCAFG00845017130	1	many_to_many_DifferentNumber	ENSG00000286368;ENSG00000280989;ENSG00000283480;ENSG00000287404;ENSG00000233848;ENSG00000227089;ENSG00000231754	1	one_to_one	lncgDivg	ENSG00000283480	0
ENSCAFG00845018048	1	many_to_one	ENSG00000272320	1	one_to_one	lncgDivg	ENSG00000272320	1
ENSCAFG00845018080	1	many_to_one	ENSG00000272320	0	NA	NA	NA	1
ENSCAFG00845018135	1	one_to_one	ENSG00000228793	0	NA	NA	NA	1
ENSCAFG00845019052	1	one_to_many	ENSG00000288548;ENSG00000272142	0	NA	NA	NA	1
ENSCAFG00845019046	1	one_to_one	ENSG00000271978	0	NA	NA	NA	1
ENSCAFG00845020833	1	one_to_many	ENSG00000242753;ENSG00000233656;ENSG00000287920;ENSG00000290062	1	one_to_one	lincDivg	ENSG00000233656	0
ENSCAFG00845021056	1	one_to_many	ENSG00000287593;ENSG00000234427;ENSG00000229896	0	NA	NA	NA	0
ENSCAFG00845021091	1	one_to_one	ENSG00000225102	1	one_to_one	lincDivg	ENSG00000225102	0
ENSCAFG00845022121	1	one_to_one	ENSG00000289257	0	NA	NA	NA	0
ENSCAFG00845023137	1	one_to_one	ENSG00000233981	0	NA	NA	NA	1
ENSCAFG00845024306	1	one_to_one	ENSG00000236364	0	NA	NA	NA	0
ENSCAFG00845025726	1	one_to_one	ENSG00000236069	0	NA	NA	NA	0
ENSCAFG00845028096	1	one_to_many	ENSG00000231814;ENSG00000230714;ENSG00000232100	1	one_to_one	lincSS.dw	ENSG00000231814	0
ENSCAFG00845028108	1	one_to_many	ENSG00000234070;ENSG00000286775	0	NA	NA	NA	0
ENSCAFG00845028234	1	many_to_many_DifferentNumber	ENSG00000281453;ENSG00000228208	1	one_to_one	lncgSS.dw	ENSG00000281453	1
ENSCAFG00845028245	1	many_to_many_DifferentNumber	ENSG00000281453;ENSG00000228208	1	many_to_one	lincSS.dw	ENSG00000228208	1
ENSCAFG00845028269	1	many_to_many_DifferentNumber	ENSG00000281453;ENSG00000228208	1	many_to_one	lincSS.dw	ENSG00000228208	1
ENSCAFG00845028299	1	one_to_many	ENSG00000225561;ENSG00000228063	1	one_to_one	lncgDivg	ENSG00000228063	1
ENSCAFG00845030265	1	one_to_one	ENSG00000228437	0	NA	NA	NA	0
ENSCAFG00845020052	0	NA	NA	1	one_to_one	lincConv	ENSG00000235886	0
ENSCAFG00845022979	0	NA	NA	1	one_to_one	lincConv	ENSG00000229989	1
ENSCAFG00845022177	0	NA	NA	1	one_to_one	lincConv	ENSG00000232643	1
ENSCAFG00845001956	0	NA	NA	1	one_to_one	lincConv	ENSG00000285646	0
ENSCAFG00845005912	0	NA	NA	1	one_to_one	lincConv	ENSG00000226856	0
ENSCAFG00845005712	0	NA	NA	1	many_to_one	lincConv	ENSG00000257329	0
ENSCAFG00845027451	0	NA	NA	1	many_to_one	lincConv	ENSG00000257329	0
ENSCAFG00845002299	0	NA	NA	1	one_to_many	lincConv	ENSG00000272461;ENSG00000259837	0
ENSCAFG00845014177	0	NA	NA	1	one_to_many	lincConv	ENSG00000223872;ENSG00000234210;ENSG00000233191	1
ENSCAFG00845005031	0	NA	NA	1	many_to_one	lincConv	ENSG00000251183	1
ENSCAFG00845005040	0	NA	NA	1	many_to_one	lincConv	ENSG00000251183	1
ENSCAFG00845002216	0	NA	NA	1	one_to_one	lincConv	ENSG00000260306	0
ENSCAFG00845024368	0	NA	NA	1	one_to_many	lincConv	ENSG00000254337;ENSG00000253658	1
ENSCAFG00845001172	0	NA	NA	1	one_to_many	lincConv	ENSG00000266304;ENSG00000266278	0
ENSCAFG00845005811	0	NA	NA	1	many_to_one	lincConv	ENSG00000255021	0
ENSCAFG00845005801	0	NA	NA	1	many_to_one	lincConv	ENSG00000255021	0
ENSCAFG00845020719	0	NA	NA	1	one_to_one	lincConv	ENSG00000289857	0
ENSCAFG00845009239	0	NA	NA	1	one_to_many	lincConv	ENSG00000257056;ENSG00000257748	0
ENSCAFG00845004586	0	NA	NA	1	one_to_one	lincConv	ENSG00000290987	0
ENSCAFG00845005282	0	NA	NA	1	many_to_one	lincConv	ENSG00000245060	0
ENSCAFG00845028395	0	NA	NA	1	many_to_one	lincConv	ENSG00000245060	0
ENSCAFG00845015108	0	NA	NA	1	one_to_one	lincConv	ENSG00000284640	0
ENSCAFG00845002373	0	NA	NA	1	one_to_one	lincDivg	ENSG00000251152	0
ENSCAFG00845017341	0	NA	NA	1	many_to_one	lincDivg	ENSG00000240476	0
ENSCAFG00845017360	0	NA	NA	1	many_to_one	lincDivg	ENSG00000240476	0
ENSCAFG00845023891	0	NA	NA	1	one_to_one	lincDivg	ENSG00000258292	0
ENSCAFG00845000556	0	NA	NA	1	one_to_one	lincDivg	ENSG00000266256	0
ENSCAFG00845024209	0	NA	NA	1	one_to_one	lincDivg	ENSG00000261645	1
ENSCAFG00845013851	0	NA	NA	1	one_to_one	lincDivg	ENSG00000250166	1
ENSCAFG00845004897	0	NA	NA	1	one_to_one	lincDivg	ENSG00000231720	0
ENSCAFG00845018073	0	NA	NA	1	one_to_one	lincDivg	ENSG00000261757	1
ENSCAFG00845008214	0	NA	NA	1	many_to_many_strict	lincDivg	ENSG00000237220;ENSG00000224048	1
ENSCAFG00845008226	0	NA	NA	1	many_to_many_strict	lincDivg	ENSG00000237220;ENSG00000224048	1
ENSCAFG00845026434	0	NA	NA	1	many_to_one	lincDivg	ENSG00000256256	1
ENSCAFG00845026445	0	NA	NA	1	many_to_one	lincDivg	ENSG00000256256	1
ENSCAFG00845026409	0	NA	NA	1	many_to_one	lincDivg	ENSG00000256256	1
ENSCAFG00845020409	0	NA	NA	1	many_to_many	lincDivg	ENSG00000228639;ENSG00000234899	0
ENSCAFG00845020450	0	NA	NA	1	many_to_many	lincDivg	ENSG00000228639;ENSG00000234899	0
ENSCAFG00845020427	0	NA	NA	1	many_to_many	lincDivg	ENSG00000228639;ENSG00000234899	0
ENSCAFG00845009202	0	NA	NA	1	one_to_one	lincDivg	ENSG00000228886	0
ENSCAFG00845025573	0	NA	NA	1	one_to_one	lincDivg	ENSG00000274444	1
ENSCAFG00845009755	0	NA	NA	1	one_to_one	lincDivg	ENSG00000286197	1
ENSCAFG00845012441	0	NA	NA	1	one_to_one	lincDivg	ENSG00000286010	0
ENSCAFG00845030254	0	NA	NA	1	one_to_many	lincDivg	ENSG00000257114;ENSG00000257164	1
ENSCAFG00845004193	0	NA	NA	1	one_to_many	lincDivg	ENSG00000255571;ENSG00000289128	0
ENSCAFG00845004812	0	NA	NA	1	one_to_one	lincDivg	ENSG00000260759	1
ENSCAFG00845024037	0	NA	NA	1	one_to_many	lincDivg	ENSG00000289259;ENSG00000289740;ENSG00000279243;ENSG00000290061;ENSG00000270117;ENSG00000289883	1
ENSCAFG00845004062	0	NA	NA	1	many_to_one	lincDivg	ENSG00000254130	0
ENSCAFG00845004083	0	NA	NA	1	many_to_one	lincDivg	ENSG00000254130	0
ENSCAFG00845004030	0	NA	NA	1	many_to_one	lincDivg	ENSG00000254130	0
ENSCAFG00845004051	0	NA	NA	1	many_to_one	lincDivg	ENSG00000254130	0
ENSCAFG00845004057	0	NA	NA	1	many_to_one	lincDivg	ENSG00000254130	0
ENSCAFG00845027509	0	NA	NA	1	one_to_many	lincDivg	ENSG00000289315;ENSG00000239941	0
ENSCAFG00845002716	0	NA	NA	1	one_to_many	lincDivg	ENSG00000285462;ENSG00000235011	0
ENSCAFG00845019732	0	NA	NA	1	many_to_one	lincDivg	ENSG00000236572	1
ENSCAFG00845019713	0	NA	NA	1	many_to_one	lincDivg	ENSG00000236572	1
ENSCAFG00845019722	0	NA	NA	1	many_to_one	lincDivg	ENSG00000236572	1
ENSCAFG00845006737	0	NA	NA	1	one_to_one	lincDivg	ENSG00000272515	0
ENSCAFG00845007072	0	NA	NA	1	one_to_one	lincDivg	ENSG00000286476	0
ENSCAFG00845027146	0	NA	NA	1	one_to_one	lincDivg	ENSG00000230555	0
ENSCAFG00845016009	0	NA	NA	1	many_to_one	lincDivg	ENSG00000228488	0
ENSCAFG00845015993	0	NA	NA	1	many_to_one	lincDivg	ENSG00000228488	0
ENSCAFG00845016219	0	NA	NA	1	one_to_one	lincDivg	ENSG00000249815	1
ENSCAFG00845012132	0	NA	NA	1	one_to_many	lincDivg	ENSG00000262873;ENSG00000262098	1
ENSCAFG00845010130	0	NA	NA	1	one_to_many	lincDivg	ENSG00000232325;ENSG00000287883;ENSG00000261795;ENSG00000242474	0
ENSCAFG00845004453	0	NA	NA	1	many_to_one	lincDivg	ENSG00000255689	1
ENSCAFG00845004447	0	NA	NA	1	many_to_one	lincDivg	ENSG00000255689	1
ENSCAFG00845004450	0	NA	NA	1	many_to_one	lincDivg	ENSG00000255689	1
ENSCAFG00845004442	0	NA	NA	1	many_to_one	lincDivg	ENSG00000255689	1
ENSCAFG00845004457	0	NA	NA	1	many_to_one	lincDivg	ENSG00000255689	1
ENSCAFG00845004437	0	NA	NA	1	many_to_one	lincDivg	ENSG00000255689	1
ENSCAFG00845029920	0	NA	NA	1	one_to_many	lincDivg	ENSG00000271533;ENSG00000230590	1
ENSCAFG00845006155	0	NA	NA	1	one_to_many	lincDivg	ENSG00000258473;ENSG00000258819	1
ENSCAFG00845003575	0	NA	NA	1	many_to_one	lincSS.dw	ENSG00000265400	0
ENSCAFG00845003570	0	NA	NA	1	many_to_one	lincSS.dw	ENSG00000265400	0
ENSCAFG00845003841	0	NA	NA	1	one_to_one	lincSS.dw	ENSG00000290444	1
ENSCAFG00845022182	0	NA	NA	1	one_to_many	lincSS.dw	ENSG00000224511;ENSG00000232117	1
ENSCAFG00845006543	0	NA	NA	1	one_to_many	lincSS.dw	ENSG00000234199;ENSG00000243179	0
ENSCAFG00845027211	0	NA	NA	1	one_to_one	lincSS.dw	ENSG00000231327	1
ENSCAFG00845005450	0	NA	NA	1	one_to_one	lincSS.dw	ENSG00000289371	0
ENSCAFG00845011883	0	NA	NA	1	many_to_one	lincSS.dw	ENSG00000286565	0
ENSCAFG00845011950	0	NA	NA	1	many_to_one	lincSS.dw	ENSG00000286565	0
ENSCAFG00845024312	0	NA	NA	1	one_to_one	lincSS.dw	ENSG00000232077	0
ENSCAFG00845028380	0	NA	NA	1	one_to_many	lincSS.dw	ENSG00000287676;ENSG00000277007	0
ENSCAFG00845018950	0	NA	NA	1	one_to_one	lincSS.dw	ENSG00000249125	1
ENSCAFG00845022986	0	NA	NA	1	one_to_one	lincSS.dw	ENSG00000272745	0
ENSCAFG00845009050	0	NA	NA	1	many_to_one	lincSS.dw	ENSG00000272479	1
ENSCAFG00845009060	0	NA	NA	1	many_to_one	lincSS.dw	ENSG00000272479	1
ENSCAFG00845030880	0	NA	NA	1	many_to_one	lincSS.dw	ENSG00000236799	1
ENSCAFG00845030878	0	NA	NA	1	many_to_one	lincSS.dw	ENSG00000236799	1
ENSCAFG00845009770	0	NA	NA	1	one_to_one	lincSS.dw	ENSG00000260430	1
ENSCAFG00845021449	0	NA	NA	1	one_to_one	lincSS.dw	ENSG00000271382	0
ENSCAFG00845004287	0	NA	NA	1	one_to_one	lincSS.dw	ENSG00000269151	0
ENSCAFG00845001135	0	NA	NA	1	many_to_one	lincSS.dw	ENSG00000266258	0
ENSCAFG00845001162	0	NA	NA	1	many_to_one	lincSS.dw	ENSG00000266258	0
ENSCAFG00845013609	0	NA	NA	1	one_to_one	lincSS.dw	ENSG00000287332	0
ENSCAFG00845028306	0	NA	NA	1	one_to_one	lincSS.dw	ENSG00000235933	0
ENSCAFG00845009249	0	NA	NA	1	one_to_one	lincSS.dw	ENSG00000258038	0
ENSCAFG00845026033	0	NA	NA	1	one_to_one	lincSS.dw	ENSG00000285572	0
ENSCAFG00845021070	0	NA	NA	1	one_to_many	lincSS.dw	ENSG00000260288;ENSG00000291009	0
ENSCAFG00845020254	0	NA	NA	1	one_to_one	lincSS.dw	ENSG00000282012	0
ENSCAFG00845011168	0	NA	NA	1	many_to_one	lincSS.dw	ENSG00000228959	1
ENSCAFG00845011159	0	NA	NA	1	many_to_one	lincSS.dw	ENSG00000228959	1
ENSCAFG00845005279	0	NA	NA	1	many_to_one	lincSS.dw	ENSG00000286128	0
ENSCAFG00845005288	0	NA	NA	1	many_to_one	lincSS.dw	ENSG00000286128	0
ENSCAFG00845005272	0	NA	NA	1	many_to_one	lincSS.dw	ENSG00000286128	0
ENSCAFG00845025720	0	NA	NA	1	one_to_one	lincSS.dw	ENSG00000227456	0
ENSCAFG00845019994	0	NA	NA	1	one_to_one	lincSS.up	ENSG00000289605	0
ENSCAFG00845020760	0	NA	NA	1	one_to_one	lincSS.up	ENSG00000257322	0
ENSCAFG00845013863	0	NA	NA	1	one_to_one	lincSS.up	ENSG00000273824	1
ENSCAFG00845004902	0	NA	NA	1	one_to_many	lincSS.up	ENSG00000280707;ENSG00000228648	0
ENSCAFG00845015067	0	NA	NA	1	one_to_one	lincSS.up	ENSG00000285802	1
ENSCAFG00845030688	0	NA	NA	1	one_to_one	lincSS.up	ENSG00000289105	1
ENSCAFG00845027086	0	NA	NA	1	many_to_one	lincSS.up	ENSG00000233746	0
ENSCAFG00845027111	0	NA	NA	1	many_to_one	lincSS.up	ENSG00000233746	0
ENSCAFG00845027099	0	NA	NA	1	many_to_one	lincSS.up	ENSG00000233746	0
ENSCAFG00845025271	0	NA	NA	1	one_to_one	lincSS.up	ENSG00000287488	0
ENSCAFG00845000967	0	NA	NA	1	one_to_one	lincSS.up	ENSG00000286403	0
ENSCAFG00845009782	0	NA	NA	1	many_to_one	lincSS.up	ENSG00000257762	1
ENSCAFG00845009800	0	NA	NA	1	many_to_one	lincSS.up	ENSG00000257762	1
ENSCAFG00845030257	0	NA	NA	1	many_to_one	lincSS.up	ENSG00000257510	1
ENSCAFG00845030262	0	NA	NA	1	many_to_one	lincSS.up	ENSG00000257510	1
ENSCAFG00845000235	0	NA	NA	1	many_to_one	lincSS.up	ENSG00000287717	0
ENSCAFG00845000244	0	NA	NA	1	many_to_one	lincSS.up	ENSG00000287717	0
ENSCAFG00845024046	0	NA	NA	1	many_to_many_strict	lincSS.up	ENSG00000251562;ENSG00000286756	1
ENSCAFG00845024060	0	NA	NA	1	many_to_many_strict	lincSS.up	ENSG00000251562;ENSG00000286756	1
ENSCAFG00845009160	0	NA	NA	1	many_to_one	lincSS.up	ENSG00000286218	1
ENSCAFG00845009065	0	NA	NA	1	many_to_one	lincSS.up	ENSG00000286218	1
ENSCAFG00845009167	0	NA	NA	1	many_to_one	lincSS.up	ENSG00000286218	1
ENSCAFG00845027832	0	NA	NA	1	many_to_one	lincSS.up	ENSG00000232035	0
ENSCAFG00845027861	0	NA	NA	1	many_to_one	lincSS.up	ENSG00000232035	0
ENSCAFG00845027934	0	NA	NA	1	many_to_one	lincSS.up	ENSG00000232035	0
ENSCAFG00845027894	0	NA	NA	1	many_to_one	lincSS.up	ENSG00000232035	0
ENSCAFG00845027876	0	NA	NA	1	many_to_one	lincSS.up	ENSG00000232035	0
ENSCAFG00845027918	0	NA	NA	1	many_to_one	lincSS.up	ENSG00000232035	0
ENSCAFG00845027164	0	NA	NA	1	one_to_one	lincSS.up	ENSG00000288029	1
ENSCAFG00845025769	0	NA	NA	1	many_to_one	lincSS.up	ENSG00000214955	0
ENSCAFG00845025747	0	NA	NA	1	many_to_one	lincSS.up	ENSG00000214955	0
ENSCAFG00845002707	0	NA	NA	1	one_to_one	lincSS.up	ENSG00000282898	0
ENSCAFG00845010700	0	NA	NA	1	one_to_one	lincSS.up	ENSG00000238099	0
ENSCAFG00845016003	0	NA	NA	1	many_to_one	lincSS.up	ENSG00000286737	0
ENSCAFG00845016020	0	NA	NA	1	many_to_one	lincSS.up	ENSG00000286737	0
ENSCAFG00845004463	0	NA	NA	1	many_to_one	lincSS.up	ENSG00000256281	1
ENSCAFG00845004406	0	NA	NA	1	many_to_one	lincSS.up	ENSG00000256281	1
ENSCAFG00845004445	0	NA	NA	1	many_to_one	lincSS.up	ENSG00000256281	1
ENSCAFG00845004460	0	NA	NA	1	many_to_one	lincSS.up	ENSG00000256281	1
ENSCAFG00845025315	0	NA	NA	1	many_to_one	lincSS.up	ENSG00000287468	1
ENSCAFG00845025421	0	NA	NA	1	many_to_one	lincSS.up	ENSG00000287468	1
ENSCAFG00845004860	0	NA	NA	1	one_to_one	lincSS.up	ENSG00000275512	1
ENSCAFG00845019165	0	NA	NA	1	many_to_many	lincSS.up	ENSG00000228794;ENSG00000241180;ENSG00000272438;ENSG00000288531;ENSG00000230699	0
ENSCAFG00845019155	0	NA	NA	1	many_to_many	lincSS.up	ENSG00000228794;ENSG00000241180;ENSG00000272438;ENSG00000288531;ENSG00000230699	0
ENSCAFG00845019136	0	NA	NA	1	many_to_many	lincSS.up	ENSG00000228794;ENSG00000241180;ENSG00000272438;ENSG00000288531;ENSG00000230699	0
ENSCAFG00845006096	0	NA	NA	1	many_to_one	lincSS.up	ENSG00000287004	1
ENSCAFG00845006141	0	NA	NA	1	many_to_one	lincSS.up	ENSG00000287004	1
ENSCAFG00845006121	0	NA	NA	1	many_to_one	lincSS.up	ENSG00000287004	1
ENSCAFG00845006110	0	NA	NA	1	many_to_one	lincSS.up	ENSG00000287004	1
ENSCAFG00845006895	0	NA	NA	1	one_to_one	lncgConv	ENSG00000260808	1
ENSCAFG00845014174	0	NA	NA	1	one_to_one	lncgConv	ENSG00000264443	0
ENSCAFG00845027339	0	NA	NA	1	one_to_one	lncgConv	ENSG00000267280	1
ENSCAFG00845018186	0	NA	NA	1	one_to_one	lncgConv	ENSG00000285216	1
ENSCAFG00845025537	0	NA	NA	1	one_to_one	lncgConv	ENSG00000230753	1
ENSCAFG00845030545	0	NA	NA	1	one_to_one	lncgConv	ENSG00000256150	1
ENSCAFG00845000661	0	NA	NA	1	one_to_one	lncgConv	ENSG00000269054	0
ENSCAFG00845027288	0	NA	NA	1	one_to_one	lncgConv	ENSG00000251577	0
ENSCAFG00845006107	0	NA	NA	1	one_to_one	lncgConv	ENSG00000287451	0
ENSCAFG00845020737	0	NA	NA	1	one_to_one	lncgConv	ENSG00000228709	0
ENSCAFG00845009830	0	NA	NA	1	one_to_one	lncgConv	ENSG00000197989	1
ENSCAFG00845028011	0	NA	NA	1	one_to_one	lncgConv	ENSG00000259723	0
ENSCAFG00845006263	0	NA	NA	1	one_to_one	lncgConv	ENSG00000234942	0
ENSCAFG00845028471	0	NA	NA	1	one_to_one	lncgConv	ENSG00000236671	1
ENSCAFG00845003223	0	NA	NA	1	one_to_one	lncgConv	ENSG00000255028	0
ENSCAFG00845018105	0	NA	NA	1	one_to_many	lncgConv	ENSG00000224533;ENSG00000225393	0
ENSCAFG00845017979	0	NA	NA	1	one_to_one	lncgConv	ENSG00000261222	1
ENSCAFG00845003886	0	NA	NA	1	one_to_many	lncgConv	ENSG00000252690;ENSG00000250988	1
ENSCAFG00845007584	0	NA	NA	1	one_to_one	lncgConv	ENSG00000180458	0
ENSCAFG00845018871	0	NA	NA	1	one_to_one	lncgConv	ENSG00000280213	1
ENSCAFG00845007886	0	NA	NA	1	one_to_one	lncgConv	ENSG00000257303	1
ENSCAFG00845002377	0	NA	NA	1	one_to_one	lncgDivg	ENSG00000287778	0
ENSCAFG00845017845	0	NA	NA	1	one_to_many	lncgDivg	ENSG00000232006;ENSG00000228680;ENSG00000231638	1
ENSCAFG00845025422	0	NA	NA	1	one_to_one	lncgDivg	ENSG00000245614	0
ENSCAFG00845006565	0	NA	NA	1	one_to_many	lncgDivg	ENSG00000225000;ENSG00000226522	0
ENSCAFG00845010438	0	NA	NA	1	one_to_one	lncgDivg	ENSG00000267551	1
ENSCAFG00845026192	0	NA	NA	1	one_to_many	lncgDivg	ENSG00000231621;ENSG00000225979	1
ENSCAFG00845028556	0	NA	NA	1	one_to_many	lncgDivg	ENSG00000277548;ENSG00000274765	1
ENSCAFG00845002071	0	NA	NA	1	one_to_one	lncgDivg	ENSG00000236199	1
ENSCAFG00845002471	0	NA	NA	1	one_to_one	lncgDivg	ENSG00000289552	1
ENSCAFG00845029620	0	NA	NA	1	one_to_one	lncgDivg	ENSG00000271717	0
ENSCAFG00845005650	0	NA	NA	1	one_to_many	lncgDivg	ENSG00000249167;ENSG00000248445	1
ENSCAFG00845004142	0	NA	NA	1	one_to_many	lncgDivg	ENSG00000267707;ENSG00000267202;ENSG00000285940	0
ENSCAFG00845000571	0	NA	NA	1	many_to_many	lncgDivg	ENSG00000265778;ENSG00000263982;ENSG00000275763	0
ENSCAFG00845000566	0	NA	NA	1	many_to_many	lncgDivg	ENSG00000265778;ENSG00000263982;ENSG00000275763	0
ENSCAFG00845013253	0	NA	NA	1	one_to_many	lncgDivg	ENSG00000286742;ENSG00000237819	1
ENSCAFG00845009605	0	NA	NA	1	one_to_one	lncgDivg	ENSG00000231794	1
ENSCAFG00845005375	0	NA	NA	1	one_to_one	lncgDivg	ENSG00000267653	1
ENSCAFG00845000100	0	NA	NA	1	one_to_one	lncgDivg	ENSG00000232131	1
ENSCAFG00845018340	0	NA	NA	1	one_to_many	lncgDivg	ENSG00000288904;ENSG00000230648	1
ENSCAFG00845020629	0	NA	NA	1	one_to_one	lncgDivg	ENSG00000237234	0
ENSCAFG00845010536	0	NA	NA	1	one_to_one	lncgDivg	ENSG00000269961	1
ENSCAFG00845002828	0	NA	NA	1	one_to_many	lncgDivg	ENSG00000254138;ENSG00000289601	0
ENSCAFG00845023162	0	NA	NA	1	one_to_one	lncgDivg	ENSG00000288848	1
ENSCAFG00845019344	0	NA	NA	1	one_to_one	lncgDivg	ENSG00000232354	1
ENSCAFG00845009426	0	NA	NA	1	one_to_many	lncgDivg	ENSG00000234943;ENSG00000228108	1
ENSCAFG00845015237	0	NA	NA	1	one_to_one	lncgDivg	ENSG00000227533	0
ENSCAFG00845014620	0	NA	NA	1	one_to_one	lncgDivg	ENSG00000277022	1
ENSCAFG00845016201	0	NA	NA	1	one_to_one	lncgDivg	ENSG00000237259	1
ENSCAFG00845015374	0	NA	NA	1	one_to_one	lncgDivg	ENSG00000249087	1
ENSCAFG00845009220	0	NA	NA	1	one_to_one	lncgDivg	ENSG00000273149	0
ENSCAFG00845020623	0	NA	NA	1	one_to_one	lncgDivg	ENSG00000257456	1
ENSCAFG00845017480	0	NA	NA	1	one_to_one	lncgDivg	ENSG00000254680	1
ENSCAFG00845020642	0	NA	NA	1	one_to_many	lncgDivg	ENSG00000254566;ENSG00000255060	0
ENSCAFG00845014275	0	NA	NA	1	one_to_many	lncgDivg	ENSG00000272842;ENSG00000232978	0
ENSCAFG00845018049	0	NA	NA	1	one_to_many	lncgDivg	ENSG00000259360;ENSG00000259221;ENSG00000259588	0
ENSCAFG00845029373	0	NA	NA	1	one_to_one	lncgDivg	ENSG00000290782	1
ENSCAFG00845022672	0	NA	NA	1	one_to_one	lncgDivg	ENSG00000229056	1
ENSCAFG00845030744	0	NA	NA	1	one_to_one	lncgDivg	ENSG00000259519	0
ENSCAFG00845023476	0	NA	NA	1	one_to_one	lncgDivg	ENSG00000250241	0
ENSCAFG00845014895	0	NA	NA	1	one_to_one	lncgDivg	ENSG00000289586	1
ENSCAFG00845029020	0	NA	NA	1	one_to_one	lncgDivg	ENSG00000277749	0
ENSCAFG00845004187	0	NA	NA	1	one_to_one	lncgDivg	ENSG00000261441	0
ENSCAFG00845030678	0	NA	NA	1	one_to_one	lncgDivg	ENSG00000287049	0
ENSCAFG00845004019	0	NA	NA	1	one_to_many	lncgDivg	ENSG00000254365;ENSG00000253947;ENSG00000253713;ENSG00000253527;ENSG00000253925;ENSG00000254187;ENSG00000253660;ENSG00000253469;ENSG00000254297	0
ENSCAFG00845010409	0	NA	NA	1	one_to_one	lncgDivg	ENSG00000286875	0
ENSCAFG00845008952	0	NA	NA	1	one_to_many	lncgDivg	ENSG00000255317;ENSG00000257271;ENSG00000254607;ENSG00000254960;ENSG00000218109	1
ENSCAFG00845018451	0	NA	NA	1	one_to_one	lncgDivg	ENSG00000276900	1
ENSCAFG00845017649	0	NA	NA	1	one_to_one	lncgDivg	ENSG00000248719	0
ENSCAFG00845027822	0	NA	NA	1	one_to_many	lncgDivg	ENSG00000234021;ENSG00000225706;ENSG00000230920;ENSG00000226717	0
ENSCAFG00845019467	0	NA	NA	1	one_to_one	lncgDivg	ENSG00000267734	1
ENSCAFG00845014930	0	NA	NA	1	one_to_one	lncgDivg	ENSG00000254389	0
ENSCAFG00845016611	0	NA	NA	1	one_to_one	lncgDivg	ENSG00000235772	1
ENSCAFG00845011060	0	NA	NA	1	one_to_one	lncgDivg	ENSG00000264808	0
ENSCAFG00845012813	0	NA	NA	1	one_to_one	lncgDivg	ENSG00000267755	0
ENSCAFG00845017150	0	NA	NA	1	one_to_one	lncgDivg	ENSG00000267543	1
ENSCAFG00845029687	0	NA	NA	1	one_to_one	lncgDivg	ENSG00000272844	0
ENSCAFG00845005548	0	NA	NA	1	one_to_one	lncgDivg	ENSG00000235298	0
ENSCAFG00845003855	0	NA	NA	1	one_to_one	lncgDivg	ENSG00000258526	1
ENSCAFG00845017086	0	NA	NA	1	one_to_one	lncgDivg	ENSG00000248550	1
ENSCAFG00845030524	0	NA	NA	1	one_to_one	lncgDivg	ENSG00000257228	1
ENSCAFG00845007905	0	NA	NA	1	one_to_one	lncgDivg	ENSG00000231969	0
ENSCAFG00845021114	0	NA	NA	1	many_to_many	lncgDivg	ENSG00000259281;ENSG00000259213;ENSG00000259666	0
ENSCAFG00845021140	0	NA	NA	1	many_to_many	lncgDivg	ENSG00000259281;ENSG00000259213;ENSG00000259666	0
ENSCAFG00845015981	0	NA	NA	1	one_to_one	lncgDivg	ENSG00000230140	0
ENSCAFG00845016906	0	NA	NA	1	one_to_one	lncgDivg	ENSG00000273619	0
ENSCAFG00845004944	0	NA	NA	1	one_to_many	lncgDivg	ENSG00000287813;ENSG00000259175;ENSG00000258010;ENSG00000270919;ENSG00000259495	1
ENSCAFG00845019009	0	NA	NA	1	one_to_many	lncgDivg	ENSG00000241648;ENSG00000239519	0
ENSCAFG00845009182	0	NA	NA	1	one_to_one	lncgDivg	ENSG00000257126	0
ENSCAFG00845003316	0	NA	NA	1	one_to_many	lncgDivg	ENSG00000215196;ENSG00000271892	0
ENSCAFG00845006280	0	NA	NA	1	one_to_one	lncgDivg	ENSG00000269883	1
ENSCAFG00845003046	0	NA	NA	1	one_to_one	lncgDivg	ENSG00000261766	1
ENSCAFG00845002831	0	NA	NA	1	one_to_many	lncgDivg	ENSG00000258708;ENSG00000258601;ENSG00000258690	1
ENSCAFG00845003795	0	NA	NA	1	one_to_one	lncgDivg	ENSG00000250250	1
ENSCAFG00845019366	0	NA	NA	1	many_to_one	lncgDivg	ENSG00000285605	1
ENSCAFG00845019325	0	NA	NA	1	many_to_one	lncgDivg	ENSG00000285605	1
ENSCAFG00845019682	0	NA	NA	1	one_to_one	lncgDivg	ENSG00000206417	1
ENSCAFG00845012801	0	NA	NA	1	one_to_one	lncgDivg	ENSG00000226143	0
ENSCAFG00845014652	0	NA	NA	1	one_to_one	lncgDivg	ENSG00000232557	1
ENSCAFG00845002068	0	NA	NA	1	one_to_one	lncgDivg	ENSG00000261938	1
ENSCAFG00845028827	0	NA	NA	1	one_to_one	lncgDivg	ENSG00000288670	0
ENSCAFG00845022798	0	NA	NA	1	one_to_one	lncgDivg	ENSG00000255438	0
ENSCAFG00845028878	0	NA	NA	1	one_to_one	lncgDivg	ENSG00000265100	0
ENSCAFG00845006899	0	NA	NA	1	many_to_one	lncgDivg	ENSG00000233926	0
ENSCAFG00845006972	0	NA	NA	1	many_to_one	lncgDivg	ENSG00000233926	0
ENSCAFG00845007096	0	NA	NA	1	one_to_one	lncgDivg	ENSG00000267345	0
ENSCAFG00845015381	0	NA	NA	1	one_to_one	lncgDivg	ENSG00000272106	1
ENSCAFG00845029475	0	NA	NA	1	one_to_one	lncgDivg	ENSG00000271427	0
ENSCAFG00845016783	0	NA	NA	1	one_to_one	lncgDivg	ENSG00000286803	1
ENSCAFG00845025092	0	NA	NA	1	one_to_one	lncgDivg	ENSG00000224855	1
ENSCAFG00845000750	0	NA	NA	1	one_to_one	lncgDivg	ENSG00000261789	1
ENSCAFG00845002048	0	NA	NA	1	one_to_one	lncgDivg	ENSG00000263235	1
ENSCAFG00845003269	0	NA	NA	1	one_to_one	lncgDivg	ENSG00000289968	1
ENSCAFG00845008240	0	NA	NA	1	one_to_one	lncgSS.dw	ENSG00000258419	0
ENSCAFG00845003590	0	NA	NA	1	one_to_one	lncgSS.dw	ENSG00000258729	0
ENSCAFG00845020426	0	NA	NA	1	one_to_one	lncgSS.dw	ENSG00000235848	1
ENSCAFG00845005386	0	NA	NA	1	one_to_one	lncgSS.dw	ENSG00000248473	0
ENSCAFG00845030542	0	NA	NA	1	one_to_many	lncgSS.dw	ENSG00000256721;ENSG00000203593;ENSG00000256837	1
ENSCAFG00845010730	0	NA	NA	1	one_to_many	lncgSS.dw	ENSG00000223525;ENSG00000289425	0
ENSCAFG00845014409	0	NA	NA	1	one_to_one	lncgSS.dw	ENSG00000231992	1
ENSCAFG00845014726	0	NA	NA	1	one_to_one	lncgSS.dw	ENSG00000260583	0
ENSCAFG00845027402	0	NA	NA	1	one_to_one	lncgSS.dw	ENSG00000235529	0
ENSCAFG00845027666	0	NA	NA	1	one_to_one	lncgSS.dw	ENSG00000223692	1
ENSCAFG00845021227	0	NA	NA	1	one_to_many	lncgSS.dw	ENSG00000289572;ENSG00000227927	1
ENSCAFG00845010490	0	NA	NA	1	one_to_one	lncgSS.dw	ENSG00000265408	0
ENSCAFG00845009216	0	NA	NA	1	one_to_one	lncgSS.dw	ENSG00000186960	0
ENSCAFG00845018453	0	NA	NA	1	one_to_one	lncgSS.dw	ENSG00000226520	1
ENSCAFG00845028481	0	NA	NA	1	one_to_many	lncgSS.dw	ENSG00000289270;ENSG00000235279	1
ENSCAFG00845021938	0	NA	NA	1	one_to_one	lncgSS.dw	ENSG00000235499	1
ENSCAFG00845001515	0	NA	NA	1	one_to_one	lncgSS.dw	ENSG00000288899	0
ENSCAFG00845000121	0	NA	NA	1	one_to_one	lncgSS.dw	ENSG00000269793	1
ENSCAFG00845025710	0	NA	NA	1	one_to_one	lncgSS.dw	ENSG00000272657	0
ENSCAFG00845003359	0	NA	NA	1	one_to_one	lncgSS.dw	ENSG00000259636	1
ENSCAFG00845002889	0	NA	NA	1	one_to_one	lncgSS.up	ENSG00000272108	0
ENSCAFG00845013242	0	NA	NA	1	one_to_one	lncgSS.up	ENSG00000287932	1
ENSCAFG00845020639	0	NA	NA	1	one_to_many	lncgSS.up	ENSG00000270661;ENSG00000271208	0
ENSCAFG00845015101	0	NA	NA	1	one_to_one	lncgSS.up	ENSG00000251023	1
ENSCAFG00845015225	0	NA	NA	1	one_to_one	lncgSS.up	ENSG00000283973	0
ENSCAFG00845023029	0	NA	NA	1	one_to_one	lncgSS.up	ENSG00000290039	1
ENSCAFG00845012031	0	NA	NA	1	one_to_one	lncgSS.up	ENSG00000227602	0
ENSCAFG00845006696	0	NA	NA	1	one_to_one	lncgSS.up	ENSG00000235314	0
ENSCAFG00845030742	0	NA	NA	1	one_to_many	lncgSS.up	ENSG00000259932;ENSG00000260035	0
ENSCAFG00845003236	0	NA	NA	1	one_to_one	lncgSS.up	ENSG00000234233	1
ENSCAFG00845027815	0	NA	NA	1	one_to_one	lncgSS.up	ENSG00000235389	0
ENSCAFG00845015526	0	NA	NA	1	one_to_one	lncgSS.up	ENSG00000289014	1
ENSCAFG00845015974	0	NA	NA	1	one_to_one	lncgSS.up	ENSG00000289077	0
ENSCAFG00845012058	0	NA	NA	1	one_to_one	lncgSS.up	ENSG00000274578	1
ENSCAFG00845010999	0	NA	NA	1	one_to_one	lncgSS.up	ENSG00000233420	0
ENSCAFG00845025310	0	NA	NA	1	many_to_many_strict	lncgSS.up	ENSG00000289013;ENSG00000288992	1
ENSCAFG00845025298	0	NA	NA	1	many_to_many_strict	lncgSS.up	ENSG00000289013;ENSG00000288992	1
ENSCAFG00845002836	0	NA	NA	1	one_to_one	lncgSS.up	ENSG00000258827	1
ENSCAFG00845021699	0	NA	NA	1	one_to_one	lncgSS.up	ENSG00000290022	1
ENSCAFG00845000010	0	NA	NA	0	NA	NA	NA	1
ENSCAFG00845000012	0	NA	NA	0	NA	NA	NA	1
ENSCAFG00845000013	0	NA	NA	0	NA	NA	NA	1
ENSCAFG00845000015	0	NA	NA	0	NA	NA	NA	1
ENSCAFG00845000027	0	NA	NA	0	NA	NA	NA	1
ENSCAFG00845000051	0	NA	NA	0	NA	NA	NA	1
ENSCAFG00845000053	0	NA	NA	0	NA	NA	NA	1
ENSCAFG00845000054	0	NA	NA	0	NA	NA	NA	1
ENSCAFG00845000095	0	NA	NA	0	NA	NA	NA	1
ENSCAFG00845000102	0	NA	NA	0	NA	NA	NA	1
ENSCAFG00845000114	0	NA	NA	0	NA	NA	NA	1
ENSCAFG00845000116	0	NA	NA	0	NA	NA	NA	1
ENSCAFG00845000118	0	NA	NA	0	NA	NA	NA	1
ENSCAFG00845000119	0	NA	NA	0	NA	NA	NA	1
ENSCAFG00845000125	0	NA	NA	0	NA	NA	NA	1
ENSCAFG00845000137	0	NA	NA	0	NA	NA	NA	1
ENSCAFG00845000142	0	NA	NA	0	NA	NA	NA	1
ENSCAFG00845000158	0	NA	NA	0	NA	NA	NA	1
ENSCAFG00845000290	0	NA	NA	0	NA	NA	NA	1
ENSCAFG00845000296	0	NA	NA	0	NA	NA	NA	1
ENSCAFG00845000300	0	NA	NA	0	NA	NA	NA	1
ENSCAFG00845000301	0	NA	NA	0	NA	NA	NA	1
ENSCAFG00845000303	0	NA	NA	0	NA	NA	NA	1
ENSCAFG00845000318	0	NA	NA	0	NA	NA	NA	1
ENSCAFG00845000332	0	NA	NA	0	NA	NA	NA	1
ENSCAFG00845000349	0	NA	NA	0	NA	NA	NA	1
ENSCAFG00845000355	0	NA	NA	0	NA	NA	NA	1
ENSCAFG00845000362	0	NA	NA	0	NA	NA	NA	1
ENSCAFG00845000396	0	NA	NA	0	NA	NA	NA	1
ENSCAFG00845000431	0	NA	NA	0	NA	NA	NA	1
ENSCAFG00845000493	0	NA	NA	0	NA	NA	NA	1
ENSCAFG00845000501	0	NA	NA	0	NA	NA	NA	1
ENSCAFG00845000502	0	NA	NA	0	NA	NA	NA	1
ENSCAFG00845000548	0	NA	NA	0	NA	NA	NA	1
ENSCAFG00845000557	0	NA	NA	0	NA	NA	NA	1
ENSCAFG00845000583	0	NA	NA	0	NA	NA	NA	1
ENSCAFG00845000602	0	NA	NA	0	NA	NA	NA	1
ENSCAFG00845000610	0	NA	NA	0	NA	NA	NA	1
ENSCAFG00845000614	0	NA	NA	0	NA	NA	NA	1
ENSCAFG00845000620	0	NA	NA	0	NA	NA	NA	1
ENSCAFG00845000621	0	NA	NA	0	NA	NA	NA	1
ENSCAFG00845000622	0	NA	NA	0	NA	NA	NA	1
ENSCAFG00845000624	0	NA	NA	0	NA	NA	NA	1
ENSCAFG00845000633	0	NA	NA	0	NA	NA	NA	1
ENSCAFG00845000637	0	NA	NA	0	NA	NA	NA	1
ENSCAFG00845000640	0	NA	NA	0	NA	NA	NA	1
ENSCAFG00845000641	0	NA	NA	0	NA	NA	NA	1
ENSCAFG00845000646	0	NA	NA	0	NA	NA	NA	1
ENSCAFG00845000648	0	NA	NA	0	NA	NA	NA	1
ENSCAFG00845000651	0	NA	NA	0	NA	NA	NA	1
ENSCAFG00845000655	0	NA	NA	0	NA	NA	NA	1
ENSCAFG00845000662	0	NA	NA	0	NA	NA	NA	1
ENSCAFG00845000665	0	NA	NA	0	NA	NA	NA	1
ENSCAFG00845000668	0	NA	NA	0	NA	NA	NA	1
ENSCAFG00845000677	0	NA	NA	0	NA	NA	NA	1
ENSCAFG00845000681	0	NA	NA	0	NA	NA	NA	1
ENSCAFG00845000685	0	NA	NA	0	NA	NA	NA	1
ENSCAFG00845000687	0	NA	NA	0	NA	NA	NA	1
ENSCAFG00845000690	0	NA	NA	0	NA	NA	NA	1
ENSCAFG00845000691	0	NA	NA	0	NA	NA	NA	1
ENSCAFG00845000719	0	NA	NA	0	NA	NA	NA	1
ENSCAFG00845000724	0	NA	NA	0	NA	NA	NA	1
ENSCAFG00845000726	0	NA	NA	0	NA	NA	NA	1
ENSCAFG00845000728	0	NA	NA	0	NA	NA	NA	1
ENSCAFG00845000733	0	NA	NA	0	NA	NA	NA	1
ENSCAFG00845000738	0	NA	NA	0	NA	NA	NA	1
ENSCAFG00845000754	0	NA	NA	0	NA	NA	NA	1
ENSCAFG00845000772	0	NA	NA	0	NA	NA	NA	1
ENSCAFG00845000806	0	NA	NA	0	NA	NA	NA	1
ENSCAFG00845000807	0	NA	NA	0	NA	NA	NA	1
ENSCAFG00845000826	0	NA	NA	0	NA	NA	NA	1
ENSCAFG00845000834	0	NA	NA	0	NA	NA	NA	1
ENSCAFG00845000906	0	NA	NA	0	NA	NA	NA	1
ENSCAFG00845000911	0	NA	NA	0	NA	NA	NA	1
ENSCAFG00845000913	0	NA	NA	0	NA	NA	NA	1
ENSCAFG00845000917	0	NA	NA	0	NA	NA	NA	1
ENSCAFG00845000944	0	NA	NA	0	NA	NA	NA	1
ENSCAFG00845000966	0	NA	NA	0	NA	NA	NA	1
ENSCAFG00845001020	0	NA	NA	0	NA	NA	NA	1
ENSCAFG00845001024	0	NA	NA	0	NA	NA	NA	1
ENSCAFG00845001032	0	NA	NA	0	NA	NA	NA	1
ENSCAFG00845001039	0	NA	NA	0	NA	NA	NA	1
ENSCAFG00845001088	0	NA	NA	0	NA	NA	NA	1
ENSCAFG00845001163	0	NA	NA	0	NA	NA	NA	1
ENSCAFG00845001165	0	NA	NA	0	NA	NA	NA	1
ENSCAFG00845001167	0	NA	NA	0	NA	NA	NA	1
ENSCAFG00845001181	0	NA	NA	0	NA	NA	NA	1
ENSCAFG00845001185	0	NA	NA	0	NA	NA	NA	1
ENSCAFG00845001206	0	NA	NA	0	NA	NA	NA	1
ENSCAFG00845001390	0	NA	NA	0	NA	NA	NA	1
ENSCAFG00845001391	0	NA	NA	0	NA	NA	NA	1
ENSCAFG00845001396	0	NA	NA	0	NA	NA	NA	1
ENSCAFG00845001413	0	NA	NA	0	NA	NA	NA	1
ENSCAFG00845001420	0	NA	NA	0	NA	NA	NA	1
ENSCAFG00845001460	0	NA	NA	0	NA	NA	NA	1
ENSCAFG00845001466	0	NA	NA	0	NA	NA	NA	1
ENSCAFG00845001472	0	NA	NA	0	NA	NA	NA	1
ENSCAFG00845001527	0	NA	NA	0	NA	NA	NA	1
ENSCAFG00845001530	0	NA	NA	0	NA	NA	NA	1
ENSCAFG00845001541	0	NA	NA	0	NA	NA	NA	1
ENSCAFG00845001548	0	NA	NA	0	NA	NA	NA	1
ENSCAFG00845001553	0	NA	NA	0	NA	NA	NA	1
ENSCAFG00845001572	0	NA	NA	0	NA	NA	NA	1
ENSCAFG00845001732	0	NA	NA	0	NA	NA	NA	1
ENSCAFG00845001744	0	NA	NA	0	NA	NA	NA	1
ENSCAFG00845001807	0	NA	NA	0	NA	NA	NA	1
ENSCAFG00845001860	0	NA	NA	0	NA	NA	NA	1
ENSCAFG00845001910	0	NA	NA	0	NA	NA	NA	1
ENSCAFG00845002022	0	NA	NA	0	NA	NA	NA	1
ENSCAFG00845002031	0	NA	NA	0	NA	NA	NA	1
ENSCAFG00845002035	0	NA	NA	0	NA	NA	NA	1
ENSCAFG00845002038	0	NA	NA	0	NA	NA	NA	1
ENSCAFG00845002053	0	NA	NA	0	NA	NA	NA	1
ENSCAFG00845002055	0	NA	NA	0	NA	NA	NA	1
ENSCAFG00845002057	0	NA	NA	0	NA	NA	NA	1
ENSCAFG00845002059	0	NA	NA	0	NA	NA	NA	1
ENSCAFG00845002064	0	NA	NA	0	NA	NA	NA	1
ENSCAFG00845002079	0	NA	NA	0	NA	NA	NA	1
ENSCAFG00845002125	0	NA	NA	0	NA	NA	NA	1
ENSCAFG00845002134	0	NA	NA	0	NA	NA	NA	1
ENSCAFG00845002143	0	NA	NA	0	NA	NA	NA	1
ENSCAFG00845002160	0	NA	NA	0	NA	NA	NA	1
ENSCAFG00845002195	0	NA	NA	0	NA	NA	NA	1
ENSCAFG00845002204	0	NA	NA	0	NA	NA	NA	1
ENSCAFG00845002218	0	NA	NA	0	NA	NA	NA	1
ENSCAFG00845002234	0	NA	NA	0	NA	NA	NA	1
ENSCAFG00845002240	0	NA	NA	0	NA	NA	NA	1
ENSCAFG00845002245	0	NA	NA	0	NA	NA	NA	1
ENSCAFG00845002296	0	NA	NA	0	NA	NA	NA	1
ENSCAFG00845002297	0	NA	NA	0	NA	NA	NA	1
ENSCAFG00845002307	0	NA	NA	0	NA	NA	NA	1
ENSCAFG00845002308	0	NA	NA	0	NA	NA	NA	1
ENSCAFG00845002313	0	NA	NA	0	NA	NA	NA	1
ENSCAFG00845002342	0	NA	NA	0	NA	NA	NA	1
ENSCAFG00845002353	0	NA	NA	0	NA	NA	NA	1
ENSCAFG00845002355	0	NA	NA	0	NA	NA	NA	1
ENSCAFG00845002397	0	NA	NA	0	NA	NA	NA	1
ENSCAFG00845002406	0	NA	NA	0	NA	NA	NA	1
ENSCAFG00845002432	0	NA	NA	0	NA	NA	NA	1
ENSCAFG00845002464	0	NA	NA	0	NA	NA	NA	1
ENSCAFG00845002499	0	NA	NA	0	NA	NA	NA	1
ENSCAFG00845002525	0	NA	NA	0	NA	NA	NA	1
ENSCAFG00845002528	0	NA	NA	0	NA	NA	NA	1
ENSCAFG00845002548	0	NA	NA	0	NA	NA	NA	1
ENSCAFG00845002553	0	NA	NA	0	NA	NA	NA	1
ENSCAFG00845002578	0	NA	NA	0	NA	NA	NA	1
ENSCAFG00845002580	0	NA	NA	0	NA	NA	NA	1
ENSCAFG00845002584	0	NA	NA	0	NA	NA	NA	1
ENSCAFG00845002588	0	NA	NA	0	NA	NA	NA	1
ENSCAFG00845002608	0	NA	NA	0	NA	NA	NA	1
ENSCAFG00845002611	0	NA	NA	0	NA	NA	NA	1
ENSCAFG00845002616	0	NA	NA	0	NA	NA	NA	1
ENSCAFG00845002623	0	NA	NA	0	NA	NA	NA	1
ENSCAFG00845002668	0	NA	NA	0	NA	NA	NA	1
ENSCAFG00845002683	0	NA	NA	0	NA	NA	NA	1
ENSCAFG00845002805	0	NA	NA	0	NA	NA	NA	1
ENSCAFG00845002837	0	NA	NA	0	NA	NA	NA	1
ENSCAFG00845002843	0	NA	NA	0	NA	NA	NA	1
ENSCAFG00845002850	0	NA	NA	0	NA	NA	NA	1
ENSCAFG00845002858	0	NA	NA	0	NA	NA	NA	1
ENSCAFG00845002867	0	NA	NA	0	NA	NA	NA	1
ENSCAFG00845002900	0	NA	NA	0	NA	NA	NA	1
ENSCAFG00845002952	0	NA	NA	0	NA	NA	NA	1
ENSCAFG00845002960	0	NA	NA	0	NA	NA	NA	1
ENSCAFG00845003019	0	NA	NA	0	NA	NA	NA	1
ENSCAFG00845003038	0	NA	NA	0	NA	NA	NA	1
ENSCAFG00845003048	0	NA	NA	0	NA	NA	NA	1
ENSCAFG00845003049	0	NA	NA	0	NA	NA	NA	1
ENSCAFG00845003056	0	NA	NA	0	NA	NA	NA	1
ENSCAFG00845003063	0	NA	NA	0	NA	NA	NA	1
ENSCAFG00845003066	0	NA	NA	0	NA	NA	NA	1
ENSCAFG00845003075	0	NA	NA	0	NA	NA	NA	1
ENSCAFG00845003113	0	NA	NA	0	NA	NA	NA	1
ENSCAFG00845003117	0	NA	NA	0	NA	NA	NA	1
ENSCAFG00845003134	0	NA	NA	0	NA	NA	NA	1
ENSCAFG00845003169	0	NA	NA	0	NA	NA	NA	1
ENSCAFG00845003214	0	NA	NA	0	NA	NA	NA	1
ENSCAFG00845003225	0	NA	NA	0	NA	NA	NA	1
ENSCAFG00845003238	0	NA	NA	0	NA	NA	NA	1
ENSCAFG00845003239	0	NA	NA	0	NA	NA	NA	1
ENSCAFG00845003241	0	NA	NA	0	NA	NA	NA	1
ENSCAFG00845003247	0	NA	NA	0	NA	NA	NA	1
ENSCAFG00845003268	0	NA	NA	0	NA	NA	NA	1
ENSCAFG00845003366	0	NA	NA	0	NA	NA	NA	1
ENSCAFG00845003371	0	NA	NA	0	NA	NA	NA	1
ENSCAFG00845003374	0	NA	NA	0	NA	NA	NA	1
ENSCAFG00845003375	0	NA	NA	0	NA	NA	NA	1
ENSCAFG00845003377	0	NA	NA	0	NA	NA	NA	1
ENSCAFG00845003388	0	NA	NA	0	NA	NA	NA	1
ENSCAFG00845003395	0	NA	NA	0	NA	NA	NA	1
ENSCAFG00845003420	0	NA	NA	0	NA	NA	NA	1
ENSCAFG00845003427	0	NA	NA	0	NA	NA	NA	1
ENSCAFG00845003469	0	NA	NA	0	NA	NA	NA	1
ENSCAFG00845003483	0	NA	NA	0	NA	NA	NA	1
ENSCAFG00845003548	0	NA	NA	0	NA	NA	NA	1
ENSCAFG00845003567	0	NA	NA	0	NA	NA	NA	1
ENSCAFG00845003618	0	NA	NA	0	NA	NA	NA	1
ENSCAFG00845003620	0	NA	NA	0	NA	NA	NA	1
ENSCAFG00845003625	0	NA	NA	0	NA	NA	NA	1
ENSCAFG00845003638	0	NA	NA	0	NA	NA	NA	1
ENSCAFG00845003649	0	NA	NA	0	NA	NA	NA	1
ENSCAFG00845003654	0	NA	NA	0	NA	NA	NA	1
ENSCAFG00845003659	0	NA	NA	0	NA	NA	NA	1
ENSCAFG00845003660	0	NA	NA	0	NA	NA	NA	1
ENSCAFG00845003666	0	NA	NA	0	NA	NA	NA	1
ENSCAFG00845003687	0	NA	NA	0	NA	NA	NA	1
ENSCAFG00845003690	0	NA	NA	0	NA	NA	NA	1
ENSCAFG00845003693	0	NA	NA	0	NA	NA	NA	1
ENSCAFG00845003697	0	NA	NA	0	NA	NA	NA	1
ENSCAFG00845003701	0	NA	NA	0	NA	NA	NA	1
ENSCAFG00845003790	0	NA	NA	0	NA	NA	NA	1
ENSCAFG00845003794	0	NA	NA	0	NA	NA	NA	1
ENSCAFG00845003842	0	NA	NA	0	NA	NA	NA	1
ENSCAFG00845003853	0	NA	NA	0	NA	NA	NA	1
ENSCAFG00845003858	0	NA	NA	0	NA	NA	NA	1
ENSCAFG00845003860	0	NA	NA	0	NA	NA	NA	1
ENSCAFG00845003863	0	NA	NA	0	NA	NA	NA	1
ENSCAFG00845003866	0	NA	NA	0	NA	NA	NA	1
ENSCAFG00845003897	0	NA	NA	0	NA	NA	NA	1
ENSCAFG00845003900	0	NA	NA	0	NA	NA	NA	1
ENSCAFG00845003903	0	NA	NA	0	NA	NA	NA	1
ENSCAFG00845003911	0	NA	NA	0	NA	NA	NA	1
ENSCAFG00845003915	0	NA	NA	0	NA	NA	NA	1
ENSCAFG00845003929	0	NA	NA	0	NA	NA	NA	1
ENSCAFG00845003932	0	NA	NA	0	NA	NA	NA	1
ENSCAFG00845003935	0	NA	NA	0	NA	NA	NA	1
ENSCAFG00845003937	0	NA	NA	0	NA	NA	NA	1
ENSCAFG00845003939	0	NA	NA	0	NA	NA	NA	1
ENSCAFG00845003945	0	NA	NA	0	NA	NA	NA	1
ENSCAFG00845003948	0	NA	NA	0	NA	NA	NA	1
ENSCAFG00845003951	0	NA	NA	0	NA	NA	NA	1
ENSCAFG00845003954	0	NA	NA	0	NA	NA	NA	1
ENSCAFG00845003961	0	NA	NA	0	NA	NA	NA	1
ENSCAFG00845003966	0	NA	NA	0	NA	NA	NA	1
ENSCAFG00845003982	0	NA	NA	0	NA	NA	NA	1
ENSCAFG00845003992	0	NA	NA	0	NA	NA	NA	1
ENSCAFG00845003993	0	NA	NA	0	NA	NA	NA	1
ENSCAFG00845004010	0	NA	NA	0	NA	NA	NA	1
ENSCAFG00845004020	0	NA	NA	0	NA	NA	NA	1
ENSCAFG00845004026	0	NA	NA	0	NA	NA	NA	1
ENSCAFG00845004029	0	NA	NA	0	NA	NA	NA	1
ENSCAFG00845004134	0	NA	NA	0	NA	NA	NA	1
ENSCAFG00845004177	0	NA	NA	0	NA	NA	NA	1
ENSCAFG00845004201	0	NA	NA	0	NA	NA	NA	1
ENSCAFG00845004206	0	NA	NA	0	NA	NA	NA	1
ENSCAFG00845004223	0	NA	NA	0	NA	NA	NA	1
ENSCAFG00845004242	0	NA	NA	0	NA	NA	NA	1
ENSCAFG00845004245	0	NA	NA	0	NA	NA	NA	1
ENSCAFG00845004268	0	NA	NA	0	NA	NA	NA	1
ENSCAFG00845004272	0	NA	NA	0	NA	NA	NA	1
ENSCAFG00845004307	0	NA	NA	0	NA	NA	NA	1
ENSCAFG00845004329	0	NA	NA	0	NA	NA	NA	1
ENSCAFG00845004331	0	NA	NA	0	NA	NA	NA	1
ENSCAFG00845004359	0	NA	NA	0	NA	NA	NA	1
ENSCAFG00845004383	0	NA	NA	0	NA	NA	NA	1
ENSCAFG00845004392	0	NA	NA	0	NA	NA	NA	1
ENSCAFG00845004396	0	NA	NA	0	NA	NA	NA	1
ENSCAFG00845004403	0	NA	NA	0	NA	NA	NA	1
ENSCAFG00845004407	0	NA	NA	0	NA	NA	NA	1
ENSCAFG00845004411	0	NA	NA	0	NA	NA	NA	1
ENSCAFG00845004412	0	NA	NA	0	NA	NA	NA	1
ENSCAFG00845004416	0	NA	NA	0	NA	NA	NA	1
ENSCAFG00845004419	0	NA	NA	0	NA	NA	NA	1
ENSCAFG00845004425	0	NA	NA	0	NA	NA	NA	1
ENSCAFG00845004427	0	NA	NA	0	NA	NA	NA	1
ENSCAFG00845004431	0	NA	NA	0	NA	NA	NA	1
ENSCAFG00845004433	0	NA	NA	0	NA	NA	NA	1
ENSCAFG00845004438	0	NA	NA	0	NA	NA	NA	1
ENSCAFG00845004468	0	NA	NA	0	NA	NA	NA	1
ENSCAFG00845004506	0	NA	NA	0	NA	NA	NA	1
ENSCAFG00845004537	0	NA	NA	0	NA	NA	NA	1
ENSCAFG00845004565	0	NA	NA	0	NA	NA	NA	1
ENSCAFG00845004608	0	NA	NA	0	NA	NA	NA	1
ENSCAFG00845004642	0	NA	NA	0	NA	NA	NA	1
ENSCAFG00845004646	0	NA	NA	0	NA	NA	NA	1
ENSCAFG00845004650	0	NA	NA	0	NA	NA	NA	1
ENSCAFG00845004653	0	NA	NA	0	NA	NA	NA	1
ENSCAFG00845004659	0	NA	NA	0	NA	NA	NA	1
ENSCAFG00845004664	0	NA	NA	0	NA	NA	NA	1
ENSCAFG00845004666	0	NA	NA	0	NA	NA	NA	1
ENSCAFG00845004669	0	NA	NA	0	NA	NA	NA	1
ENSCAFG00845004680	0	NA	NA	0	NA	NA	NA	1
ENSCAFG00845004689	0	NA	NA	0	NA	NA	NA	1
ENSCAFG00845004707	0	NA	NA	0	NA	NA	NA	1
ENSCAFG00845004718	0	NA	NA	0	NA	NA	NA	1
ENSCAFG00845004783	0	NA	NA	0	NA	NA	NA	1
ENSCAFG00845004813	0	NA	NA	0	NA	NA	NA	1
ENSCAFG00845004816	0	NA	NA	0	NA	NA	NA	1
ENSCAFG00845004826	0	NA	NA	0	NA	NA	NA	1
ENSCAFG00845004830	0	NA	NA	0	NA	NA	NA	1
ENSCAFG00845004841	0	NA	NA	0	NA	NA	NA	1
ENSCAFG00845004854	0	NA	NA	0	NA	NA	NA	1
ENSCAFG00845004886	0	NA	NA	0	NA	NA	NA	1
ENSCAFG00845004913	0	NA	NA	0	NA	NA	NA	1
ENSCAFG00845004914	0	NA	NA	0	NA	NA	NA	1
ENSCAFG00845004929	0	NA	NA	0	NA	NA	NA	1
ENSCAFG00845004940	0	NA	NA	0	NA	NA	NA	1
ENSCAFG00845004945	0	NA	NA	0	NA	NA	NA	1
ENSCAFG00845004949	0	NA	NA	0	NA	NA	NA	1
ENSCAFG00845004952	0	NA	NA	0	NA	NA	NA	1
ENSCAFG00845004961	0	NA	NA	0	NA	NA	NA	1
ENSCAFG00845004967	0	NA	NA	0	NA	NA	NA	1
ENSCAFG00845004968	0	NA	NA	0	NA	NA	NA	1
ENSCAFG00845004973	0	NA	NA	0	NA	NA	NA	1
ENSCAFG00845005001	0	NA	NA	0	NA	NA	NA	1
ENSCAFG00845005013	0	NA	NA	0	NA	NA	NA	1
ENSCAFG00845005033	0	NA	NA	0	NA	NA	NA	1
ENSCAFG00845005036	0	NA	NA	0	NA	NA	NA	1
ENSCAFG00845005044	0	NA	NA	0	NA	NA	NA	1
ENSCAFG00845005047	0	NA	NA	0	NA	NA	NA	1
ENSCAFG00845005049	0	NA	NA	0	NA	NA	NA	1
ENSCAFG00845005099	0	NA	NA	0	NA	NA	NA	1
ENSCAFG00845005188	0	NA	NA	0	NA	NA	NA	1
ENSCAFG00845005193	0	NA	NA	0	NA	NA	NA	1
ENSCAFG00845005195	0	NA	NA	0	NA	NA	NA	1
ENSCAFG00845005197	0	NA	NA	0	NA	NA	NA	1
ENSCAFG00845005200	0	NA	NA	0	NA	NA	NA	1
ENSCAFG00845005211	0	NA	NA	0	NA	NA	NA	1
ENSCAFG00845005212	0	NA	NA	0	NA	NA	NA	1
ENSCAFG00845005215	0	NA	NA	0	NA	NA	NA	1
ENSCAFG00845005219	0	NA	NA	0	NA	NA	NA	1
ENSCAFG00845005222	0	NA	NA	0	NA	NA	NA	1
ENSCAFG00845005312	0	NA	NA	0	NA	NA	NA	1
ENSCAFG00845005318	0	NA	NA	0	NA	NA	NA	1
ENSCAFG00845005323	0	NA	NA	0	NA	NA	NA	1
ENSCAFG00845005373	0	NA	NA	0	NA	NA	NA	1
ENSCAFG00845005408	0	NA	NA	0	NA	NA	NA	1
ENSCAFG00845005409	0	NA	NA	0	NA	NA	NA	1
ENSCAFG00845005412	0	NA	NA	0	NA	NA	NA	1
ENSCAFG00845005452	0	NA	NA	0	NA	NA	NA	1
ENSCAFG00845005458	0	NA	NA	0	NA	NA	NA	1
ENSCAFG00845005474	0	NA	NA	0	NA	NA	NA	1
ENSCAFG00845005479	0	NA	NA	0	NA	NA	NA	1
ENSCAFG00845005483	0	NA	NA	0	NA	NA	NA	1
ENSCAFG00845005501	0	NA	NA	0	NA	NA	NA	1
ENSCAFG00845005504	0	NA	NA	0	NA	NA	NA	1
ENSCAFG00845005506	0	NA	NA	0	NA	NA	NA	1
ENSCAFG00845005508	0	NA	NA	0	NA	NA	NA	1
ENSCAFG00845005512	0	NA	NA	0	NA	NA	NA	1
ENSCAFG00845005549	0	NA	NA	0	NA	NA	NA	1
ENSCAFG00845005555	0	NA	NA	0	NA	NA	NA	1
ENSCAFG00845005556	0	NA	NA	0	NA	NA	NA	1
ENSCAFG00845005566	0	NA	NA	0	NA	NA	NA	1
ENSCAFG00845005577	0	NA	NA	0	NA	NA	NA	1
ENSCAFG00845005579	0	NA	NA	0	NA	NA	NA	1
ENSCAFG00845005584	0	NA	NA	0	NA	NA	NA	1
ENSCAFG00845005588	0	NA	NA	0	NA	NA	NA	1
ENSCAFG00845005591	0	NA	NA	0	NA	NA	NA	1
ENSCAFG00845005602	0	NA	NA	0	NA	NA	NA	1
ENSCAFG00845005609	0	NA	NA	0	NA	NA	NA	1
ENSCAFG00845005615	0	NA	NA	0	NA	NA	NA	1
ENSCAFG00845005663	0	NA	NA	0	NA	NA	NA	1
ENSCAFG00845005666	0	NA	NA	0	NA	NA	NA	1
ENSCAFG00845005669	0	NA	NA	0	NA	NA	NA	1
ENSCAFG00845005672	0	NA	NA	0	NA	NA	NA	1
ENSCAFG00845005683	0	NA	NA	0	NA	NA	NA	1
ENSCAFG00845005693	0	NA	NA	0	NA	NA	NA	1
ENSCAFG00845005696	0	NA	NA	0	NA	NA	NA	1
ENSCAFG00845005698	0	NA	NA	0	NA	NA	NA	1
ENSCAFG00845005706	0	NA	NA	0	NA	NA	NA	1
ENSCAFG00845005710	0	NA	NA	0	NA	NA	NA	1
ENSCAFG00845005711	0	NA	NA	0	NA	NA	NA	1
ENSCAFG00845005716	0	NA	NA	0	NA	NA	NA	1
ENSCAFG00845005722	0	NA	NA	0	NA	NA	NA	1
ENSCAFG00845005732	0	NA	NA	0	NA	NA	NA	1
ENSCAFG00845005737	0	NA	NA	0	NA	NA	NA	1
ENSCAFG00845005762	0	NA	NA	0	NA	NA	NA	1
ENSCAFG00845005775	0	NA	NA	0	NA	NA	NA	1
ENSCAFG00845005786	0	NA	NA	0	NA	NA	NA	1
ENSCAFG00845005789	0	NA	NA	0	NA	NA	NA	1
ENSCAFG00845005797	0	NA	NA	0	NA	NA	NA	1
ENSCAFG00845005798	0	NA	NA	0	NA	NA	NA	1
ENSCAFG00845005807	0	NA	NA	0	NA	NA	NA	1
ENSCAFG00845005809	0	NA	NA	0	NA	NA	NA	1
ENSCAFG00845005814	0	NA	NA	0	NA	NA	NA	1
ENSCAFG00845005816	0	NA	NA	0	NA	NA	NA	1
ENSCAFG00845005822	0	NA	NA	0	NA	NA	NA	1
ENSCAFG00845005823	0	NA	NA	0	NA	NA	NA	1
ENSCAFG00845005862	0	NA	NA	0	NA	NA	NA	1
ENSCAFG00845005938	0	NA	NA	0	NA	NA	NA	1
ENSCAFG00845005945	0	NA	NA	0	NA	NA	NA	1
ENSCAFG00845006000	0	NA	NA	0	NA	NA	NA	1
ENSCAFG00845006024	0	NA	NA	0	NA	NA	NA	1
ENSCAFG00845006042	0	NA	NA	0	NA	NA	NA	1
ENSCAFG00845006051	0	NA	NA	0	NA	NA	NA	1
ENSCAFG00845006052	0	NA	NA	0	NA	NA	NA	1
ENSCAFG00845006056	0	NA	NA	0	NA	NA	NA	1
ENSCAFG00845006091	0	NA	NA	0	NA	NA	NA	1
ENSCAFG00845006092	0	NA	NA	0	NA	NA	NA	1
ENSCAFG00845006102	0	NA	NA	0	NA	NA	NA	1
ENSCAFG00845006122	0	NA	NA	0	NA	NA	NA	1
ENSCAFG00845006164	0	NA	NA	0	NA	NA	NA	1
ENSCAFG00845006168	0	NA	NA	0	NA	NA	NA	1
ENSCAFG00845006176	0	NA	NA	0	NA	NA	NA	1
ENSCAFG00845006198	0	NA	NA	0	NA	NA	NA	1
ENSCAFG00845006208	0	NA	NA	0	NA	NA	NA	1
ENSCAFG00845006209	0	NA	NA	0	NA	NA	NA	1
ENSCAFG00845006217	0	NA	NA	0	NA	NA	NA	1
ENSCAFG00845006231	0	NA	NA	0	NA	NA	NA	1
ENSCAFG00845006240	0	NA	NA	0	NA	NA	NA	1
ENSCAFG00845006247	0	NA	NA	0	NA	NA	NA	1
ENSCAFG00845006252	0	NA	NA	0	NA	NA	NA	1
ENSCAFG00845006294	0	NA	NA	0	NA	NA	NA	1
ENSCAFG00845006329	0	NA	NA	0	NA	NA	NA	1
ENSCAFG00845006337	0	NA	NA	0	NA	NA	NA	1
ENSCAFG00845006347	0	NA	NA	0	NA	NA	NA	1
ENSCAFG00845006355	0	NA	NA	0	NA	NA	NA	1
ENSCAFG00845006359	0	NA	NA	0	NA	NA	NA	1
ENSCAFG00845006365	0	NA	NA	0	NA	NA	NA	1
ENSCAFG00845006370	0	NA	NA	0	NA	NA	NA	1
ENSCAFG00845006377	0	NA	NA	0	NA	NA	NA	1
ENSCAFG00845006409	0	NA	NA	0	NA	NA	NA	1
ENSCAFG00845006429	0	NA	NA	0	NA	NA	NA	1
ENSCAFG00845006465	0	NA	NA	0	NA	NA	NA	1
ENSCAFG00845006470	0	NA	NA	0	NA	NA	NA	1
ENSCAFG00845006471	0	NA	NA	0	NA	NA	NA	1
ENSCAFG00845006475	0	NA	NA	0	NA	NA	NA	1
ENSCAFG00845006546	0	NA	NA	0	NA	NA	NA	1
ENSCAFG00845006557	0	NA	NA	0	NA	NA	NA	1
ENSCAFG00845006577	0	NA	NA	0	NA	NA	NA	1
ENSCAFG00845006625	0	NA	NA	0	NA	NA	NA	1
ENSCAFG00845006630	0	NA	NA	0	NA	NA	NA	1
ENSCAFG00845006632	0	NA	NA	0	NA	NA	NA	1
ENSCAFG00845006639	0	NA	NA	0	NA	NA	NA	1
ENSCAFG00845006648	0	NA	NA	0	NA	NA	NA	1
ENSCAFG00845006653	0	NA	NA	0	NA	NA	NA	1
ENSCAFG00845006660	0	NA	NA	0	NA	NA	NA	1
ENSCAFG00845006670	0	NA	NA	0	NA	NA	NA	1
ENSCAFG00845006680	0	NA	NA	0	NA	NA	NA	1
ENSCAFG00845006685	0	NA	NA	0	NA	NA	NA	1
ENSCAFG00845006692	0	NA	NA	0	NA	NA	NA	1
ENSCAFG00845006698	0	NA	NA	0	NA	NA	NA	1
ENSCAFG00845006708	0	NA	NA	0	NA	NA	NA	1
ENSCAFG00845006715	0	NA	NA	0	NA	NA	NA	1
ENSCAFG00845006729	0	NA	NA	0	NA	NA	NA	1
ENSCAFG00845006738	0	NA	NA	0	NA	NA	NA	1
ENSCAFG00845006740	0	NA	NA	0	NA	NA	NA	1
ENSCAFG00845006755	0	NA	NA	0	NA	NA	NA	1
ENSCAFG00845006800	0	NA	NA	0	NA	NA	NA	1
ENSCAFG00845006822	0	NA	NA	0	NA	NA	NA	1
ENSCAFG00845006830	0	NA	NA	0	NA	NA	NA	1
ENSCAFG00845006837	0	NA	NA	0	NA	NA	NA	1
ENSCAFG00845006881	0	NA	NA	0	NA	NA	NA	1
ENSCAFG00845006963	0	NA	NA	0	NA	NA	NA	1
ENSCAFG00845006974	0	NA	NA	0	NA	NA	NA	1
ENSCAFG00845007002	0	NA	NA	0	NA	NA	NA	1
ENSCAFG00845007017	0	NA	NA	0	NA	NA	NA	1
ENSCAFG00845007086	0	NA	NA	0	NA	NA	NA	1
ENSCAFG00845007109	0	NA	NA	0	NA	NA	NA	1
ENSCAFG00845007140	0	NA	NA	0	NA	NA	NA	1
ENSCAFG00845007151	0	NA	NA	0	NA	NA	NA	1
ENSCAFG00845007159	0	NA	NA	0	NA	NA	NA	1
ENSCAFG00845007161	0	NA	NA	0	NA	NA	NA	1
ENSCAFG00845007200	0	NA	NA	0	NA	NA	NA	1
ENSCAFG00845007212	0	NA	NA	0	NA	NA	NA	1
ENSCAFG00845007213	0	NA	NA	0	NA	NA	NA	1
ENSCAFG00845007253	0	NA	NA	0	NA	NA	NA	1
ENSCAFG00845007254	0	NA	NA	0	NA	NA	NA	1
ENSCAFG00845007275	0	NA	NA	0	NA	NA	NA	1
ENSCAFG00845007338	0	NA	NA	0	NA	NA	NA	1
ENSCAFG00845007508	0	NA	NA	0	NA	NA	NA	1
ENSCAFG00845007559	0	NA	NA	0	NA	NA	NA	1
ENSCAFG00845007630	0	NA	NA	0	NA	NA	NA	1
ENSCAFG00845007637	0	NA	NA	0	NA	NA	NA	1
ENSCAFG00845007649	0	NA	NA	0	NA	NA	NA	1
ENSCAFG00845007664	0	NA	NA	0	NA	NA	NA	1
ENSCAFG00845007670	0	NA	NA	0	NA	NA	NA	1
ENSCAFG00845007676	0	NA	NA	0	NA	NA	NA	1
ENSCAFG00845007683	0	NA	NA	0	NA	NA	NA	1
ENSCAFG00845007690	0	NA	NA	0	NA	NA	NA	1
ENSCAFG00845007706	0	NA	NA	0	NA	NA	NA	1
ENSCAFG00845007716	0	NA	NA	0	NA	NA	NA	1
ENSCAFG00845007721	0	NA	NA	0	NA	NA	NA	1
ENSCAFG00845007739	0	NA	NA	0	NA	NA	NA	1
ENSCAFG00845007743	0	NA	NA	0	NA	NA	NA	1
ENSCAFG00845007776	0	NA	NA	0	NA	NA	NA	1
ENSCAFG00845007782	0	NA	NA	0	NA	NA	NA	1
ENSCAFG00845007801	0	NA	NA	0	NA	NA	NA	1
ENSCAFG00845007808	0	NA	NA	0	NA	NA	NA	1
ENSCAFG00845007822	0	NA	NA	0	NA	NA	NA	1
ENSCAFG00845007826	0	NA	NA	0	NA	NA	NA	1
ENSCAFG00845007827	0	NA	NA	0	NA	NA	NA	1
ENSCAFG00845007852	0	NA	NA	0	NA	NA	NA	1
ENSCAFG00845007859	0	NA	NA	0	NA	NA	NA	1
ENSCAFG00845007884	0	NA	NA	0	NA	NA	NA	1
ENSCAFG00845007903	0	NA	NA	0	NA	NA	NA	1
ENSCAFG00845007917	0	NA	NA	0	NA	NA	NA	1
ENSCAFG00845007993	0	NA	NA	0	NA	NA	NA	1
ENSCAFG00845007999	0	NA	NA	0	NA	NA	NA	1
ENSCAFG00845008008	0	NA	NA	0	NA	NA	NA	1
ENSCAFG00845008015	0	NA	NA	0	NA	NA	NA	1
ENSCAFG00845008019	0	NA	NA	0	NA	NA	NA	1
ENSCAFG00845008026	0	NA	NA	0	NA	NA	NA	1
ENSCAFG00845008080	0	NA	NA	0	NA	NA	NA	1
ENSCAFG00845008091	0	NA	NA	0	NA	NA	NA	1
ENSCAFG00845008102	0	NA	NA	0	NA	NA	NA	1
ENSCAFG00845008108	0	NA	NA	0	NA	NA	NA	1
ENSCAFG00845008110	0	NA	NA	0	NA	NA	NA	1
ENSCAFG00845008117	0	NA	NA	0	NA	NA	NA	1
ENSCAFG00845008118	0	NA	NA	0	NA	NA	NA	1
ENSCAFG00845008122	0	NA	NA	0	NA	NA	NA	1
ENSCAFG00845008126	0	NA	NA	0	NA	NA	NA	1
ENSCAFG00845008130	0	NA	NA	0	NA	NA	NA	1
ENSCAFG00845008132	0	NA	NA	0	NA	NA	NA	1
ENSCAFG00845008134	0	NA	NA	0	NA	NA	NA	1
ENSCAFG00845008137	0	NA	NA	0	NA	NA	NA	1
ENSCAFG00845008140	0	NA	NA	0	NA	NA	NA	1
ENSCAFG00845008141	0	NA	NA	0	NA	NA	NA	1
ENSCAFG00845008147	0	NA	NA	0	NA	NA	NA	1
ENSCAFG00845008150	0	NA	NA	0	NA	NA	NA	1
ENSCAFG00845008155	0	NA	NA	0	NA	NA	NA	1
ENSCAFG00845008160	0	NA	NA	0	NA	NA	NA	1
ENSCAFG00845008163	0	NA	NA	0	NA	NA	NA	1
ENSCAFG00845008167	0	NA	NA	0	NA	NA	NA	1
ENSCAFG00845008174	0	NA	NA	0	NA	NA	NA	1
ENSCAFG00845008179	0	NA	NA	0	NA	NA	NA	1
ENSCAFG00845008192	0	NA	NA	0	NA	NA	NA	1
ENSCAFG00845008196	0	NA	NA	0	NA	NA	NA	1
ENSCAFG00845008203	0	NA	NA	0	NA	NA	NA	1
ENSCAFG00845008223	0	NA	NA	0	NA	NA	NA	1
ENSCAFG00845008247	0	NA	NA	0	NA	NA	NA	1
ENSCAFG00845008257	0	NA	NA	0	NA	NA	NA	1
ENSCAFG00845008266	0	NA	NA	0	NA	NA	NA	1
ENSCAFG00845008275	0	NA	NA	0	NA	NA	NA	1
ENSCAFG00845008281	0	NA	NA	0	NA	NA	NA	1
ENSCAFG00845008282	0	NA	NA	0	NA	NA	NA	1
ENSCAFG00845008300	0	NA	NA	0	NA	NA	NA	1
ENSCAFG00845008312	0	NA	NA	0	NA	NA	NA	1
ENSCAFG00845008313	0	NA	NA	0	NA	NA	NA	1
ENSCAFG00845008315	0	NA	NA	0	NA	NA	NA	1
ENSCAFG00845008333	0	NA	NA	0	NA	NA	NA	1
ENSCAFG00845008359	0	NA	NA	0	NA	NA	NA	1
ENSCAFG00845008364	0	NA	NA	0	NA	NA	NA	1
ENSCAFG00845008393	0	NA	NA	0	NA	NA	NA	1
ENSCAFG00845008398	0	NA	NA	0	NA	NA	NA	1
ENSCAFG00845008406	0	NA	NA	0	NA	NA	NA	1
ENSCAFG00845008411	0	NA	NA	0	NA	NA	NA	1
ENSCAFG00845008417	0	NA	NA	0	NA	NA	NA	1
ENSCAFG00845008438	0	NA	NA	0	NA	NA	NA	1
ENSCAFG00845008448	0	NA	NA	0	NA	NA	NA	1
ENSCAFG00845008454	0	NA	NA	0	NA	NA	NA	1
ENSCAFG00845008458	0	NA	NA	0	NA	NA	NA	1
ENSCAFG00845008463	0	NA	NA	0	NA	NA	NA	1
ENSCAFG00845008472	0	NA	NA	0	NA	NA	NA	1
ENSCAFG00845008481	0	NA	NA	0	NA	NA	NA	1
ENSCAFG00845008490	0	NA	NA	0	NA	NA	NA	1
ENSCAFG00845008492	0	NA	NA	0	NA	NA	NA	1
ENSCAFG00845008510	0	NA	NA	0	NA	NA	NA	1
ENSCAFG00845008536	0	NA	NA	0	NA	NA	NA	1
ENSCAFG00845008602	0	NA	NA	0	NA	NA	NA	1
ENSCAFG00845008660	0	NA	NA	0	NA	NA	NA	1
ENSCAFG00845008715	0	NA	NA	0	NA	NA	NA	1
ENSCAFG00845008716	0	NA	NA	0	NA	NA	NA	1
ENSCAFG00845008719	0	NA	NA	0	NA	NA	NA	1
ENSCAFG00845008723	0	NA	NA	0	NA	NA	NA	1
ENSCAFG00845008738	0	NA	NA	0	NA	NA	NA	1
ENSCAFG00845008755	0	NA	NA	0	NA	NA	NA	1
ENSCAFG00845008862	0	NA	NA	0	NA	NA	NA	1
ENSCAFG00845008925	0	NA	NA	0	NA	NA	NA	1
ENSCAFG00845008946	0	NA	NA	0	NA	NA	NA	1
ENSCAFG00845008951	0	NA	NA	0	NA	NA	NA	1
ENSCAFG00845008956	0	NA	NA	0	NA	NA	NA	1
ENSCAFG00845008959	0	NA	NA	0	NA	NA	NA	1
ENSCAFG00845008967	0	NA	NA	0	NA	NA	NA	1
ENSCAFG00845008968	0	NA	NA	0	NA	NA	NA	1
ENSCAFG00845008973	0	NA	NA	0	NA	NA	NA	1
ENSCAFG00845008980	0	NA	NA	0	NA	NA	NA	1
ENSCAFG00845008992	0	NA	NA	0	NA	NA	NA	1
ENSCAFG00845008995	0	NA	NA	0	NA	NA	NA	1
ENSCAFG00845009006	0	NA	NA	0	NA	NA	NA	1
ENSCAFG00845009008	0	NA	NA	0	NA	NA	NA	1
ENSCAFG00845009017	0	NA	NA	0	NA	NA	NA	1
ENSCAFG00845009020	0	NA	NA	0	NA	NA	NA	1
ENSCAFG00845009023	0	NA	NA	0	NA	NA	NA	1
ENSCAFG00845009052	0	NA	NA	0	NA	NA	NA	1
ENSCAFG00845009066	0	NA	NA	0	NA	NA	NA	1
ENSCAFG00845009076	0	NA	NA	0	NA	NA	NA	1
ENSCAFG00845009097	0	NA	NA	0	NA	NA	NA	1
ENSCAFG00845009115	0	NA	NA	0	NA	NA	NA	1
ENSCAFG00845009150	0	NA	NA	0	NA	NA	NA	1
ENSCAFG00845009166	0	NA	NA	0	NA	NA	NA	1
ENSCAFG00845009180	0	NA	NA	0	NA	NA	NA	1
ENSCAFG00845009199	0	NA	NA	0	NA	NA	NA	1
ENSCAFG00845009200	0	NA	NA	0	NA	NA	NA	1
ENSCAFG00845009203	0	NA	NA	0	NA	NA	NA	1
ENSCAFG00845009253	0	NA	NA	0	NA	NA	NA	1
ENSCAFG00845009260	0	NA	NA	0	NA	NA	NA	1
ENSCAFG00845009272	0	NA	NA	0	NA	NA	NA	1
ENSCAFG00845009276	0	NA	NA	0	NA	NA	NA	1
ENSCAFG00845009277	0	NA	NA	0	NA	NA	NA	1
ENSCAFG00845009279	0	NA	NA	0	NA	NA	NA	1
ENSCAFG00845009281	0	NA	NA	0	NA	NA	NA	1
ENSCAFG00845009284	0	NA	NA	0	NA	NA	NA	1
ENSCAFG00845009285	0	NA	NA	0	NA	NA	NA	1
ENSCAFG00845009302	0	NA	NA	0	NA	NA	NA	1
ENSCAFG00845009313	0	NA	NA	0	NA	NA	NA	1
ENSCAFG00845009318	0	NA	NA	0	NA	NA	NA	1
ENSCAFG00845009332	0	NA	NA	0	NA	NA	NA	1
ENSCAFG00845009348	0	NA	NA	0	NA	NA	NA	1
ENSCAFG00845009352	0	NA	NA	0	NA	NA	NA	1
ENSCAFG00845009364	0	NA	NA	0	NA	NA	NA	1
ENSCAFG00845009392	0	NA	NA	0	NA	NA	NA	1
ENSCAFG00845009413	0	NA	NA	0	NA	NA	NA	1
ENSCAFG00845009424	0	NA	NA	0	NA	NA	NA	1
ENSCAFG00845009461	0	NA	NA	0	NA	NA	NA	1
ENSCAFG00845009472	0	NA	NA	0	NA	NA	NA	1
ENSCAFG00845009486	0	NA	NA	0	NA	NA	NA	1
ENSCAFG00845009499	0	NA	NA	0	NA	NA	NA	1
ENSCAFG00845009507	0	NA	NA	0	NA	NA	NA	1
ENSCAFG00845009540	0	NA	NA	0	NA	NA	NA	1
ENSCAFG00845009640	0	NA	NA	0	NA	NA	NA	1
ENSCAFG00845009648	0	NA	NA	0	NA	NA	NA	1
ENSCAFG00845009656	0	NA	NA	0	NA	NA	NA	1
ENSCAFG00845009661	0	NA	NA	0	NA	NA	NA	1
ENSCAFG00845009671	0	NA	NA	0	NA	NA	NA	1
ENSCAFG00845009677	0	NA	NA	0	NA	NA	NA	1
ENSCAFG00845009679	0	NA	NA	0	NA	NA	NA	1
ENSCAFG00845009685	0	NA	NA	0	NA	NA	NA	1
ENSCAFG00845009691	0	NA	NA	0	NA	NA	NA	1
ENSCAFG00845009698	0	NA	NA	0	NA	NA	NA	1
ENSCAFG00845009714	0	NA	NA	0	NA	NA	NA	1
ENSCAFG00845009718	0	NA	NA	0	NA	NA	NA	1
ENSCAFG00845009722	0	NA	NA	0	NA	NA	NA	1
ENSCAFG00845009738	0	NA	NA	0	NA	NA	NA	1
ENSCAFG00845009749	0	NA	NA	0	NA	NA	NA	1
ENSCAFG00845009760	0	NA	NA	0	NA	NA	NA	1
ENSCAFG00845009781	0	NA	NA	0	NA	NA	NA	1
ENSCAFG00845009836	0	NA	NA	0	NA	NA	NA	1
ENSCAFG00845009849	0	NA	NA	0	NA	NA	NA	1
ENSCAFG00845009867	0	NA	NA	0	NA	NA	NA	1
ENSCAFG00845009928	0	NA	NA	0	NA	NA	NA	1
ENSCAFG00845009943	0	NA	NA	0	NA	NA	NA	1
ENSCAFG00845009955	0	NA	NA	0	NA	NA	NA	1
ENSCAFG00845009964	0	NA	NA	0	NA	NA	NA	1
ENSCAFG00845009975	0	NA	NA	0	NA	NA	NA	1
ENSCAFG00845009986	0	NA	NA	0	NA	NA	NA	1
ENSCAFG00845010006	0	NA	NA	0	NA	NA	NA	1
ENSCAFG00845010113	0	NA	NA	0	NA	NA	NA	1
ENSCAFG00845010123	0	NA	NA	0	NA	NA	NA	1
ENSCAFG00845010139	0	NA	NA	0	NA	NA	NA	1
ENSCAFG00845010159	0	NA	NA	0	NA	NA	NA	1
ENSCAFG00845010162	0	NA	NA	0	NA	NA	NA	1
ENSCAFG00845010166	0	NA	NA	0	NA	NA	NA	1
ENSCAFG00845010187	0	NA	NA	0	NA	NA	NA	1
ENSCAFG00845010256	0	NA	NA	0	NA	NA	NA	1
ENSCAFG00845010285	0	NA	NA	0	NA	NA	NA	1
ENSCAFG00845010294	0	NA	NA	0	NA	NA	NA	1
ENSCAFG00845010296	0	NA	NA	0	NA	NA	NA	1
ENSCAFG00845010315	0	NA	NA	0	NA	NA	NA	1
ENSCAFG00845010331	0	NA	NA	0	NA	NA	NA	1
ENSCAFG00845010441	0	NA	NA	0	NA	NA	NA	1
ENSCAFG00845010448	0	NA	NA	0	NA	NA	NA	1
ENSCAFG00845010460	0	NA	NA	0	NA	NA	NA	1
ENSCAFG00845010467	0	NA	NA	0	NA	NA	NA	1
ENSCAFG00845010477	0	NA	NA	0	NA	NA	NA	1
ENSCAFG00845010488	0	NA	NA	0	NA	NA	NA	1
ENSCAFG00845010500	0	NA	NA	0	NA	NA	NA	1
ENSCAFG00845010509	0	NA	NA	0	NA	NA	NA	1
ENSCAFG00845010522	0	NA	NA	0	NA	NA	NA	1
ENSCAFG00845010529	0	NA	NA	0	NA	NA	NA	1
ENSCAFG00845010544	0	NA	NA	0	NA	NA	NA	1
ENSCAFG00845010613	0	NA	NA	0	NA	NA	NA	1
ENSCAFG00845010619	0	NA	NA	0	NA	NA	NA	1
ENSCAFG00845010627	0	NA	NA	0	NA	NA	NA	1
ENSCAFG00845010631	0	NA	NA	0	NA	NA	NA	1
ENSCAFG00845010638	0	NA	NA	0	NA	NA	NA	1
ENSCAFG00845010640	0	NA	NA	0	NA	NA	NA	1
ENSCAFG00845010641	0	NA	NA	0	NA	NA	NA	1
ENSCAFG00845010645	0	NA	NA	0	NA	NA	NA	1
ENSCAFG00845010646	0	NA	NA	0	NA	NA	NA	1
ENSCAFG00845010647	0	NA	NA	0	NA	NA	NA	1
ENSCAFG00845010659	0	NA	NA	0	NA	NA	NA	1
ENSCAFG00845010660	0	NA	NA	0	NA	NA	NA	1
ENSCAFG00845010687	0	NA	NA	0	NA	NA	NA	1
ENSCAFG00845010698	0	NA	NA	0	NA	NA	NA	1
ENSCAFG00845010728	0	NA	NA	0	NA	NA	NA	1
ENSCAFG00845010759	0	NA	NA	0	NA	NA	NA	1
ENSCAFG00845010763	0	NA	NA	0	NA	NA	NA	1
ENSCAFG00845010783	0	NA	NA	0	NA	NA	NA	1
ENSCAFG00845010799	0	NA	NA	0	NA	NA	NA	1
ENSCAFG00845010817	0	NA	NA	0	NA	NA	NA	1
ENSCAFG00845010844	0	NA	NA	0	NA	NA	NA	1
ENSCAFG00845010860	0	NA	NA	0	NA	NA	NA	1
ENSCAFG00845010862	0	NA	NA	0	NA	NA	NA	1
ENSCAFG00845010873	0	NA	NA	0	NA	NA	NA	1
ENSCAFG00845010914	0	NA	NA	0	NA	NA	NA	1
ENSCAFG00845010916	0	NA	NA	0	NA	NA	NA	1
ENSCAFG00845010923	0	NA	NA	0	NA	NA	NA	1
ENSCAFG00845010925	0	NA	NA	0	NA	NA	NA	1
ENSCAFG00845010965	0	NA	NA	0	NA	NA	NA	1
ENSCAFG00845010969	0	NA	NA	0	NA	NA	NA	1
ENSCAFG00845010992	0	NA	NA	0	NA	NA	NA	1
ENSCAFG00845010996	0	NA	NA	0	NA	NA	NA	1
ENSCAFG00845011032	0	NA	NA	0	NA	NA	NA	1
ENSCAFG00845011034	0	NA	NA	0	NA	NA	NA	1
ENSCAFG00845011040	0	NA	NA	0	NA	NA	NA	1
ENSCAFG00845011062	0	NA	NA	0	NA	NA	NA	1
ENSCAFG00845011078	0	NA	NA	0	NA	NA	NA	1
ENSCAFG00845011129	0	NA	NA	0	NA	NA	NA	1
ENSCAFG00845011135	0	NA	NA	0	NA	NA	NA	1
ENSCAFG00845011146	0	NA	NA	0	NA	NA	NA	1
ENSCAFG00845011156	0	NA	NA	0	NA	NA	NA	1
ENSCAFG00845011184	0	NA	NA	0	NA	NA	NA	1
ENSCAFG00845011209	0	NA	NA	0	NA	NA	NA	1
ENSCAFG00845011218	0	NA	NA	0	NA	NA	NA	1
ENSCAFG00845011224	0	NA	NA	0	NA	NA	NA	1
ENSCAFG00845011229	0	NA	NA	0	NA	NA	NA	1
ENSCAFG00845011244	0	NA	NA	0	NA	NA	NA	1
ENSCAFG00845011249	0	NA	NA	0	NA	NA	NA	1
ENSCAFG00845011306	0	NA	NA	0	NA	NA	NA	1
ENSCAFG00845011312	0	NA	NA	0	NA	NA	NA	1
ENSCAFG00845011323	0	NA	NA	0	NA	NA	NA	1
ENSCAFG00845011329	0	NA	NA	0	NA	NA	NA	1
ENSCAFG00845011421	0	NA	NA	0	NA	NA	NA	1
ENSCAFG00845011425	0	NA	NA	0	NA	NA	NA	1
ENSCAFG00845011442	0	NA	NA	0	NA	NA	NA	1
ENSCAFG00845011456	0	NA	NA	0	NA	NA	NA	1
ENSCAFG00845011462	0	NA	NA	0	NA	NA	NA	1
ENSCAFG00845011466	0	NA	NA	0	NA	NA	NA	1
ENSCAFG00845011468	0	NA	NA	0	NA	NA	NA	1
ENSCAFG00845011473	0	NA	NA	0	NA	NA	NA	1
ENSCAFG00845011495	0	NA	NA	0	NA	NA	NA	1
ENSCAFG00845011497	0	NA	NA	0	NA	NA	NA	1
ENSCAFG00845011500	0	NA	NA	0	NA	NA	NA	1
ENSCAFG00845011501	0	NA	NA	0	NA	NA	NA	1
ENSCAFG00845011510	0	NA	NA	0	NA	NA	NA	1
ENSCAFG00845011518	0	NA	NA	0	NA	NA	NA	1
ENSCAFG00845011519	0	NA	NA	0	NA	NA	NA	1
ENSCAFG00845011587	0	NA	NA	0	NA	NA	NA	1
ENSCAFG00845011596	0	NA	NA	0	NA	NA	NA	1
ENSCAFG00845011614	0	NA	NA	0	NA	NA	NA	1
ENSCAFG00845011631	0	NA	NA	0	NA	NA	NA	1
ENSCAFG00845011682	0	NA	NA	0	NA	NA	NA	1
ENSCAFG00845011686	0	NA	NA	0	NA	NA	NA	1
ENSCAFG00845011831	0	NA	NA	0	NA	NA	NA	1
ENSCAFG00845011847	0	NA	NA	0	NA	NA	NA	1
ENSCAFG00845011860	0	NA	NA	0	NA	NA	NA	1
ENSCAFG00845011885	0	NA	NA	0	NA	NA	NA	1
ENSCAFG00845011886	0	NA	NA	0	NA	NA	NA	1
ENSCAFG00845011902	0	NA	NA	0	NA	NA	NA	1
ENSCAFG00845011913	0	NA	NA	0	NA	NA	NA	1
ENSCAFG00845011921	0	NA	NA	0	NA	NA	NA	1
ENSCAFG00845011936	0	NA	NA	0	NA	NA	NA	1
ENSCAFG00845011958	0	NA	NA	0	NA	NA	NA	1
ENSCAFG00845012034	0	NA	NA	0	NA	NA	NA	1
ENSCAFG00845012049	0	NA	NA	0	NA	NA	NA	1
ENSCAFG00845012139	0	NA	NA	0	NA	NA	NA	1
ENSCAFG00845012140	0	NA	NA	0	NA	NA	NA	1
ENSCAFG00845012147	0	NA	NA	0	NA	NA	NA	1
ENSCAFG00845012155	0	NA	NA	0	NA	NA	NA	1
ENSCAFG00845012239	0	NA	NA	0	NA	NA	NA	1
ENSCAFG00845012261	0	NA	NA	0	NA	NA	NA	1
ENSCAFG00845012264	0	NA	NA	0	NA	NA	NA	1
ENSCAFG00845012270	0	NA	NA	0	NA	NA	NA	1
ENSCAFG00845012273	0	NA	NA	0	NA	NA	NA	1
ENSCAFG00845012291	0	NA	NA	0	NA	NA	NA	1
ENSCAFG00845012297	0	NA	NA	0	NA	NA	NA	1
ENSCAFG00845012300	0	NA	NA	0	NA	NA	NA	1
ENSCAFG00845012307	0	NA	NA	0	NA	NA	NA	1
ENSCAFG00845012308	0	NA	NA	0	NA	NA	NA	1
ENSCAFG00845012313	0	NA	NA	0	NA	NA	NA	1
ENSCAFG00845012317	0	NA	NA	0	NA	NA	NA	1
ENSCAFG00845012319	0	NA	NA	0	NA	NA	NA	1
ENSCAFG00845012320	0	NA	NA	0	NA	NA	NA	1
ENSCAFG00845012326	0	NA	NA	0	NA	NA	NA	1
ENSCAFG00845012331	0	NA	NA	0	NA	NA	NA	1
ENSCAFG00845012343	0	NA	NA	0	NA	NA	NA	1
ENSCAFG00845012370	0	NA	NA	0	NA	NA	NA	1
ENSCAFG00845012421	0	NA	NA	0	NA	NA	NA	1
ENSCAFG00845012443	0	NA	NA	0	NA	NA	NA	1
ENSCAFG00845012462	0	NA	NA	0	NA	NA	NA	1
ENSCAFG00845012464	0	NA	NA	0	NA	NA	NA	1
ENSCAFG00845012515	0	NA	NA	0	NA	NA	NA	1
ENSCAFG00845012521	0	NA	NA	0	NA	NA	NA	1
ENSCAFG00845012551	0	NA	NA	0	NA	NA	NA	1
ENSCAFG00845012609	0	NA	NA	0	NA	NA	NA	1
ENSCAFG00845012619	0	NA	NA	0	NA	NA	NA	1
ENSCAFG00845012637	0	NA	NA	0	NA	NA	NA	1
ENSCAFG00845012645	0	NA	NA	0	NA	NA	NA	1
ENSCAFG00845012652	0	NA	NA	0	NA	NA	NA	1
ENSCAFG00845012655	0	NA	NA	0	NA	NA	NA	1
ENSCAFG00845012735	0	NA	NA	0	NA	NA	NA	1
ENSCAFG00845012820	0	NA	NA	0	NA	NA	NA	1
ENSCAFG00845012825	0	NA	NA	0	NA	NA	NA	1
ENSCAFG00845012899	0	NA	NA	0	NA	NA	NA	1
ENSCAFG00845012906	0	NA	NA	0	NA	NA	NA	1
ENSCAFG00845012975	0	NA	NA	0	NA	NA	NA	1
ENSCAFG00845012982	0	NA	NA	0	NA	NA	NA	1
ENSCAFG00845013002	0	NA	NA	0	NA	NA	NA	1
ENSCAFG00845013017	0	NA	NA	0	NA	NA	NA	1
ENSCAFG00845013027	0	NA	NA	0	NA	NA	NA	1
ENSCAFG00845013063	0	NA	NA	0	NA	NA	NA	1
ENSCAFG00845013073	0	NA	NA	0	NA	NA	NA	1
ENSCAFG00845013095	0	NA	NA	0	NA	NA	NA	1
ENSCAFG00845013152	0	NA	NA	0	NA	NA	NA	1
ENSCAFG00845013160	0	NA	NA	0	NA	NA	NA	1
ENSCAFG00845013181	0	NA	NA	0	NA	NA	NA	1
ENSCAFG00845013210	0	NA	NA	0	NA	NA	NA	1
ENSCAFG00845013232	0	NA	NA	0	NA	NA	NA	1
ENSCAFG00845013243	0	NA	NA	0	NA	NA	NA	1
ENSCAFG00845013247	0	NA	NA	0	NA	NA	NA	1
ENSCAFG00845013278	0	NA	NA	0	NA	NA	NA	1
ENSCAFG00845013284	0	NA	NA	0	NA	NA	NA	1
ENSCAFG00845013292	0	NA	NA	0	NA	NA	NA	1
ENSCAFG00845013324	0	NA	NA	0	NA	NA	NA	1
ENSCAFG00845013434	0	NA	NA	0	NA	NA	NA	1
ENSCAFG00845013461	0	NA	NA	0	NA	NA	NA	1
ENSCAFG00845013464	0	NA	NA	0	NA	NA	NA	1
ENSCAFG00845013466	0	NA	NA	0	NA	NA	NA	1
ENSCAFG00845013545	0	NA	NA	0	NA	NA	NA	1
ENSCAFG00845013546	0	NA	NA	0	NA	NA	NA	1
ENSCAFG00845013559	0	NA	NA	0	NA	NA	NA	1
ENSCAFG00845013595	0	NA	NA	0	NA	NA	NA	1
ENSCAFG00845013606	0	NA	NA	0	NA	NA	NA	1
ENSCAFG00845013612	0	NA	NA	0	NA	NA	NA	1
ENSCAFG00845013617	0	NA	NA	0	NA	NA	NA	1
ENSCAFG00845013621	0	NA	NA	0	NA	NA	NA	1
ENSCAFG00845013651	0	NA	NA	0	NA	NA	NA	1
ENSCAFG00845013706	0	NA	NA	0	NA	NA	NA	1
ENSCAFG00845013773	0	NA	NA	0	NA	NA	NA	1
ENSCAFG00845013782	0	NA	NA	0	NA	NA	NA	1
ENSCAFG00845013786	0	NA	NA	0	NA	NA	NA	1
ENSCAFG00845013794	0	NA	NA	0	NA	NA	NA	1
ENSCAFG00845013796	0	NA	NA	0	NA	NA	NA	1
ENSCAFG00845013843	0	NA	NA	0	NA	NA	NA	1
ENSCAFG00845013847	0	NA	NA	0	NA	NA	NA	1
ENSCAFG00845013854	0	NA	NA	0	NA	NA	NA	1
ENSCAFG00845013855	0	NA	NA	0	NA	NA	NA	1
ENSCAFG00845013857	0	NA	NA	0	NA	NA	NA	1
ENSCAFG00845013864	0	NA	NA	0	NA	NA	NA	1
ENSCAFG00845013871	0	NA	NA	0	NA	NA	NA	1
ENSCAFG00845013878	0	NA	NA	0	NA	NA	NA	1
ENSCAFG00845013879	0	NA	NA	0	NA	NA	NA	1
ENSCAFG00845013893	0	NA	NA	0	NA	NA	NA	1
ENSCAFG00845013897	0	NA	NA	0	NA	NA	NA	1
ENSCAFG00845013898	0	NA	NA	0	NA	NA	NA	1
ENSCAFG00845013913	0	NA	NA	0	NA	NA	NA	1
ENSCAFG00845013919	0	NA	NA	0	NA	NA	NA	1
ENSCAFG00845013958	0	NA	NA	0	NA	NA	NA	1
ENSCAFG00845013983	0	NA	NA	0	NA	NA	NA	1
ENSCAFG00845013989	0	NA	NA	0	NA	NA	NA	1
ENSCAFG00845013991	0	NA	NA	0	NA	NA	NA	1
ENSCAFG00845013996	0	NA	NA	0	NA	NA	NA	1
ENSCAFG00845014004	0	NA	NA	0	NA	NA	NA	1
ENSCAFG00845014044	0	NA	NA	0	NA	NA	NA	1
ENSCAFG00845014049	0	NA	NA	0	NA	NA	NA	1
ENSCAFG00845014057	0	NA	NA	0	NA	NA	NA	1
ENSCAFG00845014067	0	NA	NA	0	NA	NA	NA	1
ENSCAFG00845014136	0	NA	NA	0	NA	NA	NA	1
ENSCAFG00845014139	0	NA	NA	0	NA	NA	NA	1
ENSCAFG00845014144	0	NA	NA	0	NA	NA	NA	1
ENSCAFG00845014158	0	NA	NA	0	NA	NA	NA	1
ENSCAFG00845014184	0	NA	NA	0	NA	NA	NA	1
ENSCAFG00845014207	0	NA	NA	0	NA	NA	NA	1
ENSCAFG00845014243	0	NA	NA	0	NA	NA	NA	1
ENSCAFG00845014255	0	NA	NA	0	NA	NA	NA	1
ENSCAFG00845014259	0	NA	NA	0	NA	NA	NA	1
ENSCAFG00845014423	0	NA	NA	0	NA	NA	NA	1
ENSCAFG00845014424	0	NA	NA	0	NA	NA	NA	1
ENSCAFG00845014490	0	NA	NA	0	NA	NA	NA	1
ENSCAFG00845014499	0	NA	NA	0	NA	NA	NA	1
ENSCAFG00845014502	0	NA	NA	0	NA	NA	NA	1
ENSCAFG00845014507	0	NA	NA	0	NA	NA	NA	1
ENSCAFG00845014516	0	NA	NA	0	NA	NA	NA	1
ENSCAFG00845014522	0	NA	NA	0	NA	NA	NA	1
ENSCAFG00845014551	0	NA	NA	0	NA	NA	NA	1
ENSCAFG00845014594	0	NA	NA	0	NA	NA	NA	1
ENSCAFG00845014616	0	NA	NA	0	NA	NA	NA	1
ENSCAFG00845014623	0	NA	NA	0	NA	NA	NA	1
ENSCAFG00845014643	0	NA	NA	0	NA	NA	NA	1
ENSCAFG00845014660	0	NA	NA	0	NA	NA	NA	1
ENSCAFG00845014668	0	NA	NA	0	NA	NA	NA	1
ENSCAFG00845014673	0	NA	NA	0	NA	NA	NA	1
ENSCAFG00845014675	0	NA	NA	0	NA	NA	NA	1
ENSCAFG00845014702	0	NA	NA	0	NA	NA	NA	1
ENSCAFG00845014720	0	NA	NA	0	NA	NA	NA	1
ENSCAFG00845014728	0	NA	NA	0	NA	NA	NA	1
ENSCAFG00845014752	0	NA	NA	0	NA	NA	NA	1
ENSCAFG00845014759	0	NA	NA	0	NA	NA	NA	1
ENSCAFG00845014764	0	NA	NA	0	NA	NA	NA	1
ENSCAFG00845014769	0	NA	NA	0	NA	NA	NA	1
ENSCAFG00845014776	0	NA	NA	0	NA	NA	NA	1
ENSCAFG00845014781	0	NA	NA	0	NA	NA	NA	1
ENSCAFG00845014783	0	NA	NA	0	NA	NA	NA	1
ENSCAFG00845014786	0	NA	NA	0	NA	NA	NA	1
ENSCAFG00845014793	0	NA	NA	0	NA	NA	NA	1
ENSCAFG00845014797	0	NA	NA	0	NA	NA	NA	1
ENSCAFG00845014968	0	NA	NA	0	NA	NA	NA	1
ENSCAFG00845014979	0	NA	NA	0	NA	NA	NA	1
ENSCAFG00845015008	0	NA	NA	0	NA	NA	NA	1
ENSCAFG00845015018	0	NA	NA	0	NA	NA	NA	1
ENSCAFG00845015055	0	NA	NA	0	NA	NA	NA	1
ENSCAFG00845015110	0	NA	NA	0	NA	NA	NA	1
ENSCAFG00845015156	0	NA	NA	0	NA	NA	NA	1
ENSCAFG00845015184	0	NA	NA	0	NA	NA	NA	1
ENSCAFG00845015230	0	NA	NA	0	NA	NA	NA	1
ENSCAFG00845015240	0	NA	NA	0	NA	NA	NA	1
ENSCAFG00845015283	0	NA	NA	0	NA	NA	NA	1
ENSCAFG00845015289	0	NA	NA	0	NA	NA	NA	1
ENSCAFG00845015326	0	NA	NA	0	NA	NA	NA	1
ENSCAFG00845015346	0	NA	NA	0	NA	NA	NA	1
ENSCAFG00845015349	0	NA	NA	0	NA	NA	NA	1
ENSCAFG00845015354	0	NA	NA	0	NA	NA	NA	1
ENSCAFG00845015358	0	NA	NA	0	NA	NA	NA	1
ENSCAFG00845015375	0	NA	NA	0	NA	NA	NA	1
ENSCAFG00845015380	0	NA	NA	0	NA	NA	NA	1
ENSCAFG00845015392	0	NA	NA	0	NA	NA	NA	1
ENSCAFG00845015396	0	NA	NA	0	NA	NA	NA	1
ENSCAFG00845015404	0	NA	NA	0	NA	NA	NA	1
ENSCAFG00845015418	0	NA	NA	0	NA	NA	NA	1
ENSCAFG00845015441	0	NA	NA	0	NA	NA	NA	1
ENSCAFG00845015454	0	NA	NA	0	NA	NA	NA	1
ENSCAFG00845015480	0	NA	NA	0	NA	NA	NA	1
ENSCAFG00845015481	0	NA	NA	0	NA	NA	NA	1
ENSCAFG00845015501	0	NA	NA	0	NA	NA	NA	1
ENSCAFG00845015509	0	NA	NA	0	NA	NA	NA	1
ENSCAFG00845015517	0	NA	NA	0	NA	NA	NA	1
ENSCAFG00845015536	0	NA	NA	0	NA	NA	NA	1
ENSCAFG00845015552	0	NA	NA	0	NA	NA	NA	1
ENSCAFG00845015627	0	NA	NA	0	NA	NA	NA	1
ENSCAFG00845015651	0	NA	NA	0	NA	NA	NA	1
ENSCAFG00845015659	0	NA	NA	0	NA	NA	NA	1
ENSCAFG00845015665	0	NA	NA	0	NA	NA	NA	1
ENSCAFG00845015698	0	NA	NA	0	NA	NA	NA	1
ENSCAFG00845015735	0	NA	NA	0	NA	NA	NA	1
ENSCAFG00845015777	0	NA	NA	0	NA	NA	NA	1
ENSCAFG00845015789	0	NA	NA	0	NA	NA	NA	1
ENSCAFG00845015798	0	NA	NA	0	NA	NA	NA	1
ENSCAFG00845015820	0	NA	NA	0	NA	NA	NA	1
ENSCAFG00845015823	0	NA	NA	0	NA	NA	NA	1
ENSCAFG00845015824	0	NA	NA	0	NA	NA	NA	1
ENSCAFG00845015851	0	NA	NA	0	NA	NA	NA	1
ENSCAFG00845015995	0	NA	NA	0	NA	NA	NA	1
ENSCAFG00845016001	0	NA	NA	0	NA	NA	NA	1
ENSCAFG00845016055	0	NA	NA	0	NA	NA	NA	1
ENSCAFG00845016057	0	NA	NA	0	NA	NA	NA	1
ENSCAFG00845016096	0	NA	NA	0	NA	NA	NA	1
ENSCAFG00845016140	0	NA	NA	0	NA	NA	NA	1
ENSCAFG00845016152	0	NA	NA	0	NA	NA	NA	1
ENSCAFG00845016157	0	NA	NA	0	NA	NA	NA	1
ENSCAFG00845016179	0	NA	NA	0	NA	NA	NA	1
ENSCAFG00845016186	0	NA	NA	0	NA	NA	NA	1
ENSCAFG00845016190	0	NA	NA	0	NA	NA	NA	1
ENSCAFG00845016206	0	NA	NA	0	NA	NA	NA	1
ENSCAFG00845016216	0	NA	NA	0	NA	NA	NA	1
ENSCAFG00845016221	0	NA	NA	0	NA	NA	NA	1
ENSCAFG00845016228	0	NA	NA	0	NA	NA	NA	1
ENSCAFG00845016234	0	NA	NA	0	NA	NA	NA	1
ENSCAFG00845016241	0	NA	NA	0	NA	NA	NA	1
ENSCAFG00845016249	0	NA	NA	0	NA	NA	NA	1
ENSCAFG00845016261	0	NA	NA	0	NA	NA	NA	1
ENSCAFG00845016268	0	NA	NA	0	NA	NA	NA	1
ENSCAFG00845016270	0	NA	NA	0	NA	NA	NA	1
ENSCAFG00845016283	0	NA	NA	0	NA	NA	NA	1
ENSCAFG00845016287	0	NA	NA	0	NA	NA	NA	1
ENSCAFG00845016297	0	NA	NA	0	NA	NA	NA	1
ENSCAFG00845016299	0	NA	NA	0	NA	NA	NA	1
ENSCAFG00845016300	0	NA	NA	0	NA	NA	NA	1
ENSCAFG00845016302	0	NA	NA	0	NA	NA	NA	1
ENSCAFG00845016315	0	NA	NA	0	NA	NA	NA	1
ENSCAFG00845016330	0	NA	NA	0	NA	NA	NA	1
ENSCAFG00845016334	0	NA	NA	0	NA	NA	NA	1
ENSCAFG00845016338	0	NA	NA	0	NA	NA	NA	1
ENSCAFG00845016340	0	NA	NA	0	NA	NA	NA	1
ENSCAFG00845016349	0	NA	NA	0	NA	NA	NA	1
ENSCAFG00845016361	0	NA	NA	0	NA	NA	NA	1
ENSCAFG00845016362	0	NA	NA	0	NA	NA	NA	1
ENSCAFG00845016372	0	NA	NA	0	NA	NA	NA	1
ENSCAFG00845016373	0	NA	NA	0	NA	NA	NA	1
ENSCAFG00845016381	0	NA	NA	0	NA	NA	NA	1
ENSCAFG00845016405	0	NA	NA	0	NA	NA	NA	1
ENSCAFG00845016406	0	NA	NA	0	NA	NA	NA	1
ENSCAFG00845016425	0	NA	NA	0	NA	NA	NA	1
ENSCAFG00845016432	0	NA	NA	0	NA	NA	NA	1
ENSCAFG00845016437	0	NA	NA	0	NA	NA	NA	1
ENSCAFG00845016439	0	NA	NA	0	NA	NA	NA	1
ENSCAFG00845016442	0	NA	NA	0	NA	NA	NA	1
ENSCAFG00845016445	0	NA	NA	0	NA	NA	NA	1
ENSCAFG00845016447	0	NA	NA	0	NA	NA	NA	1
ENSCAFG00845016452	0	NA	NA	0	NA	NA	NA	1
ENSCAFG00845016453	0	NA	NA	0	NA	NA	NA	1
ENSCAFG00845016455	0	NA	NA	0	NA	NA	NA	1
ENSCAFG00845016461	0	NA	NA	0	NA	NA	NA	1
ENSCAFG00845016468	0	NA	NA	0	NA	NA	NA	1
ENSCAFG00845016470	0	NA	NA	0	NA	NA	NA	1
ENSCAFG00845016473	0	NA	NA	0	NA	NA	NA	1
ENSCAFG00845016483	0	NA	NA	0	NA	NA	NA	1
ENSCAFG00845016491	0	NA	NA	0	NA	NA	NA	1
ENSCAFG00845016501	0	NA	NA	0	NA	NA	NA	1
ENSCAFG00845016510	0	NA	NA	0	NA	NA	NA	1
ENSCAFG00845016512	0	NA	NA	0	NA	NA	NA	1
ENSCAFG00845016525	0	NA	NA	0	NA	NA	NA	1
ENSCAFG00845016534	0	NA	NA	0	NA	NA	NA	1
ENSCAFG00845016555	0	NA	NA	0	NA	NA	NA	1
ENSCAFG00845016562	0	NA	NA	0	NA	NA	NA	1
ENSCAFG00845016568	0	NA	NA	0	NA	NA	NA	1
ENSCAFG00845016575	0	NA	NA	0	NA	NA	NA	1
ENSCAFG00845016581	0	NA	NA	0	NA	NA	NA	1
ENSCAFG00845016584	0	NA	NA	0	NA	NA	NA	1
ENSCAFG00845016595	0	NA	NA	0	NA	NA	NA	1
ENSCAFG00845016599	0	NA	NA	0	NA	NA	NA	1
ENSCAFG00845016602	0	NA	NA	0	NA	NA	NA	1
ENSCAFG00845016610	0	NA	NA	0	NA	NA	NA	1
ENSCAFG00845016613	0	NA	NA	0	NA	NA	NA	1
ENSCAFG00845016629	0	NA	NA	0	NA	NA	NA	1
ENSCAFG00845016644	0	NA	NA	0	NA	NA	NA	1
ENSCAFG00845016645	0	NA	NA	0	NA	NA	NA	1
ENSCAFG00845016655	0	NA	NA	0	NA	NA	NA	1
ENSCAFG00845016659	0	NA	NA	0	NA	NA	NA	1
ENSCAFG00845016660	0	NA	NA	0	NA	NA	NA	1
ENSCAFG00845016670	0	NA	NA	0	NA	NA	NA	1
ENSCAFG00845016673	0	NA	NA	0	NA	NA	NA	1
ENSCAFG00845016728	0	NA	NA	0	NA	NA	NA	1
ENSCAFG00845016742	0	NA	NA	0	NA	NA	NA	1
ENSCAFG00845016823	0	NA	NA	0	NA	NA	NA	1
ENSCAFG00845016837	0	NA	NA	0	NA	NA	NA	1
ENSCAFG00845016844	0	NA	NA	0	NA	NA	NA	1
ENSCAFG00845016856	0	NA	NA	0	NA	NA	NA	1
ENSCAFG00845016871	0	NA	NA	0	NA	NA	NA	1
ENSCAFG00845016878	0	NA	NA	0	NA	NA	NA	1
ENSCAFG00845016880	0	NA	NA	0	NA	NA	NA	1
ENSCAFG00845016898	0	NA	NA	0	NA	NA	NA	1
ENSCAFG00845016910	0	NA	NA	0	NA	NA	NA	1
ENSCAFG00845016918	0	NA	NA	0	NA	NA	NA	1
ENSCAFG00845016930	0	NA	NA	0	NA	NA	NA	1
ENSCAFG00845016937	0	NA	NA	0	NA	NA	NA	1
ENSCAFG00845016961	0	NA	NA	0	NA	NA	NA	1
ENSCAFG00845016979	0	NA	NA	0	NA	NA	NA	1
ENSCAFG00845017031	0	NA	NA	0	NA	NA	NA	1
ENSCAFG00845017051	0	NA	NA	0	NA	NA	NA	1
ENSCAFG00845017054	0	NA	NA	0	NA	NA	NA	1
ENSCAFG00845017058	0	NA	NA	0	NA	NA	NA	1
ENSCAFG00845017067	0	NA	NA	0	NA	NA	NA	1
ENSCAFG00845017108	0	NA	NA	0	NA	NA	NA	1
ENSCAFG00845017117	0	NA	NA	0	NA	NA	NA	1
ENSCAFG00845017119	0	NA	NA	0	NA	NA	NA	1
ENSCAFG00845017131	0	NA	NA	0	NA	NA	NA	1
ENSCAFG00845017164	0	NA	NA	0	NA	NA	NA	1
ENSCAFG00845017175	0	NA	NA	0	NA	NA	NA	1
ENSCAFG00845017192	0	NA	NA	0	NA	NA	NA	1
ENSCAFG00845017230	0	NA	NA	0	NA	NA	NA	1
ENSCAFG00845017246	0	NA	NA	0	NA	NA	NA	1
ENSCAFG00845017256	0	NA	NA	0	NA	NA	NA	1
ENSCAFG00845017268	0	NA	NA	0	NA	NA	NA	1
ENSCAFG00845017275	0	NA	NA	0	NA	NA	NA	1
ENSCAFG00845017279	0	NA	NA	0	NA	NA	NA	1
ENSCAFG00845017282	0	NA	NA	0	NA	NA	NA	1
ENSCAFG00845017317	0	NA	NA	0	NA	NA	NA	1
ENSCAFG00845017343	0	NA	NA	0	NA	NA	NA	1
ENSCAFG00845017363	0	NA	NA	0	NA	NA	NA	1
ENSCAFG00845017511	0	NA	NA	0	NA	NA	NA	1
ENSCAFG00845017534	0	NA	NA	0	NA	NA	NA	1
ENSCAFG00845017535	0	NA	NA	0	NA	NA	NA	1
ENSCAFG00845017562	0	NA	NA	0	NA	NA	NA	1
ENSCAFG00845017563	0	NA	NA	0	NA	NA	NA	1
ENSCAFG00845017575	0	NA	NA	0	NA	NA	NA	1
ENSCAFG00845017583	0	NA	NA	0	NA	NA	NA	1
ENSCAFG00845017591	0	NA	NA	0	NA	NA	NA	1
ENSCAFG00845017592	0	NA	NA	0	NA	NA	NA	1
ENSCAFG00845017598	0	NA	NA	0	NA	NA	NA	1
ENSCAFG00845017614	0	NA	NA	0	NA	NA	NA	1
ENSCAFG00845017626	0	NA	NA	0	NA	NA	NA	1
ENSCAFG00845017643	0	NA	NA	0	NA	NA	NA	1
ENSCAFG00845017654	0	NA	NA	0	NA	NA	NA	1
ENSCAFG00845017733	0	NA	NA	0	NA	NA	NA	1
ENSCAFG00845017742	0	NA	NA	0	NA	NA	NA	1
ENSCAFG00845017774	0	NA	NA	0	NA	NA	NA	1
ENSCAFG00845017808	0	NA	NA	0	NA	NA	NA	1
ENSCAFG00845017822	0	NA	NA	0	NA	NA	NA	1
ENSCAFG00845017863	0	NA	NA	0	NA	NA	NA	1
ENSCAFG00845017869	0	NA	NA	0	NA	NA	NA	1
ENSCAFG00845017901	0	NA	NA	0	NA	NA	NA	1
ENSCAFG00845017915	0	NA	NA	0	NA	NA	NA	1
ENSCAFG00845017925	0	NA	NA	0	NA	NA	NA	1
ENSCAFG00845017946	0	NA	NA	0	NA	NA	NA	1
ENSCAFG00845017956	0	NA	NA	0	NA	NA	NA	1
ENSCAFG00845017958	0	NA	NA	0	NA	NA	NA	1
ENSCAFG00845017967	0	NA	NA	0	NA	NA	NA	1
ENSCAFG00845017983	0	NA	NA	0	NA	NA	NA	1
ENSCAFG00845017997	0	NA	NA	0	NA	NA	NA	1
ENSCAFG00845018001	0	NA	NA	0	NA	NA	NA	1
ENSCAFG00845018004	0	NA	NA	0	NA	NA	NA	1
ENSCAFG00845018018	0	NA	NA	0	NA	NA	NA	1
ENSCAFG00845018059	0	NA	NA	0	NA	NA	NA	1
ENSCAFG00845018060	0	NA	NA	0	NA	NA	NA	1
ENSCAFG00845018111	0	NA	NA	0	NA	NA	NA	1
ENSCAFG00845018119	0	NA	NA	0	NA	NA	NA	1
ENSCAFG00845018134	0	NA	NA	0	NA	NA	NA	1
ENSCAFG00845018148	0	NA	NA	0	NA	NA	NA	1
ENSCAFG00845018224	0	NA	NA	0	NA	NA	NA	1
ENSCAFG00845018236	0	NA	NA	0	NA	NA	NA	1
ENSCAFG00845018250	0	NA	NA	0	NA	NA	NA	1
ENSCAFG00845018257	0	NA	NA	0	NA	NA	NA	1
ENSCAFG00845018262	0	NA	NA	0	NA	NA	NA	1
ENSCAFG00845018273	0	NA	NA	0	NA	NA	NA	1
ENSCAFG00845018279	0	NA	NA	0	NA	NA	NA	1
ENSCAFG00845018284	0	NA	NA	0	NA	NA	NA	1
ENSCAFG00845018293	0	NA	NA	0	NA	NA	NA	1
ENSCAFG00845018295	0	NA	NA	0	NA	NA	NA	1
ENSCAFG00845018302	0	NA	NA	0	NA	NA	NA	1
ENSCAFG00845018305	0	NA	NA	0	NA	NA	NA	1
ENSCAFG00845018308	0	NA	NA	0	NA	NA	NA	1
ENSCAFG00845018309	0	NA	NA	0	NA	NA	NA	1
ENSCAFG00845018312	0	NA	NA	0	NA	NA	NA	1
ENSCAFG00845018328	0	NA	NA	0	NA	NA	NA	1
ENSCAFG00845018331	0	NA	NA	0	NA	NA	NA	1
ENSCAFG00845018337	0	NA	NA	0	NA	NA	NA	1
ENSCAFG00845018346	0	NA	NA	0	NA	NA	NA	1
ENSCAFG00845018350	0	NA	NA	0	NA	NA	NA	1
ENSCAFG00845018357	0	NA	NA	0	NA	NA	NA	1
ENSCAFG00845018364	0	NA	NA	0	NA	NA	NA	1
ENSCAFG00845018371	0	NA	NA	0	NA	NA	NA	1
ENSCAFG00845018377	0	NA	NA	0	NA	NA	NA	1
ENSCAFG00845018378	0	NA	NA	0	NA	NA	NA	1
ENSCAFG00845018396	0	NA	NA	0	NA	NA	NA	1
ENSCAFG00845018402	0	NA	NA	0	NA	NA	NA	1
ENSCAFG00845018405	0	NA	NA	0	NA	NA	NA	1
ENSCAFG00845018440	0	NA	NA	0	NA	NA	NA	1
ENSCAFG00845018464	0	NA	NA	0	NA	NA	NA	1
ENSCAFG00845018490	0	NA	NA	0	NA	NA	NA	1
ENSCAFG00845018497	0	NA	NA	0	NA	NA	NA	1
ENSCAFG00845018505	0	NA	NA	0	NA	NA	NA	1
ENSCAFG00845018507	0	NA	NA	0	NA	NA	NA	1
ENSCAFG00845018565	0	NA	NA	0	NA	NA	NA	1
ENSCAFG00845018595	0	NA	NA	0	NA	NA	NA	1
ENSCAFG00845018612	0	NA	NA	0	NA	NA	NA	1
ENSCAFG00845018679	0	NA	NA	0	NA	NA	NA	1
ENSCAFG00845018714	0	NA	NA	0	NA	NA	NA	1
ENSCAFG00845018735	0	NA	NA	0	NA	NA	NA	1
ENSCAFG00845018759	0	NA	NA	0	NA	NA	NA	1
ENSCAFG00845018773	0	NA	NA	0	NA	NA	NA	1
ENSCAFG00845018827	0	NA	NA	0	NA	NA	NA	1
ENSCAFG00845018836	0	NA	NA	0	NA	NA	NA	1
ENSCAFG00845018837	0	NA	NA	0	NA	NA	NA	1
ENSCAFG00845018842	0	NA	NA	0	NA	NA	NA	1
ENSCAFG00845018851	0	NA	NA	0	NA	NA	NA	1
ENSCAFG00845018853	0	NA	NA	0	NA	NA	NA	1
ENSCAFG00845018866	0	NA	NA	0	NA	NA	NA	1
ENSCAFG00845018884	0	NA	NA	0	NA	NA	NA	1
ENSCAFG00845018900	0	NA	NA	0	NA	NA	NA	1
ENSCAFG00845018902	0	NA	NA	0	NA	NA	NA	1
ENSCAFG00845018906	0	NA	NA	0	NA	NA	NA	1
ENSCAFG00845018980	0	NA	NA	0	NA	NA	NA	1
ENSCAFG00845018989	0	NA	NA	0	NA	NA	NA	1
ENSCAFG00845019019	0	NA	NA	0	NA	NA	NA	1
ENSCAFG00845019023	0	NA	NA	0	NA	NA	NA	1
ENSCAFG00845019029	0	NA	NA	0	NA	NA	NA	1
ENSCAFG00845019039	0	NA	NA	0	NA	NA	NA	1
ENSCAFG00845019051	0	NA	NA	0	NA	NA	NA	1
ENSCAFG00845019097	0	NA	NA	0	NA	NA	NA	1
ENSCAFG00845019105	0	NA	NA	0	NA	NA	NA	1
ENSCAFG00845019120	0	NA	NA	0	NA	NA	NA	1
ENSCAFG00845019121	0	NA	NA	0	NA	NA	NA	1
ENSCAFG00845019129	0	NA	NA	0	NA	NA	NA	1
ENSCAFG00845019131	0	NA	NA	0	NA	NA	NA	1
ENSCAFG00845019141	0	NA	NA	0	NA	NA	NA	1
ENSCAFG00845019144	0	NA	NA	0	NA	NA	NA	1
ENSCAFG00845019153	0	NA	NA	0	NA	NA	NA	1
ENSCAFG00845019158	0	NA	NA	0	NA	NA	NA	1
ENSCAFG00845019159	0	NA	NA	0	NA	NA	NA	1
ENSCAFG00845019162	0	NA	NA	0	NA	NA	NA	1
ENSCAFG00845019170	0	NA	NA	0	NA	NA	NA	1
ENSCAFG00845019172	0	NA	NA	0	NA	NA	NA	1
ENSCAFG00845019181	0	NA	NA	0	NA	NA	NA	1
ENSCAFG00845019186	0	NA	NA	0	NA	NA	NA	1
ENSCAFG00845019206	0	NA	NA	0	NA	NA	NA	1
ENSCAFG00845019222	0	NA	NA	0	NA	NA	NA	1
ENSCAFG00845019279	0	NA	NA	0	NA	NA	NA	1
ENSCAFG00845019283	0	NA	NA	0	NA	NA	NA	1
ENSCAFG00845019301	0	NA	NA	0	NA	NA	NA	1
ENSCAFG00845019319	0	NA	NA	0	NA	NA	NA	1
ENSCAFG00845019390	0	NA	NA	0	NA	NA	NA	1
ENSCAFG00845019402	0	NA	NA	0	NA	NA	NA	1
ENSCAFG00845019424	0	NA	NA	0	NA	NA	NA	1
ENSCAFG00845019456	0	NA	NA	0	NA	NA	NA	1
ENSCAFG00845019465	0	NA	NA	0	NA	NA	NA	1
ENSCAFG00845019474	0	NA	NA	0	NA	NA	NA	1
ENSCAFG00845019479	0	NA	NA	0	NA	NA	NA	1
ENSCAFG00845019504	0	NA	NA	0	NA	NA	NA	1
ENSCAFG00845019507	0	NA	NA	0	NA	NA	NA	1
ENSCAFG00845019522	0	NA	NA	0	NA	NA	NA	1
ENSCAFG00845019532	0	NA	NA	0	NA	NA	NA	1
ENSCAFG00845019586	0	NA	NA	0	NA	NA	NA	1
ENSCAFG00845019596	0	NA	NA	0	NA	NA	NA	1
ENSCAFG00845019605	0	NA	NA	0	NA	NA	NA	1
ENSCAFG00845019608	0	NA	NA	0	NA	NA	NA	1
ENSCAFG00845019611	0	NA	NA	0	NA	NA	NA	1
ENSCAFG00845019612	0	NA	NA	0	NA	NA	NA	1
ENSCAFG00845019615	0	NA	NA	0	NA	NA	NA	1
ENSCAFG00845019618	0	NA	NA	0	NA	NA	NA	1
ENSCAFG00845019623	0	NA	NA	0	NA	NA	NA	1
ENSCAFG00845019625	0	NA	NA	0	NA	NA	NA	1
ENSCAFG00845019631	0	NA	NA	0	NA	NA	NA	1
ENSCAFG00845019637	0	NA	NA	0	NA	NA	NA	1
ENSCAFG00845019638	0	NA	NA	0	NA	NA	NA	1
ENSCAFG00845019645	0	NA	NA	0	NA	NA	NA	1
ENSCAFG00845019650	0	NA	NA	0	NA	NA	NA	1
ENSCAFG00845019665	0	NA	NA	0	NA	NA	NA	1
ENSCAFG00845019669	0	NA	NA	0	NA	NA	NA	1
ENSCAFG00845019688	0	NA	NA	0	NA	NA	NA	1
ENSCAFG00845019700	0	NA	NA	0	NA	NA	NA	1
ENSCAFG00845019712	0	NA	NA	0	NA	NA	NA	1
ENSCAFG00845019779	0	NA	NA	0	NA	NA	NA	1
ENSCAFG00845019780	0	NA	NA	0	NA	NA	NA	1
ENSCAFG00845019794	0	NA	NA	0	NA	NA	NA	1
ENSCAFG00845019795	0	NA	NA	0	NA	NA	NA	1
ENSCAFG00845019839	0	NA	NA	0	NA	NA	NA	1
ENSCAFG00845019849	0	NA	NA	0	NA	NA	NA	1
ENSCAFG00845019859	0	NA	NA	0	NA	NA	NA	1
ENSCAFG00845019870	0	NA	NA	0	NA	NA	NA	1
ENSCAFG00845019883	0	NA	NA	0	NA	NA	NA	1
ENSCAFG00845019898	0	NA	NA	0	NA	NA	NA	1
ENSCAFG00845019900	0	NA	NA	0	NA	NA	NA	1
ENSCAFG00845019910	0	NA	NA	0	NA	NA	NA	1
ENSCAFG00845019914	0	NA	NA	0	NA	NA	NA	1
ENSCAFG00845019922	0	NA	NA	0	NA	NA	NA	1
ENSCAFG00845019926	0	NA	NA	0	NA	NA	NA	1
ENSCAFG00845019967	0	NA	NA	0	NA	NA	NA	1
ENSCAFG00845019975	0	NA	NA	0	NA	NA	NA	1
ENSCAFG00845019985	0	NA	NA	0	NA	NA	NA	1
ENSCAFG00845019995	0	NA	NA	0	NA	NA	NA	1
ENSCAFG00845020014	0	NA	NA	0	NA	NA	NA	1
ENSCAFG00845020038	0	NA	NA	0	NA	NA	NA	1
ENSCAFG00845020045	0	NA	NA	0	NA	NA	NA	1
ENSCAFG00845020093	0	NA	NA	0	NA	NA	NA	1
ENSCAFG00845020105	0	NA	NA	0	NA	NA	NA	1
ENSCAFG00845020122	0	NA	NA	0	NA	NA	NA	1
ENSCAFG00845020129	0	NA	NA	0	NA	NA	NA	1
ENSCAFG00845020136	0	NA	NA	0	NA	NA	NA	1
ENSCAFG00845020147	0	NA	NA	0	NA	NA	NA	1
ENSCAFG00845020152	0	NA	NA	0	NA	NA	NA	1
ENSCAFG00845020157	0	NA	NA	0	NA	NA	NA	1
ENSCAFG00845020166	0	NA	NA	0	NA	NA	NA	1
ENSCAFG00845020175	0	NA	NA	0	NA	NA	NA	1
ENSCAFG00845020179	0	NA	NA	0	NA	NA	NA	1
ENSCAFG00845020180	0	NA	NA	0	NA	NA	NA	1
ENSCAFG00845020185	0	NA	NA	0	NA	NA	NA	1
ENSCAFG00845020219	0	NA	NA	0	NA	NA	NA	1
ENSCAFG00845020229	0	NA	NA	0	NA	NA	NA	1
ENSCAFG00845020242	0	NA	NA	0	NA	NA	NA	1
ENSCAFG00845020245	0	NA	NA	0	NA	NA	NA	1
ENSCAFG00845020261	0	NA	NA	0	NA	NA	NA	1
ENSCAFG00845020269	0	NA	NA	0	NA	NA	NA	1
ENSCAFG00845020274	0	NA	NA	0	NA	NA	NA	1
ENSCAFG00845020285	0	NA	NA	0	NA	NA	NA	1
ENSCAFG00845020293	0	NA	NA	0	NA	NA	NA	1
ENSCAFG00845020303	0	NA	NA	0	NA	NA	NA	1
ENSCAFG00845020307	0	NA	NA	0	NA	NA	NA	1
ENSCAFG00845020308	0	NA	NA	0	NA	NA	NA	1
ENSCAFG00845020318	0	NA	NA	0	NA	NA	NA	1
ENSCAFG00845020481	0	NA	NA	0	NA	NA	NA	1
ENSCAFG00845020492	0	NA	NA	0	NA	NA	NA	1
ENSCAFG00845020510	0	NA	NA	0	NA	NA	NA	1
ENSCAFG00845020529	0	NA	NA	0	NA	NA	NA	1
ENSCAFG00845020538	0	NA	NA	0	NA	NA	NA	1
ENSCAFG00845020547	0	NA	NA	0	NA	NA	NA	1
ENSCAFG00845020559	0	NA	NA	0	NA	NA	NA	1
ENSCAFG00845020588	0	NA	NA	0	NA	NA	NA	1
ENSCAFG00845020598	0	NA	NA	0	NA	NA	NA	1
ENSCAFG00845020648	0	NA	NA	0	NA	NA	NA	1
ENSCAFG00845020654	0	NA	NA	0	NA	NA	NA	1
ENSCAFG00845020655	0	NA	NA	0	NA	NA	NA	1
ENSCAFG00845020656	0	NA	NA	0	NA	NA	NA	1
ENSCAFG00845020663	0	NA	NA	0	NA	NA	NA	1
ENSCAFG00845020702	0	NA	NA	0	NA	NA	NA	1
ENSCAFG00845020812	0	NA	NA	0	NA	NA	NA	1
ENSCAFG00845020836	0	NA	NA	0	NA	NA	NA	1
ENSCAFG00845020857	0	NA	NA	0	NA	NA	NA	1
ENSCAFG00845020865	0	NA	NA	0	NA	NA	NA	1
ENSCAFG00845020877	0	NA	NA	0	NA	NA	NA	1
ENSCAFG00845021024	0	NA	NA	0	NA	NA	NA	1
ENSCAFG00845021034	0	NA	NA	0	NA	NA	NA	1
ENSCAFG00845021035	0	NA	NA	0	NA	NA	NA	1
ENSCAFG00845021050	0	NA	NA	0	NA	NA	NA	1
ENSCAFG00845021054	0	NA	NA	0	NA	NA	NA	1
ENSCAFG00845021059	0	NA	NA	0	NA	NA	NA	1
ENSCAFG00845021071	0	NA	NA	0	NA	NA	NA	1
ENSCAFG00845021103	0	NA	NA	0	NA	NA	NA	1
ENSCAFG00845021123	0	NA	NA	0	NA	NA	NA	1
ENSCAFG00845021132	0	NA	NA	0	NA	NA	NA	1
ENSCAFG00845021141	0	NA	NA	0	NA	NA	NA	1
ENSCAFG00845021146	0	NA	NA	0	NA	NA	NA	1
ENSCAFG00845021155	0	NA	NA	0	NA	NA	NA	1
ENSCAFG00845021178	0	NA	NA	0	NA	NA	NA	1
ENSCAFG00845021183	0	NA	NA	0	NA	NA	NA	1
ENSCAFG00845021189	0	NA	NA	0	NA	NA	NA	1
ENSCAFG00845021190	0	NA	NA	0	NA	NA	NA	1
ENSCAFG00845021198	0	NA	NA	0	NA	NA	NA	1
ENSCAFG00845021202	0	NA	NA	0	NA	NA	NA	1
ENSCAFG00845021210	0	NA	NA	0	NA	NA	NA	1
ENSCAFG00845021236	0	NA	NA	0	NA	NA	NA	1
ENSCAFG00845021238	0	NA	NA	0	NA	NA	NA	1
ENSCAFG00845021245	0	NA	NA	0	NA	NA	NA	1
ENSCAFG00845021257	0	NA	NA	0	NA	NA	NA	1
ENSCAFG00845021261	0	NA	NA	0	NA	NA	NA	1
ENSCAFG00845021278	0	NA	NA	0	NA	NA	NA	1
ENSCAFG00845021293	0	NA	NA	0	NA	NA	NA	1
ENSCAFG00845021298	0	NA	NA	0	NA	NA	NA	1
ENSCAFG00845021342	0	NA	NA	0	NA	NA	NA	1
ENSCAFG00845021387	0	NA	NA	0	NA	NA	NA	1
ENSCAFG00845021397	0	NA	NA	0	NA	NA	NA	1
ENSCAFG00845021412	0	NA	NA	0	NA	NA	NA	1
ENSCAFG00845021423	0	NA	NA	0	NA	NA	NA	1
ENSCAFG00845021427	0	NA	NA	0	NA	NA	NA	1
ENSCAFG00845021433	0	NA	NA	0	NA	NA	NA	1
ENSCAFG00845021441	0	NA	NA	0	NA	NA	NA	1
ENSCAFG00845021450	0	NA	NA	0	NA	NA	NA	1
ENSCAFG00845021482	0	NA	NA	0	NA	NA	NA	1
ENSCAFG00845021498	0	NA	NA	0	NA	NA	NA	1
ENSCAFG00845021531	0	NA	NA	0	NA	NA	NA	1
ENSCAFG00845021554	0	NA	NA	0	NA	NA	NA	1
ENSCAFG00845021556	0	NA	NA	0	NA	NA	NA	1
ENSCAFG00845021562	0	NA	NA	0	NA	NA	NA	1
ENSCAFG00845021564	0	NA	NA	0	NA	NA	NA	1
ENSCAFG00845021579	0	NA	NA	0	NA	NA	NA	1
ENSCAFG00845021587	0	NA	NA	0	NA	NA	NA	1
ENSCAFG00845021589	0	NA	NA	0	NA	NA	NA	1
ENSCAFG00845021601	0	NA	NA	0	NA	NA	NA	1
ENSCAFG00845021605	0	NA	NA	0	NA	NA	NA	1
ENSCAFG00845021606	0	NA	NA	0	NA	NA	NA	1
ENSCAFG00845021609	0	NA	NA	0	NA	NA	NA	1
ENSCAFG00845021618	0	NA	NA	0	NA	NA	NA	1
ENSCAFG00845021622	0	NA	NA	0	NA	NA	NA	1
ENSCAFG00845021631	0	NA	NA	0	NA	NA	NA	1
ENSCAFG00845021632	0	NA	NA	0	NA	NA	NA	1
ENSCAFG00845021645	0	NA	NA	0	NA	NA	NA	1
ENSCAFG00845021650	0	NA	NA	0	NA	NA	NA	1
ENSCAFG00845021662	0	NA	NA	0	NA	NA	NA	1
ENSCAFG00845021675	0	NA	NA	0	NA	NA	NA	1
ENSCAFG00845021680	0	NA	NA	0	NA	NA	NA	1
ENSCAFG00845021693	0	NA	NA	0	NA	NA	NA	1
ENSCAFG00845021697	0	NA	NA	0	NA	NA	NA	1
ENSCAFG00845021705	0	NA	NA	0	NA	NA	NA	1
ENSCAFG00845021708	0	NA	NA	0	NA	NA	NA	1
ENSCAFG00845021731	0	NA	NA	0	NA	NA	NA	1
ENSCAFG00845021732	0	NA	NA	0	NA	NA	NA	1
ENSCAFG00845021757	0	NA	NA	0	NA	NA	NA	1
ENSCAFG00845021766	0	NA	NA	0	NA	NA	NA	1
ENSCAFG00845021776	0	NA	NA	0	NA	NA	NA	1
ENSCAFG00845021784	0	NA	NA	0	NA	NA	NA	1
ENSCAFG00845021785	0	NA	NA	0	NA	NA	NA	1
ENSCAFG00845021791	0	NA	NA	0	NA	NA	NA	1
ENSCAFG00845021797	0	NA	NA	0	NA	NA	NA	1
ENSCAFG00845021798	0	NA	NA	0	NA	NA	NA	1
ENSCAFG00845021800	0	NA	NA	0	NA	NA	NA	1
ENSCAFG00845021803	0	NA	NA	0	NA	NA	NA	1
ENSCAFG00845021805	0	NA	NA	0	NA	NA	NA	1
ENSCAFG00845021835	0	NA	NA	0	NA	NA	NA	1
ENSCAFG00845021845	0	NA	NA	0	NA	NA	NA	1
ENSCAFG00845021853	0	NA	NA	0	NA	NA	NA	1
ENSCAFG00845021855	0	NA	NA	0	NA	NA	NA	1
ENSCAFG00845021866	0	NA	NA	0	NA	NA	NA	1
ENSCAFG00845021880	0	NA	NA	0	NA	NA	NA	1
ENSCAFG00845021888	0	NA	NA	0	NA	NA	NA	1
ENSCAFG00845021914	0	NA	NA	0	NA	NA	NA	1
ENSCAFG00845021917	0	NA	NA	0	NA	NA	NA	1
ENSCAFG00845021919	0	NA	NA	0	NA	NA	NA	1
ENSCAFG00845021957	0	NA	NA	0	NA	NA	NA	1
ENSCAFG00845021970	0	NA	NA	0	NA	NA	NA	1
ENSCAFG00845021987	0	NA	NA	0	NA	NA	NA	1
ENSCAFG00845022009	0	NA	NA	0	NA	NA	NA	1
ENSCAFG00845022025	0	NA	NA	0	NA	NA	NA	1
ENSCAFG00845022034	0	NA	NA	0	NA	NA	NA	1
ENSCAFG00845022040	0	NA	NA	0	NA	NA	NA	1
ENSCAFG00845022042	0	NA	NA	0	NA	NA	NA	1
ENSCAFG00845022044	0	NA	NA	0	NA	NA	NA	1
ENSCAFG00845022055	0	NA	NA	0	NA	NA	NA	1
ENSCAFG00845022058	0	NA	NA	0	NA	NA	NA	1
ENSCAFG00845022065	0	NA	NA	0	NA	NA	NA	1
ENSCAFG00845022067	0	NA	NA	0	NA	NA	NA	1
ENSCAFG00845022071	0	NA	NA	0	NA	NA	NA	1
ENSCAFG00845022083	0	NA	NA	0	NA	NA	NA	1
ENSCAFG00845022107	0	NA	NA	0	NA	NA	NA	1
ENSCAFG00845022115	0	NA	NA	0	NA	NA	NA	1
ENSCAFG00845022146	0	NA	NA	0	NA	NA	NA	1
ENSCAFG00845022149	0	NA	NA	0	NA	NA	NA	1
ENSCAFG00845022154	0	NA	NA	0	NA	NA	NA	1
ENSCAFG00845022168	0	NA	NA	0	NA	NA	NA	1
ENSCAFG00845022185	0	NA	NA	0	NA	NA	NA	1
ENSCAFG00845022246	0	NA	NA	0	NA	NA	NA	1
ENSCAFG00845022354	0	NA	NA	0	NA	NA	NA	1
ENSCAFG00845022367	0	NA	NA	0	NA	NA	NA	1
ENSCAFG00845022376	0	NA	NA	0	NA	NA	NA	1
ENSCAFG00845022391	0	NA	NA	0	NA	NA	NA	1
ENSCAFG00845022394	0	NA	NA	0	NA	NA	NA	1
ENSCAFG00845022401	0	NA	NA	0	NA	NA	NA	1
ENSCAFG00845022405	0	NA	NA	0	NA	NA	NA	1
ENSCAFG00845022412	0	NA	NA	0	NA	NA	NA	1
ENSCAFG00845022425	0	NA	NA	0	NA	NA	NA	1
ENSCAFG00845022433	0	NA	NA	0	NA	NA	NA	1
ENSCAFG00845022443	0	NA	NA	0	NA	NA	NA	1
ENSCAFG00845022445	0	NA	NA	0	NA	NA	NA	1
ENSCAFG00845022446	0	NA	NA	0	NA	NA	NA	1
ENSCAFG00845022456	0	NA	NA	0	NA	NA	NA	1
ENSCAFG00845022473	0	NA	NA	0	NA	NA	NA	1
ENSCAFG00845022475	0	NA	NA	0	NA	NA	NA	1
ENSCAFG00845022478	0	NA	NA	0	NA	NA	NA	1
ENSCAFG00845022495	0	NA	NA	0	NA	NA	NA	1
ENSCAFG00845022503	0	NA	NA	0	NA	NA	NA	1
ENSCAFG00845022504	0	NA	NA	0	NA	NA	NA	1
ENSCAFG00845022505	0	NA	NA	0	NA	NA	NA	1
ENSCAFG00845022511	0	NA	NA	0	NA	NA	NA	1
ENSCAFG00845022520	0	NA	NA	0	NA	NA	NA	1
ENSCAFG00845022549	0	NA	NA	0	NA	NA	NA	1
ENSCAFG00845022555	0	NA	NA	0	NA	NA	NA	1
ENSCAFG00845022562	0	NA	NA	0	NA	NA	NA	1
ENSCAFG00845022571	0	NA	NA	0	NA	NA	NA	1
ENSCAFG00845022579	0	NA	NA	0	NA	NA	NA	1
ENSCAFG00845022600	0	NA	NA	0	NA	NA	NA	1
ENSCAFG00845022619	0	NA	NA	0	NA	NA	NA	1
ENSCAFG00845022628	0	NA	NA	0	NA	NA	NA	1
ENSCAFG00845022689	0	NA	NA	0	NA	NA	NA	1
ENSCAFG00845022700	0	NA	NA	0	NA	NA	NA	1
ENSCAFG00845022712	0	NA	NA	0	NA	NA	NA	1
ENSCAFG00845022721	0	NA	NA	0	NA	NA	NA	1
ENSCAFG00845022724	0	NA	NA	0	NA	NA	NA	1
ENSCAFG00845022731	0	NA	NA	0	NA	NA	NA	1
ENSCAFG00845022742	0	NA	NA	0	NA	NA	NA	1
ENSCAFG00845022751	0	NA	NA	0	NA	NA	NA	1
ENSCAFG00845022759	0	NA	NA	0	NA	NA	NA	1
ENSCAFG00845022771	0	NA	NA	0	NA	NA	NA	1
ENSCAFG00845022772	0	NA	NA	0	NA	NA	NA	1
ENSCAFG00845022795	0	NA	NA	0	NA	NA	NA	1
ENSCAFG00845022812	0	NA	NA	0	NA	NA	NA	1
ENSCAFG00845022828	0	NA	NA	0	NA	NA	NA	1
ENSCAFG00845022836	0	NA	NA	0	NA	NA	NA	1
ENSCAFG00845022839	0	NA	NA	0	NA	NA	NA	1
ENSCAFG00845022855	0	NA	NA	0	NA	NA	NA	1
ENSCAFG00845022875	0	NA	NA	0	NA	NA	NA	1
ENSCAFG00845022886	0	NA	NA	0	NA	NA	NA	1
ENSCAFG00845022896	0	NA	NA	0	NA	NA	NA	1
ENSCAFG00845022908	0	NA	NA	0	NA	NA	NA	1
ENSCAFG00845022912	0	NA	NA	0	NA	NA	NA	1
ENSCAFG00845022924	0	NA	NA	0	NA	NA	NA	1
ENSCAFG00845022927	0	NA	NA	0	NA	NA	NA	1
ENSCAFG00845022937	0	NA	NA	0	NA	NA	NA	1
ENSCAFG00845022943	0	NA	NA	0	NA	NA	NA	1
ENSCAFG00845022952	0	NA	NA	0	NA	NA	NA	1
ENSCAFG00845022960	0	NA	NA	0	NA	NA	NA	1
ENSCAFG00845022967	0	NA	NA	0	NA	NA	NA	1
ENSCAFG00845022973	0	NA	NA	0	NA	NA	NA	1
ENSCAFG00845022990	0	NA	NA	0	NA	NA	NA	1
ENSCAFG00845023006	0	NA	NA	0	NA	NA	NA	1
ENSCAFG00845023039	0	NA	NA	0	NA	NA	NA	1
ENSCAFG00845023068	0	NA	NA	0	NA	NA	NA	1
ENSCAFG00845023111	0	NA	NA	0	NA	NA	NA	1
ENSCAFG00845023126	0	NA	NA	0	NA	NA	NA	1
ENSCAFG00845023127	0	NA	NA	0	NA	NA	NA	1
ENSCAFG00845023148	0	NA	NA	0	NA	NA	NA	1
ENSCAFG00845023181	0	NA	NA	0	NA	NA	NA	1
ENSCAFG00845023214	0	NA	NA	0	NA	NA	NA	1
ENSCAFG00845023217	0	NA	NA	0	NA	NA	NA	1
ENSCAFG00845023229	0	NA	NA	0	NA	NA	NA	1
ENSCAFG00845023237	0	NA	NA	0	NA	NA	NA	1
ENSCAFG00845023244	0	NA	NA	0	NA	NA	NA	1
ENSCAFG00845023285	0	NA	NA	0	NA	NA	NA	1
ENSCAFG00845023286	0	NA	NA	0	NA	NA	NA	1
ENSCAFG00845023294	0	NA	NA	0	NA	NA	NA	1
ENSCAFG00845023309	0	NA	NA	0	NA	NA	NA	1
ENSCAFG00845023326	0	NA	NA	0	NA	NA	NA	1
ENSCAFG00845023339	0	NA	NA	0	NA	NA	NA	1
ENSCAFG00845023355	0	NA	NA	0	NA	NA	NA	1
ENSCAFG00845023358	0	NA	NA	0	NA	NA	NA	1
ENSCAFG00845023361	0	NA	NA	0	NA	NA	NA	1
ENSCAFG00845023373	0	NA	NA	0	NA	NA	NA	1
ENSCAFG00845023385	0	NA	NA	0	NA	NA	NA	1
ENSCAFG00845023397	0	NA	NA	0	NA	NA	NA	1
ENSCAFG00845023406	0	NA	NA	0	NA	NA	NA	1
ENSCAFG00845023421	0	NA	NA	0	NA	NA	NA	1
ENSCAFG00845023424	0	NA	NA	0	NA	NA	NA	1
ENSCAFG00845023431	0	NA	NA	0	NA	NA	NA	1
ENSCAFG00845023446	0	NA	NA	0	NA	NA	NA	1
ENSCAFG00845023483	0	NA	NA	0	NA	NA	NA	1
ENSCAFG00845023491	0	NA	NA	0	NA	NA	NA	1
ENSCAFG00845023496	0	NA	NA	0	NA	NA	NA	1
ENSCAFG00845023505	0	NA	NA	0	NA	NA	NA	1
ENSCAFG00845023506	0	NA	NA	0	NA	NA	NA	1
ENSCAFG00845023508	0	NA	NA	0	NA	NA	NA	1
ENSCAFG00845023519	0	NA	NA	0	NA	NA	NA	1
ENSCAFG00845023533	0	NA	NA	0	NA	NA	NA	1
ENSCAFG00845023535	0	NA	NA	0	NA	NA	NA	1
ENSCAFG00845023541	0	NA	NA	0	NA	NA	NA	1
ENSCAFG00845023551	0	NA	NA	0	NA	NA	NA	1
ENSCAFG00845023629	0	NA	NA	0	NA	NA	NA	1
ENSCAFG00845023637	0	NA	NA	0	NA	NA	NA	1
ENSCAFG00845023670	0	NA	NA	0	NA	NA	NA	1
ENSCAFG00845023680	0	NA	NA	0	NA	NA	NA	1
ENSCAFG00845023696	0	NA	NA	0	NA	NA	NA	1
ENSCAFG00845023701	0	NA	NA	0	NA	NA	NA	1
ENSCAFG00845023705	0	NA	NA	0	NA	NA	NA	1
ENSCAFG00845023710	0	NA	NA	0	NA	NA	NA	1
ENSCAFG00845023711	0	NA	NA	0	NA	NA	NA	1
ENSCAFG00845023712	0	NA	NA	0	NA	NA	NA	1
ENSCAFG00845023721	0	NA	NA	0	NA	NA	NA	1
ENSCAFG00845023724	0	NA	NA	0	NA	NA	NA	1
ENSCAFG00845023728	0	NA	NA	0	NA	NA	NA	1
ENSCAFG00845023734	0	NA	NA	0	NA	NA	NA	1
ENSCAFG00845023735	0	NA	NA	0	NA	NA	NA	1
ENSCAFG00845023738	0	NA	NA	0	NA	NA	NA	1
ENSCAFG00845023740	0	NA	NA	0	NA	NA	NA	1
ENSCAFG00845023742	0	NA	NA	0	NA	NA	NA	1
ENSCAFG00845023747	0	NA	NA	0	NA	NA	NA	1
ENSCAFG00845023750	0	NA	NA	0	NA	NA	NA	1
ENSCAFG00845023752	0	NA	NA	0	NA	NA	NA	1
ENSCAFG00845023763	0	NA	NA	0	NA	NA	NA	1
ENSCAFG00845023764	0	NA	NA	0	NA	NA	NA	1
ENSCAFG00845023765	0	NA	NA	0	NA	NA	NA	1
ENSCAFG00845023781	0	NA	NA	0	NA	NA	NA	1
ENSCAFG00845023782	0	NA	NA	0	NA	NA	NA	1
ENSCAFG00845023784	0	NA	NA	0	NA	NA	NA	1
ENSCAFG00845023792	0	NA	NA	0	NA	NA	NA	1
ENSCAFG00845023796	0	NA	NA	0	NA	NA	NA	1
ENSCAFG00845023807	0	NA	NA	0	NA	NA	NA	1
ENSCAFG00845023812	0	NA	NA	0	NA	NA	NA	1
ENSCAFG00845023814	0	NA	NA	0	NA	NA	NA	1
ENSCAFG00845023821	0	NA	NA	0	NA	NA	NA	1
ENSCAFG00845023835	0	NA	NA	0	NA	NA	NA	1
ENSCAFG00845023839	0	NA	NA	0	NA	NA	NA	1
ENSCAFG00845023842	0	NA	NA	0	NA	NA	NA	1
ENSCAFG00845023849	0	NA	NA	0	NA	NA	NA	1
ENSCAFG00845023856	0	NA	NA	0	NA	NA	NA	1
ENSCAFG00845023861	0	NA	NA	0	NA	NA	NA	1
ENSCAFG00845023864	0	NA	NA	0	NA	NA	NA	1
ENSCAFG00845023870	0	NA	NA	0	NA	NA	NA	1
ENSCAFG00845023894	0	NA	NA	0	NA	NA	NA	1
ENSCAFG00845023896	0	NA	NA	0	NA	NA	NA	1
ENSCAFG00845023898	0	NA	NA	0	NA	NA	NA	1
ENSCAFG00845023900	0	NA	NA	0	NA	NA	NA	1
ENSCAFG00845023907	0	NA	NA	0	NA	NA	NA	1
ENSCAFG00845023910	0	NA	NA	0	NA	NA	NA	1
ENSCAFG00845023912	0	NA	NA	0	NA	NA	NA	1
ENSCAFG00845023919	0	NA	NA	0	NA	NA	NA	1
ENSCAFG00845023920	0	NA	NA	0	NA	NA	NA	1
ENSCAFG00845023933	0	NA	NA	0	NA	NA	NA	1
ENSCAFG00845023934	0	NA	NA	0	NA	NA	NA	1
ENSCAFG00845023940	0	NA	NA	0	NA	NA	NA	1
ENSCAFG00845023962	0	NA	NA	0	NA	NA	NA	1
ENSCAFG00845023964	0	NA	NA	0	NA	NA	NA	1
ENSCAFG00845023976	0	NA	NA	0	NA	NA	NA	1
ENSCAFG00845023986	0	NA	NA	0	NA	NA	NA	1
ENSCAFG00845024021	0	NA	NA	0	NA	NA	NA	1
ENSCAFG00845024033	0	NA	NA	0	NA	NA	NA	1
ENSCAFG00845024084	0	NA	NA	0	NA	NA	NA	1
ENSCAFG00845024131	0	NA	NA	0	NA	NA	NA	1
ENSCAFG00845024148	0	NA	NA	0	NA	NA	NA	1
ENSCAFG00845024160	0	NA	NA	0	NA	NA	NA	1
ENSCAFG00845024169	0	NA	NA	0	NA	NA	NA	1
ENSCAFG00845024179	0	NA	NA	0	NA	NA	NA	1
ENSCAFG00845024185	0	NA	NA	0	NA	NA	NA	1
ENSCAFG00845024188	0	NA	NA	0	NA	NA	NA	1
ENSCAFG00845024191	0	NA	NA	0	NA	NA	NA	1
ENSCAFG00845024198	0	NA	NA	0	NA	NA	NA	1
ENSCAFG00845024199	0	NA	NA	0	NA	NA	NA	1
ENSCAFG00845024236	0	NA	NA	0	NA	NA	NA	1
ENSCAFG00845024258	0	NA	NA	0	NA	NA	NA	1
ENSCAFG00845024296	0	NA	NA	0	NA	NA	NA	1
ENSCAFG00845024314	0	NA	NA	0	NA	NA	NA	1
ENSCAFG00845024389	0	NA	NA	0	NA	NA	NA	1
ENSCAFG00845024390	0	NA	NA	0	NA	NA	NA	1
ENSCAFG00845024404	0	NA	NA	0	NA	NA	NA	1
ENSCAFG00845024410	0	NA	NA	0	NA	NA	NA	1
ENSCAFG00845024435	0	NA	NA	0	NA	NA	NA	1
ENSCAFG00845024448	0	NA	NA	0	NA	NA	NA	1
ENSCAFG00845024455	0	NA	NA	0	NA	NA	NA	1
ENSCAFG00845024460	0	NA	NA	0	NA	NA	NA	1
ENSCAFG00845024461	0	NA	NA	0	NA	NA	NA	1
ENSCAFG00845024464	0	NA	NA	0	NA	NA	NA	1
ENSCAFG00845024478	0	NA	NA	0	NA	NA	NA	1
ENSCAFG00845024480	0	NA	NA	0	NA	NA	NA	1
ENSCAFG00845024490	0	NA	NA	0	NA	NA	NA	1
ENSCAFG00845024504	0	NA	NA	0	NA	NA	NA	1
ENSCAFG00845024526	0	NA	NA	0	NA	NA	NA	1
ENSCAFG00845024541	0	NA	NA	0	NA	NA	NA	1
ENSCAFG00845024549	0	NA	NA	0	NA	NA	NA	1
ENSCAFG00845024572	0	NA	NA	0	NA	NA	NA	1
ENSCAFG00845024579	0	NA	NA	0	NA	NA	NA	1
ENSCAFG00845024598	0	NA	NA	0	NA	NA	NA	1
ENSCAFG00845024599	0	NA	NA	0	NA	NA	NA	1
ENSCAFG00845024600	0	NA	NA	0	NA	NA	NA	1
ENSCAFG00845024619	0	NA	NA	0	NA	NA	NA	1
ENSCAFG00845024621	0	NA	NA	0	NA	NA	NA	1
ENSCAFG00845024626	0	NA	NA	0	NA	NA	NA	1
ENSCAFG00845024648	0	NA	NA	0	NA	NA	NA	1
ENSCAFG00845024654	0	NA	NA	0	NA	NA	NA	1
ENSCAFG00845024680	0	NA	NA	0	NA	NA	NA	1
ENSCAFG00845024726	0	NA	NA	0	NA	NA	NA	1
ENSCAFG00845024729	0	NA	NA	0	NA	NA	NA	1
ENSCAFG00845024755	0	NA	NA	0	NA	NA	NA	1
ENSCAFG00845024756	0	NA	NA	0	NA	NA	NA	1
ENSCAFG00845024768	0	NA	NA	0	NA	NA	NA	1
ENSCAFG00845024770	0	NA	NA	0	NA	NA	NA	1
ENSCAFG00845024772	0	NA	NA	0	NA	NA	NA	1
ENSCAFG00845024792	0	NA	NA	0	NA	NA	NA	1
ENSCAFG00845024795	0	NA	NA	0	NA	NA	NA	1
ENSCAFG00845024799	0	NA	NA	0	NA	NA	NA	1
ENSCAFG00845024800	0	NA	NA	0	NA	NA	NA	1
ENSCAFG00845024804	0	NA	NA	0	NA	NA	NA	1
ENSCAFG00845024818	0	NA	NA	0	NA	NA	NA	1
ENSCAFG00845024828	0	NA	NA	0	NA	NA	NA	1
ENSCAFG00845024844	0	NA	NA	0	NA	NA	NA	1
ENSCAFG00845024848	0	NA	NA	0	NA	NA	NA	1
ENSCAFG00845024857	0	NA	NA	0	NA	NA	NA	1
ENSCAFG00845024880	0	NA	NA	0	NA	NA	NA	1
ENSCAFG00845024888	0	NA	NA	0	NA	NA	NA	1
ENSCAFG00845024895	0	NA	NA	0	NA	NA	NA	1
ENSCAFG00845024897	0	NA	NA	0	NA	NA	NA	1
ENSCAFG00845024915	0	NA	NA	0	NA	NA	NA	1
ENSCAFG00845024933	0	NA	NA	0	NA	NA	NA	1
ENSCAFG00845024935	0	NA	NA	0	NA	NA	NA	1
ENSCAFG00845024937	0	NA	NA	0	NA	NA	NA	1
ENSCAFG00845024943	0	NA	NA	0	NA	NA	NA	1
ENSCAFG00845024945	0	NA	NA	0	NA	NA	NA	1
ENSCAFG00845024951	0	NA	NA	0	NA	NA	NA	1
ENSCAFG00845024959	0	NA	NA	0	NA	NA	NA	1
ENSCAFG00845024960	0	NA	NA	0	NA	NA	NA	1
ENSCAFG00845024972	0	NA	NA	0	NA	NA	NA	1
ENSCAFG00845024982	0	NA	NA	0	NA	NA	NA	1
ENSCAFG00845024992	0	NA	NA	0	NA	NA	NA	1
ENSCAFG00845025002	0	NA	NA	0	NA	NA	NA	1
ENSCAFG00845025021	0	NA	NA	0	NA	NA	NA	1
ENSCAFG00845025051	0	NA	NA	0	NA	NA	NA	1
ENSCAFG00845025059	0	NA	NA	0	NA	NA	NA	1
ENSCAFG00845025103	0	NA	NA	0	NA	NA	NA	1
ENSCAFG00845025107	0	NA	NA	0	NA	NA	NA	1
ENSCAFG00845025119	0	NA	NA	0	NA	NA	NA	1
ENSCAFG00845025126	0	NA	NA	0	NA	NA	NA	1
ENSCAFG00845025135	0	NA	NA	0	NA	NA	NA	1
ENSCAFG00845025172	0	NA	NA	0	NA	NA	NA	1
ENSCAFG00845025176	0	NA	NA	0	NA	NA	NA	1
ENSCAFG00845025185	0	NA	NA	0	NA	NA	NA	1
ENSCAFG00845025207	0	NA	NA	0	NA	NA	NA	1
ENSCAFG00845025253	0	NA	NA	0	NA	NA	NA	1
ENSCAFG00845025256	0	NA	NA	0	NA	NA	NA	1
ENSCAFG00845025261	0	NA	NA	0	NA	NA	NA	1
ENSCAFG00845025263	0	NA	NA	0	NA	NA	NA	1
ENSCAFG00845025267	0	NA	NA	0	NA	NA	NA	1
ENSCAFG00845025272	0	NA	NA	0	NA	NA	NA	1
ENSCAFG00845025278	0	NA	NA	0	NA	NA	NA	1
ENSCAFG00845025282	0	NA	NA	0	NA	NA	NA	1
ENSCAFG00845025283	0	NA	NA	0	NA	NA	NA	1
ENSCAFG00845025290	0	NA	NA	0	NA	NA	NA	1
ENSCAFG00845025308	0	NA	NA	0	NA	NA	NA	1
ENSCAFG00845025326	0	NA	NA	0	NA	NA	NA	1
ENSCAFG00845025336	0	NA	NA	0	NA	NA	NA	1
ENSCAFG00845025340	0	NA	NA	0	NA	NA	NA	1
ENSCAFG00845025349	0	NA	NA	0	NA	NA	NA	1
ENSCAFG00845025361	0	NA	NA	0	NA	NA	NA	1
ENSCAFG00845025369	0	NA	NA	0	NA	NA	NA	1
ENSCAFG00845025376	0	NA	NA	0	NA	NA	NA	1
ENSCAFG00845025382	0	NA	NA	0	NA	NA	NA	1
ENSCAFG00845025389	0	NA	NA	0	NA	NA	NA	1
ENSCAFG00845025393	0	NA	NA	0	NA	NA	NA	1
ENSCAFG00845025400	0	NA	NA	0	NA	NA	NA	1
ENSCAFG00845025403	0	NA	NA	0	NA	NA	NA	1
ENSCAFG00845025405	0	NA	NA	0	NA	NA	NA	1
ENSCAFG00845025412	0	NA	NA	0	NA	NA	NA	1
ENSCAFG00845025414	0	NA	NA	0	NA	NA	NA	1
ENSCAFG00845025430	0	NA	NA	0	NA	NA	NA	1
ENSCAFG00845025451	0	NA	NA	0	NA	NA	NA	1
ENSCAFG00845025455	0	NA	NA	0	NA	NA	NA	1
ENSCAFG00845025469	0	NA	NA	0	NA	NA	NA	1
ENSCAFG00845025483	0	NA	NA	0	NA	NA	NA	1
ENSCAFG00845025492	0	NA	NA	0	NA	NA	NA	1
ENSCAFG00845025515	0	NA	NA	0	NA	NA	NA	1
ENSCAFG00845025545	0	NA	NA	0	NA	NA	NA	1
ENSCAFG00845025557	0	NA	NA	0	NA	NA	NA	1
ENSCAFG00845025565	0	NA	NA	0	NA	NA	NA	1
ENSCAFG00845025574	0	NA	NA	0	NA	NA	NA	1
ENSCAFG00845025591	0	NA	NA	0	NA	NA	NA	1
ENSCAFG00845025616	0	NA	NA	0	NA	NA	NA	1
ENSCAFG00845025622	0	NA	NA	0	NA	NA	NA	1
ENSCAFG00845025634	0	NA	NA	0	NA	NA	NA	1
ENSCAFG00845025639	0	NA	NA	0	NA	NA	NA	1
ENSCAFG00845025640	0	NA	NA	0	NA	NA	NA	1
ENSCAFG00845025652	0	NA	NA	0	NA	NA	NA	1
ENSCAFG00845025661	0	NA	NA	0	NA	NA	NA	1
ENSCAFG00845025673	0	NA	NA	0	NA	NA	NA	1
ENSCAFG00845025688	0	NA	NA	0	NA	NA	NA	1
ENSCAFG00845025690	0	NA	NA	0	NA	NA	NA	1
ENSCAFG00845025702	0	NA	NA	0	NA	NA	NA	1
ENSCAFG00845025714	0	NA	NA	0	NA	NA	NA	1
ENSCAFG00845025736	0	NA	NA	0	NA	NA	NA	1
ENSCAFG00845025753	0	NA	NA	0	NA	NA	NA	1
ENSCAFG00845025760	0	NA	NA	0	NA	NA	NA	1
ENSCAFG00845025771	0	NA	NA	0	NA	NA	NA	1
ENSCAFG00845025781	0	NA	NA	0	NA	NA	NA	1
ENSCAFG00845025782	0	NA	NA	0	NA	NA	NA	1
ENSCAFG00845025800	0	NA	NA	0	NA	NA	NA	1
ENSCAFG00845025808	0	NA	NA	0	NA	NA	NA	1
ENSCAFG00845025809	0	NA	NA	0	NA	NA	NA	1
ENSCAFG00845025820	0	NA	NA	0	NA	NA	NA	1
ENSCAFG00845025828	0	NA	NA	0	NA	NA	NA	1
ENSCAFG00845025829	0	NA	NA	0	NA	NA	NA	1
ENSCAFG00845025830	0	NA	NA	0	NA	NA	NA	1
ENSCAFG00845025835	0	NA	NA	0	NA	NA	NA	1
ENSCAFG00845025840	0	NA	NA	0	NA	NA	NA	1
ENSCAFG00845025868	0	NA	NA	0	NA	NA	NA	1
ENSCAFG00845025870	0	NA	NA	0	NA	NA	NA	1
ENSCAFG00845025885	0	NA	NA	0	NA	NA	NA	1
ENSCAFG00845025886	0	NA	NA	0	NA	NA	NA	1
ENSCAFG00845025965	0	NA	NA	0	NA	NA	NA	1
ENSCAFG00845025972	0	NA	NA	0	NA	NA	NA	1
ENSCAFG00845025973	0	NA	NA	0	NA	NA	NA	1
ENSCAFG00845026066	0	NA	NA	0	NA	NA	NA	1
ENSCAFG00845026112	0	NA	NA	0	NA	NA	NA	1
ENSCAFG00845026126	0	NA	NA	0	NA	NA	NA	1
ENSCAFG00845026147	0	NA	NA	0	NA	NA	NA	1
ENSCAFG00845026156	0	NA	NA	0	NA	NA	NA	1
ENSCAFG00845026164	0	NA	NA	0	NA	NA	NA	1
ENSCAFG00845026167	0	NA	NA	0	NA	NA	NA	1
ENSCAFG00845026178	0	NA	NA	0	NA	NA	NA	1
ENSCAFG00845026189	0	NA	NA	0	NA	NA	NA	1
ENSCAFG00845026209	0	NA	NA	0	NA	NA	NA	1
ENSCAFG00845026224	0	NA	NA	0	NA	NA	NA	1
ENSCAFG00845026244	0	NA	NA	0	NA	NA	NA	1
ENSCAFG00845026248	0	NA	NA	0	NA	NA	NA	1
ENSCAFG00845026283	0	NA	NA	0	NA	NA	NA	1
ENSCAFG00845026295	0	NA	NA	0	NA	NA	NA	1
ENSCAFG00845026298	0	NA	NA	0	NA	NA	NA	1
ENSCAFG00845026302	0	NA	NA	0	NA	NA	NA	1
ENSCAFG00845026315	0	NA	NA	0	NA	NA	NA	1
ENSCAFG00845026318	0	NA	NA	0	NA	NA	NA	1
ENSCAFG00845026391	0	NA	NA	0	NA	NA	NA	1
ENSCAFG00845026393	0	NA	NA	0	NA	NA	NA	1
ENSCAFG00845026399	0	NA	NA	0	NA	NA	NA	1
ENSCAFG00845026400	0	NA	NA	0	NA	NA	NA	1
ENSCAFG00845026402	0	NA	NA	0	NA	NA	NA	1
ENSCAFG00845026429	0	NA	NA	0	NA	NA	NA	1
ENSCAFG00845026446	0	NA	NA	0	NA	NA	NA	1
ENSCAFG00845026456	0	NA	NA	0	NA	NA	NA	1
ENSCAFG00845026458	0	NA	NA	0	NA	NA	NA	1
ENSCAFG00845026470	0	NA	NA	0	NA	NA	NA	1
ENSCAFG00845026471	0	NA	NA	0	NA	NA	NA	1
ENSCAFG00845026484	0	NA	NA	0	NA	NA	NA	1
ENSCAFG00845026503	0	NA	NA	0	NA	NA	NA	1
ENSCAFG00845026504	0	NA	NA	0	NA	NA	NA	1
ENSCAFG00845026514	0	NA	NA	0	NA	NA	NA	1
ENSCAFG00845026516	0	NA	NA	0	NA	NA	NA	1
ENSCAFG00845026521	0	NA	NA	0	NA	NA	NA	1
ENSCAFG00845026527	0	NA	NA	0	NA	NA	NA	1
ENSCAFG00845026534	0	NA	NA	0	NA	NA	NA	1
ENSCAFG00845026538	0	NA	NA	0	NA	NA	NA	1
ENSCAFG00845026544	0	NA	NA	0	NA	NA	NA	1
ENSCAFG00845026547	0	NA	NA	0	NA	NA	NA	1
ENSCAFG00845026552	0	NA	NA	0	NA	NA	NA	1
ENSCAFG00845026556	0	NA	NA	0	NA	NA	NA	1
ENSCAFG00845026557	0	NA	NA	0	NA	NA	NA	1
ENSCAFG00845026566	0	NA	NA	0	NA	NA	NA	1
ENSCAFG00845026574	0	NA	NA	0	NA	NA	NA	1
ENSCAFG00845026588	0	NA	NA	0	NA	NA	NA	1
ENSCAFG00845026593	0	NA	NA	0	NA	NA	NA	1
ENSCAFG00845026603	0	NA	NA	0	NA	NA	NA	1
ENSCAFG00845026606	0	NA	NA	0	NA	NA	NA	1
ENSCAFG00845026618	0	NA	NA	0	NA	NA	NA	1
ENSCAFG00845026705	0	NA	NA	0	NA	NA	NA	1
ENSCAFG00845026718	0	NA	NA	0	NA	NA	NA	1
ENSCAFG00845026726	0	NA	NA	0	NA	NA	NA	1
ENSCAFG00845026735	0	NA	NA	0	NA	NA	NA	1
ENSCAFG00845026736	0	NA	NA	0	NA	NA	NA	1
ENSCAFG00845026749	0	NA	NA	0	NA	NA	NA	1
ENSCAFG00845026801	0	NA	NA	0	NA	NA	NA	1
ENSCAFG00845026848	0	NA	NA	0	NA	NA	NA	1
ENSCAFG00845026858	0	NA	NA	0	NA	NA	NA	1
ENSCAFG00845026865	0	NA	NA	0	NA	NA	NA	1
ENSCAFG00845026877	0	NA	NA	0	NA	NA	NA	1
ENSCAFG00845026889	0	NA	NA	0	NA	NA	NA	1
ENSCAFG00845026891	0	NA	NA	0	NA	NA	NA	1
ENSCAFG00845026896	0	NA	NA	0	NA	NA	NA	1
ENSCAFG00845026905	0	NA	NA	0	NA	NA	NA	1
ENSCAFG00845026906	0	NA	NA	0	NA	NA	NA	1
ENSCAFG00845026917	0	NA	NA	0	NA	NA	NA	1
ENSCAFG00845026939	0	NA	NA	0	NA	NA	NA	1
ENSCAFG00845026950	0	NA	NA	0	NA	NA	NA	1
ENSCAFG00845026998	0	NA	NA	0	NA	NA	NA	1
ENSCAFG00845027005	0	NA	NA	0	NA	NA	NA	1
ENSCAFG00845027018	0	NA	NA	0	NA	NA	NA	1
ENSCAFG00845027040	0	NA	NA	0	NA	NA	NA	1
ENSCAFG00845027050	0	NA	NA	0	NA	NA	NA	1
ENSCAFG00845027060	0	NA	NA	0	NA	NA	NA	1
ENSCAFG00845027067	0	NA	NA	0	NA	NA	NA	1
ENSCAFG00845027081	0	NA	NA	0	NA	NA	NA	1
ENSCAFG00845027093	0	NA	NA	0	NA	NA	NA	1
ENSCAFG00845027101	0	NA	NA	0	NA	NA	NA	1
ENSCAFG00845027104	0	NA	NA	0	NA	NA	NA	1
ENSCAFG00845027128	0	NA	NA	0	NA	NA	NA	1
ENSCAFG00845027129	0	NA	NA	0	NA	NA	NA	1
ENSCAFG00845027136	0	NA	NA	0	NA	NA	NA	1
ENSCAFG00845027147	0	NA	NA	0	NA	NA	NA	1
ENSCAFG00845027152	0	NA	NA	0	NA	NA	NA	1
ENSCAFG00845027159	0	NA	NA	0	NA	NA	NA	1
ENSCAFG00845027162	0	NA	NA	0	NA	NA	NA	1
ENSCAFG00845027185	0	NA	NA	0	NA	NA	NA	1
ENSCAFG00845027189	0	NA	NA	0	NA	NA	NA	1
ENSCAFG00845027194	0	NA	NA	0	NA	NA	NA	1
ENSCAFG00845027196	0	NA	NA	0	NA	NA	NA	1
ENSCAFG00845027197	0	NA	NA	0	NA	NA	NA	1
ENSCAFG00845027199	0	NA	NA	0	NA	NA	NA	1
ENSCAFG00845027201	0	NA	NA	0	NA	NA	NA	1
ENSCAFG00845027207	0	NA	NA	0	NA	NA	NA	1
ENSCAFG00845027236	0	NA	NA	0	NA	NA	NA	1
ENSCAFG00845027254	0	NA	NA	0	NA	NA	NA	1
ENSCAFG00845027258	0	NA	NA	0	NA	NA	NA	1
ENSCAFG00845027269	0	NA	NA	0	NA	NA	NA	1
ENSCAFG00845027276	0	NA	NA	0	NA	NA	NA	1
ENSCAFG00845027283	0	NA	NA	0	NA	NA	NA	1
ENSCAFG00845027294	0	NA	NA	0	NA	NA	NA	1
ENSCAFG00845027296	0	NA	NA	0	NA	NA	NA	1
ENSCAFG00845027317	0	NA	NA	0	NA	NA	NA	1
ENSCAFG00845027318	0	NA	NA	0	NA	NA	NA	1
ENSCAFG00845027325	0	NA	NA	0	NA	NA	NA	1
ENSCAFG00845027344	0	NA	NA	0	NA	NA	NA	1
ENSCAFG00845027349	0	NA	NA	0	NA	NA	NA	1
ENSCAFG00845027354	0	NA	NA	0	NA	NA	NA	1
ENSCAFG00845027370	0	NA	NA	0	NA	NA	NA	1
ENSCAFG00845027372	0	NA	NA	0	NA	NA	NA	1
ENSCAFG00845027378	0	NA	NA	0	NA	NA	NA	1
ENSCAFG00845027393	0	NA	NA	0	NA	NA	NA	1
ENSCAFG00845027403	0	NA	NA	0	NA	NA	NA	1
ENSCAFG00845027405	0	NA	NA	0	NA	NA	NA	1
ENSCAFG00845027409	0	NA	NA	0	NA	NA	NA	1
ENSCAFG00845027412	0	NA	NA	0	NA	NA	NA	1
ENSCAFG00845027421	0	NA	NA	0	NA	NA	NA	1
ENSCAFG00845027429	0	NA	NA	0	NA	NA	NA	1
ENSCAFG00845027445	0	NA	NA	0	NA	NA	NA	1
ENSCAFG00845027457	0	NA	NA	0	NA	NA	NA	1
ENSCAFG00845027469	0	NA	NA	0	NA	NA	NA	1
ENSCAFG00845027477	0	NA	NA	0	NA	NA	NA	1
ENSCAFG00845027498	0	NA	NA	0	NA	NA	NA	1
ENSCAFG00845027510	0	NA	NA	0	NA	NA	NA	1
ENSCAFG00845027519	0	NA	NA	0	NA	NA	NA	1
ENSCAFG00845027523	0	NA	NA	0	NA	NA	NA	1
ENSCAFG00845027533	0	NA	NA	0	NA	NA	NA	1
ENSCAFG00845027535	0	NA	NA	0	NA	NA	NA	1
ENSCAFG00845027676	0	NA	NA	0	NA	NA	NA	1
ENSCAFG00845027679	0	NA	NA	0	NA	NA	NA	1
ENSCAFG00845027683	0	NA	NA	0	NA	NA	NA	1
ENSCAFG00845027688	0	NA	NA	0	NA	NA	NA	1
ENSCAFG00845027692	0	NA	NA	0	NA	NA	NA	1
ENSCAFG00845027696	0	NA	NA	0	NA	NA	NA	1
ENSCAFG00845027697	0	NA	NA	0	NA	NA	NA	1
ENSCAFG00845027720	0	NA	NA	0	NA	NA	NA	1
ENSCAFG00845027725	0	NA	NA	0	NA	NA	NA	1
ENSCAFG00845027741	0	NA	NA	0	NA	NA	NA	1
ENSCAFG00845027744	0	NA	NA	0	NA	NA	NA	1
ENSCAFG00845027761	0	NA	NA	0	NA	NA	NA	1
ENSCAFG00845027767	0	NA	NA	0	NA	NA	NA	1
ENSCAFG00845027778	0	NA	NA	0	NA	NA	NA	1
ENSCAFG00845027814	0	NA	NA	0	NA	NA	NA	1
ENSCAFG00845027823	0	NA	NA	0	NA	NA	NA	1
ENSCAFG00845027837	0	NA	NA	0	NA	NA	NA	1
ENSCAFG00845027845	0	NA	NA	0	NA	NA	NA	1
ENSCAFG00845027855	0	NA	NA	0	NA	NA	NA	1
ENSCAFG00845027865	0	NA	NA	0	NA	NA	NA	1
ENSCAFG00845027890	0	NA	NA	0	NA	NA	NA	1
ENSCAFG00845027940	0	NA	NA	0	NA	NA	NA	1
ENSCAFG00845027955	0	NA	NA	0	NA	NA	NA	1
ENSCAFG00845028029	0	NA	NA	0	NA	NA	NA	1
ENSCAFG00845028043	0	NA	NA	0	NA	NA	NA	1
ENSCAFG00845028081	0	NA	NA	0	NA	NA	NA	1
ENSCAFG00845028087	0	NA	NA	0	NA	NA	NA	1
ENSCAFG00845028107	0	NA	NA	0	NA	NA	NA	1
ENSCAFG00845028124	0	NA	NA	0	NA	NA	NA	1
ENSCAFG00845028137	0	NA	NA	0	NA	NA	NA	1
ENSCAFG00845028146	0	NA	NA	0	NA	NA	NA	1
ENSCAFG00845028163	0	NA	NA	0	NA	NA	NA	1
ENSCAFG00845028169	0	NA	NA	0	NA	NA	NA	1
ENSCAFG00845028181	0	NA	NA	0	NA	NA	NA	1
ENSCAFG00845028185	0	NA	NA	0	NA	NA	NA	1
ENSCAFG00845028206	0	NA	NA	0	NA	NA	NA	1
ENSCAFG00845028220	0	NA	NA	0	NA	NA	NA	1
ENSCAFG00845028221	0	NA	NA	0	NA	NA	NA	1
ENSCAFG00845028241	0	NA	NA	0	NA	NA	NA	1
ENSCAFG00845028255	0	NA	NA	0	NA	NA	NA	1
ENSCAFG00845028267	0	NA	NA	0	NA	NA	NA	1
ENSCAFG00845028280	0	NA	NA	0	NA	NA	NA	1
ENSCAFG00845028283	0	NA	NA	0	NA	NA	NA	1
ENSCAFG00845028287	0	NA	NA	0	NA	NA	NA	1
ENSCAFG00845028297	0	NA	NA	0	NA	NA	NA	1
ENSCAFG00845028302	0	NA	NA	0	NA	NA	NA	1
ENSCAFG00845028308	0	NA	NA	0	NA	NA	NA	1
ENSCAFG00845028312	0	NA	NA	0	NA	NA	NA	1
ENSCAFG00845028317	0	NA	NA	0	NA	NA	NA	1
ENSCAFG00845028321	0	NA	NA	0	NA	NA	NA	1
ENSCAFG00845028325	0	NA	NA	0	NA	NA	NA	1
ENSCAFG00845028332	0	NA	NA	0	NA	NA	NA	1
ENSCAFG00845028337	0	NA	NA	0	NA	NA	NA	1
ENSCAFG00845028343	0	NA	NA	0	NA	NA	NA	1
ENSCAFG00845028350	0	NA	NA	0	NA	NA	NA	1
ENSCAFG00845028359	0	NA	NA	0	NA	NA	NA	1
ENSCAFG00845028364	0	NA	NA	0	NA	NA	NA	1
ENSCAFG00845028401	0	NA	NA	0	NA	NA	NA	1
ENSCAFG00845028402	0	NA	NA	0	NA	NA	NA	1
ENSCAFG00845028406	0	NA	NA	0	NA	NA	NA	1
ENSCAFG00845028416	0	NA	NA	0	NA	NA	NA	1
ENSCAFG00845028429	0	NA	NA	0	NA	NA	NA	1
ENSCAFG00845028439	0	NA	NA	0	NA	NA	NA	1
ENSCAFG00845028441	0	NA	NA	0	NA	NA	NA	1
ENSCAFG00845028462	0	NA	NA	0	NA	NA	NA	1
ENSCAFG00845028467	0	NA	NA	0	NA	NA	NA	1
ENSCAFG00845028472	0	NA	NA	0	NA	NA	NA	1
ENSCAFG00845028474	0	NA	NA	0	NA	NA	NA	1
ENSCAFG00845028477	0	NA	NA	0	NA	NA	NA	1
ENSCAFG00845028484	0	NA	NA	0	NA	NA	NA	1
ENSCAFG00845028489	0	NA	NA	0	NA	NA	NA	1
ENSCAFG00845028493	0	NA	NA	0	NA	NA	NA	1
ENSCAFG00845028496	0	NA	NA	0	NA	NA	NA	1
ENSCAFG00845028499	0	NA	NA	0	NA	NA	NA	1
ENSCAFG00845028516	0	NA	NA	0	NA	NA	NA	1
ENSCAFG00845028518	0	NA	NA	0	NA	NA	NA	1
ENSCAFG00845028528	0	NA	NA	0	NA	NA	NA	1
ENSCAFG00845028536	0	NA	NA	0	NA	NA	NA	1
ENSCAFG00845028541	0	NA	NA	0	NA	NA	NA	1
ENSCAFG00845028543	0	NA	NA	0	NA	NA	NA	1
ENSCAFG00845028550	0	NA	NA	0	NA	NA	NA	1
ENSCAFG00845028561	0	NA	NA	0	NA	NA	NA	1
ENSCAFG00845028565	0	NA	NA	0	NA	NA	NA	1
ENSCAFG00845028575	0	NA	NA	0	NA	NA	NA	1
ENSCAFG00845028576	0	NA	NA	0	NA	NA	NA	1
ENSCAFG00845028585	0	NA	NA	0	NA	NA	NA	1
ENSCAFG00845028599	0	NA	NA	0	NA	NA	NA	1
ENSCAFG00845028601	0	NA	NA	0	NA	NA	NA	1
ENSCAFG00845028610	0	NA	NA	0	NA	NA	NA	1
ENSCAFG00845028611	0	NA	NA	0	NA	NA	NA	1
ENSCAFG00845028613	0	NA	NA	0	NA	NA	NA	1
ENSCAFG00845028617	0	NA	NA	0	NA	NA	NA	1
ENSCAFG00845028653	0	NA	NA	0	NA	NA	NA	1
ENSCAFG00845028660	0	NA	NA	0	NA	NA	NA	1
ENSCAFG00845028747	0	NA	NA	0	NA	NA	NA	1
ENSCAFG00845028811	0	NA	NA	0	NA	NA	NA	1
ENSCAFG00845028866	0	NA	NA	0	NA	NA	NA	1
ENSCAFG00845028876	0	NA	NA	0	NA	NA	NA	1
ENSCAFG00845028879	0	NA	NA	0	NA	NA	NA	1
ENSCAFG00845028882	0	NA	NA	0	NA	NA	NA	1
ENSCAFG00845028886	0	NA	NA	0	NA	NA	NA	1
ENSCAFG00845028888	0	NA	NA	0	NA	NA	NA	1
ENSCAFG00845028889	0	NA	NA	0	NA	NA	NA	1
ENSCAFG00845028891	0	NA	NA	0	NA	NA	NA	1
ENSCAFG00845028895	0	NA	NA	0	NA	NA	NA	1
ENSCAFG00845028898	0	NA	NA	0	NA	NA	NA	1
ENSCAFG00845028900	0	NA	NA	0	NA	NA	NA	1
ENSCAFG00845028902	0	NA	NA	0	NA	NA	NA	1
ENSCAFG00845028942	0	NA	NA	0	NA	NA	NA	1
ENSCAFG00845029036	0	NA	NA	0	NA	NA	NA	1
ENSCAFG00845029040	0	NA	NA	0	NA	NA	NA	1
ENSCAFG00845029045	0	NA	NA	0	NA	NA	NA	1
ENSCAFG00845029051	0	NA	NA	0	NA	NA	NA	1
ENSCAFG00845029053	0	NA	NA	0	NA	NA	NA	1
ENSCAFG00845029062	0	NA	NA	0	NA	NA	NA	1
ENSCAFG00845029064	0	NA	NA	0	NA	NA	NA	1
ENSCAFG00845029074	0	NA	NA	0	NA	NA	NA	1
ENSCAFG00845029080	0	NA	NA	0	NA	NA	NA	1
ENSCAFG00845029104	0	NA	NA	0	NA	NA	NA	1
ENSCAFG00845029115	0	NA	NA	0	NA	NA	NA	1
ENSCAFG00845029125	0	NA	NA	0	NA	NA	NA	1
ENSCAFG00845029126	0	NA	NA	0	NA	NA	NA	1
ENSCAFG00845029141	0	NA	NA	0	NA	NA	NA	1
ENSCAFG00845029174	0	NA	NA	0	NA	NA	NA	1
ENSCAFG00845029180	0	NA	NA	0	NA	NA	NA	1
ENSCAFG00845029214	0	NA	NA	0	NA	NA	NA	1
ENSCAFG00845029220	0	NA	NA	0	NA	NA	NA	1
ENSCAFG00845029252	0	NA	NA	0	NA	NA	NA	1
ENSCAFG00845029278	0	NA	NA	0	NA	NA	NA	1
ENSCAFG00845029284	0	NA	NA	0	NA	NA	NA	1
ENSCAFG00845029286	0	NA	NA	0	NA	NA	NA	1
ENSCAFG00845029295	0	NA	NA	0	NA	NA	NA	1
ENSCAFG00845029298	0	NA	NA	0	NA	NA	NA	1
ENSCAFG00845029301	0	NA	NA	0	NA	NA	NA	1
ENSCAFG00845029308	0	NA	NA	0	NA	NA	NA	1
ENSCAFG00845029313	0	NA	NA	0	NA	NA	NA	1
ENSCAFG00845029336	0	NA	NA	0	NA	NA	NA	1
ENSCAFG00845029340	0	NA	NA	0	NA	NA	NA	1
ENSCAFG00845029344	0	NA	NA	0	NA	NA	NA	1
ENSCAFG00845029356	0	NA	NA	0	NA	NA	NA	1
ENSCAFG00845029372	0	NA	NA	0	NA	NA	NA	1
ENSCAFG00845029378	0	NA	NA	0	NA	NA	NA	1
ENSCAFG00845029382	0	NA	NA	0	NA	NA	NA	1
ENSCAFG00845029386	0	NA	NA	0	NA	NA	NA	1
ENSCAFG00845029391	0	NA	NA	0	NA	NA	NA	1
ENSCAFG00845029399	0	NA	NA	0	NA	NA	NA	1
ENSCAFG00845029402	0	NA	NA	0	NA	NA	NA	1
ENSCAFG00845029405	0	NA	NA	0	NA	NA	NA	1
ENSCAFG00845029409	0	NA	NA	0	NA	NA	NA	1
ENSCAFG00845029415	0	NA	NA	0	NA	NA	NA	1
ENSCAFG00845029419	0	NA	NA	0	NA	NA	NA	1
ENSCAFG00845029429	0	NA	NA	0	NA	NA	NA	1
ENSCAFG00845029439	0	NA	NA	0	NA	NA	NA	1
ENSCAFG00845029444	0	NA	NA	0	NA	NA	NA	1
ENSCAFG00845029464	0	NA	NA	0	NA	NA	NA	1
ENSCAFG00845029468	0	NA	NA	0	NA	NA	NA	1
ENSCAFG00845029470	0	NA	NA	0	NA	NA	NA	1
ENSCAFG00845029478	0	NA	NA	0	NA	NA	NA	1
ENSCAFG00845029506	0	NA	NA	0	NA	NA	NA	1
ENSCAFG00845029514	0	NA	NA	0	NA	NA	NA	1
ENSCAFG00845029521	0	NA	NA	0	NA	NA	NA	1
ENSCAFG00845029522	0	NA	NA	0	NA	NA	NA	1
ENSCAFG00845029536	0	NA	NA	0	NA	NA	NA	1
ENSCAFG00845029552	0	NA	NA	0	NA	NA	NA	1
ENSCAFG00845029585	0	NA	NA	0	NA	NA	NA	1
ENSCAFG00845029642	0	NA	NA	0	NA	NA	NA	1
ENSCAFG00845029701	0	NA	NA	0	NA	NA	NA	1
ENSCAFG00845029705	0	NA	NA	0	NA	NA	NA	1
ENSCAFG00845029707	0	NA	NA	0	NA	NA	NA	1
ENSCAFG00845029741	0	NA	NA	0	NA	NA	NA	1
ENSCAFG00845029766	0	NA	NA	0	NA	NA	NA	1
ENSCAFG00845029771	0	NA	NA	0	NA	NA	NA	1
ENSCAFG00845029778	0	NA	NA	0	NA	NA	NA	1
ENSCAFG00845029790	0	NA	NA	0	NA	NA	NA	1
ENSCAFG00845029802	0	NA	NA	0	NA	NA	NA	1
ENSCAFG00845029807	0	NA	NA	0	NA	NA	NA	1
ENSCAFG00845029819	0	NA	NA	0	NA	NA	NA	1
ENSCAFG00845029820	0	NA	NA	0	NA	NA	NA	1
ENSCAFG00845029825	0	NA	NA	0	NA	NA	NA	1
ENSCAFG00845029826	0	NA	NA	0	NA	NA	NA	1
ENSCAFG00845029888	0	NA	NA	0	NA	NA	NA	1
ENSCAFG00845029894	0	NA	NA	0	NA	NA	NA	1
ENSCAFG00845029899	0	NA	NA	0	NA	NA	NA	1
ENSCAFG00845029902	0	NA	NA	0	NA	NA	NA	1
ENSCAFG00845029953	0	NA	NA	0	NA	NA	NA	1
ENSCAFG00845029971	0	NA	NA	0	NA	NA	NA	1
ENSCAFG00845029986	0	NA	NA	0	NA	NA	NA	1
ENSCAFG00845029996	0	NA	NA	0	NA	NA	NA	1
ENSCAFG00845030000	0	NA	NA	0	NA	NA	NA	1
ENSCAFG00845030008	0	NA	NA	0	NA	NA	NA	1
ENSCAFG00845030014	0	NA	NA	0	NA	NA	NA	1
ENSCAFG00845030046	0	NA	NA	0	NA	NA	NA	1
ENSCAFG00845030080	0	NA	NA	0	NA	NA	NA	1
ENSCAFG00845030085	0	NA	NA	0	NA	NA	NA	1
ENSCAFG00845030090	0	NA	NA	0	NA	NA	NA	1
ENSCAFG00845030108	0	NA	NA	0	NA	NA	NA	1
ENSCAFG00845030119	0	NA	NA	0	NA	NA	NA	1
ENSCAFG00845030128	0	NA	NA	0	NA	NA	NA	1
ENSCAFG00845030134	0	NA	NA	0	NA	NA	NA	1
ENSCAFG00845030154	0	NA	NA	0	NA	NA	NA	1
ENSCAFG00845030155	0	NA	NA	0	NA	NA	NA	1
ENSCAFG00845030159	0	NA	NA	0	NA	NA	NA	1
ENSCAFG00845030162	0	NA	NA	0	NA	NA	NA	1
ENSCAFG00845030163	0	NA	NA	0	NA	NA	NA	1
ENSCAFG00845030167	0	NA	NA	0	NA	NA	NA	1
ENSCAFG00845030171	0	NA	NA	0	NA	NA	NA	1
ENSCAFG00845030195	0	NA	NA	0	NA	NA	NA	1
ENSCAFG00845030231	0	NA	NA	0	NA	NA	NA	1
ENSCAFG00845030236	0	NA	NA	0	NA	NA	NA	1
ENSCAFG00845030247	0	NA	NA	0	NA	NA	NA	1
ENSCAFG00845030250	0	NA	NA	0	NA	NA	NA	1
ENSCAFG00845030251	0	NA	NA	0	NA	NA	NA	1
ENSCAFG00845030297	0	NA	NA	0	NA	NA	NA	1
ENSCAFG00845030317	0	NA	NA	0	NA	NA	NA	1
ENSCAFG00845030321	0	NA	NA	0	NA	NA	NA	1
ENSCAFG00845030342	0	NA	NA	0	NA	NA	NA	1
ENSCAFG00845030344	0	NA	NA	0	NA	NA	NA	1
ENSCAFG00845030358	0	NA	NA	0	NA	NA	NA	1
ENSCAFG00845030364	0	NA	NA	0	NA	NA	NA	1
ENSCAFG00845030400	0	NA	NA	0	NA	NA	NA	1
ENSCAFG00845030406	0	NA	NA	0	NA	NA	NA	1
ENSCAFG00845030413	0	NA	NA	0	NA	NA	NA	1
ENSCAFG00845030419	0	NA	NA	0	NA	NA	NA	1
ENSCAFG00845030429	0	NA	NA	0	NA	NA	NA	1
ENSCAFG00845030433	0	NA	NA	0	NA	NA	NA	1
ENSCAFG00845030441	0	NA	NA	0	NA	NA	NA	1
ENSCAFG00845030446	0	NA	NA	0	NA	NA	NA	1
ENSCAFG00845030447	0	NA	NA	0	NA	NA	NA	1
ENSCAFG00845030450	0	NA	NA	0	NA	NA	NA	1
ENSCAFG00845030451	0	NA	NA	0	NA	NA	NA	1
ENSCAFG00845030452	0	NA	NA	0	NA	NA	NA	1
ENSCAFG00845030455	0	NA	NA	0	NA	NA	NA	1
ENSCAFG00845030460	0	NA	NA	0	NA	NA	NA	1
ENSCAFG00845030463	0	NA	NA	0	NA	NA	NA	1
ENSCAFG00845030480	0	NA	NA	0	NA	NA	NA	1
ENSCAFG00845030485	0	NA	NA	0	NA	NA	NA	1
ENSCAFG00845030508	0	NA	NA	0	NA	NA	NA	1
ENSCAFG00845030525	0	NA	NA	0	NA	NA	NA	1
ENSCAFG00845030532	0	NA	NA	0	NA	NA	NA	1
ENSCAFG00845030539	0	NA	NA	0	NA	NA	NA	1
ENSCAFG00845030546	0	NA	NA	0	NA	NA	NA	1
ENSCAFG00845030547	0	NA	NA	0	NA	NA	NA	1
ENSCAFG00845030550	0	NA	NA	0	NA	NA	NA	1
ENSCAFG00845030555	0	NA	NA	0	NA	NA	NA	1
ENSCAFG00845030561	0	NA	NA	0	NA	NA	NA	1
ENSCAFG00845030563	0	NA	NA	0	NA	NA	NA	1
ENSCAFG00845030566	0	NA	NA	0	NA	NA	NA	1
ENSCAFG00845030573	0	NA	NA	0	NA	NA	NA	1
ENSCAFG00845030577	0	NA	NA	0	NA	NA	NA	1
ENSCAFG00845030585	0	NA	NA	0	NA	NA	NA	1
ENSCAFG00845030605	0	NA	NA	0	NA	NA	NA	1
ENSCAFG00845030615	0	NA	NA	0	NA	NA	NA	1
ENSCAFG00845030647	0	NA	NA	0	NA	NA	NA	1
ENSCAFG00845030686	0	NA	NA	0	NA	NA	NA	1
ENSCAFG00845030720	0	NA	NA	0	NA	NA	NA	1
ENSCAFG00845030722	0	NA	NA	0	NA	NA	NA	1
ENSCAFG00845030756	0	NA	NA	0	NA	NA	NA	1
ENSCAFG00845030813	0	NA	NA	0	NA	NA	NA	1
ENSCAFG00845030826	0	NA	NA	0	NA	NA	NA	1
ENSCAFG00845030829	0	NA	NA	0	NA	NA	NA	1
ENSCAFG00845030830	0	NA	NA	0	NA	NA	NA	1
ENSCAFG00845030831	0	NA	NA	0	NA	NA	NA	1
ENSCAFG00845030836	0	NA	NA	0	NA	NA	NA	1
ENSCAFG00845030837	0	NA	NA	0	NA	NA	NA	1
ENSCAFG00845030874	0	NA	NA	0	NA	NA	NA	1
ENSCAFG00845030882	0	NA	NA	0	NA	NA	NA	1
ENSCAFG00845030884	0	NA	NA	0	NA	NA	NA	1
ENSCAFG00845030897	0	NA	NA	0	NA	NA	NA	1
ENSCAFG00845030899	0	NA	NA	0	NA	NA	NA	1
ENSCAFG00845030910	0	NA	NA	0	NA	NA	NA	1
ENSCAFG00845030930	0	NA	NA	0	NA	NA	NA	1
ENSCAFG00845031011	0	NA	NA	0	NA	NA	NA	1
ENSCAFG00845031058	0	NA	NA	0	NA	NA	NA	1
ENSCAFG00845031087	0	NA	NA	0	NA	NA	NA	1
ENSCAFG00845031119	0	NA	NA	0	NA	NA	NA	1
