lncRNAid_Homo_sapiens	isTable_1_Canis_lupus_familiaris	orthology_type_synteny_Canis_lupus_familiaris	lncRNA_synteny_id_Canis_lupus_familiaris	isTable_2_Canis_lupus_familiaris	orthology_type_configuration_Canis_lupus_familiaris	configuration_type_configuration_Canis_lupus_familiaris	lncRNA_configuration_id_Canis_lupus_familiaris	isTable_3_Canis_lupus_familiaris
ENSG00000233645	1	one_to_one	ENSCAFG00845027520	0	NA	NA	NA	1
ENSG00000235643	1	many_to_one	ENSCAFG00845002375	0	NA	NA	NA	1
ENSG00000284708	1	many_to_one	ENSCAFG00845002375	0	NA	NA	NA	1
ENSG00000285833	1	one_to_many	ENSCAFG00845002361;ENSCAFG00845002369;ENSCAFG00845002381	0	NA	NA	NA	0
ENSG00000225643	1	one_to_one	ENSCAFG00845013749	0	NA	NA	NA	1
ENSG00000271398	1	one_to_one	ENSCAFG00845010655	1	one_to_one	lncgSS.dw	ENSCAFG00845010655	1
ENSG00000270605	1	one_to_one	ENSCAFG00845010651	0	NA	NA	NA	1
ENSG00000224592	1	many_to_many_DifferentNumber	ENSCAFG00845030198;ENSCAFG00845030208	1	one_to_one	lncgDivg	ENSCAFG00845030208	0
ENSG00000238063	1	many_to_many_DifferentNumber	ENSCAFG00845030198;ENSCAFG00845030208	0	NA	NA	NA	0
ENSG00000286552	1	many_to_many_DifferentNumber	ENSCAFG00845030198;ENSCAFG00845030208	0	NA	NA	NA	0
ENSG00000287987	1	many_to_many_DifferentNumber	ENSCAFG00845030198;ENSCAFG00845030208	0	NA	NA	NA	0
ENSG00000284632	1	many_to_one	ENSCAFG00845030192	0	NA	NA	NA	0
ENSG00000237290	1	many_to_one	ENSCAFG00845030192	0	NA	NA	NA	0
ENSG00000284623	1	many_to_one	ENSCAFG00845030192	0	NA	NA	NA	0
ENSG00000284743	1	many_to_one	ENSCAFG00845002702	0	NA	NA	NA	0
ENSG00000226664	1	many_to_one	ENSCAFG00845002702	0	NA	NA	NA	1
ENSG00000226487	1	many_to_one	ENSCAFG00845002702	0	NA	NA	NA	0
ENSG00000236963	1	many_to_one	ENSCAFG00845002702	1	one_to_one	lncgConv	ENSCAFG00845002702	0
ENSG00000230138	1	many_to_one	ENSCAFG00845016053	0	NA	NA	NA	1
ENSG00000226938	1	many_to_one	ENSCAFG00845016053	0	NA	NA	NA	1
ENSG00000236723	1	one_to_one	ENSCAFG00845017340	0	NA	NA	NA	1
ENSG00000284696	1	many_to_many_DifferentNumber	ENSCAFG00845025060;ENSCAFG00845025091	0	NA	NA	NA	1
ENSG00000233407	1	many_to_many_DifferentNumber	ENSCAFG00845025060;ENSCAFG00845025091	0	NA	NA	NA	1
ENSG00000237337	1	many_to_many_DifferentNumber	ENSCAFG00845025060;ENSCAFG00845025091	0	NA	NA	NA	1
ENSG00000226476	1	many_to_many_DifferentNumber	ENSCAFG00845005826;ENSCAFG00845005845;ENSCAFG00845005858	0	NA	NA	NA	0
ENSG00000231252	1	many_to_many_DifferentNumber	ENSCAFG00845005826;ENSCAFG00845005845;ENSCAFG00845005858	0	NA	NA	NA	1
ENSG00000233973	1	many_to_one	ENSCAFG00845004782	0	NA	NA	NA	1
ENSG00000227016	1	many_to_one	ENSCAFG00845004782	0	NA	NA	NA	1
ENSG00000223479	1	many_to_one	ENSCAFG00845004782	0	NA	NA	NA	1
ENSG00000285808	1	many_to_one	ENSCAFG00845004782	0	NA	NA	NA	1
ENSG00000231985	1	many_to_one	ENSCAFG00845004782	0	NA	NA	NA	1
ENSG00000286863	1	many_to_one	ENSCAFG00845004782	0	NA	NA	NA	1
ENSG00000285778	1	many_to_many_sameNumber	ENSCAFG00845004786;ENSCAFG00845004790;ENSCAFG00845004795	0	NA	NA	NA	1
ENSG00000225087	1	many_to_many_sameNumber	ENSCAFG00845004786;ENSCAFG00845004790;ENSCAFG00845004795	0	NA	NA	NA	1
ENSG00000228853	1	many_to_many_sameNumber	ENSCAFG00845004786;ENSCAFG00845004790;ENSCAFG00845004795	1	one_to_one	lncgSS.up	ENSCAFG00845004795	1
ENSG00000233602	1	one_to_many	ENSCAFG00845027308;ENSCAFG00845027333;ENSCAFG00845027348;ENSCAFG00845027362;ENSCAFG00845027380;ENSCAFG00845027392	0	NA	NA	NA	1
ENSG00000225446	1	many_to_many_DifferentNumber	ENSCAFG00845016868;ENSCAFG00845016895;ENSCAFG00845016905;ENSCAFG00845017002	1	many_to_many_strict	lincConv	ENSCAFG00845016905;ENSCAFG00845016895	0
ENSG00000287076	1	many_to_many_DifferentNumber	ENSCAFG00845016868;ENSCAFG00845016895;ENSCAFG00845016905;ENSCAFG00845017002	0	NA	NA	NA	0
ENSG00000285532	1	many_to_many_DifferentNumber	ENSCAFG00845016868;ENSCAFG00845016895;ENSCAFG00845016905;ENSCAFG00845017002	1	many_to_many_strict	lincConv	ENSCAFG00845016905;ENSCAFG00845016895	0
ENSG00000272094	1	many_to_many_DifferentNumber	ENSCAFG00845016883;ENSCAFG00845016890;ENSCAFG00845016970	1	one_to_one	lincSS.dw	ENSCAFG00845016890	0
ENSG00000233593	1	many_to_many_DifferentNumber	ENSCAFG00845016883;ENSCAFG00845016890;ENSCAFG00845016970	1	one_to_one	lincSS.up	ENSCAFG00845016970	0
ENSG00000286758	1	one_to_many	ENSCAFG00845019287;ENSCAFG00845019310	0	NA	NA	NA	0
ENSG00000237505	1	many_to_many_sameNumber	ENSCAFG00845019278;ENSCAFG00845019300	0	NA	NA	NA	0
ENSG00000227290	1	many_to_many_sameNumber	ENSCAFG00845019278;ENSCAFG00845019300	0	NA	NA	NA	0
ENSG00000226759	1	many_to_many_DifferentNumber	ENSCAFG00845007019;ENSCAFG00845007031;ENSCAFG00845007042;ENSCAFG00845007069;ENSCAFG00845007080;ENSCAFG00845007093;ENSCAFG00845007101;ENSCAFG00845007116;ENSCAFG00845007133;ENSCAFG00845007141;ENSCAFG00845007157;ENSCAFG00845007170;ENSCAFG00845007178;ENSCAFG00845007187;ENSCAFG00845007209;ENSCAFG00845007223;ENSCAFG00845007240;ENSCAFG00845007252;ENSCAFG00845007268;ENSCAFG00845007278;ENSCAFG00845007285;ENSCAFG00845007312;ENSCAFG00845007323;ENSCAFG00845007333;ENSCAFG00845007344;ENSCAFG00845007357;ENSCAFG00845007370;ENSCAFG00845007401;ENSCAFG00845007417;ENSCAFG00845007424;ENSCAFG00845007483;ENSCAFG00845007493;ENSCAFG00845007504;ENSCAFG00845007516;ENSCAFG00845007527;ENSCAFG00845007536;ENSCAFG00845007547;ENSCAFG00845007562;ENSCAFG00845007579;ENSCAFG00845007595;ENSCAFG00845007606;ENSCAFG00845013503;ENSCAFG00845013508;ENSCAFG00845013510;ENSCAFG00845013519;ENSCAFG00845013523;ENSCAFG00845013530;ENSCAFG00845013537;ENSCAFG00845013538;ENSCAFG00845013543	1	many_to_one	lncgDivg	ENSCAFG00845013543	1
ENSG00000227935	1	many_to_many_DifferentNumber	ENSCAFG00845007019;ENSCAFG00845007031;ENSCAFG00845007042;ENSCAFG00845007069;ENSCAFG00845007080;ENSCAFG00845007093;ENSCAFG00845007101;ENSCAFG00845007116;ENSCAFG00845007133;ENSCAFG00845007141;ENSCAFG00845007157;ENSCAFG00845007170;ENSCAFG00845007178;ENSCAFG00845007187;ENSCAFG00845007209;ENSCAFG00845007223;ENSCAFG00845007240;ENSCAFG00845007252;ENSCAFG00845007268;ENSCAFG00845007278;ENSCAFG00845007285;ENSCAFG00845007312;ENSCAFG00845007323;ENSCAFG00845007333;ENSCAFG00845007344;ENSCAFG00845007357;ENSCAFG00845007370;ENSCAFG00845007401;ENSCAFG00845007417;ENSCAFG00845007424;ENSCAFG00845007483;ENSCAFG00845007493;ENSCAFG00845007504;ENSCAFG00845007516;ENSCAFG00845007527;ENSCAFG00845007536;ENSCAFG00845007547;ENSCAFG00845007562;ENSCAFG00845007579;ENSCAFG00845007595;ENSCAFG00845007606;ENSCAFG00845013503;ENSCAFG00845013508;ENSCAFG00845013510;ENSCAFG00845013519;ENSCAFG00845013523;ENSCAFG00845013530;ENSCAFG00845013537;ENSCAFG00845013538;ENSCAFG00845013543	1	many_to_one	lncgDivg	ENSCAFG00845013543	1
ENSG00000235038	1	many_to_many_DifferentNumber	ENSCAFG00845007019;ENSCAFG00845007031;ENSCAFG00845007042;ENSCAFG00845007069;ENSCAFG00845007080;ENSCAFG00845007093;ENSCAFG00845007101;ENSCAFG00845007116;ENSCAFG00845007133;ENSCAFG00845007141;ENSCAFG00845007157;ENSCAFG00845007170;ENSCAFG00845007178;ENSCAFG00845007187;ENSCAFG00845007209;ENSCAFG00845007223;ENSCAFG00845007240;ENSCAFG00845007252;ENSCAFG00845007268;ENSCAFG00845007278;ENSCAFG00845007285;ENSCAFG00845007312;ENSCAFG00845007323;ENSCAFG00845007333;ENSCAFG00845007344;ENSCAFG00845007357;ENSCAFG00845007370;ENSCAFG00845007401;ENSCAFG00845007417;ENSCAFG00845007424;ENSCAFG00845007483;ENSCAFG00845007493;ENSCAFG00845007504;ENSCAFG00845007516;ENSCAFG00845007527;ENSCAFG00845007536;ENSCAFG00845007547;ENSCAFG00845007562;ENSCAFG00845007579;ENSCAFG00845007595;ENSCAFG00845007606;ENSCAFG00845013503;ENSCAFG00845013508;ENSCAFG00845013510;ENSCAFG00845013519;ENSCAFG00845013523;ENSCAFG00845013530;ENSCAFG00845013537;ENSCAFG00845013538;ENSCAFG00845013543	1	many_to_one	lncgDivg	ENSCAFG00845013543	1
ENSG00000290536	1	one_to_many	ENSCAFG00845006993;ENSCAFG00845007055;ENSCAFG00845007388;ENSCAFG00845007461	0	NA	NA	NA	0
ENSG00000237435	1	many_to_one	ENSCAFG00845014363	0	NA	NA	NA	0
ENSG00000271252	1	many_to_one	ENSCAFG00845014363	0	NA	NA	NA	0
ENSG00000233907	1	many_to_one	ENSCAFG00845014363	0	NA	NA	NA	0
ENSG00000287919	1	many_to_one	ENSCAFG00845014363	0	NA	NA	NA	0
ENSG00000228971	1	many_to_one	ENSCAFG00845014363	0	NA	NA	NA	0
ENSG00000237954	1	many_to_one	ENSCAFG00845014351	0	NA	NA	NA	0
ENSG00000231987	1	many_to_one	ENSCAFG00845014351	0	NA	NA	NA	0
ENSG00000228852	1	many_to_one	ENSCAFG00845014351	0	NA	NA	NA	1
ENSG00000230434	1	many_to_one	ENSCAFG00845014351	0	NA	NA	NA	0
ENSG00000228504	1	many_to_one	ENSCAFG00845014351	0	NA	NA	NA	0
ENSG00000260464	1	many_to_one	ENSCAFG00845015884	0	NA	NA	NA	0
ENSG00000224093	1	many_to_one	ENSCAFG00845015884	0	NA	NA	NA	0
ENSG00000230489	1	many_to_one	ENSCAFG00845009170	0	NA	NA	NA	0
ENSG00000226822	1	many_to_one	ENSCAFG00845009170	0	NA	NA	NA	0
ENSG00000224238	1	many_to_one	ENSCAFG00845006244	0	NA	NA	NA	1
ENSG00000232650	1	many_to_one	ENSCAFG00845006244	1	one_to_one	lincSS.up	ENSCAFG00845006244	1
ENSG00000231365	1	many_to_one	ENSCAFG00845006244	0	NA	NA	NA	1
ENSG00000227712	1	one_to_one	ENSCAFG00845006237	0	NA	NA	NA	1
ENSG00000228086	1	one_to_one	ENSCAFG00845012391	0	NA	NA	NA	1
ENSG00000236866	1	one_to_one	ENSCAFG00845029579	1	one_to_one	lncgDivg	ENSCAFG00845029579	1
ENSG00000226172	1	many_to_one	ENSCAFG00845006137	0	NA	NA	NA	1
ENSG00000239216	1	many_to_one	ENSCAFG00845006137	0	NA	NA	NA	1
ENSG00000228127	1	one_to_many	ENSCAFG00845028138;ENSCAFG00845028158	1	one_to_one	lincSS.up	ENSCAFG00845028158	1
ENSG00000228420	1	many_to_many_sameNumber	ENSCAFG00845002398;ENSCAFG00845002404	1	many_to_one	lincSS.up	ENSCAFG00845002398	0
ENSG00000261055	1	many_to_many_sameNumber	ENSCAFG00845002398;ENSCAFG00845002404	1	many_to_one	lincSS.up	ENSCAFG00845002398	0
ENSG00000235005	1	one_to_many	ENSCAFG00845002411;ENSCAFG00845002421	0	NA	NA	NA	0
ENSG00000224468	1	one_to_one	ENSCAFG00845004405	0	NA	NA	NA	1
ENSG00000236364	1	one_to_one	ENSCAFG00845024306	0	NA	NA	NA	0
ENSG00000283518	1	many_to_one	ENSCAFG00845001618	0	NA	NA	NA	0
ENSG00000274895	1	many_to_one	ENSCAFG00845001618	1	many_to_one	lncgDivg	ENSCAFG00845001588	1
ENSG00000272167	1	many_to_one	ENSCAFG00845001618	1	many_to_one	lncgDivg	ENSCAFG00845001588	0
ENSG00000228437	1	one_to_one	ENSCAFG00845030265	0	NA	NA	NA	0
ENSG00000231814	1	many_to_one	ENSCAFG00845028096	1	one_to_one	lincSS.dw	ENSCAFG00845028096	0
ENSG00000230714	1	many_to_one	ENSCAFG00845028096	0	NA	NA	NA	0
ENSG00000232100	1	many_to_one	ENSCAFG00845028096	0	NA	NA	NA	0
ENSG00000234070	1	many_to_one	ENSCAFG00845028108	0	NA	NA	NA	1
ENSG00000286775	1	many_to_one	ENSCAFG00845028108	0	NA	NA	NA	0
ENSG00000225300	1	many_to_one	ENSCAFG00845006085	1	one_to_one	lncgSS.dw	ENSCAFG00845006085	0
ENSG00000260698	1	many_to_one	ENSCAFG00845006085	0	NA	NA	NA	1
ENSG00000235021	1	many_to_one	ENSCAFG00845006085	0	NA	NA	NA	1
ENSG00000225233	1	many_to_many_DifferentNumber	ENSCAFG00845001501;ENSCAFG00845001532;ENSCAFG00845001535;ENSCAFG00845001540;ENSCAFG00845001544;ENSCAFG00845001552;ENSCAFG00845001556;ENSCAFG00845001563;ENSCAFG00845001598	0	NA	NA	NA	1
ENSG00000228255	1	many_to_many_DifferentNumber	ENSCAFG00845001501;ENSCAFG00845001532;ENSCAFG00845001535;ENSCAFG00845001540;ENSCAFG00845001544;ENSCAFG00845001552;ENSCAFG00845001556;ENSCAFG00845001563;ENSCAFG00845001598	0	NA	NA	NA	1
ENSG00000281664	1	many_to_many_DifferentNumber	ENSCAFG00845001521;ENSCAFG00845001573;ENSCAFG00845001588	1	one_to_one	lincDivg	ENSCAFG00845001573	1
ENSG00000230461	1	many_to_many_DifferentNumber	ENSCAFG00845001521;ENSCAFG00845001573;ENSCAFG00845001588	1	many_to_one	lncgDivg	ENSCAFG00845001588	1
ENSG00000281453	1	many_to_many_DifferentNumber	ENSCAFG00845028234;ENSCAFG00845028245;ENSCAFG00845028269	1	one_to_one	lncgSS.dw	ENSCAFG00845028234	1
ENSG00000228208	1	many_to_many_DifferentNumber	ENSCAFG00845028234;ENSCAFG00845028245;ENSCAFG00845028269	1	one_to_many	lincSS.dw	ENSCAFG00845028269;ENSCAFG00845028245	1
ENSG00000225561	1	many_to_one	ENSCAFG00845028299	0	NA	NA	NA	1
ENSG00000228063	1	many_to_one	ENSCAFG00845028299	1	one_to_one	lncgDivg	ENSCAFG00845028299	1
ENSG00000273093	1	many_to_many_sameNumber	ENSCAFG00845022586;ENSCAFG00845022598	0	NA	NA	NA	1
ENSG00000203721	1	many_to_many_sameNumber	ENSCAFG00845022586;ENSCAFG00845022598	0	NA	NA	NA	1
ENSG00000287445	1	one_to_one	ENSCAFG00845003714	0	NA	NA	NA	0
ENSG00000236069	1	one_to_one	ENSCAFG00845025726	0	NA	NA	NA	0
ENSG00000228988	1	one_to_one	ENSCAFG00845013001	0	NA	NA	NA	1
ENSG00000286496	1	many_to_one	ENSCAFG00845004340	1	one_to_one	lncgDivg	ENSCAFG00845004340	1
ENSG00000287516	1	many_to_one	ENSCAFG00845004340	0	NA	NA	NA	1
ENSG00000287738	1	one_to_one	ENSCAFG00845004344	0	NA	NA	NA	1
ENSG00000203620	1	many_to_many_sameNumber	ENSCAFG00845005106;ENSCAFG00845005113	0	NA	NA	NA	0
ENSG00000269967	1	many_to_many_sameNumber	ENSCAFG00845005106;ENSCAFG00845005113	0	NA	NA	NA	1
ENSG00000237390	1	one_to_one	ENSCAFG00845009073	0	NA	NA	NA	0
ENSG00000125462	1	one_to_many	ENSCAFG00845009079;ENSCAFG00845009096	0	NA	NA	NA	0
ENSG00000287103	1	one_to_one	ENSCAFG00845027875	0	NA	NA	NA	1
ENSG00000271387	1	many_to_many_DifferentNumber	ENSCAFG00845004818;ENSCAFG00845004823;ENSCAFG00845004825;ENSCAFG00845004829	0	NA	NA	NA	1
ENSG00000286655	1	many_to_many_DifferentNumber	ENSCAFG00845004818;ENSCAFG00845004823;ENSCAFG00845004825;ENSCAFG00845004829	0	NA	NA	NA	1
ENSG00000225750	1	one_to_many	ENSCAFG00845008348;ENSCAFG00845008356;ENSCAFG00845008373	1	one_to_many	lncgSS.dw	ENSCAFG00845008356;ENSCAFG00845008348	0
ENSG00000232811	1	one_to_one	ENSCAFG00845001767	1	one_to_one	lncgConv	ENSCAFG00845001767	1
ENSG00000261654	1	one_to_one	ENSCAFG00845001760	1	one_to_one	lncgSS.dw	ENSCAFG00845001760	0
ENSG00000273010	1	one_to_one	ENSCAFG00845001745	1	one_to_one	lncgDivg	ENSCAFG00845001745	1
ENSG00000236065	1	one_to_one	ENSCAFG00845005161	0	NA	NA	NA	1
ENSG00000225113	1	one_to_one	ENSCAFG00845002708	1	one_to_one	lncgSS.dw	ENSCAFG00845002708	0
ENSG00000286391	1	one_to_one	ENSCAFG00845014301	0	NA	NA	NA	0
ENSG00000236434	1	one_to_one	ENSCAFG00845024183	0	NA	NA	NA	1
ENSG00000203325	1	one_to_one	ENSCAFG00845005071	0	NA	NA	NA	1
ENSG00000242125	1	one_to_one	ENSCAFG00845010045	1	one_to_one	lncgSS.dw	ENSCAFG00845010045	1
ENSG00000243155	1	many_to_one	ENSCAFG00845002582	1	one_to_one	lncgSS.dw	ENSCAFG00845002582	1
ENSG00000232586	1	many_to_one	ENSCAFG00845002582	0	NA	NA	NA	1
ENSG00000213062	1	one_to_one	ENSCAFG00845002402	0	NA	NA	NA	1
ENSG00000235795	1	many_to_one	ENSCAFG00845012082	0	NA	NA	NA	1
ENSG00000289355	1	many_to_one	ENSCAFG00845012082	0	NA	NA	NA	1
ENSG00000233184	1	many_to_one	ENSCAFG00845012082	0	NA	NA	NA	1
ENSG00000227963	1	one_to_many	ENSCAFG00845002100;ENSCAFG00845002108;ENSCAFG00845002112;ENSCAFG00845002118	0	NA	NA	NA	0
ENSG00000289914	1	many_to_many_sameNumber	ENSCAFG00845028737;ENSCAFG00845028763	0	NA	NA	NA	1
ENSG00000228526	1	many_to_many_sameNumber	ENSCAFG00845028737;ENSCAFG00845028763	1	one_to_one	lincDivg	ENSCAFG00845028763	1
ENSG00000289380	1	one_to_one	ENSCAFG00845000956	1	one_to_one	lncgSS.dw	ENSCAFG00845000956	1
ENSG00000261504	1	one_to_one	ENSCAFG00845004244	1	one_to_one	lincDivg	ENSCAFG00845004244	0
ENSG00000235527	1	one_to_one	ENSCAFG00845023322	1	one_to_one	lncgDivg	ENSCAFG00845023322	1
ENSG00000287343	1	many_to_many_sameNumber	ENSCAFG00845003043;ENSCAFG00845003055	0	NA	NA	NA	0
ENSG00000203706	1	many_to_many_sameNumber	ENSCAFG00845003043;ENSCAFG00845003055	0	NA	NA	NA	1
ENSG00000289071	1	one_to_one	ENSCAFG00845002478	0	NA	NA	NA	1
ENSG00000290102	1	one_to_many	ENSCAFG00845024382;ENSCAFG00845024399;ENSCAFG00845024421;ENSCAFG00845024430;ENSCAFG00845024483	0	NA	NA	NA	0
ENSG00000243062	1	one_to_one	ENSCAFG00845005482	0	NA	NA	NA	1
ENSG00000223814	1	many_to_one	ENSCAFG00845026970	1	one_to_one	lncgSS.up	ENSCAFG00845026970	1
ENSG00000231413	1	many_to_one	ENSCAFG00845026970	0	NA	NA	NA	0
ENSG00000290466	1	many_to_one	ENSCAFG00845026970	0	NA	NA	NA	0
ENSG00000291246	1	many_to_one	ENSCAFG00845026970	0	NA	NA	NA	0
ENSG00000284452	1	many_to_one	ENSCAFG00845017035	0	NA	NA	NA	0
ENSG00000225942	1	many_to_one	ENSCAFG00845017035	0	NA	NA	NA	0
ENSG00000233633	1	many_to_one	ENSCAFG00845017035	1	one_to_one	lincConv	ENSCAFG00845017035	0
ENSG00000233684	1	many_to_one	ENSCAFG00845017035	0	NA	NA	NA	0
ENSG00000228643	1	many_to_one	ENSCAFG00845017035	0	NA	NA	NA	0
ENSG00000277997	1	many_to_one	ENSCAFG00845017035	0	NA	NA	NA	0
ENSG00000236856	1	many_to_one	ENSCAFG00845017035	0	NA	NA	NA	0
ENSG00000226277	1	many_to_one	ENSCAFG00845017035	0	NA	NA	NA	0
ENSG00000223985	1	many_to_one	ENSCAFG00845017049	0	NA	NA	NA	0
ENSG00000235779	1	many_to_one	ENSCAFG00845017049	0	NA	NA	NA	0
ENSG00000233296	1	many_to_one	ENSCAFG00845017200	1	one_to_one	lncgDivg	ENSCAFG00845017200	0
ENSG00000231173	1	many_to_one	ENSCAFG00845017200	0	NA	NA	NA	0
ENSG00000223751	1	many_to_one	ENSCAFG00845017200	0	NA	NA	NA	0
ENSG00000227713	1	many_to_one	ENSCAFG00845017186	0	NA	NA	NA	0
ENSG00000228799	1	many_to_one	ENSCAFG00845017186	0	NA	NA	NA	0
ENSG00000234796	1	many_to_one	ENSCAFG00845017186	0	NA	NA	NA	0
ENSG00000272342	1	many_to_one	ENSCAFG00845017186	0	NA	NA	NA	0
ENSG00000233970	1	many_to_one	ENSCAFG00845017186	0	NA	NA	NA	0
ENSG00000237667	1	many_to_one	ENSCAFG00845017186	0	NA	NA	NA	0
ENSG00000235688	1	many_to_one	ENSCAFG00845017186	0	NA	NA	NA	0
ENSG00000227364	1	many_to_one	ENSCAFG00845021148	0	NA	NA	NA	0
ENSG00000228391	1	many_to_one	ENSCAFG00845021148	0	NA	NA	NA	0
ENSG00000234423	1	many_to_one	ENSCAFG00845021148	0	NA	NA	NA	0
ENSG00000287583	1	many_to_one	ENSCAFG00845021148	0	NA	NA	NA	0
ENSG00000237720	1	many_to_one	ENSCAFG00845021148	0	NA	NA	NA	0
ENSG00000236760	1	many_to_one	ENSCAFG00845021148	0	NA	NA	NA	0
ENSG00000288786	1	many_to_one	ENSCAFG00845021148	0	NA	NA	NA	0
ENSG00000234929	1	many_to_one	ENSCAFG00845021148	0	NA	NA	NA	0
ENSG00000289941	1	many_to_one	ENSCAFG00845021148	0	NA	NA	NA	0
ENSG00000290112	1	many_to_one	ENSCAFG00845021148	0	NA	NA	NA	0
ENSG00000289300	1	one_to_one	ENSCAFG00845022139	0	NA	NA	NA	0
ENSG00000237401	1	many_to_one	ENSCAFG00845022159	0	NA	NA	NA	0
ENSG00000224128	1	many_to_one	ENSCAFG00845022159	1	many_to_one	lncgDivg	ENSCAFG00845022159	0
ENSG00000231532	1	many_to_one	ENSCAFG00845022159	0	NA	NA	NA	0
ENSG00000232835	1	many_to_one	ENSCAFG00845022159	0	NA	NA	NA	0
ENSG00000230090	1	many_to_one	ENSCAFG00845022159	1	many_to_one	lncgDivg	ENSCAFG00845022159	0
ENSG00000229550	1	many_to_one	ENSCAFG00845022159	0	NA	NA	NA	0
ENSG00000286851	1	many_to_many_DifferentNumber	ENSCAFG00845022230;ENSCAFG00845022249	0	NA	NA	NA	0
ENSG00000242540	1	many_to_many_DifferentNumber	ENSCAFG00845022230;ENSCAFG00845022249	1	one_to_one	lncgSS.dw	ENSCAFG00845022230	0
ENSG00000226488	1	many_to_many_DifferentNumber	ENSCAFG00845022230;ENSCAFG00845022249	0	NA	NA	NA	0
ENSG00000236106	1	many_to_many_DifferentNumber	ENSCAFG00845022230;ENSCAFG00845022249	1	one_to_one	lincSS.dw	ENSCAFG00845022249	0
ENSG00000232044	1	many_to_many_DifferentNumber	ENSCAFG00845022230;ENSCAFG00845022249	0	NA	NA	NA	0
ENSG00000236172	1	many_to_many_DifferentNumber	ENSCAFG00845022239;ENSCAFG00845022263	0	NA	NA	NA	0
ENSG00000227007	1	many_to_many_DifferentNumber	ENSCAFG00845022239;ENSCAFG00845022263	0	NA	NA	NA	0
ENSG00000237266	1	many_to_many_DifferentNumber	ENSCAFG00845022239;ENSCAFG00845022263	0	NA	NA	NA	0
ENSG00000234275	1	many_to_many_DifferentNumber	ENSCAFG00845022239;ENSCAFG00845022263	0	NA	NA	NA	0
ENSG00000205837	1	many_to_many_DifferentNumber	ENSCAFG00845022239;ENSCAFG00845022263	0	NA	NA	NA	0
ENSG00000225964	1	many_to_many_DifferentNumber	ENSCAFG00845022239;ENSCAFG00845022263	0	NA	NA	NA	0
ENSG00000228950	1	one_to_one	ENSCAFG00845019808	1	one_to_one	lncgSS.dw	ENSCAFG00845019808	1
ENSG00000231204	1	many_to_many_DifferentNumber	ENSCAFG00845020586;ENSCAFG00845020735;ENSCAFG00845020771;ENSCAFG00845020780;ENSCAFG00845020793;ENSCAFG00845020799	0	NA	NA	NA	1
ENSG00000233005	1	many_to_many_DifferentNumber	ENSCAFG00845020586;ENSCAFG00845020735;ENSCAFG00845020771;ENSCAFG00845020780;ENSCAFG00845020793;ENSCAFG00845020799	0	NA	NA	NA	1
ENSG00000233714	1	many_to_many_DifferentNumber	ENSCAFG00845020586;ENSCAFG00845020735;ENSCAFG00845020771;ENSCAFG00845020780;ENSCAFG00845020793;ENSCAFG00845020799	0	NA	NA	NA	1
ENSG00000233587	1	many_to_many_DifferentNumber	ENSCAFG00845020586;ENSCAFG00845020735;ENSCAFG00845020771;ENSCAFG00845020780;ENSCAFG00845020793;ENSCAFG00845020799	0	NA	NA	NA	1
ENSG00000234207	1	many_to_many_DifferentNumber	ENSCAFG00845020586;ENSCAFG00845020735;ENSCAFG00845020771;ENSCAFG00845020780;ENSCAFG00845020793;ENSCAFG00845020799	0	NA	NA	NA	1
ENSG00000232451	1	many_to_many_DifferentNumber	ENSCAFG00845020508;ENSCAFG00845020650	0	NA	NA	NA	1
ENSG00000223530	1	many_to_many_DifferentNumber	ENSCAFG00845020508;ENSCAFG00845020650	0	NA	NA	NA	1
ENSG00000223634	1	many_to_many_DifferentNumber	ENSCAFG00845020508;ENSCAFG00845020650	0	NA	NA	NA	1
ENSG00000235537	1	many_to_many_DifferentNumber	ENSCAFG00845020508;ENSCAFG00845020650	0	NA	NA	NA	1
ENSG00000229621	1	many_to_many_DifferentNumber	ENSCAFG00845020508;ENSCAFG00845020650	0	NA	NA	NA	1
ENSG00000235497	1	many_to_many_DifferentNumber	ENSCAFG00845020508;ENSCAFG00845020650	0	NA	NA	NA	1
ENSG00000228999	1	many_to_many_DifferentNumber	ENSCAFG00845020508;ENSCAFG00845020650	0	NA	NA	NA	1
ENSG00000228538	1	many_to_many_DifferentNumber	ENSCAFG00845020508;ENSCAFG00845020650	0	NA	NA	NA	1
ENSG00000236204	1	one_to_many	ENSCAFG00845017521;ENSCAFG00845017529	0	NA	NA	NA	0
ENSG00000231336	1	many_to_one	ENSCAFG00845027668	0	NA	NA	NA	0
ENSG00000228481	1	many_to_one	ENSCAFG00845027668	0	NA	NA	NA	1
ENSG00000232696	1	many_to_one	ENSCAFG00845027668	0	NA	NA	NA	0
ENSG00000282828	1	one_to_one	ENSCAFG00845006617	0	NA	NA	NA	0
ENSG00000273006	1	many_to_many_sameNumber	ENSCAFG00845020477;ENSCAFG00845020563	1	one_to_one	lincDivg	ENSCAFG00845020563	1
ENSG00000232973	1	many_to_many_sameNumber	ENSCAFG00845020477;ENSCAFG00845020563	1	one_to_one	lncgDivg	ENSCAFG00845020477	1
ENSG00000229160	1	many_to_one	ENSCAFG00845020505	0	NA	NA	NA	1
ENSG00000227292	1	many_to_one	ENSCAFG00845020505	1	one_to_one	lincSS.dw	ENSCAFG00845020505	1
ENSG00000286519	1	many_to_many_DifferentNumber	ENSCAFG00845027151;ENSCAFG00845027172	0	NA	NA	NA	1
ENSG00000231054	1	many_to_many_DifferentNumber	ENSCAFG00845027151;ENSCAFG00845027172	0	NA	NA	NA	1
ENSG00000286728	1	many_to_many_DifferentNumber	ENSCAFG00845027151;ENSCAFG00845027172	0	NA	NA	NA	1
ENSG00000231156	1	many_to_many_sameNumber	ENSCAFG00845027119;ENSCAFG00845027133	0	NA	NA	NA	1
ENSG00000205054	1	many_to_many_sameNumber	ENSCAFG00845027119;ENSCAFG00845027133	1	one_to_many	lincSS.dw	ENSCAFG00845027133;ENSCAFG00845027119	1
ENSG00000273275	1	many_to_one	ENSCAFG00845023158	0	NA	NA	NA	1
ENSG00000273064	1	many_to_one	ENSCAFG00845023158	0	NA	NA	NA	1
ENSG00000289156	1	many_to_one	ENSCAFG00845023158	0	NA	NA	NA	1
ENSG00000287026	1	many_to_one	ENSCAFG00845016214	0	NA	NA	NA	0
ENSG00000287749	1	many_to_one	ENSCAFG00845016214	0	NA	NA	NA	0
ENSG00000286202	1	many_to_one	ENSCAFG00845016214	0	NA	NA	NA	0
ENSG00000237293	1	many_to_one	ENSCAFG00845016569	0	NA	NA	NA	1
ENSG00000231172	1	many_to_one	ENSCAFG00845016569	0	NA	NA	NA	1
ENSG00000278060	1	one_to_many	ENSCAFG00845018794;ENSCAFG00845018806	0	NA	NA	NA	0
ENSG00000287147	1	many_to_one	ENSCAFG00845010577	0	NA	NA	NA	0
ENSG00000286778	1	many_to_one	ENSCAFG00845010577	0	NA	NA	NA	0
ENSG00000226939	1	many_to_one	ENSCAFG00845010577	0	NA	NA	NA	0
ENSG00000229131	1	many_to_one	ENSCAFG00845010577	0	NA	NA	NA	0
ENSG00000235522	1	many_to_one	ENSCAFG00845009544	0	NA	NA	NA	0
ENSG00000234162	1	many_to_one	ENSCAFG00845009544	0	NA	NA	NA	1
ENSG00000290119	1	many_to_one	ENSCAFG00845009544	0	NA	NA	NA	0
ENSG00000273118	1	many_to_one	ENSCAFG00845019690	0	NA	NA	NA	0
ENSG00000286965	1	many_to_one	ENSCAFG00845019690	1	one_to_one	lincSS.dw	ENSCAFG00845019690	0
ENSG00000236193	1	many_to_one	ENSCAFG00845020033	0	NA	NA	NA	0
ENSG00000272519	1	many_to_one	ENSCAFG00845020033	0	NA	NA	NA	0
ENSG00000196096	1	many_to_one	ENSCAFG00845020033	1	one_to_one	lncgDivg	ENSCAFG00845020033	0
ENSG00000236651	1	many_to_many_DifferentNumber	ENSCAFG00845028545;ENSCAFG00845028553	0	NA	NA	NA	0
ENSG00000232555	1	many_to_many_DifferentNumber	ENSCAFG00845028545;ENSCAFG00845028553	0	NA	NA	NA	0
ENSG00000288048	1	many_to_many_DifferentNumber	ENSCAFG00845028545;ENSCAFG00845028553	0	NA	NA	NA	0
ENSG00000230569	1	many_to_many_sameNumber	ENSCAFG00845010450;ENSCAFG00845010463	0	NA	NA	NA	0
ENSG00000224231	1	many_to_many_sameNumber	ENSCAFG00845010450;ENSCAFG00845010463	1	one_to_many	lincSS.dw	ENSCAFG00845010450;ENSCAFG00845010463	0
ENSG00000228043	1	one_to_one	ENSCAFG00845010470	0	NA	NA	NA	0
ENSG00000272211	1	one_to_many	ENSCAFG00845022375;ENSCAFG00845022406	1	one_to_one	lncgDivg	ENSCAFG00845022375	0
ENSG00000288040	1	many_to_one	ENSCAFG00845026028	0	NA	NA	NA	1
ENSG00000231682	1	many_to_one	ENSCAFG00845026028	0	NA	NA	NA	1
ENSG00000281131	1	one_to_many	ENSCAFG00845026897;ENSCAFG00845026952	0	NA	NA	NA	0
ENSG00000286797	1	one_to_many	ENSCAFG00845016948;ENSCAFG00845016954;ENSCAFG00845016964	0	NA	NA	NA	0
ENSG00000231646	1	many_to_one	ENSCAFG00845017029	0	NA	NA	NA	0
ENSG00000226747	1	many_to_one	ENSCAFG00845017029	0	NA	NA	NA	0
ENSG00000289265	1	one_to_many	ENSCAFG00845015077;ENSCAFG00845015087;ENSCAFG00845015113	0	NA	NA	NA	0
ENSG00000235070	1	one_to_many	ENSCAFG00845015097;ENSCAFG00845015105;ENSCAFG00845015121;ENSCAFG00845015128	0	NA	NA	NA	1
ENSG00000225610	1	one_to_many	ENSCAFG00845020295;ENSCAFG00845020305;ENSCAFG00845020327;ENSCAFG00845020343	0	NA	NA	NA	0
ENSG00000225216	1	one_to_one	ENSCAFG00845020314	0	NA	NA	NA	0
ENSG00000234663	1	many_to_one	ENSCAFG00845027092	1	one_to_one	lincSS.dw	ENSCAFG00845027092	0
ENSG00000289389	1	many_to_one	ENSCAFG00845027092	0	NA	NA	NA	0
ENSG00000236153	1	many_to_many_DifferentNumber	ENSCAFG00845027032;ENSCAFG00845027042;ENSCAFG00845027055;ENSCAFG00845027064	0	NA	NA	NA	0
ENSG00000238171	1	many_to_many_DifferentNumber	ENSCAFG00845027032;ENSCAFG00845027042;ENSCAFG00845027055;ENSCAFG00845027064	1	one_to_one	lncgConv	ENSCAFG00845027032	0
ENSG00000226681	1	many_to_many_DifferentNumber	ENSCAFG00845027032;ENSCAFG00845027042;ENSCAFG00845027055;ENSCAFG00845027064	0	NA	NA	NA	0
ENSG00000231653	1	one_to_one	ENSCAFG00845021407	0	NA	NA	NA	0
ENSG00000228577	1	one_to_one	ENSCAFG00845021414	0	NA	NA	NA	1
ENSG00000234279	1	many_to_many_DifferentNumber	ENSCAFG00845030232;ENSCAFG00845030241;ENSCAFG00845030248;ENSCAFG00845030256	0	NA	NA	NA	0
ENSG00000286748	1	many_to_many_DifferentNumber	ENSCAFG00845030232;ENSCAFG00845030241;ENSCAFG00845030248;ENSCAFG00845030256	0	NA	NA	NA	0
ENSG00000226992	1	many_to_many_DifferentNumber	ENSCAFG00845030229;ENSCAFG00845030252	0	NA	NA	NA	0
ENSG00000286160	1	many_to_many_DifferentNumber	ENSCAFG00845030229;ENSCAFG00845030252	0	NA	NA	NA	0
ENSG00000225493	1	many_to_many_DifferentNumber	ENSCAFG00845030229;ENSCAFG00845030252	1	one_to_one	lincConv	ENSCAFG00845030252	0
ENSG00000229915	1	many_to_many_DifferentNumber	ENSCAFG00845030229;ENSCAFG00845030252	0	NA	NA	NA	1
ENSG00000229743	1	many_to_many_sameNumber	ENSCAFG00845009917;ENSCAFG00845009940	0	NA	NA	NA	0
ENSG00000224509	1	many_to_many_sameNumber	ENSCAFG00845009917;ENSCAFG00845009940	1	one_to_one	lncgDivg	ENSCAFG00845009917	0
ENSG00000204380	1	one_to_one	ENSCAFG00845027444	0	NA	NA	NA	1
ENSG00000285155	1	many_to_one	ENSCAFG00845029460	0	NA	NA	NA	1
ENSG00000285373	1	many_to_one	ENSCAFG00845029460	1	one_to_one	lncgSS.dw	ENSCAFG00845029460	0
ENSG00000239498	1	many_to_one	ENSCAFG00845030631	0	NA	NA	NA	0
ENSG00000235337	1	many_to_one	ENSCAFG00845030631	0	NA	NA	NA	0
ENSG00000236451	1	many_to_one	ENSCAFG00845030631	0	NA	NA	NA	0
ENSG00000224819	1	many_to_one	ENSCAFG00845030631	0	NA	NA	NA	0
ENSG00000267919	1	many_to_one	ENSCAFG00845030631	0	NA	NA	NA	0
ENSG00000227308	1	many_to_one	ENSCAFG00845030631	0	NA	NA	NA	0
ENSG00000288902	1	many_to_one	ENSCAFG00845030631	0	NA	NA	NA	0
ENSG00000223725	1	many_to_many_DifferentNumber	ENSCAFG00845021946;ENSCAFG00845021969	0	NA	NA	NA	1
ENSG00000237892	1	many_to_many_DifferentNumber	ENSCAFG00845021946;ENSCAFG00845021969	0	NA	NA	NA	1
ENSG00000234902	1	many_to_many_DifferentNumber	ENSCAFG00845021946;ENSCAFG00845021969	0	NA	NA	NA	1
ENSG00000240440	1	many_to_many_DifferentNumber	ENSCAFG00845021946;ENSCAFG00845021969	0	NA	NA	NA	1
ENSG00000224177	1	many_to_many_DifferentNumber	ENSCAFG00845028003;ENSCAFG00845028027;ENSCAFG00845028042	1	one_to_one	lincDivg	ENSCAFG00845028003	1
ENSG00000285569	1	many_to_many_DifferentNumber	ENSCAFG00845028003;ENSCAFG00845028027;ENSCAFG00845028042	1	one_to_many	lincConv	ENSCAFG00845028042;ENSCAFG00845028027	1
ENSG00000230952	1	many_to_one	ENSCAFG00845028034	0	NA	NA	NA	1
ENSG00000231403	1	many_to_one	ENSCAFG00845028034	0	NA	NA	NA	1
ENSG00000272183	1	many_to_one	ENSCAFG00845018844	1	one_to_one	lncgDivg	ENSCAFG00845018844	1
ENSG00000257702	1	many_to_one	ENSCAFG00845018844	0	NA	NA	NA	1
ENSG00000225057	1	one_to_one	ENSCAFG00845029882	0	NA	NA	NA	1
ENSG00000279484	1	one_to_many	ENSCAFG00845029719;ENSCAFG00845029729	1	one_to_one	lncgConv	ENSCAFG00845029719	1
ENSG00000225889	1	many_to_many_DifferentNumber	ENSCAFG00845020402;ENSCAFG00845020412;ENSCAFG00845020436	0	NA	NA	NA	1
ENSG00000288932	1	many_to_many_DifferentNumber	ENSCAFG00845020402;ENSCAFG00845020412;ENSCAFG00845020436	0	NA	NA	NA	1
ENSG00000230923	1	many_to_one	ENSCAFG00845020422	1	one_to_one	lincSS.up	ENSCAFG00845020422	1
ENSG00000238012	1	many_to_one	ENSCAFG00845020422	0	NA	NA	NA	1
ENSG00000238201	1	many_to_one	ENSCAFG00845020422	0	NA	NA	NA	1
ENSG00000289176	1	many_to_one	ENSCAFG00845020422	0	NA	NA	NA	1
ENSG00000223935	1	many_to_one	ENSCAFG00845020422	0	NA	NA	NA	1
ENSG00000290118	1	many_to_one	ENSCAFG00845020422	0	NA	NA	NA	1
ENSG00000223874	1	one_to_one	ENSCAFG00845025062	0	NA	NA	NA	0
ENSG00000261829	1	one_to_many	ENSCAFG00845022124;ENSCAFG00845022133	1	one_to_one	lncgSS.dw	ENSCAFG00845022124	1
ENSG00000225963	1	one_to_one	ENSCAFG00845020131	0	NA	NA	NA	0
ENSG00000283118	1	many_to_one	ENSCAFG00845006200	0	NA	NA	NA	0
ENSG00000238057	1	many_to_one	ENSCAFG00845006200	0	NA	NA	NA	0
ENSG00000226674	1	many_to_one	ENSCAFG00845006200	0	NA	NA	NA	0
ENSG00000286225	1	many_to_one	ENSCAFG00845006200	0	NA	NA	NA	0
ENSG00000233842	1	many_to_one	ENSCAFG00845006200	0	NA	NA	NA	0
ENSG00000231040	1	many_to_one	ENSCAFG00845006200	0	NA	NA	NA	0
ENSG00000287847	1	many_to_one	ENSCAFG00845006200	0	NA	NA	NA	0
ENSG00000232606	1	many_to_one	ENSCAFG00845006200	0	NA	NA	NA	0
ENSG00000286207	1	many_to_one	ENSCAFG00845010782	0	NA	NA	NA	1
ENSG00000287085	1	many_to_one	ENSCAFG00845010782	0	NA	NA	NA	0
ENSG00000224606	1	one_to_one	ENSCAFG00845027921	0	NA	NA	NA	1
ENSG00000235881	1	one_to_one	ENSCAFG00845008835	0	NA	NA	NA	0
ENSG00000273209	1	one_to_one	ENSCAFG00845030752	0	NA	NA	NA	1
ENSG00000230393	1	many_to_one	ENSCAFG00845016619	0	NA	NA	NA	1
ENSG00000232084	1	many_to_one	ENSCAFG00845016619	0	NA	NA	NA	1
ENSG00000286244	1	one_to_one	ENSCAFG00845016608	0	NA	NA	NA	1
ENSG00000234584	1	one_to_one	ENSCAFG00845026274	1	one_to_one	lncgSS.dw	ENSCAFG00845026274	1
ENSG00000243389	1	many_to_one	ENSCAFG00845011016	0	NA	NA	NA	1
ENSG00000228251	1	many_to_one	ENSCAFG00845011016	0	NA	NA	NA	1
ENSG00000234949	1	many_to_one	ENSCAFG00845028849	1	one_to_one	lncgDivg	ENSCAFG00845028849	0
ENSG00000227107	1	many_to_one	ENSCAFG00845028849	0	NA	NA	NA	0
ENSG00000261338	1	one_to_one	ENSCAFG00845026647	1	one_to_one	lncgSS.dw	ENSCAFG00845026647	0
ENSG00000286011	1	one_to_one	ENSCAFG00845014367	0	NA	NA	NA	1
ENSG00000231908	1	one_to_one	ENSCAFG00845023528	0	NA	NA	NA	1
ENSG00000289082	1	many_to_many_DifferentNumber	ENSCAFG00845025071;ENSCAFG00845025110	1	many_to_one	lncgDivg	ENSCAFG00845025071	0
ENSG00000288886	1	many_to_many_DifferentNumber	ENSCAFG00845025071;ENSCAFG00845025110	1	many_to_one	lncgDivg	ENSCAFG00845025071	0
ENSG00000286796	1	many_to_many_DifferentNumber	ENSCAFG00845025071;ENSCAFG00845025110	0	NA	NA	NA	0
ENSG00000287387	1	many_to_many_DifferentNumber	ENSCAFG00845025071;ENSCAFG00845025110	1	one_to_one	lncgConv	ENSCAFG00845025110	0
ENSG00000231826	1	many_to_one	ENSCAFG00845025101	0	NA	NA	NA	0
ENSG00000233978	1	many_to_one	ENSCAFG00845025101	0	NA	NA	NA	0
ENSG00000230587	1	many_to_one	ENSCAFG00845025101	0	NA	NA	NA	0
ENSG00000231597	1	one_to_one	ENSCAFG00845025028	0	NA	NA	NA	0
ENSG00000283994	1	many_to_one	ENSCAFG00845013756	0	NA	NA	NA	1
ENSG00000236356	1	many_to_one	ENSCAFG00845013756	1	one_to_one	lincSS.dw	ENSCAFG00845013756	1
ENSG00000232377	1	many_to_one	ENSCAFG00845013756	0	NA	NA	NA	1
ENSG00000228925	1	many_to_one	ENSCAFG00845028153	0	NA	NA	NA	1
ENSG00000239332	1	many_to_one	ENSCAFG00845028153	1	one_to_one	lincSS.dw	ENSCAFG00845028153	1
ENSG00000226548	1	one_to_one	ENSCAFG00845028119	0	NA	NA	NA	1
ENSG00000272979	1	many_to_one	ENSCAFG00845025242	0	NA	NA	NA	1
ENSG00000290089	1	many_to_one	ENSCAFG00845025242	0	NA	NA	NA	1
ENSG00000237298	1	one_to_one	ENSCAFG00845022594	1	one_to_one	lncgConv	ENSCAFG00845022594	0
ENSG00000226087	1	one_to_one	ENSCAFG00845005271	0	NA	NA	NA	0
ENSG00000234690	1	one_to_one	ENSCAFG00845005280	0	NA	NA	NA	0
ENSG00000222000	1	one_to_one	ENSCAFG00845020262	1	one_to_one	lincDivg	ENSCAFG00845020262	1
ENSG00000289294	1	one_to_many	ENSCAFG00845016344;ENSCAFG00845016355	1	one_to_one	lncgDivg	ENSCAFG00845016355	1
ENSG00000226320	1	many_to_one	ENSCAFG00845024991	0	NA	NA	NA	0
ENSG00000287641	1	many_to_one	ENSCAFG00845024991	0	NA	NA	NA	0
ENSG00000287981	1	many_to_one	ENSCAFG00845024991	0	NA	NA	NA	0
ENSG00000236452	1	many_to_one	ENSCAFG00845024991	0	NA	NA	NA	0
ENSG00000227498	1	many_to_one	ENSCAFG00845024957	0	NA	NA	NA	0
ENSG00000289420	1	many_to_one	ENSCAFG00845024957	0	NA	NA	NA	0
ENSG00000230830	1	one_to_one	ENSCAFG00845025651	0	NA	NA	NA	0
ENSG00000225044	1	many_to_many_DifferentNumber	ENSCAFG00845012865;ENSCAFG00845012884;ENSCAFG00845012891;ENSCAFG00845012902;ENSCAFG00845012918;ENSCAFG00845012934;ENSCAFG00845012947;ENSCAFG00845012953	0	NA	NA	NA	0
ENSG00000288831	1	many_to_many_DifferentNumber	ENSCAFG00845012865;ENSCAFG00845012884;ENSCAFG00845012891;ENSCAFG00845012902;ENSCAFG00845012918;ENSCAFG00845012934;ENSCAFG00845012947;ENSCAFG00845012953	0	NA	NA	NA	0
ENSG00000225386	1	many_to_many_DifferentNumber	ENSCAFG00845026398;ENSCAFG00845026408;ENSCAFG00845026418;ENSCAFG00845026427;ENSCAFG00845026432;ENSCAFG00845026444;ENSCAFG00845026455;ENSCAFG00845026468	0	NA	NA	NA	0
ENSG00000230891	1	many_to_many_DifferentNumber	ENSCAFG00845026398;ENSCAFG00845026408;ENSCAFG00845026418;ENSCAFG00845026427;ENSCAFG00845026432;ENSCAFG00845026444;ENSCAFG00845026455;ENSCAFG00845026468	0	NA	NA	NA	0
ENSG00000225542	1	many_to_many_DifferentNumber	ENSCAFG00845020127;ENSCAFG00845020141;ENSCAFG00845020154;ENSCAFG00845020163;ENSCAFG00845020202	0	NA	NA	NA	0
ENSG00000223351	1	many_to_many_DifferentNumber	ENSCAFG00845020127;ENSCAFG00845020141;ENSCAFG00845020154;ENSCAFG00845020163;ENSCAFG00845020202	0	NA	NA	NA	0
ENSG00000233153	1	one_to_one	ENSCAFG00845020177	0	NA	NA	NA	0
ENSG00000231304	1	many_to_one	ENSCAFG00845020353	0	NA	NA	NA	0
ENSG00000261734	1	many_to_one	ENSCAFG00845020353	0	NA	NA	NA	0
ENSG00000282987	1	one_to_one	ENSCAFG00845020379	0	NA	NA	NA	0
ENSG00000243149	1	many_to_many_DifferentNumber	ENSCAFG00845012707;ENSCAFG00845012740	0	NA	NA	NA	1
ENSG00000241158	1	many_to_many_DifferentNumber	ENSCAFG00845012707;ENSCAFG00845012740	0	NA	NA	NA	1
ENSG00000241684	1	many_to_many_DifferentNumber	ENSCAFG00845012707;ENSCAFG00845012740	0	NA	NA	NA	1
ENSG00000244461	1	many_to_one	ENSCAFG00845020683	0	NA	NA	NA	0
ENSG00000287567	1	many_to_one	ENSCAFG00845020683	0	NA	NA	NA	1
ENSG00000241111	1	many_to_one	ENSCAFG00845013442	1	one_to_one	lncgConv	ENSCAFG00845013442	1
ENSG00000243410	1	many_to_one	ENSCAFG00845013442	0	NA	NA	NA	0
ENSG00000272181	1	many_to_one	ENSCAFG00845013442	0	NA	NA	NA	1
ENSG00000189196	1	one_to_one	ENSCAFG00845013456	0	NA	NA	NA	1
ENSG00000240175	1	one_to_one	ENSCAFG00845011901	0	NA	NA	NA	0
ENSG00000241884	1	one_to_many	ENSCAFG00845011390;ENSCAFG00845011440	0	NA	NA	NA	1
ENSG00000287131	1	many_to_one	ENSCAFG00845007440	0	NA	NA	NA	0
ENSG00000273461	1	many_to_one	ENSCAFG00845007440	0	NA	NA	NA	0
ENSG00000272774	1	many_to_one	ENSCAFG00845007440	0	NA	NA	NA	0
ENSG00000243083	1	many_to_one	ENSCAFG00845007440	0	NA	NA	NA	0
ENSG00000288074	1	many_to_one	ENSCAFG00845015227	0	NA	NA	NA	0
ENSG00000242880	1	many_to_one	ENSCAFG00845015227	1	many_to_one	lncgDivg	ENSCAFG00845015227	0
ENSG00000241560	1	many_to_one	ENSCAFG00845015227	1	many_to_one	lncgDivg	ENSCAFG00845015227	0
ENSG00000242290	1	many_to_one	ENSCAFG00845015227	1	many_to_one	lncgDivg	ENSCAFG00845015227	0
ENSG00000241295	1	many_to_one	ENSCAFG00845015227	1	many_to_one	lncgDivg	ENSCAFG00845015227	0
ENSG00000239946	1	many_to_one	ENSCAFG00845015227	1	many_to_one	lncgDivg	ENSCAFG00845015227	0
ENSG00000242767	1	many_to_one	ENSCAFG00845015227	1	many_to_one	lncgDivg	ENSCAFG00845015227	0
ENSG00000288896	1	many_to_one	ENSCAFG00845015227	1	many_to_one	lncgDivg	ENSCAFG00845015227	0
ENSG00000287795	1	many_to_many_sameNumber	ENSCAFG00845015243;ENSCAFG00845015254	0	NA	NA	NA	0
ENSG00000259976	1	many_to_many_sameNumber	ENSCAFG00845015243;ENSCAFG00845015254	1	one_to_one	lncgSS.up	ENSCAFG00845015243	1
ENSG00000243197	1	many_to_one	ENSCAFG00845015654	0	NA	NA	NA	0
ENSG00000242385	1	many_to_one	ENSCAFG00845015654	0	NA	NA	NA	0
ENSG00000286660	1	many_to_one	ENSCAFG00845015654	0	NA	NA	NA	0
ENSG00000240922	1	many_to_one	ENSCAFG00845015654	0	NA	NA	NA	0
ENSG00000241397	1	many_to_one	ENSCAFG00845015654	0	NA	NA	NA	0
ENSG00000242816	1	many_to_one	ENSCAFG00845015654	0	NA	NA	NA	0
ENSG00000243276	1	many_to_one	ENSCAFG00845015643	1	one_to_one	lincSS.dw	ENSCAFG00845015643	0
ENSG00000241213	1	many_to_one	ENSCAFG00845015643	0	NA	NA	NA	0
ENSG00000239268	1	many_to_one	ENSCAFG00845015643	0	NA	NA	NA	0
ENSG00000280382	1	one_to_one	ENSCAFG00845020478	0	NA	NA	NA	1
ENSG00000241316	1	one_to_one	ENSCAFG00845011101	0	NA	NA	NA	0
ENSG00000224074	1	one_to_one	ENSCAFG00845019655	0	NA	NA	NA	1
ENSG00000240012	1	many_to_one	ENSCAFG00845029305	0	NA	NA	NA	1
ENSG00000244493	1	many_to_one	ENSCAFG00845029305	0	NA	NA	NA	1
ENSG00000240888	1	one_to_one	ENSCAFG00845019899	0	NA	NA	NA	1
ENSG00000244124	1	one_to_one	ENSCAFG00845028358	0	NA	NA	NA	0
ENSG00000241131	1	many_to_many_DifferentNumber	ENSCAFG00845021941;ENSCAFG00845021992;ENSCAFG00845022037;ENSCAFG00845022183;ENSCAFG00845022204	0	NA	NA	NA	1
ENSG00000285660	1	many_to_many_DifferentNumber	ENSCAFG00845021941;ENSCAFG00845021992;ENSCAFG00845022037;ENSCAFG00845022183;ENSCAFG00845022204	0	NA	NA	NA	1
ENSG00000241792	1	many_to_many_DifferentNumber	ENSCAFG00845021941;ENSCAFG00845021992;ENSCAFG00845022037;ENSCAFG00845022183;ENSCAFG00845022204	0	NA	NA	NA	1
ENSG00000242440	1	many_to_many_DifferentNumber	ENSCAFG00845021941;ENSCAFG00845021992;ENSCAFG00845022037;ENSCAFG00845022183;ENSCAFG00845022204	0	NA	NA	NA	1
ENSG00000244650	1	many_to_many_DifferentNumber	ENSCAFG00845021941;ENSCAFG00845021992;ENSCAFG00845022037;ENSCAFG00845022183;ENSCAFG00845022204	0	NA	NA	NA	1
ENSG00000239922	1	many_to_many_DifferentNumber	ENSCAFG00845021941;ENSCAFG00845021992;ENSCAFG00845022037;ENSCAFG00845022183;ENSCAFG00845022204	0	NA	NA	NA	1
ENSG00000243347	1	many_to_many_DifferentNumber	ENSCAFG00845021968;ENSCAFG00845021980;ENSCAFG00845022010;ENSCAFG00845022027;ENSCAFG00845022089;ENSCAFG00845022192;ENSCAFG00845022212	0	NA	NA	NA	1
ENSG00000285557	1	many_to_many_DifferentNumber	ENSCAFG00845021968;ENSCAFG00845021980;ENSCAFG00845022010;ENSCAFG00845022027;ENSCAFG00845022089;ENSCAFG00845022192;ENSCAFG00845022212	0	NA	NA	NA	1
ENSG00000285798	1	many_to_many_DifferentNumber	ENSCAFG00845021968;ENSCAFG00845021980;ENSCAFG00845022010;ENSCAFG00845022027;ENSCAFG00845022089;ENSCAFG00845022192;ENSCAFG00845022212	0	NA	NA	NA	1
ENSG00000239661	1	many_to_many_DifferentNumber	ENSCAFG00845021968;ENSCAFG00845021980;ENSCAFG00845022010;ENSCAFG00845022027;ENSCAFG00845022089;ENSCAFG00845022192;ENSCAFG00845022212	0	NA	NA	NA	1
ENSG00000289451	1	many_to_many_DifferentNumber	ENSCAFG00845021968;ENSCAFG00845021980;ENSCAFG00845022010;ENSCAFG00845022027;ENSCAFG00845022089;ENSCAFG00845022192;ENSCAFG00845022212	0	NA	NA	NA	1
ENSG00000239453	1	one_to_one	ENSCAFG00845030253	0	NA	NA	NA	1
ENSG00000289632	1	one_to_one	ENSCAFG00845027667	0	NA	NA	NA	1
ENSG00000250433	1	many_to_one	ENSCAFG00845027655	0	NA	NA	NA	1
ENSG00000249290	1	many_to_one	ENSCAFG00845027655	0	NA	NA	NA	1
ENSG00000251058	1	many_to_one	ENSCAFG00845027655	0	NA	NA	NA	1
ENSG00000286735	1	one_to_one	ENSCAFG00845018648	1	one_to_one	lncgDivg	ENSCAFG00845018648	0
ENSG00000250608	1	many_to_one	ENSCAFG00845028848	0	NA	NA	NA	0
ENSG00000250129	1	many_to_one	ENSCAFG00845028848	0	NA	NA	NA	1
ENSG00000241679	1	one_to_one	ENSCAFG00845029247	1	one_to_one	lncgSS.dw	ENSCAFG00845029247	1
ENSG00000240137	1	one_to_one	ENSCAFG00845025502	0	NA	NA	NA	1
ENSG00000287688	1	one_to_one	ENSCAFG00845025477	0	NA	NA	NA	1
ENSG00000243733	1	one_to_one	ENSCAFG00845029229	0	NA	NA	NA	1
ENSG00000241220	1	many_to_many_DifferentNumber	ENSCAFG00845020026;ENSCAFG00845020146	0	NA	NA	NA	1
ENSG00000241912	1	many_to_many_DifferentNumber	ENSCAFG00845020026;ENSCAFG00845020146	0	NA	NA	NA	1
ENSG00000243486	1	many_to_many_DifferentNumber	ENSCAFG00845020026;ENSCAFG00845020146	0	NA	NA	NA	1
ENSG00000237787	1	many_to_many_DifferentNumber	ENSCAFG00845020026;ENSCAFG00845020146	0	NA	NA	NA	1
ENSG00000238755	1	many_to_one	ENSCAFG00845020194	0	NA	NA	NA	1
ENSG00000243069	1	many_to_one	ENSCAFG00845020194	0	NA	NA	NA	1
ENSG00000290079	1	many_to_one	ENSCAFG00845020194	1	one_to_one	lincConv	ENSCAFG00845020194	1
ENSG00000249417	1	many_to_one	ENSCAFG00845027948	0	NA	NA	NA	1
ENSG00000287155	1	many_to_one	ENSCAFG00845027948	0	NA	NA	NA	1
ENSG00000239205	1	one_to_many	ENSCAFG00845018092;ENSCAFG00845018104	1	one_to_one	lincSS.dw	ENSCAFG00845018092	1
ENSG00000241570	1	one_to_one	ENSCAFG00845029119	1	one_to_one	lncgSS.up	ENSCAFG00845029119	1
ENSG00000240875	1	one_to_one	ENSCAFG00845023090	0	NA	NA	NA	1
ENSG00000238031	1	many_to_many_DifferentNumber	ENSCAFG00845030802;ENSCAFG00845030807	0	NA	NA	NA	0
ENSG00000233987	1	many_to_many_DifferentNumber	ENSCAFG00845030802;ENSCAFG00845030807	0	NA	NA	NA	1
ENSG00000237222	1	many_to_many_DifferentNumber	ENSCAFG00845030802;ENSCAFG00845030807	0	NA	NA	NA	1
ENSG00000230401	1	many_to_many_DifferentNumber	ENSCAFG00845030781;ENSCAFG00845030804;ENSCAFG00845030811	0	NA	NA	NA	0
ENSG00000287073	1	many_to_many_DifferentNumber	ENSCAFG00845030781;ENSCAFG00845030804;ENSCAFG00845030811	0	NA	NA	NA	1
ENSG00000286661	1	many_to_many_sameNumber	ENSCAFG00845030109;ENSCAFG00845030113;ENSCAFG00845030117	1	one_to_one	lincConv	ENSCAFG00845030113	1
ENSG00000232065	1	many_to_many_sameNumber	ENSCAFG00845030109;ENSCAFG00845030113;ENSCAFG00845030117	1	one_to_one	lincDivg	ENSCAFG00845030117	1
ENSG00000288990	1	many_to_many_sameNumber	ENSCAFG00845030109;ENSCAFG00845030113;ENSCAFG00845030117	0	NA	NA	NA	1
ENSG00000288794	1	one_to_one	ENSCAFG00845023287	1	one_to_one	lncgSS.dw	ENSCAFG00845023287	1
ENSG00000224563	1	many_to_one	ENSCAFG00845023293	0	NA	NA	NA	0
ENSG00000234076	1	many_to_one	ENSCAFG00845023293	0	NA	NA	NA	1
ENSG00000289885	1	one_to_one	ENSCAFG00845019998	1	one_to_one	lncgSS.up	ENSCAFG00845019998	0
ENSG00000287198	1	one_to_one	ENSCAFG00845022626	0	NA	NA	NA	1
ENSG00000286982	1	one_to_many	ENSCAFG00845019401;ENSCAFG00845019411;ENSCAFG00845019422;ENSCAFG00845019436;ENSCAFG00845019499	0	NA	NA	NA	1
ENSG00000241669	1	one_to_one	ENSCAFG00845018715	0	NA	NA	NA	0
ENSG00000286570	1	one_to_one	ENSCAFG00845011759	0	NA	NA	NA	0
ENSG00000242539	1	many_to_many_sameNumber	ENSCAFG00845016159;ENSCAFG00845016198	0	NA	NA	NA	1
ENSG00000272699	1	many_to_many_sameNumber	ENSCAFG00845016159;ENSCAFG00845016198	0	NA	NA	NA	1
ENSG00000241667	1	one_to_many	ENSCAFG00845009866;ENSCAFG00845009890;ENSCAFG00845009900;ENSCAFG00845009910;ENSCAFG00845009921	1	one_to_many	lincDivg	ENSCAFG00845009866;ENSCAFG00845009890;ENSCAFG00845009910;ENSCAFG00845009900	1
ENSG00000240842	1	one_to_many	ENSCAFG00845009854;ENSCAFG00845009880	1	one_to_many	lincSS.up	ENSCAFG00845009880;ENSCAFG00845009854	1
ENSG00000231724	1	one_to_one	ENSCAFG00845021883	0	NA	NA	NA	1
ENSG00000232233	1	many_to_one	ENSCAFG00845021899	0	NA	NA	NA	1
ENSG00000289971	1	many_to_one	ENSCAFG00845021899	1	one_to_one	lincDivg	ENSCAFG00845021899	1
ENSG00000242622	1	one_to_one	ENSCAFG00845017846	0	NA	NA	NA	1
ENSG00000225399	1	one_to_one	ENSCAFG00845027293	0	NA	NA	NA	1
ENSG00000287669	1	many_to_one	ENSCAFG00845009513	0	NA	NA	NA	0
ENSG00000288679	1	many_to_one	ENSCAFG00845009513	0	NA	NA	NA	0
ENSG00000229102	1	one_to_one	ENSCAFG00845015549	0	NA	NA	NA	1
ENSG00000261167	1	one_to_one	ENSCAFG00845028893	1	one_to_one	lncgSS.dw	ENSCAFG00845028893	0
ENSG00000249993	1	many_to_one	ENSCAFG00845029779	0	NA	NA	NA	1
ENSG00000272832	1	many_to_one	ENSCAFG00845029779	0	NA	NA	NA	1
ENSG00000239219	1	one_to_one	ENSCAFG00845021437	0	NA	NA	NA	1
ENSG00000240373	1	one_to_many	ENSCAFG00845021575;ENSCAFG00845021593	0	NA	NA	NA	1
ENSG00000249474	1	one_to_one	ENSCAFG00845021813	0	NA	NA	NA	1
ENSG00000287682	1	many_to_one	ENSCAFG00845022125	0	NA	NA	NA	1
ENSG00000214407	1	many_to_one	ENSCAFG00845022125	0	NA	NA	NA	1
ENSG00000241280	1	many_to_one	ENSCAFG00845022125	0	NA	NA	NA	1
ENSG00000289118	1	one_to_many	ENSCAFG00845029133;ENSCAFG00845029142	0	NA	NA	NA	1
ENSG00000289417	1	one_to_many	ENSCAFG00845015144;ENSCAFG00845015152;ENSCAFG00845015158	0	NA	NA	NA	0
ENSG00000228213	1	one_to_one	ENSCAFG00845015134	0	NA	NA	NA	0
ENSG00000240057	1	one_to_one	ENSCAFG00845029767	0	NA	NA	NA	1
ENSG00000271993	1	many_to_one	ENSCAFG00845028180	1	many_to_one	lncgDivg	ENSCAFG00845028180	0
ENSG00000271653	1	many_to_one	ENSCAFG00845028180	0	NA	NA	NA	0
ENSG00000290046	1	many_to_one	ENSCAFG00845028180	1	many_to_one	lncgDivg	ENSCAFG00845028180	0
ENSG00000225733	1	one_to_one	ENSCAFG00845026073	0	NA	NA	NA	1
ENSG00000227398	1	one_to_one	ENSCAFG00845009675	0	NA	NA	NA	1
ENSG00000244128	1	one_to_one	ENSCAFG00845018201	0	NA	NA	NA	1
ENSG00000286584	1	one_to_one	ENSCAFG00845017339	1	one_to_one	lncgDivg	ENSCAFG00845017339	1
ENSG00000281160	1	one_to_one	ENSCAFG00845019292	0	NA	NA	NA	1
ENSG00000289558	1	one_to_one	ENSCAFG00845019842	0	NA	NA	NA	0
ENSG00000241469	1	many_to_many_sameNumber	ENSCAFG00845024047;ENSCAFG00845024063	0	NA	NA	NA	1
ENSG00000279277	1	many_to_many_sameNumber	ENSCAFG00845024047;ENSCAFG00845024063	1	one_to_one	lncgSS.dw	ENSCAFG00845024063	1
ENSG00000251292	1	many_to_one	ENSCAFG00845008707	1	one_to_one	lincSS.dw	ENSCAFG00845008707	0
ENSG00000249547	1	many_to_one	ENSCAFG00845008707	0	NA	NA	NA	0
ENSG00000273396	1	many_to_one	ENSCAFG00845003235	0	NA	NA	NA	1
ENSG00000247708	1	many_to_one	ENSCAFG00845003235	0	NA	NA	NA	1
ENSG00000249252	1	one_to_one	ENSCAFG00845001762	1	one_to_one	lncgConv	ENSCAFG00845001762	1
ENSG00000263327	1	many_to_one	ENSCAFG00845000739	0	NA	NA	NA	1
ENSG00000248138	1	many_to_one	ENSCAFG00845000739	1	one_to_one	lncgConv	ENSCAFG00845000739	1
ENSG00000286888	1	many_to_one	ENSCAFG00845000739	0	NA	NA	NA	1
ENSG00000249234	1	many_to_one	ENSCAFG00845000739	0	NA	NA	NA	1
ENSG00000249453	1	many_to_many_DifferentNumber	ENSCAFG00845007929;ENSCAFG00845007938;ENSCAFG00845007946;ENSCAFG00845007957;ENSCAFG00845007977;ENSCAFG00845007984;ENSCAFG00845007991;ENSCAFG00845007995;ENSCAFG00845008018;ENSCAFG00845008024;ENSCAFG00845008031;ENSCAFG00845008038;ENSCAFG00845008049;ENSCAFG00845008057;ENSCAFG00845008063;ENSCAFG00845008070;ENSCAFG00845008082	0	NA	NA	NA	0
ENSG00000289902	1	many_to_many_DifferentNumber	ENSCAFG00845007929;ENSCAFG00845007938;ENSCAFG00845007946;ENSCAFG00845007957;ENSCAFG00845007977;ENSCAFG00845007984;ENSCAFG00845007991;ENSCAFG00845007995;ENSCAFG00845008018;ENSCAFG00845008024;ENSCAFG00845008031;ENSCAFG00845008038;ENSCAFG00845008049;ENSCAFG00845008057;ENSCAFG00845008063;ENSCAFG00845008070;ENSCAFG00845008082	0	NA	NA	NA	0
ENSG00000289201	1	one_to_many	ENSCAFG00845007874;ENSCAFG00845007915;ENSCAFG00845008003	1	one_to_many	lincSS.dw	ENSCAFG00845007874;ENSCAFG00845007915	0
ENSG00000251350	1	many_to_one	ENSCAFG00845015262	0	NA	NA	NA	1
ENSG00000286891	1	many_to_one	ENSCAFG00845015262	0	NA	NA	NA	1
ENSG00000248939	1	many_to_one	ENSCAFG00845015262	0	NA	NA	NA	1
ENSG00000250657	1	many_to_one	ENSCAFG00845015262	0	NA	NA	NA	1
ENSG00000250863	1	many_to_one	ENSCAFG00845015215	0	NA	NA	NA	1
ENSG00000248143	1	many_to_one	ENSCAFG00845015215	0	NA	NA	NA	1
ENSG00000251055	1	many_to_many_DifferentNumber	ENSCAFG00845005523;ENSCAFG00845005529;ENSCAFG00845005542;ENSCAFG00845005551;ENSCAFG00845005560;ENSCAFG00845005576;ENSCAFG00845005589;ENSCAFG00845005593	0	NA	NA	NA	0
ENSG00000288659	1	many_to_many_DifferentNumber	ENSCAFG00845005523;ENSCAFG00845005529;ENSCAFG00845005542;ENSCAFG00845005551;ENSCAFG00845005560;ENSCAFG00845005576;ENSCAFG00845005589;ENSCAFG00845005593	1	one_to_one	lincSS.dw	ENSCAFG00845005529	0
ENSG00000250775	1	many_to_many_DifferentNumber	ENSCAFG00845005520;ENSCAFG00845005535;ENSCAFG00845005547;ENSCAFG00845005565;ENSCAFG00845005569;ENSCAFG00845005582;ENSCAFG00845005599	0	NA	NA	NA	0
ENSG00000205682	1	many_to_many_DifferentNumber	ENSCAFG00845005520;ENSCAFG00845005535;ENSCAFG00845005547;ENSCAFG00845005565;ENSCAFG00845005569;ENSCAFG00845005582;ENSCAFG00845005599	0	NA	NA	NA	0
ENSG00000248692	1	many_to_many_DifferentNumber	ENSCAFG00845005520;ENSCAFG00845005535;ENSCAFG00845005547;ENSCAFG00845005565;ENSCAFG00845005569;ENSCAFG00845005582;ENSCAFG00845005599	1	one_to_one	lncgConv	ENSCAFG00845005520	0
ENSG00000289308	1	many_to_many_DifferentNumber	ENSCAFG00845005520;ENSCAFG00845005535;ENSCAFG00845005547;ENSCAFG00845005565;ENSCAFG00845005569;ENSCAFG00845005582;ENSCAFG00845005599	0	NA	NA	NA	0
ENSG00000250220	1	one_to_many	ENSCAFG00845005652;ENSCAFG00845005677;ENSCAFG00845005681;ENSCAFG00845005685	1	one_to_one	lncgDivg	ENSCAFG00845005652	1
ENSG00000287154	1	one_to_one	ENSCAFG00845002656	1	one_to_one	lncgDivg	ENSCAFG00845002656	0
ENSG00000286664	1	many_to_many_DifferentNumber	ENSCAFG00845005686;ENSCAFG00845005704;ENSCAFG00845005719;ENSCAFG00845005726;ENSCAFG00845005735	0	NA	NA	NA	1
ENSG00000285711	1	many_to_many_DifferentNumber	ENSCAFG00845005686;ENSCAFG00845005704;ENSCAFG00845005719;ENSCAFG00845005726;ENSCAFG00845005735	0	NA	NA	NA	1
ENSG00000250125	1	many_to_many_DifferentNumber	ENSCAFG00845005686;ENSCAFG00845005704;ENSCAFG00845005719;ENSCAFG00845005726;ENSCAFG00845005735	0	NA	NA	NA	1
ENSG00000245384	1	many_to_one	ENSCAFG00845027473	0	NA	NA	NA	1
ENSG00000250670	1	many_to_one	ENSCAFG00845027473	0	NA	NA	NA	1
ENSG00000248373	1	many_to_one	ENSCAFG00845027473	1	one_to_one	lincSS.up	ENSCAFG00845027473	1
ENSG00000248242	1	many_to_many_DifferentNumber	ENSCAFG00845027521;ENSCAFG00845027534;ENSCAFG00845027542	0	NA	NA	NA	1
ENSG00000251259	1	many_to_many_DifferentNumber	ENSCAFG00845027521;ENSCAFG00845027534;ENSCAFG00845027542	1	one_to_many	lincDivg	ENSCAFG00845027521;ENSCAFG00845027534;ENSCAFG00845027542	1
ENSG00000250344	1	one_to_one	ENSCAFG00845022428	1	one_to_one	lncgDivg	ENSCAFG00845022428	0
ENSG00000286467	1	many_to_one	ENSCAFG00845023328	0	NA	NA	NA	1
ENSG00000251199	1	many_to_one	ENSCAFG00845023328	1	one_to_one	lncgSS.dw	ENSCAFG00845023328	1
ENSG00000251388	1	many_to_one	ENSCAFG00845023328	0	NA	NA	NA	1
ENSG00000251256	1	many_to_one	ENSCAFG00845012013	0	NA	NA	NA	1
ENSG00000248317	1	many_to_one	ENSCAFG00845012013	0	NA	NA	NA	1
ENSG00000250646	1	many_to_one	ENSCAFG00845012013	1	one_to_one	lncgConv	ENSCAFG00845012013	1
ENSG00000249685	1	one_to_one	ENSCAFG00845004763	0	NA	NA	NA	1
ENSG00000249207	1	one_to_one	ENSCAFG00845004766	1	one_to_one	lncgConv	ENSCAFG00845004766	1
ENSG00000250910	1	one_to_one	ENSCAFG00845010126	0	NA	NA	NA	1
ENSG00000249710	1	one_to_many	ENSCAFG00845024286;ENSCAFG00845024304	1	one_to_one	lncgDivg	ENSCAFG00845024286	1
ENSG00000249951	1	one_to_one	ENSCAFG00845021420	0	NA	NA	NA	0
ENSG00000248629	1	one_to_one	ENSCAFG00845010908	0	NA	NA	NA	1
ENSG00000280241	1	one_to_one	ENSCAFG00845009479	0	NA	NA	NA	1
ENSG00000248319	1	many_to_one	ENSCAFG00845028348	1	one_to_one	lincSS.dw	ENSCAFG00845028348	1
ENSG00000287660	1	many_to_one	ENSCAFG00845028348	0	NA	NA	NA	1
ENSG00000287433	1	one_to_one	ENSCAFG00845015446	0	NA	NA	NA	1
ENSG00000180712	1	many_to_one	ENSCAFG00845015449	0	NA	NA	NA	1
ENSG00000249096	1	many_to_one	ENSCAFG00845015449	0	NA	NA	NA	1
ENSG00000250263	1	one_to_many	ENSCAFG00845018592;ENSCAFG00845018717	0	NA	NA	NA	0
ENSG00000249008	1	many_to_many_DifferentNumber	ENSCAFG00845018643;ENSCAFG00845018676;ENSCAFG00845018706;ENSCAFG00845018756;ENSCAFG00845018769;ENSCAFG00845018780	1	many_to_many_strict	lincDivg	ENSCAFG00845018643;ENSCAFG00845018676	0
ENSG00000287544	1	many_to_many_DifferentNumber	ENSCAFG00845018643;ENSCAFG00845018676;ENSCAFG00845018706;ENSCAFG00845018756;ENSCAFG00845018769;ENSCAFG00845018780	1	many_to_many_strict	lincDivg	ENSCAFG00845018643;ENSCAFG00845018676	0
ENSG00000249458	1	many_to_many_DifferentNumber	ENSCAFG00845018643;ENSCAFG00845018676;ENSCAFG00845018706;ENSCAFG00845018756;ENSCAFG00845018769;ENSCAFG00845018780	1	one_to_many	lincSS.up	ENSCAFG00845018706;ENSCAFG00845018756;ENSCAFG00845018769;ENSCAFG00845018780	0
ENSG00000248980	1	many_to_one	ENSCAFG00845019064	0	NA	NA	NA	0
ENSG00000289149	1	many_to_one	ENSCAFG00845019064	0	NA	NA	NA	0
ENSG00000250708	1	many_to_many_DifferentNumber	ENSCAFG00845017236;ENSCAFG00845017530;ENSCAFG00845017557;ENSCAFG00845017624;ENSCAFG00845017729	0	NA	NA	NA	1
ENSG00000237125	1	many_to_many_DifferentNumber	ENSCAFG00845017236;ENSCAFG00845017530;ENSCAFG00845017557;ENSCAFG00845017624;ENSCAFG00845017729	1	one_to_one	lncgDivg	ENSCAFG00845017236	1
ENSG00000250957	1	many_to_many_DifferentNumber	ENSCAFG00845017305;ENSCAFG00845017314;ENSCAFG00845017324;ENSCAFG00845017333;ENSCAFG00845017350;ENSCAFG00845017362;ENSCAFG00845017375;ENSCAFG00845017390;ENSCAFG00845017419;ENSCAFG00845017430;ENSCAFG00845017446;ENSCAFG00845017462;ENSCAFG00845017476;ENSCAFG00845017488;ENSCAFG00845017507;ENSCAFG00845017520;ENSCAFG00845017542;ENSCAFG00845017571;ENSCAFG00845017580;ENSCAFG00845017699;ENSCAFG00845017707;ENSCAFG00845017740;ENSCAFG00845017753	1	many_to_many	lincSS.dw	ENSCAFG00845017753;ENSCAFG00845017740	1
ENSG00000251213	1	many_to_many_DifferentNumber	ENSCAFG00845017305;ENSCAFG00845017314;ENSCAFG00845017324;ENSCAFG00845017333;ENSCAFG00845017350;ENSCAFG00845017362;ENSCAFG00845017375;ENSCAFG00845017390;ENSCAFG00845017419;ENSCAFG00845017430;ENSCAFG00845017446;ENSCAFG00845017462;ENSCAFG00845017476;ENSCAFG00845017488;ENSCAFG00845017507;ENSCAFG00845017520;ENSCAFG00845017542;ENSCAFG00845017571;ENSCAFG00845017580;ENSCAFG00845017699;ENSCAFG00845017707;ENSCAFG00845017740;ENSCAFG00845017753	1	many_to_many	lincSS.dw	ENSCAFG00845017753;ENSCAFG00845017740	1
ENSG00000250043	1	many_to_many_DifferentNumber	ENSCAFG00845017305;ENSCAFG00845017314;ENSCAFG00845017324;ENSCAFG00845017333;ENSCAFG00845017350;ENSCAFG00845017362;ENSCAFG00845017375;ENSCAFG00845017390;ENSCAFG00845017419;ENSCAFG00845017430;ENSCAFG00845017446;ENSCAFG00845017462;ENSCAFG00845017476;ENSCAFG00845017488;ENSCAFG00845017507;ENSCAFG00845017520;ENSCAFG00845017542;ENSCAFG00845017571;ENSCAFG00845017580;ENSCAFG00845017699;ENSCAFG00845017707;ENSCAFG00845017740;ENSCAFG00845017753	0	NA	NA	NA	1
ENSG00000251216	1	many_to_many_DifferentNumber	ENSCAFG00845017305;ENSCAFG00845017314;ENSCAFG00845017324;ENSCAFG00845017333;ENSCAFG00845017350;ENSCAFG00845017362;ENSCAFG00845017375;ENSCAFG00845017390;ENSCAFG00845017419;ENSCAFG00845017430;ENSCAFG00845017446;ENSCAFG00845017462;ENSCAFG00845017476;ENSCAFG00845017488;ENSCAFG00845017507;ENSCAFG00845017520;ENSCAFG00845017542;ENSCAFG00845017571;ENSCAFG00845017580;ENSCAFG00845017699;ENSCAFG00845017707;ENSCAFG00845017740;ENSCAFG00845017753	0	NA	NA	NA	1
ENSG00000289179	1	many_to_many_DifferentNumber	ENSCAFG00845017305;ENSCAFG00845017314;ENSCAFG00845017324;ENSCAFG00845017333;ENSCAFG00845017350;ENSCAFG00845017362;ENSCAFG00845017375;ENSCAFG00845017390;ENSCAFG00845017419;ENSCAFG00845017430;ENSCAFG00845017446;ENSCAFG00845017462;ENSCAFG00845017476;ENSCAFG00845017488;ENSCAFG00845017507;ENSCAFG00845017520;ENSCAFG00845017542;ENSCAFG00845017571;ENSCAFG00845017580;ENSCAFG00845017699;ENSCAFG00845017707;ENSCAFG00845017740;ENSCAFG00845017753	1	many_to_many	lincSS.dw	ENSCAFG00845017753;ENSCAFG00845017740	1
ENSG00000289210	1	many_to_many_DifferentNumber	ENSCAFG00845017305;ENSCAFG00845017314;ENSCAFG00845017324;ENSCAFG00845017333;ENSCAFG00845017350;ENSCAFG00845017362;ENSCAFG00845017375;ENSCAFG00845017390;ENSCAFG00845017419;ENSCAFG00845017430;ENSCAFG00845017446;ENSCAFG00845017462;ENSCAFG00845017476;ENSCAFG00845017488;ENSCAFG00845017507;ENSCAFG00845017520;ENSCAFG00845017542;ENSCAFG00845017571;ENSCAFG00845017580;ENSCAFG00845017699;ENSCAFG00845017707;ENSCAFG00845017740;ENSCAFG00845017753	0	NA	NA	NA	1
ENSG00000248174	1	many_to_many_DifferentNumber	ENSCAFG00845017305;ENSCAFG00845017314;ENSCAFG00845017324;ENSCAFG00845017333;ENSCAFG00845017350;ENSCAFG00845017362;ENSCAFG00845017375;ENSCAFG00845017390;ENSCAFG00845017419;ENSCAFG00845017430;ENSCAFG00845017446;ENSCAFG00845017462;ENSCAFG00845017476;ENSCAFG00845017488;ENSCAFG00845017507;ENSCAFG00845017520;ENSCAFG00845017542;ENSCAFG00845017571;ENSCAFG00845017580;ENSCAFG00845017699;ENSCAFG00845017707;ENSCAFG00845017740;ENSCAFG00845017753	1	many_to_many	lincSS.dw	ENSCAFG00845017753;ENSCAFG00845017740	1
ENSG00000248517	1	many_to_one	ENSCAFG00845023011	1	one_to_one	lincSS.up	ENSCAFG00845023011	1
ENSG00000251139	1	many_to_one	ENSCAFG00845023011	0	NA	NA	NA	1
ENSG00000286256	1	many_to_one	ENSCAFG00845023011	0	NA	NA	NA	1
ENSG00000289197	1	many_to_one	ENSCAFG00845023011	0	NA	NA	NA	1
ENSG00000289139	1	many_to_one	ENSCAFG00845022968	0	NA	NA	NA	1
ENSG00000251230	1	many_to_one	ENSCAFG00845022968	0	NA	NA	NA	1
ENSG00000249173	1	many_to_one	ENSCAFG00845022968	0	NA	NA	NA	1
ENSG00000286280	1	one_to_one	ENSCAFG00845000781	1	one_to_one	lincSS.up	ENSCAFG00845000781	1
ENSG00000226757	1	one_to_one	ENSCAFG00845021347	0	NA	NA	NA	1
ENSG00000287632	1	many_to_one	ENSCAFG00845016244	0	NA	NA	NA	1
ENSG00000260278	1	many_to_one	ENSCAFG00845016244	0	NA	NA	NA	1
ENSG00000246375	1	one_to_many	ENSCAFG00845016710;ENSCAFG00845016740;ENSCAFG00845016766	1	one_to_one	lncgDivg	ENSCAFG00845016710	0
ENSG00000287181	1	many_to_many_sameNumber	ENSCAFG00845016752;ENSCAFG00845016779	1	many_to_one	lincDivg	ENSCAFG00845016779	0
ENSG00000286978	1	many_to_many_sameNumber	ENSCAFG00845016752;ENSCAFG00845016779	1	many_to_one	lincDivg	ENSCAFG00845016779	0
ENSG00000251075	1	one_to_one	ENSCAFG00845011136	0	NA	NA	NA	1
ENSG00000287449	1	one_to_one	ENSCAFG00845020577	1	one_to_one	lincDivg	ENSCAFG00845020577	1
ENSG00000248567	1	one_to_one	ENSCAFG00845012181	1	one_to_one	lincSS.up	ENSCAFG00845012181	0
ENSG00000250410	1	one_to_one	ENSCAFG00845022072	0	NA	NA	NA	1
ENSG00000289019	1	one_to_one	ENSCAFG00845011426	0	NA	NA	NA	0
ENSG00000289314	1	one_to_many	ENSCAFG00845011615;ENSCAFG00845011640	0	NA	NA	NA	1
ENSG00000269893	1	one_to_one	ENSCAFG00845029601	1	one_to_one	lncgConv	ENSCAFG00845029601	1
ENSG00000248335	1	many_to_one	ENSCAFG00845020143	0	NA	NA	NA	0
ENSG00000273472	1	many_to_one	ENSCAFG00845020143	0	NA	NA	NA	0
ENSG00000289393	1	one_to_one	ENSCAFG00845013757	1	one_to_one	lncgDivg	ENSCAFG00845013757	1
ENSG00000261668	1	one_to_many	ENSCAFG00845027082;ENSCAFG00845027088	1	one_to_one	lncgConv	ENSCAFG00845027088	1
ENSG00000248137	1	many_to_one	ENSCAFG00845024835	0	NA	NA	NA	0
ENSG00000250716	1	many_to_one	ENSCAFG00845024835	0	NA	NA	NA	0
ENSG00000248118	1	many_to_one	ENSCAFG00845024835	0	NA	NA	NA	0
ENSG00000249102	1	many_to_many_DifferentNumber	ENSCAFG00845001652;ENSCAFG00845001660	0	NA	NA	NA	0
ENSG00000248279	1	many_to_many_DifferentNumber	ENSCAFG00845001652;ENSCAFG00845001660	0	NA	NA	NA	0
ENSG00000251443	1	many_to_many_DifferentNumber	ENSCAFG00845001652;ENSCAFG00845001660	0	NA	NA	NA	0
ENSG00000249436	1	many_to_many_DifferentNumber	ENSCAFG00845029078;ENSCAFG00845029082	1	one_to_one	lincDivg	ENSCAFG00845029078	1
ENSG00000286853	1	many_to_many_DifferentNumber	ENSCAFG00845029078;ENSCAFG00845029082	0	NA	NA	NA	1
ENSG00000287709	1	many_to_many_DifferentNumber	ENSCAFG00845029078;ENSCAFG00845029082	0	NA	NA	NA	1
ENSG00000249198	1	many_to_many_DifferentNumber	ENSCAFG00845029084;ENSCAFG00845029087	0	NA	NA	NA	1
ENSG00000249584	1	many_to_many_DifferentNumber	ENSCAFG00845029084;ENSCAFG00845029087	0	NA	NA	NA	1
ENSG00000248132	1	many_to_many_DifferentNumber	ENSCAFG00845029084;ENSCAFG00845029087	0	NA	NA	NA	1
ENSG00000251189	1	many_to_many_DifferentNumber	ENSCAFG00845003499;ENSCAFG00845003505	1	one_to_one	lincDivg	ENSCAFG00845003499	0
ENSG00000250629	1	many_to_many_DifferentNumber	ENSCAFG00845003499;ENSCAFG00845003505	0	NA	NA	NA	0
ENSG00000244968	1	many_to_many_DifferentNumber	ENSCAFG00845003499;ENSCAFG00845003505	1	one_to_one	lncgDivg	ENSCAFG00845003505	0
ENSG00000249740	1	one_to_many	ENSCAFG00845003470;ENSCAFG00845003489;ENSCAFG00845003502	0	NA	NA	NA	0
ENSG00000251206	1	many_to_one	ENSCAFG00845011673	0	NA	NA	NA	0
ENSG00000253787	1	many_to_one	ENSCAFG00845011673	0	NA	NA	NA	0
ENSG00000249364	1	many_to_one	ENSCAFG00845011673	0	NA	NA	NA	0
ENSG00000248727	1	many_to_many_DifferentNumber	ENSCAFG00845028636;ENSCAFG00845028645	0	NA	NA	NA	1
ENSG00000249697	1	many_to_many_DifferentNumber	ENSCAFG00845028636;ENSCAFG00845028645	1	one_to_one	lincSS.up	ENSCAFG00845028636	1
ENSG00000225940	1	many_to_many_DifferentNumber	ENSCAFG00845028636;ENSCAFG00845028645	0	NA	NA	NA	1
ENSG00000234553	1	many_to_many_DifferentNumber	ENSCAFG00845028636;ENSCAFG00845028645	0	NA	NA	NA	1
ENSG00000289709	1	many_to_many_DifferentNumber	ENSCAFG00845028636;ENSCAFG00845028645	0	NA	NA	NA	1
ENSG00000250049	1	many_to_many_DifferentNumber	ENSCAFG00845015690;ENSCAFG00845015702;ENSCAFG00845015844;ENSCAFG00845015911	0	NA	NA	NA	0
ENSG00000249169	1	many_to_many_DifferentNumber	ENSCAFG00845015690;ENSCAFG00845015702;ENSCAFG00845015844;ENSCAFG00845015911	0	NA	NA	NA	0
ENSG00000286121	1	many_to_many_DifferentNumber	ENSCAFG00845015690;ENSCAFG00845015702;ENSCAFG00845015844;ENSCAFG00845015911	0	NA	NA	NA	0
ENSG00000248588	1	many_to_many_DifferentNumber	ENSCAFG00845015690;ENSCAFG00845015702;ENSCAFG00845015844;ENSCAFG00845015911	0	NA	NA	NA	0
ENSG00000286509	1	many_to_many_DifferentNumber	ENSCAFG00845015690;ENSCAFG00845015702;ENSCAFG00845015844;ENSCAFG00845015911	0	NA	NA	NA	0
ENSG00000281357	1	many_to_many_DifferentNumber	ENSCAFG00845015690;ENSCAFG00845015702;ENSCAFG00845015844;ENSCAFG00845015911	0	NA	NA	NA	1
ENSG00000249776	1	many_to_many_DifferentNumber	ENSCAFG00845015649;ENSCAFG00845015672;ENSCAFG00845015971	0	NA	NA	NA	0
ENSG00000249984	1	many_to_many_DifferentNumber	ENSCAFG00845015649;ENSCAFG00845015672;ENSCAFG00845015971	0	NA	NA	NA	0
ENSG00000248528	1	many_to_many_DifferentNumber	ENSCAFG00845015649;ENSCAFG00845015672;ENSCAFG00845015971	0	NA	NA	NA	0
ENSG00000251361	1	many_to_many_DifferentNumber	ENSCAFG00845015649;ENSCAFG00845015672;ENSCAFG00845015971	0	NA	NA	NA	0
ENSG00000237187	1	many_to_many_DifferentNumber	ENSCAFG00845015649;ENSCAFG00845015672;ENSCAFG00845015971	1	one_to_one	lncgDivg	ENSCAFG00845015649	0
ENSG00000249835	1	one_to_one	ENSCAFG00845020010	0	NA	NA	NA	1
ENSG00000247828	1	many_to_many_DifferentNumber	ENSCAFG00845017881;ENSCAFG00845018016;ENSCAFG00845018054	1	one_to_one	lncgDivg	ENSCAFG00845018054	1
ENSG00000245864	1	many_to_many_DifferentNumber	ENSCAFG00845017881;ENSCAFG00845018016;ENSCAFG00845018054	1	many_to_many	lincConv	ENSCAFG00845017881;ENSCAFG00845018016	1
ENSG00000289008	1	many_to_many_DifferentNumber	ENSCAFG00845017881;ENSCAFG00845018016;ENSCAFG00845018054	1	many_to_many	lincConv	ENSCAFG00845017881;ENSCAFG00845018016	1
ENSG00000250555	1	many_to_many_DifferentNumber	ENSCAFG00845017881;ENSCAFG00845018016;ENSCAFG00845018054	1	many_to_many	lincConv	ENSCAFG00845017881;ENSCAFG00845018016	1
ENSG00000271904	1	many_to_many_DifferentNumber	ENSCAFG00845017914;ENSCAFG00845018034;ENSCAFG00845018068	0	NA	NA	NA	1
ENSG00000250156	1	many_to_many_DifferentNumber	ENSCAFG00845017914;ENSCAFG00845018034;ENSCAFG00845018068	0	NA	NA	NA	1
ENSG00000245526	1	many_to_many_DifferentNumber	ENSCAFG00845017914;ENSCAFG00845018034;ENSCAFG00845018068	1	many_to_one	lincSS.dw	ENSCAFG00845017914	1
ENSG00000250377	1	many_to_many_DifferentNumber	ENSCAFG00845017914;ENSCAFG00845018034;ENSCAFG00845018068	1	many_to_one	lincSS.dw	ENSCAFG00845017914	1
ENSG00000287434	1	one_to_one	ENSCAFG00845007568	0	NA	NA	NA	1
ENSG00000248876	1	many_to_many_DifferentNumber	ENSCAFG00845000183;ENSCAFG00845000186;ENSCAFG00845000192;ENSCAFG00845000198	1	many_to_many_strict	lincDivg	ENSCAFG00845000198;ENSCAFG00845000192;ENSCAFG00845000186	1
ENSG00000248440	1	many_to_many_DifferentNumber	ENSCAFG00845000183;ENSCAFG00845000186;ENSCAFG00845000192;ENSCAFG00845000198	1	many_to_many_strict	lincDivg	ENSCAFG00845000198;ENSCAFG00845000192;ENSCAFG00845000186	1
ENSG00000251367	1	many_to_many_DifferentNumber	ENSCAFG00845000183;ENSCAFG00845000186;ENSCAFG00845000192;ENSCAFG00845000198	1	many_to_many_strict	lincDivg	ENSCAFG00845000198;ENSCAFG00845000192;ENSCAFG00845000186	1
ENSG00000271849	1	one_to_one	ENSCAFG00845000171	1	one_to_one	lncgDivg	ENSCAFG00845000171	1
ENSG00000214942	1	many_to_many_DifferentNumber	ENSCAFG00845016864;ENSCAFG00845016920;ENSCAFG00845016935;ENSCAFG00845016968;ENSCAFG00845016985;ENSCAFG00845017006	0	NA	NA	NA	1
ENSG00000250437	1	many_to_many_DifferentNumber	ENSCAFG00845016864;ENSCAFG00845016920;ENSCAFG00845016935;ENSCAFG00845016968;ENSCAFG00845016985;ENSCAFG00845017006	0	NA	NA	NA	1
ENSG00000248309	1	many_to_many_DifferentNumber	ENSCAFG00845016864;ENSCAFG00845016920;ENSCAFG00845016935;ENSCAFG00845016968;ENSCAFG00845016985;ENSCAFG00845017006	0	NA	NA	NA	1
ENSG00000250831	1	many_to_one	ENSCAFG00845016888	0	NA	NA	NA	1
ENSG00000248555	1	many_to_one	ENSCAFG00845016888	0	NA	NA	NA	1
ENSG00000253321	1	many_to_one	ENSCAFG00845016888	0	NA	NA	NA	1
ENSG00000260871	1	many_to_one	ENSCAFG00845016888	0	NA	NA	NA	1
ENSG00000288740	1	many_to_one	ENSCAFG00845016888	0	NA	NA	NA	1
ENSG00000248199	1	many_to_many_DifferentNumber	ENSCAFG00845008075;ENSCAFG00845008100;ENSCAFG00845008115	0	NA	NA	NA	1
ENSG00000178722	1	many_to_many_DifferentNumber	ENSCAFG00845008075;ENSCAFG00845008100;ENSCAFG00845008115	0	NA	NA	NA	1
ENSG00000289152	1	one_to_one	ENSCAFG00845028978	0	NA	NA	NA	1
ENSG00000250250	1	one_to_one	ENSCAFG00845003773	1	one_to_one	lncgDivg	ENSCAFG00845003795	1
ENSG00000246859	1	one_to_many	ENSCAFG00845003755;ENSCAFG00845003761;ENSCAFG00845003776	1	one_to_one	lncgConv	ENSCAFG00845003755	1
ENSG00000249057	1	one_to_one	ENSCAFG00845011623	1	one_to_one	lncgSS.dw	ENSCAFG00845011623	0
ENSG00000229666	1	one_to_one	ENSCAFG00845011633	0	NA	NA	NA	0
ENSG00000254106	1	one_to_many	ENSCAFG00845004015;ENSCAFG00845004099	0	NA	NA	NA	1
ENSG00000249017	1	many_to_many_DifferentNumber	ENSCAFG00845001764;ENSCAFG00845001784;ENSCAFG00845001787;ENSCAFG00845001804;ENSCAFG00845001826;ENSCAFG00845001834;ENSCAFG00845001844;ENSCAFG00845001863;ENSCAFG00845001893	0	NA	NA	NA	0
ENSG00000250958	1	many_to_many_DifferentNumber	ENSCAFG00845001764;ENSCAFG00845001784;ENSCAFG00845001787;ENSCAFG00845001804;ENSCAFG00845001826;ENSCAFG00845001834;ENSCAFG00845001844;ENSCAFG00845001863;ENSCAFG00845001893	1	one_to_one	lincDivg	ENSCAFG00845001893	0
ENSG00000247402	1	many_to_many_DifferentNumber	ENSCAFG00845001764;ENSCAFG00845001784;ENSCAFG00845001787;ENSCAFG00845001804;ENSCAFG00845001826;ENSCAFG00845001834;ENSCAFG00845001844;ENSCAFG00845001863;ENSCAFG00845001893	0	NA	NA	NA	0
ENSG00000286338	1	many_to_many_DifferentNumber	ENSCAFG00845001764;ENSCAFG00845001784;ENSCAFG00845001787;ENSCAFG00845001804;ENSCAFG00845001826;ENSCAFG00845001834;ENSCAFG00845001844;ENSCAFG00845001863;ENSCAFG00845001893	1	one_to_many	lincSS.up	ENSCAFG00845001764;ENSCAFG00845001784;ENSCAFG00845001863;ENSCAFG00845001787;ENSCAFG00845001826;ENSCAFG00845001844;ENSCAFG00845001834;ENSCAFG00845001804	0
ENSG00000250682	1	one_to_many	ENSCAFG00845001772;ENSCAFG00845001779;ENSCAFG00845001792;ENSCAFG00845001811;ENSCAFG00845001817;ENSCAFG00845001849;ENSCAFG00845001857;ENSCAFG00845001870;ENSCAFG00845001879;ENSCAFG00845001886;ENSCAFG00845001900	1	one_to_many	lincDivg	ENSCAFG00845001870;ENSCAFG00845001811;ENSCAFG00845001779;ENSCAFG00845001817;ENSCAFG00845001772;ENSCAFG00845001792;ENSCAFG00845001857;ENSCAFG00845001849	0
ENSG00000223442	1	one_to_one	ENSCAFG00845010929	0	NA	NA	NA	1
ENSG00000271792	1	many_to_one	ENSCAFG00845001011	0	NA	NA	NA	0
ENSG00000249526	1	many_to_one	ENSCAFG00845001011	0	NA	NA	NA	0
ENSG00000250806	1	one_to_many	ENSCAFG00845002130;ENSCAFG00845002139;ENSCAFG00845002148;ENSCAFG00845002155	1	one_to_many	lincConv	ENSCAFG00845002155;ENSCAFG00845002139;ENSCAFG00845002148	1
ENSG00000253865	1	many_to_one	ENSCAFG00845009524	0	NA	NA	NA	1
ENSG00000249669	1	many_to_one	ENSCAFG00845009524	0	NA	NA	NA	1
ENSG00000286839	1	one_to_many	ENSCAFG00845010750;ENSCAFG00845010756	0	NA	NA	NA	1
ENSG00000287695	1	one_to_one	ENSCAFG00845004978	1	one_to_one	lncgSS.dw	ENSCAFG00845004978	1
ENSG00000253792	1	many_to_one	ENSCAFG00845001502	0	NA	NA	NA	0
ENSG00000253449	1	many_to_one	ENSCAFG00845001502	0	NA	NA	NA	0
ENSG00000276778	1	many_to_one	ENSCAFG00845001502	0	NA	NA	NA	0
ENSG00000253295	1	many_to_one	ENSCAFG00845000965	0	NA	NA	NA	1
ENSG00000253736	1	many_to_one	ENSCAFG00845000965	0	NA	NA	NA	1
ENSG00000254226	1	many_to_one	ENSCAFG00845005079	0	NA	NA	NA	0
ENSG00000286749	1	many_to_one	ENSCAFG00845005079	0	NA	NA	NA	0
ENSG00000250692	1	one_to_many	ENSCAFG00845001089;ENSCAFG00845001109;ENSCAFG00845001123;ENSCAFG00845001132;ENSCAFG00845001144	0	NA	NA	NA	1
ENSG00000245146	1	one_to_many	ENSCAFG00845001083;ENSCAFG00845001101;ENSCAFG00845001111;ENSCAFG00845001116;ENSCAFG00845001138;ENSCAFG00845001148	0	NA	NA	NA	1
ENSG00000249484	1	one_to_one	ENSCAFG00845005061	0	NA	NA	NA	0
ENSG00000248677	1	one_to_many	ENSCAFG00845023791;ENSCAFG00845023802	0	NA	NA	NA	1
ENSG00000204661	1	one_to_one	ENSCAFG00845008183	0	NA	NA	NA	0
ENSG00000271926	1	many_to_one	ENSCAFG00845000465	0	NA	NA	NA	0
ENSG00000272081	1	many_to_one	ENSCAFG00845000465	0	NA	NA	NA	0
ENSG00000248799	1	one_to_one	ENSCAFG00845011293	1	one_to_one	lncgConv	ENSCAFG00845011293	1
ENSG00000249647	1	many_to_one	ENSCAFG00845013909	1	one_to_one	lincSS.dw	ENSCAFG00845013909	0
ENSG00000249082	1	many_to_one	ENSCAFG00845013909	0	NA	NA	NA	0
ENSG00000248482	1	many_to_one	ENSCAFG00845013909	0	NA	NA	NA	0
ENSG00000286634	1	one_to_one	ENSCAFG00845010760	0	NA	NA	NA	1
ENSG00000280029	1	one_to_many	ENSCAFG00845002920;ENSCAFG00845002931	1	one_to_one	lncgConv	ENSCAFG00845002920	1
ENSG00000280336	1	many_to_one	ENSCAFG00845002954	0	NA	NA	NA	0
ENSG00000290893	1	many_to_one	ENSCAFG00845002954	1	one_to_one	lncgSS.dw	ENSCAFG00845002954	0
ENSG00000288846	1	one_to_many	ENSCAFG00845006633;ENSCAFG00845006640	0	NA	NA	NA	1
ENSG00000248428	1	one_to_one	ENSCAFG00845003877	0	NA	NA	NA	1
ENSG00000253613	1	one_to_one	ENSCAFG00845003869	1	one_to_one	lncgConv	ENSCAFG00845003869	1
ENSG00000287162	1	one_to_one	ENSCAFG00845008696	0	NA	NA	NA	0
ENSG00000250564	1	one_to_one	ENSCAFG00845012962	0	NA	NA	NA	1
ENSG00000250909	1	many_to_one	ENSCAFG00845012545	1	many_to_one	lncgDivg	ENSCAFG00845012545	1
ENSG00000251414	1	many_to_one	ENSCAFG00845012545	1	many_to_one	lncgDivg	ENSCAFG00845012545	1
ENSG00000231185	1	one_to_one	ENSCAFG00845017821	0	NA	NA	NA	1
ENSG00000250240	1	one_to_many	ENSCAFG00845013849;ENSCAFG00845013858	0	NA	NA	NA	1
ENSG00000242753	1	many_to_one	ENSCAFG00845020833	0	NA	NA	NA	0
ENSG00000233656	1	many_to_one	ENSCAFG00845020833	1	one_to_one	lincDivg	ENSCAFG00845020833	0
ENSG00000287920	1	many_to_one	ENSCAFG00845020833	0	NA	NA	NA	0
ENSG00000290062	1	many_to_one	ENSCAFG00845020833	0	NA	NA	NA	0
ENSG00000286368	1	many_to_many_DifferentNumber	ENSCAFG00845017101;ENSCAFG00845017123;ENSCAFG00845017130	0	NA	NA	NA	0
ENSG00000280989	1	many_to_many_DifferentNumber	ENSCAFG00845017101;ENSCAFG00845017123;ENSCAFG00845017130	1	many_to_many_strict	lincDivg	ENSCAFG00845017101;ENSCAFG00845017123	0
ENSG00000283480	1	many_to_many_DifferentNumber	ENSCAFG00845017101;ENSCAFG00845017123;ENSCAFG00845017130	1	one_to_one	lncgDivg	ENSCAFG00845017130	0
ENSG00000287404	1	many_to_many_DifferentNumber	ENSCAFG00845017101;ENSCAFG00845017123;ENSCAFG00845017130	0	NA	NA	NA	0
ENSG00000233848	1	many_to_many_DifferentNumber	ENSCAFG00845017101;ENSCAFG00845017123;ENSCAFG00845017130	0	NA	NA	NA	0
ENSG00000227089	1	many_to_many_DifferentNumber	ENSCAFG00845017101;ENSCAFG00845017123;ENSCAFG00845017130	0	NA	NA	NA	0
ENSG00000231754	1	many_to_many_DifferentNumber	ENSCAFG00845017101;ENSCAFG00845017123;ENSCAFG00845017130	1	many_to_many_strict	lincDivg	ENSCAFG00845017101;ENSCAFG00845017123	0
ENSG00000287593	1	many_to_one	ENSCAFG00845021056	0	NA	NA	NA	0
ENSG00000234427	1	many_to_one	ENSCAFG00845021056	0	NA	NA	NA	0
ENSG00000229896	1	many_to_one	ENSCAFG00845021056	0	NA	NA	NA	0
ENSG00000225102	1	one_to_one	ENSCAFG00845021091	1	one_to_one	lincDivg	ENSCAFG00845021091	0
ENSG00000288548	1	many_to_one	ENSCAFG00845019052	0	NA	NA	NA	1
ENSG00000272142	1	many_to_one	ENSCAFG00845019052	0	NA	NA	NA	1
ENSG00000271978	1	one_to_one	ENSCAFG00845019046	0	NA	NA	NA	1
ENSG00000287614	1	many_to_one	ENSCAFG00845016554	0	NA	NA	NA	0
ENSG00000286590	1	many_to_one	ENSCAFG00845016554	1	one_to_one	lincSS.up	ENSCAFG00845016554	0
ENSG00000227803	1	many_to_one	ENSCAFG00845016554	0	NA	NA	NA	0
ENSG00000233981	1	one_to_one	ENSCAFG00845023137	0	NA	NA	NA	1
ENSG00000225092	1	one_to_one	ENSCAFG00845016753	1	one_to_one	lncgSS.dw	ENSCAFG00845016753	0
ENSG00000285771	1	one_to_one	ENSCAFG00845016765	0	NA	NA	NA	0
ENSG00000287055	1	one_to_one	ENSCAFG00845009111	0	NA	NA	NA	1
ENSG00000237530	1	many_to_many_DifferentNumber	ENSCAFG00845012028;ENSCAFG00845012126;ENSCAFG00845012149	0	NA	NA	NA	1
ENSG00000286417	1	many_to_many_DifferentNumber	ENSCAFG00845012028;ENSCAFG00845012126;ENSCAFG00845012149	0	NA	NA	NA	1
ENSG00000230597	1	many_to_many_DifferentNumber	ENSCAFG00845010208;ENSCAFG00845010213;ENSCAFG00845010224;ENSCAFG00845010228;ENSCAFG00845010245;ENSCAFG00845010257;ENSCAFG00845010265;ENSCAFG00845010279	1	one_to_many	lincSS.dw	ENSCAFG00845010257;ENSCAFG00845010245;ENSCAFG00845010224;ENSCAFG00845010279;ENSCAFG00845010265;ENSCAFG00845010213;ENSCAFG00845010228	1
ENSG00000285963	1	many_to_many_DifferentNumber	ENSCAFG00845010208;ENSCAFG00845010213;ENSCAFG00845010224;ENSCAFG00845010228;ENSCAFG00845010245;ENSCAFG00845010257;ENSCAFG00845010265;ENSCAFG00845010279	0	NA	NA	NA	1
ENSG00000223765	1	many_to_many_DifferentNumber	ENSCAFG00845010208;ENSCAFG00845010213;ENSCAFG00845010224;ENSCAFG00845010228;ENSCAFG00845010245;ENSCAFG00845010257;ENSCAFG00845010265;ENSCAFG00845010279	0	NA	NA	NA	1
ENSG00000286042	1	one_to_many	ENSCAFG00845009075;ENSCAFG00845009084;ENSCAFG00845009089;ENSCAFG00845009103	1	one_to_many	lincSS.up	ENSCAFG00845009075;ENSCAFG00845009084	0
ENSG00000235099	1	one_to_one	ENSCAFG00845008142	0	NA	NA	NA	0
ENSG00000231628	1	many_to_one	ENSCAFG00845007810	0	NA	NA	NA	1
ENSG00000286084	1	many_to_one	ENSCAFG00845007810	0	NA	NA	NA	1
ENSG00000237567	1	many_to_one	ENSCAFG00845007796	0	NA	NA	NA	1
ENSG00000284999	1	many_to_one	ENSCAFG00845007796	0	NA	NA	NA	1
ENSG00000232395	1	many_to_one	ENSCAFG00845020930	0	NA	NA	NA	0
ENSG00000228777	1	many_to_one	ENSCAFG00845020930	0	NA	NA	NA	0
ENSG00000226079	1	many_to_one	ENSCAFG00845020930	0	NA	NA	NA	0
ENSG00000289376	1	many_to_one	ENSCAFG00845020930	0	NA	NA	NA	1
ENSG00000224384	1	one_to_one	ENSCAFG00845008685	0	NA	NA	NA	1
ENSG00000285941	1	many_to_one	ENSCAFG00845000035	0	NA	NA	NA	1
ENSG00000285691	1	many_to_one	ENSCAFG00845000035	0	NA	NA	NA	1
ENSG00000235535	1	many_to_one	ENSCAFG00845000035	0	NA	NA	NA	1
ENSG00000229276	1	many_to_many_DifferentNumber	ENSCAFG00845017351;ENSCAFG00845017364;ENSCAFG00845017377	0	NA	NA	NA	0
ENSG00000286616	1	many_to_many_DifferentNumber	ENSCAFG00845017351;ENSCAFG00845017364;ENSCAFG00845017377	1	one_to_one	lincSS.up	ENSCAFG00845017364	1
ENSG00000175967	1	one_to_one	ENSCAFG00845020744	0	NA	NA	NA	0
ENSG00000271789	1	one_to_one	ENSCAFG00845016803	1	one_to_one	lncgSS.dw	ENSCAFG00845016803	1
ENSG00000234084	1	many_to_one	ENSCAFG00845005394	1	many_to_one	lncgDivg	ENSCAFG00845005394	0
ENSG00000287094	1	many_to_one	ENSCAFG00845005394	1	many_to_one	lncgDivg	ENSCAFG00845005394	1
ENSG00000231028	1	many_to_one	ENSCAFG00845005394	1	many_to_one	lncgDivg	ENSCAFG00845005394	1
ENSG00000233534	1	many_to_one	ENSCAFG00845005397	0	NA	NA	NA	1
ENSG00000236378	1	many_to_one	ENSCAFG00845005397	0	NA	NA	NA	1
ENSG00000235086	1	many_to_many_DifferentNumber	ENSCAFG00845001680;ENSCAFG00845001694;ENSCAFG00845001713	0	NA	NA	NA	1
ENSG00000234777	1	many_to_many_DifferentNumber	ENSCAFG00845001680;ENSCAFG00845001694;ENSCAFG00845001713	0	NA	NA	NA	1
ENSG00000231178	1	many_to_many_DifferentNumber	ENSCAFG00845001683;ENSCAFG00845001689;ENSCAFG00845001701;ENSCAFG00845001707	0	NA	NA	NA	1
ENSG00000237927	1	many_to_many_DifferentNumber	ENSCAFG00845001683;ENSCAFG00845001689;ENSCAFG00845001701;ENSCAFG00845001707	1	many_to_many	lincSS.dw	ENSCAFG00845001701;ENSCAFG00845001707;ENSCAFG00845001689	1
ENSG00000286533	1	many_to_many_DifferentNumber	ENSCAFG00845001683;ENSCAFG00845001689;ENSCAFG00845001701;ENSCAFG00845001707	1	many_to_many	lincSS.dw	ENSCAFG00845001701;ENSCAFG00845001707;ENSCAFG00845001689	1
ENSG00000236389	1	many_to_one	ENSCAFG00845005022	0	NA	NA	NA	0
ENSG00000229722	1	many_to_one	ENSCAFG00845005022	0	NA	NA	NA	0
ENSG00000231971	1	many_to_one	ENSCAFG00845005022	0	NA	NA	NA	0
ENSG00000232310	1	many_to_one	ENSCAFG00845005022	0	NA	NA	NA	0
ENSG00000285726	1	many_to_one	ENSCAFG00845002599	1	many_to_one	lincConv	ENSCAFG00845002599	0
ENSG00000285564	1	many_to_one	ENSCAFG00845002599	1	many_to_one	lincConv	ENSCAFG00845002599	0
ENSG00000285553	1	many_to_one	ENSCAFG00845002599	0	NA	NA	NA	0
ENSG00000225437	1	many_to_one	ENSCAFG00845002599	0	NA	NA	NA	0
ENSG00000225683	1	many_to_one	ENSCAFG00845002599	0	NA	NA	NA	0
ENSG00000285610	1	many_to_one	ENSCAFG00845002599	0	NA	NA	NA	0
ENSG00000281692	1	many_to_one	ENSCAFG00845002599	0	NA	NA	NA	0
ENSG00000270419	1	many_to_one	ENSCAFG00845002599	0	NA	NA	NA	0
ENSG00000285159	1	many_to_many_DifferentNumber	ENSCAFG00845001407;ENSCAFG00845001410	0	NA	NA	NA	1
ENSG00000233893	1	many_to_many_DifferentNumber	ENSCAFG00845001407;ENSCAFG00845001410	0	NA	NA	NA	1
ENSG00000203711	1	many_to_many_DifferentNumber	ENSCAFG00845001407;ENSCAFG00845001410	0	NA	NA	NA	1
ENSG00000285652	1	one_to_one	ENSCAFG00845000006	0	NA	NA	NA	0
ENSG00000237987	1	one_to_one	ENSCAFG00845005135	0	NA	NA	NA	0
ENSG00000286339	1	one_to_one	ENSCAFG00845007067	0	NA	NA	NA	1
ENSG00000224478	1	many_to_one	ENSCAFG00845001477	1	one_to_one	lincDivg	ENSCAFG00845001477	0
ENSG00000288845	1	many_to_one	ENSCAFG00845001477	0	NA	NA	NA	0
ENSG00000287268	1	one_to_many	ENSCAFG00845013054;ENSCAFG00845013067;ENSCAFG00845013070	1	one_to_one	lncgDivg	ENSCAFG00845013054	1
ENSG00000289847	1	one_to_one	ENSCAFG00845013188	0	NA	NA	NA	0
ENSG00000289257	1	one_to_one	ENSCAFG00845022121	0	NA	NA	NA	0
ENSG00000232529	1	one_to_one	ENSCAFG00845000496	1	one_to_one	lincSS.dw	ENSCAFG00845000496	0
ENSG00000226917	1	one_to_one	ENSCAFG00845015379	1	one_to_one	lincSS.up	ENSCAFG00845015379	0
ENSG00000223837	1	one_to_one	ENSCAFG00845018914	1	one_to_one	lncgSS.dw	ENSCAFG00845018914	0
ENSG00000263756	1	one_to_one	ENSCAFG00845018903	0	NA	NA	NA	0
ENSG00000236961	1	one_to_one	ENSCAFG00845010449	0	NA	NA	NA	1
ENSG00000227748	1	many_to_many_DifferentNumber	ENSCAFG00845013941;ENSCAFG00845013944;ENSCAFG00845013950;ENSCAFG00845013953;ENSCAFG00845013964	1	one_to_one	lincSS.dw	ENSCAFG00845013941	1
ENSG00000196634	1	many_to_many_DifferentNumber	ENSCAFG00845013941;ENSCAFG00845013944;ENSCAFG00845013950;ENSCAFG00845013953;ENSCAFG00845013964	1	one_to_one	lincSS.up	ENSCAFG00845013964	1
ENSG00000272397	1	many_to_one	ENSCAFG00845013934	0	NA	NA	NA	1
ENSG00000289851	1	many_to_one	ENSCAFG00845013934	0	NA	NA	NA	1
ENSG00000233452	1	many_to_one	ENSCAFG00845013934	0	NA	NA	NA	1
ENSG00000224374	1	one_to_one	ENSCAFG00845005246	0	NA	NA	NA	0
ENSG00000236703	1	one_to_one	ENSCAFG00845005242	0	NA	NA	NA	1
ENSG00000272320	1	one_to_many	ENSCAFG00845018048;ENSCAFG00845018080	1	one_to_one	lncgDivg	ENSCAFG00845018048	1
ENSG00000228793	1	one_to_one	ENSCAFG00845018135	0	NA	NA	NA	1
ENSG00000287458	1	one_to_one	ENSCAFG00845006928	0	NA	NA	NA	0
ENSG00000274023	1	one_to_one	ENSCAFG00845001284	1	one_to_one	lncgSS.dw	ENSCAFG00845001284	1
ENSG00000287591	1	many_to_one	ENSCAFG00845001282	0	NA	NA	NA	1
ENSG00000238019	1	many_to_one	ENSCAFG00845001282	0	NA	NA	NA	1
ENSG00000271755	1	one_to_many	ENSCAFG00845015541;ENSCAFG00845015555	1	one_to_one	lncgConv	ENSCAFG00845015541	0
ENSG00000285888	1	one_to_one	ENSCAFG00845009935	1	one_to_one	lncgDivg	ENSCAFG00845009935	1
ENSG00000287891	1	one_to_one	ENSCAFG00845009947	1	one_to_one	lncgSS.up	ENSCAFG00845009947	1
ENSG00000225174	1	one_to_one	ENSCAFG00845008958	0	NA	NA	NA	1
ENSG00000204091	1	one_to_one	ENSCAFG00845014656	0	NA	NA	NA	1
ENSG00000227131	1	many_to_one	ENSCAFG00845014644	0	NA	NA	NA	1
ENSG00000226070	1	many_to_one	ENSCAFG00845014644	0	NA	NA	NA	1
ENSG00000236075	1	many_to_one	ENSCAFG00845014729	0	NA	NA	NA	1
ENSG00000226454	1	many_to_one	ENSCAFG00845014729	0	NA	NA	NA	1
ENSG00000237947	1	many_to_one	ENSCAFG00845014729	0	NA	NA	NA	1
ENSG00000289911	1	one_to_one	ENSCAFG00845007362	0	NA	NA	NA	0
ENSG00000233797	1	one_to_many	ENSCAFG00845008521;ENSCAFG00845008529	1	one_to_one	lncgDivg	ENSCAFG00845008529	1
ENSG00000288879	1	one_to_one	ENSCAFG00845026532	0	NA	NA	NA	1
ENSG00000289256	1	one_to_many	ENSCAFG00845018124;ENSCAFG00845018158;ENSCAFG00845018173	1	one_to_one	lncgDivg	ENSCAFG00845018124	1
ENSG00000227012	1	one_to_many	ENSCAFG00845018143;ENSCAFG00845018189	1	one_to_many	lincSS.up	ENSCAFG00845018189;ENSCAFG00845018143	1
ENSG00000237286	1	one_to_many	ENSCAFG00845014957;ENSCAFG00845015009;ENSCAFG00845015019;ENSCAFG00845015042;ENSCAFG00845015052;ENSCAFG00845015079;ENSCAFG00845015102;ENSCAFG00845015111;ENSCAFG00845015146	0	NA	NA	NA	0
ENSG00000236708	1	many_to_many_DifferentNumber	ENSCAFG00845014876;ENSCAFG00845014981;ENSCAFG00845014987;ENSCAFG00845014996;ENSCAFG00845015001;ENSCAFG00845015026;ENSCAFG00845015037;ENSCAFG00845015046;ENSCAFG00845015061;ENSCAFG00845015071;ENSCAFG00845015119;ENSCAFG00845015127;ENSCAFG00845015137	0	NA	NA	NA	0
ENSG00000217455	1	many_to_many_DifferentNumber	ENSCAFG00845014876;ENSCAFG00845014981;ENSCAFG00845014987;ENSCAFG00845014996;ENSCAFG00845015001;ENSCAFG00845015026;ENSCAFG00845015037;ENSCAFG00845015046;ENSCAFG00845015061;ENSCAFG00845015071;ENSCAFG00845015119;ENSCAFG00845015127;ENSCAFG00845015137	0	NA	NA	NA	0
ENSG00000231892	1	many_to_many_DifferentNumber	ENSCAFG00845014876;ENSCAFG00845014981;ENSCAFG00845014987;ENSCAFG00845014996;ENSCAFG00845015001;ENSCAFG00845015026;ENSCAFG00845015037;ENSCAFG00845015046;ENSCAFG00845015061;ENSCAFG00845015071;ENSCAFG00845015119;ENSCAFG00845015127;ENSCAFG00845015137	0	NA	NA	NA	0
ENSG00000228334	1	many_to_many_DifferentNumber	ENSCAFG00845014876;ENSCAFG00845014981;ENSCAFG00845014987;ENSCAFG00845014996;ENSCAFG00845015001;ENSCAFG00845015026;ENSCAFG00845015037;ENSCAFG00845015046;ENSCAFG00845015061;ENSCAFG00845015071;ENSCAFG00845015119;ENSCAFG00845015127;ENSCAFG00845015137	0	NA	NA	NA	0
ENSG00000241269	1	many_to_one	ENSCAFG00845013587	0	NA	NA	NA	1
ENSG00000188365	1	many_to_one	ENSCAFG00845013587	0	NA	NA	NA	1
ENSG00000273084	1	many_to_one	ENSCAFG00845013587	0	NA	NA	NA	1
ENSG00000290091	1	many_to_one	ENSCAFG00845013587	0	NA	NA	NA	1
ENSG00000272953	1	many_to_one	ENSCAFG00845013587	0	NA	NA	NA	1
ENSG00000272732	1	many_to_one	ENSCAFG00845022704	0	NA	NA	NA	1
ENSG00000272894	1	many_to_one	ENSCAFG00845022704	1	one_to_one	lncgDivg	ENSCAFG00845022704	1
ENSG00000237070	1	many_to_one	ENSCAFG00845028162	0	NA	NA	NA	1
ENSG00000229108	1	many_to_one	ENSCAFG00845028162	0	NA	NA	NA	1
ENSG00000286376	1	many_to_one	ENSCAFG00845028167	0	NA	NA	NA	1
ENSG00000225974	1	many_to_one	ENSCAFG00845028167	0	NA	NA	NA	1
ENSG00000229379	1	many_to_one	ENSCAFG00845028167	0	NA	NA	NA	1
ENSG00000229533	1	many_to_one	ENSCAFG00845007090	0	NA	NA	NA	0
ENSG00000232821	1	many_to_one	ENSCAFG00845007090	0	NA	NA	NA	0
ENSG00000236536	1	many_to_one	ENSCAFG00845007090	0	NA	NA	NA	0
ENSG00000230333	1	one_to_one	ENSCAFG00845025005	1	one_to_one	lncgConv	ENSCAFG00845025005	1
ENSG00000228421	1	many_to_one	ENSCAFG00845017601	1	one_to_one	lncgDivg	ENSCAFG00845017601	0
ENSG00000272568	1	many_to_one	ENSCAFG00845017601	0	NA	NA	NA	0
ENSG00000233517	1	many_to_one	ENSCAFG00845017601	0	NA	NA	NA	0
ENSG00000287651	1	many_to_one	ENSCAFG00845028651	0	NA	NA	NA	1
ENSG00000289335	1	many_to_one	ENSCAFG00845028651	1	one_to_one	lncgDivg	ENSCAFG00845028651	1
ENSG00000273014	1	many_to_many_DifferentNumber	ENSCAFG00845023072;ENSCAFG00845023088	0	NA	NA	NA	0
ENSG00000281332	1	many_to_many_DifferentNumber	ENSCAFG00845023072;ENSCAFG00845023088	0	NA	NA	NA	0
ENSG00000272905	1	many_to_many_DifferentNumber	ENSCAFG00845023072;ENSCAFG00845023088	1	one_to_one	lincConv	ENSCAFG00845023072	0
ENSG00000181211	1	one_to_one	ENSCAFG00845011911	1	one_to_one	lncgSS.dw	ENSCAFG00845011911	1
ENSG00000228680	1	many_to_one	ENSCAFG00845011926	1	many_to_one	lncgDivg	ENSCAFG00845017845	1
ENSG00000231638	1	many_to_one	ENSCAFG00845011926	1	many_to_one	lncgDivg	ENSCAFG00845017845	1
ENSG00000286658	1	many_to_one	ENSCAFG00845010901	0	NA	NA	NA	1
ENSG00000228204	1	many_to_one	ENSCAFG00845010901	0	NA	NA	NA	0
ENSG00000236046	1	one_to_many	ENSCAFG00845010875;ENSCAFG00845010887	1	one_to_one	lincSS.up	ENSCAFG00845010887	0
ENSG00000272950	1	one_to_many	ENSCAFG00845008963;ENSCAFG00845008969;ENSCAFG00845008975	0	NA	NA	NA	1
ENSG00000288889	1	one_to_one	ENSCAFG00845004150	1	one_to_one	lncgDivg	ENSCAFG00845004150	1
ENSG00000232019	1	one_to_one	ENSCAFG00845027673	0	NA	NA	NA	0
ENSG00000237870	1	many_to_one	ENSCAFG00845006458	0	NA	NA	NA	0
ENSG00000243243	1	many_to_one	ENSCAFG00845006458	0	NA	NA	NA	0
ENSG00000237813	1	many_to_one	ENSCAFG00845006458	0	NA	NA	NA	0
ENSG00000243345	1	many_to_one	ENSCAFG00845006233	0	NA	NA	NA	0
ENSG00000225535	1	many_to_one	ENSCAFG00845006233	0	NA	NA	NA	0
ENSG00000226770	1	many_to_one	ENSCAFG00845025933	0	NA	NA	NA	0
ENSG00000224138	1	many_to_one	ENSCAFG00845025933	1	one_to_one	lncgDivg	ENSCAFG00845025933	0
ENSG00000225612	1	many_to_one	ENSCAFG00845012972	0	NA	NA	NA	1
ENSG00000228521	1	many_to_one	ENSCAFG00845012972	0	NA	NA	NA	1
ENSG00000287865	1	many_to_one	ENSCAFG00845012972	0	NA	NA	NA	1
ENSG00000286013	1	many_to_many_DifferentNumber	ENSCAFG00845026828;ENSCAFG00845026860;ENSCAFG00845026871;ENSCAFG00845026882	0	NA	NA	NA	1
ENSG00000286076	1	many_to_many_DifferentNumber	ENSCAFG00845026828;ENSCAFG00845026860;ENSCAFG00845026871;ENSCAFG00845026882	0	NA	NA	NA	1
ENSG00000273320	1	many_to_many_DifferentNumber	ENSCAFG00845026828;ENSCAFG00845026860;ENSCAFG00845026871;ENSCAFG00845026882	0	NA	NA	NA	1
ENSG00000243797	1	many_to_many_DifferentNumber	ENSCAFG00845026835;ENSCAFG00845026846	1	one_to_one	lncgSS.dw	ENSCAFG00845026835	1
ENSG00000267052	1	many_to_many_DifferentNumber	ENSCAFG00845026835;ENSCAFG00845026846	0	NA	NA	NA	1
ENSG00000290116	1	many_to_many_DifferentNumber	ENSCAFG00845026835;ENSCAFG00845026846	0	NA	NA	NA	1
ENSG00000229196	1	one_to_one	ENSCAFG00845019142	1	one_to_one	lincSS.dw	ENSCAFG00845019142	1
ENSG00000272604	1	one_to_one	ENSCAFG00845027513	0	NA	NA	NA	1
ENSG00000204990	1	many_to_many_DifferentNumber	ENSCAFG00845031023;ENSCAFG00845031026	0	NA	NA	NA	0
ENSG00000285841	1	many_to_many_DifferentNumber	ENSCAFG00845031023;ENSCAFG00845031026	0	NA	NA	NA	0
ENSG00000261629	1	many_to_many_DifferentNumber	ENSCAFG00845031023;ENSCAFG00845031026	0	NA	NA	NA	0
ENSG00000261570	1	many_to_many_DifferentNumber	ENSCAFG00845031023;ENSCAFG00845031026	0	NA	NA	NA	0
ENSG00000261797	1	many_to_many_DifferentNumber	ENSCAFG00845031023;ENSCAFG00845031026	1	one_to_one	lincConv	ENSCAFG00845031023	0
ENSG00000275356	1	one_to_many	ENSCAFG00845005697;ENSCAFG00845005714	0	NA	NA	NA	0
ENSG00000235427	1	many_to_one	ENSCAFG00845006906	0	NA	NA	NA	0
ENSG00000231210	1	many_to_one	ENSCAFG00845006906	0	NA	NA	NA	0
ENSG00000231951	1	many_to_one	ENSCAFG00845019583	0	NA	NA	NA	0
ENSG00000287584	1	many_to_one	ENSCAFG00845019583	0	NA	NA	NA	0
ENSG00000285904	1	one_to_one	ENSCAFG00845031055	1	one_to_one	lncgDivg	ENSCAFG00845031055	1
ENSG00000224116	1	one_to_one	ENSCAFG00845018557	0	NA	NA	NA	1
ENSG00000289403	1	one_to_many	ENSCAFG00845018566;ENSCAFG00845018607	1	one_to_one	lncgSS.up	ENSCAFG00845018607	1
ENSG00000286569	1	one_to_one	ENSCAFG00845018275	0	NA	NA	NA	1
ENSG00000279418	1	many_to_many_sameNumber	ENSCAFG00845013297;ENSCAFG00845013302	0	NA	NA	NA	1
ENSG00000204876	1	many_to_many_sameNumber	ENSCAFG00845013297;ENSCAFG00845013302	0	NA	NA	NA	1
ENSG00000289588	1	many_to_many_DifferentNumber	ENSCAFG00845013258;ENSCAFG00845013272;ENSCAFG00845013315	0	NA	NA	NA	1
ENSG00000182648	1	many_to_many_DifferentNumber	ENSCAFG00845013258;ENSCAFG00845013272;ENSCAFG00845013315	0	NA	NA	NA	1
ENSG00000235029	1	many_to_one	ENSCAFG00845013752	1	many_to_one	lncgDivg	ENSCAFG00845013752	1
ENSG00000243479	1	many_to_one	ENSCAFG00845013752	1	many_to_one	lncgDivg	ENSCAFG00845013752	1
ENSG00000269446	1	many_to_one	ENSCAFG00845013752	0	NA	NA	NA	0
ENSG00000236102	1	one_to_one	ENSCAFG00845013760	1	one_to_one	lincSS.up	ENSCAFG00845013760	1
ENSG00000287893	1	one_to_one	ENSCAFG00845028986	0	NA	NA	NA	1
ENSG00000287815	1	one_to_many	ENSCAFG00845002512;ENSCAFG00845002519	0	NA	NA	NA	1
ENSG00000231098	1	one_to_one	ENSCAFG00845014606	0	NA	NA	NA	1
ENSG00000244036	1	one_to_one	ENSCAFG00845019635	1	one_to_one	lncgConv	ENSCAFG00845019635	1
ENSG00000272760	1	many_to_many_DifferentNumber	ENSCAFG00845012921;ENSCAFG00845012942	1	many_to_many	lncgDivg	ENSCAFG00845012942;ENSCAFG00845012921	0
ENSG00000273183	1	many_to_many_DifferentNumber	ENSCAFG00845012921;ENSCAFG00845012942	1	many_to_many	lncgDivg	ENSCAFG00845012942;ENSCAFG00845012921	0
ENSG00000273344	1	many_to_many_DifferentNumber	ENSCAFG00845012921;ENSCAFG00845012942	1	many_to_many	lncgDivg	ENSCAFG00845012942;ENSCAFG00845012921	1
ENSG00000289438	1	one_to_one	ENSCAFG00845007260	0	NA	NA	NA	1
ENSG00000223571	1	one_to_one	ENSCAFG00845022321	1	one_to_one	lncgSS.up	ENSCAFG00845022321	0
ENSG00000283400	1	many_to_many_DifferentNumber	ENSCAFG00845029397;ENSCAFG00845029422;ENSCAFG00845029432;ENSCAFG00845029441;ENSCAFG00845029457	0	NA	NA	NA	0
ENSG00000283546	1	many_to_many_DifferentNumber	ENSCAFG00845029397;ENSCAFG00845029422;ENSCAFG00845029432;ENSCAFG00845029441;ENSCAFG00845029457	0	NA	NA	NA	0
ENSG00000283631	1	many_to_one	ENSCAFG00845029407	0	NA	NA	NA	0
ENSG00000283380	1	many_to_one	ENSCAFG00845029407	1	many_to_one	lncgDivg	ENSCAFG00845029407	0
ENSG00000286060	1	one_to_many	ENSCAFG00845031080;ENSCAFG00845031081;ENSCAFG00845031082	0	NA	NA	NA	0
ENSG00000237741	1	one_to_one	ENSCAFG00845021066	0	NA	NA	NA	0
ENSG00000227042	1	one_to_one	ENSCAFG00845026264	0	NA	NA	NA	1
ENSG00000270052	1	many_to_many_DifferentNumber	ENSCAFG00845024878;ENSCAFG00845024906;ENSCAFG00845024916	0	NA	NA	NA	0
ENSG00000214915	1	many_to_many_DifferentNumber	ENSCAFG00845024878;ENSCAFG00845024906;ENSCAFG00845024916	0	NA	NA	NA	0
ENSG00000261101	1	many_to_one	ENSCAFG00845019973	1	one_to_one	lncgSS.dw	ENSCAFG00845019973	0
ENSG00000286000	1	many_to_one	ENSCAFG00845019973	0	NA	NA	NA	0
ENSG00000228275	1	one_to_one	ENSCAFG00845019984	0	NA	NA	NA	0
ENSG00000225037	1	one_to_one	ENSCAFG00845029153	0	NA	NA	NA	1
ENSG00000230153	1	one_to_one	ENSCAFG00845024529	0	NA	NA	NA	1
ENSG00000281961	1	many_to_one	ENSCAFG00845019074	0	NA	NA	NA	0
ENSG00000282692	1	many_to_one	ENSCAFG00845019074	0	NA	NA	NA	0
ENSG00000282375	1	many_to_one	ENSCAFG00845019074	0	NA	NA	NA	0
ENSG00000282160	1	many_to_one	ENSCAFG00845019074	0	NA	NA	NA	0
ENSG00000255076	1	one_to_many	ENSCAFG00845014131;ENSCAFG00845014138	0	NA	NA	NA	0
ENSG00000255494	1	one_to_many	ENSCAFG00845013484;ENSCAFG00845013497;ENSCAFG00845013512	0	NA	NA	NA	1
ENSG00000254813	1	one_to_many	ENSCAFG00845013491;ENSCAFG00845013502;ENSCAFG00845013507;ENSCAFG00845013521	0	NA	NA	NA	1
ENSG00000253452	1	one_to_many	ENSCAFG00845014046;ENSCAFG00845014068	1	one_to_one	lincSS.dw	ENSCAFG00845014068	0
ENSG00000253746	1	many_to_one	ENSCAFG00845013845	0	NA	NA	NA	0
ENSG00000253123	1	many_to_one	ENSCAFG00845013845	0	NA	NA	NA	0
ENSG00000254038	1	many_to_one	ENSCAFG00845013845	0	NA	NA	NA	0
ENSG00000254306	1	many_to_one	ENSCAFG00845013845	1	many_to_one	lincDivg	ENSCAFG00845013845	0
ENSG00000253344	1	many_to_one	ENSCAFG00845013845	1	many_to_one	lincDivg	ENSCAFG00845013845	0
ENSG00000253161	1	many_to_one	ENSCAFG00845013845	0	NA	NA	NA	0
ENSG00000254290	1	many_to_one	ENSCAFG00845013845	1	many_to_one	lincDivg	ENSCAFG00845013845	0
ENSG00000253414	1	many_to_one	ENSCAFG00845013845	0	NA	NA	NA	0
ENSG00000253474	1	one_to_one	ENSCAFG00845028711	0	NA	NA	NA	1
ENSG00000253206	1	many_to_many_DifferentNumber	ENSCAFG00845028668;ENSCAFG00845028671;ENSCAFG00845028673;ENSCAFG00845028682;ENSCAFG00845028684;ENSCAFG00845028687;ENSCAFG00845028692;ENSCAFG00845028704;ENSCAFG00845028717;ENSCAFG00845028726;ENSCAFG00845028732;ENSCAFG00845028744;ENSCAFG00845028754;ENSCAFG00845028767;ENSCAFG00845028774;ENSCAFG00845028782;ENSCAFG00845028784;ENSCAFG00845028793;ENSCAFG00845028799;ENSCAFG00845028807;ENSCAFG00845028818;ENSCAFG00845028825;ENSCAFG00845028831	0	NA	NA	NA	1
ENSG00000253380	1	many_to_many_DifferentNumber	ENSCAFG00845028668;ENSCAFG00845028671;ENSCAFG00845028673;ENSCAFG00845028682;ENSCAFG00845028684;ENSCAFG00845028687;ENSCAFG00845028692;ENSCAFG00845028704;ENSCAFG00845028717;ENSCAFG00845028726;ENSCAFG00845028732;ENSCAFG00845028744;ENSCAFG00845028754;ENSCAFG00845028767;ENSCAFG00845028774;ENSCAFG00845028782;ENSCAFG00845028784;ENSCAFG00845028793;ENSCAFG00845028799;ENSCAFG00845028807;ENSCAFG00845028818;ENSCAFG00845028825;ENSCAFG00845028831	0	NA	NA	NA	1
ENSG00000253484	1	many_to_many_DifferentNumber	ENSCAFG00845028668;ENSCAFG00845028671;ENSCAFG00845028673;ENSCAFG00845028682;ENSCAFG00845028684;ENSCAFG00845028687;ENSCAFG00845028692;ENSCAFG00845028704;ENSCAFG00845028717;ENSCAFG00845028726;ENSCAFG00845028732;ENSCAFG00845028744;ENSCAFG00845028754;ENSCAFG00845028767;ENSCAFG00845028774;ENSCAFG00845028782;ENSCAFG00845028784;ENSCAFG00845028793;ENSCAFG00845028799;ENSCAFG00845028807;ENSCAFG00845028818;ENSCAFG00845028825;ENSCAFG00845028831	1	one_to_many	lincDivg	ENSCAFG00845028799;ENSCAFG00845028818;ENSCAFG00845028782;ENSCAFG00845028831;ENSCAFG00845028807;ENSCAFG00845028793;ENSCAFG00845028825;ENSCAFG00845028784	1
ENSG00000271148	1	many_to_many_DifferentNumber	ENSCAFG00845028668;ENSCAFG00845028671;ENSCAFG00845028673;ENSCAFG00845028682;ENSCAFG00845028684;ENSCAFG00845028687;ENSCAFG00845028692;ENSCAFG00845028704;ENSCAFG00845028717;ENSCAFG00845028726;ENSCAFG00845028732;ENSCAFG00845028744;ENSCAFG00845028754;ENSCAFG00845028767;ENSCAFG00845028774;ENSCAFG00845028782;ENSCAFG00845028784;ENSCAFG00845028793;ENSCAFG00845028799;ENSCAFG00845028807;ENSCAFG00845028818;ENSCAFG00845028825;ENSCAFG00845028831	0	NA	NA	NA	1
ENSG00000289095	1	many_to_many_DifferentNumber	ENSCAFG00845028668;ENSCAFG00845028671;ENSCAFG00845028673;ENSCAFG00845028682;ENSCAFG00845028684;ENSCAFG00845028687;ENSCAFG00845028692;ENSCAFG00845028704;ENSCAFG00845028717;ENSCAFG00845028726;ENSCAFG00845028732;ENSCAFG00845028744;ENSCAFG00845028754;ENSCAFG00845028767;ENSCAFG00845028774;ENSCAFG00845028782;ENSCAFG00845028784;ENSCAFG00845028793;ENSCAFG00845028799;ENSCAFG00845028807;ENSCAFG00845028818;ENSCAFG00845028825;ENSCAFG00845028831	0	NA	NA	NA	1
ENSG00000215117	1	many_to_one	ENSCAFG00845027503	0	NA	NA	NA	1
ENSG00000253871	1	many_to_one	ENSCAFG00845027503	0	NA	NA	NA	1
ENSG00000253301	1	many_to_one	ENSCAFG00845027503	0	NA	NA	NA	1
ENSG00000253614	1	many_to_one	ENSCAFG00845027503	0	NA	NA	NA	0
ENSG00000253821	1	many_to_one	ENSCAFG00845027503	0	NA	NA	NA	1
ENSG00000205293	1	many_to_one	ENSCAFG00845027503	0	NA	NA	NA	1
ENSG00000254139	1	many_to_one	ENSCAFG00845027503	0	NA	NA	NA	1
ENSG00000287301	1	many_to_one	ENSCAFG00845027503	0	NA	NA	NA	0
ENSG00000253322	1	many_to_many_DifferentNumber	ENSCAFG00845027546;ENSCAFG00845027556;ENSCAFG00845027561;ENSCAFG00845027568;ENSCAFG00845027574;ENSCAFG00845027579;ENSCAFG00845027589;ENSCAFG00845027596	0	NA	NA	NA	1
ENSG00000253376	1	many_to_many_DifferentNumber	ENSCAFG00845027546;ENSCAFG00845027556;ENSCAFG00845027561;ENSCAFG00845027568;ENSCAFG00845027574;ENSCAFG00845027579;ENSCAFG00845027589;ENSCAFG00845027596	1	one_to_many	lincDivg	ENSCAFG00845027574;ENSCAFG00845027556;ENSCAFG00845027596;ENSCAFG00845027568;ENSCAFG00845027579;ENSCAFG00845027589;ENSCAFG00845027561	1
ENSG00000254266	1	one_to_one	ENSCAFG00845029504	0	NA	NA	NA	0
ENSG00000287185	1	one_to_one	ENSCAFG00845014405	0	NA	NA	NA	0
ENSG00000254177	1	many_to_many_DifferentNumber	ENSCAFG00845014794;ENSCAFG00845014799;ENSCAFG00845014805;ENSCAFG00845014811;ENSCAFG00845014816	0	NA	NA	NA	1
ENSG00000254060	1	many_to_many_DifferentNumber	ENSCAFG00845014794;ENSCAFG00845014799;ENSCAFG00845014805;ENSCAFG00845014811;ENSCAFG00845014816	0	NA	NA	NA	1
ENSG00000289242	1	many_to_many_DifferentNumber	ENSCAFG00845014794;ENSCAFG00845014799;ENSCAFG00845014805;ENSCAFG00845014811;ENSCAFG00845014816	1	many_to_many	lincDivg	ENSCAFG00845014816;ENSCAFG00845014794;ENSCAFG00845014805;ENSCAFG00845014811;ENSCAFG00845014799	1
ENSG00000253214	1	many_to_many_DifferentNumber	ENSCAFG00845014794;ENSCAFG00845014799;ENSCAFG00845014805;ENSCAFG00845014811;ENSCAFG00845014816	1	many_to_many	lincDivg	ENSCAFG00845014816;ENSCAFG00845014794;ENSCAFG00845014805;ENSCAFG00845014811;ENSCAFG00845014799	1
ENSG00000253138	1	one_to_one	ENSCAFG00845018793	0	NA	NA	NA	1
ENSG00000253238	1	many_to_many_DifferentNumber	ENSCAFG00845014581;ENSCAFG00845014605;ENSCAFG00845014615	1	one_to_one	lincDivg	ENSCAFG00845014581	0
ENSG00000254205	1	many_to_many_DifferentNumber	ENSCAFG00845014581;ENSCAFG00845014605;ENSCAFG00845014615	0	NA	NA	NA	0
ENSG00000251867	1	one_to_many	ENSCAFG00845014566;ENSCAFG00845014576;ENSCAFG00845014584;ENSCAFG00845014595	0	NA	NA	NA	0
ENSG00000254020	1	many_to_one	ENSCAFG00845021889	0	NA	NA	NA	0
ENSG00000253682	1	many_to_one	ENSCAFG00845021889	0	NA	NA	NA	0
ENSG00000253634	1	many_to_one	ENSCAFG00845021889	0	NA	NA	NA	0
ENSG00000288005	1	many_to_one	ENSCAFG00845021889	0	NA	NA	NA	0
ENSG00000248858	1	many_to_one	ENSCAFG00845021889	0	NA	NA	NA	0
ENSG00000253749	1	many_to_one	ENSCAFG00845021889	0	NA	NA	NA	0
ENSG00000253834	1	many_to_one	ENSCAFG00845029682	0	NA	NA	NA	0
ENSG00000285971	1	many_to_one	ENSCAFG00845029682	1	many_to_one	lncgDivg	ENSCAFG00845029682	0
ENSG00000251127	1	many_to_one	ENSCAFG00845029682	0	NA	NA	NA	0
ENSG00000253416	1	one_to_one	ENSCAFG00845029487	1	one_to_one	lincSS.dw	ENSCAFG00845029487	0
ENSG00000254024	1	many_to_one	ENSCAFG00845029043	0	NA	NA	NA	0
ENSG00000254084	1	many_to_one	ENSCAFG00845029043	0	NA	NA	NA	0
ENSG00000253644	1	many_to_one	ENSCAFG00845029043	0	NA	NA	NA	0
ENSG00000253679	1	many_to_one	ENSCAFG00845029043	1	many_to_one	lincSS.up	ENSCAFG00845029043	0
ENSG00000287479	1	many_to_one	ENSCAFG00845029043	1	many_to_one	lincSS.up	ENSCAFG00845029043	0
ENSG00000289048	1	many_to_one	ENSCAFG00845029043	0	NA	NA	NA	0
ENSG00000254303	1	many_to_one	ENSCAFG00845008636	0	NA	NA	NA	0
ENSG00000263443	1	many_to_one	ENSCAFG00845008636	0	NA	NA	NA	0
ENSG00000255364	1	many_to_one	ENSCAFG00845008636	0	NA	NA	NA	0
ENSG00000255325	1	many_to_one	ENSCAFG00845008636	0	NA	NA	NA	0
ENSG00000254209	1	many_to_one	ENSCAFG00845008636	1	one_to_one	lincSS.up	ENSCAFG00845008636	0
ENSG00000272384	1	many_to_one	ENSCAFG00845008636	0	NA	NA	NA	0
ENSG00000253819	1	many_to_one	ENSCAFG00845008636	0	NA	NA	NA	0
ENSG00000254002	1	one_to_one	ENSCAFG00845015771	0	NA	NA	NA	1
ENSG00000287788	1	many_to_one	ENSCAFG00845028568	0	NA	NA	NA	1
ENSG00000286701	1	many_to_one	ENSCAFG00845028568	1	one_to_one	lncgSS.up	ENSCAFG00845028568	1
ENSG00000288761	1	many_to_one	ENSCAFG00845028568	0	NA	NA	NA	1
ENSG00000254343	1	one_to_one	ENSCAFG00845007340	1	one_to_one	lncgSS.dw	ENSCAFG00845007340	1
ENSG00000253629	1	one_to_many	ENSCAFG00845007422;ENSCAFG00845007429	0	NA	NA	NA	1
ENSG00000286034	1	many_to_many_DifferentNumber	ENSCAFG00845012589;ENSCAFG00845012649	0	NA	NA	NA	0
ENSG00000253926	1	many_to_many_DifferentNumber	ENSCAFG00845012589;ENSCAFG00845012649	0	NA	NA	NA	0
ENSG00000287785	1	many_to_many_DifferentNumber	ENSCAFG00845012589;ENSCAFG00845012649	0	NA	NA	NA	0
ENSG00000249859	1	many_to_many_DifferentNumber	ENSCAFG00845012589;ENSCAFG00845012649	1	one_to_many	lincSS.dw	ENSCAFG00845012649;ENSCAFG00845012589	0
ENSG00000254275	1	many_to_one	ENSCAFG00845012657	0	NA	NA	NA	0
ENSG00000280055	1	many_to_one	ENSCAFG00845012657	0	NA	NA	NA	0
ENSG00000285108	1	many_to_one	ENSCAFG00845012657	0	NA	NA	NA	0
ENSG00000229140	1	many_to_one	ENSCAFG00845012657	0	NA	NA	NA	0
ENSG00000254028	1	many_to_one	ENSCAFG00845010957	0	NA	NA	NA	1
ENSG00000253433	1	many_to_one	ENSCAFG00845010957	0	NA	NA	NA	1
ENSG00000254083	1	many_to_one	ENSCAFG00845010957	0	NA	NA	NA	1
ENSG00000248492	1	many_to_one	ENSCAFG00845010957	0	NA	NA	NA	1
ENSG00000251218	1	many_to_one	ENSCAFG00845010957	0	NA	NA	NA	1
ENSG00000272456	1	many_to_one	ENSCAFG00845010957	0	NA	NA	NA	1
ENSG00000286337	1	one_to_one	ENSCAFG00845008539	0	NA	NA	NA	0
ENSG00000170983	1	many_to_one	ENSCAFG00845019338	0	NA	NA	NA	1
ENSG00000286985	1	many_to_one	ENSCAFG00845019338	1	one_to_one	lincSS.up	ENSCAFG00845019338	1
ENSG00000269954	1	one_to_one	ENSCAFG00845019352	0	NA	NA	NA	1
ENSG00000254050	1	many_to_one	ENSCAFG00845029781	1	many_to_one	lncgDivg	ENSCAFG00845029682	0
ENSG00000287105	1	many_to_one	ENSCAFG00845029781	1	many_to_one	lncgDivg	ENSCAFG00845029682	0
ENSG00000253121	1	one_to_many	ENSCAFG00845029810;ENSCAFG00845029816;ENSCAFG00845029829	1	one_to_many	lncgDivg	ENSCAFG00845029810;ENSCAFG00845029816	0
ENSG00000254019	1	many_to_one	ENSCAFG00845013254	0	NA	NA	NA	1
ENSG00000254197	1	many_to_one	ENSCAFG00845013254	0	NA	NA	NA	1
ENSG00000254291	1	many_to_one	ENSCAFG00845013254	1	one_to_one	lincDivg	ENSCAFG00845013254	1
ENSG00000253595	1	many_to_one	ENSCAFG00845013254	0	NA	NA	NA	1
ENSG00000253307	1	many_to_one	ENSCAFG00845013114	1	one_to_one	lncgSS.up	ENSCAFG00845013114	1
ENSG00000261655	1	many_to_one	ENSCAFG00845013114	0	NA	NA	NA	1
ENSG00000244998	1	one_to_one	ENSCAFG00845013269	0	NA	NA	NA	1
ENSG00000253523	1	many_to_many_DifferentNumber	ENSCAFG00845027617;ENSCAFG00845027620	0	NA	NA	NA	1
ENSG00000253116	1	many_to_many_DifferentNumber	ENSCAFG00845027617;ENSCAFG00845027620	0	NA	NA	NA	1
ENSG00000288041	1	many_to_many_DifferentNumber	ENSCAFG00845027617;ENSCAFG00845027620	0	NA	NA	NA	0
ENSG00000253281	1	many_to_many_DifferentNumber	ENSCAFG00845027617;ENSCAFG00845027620	0	NA	NA	NA	0
ENSG00000254314	1	many_to_many_DifferentNumber	ENSCAFG00845029431;ENSCAFG00845029440;ENSCAFG00845029451;ENSCAFG00845029456;ENSCAFG00845029462;ENSCAFG00845029477;ENSCAFG00845029483	0	NA	NA	NA	1
ENSG00000253551	1	many_to_many_DifferentNumber	ENSCAFG00845029431;ENSCAFG00845029440;ENSCAFG00845029451;ENSCAFG00845029456;ENSCAFG00845029462;ENSCAFG00845029477;ENSCAFG00845029483	0	NA	NA	NA	0
ENSG00000253924	1	many_to_many_DifferentNumber	ENSCAFG00845029431;ENSCAFG00845029440;ENSCAFG00845029451;ENSCAFG00845029456;ENSCAFG00845029462;ENSCAFG00845029477;ENSCAFG00845029483	0	NA	NA	NA	0
ENSG00000266289	1	one_to_one	ENSCAFG00845008574	1	one_to_one	lncgConv	ENSCAFG00845008574	1
ENSG00000260949	1	many_to_one	ENSCAFG00845013455	0	NA	NA	NA	0
ENSG00000286677	1	many_to_one	ENSCAFG00845013455	1	many_to_one	lincSS.up	ENSCAFG00845013455	1
ENSG00000272128	1	many_to_one	ENSCAFG00845013455	1	many_to_one	lincSS.up	ENSCAFG00845013455	1
ENSG00000261437	1	one_to_one	ENSCAFG00845015239	0	NA	NA	NA	1
ENSG00000255289	1	one_to_one	ENSCAFG00845028686	1	one_to_one	lincSS.up	ENSCAFG00845028686	1
ENSG00000245857	1	one_to_one	ENSCAFG00845021850	0	NA	NA	NA	0
ENSG00000290005	1	one_to_many	ENSCAFG00845022152;ENSCAFG00845022175	0	NA	NA	NA	1
ENSG00000260398	1	one_to_one	ENSCAFG00845029547	1	one_to_one	lncgSS.dw	ENSCAFG00845029547	0
ENSG00000276759	1	many_to_one	ENSCAFG00845017280	0	NA	NA	NA	0
ENSG00000236306	1	many_to_one	ENSCAFG00845017280	0	NA	NA	NA	0
ENSG00000253400	1	many_to_one	ENSCAFG00845017280	0	NA	NA	NA	0
ENSG00000254261	1	many_to_one	ENSCAFG00845017280	0	NA	NA	NA	0
ENSG00000273399	1	many_to_many_DifferentNumber	ENSCAFG00845011248;ENSCAFG00845011254;ENSCAFG00845011273;ENSCAFG00845011278	0	NA	NA	NA	1
ENSG00000272871	1	many_to_many_DifferentNumber	ENSCAFG00845011248;ENSCAFG00845011254;ENSCAFG00845011273;ENSCAFG00845011278	0	NA	NA	NA	1
ENSG00000288876	1	many_to_many_DifferentNumber	ENSCAFG00845011248;ENSCAFG00845011254;ENSCAFG00845011273;ENSCAFG00845011278	0	NA	NA	NA	1
ENSG00000226337	1	one_to_many	ENSCAFG00845001447;ENSCAFG00845001463	0	NA	NA	NA	1
ENSG00000234506	1	one_to_many	ENSCAFG00845001437;ENSCAFG00845001442;ENSCAFG00845001455;ENSCAFG00845001474	0	NA	NA	NA	1
ENSG00000237153	1	many_to_one	ENSCAFG00845013280	0	NA	NA	NA	1
ENSG00000231756	1	many_to_one	ENSCAFG00845013280	1	many_to_one	lncgDivg	ENSCAFG00845013280	1
ENSG00000230694	1	many_to_one	ENSCAFG00845013280	1	many_to_one	lncgDivg	ENSCAFG00845013280	1
ENSG00000234779	1	many_to_one	ENSCAFG00845013280	1	many_to_one	lncgDivg	ENSCAFG00845013280	1
ENSG00000285169	1	one_to_many	ENSCAFG00845013293;ENSCAFG00845013301;ENSCAFG00845013307;ENSCAFG00845013312;ENSCAFG00845013323	0	NA	NA	NA	1
ENSG00000233262	1	many_to_one	ENSCAFG00845005404	0	NA	NA	NA	1
ENSG00000285987	1	many_to_one	ENSCAFG00845005404	0	NA	NA	NA	1
ENSG00000268926	1	many_to_one	ENSCAFG00845003833	0	NA	NA	NA	1
ENSG00000271314	1	many_to_one	ENSCAFG00845003833	1	many_to_one	lncgDivg	ENSCAFG00845003833	0
ENSG00000271155	1	many_to_one	ENSCAFG00845003833	1	many_to_one	lncgDivg	ENSCAFG00845003833	0
ENSG00000271659	1	many_to_one	ENSCAFG00845003833	1	many_to_one	lncgDivg	ENSCAFG00845003833	1
ENSG00000228142	1	many_to_one	ENSCAFG00845003833	0	NA	NA	NA	1
ENSG00000229345	1	many_to_one	ENSCAFG00845003835	1	one_to_one	lincSS.up	ENSCAFG00845003835	1
ENSG00000175611	1	many_to_one	ENSCAFG00845003835	0	NA	NA	NA	1
ENSG00000223446	1	one_to_one	ENSCAFG00845023904	1	one_to_one	lncgDivg	ENSCAFG00845023904	0
ENSG00000287233	1	one_to_one	ENSCAFG00845011601	0	NA	NA	NA	1
ENSG00000233721	1	many_to_one	ENSCAFG00845008346	1	many_to_one	lincSS.dw	ENSCAFG00845008346	1
ENSG00000226078	1	many_to_one	ENSCAFG00845008346	1	many_to_one	lincSS.dw	ENSCAFG00845008346	1
ENSG00000229587	1	one_to_one	ENSCAFG00845011697	0	NA	NA	NA	1
ENSG00000223729	1	one_to_one	ENSCAFG00845012067	0	NA	NA	NA	1
ENSG00000225032	1	one_to_one	ENSCAFG00845005316	0	NA	NA	NA	1
ENSG00000227071	1	one_to_one	ENSCAFG00845016205	0	NA	NA	NA	0
ENSG00000225376	1	one_to_one	ENSCAFG00845009287	0	NA	NA	NA	1
ENSG00000254396	1	one_to_one	ENSCAFG00845017933	0	NA	NA	NA	1
ENSG00000229312	1	many_to_many_DifferentNumber	ENSCAFG00845000805;ENSCAFG00845000810;ENSCAFG00845000819;ENSCAFG00845000824	0	NA	NA	NA	1
ENSG00000261447	1	many_to_many_DifferentNumber	ENSCAFG00845000805;ENSCAFG00845000810;ENSCAFG00845000819;ENSCAFG00845000824	0	NA	NA	NA	1
ENSG00000243888	1	one_to_many	ENSCAFG00845000801;ENSCAFG00845000814;ENSCAFG00845000822	0	NA	NA	NA	1
ENSG00000227512	1	many_to_one	ENSCAFG00845005418	0	NA	NA	NA	1
ENSG00000237886	1	many_to_one	ENSCAFG00845005418	0	NA	NA	NA	1
ENSG00000236986	1	many_to_one	ENSCAFG00845019964	0	NA	NA	NA	1
ENSG00000246851	1	many_to_one	ENSCAFG00845019964	0	NA	NA	NA	1
ENSG00000288727	1	many_to_one	ENSCAFG00845019964	0	NA	NA	NA	1
ENSG00000285637	1	one_to_one	ENSCAFG00845008854	1	one_to_one	lincSS.dw	ENSCAFG00845008854	0
ENSG00000230815	1	many_to_one	ENSCAFG00845004943	0	NA	NA	NA	1
ENSG00000236095	1	many_to_one	ENSCAFG00845004943	0	NA	NA	NA	1
ENSG00000229065	1	one_to_many	ENSCAFG00845004078;ENSCAFG00845004093;ENSCAFG00845004116	0	NA	NA	NA	1
ENSG00000271384	1	one_to_many	ENSCAFG00845004085;ENSCAFG00845004102;ENSCAFG00845004104;ENSCAFG00845004120	0	NA	NA	NA	1
ENSG00000291185	1	one_to_one	ENSCAFG00845011674	0	NA	NA	NA	1
ENSG00000236404	1	many_to_one	ENSCAFG00845002310	0	NA	NA	NA	1
ENSG00000236199	1	many_to_one	ENSCAFG00845002310	1	one_to_one	lncgDivg	ENSCAFG00845002071	1
ENSG00000236724	1	many_to_many_sameNumber	ENSCAFG00845002801;ENSCAFG00845002804;ENSCAFG00845002809	0	NA	NA	NA	1
ENSG00000237009	1	many_to_many_sameNumber	ENSCAFG00845002801;ENSCAFG00845002804;ENSCAFG00845002809	0	NA	NA	NA	1
ENSG00000228322	1	many_to_many_sameNumber	ENSCAFG00845002801;ENSCAFG00845002804;ENSCAFG00845002809	0	NA	NA	NA	1
ENSG00000230001	1	one_to_many	ENSCAFG00845002795;ENSCAFG00845002807	0	NA	NA	NA	1
ENSG00000260912	1	one_to_many	ENSCAFG00845014599;ENSCAFG00845014611	0	NA	NA	NA	1
ENSG00000288865	1	one_to_one	ENSCAFG00845000049	1	one_to_one	lncgDivg	ENSCAFG00845000049	1
ENSG00000260390	1	one_to_one	ENSCAFG00845018927	0	NA	NA	NA	0
ENSG00000224945	1	one_to_one	ENSCAFG00845019916	0	NA	NA	NA	1
ENSG00000289031	1	one_to_many	ENSCAFG00845022158;ENSCAFG00845022179	1	one_to_one	lncgSS.dw	ENSCAFG00845022179	1
ENSG00000224848	1	one_to_one	ENSCAFG00845003176	0	NA	NA	NA	1
ENSG00000236687	1	one_to_one	ENSCAFG00845017931	0	NA	NA	NA	1
ENSG00000254946	1	many_to_one	ENSCAFG00845023840	0	NA	NA	NA	0
ENSG00000254661	1	many_to_one	ENSCAFG00845023840	0	NA	NA	NA	0
ENSG00000286960	1	many_to_one	ENSCAFG00845023840	0	NA	NA	NA	0
ENSG00000254695	1	many_to_one	ENSCAFG00845023840	0	NA	NA	NA	0
ENSG00000289116	1	many_to_one	ENSCAFG00845023840	0	NA	NA	NA	0
ENSG00000255496	1	many_to_one	ENSCAFG00845018052	0	NA	NA	NA	0
ENSG00000255094	1	many_to_one	ENSCAFG00845018052	0	NA	NA	NA	0
ENSG00000255279	1	many_to_many_DifferentNumber	ENSCAFG00845019697;ENSCAFG00845019711;ENSCAFG00845019718	0	NA	NA	NA	0
ENSG00000255171	1	many_to_many_DifferentNumber	ENSCAFG00845019697;ENSCAFG00845019711;ENSCAFG00845019718	0	NA	NA	NA	0
ENSG00000254822	1	many_to_many_DifferentNumber	ENSCAFG00845019697;ENSCAFG00845019711;ENSCAFG00845019718	0	NA	NA	NA	0
ENSG00000255132	1	many_to_many_DifferentNumber	ENSCAFG00845019697;ENSCAFG00845019711;ENSCAFG00845019718	0	NA	NA	NA	0
ENSG00000255029	1	many_to_one	ENSCAFG00845018582	0	NA	NA	NA	0
ENSG00000255117	1	many_to_one	ENSCAFG00845018582	0	NA	NA	NA	0
ENSG00000254606	1	many_to_one	ENSCAFG00845018582	0	NA	NA	NA	0
ENSG00000249867	1	many_to_one	ENSCAFG00845018582	0	NA	NA	NA	0
ENSG00000255227	1	many_to_one	ENSCAFG00845018582	0	NA	NA	NA	0
ENSG00000254526	1	many_to_one	ENSCAFG00845018582	0	NA	NA	NA	0
ENSG00000254734	1	many_to_one	ENSCAFG00845018582	0	NA	NA	NA	0
ENSG00000248990	1	many_to_one	ENSCAFG00845018582	0	NA	NA	NA	0
ENSG00000254530	1	many_to_many_sameNumber	ENSCAFG00845018649;ENSCAFG00845018665	0	NA	NA	NA	0
ENSG00000261340	1	many_to_many_sameNumber	ENSCAFG00845018649;ENSCAFG00845018665	0	NA	NA	NA	0
ENSG00000254847	1	one_to_many	ENSCAFG00845019330;ENSCAFG00845019345;ENSCAFG00845019361	0	NA	NA	NA	0
ENSG00000255092	1	many_to_one	ENSCAFG00845005963	0	NA	NA	NA	0
ENSG00000255079	1	many_to_one	ENSCAFG00845005963	1	one_to_one	lincDivg	ENSCAFG00845005963	0
ENSG00000255032	1	many_to_one	ENSCAFG00845005963	0	NA	NA	NA	0
ENSG00000254693	1	many_to_one	ENSCAFG00845005963	0	NA	NA	NA	1
ENSG00000228061	1	one_to_one	ENSCAFG00845028057	0	NA	NA	NA	1
ENSG00000255186	1	one_to_one	ENSCAFG00845020410	0	NA	NA	NA	0
ENSG00000254566	1	many_to_many_sameNumber	ENSCAFG00845020387;ENSCAFG00845020397	1	many_to_one	lncgDivg	ENSCAFG00845020642	0
ENSG00000255060	1	many_to_many_sameNumber	ENSCAFG00845020387;ENSCAFG00845020397	1	many_to_one	lncgDivg	ENSCAFG00845020642	0
ENSG00000254560	1	one_to_many	ENSCAFG00845025115;ENSCAFG00845025147;ENSCAFG00845025164	0	NA	NA	NA	1
ENSG00000255516	1	many_to_one	ENSCAFG00845006282	0	NA	NA	NA	0
ENSG00000255241	1	many_to_one	ENSCAFG00845006282	0	NA	NA	NA	0
ENSG00000285835	1	many_to_one	ENSCAFG00845006299	0	NA	NA	NA	0
ENSG00000255102	1	many_to_one	ENSCAFG00845006299	0	NA	NA	NA	0
ENSG00000255183	1	many_to_one	ENSCAFG00845006299	0	NA	NA	NA	0
ENSG00000256916	1	many_to_one	ENSCAFG00845000960	0	NA	NA	NA	1
ENSG00000281655	1	many_to_one	ENSCAFG00845000960	0	NA	NA	NA	1
ENSG00000254863	1	many_to_one	ENSCAFG00845014353	0	NA	NA	NA	0
ENSG00000255216	1	many_to_one	ENSCAFG00845014353	0	NA	NA	NA	0
ENSG00000259290	1	one_to_one	ENSCAFG00845011148	1	one_to_one	lncgSS.dw	ENSCAFG00845011148	1
ENSG00000255142	1	many_to_one	ENSCAFG00845018461	0	NA	NA	NA	0
ENSG00000255284	1	many_to_one	ENSCAFG00845018461	0	NA	NA	NA	1
ENSG00000238262	1	one_to_one	ENSCAFG00845005893	0	NA	NA	NA	0
ENSG00000237654	1	many_to_many_DifferentNumber	ENSCAFG00845005882;ENSCAFG00845005901	0	NA	NA	NA	0
ENSG00000285980	1	many_to_many_DifferentNumber	ENSCAFG00845005882;ENSCAFG00845005901	0	NA	NA	NA	0
ENSG00000238117	1	many_to_many_DifferentNumber	ENSCAFG00845005882;ENSCAFG00845005901	0	NA	NA	NA	0
ENSG00000224700	1	many_to_many_DifferentNumber	ENSCAFG00845005882;ENSCAFG00845005901	0	NA	NA	NA	0
ENSG00000224795	1	many_to_many_DifferentNumber	ENSCAFG00845005882;ENSCAFG00845005901	0	NA	NA	NA	0
ENSG00000250493	1	one_to_one	ENSCAFG00845013575	0	NA	NA	NA	1
ENSG00000260401	1	one_to_one	ENSCAFG00845008771	1	one_to_one	lncgSS.dw	ENSCAFG00845008771	1
ENSG00000253973	1	one_to_one	ENSCAFG00845012799	1	one_to_one	lncgConv	ENSCAFG00845012799	1
ENSG00000254654	1	many_to_one	ENSCAFG00845005873	0	NA	NA	NA	1
ENSG00000287984	1	many_to_one	ENSCAFG00845005873	1	one_to_one	lincSS.up	ENSCAFG00845005873	1
ENSG00000254721	1	many_to_one	ENSCAFG00845014571	0	NA	NA	NA	0
ENSG00000289074	1	many_to_one	ENSCAFG00845014571	0	NA	NA	NA	0
ENSG00000255202	1	one_to_one	ENSCAFG00845025284	0	NA	NA	NA	1
ENSG00000255133	1	one_to_one	ENSCAFG00845024874	0	NA	NA	NA	1
ENSG00000263873	1	many_to_one	ENSCAFG00845014420	0	NA	NA	NA	1
ENSG00000289553	1	many_to_one	ENSCAFG00845014420	0	NA	NA	NA	1
ENSG00000254676	1	one_to_one	ENSCAFG00845011941	0	NA	NA	NA	0
ENSG00000247137	1	many_to_one	ENSCAFG00845011946	0	NA	NA	NA	0
ENSG00000269939	1	many_to_one	ENSCAFG00845011946	0	NA	NA	NA	0
ENSG00000255521	1	many_to_one	ENSCAFG00845023213	0	NA	NA	NA	0
ENSG00000289526	1	many_to_one	ENSCAFG00845023213	1	one_to_one	lincConv	ENSCAFG00845023213	0
ENSG00000289518	1	one_to_one	ENSCAFG00845013972	0	NA	NA	NA	1
ENSG00000254860	1	one_to_one	ENSCAFG00845012725	0	NA	NA	NA	1
ENSG00000289468	1	one_to_one	ENSCAFG00845011449	1	one_to_one	lncgSS.up	ENSCAFG00845011449	1
ENSG00000288833	1	one_to_one	ENSCAFG00845001084	1	one_to_one	lncgDivg	ENSCAFG00845001084	1
ENSG00000183242	1	one_to_one	ENSCAFG00845027246	1	one_to_one	lncgDivg	ENSCAFG00845027246	1
ENSG00000245552	1	one_to_many	ENSCAFG00845019095;ENSCAFG00845019122;ENSCAFG00845019150	1	one_to_one	lincConv	ENSCAFG00845019122	1
ENSG00000254943	1	one_to_many	ENSCAFG00845011618;ENSCAFG00845011625	0	NA	NA	NA	1
ENSG00000254703	1	one_to_one	ENSCAFG00845008242	0	NA	NA	NA	1
ENSG00000255197	1	one_to_one	ENSCAFG00845021588	0	NA	NA	NA	1
ENSG00000255717	1	one_to_one	ENSCAFG00845007466	0	NA	NA	NA	1
ENSG00000286610	1	many_to_one	ENSCAFG00845003150	0	NA	NA	NA	0
ENSG00000229672	1	many_to_one	ENSCAFG00845003150	1	many_to_one	lincConv	ENSCAFG00845003150	0
ENSG00000228353	1	many_to_one	ENSCAFG00845003150	1	many_to_one	lincConv	ENSCAFG00845003150	0
ENSG00000237399	1	many_to_one	ENSCAFG00845003150	0	NA	NA	NA	1
ENSG00000236968	1	many_to_one	ENSCAFG00845003150	0	NA	NA	NA	0
ENSG00000227338	1	many_to_one	ENSCAFG00845003150	0	NA	NA	NA	0
ENSG00000287428	1	many_to_one	ENSCAFG00845003150	0	NA	NA	NA	0
ENSG00000289994	1	many_to_one	ENSCAFG00845003150	0	NA	NA	NA	0
ENSG00000236892	1	many_to_many_DifferentNumber	ENSCAFG00845003118;ENSCAFG00845003152	0	NA	NA	NA	0
ENSG00000288566	1	many_to_many_DifferentNumber	ENSCAFG00845003118;ENSCAFG00845003152	0	NA	NA	NA	0
ENSG00000226762	1	many_to_many_DifferentNumber	ENSCAFG00845003118;ENSCAFG00845003152	0	NA	NA	NA	0
ENSG00000288657	1	many_to_many_DifferentNumber	ENSCAFG00845003118;ENSCAFG00845003152	0	NA	NA	NA	0
ENSG00000289882	1	many_to_many_DifferentNumber	ENSCAFG00845003118;ENSCAFG00845003152	0	NA	NA	NA	0
ENSG00000233321	1	many_to_many_DifferentNumber	ENSCAFG00845003118;ENSCAFG00845003152	0	NA	NA	NA	0
ENSG00000226990	1	many_to_one	ENSCAFG00845001071	0	NA	NA	NA	0
ENSG00000224788	1	many_to_one	ENSCAFG00845001071	0	NA	NA	NA	0
ENSG00000230014	1	many_to_one	ENSCAFG00845001071	0	NA	NA	NA	0
ENSG00000234752	1	many_to_one	ENSCAFG00845001071	0	NA	NA	NA	0
ENSG00000226861	1	many_to_one	ENSCAFG00845001071	0	NA	NA	NA	0
ENSG00000223808	1	many_to_one	ENSCAFG00845001071	0	NA	NA	NA	0
ENSG00000287309	1	many_to_one	ENSCAFG00845001071	0	NA	NA	NA	0
ENSG00000232638	1	many_to_one	ENSCAFG00845001071	0	NA	NA	NA	0
ENSG00000289363	1	many_to_one	ENSCAFG00845001071	0	NA	NA	NA	0
ENSG00000289328	1	many_to_one	ENSCAFG00845001071	0	NA	NA	NA	0
ENSG00000232170	1	many_to_many_DifferentNumber	ENSCAFG00845000985;ENSCAFG00845000988;ENSCAFG00845000994;ENSCAFG00845001001;ENSCAFG00845001005;ENSCAFG00845001008;ENSCAFG00845001012;ENSCAFG00845001018;ENSCAFG00845001022;ENSCAFG00845001027;ENSCAFG00845001034;ENSCAFG00845001038;ENSCAFG00845001043;ENSCAFG00845001048;ENSCAFG00845001052;ENSCAFG00845001055;ENSCAFG00845001061;ENSCAFG00845001067;ENSCAFG00845001069;ENSCAFG00845001073	0	NA	NA	NA	0
ENSG00000234306	1	many_to_many_DifferentNumber	ENSCAFG00845000985;ENSCAFG00845000988;ENSCAFG00845000994;ENSCAFG00845001001;ENSCAFG00845001005;ENSCAFG00845001008;ENSCAFG00845001012;ENSCAFG00845001018;ENSCAFG00845001022;ENSCAFG00845001027;ENSCAFG00845001034;ENSCAFG00845001038;ENSCAFG00845001043;ENSCAFG00845001048;ENSCAFG00845001052;ENSCAFG00845001055;ENSCAFG00845001061;ENSCAFG00845001067;ENSCAFG00845001069;ENSCAFG00845001073	0	NA	NA	NA	0
ENSG00000287120	1	many_to_many_DifferentNumber	ENSCAFG00845000985;ENSCAFG00845000988;ENSCAFG00845000994;ENSCAFG00845001001;ENSCAFG00845001005;ENSCAFG00845001008;ENSCAFG00845001012;ENSCAFG00845001018;ENSCAFG00845001022;ENSCAFG00845001027;ENSCAFG00845001034;ENSCAFG00845001038;ENSCAFG00845001043;ENSCAFG00845001048;ENSCAFG00845001052;ENSCAFG00845001055;ENSCAFG00845001061;ENSCAFG00845001067;ENSCAFG00845001069;ENSCAFG00845001073	0	NA	NA	NA	0
ENSG00000286439	1	many_to_many_DifferentNumber	ENSCAFG00845000985;ENSCAFG00845000988;ENSCAFG00845000994;ENSCAFG00845001001;ENSCAFG00845001005;ENSCAFG00845001008;ENSCAFG00845001012;ENSCAFG00845001018;ENSCAFG00845001022;ENSCAFG00845001027;ENSCAFG00845001034;ENSCAFG00845001038;ENSCAFG00845001043;ENSCAFG00845001048;ENSCAFG00845001052;ENSCAFG00845001055;ENSCAFG00845001061;ENSCAFG00845001067;ENSCAFG00845001069;ENSCAFG00845001073	0	NA	NA	NA	0
ENSG00000228636	1	many_to_many_DifferentNumber	ENSCAFG00845000985;ENSCAFG00845000988;ENSCAFG00845000994;ENSCAFG00845001001;ENSCAFG00845001005;ENSCAFG00845001008;ENSCAFG00845001012;ENSCAFG00845001018;ENSCAFG00845001022;ENSCAFG00845001027;ENSCAFG00845001034;ENSCAFG00845001038;ENSCAFG00845001043;ENSCAFG00845001048;ENSCAFG00845001052;ENSCAFG00845001055;ENSCAFG00845001061;ENSCAFG00845001067;ENSCAFG00845001069;ENSCAFG00845001073	0	NA	NA	NA	0
ENSG00000197308	1	many_to_many_DifferentNumber	ENSCAFG00845000985;ENSCAFG00845000988;ENSCAFG00845000994;ENSCAFG00845001001;ENSCAFG00845001005;ENSCAFG00845001008;ENSCAFG00845001012;ENSCAFG00845001018;ENSCAFG00845001022;ENSCAFG00845001027;ENSCAFG00845001034;ENSCAFG00845001038;ENSCAFG00845001043;ENSCAFG00845001048;ENSCAFG00845001052;ENSCAFG00845001055;ENSCAFG00845001061;ENSCAFG00845001067;ENSCAFG00845001069;ENSCAFG00845001073	0	NA	NA	NA	0
ENSG00000225383	1	many_to_many_DifferentNumber	ENSCAFG00845000985;ENSCAFG00845000988;ENSCAFG00845000994;ENSCAFG00845001001;ENSCAFG00845001005;ENSCAFG00845001008;ENSCAFG00845001012;ENSCAFG00845001018;ENSCAFG00845001022;ENSCAFG00845001027;ENSCAFG00845001034;ENSCAFG00845001038;ENSCAFG00845001043;ENSCAFG00845001048;ENSCAFG00845001052;ENSCAFG00845001055;ENSCAFG00845001061;ENSCAFG00845001067;ENSCAFG00845001069;ENSCAFG00845001073	0	NA	NA	NA	0
ENSG00000270111	1	many_to_many_DifferentNumber	ENSCAFG00845000985;ENSCAFG00845000988;ENSCAFG00845000994;ENSCAFG00845001001;ENSCAFG00845001005;ENSCAFG00845001008;ENSCAFG00845001012;ENSCAFG00845001018;ENSCAFG00845001022;ENSCAFG00845001027;ENSCAFG00845001034;ENSCAFG00845001038;ENSCAFG00845001043;ENSCAFG00845001048;ENSCAFG00845001052;ENSCAFG00845001055;ENSCAFG00845001061;ENSCAFG00845001067;ENSCAFG00845001069;ENSCAFG00845001073	0	NA	NA	NA	0
ENSG00000289897	1	many_to_many_DifferentNumber	ENSCAFG00845000985;ENSCAFG00845000988;ENSCAFG00845000994;ENSCAFG00845001001;ENSCAFG00845001005;ENSCAFG00845001008;ENSCAFG00845001012;ENSCAFG00845001018;ENSCAFG00845001022;ENSCAFG00845001027;ENSCAFG00845001034;ENSCAFG00845001038;ENSCAFG00845001043;ENSCAFG00845001048;ENSCAFG00845001052;ENSCAFG00845001055;ENSCAFG00845001061;ENSCAFG00845001067;ENSCAFG00845001069;ENSCAFG00845001073	0	NA	NA	NA	0
ENSG00000271046	1	many_to_one	ENSCAFG00845000472	0	NA	NA	NA	0
ENSG00000271360	1	many_to_one	ENSCAFG00845000472	0	NA	NA	NA	0
ENSG00000285994	1	many_to_one	ENSCAFG00845000176	0	NA	NA	NA	1
ENSG00000285520	1	many_to_one	ENSCAFG00845000176	1	one_to_one	lncgConv	ENSCAFG00845000176	1
ENSG00000289395	1	one_to_many	ENSCAFG00845000172;ENSCAFG00845000179	0	NA	NA	NA	1
ENSG00000231422	1	one_to_one	ENSCAFG00845005423	0	NA	NA	NA	0
ENSG00000280809	1	one_to_one	ENSCAFG00845004119	1	one_to_one	lincSS.dw	ENSCAFG00845004119	0
ENSG00000226304	1	one_to_one	ENSCAFG00845004096	0	NA	NA	NA	0
ENSG00000230417	1	many_to_one	ENSCAFG00845014216	0	NA	NA	NA	1
ENSG00000229543	1	many_to_one	ENSCAFG00845014216	0	NA	NA	NA	1
ENSG00000230229	1	many_to_one	ENSCAFG00845014216	0	NA	NA	NA	1
ENSG00000282863	1	many_to_one	ENSCAFG00845014216	0	NA	NA	NA	1
ENSG00000283096	1	many_to_one	ENSCAFG00845014216	0	NA	NA	NA	1
ENSG00000228683	1	many_to_many_DifferentNumber	ENSCAFG00845014258;ENSCAFG00845014264	0	NA	NA	NA	1
ENSG00000282952	1	many_to_many_DifferentNumber	ENSCAFG00845014258;ENSCAFG00845014264	0	NA	NA	NA	1
ENSG00000288090	1	many_to_many_DifferentNumber	ENSCAFG00845014258;ENSCAFG00845014264	0	NA	NA	NA	1
ENSG00000229569	1	many_to_many_DifferentNumber	ENSCAFG00845014258;ENSCAFG00845014264	0	NA	NA	NA	1
ENSG00000224596	1	many_to_many_DifferentNumber	ENSCAFG00845014258;ENSCAFG00845014264	0	NA	NA	NA	1
ENSG00000260400	1	one_to_one	ENSCAFG00845002505	1	one_to_one	lncgSS.dw	ENSCAFG00845002505	1
ENSG00000231082	1	one_to_many	ENSCAFG00845015708;ENSCAFG00845015749	0	NA	NA	NA	1
ENSG00000287358	1	one_to_many	ENSCAFG00845015719;ENSCAFG00845015727	1	many_to_one	lncgDivg	ENSCAFG00845015727	1
ENSG00000272767	1	one_to_one	ENSCAFG00845000813	0	NA	NA	NA	1
ENSG00000272381	1	many_to_many_DifferentNumber	ENSCAFG00845010484;ENSCAFG00845010497;ENSCAFG00845010508;ENSCAFG00845010519;ENSCAFG00845010528;ENSCAFG00845010534;ENSCAFG00845010543;ENSCAFG00845010548;ENSCAFG00845010562;ENSCAFG00845010572	1	one_to_many	lincSS.up	ENSCAFG00845010484;ENSCAFG00845010519;ENSCAFG00845010508;ENSCAFG00845010528;ENSCAFG00845010497	0
ENSG00000287564	1	many_to_many_DifferentNumber	ENSCAFG00845010484;ENSCAFG00845010497;ENSCAFG00845010508;ENSCAFG00845010519;ENSCAFG00845010528;ENSCAFG00845010534;ENSCAFG00845010543;ENSCAFG00845010548;ENSCAFG00845010562;ENSCAFG00845010572	0	NA	NA	NA	0
ENSG00000232739	1	one_to_one	ENSCAFG00845014529	0	NA	NA	NA	1
ENSG00000227374	1	many_to_one	ENSCAFG00845028275	0	NA	NA	NA	1
ENSG00000283141	1	many_to_one	ENSCAFG00845028275	0	NA	NA	NA	1
ENSG00000285582	1	one_to_one	ENSCAFG00845030961	0	NA	NA	NA	1
ENSG00000229418	1	one_to_one	ENSCAFG00845026793	0	NA	NA	NA	1
ENSG00000285551	1	one_to_many	ENSCAFG00845000325;ENSCAFG00845003338;ENSCAFG00845003344;ENSCAFG00845003351;ENSCAFG00845003363	0	NA	NA	NA	1
ENSG00000238280	1	one_to_many	ENSCAFG00845003341;ENSCAFG00845003356;ENSCAFG00845003358	0	NA	NA	NA	1
ENSG00000256462	1	many_to_one	ENSCAFG00845002847	0	NA	NA	NA	1
ENSG00000287566	1	many_to_one	ENSCAFG00845002847	0	NA	NA	NA	1
ENSG00000287235	1	many_to_one	ENSCAFG00845002847	0	NA	NA	NA	1
ENSG00000242147	1	many_to_one	ENSCAFG00845002847	0	NA	NA	NA	1
ENSG00000259994	1	one_to_many	ENSCAFG00845011489;ENSCAFG00845011508;ENSCAFG00845011525	0	NA	NA	NA	1
ENSG00000229869	1	one_to_many	ENSCAFG00845000364;ENSCAFG00845000368	0	NA	NA	NA	0
ENSG00000205740	1	one_to_many	ENSCAFG00845000352;ENSCAFG00845000360	0	NA	NA	NA	0
ENSG00000227896	1	one_to_one	ENSCAFG00845006535	1	one_to_one	lncgDivg	ENSCAFG00845006535	0
ENSG00000274685	1	one_to_one	ENSCAFG00845026732	0	NA	NA	NA	1
ENSG00000285712	1	one_to_one	ENSCAFG00845027310	0	NA	NA	NA	0
ENSG00000235470	1	one_to_one	ENSCAFG00845027810	1	many_to_one	lncgDivg	ENSCAFG00845027810	1
ENSG00000235010	1	one_to_one	ENSCAFG00845023836	0	NA	NA	NA	0
ENSG00000230534	1	one_to_many	ENSCAFG00845001901;ENSCAFG00845001916	0	NA	NA	NA	0
ENSG00000234393	1	one_to_one	ENSCAFG00845030389	0	NA	NA	NA	1
ENSG00000232807	1	one_to_one	ENSCAFG00845002235	1	one_to_one	lncgSS.dw	ENSCAFG00845002235	1
ENSG00000260917	1	many_to_one	ENSCAFG00845029885	1	one_to_one	lncgSS.dw	ENSCAFG00845029885	1
ENSG00000225292	1	many_to_one	ENSCAFG00845029885	0	NA	NA	NA	1
ENSG00000285676	1	many_to_one	ENSCAFG00845029891	1	one_to_one	lncgConv	ENSCAFG00845029891	1
ENSG00000233340	1	many_to_one	ENSCAFG00845029891	0	NA	NA	NA	1
ENSG00000237512	1	one_to_one	ENSCAFG00845004475	0	NA	NA	NA	1
ENSG00000235823	1	one_to_one	ENSCAFG00845016732	0	NA	NA	NA	0
ENSG00000229656	1	one_to_one	ENSCAFG00845002869	1	one_to_one	lncgDivg	ENSCAFG00845002869	1
ENSG00000233387	1	one_to_one	ENSCAFG00845002857	0	NA	NA	NA	1
ENSG00000287326	1	one_to_one	ENSCAFG00845027448	0	NA	NA	NA	1
ENSG00000289580	1	one_to_one	ENSCAFG00845029145	1	one_to_one	lncgDivg	ENSCAFG00845029145	0
ENSG00000256654	1	many_to_many_DifferentNumber	ENSCAFG00845030384;ENSCAFG00845030388;ENSCAFG00845030403	0	NA	NA	NA	1
ENSG00000255608	1	many_to_many_DifferentNumber	ENSCAFG00845030384;ENSCAFG00845030388;ENSCAFG00845030403	0	NA	NA	NA	1
ENSG00000286866	1	many_to_many_DifferentNumber	ENSCAFG00845030378;ENSCAFG00845030393;ENSCAFG00845030397;ENSCAFG00845030409;ENSCAFG00845030418	0	NA	NA	NA	1
ENSG00000287835	1	many_to_many_DifferentNumber	ENSCAFG00845030378;ENSCAFG00845030393;ENSCAFG00845030397;ENSCAFG00845030409;ENSCAFG00845030418	0	NA	NA	NA	1
ENSG00000283138	1	one_to_many	ENSCAFG00845023236;ENSCAFG00845023254	0	NA	NA	NA	0
ENSG00000256973	1	many_to_one	ENSCAFG00845013844	0	NA	NA	NA	1
ENSG00000257023	1	many_to_one	ENSCAFG00845013844	0	NA	NA	NA	1
ENSG00000256499	1	many_to_many_DifferentNumber	ENSCAFG00845015985;ENSCAFG00845015996	0	NA	NA	NA	1
ENSG00000256879	1	many_to_many_DifferentNumber	ENSCAFG00845015985;ENSCAFG00845015996	0	NA	NA	NA	1
ENSG00000287075	1	many_to_many_DifferentNumber	ENSCAFG00845015985;ENSCAFG00845015996	0	NA	NA	NA	1
ENSG00000255565	1	one_to_many	ENSCAFG00845019847;ENSCAFG00845019860	0	NA	NA	NA	1
ENSG00000257042	1	one_to_one	ENSCAFG00845022917	0	NA	NA	NA	1
ENSG00000274723	1	one_to_many	ENSCAFG00845026881;ENSCAFG00845026901	0	NA	NA	NA	0
ENSG00000257925	1	many_to_one	ENSCAFG00845026787	0	NA	NA	NA	0
ENSG00000247774	1	many_to_one	ENSCAFG00845026787	0	NA	NA	NA	1
ENSG00000286351	1	many_to_one	ENSCAFG00845007519	0	NA	NA	NA	1
ENSG00000257443	1	many_to_one	ENSCAFG00845007519	0	NA	NA	NA	1
ENSG00000286279	1	many_to_one	ENSCAFG00845007519	0	NA	NA	NA	1
ENSG00000257230	1	many_to_many_DifferentNumber	ENSCAFG00845007476;ENSCAFG00845007487;ENSCAFG00845007546;ENSCAFG00845007560	0	NA	NA	NA	1
ENSG00000258214	1	many_to_many_DifferentNumber	ENSCAFG00845007476;ENSCAFG00845007487;ENSCAFG00845007546;ENSCAFG00845007560	0	NA	NA	NA	1
ENSG00000257880	1	one_to_many	ENSCAFG00845007731;ENSCAFG00845007750;ENSCAFG00845007760;ENSCAFG00845007787;ENSCAFG00845007806;ENSCAFG00845007814;ENSCAFG00845007838;ENSCAFG00845007868;ENSCAFG00845007875	0	NA	NA	NA	1
ENSG00000257294	1	one_to_one	ENSCAFG00845007657	0	NA	NA	NA	1
ENSG00000286402	1	many_to_one	ENSCAFG00845007640	0	NA	NA	NA	1
ENSG00000287014	1	many_to_one	ENSCAFG00845007640	0	NA	NA	NA	1
ENSG00000258066	1	many_to_one	ENSCAFG00845007585	0	NA	NA	NA	0
ENSG00000258084	1	many_to_one	ENSCAFG00845007585	0	NA	NA	NA	0
ENSG00000257835	1	many_to_one	ENSCAFG00845007585	0	NA	NA	NA	0
ENSG00000289040	1	many_to_one	ENSCAFG00845007585	0	NA	NA	NA	0
ENSG00000257948	1	many_to_one	ENSCAFG00845007585	1	one_to_one	lincSS.up	ENSCAFG00845007585	0
ENSG00000257165	1	many_to_one	ENSCAFG00845007600	0	NA	NA	NA	0
ENSG00000257879	1	many_to_one	ENSCAFG00845007600	0	NA	NA	NA	0
ENSG00000258225	1	many_to_one	ENSCAFG00845007600	0	NA	NA	NA	0
ENSG00000258220	1	many_to_one	ENSCAFG00845007600	0	NA	NA	NA	0
ENSG00000255970	1	many_to_one	ENSCAFG00845013660	0	NA	NA	NA	1
ENSG00000235872	1	many_to_one	ENSCAFG00845013660	1	one_to_one	lncgConv	ENSCAFG00845013660	1
ENSG00000258338	1	many_to_many_DifferentNumber	ENSCAFG00845011447;ENSCAFG00845011476;ENSCAFG00845011503	1	one_to_one	lincSS.dw	ENSCAFG00845011476	1
ENSG00000257729	1	many_to_many_DifferentNumber	ENSCAFG00845011447;ENSCAFG00845011476;ENSCAFG00845011503	0	NA	NA	NA	1
ENSG00000257183	1	many_to_one	ENSCAFG00845024674	0	NA	NA	NA	0
ENSG00000257682	1	many_to_one	ENSCAFG00845024674	0	NA	NA	NA	0
ENSG00000258294	1	many_to_one	ENSCAFG00845024674	0	NA	NA	NA	0
ENSG00000251138	1	many_to_one	ENSCAFG00845024674	0	NA	NA	NA	0
ENSG00000236333	1	many_to_one	ENSCAFG00845024674	0	NA	NA	NA	0
ENSG00000258235	1	many_to_one	ENSCAFG00845024674	1	one_to_one	lincConv	ENSCAFG00845024674	0
ENSG00000288530	1	many_to_one	ENSCAFG00845022682	0	NA	NA	NA	1
ENSG00000257761	1	many_to_one	ENSCAFG00845022682	0	NA	NA	NA	1
ENSG00000257438	1	one_to_one	ENSCAFG00845005687	1	one_to_one	lncgDivg	ENSCAFG00845005687	1
ENSG00000256915	1	many_to_one	ENSCAFG00845012389	0	NA	NA	NA	1
ENSG00000250280	1	many_to_one	ENSCAFG00845012389	1	one_to_one	lncgSS.dw	ENSCAFG00845012389	1
ENSG00000255866	1	many_to_one	ENSCAFG00845012389	0	NA	NA	NA	1
ENSG00000256268	1	many_to_one	ENSCAFG00845012389	0	NA	NA	NA	1
ENSG00000286678	1	one_to_one	ENSCAFG00845012048	0	NA	NA	NA	0
ENSG00000257526	1	one_to_many	ENSCAFG00845006552;ENSCAFG00845006597;ENSCAFG00845006607	1	one_to_one	lncgDivg	ENSCAFG00845006552	1
ENSG00000287030	1	one_to_many	ENSCAFG00845006587;ENSCAFG00845006619	0	NA	NA	NA	1
ENSG00000287136	1	many_to_one	ENSCAFG00845029182	0	NA	NA	NA	0
ENSG00000204603	1	many_to_one	ENSCAFG00845029182	1	one_to_one	lincSS.dw	ENSCAFG00845029182	0
ENSG00000256484	1	many_to_one	ENSCAFG00845029182	0	NA	NA	NA	0
ENSG00000230294	1	many_to_one	ENSCAFG00845029182	0	NA	NA	NA	0
ENSG00000287639	1	many_to_one	ENSCAFG00845029182	0	NA	NA	NA	0
ENSG00000249926	1	many_to_one	ENSCAFG00845029182	0	NA	NA	NA	0
ENSG00000256204	1	many_to_one	ENSCAFG00845029182	0	NA	NA	NA	1
ENSG00000256151	1	many_to_many_DifferentNumber	ENSCAFG00845029152;ENSCAFG00845029175;ENSCAFG00845029191;ENSCAFG00845029202	0	NA	NA	NA	1
ENSG00000256810	1	many_to_many_DifferentNumber	ENSCAFG00845029152;ENSCAFG00845029175;ENSCAFG00845029191;ENSCAFG00845029202	0	NA	NA	NA	1
ENSG00000287792	1	many_to_many_DifferentNumber	ENSCAFG00845029152;ENSCAFG00845029175;ENSCAFG00845029191;ENSCAFG00845029202	0	NA	NA	NA	0
ENSG00000275232	1	many_to_many_DifferentNumber	ENSCAFG00845029152;ENSCAFG00845029175;ENSCAFG00845029191;ENSCAFG00845029202	0	NA	NA	NA	0
ENSG00000248703	1	many_to_many_DifferentNumber	ENSCAFG00845029152;ENSCAFG00845029175;ENSCAFG00845029191;ENSCAFG00845029202	0	NA	NA	NA	0
ENSG00000256209	1	many_to_many_DifferentNumber	ENSCAFG00845029152;ENSCAFG00845029175;ENSCAFG00845029191;ENSCAFG00845029202	0	NA	NA	NA	0
ENSG00000286462	1	many_to_many_DifferentNumber	ENSCAFG00845029152;ENSCAFG00845029175;ENSCAFG00845029191;ENSCAFG00845029202	0	NA	NA	NA	0
ENSG00000256258	1	many_to_many_DifferentNumber	ENSCAFG00845029152;ENSCAFG00845029175;ENSCAFG00845029191;ENSCAFG00845029202	1	many_to_one	lincDivg	ENSCAFG00845029152	0
ENSG00000256424	1	many_to_many_DifferentNumber	ENSCAFG00845029152;ENSCAFG00845029175;ENSCAFG00845029191;ENSCAFG00845029202	1	many_to_one	lincDivg	ENSCAFG00845029152	0
ENSG00000286869	1	many_to_one	ENSCAFG00845023152	1	one_to_one	lincConv	ENSCAFG00845023152	0
ENSG00000180861	1	many_to_one	ENSCAFG00845023152	0	NA	NA	NA	0
ENSG00000257737	1	many_to_one	ENSCAFG00845010129	0	NA	NA	NA	1
ENSG00000257766	1	many_to_one	ENSCAFG00845010129	0	NA	NA	NA	1
ENSG00000257681	1	many_to_one	ENSCAFG00845010129	0	NA	NA	NA	1
ENSG00000273987	1	one_to_one	ENSCAFG00845025685	1	one_to_one	lncgSS.up	ENSCAFG00845025685	0
ENSG00000258323	1	one_to_one	ENSCAFG00845020310	1	one_to_one	lncgDivg	ENSCAFG00845020310	1
ENSG00000254451	1	one_to_one	ENSCAFG00845025039	0	NA	NA	NA	1
ENSG00000272849	1	many_to_one	ENSCAFG00845023963	0	NA	NA	NA	1
ENSG00000274292	1	many_to_one	ENSCAFG00845023963	0	NA	NA	NA	1
ENSG00000212694	1	one_to_one	ENSCAFG00845023946	1	one_to_one	lncgSS.up	ENSCAFG00845023946	1
ENSG00000236617	1	many_to_many_sameNumber	ENSCAFG00845025143;ENSCAFG00845025179	1	many_to_one	lncgDivg	ENSCAFG00845025179	1
ENSG00000250790	1	many_to_many_sameNumber	ENSCAFG00845025143;ENSCAFG00845025179	1	many_to_one	lncgDivg	ENSCAFG00845025179	0
ENSG00000289557	1	one_to_one	ENSCAFG00845006428	1	one_to_one	lncgSS.dw	ENSCAFG00845006428	1
ENSG00000256988	1	one_to_one	ENSCAFG00845030436	0	NA	NA	NA	1
ENSG00000284513	1	one_to_many	ENSCAFG00845030349;ENSCAFG00845030360	0	NA	NA	NA	1
ENSG00000288971	1	one_to_one	ENSCAFG00845024560	1	one_to_one	lncgSS.dw	ENSCAFG00845024560	1
ENSG00000245311	1	one_to_one	ENSCAFG00845024548	1	one_to_one	lncgConv	ENSCAFG00845024548	1
ENSG00000274874	1	one_to_many	ENSCAFG00845016419;ENSCAFG00845016429;ENSCAFG00845016479;ENSCAFG00845016502	0	NA	NA	NA	1
ENSG00000250899	1	many_to_one	ENSCAFG00845024324	1	one_to_one	lncgSS.dw	ENSCAFG00845024324	0
ENSG00000289980	1	many_to_one	ENSCAFG00845024324	0	NA	NA	NA	0
ENSG00000257935	1	one_to_one	ENSCAFG00845024262	1	one_to_one	lncgDivg	ENSCAFG00845024262	1
ENSG00000276693	1	many_to_one	ENSCAFG00845027718	0	NA	NA	NA	0
ENSG00000256312	1	many_to_one	ENSCAFG00845027718	1	one_to_one	lincConv	ENSCAFG00845027718	0
ENSG00000255746	1	many_to_one	ENSCAFG00845027256	0	NA	NA	NA	1
ENSG00000261799	1	many_to_one	ENSCAFG00845027256	1	one_to_one	lncgSS.dw	ENSCAFG00845027256	1
ENSG00000281344	1	many_to_many_sameNumber	ENSCAFG00845009263;ENSCAFG00845009290	1	many_to_one	lncgConv	ENSCAFG00845009290	1
ENSG00000283052	1	many_to_many_sameNumber	ENSCAFG00845009263;ENSCAFG00845009290	1	many_to_one	lncgConv	ENSCAFG00845009290	1
ENSG00000258169	1	one_to_one	ENSCAFG00845009488	0	NA	NA	NA	1
ENSG00000257474	1	one_to_one	ENSCAFG00845007759	0	NA	NA	NA	1
ENSG00000257191	1	many_to_one	ENSCAFG00845007727	1	one_to_one	lncgDivg	ENSCAFG00845007600	0
ENSG00000257894	1	many_to_one	ENSCAFG00845007727	0	NA	NA	NA	1
ENSG00000274682	1	one_to_many	ENSCAFG00845030528;ENSCAFG00845030536;ENSCAFG00845030544;ENSCAFG00845030553;ENSCAFG00845030557;ENSCAFG00845030560;ENSCAFG00845030568;ENSCAFG00845030569;ENSCAFG00845030581	0	NA	NA	NA	1
ENSG00000230710	1	one_to_many	ENSCAFG00845024136;ENSCAFG00845024142;ENSCAFG00845024164	0	NA	NA	NA	0
ENSG00000288542	1	many_to_one	ENSCAFG00845024155	0	NA	NA	NA	0
ENSG00000215483	1	many_to_one	ENSCAFG00845024155	1	one_to_one	lincSS.dw	ENSCAFG00845024155	0
ENSG00000237585	1	many_to_one	ENSCAFG00845009674	0	NA	NA	NA	1
ENSG00000278156	1	many_to_one	ENSCAFG00845009674	1	one_to_one	lncgDivg	ENSCAFG00845009674	1
ENSG00000227528	1	many_to_many_sameNumber	ENSCAFG00845019981;ENSCAFG00845020016	1	many_to_one	lncgDivg	ENSCAFG00845019981	0
ENSG00000223815	1	many_to_many_sameNumber	ENSCAFG00845019981;ENSCAFG00845020016	1	many_to_one	lncgDivg	ENSCAFG00845019981	0
ENSG00000227336	1	one_to_many	ENSCAFG00845019997;ENSCAFG00845020027	1	one_to_one	lincSS.up	ENSCAFG00845019997	0
ENSG00000224853	1	one_to_one	ENSCAFG00845023404	0	NA	NA	NA	0
ENSG00000235625	1	many_to_one	ENSCAFG00845027820	0	NA	NA	NA	0
ENSG00000233379	1	many_to_one	ENSCAFG00845027820	0	NA	NA	NA	0
ENSG00000236133	1	many_to_one	ENSCAFG00845027820	0	NA	NA	NA	0
ENSG00000284196	1	many_to_one	ENSCAFG00845028421	0	NA	NA	NA	0
ENSG00000285684	1	many_to_one	ENSCAFG00845028421	0	NA	NA	NA	0
ENSG00000287270	1	many_to_one	ENSCAFG00845027482	0	NA	NA	NA	0
ENSG00000224347	1	many_to_one	ENSCAFG00845027482	0	NA	NA	NA	0
ENSG00000287546	1	many_to_one	ENSCAFG00845028123	0	NA	NA	NA	0
ENSG00000230156	1	many_to_one	ENSCAFG00845028123	0	NA	NA	NA	0
ENSG00000272274	1	many_to_one	ENSCAFG00845028123	1	one_to_one	lncgDivg	ENSCAFG00845028123	0
ENSG00000274718	1	many_to_one	ENSCAFG00845028200	0	NA	NA	NA	0
ENSG00000286343	1	many_to_one	ENSCAFG00845028200	0	NA	NA	NA	0
ENSG00000287599	1	many_to_one	ENSCAFG00845025210	0	NA	NA	NA	1
ENSG00000289900	1	many_to_one	ENSCAFG00845025210	0	NA	NA	NA	1
ENSG00000274929	1	many_to_one	ENSCAFG00845025224	0	NA	NA	NA	1
ENSG00000233456	1	many_to_one	ENSCAFG00845025224	0	NA	NA	NA	1
ENSG00000233610	1	many_to_one	ENSCAFG00845025224	0	NA	NA	NA	1
ENSG00000287863	1	one_to_one	ENSCAFG00845008011	0	NA	NA	NA	1
ENSG00000261553	1	one_to_many	ENSCAFG00845025065;ENSCAFG00845025083	1	one_to_one	lncgSS.up	ENSCAFG00845025083	1
ENSG00000261105	1	one_to_many	ENSCAFG00845025053;ENSCAFG00845025097	1	one_to_one	lncgConv	ENSCAFG00845025053	1
ENSG00000273149	1	many_to_many_sameNumber	ENSCAFG00845009187;ENSCAFG00845009194;ENSCAFG00845009207	1	one_to_one	lncgDivg	ENSCAFG00845009220	1
ENSG00000228886	1	many_to_many_sameNumber	ENSCAFG00845009187;ENSCAFG00845009194;ENSCAFG00845009207	1	one_to_one	lincDivg	ENSCAFG00845009202	0
ENSG00000170919	1	many_to_many_sameNumber	ENSCAFG00845009187;ENSCAFG00845009194;ENSCAFG00845009207	0	NA	NA	NA	0
ENSG00000231530	1	one_to_one	ENSCAFG00845010865	0	NA	NA	NA	1
ENSG00000275485	1	one_to_one	ENSCAFG00845021620	0	NA	NA	NA	1
ENSG00000289617	1	one_to_one	ENSCAFG00845015747	1	one_to_one	lncgSS.dw	ENSCAFG00845015747	0
ENSG00000237637	1	one_to_one	ENSCAFG00845015730	0	NA	NA	NA	0
ENSG00000277151	1	one_to_one	ENSCAFG00845014857	0	NA	NA	NA	0
ENSG00000226968	1	one_to_one	ENSCAFG00845014882	1	one_to_one	lincConv	ENSCAFG00845014882	0
ENSG00000280734	1	many_to_one	ENSCAFG00845022221	0	NA	NA	NA	1
ENSG00000203441	1	many_to_one	ENSCAFG00845022221	0	NA	NA	NA	1
ENSG00000287746	1	many_to_one	ENSCAFG00845022221	0	NA	NA	NA	1
ENSG00000288743	1	one_to_one	ENSCAFG00845024376	1	one_to_one	lncgDivg	ENSCAFG00845024376	0
ENSG00000226352	1	one_to_many	ENSCAFG00845023936;ENSCAFG00845023949	0	NA	NA	NA	1
ENSG00000272329	1	one_to_one	ENSCAFG00845010226	0	NA	NA	NA	0
ENSG00000258474	1	many_to_many_sameNumber	ENSCAFG00845011974;ENSCAFG00845011990;ENSCAFG00845012010	1	one_to_many	lincSS.dw	ENSCAFG00845011990;ENSCAFG00845011974	1
ENSG00000258386	1	many_to_many_sameNumber	ENSCAFG00845011974;ENSCAFG00845011990;ENSCAFG00845012010	1	one_to_one	lincSS.up	ENSCAFG00845012010	1
ENSG00000290393	1	many_to_many_sameNumber	ENSCAFG00845011974;ENSCAFG00845011990;ENSCAFG00845012010	0	NA	NA	NA	1
ENSG00000258655	1	many_to_many_DifferentNumber	ENSCAFG00845011966;ENSCAFG00845011999	0	NA	NA	NA	1
ENSG00000257155	1	many_to_many_DifferentNumber	ENSCAFG00845011966;ENSCAFG00845011999	0	NA	NA	NA	0
ENSG00000258196	1	many_to_many_DifferentNumber	ENSCAFG00845011966;ENSCAFG00845011999	0	NA	NA	NA	0
ENSG00000257472	1	many_to_many_DifferentNumber	ENSCAFG00845011966;ENSCAFG00845011999	1	one_to_many	lincConv	ENSCAFG00845011966;ENSCAFG00845011999	1
ENSG00000258487	1	many_to_one	ENSCAFG00845004055	0	NA	NA	NA	0
ENSG00000258969	1	many_to_one	ENSCAFG00845004055	0	NA	NA	NA	0
ENSG00000259149	1	many_to_one	ENSCAFG00845004055	0	NA	NA	NA	0
ENSG00000259126	1	many_to_one	ENSCAFG00845004055	0	NA	NA	NA	0
ENSG00000258803	1	many_to_one	ENSCAFG00845016966	1	one_to_one	lncgSS.dw	ENSCAFG00845016966	1
ENSG00000258703	1	many_to_one	ENSCAFG00845016966	0	NA	NA	NA	0
ENSG00000258428	1	many_to_one	ENSCAFG00845016984	0	NA	NA	NA	1
ENSG00000259133	1	many_to_one	ENSCAFG00845016984	0	NA	NA	NA	0
ENSG00000258479	1	one_to_one	ENSCAFG00845003481	0	NA	NA	NA	0
ENSG00000258955	1	many_to_one	ENSCAFG00845003490	0	NA	NA	NA	0
ENSG00000258942	1	many_to_one	ENSCAFG00845003490	0	NA	NA	NA	0
ENSG00000258537	1	many_to_one	ENSCAFG00845003490	0	NA	NA	NA	0
ENSG00000258747	1	one_to_many	ENSCAFG00845004079;ENSCAFG00845004086	0	NA	NA	NA	0
ENSG00000258731	1	many_to_one	ENSCAFG00845004355	0	NA	NA	NA	1
ENSG00000258985	1	many_to_one	ENSCAFG00845004355	0	NA	NA	NA	1
ENSG00000237356	1	many_to_one	ENSCAFG00845004355	0	NA	NA	NA	1
ENSG00000235269	1	many_to_many_sameNumber	ENSCAFG00845004350;ENSCAFG00845004358;ENSCAFG00845004362	1	one_to_many	lincSS.dw	ENSCAFG00845004358;ENSCAFG00845004350	1
ENSG00000286730	1	many_to_many_sameNumber	ENSCAFG00845004350;ENSCAFG00845004358;ENSCAFG00845004362	0	NA	NA	NA	1
ENSG00000225680	1	many_to_many_sameNumber	ENSCAFG00845004350;ENSCAFG00845004358;ENSCAFG00845004362	0	NA	NA	NA	1
ENSG00000258583	1	one_to_one	ENSCAFG00845019781	0	NA	NA	NA	0
ENSG00000259118	1	one_to_one	ENSCAFG00845002755	0	NA	NA	NA	1
ENSG00000258760	1	many_to_many_DifferentNumber	ENSCAFG00845002737;ENSCAFG00845002764;ENSCAFG00845002772;ENSCAFG00845002780;ENSCAFG00845002798	1	one_to_many	lincDivg	ENSCAFG00845002780;ENSCAFG00845002798;ENSCAFG00845002737;ENSCAFG00845002764;ENSCAFG00845002772	0
ENSG00000255002	1	many_to_many_DifferentNumber	ENSCAFG00845002737;ENSCAFG00845002764;ENSCAFG00845002772;ENSCAFG00845002780;ENSCAFG00845002798	0	NA	NA	NA	0
ENSG00000286423	1	many_to_one	ENSCAFG00845009087	0	NA	NA	NA	1
ENSG00000259146	1	many_to_one	ENSCAFG00845009087	0	NA	NA	NA	1
ENSG00000269927	1	many_to_one	ENSCAFG00845009087	0	NA	NA	NA	1
ENSG00000287643	1	many_to_one	ENSCAFG00845009087	0	NA	NA	NA	1
ENSG00000273797	1	one_to_one	ENSCAFG00845004167	1	one_to_one	lncgSS.dw	ENSCAFG00845004167	1
ENSG00000259719	1	many_to_many_DifferentNumber	ENSCAFG00845016539;ENSCAFG00845016586;ENSCAFG00845016646;ENSCAFG00845016665	0	NA	NA	NA	1
ENSG00000275569	1	many_to_many_DifferentNumber	ENSCAFG00845016539;ENSCAFG00845016586;ENSCAFG00845016646;ENSCAFG00845016665	1	one_to_one	lncgSS.dw	ENSCAFG00845016539	1
ENSG00000259483	1	one_to_many	ENSCAFG00845016551;ENSCAFG00845016617;ENSCAFG00845016631;ENSCAFG00845016698	1	one_to_one	lncgConv	ENSCAFG00845016551	1
ENSG00000258949	1	one_to_many	ENSCAFG00845004126;ENSCAFG00845004131	0	NA	NA	NA	1
ENSG00000258749	1	many_to_one	ENSCAFG00845003969	1	many_to_one	lncgDivg	ENSCAFG00845003969	0
ENSG00000247970	1	many_to_one	ENSCAFG00845003969	1	many_to_one	lncgDivg	ENSCAFG00845003969	0
ENSG00000258766	1	one_to_one	ENSCAFG00845008335	0	NA	NA	NA	0
ENSG00000258735	1	many_to_one	ENSCAFG00845020332	0	NA	NA	NA	1
ENSG00000287346	1	many_to_one	ENSCAFG00845020332	0	NA	NA	NA	1
ENSG00000157306	1	one_to_one	ENSCAFG00845004034	0	NA	NA	NA	1
ENSG00000273618	1	one_to_one	ENSCAFG00845004097	0	NA	NA	NA	1
ENSG00000258499	1	one_to_one	ENSCAFG00845022228	1	one_to_one	lincDivg	ENSCAFG00845022228	1
ENSG00000258908	1	one_to_one	ENSCAFG00845023120	0	NA	NA	NA	1
ENSG00000258658	1	one_to_many	ENSCAFG00845018911;ENSCAFG00845018919	1	one_to_one	lncgConv	ENSCAFG00845018911	0
ENSG00000259062	1	one_to_one	ENSCAFG00845003907	0	NA	NA	NA	1
ENSG00000258957	1	one_to_one	ENSCAFG00845003952	1	one_to_one	lincDivg	ENSCAFG00845003952	1
ENSG00000257759	1	many_to_one	ENSCAFG00845007561	0	NA	NA	NA	1
ENSG00000290783	1	many_to_one	ENSCAFG00845007561	0	NA	NA	NA	1
ENSG00000274818	1	one_to_one	ENSCAFG00845008087	0	NA	NA	NA	1
ENSG00000287153	1	many_to_one	ENSCAFG00845012553	0	NA	NA	NA	0
ENSG00000287777	1	many_to_one	ENSCAFG00845012553	0	NA	NA	NA	0
ENSG00000258976	1	one_to_one	ENSCAFG00845014495	0	NA	NA	NA	0
ENSG00000258050	1	many_to_one	ENSCAFG00845015174	0	NA	NA	NA	1
ENSG00000258413	1	many_to_one	ENSCAFG00845015174	0	NA	NA	NA	1
ENSG00000258964	1	many_to_one	ENSCAFG00845023468	0	NA	NA	NA	1
ENSG00000288928	1	many_to_one	ENSCAFG00845023468	1	one_to_one	lncgSS.dw	ENSCAFG00845023468	1
ENSG00000251602	1	one_to_one	ENSCAFG00845023909	0	NA	NA	NA	0
ENSG00000258520	1	one_to_one	ENSCAFG00845004000	0	NA	NA	NA	1
ENSG00000259319	1	one_to_one	ENSCAFG00845015385	1	one_to_one	lncgDivg	ENSCAFG00845015385	0
ENSG00000259508	1	one_to_one	ENSCAFG00845016632	0	NA	NA	NA	1
ENSG00000285774	1	one_to_one	ENSCAFG00845014683	0	NA	NA	NA	0
ENSG00000290676	1	one_to_one	ENSCAFG00845003173	0	NA	NA	NA	0
ENSG00000277152	1	many_to_one	ENSCAFG00845016520	1	one_to_one	lincSS.dw	ENSCAFG00845016520	1
ENSG00000259437	1	many_to_one	ENSCAFG00845016520	0	NA	NA	NA	1
ENSG00000274995	1	many_to_one	ENSCAFG00845016520	0	NA	NA	NA	1
ENSG00000259289	1	many_to_one	ENSCAFG00845016506	0	NA	NA	NA	1
ENSG00000259347	1	many_to_one	ENSCAFG00845016506	0	NA	NA	NA	1
ENSG00000285805	1	one_to_one	ENSCAFG00845028927	1	one_to_one	lncgDivg	ENSCAFG00845028927	1
ENSG00000259223	1	many_to_many_sameNumber	ENSCAFG00845016953;ENSCAFG00845016983	0	NA	NA	NA	0
ENSG00000287915	1	many_to_many_sameNumber	ENSCAFG00845016953;ENSCAFG00845016983	0	NA	NA	NA	0
ENSG00000259268	1	many_to_one	ENSCAFG00845020991	0	NA	NA	NA	0
ENSG00000276651	1	many_to_one	ENSCAFG00845020991	0	NA	NA	NA	0
ENSG00000259203	1	one_to_one	ENSCAFG00845027976	0	NA	NA	NA	1
ENSG00000259180	1	one_to_one	ENSCAFG00845029006	0	NA	NA	NA	1
ENSG00000259602	1	one_to_one	ENSCAFG00845021553	0	NA	NA	NA	1
ENSG00000259415	1	one_to_one	ENSCAFG00845003020	1	one_to_one	lncgSS.dw	ENSCAFG00845003020	0
ENSG00000259792	1	many_to_one	ENSCAFG00845006787	0	NA	NA	NA	0
ENSG00000290667	1	many_to_one	ENSCAFG00845006787	0	NA	NA	NA	0
ENSG00000259548	1	one_to_one	ENSCAFG00845005037	1	one_to_one	lncgSS.dw	ENSCAFG00845005037	0
ENSG00000287500	1	one_to_one	ENSCAFG00845027920	1	one_to_one	lncgDivg	ENSCAFG00845027920	1
ENSG00000261191	1	many_to_one	ENSCAFG00845025299	0	NA	NA	NA	1
ENSG00000259280	1	many_to_one	ENSCAFG00845025299	1	one_to_one	lncgSS.dw	ENSCAFG00845025299	1
ENSG00000259488	1	many_to_many_sameNumber	ENSCAFG00845020165;ENSCAFG00845020189;ENSCAFG00845020205	1	one_to_one	lncgDivg	ENSCAFG00845020205	1
ENSG00000259235	1	many_to_many_sameNumber	ENSCAFG00845020165;ENSCAFG00845020189;ENSCAFG00845020205	0	NA	NA	NA	1
ENSG00000259385	1	many_to_many_sameNumber	ENSCAFG00845020165;ENSCAFG00845020189;ENSCAFG00845020205	0	NA	NA	NA	1
ENSG00000273691	1	one_to_one	ENSCAFG00845000870	1	one_to_one	lncgSS.dw	ENSCAFG00845000870	1
ENSG00000259291	1	one_to_one	ENSCAFG00845000864	1	one_to_one	lncgConv	ENSCAFG00845000864	1
ENSG00000278493	1	one_to_one	ENSCAFG00845017178	0	NA	NA	NA	1
ENSG00000259218	1	one_to_one	ENSCAFG00845000314	1	one_to_one	lincSS.up	ENSCAFG00845000314	0
ENSG00000259238	1	one_to_many	ENSCAFG00845016896;ENSCAFG00845016908	0	NA	NA	NA	0
ENSG00000247240	1	many_to_one	ENSCAFG00845029510	0	NA	NA	NA	1
ENSG00000261775	1	many_to_one	ENSCAFG00845029510	1	one_to_one	lincSS.up	ENSCAFG00845029510	1
ENSG00000261090	1	one_to_one	ENSCAFG00845002186	0	NA	NA	NA	1
ENSG00000260566	1	one_to_one	ENSCAFG00845002120	1	one_to_one	lncgSS.dw	ENSCAFG00845002120	1
ENSG00000260071	1	many_to_one	ENSCAFG00845013611	0	NA	NA	NA	0
ENSG00000261617	1	many_to_one	ENSCAFG00845013611	0	NA	NA	NA	0
ENSG00000263244	1	many_to_one	ENSCAFG00845013611	0	NA	NA	NA	0
ENSG00000283003	1	many_to_one	ENSCAFG00845013611	0	NA	NA	NA	0
ENSG00000261075	1	many_to_one	ENSCAFG00845013605	0	NA	NA	NA	0
ENSG00000261397	1	many_to_one	ENSCAFG00845013605	0	NA	NA	NA	0
ENSG00000260362	1	many_to_one	ENSCAFG00845013605	0	NA	NA	NA	0
ENSG00000260349	1	many_to_one	ENSCAFG00845013605	0	NA	NA	NA	0
ENSG00000262801	1	one_to_one	ENSCAFG00845011552	0	NA	NA	NA	0
ENSG00000262116	1	many_to_one	ENSCAFG00845011566	0	NA	NA	NA	0
ENSG00000262267	1	many_to_one	ENSCAFG00845011566	0	NA	NA	NA	0
ENSG00000262011	1	many_to_one	ENSCAFG00845011566	0	NA	NA	NA	0
ENSG00000231876	1	many_to_many_DifferentNumber	ENSCAFG00845004364;ENSCAFG00845004374;ENSCAFG00845004380;ENSCAFG00845004388;ENSCAFG00845004400;ENSCAFG00845004408;ENSCAFG00845004414;ENSCAFG00845004420;ENSCAFG00845004432;ENSCAFG00845004443;ENSCAFG00845004458;ENSCAFG00845004464;ENSCAFG00845004474;ENSCAFG00845004480;ENSCAFG00845004491	0	NA	NA	NA	0
ENSG00000260580	1	many_to_many_DifferentNumber	ENSCAFG00845004364;ENSCAFG00845004374;ENSCAFG00845004380;ENSCAFG00845004388;ENSCAFG00845004400;ENSCAFG00845004408;ENSCAFG00845004414;ENSCAFG00845004420;ENSCAFG00845004432;ENSCAFG00845004443;ENSCAFG00845004458;ENSCAFG00845004464;ENSCAFG00845004474;ENSCAFG00845004480;ENSCAFG00845004491	0	NA	NA	NA	0
ENSG00000286712	1	many_to_many_DifferentNumber	ENSCAFG00845004364;ENSCAFG00845004374;ENSCAFG00845004380;ENSCAFG00845004388;ENSCAFG00845004400;ENSCAFG00845004408;ENSCAFG00845004414;ENSCAFG00845004420;ENSCAFG00845004432;ENSCAFG00845004443;ENSCAFG00845004458;ENSCAFG00845004464;ENSCAFG00845004474;ENSCAFG00845004480;ENSCAFG00845004491	0	NA	NA	NA	0
ENSG00000285882	1	many_to_many_DifferentNumber	ENSCAFG00845004364;ENSCAFG00845004374;ENSCAFG00845004380;ENSCAFG00845004388;ENSCAFG00845004400;ENSCAFG00845004408;ENSCAFG00845004414;ENSCAFG00845004420;ENSCAFG00845004432;ENSCAFG00845004443;ENSCAFG00845004458;ENSCAFG00845004464;ENSCAFG00845004474;ENSCAFG00845004480;ENSCAFG00845004491	0	NA	NA	NA	0
ENSG00000236481	1	one_to_many	ENSCAFG00845004349;ENSCAFG00845004367;ENSCAFG00845004371;ENSCAFG00845004376;ENSCAFG00845004384;ENSCAFG00845004394;ENSCAFG00845004398;ENSCAFG00845004404;ENSCAFG00845004417;ENSCAFG00845004426;ENSCAFG00845004429;ENSCAFG00845004448;ENSCAFG00845004462;ENSCAFG00845004470;ENSCAFG00845004486;ENSCAFG00845004493	0	NA	NA	NA	0
ENSG00000259955	1	many_to_many_DifferentNumber	ENSCAFG00845000388;ENSCAFG00845004511;ENSCAFG00845004523	1	many_to_one	lncgDivg	ENSCAFG00845000388	0
ENSG00000274925	1	many_to_many_DifferentNumber	ENSCAFG00845000388;ENSCAFG00845004511;ENSCAFG00845004523	1	many_to_one	lncgDivg	ENSCAFG00845000388	0
ENSG00000261636	1	one_to_many	ENSCAFG00845000385;ENSCAFG00845000397;ENSCAFG00845000409;ENSCAFG00845004519	0	NA	NA	NA	0
ENSG00000259821	1	many_to_one	ENSCAFG00845004956	0	NA	NA	NA	0
ENSG00000261173	1	many_to_one	ENSCAFG00845004956	0	NA	NA	NA	0
ENSG00000260364	1	many_to_one	ENSCAFG00845012148	0	NA	NA	NA	0
ENSG00000261818	1	many_to_one	ENSCAFG00845012148	0	NA	NA	NA	0
ENSG00000286928	1	many_to_one	ENSCAFG00845012148	1	one_to_one	lincSS.up	ENSCAFG00845012148	0
ENSG00000261742	1	many_to_one	ENSCAFG00845012137	0	NA	NA	NA	0
ENSG00000260004	1	many_to_one	ENSCAFG00845012137	0	NA	NA	NA	0
ENSG00000260695	1	many_to_one	ENSCAFG00845012137	0	NA	NA	NA	0
ENSG00000259847	1	many_to_one	ENSCAFG00845012137	0	NA	NA	NA	0
ENSG00000260834	1	many_to_one	ENSCAFG00845012137	0	NA	NA	NA	0
ENSG00000259711	1	one_to_one	ENSCAFG00845001009	0	NA	NA	NA	1
ENSG00000285775	1	many_to_one	ENSCAFG00845001015	0	NA	NA	NA	1
ENSG00000259283	1	many_to_one	ENSCAFG00845001015	0	NA	NA	NA	1
ENSG00000283423	1	many_to_one	ENSCAFG00845001015	0	NA	NA	NA	1
ENSG00000259725	1	many_to_one	ENSCAFG00845001015	0	NA	NA	NA	1
ENSG00000258779	1	many_to_one	ENSCAFG00845008691	0	NA	NA	NA	1
ENSG00000261227	1	many_to_one	ENSCAFG00845008691	0	NA	NA	NA	1
ENSG00000271009	1	many_to_one	ENSCAFG00845008691	0	NA	NA	NA	1
ENSG00000259209	1	many_to_one	ENSCAFG00845008691	0	NA	NA	NA	1
ENSG00000260848	1	many_to_one	ENSCAFG00845008691	0	NA	NA	NA	1
ENSG00000259817	1	many_to_one	ENSCAFG00845008691	0	NA	NA	NA	1
ENSG00000260880	1	many_to_one	ENSCAFG00845008691	0	NA	NA	NA	1
ENSG00000284675	1	many_to_one	ENSCAFG00845008691	0	NA	NA	NA	1
ENSG00000283457	1	many_to_one	ENSCAFG00845008691	0	NA	NA	NA	1
ENSG00000261248	1	many_to_one	ENSCAFG00845008691	0	NA	NA	NA	1
ENSG00000261404	1	many_to_many_DifferentNumber	ENSCAFG00845008701;ENSCAFG00845008709	0	NA	NA	NA	1
ENSG00000272330	1	many_to_many_DifferentNumber	ENSCAFG00845008701;ENSCAFG00845008709	0	NA	NA	NA	1
ENSG00000275236	1	many_to_many_DifferentNumber	ENSCAFG00845008701;ENSCAFG00845008709	0	NA	NA	NA	1
ENSG00000278716	1	many_to_one	ENSCAFG00845004336	0	NA	NA	NA	0
ENSG00000260417	1	many_to_one	ENSCAFG00845004336	0	NA	NA	NA	0
ENSG00000287787	1	many_to_one	ENSCAFG00845004336	0	NA	NA	NA	0
ENSG00000179219	1	many_to_one	ENSCAFG00845004336	0	NA	NA	NA	0
ENSG00000287946	1	many_to_one	ENSCAFG00845004332	0	NA	NA	NA	0
ENSG00000270124	1	many_to_one	ENSCAFG00845004332	0	NA	NA	NA	0
ENSG00000259989	1	many_to_many_DifferentNumber	ENSCAFG00845002758;ENSCAFG00845002788	1	one_to_one	lincDivg	ENSCAFG00845002788	0
ENSG00000259881	1	many_to_many_DifferentNumber	ENSCAFG00845002758;ENSCAFG00845002788	0	NA	NA	NA	1
ENSG00000205018	1	many_to_many_DifferentNumber	ENSCAFG00845002758;ENSCAFG00845002788	0	NA	NA	NA	0
ENSG00000256982	1	many_to_many_DifferentNumber	ENSCAFG00845002749;ENSCAFG00845002775;ENSCAFG00845002793	1	one_to_many	lincDivg	ENSCAFG00845002775;ENSCAFG00845002749	0
ENSG00000261226	1	many_to_many_DifferentNumber	ENSCAFG00845002749;ENSCAFG00845002775;ENSCAFG00845002793	0	NA	NA	NA	0
ENSG00000261058	1	one_to_one	ENSCAFG00845024858	1	one_to_one	lncgDivg	ENSCAFG00845024858	1
ENSG00000261029	1	one_to_one	ENSCAFG00845017407	0	NA	NA	NA	0
ENSG00000276408	1	one_to_one	ENSCAFG00845023855	0	NA	NA	NA	1
ENSG00000259992	1	one_to_one	ENSCAFG00845023863	0	NA	NA	NA	1
ENSG00000285543	1	one_to_one	ENSCAFG00845013541	1	one_to_one	lincSS.up	ENSCAFG00845013541	0
ENSG00000260441	1	one_to_one	ENSCAFG00845011542	0	NA	NA	NA	1
ENSG00000259833	1	many_to_one	ENSCAFG00845005402	0	NA	NA	NA	1
ENSG00000259798	1	many_to_one	ENSCAFG00845005402	0	NA	NA	NA	1
ENSG00000262714	1	many_to_many_DifferentNumber	ENSCAFG00845003450;ENSCAFG00845003460	1	one_to_one	lincSS.up	ENSCAFG00845003450	0
ENSG00000261291	1	many_to_many_DifferentNumber	ENSCAFG00845003450;ENSCAFG00845003460	1	one_to_one	lncgSS.dw	ENSCAFG00845003460	0
ENSG00000261804	1	many_to_many_DifferentNumber	ENSCAFG00845003450;ENSCAFG00845003460	0	NA	NA	NA	0
ENSG00000291103	1	one_to_one	ENSCAFG00845003455	0	NA	NA	NA	0
ENSG00000287909	1	many_to_one	ENSCAFG00845003402	0	NA	NA	NA	1
ENSG00000288801	1	many_to_one	ENSCAFG00845003402	0	NA	NA	NA	1
ENSG00000260545	1	many_to_one	ENSCAFG00845002343	0	NA	NA	NA	0
ENSG00000260927	1	many_to_one	ENSCAFG00845002343	1	one_to_one	lncgConv	ENSCAFG00845002343	0
ENSG00000276007	1	many_to_many_DifferentNumber	ENSCAFG00845021260;ENSCAFG00845021337;ENSCAFG00845021356;ENSCAFG00845021365;ENSCAFG00845021391	0	NA	NA	NA	1
ENSG00000261837	1	many_to_many_DifferentNumber	ENSCAFG00845021260;ENSCAFG00845021337;ENSCAFG00845021356;ENSCAFG00845021365;ENSCAFG00845021391	0	NA	NA	NA	1
ENSG00000260816	1	many_to_many_DifferentNumber	ENSCAFG00845021260;ENSCAFG00845021337;ENSCAFG00845021356;ENSCAFG00845021365;ENSCAFG00845021391	0	NA	NA	NA	1
ENSG00000261537	1	many_to_many_DifferentNumber	ENSCAFG00845021260;ENSCAFG00845021337;ENSCAFG00845021356;ENSCAFG00845021365;ENSCAFG00845021391	0	NA	NA	NA	1
ENSG00000260479	1	many_to_many_DifferentNumber	ENSCAFG00845021260;ENSCAFG00845021337;ENSCAFG00845021356;ENSCAFG00845021365;ENSCAFG00845021391	0	NA	NA	NA	1
ENSG00000260511	1	many_to_many_DifferentNumber	ENSCAFG00845021260;ENSCAFG00845021337;ENSCAFG00845021356;ENSCAFG00845021365;ENSCAFG00845021391	0	NA	NA	NA	1
ENSG00000261472	1	many_to_many_DifferentNumber	ENSCAFG00845021260;ENSCAFG00845021337;ENSCAFG00845021356;ENSCAFG00845021365;ENSCAFG00845021391	1	one_to_many	lincConv	ENSCAFG00845021356;ENSCAFG00845021337;ENSCAFG00845021260;ENSCAFG00845021365;ENSCAFG00845021391	1
ENSG00000288821	1	many_to_many_DifferentNumber	ENSCAFG00845021260;ENSCAFG00845021337;ENSCAFG00845021356;ENSCAFG00845021365;ENSCAFG00845021391	0	NA	NA	NA	1
ENSG00000260969	1	many_to_many_DifferentNumber	ENSCAFG00845021276;ENSCAFG00845021288;ENSCAFG00845021302;ENSCAFG00845021315;ENSCAFG00845021333;ENSCAFG00845021346;ENSCAFG00845021376	0	NA	NA	NA	1
ENSG00000287106	1	many_to_many_DifferentNumber	ENSCAFG00845021276;ENSCAFG00845021288;ENSCAFG00845021302;ENSCAFG00845021315;ENSCAFG00845021333;ENSCAFG00845021346;ENSCAFG00845021376	0	NA	NA	NA	1
ENSG00000260733	1	many_to_many_DifferentNumber	ENSCAFG00845021276;ENSCAFG00845021288;ENSCAFG00845021302;ENSCAFG00845021315;ENSCAFG00845021333;ENSCAFG00845021346;ENSCAFG00845021376	0	NA	NA	NA	1
ENSG00000286894	1	many_to_many_DifferentNumber	ENSCAFG00845021276;ENSCAFG00845021288;ENSCAFG00845021302;ENSCAFG00845021315;ENSCAFG00845021333;ENSCAFG00845021346;ENSCAFG00845021376	0	NA	NA	NA	1
ENSG00000260694	1	many_to_many_DifferentNumber	ENSCAFG00845021276;ENSCAFG00845021288;ENSCAFG00845021302;ENSCAFG00845021315;ENSCAFG00845021333;ENSCAFG00845021346;ENSCAFG00845021376	0	NA	NA	NA	1
ENSG00000277954	1	many_to_many_DifferentNumber	ENSCAFG00845021276;ENSCAFG00845021288;ENSCAFG00845021302;ENSCAFG00845021315;ENSCAFG00845021333;ENSCAFG00845021346;ENSCAFG00845021376	0	NA	NA	NA	1
ENSG00000285918	1	many_to_many_DifferentNumber	ENSCAFG00845021276;ENSCAFG00845021288;ENSCAFG00845021302;ENSCAFG00845021315;ENSCAFG00845021333;ENSCAFG00845021346;ENSCAFG00845021376	0	NA	NA	NA	1
ENSG00000261722	1	many_to_many_DifferentNumber	ENSCAFG00845021276;ENSCAFG00845021288;ENSCAFG00845021302;ENSCAFG00845021315;ENSCAFG00845021333;ENSCAFG00845021346;ENSCAFG00845021376	0	NA	NA	NA	1
ENSG00000260859	1	many_to_one	ENSCAFG00845004596	0	NA	NA	NA	1
ENSG00000260340	1	many_to_one	ENSCAFG00845004596	1	one_to_one	lincSS.dw	ENSCAFG00845004596	1
ENSG00000260496	1	many_to_one	ENSCAFG00845024765	0	NA	NA	NA	0
ENSG00000261713	1	many_to_one	ENSCAFG00845024765	1	one_to_one	lncgDivg	ENSCAFG00845024765	0
ENSG00000288935	1	one_to_one	ENSCAFG00845001367	1	one_to_one	lincDivg	ENSCAFG00845001367	1
ENSG00000286510	1	many_to_one	ENSCAFG00845004265	1	one_to_one	lincSS.dw	ENSCAFG00845004265	0
ENSG00000289932	1	many_to_one	ENSCAFG00845004265	0	NA	NA	NA	0
ENSG00000289754	1	many_to_one	ENSCAFG00845002277	0	NA	NA	NA	1
ENSG00000275441	1	many_to_one	ENSCAFG00845002277	0	NA	NA	NA	1
ENSG00000279249	1	one_to_one	ENSCAFG00845004434	1	one_to_one	lncgDivg	ENSCAFG00845004434	1
ENSG00000260630	1	one_to_one	ENSCAFG00845003485	1	one_to_one	lncgConv	ENSCAFG00845003485	1
ENSG00000286743	1	one_to_one	ENSCAFG00845004323	0	NA	NA	NA	1
ENSG00000287506	1	one_to_many	ENSCAFG00845012774;ENSCAFG00845012788;ENSCAFG00845012802;ENSCAFG00845012807	1	many_to_one	lncgDivg	ENSCAFG00845012774	1
ENSG00000273576	1	one_to_one	ENSCAFG00845012720	1	one_to_one	lncgSS.dw	ENSCAFG00845012720	1
ENSG00000231749	1	one_to_one	ENSCAFG00845029533	0	NA	NA	NA	0
ENSG00000227517	1	many_to_many_sameNumber	ENSCAFG00845005399;ENSCAFG00845005407;ENSCAFG00845005413	0	NA	NA	NA	0
ENSG00000267603	1	many_to_many_sameNumber	ENSCAFG00845005399;ENSCAFG00845005407;ENSCAFG00845005413	0	NA	NA	NA	0
ENSG00000237560	1	many_to_many_sameNumber	ENSCAFG00845005399;ENSCAFG00845005407;ENSCAFG00845005413	1	one_to_many	lincSS.up	ENSCAFG00845005407;ENSCAFG00845005413;ENSCAFG00845005399	0
ENSG00000267653	1	many_to_one	ENSCAFG00845005392	1	one_to_one	lncgDivg	ENSCAFG00845005375	1
ENSG00000230258	1	many_to_one	ENSCAFG00845005392	0	NA	NA	NA	0
ENSG00000264630	1	many_to_one	ENSCAFG00845027601	0	NA	NA	NA	1
ENSG00000289587	1	many_to_one	ENSCAFG00845027601	0	NA	NA	NA	1
ENSG00000287257	1	many_to_one	ENSCAFG00845015466	0	NA	NA	NA	1
ENSG00000267016	1	many_to_one	ENSCAFG00845015466	0	NA	NA	NA	1
ENSG00000267466	1	many_to_one	ENSCAFG00845015466	1	one_to_one	lincConv	ENSCAFG00845015466	1
ENSG00000204283	1	many_to_one	ENSCAFG00845015466	0	NA	NA	NA	1
ENSG00000267790	1	many_to_one	ENSCAFG00845015466	0	NA	NA	NA	1
ENSG00000266998	1	many_to_one	ENSCAFG00845015466	0	NA	NA	NA	1
ENSG00000276406	1	one_to_one	ENSCAFG00845016240	0	NA	NA	NA	1
ENSG00000276101	1	many_to_many_DifferentNumber	ENSCAFG00845010811;ENSCAFG00845010820;ENSCAFG00845010842	0	NA	NA	NA	1
ENSG00000263154	1	many_to_many_DifferentNumber	ENSCAFG00845010811;ENSCAFG00845010820;ENSCAFG00845010842	1	many_to_one	lincSS.up	ENSCAFG00845010811	1
ENSG00000274833	1	many_to_many_DifferentNumber	ENSCAFG00845010811;ENSCAFG00845010820;ENSCAFG00845010842	1	many_to_one	lincSS.up	ENSCAFG00845010811	1
ENSG00000289913	1	many_to_many_DifferentNumber	ENSCAFG00845010811;ENSCAFG00845010820;ENSCAFG00845010842	0	NA	NA	NA	1
ENSG00000185332	1	many_to_one	ENSCAFG00845010832	1	many_to_one	lincSS.up	ENSCAFG00845010832	1
ENSG00000287431	1	many_to_one	ENSCAFG00845010832	1	many_to_one	lincSS.up	ENSCAFG00845010832	1
ENSG00000262877	1	many_to_one	ENSCAFG00845010832	0	NA	NA	NA	1
ENSG00000185168	1	many_to_one	ENSCAFG00845010832	1	many_to_one	lincSS.up	ENSCAFG00845010832	1
ENSG00000262223	1	many_to_one	ENSCAFG00845010832	0	NA	NA	NA	1
ENSG00000289140	1	one_to_many	ENSCAFG00845010661;ENSCAFG00845010665	0	NA	NA	NA	1
ENSG00000263271	1	many_to_one	ENSCAFG00845010677	0	NA	NA	NA	1
ENSG00000278200	1	many_to_one	ENSCAFG00845010677	1	one_to_one	lincConv	ENSCAFG00845010677	1
ENSG00000230969	1	many_to_many_sameNumber	ENSCAFG00845025446;ENSCAFG00845025454	0	NA	NA	NA	0
ENSG00000287114	1	many_to_many_sameNumber	ENSCAFG00845025446;ENSCAFG00845025454	1	one_to_one	lincSS.up	ENSCAFG00845025454	0
ENSG00000263400	1	many_to_one	ENSCAFG00845002901	0	NA	NA	NA	0
ENSG00000285220	1	many_to_one	ENSCAFG00845002901	0	NA	NA	NA	0
ENSG00000266114	1	many_to_one	ENSCAFG00845002901	0	NA	NA	NA	0
ENSG00000264016	1	many_to_one	ENSCAFG00845002911	1	one_to_one	lincSS.up	ENSCAFG00845002911	0
ENSG00000284876	1	many_to_one	ENSCAFG00845002911	0	NA	NA	NA	0
ENSG00000264727	1	one_to_one	ENSCAFG00845003031	1	one_to_one	lncgSS.dw	ENSCAFG00845003031	0
ENSG00000234912	1	one_to_many	ENSCAFG00845015799;ENSCAFG00845015826	0	NA	NA	NA	1
ENSG00000267568	1	many_to_one	ENSCAFG00845015860	0	NA	NA	NA	1
ENSG00000267521	1	many_to_one	ENSCAFG00845015860	1	one_to_one	lincConv	ENSCAFG00845015860	1
ENSG00000266236	1	one_to_one	ENSCAFG00845006507	1	one_to_one	lncgSS.dw	ENSCAFG00845006507	0
ENSG00000227078	1	many_to_one	ENSCAFG00845018118	0	NA	NA	NA	1
ENSG00000231477	1	many_to_one	ENSCAFG00845018118	0	NA	NA	NA	1
ENSG00000262456	1	one_to_one	ENSCAFG00845014454	0	NA	NA	NA	1
ENSG00000285930	1	many_to_one	ENSCAFG00845017328	0	NA	NA	NA	0
ENSG00000266290	1	many_to_one	ENSCAFG00845017328	1	one_to_one	lncgDivg	ENSCAFG00845017328	0
ENSG00000267758	1	one_to_one	ENSCAFG00845009898	0	NA	NA	NA	0
ENSG00000286629	1	many_to_one	ENSCAFG00845022560	0	NA	NA	NA	1
ENSG00000289957	1	many_to_one	ENSCAFG00845022560	0	NA	NA	NA	0
ENSG00000266402	1	many_to_one	ENSCAFG00845022560	1	one_to_one	lncgConv	ENSCAFG00845022560	0
ENSG00000277268	1	one_to_one	ENSCAFG00845029034	0	NA	NA	NA	1
ENSG00000262652	1	one_to_one	ENSCAFG00845026686	1	one_to_one	lncgSS.dw	ENSCAFG00845026686	0
ENSG00000275025	1	many_to_one	ENSCAFG00845012158	0	NA	NA	NA	1
ENSG00000250282	1	many_to_one	ENSCAFG00845012158	0	NA	NA	NA	1
ENSG00000236472	1	one_to_one	ENSCAFG00845012334	0	NA	NA	NA	1
ENSG00000264007	1	one_to_one	ENSCAFG00845011761	0	NA	NA	NA	1
ENSG00000266711	1	many_to_many_DifferentNumber	ENSCAFG00845014038;ENSCAFG00845014051;ENSCAFG00845014054;ENSCAFG00845014089;ENSCAFG00845014095;ENSCAFG00845014100;ENSCAFG00845014107	0	NA	NA	NA	1
ENSG00000267719	1	many_to_many_DifferentNumber	ENSCAFG00845014038;ENSCAFG00845014051;ENSCAFG00845014054;ENSCAFG00845014089;ENSCAFG00845014095;ENSCAFG00845014100;ENSCAFG00845014107	0	NA	NA	NA	1
ENSG00000263278	1	one_to_many	ENSCAFG00845014061;ENSCAFG00845014075	0	NA	NA	NA	1
ENSG00000260369	1	one_to_one	ENSCAFG00845012730	1	one_to_one	lincSS.dw	ENSCAFG00845012730	0
ENSG00000275479	1	one_to_one	ENSCAFG00845013308	0	NA	NA	NA	1
ENSG00000265148	1	one_to_one	ENSCAFG00845020376	1	one_to_one	lncgConv	ENSCAFG00845020376	1
ENSG00000290056	1	one_to_many	ENSCAFG00845024153;ENSCAFG00845024165	1	one_to_many	lincSS.dw	ENSCAFG00845024153;ENSCAFG00845024165	0
ENSG00000263520	1	one_to_one	ENSCAFG00845028685	0	NA	NA	NA	0
ENSG00000266490	1	many_to_one	ENSCAFG00845013750	0	NA	NA	NA	0
ENSG00000276250	1	many_to_one	ENSCAFG00845013750	0	NA	NA	NA	1
ENSG00000278052	1	many_to_one	ENSCAFG00845008376	0	NA	NA	NA	0
ENSG00000267746	1	many_to_one	ENSCAFG00845008376	0	NA	NA	NA	1
ENSG00000260372	1	many_to_many_DifferentNumber	ENSCAFG00845012449;ENSCAFG00845012476;ENSCAFG00845012572	0	NA	NA	NA	1
ENSG00000263677	1	many_to_many_DifferentNumber	ENSCAFG00845012449;ENSCAFG00845012476;ENSCAFG00845012572	1	one_to_many	lincDivg	ENSCAFG00845012572;ENSCAFG00845012476	1
ENSG00000277534	1	many_to_many_DifferentNumber	ENSCAFG00845012440;ENSCAFG00845012444;ENSCAFG00845012457;ENSCAFG00845012467;ENSCAFG00845012482;ENSCAFG00845012579	0	NA	NA	NA	1
ENSG00000275805	1	many_to_many_DifferentNumber	ENSCAFG00845012440;ENSCAFG00845012444;ENSCAFG00845012457;ENSCAFG00845012467;ENSCAFG00845012482;ENSCAFG00845012579	0	NA	NA	NA	1
ENSG00000265369	1	many_to_many_DifferentNumber	ENSCAFG00845012440;ENSCAFG00845012444;ENSCAFG00845012457;ENSCAFG00845012467;ENSCAFG00845012482;ENSCAFG00845012579	1	one_to_many	lincSS.up	ENSCAFG00845012467;ENSCAFG00845012457;ENSCAFG00845012482;ENSCAFG00845012579	1
ENSG00000263382	1	many_to_many_DifferentNumber	ENSCAFG00845012440;ENSCAFG00845012444;ENSCAFG00845012457;ENSCAFG00845012467;ENSCAFG00845012482;ENSCAFG00845012579	0	NA	NA	NA	1
ENSG00000266489	1	many_to_many_sameNumber	ENSCAFG00845013127;ENSCAFG00845013161	0	NA	NA	NA	0
ENSG00000264345	1	many_to_many_sameNumber	ENSCAFG00845013127;ENSCAFG00845013161	0	NA	NA	NA	0
ENSG00000263924	1	many_to_one	ENSCAFG00845010052	0	NA	NA	NA	1
ENSG00000263823	1	many_to_one	ENSCAFG00845010052	0	NA	NA	NA	1
ENSG00000287509	1	one_to_many	ENSCAFG00845004589;ENSCAFG00845004595	0	NA	NA	NA	1
ENSG00000273335	1	one_to_one	ENSCAFG00845004593	0	NA	NA	NA	0
ENSG00000264254	1	one_to_one	ENSCAFG00845003440	1	one_to_one	lincDivg	ENSCAFG00845003440	1
ENSG00000265844	1	many_to_one	ENSCAFG00845000291	0	NA	NA	NA	1
ENSG00000275178	1	many_to_one	ENSCAFG00845000291	0	NA	NA	NA	1
ENSG00000278330	1	many_to_one	ENSCAFG00845000291	0	NA	NA	NA	1
ENSG00000287680	1	many_to_one	ENSCAFG00845000291	0	NA	NA	NA	1
ENSG00000264334	1	many_to_one	ENSCAFG00845000262	0	NA	NA	NA	1
ENSG00000286727	1	many_to_one	ENSCAFG00845000262	0	NA	NA	NA	1
ENSG00000266273	1	many_to_one	ENSCAFG00845000262	0	NA	NA	NA	1
ENSG00000265101	1	many_to_one	ENSCAFG00845000262	0	NA	NA	NA	1
ENSG00000266586	1	many_to_one	ENSCAFG00845000262	0	NA	NA	NA	1
ENSG00000265843	1	many_to_one	ENSCAFG00845000262	0	NA	NA	NA	1
ENSG00000263146	1	many_to_one	ENSCAFG00845000262	1	one_to_one	lncgDivg	ENSCAFG00845000262	1
ENSG00000263588	1	many_to_one	ENSCAFG00845015650	0	NA	NA	NA	0
ENSG00000265758	1	many_to_one	ENSCAFG00845015650	0	NA	NA	NA	0
ENSG00000278911	1	many_to_one	ENSCAFG00845000678	0	NA	NA	NA	1
ENSG00000285915	1	many_to_one	ENSCAFG00845000678	0	NA	NA	NA	1
ENSG00000278607	1	many_to_one	ENSCAFG00845000678	1	one_to_one	lncgConv	ENSCAFG00845000678	1
ENSG00000264269	1	one_to_one	ENSCAFG00845016950	0	NA	NA	NA	1
ENSG00000266905	1	one_to_many	ENSCAFG00845016940;ENSCAFG00845016960;ENSCAFG00845016967	1	one_to_one	lincSS.up	ENSCAFG00845016960	1
ENSG00000267013	1	one_to_one	ENSCAFG00845002556	0	NA	NA	NA	0
ENSG00000277837	1	one_to_one	ENSCAFG00845001899	0	NA	NA	NA	1
ENSG00000274354	1	many_to_one	ENSCAFG00845000797	0	NA	NA	NA	0
ENSG00000267226	1	many_to_one	ENSCAFG00845000797	0	NA	NA	NA	1
ENSG00000283125	1	one_to_one	ENSCAFG00845002705	0	NA	NA	NA	1
ENSG00000267766	1	one_to_one	ENSCAFG00845002634	0	NA	NA	NA	1
ENSG00000267177	1	many_to_many_DifferentNumber	ENSCAFG00845004415;ENSCAFG00845004418	0	NA	NA	NA	0
ENSG00000286926	1	many_to_many_DifferentNumber	ENSCAFG00845004415;ENSCAFG00845004418	0	NA	NA	NA	0
ENSG00000267393	1	many_to_many_DifferentNumber	ENSCAFG00845004415;ENSCAFG00845004418	0	NA	NA	NA	0
ENSG00000267690	1	many_to_many_DifferentNumber	ENSCAFG00845004415;ENSCAFG00845004418	0	NA	NA	NA	0
ENSG00000267694	1	many_to_many_DifferentNumber	ENSCAFG00845004415;ENSCAFG00845004418	0	NA	NA	NA	1
ENSG00000267529	1	many_to_many_DifferentNumber	ENSCAFG00845004415;ENSCAFG00845004418	0	NA	NA	NA	1
ENSG00000267366	1	many_to_many_DifferentNumber	ENSCAFG00845004415;ENSCAFG00845004418	0	NA	NA	NA	1
ENSG00000267136	1	many_to_many_DifferentNumber	ENSCAFG00845004415;ENSCAFG00845004418	0	NA	NA	NA	1
ENSG00000267503	1	many_to_many_DifferentNumber	ENSCAFG00845004415;ENSCAFG00845004418	0	NA	NA	NA	1
ENSG00000266954	1	many_to_many_DifferentNumber	ENSCAFG00845004415;ENSCAFG00845004418	0	NA	NA	NA	1
ENSG00000285993	1	one_to_one	ENSCAFG00845003074	0	NA	NA	NA	1
ENSG00000267287	1	many_to_one	ENSCAFG00845000057	0	NA	NA	NA	0
ENSG00000267409	1	many_to_one	ENSCAFG00845000057	1	one_to_one	lincSS.up	ENSCAFG00845000057	0
ENSG00000286296	1	many_to_one	ENSCAFG00845000057	0	NA	NA	NA	0
ENSG00000178412	1	many_to_many_DifferentNumber	ENSCAFG00845000055;ENSCAFG00845000059;ENSCAFG00845000062	1	many_to_one	lncgDivg	ENSCAFG00845000055	0
ENSG00000286186	1	many_to_many_DifferentNumber	ENSCAFG00845000055;ENSCAFG00845000059;ENSCAFG00845000062	0	NA	NA	NA	0
ENSG00000275186	1	many_to_many_DifferentNumber	ENSCAFG00845000055;ENSCAFG00845000059;ENSCAFG00845000062	0	NA	NA	NA	0
ENSG00000274828	1	many_to_many_DifferentNumber	ENSCAFG00845000055;ENSCAFG00845000059;ENSCAFG00845000062	1	many_to_one	lncgDivg	ENSCAFG00845000055	0
ENSG00000261126	1	one_to_many	ENSCAFG00845000022;ENSCAFG00845000023	0	NA	NA	NA	1
ENSG00000272799	1	one_to_one	ENSCAFG00845004685	1	one_to_one	lncgDivg	ENSCAFG00845004685	1
ENSG00000277324	1	one_to_one	ENSCAFG00845002908	1	one_to_one	lncgDivg	ENSCAFG00845002908	1
ENSG00000267069	1	one_to_one	ENSCAFG00845005000	0	NA	NA	NA	0
ENSG00000267341	1	one_to_one	ENSCAFG00845000025	0	NA	NA	NA	1
ENSG00000289891	1	one_to_many	ENSCAFG00845004837;ENSCAFG00845004839	0	NA	NA	NA	1
ENSG00000224711	1	many_to_one	ENSCAFG00845026978	0	NA	NA	NA	0
ENSG00000232271	1	many_to_one	ENSCAFG00845026978	0	NA	NA	NA	0
ENSG00000225280	1	one_to_one	ENSCAFG00845027463	1	one_to_one	lncgDivg	ENSCAFG00845027463	1
ENSG00000230324	1	many_to_one	ENSCAFG00845029930	0	NA	NA	NA	1
ENSG00000287983	1	many_to_one	ENSCAFG00845029930	0	NA	NA	NA	1
ENSG00000286083	1	many_to_one	ENSCAFG00845029930	0	NA	NA	NA	1
ENSG00000234948	1	many_to_one	ENSCAFG00845027957	0	NA	NA	NA	0
ENSG00000232294	1	many_to_one	ENSCAFG00845027957	0	NA	NA	NA	0
ENSG00000287511	1	many_to_one	ENSCAFG00845027957	0	NA	NA	NA	1
ENSG00000286250	1	many_to_one	ENSCAFG00845027941	0	NA	NA	NA	0
ENSG00000232286	1	many_to_one	ENSCAFG00845027941	0	NA	NA	NA	0
ENSG00000225785	1	many_to_one	ENSCAFG00845027941	0	NA	NA	NA	0
ENSG00000232465	1	many_to_one	ENSCAFG00845027941	0	NA	NA	NA	0
ENSG00000235415	1	many_to_many_sameNumber	ENSCAFG00845028262;ENSCAFG00845028276	0	NA	NA	NA	0
ENSG00000287886	1	many_to_many_sameNumber	ENSCAFG00845028262;ENSCAFG00845028276	0	NA	NA	NA	0
ENSG00000234693	1	one_to_one	ENSCAFG00845026607	0	NA	NA	NA	1
ENSG00000277938	1	one_to_one	ENSCAFG00845028873	0	NA	NA	NA	0
ENSG00000274414	1	one_to_one	ENSCAFG00845028865	0	NA	NA	NA	0
ENSG00000229882	1	many_to_many_sameNumber	ENSCAFG00845017267;ENSCAFG00845017277;ENSCAFG00845017322;ENSCAFG00845017394;ENSCAFG00845017436;ENSCAFG00845017477	1	many_to_many	lincSS.up	ENSCAFG00845017394;ENSCAFG00845017436;ENSCAFG00845017477	0
ENSG00000264490	1	many_to_many_sameNumber	ENSCAFG00845017267;ENSCAFG00845017277;ENSCAFG00845017322;ENSCAFG00845017394;ENSCAFG00845017436;ENSCAFG00845017477	1	many_to_many	lincSS.up	ENSCAFG00845017394;ENSCAFG00845017436;ENSCAFG00845017477	0
ENSG00000272050	1	many_to_many_sameNumber	ENSCAFG00845017267;ENSCAFG00845017277;ENSCAFG00845017322;ENSCAFG00845017394;ENSCAFG00845017436;ENSCAFG00845017477	1	one_to_one	lncgDivg	ENSCAFG00845017267	0
ENSG00000289634	1	many_to_many_sameNumber	ENSCAFG00845017267;ENSCAFG00845017277;ENSCAFG00845017322;ENSCAFG00845017394;ENSCAFG00845017436;ENSCAFG00845017477	1	many_to_many	lincSS.up	ENSCAFG00845017394;ENSCAFG00845017436;ENSCAFG00845017477	0
ENSG00000174407	1	many_to_many_sameNumber	ENSCAFG00845017267;ENSCAFG00845017277;ENSCAFG00845017322;ENSCAFG00845017394;ENSCAFG00845017436;ENSCAFG00845017477	1	many_to_many	lincSS.up	ENSCAFG00845017394;ENSCAFG00845017436;ENSCAFG00845017477	0
ENSG00000289548	1	many_to_many_sameNumber	ENSCAFG00845017267;ENSCAFG00845017277;ENSCAFG00845017322;ENSCAFG00845017394;ENSCAFG00845017436;ENSCAFG00845017477	1	one_to_many	lincDivg	ENSCAFG00845017322;ENSCAFG00845017277	0
ENSG00000232121	1	many_to_many_sameNumber	ENSCAFG00845017290;ENSCAFG00845017300;ENSCAFG00845017408;ENSCAFG00845017427;ENSCAFG00845017452	1	many_to_many	lincDivg	ENSCAFG00845017452;ENSCAFG00845017408;ENSCAFG00845017427	0
ENSG00000260542	1	many_to_many_sameNumber	ENSCAFG00845017290;ENSCAFG00845017300;ENSCAFG00845017408;ENSCAFG00845017427;ENSCAFG00845017452	1	many_to_many_strict	lincSS.up	ENSCAFG00845017300;ENSCAFG00845017290	0
ENSG00000273812	1	many_to_many_sameNumber	ENSCAFG00845017290;ENSCAFG00845017300;ENSCAFG00845017408;ENSCAFG00845017427;ENSCAFG00845017452	1	many_to_many	lincDivg	ENSCAFG00845017452;ENSCAFG00845017408;ENSCAFG00845017427	0
ENSG00000167046	1	many_to_many_sameNumber	ENSCAFG00845017290;ENSCAFG00845017300;ENSCAFG00845017408;ENSCAFG00845017427;ENSCAFG00845017452	0	NA	NA	NA	0
ENSG00000174403	1	many_to_many_sameNumber	ENSCAFG00845017290;ENSCAFG00845017300;ENSCAFG00845017408;ENSCAFG00845017427;ENSCAFG00845017452	1	many_to_many_strict	lincSS.up	ENSCAFG00845017300;ENSCAFG00845017290	0
ENSG00000233017	1	one_to_one	ENSCAFG00845017179	0	NA	NA	NA	0
ENSG00000227964	1	one_to_one	ENSCAFG00845027755	0	NA	NA	NA	1
ENSG00000278709	1	many_to_one	ENSCAFG00845013079	0	NA	NA	NA	1
ENSG00000275852	1	many_to_one	ENSCAFG00845013079	0	NA	NA	NA	1
ENSG00000203971	1	many_to_one	ENSCAFG00845013105	0	NA	NA	NA	1
ENSG00000225708	1	many_to_one	ENSCAFG00845013105	0	NA	NA	NA	1
ENSG00000254419	1	many_to_one	ENSCAFG00845013642	0	NA	NA	NA	0
ENSG00000270279	1	many_to_one	ENSCAFG00845013642	0	NA	NA	NA	0
ENSG00000277287	1	one_to_one	ENSCAFG00845014962	0	NA	NA	NA	0
ENSG00000286740	1	many_to_many_DifferentNumber	ENSCAFG00845024891;ENSCAFG00845024909	0	NA	NA	NA	0
ENSG00000232738	1	many_to_many_DifferentNumber	ENSCAFG00845024891;ENSCAFG00845024909	0	NA	NA	NA	0
ENSG00000286470	1	many_to_many_DifferentNumber	ENSCAFG00845024891;ENSCAFG00845024909	0	NA	NA	NA	1
ENSG00000243961	1	many_to_many_DifferentNumber	ENSCAFG00845024891;ENSCAFG00845024909	0	NA	NA	NA	1
ENSG00000276688	1	many_to_many_DifferentNumber	ENSCAFG00845028074;ENSCAFG00845028099	0	NA	NA	NA	0
ENSG00000230563	1	many_to_many_DifferentNumber	ENSCAFG00845028074;ENSCAFG00845028099	1	many_to_one	lincConv	ENSCAFG00845028099	0
ENSG00000266908	1	many_to_many_DifferentNumber	ENSCAFG00845028074;ENSCAFG00845028099	0	NA	NA	NA	0
ENSG00000235820	1	many_to_many_DifferentNumber	ENSCAFG00845028074;ENSCAFG00845028099	1	many_to_one	lincConv	ENSCAFG00845028099	0
ENSG00000226995	1	many_to_one	ENSCAFG00845028085	0	NA	NA	NA	0
ENSG00000205181	1	many_to_one	ENSCAFG00845028085	0	NA	NA	NA	0
ENSG00000225640	1	many_to_one	ENSCAFG00845028085	0	NA	NA	NA	0
ENSG00000235996	1	many_to_one	ENSCAFG00845029338	0	NA	NA	NA	1
ENSG00000179447	1	many_to_one	ENSCAFG00845029338	0	NA	NA	NA	1
ENSG00000232675	1	many_to_one	ENSCAFG00845029338	0	NA	NA	NA	1
ENSG00000268628	1	many_to_one	ENSCAFG00845029338	0	NA	NA	NA	1
ENSG00000223669	1	many_to_one	ENSCAFG00845017730	0	NA	NA	NA	1
ENSG00000228705	1	many_to_one	ENSCAFG00845017730	1	one_to_one	lincConv	ENSCAFG00845017730	1
ENSG00000277692	1	one_to_one	ENSCAFG00845021023	0	NA	NA	NA	1
ENSG00000289872	1	one_to_one	ENSCAFG00845022966	0	NA	NA	NA	1
ENSG00000275162	1	one_to_one	ENSCAFG00845014357	1	one_to_one	lncgSS.dw	ENSCAFG00845014357	0
ENSG00000267159	1	one_to_one	ENSCAFG00845014352	0	NA	NA	NA	0
ENSG00000267723	1	many_to_one	ENSCAFG00845023454	0	NA	NA	NA	1
ENSG00000266913	1	many_to_one	ENSCAFG00845023454	0	NA	NA	NA	1
ENSG00000267406	1	many_to_one	ENSCAFG00845023454	0	NA	NA	NA	1
ENSG00000267058	1	many_to_many_sameNumber	ENSCAFG00845008111;ENSCAFG00845008120	0	NA	NA	NA	1
ENSG00000286613	1	many_to_many_sameNumber	ENSCAFG00845008111;ENSCAFG00845008120	0	NA	NA	NA	0
ENSG00000269656	1	one_to_one	ENSCAFG00845002231	0	NA	NA	NA	0
ENSG00000268231	1	one_to_one	ENSCAFG00845016414	1	one_to_one	lncgSS.up	ENSCAFG00845016414	0
ENSG00000228629	1	one_to_many	ENSCAFG00845000094;ENSCAFG00845008055;ENSCAFG00845008062	1	one_to_one	lncgConv	ENSCAFG00845000094	1
ENSG00000267201	1	one_to_one	ENSCAFG00845011703	1	one_to_one	lncgSS.up	ENSCAFG00845011703	0
ENSG00000267582	1	many_to_one	ENSCAFG00845026817	0	NA	NA	NA	1
ENSG00000267519	1	many_to_one	ENSCAFG00845026817	0	NA	NA	NA	1
ENSG00000287296	1	many_to_one	ENSCAFG00845030398	0	NA	NA	NA	1
ENSG00000267598	1	many_to_one	ENSCAFG00845030398	0	NA	NA	NA	1
ENSG00000267299	1	many_to_one	ENSCAFG00845011782	1	many_to_one	lncgDivg	ENSCAFG00845011782	1
ENSG00000267262	1	many_to_one	ENSCAFG00845011782	1	many_to_one	lncgDivg	ENSCAFG00845011782	1
ENSG00000267666	1	one_to_one	ENSCAFG00845014778	1	one_to_one	lncgDivg	ENSCAFG00845014778	0
ENSG00000269553	1	one_to_one	ENSCAFG00845003088	0	NA	NA	NA	1
ENSG00000290166	1	one_to_one	ENSCAFG00845013108	0	NA	NA	NA	0
ENSG00000166770	1	one_to_one	ENSCAFG00845000201	0	NA	NA	NA	1
ENSG00000232098	1	many_to_many_sameNumber	ENSCAFG00845000545;ENSCAFG00845000558	0	NA	NA	NA	0
ENSG00000268912	1	many_to_many_sameNumber	ENSCAFG00845000545;ENSCAFG00845000558	0	NA	NA	NA	1
ENSG00000267188	1	one_to_one	ENSCAFG00845007656	0	NA	NA	NA	0
ENSG00000177993	1	one_to_one	ENSCAFG00845030302	0	NA	NA	NA	1
ENSG00000279954	1	one_to_one	ENSCAFG00845010686	1	one_to_one	lincSS.dw	ENSCAFG00845010686	0
ENSG00000234884	1	many_to_one	ENSCAFG00845028006	0	NA	NA	NA	0
ENSG00000233577	1	many_to_one	ENSCAFG00845028006	1	many_to_one	lincConv	ENSCAFG00845028006	0
ENSG00000272942	1	many_to_one	ENSCAFG00845028006	0	NA	NA	NA	0
ENSG00000279298	1	many_to_one	ENSCAFG00845028006	1	many_to_one	lincConv	ENSCAFG00845028006	0
ENSG00000290796	1	many_to_one	ENSCAFG00845028006	0	NA	NA	NA	0
ENSG00000187012	1	one_to_one	ENSCAFG00845012237	0	NA	NA	NA	0
ENSG00000234300	1	one_to_one	ENSCAFG00845012224	1	one_to_one	lincDivg	ENSCAFG00845012224	0
ENSG00000230922	1	many_to_one	ENSCAFG00845011464	0	NA	NA	NA	1
ENSG00000273243	1	many_to_one	ENSCAFG00845011464	0	NA	NA	NA	0
ENSG00000226328	1	many_to_one	ENSCAFG00845011464	1	one_to_one	lncgDivg	ENSCAFG00845011464	1
ENSG00000232655	1	many_to_one	ENSCAFG00845012265	1	one_to_one	lincConv	ENSCAFG00845012265	0
ENSG00000220702	1	many_to_one	ENSCAFG00845012265	0	NA	NA	NA	0
ENSG00000178803	1	one_to_one	ENSCAFG00845022462	0	NA	NA	NA	0
ENSG00000182057	1	one_to_one	ENSCAFG00845014861	0	NA	NA	NA	0
ENSG00000288719	1	many_to_one	ENSCAFG00845014849	0	NA	NA	NA	0
ENSG00000229891	1	many_to_one	ENSCAFG00845014849	1	one_to_one	lincSS.dw	ENSCAFG00845014849	0
ENSG00000225929	1	one_to_one	ENSCAFG00845026591	0	NA	NA	NA	1
ENSG00000280395	1	one_to_one	ENSCAFG00845006996	1	one_to_one	lncgSS.dw	ENSCAFG00845006996	0
ENSG00000273214	1	one_to_many	ENSCAFG00845005233;ENSCAFG00845005240;ENSCAFG00845005245;ENSCAFG00845005253;ENSCAFG00845005255	0	NA	NA	NA	0
ENSG00000222044	1	one_to_many	ENSCAFG00845005236;ENSCAFG00845005248	0	NA	NA	NA	0
ENSG00000273272	1	one_to_one	ENSCAFG00845027746	1	one_to_one	lncgSS.up	ENSCAFG00845027746	0
ENSG00000272666	1	many_to_one	ENSCAFG00845027757	1	many_to_one	lncgDivg	ENSCAFG00845027757	0
ENSG00000289947	1	many_to_one	ENSCAFG00845027757	1	many_to_one	lncgDivg	ENSCAFG00845027757	0
ENSG00000205559	1	many_to_one	ENSCAFG00845027295	1	many_to_one	lncgDivg	ENSCAFG00845027295	1
ENSG00000272940	1	many_to_one	ENSCAFG00845027295	1	many_to_one	lncgDivg	ENSCAFG00845027295	1
ENSG00000243902	1	many_to_one	ENSCAFG00845007193	0	NA	NA	NA	1
ENSG00000237862	1	many_to_one	ENSCAFG00845007193	0	NA	NA	NA	1
ENSG00000289888	1	one_to_one	ENSCAFG00845030915	0	NA	NA	NA	1
ENSG00000235954	1	one_to_one	ENSCAFG00845029939	0	NA	NA	NA	1
ENSG00000261188	1	one_to_one	ENSCAFG00845029702	1	one_to_one	lncgDivg	ENSCAFG00845029702	1
ENSG00000280594	1	one_to_many	ENSCAFG00845025055;ENSCAFG00845025090	0	NA	NA	NA	1
ENSG00000240770	1	many_to_one	ENSCAFG00845025068	0	NA	NA	NA	1
ENSG00000226956	1	many_to_one	ENSCAFG00845025068	0	NA	NA	NA	1
ENSG00000226935	1	many_to_many_DifferentNumber	ENSCAFG00845018155;ENSCAFG00845018172	0	NA	NA	NA	0
ENSG00000232079	1	many_to_many_DifferentNumber	ENSCAFG00845018155;ENSCAFG00845018172	0	NA	NA	NA	0
ENSG00000236332	1	many_to_many_DifferentNumber	ENSCAFG00845018155;ENSCAFG00845018172	0	NA	NA	NA	0
ENSG00000234052	1	many_to_many_DifferentNumber	ENSCAFG00845018155;ENSCAFG00845018172	0	NA	NA	NA	0
ENSG00000225298	1	many_to_many_DifferentNumber	ENSCAFG00845018155;ENSCAFG00845018172	0	NA	NA	NA	0
ENSG00000234083	1	many_to_many_DifferentNumber	ENSCAFG00845018155;ENSCAFG00845018172	0	NA	NA	NA	0
ENSG00000178457	1	many_to_many_DifferentNumber	ENSCAFG00845018155;ENSCAFG00845018172	0	NA	NA	NA	0
ENSG00000231236	1	many_to_one	ENSCAFG00845018228	0	NA	NA	NA	0
ENSG00000232855	1	many_to_one	ENSCAFG00845018228	0	NA	NA	NA	0
ENSG00000236532	1	many_to_one	ENSCAFG00845018228	0	NA	NA	NA	0
ENSG00000273492	1	many_to_many_DifferentNumber	ENSCAFG00845017653;ENSCAFG00845017701	1	many_to_one	lncgDivg	ENSCAFG00845017653	1
ENSG00000232692	1	many_to_many_DifferentNumber	ENSCAFG00845017653;ENSCAFG00845017701	0	NA	NA	NA	1
ENSG00000197934	1	many_to_many_DifferentNumber	ENSCAFG00845017653;ENSCAFG00845017701	0	NA	NA	NA	1
ENSG00000233783	1	many_to_many_DifferentNumber	ENSCAFG00845017653;ENSCAFG00845017701	1	many_to_one	lncgDivg	ENSCAFG00845017653	1
ENSG00000224541	1	many_to_many_DifferentNumber	ENSCAFG00845017653;ENSCAFG00845017701	1	many_to_one	lncgDivg	ENSCAFG00845017653	1
ENSG00000286902	1	many_to_one	ENSCAFG00845017712	0	NA	NA	NA	1
ENSG00000273115	1	many_to_one	ENSCAFG00845017712	1	one_to_one	lincSS.dw	ENSCAFG00845017712	1
ENSG00000229025	1	many_to_one	ENSCAFG00845017712	0	NA	NA	NA	1
ENSG00000289899	1	many_to_one	ENSCAFG00845017712	0	NA	NA	NA	1
ENSG00000198054	1	many_to_one	ENSCAFG00845028960	1	one_to_one	lncgSS.up	ENSCAFG00845028960	1
ENSG00000289538	1	many_to_one	ENSCAFG00845028960	0	NA	NA	NA	1
ENSG00000223806	1	many_to_one	ENSCAFG00845029154	0	NA	NA	NA	1
ENSG00000289404	1	many_to_one	ENSCAFG00845029154	0	NA	NA	NA	1
ENSG00000286852	1	one_to_many	ENSCAFG00845027642;ENSCAFG00845027653	0	NA	NA	NA	1
ENSG00000286517	1	many_to_one	ENSCAFG00845027630	0	NA	NA	NA	1
ENSG00000231324	1	many_to_one	ENSCAFG00845027630	1	one_to_one	lincSS.up	ENSCAFG00845027630	1
ENSG00000224269	1	many_to_one	ENSCAFG00845027630	0	NA	NA	NA	1
ENSG00000237646	1	one_to_one	ENSCAFG00845027807	1	one_to_one	lncgSS.up	ENSCAFG00845027807	1
ENSG00000224388	1	one_to_one	ENSCAFG00845030054	1	one_to_one	lncgSS.dw	ENSCAFG00845030054	0
ENSG00000280109	1	one_to_one	ENSCAFG00845030059	0	NA	NA	NA	1
ENSG00000275799	1	many_to_one	ENSCAFG00845019632	0	NA	NA	NA	1
ENSG00000278158	1	many_to_one	ENSCAFG00845019632	1	one_to_one	lncgDivg	ENSCAFG00845019632	1
ENSG00000273027	1	many_to_one	ENSCAFG00845021848	0	NA	NA	NA	1
ENSG00000183250	1	many_to_one	ENSCAFG00845021848	1	one_to_one	lncgDivg	ENSCAFG00845021848	1
ENSG00000276529	1	one_to_many	ENSCAFG00845021937;ENSCAFG00845021947	0	NA	NA	NA	1
ENSG00000234880	1	many_to_one	ENSCAFG00845021920	1	many_to_one	lincConv	ENSCAFG00845021920	1
ENSG00000261706	1	many_to_one	ENSCAFG00845021920	1	many_to_one	lincConv	ENSCAFG00845021920	1
ENSG00000275874	1	many_to_one	ENSCAFG00845021920	1	many_to_one	lincConv	ENSCAFG00845021920	1
ENSG00000275139	1	many_to_one	ENSCAFG00845023998	0	NA	NA	NA	1
ENSG00000205424	1	many_to_one	ENSCAFG00845023998	0	NA	NA	NA	1
ENSG00000286886	1	many_to_one	ENSCAFG00845023998	0	NA	NA	NA	1
ENSG00000289224	1	many_to_one	ENSCAFG00845023998	1	one_to_one	lncgDivg	ENSCAFG00845023998	0
ENSG00000232539	1	one_to_one	ENSCAFG00845026388	1	one_to_one	lincSS.up	ENSCAFG00845026388	1
ENSG00000286643	1	many_to_many_DifferentNumber	ENSCAFG00845022658;ENSCAFG00845022669;ENSCAFG00845022698	0	NA	NA	NA	1
ENSG00000237594	1	many_to_many_DifferentNumber	ENSCAFG00845022658;ENSCAFG00845022669;ENSCAFG00845022698	0	NA	NA	NA	1
ENSG00000234509	1	one_to_one	ENSCAFG00845022641	0	NA	NA	NA	1
ENSG00000273091	1	one_to_one	ENSCAFG00845023583	0	NA	NA	NA	0
ENSG00000270116	1	many_to_one	ENSCAFG00845028522	0	NA	NA	NA	1
ENSG00000230366	1	many_to_one	ENSCAFG00845028522	1	many_to_one	lncgConv	ENSCAFG00845028522	0
ENSG00000242553	1	many_to_one	ENSCAFG00845028522	1	many_to_one	lncgConv	ENSCAFG00845028522	0
ENSG00000228677	1	one_to_one	ENSCAFG00845028529	0	NA	NA	NA	1
ENSG00000232360	1	many_to_one	ENSCAFG00845026338	1	one_to_one	lincSS.up	ENSCAFG00845026338	1
ENSG00000227757	1	many_to_one	ENSCAFG00845026338	0	NA	NA	NA	1
ENSG00000289238	1	one_to_many	ENSCAFG00845026695;ENSCAFG00845026725	1	one_to_one	lncgDivg	ENSCAFG00845026695	1
ENSG00000266304	0	NA	NA	1	many_to_one	lincConv	ENSCAFG00845001172	0
ENSG00000266278	0	NA	NA	1	many_to_one	lincConv	ENSCAFG00845001172	0
ENSG00000285646	0	NA	NA	1	one_to_one	lincConv	ENSCAFG00845001956	1
ENSG00000260306	0	NA	NA	1	one_to_one	lincConv	ENSCAFG00845002216	0
ENSG00000272461	0	NA	NA	1	many_to_one	lincConv	ENSCAFG00845002299	0
ENSG00000259837	0	NA	NA	1	many_to_one	lincConv	ENSCAFG00845002299	0
ENSG00000290987	0	NA	NA	1	one_to_one	lincConv	ENSCAFG00845004586	0
ENSG00000251183	0	NA	NA	1	one_to_many	lincConv	ENSCAFG00845005031;ENSCAFG00845005040	1
ENSG00000245060	0	NA	NA	1	one_to_many	lincConv	ENSCAFG00845005282;ENSCAFG00845028395	0
ENSG00000257329	0	NA	NA	1	one_to_many	lincConv	ENSCAFG00845005712;ENSCAFG00845027451	0
ENSG00000255021	0	NA	NA	1	one_to_many	lincConv	ENSCAFG00845005811;ENSCAFG00845005801	1
ENSG00000226856	0	NA	NA	1	one_to_one	lincConv	ENSCAFG00845005912	0
ENSG00000257056	0	NA	NA	1	many_to_one	lincConv	ENSCAFG00845009239	0
ENSG00000257748	0	NA	NA	1	many_to_one	lincConv	ENSCAFG00845009239	0
ENSG00000223872	0	NA	NA	1	many_to_one	lincConv	ENSCAFG00845014177	1
ENSG00000234210	0	NA	NA	1	many_to_one	lincConv	ENSCAFG00845014177	1
ENSG00000233191	0	NA	NA	1	many_to_one	lincConv	ENSCAFG00845014177	1
ENSG00000284640	0	NA	NA	1	one_to_one	lincConv	ENSCAFG00845015108	0
ENSG00000235886	0	NA	NA	1	one_to_one	lincConv	ENSCAFG00845020052	0
ENSG00000289857	0	NA	NA	1	one_to_one	lincConv	ENSCAFG00845020719	0
ENSG00000232643	0	NA	NA	1	one_to_one	lincConv	ENSCAFG00845022177	1
ENSG00000229989	0	NA	NA	1	one_to_one	lincConv	ENSCAFG00845022979	1
ENSG00000254337	0	NA	NA	1	many_to_one	lincConv	ENSCAFG00845024368	1
ENSG00000253658	0	NA	NA	1	many_to_one	lincConv	ENSCAFG00845024368	1
ENSG00000266256	0	NA	NA	1	one_to_one	lincDivg	ENSCAFG00845000556	0
ENSG00000251152	0	NA	NA	1	one_to_one	lincDivg	ENSCAFG00845002373	0
ENSG00000285462	0	NA	NA	1	many_to_one	lincDivg	ENSCAFG00845002716	0
ENSG00000235011	0	NA	NA	1	many_to_one	lincDivg	ENSCAFG00845002716	0
ENSG00000254130	0	NA	NA	1	one_to_many	lincDivg	ENSCAFG00845004062;ENSCAFG00845004083;ENSCAFG00845004030;ENSCAFG00845004051;ENSCAFG00845004057	0
ENSG00000255571	0	NA	NA	1	many_to_one	lincDivg	ENSCAFG00845004193	0
ENSG00000289128	0	NA	NA	1	many_to_one	lincDivg	ENSCAFG00845004193	0
ENSG00000255689	0	NA	NA	1	one_to_many	lincDivg	ENSCAFG00845004453;ENSCAFG00845004447;ENSCAFG00845004450;ENSCAFG00845004442;ENSCAFG00845004457;ENSCAFG00845004437	1
ENSG00000260759	0	NA	NA	1	one_to_one	lincDivg	ENSCAFG00845004812	1
ENSG00000231720	0	NA	NA	1	one_to_one	lincDivg	ENSCAFG00845004897	0
ENSG00000258473	0	NA	NA	1	many_to_one	lincDivg	ENSCAFG00845006155	1
ENSG00000258819	0	NA	NA	1	many_to_one	lincDivg	ENSCAFG00845006155	1
ENSG00000272515	0	NA	NA	1	one_to_one	lincDivg	ENSCAFG00845006737	0
ENSG00000286476	0	NA	NA	1	one_to_one	lincDivg	ENSCAFG00845007072	0
ENSG00000237220	0	NA	NA	1	many_to_many_strict	lincDivg	ENSCAFG00845008214;ENSCAFG00845008226	1
ENSG00000224048	0	NA	NA	1	many_to_many_strict	lincDivg	ENSCAFG00845008214;ENSCAFG00845008226	1
ENSG00000286197	0	NA	NA	1	one_to_one	lincDivg	ENSCAFG00845009755	1
ENSG00000232325	0	NA	NA	1	many_to_one	lincDivg	ENSCAFG00845010130	0
ENSG00000287883	0	NA	NA	1	many_to_one	lincDivg	ENSCAFG00845010130	0
ENSG00000261795	0	NA	NA	1	many_to_one	lincDivg	ENSCAFG00845010130	0
ENSG00000242474	0	NA	NA	1	many_to_one	lincDivg	ENSCAFG00845010130	0
ENSG00000262873	0	NA	NA	1	many_to_one	lincDivg	ENSCAFG00845012132	1
ENSG00000262098	0	NA	NA	1	many_to_one	lincDivg	ENSCAFG00845012132	1
ENSG00000286010	0	NA	NA	1	one_to_one	lincDivg	ENSCAFG00845012441	0
ENSG00000228488	0	NA	NA	1	one_to_many	lincDivg	ENSCAFG00845016009;ENSCAFG00845015993	0
ENSG00000250166	0	NA	NA	1	one_to_one	lincDivg	ENSCAFG00845013851	1
ENSG00000249815	0	NA	NA	1	one_to_one	lincDivg	ENSCAFG00845016219	1
ENSG00000240476	0	NA	NA	1	one_to_many	lincDivg	ENSCAFG00845017341;ENSCAFG00845017360	0
ENSG00000261757	0	NA	NA	1	one_to_one	lincDivg	ENSCAFG00845018073	1
ENSG00000236572	0	NA	NA	1	one_to_many	lincDivg	ENSCAFG00845019732;ENSCAFG00845019713;ENSCAFG00845019722	1
ENSG00000228639	0	NA	NA	1	many_to_many	lincDivg	ENSCAFG00845020409;ENSCAFG00845020450;ENSCAFG00845020427	0
ENSG00000234899	0	NA	NA	1	many_to_many	lincDivg	ENSCAFG00845020409;ENSCAFG00845020450;ENSCAFG00845020427	1
ENSG00000289259	0	NA	NA	1	many_to_one	lincDivg	ENSCAFG00845024037	1
ENSG00000289740	0	NA	NA	1	many_to_one	lincDivg	ENSCAFG00845024037	1
ENSG00000279243	0	NA	NA	1	many_to_one	lincDivg	ENSCAFG00845024037	1
ENSG00000290061	0	NA	NA	1	many_to_one	lincDivg	ENSCAFG00845024037	1
ENSG00000270117	0	NA	NA	1	many_to_one	lincDivg	ENSCAFG00845024037	1
ENSG00000289883	0	NA	NA	1	many_to_one	lincDivg	ENSCAFG00845024037	1
ENSG00000258292	0	NA	NA	1	one_to_one	lincDivg	ENSCAFG00845023891	0
ENSG00000261645	0	NA	NA	1	one_to_one	lincDivg	ENSCAFG00845024209	1
ENSG00000274444	0	NA	NA	1	one_to_one	lincDivg	ENSCAFG00845025573	1
ENSG00000256256	0	NA	NA	1	one_to_many	lincDivg	ENSCAFG00845026434;ENSCAFG00845026445;ENSCAFG00845026409	1
ENSG00000230555	0	NA	NA	1	one_to_one	lincDivg	ENSCAFG00845027146	0
ENSG00000289315	0	NA	NA	1	many_to_one	lincDivg	ENSCAFG00845027509	0
ENSG00000239941	0	NA	NA	1	many_to_one	lincDivg	ENSCAFG00845027509	0
ENSG00000271533	0	NA	NA	1	many_to_one	lincDivg	ENSCAFG00845029920	1
ENSG00000230590	0	NA	NA	1	many_to_one	lincDivg	ENSCAFG00845029920	1
ENSG00000257114	0	NA	NA	1	many_to_one	lincDivg	ENSCAFG00845030254	1
ENSG00000257164	0	NA	NA	1	many_to_one	lincDivg	ENSCAFG00845030254	1
ENSG00000266258	0	NA	NA	1	one_to_many	lincSS.dw	ENSCAFG00845001135;ENSCAFG00845001162	0
ENSG00000265400	0	NA	NA	1	one_to_many	lincSS.dw	ENSCAFG00845003575;ENSCAFG00845003570	0
ENSG00000290444	0	NA	NA	1	one_to_one	lincSS.dw	ENSCAFG00845003841	0
ENSG00000269151	0	NA	NA	1	one_to_one	lincSS.dw	ENSCAFG00845004287	0
ENSG00000286128	0	NA	NA	1	one_to_many	lincSS.dw	ENSCAFG00845005279;ENSCAFG00845005288;ENSCAFG00845005272	0
ENSG00000289371	0	NA	NA	1	one_to_one	lincSS.dw	ENSCAFG00845005450	0
ENSG00000234199	0	NA	NA	1	many_to_one	lincSS.dw	ENSCAFG00845006543	0
ENSG00000243179	0	NA	NA	1	many_to_one	lincSS.dw	ENSCAFG00845006543	0
ENSG00000272479	0	NA	NA	1	one_to_many	lincSS.dw	ENSCAFG00845009050;ENSCAFG00845009060	1
ENSG00000258038	0	NA	NA	1	one_to_one	lincSS.dw	ENSCAFG00845009249	0
ENSG00000260430	0	NA	NA	1	one_to_one	lincSS.dw	ENSCAFG00845009770	1
ENSG00000228959	0	NA	NA	1	one_to_many	lincSS.dw	ENSCAFG00845011168;ENSCAFG00845011159	1
ENSG00000286565	0	NA	NA	1	one_to_many	lincSS.dw	ENSCAFG00845011883;ENSCAFG00845011950	0
ENSG00000287332	0	NA	NA	1	one_to_one	lincSS.dw	ENSCAFG00845013609	0
ENSG00000249125	0	NA	NA	1	one_to_one	lincSS.dw	ENSCAFG00845018950	1
ENSG00000282012	0	NA	NA	1	one_to_one	lincSS.dw	ENSCAFG00845020254	0
ENSG00000260288	0	NA	NA	1	many_to_one	lincSS.dw	ENSCAFG00845021070	0
ENSG00000291009	0	NA	NA	1	many_to_one	lincSS.dw	ENSCAFG00845021070	0
ENSG00000271382	0	NA	NA	1	one_to_one	lincSS.dw	ENSCAFG00845021449	0
ENSG00000224511	0	NA	NA	1	many_to_one	lincSS.dw	ENSCAFG00845022182	1
ENSG00000232117	0	NA	NA	1	many_to_one	lincSS.dw	ENSCAFG00845022182	1
ENSG00000272745	0	NA	NA	1	one_to_one	lincSS.dw	ENSCAFG00845022986	0
ENSG00000232077	0	NA	NA	1	one_to_one	lincSS.dw	ENSCAFG00845024312	0
ENSG00000227456	0	NA	NA	1	one_to_one	lincSS.dw	ENSCAFG00845025720	0
ENSG00000285572	0	NA	NA	1	one_to_one	lincSS.dw	ENSCAFG00845026033	0
ENSG00000231327	0	NA	NA	1	one_to_one	lincSS.dw	ENSCAFG00845027211	1
ENSG00000235933	0	NA	NA	1	one_to_one	lincSS.dw	ENSCAFG00845028306	0
ENSG00000287676	0	NA	NA	1	many_to_one	lincSS.dw	ENSCAFG00845028380	0
ENSG00000277007	0	NA	NA	1	many_to_one	lincSS.dw	ENSCAFG00845028380	0
ENSG00000236799	0	NA	NA	1	one_to_many	lincSS.dw	ENSCAFG00845030880;ENSCAFG00845030878	1
ENSG00000286403	0	NA	NA	1	one_to_one	lincSS.up	ENSCAFG00845000967	0
ENSG00000282898	0	NA	NA	1	one_to_one	lincSS.up	ENSCAFG00845002707	0
ENSG00000287717	0	NA	NA	1	one_to_many	lincSS.up	ENSCAFG00845000235;ENSCAFG00845000244	0
ENSG00000256281	0	NA	NA	1	one_to_many	lincSS.up	ENSCAFG00845004463;ENSCAFG00845004406;ENSCAFG00845004445;ENSCAFG00845004460	1
ENSG00000280707	0	NA	NA	1	many_to_one	lincSS.up	ENSCAFG00845004902	0
ENSG00000228648	0	NA	NA	1	many_to_one	lincSS.up	ENSCAFG00845004902	0
ENSG00000287004	0	NA	NA	1	one_to_many	lincSS.up	ENSCAFG00845006096;ENSCAFG00845006141;ENSCAFG00845006121;ENSCAFG00845006110	1
ENSG00000275512	0	NA	NA	1	one_to_one	lincSS.up	ENSCAFG00845004860	1
ENSG00000286218	0	NA	NA	1	one_to_many	lincSS.up	ENSCAFG00845009160;ENSCAFG00845009065;ENSCAFG00845009167	1
ENSG00000257762	0	NA	NA	1	one_to_many	lincSS.up	ENSCAFG00845009782;ENSCAFG00845009800	1
ENSG00000238099	0	NA	NA	1	one_to_one	lincSS.up	ENSCAFG00845010700	0
ENSG00000286737	0	NA	NA	1	one_to_many	lincSS.up	ENSCAFG00845016003;ENSCAFG00845016020	0
ENSG00000273824	0	NA	NA	1	one_to_one	lincSS.up	ENSCAFG00845013863	1
ENSG00000285802	0	NA	NA	1	one_to_one	lincSS.up	ENSCAFG00845015067	1
ENSG00000228794	0	NA	NA	1	many_to_many	lincSS.up	ENSCAFG00845019165;ENSCAFG00845019155;ENSCAFG00845019136	0
ENSG00000241180	0	NA	NA	1	many_to_many	lincSS.up	ENSCAFG00845019165;ENSCAFG00845019155;ENSCAFG00845019136	0
ENSG00000272438	0	NA	NA	1	many_to_many	lincSS.up	ENSCAFG00845019165;ENSCAFG00845019155;ENSCAFG00845019136	0
ENSG00000288531	0	NA	NA	1	many_to_many	lincSS.up	ENSCAFG00845019165;ENSCAFG00845019155;ENSCAFG00845019136	0
ENSG00000230699	0	NA	NA	1	many_to_many	lincSS.up	ENSCAFG00845019165;ENSCAFG00845019155;ENSCAFG00845019136	0
ENSG00000289605	0	NA	NA	1	one_to_one	lincSS.up	ENSCAFG00845019994	0
ENSG00000257322	0	NA	NA	1	one_to_one	lincSS.up	ENSCAFG00845020760	0
ENSG00000251562	0	NA	NA	1	many_to_many_strict	lincSS.up	ENSCAFG00845024046;ENSCAFG00845024060	1
ENSG00000286756	0	NA	NA	1	many_to_many_strict	lincSS.up	ENSCAFG00845024046;ENSCAFG00845024060	1
ENSG00000287468	0	NA	NA	1	one_to_many	lincSS.up	ENSCAFG00845025421;ENSCAFG00845025315	1
ENSG00000287488	0	NA	NA	1	one_to_one	lincSS.up	ENSCAFG00845025271	0
ENSG00000214955	0	NA	NA	1	one_to_many	lincSS.up	ENSCAFG00845025769;ENSCAFG00845025747	0
ENSG00000232035	0	NA	NA	1	one_to_many	lincSS.up	ENSCAFG00845027832;ENSCAFG00845027861;ENSCAFG00845027894;ENSCAFG00845027876;ENSCAFG00845027934;ENSCAFG00845027918	0
ENSG00000288029	0	NA	NA	1	one_to_one	lincSS.up	ENSCAFG00845027164	1
ENSG00000233746	0	NA	NA	1	one_to_many	lincSS.up	ENSCAFG00845027086;ENSCAFG00845027111;ENSCAFG00845027099	0
ENSG00000257510	0	NA	NA	1	one_to_many	lincSS.up	ENSCAFG00845030257;ENSCAFG00845030262	1
ENSG00000289105	0	NA	NA	1	one_to_one	lincSS.up	ENSCAFG00845030688	1
ENSG00000269054	0	NA	NA	1	one_to_one	lncgConv	ENSCAFG00845000661	0
ENSG00000255028	0	NA	NA	1	one_to_one	lncgConv	ENSCAFG00845003223	0
ENSG00000252690	0	NA	NA	1	many_to_one	lncgConv	ENSCAFG00845003886	1
ENSG00000250988	0	NA	NA	1	many_to_one	lncgConv	ENSCAFG00845003886	1
ENSG00000234942	0	NA	NA	1	one_to_one	lncgConv	ENSCAFG00845006263	0
ENSG00000287451	0	NA	NA	1	one_to_one	lncgConv	ENSCAFG00845006107	1
ENSG00000260808	0	NA	NA	1	one_to_one	lncgConv	ENSCAFG00845006895	1
ENSG00000180458	0	NA	NA	1	one_to_one	lncgConv	ENSCAFG00845007584	0
ENSG00000257303	0	NA	NA	1	one_to_one	lncgConv	ENSCAFG00845007886	1
ENSG00000197989	0	NA	NA	1	one_to_one	lncgConv	ENSCAFG00845009830	1
ENSG00000264443	0	NA	NA	1	one_to_one	lncgConv	ENSCAFG00845014174	0
ENSG00000261222	0	NA	NA	1	one_to_one	lncgConv	ENSCAFG00845017979	1
ENSG00000224533	0	NA	NA	1	many_to_one	lncgConv	ENSCAFG00845018105	1
ENSG00000225393	0	NA	NA	1	many_to_one	lncgConv	ENSCAFG00845018105	0
ENSG00000285216	0	NA	NA	1	one_to_one	lncgConv	ENSCAFG00845018186	1
ENSG00000280213	0	NA	NA	1	one_to_one	lncgConv	ENSCAFG00845018871	1
ENSG00000228709	0	NA	NA	1	one_to_one	lncgConv	ENSCAFG00845020737	0
ENSG00000230753	0	NA	NA	1	one_to_one	lncgConv	ENSCAFG00845025537	1
ENSG00000251577	0	NA	NA	1	one_to_one	lncgConv	ENSCAFG00845027288	1
ENSG00000267280	0	NA	NA	1	one_to_one	lncgConv	ENSCAFG00845027339	1
ENSG00000259723	0	NA	NA	1	one_to_one	lncgConv	ENSCAFG00845028011	0
ENSG00000236671	0	NA	NA	1	one_to_one	lncgConv	ENSCAFG00845028471	1
ENSG00000256150	0	NA	NA	1	one_to_one	lncgConv	ENSCAFG00845030545	1
ENSG00000266901	0	NA	NA	1	many_to_one	lncgDivg	ENSCAFG00845000055	1
ENSG00000232131	0	NA	NA	1	one_to_one	lncgDivg	ENSCAFG00845000100	1
ENSG00000265778	0	NA	NA	1	many_to_many	lncgDivg	ENSCAFG00845000571;ENSCAFG00845000566	0
ENSG00000263982	0	NA	NA	1	many_to_many	lncgDivg	ENSCAFG00845000571;ENSCAFG00845000566	1
ENSG00000275763	0	NA	NA	1	many_to_many	lncgDivg	ENSCAFG00845000571;ENSCAFG00845000566	0
ENSG00000261789	0	NA	NA	1	one_to_one	lncgDivg	ENSCAFG00845000750	1
ENSG00000263235	0	NA	NA	1	one_to_one	lncgDivg	ENSCAFG00845002048	1
ENSG00000261938	0	NA	NA	1	one_to_one	lncgDivg	ENSCAFG00845002068	1
ENSG00000287778	0	NA	NA	1	one_to_one	lncgDivg	ENSCAFG00845002377	0
ENSG00000289552	0	NA	NA	1	one_to_one	lncgDivg	ENSCAFG00845002471	1
ENSG00000258708	0	NA	NA	1	many_to_one	lncgDivg	ENSCAFG00845002831	1
ENSG00000258601	0	NA	NA	1	many_to_one	lncgDivg	ENSCAFG00845002831	1
ENSG00000258690	0	NA	NA	1	many_to_one	lncgDivg	ENSCAFG00845002831	1
ENSG00000254138	0	NA	NA	1	many_to_one	lncgDivg	ENSCAFG00845002828	1
ENSG00000289601	0	NA	NA	1	many_to_one	lncgDivg	ENSCAFG00845002828	0
ENSG00000261766	0	NA	NA	1	one_to_one	lncgDivg	ENSCAFG00845003046	1
ENSG00000289968	0	NA	NA	1	one_to_one	lncgDivg	ENSCAFG00845003269	1
ENSG00000215196	0	NA	NA	1	many_to_one	lncgDivg	ENSCAFG00845003316	0
ENSG00000271892	0	NA	NA	1	many_to_one	lncgDivg	ENSCAFG00845003316	0
ENSG00000254365	0	NA	NA	1	many_to_one	lncgDivg	ENSCAFG00845004019	0
ENSG00000253947	0	NA	NA	1	many_to_one	lncgDivg	ENSCAFG00845004019	1
ENSG00000253713	0	NA	NA	1	many_to_one	lncgDivg	ENSCAFG00845004019	0
ENSG00000253527	0	NA	NA	1	many_to_one	lncgDivg	ENSCAFG00845004019	0
ENSG00000253925	0	NA	NA	1	many_to_one	lncgDivg	ENSCAFG00845004019	1
ENSG00000254187	0	NA	NA	1	many_to_one	lncgDivg	ENSCAFG00845004019	1
ENSG00000253660	0	NA	NA	1	many_to_one	lncgDivg	ENSCAFG00845004019	1
ENSG00000253469	0	NA	NA	1	many_to_one	lncgDivg	ENSCAFG00845004019	0
ENSG00000254297	0	NA	NA	1	many_to_one	lncgDivg	ENSCAFG00845004019	0
ENSG00000258526	0	NA	NA	1	one_to_one	lncgDivg	ENSCAFG00845003855	1
ENSG00000261441	0	NA	NA	1	one_to_one	lncgDivg	ENSCAFG00845004187	0
ENSG00000267707	0	NA	NA	1	many_to_one	lncgDivg	ENSCAFG00845004142	1
ENSG00000267202	0	NA	NA	1	many_to_one	lncgDivg	ENSCAFG00845004142	1
ENSG00000285940	0	NA	NA	1	many_to_one	lncgDivg	ENSCAFG00845004142	0
ENSG00000287813	0	NA	NA	1	many_to_one	lncgDivg	ENSCAFG00845004944	1
ENSG00000259175	0	NA	NA	1	many_to_one	lncgDivg	ENSCAFG00845004944	1
ENSG00000258010	0	NA	NA	1	many_to_one	lncgDivg	ENSCAFG00845004944	1
ENSG00000270919	0	NA	NA	1	many_to_one	lncgDivg	ENSCAFG00845004944	1
ENSG00000259495	0	NA	NA	1	many_to_one	lncgDivg	ENSCAFG00845004944	1
ENSG00000249167	0	NA	NA	1	many_to_one	lncgDivg	ENSCAFG00845005650	1
ENSG00000248445	0	NA	NA	1	many_to_one	lncgDivg	ENSCAFG00845005650	1
ENSG00000235298	0	NA	NA	1	one_to_one	lncgDivg	ENSCAFG00845005548	0
ENSG00000269883	0	NA	NA	1	one_to_one	lncgDivg	ENSCAFG00845006280	1
ENSG00000225000	0	NA	NA	1	many_to_one	lncgDivg	ENSCAFG00845006565	0
ENSG00000226522	0	NA	NA	1	many_to_one	lncgDivg	ENSCAFG00845006565	0
ENSG00000233926	0	NA	NA	1	one_to_many	lncgDivg	ENSCAFG00845006899;ENSCAFG00845006972	0
ENSG00000267345	0	NA	NA	1	one_to_one	lncgDivg	ENSCAFG00845007096	0
ENSG00000231969	0	NA	NA	1	one_to_one	lncgDivg	ENSCAFG00845007905	0
ENSG00000255317	0	NA	NA	1	many_to_one	lncgDivg	ENSCAFG00845008952	1
ENSG00000257271	0	NA	NA	1	many_to_one	lncgDivg	ENSCAFG00845008952	1
ENSG00000254607	0	NA	NA	1	many_to_one	lncgDivg	ENSCAFG00845008952	1
ENSG00000254960	0	NA	NA	1	many_to_one	lncgDivg	ENSCAFG00845008952	1
ENSG00000218109	0	NA	NA	1	many_to_one	lncgDivg	ENSCAFG00845008952	1
ENSG00000257126	0	NA	NA	1	one_to_one	lncgDivg	ENSCAFG00845009182	0
ENSG00000234943	0	NA	NA	1	many_to_one	lncgDivg	ENSCAFG00845009426	1
ENSG00000228108	0	NA	NA	1	many_to_one	lncgDivg	ENSCAFG00845009426	1
ENSG00000231794	0	NA	NA	1	one_to_one	lncgDivg	ENSCAFG00845009605	1
ENSG00000267551	0	NA	NA	1	one_to_one	lncgDivg	ENSCAFG00845010438	1
ENSG00000286875	0	NA	NA	1	one_to_one	lncgDivg	ENSCAFG00845010409	0
ENSG00000272114	0	NA	NA	1	one_to_one	lncgDivg	ENSCAFG00845010449	1
ENSG00000269961	0	NA	NA	1	one_to_one	lncgDivg	ENSCAFG00845010536	1
ENSG00000264808	0	NA	NA	1	one_to_one	lncgDivg	ENSCAFG00845011060	0
ENSG00000254551	0	NA	NA	1	one_to_one	lncgDivg	ENSCAFG00845011946	0
ENSG00000263674	0	NA	NA	1	many_to_one	lncgDivg	ENSCAFG00845012774	1
ENSG00000267755	0	NA	NA	1	one_to_one	lncgDivg	ENSCAFG00845012813	0
ENSG00000226143	0	NA	NA	1	one_to_one	lncgDivg	ENSCAFG00845012801	1
ENSG00000230140	0	NA	NA	1	one_to_one	lncgDivg	ENSCAFG00845015981	1
ENSG00000286742	0	NA	NA	1	many_to_one	lncgDivg	ENSCAFG00845013253	0
ENSG00000237819	0	NA	NA	1	many_to_one	lncgDivg	ENSCAFG00845013253	1
ENSG00000272842	0	NA	NA	1	many_to_one	lncgDivg	ENSCAFG00845014275	1
ENSG00000232978	0	NA	NA	1	many_to_one	lncgDivg	ENSCAFG00845014275	1
ENSG00000232557	0	NA	NA	1	one_to_one	lncgDivg	ENSCAFG00845014652	1
ENSG00000277022	0	NA	NA	1	one_to_one	lncgDivg	ENSCAFG00845014620	0
ENSG00000254389	0	NA	NA	1	one_to_one	lncgDivg	ENSCAFG00845014930	0
ENSG00000289586	0	NA	NA	1	one_to_one	lncgDivg	ENSCAFG00845014895	1
ENSG00000227533	0	NA	NA	1	one_to_one	lncgDivg	ENSCAFG00845015237	0
ENSG00000249087	0	NA	NA	1	one_to_one	lncgDivg	ENSCAFG00845015374	1
ENSG00000272106	0	NA	NA	1	one_to_one	lncgDivg	ENSCAFG00845015381	1
ENSG00000229458	0	NA	NA	1	many_to_one	lncgDivg	ENSCAFG00845015727	1
ENSG00000225738	0	NA	NA	1	many_to_one	lncgDivg	ENSCAFG00845015727	1
ENSG00000285739	0	NA	NA	1	many_to_one	lncgDivg	ENSCAFG00845015727	1
ENSG00000237259	0	NA	NA	1	one_to_one	lncgDivg	ENSCAFG00845016201	1
ENSG00000286803	0	NA	NA	1	one_to_one	lncgDivg	ENSCAFG00845016783	1
ENSG00000235772	0	NA	NA	1	one_to_one	lncgDivg	ENSCAFG00845016611	1
ENSG00000273619	0	NA	NA	1	one_to_one	lncgDivg	ENSCAFG00845016906	0
ENSG00000248550	0	NA	NA	1	one_to_one	lncgDivg	ENSCAFG00845017086	1
ENSG00000232006	0	NA	NA	1	many_to_one	lncgDivg	ENSCAFG00845017845	1
ENSG00000267543	0	NA	NA	1	one_to_one	lncgDivg	ENSCAFG00845017150	1
ENSG00000248719	0	NA	NA	1	one_to_one	lncgDivg	ENSCAFG00845017649	0
ENSG00000254680	0	NA	NA	1	one_to_one	lncgDivg	ENSCAFG00845017480	1
ENSG00000259360	0	NA	NA	1	many_to_one	lncgDivg	ENSCAFG00845018049	0
ENSG00000259221	0	NA	NA	1	many_to_one	lncgDivg	ENSCAFG00845018049	0
ENSG00000259588	0	NA	NA	1	many_to_one	lncgDivg	ENSCAFG00845018049	0
ENSG00000288904	0	NA	NA	1	many_to_one	lncgDivg	ENSCAFG00845018340	1
ENSG00000230648	0	NA	NA	1	many_to_one	lncgDivg	ENSCAFG00845018340	1
ENSG00000276900	0	NA	NA	1	one_to_one	lncgDivg	ENSCAFG00845018451	1
ENSG00000237234	0	NA	NA	1	one_to_one	lncgDivg	ENSCAFG00845020629	1
ENSG00000285605	0	NA	NA	1	one_to_many	lncgDivg	ENSCAFG00845019366;ENSCAFG00845019325	1
ENSG00000267734	0	NA	NA	1	one_to_one	lncgDivg	ENSCAFG00845019467	1
ENSG00000232354	0	NA	NA	1	one_to_one	lncgDivg	ENSCAFG00845019344	1
ENSG00000206417	0	NA	NA	1	one_to_one	lncgDivg	ENSCAFG00845019682	0
ENSG00000257456	0	NA	NA	1	one_to_one	lncgDivg	ENSCAFG00845020623	1
ENSG00000259281	0	NA	NA	1	many_to_many	lncgDivg	ENSCAFG00845021114;ENSCAFG00845021140	0
ENSG00000259213	0	NA	NA	1	many_to_many	lncgDivg	ENSCAFG00845021114;ENSCAFG00845021140	0
ENSG00000259666	0	NA	NA	1	many_to_many	lncgDivg	ENSCAFG00845021114;ENSCAFG00845021140	0
ENSG00000246339	0	NA	NA	1	one_to_one	lncgDivg	ENSCAFG00845022152	1
ENSG00000229056	0	NA	NA	1	one_to_one	lncgDivg	ENSCAFG00845022672	1
ENSG00000255438	0	NA	NA	1	one_to_one	lncgDivg	ENSCAFG00845022798	1
ENSG00000288848	0	NA	NA	1	one_to_one	lncgDivg	ENSCAFG00845023162	1
ENSG00000250241	0	NA	NA	1	one_to_one	lncgDivg	ENSCAFG00845023476	0
ENSG00000276523	0	NA	NA	1	one_to_one	lncgDivg	ENSCAFG00845023863	1
ENSG00000259603	0	NA	NA	1	one_to_one	lncgDivg	ENSCAFG00845024835	1
ENSG00000224855	0	NA	NA	1	one_to_one	lncgDivg	ENSCAFG00845025092	0
ENSG00000231621	0	NA	NA	1	many_to_one	lncgDivg	ENSCAFG00845026192	1
ENSG00000225979	0	NA	NA	1	many_to_one	lncgDivg	ENSCAFG00845026192	1
ENSG00000245614	0	NA	NA	1	one_to_one	lncgDivg	ENSCAFG00845025422	0
ENSG00000241648	0	NA	NA	1	many_to_one	lncgDivg	ENSCAFG00845019009	1
ENSG00000239519	0	NA	NA	1	many_to_one	lncgDivg	ENSCAFG00845019009	1
ENSG00000234021	0	NA	NA	1	many_to_one	lncgDivg	ENSCAFG00845027822	0
ENSG00000225706	0	NA	NA	1	many_to_one	lncgDivg	ENSCAFG00845027822	0
ENSG00000230920	0	NA	NA	1	many_to_one	lncgDivg	ENSCAFG00845027822	0
ENSG00000226717	0	NA	NA	1	many_to_one	lncgDivg	ENSCAFG00845027822	0
ENSG00000287419	0	NA	NA	1	many_to_one	lncgDivg	ENSCAFG00845027810	1
ENSG00000277548	0	NA	NA	1	many_to_one	lncgDivg	ENSCAFG00845028556	1
ENSG00000274765	0	NA	NA	1	many_to_one	lncgDivg	ENSCAFG00845028556	1
ENSG00000288670	0	NA	NA	1	one_to_one	lncgDivg	ENSCAFG00845028827	0
ENSG00000265100	0	NA	NA	1	one_to_one	lncgDivg	ENSCAFG00845028878	0
ENSG00000229679	0	NA	NA	1	one_to_one	lncgDivg	ENSCAFG00845028986	1
ENSG00000277749	0	NA	NA	1	one_to_one	lncgDivg	ENSCAFG00845029020	1
ENSG00000290782	0	NA	NA	1	one_to_one	lncgDivg	ENSCAFG00845029373	1
ENSG00000271427	0	NA	NA	1	one_to_one	lncgDivg	ENSCAFG00845029475	0
ENSG00000288832	0	NA	NA	1	many_to_one	lncgDivg	ENSCAFG00845029407	1
ENSG00000271717	0	NA	NA	1	one_to_one	lncgDivg	ENSCAFG00845029620	0
ENSG00000272844	0	NA	NA	1	one_to_one	lncgDivg	ENSCAFG00845029687	0
ENSG00000257228	0	NA	NA	1	one_to_one	lncgDivg	ENSCAFG00845030524	1
ENSG00000287049	0	NA	NA	1	one_to_one	lncgDivg	ENSCAFG00845030678	0
ENSG00000259519	0	NA	NA	1	one_to_one	lncgDivg	ENSCAFG00845030744	1
ENSG00000269793	0	NA	NA	1	one_to_one	lncgSS.dw	ENSCAFG00845000121	1
ENSG00000288899	0	NA	NA	1	one_to_one	lncgSS.dw	ENSCAFG00845001515	0
ENSG00000259636	0	NA	NA	1	one_to_one	lncgSS.dw	ENSCAFG00845003359	1
ENSG00000258729	0	NA	NA	1	one_to_one	lncgSS.dw	ENSCAFG00845003590	0
ENSG00000248473	0	NA	NA	1	one_to_one	lncgSS.dw	ENSCAFG00845005386	0
ENSG00000258419	0	NA	NA	1	one_to_one	lncgSS.dw	ENSCAFG00845008240	0
ENSG00000186960	0	NA	NA	1	one_to_one	lncgSS.dw	ENSCAFG00845009216	1
ENSG00000265408	0	NA	NA	1	one_to_one	lncgSS.dw	ENSCAFG00845010490	0
ENSG00000223525	0	NA	NA	1	many_to_one	lncgSS.dw	ENSCAFG00845010730	0
ENSG00000289425	0	NA	NA	1	many_to_one	lncgSS.dw	ENSCAFG00845010730	0
ENSG00000231992	0	NA	NA	1	one_to_one	lncgSS.dw	ENSCAFG00845014409	1
ENSG00000260583	0	NA	NA	1	one_to_one	lncgSS.dw	ENSCAFG00845014726	0
ENSG00000226520	0	NA	NA	1	one_to_one	lncgSS.dw	ENSCAFG00845018453	0
ENSG00000235848	0	NA	NA	1	one_to_one	lncgSS.dw	ENSCAFG00845020426	1
ENSG00000289572	0	NA	NA	1	many_to_one	lncgSS.dw	ENSCAFG00845021227	0
ENSG00000227927	0	NA	NA	1	many_to_one	lncgSS.dw	ENSCAFG00845021227	0
ENSG00000235499	0	NA	NA	1	one_to_one	lncgSS.dw	ENSCAFG00845021938	1
ENSG00000272657	0	NA	NA	1	one_to_one	lncgSS.dw	ENSCAFG00845025710	1
ENSG00000235529	0	NA	NA	1	one_to_one	lncgSS.dw	ENSCAFG00845027402	0
ENSG00000223692	0	NA	NA	1	one_to_one	lncgSS.dw	ENSCAFG00845027666	0
ENSG00000289270	0	NA	NA	1	many_to_one	lncgSS.dw	ENSCAFG00845028481	1
ENSG00000235279	0	NA	NA	1	many_to_one	lncgSS.dw	ENSCAFG00845028481	1
ENSG00000256721	0	NA	NA	1	many_to_one	lncgSS.dw	ENSCAFG00845030542	1
ENSG00000203593	0	NA	NA	1	many_to_one	lncgSS.dw	ENSCAFG00845030542	1
ENSG00000256837	0	NA	NA	1	many_to_one	lncgSS.dw	ENSCAFG00845030542	1
ENSG00000258827	0	NA	NA	1	one_to_one	lncgSS.up	ENSCAFG00845002836	1
ENSG00000272108	0	NA	NA	1	one_to_one	lncgSS.up	ENSCAFG00845002889	0
ENSG00000234233	0	NA	NA	1	one_to_one	lncgSS.up	ENSCAFG00845003236	1
ENSG00000235314	0	NA	NA	1	one_to_one	lncgSS.up	ENSCAFG00845006696	0
ENSG00000233420	0	NA	NA	1	one_to_one	lncgSS.up	ENSCAFG00845010999	0
ENSG00000227602	0	NA	NA	1	one_to_one	lncgSS.up	ENSCAFG00845012031	0
ENSG00000274578	0	NA	NA	1	one_to_one	lncgSS.up	ENSCAFG00845012058	1
ENSG00000289077	0	NA	NA	1	one_to_one	lncgSS.up	ENSCAFG00845015974	0
ENSG00000287932	0	NA	NA	1	one_to_one	lncgSS.up	ENSCAFG00845013242	0
ENSG00000283973	0	NA	NA	1	one_to_one	lncgSS.up	ENSCAFG00845015225	0
ENSG00000251023	0	NA	NA	1	one_to_one	lncgSS.up	ENSCAFG00845015101	1
ENSG00000289014	0	NA	NA	1	one_to_one	lncgSS.up	ENSCAFG00845015526	1
ENSG00000270661	0	NA	NA	1	many_to_one	lncgSS.up	ENSCAFG00845020639	1
ENSG00000271208	0	NA	NA	1	many_to_one	lncgSS.up	ENSCAFG00845020639	1
ENSG00000290022	0	NA	NA	1	one_to_one	lncgSS.up	ENSCAFG00845021699	1
ENSG00000290039	0	NA	NA	1	one_to_one	lncgSS.up	ENSCAFG00845023029	1
ENSG00000289013	0	NA	NA	1	many_to_many_strict	lncgSS.up	ENSCAFG00845025298;ENSCAFG00845025310	0
ENSG00000288992	0	NA	NA	1	many_to_many_strict	lncgSS.up	ENSCAFG00845025298;ENSCAFG00845025310	1
ENSG00000235389	0	NA	NA	1	one_to_one	lncgSS.up	ENSCAFG00845027815	0
ENSG00000259932	0	NA	NA	1	many_to_one	lncgSS.up	ENSCAFG00845030742	0
ENSG00000260035	0	NA	NA	1	many_to_one	lncgSS.up	ENSCAFG00845030742	0
ENSG00000082929	0	NA	NA	0	NA	NA	NA	1
ENSG00000093100	0	NA	NA	0	NA	NA	NA	1
ENSG00000099869	0	NA	NA	0	NA	NA	NA	1
ENSG00000116652	0	NA	NA	0	NA	NA	NA	1
ENSG00000117242	0	NA	NA	0	NA	NA	NA	1
ENSG00000120664	0	NA	NA	0	NA	NA	NA	1
ENSG00000122043	0	NA	NA	0	NA	NA	NA	1
ENSG00000122548	0	NA	NA	0	NA	NA	NA	1
ENSG00000124835	0	NA	NA	0	NA	NA	NA	1
ENSG00000124915	0	NA	NA	0	NA	NA	NA	1
ENSG00000128254	0	NA	NA	0	NA	NA	NA	1
ENSG00000132832	0	NA	NA	0	NA	NA	NA	1
ENSG00000136275	0	NA	NA	0	NA	NA	NA	1
ENSG00000145075	0	NA	NA	0	NA	NA	NA	1
ENSG00000146666	0	NA	NA	0	NA	NA	NA	1
ENSG00000149443	0	NA	NA	0	NA	NA	NA	1
ENSG00000153363	0	NA	NA	0	NA	NA	NA	1
ENSG00000162888	0	NA	NA	0	NA	NA	NA	1
ENSG00000162913	0	NA	NA	0	NA	NA	NA	1
ENSG00000163081	0	NA	NA	0	NA	NA	NA	1
ENSG00000163364	0	NA	NA	0	NA	NA	NA	1
ENSG00000163597	0	NA	NA	0	NA	NA	NA	1
ENSG00000167920	0	NA	NA	0	NA	NA	NA	1
ENSG00000171671	0	NA	NA	0	NA	NA	NA	1
ENSG00000172965	0	NA	NA	0	NA	NA	NA	1
ENSG00000173077	0	NA	NA	0	NA	NA	NA	1
ENSG00000173811	0	NA	NA	0	NA	NA	NA	1
ENSG00000173862	0	NA	NA	0	NA	NA	NA	1
ENSG00000174171	0	NA	NA	0	NA	NA	NA	1
ENSG00000174325	0	NA	NA	0	NA	NA	NA	1
ENSG00000174370	0	NA	NA	0	NA	NA	NA	1
ENSG00000175061	0	NA	NA	0	NA	NA	NA	1
ENSG00000175147	0	NA	NA	0	NA	NA	NA	1
ENSG00000175604	0	NA	NA	0	NA	NA	NA	1
ENSG00000175728	0	NA	NA	0	NA	NA	NA	1
ENSG00000175773	0	NA	NA	0	NA	NA	NA	1
ENSG00000176124	0	NA	NA	0	NA	NA	NA	1
ENSG00000176320	0	NA	NA	0	NA	NA	NA	1
ENSG00000176349	0	NA	NA	0	NA	NA	NA	1
ENSG00000176515	0	NA	NA	0	NA	NA	NA	1
ENSG00000176753	0	NA	NA	0	NA	NA	NA	1
ENSG00000176754	0	NA	NA	0	NA	NA	NA	1
ENSG00000176840	0	NA	NA	0	NA	NA	NA	1
ENSG00000176868	0	NA	NA	0	NA	NA	NA	1
ENSG00000176912	0	NA	NA	0	NA	NA	NA	1
ENSG00000176984	0	NA	NA	0	NA	NA	NA	1
ENSG00000177112	0	NA	NA	0	NA	NA	NA	1
ENSG00000177234	0	NA	NA	0	NA	NA	NA	1
ENSG00000177337	0	NA	NA	0	NA	NA	NA	1
ENSG00000177338	0	NA	NA	0	NA	NA	NA	1
ENSG00000177340	0	NA	NA	0	NA	NA	NA	1
ENSG00000177369	0	NA	NA	0	NA	NA	NA	1
ENSG00000177410	0	NA	NA	0	NA	NA	NA	1
ENSG00000177596	0	NA	NA	0	NA	NA	NA	1
ENSG00000177640	0	NA	NA	0	NA	NA	NA	1
ENSG00000177699	0	NA	NA	0	NA	NA	NA	1
ENSG00000177725	0	NA	NA	0	NA	NA	NA	1
ENSG00000178107	0	NA	NA	0	NA	NA	NA	1
ENSG00000178977	0	NA	NA	0	NA	NA	NA	1
ENSG00000179028	0	NA	NA	0	NA	NA	NA	1
ENSG00000179066	0	NA	NA	0	NA	NA	NA	1
ENSG00000179141	0	NA	NA	0	NA	NA	NA	1
ENSG00000179452	0	NA	NA	0	NA	NA	NA	1
ENSG00000179523	0	NA	NA	0	NA	NA	NA	1
ENSG00000179577	0	NA	NA	0	NA	NA	NA	1
ENSG00000179676	0	NA	NA	0	NA	NA	NA	1
ENSG00000179743	0	NA	NA	0	NA	NA	NA	1
ENSG00000179818	0	NA	NA	0	NA	NA	NA	1
ENSG00000179840	0	NA	NA	0	NA	NA	NA	1
ENSG00000179935	0	NA	NA	0	NA	NA	NA	1
ENSG00000180066	0	NA	NA	0	NA	NA	NA	1
ENSG00000180139	0	NA	NA	0	NA	NA	NA	1
ENSG00000181123	0	NA	NA	0	NA	NA	NA	1
ENSG00000181171	0	NA	NA	0	NA	NA	NA	1
ENSG00000182165	0	NA	NA	0	NA	NA	NA	1
ENSG00000182257	0	NA	NA	0	NA	NA	NA	1
ENSG00000182352	0	NA	NA	0	NA	NA	NA	1
ENSG00000182586	0	NA	NA	0	NA	NA	NA	1
ENSG00000182776	0	NA	NA	0	NA	NA	NA	1
ENSG00000183154	0	NA	NA	0	NA	NA	NA	1
ENSG00000183308	0	NA	NA	0	NA	NA	NA	1
ENSG00000183535	0	NA	NA	0	NA	NA	NA	1
ENSG00000183562	0	NA	NA	0	NA	NA	NA	1
ENSG00000183643	0	NA	NA	0	NA	NA	NA	1
ENSG00000183674	0	NA	NA	0	NA	NA	NA	1
ENSG00000183784	0	NA	NA	0	NA	NA	NA	1
ENSG00000183822	0	NA	NA	0	NA	NA	NA	1
ENSG00000184029	0	NA	NA	0	NA	NA	NA	1
ENSG00000184274	0	NA	NA	0	NA	NA	NA	1
ENSG00000184385	0	NA	NA	0	NA	NA	NA	1
ENSG00000184441	0	NA	NA	0	NA	NA	NA	1
ENSG00000184566	0	NA	NA	0	NA	NA	NA	1
ENSG00000184608	0	NA	NA	0	NA	NA	NA	1
ENSG00000184809	0	NA	NA	0	NA	NA	NA	1
ENSG00000185065	0	NA	NA	0	NA	NA	NA	1
ENSG00000185186	0	NA	NA	0	NA	NA	NA	1
ENSG00000185837	0	NA	NA	0	NA	NA	NA	1
ENSG00000185847	0	NA	NA	0	NA	NA	NA	1
ENSG00000186056	0	NA	NA	0	NA	NA	NA	1
ENSG00000186235	0	NA	NA	0	NA	NA	NA	1
ENSG00000186594	0	NA	NA	0	NA	NA	NA	1
ENSG00000186615	0	NA	NA	0	NA	NA	NA	1
ENSG00000187013	0	NA	NA	0	NA	NA	NA	1
ENSG00000187185	0	NA	NA	0	NA	NA	NA	1
ENSG00000187229	0	NA	NA	0	NA	NA	NA	1
ENSG00000187904	0	NA	NA	0	NA	NA	NA	1
ENSG00000188185	0	NA	NA	0	NA	NA	NA	1
ENSG00000188525	0	NA	NA	0	NA	NA	NA	1
ENSG00000188660	0	NA	NA	0	NA	NA	NA	1
ENSG00000188693	0	NA	NA	0	NA	NA	NA	1
ENSG00000189223	0	NA	NA	0	NA	NA	NA	1
ENSG00000189419	0	NA	NA	0	NA	NA	NA	1
ENSG00000196166	0	NA	NA	0	NA	NA	NA	1
ENSG00000196167	0	NA	NA	0	NA	NA	NA	1
ENSG00000196273	0	NA	NA	0	NA	NA	NA	1
ENSG00000196295	0	NA	NA	0	NA	NA	NA	1
ENSG00000196366	0	NA	NA	0	NA	NA	NA	1
ENSG00000196668	0	NA	NA	0	NA	NA	NA	1
ENSG00000196741	0	NA	NA	0	NA	NA	NA	1
ENSG00000196758	0	NA	NA	0	NA	NA	NA	1
ENSG00000196951	0	NA	NA	0	NA	NA	NA	1
ENSG00000196979	0	NA	NA	0	NA	NA	NA	1
ENSG00000197085	0	NA	NA	0	NA	NA	NA	1
ENSG00000197099	0	NA	NA	0	NA	NA	NA	1
ENSG00000197182	0	NA	NA	0	NA	NA	NA	1
ENSG00000197301	0	NA	NA	0	NA	NA	NA	1
ENSG00000197322	0	NA	NA	0	NA	NA	NA	1
ENSG00000197503	0	NA	NA	0	NA	NA	NA	1
ENSG00000197536	0	NA	NA	0	NA	NA	NA	1
ENSG00000197585	0	NA	NA	0	NA	NA	NA	1
ENSG00000197670	0	NA	NA	0	NA	NA	NA	1
ENSG00000197734	0	NA	NA	0	NA	NA	NA	1
ENSG00000197815	0	NA	NA	0	NA	NA	NA	1
ENSG00000197880	0	NA	NA	0	NA	NA	NA	1
ENSG00000198454	0	NA	NA	0	NA	NA	NA	1
ENSG00000198468	0	NA	NA	0	NA	NA	NA	1
ENSG00000198491	0	NA	NA	0	NA	NA	NA	1
ENSG00000198590	0	NA	NA	0	NA	NA	NA	1
ENSG00000198685	0	NA	NA	0	NA	NA	NA	1
ENSG00000203280	0	NA	NA	0	NA	NA	NA	1
ENSG00000203288	0	NA	NA	0	NA	NA	NA	1
ENSG00000203321	0	NA	NA	0	NA	NA	NA	1
ENSG00000203327	0	NA	NA	0	NA	NA	NA	1
ENSG00000203356	0	NA	NA	0	NA	NA	NA	1
ENSG00000203362	0	NA	NA	0	NA	NA	NA	1
ENSG00000203364	0	NA	NA	0	NA	NA	NA	1
ENSG00000203395	0	NA	NA	0	NA	NA	NA	1
ENSG00000203402	0	NA	NA	0	NA	NA	NA	1
ENSG00000203446	0	NA	NA	0	NA	NA	NA	1
ENSG00000203469	0	NA	NA	0	NA	NA	NA	1
ENSG00000203527	0	NA	NA	0	NA	NA	NA	1
ENSG00000203565	0	NA	NA	0	NA	NA	NA	1
ENSG00000203585	0	NA	NA	0	NA	NA	NA	1
ENSG00000203588	0	NA	NA	0	NA	NA	NA	1
ENSG00000203605	0	NA	NA	0	NA	NA	NA	1
ENSG00000203684	0	NA	NA	0	NA	NA	NA	1
ENSG00000203709	0	NA	NA	0	NA	NA	NA	1
ENSG00000203729	0	NA	NA	0	NA	NA	NA	1
ENSG00000203739	0	NA	NA	0	NA	NA	NA	1
ENSG00000203801	0	NA	NA	0	NA	NA	NA	1
ENSG00000203808	0	NA	NA	0	NA	NA	NA	1
ENSG00000203809	0	NA	NA	0	NA	NA	NA	1
ENSG00000203865	0	NA	NA	0	NA	NA	NA	1
ENSG00000203875	0	NA	NA	0	NA	NA	NA	1
ENSG00000203897	0	NA	NA	0	NA	NA	NA	1
ENSG00000203900	0	NA	NA	0	NA	NA	NA	1
ENSG00000203930	0	NA	NA	0	NA	NA	NA	1
ENSG00000203987	0	NA	NA	0	NA	NA	NA	1
ENSG00000204011	0	NA	NA	0	NA	NA	NA	1
ENSG00000204044	0	NA	NA	0	NA	NA	NA	1
ENSG00000204110	0	NA	NA	0	NA	NA	NA	1
ENSG00000204183	0	NA	NA	0	NA	NA	NA	1
ENSG00000204241	0	NA	NA	0	NA	NA	NA	1
ENSG00000204250	0	NA	NA	0	NA	NA	NA	1
ENSG00000204277	0	NA	NA	0	NA	NA	NA	1
ENSG00000204362	0	NA	NA	0	NA	NA	NA	1
ENSG00000204387	0	NA	NA	0	NA	NA	NA	1
ENSG00000204393	0	NA	NA	0	NA	NA	NA	1
ENSG00000204422	0	NA	NA	0	NA	NA	NA	1
ENSG00000204464	0	NA	NA	0	NA	NA	NA	1
ENSG00000204581	0	NA	NA	0	NA	NA	NA	1
ENSG00000204584	0	NA	NA	0	NA	NA	NA	1
ENSG00000204620	0	NA	NA	0	NA	NA	NA	1
ENSG00000204666	0	NA	NA	0	NA	NA	NA	1
ENSG00000204677	0	NA	NA	0	NA	NA	NA	1
ENSG00000204706	0	NA	NA	0	NA	NA	NA	1
ENSG00000204758	0	NA	NA	0	NA	NA	NA	1
ENSG00000204792	0	NA	NA	0	NA	NA	NA	1
ENSG00000204832	0	NA	NA	0	NA	NA	NA	1
ENSG00000204904	0	NA	NA	0	NA	NA	NA	1
ENSG00000204934	0	NA	NA	0	NA	NA	NA	1
ENSG00000204971	0	NA	NA	0	NA	NA	NA	1
ENSG00000205086	0	NA	NA	0	NA	NA	NA	1
ENSG00000205300	0	NA	NA	0	NA	NA	NA	1
ENSG00000205488	0	NA	NA	0	NA	NA	NA	1
ENSG00000205537	0	NA	NA	0	NA	NA	NA	1
ENSG00000205549	0	NA	NA	0	NA	NA	NA	1
ENSG00000205622	0	NA	NA	0	NA	NA	NA	1
ENSG00000205745	0	NA	NA	0	NA	NA	NA	1
ENSG00000205786	0	NA	NA	0	NA	NA	NA	1
ENSG00000205790	0	NA	NA	0	NA	NA	NA	1
ENSG00000205791	0	NA	NA	0	NA	NA	NA	1
ENSG00000205890	0	NA	NA	0	NA	NA	NA	1
ENSG00000205930	0	NA	NA	0	NA	NA	NA	1
ENSG00000205971	0	NA	NA	0	NA	NA	NA	1
ENSG00000206552	0	NA	NA	0	NA	NA	NA	1
ENSG00000206573	0	NA	NA	0	NA	NA	NA	1
ENSG00000207751	0	NA	NA	0	NA	NA	NA	1
ENSG00000212663	0	NA	NA	0	NA	NA	NA	1
ENSG00000212766	0	NA	NA	0	NA	NA	NA	1
ENSG00000212930	0	NA	NA	0	NA	NA	NA	1
ENSG00000212978	0	NA	NA	0	NA	NA	NA	1
ENSG00000213121	0	NA	NA	0	NA	NA	NA	1
ENSG00000213599	0	NA	NA	0	NA	NA	NA	1
ENSG00000213600	0	NA	NA	0	NA	NA	NA	1
ENSG00000213742	0	NA	NA	0	NA	NA	NA	1
ENSG00000213888	0	NA	NA	0	NA	NA	NA	1
ENSG00000213904	0	NA	NA	0	NA	NA	NA	1
ENSG00000213963	0	NA	NA	0	NA	NA	NA	1
ENSG00000214039	0	NA	NA	0	NA	NA	NA	1
ENSG00000214248	0	NA	NA	0	NA	NA	NA	1
ENSG00000214293	0	NA	NA	0	NA	NA	NA	1
ENSG00000214353	0	NA	NA	0	NA	NA	NA	1
ENSG00000214381	0	NA	NA	0	NA	NA	NA	1
ENSG00000214546	0	NA	NA	0	NA	NA	NA	1
ENSG00000214548	0	NA	NA	0	NA	NA	NA	1
ENSG00000214559	0	NA	NA	0	NA	NA	NA	1
ENSG00000214691	0	NA	NA	0	NA	NA	NA	1
ENSG00000214770	0	NA	NA	0	NA	NA	NA	1
ENSG00000214772	0	NA	NA	0	NA	NA	NA	1
ENSG00000214851	0	NA	NA	0	NA	NA	NA	1
ENSG00000214870	0	NA	NA	0	NA	NA	NA	1
ENSG00000214894	0	NA	NA	0	NA	NA	NA	1
ENSG00000214900	0	NA	NA	0	NA	NA	NA	1
ENSG00000214919	0	NA	NA	0	NA	NA	NA	1
ENSG00000214970	0	NA	NA	0	NA	NA	NA	1
ENSG00000214999	0	NA	NA	0	NA	NA	NA	1
ENSG00000215014	0	NA	NA	0	NA	NA	NA	1
ENSG00000215022	0	NA	NA	0	NA	NA	NA	1
ENSG00000215023	0	NA	NA	0	NA	NA	NA	1
ENSG00000215067	0	NA	NA	0	NA	NA	NA	1
ENSG00000215231	0	NA	NA	0	NA	NA	NA	1
ENSG00000215241	0	NA	NA	0	NA	NA	NA	1
ENSG00000215256	0	NA	NA	0	NA	NA	NA	1
ENSG00000215386	0	NA	NA	0	NA	NA	NA	1
ENSG00000215403	0	NA	NA	0	NA	NA	NA	1
ENSG00000215424	0	NA	NA	0	NA	NA	NA	1
ENSG00000215533	0	NA	NA	0	NA	NA	NA	1
ENSG00000215692	0	NA	NA	0	NA	NA	NA	1
ENSG00000215841	0	NA	NA	0	NA	NA	NA	1
ENSG00000215866	0	NA	NA	0	NA	NA	NA	1
ENSG00000216863	0	NA	NA	0	NA	NA	NA	1
ENSG00000217702	0	NA	NA	0	NA	NA	NA	1
ENSG00000217825	0	NA	NA	0	NA	NA	NA	1
ENSG00000218018	0	NA	NA	0	NA	NA	NA	1
ENSG00000218416	0	NA	NA	0	NA	NA	NA	1
ENSG00000218510	0	NA	NA	0	NA	NA	NA	1
ENSG00000218537	0	NA	NA	0	NA	NA	NA	1
ENSG00000219410	0	NA	NA	0	NA	NA	NA	1
ENSG00000220256	0	NA	NA	0	NA	NA	NA	1
ENSG00000220575	0	NA	NA	0	NA	NA	NA	1
ENSG00000220925	0	NA	NA	0	NA	NA	NA	1
ENSG00000221571	0	NA	NA	0	NA	NA	NA	1
ENSG00000221817	0	NA	NA	0	NA	NA	NA	1
ENSG00000221819	0	NA	NA	0	NA	NA	NA	1
ENSG00000221845	0	NA	NA	0	NA	NA	NA	1
ENSG00000221857	0	NA	NA	0	NA	NA	NA	1
ENSG00000221949	0	NA	NA	0	NA	NA	NA	1
ENSG00000221953	0	NA	NA	0	NA	NA	NA	1
ENSG00000221990	0	NA	NA	0	NA	NA	NA	1
ENSG00000222001	0	NA	NA	0	NA	NA	NA	1
ENSG00000222004	0	NA	NA	0	NA	NA	NA	1
ENSG00000222005	0	NA	NA	0	NA	NA	NA	1
ENSG00000222012	0	NA	NA	0	NA	NA	NA	1
ENSG00000222017	0	NA	NA	0	NA	NA	NA	1
ENSG00000222020	0	NA	NA	0	NA	NA	NA	1
ENSG00000222031	0	NA	NA	0	NA	NA	NA	1
ENSG00000222035	0	NA	NA	0	NA	NA	NA	1
ENSG00000222041	0	NA	NA	0	NA	NA	NA	1
ENSG00000222043	0	NA	NA	0	NA	NA	NA	1
ENSG00000222047	0	NA	NA	0	NA	NA	NA	1
ENSG00000223343	0	NA	NA	0	NA	NA	NA	1
ENSG00000223356	0	NA	NA	0	NA	NA	NA	1
ENSG00000223358	0	NA	NA	0	NA	NA	NA	1
ENSG00000223360	0	NA	NA	0	NA	NA	NA	1
ENSG00000223374	0	NA	NA	0	NA	NA	NA	1
ENSG00000223382	0	NA	NA	0	NA	NA	NA	1
ENSG00000223390	0	NA	NA	0	NA	NA	NA	1
ENSG00000223393	0	NA	NA	0	NA	NA	NA	1
ENSG00000223410	0	NA	NA	0	NA	NA	NA	1
ENSG00000223432	0	NA	NA	0	NA	NA	NA	1
ENSG00000223440	0	NA	NA	0	NA	NA	NA	1
ENSG00000223461	0	NA	NA	0	NA	NA	NA	1
ENSG00000223466	0	NA	NA	0	NA	NA	NA	1
ENSG00000223470	0	NA	NA	0	NA	NA	NA	1
ENSG00000223478	0	NA	NA	0	NA	NA	NA	1
ENSG00000223487	0	NA	NA	0	NA	NA	NA	1
ENSG00000223502	0	NA	NA	0	NA	NA	NA	1
ENSG00000223522	0	NA	NA	0	NA	NA	NA	1
ENSG00000223523	0	NA	NA	0	NA	NA	NA	1
ENSG00000223528	0	NA	NA	0	NA	NA	NA	1
ENSG00000223536	0	NA	NA	0	NA	NA	NA	1
ENSG00000223537	0	NA	NA	0	NA	NA	NA	1
ENSG00000223542	0	NA	NA	0	NA	NA	NA	1
ENSG00000223548	0	NA	NA	0	NA	NA	NA	1
ENSG00000223561	0	NA	NA	0	NA	NA	NA	1
ENSG00000223563	0	NA	NA	0	NA	NA	NA	1
ENSG00000223576	0	NA	NA	0	NA	NA	NA	1
ENSG00000223598	0	NA	NA	0	NA	NA	NA	1
ENSG00000223608	0	NA	NA	0	NA	NA	NA	1
ENSG00000223635	0	NA	NA	0	NA	NA	NA	1
ENSG00000223642	0	NA	NA	0	NA	NA	NA	1
ENSG00000223649	0	NA	NA	0	NA	NA	NA	1
ENSG00000223653	0	NA	NA	0	NA	NA	NA	1
ENSG00000223662	0	NA	NA	0	NA	NA	NA	1
ENSG00000223685	0	NA	NA	0	NA	NA	NA	1
ENSG00000223695	0	NA	NA	0	NA	NA	NA	1
ENSG00000223697	0	NA	NA	0	NA	NA	NA	1
ENSG00000223701	0	NA	NA	0	NA	NA	NA	1
ENSG00000223711	0	NA	NA	0	NA	NA	NA	1
ENSG00000223727	0	NA	NA	0	NA	NA	NA	1
ENSG00000223732	0	NA	NA	0	NA	NA	NA	1
ENSG00000223734	0	NA	NA	0	NA	NA	NA	1
ENSG00000223745	0	NA	NA	0	NA	NA	NA	1
ENSG00000223768	0	NA	NA	0	NA	NA	NA	1
ENSG00000223770	0	NA	NA	0	NA	NA	NA	1
ENSG00000223774	0	NA	NA	0	NA	NA	NA	1
ENSG00000223776	0	NA	NA	0	NA	NA	NA	1
ENSG00000223783	0	NA	NA	0	NA	NA	NA	1
ENSG00000223795	0	NA	NA	0	NA	NA	NA	1
ENSG00000223797	0	NA	NA	0	NA	NA	NA	1
ENSG00000223799	0	NA	NA	0	NA	NA	NA	1
ENSG00000223800	0	NA	NA	0	NA	NA	NA	1
ENSG00000223812	0	NA	NA	0	NA	NA	NA	1
ENSG00000223817	0	NA	NA	0	NA	NA	NA	1
ENSG00000223829	0	NA	NA	0	NA	NA	NA	1
ENSG00000223831	0	NA	NA	0	NA	NA	NA	1
ENSG00000223843	0	NA	NA	0	NA	NA	NA	1
ENSG00000223850	0	NA	NA	0	NA	NA	NA	1
ENSG00000223855	0	NA	NA	0	NA	NA	NA	1
ENSG00000223863	0	NA	NA	0	NA	NA	NA	1
ENSG00000223880	0	NA	NA	0	NA	NA	NA	1
ENSG00000223882	0	NA	NA	0	NA	NA	NA	1
ENSG00000223883	0	NA	NA	0	NA	NA	NA	1
ENSG00000223901	0	NA	NA	0	NA	NA	NA	1
ENSG00000223906	0	NA	NA	0	NA	NA	NA	1
ENSG00000223910	0	NA	NA	0	NA	NA	NA	1
ENSG00000223911	0	NA	NA	0	NA	NA	NA	1
ENSG00000223914	0	NA	NA	0	NA	NA	NA	1
ENSG00000223942	0	NA	NA	0	NA	NA	NA	1
ENSG00000223946	0	NA	NA	0	NA	NA	NA	1
ENSG00000223947	0	NA	NA	0	NA	NA	NA	1
ENSG00000223949	0	NA	NA	0	NA	NA	NA	1
ENSG00000223966	0	NA	NA	0	NA	NA	NA	1
ENSG00000223969	0	NA	NA	0	NA	NA	NA	1
ENSG00000223975	0	NA	NA	0	NA	NA	NA	1
ENSG00000223979	0	NA	NA	0	NA	NA	NA	1
ENSG00000223989	0	NA	NA	0	NA	NA	NA	1
ENSG00000223991	0	NA	NA	0	NA	NA	NA	1
ENSG00000224015	0	NA	NA	0	NA	NA	NA	1
ENSG00000224017	0	NA	NA	0	NA	NA	NA	1
ENSG00000224029	0	NA	NA	0	NA	NA	NA	1
ENSG00000224043	0	NA	NA	0	NA	NA	NA	1
ENSG00000224046	0	NA	NA	0	NA	NA	NA	1
ENSG00000224049	0	NA	NA	0	NA	NA	NA	1
ENSG00000224057	0	NA	NA	0	NA	NA	NA	1
ENSG00000224063	0	NA	NA	0	NA	NA	NA	1
ENSG00000224066	0	NA	NA	0	NA	NA	NA	1
ENSG00000224077	0	NA	NA	0	NA	NA	NA	1
ENSG00000224078	0	NA	NA	0	NA	NA	NA	1
ENSG00000224079	0	NA	NA	0	NA	NA	NA	1
ENSG00000224086	0	NA	NA	0	NA	NA	NA	1
ENSG00000224090	0	NA	NA	0	NA	NA	NA	1
ENSG00000224099	0	NA	NA	0	NA	NA	NA	1
ENSG00000224101	0	NA	NA	0	NA	NA	NA	1
ENSG00000224122	0	NA	NA	0	NA	NA	NA	1
ENSG00000224127	0	NA	NA	0	NA	NA	NA	1
ENSG00000224132	0	NA	NA	0	NA	NA	NA	1
ENSG00000224142	0	NA	NA	0	NA	NA	NA	1
ENSG00000224149	0	NA	NA	0	NA	NA	NA	1
ENSG00000224152	0	NA	NA	0	NA	NA	NA	1
ENSG00000224153	0	NA	NA	0	NA	NA	NA	1
ENSG00000224164	0	NA	NA	0	NA	NA	NA	1
ENSG00000224165	0	NA	NA	0	NA	NA	NA	1
ENSG00000224167	0	NA	NA	0	NA	NA	NA	1
ENSG00000224173	0	NA	NA	0	NA	NA	NA	1
ENSG00000224184	0	NA	NA	0	NA	NA	NA	1
ENSG00000224186	0	NA	NA	0	NA	NA	NA	1
ENSG00000224187	0	NA	NA	0	NA	NA	NA	1
ENSG00000224189	0	NA	NA	0	NA	NA	NA	1
ENSG00000224190	0	NA	NA	0	NA	NA	NA	1
ENSG00000224192	0	NA	NA	0	NA	NA	NA	1
ENSG00000224194	0	NA	NA	0	NA	NA	NA	1
ENSG00000224195	0	NA	NA	0	NA	NA	NA	1
ENSG00000224204	0	NA	NA	0	NA	NA	NA	1
ENSG00000224209	0	NA	NA	0	NA	NA	NA	1
ENSG00000224215	0	NA	NA	0	NA	NA	NA	1
ENSG00000224218	0	NA	NA	0	NA	NA	NA	1
ENSG00000224222	0	NA	NA	0	NA	NA	NA	1
ENSG00000224223	0	NA	NA	0	NA	NA	NA	1
ENSG00000224247	0	NA	NA	0	NA	NA	NA	1
ENSG00000224250	0	NA	NA	0	NA	NA	NA	1
ENSG00000224257	0	NA	NA	0	NA	NA	NA	1
ENSG00000224276	0	NA	NA	0	NA	NA	NA	1
ENSG00000224286	0	NA	NA	0	NA	NA	NA	1
ENSG00000224292	0	NA	NA	0	NA	NA	NA	1
ENSG00000224310	0	NA	NA	0	NA	NA	NA	1
ENSG00000224328	0	NA	NA	0	NA	NA	NA	1
ENSG00000224329	0	NA	NA	0	NA	NA	NA	1
ENSG00000224330	0	NA	NA	0	NA	NA	NA	1
ENSG00000224342	0	NA	NA	0	NA	NA	NA	1
ENSG00000224349	0	NA	NA	0	NA	NA	NA	1
ENSG00000224361	0	NA	NA	0	NA	NA	NA	1
ENSG00000224387	0	NA	NA	0	NA	NA	NA	1
ENSG00000224391	0	NA	NA	0	NA	NA	NA	1
ENSG00000224405	0	NA	NA	0	NA	NA	NA	1
ENSG00000224406	0	NA	NA	0	NA	NA	NA	1
ENSG00000224407	0	NA	NA	0	NA	NA	NA	1
ENSG00000224409	0	NA	NA	0	NA	NA	NA	1
ENSG00000224413	0	NA	NA	0	NA	NA	NA	1
ENSG00000224418	0	NA	NA	0	NA	NA	NA	1
ENSG00000224424	0	NA	NA	0	NA	NA	NA	1
ENSG00000224490	0	NA	NA	0	NA	NA	NA	1
ENSG00000224506	0	NA	NA	0	NA	NA	NA	1
ENSG00000224517	0	NA	NA	0	NA	NA	NA	1
ENSG00000224525	0	NA	NA	0	NA	NA	NA	1
ENSG00000224536	0	NA	NA	0	NA	NA	NA	1
ENSG00000224565	0	NA	NA	0	NA	NA	NA	1
ENSG00000224574	0	NA	NA	0	NA	NA	NA	1
ENSG00000224577	0	NA	NA	0	NA	NA	NA	1
ENSG00000224614	0	NA	NA	0	NA	NA	NA	1
ENSG00000224616	0	NA	NA	0	NA	NA	NA	1
ENSG00000224621	0	NA	NA	0	NA	NA	NA	1
ENSG00000224643	0	NA	NA	0	NA	NA	NA	1
ENSG00000224644	0	NA	NA	0	NA	NA	NA	1
ENSG00000224645	0	NA	NA	0	NA	NA	NA	1
ENSG00000224648	0	NA	NA	0	NA	NA	NA	1
ENSG00000224649	0	NA	NA	0	NA	NA	NA	1
ENSG00000224652	0	NA	NA	0	NA	NA	NA	1
ENSG00000224655	0	NA	NA	0	NA	NA	NA	1
ENSG00000224660	0	NA	NA	0	NA	NA	NA	1
ENSG00000224666	0	NA	NA	0	NA	NA	NA	1
ENSG00000224671	0	NA	NA	0	NA	NA	NA	1
ENSG00000224675	0	NA	NA	0	NA	NA	NA	1
ENSG00000224687	0	NA	NA	0	NA	NA	NA	1
ENSG00000224702	0	NA	NA	0	NA	NA	NA	1
ENSG00000224713	0	NA	NA	0	NA	NA	NA	1
ENSG00000224717	0	NA	NA	0	NA	NA	NA	1
ENSG00000224729	0	NA	NA	0	NA	NA	NA	1
ENSG00000224733	0	NA	NA	0	NA	NA	NA	1
ENSG00000224738	0	NA	NA	0	NA	NA	NA	1
ENSG00000224743	0	NA	NA	0	NA	NA	NA	1
ENSG00000224750	0	NA	NA	0	NA	NA	NA	1
ENSG00000224764	0	NA	NA	0	NA	NA	NA	1
ENSG00000224771	0	NA	NA	0	NA	NA	NA	1
ENSG00000224789	0	NA	NA	0	NA	NA	NA	1
ENSG00000224790	0	NA	NA	0	NA	NA	NA	1
ENSG00000224808	0	NA	NA	0	NA	NA	NA	1
ENSG00000224812	0	NA	NA	0	NA	NA	NA	1
ENSG00000224814	0	NA	NA	0	NA	NA	NA	1
ENSG00000224825	0	NA	NA	0	NA	NA	NA	1
ENSG00000224842	0	NA	NA	0	NA	NA	NA	1
ENSG00000224851	0	NA	NA	0	NA	NA	NA	1
ENSG00000224870	0	NA	NA	0	NA	NA	NA	1
ENSG00000224875	0	NA	NA	0	NA	NA	NA	1
ENSG00000224879	0	NA	NA	0	NA	NA	NA	1
ENSG00000224884	0	NA	NA	0	NA	NA	NA	1
ENSG00000224888	0	NA	NA	0	NA	NA	NA	1
ENSG00000224893	0	NA	NA	0	NA	NA	NA	1
ENSG00000224901	0	NA	NA	0	NA	NA	NA	1
ENSG00000224903	0	NA	NA	0	NA	NA	NA	1
ENSG00000224910	0	NA	NA	0	NA	NA	NA	1
ENSG00000224932	0	NA	NA	0	NA	NA	NA	1
ENSG00000224934	0	NA	NA	0	NA	NA	NA	1
ENSG00000224939	0	NA	NA	0	NA	NA	NA	1
ENSG00000224943	0	NA	NA	0	NA	NA	NA	1
ENSG00000224950	0	NA	NA	0	NA	NA	NA	1
ENSG00000224958	0	NA	NA	0	NA	NA	NA	1
ENSG00000224968	0	NA	NA	0	NA	NA	NA	1
ENSG00000224970	0	NA	NA	0	NA	NA	NA	1
ENSG00000224972	0	NA	NA	0	NA	NA	NA	1
ENSG00000224975	0	NA	NA	0	NA	NA	NA	1
ENSG00000224977	0	NA	NA	0	NA	NA	NA	1
ENSG00000224984	0	NA	NA	0	NA	NA	NA	1
ENSG00000225002	0	NA	NA	0	NA	NA	NA	1
ENSG00000225028	0	NA	NA	0	NA	NA	NA	1
ENSG00000225039	0	NA	NA	0	NA	NA	NA	1
ENSG00000225058	0	NA	NA	0	NA	NA	NA	1
ENSG00000225063	0	NA	NA	0	NA	NA	NA	1
ENSG00000225064	0	NA	NA	0	NA	NA	NA	1
ENSG00000225075	0	NA	NA	0	NA	NA	NA	1
ENSG00000225077	0	NA	NA	0	NA	NA	NA	1
ENSG00000225083	0	NA	NA	0	NA	NA	NA	1
ENSG00000225084	0	NA	NA	0	NA	NA	NA	1
ENSG00000225112	0	NA	NA	0	NA	NA	NA	1
ENSG00000225127	0	NA	NA	0	NA	NA	NA	1
ENSG00000225128	0	NA	NA	0	NA	NA	NA	1
ENSG00000225146	0	NA	NA	0	NA	NA	NA	1
ENSG00000225152	0	NA	NA	0	NA	NA	NA	1
ENSG00000225156	0	NA	NA	0	NA	NA	NA	1
ENSG00000225172	0	NA	NA	0	NA	NA	NA	1
ENSG00000225177	0	NA	NA	0	NA	NA	NA	1
ENSG00000225187	0	NA	NA	0	NA	NA	NA	1
ENSG00000225194	0	NA	NA	0	NA	NA	NA	1
ENSG00000225195	0	NA	NA	0	NA	NA	NA	1
ENSG00000225205	0	NA	NA	0	NA	NA	NA	1
ENSG00000225206	0	NA	NA	0	NA	NA	NA	1
ENSG00000225208	0	NA	NA	0	NA	NA	NA	1
ENSG00000225213	0	NA	NA	0	NA	NA	NA	1
ENSG00000225214	0	NA	NA	0	NA	NA	NA	1
ENSG00000225218	0	NA	NA	0	NA	NA	NA	1
ENSG00000225230	0	NA	NA	0	NA	NA	NA	1
ENSG00000225231	0	NA	NA	0	NA	NA	NA	1
ENSG00000225243	0	NA	NA	0	NA	NA	NA	1
ENSG00000225263	0	NA	NA	0	NA	NA	NA	1
ENSG00000225265	0	NA	NA	0	NA	NA	NA	1
ENSG00000225284	0	NA	NA	0	NA	NA	NA	1
ENSG00000225311	0	NA	NA	0	NA	NA	NA	1
ENSG00000225313	0	NA	NA	0	NA	NA	NA	1
ENSG00000225315	0	NA	NA	0	NA	NA	NA	1
ENSG00000225330	0	NA	NA	0	NA	NA	NA	1
ENSG00000225331	0	NA	NA	0	NA	NA	NA	1
ENSG00000225334	0	NA	NA	0	NA	NA	NA	1
ENSG00000225335	0	NA	NA	0	NA	NA	NA	1
ENSG00000225339	0	NA	NA	0	NA	NA	NA	1
ENSG00000225342	0	NA	NA	0	NA	NA	NA	1
ENSG00000225350	0	NA	NA	0	NA	NA	NA	1
ENSG00000225359	0	NA	NA	0	NA	NA	NA	1
ENSG00000225362	0	NA	NA	0	NA	NA	NA	1
ENSG00000225377	0	NA	NA	0	NA	NA	NA	1
ENSG00000225387	0	NA	NA	0	NA	NA	NA	1
ENSG00000225391	0	NA	NA	0	NA	NA	NA	1
ENSG00000225407	0	NA	NA	0	NA	NA	NA	1
ENSG00000225408	0	NA	NA	0	NA	NA	NA	1
ENSG00000225417	0	NA	NA	0	NA	NA	NA	1
ENSG00000225420	0	NA	NA	0	NA	NA	NA	1
ENSG00000225421	0	NA	NA	0	NA	NA	NA	1
ENSG00000225424	0	NA	NA	0	NA	NA	NA	1
ENSG00000225431	0	NA	NA	0	NA	NA	NA	1
ENSG00000225439	0	NA	NA	0	NA	NA	NA	1
ENSG00000225444	0	NA	NA	0	NA	NA	NA	1
ENSG00000225450	0	NA	NA	0	NA	NA	NA	1
ENSG00000225458	0	NA	NA	0	NA	NA	NA	1
ENSG00000225465	0	NA	NA	0	NA	NA	NA	1
ENSG00000225470	0	NA	NA	0	NA	NA	NA	1
ENSG00000225472	0	NA	NA	0	NA	NA	NA	1
ENSG00000225473	0	NA	NA	0	NA	NA	NA	1
ENSG00000225479	0	NA	NA	0	NA	NA	NA	1
ENSG00000225498	0	NA	NA	0	NA	NA	NA	1
ENSG00000225518	0	NA	NA	0	NA	NA	NA	1
ENSG00000225519	0	NA	NA	0	NA	NA	NA	1
ENSG00000225521	0	NA	NA	0	NA	NA	NA	1
ENSG00000225527	0	NA	NA	0	NA	NA	NA	1
ENSG00000225539	0	NA	NA	0	NA	NA	NA	1
ENSG00000225545	0	NA	NA	0	NA	NA	NA	1
ENSG00000225570	0	NA	NA	0	NA	NA	NA	1
ENSG00000225578	0	NA	NA	0	NA	NA	NA	1
ENSG00000225582	0	NA	NA	0	NA	NA	NA	1
ENSG00000225588	0	NA	NA	0	NA	NA	NA	1
ENSG00000225602	0	NA	NA	0	NA	NA	NA	1
ENSG00000225611	0	NA	NA	0	NA	NA	NA	1
ENSG00000225613	0	NA	NA	0	NA	NA	NA	1
ENSG00000225620	0	NA	NA	0	NA	NA	NA	1
ENSG00000225626	0	NA	NA	0	NA	NA	NA	1
ENSG00000225657	0	NA	NA	0	NA	NA	NA	1
ENSG00000225670	0	NA	NA	0	NA	NA	NA	1
ENSG00000225675	0	NA	NA	0	NA	NA	NA	1
ENSG00000225676	0	NA	NA	0	NA	NA	NA	1
ENSG00000225721	0	NA	NA	0	NA	NA	NA	1
ENSG00000225730	0	NA	NA	0	NA	NA	NA	1
ENSG00000225751	0	NA	NA	0	NA	NA	NA	1
ENSG00000225752	0	NA	NA	0	NA	NA	NA	1
ENSG00000225756	0	NA	NA	0	NA	NA	NA	1
ENSG00000225761	0	NA	NA	0	NA	NA	NA	1
ENSG00000225762	0	NA	NA	0	NA	NA	NA	1
ENSG00000225764	0	NA	NA	0	NA	NA	NA	1
ENSG00000225768	0	NA	NA	0	NA	NA	NA	1
ENSG00000225778	0	NA	NA	0	NA	NA	NA	1
ENSG00000225791	0	NA	NA	0	NA	NA	NA	1
ENSG00000225792	0	NA	NA	0	NA	NA	NA	1
ENSG00000225793	0	NA	NA	0	NA	NA	NA	1
ENSG00000225794	0	NA	NA	0	NA	NA	NA	1
ENSG00000225798	0	NA	NA	0	NA	NA	NA	1
ENSG00000225822	0	NA	NA	0	NA	NA	NA	1
ENSG00000225836	0	NA	NA	0	NA	NA	NA	1
ENSG00000225839	0	NA	NA	0	NA	NA	NA	1
ENSG00000225855	0	NA	NA	0	NA	NA	NA	1
ENSG00000225857	0	NA	NA	0	NA	NA	NA	1
ENSG00000225867	0	NA	NA	0	NA	NA	NA	1
ENSG00000225870	0	NA	NA	0	NA	NA	NA	1
ENSG00000225882	0	NA	NA	0	NA	NA	NA	1
ENSG00000225884	0	NA	NA	0	NA	NA	NA	1
ENSG00000225885	0	NA	NA	0	NA	NA	NA	1
ENSG00000225903	0	NA	NA	0	NA	NA	NA	1
ENSG00000225905	0	NA	NA	0	NA	NA	NA	1
ENSG00000225914	0	NA	NA	0	NA	NA	NA	1
ENSG00000225916	0	NA	NA	0	NA	NA	NA	1
ENSG00000225924	0	NA	NA	0	NA	NA	NA	1
ENSG00000225937	0	NA	NA	0	NA	NA	NA	1
ENSG00000225938	0	NA	NA	0	NA	NA	NA	1
ENSG00000225951	0	NA	NA	0	NA	NA	NA	1
ENSG00000225956	0	NA	NA	0	NA	NA	NA	1
ENSG00000225981	0	NA	NA	0	NA	NA	NA	1
ENSG00000225988	0	NA	NA	0	NA	NA	NA	1
ENSG00000226004	0	NA	NA	0	NA	NA	NA	1
ENSG00000226009	0	NA	NA	0	NA	NA	NA	1
ENSG00000226012	0	NA	NA	0	NA	NA	NA	1
ENSG00000226017	0	NA	NA	0	NA	NA	NA	1
ENSG00000226026	0	NA	NA	0	NA	NA	NA	1
ENSG00000226047	0	NA	NA	0	NA	NA	NA	1
ENSG00000226053	0	NA	NA	0	NA	NA	NA	1
ENSG00000226063	0	NA	NA	0	NA	NA	NA	1
ENSG00000226083	0	NA	NA	0	NA	NA	NA	1
ENSG00000226115	0	NA	NA	0	NA	NA	NA	1
ENSG00000226122	0	NA	NA	0	NA	NA	NA	1
ENSG00000226134	0	NA	NA	0	NA	NA	NA	1
ENSG00000226137	0	NA	NA	0	NA	NA	NA	1
ENSG00000226140	0	NA	NA	0	NA	NA	NA	1
ENSG00000226149	0	NA	NA	0	NA	NA	NA	1
ENSG00000226159	0	NA	NA	0	NA	NA	NA	1
ENSG00000226163	0	NA	NA	0	NA	NA	NA	1
ENSG00000226167	0	NA	NA	0	NA	NA	NA	1
ENSG00000226180	0	NA	NA	0	NA	NA	NA	1
ENSG00000226181	0	NA	NA	0	NA	NA	NA	1
ENSG00000226193	0	NA	NA	0	NA	NA	NA	1
ENSG00000226194	0	NA	NA	0	NA	NA	NA	1
ENSG00000226235	0	NA	NA	0	NA	NA	NA	1
ENSG00000226238	0	NA	NA	0	NA	NA	NA	1
ENSG00000226239	0	NA	NA	0	NA	NA	NA	1
ENSG00000226240	0	NA	NA	0	NA	NA	NA	1
ENSG00000226245	0	NA	NA	0	NA	NA	NA	1
ENSG00000226251	0	NA	NA	0	NA	NA	NA	1
ENSG00000226252	0	NA	NA	0	NA	NA	NA	1
ENSG00000226263	0	NA	NA	0	NA	NA	NA	1
ENSG00000226266	0	NA	NA	0	NA	NA	NA	1
ENSG00000226272	0	NA	NA	0	NA	NA	NA	1
ENSG00000226291	0	NA	NA	0	NA	NA	NA	1
ENSG00000226296	0	NA	NA	0	NA	NA	NA	1
ENSG00000226308	0	NA	NA	0	NA	NA	NA	1
ENSG00000226323	0	NA	NA	0	NA	NA	NA	1
ENSG00000226330	0	NA	NA	0	NA	NA	NA	1
ENSG00000226332	0	NA	NA	0	NA	NA	NA	1
ENSG00000226334	0	NA	NA	0	NA	NA	NA	1
ENSG00000226349	0	NA	NA	0	NA	NA	NA	1
ENSG00000226363	0	NA	NA	0	NA	NA	NA	1
ENSG00000226397	0	NA	NA	0	NA	NA	NA	1
ENSG00000226398	0	NA	NA	0	NA	NA	NA	1
ENSG00000226409	0	NA	NA	0	NA	NA	NA	1
ENSG00000226412	0	NA	NA	0	NA	NA	NA	1
ENSG00000226419	0	NA	NA	0	NA	NA	NA	1
ENSG00000226431	0	NA	NA	0	NA	NA	NA	1
ENSG00000226433	0	NA	NA	0	NA	NA	NA	1
ENSG00000226438	0	NA	NA	0	NA	NA	NA	1
ENSG00000226440	0	NA	NA	0	NA	NA	NA	1
ENSG00000226441	0	NA	NA	0	NA	NA	NA	1
ENSG00000226442	0	NA	NA	0	NA	NA	NA	1
ENSG00000226445	0	NA	NA	0	NA	NA	NA	1
ENSG00000226471	0	NA	NA	0	NA	NA	NA	1
ENSG00000226482	0	NA	NA	0	NA	NA	NA	1
ENSG00000226484	0	NA	NA	0	NA	NA	NA	1
ENSG00000226496	0	NA	NA	0	NA	NA	NA	1
ENSG00000226510	0	NA	NA	0	NA	NA	NA	1
ENSG00000226526	0	NA	NA	0	NA	NA	NA	1
ENSG00000226527	0	NA	NA	0	NA	NA	NA	1
ENSG00000226533	0	NA	NA	0	NA	NA	NA	1
ENSG00000226567	0	NA	NA	0	NA	NA	NA	1
ENSG00000226571	0	NA	NA	0	NA	NA	NA	1
ENSG00000226576	0	NA	NA	0	NA	NA	NA	1
ENSG00000226594	0	NA	NA	0	NA	NA	NA	1
ENSG00000226599	0	NA	NA	0	NA	NA	NA	1
ENSG00000226601	0	NA	NA	0	NA	NA	NA	1
ENSG00000226605	0	NA	NA	0	NA	NA	NA	1
ENSG00000226609	0	NA	NA	0	NA	NA	NA	1
ENSG00000226627	0	NA	NA	0	NA	NA	NA	1
ENSG00000226644	0	NA	NA	0	NA	NA	NA	1
ENSG00000226645	0	NA	NA	0	NA	NA	NA	1
ENSG00000226647	0	NA	NA	0	NA	NA	NA	1
ENSG00000226648	0	NA	NA	0	NA	NA	NA	1
ENSG00000226669	0	NA	NA	0	NA	NA	NA	1
ENSG00000226679	0	NA	NA	0	NA	NA	NA	1
ENSG00000226680	0	NA	NA	0	NA	NA	NA	1
ENSG00000226688	0	NA	NA	0	NA	NA	NA	1
ENSG00000226696	0	NA	NA	0	NA	NA	NA	1
ENSG00000226698	0	NA	NA	0	NA	NA	NA	1
ENSG00000226699	0	NA	NA	0	NA	NA	NA	1
ENSG00000226707	0	NA	NA	0	NA	NA	NA	1
ENSG00000226715	0	NA	NA	0	NA	NA	NA	1
ENSG00000226716	0	NA	NA	0	NA	NA	NA	1
ENSG00000226746	0	NA	NA	0	NA	NA	NA	1
ENSG00000226754	0	NA	NA	0	NA	NA	NA	1
ENSG00000226756	0	NA	NA	0	NA	NA	NA	1
ENSG00000226772	0	NA	NA	0	NA	NA	NA	1
ENSG00000226791	0	NA	NA	0	NA	NA	NA	1
ENSG00000226797	0	NA	NA	0	NA	NA	NA	1
ENSG00000226800	0	NA	NA	0	NA	NA	NA	1
ENSG00000226803	0	NA	NA	0	NA	NA	NA	1
ENSG00000226806	0	NA	NA	0	NA	NA	NA	1
ENSG00000226812	0	NA	NA	0	NA	NA	NA	1
ENSG00000226813	0	NA	NA	0	NA	NA	NA	1
ENSG00000226816	0	NA	NA	0	NA	NA	NA	1
ENSG00000226825	0	NA	NA	0	NA	NA	NA	1
ENSG00000226828	0	NA	NA	0	NA	NA	NA	1
ENSG00000226835	0	NA	NA	0	NA	NA	NA	1
ENSG00000226842	0	NA	NA	0	NA	NA	NA	1
ENSG00000226849	0	NA	NA	0	NA	NA	NA	1
ENSG00000226853	0	NA	NA	0	NA	NA	NA	1
ENSG00000226859	0	NA	NA	0	NA	NA	NA	1
ENSG00000226862	0	NA	NA	0	NA	NA	NA	1
ENSG00000226868	0	NA	NA	0	NA	NA	NA	1
ENSG00000226871	0	NA	NA	0	NA	NA	NA	1
ENSG00000226876	0	NA	NA	0	NA	NA	NA	1
ENSG00000226883	0	NA	NA	0	NA	NA	NA	1
ENSG00000226889	0	NA	NA	0	NA	NA	NA	1
ENSG00000226890	0	NA	NA	0	NA	NA	NA	1
ENSG00000226891	0	NA	NA	0	NA	NA	NA	1
ENSG00000226899	0	NA	NA	0	NA	NA	NA	1
ENSG00000226900	0	NA	NA	0	NA	NA	NA	1
ENSG00000226913	0	NA	NA	0	NA	NA	NA	1
ENSG00000226920	0	NA	NA	0	NA	NA	NA	1
ENSG00000226925	0	NA	NA	0	NA	NA	NA	1
ENSG00000226950	0	NA	NA	0	NA	NA	NA	1
ENSG00000226953	0	NA	NA	0	NA	NA	NA	1
ENSG00000226957	0	NA	NA	0	NA	NA	NA	1
ENSG00000226985	0	NA	NA	0	NA	NA	NA	1
ENSG00000226994	0	NA	NA	0	NA	NA	NA	1
ENSG00000227014	0	NA	NA	0	NA	NA	NA	1
ENSG00000227017	0	NA	NA	0	NA	NA	NA	1
ENSG00000227028	0	NA	NA	0	NA	NA	NA	1
ENSG00000227033	0	NA	NA	0	NA	NA	NA	1
ENSG00000227039	0	NA	NA	0	NA	NA	NA	1
ENSG00000227043	0	NA	NA	0	NA	NA	NA	1
ENSG00000227045	0	NA	NA	0	NA	NA	NA	1
ENSG00000227050	0	NA	NA	0	NA	NA	NA	1
ENSG00000227061	0	NA	NA	0	NA	NA	NA	1
ENSG00000227070	0	NA	NA	0	NA	NA	NA	1
ENSG00000227083	0	NA	NA	0	NA	NA	NA	1
ENSG00000227088	0	NA	NA	0	NA	NA	NA	1
ENSG00000227091	0	NA	NA	0	NA	NA	NA	1
ENSG00000227098	0	NA	NA	0	NA	NA	NA	1
ENSG00000227110	0	NA	NA	0	NA	NA	NA	1
ENSG00000227117	0	NA	NA	0	NA	NA	NA	1
ENSG00000227121	0	NA	NA	0	NA	NA	NA	1
ENSG00000227128	0	NA	NA	0	NA	NA	NA	1
ENSG00000227139	0	NA	NA	0	NA	NA	NA	1
ENSG00000227143	0	NA	NA	0	NA	NA	NA	1
ENSG00000227145	0	NA	NA	0	NA	NA	NA	1
ENSG00000227150	0	NA	NA	0	NA	NA	NA	1
ENSG00000227155	0	NA	NA	0	NA	NA	NA	1
ENSG00000227165	0	NA	NA	0	NA	NA	NA	1
ENSG00000227167	0	NA	NA	0	NA	NA	NA	1
ENSG00000227175	0	NA	NA	0	NA	NA	NA	1
ENSG00000227181	0	NA	NA	0	NA	NA	NA	1
ENSG00000227189	0	NA	NA	0	NA	NA	NA	1
ENSG00000227198	0	NA	NA	0	NA	NA	NA	1
ENSG00000227200	0	NA	NA	0	NA	NA	NA	1
ENSG00000227210	0	NA	NA	0	NA	NA	NA	1
ENSG00000227218	0	NA	NA	0	NA	NA	NA	1
ENSG00000227227	0	NA	NA	0	NA	NA	NA	1
ENSG00000227230	0	NA	NA	0	NA	NA	NA	1
ENSG00000227237	0	NA	NA	0	NA	NA	NA	1
ENSG00000227252	0	NA	NA	0	NA	NA	NA	1
ENSG00000227253	0	NA	NA	0	NA	NA	NA	1
ENSG00000227269	0	NA	NA	0	NA	NA	NA	1
ENSG00000227279	0	NA	NA	0	NA	NA	NA	1
ENSG00000227294	0	NA	NA	0	NA	NA	NA	1
ENSG00000227297	0	NA	NA	0	NA	NA	NA	1
ENSG00000227307	0	NA	NA	0	NA	NA	NA	1
ENSG00000227313	0	NA	NA	0	NA	NA	NA	1
ENSG00000227330	0	NA	NA	0	NA	NA	NA	1
ENSG00000227352	0	NA	NA	0	NA	NA	NA	1
ENSG00000227355	0	NA	NA	0	NA	NA	NA	1
ENSG00000227360	0	NA	NA	0	NA	NA	NA	1
ENSG00000227373	0	NA	NA	0	NA	NA	NA	1
ENSG00000227375	0	NA	NA	0	NA	NA	NA	1
ENSG00000227386	0	NA	NA	0	NA	NA	NA	1
ENSG00000227392	0	NA	NA	0	NA	NA	NA	1
ENSG00000227407	0	NA	NA	0	NA	NA	NA	1
ENSG00000227409	0	NA	NA	0	NA	NA	NA	1
ENSG00000227418	0	NA	NA	0	NA	NA	NA	1
ENSG00000227431	0	NA	NA	0	NA	NA	NA	1
ENSG00000227432	0	NA	NA	0	NA	NA	NA	1
ENSG00000227438	0	NA	NA	0	NA	NA	NA	1
ENSG00000227459	0	NA	NA	0	NA	NA	NA	1
ENSG00000227475	0	NA	NA	0	NA	NA	NA	1
ENSG00000227479	0	NA	NA	0	NA	NA	NA	1
ENSG00000227480	0	NA	NA	0	NA	NA	NA	1
ENSG00000227481	0	NA	NA	0	NA	NA	NA	1
ENSG00000227482	0	NA	NA	0	NA	NA	NA	1
ENSG00000227485	0	NA	NA	0	NA	NA	NA	1
ENSG00000227487	0	NA	NA	0	NA	NA	NA	1
ENSG00000227489	0	NA	NA	0	NA	NA	NA	1
ENSG00000227492	0	NA	NA	0	NA	NA	NA	1
ENSG00000227495	0	NA	NA	0	NA	NA	NA	1
ENSG00000227496	0	NA	NA	0	NA	NA	NA	1
ENSG00000227509	0	NA	NA	0	NA	NA	NA	1
ENSG00000227516	0	NA	NA	0	NA	NA	NA	1
ENSG00000227519	0	NA	NA	0	NA	NA	NA	1
ENSG00000227535	0	NA	NA	0	NA	NA	NA	1
ENSG00000227540	0	NA	NA	0	NA	NA	NA	1
ENSG00000227543	0	NA	NA	0	NA	NA	NA	1
ENSG00000227544	0	NA	NA	0	NA	NA	NA	1
ENSG00000227554	0	NA	NA	0	NA	NA	NA	1
ENSG00000227579	0	NA	NA	0	NA	NA	NA	1
ENSG00000227591	0	NA	NA	0	NA	NA	NA	1
ENSG00000227598	0	NA	NA	0	NA	NA	NA	1
ENSG00000227610	0	NA	NA	0	NA	NA	NA	1
ENSG00000227617	0	NA	NA	0	NA	NA	NA	1
ENSG00000227627	0	NA	NA	0	NA	NA	NA	1
ENSG00000227630	0	NA	NA	0	NA	NA	NA	1
ENSG00000227634	0	NA	NA	0	NA	NA	NA	1
ENSG00000227640	0	NA	NA	0	NA	NA	NA	1
ENSG00000227646	0	NA	NA	0	NA	NA	NA	1
ENSG00000227658	0	NA	NA	0	NA	NA	NA	1
ENSG00000227659	0	NA	NA	0	NA	NA	NA	1
ENSG00000227660	0	NA	NA	0	NA	NA	NA	1
ENSG00000227678	0	NA	NA	0	NA	NA	NA	1
ENSG00000227687	0	NA	NA	0	NA	NA	NA	1
ENSG00000227695	0	NA	NA	0	NA	NA	NA	1
ENSG00000227698	0	NA	NA	0	NA	NA	NA	1
ENSG00000227719	0	NA	NA	0	NA	NA	NA	1
ENSG00000227741	0	NA	NA	0	NA	NA	NA	1
ENSG00000227751	0	NA	NA	0	NA	NA	NA	1
ENSG00000227764	0	NA	NA	0	NA	NA	NA	1
ENSG00000227769	0	NA	NA	0	NA	NA	NA	1
ENSG00000227773	0	NA	NA	0	NA	NA	NA	1
ENSG00000227782	0	NA	NA	0	NA	NA	NA	1
ENSG00000227809	0	NA	NA	0	NA	NA	NA	1
ENSG00000227818	0	NA	NA	0	NA	NA	NA	1
ENSG00000227848	0	NA	NA	0	NA	NA	NA	1
ENSG00000227851	0	NA	NA	0	NA	NA	NA	1
ENSG00000227857	0	NA	NA	0	NA	NA	NA	1
ENSG00000227863	0	NA	NA	0	NA	NA	NA	1
ENSG00000227893	0	NA	NA	0	NA	NA	NA	1
ENSG00000227906	0	NA	NA	0	NA	NA	NA	1
ENSG00000227907	0	NA	NA	0	NA	NA	NA	1
ENSG00000227908	0	NA	NA	0	NA	NA	NA	1
ENSG00000227911	0	NA	NA	0	NA	NA	NA	1
ENSG00000227914	0	NA	NA	0	NA	NA	NA	1
ENSG00000227920	0	NA	NA	0	NA	NA	NA	1
ENSG00000227929	0	NA	NA	0	NA	NA	NA	1
ENSG00000227930	0	NA	NA	0	NA	NA	NA	1
ENSG00000227938	0	NA	NA	0	NA	NA	NA	1
ENSG00000227945	0	NA	NA	0	NA	NA	NA	1
ENSG00000227947	0	NA	NA	0	NA	NA	NA	1
ENSG00000227954	0	NA	NA	0	NA	NA	NA	1
ENSG00000227959	0	NA	NA	0	NA	NA	NA	1
ENSG00000227987	0	NA	NA	0	NA	NA	NA	1
ENSG00000228008	0	NA	NA	0	NA	NA	NA	1
ENSG00000228010	0	NA	NA	0	NA	NA	NA	1
ENSG00000228022	0	NA	NA	0	NA	NA	NA	1
ENSG00000228031	0	NA	NA	0	NA	NA	NA	1
ENSG00000228033	0	NA	NA	0	NA	NA	NA	1
ENSG00000228035	0	NA	NA	0	NA	NA	NA	1
ENSG00000228044	0	NA	NA	0	NA	NA	NA	1
ENSG00000228048	0	NA	NA	0	NA	NA	NA	1
ENSG00000228055	0	NA	NA	0	NA	NA	NA	1
ENSG00000228058	0	NA	NA	0	NA	NA	NA	1
ENSG00000228064	0	NA	NA	0	NA	NA	NA	1
ENSG00000228073	0	NA	NA	0	NA	NA	NA	1
ENSG00000228079	0	NA	NA	0	NA	NA	NA	1
ENSG00000228082	0	NA	NA	0	NA	NA	NA	1
ENSG00000228105	0	NA	NA	0	NA	NA	NA	1
ENSG00000228107	0	NA	NA	0	NA	NA	NA	1
ENSG00000228109	0	NA	NA	0	NA	NA	NA	1
ENSG00000228113	0	NA	NA	0	NA	NA	NA	1
ENSG00000228115	0	NA	NA	0	NA	NA	NA	1
ENSG00000228126	0	NA	NA	0	NA	NA	NA	1
ENSG00000228135	0	NA	NA	0	NA	NA	NA	1
ENSG00000228137	0	NA	NA	0	NA	NA	NA	1
ENSG00000228140	0	NA	NA	0	NA	NA	NA	1
ENSG00000228150	0	NA	NA	0	NA	NA	NA	1
ENSG00000228151	0	NA	NA	0	NA	NA	NA	1
ENSG00000228156	0	NA	NA	0	NA	NA	NA	1
ENSG00000228160	0	NA	NA	0	NA	NA	NA	1
ENSG00000228162	0	NA	NA	0	NA	NA	NA	1
ENSG00000228165	0	NA	NA	0	NA	NA	NA	1
ENSG00000228170	0	NA	NA	0	NA	NA	NA	1
ENSG00000228172	0	NA	NA	0	NA	NA	NA	1
ENSG00000228174	0	NA	NA	0	NA	NA	NA	1
ENSG00000228189	0	NA	NA	0	NA	NA	NA	1
ENSG00000228201	0	NA	NA	0	NA	NA	NA	1
ENSG00000228216	0	NA	NA	0	NA	NA	NA	1
ENSG00000228222	0	NA	NA	0	NA	NA	NA	1
ENSG00000228226	0	NA	NA	0	NA	NA	NA	1
ENSG00000228231	0	NA	NA	0	NA	NA	NA	1
ENSG00000228235	0	NA	NA	0	NA	NA	NA	1
ENSG00000228237	0	NA	NA	0	NA	NA	NA	1
ENSG00000228242	0	NA	NA	0	NA	NA	NA	1
ENSG00000228262	0	NA	NA	0	NA	NA	NA	1
ENSG00000228274	0	NA	NA	0	NA	NA	NA	1
ENSG00000228290	0	NA	NA	0	NA	NA	NA	1
ENSG00000228293	0	NA	NA	0	NA	NA	NA	1
ENSG00000228302	0	NA	NA	0	NA	NA	NA	1
ENSG00000228309	0	NA	NA	0	NA	NA	NA	1
ENSG00000228317	0	NA	NA	0	NA	NA	NA	1
ENSG00000228323	0	NA	NA	0	NA	NA	NA	1
ENSG00000228329	0	NA	NA	0	NA	NA	NA	1
ENSG00000228343	0	NA	NA	0	NA	NA	NA	1
ENSG00000228350	0	NA	NA	0	NA	NA	NA	1
ENSG00000228352	0	NA	NA	0	NA	NA	NA	1
ENSG00000228355	0	NA	NA	0	NA	NA	NA	1
ENSG00000228358	0	NA	NA	0	NA	NA	NA	1
ENSG00000228363	0	NA	NA	0	NA	NA	NA	1
ENSG00000228382	0	NA	NA	0	NA	NA	NA	1
ENSG00000228386	0	NA	NA	0	NA	NA	NA	1
ENSG00000228395	0	NA	NA	0	NA	NA	NA	1
ENSG00000228397	0	NA	NA	0	NA	NA	NA	1
ENSG00000228401	0	NA	NA	0	NA	NA	NA	1
ENSG00000228403	0	NA	NA	0	NA	NA	NA	1
ENSG00000228404	0	NA	NA	0	NA	NA	NA	1
ENSG00000228408	0	NA	NA	0	NA	NA	NA	1
ENSG00000228414	0	NA	NA	0	NA	NA	NA	1
ENSG00000228423	0	NA	NA	0	NA	NA	NA	1
ENSG00000228427	0	NA	NA	0	NA	NA	NA	1
ENSG00000228436	0	NA	NA	0	NA	NA	NA	1
ENSG00000228444	0	NA	NA	0	NA	NA	NA	1
ENSG00000228478	0	NA	NA	0	NA	NA	NA	1
ENSG00000228484	0	NA	NA	0	NA	NA	NA	1
ENSG00000228485	0	NA	NA	0	NA	NA	NA	1
ENSG00000228509	0	NA	NA	0	NA	NA	NA	1
ENSG00000228527	0	NA	NA	0	NA	NA	NA	1
ENSG00000228548	0	NA	NA	0	NA	NA	NA	1
ENSG00000228553	0	NA	NA	0	NA	NA	NA	1
ENSG00000228554	0	NA	NA	0	NA	NA	NA	1
ENSG00000228560	0	NA	NA	0	NA	NA	NA	1
ENSG00000228587	0	NA	NA	0	NA	NA	NA	1
ENSG00000228604	0	NA	NA	0	NA	NA	NA	1
ENSG00000228620	0	NA	NA	0	NA	NA	NA	1
ENSG00000228625	0	NA	NA	0	NA	NA	NA	1
ENSG00000228630	0	NA	NA	0	NA	NA	NA	1
ENSG00000228634	0	NA	NA	0	NA	NA	NA	1
ENSG00000228650	0	NA	NA	0	NA	NA	NA	1
ENSG00000228655	0	NA	NA	0	NA	NA	NA	1
ENSG00000228658	0	NA	NA	0	NA	NA	NA	1
ENSG00000228659	0	NA	NA	0	NA	NA	NA	1
ENSG00000228689	0	NA	NA	0	NA	NA	NA	1
ENSG00000228703	0	NA	NA	0	NA	NA	NA	1
ENSG00000228719	0	NA	NA	0	NA	NA	NA	1
ENSG00000228723	0	NA	NA	0	NA	NA	NA	1
ENSG00000228730	0	NA	NA	0	NA	NA	NA	1
ENSG00000228734	0	NA	NA	0	NA	NA	NA	1
ENSG00000228735	0	NA	NA	0	NA	NA	NA	1
ENSG00000228737	0	NA	NA	0	NA	NA	NA	1
ENSG00000228739	0	NA	NA	0	NA	NA	NA	1
ENSG00000228740	0	NA	NA	0	NA	NA	NA	1
ENSG00000228742	0	NA	NA	0	NA	NA	NA	1
ENSG00000228778	0	NA	NA	0	NA	NA	NA	1
ENSG00000228779	0	NA	NA	0	NA	NA	NA	1
ENSG00000228792	0	NA	NA	0	NA	NA	NA	1
ENSG00000228800	0	NA	NA	0	NA	NA	NA	1
ENSG00000228801	0	NA	NA	0	NA	NA	NA	1
ENSG00000228802	0	NA	NA	0	NA	NA	NA	1
ENSG00000228804	0	NA	NA	0	NA	NA	NA	1
ENSG00000228809	0	NA	NA	0	NA	NA	NA	1
ENSG00000228817	0	NA	NA	0	NA	NA	NA	1
ENSG00000228830	0	NA	NA	0	NA	NA	NA	1
ENSG00000228835	0	NA	NA	0	NA	NA	NA	1
ENSG00000228838	0	NA	NA	0	NA	NA	NA	1
ENSG00000228839	0	NA	NA	0	NA	NA	NA	1
ENSG00000228842	0	NA	NA	0	NA	NA	NA	1
ENSG00000228862	0	NA	NA	0	NA	NA	NA	1
ENSG00000228873	0	NA	NA	0	NA	NA	NA	1
ENSG00000228877	0	NA	NA	0	NA	NA	NA	1
ENSG00000228878	0	NA	NA	0	NA	NA	NA	1
ENSG00000228889	0	NA	NA	0	NA	NA	NA	1
ENSG00000228917	0	NA	NA	0	NA	NA	NA	1
ENSG00000228919	0	NA	NA	0	NA	NA	NA	1
ENSG00000228939	0	NA	NA	0	NA	NA	NA	1
ENSG00000228944	0	NA	NA	0	NA	NA	NA	1
ENSG00000228961	0	NA	NA	0	NA	NA	NA	1
ENSG00000228973	0	NA	NA	0	NA	NA	NA	1
ENSG00000228980	0	NA	NA	0	NA	NA	NA	1
ENSG00000229017	0	NA	NA	0	NA	NA	NA	1
ENSG00000229019	0	NA	NA	0	NA	NA	NA	1
ENSG00000229021	0	NA	NA	0	NA	NA	NA	1
ENSG00000229044	0	NA	NA	0	NA	NA	NA	1
ENSG00000229047	0	NA	NA	0	NA	NA	NA	1
ENSG00000229066	0	NA	NA	0	NA	NA	NA	1
ENSG00000229081	0	NA	NA	0	NA	NA	NA	1
ENSG00000229086	0	NA	NA	0	NA	NA	NA	1
ENSG00000229109	0	NA	NA	0	NA	NA	NA	1
ENSG00000229111	0	NA	NA	0	NA	NA	NA	1
ENSG00000229124	0	NA	NA	0	NA	NA	NA	1
ENSG00000229127	0	NA	NA	0	NA	NA	NA	1
ENSG00000229151	0	NA	NA	0	NA	NA	NA	1
ENSG00000229153	0	NA	NA	0	NA	NA	NA	1
ENSG00000229154	0	NA	NA	0	NA	NA	NA	1
ENSG00000229167	0	NA	NA	0	NA	NA	NA	1
ENSG00000229191	0	NA	NA	0	NA	NA	NA	1
ENSG00000229192	0	NA	NA	0	NA	NA	NA	1
ENSG00000229195	0	NA	NA	0	NA	NA	NA	1
ENSG00000229201	0	NA	NA	0	NA	NA	NA	1
ENSG00000229205	0	NA	NA	0	NA	NA	NA	1
ENSG00000229224	0	NA	NA	0	NA	NA	NA	1
ENSG00000229225	0	NA	NA	0	NA	NA	NA	1
ENSG00000229229	0	NA	NA	0	NA	NA	NA	1
ENSG00000229242	0	NA	NA	0	NA	NA	NA	1
ENSG00000229258	0	NA	NA	0	NA	NA	NA	1
ENSG00000229261	0	NA	NA	0	NA	NA	NA	1
ENSG00000229263	0	NA	NA	0	NA	NA	NA	1
ENSG00000229267	0	NA	NA	0	NA	NA	NA	1
ENSG00000229271	0	NA	NA	0	NA	NA	NA	1
ENSG00000229278	0	NA	NA	0	NA	NA	NA	1
ENSG00000229283	0	NA	NA	0	NA	NA	NA	1
ENSG00000229291	0	NA	NA	0	NA	NA	NA	1
ENSG00000229294	0	NA	NA	0	NA	NA	NA	1
ENSG00000229297	0	NA	NA	0	NA	NA	NA	1
ENSG00000229299	0	NA	NA	0	NA	NA	NA	1
ENSG00000229315	0	NA	NA	0	NA	NA	NA	1
ENSG00000229325	0	NA	NA	0	NA	NA	NA	1
ENSG00000229330	0	NA	NA	0	NA	NA	NA	1
ENSG00000229334	0	NA	NA	0	NA	NA	NA	1
ENSG00000229337	0	NA	NA	0	NA	NA	NA	1
ENSG00000229348	0	NA	NA	0	NA	NA	NA	1
ENSG00000229372	0	NA	NA	0	NA	NA	NA	1
ENSG00000229380	0	NA	NA	0	NA	NA	NA	1
ENSG00000229382	0	NA	NA	0	NA	NA	NA	1
ENSG00000229385	0	NA	NA	0	NA	NA	NA	1
ENSG00000229388	0	NA	NA	0	NA	NA	NA	1
ENSG00000229393	0	NA	NA	0	NA	NA	NA	1
ENSG00000229395	0	NA	NA	0	NA	NA	NA	1
ENSG00000229400	0	NA	NA	0	NA	NA	NA	1
ENSG00000229401	0	NA	NA	0	NA	NA	NA	1
ENSG00000229404	0	NA	NA	0	NA	NA	NA	1
ENSG00000229407	0	NA	NA	0	NA	NA	NA	1
ENSG00000229414	0	NA	NA	0	NA	NA	NA	1
ENSG00000229415	0	NA	NA	0	NA	NA	NA	1
ENSG00000229424	0	NA	NA	0	NA	NA	NA	1
ENSG00000229425	0	NA	NA	0	NA	NA	NA	1
ENSG00000229431	0	NA	NA	0	NA	NA	NA	1
ENSG00000229433	0	NA	NA	0	NA	NA	NA	1
ENSG00000229434	0	NA	NA	0	NA	NA	NA	1
ENSG00000229437	0	NA	NA	0	NA	NA	NA	1
ENSG00000229457	0	NA	NA	0	NA	NA	NA	1
ENSG00000229459	0	NA	NA	0	NA	NA	NA	1
ENSG00000229463	0	NA	NA	0	NA	NA	NA	1
ENSG00000229491	0	NA	NA	0	NA	NA	NA	1
ENSG00000229494	0	NA	NA	0	NA	NA	NA	1
ENSG00000229498	0	NA	NA	0	NA	NA	NA	1
ENSG00000229502	0	NA	NA	0	NA	NA	NA	1
ENSG00000229521	0	NA	NA	0	NA	NA	NA	1
ENSG00000229525	0	NA	NA	0	NA	NA	NA	1
ENSG00000229537	0	NA	NA	0	NA	NA	NA	1
ENSG00000229539	0	NA	NA	0	NA	NA	NA	1
ENSG00000229546	0	NA	NA	0	NA	NA	NA	1
ENSG00000229558	0	NA	NA	0	NA	NA	NA	1
ENSG00000229565	0	NA	NA	0	NA	NA	NA	1
ENSG00000229582	0	NA	NA	0	NA	NA	NA	1
ENSG00000229589	0	NA	NA	0	NA	NA	NA	1
ENSG00000229591	0	NA	NA	0	NA	NA	NA	1
ENSG00000229599	0	NA	NA	0	NA	NA	NA	1
ENSG00000229607	0	NA	NA	0	NA	NA	NA	1
ENSG00000229609	0	NA	NA	0	NA	NA	NA	1
ENSG00000229618	0	NA	NA	0	NA	NA	NA	1
ENSG00000229625	0	NA	NA	0	NA	NA	NA	1
ENSG00000229628	0	NA	NA	0	NA	NA	NA	1
ENSG00000229639	0	NA	NA	0	NA	NA	NA	1
ENSG00000229647	0	NA	NA	0	NA	NA	NA	1
ENSG00000229649	0	NA	NA	0	NA	NA	NA	1
ENSG00000229654	0	NA	NA	0	NA	NA	NA	1
ENSG00000229660	0	NA	NA	0	NA	NA	NA	1
ENSG00000229664	0	NA	NA	0	NA	NA	NA	1
ENSG00000229673	0	NA	NA	0	NA	NA	NA	1
ENSG00000229688	0	NA	NA	0	NA	NA	NA	1
ENSG00000229692	0	NA	NA	0	NA	NA	NA	1
ENSG00000229694	0	NA	NA	0	NA	NA	NA	1
ENSG00000229711	0	NA	NA	0	NA	NA	NA	1
ENSG00000229719	0	NA	NA	0	NA	NA	NA	1
ENSG00000229728	0	NA	NA	0	NA	NA	NA	1
ENSG00000229739	0	NA	NA	0	NA	NA	NA	1
ENSG00000229750	0	NA	NA	0	NA	NA	NA	1
ENSG00000229751	0	NA	NA	0	NA	NA	NA	1
ENSG00000229770	0	NA	NA	0	NA	NA	NA	1
ENSG00000229771	0	NA	NA	0	NA	NA	NA	1
ENSG00000229774	0	NA	NA	0	NA	NA	NA	1
ENSG00000229776	0	NA	NA	0	NA	NA	NA	1
ENSG00000229779	0	NA	NA	0	NA	NA	NA	1
ENSG00000229807	0	NA	NA	0	NA	NA	NA	1
ENSG00000229821	0	NA	NA	0	NA	NA	NA	1
ENSG00000229832	0	NA	NA	0	NA	NA	NA	1
ENSG00000229846	0	NA	NA	0	NA	NA	NA	1
ENSG00000229847	0	NA	NA	0	NA	NA	NA	1
ENSG00000229848	0	NA	NA	0	NA	NA	NA	1
ENSG00000229852	0	NA	NA	0	NA	NA	NA	1
ENSG00000229862	0	NA	NA	0	NA	NA	NA	1
ENSG00000229867	0	NA	NA	0	NA	NA	NA	1
ENSG00000229873	0	NA	NA	0	NA	NA	NA	1
ENSG00000229901	0	NA	NA	0	NA	NA	NA	1
ENSG00000229912	0	NA	NA	0	NA	NA	NA	1
ENSG00000229913	0	NA	NA	0	NA	NA	NA	1
ENSG00000229921	0	NA	NA	0	NA	NA	NA	1
ENSG00000229922	0	NA	NA	0	NA	NA	NA	1
ENSG00000229923	0	NA	NA	0	NA	NA	NA	1
ENSG00000229928	0	NA	NA	0	NA	NA	NA	1
ENSG00000229943	0	NA	NA	0	NA	NA	NA	1
ENSG00000229950	0	NA	NA	0	NA	NA	NA	1
ENSG00000229951	0	NA	NA	0	NA	NA	NA	1
ENSG00000229953	0	NA	NA	0	NA	NA	NA	1
ENSG00000229956	0	NA	NA	0	NA	NA	NA	1
ENSG00000229957	0	NA	NA	0	NA	NA	NA	1
ENSG00000229967	0	NA	NA	0	NA	NA	NA	1
ENSG00000229970	0	NA	NA	0	NA	NA	NA	1
ENSG00000229976	0	NA	NA	0	NA	NA	NA	1
ENSG00000229983	0	NA	NA	0	NA	NA	NA	1
ENSG00000229990	0	NA	NA	0	NA	NA	NA	1
ENSG00000230010	0	NA	NA	0	NA	NA	NA	1
ENSG00000230013	0	NA	NA	0	NA	NA	NA	1
ENSG00000230030	0	NA	NA	0	NA	NA	NA	1
ENSG00000230033	0	NA	NA	0	NA	NA	NA	1
ENSG00000230046	0	NA	NA	0	NA	NA	NA	1
ENSG00000230063	0	NA	NA	0	NA	NA	NA	1
ENSG00000230068	0	NA	NA	0	NA	NA	NA	1
ENSG00000230074	0	NA	NA	0	NA	NA	NA	1
ENSG00000230082	0	NA	NA	0	NA	NA	NA	1
ENSG00000230084	0	NA	NA	0	NA	NA	NA	1
ENSG00000230115	0	NA	NA	0	NA	NA	NA	1
ENSG00000230121	0	NA	NA	0	NA	NA	NA	1
ENSG00000230131	0	NA	NA	0	NA	NA	NA	1
ENSG00000230148	0	NA	NA	0	NA	NA	NA	1
ENSG00000230149	0	NA	NA	0	NA	NA	NA	1
ENSG00000230155	0	NA	NA	0	NA	NA	NA	1
ENSG00000230163	0	NA	NA	0	NA	NA	NA	1
ENSG00000230173	0	NA	NA	0	NA	NA	NA	1
ENSG00000230184	0	NA	NA	0	NA	NA	NA	1
ENSG00000230185	0	NA	NA	0	NA	NA	NA	1
ENSG00000230212	0	NA	NA	0	NA	NA	NA	1
ENSG00000230215	0	NA	NA	0	NA	NA	NA	1
ENSG00000230234	0	NA	NA	0	NA	NA	NA	1
ENSG00000230248	0	NA	NA	0	NA	NA	NA	1
ENSG00000230260	0	NA	NA	0	NA	NA	NA	1
ENSG00000230266	0	NA	NA	0	NA	NA	NA	1
ENSG00000230285	0	NA	NA	0	NA	NA	NA	1
ENSG00000230289	0	NA	NA	0	NA	NA	NA	1
ENSG00000230290	0	NA	NA	0	NA	NA	NA	1
ENSG00000230298	0	NA	NA	0	NA	NA	NA	1
ENSG00000230300	0	NA	NA	0	NA	NA	NA	1
ENSG00000230313	0	NA	NA	0	NA	NA	NA	1
ENSG00000230314	0	NA	NA	0	NA	NA	NA	1
ENSG00000230319	0	NA	NA	0	NA	NA	NA	1
ENSG00000230325	0	NA	NA	0	NA	NA	NA	1
ENSG00000230381	0	NA	NA	0	NA	NA	NA	1
ENSG00000230385	0	NA	NA	0	NA	NA	NA	1
ENSG00000230402	0	NA	NA	0	NA	NA	NA	1
ENSG00000230403	0	NA	NA	0	NA	NA	NA	1
ENSG00000230404	0	NA	NA	0	NA	NA	NA	1
ENSG00000230415	0	NA	NA	0	NA	NA	NA	1
ENSG00000230424	0	NA	NA	0	NA	NA	NA	1
ENSG00000230427	0	NA	NA	0	NA	NA	NA	1
ENSG00000230432	0	NA	NA	0	NA	NA	NA	1
ENSG00000230433	0	NA	NA	0	NA	NA	NA	1
ENSG00000230435	0	NA	NA	0	NA	NA	NA	1
ENSG00000230452	0	NA	NA	0	NA	NA	NA	1
ENSG00000230454	0	NA	NA	0	NA	NA	NA	1
ENSG00000230470	0	NA	NA	0	NA	NA	NA	1
ENSG00000230479	0	NA	NA	0	NA	NA	NA	1
ENSG00000230483	0	NA	NA	0	NA	NA	NA	1
ENSG00000230487	0	NA	NA	0	NA	NA	NA	1
ENSG00000230490	0	NA	NA	0	NA	NA	NA	1
ENSG00000230506	0	NA	NA	0	NA	NA	NA	1
ENSG00000230516	0	NA	NA	0	NA	NA	NA	1
ENSG00000230526	0	NA	NA	0	NA	NA	NA	1
ENSG00000230532	0	NA	NA	0	NA	NA	NA	1
ENSG00000230533	0	NA	NA	0	NA	NA	NA	1
ENSG00000230536	0	NA	NA	0	NA	NA	NA	1
ENSG00000230537	0	NA	NA	0	NA	NA	NA	1
ENSG00000230539	0	NA	NA	0	NA	NA	NA	1
ENSG00000230550	0	NA	NA	0	NA	NA	NA	1
ENSG00000230551	0	NA	NA	0	NA	NA	NA	1
ENSG00000230552	0	NA	NA	0	NA	NA	NA	1
ENSG00000230599	0	NA	NA	0	NA	NA	NA	1
ENSG00000230612	0	NA	NA	0	NA	NA	NA	1
ENSG00000230615	0	NA	NA	0	NA	NA	NA	1
ENSG00000230623	0	NA	NA	0	NA	NA	NA	1
ENSG00000230628	0	NA	NA	0	NA	NA	NA	1
ENSG00000230630	0	NA	NA	0	NA	NA	NA	1
ENSG00000230668	0	NA	NA	0	NA	NA	NA	1
ENSG00000230679	0	NA	NA	0	NA	NA	NA	1
ENSG00000230680	0	NA	NA	0	NA	NA	NA	1
ENSG00000230684	0	NA	NA	0	NA	NA	NA	1
ENSG00000230686	0	NA	NA	0	NA	NA	NA	1
ENSG00000230698	0	NA	NA	0	NA	NA	NA	1
ENSG00000230703	0	NA	NA	0	NA	NA	NA	1
ENSG00000230704	0	NA	NA	0	NA	NA	NA	1
ENSG00000230728	0	NA	NA	0	NA	NA	NA	1
ENSG00000230729	0	NA	NA	0	NA	NA	NA	1
ENSG00000230730	0	NA	NA	0	NA	NA	NA	1
ENSG00000230733	0	NA	NA	0	NA	NA	NA	1
ENSG00000230741	0	NA	NA	0	NA	NA	NA	1
ENSG00000230747	0	NA	NA	0	NA	NA	NA	1
ENSG00000230773	0	NA	NA	0	NA	NA	NA	1
ENSG00000230782	0	NA	NA	0	NA	NA	NA	1
ENSG00000230789	0	NA	NA	0	NA	NA	NA	1
ENSG00000230794	0	NA	NA	0	NA	NA	NA	1
ENSG00000230798	0	NA	NA	0	NA	NA	NA	1
ENSG00000230817	0	NA	NA	0	NA	NA	NA	1
ENSG00000230825	0	NA	NA	0	NA	NA	NA	1
ENSG00000230826	0	NA	NA	0	NA	NA	NA	1
ENSG00000230831	0	NA	NA	0	NA	NA	NA	1
ENSG00000230848	0	NA	NA	0	NA	NA	NA	1
ENSG00000230864	0	NA	NA	0	NA	NA	NA	1
ENSG00000230866	0	NA	NA	0	NA	NA	NA	1
ENSG00000230876	0	NA	NA	0	NA	NA	NA	1
ENSG00000230896	0	NA	NA	0	NA	NA	NA	1
ENSG00000230912	0	NA	NA	0	NA	NA	NA	1
ENSG00000230921	0	NA	NA	0	NA	NA	NA	1
ENSG00000230928	0	NA	NA	0	NA	NA	NA	1
ENSG00000230967	0	NA	NA	0	NA	NA	NA	1
ENSG00000230968	0	NA	NA	0	NA	NA	NA	1
ENSG00000230970	0	NA	NA	0	NA	NA	NA	1
ENSG00000231010	0	NA	NA	0	NA	NA	NA	1
ENSG00000231013	0	NA	NA	0	NA	NA	NA	1
ENSG00000231023	0	NA	NA	0	NA	NA	NA	1
ENSG00000231024	0	NA	NA	0	NA	NA	NA	1
ENSG00000231031	0	NA	NA	0	NA	NA	NA	1
ENSG00000231046	0	NA	NA	0	NA	NA	NA	1
ENSG00000231050	0	NA	NA	0	NA	NA	NA	1
ENSG00000231056	0	NA	NA	0	NA	NA	NA	1
ENSG00000231057	0	NA	NA	0	NA	NA	NA	1
ENSG00000231064	0	NA	NA	0	NA	NA	NA	1
ENSG00000231073	0	NA	NA	0	NA	NA	NA	1
ENSG00000231080	0	NA	NA	0	NA	NA	NA	1
ENSG00000231092	0	NA	NA	0	NA	NA	NA	1
ENSG00000231104	0	NA	NA	0	NA	NA	NA	1
ENSG00000231106	0	NA	NA	0	NA	NA	NA	1
ENSG00000231110	0	NA	NA	0	NA	NA	NA	1
ENSG00000231113	0	NA	NA	0	NA	NA	NA	1
ENSG00000231114	0	NA	NA	0	NA	NA	NA	1
ENSG00000231119	0	NA	NA	0	NA	NA	NA	1
ENSG00000231125	0	NA	NA	0	NA	NA	NA	1
ENSG00000231128	0	NA	NA	0	NA	NA	NA	1
ENSG00000231131	0	NA	NA	0	NA	NA	NA	1
ENSG00000231132	0	NA	NA	0	NA	NA	NA	1
ENSG00000231138	0	NA	NA	0	NA	NA	NA	1
ENSG00000231149	0	NA	NA	0	NA	NA	NA	1
ENSG00000231150	0	NA	NA	0	NA	NA	NA	1
ENSG00000231160	0	NA	NA	0	NA	NA	NA	1
ENSG00000231163	0	NA	NA	0	NA	NA	NA	1
ENSG00000231170	0	NA	NA	0	NA	NA	NA	1
ENSG00000231177	0	NA	NA	0	NA	NA	NA	1
ENSG00000231188	0	NA	NA	0	NA	NA	NA	1
ENSG00000231193	0	NA	NA	0	NA	NA	NA	1
ENSG00000231194	0	NA	NA	0	NA	NA	NA	1
ENSG00000231201	0	NA	NA	0	NA	NA	NA	1
ENSG00000231208	0	NA	NA	0	NA	NA	NA	1
ENSG00000231216	0	NA	NA	0	NA	NA	NA	1
ENSG00000231227	0	NA	NA	0	NA	NA	NA	1
ENSG00000231231	0	NA	NA	0	NA	NA	NA	1
ENSG00000231243	0	NA	NA	0	NA	NA	NA	1
ENSG00000231246	0	NA	NA	0	NA	NA	NA	1
ENSG00000231249	0	NA	NA	0	NA	NA	NA	1
ENSG00000231272	0	NA	NA	0	NA	NA	NA	1
ENSG00000231290	0	NA	NA	0	NA	NA	NA	1
ENSG00000231291	0	NA	NA	0	NA	NA	NA	1
ENSG00000231295	0	NA	NA	0	NA	NA	NA	1
ENSG00000231297	0	NA	NA	0	NA	NA	NA	1
ENSG00000231305	0	NA	NA	0	NA	NA	NA	1
ENSG00000231312	0	NA	NA	0	NA	NA	NA	1
ENSG00000231329	0	NA	NA	0	NA	NA	NA	1
ENSG00000231332	0	NA	NA	0	NA	NA	NA	1
ENSG00000231364	0	NA	NA	0	NA	NA	NA	1
ENSG00000231367	0	NA	NA	0	NA	NA	NA	1
ENSG00000231373	0	NA	NA	0	NA	NA	NA	1
ENSG00000231383	0	NA	NA	0	NA	NA	NA	1
ENSG00000231407	0	NA	NA	0	NA	NA	NA	1
ENSG00000231418	0	NA	NA	0	NA	NA	NA	1
ENSG00000231419	0	NA	NA	0	NA	NA	NA	1
ENSG00000231424	0	NA	NA	0	NA	NA	NA	1
ENSG00000231427	0	NA	NA	0	NA	NA	NA	1
ENSG00000231437	0	NA	NA	0	NA	NA	NA	1
ENSG00000231441	0	NA	NA	0	NA	NA	NA	1
ENSG00000231453	0	NA	NA	0	NA	NA	NA	1
ENSG00000231460	0	NA	NA	0	NA	NA	NA	1
ENSG00000231473	0	NA	NA	0	NA	NA	NA	1
ENSG00000231476	0	NA	NA	0	NA	NA	NA	1
ENSG00000231482	0	NA	NA	0	NA	NA	NA	1
ENSG00000231519	0	NA	NA	0	NA	NA	NA	1
ENSG00000231521	0	NA	NA	0	NA	NA	NA	1
ENSG00000231533	0	NA	NA	0	NA	NA	NA	1
ENSG00000231534	0	NA	NA	0	NA	NA	NA	1
ENSG00000231539	0	NA	NA	0	NA	NA	NA	1
ENSG00000231557	0	NA	NA	0	NA	NA	NA	1
ENSG00000231560	0	NA	NA	0	NA	NA	NA	1
ENSG00000231585	0	NA	NA	0	NA	NA	NA	1
ENSG00000231605	0	NA	NA	0	NA	NA	NA	1
ENSG00000231606	0	NA	NA	0	NA	NA	NA	1
ENSG00000231607	0	NA	NA	0	NA	NA	NA	1
ENSG00000231609	0	NA	NA	0	NA	NA	NA	1
ENSG00000231616	0	NA	NA	0	NA	NA	NA	1
ENSG00000231636	0	NA	NA	0	NA	NA	NA	1
ENSG00000231651	0	NA	NA	0	NA	NA	NA	1
ENSG00000231652	0	NA	NA	0	NA	NA	NA	1
ENSG00000231654	0	NA	NA	0	NA	NA	NA	1
ENSG00000231663	0	NA	NA	0	NA	NA	NA	1
ENSG00000231666	0	NA	NA	0	NA	NA	NA	1
ENSG00000231671	0	NA	NA	0	NA	NA	NA	1
ENSG00000231678	0	NA	NA	0	NA	NA	NA	1
ENSG00000231691	0	NA	NA	0	NA	NA	NA	1
ENSG00000231705	0	NA	NA	0	NA	NA	NA	1
ENSG00000231711	0	NA	NA	0	NA	NA	NA	1
ENSG00000231718	0	NA	NA	0	NA	NA	NA	1
ENSG00000231731	0	NA	NA	0	NA	NA	NA	1
ENSG00000231748	0	NA	NA	0	NA	NA	NA	1
ENSG00000231755	0	NA	NA	0	NA	NA	NA	1
ENSG00000231758	0	NA	NA	0	NA	NA	NA	1
ENSG00000231760	0	NA	NA	0	NA	NA	NA	1
ENSG00000231764	0	NA	NA	0	NA	NA	NA	1
ENSG00000231768	0	NA	NA	0	NA	NA	NA	1
ENSG00000231770	0	NA	NA	0	NA	NA	NA	1
ENSG00000231772	0	NA	NA	0	NA	NA	NA	1
ENSG00000231776	0	NA	NA	0	NA	NA	NA	1
ENSG00000231789	0	NA	NA	0	NA	NA	NA	1
ENSG00000231791	0	NA	NA	0	NA	NA	NA	1
ENSG00000231795	0	NA	NA	0	NA	NA	NA	1
ENSG00000231806	0	NA	NA	0	NA	NA	NA	1
ENSG00000231811	0	NA	NA	0	NA	NA	NA	1
ENSG00000231840	0	NA	NA	0	NA	NA	NA	1
ENSG00000231858	0	NA	NA	0	NA	NA	NA	1
ENSG00000231871	0	NA	NA	0	NA	NA	NA	1
ENSG00000231889	0	NA	NA	0	NA	NA	NA	1
ENSG00000231890	0	NA	NA	0	NA	NA	NA	1
ENSG00000231896	0	NA	NA	0	NA	NA	NA	1
ENSG00000231903	0	NA	NA	0	NA	NA	NA	1
ENSG00000231918	0	NA	NA	0	NA	NA	NA	1
ENSG00000231927	0	NA	NA	0	NA	NA	NA	1
ENSG00000231933	0	NA	NA	0	NA	NA	NA	1
ENSG00000231937	0	NA	NA	0	NA	NA	NA	1
ENSG00000231944	0	NA	NA	0	NA	NA	NA	1
ENSG00000231948	0	NA	NA	0	NA	NA	NA	1
ENSG00000231964	0	NA	NA	0	NA	NA	NA	1
ENSG00000231966	0	NA	NA	0	NA	NA	NA	1
ENSG00000231970	0	NA	NA	0	NA	NA	NA	1
ENSG00000231983	0	NA	NA	0	NA	NA	NA	1
ENSG00000231990	0	NA	NA	0	NA	NA	NA	1
ENSG00000231993	0	NA	NA	0	NA	NA	NA	1
ENSG00000232010	0	NA	NA	0	NA	NA	NA	1
ENSG00000232021	0	NA	NA	0	NA	NA	NA	1
ENSG00000232023	0	NA	NA	0	NA	NA	NA	1
ENSG00000232028	0	NA	NA	0	NA	NA	NA	1
ENSG00000232043	0	NA	NA	0	NA	NA	NA	1
ENSG00000232072	0	NA	NA	0	NA	NA	NA	1
ENSG00000232082	0	NA	NA	0	NA	NA	NA	1
ENSG00000232085	0	NA	NA	0	NA	NA	NA	1
ENSG00000232086	0	NA	NA	0	NA	NA	NA	1
ENSG00000232093	0	NA	NA	0	NA	NA	NA	1
ENSG00000232104	0	NA	NA	0	NA	NA	NA	1
ENSG00000232118	0	NA	NA	0	NA	NA	NA	1
ENSG00000232120	0	NA	NA	0	NA	NA	NA	1
ENSG00000232124	0	NA	NA	0	NA	NA	NA	1
ENSG00000232139	0	NA	NA	0	NA	NA	NA	1
ENSG00000232140	0	NA	NA	0	NA	NA	NA	1
ENSG00000232153	0	NA	NA	0	NA	NA	NA	1
ENSG00000232160	0	NA	NA	0	NA	NA	NA	1
ENSG00000232184	0	NA	NA	0	NA	NA	NA	1
ENSG00000232192	0	NA	NA	0	NA	NA	NA	1
ENSG00000232194	0	NA	NA	0	NA	NA	NA	1
ENSG00000232220	0	NA	NA	0	NA	NA	NA	1
ENSG00000232227	0	NA	NA	0	NA	NA	NA	1
ENSG00000232229	0	NA	NA	0	NA	NA	NA	1
ENSG00000232234	0	NA	NA	0	NA	NA	NA	1
ENSG00000232283	0	NA	NA	0	NA	NA	NA	1
ENSG00000232284	0	NA	NA	0	NA	NA	NA	1
ENSG00000232287	0	NA	NA	0	NA	NA	NA	1
ENSG00000232290	0	NA	NA	0	NA	NA	NA	1
ENSG00000232295	0	NA	NA	0	NA	NA	NA	1
ENSG00000232301	0	NA	NA	0	NA	NA	NA	1
ENSG00000232306	0	NA	NA	0	NA	NA	NA	1
ENSG00000232328	0	NA	NA	0	NA	NA	NA	1
ENSG00000232352	0	NA	NA	0	NA	NA	NA	1
ENSG00000232353	0	NA	NA	0	NA	NA	NA	1
ENSG00000232358	0	NA	NA	0	NA	NA	NA	1
ENSG00000232359	0	NA	NA	0	NA	NA	NA	1
ENSG00000232363	0	NA	NA	0	NA	NA	NA	1
ENSG00000232386	0	NA	NA	0	NA	NA	NA	1
ENSG00000232396	0	NA	NA	0	NA	NA	NA	1
ENSG00000232406	0	NA	NA	0	NA	NA	NA	1
ENSG00000232411	0	NA	NA	0	NA	NA	NA	1
ENSG00000232412	0	NA	NA	0	NA	NA	NA	1
ENSG00000232436	0	NA	NA	0	NA	NA	NA	1
ENSG00000232445	0	NA	NA	0	NA	NA	NA	1
ENSG00000232448	0	NA	NA	0	NA	NA	NA	1
ENSG00000232458	0	NA	NA	0	NA	NA	NA	1
ENSG00000232464	0	NA	NA	0	NA	NA	NA	1
ENSG00000232474	0	NA	NA	0	NA	NA	NA	1
ENSG00000232480	0	NA	NA	0	NA	NA	NA	1
ENSG00000232485	0	NA	NA	0	NA	NA	NA	1
ENSG00000232487	0	NA	NA	0	NA	NA	NA	1
ENSG00000232490	0	NA	NA	0	NA	NA	NA	1
ENSG00000232519	0	NA	NA	0	NA	NA	NA	1
ENSG00000232520	0	NA	NA	0	NA	NA	NA	1
ENSG00000232524	0	NA	NA	0	NA	NA	NA	1
ENSG00000232530	0	NA	NA	0	NA	NA	NA	1
ENSG00000232533	0	NA	NA	0	NA	NA	NA	1
ENSG00000232536	0	NA	NA	0	NA	NA	NA	1
ENSG00000232542	0	NA	NA	0	NA	NA	NA	1
ENSG00000232545	0	NA	NA	0	NA	NA	NA	1
ENSG00000232558	0	NA	NA	0	NA	NA	NA	1
ENSG00000232560	0	NA	NA	0	NA	NA	NA	1
ENSG00000232564	0	NA	NA	0	NA	NA	NA	1
ENSG00000232581	0	NA	NA	0	NA	NA	NA	1
ENSG00000232590	0	NA	NA	0	NA	NA	NA	1
ENSG00000232591	0	NA	NA	0	NA	NA	NA	1
ENSG00000232598	0	NA	NA	0	NA	NA	NA	1
ENSG00000232600	0	NA	NA	0	NA	NA	NA	1
ENSG00000232611	0	NA	NA	0	NA	NA	NA	1
ENSG00000232618	0	NA	NA	0	NA	NA	NA	1
ENSG00000232628	0	NA	NA	0	NA	NA	NA	1
ENSG00000232645	0	NA	NA	0	NA	NA	NA	1
ENSG00000232648	0	NA	NA	0	NA	NA	NA	1
ENSG00000232680	0	NA	NA	0	NA	NA	NA	1
ENSG00000232682	0	NA	NA	0	NA	NA	NA	1
ENSG00000232712	0	NA	NA	0	NA	NA	NA	1
ENSG00000232725	0	NA	NA	0	NA	NA	NA	1
ENSG00000232729	0	NA	NA	0	NA	NA	NA	1
ENSG00000232748	0	NA	NA	0	NA	NA	NA	1
ENSG00000232754	0	NA	NA	0	NA	NA	NA	1
ENSG00000232756	0	NA	NA	0	NA	NA	NA	1
ENSG00000232762	0	NA	NA	0	NA	NA	NA	1
ENSG00000232767	0	NA	NA	0	NA	NA	NA	1
ENSG00000232774	0	NA	NA	0	NA	NA	NA	1
ENSG00000232803	0	NA	NA	0	NA	NA	NA	1
ENSG00000232828	0	NA	NA	0	NA	NA	NA	1
ENSG00000232850	0	NA	NA	0	NA	NA	NA	1
ENSG00000232876	0	NA	NA	0	NA	NA	NA	1
ENSG00000232878	0	NA	NA	0	NA	NA	NA	1
ENSG00000232884	0	NA	NA	0	NA	NA	NA	1
ENSG00000232886	0	NA	NA	0	NA	NA	NA	1
ENSG00000232891	0	NA	NA	0	NA	NA	NA	1
ENSG00000232892	0	NA	NA	0	NA	NA	NA	1
ENSG00000232893	0	NA	NA	0	NA	NA	NA	1
ENSG00000232896	0	NA	NA	0	NA	NA	NA	1
ENSG00000232903	0	NA	NA	0	NA	NA	NA	1
ENSG00000232907	0	NA	NA	0	NA	NA	NA	1
ENSG00000232912	0	NA	NA	0	NA	NA	NA	1
ENSG00000232913	0	NA	NA	0	NA	NA	NA	1
ENSG00000232920	0	NA	NA	0	NA	NA	NA	1
ENSG00000232930	0	NA	NA	0	NA	NA	NA	1
ENSG00000232934	0	NA	NA	0	NA	NA	NA	1
ENSG00000232935	0	NA	NA	0	NA	NA	NA	1
ENSG00000232936	0	NA	NA	0	NA	NA	NA	1
ENSG00000232937	0	NA	NA	0	NA	NA	NA	1
ENSG00000232939	0	NA	NA	0	NA	NA	NA	1
ENSG00000232947	0	NA	NA	0	NA	NA	NA	1
ENSG00000232956	0	NA	NA	0	NA	NA	NA	1
ENSG00000232959	0	NA	NA	0	NA	NA	NA	1
ENSG00000232969	0	NA	NA	0	NA	NA	NA	1
ENSG00000232971	0	NA	NA	0	NA	NA	NA	1
ENSG00000232977	0	NA	NA	0	NA	NA	NA	1
ENSG00000232985	0	NA	NA	0	NA	NA	NA	1
ENSG00000232986	0	NA	NA	0	NA	NA	NA	1
ENSG00000232993	0	NA	NA	0	NA	NA	NA	1
ENSG00000232995	0	NA	NA	0	NA	NA	NA	1
ENSG00000233002	0	NA	NA	0	NA	NA	NA	1
ENSG00000233006	0	NA	NA	0	NA	NA	NA	1
ENSG00000233008	0	NA	NA	0	NA	NA	NA	1
ENSG00000233009	0	NA	NA	0	NA	NA	NA	1
ENSG00000233016	0	NA	NA	0	NA	NA	NA	1
ENSG00000233030	0	NA	NA	0	NA	NA	NA	1
ENSG00000233044	0	NA	NA	0	NA	NA	NA	1
ENSG00000233052	0	NA	NA	0	NA	NA	NA	1
ENSG00000233058	0	NA	NA	0	NA	NA	NA	1
ENSG00000233060	0	NA	NA	0	NA	NA	NA	1
ENSG00000233061	0	NA	NA	0	NA	NA	NA	1
ENSG00000233064	0	NA	NA	0	NA	NA	NA	1
ENSG00000233067	0	NA	NA	0	NA	NA	NA	1
ENSG00000233068	0	NA	NA	0	NA	NA	NA	1
ENSG00000233069	0	NA	NA	0	NA	NA	NA	1
ENSG00000233085	0	NA	NA	0	NA	NA	NA	1
ENSG00000233086	0	NA	NA	0	NA	NA	NA	1
ENSG00000233099	0	NA	NA	0	NA	NA	NA	1
ENSG00000233101	0	NA	NA	0	NA	NA	NA	1
ENSG00000233103	0	NA	NA	0	NA	NA	NA	1
ENSG00000233108	0	NA	NA	0	NA	NA	NA	1
ENSG00000233110	0	NA	NA	0	NA	NA	NA	1
ENSG00000233123	0	NA	NA	0	NA	NA	NA	1
ENSG00000233128	0	NA	NA	0	NA	NA	NA	1
ENSG00000233138	0	NA	NA	0	NA	NA	NA	1
ENSG00000233144	0	NA	NA	0	NA	NA	NA	1
ENSG00000233154	0	NA	NA	0	NA	NA	NA	1
ENSG00000233178	0	NA	NA	0	NA	NA	NA	1
ENSG00000233183	0	NA	NA	0	NA	NA	NA	1
ENSG00000233200	0	NA	NA	0	NA	NA	NA	1
ENSG00000233203	0	NA	NA	0	NA	NA	NA	1
ENSG00000233208	0	NA	NA	0	NA	NA	NA	1
ENSG00000233213	0	NA	NA	0	NA	NA	NA	1
ENSG00000233214	0	NA	NA	0	NA	NA	NA	1
ENSG00000233219	0	NA	NA	0	NA	NA	NA	1
ENSG00000233222	0	NA	NA	0	NA	NA	NA	1
ENSG00000233230	0	NA	NA	0	NA	NA	NA	1
ENSG00000233237	0	NA	NA	0	NA	NA	NA	1
ENSG00000233242	0	NA	NA	0	NA	NA	NA	1
ENSG00000233246	0	NA	NA	0	NA	NA	NA	1
ENSG00000233250	0	NA	NA	0	NA	NA	NA	1
ENSG00000233256	0	NA	NA	0	NA	NA	NA	1
ENSG00000233271	0	NA	NA	0	NA	NA	NA	1
ENSG00000233277	0	NA	NA	0	NA	NA	NA	1
ENSG00000233290	0	NA	NA	0	NA	NA	NA	1
ENSG00000233293	0	NA	NA	0	NA	NA	NA	1
ENSG00000233308	0	NA	NA	0	NA	NA	NA	1
ENSG00000233330	0	NA	NA	0	NA	NA	NA	1
ENSG00000233332	0	NA	NA	0	NA	NA	NA	1
ENSG00000233334	0	NA	NA	0	NA	NA	NA	1
ENSG00000233338	0	NA	NA	0	NA	NA	NA	1
ENSG00000233339	0	NA	NA	0	NA	NA	NA	1
ENSG00000233351	0	NA	NA	0	NA	NA	NA	1
ENSG00000233359	0	NA	NA	0	NA	NA	NA	1
ENSG00000233360	0	NA	NA	0	NA	NA	NA	1
ENSG00000233365	0	NA	NA	0	NA	NA	NA	1
ENSG00000233367	0	NA	NA	0	NA	NA	NA	1
ENSG00000233384	0	NA	NA	0	NA	NA	NA	1
ENSG00000233392	0	NA	NA	0	NA	NA	NA	1
ENSG00000233403	0	NA	NA	0	NA	NA	NA	1
ENSG00000233409	0	NA	NA	0	NA	NA	NA	1
ENSG00000233410	0	NA	NA	0	NA	NA	NA	1
ENSG00000233411	0	NA	NA	0	NA	NA	NA	1
ENSG00000233415	0	NA	NA	0	NA	NA	NA	1
ENSG00000233427	0	NA	NA	0	NA	NA	NA	1
ENSG00000233429	0	NA	NA	0	NA	NA	NA	1
ENSG00000233451	0	NA	NA	0	NA	NA	NA	1
ENSG00000233464	0	NA	NA	0	NA	NA	NA	1
ENSG00000233472	0	NA	NA	0	NA	NA	NA	1
ENSG00000233478	0	NA	NA	0	NA	NA	NA	1
ENSG00000233482	0	NA	NA	0	NA	NA	NA	1
ENSG00000233492	0	NA	NA	0	NA	NA	NA	1
ENSG00000233496	0	NA	NA	0	NA	NA	NA	1
ENSG00000233502	0	NA	NA	0	NA	NA	NA	1
ENSG00000233515	0	NA	NA	0	NA	NA	NA	1
ENSG00000233519	0	NA	NA	0	NA	NA	NA	1
ENSG00000233527	0	NA	NA	0	NA	NA	NA	1
ENSG00000233529	0	NA	NA	0	NA	NA	NA	1
ENSG00000233535	0	NA	NA	0	NA	NA	NA	1
ENSG00000233539	0	NA	NA	0	NA	NA	NA	1
ENSG00000233540	0	NA	NA	0	NA	NA	NA	1
ENSG00000233542	0	NA	NA	0	NA	NA	NA	1
ENSG00000233547	0	NA	NA	0	NA	NA	NA	1
ENSG00000233554	0	NA	NA	0	NA	NA	NA	1
ENSG00000233570	0	NA	NA	0	NA	NA	NA	1
ENSG00000233571	0	NA	NA	0	NA	NA	NA	1
ENSG00000233589	0	NA	NA	0	NA	NA	NA	1
ENSG00000233605	0	NA	NA	0	NA	NA	NA	1
ENSG00000233616	0	NA	NA	0	NA	NA	NA	1
ENSG00000233620	0	NA	NA	0	NA	NA	NA	1
ENSG00000233635	0	NA	NA	0	NA	NA	NA	1
ENSG00000233643	0	NA	NA	0	NA	NA	NA	1
ENSG00000233644	0	NA	NA	0	NA	NA	NA	1
ENSG00000233665	0	NA	NA	0	NA	NA	NA	1
ENSG00000233672	0	NA	NA	0	NA	NA	NA	1
ENSG00000233694	0	NA	NA	0	NA	NA	NA	1
ENSG00000233695	0	NA	NA	0	NA	NA	NA	1
ENSG00000233705	0	NA	NA	0	NA	NA	NA	1
ENSG00000233718	0	NA	NA	0	NA	NA	NA	1
ENSG00000233728	0	NA	NA	0	NA	NA	NA	1
ENSG00000233729	0	NA	NA	0	NA	NA	NA	1
ENSG00000233730	0	NA	NA	0	NA	NA	NA	1
ENSG00000233739	0	NA	NA	0	NA	NA	NA	1
ENSG00000233754	0	NA	NA	0	NA	NA	NA	1
ENSG00000233756	0	NA	NA	0	NA	NA	NA	1
ENSG00000233760	0	NA	NA	0	NA	NA	NA	1
ENSG00000233766	0	NA	NA	0	NA	NA	NA	1
ENSG00000233775	0	NA	NA	0	NA	NA	NA	1
ENSG00000233785	0	NA	NA	0	NA	NA	NA	1
ENSG00000233799	0	NA	NA	0	NA	NA	NA	1
ENSG00000233817	0	NA	NA	0	NA	NA	NA	1
ENSG00000233818	0	NA	NA	0	NA	NA	NA	1
ENSG00000233821	0	NA	NA	0	NA	NA	NA	1
ENSG00000233823	0	NA	NA	0	NA	NA	NA	1
ENSG00000233824	0	NA	NA	0	NA	NA	NA	1
ENSG00000233825	0	NA	NA	0	NA	NA	NA	1
ENSG00000233840	0	NA	NA	0	NA	NA	NA	1
ENSG00000233845	0	NA	NA	0	NA	NA	NA	1
ENSG00000233847	0	NA	NA	0	NA	NA	NA	1
ENSG00000233849	0	NA	NA	0	NA	NA	NA	1
ENSG00000233854	0	NA	NA	0	NA	NA	NA	1
ENSG00000233860	0	NA	NA	0	NA	NA	NA	1
ENSG00000233885	0	NA	NA	0	NA	NA	NA	1
ENSG00000233894	0	NA	NA	0	NA	NA	NA	1
ENSG00000233896	0	NA	NA	0	NA	NA	NA	1
ENSG00000233912	0	NA	NA	0	NA	NA	NA	1
ENSG00000233922	0	NA	NA	0	NA	NA	NA	1
ENSG00000233928	0	NA	NA	0	NA	NA	NA	1
ENSG00000233937	0	NA	NA	0	NA	NA	NA	1
ENSG00000233941	0	NA	NA	0	NA	NA	NA	1
ENSG00000233953	0	NA	NA	0	NA	NA	NA	1
ENSG00000233975	0	NA	NA	0	NA	NA	NA	1
ENSG00000233985	0	NA	NA	0	NA	NA	NA	1
ENSG00000233993	0	NA	NA	0	NA	NA	NA	1
ENSG00000234006	0	NA	NA	0	NA	NA	NA	1
ENSG00000234015	0	NA	NA	0	NA	NA	NA	1
ENSG00000234019	0	NA	NA	0	NA	NA	NA	1
ENSG00000234022	0	NA	NA	0	NA	NA	NA	1
ENSG00000234028	0	NA	NA	0	NA	NA	NA	1
ENSG00000234055	0	NA	NA	0	NA	NA	NA	1
ENSG00000234072	0	NA	NA	0	NA	NA	NA	1
ENSG00000234091	0	NA	NA	0	NA	NA	NA	1
ENSG00000234104	0	NA	NA	0	NA	NA	NA	1
ENSG00000234111	0	NA	NA	0	NA	NA	NA	1
ENSG00000234116	0	NA	NA	0	NA	NA	NA	1
ENSG00000234117	0	NA	NA	0	NA	NA	NA	1
ENSG00000234129	0	NA	NA	0	NA	NA	NA	1
ENSG00000234132	0	NA	NA	0	NA	NA	NA	1
ENSG00000234136	0	NA	NA	0	NA	NA	NA	1
ENSG00000234139	0	NA	NA	0	NA	NA	NA	1
ENSG00000234141	0	NA	NA	0	NA	NA	NA	1
ENSG00000234156	0	NA	NA	0	NA	NA	NA	1
ENSG00000234160	0	NA	NA	0	NA	NA	NA	1
ENSG00000234166	0	NA	NA	0	NA	NA	NA	1
ENSG00000234168	0	NA	NA	0	NA	NA	NA	1
ENSG00000234172	0	NA	NA	0	NA	NA	NA	1
ENSG00000234173	0	NA	NA	0	NA	NA	NA	1
ENSG00000234174	0	NA	NA	0	NA	NA	NA	1
ENSG00000234181	0	NA	NA	0	NA	NA	NA	1
ENSG00000234190	0	NA	NA	0	NA	NA	NA	1
ENSG00000234193	0	NA	NA	0	NA	NA	NA	1
ENSG00000234197	0	NA	NA	0	NA	NA	NA	1
ENSG00000234203	0	NA	NA	0	NA	NA	NA	1
ENSG00000234206	0	NA	NA	0	NA	NA	NA	1
ENSG00000234208	0	NA	NA	0	NA	NA	NA	1
ENSG00000234222	0	NA	NA	0	NA	NA	NA	1
ENSG00000234235	0	NA	NA	0	NA	NA	NA	1
ENSG00000234238	0	NA	NA	0	NA	NA	NA	1
ENSG00000234263	0	NA	NA	0	NA	NA	NA	1
ENSG00000234264	0	NA	NA	0	NA	NA	NA	1
ENSG00000234281	0	NA	NA	0	NA	NA	NA	1
ENSG00000234292	0	NA	NA	0	NA	NA	NA	1
ENSG00000234293	0	NA	NA	0	NA	NA	NA	1
ENSG00000234303	0	NA	NA	0	NA	NA	NA	1
ENSG00000234311	0	NA	NA	0	NA	NA	NA	1
ENSG00000234318	0	NA	NA	0	NA	NA	NA	1
ENSG00000234323	0	NA	NA	0	NA	NA	NA	1
ENSG00000234327	0	NA	NA	0	NA	NA	NA	1
ENSG00000234352	0	NA	NA	0	NA	NA	NA	1
ENSG00000234361	0	NA	NA	0	NA	NA	NA	1
ENSG00000234362	0	NA	NA	0	NA	NA	NA	1
ENSG00000234378	0	NA	NA	0	NA	NA	NA	1
ENSG00000234390	0	NA	NA	0	NA	NA	NA	1
ENSG00000234428	0	NA	NA	0	NA	NA	NA	1
ENSG00000234432	0	NA	NA	0	NA	NA	NA	1
ENSG00000234446	0	NA	NA	0	NA	NA	NA	1
ENSG00000234452	0	NA	NA	0	NA	NA	NA	1
ENSG00000234459	0	NA	NA	0	NA	NA	NA	1
ENSG00000234477	0	NA	NA	0	NA	NA	NA	1
ENSG00000234478	0	NA	NA	0	NA	NA	NA	1
ENSG00000234481	0	NA	NA	0	NA	NA	NA	1
ENSG00000234484	0	NA	NA	0	NA	NA	NA	1
ENSG00000234492	0	NA	NA	0	NA	NA	NA	1
ENSG00000234494	0	NA	NA	0	NA	NA	NA	1
ENSG00000234497	0	NA	NA	0	NA	NA	NA	1
ENSG00000234504	0	NA	NA	0	NA	NA	NA	1
ENSG00000234527	0	NA	NA	0	NA	NA	NA	1
ENSG00000234535	0	NA	NA	0	NA	NA	NA	1
ENSG00000234542	0	NA	NA	0	NA	NA	NA	1
ENSG00000234546	0	NA	NA	0	NA	NA	NA	1
ENSG00000234548	0	NA	NA	0	NA	NA	NA	1
ENSG00000234567	0	NA	NA	0	NA	NA	NA	1
ENSG00000234572	0	NA	NA	0	NA	NA	NA	1
ENSG00000234577	0	NA	NA	0	NA	NA	NA	1
ENSG00000234578	0	NA	NA	0	NA	NA	NA	1
ENSG00000234579	0	NA	NA	0	NA	NA	NA	1
ENSG00000234580	0	NA	NA	0	NA	NA	NA	1
ENSG00000234593	0	NA	NA	0	NA	NA	NA	1
ENSG00000234595	0	NA	NA	0	NA	NA	NA	1
ENSG00000234608	0	NA	NA	0	NA	NA	NA	1
ENSG00000234614	0	NA	NA	0	NA	NA	NA	1
ENSG00000234626	0	NA	NA	0	NA	NA	NA	1
ENSG00000234634	0	NA	NA	0	NA	NA	NA	1
ENSG00000234638	0	NA	NA	0	NA	NA	NA	1
ENSG00000234640	0	NA	NA	0	NA	NA	NA	1
ENSG00000234661	0	NA	NA	0	NA	NA	NA	1
ENSG00000234676	0	NA	NA	0	NA	NA	NA	1
ENSG00000234677	0	NA	NA	0	NA	NA	NA	1
ENSG00000234678	0	NA	NA	0	NA	NA	NA	1
ENSG00000234684	0	NA	NA	0	NA	NA	NA	1
ENSG00000234688	0	NA	NA	0	NA	NA	NA	1
ENSG00000234694	0	NA	NA	0	NA	NA	NA	1
ENSG00000234695	0	NA	NA	0	NA	NA	NA	1
ENSG00000234696	0	NA	NA	0	NA	NA	NA	1
ENSG00000234699	0	NA	NA	0	NA	NA	NA	1
ENSG00000234703	0	NA	NA	0	NA	NA	NA	1
ENSG00000234707	0	NA	NA	0	NA	NA	NA	1
ENSG00000234715	0	NA	NA	0	NA	NA	NA	1
ENSG00000234717	0	NA	NA	0	NA	NA	NA	1
ENSG00000234721	0	NA	NA	0	NA	NA	NA	1
ENSG00000234741	0	NA	NA	0	NA	NA	NA	1
ENSG00000234754	0	NA	NA	0	NA	NA	NA	1
ENSG00000234756	0	NA	NA	0	NA	NA	NA	1
ENSG00000234758	0	NA	NA	0	NA	NA	NA	1
ENSG00000234763	0	NA	NA	0	NA	NA	NA	1
ENSG00000234775	0	NA	NA	0	NA	NA	NA	1
ENSG00000234793	0	NA	NA	0	NA	NA	NA	1
ENSG00000234817	0	NA	NA	0	NA	NA	NA	1
ENSG00000234818	0	NA	NA	0	NA	NA	NA	1
ENSG00000234855	0	NA	NA	0	NA	NA	NA	1
ENSG00000234859	0	NA	NA	0	NA	NA	NA	1
ENSG00000234860	0	NA	NA	0	NA	NA	NA	1
ENSG00000234869	0	NA	NA	0	NA	NA	NA	1
ENSG00000234877	0	NA	NA	0	NA	NA	NA	1
ENSG00000234892	0	NA	NA	0	NA	NA	NA	1
ENSG00000234913	0	NA	NA	0	NA	NA	NA	1
ENSG00000234915	0	NA	NA	0	NA	NA	NA	1
ENSG00000234919	0	NA	NA	0	NA	NA	NA	1
ENSG00000234921	0	NA	NA	0	NA	NA	NA	1
ENSG00000234945	0	NA	NA	0	NA	NA	NA	1
ENSG00000234952	0	NA	NA	0	NA	NA	NA	1
ENSG00000234956	0	NA	NA	0	NA	NA	NA	1
ENSG00000234961	0	NA	NA	0	NA	NA	NA	1
ENSG00000234977	0	NA	NA	0	NA	NA	NA	1
ENSG00000234979	0	NA	NA	0	NA	NA	NA	1
ENSG00000235009	0	NA	NA	0	NA	NA	NA	1
ENSG00000235016	0	NA	NA	0	NA	NA	NA	1
ENSG00000235020	0	NA	NA	0	NA	NA	NA	1
ENSG00000235023	0	NA	NA	0	NA	NA	NA	1
ENSG00000235024	0	NA	NA	0	NA	NA	NA	1
ENSG00000235032	0	NA	NA	0	NA	NA	NA	1
ENSG00000235033	0	NA	NA	0	NA	NA	NA	1
ENSG00000235035	0	NA	NA	0	NA	NA	NA	1
ENSG00000235047	0	NA	NA	0	NA	NA	NA	1
ENSG00000235049	0	NA	NA	0	NA	NA	NA	1
ENSG00000235050	0	NA	NA	0	NA	NA	NA	1
ENSG00000235051	0	NA	NA	0	NA	NA	NA	1
ENSG00000235052	0	NA	NA	0	NA	NA	NA	1
ENSG00000235056	0	NA	NA	0	NA	NA	NA	1
ENSG00000235058	0	NA	NA	0	NA	NA	NA	1
ENSG00000235079	0	NA	NA	0	NA	NA	NA	1
ENSG00000235085	0	NA	NA	0	NA	NA	NA	1
ENSG00000235096	0	NA	NA	0	NA	NA	NA	1
ENSG00000235097	0	NA	NA	0	NA	NA	NA	1
ENSG00000235100	0	NA	NA	0	NA	NA	NA	1
ENSG00000235119	0	NA	NA	0	NA	NA	NA	1
ENSG00000235120	0	NA	NA	0	NA	NA	NA	1
ENSG00000235121	0	NA	NA	0	NA	NA	NA	1
ENSG00000235122	0	NA	NA	0	NA	NA	NA	1
ENSG00000235123	0	NA	NA	0	NA	NA	NA	1
ENSG00000235126	0	NA	NA	0	NA	NA	NA	1
ENSG00000235139	0	NA	NA	0	NA	NA	NA	1
ENSG00000235142	0	NA	NA	0	NA	NA	NA	1
ENSG00000235143	0	NA	NA	0	NA	NA	NA	1
ENSG00000235159	0	NA	NA	0	NA	NA	NA	1
ENSG00000235189	0	NA	NA	0	NA	NA	NA	1
ENSG00000235191	0	NA	NA	0	NA	NA	NA	1
ENSG00000235192	0	NA	NA	0	NA	NA	NA	1
ENSG00000235198	0	NA	NA	0	NA	NA	NA	1
ENSG00000235204	0	NA	NA	0	NA	NA	NA	1
ENSG00000235214	0	NA	NA	0	NA	NA	NA	1
ENSG00000235236	0	NA	NA	0	NA	NA	NA	1
ENSG00000235246	0	NA	NA	0	NA	NA	NA	1
ENSG00000235257	0	NA	NA	0	NA	NA	NA	1
ENSG00000235262	0	NA	NA	0	NA	NA	NA	1
ENSG00000235263	0	NA	NA	0	NA	NA	NA	1
ENSG00000235277	0	NA	NA	0	NA	NA	NA	1
ENSG00000235280	0	NA	NA	0	NA	NA	NA	1
ENSG00000235288	0	NA	NA	0	NA	NA	NA	1
ENSG00000235295	0	NA	NA	0	NA	NA	NA	1
ENSG00000235300	0	NA	NA	0	NA	NA	NA	1
ENSG00000235303	0	NA	NA	0	NA	NA	NA	1
ENSG00000235335	0	NA	NA	0	NA	NA	NA	1
ENSG00000235351	0	NA	NA	0	NA	NA	NA	1
ENSG00000235358	0	NA	NA	0	NA	NA	NA	1
ENSG00000235361	0	NA	NA	0	NA	NA	NA	1
ENSG00000235366	0	NA	NA	0	NA	NA	NA	1
ENSG00000235385	0	NA	NA	0	NA	NA	NA	1
ENSG00000235399	0	NA	NA	0	NA	NA	NA	1
ENSG00000235410	0	NA	NA	0	NA	NA	NA	1
ENSG00000235419	0	NA	NA	0	NA	NA	NA	1
ENSG00000235434	0	NA	NA	0	NA	NA	NA	1
ENSG00000235445	0	NA	NA	0	NA	NA	NA	1
ENSG00000235446	0	NA	NA	0	NA	NA	NA	1
ENSG00000235455	0	NA	NA	0	NA	NA	NA	1
ENSG00000235464	0	NA	NA	0	NA	NA	NA	1
ENSG00000235478	0	NA	NA	0	NA	NA	NA	1
ENSG00000235480	0	NA	NA	0	NA	NA	NA	1
ENSG00000235481	0	NA	NA	0	NA	NA	NA	1
ENSG00000235491	0	NA	NA	0	NA	NA	NA	1
ENSG00000235492	0	NA	NA	0	NA	NA	NA	1
ENSG00000235495	0	NA	NA	0	NA	NA	NA	1
ENSG00000235501	0	NA	NA	0	NA	NA	NA	1
ENSG00000235503	0	NA	NA	0	NA	NA	NA	1
ENSG00000235512	0	NA	NA	0	NA	NA	NA	1
ENSG00000235513	0	NA	NA	0	NA	NA	NA	1
ENSG00000235526	0	NA	NA	0	NA	NA	NA	1
ENSG00000235530	0	NA	NA	0	NA	NA	NA	1
ENSG00000235531	0	NA	NA	0	NA	NA	NA	1
ENSG00000235532	0	NA	NA	0	NA	NA	NA	1
ENSG00000235545	0	NA	NA	0	NA	NA	NA	1
ENSG00000235575	0	NA	NA	0	NA	NA	NA	1
ENSG00000235586	0	NA	NA	0	NA	NA	NA	1
ENSG00000235601	0	NA	NA	0	NA	NA	NA	1
ENSG00000235609	0	NA	NA	0	NA	NA	NA	1
ENSG00000235635	0	NA	NA	0	NA	NA	NA	1
ENSG00000235637	0	NA	NA	0	NA	NA	NA	1
ENSG00000235641	0	NA	NA	0	NA	NA	NA	1
ENSG00000235652	0	NA	NA	0	NA	NA	NA	1
ENSG00000235661	0	NA	NA	0	NA	NA	NA	1
ENSG00000235663	0	NA	NA	0	NA	NA	NA	1
ENSG00000235706	0	NA	NA	0	NA	NA	NA	1
ENSG00000235710	0	NA	NA	0	NA	NA	NA	1
ENSG00000235726	0	NA	NA	0	NA	NA	NA	1
ENSG00000235728	0	NA	NA	0	NA	NA	NA	1
ENSG00000235731	0	NA	NA	0	NA	NA	NA	1
ENSG00000235760	0	NA	NA	0	NA	NA	NA	1
ENSG00000235774	0	NA	NA	0	NA	NA	NA	1
ENSG00000235777	0	NA	NA	0	NA	NA	NA	1
ENSG00000235786	0	NA	NA	0	NA	NA	NA	1
ENSG00000235790	0	NA	NA	0	NA	NA	NA	1
ENSG00000235802	0	NA	NA	0	NA	NA	NA	1
ENSG00000235830	0	NA	NA	0	NA	NA	NA	1
ENSG00000235831	0	NA	NA	0	NA	NA	NA	1
ENSG00000235837	0	NA	NA	0	NA	NA	NA	1
ENSG00000235843	0	NA	NA	0	NA	NA	NA	1
ENSG00000235845	0	NA	NA	0	NA	NA	NA	1
ENSG00000235849	0	NA	NA	0	NA	NA	NA	1
ENSG00000235858	0	NA	NA	0	NA	NA	NA	1
ENSG00000235865	0	NA	NA	0	NA	NA	NA	1
ENSG00000235875	0	NA	NA	0	NA	NA	NA	1
ENSG00000235880	0	NA	NA	0	NA	NA	NA	1
ENSG00000235897	0	NA	NA	0	NA	NA	NA	1
ENSG00000235899	0	NA	NA	0	NA	NA	NA	1
ENSG00000235903	0	NA	NA	0	NA	NA	NA	1
ENSG00000235910	0	NA	NA	0	NA	NA	NA	1
ENSG00000235919	0	NA	NA	0	NA	NA	NA	1
ENSG00000235927	0	NA	NA	0	NA	NA	NA	1
ENSG00000235939	0	NA	NA	0	NA	NA	NA	1
ENSG00000235943	0	NA	NA	0	NA	NA	NA	1
ENSG00000235947	0	NA	NA	0	NA	NA	NA	1
ENSG00000235958	0	NA	NA	0	NA	NA	NA	1
ENSG00000235978	0	NA	NA	0	NA	NA	NA	1
ENSG00000235979	0	NA	NA	0	NA	NA	NA	1
ENSG00000235994	0	NA	NA	0	NA	NA	NA	1
ENSG00000236003	0	NA	NA	0	NA	NA	NA	1
ENSG00000236017	0	NA	NA	0	NA	NA	NA	1
ENSG00000236021	0	NA	NA	0	NA	NA	NA	1
ENSG00000236028	0	NA	NA	0	NA	NA	NA	1
ENSG00000236031	0	NA	NA	0	NA	NA	NA	1
ENSG00000236036	0	NA	NA	0	NA	NA	NA	1
ENSG00000236049	0	NA	NA	0	NA	NA	NA	1
ENSG00000236051	0	NA	NA	0	NA	NA	NA	1
ENSG00000236054	0	NA	NA	0	NA	NA	NA	1
ENSG00000236064	0	NA	NA	0	NA	NA	NA	1
ENSG00000236076	0	NA	NA	0	NA	NA	NA	1
ENSG00000236078	0	NA	NA	0	NA	NA	NA	1
ENSG00000236081	0	NA	NA	0	NA	NA	NA	1
ENSG00000236094	0	NA	NA	0	NA	NA	NA	1
ENSG00000236098	0	NA	NA	0	NA	NA	NA	1
ENSG00000236107	0	NA	NA	0	NA	NA	NA	1
ENSG00000236116	0	NA	NA	0	NA	NA	NA	1
ENSG00000236117	0	NA	NA	0	NA	NA	NA	1
ENSG00000236144	0	NA	NA	0	NA	NA	NA	1
ENSG00000236154	0	NA	NA	0	NA	NA	NA	1
ENSG00000236162	0	NA	NA	0	NA	NA	NA	1
ENSG00000236200	0	NA	NA	0	NA	NA	NA	1
ENSG00000236202	0	NA	NA	0	NA	NA	NA	1
ENSG00000236206	0	NA	NA	0	NA	NA	NA	1
ENSG00000236209	0	NA	NA	0	NA	NA	NA	1
ENSG00000236212	0	NA	NA	0	NA	NA	NA	1
ENSG00000236213	0	NA	NA	0	NA	NA	NA	1
ENSG00000236226	0	NA	NA	0	NA	NA	NA	1
ENSG00000236231	0	NA	NA	0	NA	NA	NA	1
ENSG00000236244	0	NA	NA	0	NA	NA	NA	1
ENSG00000236256	0	NA	NA	0	NA	NA	NA	1
ENSG00000236262	0	NA	NA	0	NA	NA	NA	1
ENSG00000236263	0	NA	NA	0	NA	NA	NA	1
ENSG00000236267	0	NA	NA	0	NA	NA	NA	1
ENSG00000236268	0	NA	NA	0	NA	NA	NA	1
ENSG00000236272	0	NA	NA	0	NA	NA	NA	1
ENSG00000236276	0	NA	NA	0	NA	NA	NA	1
ENSG00000236283	0	NA	NA	0	NA	NA	NA	1
ENSG00000236292	0	NA	NA	0	NA	NA	NA	1
ENSG00000236305	0	NA	NA	0	NA	NA	NA	1
ENSG00000236308	0	NA	NA	0	NA	NA	NA	1
ENSG00000236324	0	NA	NA	0	NA	NA	NA	1
ENSG00000236341	0	NA	NA	0	NA	NA	NA	1
ENSG00000236345	0	NA	NA	0	NA	NA	NA	1
ENSG00000236352	0	NA	NA	0	NA	NA	NA	1
ENSG00000236354	0	NA	NA	0	NA	NA	NA	1
ENSG00000236358	0	NA	NA	0	NA	NA	NA	1
ENSG00000236373	0	NA	NA	0	NA	NA	NA	1
ENSG00000236377	0	NA	NA	0	NA	NA	NA	1
ENSG00000236388	0	NA	NA	0	NA	NA	NA	1
ENSG00000236390	0	NA	NA	0	NA	NA	NA	1
ENSG00000236393	0	NA	NA	0	NA	NA	NA	1
ENSG00000236412	0	NA	NA	0	NA	NA	NA	1
ENSG00000236426	0	NA	NA	0	NA	NA	NA	1
ENSG00000236427	0	NA	NA	0	NA	NA	NA	1
ENSG00000236432	0	NA	NA	0	NA	NA	NA	1
ENSG00000236436	0	NA	NA	0	NA	NA	NA	1
ENSG00000236437	0	NA	NA	0	NA	NA	NA	1
ENSG00000236445	0	NA	NA	0	NA	NA	NA	1
ENSG00000236447	0	NA	NA	0	NA	NA	NA	1
ENSG00000236449	0	NA	NA	0	NA	NA	NA	1
ENSG00000236453	0	NA	NA	0	NA	NA	NA	1
ENSG00000236457	0	NA	NA	0	NA	NA	NA	1
ENSG00000236463	0	NA	NA	0	NA	NA	NA	1
ENSG00000236464	0	NA	NA	0	NA	NA	NA	1
ENSG00000236471	0	NA	NA	0	NA	NA	NA	1
ENSG00000236494	0	NA	NA	0	NA	NA	NA	1
ENSG00000236498	0	NA	NA	0	NA	NA	NA	1
ENSG00000236499	0	NA	NA	0	NA	NA	NA	1
ENSG00000236501	0	NA	NA	0	NA	NA	NA	1
ENSG00000236502	0	NA	NA	0	NA	NA	NA	1
ENSG00000236508	0	NA	NA	0	NA	NA	NA	1
ENSG00000236511	0	NA	NA	0	NA	NA	NA	1
ENSG00000236528	0	NA	NA	0	NA	NA	NA	1
ENSG00000236535	0	NA	NA	0	NA	NA	NA	1
ENSG00000236545	0	NA	NA	0	NA	NA	NA	1
ENSG00000236546	0	NA	NA	0	NA	NA	NA	1
ENSG00000236548	0	NA	NA	0	NA	NA	NA	1
ENSG00000236556	0	NA	NA	0	NA	NA	NA	1
ENSG00000236581	0	NA	NA	0	NA	NA	NA	1
ENSG00000236591	0	NA	NA	0	NA	NA	NA	1
ENSG00000236618	0	NA	NA	0	NA	NA	NA	1
ENSG00000236627	0	NA	NA	0	NA	NA	NA	1
ENSG00000236641	0	NA	NA	0	NA	NA	NA	1
ENSG00000236648	0	NA	NA	0	NA	NA	NA	1
ENSG00000236653	0	NA	NA	0	NA	NA	NA	1
ENSG00000236658	0	NA	NA	0	NA	NA	NA	1
ENSG00000236662	0	NA	NA	0	NA	NA	NA	1
ENSG00000236668	0	NA	NA	0	NA	NA	NA	1
ENSG00000236677	0	NA	NA	0	NA	NA	NA	1
ENSG00000236678	0	NA	NA	0	NA	NA	NA	1
ENSG00000236682	0	NA	NA	0	NA	NA	NA	1
ENSG00000236711	0	NA	NA	0	NA	NA	NA	1
ENSG00000236714	0	NA	NA	0	NA	NA	NA	1
ENSG00000236720	0	NA	NA	0	NA	NA	NA	1
ENSG00000236733	0	NA	NA	0	NA	NA	NA	1
ENSG00000236740	0	NA	NA	0	NA	NA	NA	1
ENSG00000236744	0	NA	NA	0	NA	NA	NA	1
ENSG00000236754	0	NA	NA	0	NA	NA	NA	1
ENSG00000236756	0	NA	NA	0	NA	NA	NA	1
ENSG00000236758	0	NA	NA	0	NA	NA	NA	1
ENSG00000236772	0	NA	NA	0	NA	NA	NA	1
ENSG00000236780	0	NA	NA	0	NA	NA	NA	1
ENSG00000236800	0	NA	NA	0	NA	NA	NA	1
ENSG00000236810	0	NA	NA	0	NA	NA	NA	1
ENSG00000236823	0	NA	NA	0	NA	NA	NA	1
ENSG00000236827	0	NA	NA	0	NA	NA	NA	1
ENSG00000236828	0	NA	NA	0	NA	NA	NA	1
ENSG00000236830	0	NA	NA	0	NA	NA	NA	1
ENSG00000236833	0	NA	NA	0	NA	NA	NA	1
ENSG00000236836	0	NA	NA	0	NA	NA	NA	1
ENSG00000236837	0	NA	NA	0	NA	NA	NA	1
ENSG00000236838	0	NA	NA	0	NA	NA	NA	1
ENSG00000236854	0	NA	NA	0	NA	NA	NA	1
ENSG00000236859	0	NA	NA	0	NA	NA	NA	1
ENSG00000236861	0	NA	NA	0	NA	NA	NA	1
ENSG00000236864	0	NA	NA	0	NA	NA	NA	1
ENSG00000236871	0	NA	NA	0	NA	NA	NA	1
ENSG00000236882	0	NA	NA	0	NA	NA	NA	1
ENSG00000236885	0	NA	NA	0	NA	NA	NA	1
ENSG00000236896	0	NA	NA	0	NA	NA	NA	1
ENSG00000236897	0	NA	NA	0	NA	NA	NA	1
ENSG00000236901	0	NA	NA	0	NA	NA	NA	1
ENSG00000236911	0	NA	NA	0	NA	NA	NA	1
ENSG00000236914	0	NA	NA	0	NA	NA	NA	1
ENSG00000236915	0	NA	NA	0	NA	NA	NA	1
ENSG00000236922	0	NA	NA	0	NA	NA	NA	1
ENSG00000236935	0	NA	NA	0	NA	NA	NA	1
ENSG00000236936	0	NA	NA	0	NA	NA	NA	1
ENSG00000236938	0	NA	NA	0	NA	NA	NA	1
ENSG00000236939	0	NA	NA	0	NA	NA	NA	1
ENSG00000236958	0	NA	NA	0	NA	NA	NA	1
ENSG00000236977	0	NA	NA	0	NA	NA	NA	1
ENSG00000236985	0	NA	NA	0	NA	NA	NA	1
ENSG00000236991	0	NA	NA	0	NA	NA	NA	1
ENSG00000236996	0	NA	NA	0	NA	NA	NA	1
ENSG00000236999	0	NA	NA	0	NA	NA	NA	1
ENSG00000237001	0	NA	NA	0	NA	NA	NA	1
ENSG00000237002	0	NA	NA	0	NA	NA	NA	1
ENSG00000237013	0	NA	NA	0	NA	NA	NA	1
ENSG00000237017	0	NA	NA	0	NA	NA	NA	1
ENSG00000237019	0	NA	NA	0	NA	NA	NA	1
ENSG00000237031	0	NA	NA	0	NA	NA	NA	1
ENSG00000237035	0	NA	NA	0	NA	NA	NA	1
ENSG00000237054	0	NA	NA	0	NA	NA	NA	1
ENSG00000237058	0	NA	NA	0	NA	NA	NA	1
ENSG00000237061	0	NA	NA	0	NA	NA	NA	1
ENSG00000237062	0	NA	NA	0	NA	NA	NA	1
ENSG00000237063	0	NA	NA	0	NA	NA	NA	1
ENSG00000237073	0	NA	NA	0	NA	NA	NA	1
ENSG00000237076	0	NA	NA	0	NA	NA	NA	1
ENSG00000237080	0	NA	NA	0	NA	NA	NA	1
ENSG00000237101	0	NA	NA	0	NA	NA	NA	1
ENSG00000237126	0	NA	NA	0	NA	NA	NA	1
ENSG00000237159	0	NA	NA	0	NA	NA	NA	1
ENSG00000237167	0	NA	NA	0	NA	NA	NA	1
ENSG00000237181	0	NA	NA	0	NA	NA	NA	1
ENSG00000237188	0	NA	NA	0	NA	NA	NA	1
ENSG00000237200	0	NA	NA	0	NA	NA	NA	1
ENSG00000237208	0	NA	NA	0	NA	NA	NA	1
ENSG00000237212	0	NA	NA	0	NA	NA	NA	1
ENSG00000237224	0	NA	NA	0	NA	NA	NA	1
ENSG00000237232	0	NA	NA	0	NA	NA	NA	1
ENSG00000237233	0	NA	NA	0	NA	NA	NA	1
ENSG00000237243	0	NA	NA	0	NA	NA	NA	1
ENSG00000237250	0	NA	NA	0	NA	NA	NA	1
ENSG00000237262	0	NA	NA	0	NA	NA	NA	1
ENSG00000237281	0	NA	NA	0	NA	NA	NA	1
ENSG00000237282	0	NA	NA	0	NA	NA	NA	1
ENSG00000237292	0	NA	NA	0	NA	NA	NA	1
ENSG00000237301	0	NA	NA	0	NA	NA	NA	1
ENSG00000237312	0	NA	NA	0	NA	NA	NA	1
ENSG00000237320	0	NA	NA	0	NA	NA	NA	1
ENSG00000237321	0	NA	NA	0	NA	NA	NA	1
ENSG00000237324	0	NA	NA	0	NA	NA	NA	1
ENSG00000237326	0	NA	NA	0	NA	NA	NA	1
ENSG00000237327	0	NA	NA	0	NA	NA	NA	1
ENSG00000237328	0	NA	NA	0	NA	NA	NA	1
ENSG00000237336	0	NA	NA	0	NA	NA	NA	1
ENSG00000237338	0	NA	NA	0	NA	NA	NA	1
ENSG00000237341	0	NA	NA	0	NA	NA	NA	1
ENSG00000237359	0	NA	NA	0	NA	NA	NA	1
ENSG00000237361	0	NA	NA	0	NA	NA	NA	1
ENSG00000237371	0	NA	NA	0	NA	NA	NA	1
ENSG00000237373	0	NA	NA	0	NA	NA	NA	1
ENSG00000237380	0	NA	NA	0	NA	NA	NA	1
ENSG00000237400	0	NA	NA	0	NA	NA	NA	1
ENSG00000237410	0	NA	NA	0	NA	NA	NA	1
ENSG00000237413	0	NA	NA	0	NA	NA	NA	1
ENSG00000237414	0	NA	NA	0	NA	NA	NA	1
ENSG00000237422	0	NA	NA	0	NA	NA	NA	1
ENSG00000237424	0	NA	NA	0	NA	NA	NA	1
ENSG00000237429	0	NA	NA	0	NA	NA	NA	1
ENSG00000237453	0	NA	NA	0	NA	NA	NA	1
ENSG00000237461	0	NA	NA	0	NA	NA	NA	1
ENSG00000237463	0	NA	NA	0	NA	NA	NA	1
ENSG00000237471	0	NA	NA	0	NA	NA	NA	1
ENSG00000237476	0	NA	NA	0	NA	NA	NA	1
ENSG00000237499	0	NA	NA	0	NA	NA	NA	1
ENSG00000237520	0	NA	NA	0	NA	NA	NA	1
ENSG00000237529	0	NA	NA	0	NA	NA	NA	1
ENSG00000237556	0	NA	NA	0	NA	NA	NA	1
ENSG00000237568	0	NA	NA	0	NA	NA	NA	1
ENSG00000237576	0	NA	NA	0	NA	NA	NA	1
ENSG00000237581	0	NA	NA	0	NA	NA	NA	1
ENSG00000237588	0	NA	NA	0	NA	NA	NA	1
ENSG00000237596	0	NA	NA	0	NA	NA	NA	1
ENSG00000237604	0	NA	NA	0	NA	NA	NA	1
ENSG00000237614	0	NA	NA	0	NA	NA	NA	1
ENSG00000237638	0	NA	NA	0	NA	NA	NA	1
ENSG00000237643	0	NA	NA	0	NA	NA	NA	1
ENSG00000237664	0	NA	NA	0	NA	NA	NA	1
ENSG00000237670	0	NA	NA	0	NA	NA	NA	1
ENSG00000237675	0	NA	NA	0	NA	NA	NA	1
ENSG00000237685	0	NA	NA	0	NA	NA	NA	1
ENSG00000237687	0	NA	NA	0	NA	NA	NA	1
ENSG00000237705	0	NA	NA	0	NA	NA	NA	1
ENSG00000237713	0	NA	NA	0	NA	NA	NA	1
ENSG00000237714	0	NA	NA	0	NA	NA	NA	1
ENSG00000237716	0	NA	NA	0	NA	NA	NA	1
ENSG00000237734	0	NA	NA	0	NA	NA	NA	1
ENSG00000237735	0	NA	NA	0	NA	NA	NA	1
ENSG00000237737	0	NA	NA	0	NA	NA	NA	1
ENSG00000237738	0	NA	NA	0	NA	NA	NA	1
ENSG00000237742	0	NA	NA	0	NA	NA	NA	1
ENSG00000237751	0	NA	NA	0	NA	NA	NA	1
ENSG00000237753	0	NA	NA	0	NA	NA	NA	1
ENSG00000237756	0	NA	NA	0	NA	NA	NA	1
ENSG00000237760	0	NA	NA	0	NA	NA	NA	1
ENSG00000237761	0	NA	NA	0	NA	NA	NA	1
ENSG00000237767	0	NA	NA	0	NA	NA	NA	1
ENSG00000237768	0	NA	NA	0	NA	NA	NA	1
ENSG00000237775	0	NA	NA	0	NA	NA	NA	1
ENSG00000237781	0	NA	NA	0	NA	NA	NA	1
ENSG00000237786	0	NA	NA	0	NA	NA	NA	1
ENSG00000237790	0	NA	NA	0	NA	NA	NA	1
ENSG00000237798	0	NA	NA	0	NA	NA	NA	1
ENSG00000237803	0	NA	NA	0	NA	NA	NA	1
ENSG00000237807	0	NA	NA	0	NA	NA	NA	1
ENSG00000237836	0	NA	NA	0	NA	NA	NA	1
ENSG00000237845	0	NA	NA	0	NA	NA	NA	1
ENSG00000237851	0	NA	NA	0	NA	NA	NA	1
ENSG00000237852	0	NA	NA	0	NA	NA	NA	1
ENSG00000237853	0	NA	NA	0	NA	NA	NA	1
ENSG00000237863	0	NA	NA	0	NA	NA	NA	1
ENSG00000237879	0	NA	NA	0	NA	NA	NA	1
ENSG00000237880	0	NA	NA	0	NA	NA	NA	1
ENSG00000237883	0	NA	NA	0	NA	NA	NA	1
ENSG00000237896	0	NA	NA	0	NA	NA	NA	1
ENSG00000237899	0	NA	NA	0	NA	NA	NA	1
ENSG00000237914	0	NA	NA	0	NA	NA	NA	1
ENSG00000237919	0	NA	NA	0	NA	NA	NA	1
ENSG00000237923	0	NA	NA	0	NA	NA	NA	1
ENSG00000237928	0	NA	NA	0	NA	NA	NA	1
ENSG00000237934	0	NA	NA	0	NA	NA	NA	1
ENSG00000237937	0	NA	NA	0	NA	NA	NA	1
ENSG00000237938	0	NA	NA	0	NA	NA	NA	1
ENSG00000237941	0	NA	NA	0	NA	NA	NA	1
ENSG00000237945	0	NA	NA	0	NA	NA	NA	1
ENSG00000237949	0	NA	NA	0	NA	NA	NA	1
ENSG00000237950	0	NA	NA	0	NA	NA	NA	1
ENSG00000237975	0	NA	NA	0	NA	NA	NA	1
ENSG00000237976	0	NA	NA	0	NA	NA	NA	1
ENSG00000237990	0	NA	NA	0	NA	NA	NA	1
ENSG00000237993	0	NA	NA	0	NA	NA	NA	1
ENSG00000237994	0	NA	NA	0	NA	NA	NA	1
ENSG00000238004	0	NA	NA	0	NA	NA	NA	1
ENSG00000238005	0	NA	NA	0	NA	NA	NA	1
ENSG00000238007	0	NA	NA	0	NA	NA	NA	1
ENSG00000238010	0	NA	NA	0	NA	NA	NA	1
ENSG00000238018	0	NA	NA	0	NA	NA	NA	1
ENSG00000238020	0	NA	NA	0	NA	NA	NA	1
ENSG00000238022	0	NA	NA	0	NA	NA	NA	1
ENSG00000238045	0	NA	NA	0	NA	NA	NA	1
ENSG00000238058	0	NA	NA	0	NA	NA	NA	1
ENSG00000238062	0	NA	NA	0	NA	NA	NA	1
ENSG00000238078	0	NA	NA	0	NA	NA	NA	1
ENSG00000238120	0	NA	NA	0	NA	NA	NA	1
ENSG00000238121	0	NA	NA	0	NA	NA	NA	1
ENSG00000238131	0	NA	NA	0	NA	NA	NA	1
ENSG00000238133	0	NA	NA	0	NA	NA	NA	1
ENSG00000238140	0	NA	NA	0	NA	NA	NA	1
ENSG00000238141	0	NA	NA	0	NA	NA	NA	1
ENSG00000238158	0	NA	NA	0	NA	NA	NA	1
ENSG00000238160	0	NA	NA	0	NA	NA	NA	1
ENSG00000238184	0	NA	NA	0	NA	NA	NA	1
ENSG00000238185	0	NA	NA	0	NA	NA	NA	1
ENSG00000238189	0	NA	NA	0	NA	NA	NA	1
ENSG00000238197	0	NA	NA	0	NA	NA	NA	1
ENSG00000238198	0	NA	NA	0	NA	NA	NA	1
ENSG00000238230	0	NA	NA	0	NA	NA	NA	1
ENSG00000238246	0	NA	NA	0	NA	NA	NA	1
ENSG00000238258	0	NA	NA	0	NA	NA	NA	1
ENSG00000238272	0	NA	NA	0	NA	NA	NA	1
ENSG00000238276	0	NA	NA	0	NA	NA	NA	1
ENSG00000238284	0	NA	NA	0	NA	NA	NA	1
ENSG00000238287	0	NA	NA	0	NA	NA	NA	1
ENSG00000238290	0	NA	NA	0	NA	NA	NA	1
ENSG00000238291	0	NA	NA	0	NA	NA	NA	1
ENSG00000238358	0	NA	NA	0	NA	NA	NA	1
ENSG00000239203	0	NA	NA	0	NA	NA	NA	1
ENSG00000239213	0	NA	NA	0	NA	NA	NA	1
ENSG00000239265	0	NA	NA	0	NA	NA	NA	1
ENSG00000239300	0	NA	NA	0	NA	NA	NA	1
ENSG00000239311	0	NA	NA	0	NA	NA	NA	1
ENSG00000239314	0	NA	NA	0	NA	NA	NA	1
ENSG00000239415	0	NA	NA	0	NA	NA	NA	1
ENSG00000239440	0	NA	NA	0	NA	NA	NA	1
ENSG00000239445	0	NA	NA	0	NA	NA	NA	1
ENSG00000239454	0	NA	NA	0	NA	NA	NA	1
ENSG00000239508	0	NA	NA	0	NA	NA	NA	1
ENSG00000239513	0	NA	NA	0	NA	NA	NA	1
ENSG00000239523	0	NA	NA	0	NA	NA	NA	1
ENSG00000239572	0	NA	NA	0	NA	NA	NA	1
ENSG00000239593	0	NA	NA	0	NA	NA	NA	1
ENSG00000239608	0	NA	NA	0	NA	NA	NA	1
ENSG00000239628	0	NA	NA	0	NA	NA	NA	1
ENSG00000239636	0	NA	NA	0	NA	NA	NA	1
ENSG00000239641	0	NA	NA	0	NA	NA	NA	1
ENSG00000239677	0	NA	NA	0	NA	NA	NA	1
ENSG00000239705	0	NA	NA	0	NA	NA	NA	1
ENSG00000239716	0	NA	NA	0	NA	NA	NA	1
ENSG00000239718	0	NA	NA	0	NA	NA	NA	1
ENSG00000239767	0	NA	NA	0	NA	NA	NA	1
ENSG00000239774	0	NA	NA	0	NA	NA	NA	1
ENSG00000239799	0	NA	NA	0	NA	NA	NA	1
ENSG00000239801	0	NA	NA	0	NA	NA	NA	1
ENSG00000239828	0	NA	NA	0	NA	NA	NA	1
ENSG00000239930	0	NA	NA	0	NA	NA	NA	1
ENSG00000239994	0	NA	NA	0	NA	NA	NA	1
ENSG00000240015	0	NA	NA	0	NA	NA	NA	1
ENSG00000240032	0	NA	NA	0	NA	NA	NA	1
ENSG00000240033	0	NA	NA	0	NA	NA	NA	1
ENSG00000240086	0	NA	NA	0	NA	NA	NA	1
ENSG00000240093	0	NA	NA	0	NA	NA	NA	1
ENSG00000240095	0	NA	NA	0	NA	NA	NA	1
ENSG00000240198	0	NA	NA	0	NA	NA	NA	1
ENSG00000240207	0	NA	NA	0	NA	NA	NA	1
ENSG00000240211	0	NA	NA	0	NA	NA	NA	1
ENSG00000240254	0	NA	NA	0	NA	NA	NA	1
ENSG00000240288	0	NA	NA	0	NA	NA	NA	1
ENSG00000240291	0	NA	NA	0	NA	NA	NA	1
ENSG00000240355	0	NA	NA	0	NA	NA	NA	1
ENSG00000240401	0	NA	NA	0	NA	NA	NA	1
ENSG00000240423	0	NA	NA	0	NA	NA	NA	1
ENSG00000240497	0	NA	NA	0	NA	NA	NA	1
ENSG00000240499	0	NA	NA	0	NA	NA	NA	1
ENSG00000240521	0	NA	NA	0	NA	NA	NA	1
ENSG00000240527	0	NA	NA	0	NA	NA	NA	1
ENSG00000240541	0	NA	NA	0	NA	NA	NA	1
ENSG00000240553	0	NA	NA	0	NA	NA	NA	1
ENSG00000240567	0	NA	NA	0	NA	NA	NA	1
ENSG00000240571	0	NA	NA	0	NA	NA	NA	1
ENSG00000240591	0	NA	NA	0	NA	NA	NA	1
ENSG00000240596	0	NA	NA	0	NA	NA	NA	1
ENSG00000240666	0	NA	NA	0	NA	NA	NA	1
ENSG00000240687	0	NA	NA	0	NA	NA	NA	1
ENSG00000240707	0	NA	NA	0	NA	NA	NA	1
ENSG00000240731	0	NA	NA	0	NA	NA	NA	1
ENSG00000240758	0	NA	NA	0	NA	NA	NA	1
ENSG00000240766	0	NA	NA	0	NA	NA	NA	1
ENSG00000240777	0	NA	NA	0	NA	NA	NA	1
ENSG00000240790	0	NA	NA	0	NA	NA	NA	1
ENSG00000240868	0	NA	NA	0	NA	NA	NA	1
ENSG00000240893	0	NA	NA	0	NA	NA	NA	1
ENSG00000240895	0	NA	NA	0	NA	NA	NA	1
ENSG00000240996	0	NA	NA	0	NA	NA	NA	1
ENSG00000241048	0	NA	NA	0	NA	NA	NA	1
ENSG00000241054	0	NA	NA	0	NA	NA	NA	1
ENSG00000241059	0	NA	NA	0	NA	NA	NA	1
ENSG00000241073	0	NA	NA	0	NA	NA	NA	1
ENSG00000241101	0	NA	NA	0	NA	NA	NA	1
ENSG00000241151	0	NA	NA	0	NA	NA	NA	1
ENSG00000241155	0	NA	NA	0	NA	NA	NA	1
ENSG00000241169	0	NA	NA	0	NA	NA	NA	1
ENSG00000241202	0	NA	NA	0	NA	NA	NA	1
ENSG00000241211	0	NA	NA	0	NA	NA	NA	1
ENSG00000241219	0	NA	NA	0	NA	NA	NA	1
ENSG00000241313	0	NA	NA	0	NA	NA	NA	1
ENSG00000241326	0	NA	NA	0	NA	NA	NA	1
ENSG00000241328	0	NA	NA	0	NA	NA	NA	1
ENSG00000241336	0	NA	NA	0	NA	NA	NA	1
ENSG00000241357	0	NA	NA	0	NA	NA	NA	1
ENSG00000241388	0	NA	NA	0	NA	NA	NA	1
ENSG00000241409	0	NA	NA	0	NA	NA	NA	1
ENSG00000241456	0	NA	NA	0	NA	NA	NA	1
ENSG00000241457	0	NA	NA	0	NA	NA	NA	1
ENSG00000241475	0	NA	NA	0	NA	NA	NA	1
ENSG00000241479	0	NA	NA	0	NA	NA	NA	1
ENSG00000241490	0	NA	NA	0	NA	NA	NA	1
ENSG00000241520	0	NA	NA	0	NA	NA	NA	1
ENSG00000241525	0	NA	NA	0	NA	NA	NA	1
ENSG00000241572	0	NA	NA	0	NA	NA	NA	1
ENSG00000241577	0	NA	NA	0	NA	NA	NA	1
ENSG00000241666	0	NA	NA	0	NA	NA	NA	1
ENSG00000241696	0	NA	NA	0	NA	NA	NA	1
ENSG00000241720	0	NA	NA	0	NA	NA	NA	1
ENSG00000241728	0	NA	NA	0	NA	NA	NA	1
ENSG00000241764	0	NA	NA	0	NA	NA	NA	1
ENSG00000241770	0	NA	NA	0	NA	NA	NA	1
ENSG00000241832	0	NA	NA	0	NA	NA	NA	1
ENSG00000241933	0	NA	NA	0	NA	NA	NA	1
ENSG00000241985	0	NA	NA	0	NA	NA	NA	1
ENSG00000241990	0	NA	NA	0	NA	NA	NA	1
ENSG00000242009	0	NA	NA	0	NA	NA	NA	1
ENSG00000242029	0	NA	NA	0	NA	NA	NA	1
ENSG00000242042	0	NA	NA	0	NA	NA	NA	1
ENSG00000242049	0	NA	NA	0	NA	NA	NA	1
ENSG00000242082	0	NA	NA	0	NA	NA	NA	1
ENSG00000242086	0	NA	NA	0	NA	NA	NA	1
ENSG00000242107	0	NA	NA	0	NA	NA	NA	1
ENSG00000242154	0	NA	NA	0	NA	NA	NA	1
ENSG00000242190	0	NA	NA	0	NA	NA	NA	1
ENSG00000242207	0	NA	NA	0	NA	NA	NA	1
ENSG00000242242	0	NA	NA	0	NA	NA	NA	1
ENSG00000242317	0	NA	NA	0	NA	NA	NA	1
ENSG00000242391	0	NA	NA	0	NA	NA	NA	1
ENSG00000242396	0	NA	NA	0	NA	NA	NA	1
ENSG00000242407	0	NA	NA	0	NA	NA	NA	1
ENSG00000242428	0	NA	NA	0	NA	NA	NA	1
ENSG00000242522	0	NA	NA	0	NA	NA	NA	1
ENSG00000242536	0	NA	NA	0	NA	NA	NA	1
ENSG00000242545	0	NA	NA	0	NA	NA	NA	1
ENSG00000242578	0	NA	NA	0	NA	NA	NA	1
ENSG00000242628	0	NA	NA	0	NA	NA	NA	1
ENSG00000242671	0	NA	NA	0	NA	NA	NA	1
ENSG00000242741	0	NA	NA	0	NA	NA	NA	1
ENSG00000242759	0	NA	NA	0	NA	NA	NA	1
ENSG00000242770	0	NA	NA	0	NA	NA	NA	1
ENSG00000242790	0	NA	NA	0	NA	NA	NA	1
ENSG00000242791	0	NA	NA	0	NA	NA	NA	1
ENSG00000242795	0	NA	NA	0	NA	NA	NA	1
ENSG00000242797	0	NA	NA	0	NA	NA	NA	1
ENSG00000242861	0	NA	NA	0	NA	NA	NA	1
ENSG00000242902	0	NA	NA	0	NA	NA	NA	1
ENSG00000242908	0	NA	NA	0	NA	NA	NA	1
ENSG00000242973	0	NA	NA	0	NA	NA	NA	1
ENSG00000243107	0	NA	NA	0	NA	NA	NA	1
ENSG00000243150	0	NA	NA	0	NA	NA	NA	1
ENSG00000243176	0	NA	NA	0	NA	NA	NA	1
ENSG00000243193	0	NA	NA	0	NA	NA	NA	1
ENSG00000243224	0	NA	NA	0	NA	NA	NA	1
ENSG00000243230	0	NA	NA	0	NA	NA	NA	1
ENSG00000243273	0	NA	NA	0	NA	NA	NA	1
ENSG00000243295	0	NA	NA	0	NA	NA	NA	1
ENSG00000243321	0	NA	NA	0	NA	NA	NA	1
ENSG00000243368	0	NA	NA	0	NA	NA	NA	1
ENSG00000243384	0	NA	NA	0	NA	NA	NA	1
ENSG00000243415	0	NA	NA	0	NA	NA	NA	1
ENSG00000243433	0	NA	NA	0	NA	NA	NA	1
ENSG00000243491	0	NA	NA	0	NA	NA	NA	1
ENSG00000243550	0	NA	NA	0	NA	NA	NA	1
ENSG00000243593	0	NA	NA	0	NA	NA	NA	1
ENSG00000243613	0	NA	NA	0	NA	NA	NA	1
ENSG00000243620	0	NA	NA	0	NA	NA	NA	1
ENSG00000243701	0	NA	NA	0	NA	NA	NA	1
ENSG00000243715	0	NA	NA	0	NA	NA	NA	1
ENSG00000243762	0	NA	NA	0	NA	NA	NA	1
ENSG00000243795	0	NA	NA	0	NA	NA	NA	1
ENSG00000243799	0	NA	NA	0	NA	NA	NA	1
ENSG00000243810	0	NA	NA	0	NA	NA	NA	1
ENSG00000243819	0	NA	NA	0	NA	NA	NA	1
ENSG00000243836	0	NA	NA	0	NA	NA	NA	1
ENSG00000243849	0	NA	NA	0	NA	NA	NA	1
ENSG00000243885	0	NA	NA	0	NA	NA	NA	1
ENSG00000243903	0	NA	NA	0	NA	NA	NA	1
ENSG00000243926	0	NA	NA	0	NA	NA	NA	1
ENSG00000243944	0	NA	NA	0	NA	NA	NA	1
ENSG00000244040	0	NA	NA	0	NA	NA	NA	1
ENSG00000244055	0	NA	NA	0	NA	NA	NA	1
ENSG00000244137	0	NA	NA	0	NA	NA	NA	1
ENSG00000244151	0	NA	NA	0	NA	NA	NA	1
ENSG00000244158	0	NA	NA	0	NA	NA	NA	1
ENSG00000244161	0	NA	NA	0	NA	NA	NA	1
ENSG00000244184	0	NA	NA	0	NA	NA	NA	1
ENSG00000244239	0	NA	NA	0	NA	NA	NA	1
ENSG00000244260	0	NA	NA	0	NA	NA	NA	1
ENSG00000244265	0	NA	NA	0	NA	NA	NA	1
ENSG00000244286	0	NA	NA	0	NA	NA	NA	1
ENSG00000244300	0	NA	NA	0	NA	NA	NA	1
ENSG00000244302	0	NA	NA	0	NA	NA	NA	1
ENSG00000244321	0	NA	NA	0	NA	NA	NA	1
ENSG00000244327	0	NA	NA	0	NA	NA	NA	1
ENSG00000244332	0	NA	NA	0	NA	NA	NA	1
ENSG00000244358	0	NA	NA	0	NA	NA	NA	1
ENSG00000244380	0	NA	NA	0	NA	NA	NA	1
ENSG00000244383	0	NA	NA	0	NA	NA	NA	1
ENSG00000244459	0	NA	NA	0	NA	NA	NA	1
ENSG00000244468	0	NA	NA	0	NA	NA	NA	1
ENSG00000244479	0	NA	NA	0	NA	NA	NA	1
ENSG00000244491	0	NA	NA	0	NA	NA	NA	1
ENSG00000244502	0	NA	NA	0	NA	NA	NA	1
ENSG00000244513	0	NA	NA	0	NA	NA	NA	1
ENSG00000244541	0	NA	NA	0	NA	NA	NA	1
ENSG00000244558	0	NA	NA	0	NA	NA	NA	1
ENSG00000244564	0	NA	NA	0	NA	NA	NA	1
ENSG00000244586	0	NA	NA	0	NA	NA	NA	1
ENSG00000244649	0	NA	NA	0	NA	NA	NA	1
ENSG00000244675	0	NA	NA	0	NA	NA	NA	1
ENSG00000244676	0	NA	NA	0	NA	NA	NA	1
ENSG00000244701	0	NA	NA	0	NA	NA	NA	1
ENSG00000244706	0	NA	NA	0	NA	NA	NA	1
ENSG00000244879	0	NA	NA	0	NA	NA	NA	1
ENSG00000244926	0	NA	NA	0	NA	NA	NA	1
ENSG00000244945	0	NA	NA	0	NA	NA	NA	1
ENSG00000244953	0	NA	NA	0	NA	NA	NA	1
ENSG00000245008	0	NA	NA	0	NA	NA	NA	1
ENSG00000245025	0	NA	NA	0	NA	NA	NA	1
ENSG00000245059	0	NA	NA	0	NA	NA	NA	1
ENSG00000245105	0	NA	NA	0	NA	NA	NA	1
ENSG00000245148	0	NA	NA	0	NA	NA	NA	1
ENSG00000245156	0	NA	NA	0	NA	NA	NA	1
ENSG00000245213	0	NA	NA	0	NA	NA	NA	1
ENSG00000245248	0	NA	NA	0	NA	NA	NA	1
ENSG00000245261	0	NA	NA	0	NA	NA	NA	1
ENSG00000245275	0	NA	NA	0	NA	NA	NA	1
ENSG00000245293	0	NA	NA	0	NA	NA	NA	1
ENSG00000245317	0	NA	NA	0	NA	NA	NA	1
ENSG00000245322	0	NA	NA	0	NA	NA	NA	1
ENSG00000245385	0	NA	NA	0	NA	NA	NA	1
ENSG00000245466	0	NA	NA	0	NA	NA	NA	1
ENSG00000245468	0	NA	NA	0	NA	NA	NA	1
ENSG00000245479	0	NA	NA	0	NA	NA	NA	1
ENSG00000245498	0	NA	NA	0	NA	NA	NA	1
ENSG00000245522	0	NA	NA	0	NA	NA	NA	1
ENSG00000245532	0	NA	NA	0	NA	NA	NA	1
ENSG00000245534	0	NA	NA	0	NA	NA	NA	1
ENSG00000245571	0	NA	NA	0	NA	NA	NA	1
ENSG00000245598	0	NA	NA	0	NA	NA	NA	1
ENSG00000245648	0	NA	NA	0	NA	NA	NA	1
ENSG00000245651	0	NA	NA	0	NA	NA	NA	1
ENSG00000245667	0	NA	NA	0	NA	NA	NA	1
ENSG00000245711	0	NA	NA	0	NA	NA	NA	1
ENSG00000245719	0	NA	NA	0	NA	NA	NA	1
ENSG00000245748	0	NA	NA	0	NA	NA	NA	1
ENSG00000245750	0	NA	NA	0	NA	NA	NA	1
ENSG00000245812	0	NA	NA	0	NA	NA	NA	1
ENSG00000245849	0	NA	NA	0	NA	NA	NA	1
ENSG00000245870	0	NA	NA	0	NA	NA	NA	1
ENSG00000245888	0	NA	NA	0	NA	NA	NA	1
ENSG00000245910	0	NA	NA	0	NA	NA	NA	1
ENSG00000245937	0	NA	NA	0	NA	NA	NA	1
ENSG00000245975	0	NA	NA	0	NA	NA	NA	1
ENSG00000246089	0	NA	NA	0	NA	NA	NA	1
ENSG00000246090	0	NA	NA	0	NA	NA	NA	1
ENSG00000246100	0	NA	NA	0	NA	NA	NA	1
ENSG00000246145	0	NA	NA	0	NA	NA	NA	1
ENSG00000246174	0	NA	NA	0	NA	NA	NA	1
ENSG00000246211	0	NA	NA	0	NA	NA	NA	1
ENSG00000246214	0	NA	NA	0	NA	NA	NA	1
ENSG00000246225	0	NA	NA	0	NA	NA	NA	1
ENSG00000246250	0	NA	NA	0	NA	NA	NA	1
ENSG00000246273	0	NA	NA	0	NA	NA	NA	1
ENSG00000246283	0	NA	NA	0	NA	NA	NA	1
ENSG00000246308	0	NA	NA	0	NA	NA	NA	1
ENSG00000246316	0	NA	NA	0	NA	NA	NA	1
ENSG00000246323	0	NA	NA	0	NA	NA	NA	1
ENSG00000246334	0	NA	NA	0	NA	NA	NA	1
ENSG00000246366	0	NA	NA	0	NA	NA	NA	1
ENSG00000246394	0	NA	NA	0	NA	NA	NA	1
ENSG00000246422	0	NA	NA	0	NA	NA	NA	1
ENSG00000246430	0	NA	NA	0	NA	NA	NA	1
ENSG00000246465	0	NA	NA	0	NA	NA	NA	1
ENSG00000246477	0	NA	NA	0	NA	NA	NA	1
ENSG00000246523	0	NA	NA	0	NA	NA	NA	1
ENSG00000246528	0	NA	NA	0	NA	NA	NA	1
ENSG00000246548	0	NA	NA	0	NA	NA	NA	1
ENSG00000246560	0	NA	NA	0	NA	NA	NA	1
ENSG00000246627	0	NA	NA	0	NA	NA	NA	1
ENSG00000246695	0	NA	NA	0	NA	NA	NA	1
ENSG00000246731	0	NA	NA	0	NA	NA	NA	1
ENSG00000246740	0	NA	NA	0	NA	NA	NA	1
ENSG00000246763	0	NA	NA	0	NA	NA	NA	1
ENSG00000246774	0	NA	NA	0	NA	NA	NA	1
ENSG00000246777	0	NA	NA	0	NA	NA	NA	1
ENSG00000246863	0	NA	NA	0	NA	NA	NA	1
ENSG00000246982	0	NA	NA	0	NA	NA	NA	1
ENSG00000247033	0	NA	NA	0	NA	NA	NA	1
ENSG00000247049	0	NA	NA	0	NA	NA	NA	1
ENSG00000247081	0	NA	NA	0	NA	NA	NA	1
ENSG00000247121	0	NA	NA	0	NA	NA	NA	1
ENSG00000247130	0	NA	NA	0	NA	NA	NA	1
ENSG00000247131	0	NA	NA	0	NA	NA	NA	1
ENSG00000247151	0	NA	NA	0	NA	NA	NA	1
ENSG00000247193	0	NA	NA	0	NA	NA	NA	1
ENSG00000247199	0	NA	NA	0	NA	NA	NA	1
ENSG00000247213	0	NA	NA	0	NA	NA	NA	1
ENSG00000247228	0	NA	NA	0	NA	NA	NA	1
ENSG00000247271	0	NA	NA	0	NA	NA	NA	1
ENSG00000247287	0	NA	NA	0	NA	NA	NA	1
ENSG00000247345	0	NA	NA	0	NA	NA	NA	1
ENSG00000247363	0	NA	NA	0	NA	NA	NA	1
ENSG00000247373	0	NA	NA	0	NA	NA	NA	1
ENSG00000247381	0	NA	NA	0	NA	NA	NA	1
ENSG00000247400	0	NA	NA	0	NA	NA	NA	1
ENSG00000247473	0	NA	NA	0	NA	NA	NA	1
ENSG00000247498	0	NA	NA	0	NA	NA	NA	1
ENSG00000247556	0	NA	NA	0	NA	NA	NA	1
ENSG00000247572	0	NA	NA	0	NA	NA	NA	1
ENSG00000247624	0	NA	NA	0	NA	NA	NA	1
ENSG00000247675	0	NA	NA	0	NA	NA	NA	1
ENSG00000247699	0	NA	NA	0	NA	NA	NA	1
ENSG00000247735	0	NA	NA	0	NA	NA	NA	1
ENSG00000247796	0	NA	NA	0	NA	NA	NA	1
ENSG00000247810	0	NA	NA	0	NA	NA	NA	1
ENSG00000247853	0	NA	NA	0	NA	NA	NA	1
ENSG00000247877	0	NA	NA	0	NA	NA	NA	1
ENSG00000247903	0	NA	NA	0	NA	NA	NA	1
ENSG00000247925	0	NA	NA	0	NA	NA	NA	1
ENSG00000247934	0	NA	NA	0	NA	NA	NA	1
ENSG00000247950	0	NA	NA	0	NA	NA	NA	1
ENSG00000247982	0	NA	NA	0	NA	NA	NA	1
ENSG00000248008	0	NA	NA	0	NA	NA	NA	1
ENSG00000248027	0	NA	NA	0	NA	NA	NA	1
ENSG00000248049	0	NA	NA	0	NA	NA	NA	1
ENSG00000248079	0	NA	NA	0	NA	NA	NA	1
ENSG00000248100	0	NA	NA	0	NA	NA	NA	1
ENSG00000248101	0	NA	NA	0	NA	NA	NA	1
ENSG00000248112	0	NA	NA	0	NA	NA	NA	1
ENSG00000248115	0	NA	NA	0	NA	NA	NA	1
ENSG00000248125	0	NA	NA	0	NA	NA	NA	1
ENSG00000248148	0	NA	NA	0	NA	NA	NA	1
ENSG00000248152	0	NA	NA	0	NA	NA	NA	1
ENSG00000248161	0	NA	NA	0	NA	NA	NA	1
ENSG00000248184	0	NA	NA	0	NA	NA	NA	1
ENSG00000248187	0	NA	NA	0	NA	NA	NA	1
ENSG00000248192	0	NA	NA	0	NA	NA	NA	1
ENSG00000248202	0	NA	NA	0	NA	NA	NA	1
ENSG00000248203	0	NA	NA	0	NA	NA	NA	1
ENSG00000248206	0	NA	NA	0	NA	NA	NA	1
ENSG00000248211	0	NA	NA	0	NA	NA	NA	1
ENSG00000248215	0	NA	NA	0	NA	NA	NA	1
ENSG00000248221	0	NA	NA	0	NA	NA	NA	1
ENSG00000248222	0	NA	NA	0	NA	NA	NA	1
ENSG00000248227	0	NA	NA	0	NA	NA	NA	1
ENSG00000248238	0	NA	NA	0	NA	NA	NA	1
ENSG00000248245	0	NA	NA	0	NA	NA	NA	1
ENSG00000248285	0	NA	NA	0	NA	NA	NA	1
ENSG00000248307	0	NA	NA	0	NA	NA	NA	1
ENSG00000248311	0	NA	NA	0	NA	NA	NA	1
ENSG00000248323	0	NA	NA	0	NA	NA	NA	1
ENSG00000248339	0	NA	NA	0	NA	NA	NA	1
ENSG00000248346	0	NA	NA	0	NA	NA	NA	1
ENSG00000248356	0	NA	NA	0	NA	NA	NA	1
ENSG00000248360	0	NA	NA	0	NA	NA	NA	1
ENSG00000248362	0	NA	NA	0	NA	NA	NA	1
ENSG00000248367	0	NA	NA	0	NA	NA	NA	1
ENSG00000248371	0	NA	NA	0	NA	NA	NA	1
ENSG00000248378	0	NA	NA	0	NA	NA	NA	1
ENSG00000248393	0	NA	NA	0	NA	NA	NA	1
ENSG00000248397	0	NA	NA	0	NA	NA	NA	1
ENSG00000248399	0	NA	NA	0	NA	NA	NA	1
ENSG00000248416	0	NA	NA	0	NA	NA	NA	1
ENSG00000248417	0	NA	NA	0	NA	NA	NA	1
ENSG00000248425	0	NA	NA	0	NA	NA	NA	1
ENSG00000248429	0	NA	NA	0	NA	NA	NA	1
ENSG00000248431	0	NA	NA	0	NA	NA	NA	1
ENSG00000248458	0	NA	NA	0	NA	NA	NA	1
ENSG00000248464	0	NA	NA	0	NA	NA	NA	1
ENSG00000248468	0	NA	NA	0	NA	NA	NA	1
ENSG00000248474	0	NA	NA	0	NA	NA	NA	1
ENSG00000248475	0	NA	NA	0	NA	NA	NA	1
ENSG00000248476	0	NA	NA	0	NA	NA	NA	1
ENSG00000248484	0	NA	NA	0	NA	NA	NA	1
ENSG00000248489	0	NA	NA	0	NA	NA	NA	1
ENSG00000248494	0	NA	NA	0	NA	NA	NA	1
ENSG00000248508	0	NA	NA	0	NA	NA	NA	1
ENSG00000248510	0	NA	NA	0	NA	NA	NA	1
ENSG00000248515	0	NA	NA	0	NA	NA	NA	1
ENSG00000248516	0	NA	NA	0	NA	NA	NA	1
ENSG00000248518	0	NA	NA	0	NA	NA	NA	1
ENSG00000248529	0	NA	NA	0	NA	NA	NA	1
ENSG00000248538	0	NA	NA	0	NA	NA	NA	1
ENSG00000248544	0	NA	NA	0	NA	NA	NA	1
ENSG00000248545	0	NA	NA	0	NA	NA	NA	1
ENSG00000248559	0	NA	NA	0	NA	NA	NA	1
ENSG00000248624	0	NA	NA	0	NA	NA	NA	1
ENSG00000248634	0	NA	NA	0	NA	NA	NA	1
ENSG00000248636	0	NA	NA	0	NA	NA	NA	1
ENSG00000248647	0	NA	NA	0	NA	NA	NA	1
ENSG00000248656	0	NA	NA	0	NA	NA	NA	1
ENSG00000248663	0	NA	NA	0	NA	NA	NA	1
ENSG00000248664	0	NA	NA	0	NA	NA	NA	1
ENSG00000248668	0	NA	NA	0	NA	NA	NA	1
ENSG00000248673	0	NA	NA	0	NA	NA	NA	1
ENSG00000248676	0	NA	NA	0	NA	NA	NA	1
ENSG00000248682	0	NA	NA	0	NA	NA	NA	1
ENSG00000248685	0	NA	NA	0	NA	NA	NA	1
ENSG00000248693	0	NA	NA	0	NA	NA	NA	1
ENSG00000248708	0	NA	NA	0	NA	NA	NA	1
ENSG00000248709	0	NA	NA	0	NA	NA	NA	1
ENSG00000248714	0	NA	NA	0	NA	NA	NA	1
ENSG00000248724	0	NA	NA	0	NA	NA	NA	1
ENSG00000248733	0	NA	NA	0	NA	NA	NA	1
ENSG00000248749	0	NA	NA	0	NA	NA	NA	1
ENSG00000248757	0	NA	NA	0	NA	NA	NA	1
ENSG00000248758	0	NA	NA	0	NA	NA	NA	1
ENSG00000248764	0	NA	NA	0	NA	NA	NA	1
ENSG00000248773	0	NA	NA	0	NA	NA	NA	1
ENSG00000248774	0	NA	NA	0	NA	NA	NA	1
ENSG00000248779	0	NA	NA	0	NA	NA	NA	1
ENSG00000248789	0	NA	NA	0	NA	NA	NA	1
ENSG00000248790	0	NA	NA	0	NA	NA	NA	1
ENSG00000248801	0	NA	NA	0	NA	NA	NA	1
ENSG00000248802	0	NA	NA	0	NA	NA	NA	1
ENSG00000248809	0	NA	NA	0	NA	NA	NA	1
ENSG00000248813	0	NA	NA	0	NA	NA	NA	1
ENSG00000248839	0	NA	NA	0	NA	NA	NA	1
ENSG00000248844	0	NA	NA	0	NA	NA	NA	1
ENSG00000248859	0	NA	NA	0	NA	NA	NA	1
ENSG00000248866	0	NA	NA	0	NA	NA	NA	1
ENSG00000248870	0	NA	NA	0	NA	NA	NA	1
ENSG00000248872	0	NA	NA	0	NA	NA	NA	1
ENSG00000248874	0	NA	NA	0	NA	NA	NA	1
ENSG00000248881	0	NA	NA	0	NA	NA	NA	1
ENSG00000248890	0	NA	NA	0	NA	NA	NA	1
ENSG00000248896	0	NA	NA	0	NA	NA	NA	1
ENSG00000248898	0	NA	NA	0	NA	NA	NA	1
ENSG00000248901	0	NA	NA	0	NA	NA	NA	1
ENSG00000248912	0	NA	NA	0	NA	NA	NA	1
ENSG00000248932	0	NA	NA	0	NA	NA	NA	1
ENSG00000248936	0	NA	NA	0	NA	NA	NA	1
ENSG00000248942	0	NA	NA	0	NA	NA	NA	1
ENSG00000248954	0	NA	NA	0	NA	NA	NA	1
ENSG00000248962	0	NA	NA	0	NA	NA	NA	1
ENSG00000248965	0	NA	NA	0	NA	NA	NA	1
ENSG00000248969	0	NA	NA	0	NA	NA	NA	1
ENSG00000248973	0	NA	NA	0	NA	NA	NA	1
ENSG00000248975	0	NA	NA	0	NA	NA	NA	1
ENSG00000248996	0	NA	NA	0	NA	NA	NA	1
ENSG00000249007	0	NA	NA	0	NA	NA	NA	1
ENSG00000249036	0	NA	NA	0	NA	NA	NA	1
ENSG00000249041	0	NA	NA	0	NA	NA	NA	1
ENSG00000249042	0	NA	NA	0	NA	NA	NA	1
ENSG00000249085	0	NA	NA	0	NA	NA	NA	1
ENSG00000249086	0	NA	NA	0	NA	NA	NA	1
ENSG00000249091	0	NA	NA	0	NA	NA	NA	1
ENSG00000249094	0	NA	NA	0	NA	NA	NA	1
ENSG00000249100	0	NA	NA	0	NA	NA	NA	1
ENSG00000249114	0	NA	NA	0	NA	NA	NA	1
ENSG00000249122	0	NA	NA	0	NA	NA	NA	1
ENSG00000249128	0	NA	NA	0	NA	NA	NA	1
ENSG00000249150	0	NA	NA	0	NA	NA	NA	1
ENSG00000249163	0	NA	NA	0	NA	NA	NA	1
ENSG00000249171	0	NA	NA	0	NA	NA	NA	1
ENSG00000249174	0	NA	NA	0	NA	NA	NA	1
ENSG00000249175	0	NA	NA	0	NA	NA	NA	1
ENSG00000249196	0	NA	NA	0	NA	NA	NA	1
ENSG00000249201	0	NA	NA	0	NA	NA	NA	1
ENSG00000249203	0	NA	NA	0	NA	NA	NA	1
ENSG00000249216	0	NA	NA	0	NA	NA	NA	1
ENSG00000249225	0	NA	NA	0	NA	NA	NA	1
ENSG00000249231	0	NA	NA	0	NA	NA	NA	1
ENSG00000249236	0	NA	NA	0	NA	NA	NA	1
ENSG00000249249	0	NA	NA	0	NA	NA	NA	1
ENSG00000249258	0	NA	NA	0	NA	NA	NA	1
ENSG00000249275	0	NA	NA	0	NA	NA	NA	1
ENSG00000249293	0	NA	NA	0	NA	NA	NA	1
ENSG00000249295	0	NA	NA	0	NA	NA	NA	1
ENSG00000249297	0	NA	NA	0	NA	NA	NA	1
ENSG00000249306	0	NA	NA	0	NA	NA	NA	1
ENSG00000249309	0	NA	NA	0	NA	NA	NA	1
ENSG00000249332	0	NA	NA	0	NA	NA	NA	1
ENSG00000249341	0	NA	NA	0	NA	NA	NA	1
ENSG00000249343	0	NA	NA	0	NA	NA	NA	1
ENSG00000249346	0	NA	NA	0	NA	NA	NA	1
ENSG00000249348	0	NA	NA	0	NA	NA	NA	1
ENSG00000249362	0	NA	NA	0	NA	NA	NA	1
ENSG00000249379	0	NA	NA	0	NA	NA	NA	1
ENSG00000249381	0	NA	NA	0	NA	NA	NA	1
ENSG00000249407	0	NA	NA	0	NA	NA	NA	1
ENSG00000249412	0	NA	NA	0	NA	NA	NA	1
ENSG00000249419	0	NA	NA	0	NA	NA	NA	1
ENSG00000249425	0	NA	NA	0	NA	NA	NA	1
ENSG00000249426	0	NA	NA	0	NA	NA	NA	1
ENSG00000249429	0	NA	NA	0	NA	NA	NA	1
ENSG00000249441	0	NA	NA	0	NA	NA	NA	1
ENSG00000249456	0	NA	NA	0	NA	NA	NA	1
ENSG00000249464	0	NA	NA	0	NA	NA	NA	1
ENSG00000249476	0	NA	NA	0	NA	NA	NA	1
ENSG00000249479	0	NA	NA	0	NA	NA	NA	1
ENSG00000249483	0	NA	NA	0	NA	NA	NA	1
ENSG00000249497	0	NA	NA	0	NA	NA	NA	1
ENSG00000249500	0	NA	NA	0	NA	NA	NA	1
ENSG00000249502	0	NA	NA	0	NA	NA	NA	1
ENSG00000249509	0	NA	NA	0	NA	NA	NA	1
ENSG00000249515	0	NA	NA	0	NA	NA	NA	1
ENSG00000249519	0	NA	NA	0	NA	NA	NA	1
ENSG00000249521	0	NA	NA	0	NA	NA	NA	1
ENSG00000249532	0	NA	NA	0	NA	NA	NA	1
ENSG00000249534	0	NA	NA	0	NA	NA	NA	1
ENSG00000249545	0	NA	NA	0	NA	NA	NA	1
ENSG00000249550	0	NA	NA	0	NA	NA	NA	1
ENSG00000249551	0	NA	NA	0	NA	NA	NA	1
ENSG00000249553	0	NA	NA	0	NA	NA	NA	1
ENSG00000249568	0	NA	NA	0	NA	NA	NA	1
ENSG00000249592	0	NA	NA	0	NA	NA	NA	1
ENSG00000249593	0	NA	NA	0	NA	NA	NA	1
ENSG00000249601	0	NA	NA	0	NA	NA	NA	1
ENSG00000249602	0	NA	NA	0	NA	NA	NA	1
ENSG00000249605	0	NA	NA	0	NA	NA	NA	1
ENSG00000249609	0	NA	NA	0	NA	NA	NA	1
ENSG00000249613	0	NA	NA	0	NA	NA	NA	1
ENSG00000249614	0	NA	NA	0	NA	NA	NA	1
ENSG00000249628	0	NA	NA	0	NA	NA	NA	1
ENSG00000249635	0	NA	NA	0	NA	NA	NA	1
ENSG00000249637	0	NA	NA	0	NA	NA	NA	1
ENSG00000249639	0	NA	NA	0	NA	NA	NA	1
ENSG00000249641	0	NA	NA	0	NA	NA	NA	1
ENSG00000249642	0	NA	NA	0	NA	NA	NA	1
ENSG00000249650	0	NA	NA	0	NA	NA	NA	1
ENSG00000249655	0	NA	NA	0	NA	NA	NA	1
ENSG00000249664	0	NA	NA	0	NA	NA	NA	1
ENSG00000249667	0	NA	NA	0	NA	NA	NA	1
ENSG00000249673	0	NA	NA	0	NA	NA	NA	1
ENSG00000249675	0	NA	NA	0	NA	NA	NA	1
ENSG00000249679	0	NA	NA	0	NA	NA	NA	1
ENSG00000249688	0	NA	NA	0	NA	NA	NA	1
ENSG00000249690	0	NA	NA	0	NA	NA	NA	1
ENSG00000249695	0	NA	NA	0	NA	NA	NA	1
ENSG00000249700	0	NA	NA	0	NA	NA	NA	1
ENSG00000249706	0	NA	NA	0	NA	NA	NA	1
ENSG00000249713	0	NA	NA	0	NA	NA	NA	1
ENSG00000249722	0	NA	NA	0	NA	NA	NA	1
ENSG00000249725	0	NA	NA	0	NA	NA	NA	1
ENSG00000249727	0	NA	NA	0	NA	NA	NA	1
ENSG00000249742	0	NA	NA	0	NA	NA	NA	1
ENSG00000249746	0	NA	NA	0	NA	NA	NA	1
ENSG00000249747	0	NA	NA	0	NA	NA	NA	1
ENSG00000249771	0	NA	NA	0	NA	NA	NA	1
ENSG00000249772	0	NA	NA	0	NA	NA	NA	1
ENSG00000249786	0	NA	NA	0	NA	NA	NA	1
ENSG00000249787	0	NA	NA	0	NA	NA	NA	1
ENSG00000249791	0	NA	NA	0	NA	NA	NA	1
ENSG00000249797	0	NA	NA	0	NA	NA	NA	1
ENSG00000249803	0	NA	NA	0	NA	NA	NA	1
ENSG00000249816	0	NA	NA	0	NA	NA	NA	1
ENSG00000249825	0	NA	NA	0	NA	NA	NA	1
ENSG00000249857	0	NA	NA	0	NA	NA	NA	1
ENSG00000249870	0	NA	NA	0	NA	NA	NA	1
ENSG00000249875	0	NA	NA	0	NA	NA	NA	1
ENSG00000249881	0	NA	NA	0	NA	NA	NA	1
ENSG00000249882	0	NA	NA	0	NA	NA	NA	1
ENSG00000249898	0	NA	NA	0	NA	NA	NA	1
ENSG00000249899	0	NA	NA	0	NA	NA	NA	1
ENSG00000249901	0	NA	NA	0	NA	NA	NA	1
ENSG00000249906	0	NA	NA	0	NA	NA	NA	1
ENSG00000249923	0	NA	NA	0	NA	NA	NA	1
ENSG00000249937	0	NA	NA	0	NA	NA	NA	1
ENSG00000249941	0	NA	NA	0	NA	NA	NA	1
ENSG00000249955	0	NA	NA	0	NA	NA	NA	1
ENSG00000249959	0	NA	NA	0	NA	NA	NA	1
ENSG00000249971	0	NA	NA	0	NA	NA	NA	1
ENSG00000249988	0	NA	NA	0	NA	NA	NA	1
ENSG00000249994	0	NA	NA	0	NA	NA	NA	1
ENSG00000249998	0	NA	NA	0	NA	NA	NA	1
ENSG00000250007	0	NA	NA	0	NA	NA	NA	1
ENSG00000250025	0	NA	NA	0	NA	NA	NA	1
ENSG00000250027	0	NA	NA	0	NA	NA	NA	1
ENSG00000250033	0	NA	NA	0	NA	NA	NA	1
ENSG00000250034	0	NA	NA	0	NA	NA	NA	1
ENSG00000250041	0	NA	NA	0	NA	NA	NA	1
ENSG00000250042	0	NA	NA	0	NA	NA	NA	1
ENSG00000250056	0	NA	NA	0	NA	NA	NA	1
ENSG00000250062	0	NA	NA	0	NA	NA	NA	1
ENSG00000250069	0	NA	NA	0	NA	NA	NA	1
ENSG00000250072	0	NA	NA	0	NA	NA	NA	1
ENSG00000250073	0	NA	NA	0	NA	NA	NA	1
ENSG00000250081	0	NA	NA	0	NA	NA	NA	1
ENSG00000250105	0	NA	NA	0	NA	NA	NA	1
ENSG00000250126	0	NA	NA	0	NA	NA	NA	1
ENSG00000250127	0	NA	NA	0	NA	NA	NA	1
ENSG00000250133	0	NA	NA	0	NA	NA	NA	1
ENSG00000250155	0	NA	NA	0	NA	NA	NA	1
ENSG00000250158	0	NA	NA	0	NA	NA	NA	1
ENSG00000250159	0	NA	NA	0	NA	NA	NA	1
ENSG00000250164	0	NA	NA	0	NA	NA	NA	1
ENSG00000250167	0	NA	NA	0	NA	NA	NA	1
ENSG00000250170	0	NA	NA	0	NA	NA	NA	1
ENSG00000250174	0	NA	NA	0	NA	NA	NA	1
ENSG00000250180	0	NA	NA	0	NA	NA	NA	1
ENSG00000250186	0	NA	NA	0	NA	NA	NA	1
ENSG00000250195	0	NA	NA	0	NA	NA	NA	1
ENSG00000250208	0	NA	NA	0	NA	NA	NA	1
ENSG00000250223	0	NA	NA	0	NA	NA	NA	1
ENSG00000250230	0	NA	NA	0	NA	NA	NA	1
ENSG00000250256	0	NA	NA	0	NA	NA	NA	1
ENSG00000250258	0	NA	NA	0	NA	NA	NA	1
ENSG00000250259	0	NA	NA	0	NA	NA	NA	1
ENSG00000250260	0	NA	NA	0	NA	NA	NA	1
ENSG00000250266	0	NA	NA	0	NA	NA	NA	1
ENSG00000250267	0	NA	NA	0	NA	NA	NA	1
ENSG00000250284	0	NA	NA	0	NA	NA	NA	1
ENSG00000250295	0	NA	NA	0	NA	NA	NA	1
ENSG00000250302	0	NA	NA	0	NA	NA	NA	1
ENSG00000250309	0	NA	NA	0	NA	NA	NA	1
ENSG00000250310	0	NA	NA	0	NA	NA	NA	1
ENSG00000250320	0	NA	NA	0	NA	NA	NA	1
ENSG00000250331	0	NA	NA	0	NA	NA	NA	1
ENSG00000250348	0	NA	NA	0	NA	NA	NA	1
ENSG00000250362	0	NA	NA	0	NA	NA	NA	1
ENSG00000250365	0	NA	NA	0	NA	NA	NA	1
ENSG00000250378	0	NA	NA	0	NA	NA	NA	1
ENSG00000250379	0	NA	NA	0	NA	NA	NA	1
ENSG00000250383	0	NA	NA	0	NA	NA	NA	1
ENSG00000250385	0	NA	NA	0	NA	NA	NA	1
ENSG00000250390	0	NA	NA	0	NA	NA	NA	1
ENSG00000250407	0	NA	NA	0	NA	NA	NA	1
ENSG00000250415	0	NA	NA	0	NA	NA	NA	1
ENSG00000250418	0	NA	NA	0	NA	NA	NA	1
ENSG00000250427	0	NA	NA	0	NA	NA	NA	1
ENSG00000250446	0	NA	NA	0	NA	NA	NA	1
ENSG00000250451	0	NA	NA	0	NA	NA	NA	1
ENSG00000250456	0	NA	NA	0	NA	NA	NA	1
ENSG00000250467	0	NA	NA	0	NA	NA	NA	1
ENSG00000250472	0	NA	NA	0	NA	NA	NA	1
ENSG00000250481	0	NA	NA	0	NA	NA	NA	1
ENSG00000250488	0	NA	NA	0	NA	NA	NA	1
ENSG00000250497	0	NA	NA	0	NA	NA	NA	1
ENSG00000250501	0	NA	NA	0	NA	NA	NA	1
ENSG00000250508	0	NA	NA	0	NA	NA	NA	1
ENSG00000250511	0	NA	NA	0	NA	NA	NA	1
ENSG00000250514	0	NA	NA	0	NA	NA	NA	1
ENSG00000250529	0	NA	NA	0	NA	NA	NA	1
ENSG00000250541	0	NA	NA	0	NA	NA	NA	1
ENSG00000250546	0	NA	NA	0	NA	NA	NA	1
ENSG00000250548	0	NA	NA	0	NA	NA	NA	1
ENSG00000250551	0	NA	NA	0	NA	NA	NA	1
ENSG00000250567	0	NA	NA	0	NA	NA	NA	1
ENSG00000250577	0	NA	NA	0	NA	NA	NA	1
ENSG00000250579	0	NA	NA	0	NA	NA	NA	1
ENSG00000250582	0	NA	NA	0	NA	NA	NA	1
ENSG00000250583	0	NA	NA	0	NA	NA	NA	1
ENSG00000250584	0	NA	NA	0	NA	NA	NA	1
ENSG00000250590	0	NA	NA	0	NA	NA	NA	1
ENSG00000250597	0	NA	NA	0	NA	NA	NA	1
ENSG00000250600	0	NA	NA	0	NA	NA	NA	1
ENSG00000250602	0	NA	NA	0	NA	NA	NA	1
ENSG00000250603	0	NA	NA	0	NA	NA	NA	1
ENSG00000250604	0	NA	NA	0	NA	NA	NA	1
ENSG00000250616	0	NA	NA	0	NA	NA	NA	1
ENSG00000250619	0	NA	NA	0	NA	NA	NA	1
ENSG00000250620	0	NA	NA	0	NA	NA	NA	1
ENSG00000250623	0	NA	NA	0	NA	NA	NA	1
ENSG00000250634	0	NA	NA	0	NA	NA	NA	1
ENSG00000250658	0	NA	NA	0	NA	NA	NA	1
ENSG00000250685	0	NA	NA	0	NA	NA	NA	1
ENSG00000250694	0	NA	NA	0	NA	NA	NA	1
ENSG00000250698	0	NA	NA	0	NA	NA	NA	1
ENSG00000250699	0	NA	NA	0	NA	NA	NA	1
ENSG00000250723	0	NA	NA	0	NA	NA	NA	1
ENSG00000250734	0	NA	NA	0	NA	NA	NA	1
ENSG00000250740	0	NA	NA	0	NA	NA	NA	1
ENSG00000250748	0	NA	NA	0	NA	NA	NA	1
ENSG00000250751	0	NA	NA	0	NA	NA	NA	1
ENSG00000250754	0	NA	NA	0	NA	NA	NA	1
ENSG00000250764	0	NA	NA	0	NA	NA	NA	1
ENSG00000250777	0	NA	NA	0	NA	NA	NA	1
ENSG00000250781	0	NA	NA	0	NA	NA	NA	1
ENSG00000250791	0	NA	NA	0	NA	NA	NA	1
ENSG00000250801	0	NA	NA	0	NA	NA	NA	1
ENSG00000250819	0	NA	NA	0	NA	NA	NA	1
ENSG00000250820	0	NA	NA	0	NA	NA	NA	1
ENSG00000250829	0	NA	NA	0	NA	NA	NA	1
ENSG00000250842	0	NA	NA	0	NA	NA	NA	1
ENSG00000250850	0	NA	NA	0	NA	NA	NA	1
ENSG00000250855	0	NA	NA	0	NA	NA	NA	1
ENSG00000250866	0	NA	NA	0	NA	NA	NA	1
ENSG00000250877	0	NA	NA	0	NA	NA	NA	1
ENSG00000250882	0	NA	NA	0	NA	NA	NA	1
ENSG00000250885	0	NA	NA	0	NA	NA	NA	1
ENSG00000250888	0	NA	NA	0	NA	NA	NA	1
ENSG00000250891	0	NA	NA	0	NA	NA	NA	1
ENSG00000250902	0	NA	NA	0	NA	NA	NA	1
ENSG00000250906	0	NA	NA	0	NA	NA	NA	1
ENSG00000250917	0	NA	NA	0	NA	NA	NA	1
ENSG00000250921	0	NA	NA	0	NA	NA	NA	1
ENSG00000250929	0	NA	NA	0	NA	NA	NA	1
ENSG00000250930	0	NA	NA	0	NA	NA	NA	1
ENSG00000250947	0	NA	NA	0	NA	NA	NA	1
ENSG00000250948	0	NA	NA	0	NA	NA	NA	1
ENSG00000250949	0	NA	NA	0	NA	NA	NA	1
ENSG00000250954	0	NA	NA	0	NA	NA	NA	1
ENSG00000250955	0	NA	NA	0	NA	NA	NA	1
ENSG00000250961	0	NA	NA	0	NA	NA	NA	1
ENSG00000250968	0	NA	NA	0	NA	NA	NA	1
ENSG00000250971	0	NA	NA	0	NA	NA	NA	1
ENSG00000250977	0	NA	NA	0	NA	NA	NA	1
ENSG00000250990	0	NA	NA	0	NA	NA	NA	1
ENSG00000250994	0	NA	NA	0	NA	NA	NA	1
ENSG00000251003	0	NA	NA	0	NA	NA	NA	1
ENSG00000251009	0	NA	NA	0	NA	NA	NA	1
ENSG00000251010	0	NA	NA	0	NA	NA	NA	1
ENSG00000251011	0	NA	NA	0	NA	NA	NA	1
ENSG00000251018	0	NA	NA	0	NA	NA	NA	1
ENSG00000251022	0	NA	NA	0	NA	NA	NA	1
ENSG00000251026	0	NA	NA	0	NA	NA	NA	1
ENSG00000251027	0	NA	NA	0	NA	NA	NA	1
ENSG00000251031	0	NA	NA	0	NA	NA	NA	1
ENSG00000251034	0	NA	NA	0	NA	NA	NA	1
ENSG00000251040	0	NA	NA	0	NA	NA	NA	1
ENSG00000251045	0	NA	NA	0	NA	NA	NA	1
ENSG00000251048	0	NA	NA	0	NA	NA	NA	1
ENSG00000251054	0	NA	NA	0	NA	NA	NA	1
ENSG00000251059	0	NA	NA	0	NA	NA	NA	1
ENSG00000251061	0	NA	NA	0	NA	NA	NA	1
ENSG00000251072	0	NA	NA	0	NA	NA	NA	1
ENSG00000251076	0	NA	NA	0	NA	NA	NA	1
ENSG00000251081	0	NA	NA	0	NA	NA	NA	1
ENSG00000251088	0	NA	NA	0	NA	NA	NA	1
ENSG00000251093	0	NA	NA	0	NA	NA	NA	1
ENSG00000251125	0	NA	NA	0	NA	NA	NA	1
ENSG00000251128	0	NA	NA	0	NA	NA	NA	1
ENSG00000251129	0	NA	NA	0	NA	NA	NA	1
ENSG00000251132	0	NA	NA	0	NA	NA	NA	1
ENSG00000251141	0	NA	NA	0	NA	NA	NA	1
ENSG00000251143	0	NA	NA	0	NA	NA	NA	1
ENSG00000251148	0	NA	NA	0	NA	NA	NA	1
ENSG00000251151	0	NA	NA	0	NA	NA	NA	1
ENSG00000251161	0	NA	NA	0	NA	NA	NA	1
ENSG00000251169	0	NA	NA	0	NA	NA	NA	1
ENSG00000251170	0	NA	NA	0	NA	NA	NA	1
ENSG00000251171	0	NA	NA	0	NA	NA	NA	1
ENSG00000251173	0	NA	NA	0	NA	NA	NA	1
ENSG00000251175	0	NA	NA	0	NA	NA	NA	1
ENSG00000251176	0	NA	NA	0	NA	NA	NA	1
ENSG00000251182	0	NA	NA	0	NA	NA	NA	1
ENSG00000251186	0	NA	NA	0	NA	NA	NA	1
ENSG00000251187	0	NA	NA	0	NA	NA	NA	1
ENSG00000251200	0	NA	NA	0	NA	NA	NA	1
ENSG00000251205	0	NA	NA	0	NA	NA	NA	1
ENSG00000251219	0	NA	NA	0	NA	NA	NA	1
ENSG00000251221	0	NA	NA	0	NA	NA	NA	1
ENSG00000251224	0	NA	NA	0	NA	NA	NA	1
ENSG00000251244	0	NA	NA	0	NA	NA	NA	1
ENSG00000251260	0	NA	NA	0	NA	NA	NA	1
ENSG00000251264	0	NA	NA	0	NA	NA	NA	1
ENSG00000251270	0	NA	NA	0	NA	NA	NA	1
ENSG00000251276	0	NA	NA	0	NA	NA	NA	1
ENSG00000251283	0	NA	NA	0	NA	NA	NA	1
ENSG00000251291	0	NA	NA	0	NA	NA	NA	1
ENSG00000251294	0	NA	NA	0	NA	NA	NA	1
ENSG00000251298	0	NA	NA	0	NA	NA	NA	1
ENSG00000251301	0	NA	NA	0	NA	NA	NA	1
ENSG00000251307	0	NA	NA	0	NA	NA	NA	1
ENSG00000251309	0	NA	NA	0	NA	NA	NA	1
ENSG00000251311	0	NA	NA	0	NA	NA	NA	1
ENSG00000251314	0	NA	NA	0	NA	NA	NA	1
ENSG00000251320	0	NA	NA	0	NA	NA	NA	1
ENSG00000251323	0	NA	NA	0	NA	NA	NA	1
ENSG00000251329	0	NA	NA	0	NA	NA	NA	1
ENSG00000251330	0	NA	NA	0	NA	NA	NA	1
ENSG00000251359	0	NA	NA	0	NA	NA	NA	1
ENSG00000251363	0	NA	NA	0	NA	NA	NA	1
ENSG00000251364	0	NA	NA	0	NA	NA	NA	1
ENSG00000251371	0	NA	NA	0	NA	NA	NA	1
ENSG00000251372	0	NA	NA	0	NA	NA	NA	1
ENSG00000251379	0	NA	NA	0	NA	NA	NA	1
ENSG00000251381	0	NA	NA	0	NA	NA	NA	1
ENSG00000251393	0	NA	NA	0	NA	NA	NA	1
ENSG00000251396	0	NA	NA	0	NA	NA	NA	1
ENSG00000251405	0	NA	NA	0	NA	NA	NA	1
ENSG00000251409	0	NA	NA	0	NA	NA	NA	1
ENSG00000251412	0	NA	NA	0	NA	NA	NA	1
ENSG00000251413	0	NA	NA	0	NA	NA	NA	1
ENSG00000251423	0	NA	NA	0	NA	NA	NA	1
ENSG00000251426	0	NA	NA	0	NA	NA	NA	1
ENSG00000251432	0	NA	NA	0	NA	NA	NA	1
ENSG00000251434	0	NA	NA	0	NA	NA	NA	1
ENSG00000251438	0	NA	NA	0	NA	NA	NA	1
ENSG00000251442	0	NA	NA	0	NA	NA	NA	1
ENSG00000251445	0	NA	NA	0	NA	NA	NA	1
ENSG00000251446	0	NA	NA	0	NA	NA	NA	1
ENSG00000251450	0	NA	NA	0	NA	NA	NA	1
ENSG00000251460	0	NA	NA	0	NA	NA	NA	1
ENSG00000251487	0	NA	NA	0	NA	NA	NA	1
ENSG00000251490	0	NA	NA	0	NA	NA	NA	1
ENSG00000251506	0	NA	NA	0	NA	NA	NA	1
ENSG00000251511	0	NA	NA	0	NA	NA	NA	1
ENSG00000251513	0	NA	NA	0	NA	NA	NA	1
ENSG00000251517	0	NA	NA	0	NA	NA	NA	1
ENSG00000251523	0	NA	NA	0	NA	NA	NA	1
ENSG00000251526	0	NA	NA	0	NA	NA	NA	1
ENSG00000251536	0	NA	NA	0	NA	NA	NA	1
ENSG00000251542	0	NA	NA	0	NA	NA	NA	1
ENSG00000251556	0	NA	NA	0	NA	NA	NA	1
ENSG00000251567	0	NA	NA	0	NA	NA	NA	1
ENSG00000251574	0	NA	NA	0	NA	NA	NA	1
ENSG00000251575	0	NA	NA	0	NA	NA	NA	1
ENSG00000251576	0	NA	NA	0	NA	NA	NA	1
ENSG00000251586	0	NA	NA	0	NA	NA	NA	1
ENSG00000251600	0	NA	NA	0	NA	NA	NA	1
ENSG00000251613	0	NA	NA	0	NA	NA	NA	1
ENSG00000251616	0	NA	NA	0	NA	NA	NA	1
ENSG00000251620	0	NA	NA	0	NA	NA	NA	1
ENSG00000251632	0	NA	NA	0	NA	NA	NA	1
ENSG00000251635	0	NA	NA	0	NA	NA	NA	1
ENSG00000251636	0	NA	NA	0	NA	NA	NA	1
ENSG00000251642	0	NA	NA	0	NA	NA	NA	1
ENSG00000251652	0	NA	NA	0	NA	NA	NA	1
ENSG00000251660	0	NA	NA	0	NA	NA	NA	1
ENSG00000251661	0	NA	NA	0	NA	NA	NA	1
ENSG00000251666	0	NA	NA	0	NA	NA	NA	1
ENSG00000251675	0	NA	NA	0	NA	NA	NA	1
ENSG00000251679	0	NA	NA	0	NA	NA	NA	1
ENSG00000251680	0	NA	NA	0	NA	NA	NA	1
ENSG00000251687	0	NA	NA	0	NA	NA	NA	1
ENSG00000251688	0	NA	NA	0	NA	NA	NA	1
ENSG00000253100	0	NA	NA	0	NA	NA	NA	1
ENSG00000253105	0	NA	NA	0	NA	NA	NA	1
ENSG00000253108	0	NA	NA	0	NA	NA	NA	1
ENSG00000253112	0	NA	NA	0	NA	NA	NA	1
ENSG00000253133	0	NA	NA	0	NA	NA	NA	1
ENSG00000253139	0	NA	NA	0	NA	NA	NA	1
ENSG00000253141	0	NA	NA	0	NA	NA	NA	1
ENSG00000253143	0	NA	NA	0	NA	NA	NA	1
ENSG00000253162	0	NA	NA	0	NA	NA	NA	1
ENSG00000253167	0	NA	NA	0	NA	NA	NA	1
ENSG00000253168	0	NA	NA	0	NA	NA	NA	1
ENSG00000253170	0	NA	NA	0	NA	NA	NA	1
ENSG00000253172	0	NA	NA	0	NA	NA	NA	1
ENSG00000253174	0	NA	NA	0	NA	NA	NA	1
ENSG00000253181	0	NA	NA	0	NA	NA	NA	1
ENSG00000253187	0	NA	NA	0	NA	NA	NA	1
ENSG00000253189	0	NA	NA	0	NA	NA	NA	1
ENSG00000253194	0	NA	NA	0	NA	NA	NA	1
ENSG00000253200	0	NA	NA	0	NA	NA	NA	1
ENSG00000253210	0	NA	NA	0	NA	NA	NA	1
ENSG00000253215	0	NA	NA	0	NA	NA	NA	1
ENSG00000253217	0	NA	NA	0	NA	NA	NA	1
ENSG00000253235	0	NA	NA	0	NA	NA	NA	1
ENSG00000253252	0	NA	NA	0	NA	NA	NA	1
ENSG00000253256	0	NA	NA	0	NA	NA	NA	1
ENSG00000253258	0	NA	NA	0	NA	NA	NA	1
ENSG00000253259	0	NA	NA	0	NA	NA	NA	1
ENSG00000253263	0	NA	NA	0	NA	NA	NA	1
ENSG00000253266	0	NA	NA	0	NA	NA	NA	1
ENSG00000253269	0	NA	NA	0	NA	NA	NA	1
ENSG00000253284	0	NA	NA	0	NA	NA	NA	1
ENSG00000253286	0	NA	NA	0	NA	NA	NA	1
ENSG00000253287	0	NA	NA	0	NA	NA	NA	1
ENSG00000253297	0	NA	NA	0	NA	NA	NA	1
ENSG00000253302	0	NA	NA	0	NA	NA	NA	1
ENSG00000253315	0	NA	NA	0	NA	NA	NA	1
ENSG00000253320	0	NA	NA	0	NA	NA	NA	1
ENSG00000253327	0	NA	NA	0	NA	NA	NA	1
ENSG00000253334	0	NA	NA	0	NA	NA	NA	1
ENSG00000253339	0	NA	NA	0	NA	NA	NA	1
ENSG00000253347	0	NA	NA	0	NA	NA	NA	1
ENSG00000253348	0	NA	NA	0	NA	NA	NA	1
ENSG00000253354	0	NA	NA	0	NA	NA	NA	1
ENSG00000253356	0	NA	NA	0	NA	NA	NA	1
ENSG00000253357	0	NA	NA	0	NA	NA	NA	1
ENSG00000253358	0	NA	NA	0	NA	NA	NA	1
ENSG00000253361	0	NA	NA	0	NA	NA	NA	1
ENSG00000253369	0	NA	NA	0	NA	NA	NA	1
ENSG00000253373	0	NA	NA	0	NA	NA	NA	1
ENSG00000253374	0	NA	NA	0	NA	NA	NA	1
ENSG00000253381	0	NA	NA	0	NA	NA	NA	1
ENSG00000253385	0	NA	NA	0	NA	NA	NA	1
ENSG00000253389	0	NA	NA	0	NA	NA	NA	1
ENSG00000253390	0	NA	NA	0	NA	NA	NA	1
ENSG00000253394	0	NA	NA	0	NA	NA	NA	1
ENSG00000253398	0	NA	NA	0	NA	NA	NA	1
ENSG00000253399	0	NA	NA	0	NA	NA	NA	1
ENSG00000253403	0	NA	NA	0	NA	NA	NA	1
ENSG00000253404	0	NA	NA	0	NA	NA	NA	1
ENSG00000253406	0	NA	NA	0	NA	NA	NA	1
ENSG00000253407	0	NA	NA	0	NA	NA	NA	1
ENSG00000253428	0	NA	NA	0	NA	NA	NA	1
ENSG00000253430	0	NA	NA	0	NA	NA	NA	1
ENSG00000253432	0	NA	NA	0	NA	NA	NA	1
ENSG00000253445	0	NA	NA	0	NA	NA	NA	1
ENSG00000253471	0	NA	NA	0	NA	NA	NA	1
ENSG00000253475	0	NA	NA	0	NA	NA	NA	1
ENSG00000253476	0	NA	NA	0	NA	NA	NA	1
ENSG00000253477	0	NA	NA	0	NA	NA	NA	1
ENSG00000253479	0	NA	NA	0	NA	NA	NA	1
ENSG00000253503	0	NA	NA	0	NA	NA	NA	1
ENSG00000253507	0	NA	NA	0	NA	NA	NA	1
ENSG00000253509	0	NA	NA	0	NA	NA	NA	1
ENSG00000253510	0	NA	NA	0	NA	NA	NA	1
ENSG00000253513	0	NA	NA	0	NA	NA	NA	1
ENSG00000253515	0	NA	NA	0	NA	NA	NA	1
ENSG00000253519	0	NA	NA	0	NA	NA	NA	1
ENSG00000253521	0	NA	NA	0	NA	NA	NA	1
ENSG00000253522	0	NA	NA	0	NA	NA	NA	1
ENSG00000253526	0	NA	NA	0	NA	NA	NA	1
ENSG00000253532	0	NA	NA	0	NA	NA	NA	1
ENSG00000253535	0	NA	NA	0	NA	NA	NA	1
ENSG00000253539	0	NA	NA	0	NA	NA	NA	1
ENSG00000253549	0	NA	NA	0	NA	NA	NA	1
ENSG00000253552	0	NA	NA	0	NA	NA	NA	1
ENSG00000253562	0	NA	NA	0	NA	NA	NA	1
ENSG00000253563	0	NA	NA	0	NA	NA	NA	1
ENSG00000253574	0	NA	NA	0	NA	NA	NA	1
ENSG00000253582	0	NA	NA	0	NA	NA	NA	1
ENSG00000253584	0	NA	NA	0	NA	NA	NA	1
ENSG00000253585	0	NA	NA	0	NA	NA	NA	1
ENSG00000253586	0	NA	NA	0	NA	NA	NA	1
ENSG00000253591	0	NA	NA	0	NA	NA	NA	1
ENSG00000253596	0	NA	NA	0	NA	NA	NA	1
ENSG00000253603	0	NA	NA	0	NA	NA	NA	1
ENSG00000253607	0	NA	NA	0	NA	NA	NA	1
ENSG00000253618	0	NA	NA	0	NA	NA	NA	1
ENSG00000253622	0	NA	NA	0	NA	NA	NA	1
ENSG00000253633	0	NA	NA	0	NA	NA	NA	1
ENSG00000253636	0	NA	NA	0	NA	NA	NA	1
ENSG00000253641	0	NA	NA	0	NA	NA	NA	1
ENSG00000253642	0	NA	NA	0	NA	NA	NA	1
ENSG00000253643	0	NA	NA	0	NA	NA	NA	1
ENSG00000253645	0	NA	NA	0	NA	NA	NA	1
ENSG00000253647	0	NA	NA	0	NA	NA	NA	1
ENSG00000253653	0	NA	NA	0	NA	NA	NA	1
ENSG00000253656	0	NA	NA	0	NA	NA	NA	1
ENSG00000253659	0	NA	NA	0	NA	NA	NA	1
ENSG00000253664	0	NA	NA	0	NA	NA	NA	1
ENSG00000253665	0	NA	NA	0	NA	NA	NA	1
ENSG00000253666	0	NA	NA	0	NA	NA	NA	1
ENSG00000253669	0	NA	NA	0	NA	NA	NA	1
ENSG00000253671	0	NA	NA	0	NA	NA	NA	1
ENSG00000253675	0	NA	NA	0	NA	NA	NA	1
ENSG00000253678	0	NA	NA	0	NA	NA	NA	1
ENSG00000253686	0	NA	NA	0	NA	NA	NA	1
ENSG00000253687	0	NA	NA	0	NA	NA	NA	1
ENSG00000253690	0	NA	NA	0	NA	NA	NA	1
ENSG00000253695	0	NA	NA	0	NA	NA	NA	1
ENSG00000253696	0	NA	NA	0	NA	NA	NA	1
ENSG00000253699	0	NA	NA	0	NA	NA	NA	1
ENSG00000253704	0	NA	NA	0	NA	NA	NA	1
ENSG00000253706	0	NA	NA	0	NA	NA	NA	1
ENSG00000253708	0	NA	NA	0	NA	NA	NA	1
ENSG00000253711	0	NA	NA	0	NA	NA	NA	1
ENSG00000253726	0	NA	NA	0	NA	NA	NA	1
ENSG00000253730	0	NA	NA	0	NA	NA	NA	1
ENSG00000253735	0	NA	NA	0	NA	NA	NA	1
ENSG00000253738	0	NA	NA	0	NA	NA	NA	1
ENSG00000253740	0	NA	NA	0	NA	NA	NA	1
ENSG00000253744	0	NA	NA	0	NA	NA	NA	1
ENSG00000253754	0	NA	NA	0	NA	NA	NA	1
ENSG00000253764	0	NA	NA	0	NA	NA	NA	1
ENSG00000253766	0	NA	NA	0	NA	NA	NA	1
ENSG00000253768	0	NA	NA	0	NA	NA	NA	1
ENSG00000253776	0	NA	NA	0	NA	NA	NA	1
ENSG00000253778	0	NA	NA	0	NA	NA	NA	1
ENSG00000253784	0	NA	NA	0	NA	NA	NA	1
ENSG00000253796	0	NA	NA	0	NA	NA	NA	1
ENSG00000253799	0	NA	NA	0	NA	NA	NA	1
ENSG00000253802	0	NA	NA	0	NA	NA	NA	1
ENSG00000253805	0	NA	NA	0	NA	NA	NA	1
ENSG00000253809	0	NA	NA	0	NA	NA	NA	1
ENSG00000253824	0	NA	NA	0	NA	NA	NA	1
ENSG00000253829	0	NA	NA	0	NA	NA	NA	1
ENSG00000253836	0	NA	NA	0	NA	NA	NA	1
ENSG00000253842	0	NA	NA	0	NA	NA	NA	1
ENSG00000253844	0	NA	NA	0	NA	NA	NA	1
ENSG00000253849	0	NA	NA	0	NA	NA	NA	1
ENSG00000253851	0	NA	NA	0	NA	NA	NA	1
ENSG00000253852	0	NA	NA	0	NA	NA	NA	1
ENSG00000253858	0	NA	NA	0	NA	NA	NA	1
ENSG00000253859	0	NA	NA	0	NA	NA	NA	1
ENSG00000253868	0	NA	NA	0	NA	NA	NA	1
ENSG00000253880	0	NA	NA	0	NA	NA	NA	1
ENSG00000253887	0	NA	NA	0	NA	NA	NA	1
ENSG00000253891	0	NA	NA	0	NA	NA	NA	1
ENSG00000253898	0	NA	NA	0	NA	NA	NA	1
ENSG00000253927	0	NA	NA	0	NA	NA	NA	1
ENSG00000253939	0	NA	NA	0	NA	NA	NA	1
ENSG00000253944	0	NA	NA	0	NA	NA	NA	1
ENSG00000253948	0	NA	NA	0	NA	NA	NA	1
ENSG00000253949	0	NA	NA	0	NA	NA	NA	1
ENSG00000253955	0	NA	NA	0	NA	NA	NA	1
ENSG00000253959	0	NA	NA	0	NA	NA	NA	1
ENSG00000253965	0	NA	NA	0	NA	NA	NA	1
ENSG00000253967	0	NA	NA	0	NA	NA	NA	1
ENSG00000253968	0	NA	NA	0	NA	NA	NA	1
ENSG00000253978	0	NA	NA	0	NA	NA	NA	1
ENSG00000253980	0	NA	NA	0	NA	NA	NA	1
ENSG00000253982	0	NA	NA	0	NA	NA	NA	1
ENSG00000253986	0	NA	NA	0	NA	NA	NA	1
ENSG00000253992	0	NA	NA	0	NA	NA	NA	1
ENSG00000254003	0	NA	NA	0	NA	NA	NA	1
ENSG00000254011	0	NA	NA	0	NA	NA	NA	1
ENSG00000254021	0	NA	NA	0	NA	NA	NA	1
ENSG00000254027	0	NA	NA	0	NA	NA	NA	1
ENSG00000254033	0	NA	NA	0	NA	NA	NA	1
ENSG00000254034	0	NA	NA	0	NA	NA	NA	1
ENSG00000254035	0	NA	NA	0	NA	NA	NA	1
ENSG00000254039	0	NA	NA	0	NA	NA	NA	1
ENSG00000254041	0	NA	NA	0	NA	NA	NA	1
ENSG00000254042	0	NA	NA	0	NA	NA	NA	1
ENSG00000254044	0	NA	NA	0	NA	NA	NA	1
ENSG00000254054	0	NA	NA	0	NA	NA	NA	1
ENSG00000254055	0	NA	NA	0	NA	NA	NA	1
ENSG00000254057	0	NA	NA	0	NA	NA	NA	1
ENSG00000254064	0	NA	NA	0	NA	NA	NA	1
ENSG00000254080	0	NA	NA	0	NA	NA	NA	1
ENSG00000254094	0	NA	NA	0	NA	NA	NA	1
ENSG00000254099	0	NA	NA	0	NA	NA	NA	1
ENSG00000254113	0	NA	NA	0	NA	NA	NA	1
ENSG00000254115	0	NA	NA	0	NA	NA	NA	1
ENSG00000254123	0	NA	NA	0	NA	NA	NA	1
ENSG00000254129	0	NA	NA	0	NA	NA	NA	1
ENSG00000254136	0	NA	NA	0	NA	NA	NA	1
ENSG00000254143	0	NA	NA	0	NA	NA	NA	1
ENSG00000254154	0	NA	NA	0	NA	NA	NA	1
ENSG00000254163	0	NA	NA	0	NA	NA	NA	1
ENSG00000254164	0	NA	NA	0	NA	NA	NA	1
ENSG00000254178	0	NA	NA	0	NA	NA	NA	1
ENSG00000254180	0	NA	NA	0	NA	NA	NA	1
ENSG00000254192	0	NA	NA	0	NA	NA	NA	1
ENSG00000254194	0	NA	NA	0	NA	NA	NA	1
ENSG00000254202	0	NA	NA	0	NA	NA	NA	1
ENSG00000254204	0	NA	NA	0	NA	NA	NA	1
ENSG00000254208	0	NA	NA	0	NA	NA	NA	1
ENSG00000254211	0	NA	NA	0	NA	NA	NA	1
ENSG00000254219	0	NA	NA	0	NA	NA	NA	1
ENSG00000254230	0	NA	NA	0	NA	NA	NA	1
ENSG00000254231	0	NA	NA	0	NA	NA	NA	1
ENSG00000254236	0	NA	NA	0	NA	NA	NA	1
ENSG00000254237	0	NA	NA	0	NA	NA	NA	1
ENSG00000254239	0	NA	NA	0	NA	NA	NA	1
ENSG00000254249	0	NA	NA	0	NA	NA	NA	1
ENSG00000254251	0	NA	NA	0	NA	NA	NA	1
ENSG00000254254	0	NA	NA	0	NA	NA	NA	1
ENSG00000254277	0	NA	NA	0	NA	NA	NA	1
ENSG00000254278	0	NA	NA	0	NA	NA	NA	1
ENSG00000254287	0	NA	NA	0	NA	NA	NA	1
ENSG00000254293	0	NA	NA	0	NA	NA	NA	1
ENSG00000254295	0	NA	NA	0	NA	NA	NA	1
ENSG00000254298	0	NA	NA	0	NA	NA	NA	1
ENSG00000254299	0	NA	NA	0	NA	NA	NA	1
ENSG00000254302	0	NA	NA	0	NA	NA	NA	1
ENSG00000254307	0	NA	NA	0	NA	NA	NA	1
ENSG00000254315	0	NA	NA	0	NA	NA	NA	1
ENSG00000254321	0	NA	NA	0	NA	NA	NA	1
ENSG00000254325	0	NA	NA	0	NA	NA	NA	1
ENSG00000254333	0	NA	NA	0	NA	NA	NA	1
ENSG00000254340	0	NA	NA	0	NA	NA	NA	1
ENSG00000254344	0	NA	NA	0	NA	NA	NA	1
ENSG00000254349	0	NA	NA	0	NA	NA	NA	1
ENSG00000254357	0	NA	NA	0	NA	NA	NA	1
ENSG00000254362	0	NA	NA	0	NA	NA	NA	1
ENSG00000254363	0	NA	NA	0	NA	NA	NA	1
ENSG00000254364	0	NA	NA	0	NA	NA	NA	1
ENSG00000254369	0	NA	NA	0	NA	NA	NA	1
ENSG00000254372	0	NA	NA	0	NA	NA	NA	1
ENSG00000254383	0	NA	NA	0	NA	NA	NA	1
ENSG00000254391	0	NA	NA	0	NA	NA	NA	1
ENSG00000254394	0	NA	NA	0	NA	NA	NA	1
ENSG00000254397	0	NA	NA	0	NA	NA	NA	1
ENSG00000254401	0	NA	NA	0	NA	NA	NA	1
ENSG00000254409	0	NA	NA	0	NA	NA	NA	1
ENSG00000254416	0	NA	NA	0	NA	NA	NA	1
ENSG00000254417	0	NA	NA	0	NA	NA	NA	1
ENSG00000254418	0	NA	NA	0	NA	NA	NA	1
ENSG00000254420	0	NA	NA	0	NA	NA	NA	1
ENSG00000254422	0	NA	NA	0	NA	NA	NA	1
ENSG00000254429	0	NA	NA	0	NA	NA	NA	1
ENSG00000254431	0	NA	NA	0	NA	NA	NA	1
ENSG00000254432	0	NA	NA	0	NA	NA	NA	1
ENSG00000254433	0	NA	NA	0	NA	NA	NA	1
ENSG00000254443	0	NA	NA	0	NA	NA	NA	1
ENSG00000254452	0	NA	NA	0	NA	NA	NA	1
ENSG00000254453	0	NA	NA	0	NA	NA	NA	1
ENSG00000254459	0	NA	NA	0	NA	NA	NA	1
ENSG00000254460	0	NA	NA	0	NA	NA	NA	1
ENSG00000254461	0	NA	NA	0	NA	NA	NA	1
ENSG00000254473	0	NA	NA	0	NA	NA	NA	1
ENSG00000254480	0	NA	NA	0	NA	NA	NA	1
ENSG00000254485	0	NA	NA	0	NA	NA	NA	1
ENSG00000254486	0	NA	NA	0	NA	NA	NA	1
ENSG00000254489	0	NA	NA	0	NA	NA	NA	1
ENSG00000254497	0	NA	NA	0	NA	NA	NA	1
ENSG00000254499	0	NA	NA	0	NA	NA	NA	1
ENSG00000254501	0	NA	NA	0	NA	NA	NA	1
ENSG00000254508	0	NA	NA	0	NA	NA	NA	1
ENSG00000254510	0	NA	NA	0	NA	NA	NA	1
ENSG00000254531	0	NA	NA	0	NA	NA	NA	1
ENSG00000254542	0	NA	NA	0	NA	NA	NA	1
ENSG00000254545	0	NA	NA	0	NA	NA	NA	1
ENSG00000254548	0	NA	NA	0	NA	NA	NA	1
ENSG00000254552	0	NA	NA	0	NA	NA	NA	1
ENSG00000254554	0	NA	NA	0	NA	NA	NA	1
ENSG00000254556	0	NA	NA	0	NA	NA	NA	1
ENSG00000254557	0	NA	NA	0	NA	NA	NA	1
ENSG00000254559	0	NA	NA	0	NA	NA	NA	1
ENSG00000254568	0	NA	NA	0	NA	NA	NA	1
ENSG00000254571	0	NA	NA	0	NA	NA	NA	1
ENSG00000254575	0	NA	NA	0	NA	NA	NA	1
ENSG00000254577	0	NA	NA	0	NA	NA	NA	1
ENSG00000254578	0	NA	NA	0	NA	NA	NA	1
ENSG00000254584	0	NA	NA	0	NA	NA	NA	1
ENSG00000254586	0	NA	NA	0	NA	NA	NA	1
ENSG00000254587	0	NA	NA	0	NA	NA	NA	1
ENSG00000254588	0	NA	NA	0	NA	NA	NA	1
ENSG00000254594	0	NA	NA	0	NA	NA	NA	1
ENSG00000254602	0	NA	NA	0	NA	NA	NA	1
ENSG00000254605	0	NA	NA	0	NA	NA	NA	1
ENSG00000254619	0	NA	NA	0	NA	NA	NA	1
ENSG00000254620	0	NA	NA	0	NA	NA	NA	1
ENSG00000254622	0	NA	NA	0	NA	NA	NA	1
ENSG00000254627	0	NA	NA	0	NA	NA	NA	1
ENSG00000254632	0	NA	NA	0	NA	NA	NA	1
ENSG00000254638	0	NA	NA	0	NA	NA	NA	1
ENSG00000254641	0	NA	NA	0	NA	NA	NA	1
ENSG00000254648	0	NA	NA	0	NA	NA	NA	1
ENSG00000254649	0	NA	NA	0	NA	NA	NA	1
ENSG00000254662	0	NA	NA	0	NA	NA	NA	1
ENSG00000254664	0	NA	NA	0	NA	NA	NA	1
ENSG00000254665	0	NA	NA	0	NA	NA	NA	1
ENSG00000254670	0	NA	NA	0	NA	NA	NA	1
ENSG00000254675	0	NA	NA	0	NA	NA	NA	1
ENSG00000254682	0	NA	NA	0	NA	NA	NA	1
ENSG00000254687	0	NA	NA	0	NA	NA	NA	1
ENSG00000254689	0	NA	NA	0	NA	NA	NA	1
ENSG00000254691	0	NA	NA	0	NA	NA	NA	1
ENSG00000254694	0	NA	NA	0	NA	NA	NA	1
ENSG00000254705	0	NA	NA	0	NA	NA	NA	1
ENSG00000254710	0	NA	NA	0	NA	NA	NA	1
ENSG00000254731	0	NA	NA	0	NA	NA	NA	1
ENSG00000254733	0	NA	NA	0	NA	NA	NA	1
ENSG00000254753	0	NA	NA	0	NA	NA	NA	1
ENSG00000254756	0	NA	NA	0	NA	NA	NA	1
ENSG00000254762	0	NA	NA	0	NA	NA	NA	1
ENSG00000254768	0	NA	NA	0	NA	NA	NA	1
ENSG00000254787	0	NA	NA	0	NA	NA	NA	1
ENSG00000254790	0	NA	NA	0	NA	NA	NA	1
ENSG00000254812	0	NA	NA	0	NA	NA	NA	1
ENSG00000254814	0	NA	NA	0	NA	NA	NA	1
ENSG00000254819	0	NA	NA	0	NA	NA	NA	1
ENSG00000254821	0	NA	NA	0	NA	NA	NA	1
ENSG00000254823	0	NA	NA	0	NA	NA	NA	1
ENSG00000254827	0	NA	NA	0	NA	NA	NA	1
ENSG00000254829	0	NA	NA	0	NA	NA	NA	1
ENSG00000254833	0	NA	NA	0	NA	NA	NA	1
ENSG00000254835	0	NA	NA	0	NA	NA	NA	1
ENSG00000254836	0	NA	NA	0	NA	NA	NA	1
ENSG00000254837	0	NA	NA	0	NA	NA	NA	1
ENSG00000254839	0	NA	NA	0	NA	NA	NA	1
ENSG00000254842	0	NA	NA	0	NA	NA	NA	1
ENSG00000254846	0	NA	NA	0	NA	NA	NA	1
ENSG00000254855	0	NA	NA	0	NA	NA	NA	1
ENSG00000254861	0	NA	NA	0	NA	NA	NA	1
ENSG00000254865	0	NA	NA	0	NA	NA	NA	1
ENSG00000254873	0	NA	NA	0	NA	NA	NA	1
ENSG00000254874	0	NA	NA	0	NA	NA	NA	1
ENSG00000254878	0	NA	NA	0	NA	NA	NA	1
ENSG00000254879	0	NA	NA	0	NA	NA	NA	1
ENSG00000254880	0	NA	NA	0	NA	NA	NA	1
ENSG00000254887	0	NA	NA	0	NA	NA	NA	1
ENSG00000254894	0	NA	NA	0	NA	NA	NA	1
ENSG00000254898	0	NA	NA	0	NA	NA	NA	1
ENSG00000254900	0	NA	NA	0	NA	NA	NA	1
ENSG00000254905	0	NA	NA	0	NA	NA	NA	1
ENSG00000254906	0	NA	NA	0	NA	NA	NA	1
ENSG00000254907	0	NA	NA	0	NA	NA	NA	1
ENSG00000254911	0	NA	NA	0	NA	NA	NA	1
ENSG00000254913	0	NA	NA	0	NA	NA	NA	1
ENSG00000254932	0	NA	NA	0	NA	NA	NA	1
ENSG00000254936	0	NA	NA	0	NA	NA	NA	1
ENSG00000254938	0	NA	NA	0	NA	NA	NA	1
ENSG00000254963	0	NA	NA	0	NA	NA	NA	1
ENSG00000254964	0	NA	NA	0	NA	NA	NA	1
ENSG00000254966	0	NA	NA	0	NA	NA	NA	1
ENSG00000254973	0	NA	NA	0	NA	NA	NA	1
ENSG00000254980	0	NA	NA	0	NA	NA	NA	1
ENSG00000254983	0	NA	NA	0	NA	NA	NA	1
ENSG00000254985	0	NA	NA	0	NA	NA	NA	1
ENSG00000254987	0	NA	NA	0	NA	NA	NA	1
ENSG00000254988	0	NA	NA	0	NA	NA	NA	1
ENSG00000254991	0	NA	NA	0	NA	NA	NA	1
ENSG00000255005	0	NA	NA	0	NA	NA	NA	1
ENSG00000255020	0	NA	NA	0	NA	NA	NA	1
ENSG00000255027	0	NA	NA	0	NA	NA	NA	1
ENSG00000255031	0	NA	NA	0	NA	NA	NA	1
ENSG00000255036	0	NA	NA	0	NA	NA	NA	1
ENSG00000255038	0	NA	NA	0	NA	NA	NA	1
ENSG00000255043	0	NA	NA	0	NA	NA	NA	1
ENSG00000255045	0	NA	NA	0	NA	NA	NA	1
ENSG00000255046	0	NA	NA	0	NA	NA	NA	1
ENSG00000255050	0	NA	NA	0	NA	NA	NA	1
ENSG00000255062	0	NA	NA	0	NA	NA	NA	1
ENSG00000255081	0	NA	NA	0	NA	NA	NA	1
ENSG00000255084	0	NA	NA	0	NA	NA	NA	1
ENSG00000255087	0	NA	NA	0	NA	NA	NA	1
ENSG00000255100	0	NA	NA	0	NA	NA	NA	1
ENSG00000255114	0	NA	NA	0	NA	NA	NA	1
ENSG00000255120	0	NA	NA	0	NA	NA	NA	1
ENSG00000255130	0	NA	NA	0	NA	NA	NA	1
ENSG00000255135	0	NA	NA	0	NA	NA	NA	1
ENSG00000255136	0	NA	NA	0	NA	NA	NA	1
ENSG00000255139	0	NA	NA	0	NA	NA	NA	1
ENSG00000255145	0	NA	NA	0	NA	NA	NA	1
ENSG00000255146	0	NA	NA	0	NA	NA	NA	1
ENSG00000255148	0	NA	NA	0	NA	NA	NA	1
ENSG00000255160	0	NA	NA	0	NA	NA	NA	1
ENSG00000255167	0	NA	NA	0	NA	NA	NA	1
ENSG00000255169	0	NA	NA	0	NA	NA	NA	1
ENSG00000255173	0	NA	NA	0	NA	NA	NA	1
ENSG00000255176	0	NA	NA	0	NA	NA	NA	1
ENSG00000255179	0	NA	NA	0	NA	NA	NA	1
ENSG00000255187	0	NA	NA	0	NA	NA	NA	1
ENSG00000255191	0	NA	NA	0	NA	NA	NA	1
ENSG00000255193	0	NA	NA	0	NA	NA	NA	1
ENSG00000255198	0	NA	NA	0	NA	NA	NA	1
ENSG00000255201	0	NA	NA	0	NA	NA	NA	1
ENSG00000255206	0	NA	NA	0	NA	NA	NA	1
ENSG00000255224	0	NA	NA	0	NA	NA	NA	1
ENSG00000255233	0	NA	NA	0	NA	NA	NA	1
ENSG00000255236	0	NA	NA	0	NA	NA	NA	1
ENSG00000255237	0	NA	NA	0	NA	NA	NA	1
ENSG00000255240	0	NA	NA	0	NA	NA	NA	1
ENSG00000255244	0	NA	NA	0	NA	NA	NA	1
ENSG00000255250	0	NA	NA	0	NA	NA	NA	1
ENSG00000255252	0	NA	NA	0	NA	NA	NA	1
ENSG00000255260	0	NA	NA	0	NA	NA	NA	1
ENSG00000255270	0	NA	NA	0	NA	NA	NA	1
ENSG00000255271	0	NA	NA	0	NA	NA	NA	1
ENSG00000255272	0	NA	NA	0	NA	NA	NA	1
ENSG00000255276	0	NA	NA	0	NA	NA	NA	1
ENSG00000255299	0	NA	NA	0	NA	NA	NA	1
ENSG00000255306	0	NA	NA	0	NA	NA	NA	1
ENSG00000255308	0	NA	NA	0	NA	NA	NA	1
ENSG00000255310	0	NA	NA	0	NA	NA	NA	1
ENSG00000255313	0	NA	NA	0	NA	NA	NA	1
ENSG00000255320	0	NA	NA	0	NA	NA	NA	1
ENSG00000255321	0	NA	NA	0	NA	NA	NA	1
ENSG00000255326	0	NA	NA	0	NA	NA	NA	1
ENSG00000255328	0	NA	NA	0	NA	NA	NA	1
ENSG00000255332	0	NA	NA	0	NA	NA	NA	1
ENSG00000255334	0	NA	NA	0	NA	NA	NA	1
ENSG00000255335	0	NA	NA	0	NA	NA	NA	1
ENSG00000255340	0	NA	NA	0	NA	NA	NA	1
ENSG00000255343	0	NA	NA	0	NA	NA	NA	1
ENSG00000255348	0	NA	NA	0	NA	NA	NA	1
ENSG00000255351	0	NA	NA	0	NA	NA	NA	1
ENSG00000255355	0	NA	NA	0	NA	NA	NA	1
ENSG00000255362	0	NA	NA	0	NA	NA	NA	1
ENSG00000255372	0	NA	NA	0	NA	NA	NA	1
ENSG00000255375	0	NA	NA	0	NA	NA	NA	1
ENSG00000255384	0	NA	NA	0	NA	NA	NA	1
ENSG00000255389	0	NA	NA	0	NA	NA	NA	1
ENSG00000255390	0	NA	NA	0	NA	NA	NA	1
ENSG00000255395	0	NA	NA	0	NA	NA	NA	1
ENSG00000255400	0	NA	NA	0	NA	NA	NA	1
ENSG00000255404	0	NA	NA	0	NA	NA	NA	1
ENSG00000255406	0	NA	NA	0	NA	NA	NA	1
ENSG00000255409	0	NA	NA	0	NA	NA	NA	1
ENSG00000255410	0	NA	NA	0	NA	NA	NA	1
ENSG00000255418	0	NA	NA	0	NA	NA	NA	1
ENSG00000255421	0	NA	NA	0	NA	NA	NA	1
ENSG00000255427	0	NA	NA	0	NA	NA	NA	1
ENSG00000255428	0	NA	NA	0	NA	NA	NA	1
ENSG00000255435	0	NA	NA	0	NA	NA	NA	1
ENSG00000255448	0	NA	NA	0	NA	NA	NA	1
ENSG00000255449	0	NA	NA	0	NA	NA	NA	1
ENSG00000255451	0	NA	NA	0	NA	NA	NA	1
ENSG00000255455	0	NA	NA	0	NA	NA	NA	1
ENSG00000255456	0	NA	NA	0	NA	NA	NA	1
ENSG00000255462	0	NA	NA	0	NA	NA	NA	1
ENSG00000255468	0	NA	NA	0	NA	NA	NA	1
ENSG00000255470	0	NA	NA	0	NA	NA	NA	1
ENSG00000255471	0	NA	NA	0	NA	NA	NA	1
ENSG00000255472	0	NA	NA	0	NA	NA	NA	1
ENSG00000255474	0	NA	NA	0	NA	NA	NA	1
ENSG00000255475	0	NA	NA	0	NA	NA	NA	1
ENSG00000255476	0	NA	NA	0	NA	NA	NA	1
ENSG00000255478	0	NA	NA	0	NA	NA	NA	1
ENSG00000255480	0	NA	NA	0	NA	NA	NA	1
ENSG00000255487	0	NA	NA	0	NA	NA	NA	1
ENSG00000255491	0	NA	NA	0	NA	NA	NA	1
ENSG00000255498	0	NA	NA	0	NA	NA	NA	1
ENSG00000255506	0	NA	NA	0	NA	NA	NA	1
ENSG00000255507	0	NA	NA	0	NA	NA	NA	1
ENSG00000255517	0	NA	NA	0	NA	NA	NA	1
ENSG00000255525	0	NA	NA	0	NA	NA	NA	1
ENSG00000255537	0	NA	NA	0	NA	NA	NA	1
ENSG00000255555	0	NA	NA	0	NA	NA	NA	1
ENSG00000255557	0	NA	NA	0	NA	NA	NA	1
ENSG00000255558	0	NA	NA	0	NA	NA	NA	1
ENSG00000255568	0	NA	NA	0	NA	NA	NA	1
ENSG00000255572	0	NA	NA	0	NA	NA	NA	1
ENSG00000255580	0	NA	NA	0	NA	NA	NA	1
ENSG00000255599	0	NA	NA	0	NA	NA	NA	1
ENSG00000255605	0	NA	NA	0	NA	NA	NA	1
ENSG00000255606	0	NA	NA	0	NA	NA	NA	1
ENSG00000255618	0	NA	NA	0	NA	NA	NA	1
ENSG00000255621	0	NA	NA	0	NA	NA	NA	1
ENSG00000255629	0	NA	NA	0	NA	NA	NA	1
ENSG00000255644	0	NA	NA	0	NA	NA	NA	1
ENSG00000255648	0	NA	NA	0	NA	NA	NA	1
ENSG00000255649	0	NA	NA	0	NA	NA	NA	1
ENSG00000255650	0	NA	NA	0	NA	NA	NA	1
ENSG00000255655	0	NA	NA	0	NA	NA	NA	1
ENSG00000255660	0	NA	NA	0	NA	NA	NA	1
ENSG00000255671	0	NA	NA	0	NA	NA	NA	1
ENSG00000255672	0	NA	NA	0	NA	NA	NA	1
ENSG00000255679	0	NA	NA	0	NA	NA	NA	1
ENSG00000255680	0	NA	NA	0	NA	NA	NA	1
ENSG00000255686	0	NA	NA	0	NA	NA	NA	1
ENSG00000255692	0	NA	NA	0	NA	NA	NA	1
ENSG00000255714	0	NA	NA	0	NA	NA	NA	1
ENSG00000255723	0	NA	NA	0	NA	NA	NA	1
ENSG00000255733	0	NA	NA	0	NA	NA	NA	1
ENSG00000255737	0	NA	NA	0	NA	NA	NA	1
ENSG00000255741	0	NA	NA	0	NA	NA	NA	1
ENSG00000255745	0	NA	NA	0	NA	NA	NA	1
ENSG00000255750	0	NA	NA	0	NA	NA	NA	1
ENSG00000255760	0	NA	NA	0	NA	NA	NA	1
ENSG00000255772	0	NA	NA	0	NA	NA	NA	1
ENSG00000255774	0	NA	NA	0	NA	NA	NA	1
ENSG00000255775	0	NA	NA	0	NA	NA	NA	1
ENSG00000255801	0	NA	NA	0	NA	NA	NA	1
ENSG00000255808	0	NA	NA	0	NA	NA	NA	1
ENSG00000255811	0	NA	NA	0	NA	NA	NA	1
ENSG00000255814	0	NA	NA	0	NA	NA	NA	1
ENSG00000255817	0	NA	NA	0	NA	NA	NA	1
ENSG00000255839	0	NA	NA	0	NA	NA	NA	1
ENSG00000255847	0	NA	NA	0	NA	NA	NA	1
ENSG00000255850	0	NA	NA	0	NA	NA	NA	1
ENSG00000255856	0	NA	NA	0	NA	NA	NA	1
ENSG00000255857	0	NA	NA	0	NA	NA	NA	1
ENSG00000255867	0	NA	NA	0	NA	NA	NA	1
ENSG00000255871	0	NA	NA	0	NA	NA	NA	1
ENSG00000255886	0	NA	NA	0	NA	NA	NA	1
ENSG00000255893	0	NA	NA	0	NA	NA	NA	1
ENSG00000255910	0	NA	NA	0	NA	NA	NA	1
ENSG00000255920	0	NA	NA	0	NA	NA	NA	1
ENSG00000255921	0	NA	NA	0	NA	NA	NA	1
ENSG00000255929	0	NA	NA	0	NA	NA	NA	1
ENSG00000255931	0	NA	NA	0	NA	NA	NA	1
ENSG00000255947	0	NA	NA	0	NA	NA	NA	1
ENSG00000255949	0	NA	NA	0	NA	NA	NA	1
ENSG00000255958	0	NA	NA	0	NA	NA	NA	1
ENSG00000255968	0	NA	NA	0	NA	NA	NA	1
ENSG00000255980	0	NA	NA	0	NA	NA	NA	1
ENSG00000255983	0	NA	NA	0	NA	NA	NA	1
ENSG00000255992	0	NA	NA	0	NA	NA	NA	1
ENSG00000256006	0	NA	NA	0	NA	NA	NA	1
ENSG00000256007	0	NA	NA	0	NA	NA	NA	1
ENSG00000256008	0	NA	NA	0	NA	NA	NA	1
ENSG00000256011	0	NA	NA	0	NA	NA	NA	1
ENSG00000256025	0	NA	NA	0	NA	NA	NA	1
ENSG00000256028	0	NA	NA	0	NA	NA	NA	1
ENSG00000256039	0	NA	NA	0	NA	NA	NA	1
ENSG00000256064	0	NA	NA	0	NA	NA	NA	1
ENSG00000256071	0	NA	NA	0	NA	NA	NA	1
ENSG00000256072	0	NA	NA	0	NA	NA	NA	1
ENSG00000256077	0	NA	NA	0	NA	NA	NA	1
ENSG00000256083	0	NA	NA	0	NA	NA	NA	1
ENSG00000256085	0	NA	NA	0	NA	NA	NA	1
ENSG00000256092	0	NA	NA	0	NA	NA	NA	1
ENSG00000256100	0	NA	NA	0	NA	NA	NA	1
ENSG00000256115	0	NA	NA	0	NA	NA	NA	1
ENSG00000256116	0	NA	NA	0	NA	NA	NA	1
ENSG00000256120	0	NA	NA	0	NA	NA	NA	1
ENSG00000256137	0	NA	NA	0	NA	NA	NA	1
ENSG00000256146	0	NA	NA	0	NA	NA	NA	1
ENSG00000256149	0	NA	NA	0	NA	NA	NA	1
ENSG00000256152	0	NA	NA	0	NA	NA	NA	1
ENSG00000256155	0	NA	NA	0	NA	NA	NA	1
ENSG00000256172	0	NA	NA	0	NA	NA	NA	1
ENSG00000256185	0	NA	NA	0	NA	NA	NA	1
ENSG00000256196	0	NA	NA	0	NA	NA	NA	1
ENSG00000256199	0	NA	NA	0	NA	NA	NA	1
ENSG00000256218	0	NA	NA	0	NA	NA	NA	1
ENSG00000256226	0	NA	NA	0	NA	NA	NA	1
ENSG00000256232	0	NA	NA	0	NA	NA	NA	1
ENSG00000256234	0	NA	NA	0	NA	NA	NA	1
ENSG00000256249	0	NA	NA	0	NA	NA	NA	1
ENSG00000256262	0	NA	NA	0	NA	NA	NA	1
ENSG00000256271	0	NA	NA	0	NA	NA	NA	1
ENSG00000256273	0	NA	NA	0	NA	NA	NA	1
ENSG00000256287	0	NA	NA	0	NA	NA	NA	1
ENSG00000256298	0	NA	NA	0	NA	NA	NA	1
ENSG00000256314	0	NA	NA	0	NA	NA	NA	1
ENSG00000256315	0	NA	NA	0	NA	NA	NA	1
ENSG00000256339	0	NA	NA	0	NA	NA	NA	1
ENSG00000256341	0	NA	NA	0	NA	NA	NA	1
ENSG00000256343	0	NA	NA	0	NA	NA	NA	1
ENSG00000256357	0	NA	NA	0	NA	NA	NA	1
ENSG00000256364	0	NA	NA	0	NA	NA	NA	1
ENSG00000256377	0	NA	NA	0	NA	NA	NA	1
ENSG00000256381	0	NA	NA	0	NA	NA	NA	1
ENSG00000256389	0	NA	NA	0	NA	NA	NA	1
ENSG00000256417	0	NA	NA	0	NA	NA	NA	1
ENSG00000256440	0	NA	NA	0	NA	NA	NA	1
ENSG00000256443	0	NA	NA	0	NA	NA	NA	1
ENSG00000256452	0	NA	NA	0	NA	NA	NA	1
ENSG00000256458	0	NA	NA	0	NA	NA	NA	1
ENSG00000256473	0	NA	NA	0	NA	NA	NA	1
ENSG00000256481	0	NA	NA	0	NA	NA	NA	1
ENSG00000256482	0	NA	NA	0	NA	NA	NA	1
ENSG00000256504	0	NA	NA	0	NA	NA	NA	1
ENSG00000256512	0	NA	NA	0	NA	NA	NA	1
ENSG00000256540	0	NA	NA	0	NA	NA	NA	1
ENSG00000256546	0	NA	NA	0	NA	NA	NA	1
ENSG00000256560	0	NA	NA	0	NA	NA	NA	1
ENSG00000256564	0	NA	NA	0	NA	NA	NA	1
ENSG00000256568	0	NA	NA	0	NA	NA	NA	1
ENSG00000256569	0	NA	NA	0	NA	NA	NA	1
ENSG00000256571	0	NA	NA	0	NA	NA	NA	1
ENSG00000256577	0	NA	NA	0	NA	NA	NA	1
ENSG00000256588	0	NA	NA	0	NA	NA	NA	1
ENSG00000256596	0	NA	NA	0	NA	NA	NA	1
ENSG00000256615	0	NA	NA	0	NA	NA	NA	1
ENSG00000256628	0	NA	NA	0	NA	NA	NA	1
ENSG00000256632	0	NA	NA	0	NA	NA	NA	1
ENSG00000256633	0	NA	NA	0	NA	NA	NA	1
ENSG00000256650	0	NA	NA	0	NA	NA	NA	1
ENSG00000256661	0	NA	NA	0	NA	NA	NA	1
ENSG00000256670	0	NA	NA	0	NA	NA	NA	1
ENSG00000256684	0	NA	NA	0	NA	NA	NA	1
ENSG00000256686	0	NA	NA	0	NA	NA	NA	1
ENSG00000256690	0	NA	NA	0	NA	NA	NA	1
ENSG00000256694	0	NA	NA	0	NA	NA	NA	1
ENSG00000256695	0	NA	NA	0	NA	NA	NA	1
ENSG00000256699	0	NA	NA	0	NA	NA	NA	1
ENSG00000256706	0	NA	NA	0	NA	NA	NA	1
ENSG00000256714	0	NA	NA	0	NA	NA	NA	1
ENSG00000256717	0	NA	NA	0	NA	NA	NA	1
ENSG00000256739	0	NA	NA	0	NA	NA	NA	1
ENSG00000256742	0	NA	NA	0	NA	NA	NA	1
ENSG00000256746	0	NA	NA	0	NA	NA	NA	1
ENSG00000256747	0	NA	NA	0	NA	NA	NA	1
ENSG00000256750	0	NA	NA	0	NA	NA	NA	1
ENSG00000256751	0	NA	NA	0	NA	NA	NA	1
ENSG00000256757	0	NA	NA	0	NA	NA	NA	1
ENSG00000256769	0	NA	NA	0	NA	NA	NA	1
ENSG00000256789	0	NA	NA	0	NA	NA	NA	1
ENSG00000256802	0	NA	NA	0	NA	NA	NA	1
ENSG00000256803	0	NA	NA	0	NA	NA	NA	1
ENSG00000256811	0	NA	NA	0	NA	NA	NA	1
ENSG00000256813	0	NA	NA	0	NA	NA	NA	1
ENSG00000256814	0	NA	NA	0	NA	NA	NA	1
ENSG00000256824	0	NA	NA	0	NA	NA	NA	1
ENSG00000256862	0	NA	NA	0	NA	NA	NA	1
ENSG00000256894	0	NA	NA	0	NA	NA	NA	1
ENSG00000256904	0	NA	NA	0	NA	NA	NA	1
ENSG00000256906	0	NA	NA	0	NA	NA	NA	1
ENSG00000256925	0	NA	NA	0	NA	NA	NA	1
ENSG00000256940	0	NA	NA	0	NA	NA	NA	1
ENSG00000256944	0	NA	NA	0	NA	NA	NA	1
ENSG00000256947	0	NA	NA	0	NA	NA	NA	1
ENSG00000256955	0	NA	NA	0	NA	NA	NA	1
ENSG00000256967	0	NA	NA	0	NA	NA	NA	1
ENSG00000256969	0	NA	NA	0	NA	NA	NA	1
ENSG00000256972	0	NA	NA	0	NA	NA	NA	1
ENSG00000256994	0	NA	NA	0	NA	NA	NA	1
ENSG00000257000	0	NA	NA	0	NA	NA	NA	1
ENSG00000257002	0	NA	NA	0	NA	NA	NA	1
ENSG00000257004	0	NA	NA	0	NA	NA	NA	1
ENSG00000257009	0	NA	NA	0	NA	NA	NA	1
ENSG00000257022	0	NA	NA	0	NA	NA	NA	1
ENSG00000257038	0	NA	NA	0	NA	NA	NA	1
ENSG00000257045	0	NA	NA	0	NA	NA	NA	1
ENSG00000257052	0	NA	NA	0	NA	NA	NA	1
ENSG00000257067	0	NA	NA	0	NA	NA	NA	1
ENSG00000257069	0	NA	NA	0	NA	NA	NA	1
ENSG00000257083	0	NA	NA	0	NA	NA	NA	1
ENSG00000257086	0	NA	NA	0	NA	NA	NA	1
ENSG00000257095	0	NA	NA	0	NA	NA	NA	1
ENSG00000257096	0	NA	NA	0	NA	NA	NA	1
ENSG00000257105	0	NA	NA	0	NA	NA	NA	1
ENSG00000257120	0	NA	NA	0	NA	NA	NA	1
ENSG00000257135	0	NA	NA	0	NA	NA	NA	1
ENSG00000257137	0	NA	NA	0	NA	NA	NA	1
ENSG00000257139	0	NA	NA	0	NA	NA	NA	1
ENSG00000257176	0	NA	NA	0	NA	NA	NA	1
ENSG00000257202	0	NA	NA	0	NA	NA	NA	1
ENSG00000257222	0	NA	NA	0	NA	NA	NA	1
ENSG00000257225	0	NA	NA	0	NA	NA	NA	1
ENSG00000257226	0	NA	NA	0	NA	NA	NA	1
ENSG00000257241	0	NA	NA	0	NA	NA	NA	1
ENSG00000257256	0	NA	NA	0	NA	NA	NA	1
ENSG00000257259	0	NA	NA	0	NA	NA	NA	1
ENSG00000257261	0	NA	NA	0	NA	NA	NA	1
ENSG00000257262	0	NA	NA	0	NA	NA	NA	1
ENSG00000257268	0	NA	NA	0	NA	NA	NA	1
ENSG00000257270	0	NA	NA	0	NA	NA	NA	1
ENSG00000257272	0	NA	NA	0	NA	NA	NA	1
ENSG00000257277	0	NA	NA	0	NA	NA	NA	1
ENSG00000257279	0	NA	NA	0	NA	NA	NA	1
ENSG00000257284	0	NA	NA	0	NA	NA	NA	1
ENSG00000257285	0	NA	NA	0	NA	NA	NA	1
ENSG00000257286	0	NA	NA	0	NA	NA	NA	1
ENSG00000257298	0	NA	NA	0	NA	NA	NA	1
ENSG00000257319	0	NA	NA	0	NA	NA	NA	1
ENSG00000257325	0	NA	NA	0	NA	NA	NA	1
ENSG00000257327	0	NA	NA	0	NA	NA	NA	1
ENSG00000257337	0	NA	NA	0	NA	NA	NA	1
ENSG00000257342	0	NA	NA	0	NA	NA	NA	1
ENSG00000257346	0	NA	NA	0	NA	NA	NA	1
ENSG00000257354	0	NA	NA	0	NA	NA	NA	1
ENSG00000257359	0	NA	NA	0	NA	NA	NA	1
ENSG00000257373	0	NA	NA	0	NA	NA	NA	1
ENSG00000257378	0	NA	NA	0	NA	NA	NA	1
ENSG00000257386	0	NA	NA	0	NA	NA	NA	1
ENSG00000257400	0	NA	NA	0	NA	NA	NA	1
ENSG00000257410	0	NA	NA	0	NA	NA	NA	1
ENSG00000257429	0	NA	NA	0	NA	NA	NA	1
ENSG00000257431	0	NA	NA	0	NA	NA	NA	1
ENSG00000257433	0	NA	NA	0	NA	NA	NA	1
ENSG00000257434	0	NA	NA	0	NA	NA	NA	1
ENSG00000257449	0	NA	NA	0	NA	NA	NA	1
ENSG00000257452	0	NA	NA	0	NA	NA	NA	1
ENSG00000257467	0	NA	NA	0	NA	NA	NA	1
ENSG00000257476	0	NA	NA	0	NA	NA	NA	1
ENSG00000257477	0	NA	NA	0	NA	NA	NA	1
ENSG00000257488	0	NA	NA	0	NA	NA	NA	1
ENSG00000257494	0	NA	NA	0	NA	NA	NA	1
ENSG00000257495	0	NA	NA	0	NA	NA	NA	1
ENSG00000257496	0	NA	NA	0	NA	NA	NA	1
ENSG00000257497	0	NA	NA	0	NA	NA	NA	1
ENSG00000257500	0	NA	NA	0	NA	NA	NA	1
ENSG00000257509	0	NA	NA	0	NA	NA	NA	1
ENSG00000257514	0	NA	NA	0	NA	NA	NA	1
ENSG00000257515	0	NA	NA	0	NA	NA	NA	1
ENSG00000257530	0	NA	NA	0	NA	NA	NA	1
ENSG00000257541	0	NA	NA	0	NA	NA	NA	1
ENSG00000257543	0	NA	NA	0	NA	NA	NA	1
ENSG00000257545	0	NA	NA	0	NA	NA	NA	1
ENSG00000257550	0	NA	NA	0	NA	NA	NA	1
ENSG00000257551	0	NA	NA	0	NA	NA	NA	1
ENSG00000257553	0	NA	NA	0	NA	NA	NA	1
ENSG00000257556	0	NA	NA	0	NA	NA	NA	1
ENSG00000257568	0	NA	NA	0	NA	NA	NA	1
ENSG00000257579	0	NA	NA	0	NA	NA	NA	1
ENSG00000257582	0	NA	NA	0	NA	NA	NA	1
ENSG00000257585	0	NA	NA	0	NA	NA	NA	1
ENSG00000257588	0	NA	NA	0	NA	NA	NA	1
ENSG00000257595	0	NA	NA	0	NA	NA	NA	1
ENSG00000257599	0	NA	NA	0	NA	NA	NA	1
ENSG00000257603	0	NA	NA	0	NA	NA	NA	1
ENSG00000257605	0	NA	NA	0	NA	NA	NA	1
ENSG00000257607	0	NA	NA	0	NA	NA	NA	1
ENSG00000257614	0	NA	NA	0	NA	NA	NA	1
ENSG00000257636	0	NA	NA	0	NA	NA	NA	1
ENSG00000257653	0	NA	NA	0	NA	NA	NA	1
ENSG00000257654	0	NA	NA	0	NA	NA	NA	1
ENSG00000257660	0	NA	NA	0	NA	NA	NA	1
ENSG00000257663	0	NA	NA	0	NA	NA	NA	1
ENSG00000257671	0	NA	NA	0	NA	NA	NA	1
ENSG00000257696	0	NA	NA	0	NA	NA	NA	1
ENSG00000257698	0	NA	NA	0	NA	NA	NA	1
ENSG00000257700	0	NA	NA	0	NA	NA	NA	1
ENSG00000257703	0	NA	NA	0	NA	NA	NA	1
ENSG00000257711	0	NA	NA	0	NA	NA	NA	1
ENSG00000257718	0	NA	NA	0	NA	NA	NA	1
ENSG00000257735	0	NA	NA	0	NA	NA	NA	1
ENSG00000257740	0	NA	NA	0	NA	NA	NA	1
ENSG00000257741	0	NA	NA	0	NA	NA	NA	1
ENSG00000257747	0	NA	NA	0	NA	NA	NA	1
ENSG00000257754	0	NA	NA	0	NA	NA	NA	1
ENSG00000257756	0	NA	NA	0	NA	NA	NA	1
ENSG00000257769	0	NA	NA	0	NA	NA	NA	1
ENSG00000257797	0	NA	NA	0	NA	NA	NA	1
ENSG00000257808	0	NA	NA	0	NA	NA	NA	1
ENSG00000257809	0	NA	NA	0	NA	NA	NA	1
ENSG00000257815	0	NA	NA	0	NA	NA	NA	1
ENSG00000257826	0	NA	NA	0	NA	NA	NA	1
ENSG00000257829	0	NA	NA	0	NA	NA	NA	1
ENSG00000257830	0	NA	NA	0	NA	NA	NA	1
ENSG00000257831	0	NA	NA	0	NA	NA	NA	1
ENSG00000257837	0	NA	NA	0	NA	NA	NA	1
ENSG00000257849	0	NA	NA	0	NA	NA	NA	1
ENSG00000257860	0	NA	NA	0	NA	NA	NA	1
ENSG00000257870	0	NA	NA	0	NA	NA	NA	1
ENSG00000257883	0	NA	NA	0	NA	NA	NA	1
ENSG00000257904	0	NA	NA	0	NA	NA	NA	1
ENSG00000257913	0	NA	NA	0	NA	NA	NA	1
ENSG00000257918	0	NA	NA	0	NA	NA	NA	1
ENSG00000257953	0	NA	NA	0	NA	NA	NA	1
ENSG00000257955	0	NA	NA	0	NA	NA	NA	1
ENSG00000257962	0	NA	NA	0	NA	NA	NA	1
ENSG00000257964	0	NA	NA	0	NA	NA	NA	1
ENSG00000257985	0	NA	NA	0	NA	NA	NA	1
ENSG00000257986	0	NA	NA	0	NA	NA	NA	1
ENSG00000257989	0	NA	NA	0	NA	NA	NA	1
ENSG00000257997	0	NA	NA	0	NA	NA	NA	1
ENSG00000258001	0	NA	NA	0	NA	NA	NA	1
ENSG00000258007	0	NA	NA	0	NA	NA	NA	1
ENSG00000258017	0	NA	NA	0	NA	NA	NA	1
ENSG00000258018	0	NA	NA	0	NA	NA	NA	1
ENSG00000258026	0	NA	NA	0	NA	NA	NA	1
ENSG00000258034	0	NA	NA	0	NA	NA	NA	1
ENSG00000258044	0	NA	NA	0	NA	NA	NA	1
ENSG00000258048	0	NA	NA	0	NA	NA	NA	1
ENSG00000258056	0	NA	NA	0	NA	NA	NA	1
ENSG00000258057	0	NA	NA	0	NA	NA	NA	1
ENSG00000258068	0	NA	NA	0	NA	NA	NA	1
ENSG00000258082	0	NA	NA	0	NA	NA	NA	1
ENSG00000258086	0	NA	NA	0	NA	NA	NA	1
ENSG00000258092	0	NA	NA	0	NA	NA	NA	1
ENSG00000258096	0	NA	NA	0	NA	NA	NA	1
ENSG00000258098	0	NA	NA	0	NA	NA	NA	1
ENSG00000258099	0	NA	NA	0	NA	NA	NA	1
ENSG00000258101	0	NA	NA	0	NA	NA	NA	1
ENSG00000258114	0	NA	NA	0	NA	NA	NA	1
ENSG00000258121	0	NA	NA	0	NA	NA	NA	1
ENSG00000258122	0	NA	NA	0	NA	NA	NA	1
ENSG00000258136	0	NA	NA	0	NA	NA	NA	1
ENSG00000258137	0	NA	NA	0	NA	NA	NA	1
ENSG00000258140	0	NA	NA	0	NA	NA	NA	1
ENSG00000258144	0	NA	NA	0	NA	NA	NA	1
ENSG00000258167	0	NA	NA	0	NA	NA	NA	1
ENSG00000258168	0	NA	NA	0	NA	NA	NA	1
ENSG00000258170	0	NA	NA	0	NA	NA	NA	1
ENSG00000258172	0	NA	NA	0	NA	NA	NA	1
ENSG00000258178	0	NA	NA	0	NA	NA	NA	1
ENSG00000258197	0	NA	NA	0	NA	NA	NA	1
ENSG00000258199	0	NA	NA	0	NA	NA	NA	1
ENSG00000258203	0	NA	NA	0	NA	NA	NA	1
ENSG00000258210	0	NA	NA	0	NA	NA	NA	1
ENSG00000258231	0	NA	NA	0	NA	NA	NA	1
ENSG00000258232	0	NA	NA	0	NA	NA	NA	1
ENSG00000258240	0	NA	NA	0	NA	NA	NA	1
ENSG00000258249	0	NA	NA	0	NA	NA	NA	1
ENSG00000258253	0	NA	NA	0	NA	NA	NA	1
ENSG00000258256	0	NA	NA	0	NA	NA	NA	1
ENSG00000258260	0	NA	NA	0	NA	NA	NA	1
ENSG00000258279	0	NA	NA	0	NA	NA	NA	1
ENSG00000258283	0	NA	NA	0	NA	NA	NA	1
ENSG00000258301	0	NA	NA	0	NA	NA	NA	1
ENSG00000258308	0	NA	NA	0	NA	NA	NA	1
ENSG00000258313	0	NA	NA	0	NA	NA	NA	1
ENSG00000258317	0	NA	NA	0	NA	NA	NA	1
ENSG00000258325	0	NA	NA	0	NA	NA	NA	1
ENSG00000258331	0	NA	NA	0	NA	NA	NA	1
ENSG00000258334	0	NA	NA	0	NA	NA	NA	1
ENSG00000258337	0	NA	NA	0	NA	NA	NA	1
ENSG00000258342	0	NA	NA	0	NA	NA	NA	1
ENSG00000258345	0	NA	NA	0	NA	NA	NA	1
ENSG00000258346	0	NA	NA	0	NA	NA	NA	1
ENSG00000258355	0	NA	NA	0	NA	NA	NA	1
ENSG00000258365	0	NA	NA	0	NA	NA	NA	1
ENSG00000258376	0	NA	NA	0	NA	NA	NA	1
ENSG00000258377	0	NA	NA	0	NA	NA	NA	1
ENSG00000258380	0	NA	NA	0	NA	NA	NA	1
ENSG00000258384	0	NA	NA	0	NA	NA	NA	1
ENSG00000258399	0	NA	NA	0	NA	NA	NA	1
ENSG00000258400	0	NA	NA	0	NA	NA	NA	1
ENSG00000258407	0	NA	NA	0	NA	NA	NA	1
ENSG00000258424	0	NA	NA	0	NA	NA	NA	1
ENSG00000258430	0	NA	NA	0	NA	NA	NA	1
ENSG00000258435	0	NA	NA	0	NA	NA	NA	1
ENSG00000258437	0	NA	NA	0	NA	NA	NA	1
ENSG00000258441	0	NA	NA	0	NA	NA	NA	1
ENSG00000258443	0	NA	NA	0	NA	NA	NA	1
ENSG00000258449	0	NA	NA	0	NA	NA	NA	1
ENSG00000258450	0	NA	NA	0	NA	NA	NA	1
ENSG00000258451	0	NA	NA	0	NA	NA	NA	1
ENSG00000258455	0	NA	NA	0	NA	NA	NA	1
ENSG00000258457	0	NA	NA	0	NA	NA	NA	1
ENSG00000258458	0	NA	NA	0	NA	NA	NA	1
ENSG00000258459	0	NA	NA	0	NA	NA	NA	1
ENSG00000258464	0	NA	NA	0	NA	NA	NA	1
ENSG00000258481	0	NA	NA	0	NA	NA	NA	1
ENSG00000258490	0	NA	NA	0	NA	NA	NA	1
ENSG00000258504	0	NA	NA	0	NA	NA	NA	1
ENSG00000258515	0	NA	NA	0	NA	NA	NA	1
ENSG00000258517	0	NA	NA	0	NA	NA	NA	1
ENSG00000258521	0	NA	NA	0	NA	NA	NA	1
ENSG00000258525	0	NA	NA	0	NA	NA	NA	1
ENSG00000258534	0	NA	NA	0	NA	NA	NA	1
ENSG00000258535	0	NA	NA	0	NA	NA	NA	1
ENSG00000258538	0	NA	NA	0	NA	NA	NA	1
ENSG00000258545	0	NA	NA	0	NA	NA	NA	1
ENSG00000258553	0	NA	NA	0	NA	NA	NA	1
ENSG00000258560	0	NA	NA	0	NA	NA	NA	1
ENSG00000258561	0	NA	NA	0	NA	NA	NA	1
ENSG00000258569	0	NA	NA	0	NA	NA	NA	1
ENSG00000258573	0	NA	NA	0	NA	NA	NA	1
ENSG00000258576	0	NA	NA	0	NA	NA	NA	1
ENSG00000258580	0	NA	NA	0	NA	NA	NA	1
ENSG00000258592	0	NA	NA	0	NA	NA	NA	1
ENSG00000258593	0	NA	NA	0	NA	NA	NA	1
ENSG00000258598	0	NA	NA	0	NA	NA	NA	1
ENSG00000258602	0	NA	NA	0	NA	NA	NA	1
ENSG00000258603	0	NA	NA	0	NA	NA	NA	1
ENSG00000258604	0	NA	NA	0	NA	NA	NA	1
ENSG00000258609	0	NA	NA	0	NA	NA	NA	1
ENSG00000258610	0	NA	NA	0	NA	NA	NA	1
ENSG00000258620	0	NA	NA	0	NA	NA	NA	1
ENSG00000258630	0	NA	NA	0	NA	NA	NA	1
ENSG00000258634	0	NA	NA	0	NA	NA	NA	1
ENSG00000258636	0	NA	NA	0	NA	NA	NA	1
ENSG00000258647	0	NA	NA	0	NA	NA	NA	1
ENSG00000258661	0	NA	NA	0	NA	NA	NA	1
ENSG00000258663	0	NA	NA	0	NA	NA	NA	1
ENSG00000258666	0	NA	NA	0	NA	NA	NA	1
ENSG00000258667	0	NA	NA	0	NA	NA	NA	1
ENSG00000258670	0	NA	NA	0	NA	NA	NA	1
ENSG00000258673	0	NA	NA	0	NA	NA	NA	1
ENSG00000258676	0	NA	NA	0	NA	NA	NA	1
ENSG00000258678	0	NA	NA	0	NA	NA	NA	1
ENSG00000258687	0	NA	NA	0	NA	NA	NA	1
ENSG00000258689	0	NA	NA	0	NA	NA	NA	1
ENSG00000258693	0	NA	NA	0	NA	NA	NA	1
ENSG00000258695	0	NA	NA	0	NA	NA	NA	1
ENSG00000258699	0	NA	NA	0	NA	NA	NA	1
ENSG00000258701	0	NA	NA	0	NA	NA	NA	1
ENSG00000258711	0	NA	NA	0	NA	NA	NA	1
ENSG00000258716	0	NA	NA	0	NA	NA	NA	1
ENSG00000258717	0	NA	NA	0	NA	NA	NA	1
ENSG00000258725	0	NA	NA	0	NA	NA	NA	1
ENSG00000258727	0	NA	NA	0	NA	NA	NA	1
ENSG00000258742	0	NA	NA	0	NA	NA	NA	1
ENSG00000258745	0	NA	NA	0	NA	NA	NA	1
ENSG00000258748	0	NA	NA	0	NA	NA	NA	1
ENSG00000258752	0	NA	NA	0	NA	NA	NA	1
ENSG00000258753	0	NA	NA	0	NA	NA	NA	1
ENSG00000258757	0	NA	NA	0	NA	NA	NA	1
ENSG00000258761	0	NA	NA	0	NA	NA	NA	1
ENSG00000258763	0	NA	NA	0	NA	NA	NA	1
ENSG00000258776	0	NA	NA	0	NA	NA	NA	1
ENSG00000258777	0	NA	NA	0	NA	NA	NA	1
ENSG00000258782	0	NA	NA	0	NA	NA	NA	1
ENSG00000258789	0	NA	NA	0	NA	NA	NA	1
ENSG00000258792	0	NA	NA	0	NA	NA	NA	1
ENSG00000258800	0	NA	NA	0	NA	NA	NA	1
ENSG00000258811	0	NA	NA	0	NA	NA	NA	1
ENSG00000258813	0	NA	NA	0	NA	NA	NA	1
ENSG00000258815	0	NA	NA	0	NA	NA	NA	1
ENSG00000258824	0	NA	NA	0	NA	NA	NA	1
ENSG00000258826	0	NA	NA	0	NA	NA	NA	1
ENSG00000258837	0	NA	NA	0	NA	NA	NA	1
ENSG00000258842	0	NA	NA	0	NA	NA	NA	1
ENSG00000258843	0	NA	NA	0	NA	NA	NA	1
ENSG00000258844	0	NA	NA	0	NA	NA	NA	1
ENSG00000258851	0	NA	NA	0	NA	NA	NA	1
ENSG00000258857	0	NA	NA	0	NA	NA	NA	1
ENSG00000258866	0	NA	NA	0	NA	NA	NA	1
ENSG00000258867	0	NA	NA	0	NA	NA	NA	1
ENSG00000258871	0	NA	NA	0	NA	NA	NA	1
ENSG00000258874	0	NA	NA	0	NA	NA	NA	1
ENSG00000258875	0	NA	NA	0	NA	NA	NA	1
ENSG00000258876	0	NA	NA	0	NA	NA	NA	1
ENSG00000258884	0	NA	NA	0	NA	NA	NA	1
ENSG00000258892	0	NA	NA	0	NA	NA	NA	1
ENSG00000258903	0	NA	NA	0	NA	NA	NA	1
ENSG00000258904	0	NA	NA	0	NA	NA	NA	1
ENSG00000258913	0	NA	NA	0	NA	NA	NA	1
ENSG00000258918	0	NA	NA	0	NA	NA	NA	1
ENSG00000258920	0	NA	NA	0	NA	NA	NA	1
ENSG00000258924	0	NA	NA	0	NA	NA	NA	1
ENSG00000258926	0	NA	NA	0	NA	NA	NA	1
ENSG00000258928	0	NA	NA	0	NA	NA	NA	1
ENSG00000258933	0	NA	NA	0	NA	NA	NA	1
ENSG00000258935	0	NA	NA	0	NA	NA	NA	1
ENSG00000258938	0	NA	NA	0	NA	NA	NA	1
ENSG00000258943	0	NA	NA	0	NA	NA	NA	1
ENSG00000258944	0	NA	NA	0	NA	NA	NA	1
ENSG00000258952	0	NA	NA	0	NA	NA	NA	1
ENSG00000258970	0	NA	NA	0	NA	NA	NA	1
ENSG00000258973	0	NA	NA	0	NA	NA	NA	1
ENSG00000258975	0	NA	NA	0	NA	NA	NA	1
ENSG00000258982	0	NA	NA	0	NA	NA	NA	1
ENSG00000258983	0	NA	NA	0	NA	NA	NA	1
ENSG00000259001	0	NA	NA	0	NA	NA	NA	1
ENSG00000259006	0	NA	NA	0	NA	NA	NA	1
ENSG00000259018	0	NA	NA	0	NA	NA	NA	1
ENSG00000259031	0	NA	NA	0	NA	NA	NA	1
ENSG00000259033	0	NA	NA	0	NA	NA	NA	1
ENSG00000259037	0	NA	NA	0	NA	NA	NA	1
ENSG00000259039	0	NA	NA	0	NA	NA	NA	1
ENSG00000259052	0	NA	NA	0	NA	NA	NA	1
ENSG00000259053	0	NA	NA	0	NA	NA	NA	1
ENSG00000259055	0	NA	NA	0	NA	NA	NA	1
ENSG00000259058	0	NA	NA	0	NA	NA	NA	1
ENSG00000259067	0	NA	NA	0	NA	NA	NA	1
ENSG00000259071	0	NA	NA	0	NA	NA	NA	1
ENSG00000259073	0	NA	NA	0	NA	NA	NA	1
ENSG00000259076	0	NA	NA	0	NA	NA	NA	1
ENSG00000259080	0	NA	NA	0	NA	NA	NA	1
ENSG00000259081	0	NA	NA	0	NA	NA	NA	1
ENSG00000259083	0	NA	NA	0	NA	NA	NA	1
ENSG00000259093	0	NA	NA	0	NA	NA	NA	1
ENSG00000259103	0	NA	NA	0	NA	NA	NA	1
ENSG00000259104	0	NA	NA	0	NA	NA	NA	1
ENSG00000259108	0	NA	NA	0	NA	NA	NA	1
ENSG00000259113	0	NA	NA	0	NA	NA	NA	1
ENSG00000259115	0	NA	NA	0	NA	NA	NA	1
ENSG00000259116	0	NA	NA	0	NA	NA	NA	1
ENSG00000259124	0	NA	NA	0	NA	NA	NA	1
ENSG00000259125	0	NA	NA	0	NA	NA	NA	1
ENSG00000259130	0	NA	NA	0	NA	NA	NA	1
ENSG00000259143	0	NA	NA	0	NA	NA	NA	1
ENSG00000259152	0	NA	NA	0	NA	NA	NA	1
ENSG00000259153	0	NA	NA	0	NA	NA	NA	1
ENSG00000259163	0	NA	NA	0	NA	NA	NA	1
ENSG00000259168	0	NA	NA	0	NA	NA	NA	1
ENSG00000259170	0	NA	NA	0	NA	NA	NA	1
ENSG00000259177	0	NA	NA	0	NA	NA	NA	1
ENSG00000259182	0	NA	NA	0	NA	NA	NA	1
ENSG00000259185	0	NA	NA	0	NA	NA	NA	1
ENSG00000259196	0	NA	NA	0	NA	NA	NA	1
ENSG00000259198	0	NA	NA	0	NA	NA	NA	1
ENSG00000259202	0	NA	NA	0	NA	NA	NA	1
ENSG00000259211	0	NA	NA	0	NA	NA	NA	1
ENSG00000259212	0	NA	NA	0	NA	NA	NA	1
ENSG00000259215	0	NA	NA	0	NA	NA	NA	1
ENSG00000259222	0	NA	NA	0	NA	NA	NA	1
ENSG00000259225	0	NA	NA	0	NA	NA	NA	1
ENSG00000259234	0	NA	NA	0	NA	NA	NA	1
ENSG00000259237	0	NA	NA	0	NA	NA	NA	1
ENSG00000259240	0	NA	NA	0	NA	NA	NA	1
ENSG00000259242	0	NA	NA	0	NA	NA	NA	1
ENSG00000259245	0	NA	NA	0	NA	NA	NA	1
ENSG00000259248	0	NA	NA	0	NA	NA	NA	1
ENSG00000259254	0	NA	NA	0	NA	NA	NA	1
ENSG00000259256	0	NA	NA	0	NA	NA	NA	1
ENSG00000259265	0	NA	NA	0	NA	NA	NA	1
ENSG00000259267	0	NA	NA	0	NA	NA	NA	1
ENSG00000259285	0	NA	NA	0	NA	NA	NA	1
ENSG00000259287	0	NA	NA	0	NA	NA	NA	1
ENSG00000259294	0	NA	NA	0	NA	NA	NA	1
ENSG00000259296	0	NA	NA	0	NA	NA	NA	1
ENSG00000259307	0	NA	NA	0	NA	NA	NA	1
ENSG00000259309	0	NA	NA	0	NA	NA	NA	1
ENSG00000259314	0	NA	NA	0	NA	NA	NA	1
ENSG00000259321	0	NA	NA	0	NA	NA	NA	1
ENSG00000259322	0	NA	NA	0	NA	NA	NA	1
ENSG00000259326	0	NA	NA	0	NA	NA	NA	1
ENSG00000259334	0	NA	NA	0	NA	NA	NA	1
ENSG00000259342	0	NA	NA	0	NA	NA	NA	1
ENSG00000259343	0	NA	NA	0	NA	NA	NA	1
ENSG00000259349	0	NA	NA	0	NA	NA	NA	1
ENSG00000259352	0	NA	NA	0	NA	NA	NA	1
ENSG00000259353	0	NA	NA	0	NA	NA	NA	1
ENSG00000259354	0	NA	NA	0	NA	NA	NA	1
ENSG00000259356	0	NA	NA	0	NA	NA	NA	1
ENSG00000259357	0	NA	NA	0	NA	NA	NA	1
ENSG00000259361	0	NA	NA	0	NA	NA	NA	1
ENSG00000259362	0	NA	NA	0	NA	NA	NA	1
ENSG00000259364	0	NA	NA	0	NA	NA	NA	1
ENSG00000259365	0	NA	NA	0	NA	NA	NA	1
ENSG00000259368	0	NA	NA	0	NA	NA	NA	1
ENSG00000259370	0	NA	NA	0	NA	NA	NA	1
ENSG00000259376	0	NA	NA	0	NA	NA	NA	1
ENSG00000259377	0	NA	NA	0	NA	NA	NA	1
ENSG00000259380	0	NA	NA	0	NA	NA	NA	1
ENSG00000259395	0	NA	NA	0	NA	NA	NA	1
ENSG00000259396	0	NA	NA	0	NA	NA	NA	1
ENSG00000259402	0	NA	NA	0	NA	NA	NA	1
ENSG00000259408	0	NA	NA	0	NA	NA	NA	1
ENSG00000259409	0	NA	NA	0	NA	NA	NA	1
ENSG00000259410	0	NA	NA	0	NA	NA	NA	1
ENSG00000259418	0	NA	NA	0	NA	NA	NA	1
ENSG00000259420	0	NA	NA	0	NA	NA	NA	1
ENSG00000259422	0	NA	NA	0	NA	NA	NA	1
ENSG00000259426	0	NA	NA	0	NA	NA	NA	1
ENSG00000259430	0	NA	NA	0	NA	NA	NA	1
ENSG00000259432	0	NA	NA	0	NA	NA	NA	1
ENSG00000259434	0	NA	NA	0	NA	NA	NA	1
ENSG00000259436	0	NA	NA	0	NA	NA	NA	1
ENSG00000259439	0	NA	NA	0	NA	NA	NA	1
ENSG00000259442	0	NA	NA	0	NA	NA	NA	1
ENSG00000259448	0	NA	NA	0	NA	NA	NA	1
ENSG00000259453	0	NA	NA	0	NA	NA	NA	1
ENSG00000259456	0	NA	NA	0	NA	NA	NA	1
ENSG00000259457	0	NA	NA	0	NA	NA	NA	1
ENSG00000259460	0	NA	NA	0	NA	NA	NA	1
ENSG00000259462	0	NA	NA	0	NA	NA	NA	1
ENSG00000259463	0	NA	NA	0	NA	NA	NA	1
ENSG00000259468	0	NA	NA	0	NA	NA	NA	1
ENSG00000259474	0	NA	NA	0	NA	NA	NA	1
ENSG00000259499	0	NA	NA	0	NA	NA	NA	1
ENSG00000259504	0	NA	NA	0	NA	NA	NA	1
ENSG00000259514	0	NA	NA	0	NA	NA	NA	1
ENSG00000259515	0	NA	NA	0	NA	NA	NA	1
ENSG00000259517	0	NA	NA	0	NA	NA	NA	1
ENSG00000259521	0	NA	NA	0	NA	NA	NA	1
ENSG00000259523	0	NA	NA	0	NA	NA	NA	1
ENSG00000259528	0	NA	NA	0	NA	NA	NA	1
ENSG00000259532	0	NA	NA	0	NA	NA	NA	1
ENSG00000259536	0	NA	NA	0	NA	NA	NA	1
ENSG00000259539	0	NA	NA	0	NA	NA	NA	1
ENSG00000259540	0	NA	NA	0	NA	NA	NA	1
ENSG00000259541	0	NA	NA	0	NA	NA	NA	1
ENSG00000259544	0	NA	NA	0	NA	NA	NA	1
ENSG00000259546	0	NA	NA	0	NA	NA	NA	1
ENSG00000259561	0	NA	NA	0	NA	NA	NA	1
ENSG00000259563	0	NA	NA	0	NA	NA	NA	1
ENSG00000259564	0	NA	NA	0	NA	NA	NA	1
ENSG00000259572	0	NA	NA	0	NA	NA	NA	1
ENSG00000259577	0	NA	NA	0	NA	NA	NA	1
ENSG00000259579	0	NA	NA	0	NA	NA	NA	1
ENSG00000259580	0	NA	NA	0	NA	NA	NA	1
ENSG00000259583	0	NA	NA	0	NA	NA	NA	1
ENSG00000259584	0	NA	NA	0	NA	NA	NA	1
ENSG00000259589	0	NA	NA	0	NA	NA	NA	1
ENSG00000259595	0	NA	NA	0	NA	NA	NA	1
ENSG00000259604	0	NA	NA	0	NA	NA	NA	1
ENSG00000259605	0	NA	NA	0	NA	NA	NA	1
ENSG00000259617	0	NA	NA	0	NA	NA	NA	1
ENSG00000259620	0	NA	NA	0	NA	NA	NA	1
ENSG00000259621	0	NA	NA	0	NA	NA	NA	1
ENSG00000259623	0	NA	NA	0	NA	NA	NA	1
ENSG00000259624	0	NA	NA	0	NA	NA	NA	1
ENSG00000259627	0	NA	NA	0	NA	NA	NA	1
ENSG00000259628	0	NA	NA	0	NA	NA	NA	1
ENSG00000259639	0	NA	NA	0	NA	NA	NA	1
ENSG00000259644	0	NA	NA	0	NA	NA	NA	1
ENSG00000259645	0	NA	NA	0	NA	NA	NA	1
ENSG00000259649	0	NA	NA	0	NA	NA	NA	1
ENSG00000259650	0	NA	NA	0	NA	NA	NA	1
ENSG00000259652	0	NA	NA	0	NA	NA	NA	1
ENSG00000259656	0	NA	NA	0	NA	NA	NA	1
ENSG00000259659	0	NA	NA	0	NA	NA	NA	1
ENSG00000259661	0	NA	NA	0	NA	NA	NA	1
ENSG00000259668	0	NA	NA	0	NA	NA	NA	1
ENSG00000259669	0	NA	NA	0	NA	NA	NA	1
ENSG00000259670	0	NA	NA	0	NA	NA	NA	1
ENSG00000259673	0	NA	NA	0	NA	NA	NA	1
ENSG00000259678	0	NA	NA	0	NA	NA	NA	1
ENSG00000259682	0	NA	NA	0	NA	NA	NA	1
ENSG00000259684	0	NA	NA	0	NA	NA	NA	1
ENSG00000259690	0	NA	NA	0	NA	NA	NA	1
ENSG00000259700	0	NA	NA	0	NA	NA	NA	1
ENSG00000259704	0	NA	NA	0	NA	NA	NA	1
ENSG00000259708	0	NA	NA	0	NA	NA	NA	1
ENSG00000259709	0	NA	NA	0	NA	NA	NA	1
ENSG00000259715	0	NA	NA	0	NA	NA	NA	1
ENSG00000259720	0	NA	NA	0	NA	NA	NA	1
ENSG00000259727	0	NA	NA	0	NA	NA	NA	1
ENSG00000259730	0	NA	NA	0	NA	NA	NA	1
ENSG00000259732	0	NA	NA	0	NA	NA	NA	1
ENSG00000259734	0	NA	NA	0	NA	NA	NA	1
ENSG00000259736	0	NA	NA	0	NA	NA	NA	1
ENSG00000259737	0	NA	NA	0	NA	NA	NA	1
ENSG00000259744	0	NA	NA	0	NA	NA	NA	1
ENSG00000259754	0	NA	NA	0	NA	NA	NA	1
ENSG00000259755	0	NA	NA	0	NA	NA	NA	1
ENSG00000259759	0	NA	NA	0	NA	NA	NA	1
ENSG00000259764	0	NA	NA	0	NA	NA	NA	1
ENSG00000259767	0	NA	NA	0	NA	NA	NA	1
ENSG00000259768	0	NA	NA	0	NA	NA	NA	1
ENSG00000259772	0	NA	NA	0	NA	NA	NA	1
ENSG00000259773	0	NA	NA	0	NA	NA	NA	1
ENSG00000259779	0	NA	NA	0	NA	NA	NA	1
ENSG00000259780	0	NA	NA	0	NA	NA	NA	1
ENSG00000259782	0	NA	NA	0	NA	NA	NA	1
ENSG00000259788	0	NA	NA	0	NA	NA	NA	1
ENSG00000259789	0	NA	NA	0	NA	NA	NA	1
ENSG00000259793	0	NA	NA	0	NA	NA	NA	1
ENSG00000259797	0	NA	NA	0	NA	NA	NA	1
ENSG00000259802	0	NA	NA	0	NA	NA	NA	1
ENSG00000259805	0	NA	NA	0	NA	NA	NA	1
ENSG00000259813	0	NA	NA	0	NA	NA	NA	1
ENSG00000259814	0	NA	NA	0	NA	NA	NA	1
ENSG00000259818	0	NA	NA	0	NA	NA	NA	1
ENSG00000259819	0	NA	NA	0	NA	NA	NA	1
ENSG00000259820	0	NA	NA	0	NA	NA	NA	1
ENSG00000259826	0	NA	NA	0	NA	NA	NA	1
ENSG00000259827	0	NA	NA	0	NA	NA	NA	1
ENSG00000259840	0	NA	NA	0	NA	NA	NA	1
ENSG00000259843	0	NA	NA	0	NA	NA	NA	1
ENSG00000259854	0	NA	NA	0	NA	NA	NA	1
ENSG00000259862	0	NA	NA	0	NA	NA	NA	1
ENSG00000259867	0	NA	NA	0	NA	NA	NA	1
ENSG00000259869	0	NA	NA	0	NA	NA	NA	1
ENSG00000259876	0	NA	NA	0	NA	NA	NA	1
ENSG00000259883	0	NA	NA	0	NA	NA	NA	1
ENSG00000259884	0	NA	NA	0	NA	NA	NA	1
ENSG00000259887	0	NA	NA	0	NA	NA	NA	1
ENSG00000259889	0	NA	NA	0	NA	NA	NA	1
ENSG00000259891	0	NA	NA	0	NA	NA	NA	1
ENSG00000259895	0	NA	NA	0	NA	NA	NA	1
ENSG00000259899	0	NA	NA	0	NA	NA	NA	1
ENSG00000259912	0	NA	NA	0	NA	NA	NA	1
ENSG00000259914	0	NA	NA	0	NA	NA	NA	1
ENSG00000259920	0	NA	NA	0	NA	NA	NA	1
ENSG00000259926	0	NA	NA	0	NA	NA	NA	1
ENSG00000259935	0	NA	NA	0	NA	NA	NA	1
ENSG00000259937	0	NA	NA	0	NA	NA	NA	1
ENSG00000259940	0	NA	NA	0	NA	NA	NA	1
ENSG00000259943	0	NA	NA	0	NA	NA	NA	1
ENSG00000259945	0	NA	NA	0	NA	NA	NA	1
ENSG00000259946	0	NA	NA	0	NA	NA	NA	1
ENSG00000259952	0	NA	NA	0	NA	NA	NA	1
ENSG00000259953	0	NA	NA	0	NA	NA	NA	1
ENSG00000259954	0	NA	NA	0	NA	NA	NA	1
ENSG00000259964	0	NA	NA	0	NA	NA	NA	1
ENSG00000259967	0	NA	NA	0	NA	NA	NA	1
ENSG00000259968	0	NA	NA	0	NA	NA	NA	1
ENSG00000259969	0	NA	NA	0	NA	NA	NA	1
ENSG00000259970	0	NA	NA	0	NA	NA	NA	1
ENSG00000259972	0	NA	NA	0	NA	NA	NA	1
ENSG00000259977	0	NA	NA	0	NA	NA	NA	1
ENSG00000259985	0	NA	NA	0	NA	NA	NA	1
ENSG00000259986	0	NA	NA	0	NA	NA	NA	1
ENSG00000259995	0	NA	NA	0	NA	NA	NA	1
ENSG00000259998	0	NA	NA	0	NA	NA	NA	1
ENSG00000260000	0	NA	NA	0	NA	NA	NA	1
ENSG00000260003	0	NA	NA	0	NA	NA	NA	1
ENSG00000260005	0	NA	NA	0	NA	NA	NA	1
ENSG00000260008	0	NA	NA	0	NA	NA	NA	1
ENSG00000260009	0	NA	NA	0	NA	NA	NA	1
ENSG00000260017	0	NA	NA	0	NA	NA	NA	1
ENSG00000260018	0	NA	NA	0	NA	NA	NA	1
ENSG00000260019	0	NA	NA	0	NA	NA	NA	1
ENSG00000260025	0	NA	NA	0	NA	NA	NA	1
ENSG00000260032	0	NA	NA	0	NA	NA	NA	1
ENSG00000260037	0	NA	NA	0	NA	NA	NA	1
ENSG00000260038	0	NA	NA	0	NA	NA	NA	1
ENSG00000260051	0	NA	NA	0	NA	NA	NA	1
ENSG00000260052	0	NA	NA	0	NA	NA	NA	1
ENSG00000260058	0	NA	NA	0	NA	NA	NA	1
ENSG00000260060	0	NA	NA	0	NA	NA	NA	1
ENSG00000260063	0	NA	NA	0	NA	NA	NA	1
ENSG00000260077	0	NA	NA	0	NA	NA	NA	1
ENSG00000260083	0	NA	NA	0	NA	NA	NA	1
ENSG00000260084	0	NA	NA	0	NA	NA	NA	1
ENSG00000260086	0	NA	NA	0	NA	NA	NA	1
ENSG00000260088	0	NA	NA	0	NA	NA	NA	1
ENSG00000260090	0	NA	NA	0	NA	NA	NA	1
ENSG00000260095	0	NA	NA	0	NA	NA	NA	1
ENSG00000260100	0	NA	NA	0	NA	NA	NA	1
ENSG00000260101	0	NA	NA	0	NA	NA	NA	1
ENSG00000260107	0	NA	NA	0	NA	NA	NA	1
ENSG00000260108	0	NA	NA	0	NA	NA	NA	1
ENSG00000260111	0	NA	NA	0	NA	NA	NA	1
ENSG00000260118	0	NA	NA	0	NA	NA	NA	1
ENSG00000260120	0	NA	NA	0	NA	NA	NA	1
ENSG00000260121	0	NA	NA	0	NA	NA	NA	1
ENSG00000260122	0	NA	NA	0	NA	NA	NA	1
ENSG00000260125	0	NA	NA	0	NA	NA	NA	1
ENSG00000260126	0	NA	NA	0	NA	NA	NA	1
ENSG00000260131	0	NA	NA	0	NA	NA	NA	1
ENSG00000260132	0	NA	NA	0	NA	NA	NA	1
ENSG00000260135	0	NA	NA	0	NA	NA	NA	1
ENSG00000260136	0	NA	NA	0	NA	NA	NA	1
ENSG00000260142	0	NA	NA	0	NA	NA	NA	1
ENSG00000260145	0	NA	NA	0	NA	NA	NA	1
ENSG00000260148	0	NA	NA	0	NA	NA	NA	1
ENSG00000260151	0	NA	NA	0	NA	NA	NA	1
ENSG00000260156	0	NA	NA	0	NA	NA	NA	1
ENSG00000260172	0	NA	NA	0	NA	NA	NA	1
ENSG00000260173	0	NA	NA	0	NA	NA	NA	1
ENSG00000260179	0	NA	NA	0	NA	NA	NA	1
ENSG00000260183	0	NA	NA	0	NA	NA	NA	1
ENSG00000260185	0	NA	NA	0	NA	NA	NA	1
ENSG00000260190	0	NA	NA	0	NA	NA	NA	1
ENSG00000260194	0	NA	NA	0	NA	NA	NA	1
ENSG00000260196	0	NA	NA	0	NA	NA	NA	1
ENSG00000260202	0	NA	NA	0	NA	NA	NA	1
ENSG00000260206	0	NA	NA	0	NA	NA	NA	1
ENSG00000260213	0	NA	NA	0	NA	NA	NA	1
ENSG00000260219	0	NA	NA	0	NA	NA	NA	1
ENSG00000260223	0	NA	NA	0	NA	NA	NA	1
ENSG00000260228	0	NA	NA	0	NA	NA	NA	1
ENSG00000260231	0	NA	NA	0	NA	NA	NA	1
ENSG00000260233	0	NA	NA	0	NA	NA	NA	1
ENSG00000260235	0	NA	NA	0	NA	NA	NA	1
ENSG00000260236	0	NA	NA	0	NA	NA	NA	1
ENSG00000260237	0	NA	NA	0	NA	NA	NA	1
ENSG00000260244	0	NA	NA	0	NA	NA	NA	1
ENSG00000260246	0	NA	NA	0	NA	NA	NA	1
ENSG00000260252	0	NA	NA	0	NA	NA	NA	1
ENSG00000260254	0	NA	NA	0	NA	NA	NA	1
ENSG00000260256	0	NA	NA	0	NA	NA	NA	1
ENSG00000260257	0	NA	NA	0	NA	NA	NA	1
ENSG00000260259	0	NA	NA	0	NA	NA	NA	1
ENSG00000260264	0	NA	NA	0	NA	NA	NA	1
ENSG00000260269	0	NA	NA	0	NA	NA	NA	1
ENSG00000260271	0	NA	NA	0	NA	NA	NA	1
ENSG00000260273	0	NA	NA	0	NA	NA	NA	1
ENSG00000260274	0	NA	NA	0	NA	NA	NA	1
ENSG00000260277	0	NA	NA	0	NA	NA	NA	1
ENSG00000260279	0	NA	NA	0	NA	NA	NA	1
ENSG00000260281	0	NA	NA	0	NA	NA	NA	1
ENSG00000260285	0	NA	NA	0	NA	NA	NA	1
ENSG00000260289	0	NA	NA	0	NA	NA	NA	1
ENSG00000260302	0	NA	NA	0	NA	NA	NA	1
ENSG00000260303	0	NA	NA	0	NA	NA	NA	1
ENSG00000260304	0	NA	NA	0	NA	NA	NA	1
ENSG00000260305	0	NA	NA	0	NA	NA	NA	1
ENSG00000260329	0	NA	NA	0	NA	NA	NA	1
ENSG00000260337	0	NA	NA	0	NA	NA	NA	1
ENSG00000260345	0	NA	NA	0	NA	NA	NA	1
ENSG00000260348	0	NA	NA	0	NA	NA	NA	1
ENSG00000260351	0	NA	NA	0	NA	NA	NA	1
ENSG00000260352	0	NA	NA	0	NA	NA	NA	1
ENSG00000260360	0	NA	NA	0	NA	NA	NA	1
ENSG00000260366	0	NA	NA	0	NA	NA	NA	1
ENSG00000260367	0	NA	NA	0	NA	NA	NA	1
ENSG00000260368	0	NA	NA	0	NA	NA	NA	1
ENSG00000260378	0	NA	NA	0	NA	NA	NA	1
ENSG00000260381	0	NA	NA	0	NA	NA	NA	1
ENSG00000260391	0	NA	NA	0	NA	NA	NA	1
ENSG00000260392	0	NA	NA	0	NA	NA	NA	1
ENSG00000260393	0	NA	NA	0	NA	NA	NA	1
ENSG00000260394	0	NA	NA	0	NA	NA	NA	1
ENSG00000260406	0	NA	NA	0	NA	NA	NA	1
ENSG00000260418	0	NA	NA	0	NA	NA	NA	1
ENSG00000260433	0	NA	NA	0	NA	NA	NA	1
ENSG00000260440	0	NA	NA	0	NA	NA	NA	1
ENSG00000260442	0	NA	NA	0	NA	NA	NA	1
ENSG00000260454	0	NA	NA	0	NA	NA	NA	1
ENSG00000260465	0	NA	NA	0	NA	NA	NA	1
ENSG00000260467	0	NA	NA	0	NA	NA	NA	1
ENSG00000260469	0	NA	NA	0	NA	NA	NA	1
ENSG00000260473	0	NA	NA	0	NA	NA	NA	1
ENSG00000260475	0	NA	NA	0	NA	NA	NA	1
ENSG00000260476	0	NA	NA	0	NA	NA	NA	1
ENSG00000260482	0	NA	NA	0	NA	NA	NA	1
ENSG00000260484	0	NA	NA	0	NA	NA	NA	1
ENSG00000260487	0	NA	NA	0	NA	NA	NA	1
ENSG00000260488	0	NA	NA	0	NA	NA	NA	1
ENSG00000260493	0	NA	NA	0	NA	NA	NA	1
ENSG00000260495	0	NA	NA	0	NA	NA	NA	1
ENSG00000260500	0	NA	NA	0	NA	NA	NA	1
ENSG00000260504	0	NA	NA	0	NA	NA	NA	1
ENSG00000260509	0	NA	NA	0	NA	NA	NA	1
ENSG00000260519	0	NA	NA	0	NA	NA	NA	1
ENSG00000260526	0	NA	NA	0	NA	NA	NA	1
ENSG00000260530	0	NA	NA	0	NA	NA	NA	1
ENSG00000260534	0	NA	NA	0	NA	NA	NA	1
ENSG00000260536	0	NA	NA	0	NA	NA	NA	1
ENSG00000260541	0	NA	NA	0	NA	NA	NA	1
ENSG00000260552	0	NA	NA	0	NA	NA	NA	1
ENSG00000260563	0	NA	NA	0	NA	NA	NA	1
ENSG00000260570	0	NA	NA	0	NA	NA	NA	1
ENSG00000260572	0	NA	NA	0	NA	NA	NA	1
ENSG00000260577	0	NA	NA	0	NA	NA	NA	1
ENSG00000260579	0	NA	NA	0	NA	NA	NA	1
ENSG00000260585	0	NA	NA	0	NA	NA	NA	1
ENSG00000260586	0	NA	NA	0	NA	NA	NA	1
ENSG00000260589	0	NA	NA	0	NA	NA	NA	1
ENSG00000260592	0	NA	NA	0	NA	NA	NA	1
ENSG00000260593	0	NA	NA	0	NA	NA	NA	1
ENSG00000260594	0	NA	NA	0	NA	NA	NA	1
ENSG00000260597	0	NA	NA	0	NA	NA	NA	1
ENSG00000260601	0	NA	NA	0	NA	NA	NA	1
ENSG00000260604	0	NA	NA	0	NA	NA	NA	1
ENSG00000260608	0	NA	NA	0	NA	NA	NA	1
ENSG00000260612	0	NA	NA	0	NA	NA	NA	1
ENSG00000260618	0	NA	NA	0	NA	NA	NA	1
ENSG00000260619	0	NA	NA	0	NA	NA	NA	1
ENSG00000260621	0	NA	NA	0	NA	NA	NA	1
ENSG00000260624	0	NA	NA	0	NA	NA	NA	1
ENSG00000260625	0	NA	NA	0	NA	NA	NA	1
ENSG00000260641	0	NA	NA	0	NA	NA	NA	1
ENSG00000260648	0	NA	NA	0	NA	NA	NA	1
ENSG00000260650	0	NA	NA	0	NA	NA	NA	1
ENSG00000260651	0	NA	NA	0	NA	NA	NA	1
ENSG00000260661	0	NA	NA	0	NA	NA	NA	1
ENSG00000260664	0	NA	NA	0	NA	NA	NA	1
ENSG00000260669	0	NA	NA	0	NA	NA	NA	1
ENSG00000260679	0	NA	NA	0	NA	NA	NA	1
ENSG00000260704	0	NA	NA	0	NA	NA	NA	1
ENSG00000260706	0	NA	NA	0	NA	NA	NA	1
ENSG00000260708	0	NA	NA	0	NA	NA	NA	1
ENSG00000260719	0	NA	NA	0	NA	NA	NA	1
ENSG00000260723	0	NA	NA	0	NA	NA	NA	1
ENSG00000260738	0	NA	NA	0	NA	NA	NA	1
ENSG00000260740	0	NA	NA	0	NA	NA	NA	1
ENSG00000260741	0	NA	NA	0	NA	NA	NA	1
ENSG00000260742	0	NA	NA	0	NA	NA	NA	1
ENSG00000260743	0	NA	NA	0	NA	NA	NA	1
ENSG00000260744	0	NA	NA	0	NA	NA	NA	1
ENSG00000260750	0	NA	NA	0	NA	NA	NA	1
ENSG00000260751	0	NA	NA	0	NA	NA	NA	1
ENSG00000260757	0	NA	NA	0	NA	NA	NA	1
ENSG00000260763	0	NA	NA	0	NA	NA	NA	1
ENSG00000260772	0	NA	NA	0	NA	NA	NA	1
ENSG00000260773	0	NA	NA	0	NA	NA	NA	1
ENSG00000260774	0	NA	NA	0	NA	NA	NA	1
ENSG00000260786	0	NA	NA	0	NA	NA	NA	1
ENSG00000260788	0	NA	NA	0	NA	NA	NA	1
ENSG00000260793	0	NA	NA	0	NA	NA	NA	1
ENSG00000260798	0	NA	NA	0	NA	NA	NA	1
ENSG00000260804	0	NA	NA	0	NA	NA	NA	1
ENSG00000260810	0	NA	NA	0	NA	NA	NA	1
ENSG00000260814	0	NA	NA	0	NA	NA	NA	1
ENSG00000260838	0	NA	NA	0	NA	NA	NA	1
ENSG00000260852	0	NA	NA	0	NA	NA	NA	1
ENSG00000260853	0	NA	NA	0	NA	NA	NA	1
ENSG00000260858	0	NA	NA	0	NA	NA	NA	1
ENSG00000260867	0	NA	NA	0	NA	NA	NA	1
ENSG00000260874	0	NA	NA	0	NA	NA	NA	1
ENSG00000260876	0	NA	NA	0	NA	NA	NA	1
ENSG00000260877	0	NA	NA	0	NA	NA	NA	1
ENSG00000260878	0	NA	NA	0	NA	NA	NA	1
ENSG00000260886	0	NA	NA	0	NA	NA	NA	1
ENSG00000260891	0	NA	NA	0	NA	NA	NA	1
ENSG00000260894	0	NA	NA	0	NA	NA	NA	1
ENSG00000260895	0	NA	NA	0	NA	NA	NA	1
ENSG00000260896	0	NA	NA	0	NA	NA	NA	1
ENSG00000260899	0	NA	NA	0	NA	NA	NA	1
ENSG00000260911	0	NA	NA	0	NA	NA	NA	1
ENSG00000260913	0	NA	NA	0	NA	NA	NA	1
ENSG00000260919	0	NA	NA	0	NA	NA	NA	1
ENSG00000260920	0	NA	NA	0	NA	NA	NA	1
ENSG00000260922	0	NA	NA	0	NA	NA	NA	1
ENSG00000260924	0	NA	NA	0	NA	NA	NA	1
ENSG00000260926	0	NA	NA	0	NA	NA	NA	1
ENSG00000260937	0	NA	NA	0	NA	NA	NA	1
ENSG00000260942	0	NA	NA	0	NA	NA	NA	1
ENSG00000260943	0	NA	NA	0	NA	NA	NA	1
ENSG00000260944	0	NA	NA	0	NA	NA	NA	1
ENSG00000260951	0	NA	NA	0	NA	NA	NA	1
ENSG00000260955	0	NA	NA	0	NA	NA	NA	1
ENSG00000260962	0	NA	NA	0	NA	NA	NA	1
ENSG00000260963	0	NA	NA	0	NA	NA	NA	1
ENSG00000260966	0	NA	NA	0	NA	NA	NA	1
ENSG00000260983	0	NA	NA	0	NA	NA	NA	1
ENSG00000260989	0	NA	NA	0	NA	NA	NA	1
ENSG00000260992	0	NA	NA	0	NA	NA	NA	1
ENSG00000260995	0	NA	NA	0	NA	NA	NA	1
ENSG00000260999	0	NA	NA	0	NA	NA	NA	1
ENSG00000261000	0	NA	NA	0	NA	NA	NA	1
ENSG00000261002	0	NA	NA	0	NA	NA	NA	1
ENSG00000261003	0	NA	NA	0	NA	NA	NA	1
ENSG00000261008	0	NA	NA	0	NA	NA	NA	1
ENSG00000261012	0	NA	NA	0	NA	NA	NA	1
ENSG00000261018	0	NA	NA	0	NA	NA	NA	1
ENSG00000261030	0	NA	NA	0	NA	NA	NA	1
ENSG00000261033	0	NA	NA	0	NA	NA	NA	1
ENSG00000261049	0	NA	NA	0	NA	NA	NA	1
ENSG00000261051	0	NA	NA	0	NA	NA	NA	1
ENSG00000261060	0	NA	NA	0	NA	NA	NA	1
ENSG00000261061	0	NA	NA	0	NA	NA	NA	1
ENSG00000261063	0	NA	NA	0	NA	NA	NA	1
ENSG00000261065	0	NA	NA	0	NA	NA	NA	1
ENSG00000261066	0	NA	NA	0	NA	NA	NA	1
ENSG00000261067	0	NA	NA	0	NA	NA	NA	1
ENSG00000261070	0	NA	NA	0	NA	NA	NA	1
ENSG00000261080	0	NA	NA	0	NA	NA	NA	1
ENSG00000261082	0	NA	NA	0	NA	NA	NA	1
ENSG00000261094	0	NA	NA	0	NA	NA	NA	1
ENSG00000261096	0	NA	NA	0	NA	NA	NA	1
ENSG00000261097	0	NA	NA	0	NA	NA	NA	1
ENSG00000261103	0	NA	NA	0	NA	NA	NA	1
ENSG00000261113	0	NA	NA	0	NA	NA	NA	1
ENSG00000261114	0	NA	NA	0	NA	NA	NA	1
ENSG00000261116	0	NA	NA	0	NA	NA	NA	1
ENSG00000261117	0	NA	NA	0	NA	NA	NA	1
ENSG00000261118	0	NA	NA	0	NA	NA	NA	1
ENSG00000261120	0	NA	NA	0	NA	NA	NA	1
ENSG00000261124	0	NA	NA	0	NA	NA	NA	1
ENSG00000261131	0	NA	NA	0	NA	NA	NA	1
ENSG00000261136	0	NA	NA	0	NA	NA	NA	1
ENSG00000261141	0	NA	NA	0	NA	NA	NA	1
ENSG00000261146	0	NA	NA	0	NA	NA	NA	1
ENSG00000261158	0	NA	NA	0	NA	NA	NA	1
ENSG00000261159	0	NA	NA	0	NA	NA	NA	1
ENSG00000261168	0	NA	NA	0	NA	NA	NA	1
ENSG00000261184	0	NA	NA	0	NA	NA	NA	1
ENSG00000261189	0	NA	NA	0	NA	NA	NA	1
ENSG00000261194	0	NA	NA	0	NA	NA	NA	1
ENSG00000261198	0	NA	NA	0	NA	NA	NA	1
ENSG00000261202	0	NA	NA	0	NA	NA	NA	1
ENSG00000261204	0	NA	NA	0	NA	NA	NA	1
ENSG00000261207	0	NA	NA	0	NA	NA	NA	1
ENSG00000261213	0	NA	NA	0	NA	NA	NA	1
ENSG00000261215	0	NA	NA	0	NA	NA	NA	1
ENSG00000261218	0	NA	NA	0	NA	NA	NA	1
ENSG00000261229	0	NA	NA	0	NA	NA	NA	1
ENSG00000261242	0	NA	NA	0	NA	NA	NA	1
ENSG00000261243	0	NA	NA	0	NA	NA	NA	1
ENSG00000261250	0	NA	NA	0	NA	NA	NA	1
ENSG00000261251	0	NA	NA	0	NA	NA	NA	1
ENSG00000261253	0	NA	NA	0	NA	NA	NA	1
ENSG00000261257	0	NA	NA	0	NA	NA	NA	1
ENSG00000261260	0	NA	NA	0	NA	NA	NA	1
ENSG00000261261	0	NA	NA	0	NA	NA	NA	1
ENSG00000261265	0	NA	NA	0	NA	NA	NA	1
ENSG00000261266	0	NA	NA	0	NA	NA	NA	1
ENSG00000261267	0	NA	NA	0	NA	NA	NA	1
ENSG00000261268	0	NA	NA	0	NA	NA	NA	1
ENSG00000261269	0	NA	NA	0	NA	NA	NA	1
ENSG00000261270	0	NA	NA	0	NA	NA	NA	1
ENSG00000261286	0	NA	NA	0	NA	NA	NA	1
ENSG00000261293	0	NA	NA	0	NA	NA	NA	1
ENSG00000261294	0	NA	NA	0	NA	NA	NA	1
ENSG00000261298	0	NA	NA	0	NA	NA	NA	1
ENSG00000261312	0	NA	NA	0	NA	NA	NA	1
ENSG00000261313	0	NA	NA	0	NA	NA	NA	1
ENSG00000261314	0	NA	NA	0	NA	NA	NA	1
ENSG00000261316	0	NA	NA	0	NA	NA	NA	1
ENSG00000261318	0	NA	NA	0	NA	NA	NA	1
ENSG00000261319	0	NA	NA	0	NA	NA	NA	1
ENSG00000261320	0	NA	NA	0	NA	NA	NA	1
ENSG00000261324	0	NA	NA	0	NA	NA	NA	1
ENSG00000261326	0	NA	NA	0	NA	NA	NA	1
ENSG00000261329	0	NA	NA	0	NA	NA	NA	1
ENSG00000261332	0	NA	NA	0	NA	NA	NA	1
ENSG00000261335	0	NA	NA	0	NA	NA	NA	1
ENSG00000261342	0	NA	NA	0	NA	NA	NA	1
ENSG00000261346	0	NA	NA	0	NA	NA	NA	1
ENSG00000261347	0	NA	NA	0	NA	NA	NA	1
ENSG00000261348	0	NA	NA	0	NA	NA	NA	1
ENSG00000261351	0	NA	NA	0	NA	NA	NA	1
ENSG00000261357	0	NA	NA	0	NA	NA	NA	1
ENSG00000261359	0	NA	NA	0	NA	NA	NA	1
ENSG00000261364	0	NA	NA	0	NA	NA	NA	1
ENSG00000261367	0	NA	NA	0	NA	NA	NA	1
ENSG00000261368	0	NA	NA	0	NA	NA	NA	1
ENSG00000261369	0	NA	NA	0	NA	NA	NA	1
ENSG00000261373	0	NA	NA	0	NA	NA	NA	1
ENSG00000261376	0	NA	NA	0	NA	NA	NA	1
ENSG00000261379	0	NA	NA	0	NA	NA	NA	1
ENSG00000261382	0	NA	NA	0	NA	NA	NA	1
ENSG00000261384	0	NA	NA	0	NA	NA	NA	1
ENSG00000261385	0	NA	NA	0	NA	NA	NA	1
ENSG00000261390	0	NA	NA	0	NA	NA	NA	1
ENSG00000261394	0	NA	NA	0	NA	NA	NA	1
ENSG00000261396	0	NA	NA	0	NA	NA	NA	1
ENSG00000261400	0	NA	NA	0	NA	NA	NA	1
ENSG00000261410	0	NA	NA	0	NA	NA	NA	1
ENSG00000261421	0	NA	NA	0	NA	NA	NA	1
ENSG00000261423	0	NA	NA	0	NA	NA	NA	1
ENSG00000261426	0	NA	NA	0	NA	NA	NA	1
ENSG00000261427	0	NA	NA	0	NA	NA	NA	1
ENSG00000261430	0	NA	NA	0	NA	NA	NA	1
ENSG00000261431	0	NA	NA	0	NA	NA	NA	1
ENSG00000261433	0	NA	NA	0	NA	NA	NA	1
ENSG00000261434	0	NA	NA	0	NA	NA	NA	1
ENSG00000261448	0	NA	NA	0	NA	NA	NA	1
ENSG00000261449	0	NA	NA	0	NA	NA	NA	1
ENSG00000261451	0	NA	NA	0	NA	NA	NA	1
ENSG00000261460	0	NA	NA	0	NA	NA	NA	1
ENSG00000261462	0	NA	NA	0	NA	NA	NA	1
ENSG00000261465	0	NA	NA	0	NA	NA	NA	1
ENSG00000261469	0	NA	NA	0	NA	NA	NA	1
ENSG00000261471	0	NA	NA	0	NA	NA	NA	1
ENSG00000261481	0	NA	NA	0	NA	NA	NA	1
ENSG00000261485	0	NA	NA	0	NA	NA	NA	1
ENSG00000261487	0	NA	NA	0	NA	NA	NA	1
ENSG00000261489	0	NA	NA	0	NA	NA	NA	1
ENSG00000261501	0	NA	NA	0	NA	NA	NA	1
ENSG00000261513	0	NA	NA	0	NA	NA	NA	1
ENSG00000261514	0	NA	NA	0	NA	NA	NA	1
ENSG00000261519	0	NA	NA	0	NA	NA	NA	1
ENSG00000261520	0	NA	NA	0	NA	NA	NA	1
ENSG00000261526	0	NA	NA	0	NA	NA	NA	1
ENSG00000261535	0	NA	NA	0	NA	NA	NA	1
ENSG00000261538	0	NA	NA	0	NA	NA	NA	1
ENSG00000261540	0	NA	NA	0	NA	NA	NA	1
ENSG00000261544	0	NA	NA	0	NA	NA	NA	1
ENSG00000261578	0	NA	NA	0	NA	NA	NA	1
ENSG00000261583	0	NA	NA	0	NA	NA	NA	1
ENSG00000261586	0	NA	NA	0	NA	NA	NA	1
ENSG00000261595	0	NA	NA	0	NA	NA	NA	1
ENSG00000261596	0	NA	NA	0	NA	NA	NA	1
ENSG00000261602	0	NA	NA	0	NA	NA	NA	1
ENSG00000261606	0	NA	NA	0	NA	NA	NA	1
ENSG00000261618	0	NA	NA	0	NA	NA	NA	1
ENSG00000261623	0	NA	NA	0	NA	NA	NA	1
ENSG00000261630	0	NA	NA	0	NA	NA	NA	1
ENSG00000261632	0	NA	NA	0	NA	NA	NA	1
ENSG00000261633	0	NA	NA	0	NA	NA	NA	1
ENSG00000261634	0	NA	NA	0	NA	NA	NA	1
ENSG00000261650	0	NA	NA	0	NA	NA	NA	1
ENSG00000261659	0	NA	NA	0	NA	NA	NA	1
ENSG00000261664	0	NA	NA	0	NA	NA	NA	1
ENSG00000261669	0	NA	NA	0	NA	NA	NA	1
ENSG00000261670	0	NA	NA	0	NA	NA	NA	1
ENSG00000261673	0	NA	NA	0	NA	NA	NA	1
ENSG00000261683	0	NA	NA	0	NA	NA	NA	1
ENSG00000261684	0	NA	NA	0	NA	NA	NA	1
ENSG00000261687	0	NA	NA	0	NA	NA	NA	1
ENSG00000261691	0	NA	NA	0	NA	NA	NA	1
ENSG00000261692	0	NA	NA	0	NA	NA	NA	1
ENSG00000261707	0	NA	NA	0	NA	NA	NA	1
ENSG00000261723	0	NA	NA	0	NA	NA	NA	1
ENSG00000261729	0	NA	NA	0	NA	NA	NA	1
ENSG00000261730	0	NA	NA	0	NA	NA	NA	1
ENSG00000261736	0	NA	NA	0	NA	NA	NA	1
ENSG00000261738	0	NA	NA	0	NA	NA	NA	1
ENSG00000261744	0	NA	NA	0	NA	NA	NA	1
ENSG00000261745	0	NA	NA	0	NA	NA	NA	1
ENSG00000261751	0	NA	NA	0	NA	NA	NA	1
ENSG00000261754	0	NA	NA	0	NA	NA	NA	1
ENSG00000261759	0	NA	NA	0	NA	NA	NA	1
ENSG00000261761	0	NA	NA	0	NA	NA	NA	1
ENSG00000261762	0	NA	NA	0	NA	NA	NA	1
ENSG00000261771	0	NA	NA	0	NA	NA	NA	1
ENSG00000261777	0	NA	NA	0	NA	NA	NA	1
ENSG00000261790	0	NA	NA	0	NA	NA	NA	1
ENSG00000261802	0	NA	NA	0	NA	NA	NA	1
ENSG00000261811	0	NA	NA	0	NA	NA	NA	1
ENSG00000261815	0	NA	NA	0	NA	NA	NA	1
ENSG00000261817	0	NA	NA	0	NA	NA	NA	1
ENSG00000261821	0	NA	NA	0	NA	NA	NA	1
ENSG00000261822	0	NA	NA	0	NA	NA	NA	1
ENSG00000261831	0	NA	NA	0	NA	NA	NA	1
ENSG00000261838	0	NA	NA	0	NA	NA	NA	1
ENSG00000261840	0	NA	NA	0	NA	NA	NA	1
ENSG00000261842	0	NA	NA	0	NA	NA	NA	1
ENSG00000261864	0	NA	NA	0	NA	NA	NA	1
ENSG00000261872	0	NA	NA	0	NA	NA	NA	1
ENSG00000261879	0	NA	NA	0	NA	NA	NA	1
ENSG00000261886	0	NA	NA	0	NA	NA	NA	1
ENSG00000261889	0	NA	NA	0	NA	NA	NA	1
ENSG00000261898	0	NA	NA	0	NA	NA	NA	1
ENSG00000261916	0	NA	NA	0	NA	NA	NA	1
ENSG00000261959	0	NA	NA	0	NA	NA	NA	1
ENSG00000261971	0	NA	NA	0	NA	NA	NA	1
ENSG00000261978	0	NA	NA	0	NA	NA	NA	1
ENSG00000261996	0	NA	NA	0	NA	NA	NA	1
ENSG00000261997	0	NA	NA	0	NA	NA	NA	1
ENSG00000262001	0	NA	NA	0	NA	NA	NA	1
ENSG00000262020	0	NA	NA	0	NA	NA	NA	1
ENSG00000262031	0	NA	NA	0	NA	NA	NA	1
ENSG00000262038	0	NA	NA	0	NA	NA	NA	1
ENSG00000262039	0	NA	NA	0	NA	NA	NA	1
ENSG00000262049	0	NA	NA	0	NA	NA	NA	1
ENSG00000262050	0	NA	NA	0	NA	NA	NA	1
ENSG00000262061	0	NA	NA	0	NA	NA	NA	1
ENSG00000262089	0	NA	NA	0	NA	NA	NA	1
ENSG00000262099	0	NA	NA	0	NA	NA	NA	1
ENSG00000262115	0	NA	NA	0	NA	NA	NA	1
ENSG00000262117	0	NA	NA	0	NA	NA	NA	1
ENSG00000262160	0	NA	NA	0	NA	NA	NA	1
ENSG00000262172	0	NA	NA	0	NA	NA	NA	1
ENSG00000262185	0	NA	NA	0	NA	NA	NA	1
ENSG00000262188	0	NA	NA	0	NA	NA	NA	1
ENSG00000262211	0	NA	NA	0	NA	NA	NA	1
ENSG00000262213	0	NA	NA	0	NA	NA	NA	1
ENSG00000262227	0	NA	NA	0	NA	NA	NA	1
ENSG00000262265	0	NA	NA	0	NA	NA	NA	1
ENSG00000262294	0	NA	NA	0	NA	NA	NA	1
ENSG00000262296	0	NA	NA	0	NA	NA	NA	1
ENSG00000262312	0	NA	NA	0	NA	NA	NA	1
ENSG00000262343	0	NA	NA	0	NA	NA	NA	1
ENSG00000262358	0	NA	NA	0	NA	NA	NA	1
ENSG00000262370	0	NA	NA	0	NA	NA	NA	1
ENSG00000262372	0	NA	NA	0	NA	NA	NA	1
ENSG00000262410	0	NA	NA	0	NA	NA	NA	1
ENSG00000262412	0	NA	NA	0	NA	NA	NA	1
ENSG00000262413	0	NA	NA	0	NA	NA	NA	1
ENSG00000262420	0	NA	NA	0	NA	NA	NA	1
ENSG00000262429	0	NA	NA	0	NA	NA	NA	1
ENSG00000262434	0	NA	NA	0	NA	NA	NA	1
ENSG00000262454	0	NA	NA	0	NA	NA	NA	1
ENSG00000262482	0	NA	NA	0	NA	NA	NA	1
ENSG00000262514	0	NA	NA	0	NA	NA	NA	1
ENSG00000262528	0	NA	NA	0	NA	NA	NA	1
ENSG00000262533	0	NA	NA	0	NA	NA	NA	1
ENSG00000262558	0	NA	NA	0	NA	NA	NA	1
ENSG00000262585	0	NA	NA	0	NA	NA	NA	1
ENSG00000262624	0	NA	NA	0	NA	NA	NA	1
ENSG00000262663	0	NA	NA	0	NA	NA	NA	1
ENSG00000262678	0	NA	NA	0	NA	NA	NA	1
ENSG00000262686	0	NA	NA	0	NA	NA	NA	1
ENSG00000262691	0	NA	NA	0	NA	NA	NA	1
ENSG00000262692	0	NA	NA	0	NA	NA	NA	1
ENSG00000262693	0	NA	NA	0	NA	NA	NA	1
ENSG00000262712	0	NA	NA	0	NA	NA	NA	1
ENSG00000262721	0	NA	NA	0	NA	NA	NA	1
ENSG00000262768	0	NA	NA	0	NA	NA	NA	1
ENSG00000262769	0	NA	NA	0	NA	NA	NA	1
ENSG00000262772	0	NA	NA	0	NA	NA	NA	1
ENSG00000262791	0	NA	NA	0	NA	NA	NA	1
ENSG00000262815	0	NA	NA	0	NA	NA	NA	1
ENSG00000262831	0	NA	NA	0	NA	NA	NA	1
ENSG00000262833	0	NA	NA	0	NA	NA	NA	1
ENSG00000262880	0	NA	NA	0	NA	NA	NA	1
ENSG00000262881	0	NA	NA	0	NA	NA	NA	1
ENSG00000262884	0	NA	NA	0	NA	NA	NA	1
ENSG00000262899	0	NA	NA	0	NA	NA	NA	1
ENSG00000262903	0	NA	NA	0	NA	NA	NA	1
ENSG00000262905	0	NA	NA	0	NA	NA	NA	1
ENSG00000262920	0	NA	NA	0	NA	NA	NA	1
ENSG00000262921	0	NA	NA	0	NA	NA	NA	1
ENSG00000262950	0	NA	NA	0	NA	NA	NA	1
ENSG00000262966	0	NA	NA	0	NA	NA	NA	1
ENSG00000262983	0	NA	NA	0	NA	NA	NA	1
ENSG00000263011	0	NA	NA	0	NA	NA	NA	1
ENSG00000263015	0	NA	NA	0	NA	NA	NA	1
ENSG00000263041	0	NA	NA	0	NA	NA	NA	1
ENSG00000263050	0	NA	NA	0	NA	NA	NA	1
ENSG00000263051	0	NA	NA	0	NA	NA	NA	1
ENSG00000263065	0	NA	NA	0	NA	NA	NA	1
ENSG00000263069	0	NA	NA	0	NA	NA	NA	1
ENSG00000263072	0	NA	NA	0	NA	NA	NA	1
ENSG00000263098	0	NA	NA	0	NA	NA	NA	1
ENSG00000263110	0	NA	NA	0	NA	NA	NA	1
ENSG00000263126	0	NA	NA	0	NA	NA	NA	1
ENSG00000263159	0	NA	NA	0	NA	NA	NA	1
ENSG00000263165	0	NA	NA	0	NA	NA	NA	1
ENSG00000263167	0	NA	NA	0	NA	NA	NA	1
ENSG00000263171	0	NA	NA	0	NA	NA	NA	1
ENSG00000263207	0	NA	NA	0	NA	NA	NA	1
ENSG00000263212	0	NA	NA	0	NA	NA	NA	1
ENSG00000263218	0	NA	NA	0	NA	NA	NA	1
ENSG00000263220	0	NA	NA	0	NA	NA	NA	1
ENSG00000263257	0	NA	NA	0	NA	NA	NA	1
ENSG00000263272	0	NA	NA	0	NA	NA	NA	1
ENSG00000263276	0	NA	NA	0	NA	NA	NA	1
ENSG00000263279	0	NA	NA	0	NA	NA	NA	1
ENSG00000263293	0	NA	NA	0	NA	NA	NA	1
ENSG00000263300	0	NA	NA	0	NA	NA	NA	1
ENSG00000263301	0	NA	NA	0	NA	NA	NA	1
ENSG00000263307	0	NA	NA	0	NA	NA	NA	1
ENSG00000263316	0	NA	NA	0	NA	NA	NA	1
ENSG00000263321	0	NA	NA	0	NA	NA	NA	1
ENSG00000263331	0	NA	NA	0	NA	NA	NA	1
ENSG00000263335	0	NA	NA	0	NA	NA	NA	1
ENSG00000263338	0	NA	NA	0	NA	NA	NA	1
ENSG00000263342	0	NA	NA	0	NA	NA	NA	1
ENSG00000263345	0	NA	NA	0	NA	NA	NA	1
ENSG00000263370	0	NA	NA	0	NA	NA	NA	1
ENSG00000263388	0	NA	NA	0	NA	NA	NA	1
ENSG00000263393	0	NA	NA	0	NA	NA	NA	1
ENSG00000263412	0	NA	NA	0	NA	NA	NA	1
ENSG00000263438	0	NA	NA	0	NA	NA	NA	1
ENSG00000263450	0	NA	NA	0	NA	NA	NA	1
ENSG00000263466	0	NA	NA	0	NA	NA	NA	1
ENSG00000263477	0	NA	NA	0	NA	NA	NA	1
ENSG00000263494	0	NA	NA	0	NA	NA	NA	1
ENSG00000263501	0	NA	NA	0	NA	NA	NA	1
ENSG00000263531	0	NA	NA	0	NA	NA	NA	1
ENSG00000263547	0	NA	NA	0	NA	NA	NA	1
ENSG00000263574	0	NA	NA	0	NA	NA	NA	1
ENSG00000263585	0	NA	NA	0	NA	NA	NA	1
ENSG00000263586	0	NA	NA	0	NA	NA	NA	1
ENSG00000263613	0	NA	NA	0	NA	NA	NA	1
ENSG00000263622	0	NA	NA	0	NA	NA	NA	1
ENSG00000263627	0	NA	NA	0	NA	NA	NA	1
ENSG00000263644	0	NA	NA	0	NA	NA	NA	1
ENSG00000263657	0	NA	NA	0	NA	NA	NA	1
ENSG00000263683	0	NA	NA	0	NA	NA	NA	1
ENSG00000263684	0	NA	NA	0	NA	NA	NA	1
ENSG00000263688	0	NA	NA	0	NA	NA	NA	1
ENSG00000263707	0	NA	NA	0	NA	NA	NA	1
ENSG00000263708	0	NA	NA	0	NA	NA	NA	1
ENSG00000263709	0	NA	NA	0	NA	NA	NA	1
ENSG00000263717	0	NA	NA	0	NA	NA	NA	1
ENSG00000263718	0	NA	NA	0	NA	NA	NA	1
ENSG00000263720	0	NA	NA	0	NA	NA	NA	1
ENSG00000263724	0	NA	NA	0	NA	NA	NA	1
ENSG00000263727	0	NA	NA	0	NA	NA	NA	1
ENSG00000263731	0	NA	NA	0	NA	NA	NA	1
ENSG00000263753	0	NA	NA	0	NA	NA	NA	1
ENSG00000263765	0	NA	NA	0	NA	NA	NA	1
ENSG00000263766	0	NA	NA	0	NA	NA	NA	1
ENSG00000263787	0	NA	NA	0	NA	NA	NA	1
ENSG00000263797	0	NA	NA	0	NA	NA	NA	1
ENSG00000263798	0	NA	NA	0	NA	NA	NA	1
ENSG00000263826	0	NA	NA	0	NA	NA	NA	1
ENSG00000263843	0	NA	NA	0	NA	NA	NA	1
ENSG00000263859	0	NA	NA	0	NA	NA	NA	1
ENSG00000263862	0	NA	NA	0	NA	NA	NA	1
ENSG00000263863	0	NA	NA	0	NA	NA	NA	1
ENSG00000263878	0	NA	NA	0	NA	NA	NA	1
ENSG00000263884	0	NA	NA	0	NA	NA	NA	1
ENSG00000263895	0	NA	NA	0	NA	NA	NA	1
ENSG00000263904	0	NA	NA	0	NA	NA	NA	1
ENSG00000263916	0	NA	NA	0	NA	NA	NA	1
ENSG00000263917	0	NA	NA	0	NA	NA	NA	1
ENSG00000263923	0	NA	NA	0	NA	NA	NA	1
ENSG00000263938	0	NA	NA	0	NA	NA	NA	1
ENSG00000263952	0	NA	NA	0	NA	NA	NA	1
ENSG00000263970	0	NA	NA	0	NA	NA	NA	1
ENSG00000263990	0	NA	NA	0	NA	NA	NA	1
ENSG00000264000	0	NA	NA	0	NA	NA	NA	1
ENSG00000264015	0	NA	NA	0	NA	NA	NA	1
ENSG00000264031	0	NA	NA	0	NA	NA	NA	1
ENSG00000264044	0	NA	NA	0	NA	NA	NA	1
ENSG00000264066	0	NA	NA	0	NA	NA	NA	1
ENSG00000264067	0	NA	NA	0	NA	NA	NA	1
ENSG00000264078	0	NA	NA	0	NA	NA	NA	1
ENSG00000264083	0	NA	NA	0	NA	NA	NA	1
ENSG00000264108	0	NA	NA	0	NA	NA	NA	1
ENSG00000264116	0	NA	NA	0	NA	NA	NA	1
ENSG00000264131	0	NA	NA	0	NA	NA	NA	1
ENSG00000264167	0	NA	NA	0	NA	NA	NA	1
ENSG00000264174	0	NA	NA	0	NA	NA	NA	1
ENSG00000264177	0	NA	NA	0	NA	NA	NA	1
ENSG00000264196	0	NA	NA	0	NA	NA	NA	1
ENSG00000264212	0	NA	NA	0	NA	NA	NA	1
ENSG00000264232	0	NA	NA	0	NA	NA	NA	1
ENSG00000264235	0	NA	NA	0	NA	NA	NA	1
ENSG00000264243	0	NA	NA	0	NA	NA	NA	1
ENSG00000264247	0	NA	NA	0	NA	NA	NA	1
ENSG00000264260	0	NA	NA	0	NA	NA	NA	1
ENSG00000264265	0	NA	NA	0	NA	NA	NA	1
ENSG00000264270	0	NA	NA	0	NA	NA	NA	1
ENSG00000264448	0	NA	NA	0	NA	NA	NA	1
ENSG00000264449	0	NA	NA	0	NA	NA	NA	1
ENSG00000264451	0	NA	NA	0	NA	NA	NA	1
ENSG00000264458	0	NA	NA	0	NA	NA	NA	1
ENSG00000264464	0	NA	NA	0	NA	NA	NA	1
ENSG00000264491	0	NA	NA	0	NA	NA	NA	1
ENSG00000264513	0	NA	NA	0	NA	NA	NA	1
ENSG00000264514	0	NA	NA	0	NA	NA	NA	1
ENSG00000264520	0	NA	NA	0	NA	NA	NA	1
ENSG00000264558	0	NA	NA	0	NA	NA	NA	1
ENSG00000264569	0	NA	NA	0	NA	NA	NA	1
ENSG00000264575	0	NA	NA	0	NA	NA	NA	1
ENSG00000264577	0	NA	NA	0	NA	NA	NA	1
ENSG00000264578	0	NA	NA	0	NA	NA	NA	1
ENSG00000264587	0	NA	NA	0	NA	NA	NA	1
ENSG00000264589	0	NA	NA	0	NA	NA	NA	1
ENSG00000264595	0	NA	NA	0	NA	NA	NA	1
ENSG00000264598	0	NA	NA	0	NA	NA	NA	1
ENSG00000264622	0	NA	NA	0	NA	NA	NA	1
ENSG00000264647	0	NA	NA	0	NA	NA	NA	1
ENSG00000264666	0	NA	NA	0	NA	NA	NA	1
ENSG00000264672	0	NA	NA	0	NA	NA	NA	1
ENSG00000264701	0	NA	NA	0	NA	NA	NA	1
ENSG00000264707	0	NA	NA	0	NA	NA	NA	1
ENSG00000264735	0	NA	NA	0	NA	NA	NA	1
ENSG00000264739	0	NA	NA	0	NA	NA	NA	1
ENSG00000264745	0	NA	NA	0	NA	NA	NA	1
ENSG00000264750	0	NA	NA	0	NA	NA	NA	1
ENSG00000264754	0	NA	NA	0	NA	NA	NA	1
ENSG00000264769	0	NA	NA	0	NA	NA	NA	1
ENSG00000264772	0	NA	NA	0	NA	NA	NA	1
ENSG00000264825	0	NA	NA	0	NA	NA	NA	1
ENSG00000264829	0	NA	NA	0	NA	NA	NA	1
ENSG00000264843	0	NA	NA	0	NA	NA	NA	1
ENSG00000264859	0	NA	NA	0	NA	NA	NA	1
ENSG00000264860	0	NA	NA	0	NA	NA	NA	1
ENSG00000264876	0	NA	NA	0	NA	NA	NA	1
ENSG00000264895	0	NA	NA	0	NA	NA	NA	1
ENSG00000264920	0	NA	NA	0	NA	NA	NA	1
ENSG00000264924	0	NA	NA	0	NA	NA	NA	1
ENSG00000264932	0	NA	NA	0	NA	NA	NA	1
ENSG00000264964	0	NA	NA	0	NA	NA	NA	1
ENSG00000264968	0	NA	NA	0	NA	NA	NA	1
ENSG00000264982	0	NA	NA	0	NA	NA	NA	1
ENSG00000264985	0	NA	NA	0	NA	NA	NA	1
ENSG00000265073	0	NA	NA	0	NA	NA	NA	1
ENSG00000265091	0	NA	NA	0	NA	NA	NA	1
ENSG00000265096	0	NA	NA	0	NA	NA	NA	1
ENSG00000265113	0	NA	NA	0	NA	NA	NA	1
ENSG00000265121	0	NA	NA	0	NA	NA	NA	1
ENSG00000265126	0	NA	NA	0	NA	NA	NA	1
ENSG00000265128	0	NA	NA	0	NA	NA	NA	1
ENSG00000265142	0	NA	NA	0	NA	NA	NA	1
ENSG00000265168	0	NA	NA	0	NA	NA	NA	1
ENSG00000265174	0	NA	NA	0	NA	NA	NA	1
ENSG00000265179	0	NA	NA	0	NA	NA	NA	1
ENSG00000265204	0	NA	NA	0	NA	NA	NA	1
ENSG00000265206	0	NA	NA	0	NA	NA	NA	1
ENSG00000265217	0	NA	NA	0	NA	NA	NA	1
ENSG00000265222	0	NA	NA	0	NA	NA	NA	1
ENSG00000265254	0	NA	NA	0	NA	NA	NA	1
ENSG00000265257	0	NA	NA	0	NA	NA	NA	1
ENSG00000265282	0	NA	NA	0	NA	NA	NA	1
ENSG00000265287	0	NA	NA	0	NA	NA	NA	1
ENSG00000265289	0	NA	NA	0	NA	NA	NA	1
ENSG00000265316	0	NA	NA	0	NA	NA	NA	1
ENSG00000265334	0	NA	NA	0	NA	NA	NA	1
ENSG00000265337	0	NA	NA	0	NA	NA	NA	1
ENSG00000265349	0	NA	NA	0	NA	NA	NA	1
ENSG00000265359	0	NA	NA	0	NA	NA	NA	1
ENSG00000265378	0	NA	NA	0	NA	NA	NA	1
ENSG00000265394	0	NA	NA	0	NA	NA	NA	1
ENSG00000265399	0	NA	NA	0	NA	NA	NA	1
ENSG00000265401	0	NA	NA	0	NA	NA	NA	1
ENSG00000265413	0	NA	NA	0	NA	NA	NA	1
ENSG00000265415	0	NA	NA	0	NA	NA	NA	1
ENSG00000265445	0	NA	NA	0	NA	NA	NA	1
ENSG00000265474	0	NA	NA	0	NA	NA	NA	1
ENSG00000265477	0	NA	NA	0	NA	NA	NA	1
ENSG00000265487	0	NA	NA	0	NA	NA	NA	1
ENSG00000265489	0	NA	NA	0	NA	NA	NA	1
ENSG00000265496	0	NA	NA	0	NA	NA	NA	1
ENSG00000265511	0	NA	NA	0	NA	NA	NA	1
ENSG00000265514	0	NA	NA	0	NA	NA	NA	1
ENSG00000265554	0	NA	NA	0	NA	NA	NA	1
ENSG00000265618	0	NA	NA	0	NA	NA	NA	1
ENSG00000265625	0	NA	NA	0	NA	NA	NA	1
ENSG00000265643	0	NA	NA	0	NA	NA	NA	1
ENSG00000265644	0	NA	NA	0	NA	NA	NA	1
ENSG00000265656	0	NA	NA	0	NA	NA	NA	1
ENSG00000265664	0	NA	NA	0	NA	NA	NA	1
ENSG00000265666	0	NA	NA	0	NA	NA	NA	1
ENSG00000265670	0	NA	NA	0	NA	NA	NA	1
ENSG00000265671	0	NA	NA	0	NA	NA	NA	1
ENSG00000265688	0	NA	NA	0	NA	NA	NA	1
ENSG00000265692	0	NA	NA	0	NA	NA	NA	1
ENSG00000265717	0	NA	NA	0	NA	NA	NA	1
ENSG00000265739	0	NA	NA	0	NA	NA	NA	1
ENSG00000265749	0	NA	NA	0	NA	NA	NA	1
ENSG00000265750	0	NA	NA	0	NA	NA	NA	1
ENSG00000265751	0	NA	NA	0	NA	NA	NA	1
ENSG00000265752	0	NA	NA	0	NA	NA	NA	1
ENSG00000265784	0	NA	NA	0	NA	NA	NA	1
ENSG00000265794	0	NA	NA	0	NA	NA	NA	1
ENSG00000265799	0	NA	NA	0	NA	NA	NA	1
ENSG00000265840	0	NA	NA	0	NA	NA	NA	1
ENSG00000265845	0	NA	NA	0	NA	NA	NA	1
ENSG00000265888	0	NA	NA	0	NA	NA	NA	1
ENSG00000265907	0	NA	NA	0	NA	NA	NA	1
ENSG00000265908	0	NA	NA	0	NA	NA	NA	1
ENSG00000265927	0	NA	NA	0	NA	NA	NA	1
ENSG00000265935	0	NA	NA	0	NA	NA	NA	1
ENSG00000265943	0	NA	NA	0	NA	NA	NA	1
ENSG00000265944	0	NA	NA	0	NA	NA	NA	1
ENSG00000265962	0	NA	NA	0	NA	NA	NA	1
ENSG00000265971	0	NA	NA	0	NA	NA	NA	1
ENSG00000265975	0	NA	NA	0	NA	NA	NA	1
ENSG00000265980	0	NA	NA	0	NA	NA	NA	1
ENSG00000265992	0	NA	NA	0	NA	NA	NA	1
ENSG00000265994	0	NA	NA	0	NA	NA	NA	1
ENSG00000266014	0	NA	NA	0	NA	NA	NA	1
ENSG00000266036	0	NA	NA	0	NA	NA	NA	1
ENSG00000266049	0	NA	NA	0	NA	NA	NA	1
ENSG00000266065	0	NA	NA	0	NA	NA	NA	1
ENSG00000266101	0	NA	NA	0	NA	NA	NA	1
ENSG00000266102	0	NA	NA	0	NA	NA	NA	1
ENSG00000266120	0	NA	NA	0	NA	NA	NA	1
ENSG00000266126	0	NA	NA	0	NA	NA	NA	1
ENSG00000266149	0	NA	NA	0	NA	NA	NA	1
ENSG00000266153	0	NA	NA	0	NA	NA	NA	1
ENSG00000266196	0	NA	NA	0	NA	NA	NA	1
ENSG00000266213	0	NA	NA	0	NA	NA	NA	1
ENSG00000266222	0	NA	NA	0	NA	NA	NA	1
ENSG00000266268	0	NA	NA	0	NA	NA	NA	1
ENSG00000266279	0	NA	NA	0	NA	NA	NA	1
ENSG00000266283	0	NA	NA	0	NA	NA	NA	1
ENSG00000266288	0	NA	NA	0	NA	NA	NA	1
ENSG00000266357	0	NA	NA	0	NA	NA	NA	1
ENSG00000266368	0	NA	NA	0	NA	NA	NA	1
ENSG00000266385	0	NA	NA	0	NA	NA	NA	1
ENSG00000266389	0	NA	NA	0	NA	NA	NA	1
ENSG00000266397	0	NA	NA	0	NA	NA	NA	1
ENSG00000266401	0	NA	NA	0	NA	NA	NA	1
ENSG00000266441	0	NA	NA	0	NA	NA	NA	1
ENSG00000266456	0	NA	NA	0	NA	NA	NA	1
ENSG00000266460	0	NA	NA	0	NA	NA	NA	1
ENSG00000266469	0	NA	NA	0	NA	NA	NA	1
ENSG00000266495	0	NA	NA	0	NA	NA	NA	1
ENSG00000266498	0	NA	NA	0	NA	NA	NA	1
ENSG00000266505	0	NA	NA	0	NA	NA	NA	1
ENSG00000266527	0	NA	NA	0	NA	NA	NA	1
ENSG00000266541	0	NA	NA	0	NA	NA	NA	1
ENSG00000266560	0	NA	NA	0	NA	NA	NA	1
ENSG00000266578	0	NA	NA	0	NA	NA	NA	1
ENSG00000266588	0	NA	NA	0	NA	NA	NA	1
ENSG00000266598	0	NA	NA	0	NA	NA	NA	1
ENSG00000266599	0	NA	NA	0	NA	NA	NA	1
ENSG00000266601	0	NA	NA	0	NA	NA	NA	1
ENSG00000266614	0	NA	NA	0	NA	NA	NA	1
ENSG00000266642	0	NA	NA	0	NA	NA	NA	1
ENSG00000266651	0	NA	NA	0	NA	NA	NA	1
ENSG00000266677	0	NA	NA	0	NA	NA	NA	1
ENSG00000266696	0	NA	NA	0	NA	NA	NA	1
ENSG00000266708	0	NA	NA	0	NA	NA	NA	1
ENSG00000266717	0	NA	NA	0	NA	NA	NA	1
ENSG00000266718	0	NA	NA	0	NA	NA	NA	1
ENSG00000266729	0	NA	NA	0	NA	NA	NA	1
ENSG00000266743	0	NA	NA	0	NA	NA	NA	1
ENSG00000266765	0	NA	NA	0	NA	NA	NA	1
ENSG00000266774	0	NA	NA	0	NA	NA	NA	1
ENSG00000266801	0	NA	NA	0	NA	NA	NA	1
ENSG00000266803	0	NA	NA	0	NA	NA	NA	1
ENSG00000266805	0	NA	NA	0	NA	NA	NA	1
ENSG00000266821	0	NA	NA	0	NA	NA	NA	1
ENSG00000266824	0	NA	NA	0	NA	NA	NA	1
ENSG00000266835	0	NA	NA	0	NA	NA	NA	1
ENSG00000266840	0	NA	NA	0	NA	NA	NA	1
ENSG00000266844	0	NA	NA	0	NA	NA	NA	1
ENSG00000266846	0	NA	NA	0	NA	NA	NA	1
ENSG00000266850	0	NA	NA	0	NA	NA	NA	1
ENSG00000266869	0	NA	NA	0	NA	NA	NA	1
ENSG00000266896	0	NA	NA	0	NA	NA	NA	1
ENSG00000266897	0	NA	NA	0	NA	NA	NA	1
ENSG00000266919	0	NA	NA	0	NA	NA	NA	1
ENSG00000266929	0	NA	NA	0	NA	NA	NA	1
ENSG00000266934	0	NA	NA	0	NA	NA	NA	1
ENSG00000266951	0	NA	NA	0	NA	NA	NA	1
ENSG00000266952	0	NA	NA	0	NA	NA	NA	1
ENSG00000266955	0	NA	NA	0	NA	NA	NA	1
ENSG00000266957	0	NA	NA	0	NA	NA	NA	1
ENSG00000266961	0	NA	NA	0	NA	NA	NA	1
ENSG00000266962	0	NA	NA	0	NA	NA	NA	1
ENSG00000266963	0	NA	NA	0	NA	NA	NA	1
ENSG00000266965	0	NA	NA	0	NA	NA	NA	1
ENSG00000266968	0	NA	NA	0	NA	NA	NA	1
ENSG00000266970	0	NA	NA	0	NA	NA	NA	1
ENSG00000266973	0	NA	NA	0	NA	NA	NA	1
ENSG00000266975	0	NA	NA	0	NA	NA	NA	1
ENSG00000266978	0	NA	NA	0	NA	NA	NA	1
ENSG00000266979	0	NA	NA	0	NA	NA	NA	1
ENSG00000266980	0	NA	NA	0	NA	NA	NA	1
ENSG00000266983	0	NA	NA	0	NA	NA	NA	1
ENSG00000266985	0	NA	NA	0	NA	NA	NA	1
ENSG00000266987	0	NA	NA	0	NA	NA	NA	1
ENSG00000266990	0	NA	NA	0	NA	NA	NA	1
ENSG00000266993	0	NA	NA	0	NA	NA	NA	1
ENSG00000266994	0	NA	NA	0	NA	NA	NA	1
ENSG00000267000	0	NA	NA	0	NA	NA	NA	1
ENSG00000267002	0	NA	NA	0	NA	NA	NA	1
ENSG00000267004	0	NA	NA	0	NA	NA	NA	1
ENSG00000267006	0	NA	NA	0	NA	NA	NA	1
ENSG00000267009	0	NA	NA	0	NA	NA	NA	1
ENSG00000267024	0	NA	NA	0	NA	NA	NA	1
ENSG00000267026	0	NA	NA	0	NA	NA	NA	1
ENSG00000267035	0	NA	NA	0	NA	NA	NA	1
ENSG00000267038	0	NA	NA	0	NA	NA	NA	1
ENSG00000267039	0	NA	NA	0	NA	NA	NA	1
ENSG00000267040	0	NA	NA	0	NA	NA	NA	1
ENSG00000267042	0	NA	NA	0	NA	NA	NA	1
ENSG00000267044	0	NA	NA	0	NA	NA	NA	1
ENSG00000267047	0	NA	NA	0	NA	NA	NA	1
ENSG00000267048	0	NA	NA	0	NA	NA	NA	1
ENSG00000267049	0	NA	NA	0	NA	NA	NA	1
ENSG00000267051	0	NA	NA	0	NA	NA	NA	1
ENSG00000267054	0	NA	NA	0	NA	NA	NA	1
ENSG00000267061	0	NA	NA	0	NA	NA	NA	1
ENSG00000267062	0	NA	NA	0	NA	NA	NA	1
ENSG00000267064	0	NA	NA	0	NA	NA	NA	1
ENSG00000267070	0	NA	NA	0	NA	NA	NA	1
ENSG00000267072	0	NA	NA	0	NA	NA	NA	1
ENSG00000267073	0	NA	NA	0	NA	NA	NA	1
ENSG00000267074	0	NA	NA	0	NA	NA	NA	1
ENSG00000267078	0	NA	NA	0	NA	NA	NA	1
ENSG00000267079	0	NA	NA	0	NA	NA	NA	1
ENSG00000267080	0	NA	NA	0	NA	NA	NA	1
ENSG00000267081	0	NA	NA	0	NA	NA	NA	1
ENSG00000267082	0	NA	NA	0	NA	NA	NA	1
ENSG00000267090	0	NA	NA	0	NA	NA	NA	1
ENSG00000267092	0	NA	NA	0	NA	NA	NA	1
ENSG00000267096	0	NA	NA	0	NA	NA	NA	1
ENSG00000267100	0	NA	NA	0	NA	NA	NA	1
ENSG00000267104	0	NA	NA	0	NA	NA	NA	1
ENSG00000267105	0	NA	NA	0	NA	NA	NA	1
ENSG00000267108	0	NA	NA	0	NA	NA	NA	1
ENSG00000267114	0	NA	NA	0	NA	NA	NA	1
ENSG00000267117	0	NA	NA	0	NA	NA	NA	1
ENSG00000267122	0	NA	NA	0	NA	NA	NA	1
ENSG00000267123	0	NA	NA	0	NA	NA	NA	1
ENSG00000267124	0	NA	NA	0	NA	NA	NA	1
ENSG00000267125	0	NA	NA	0	NA	NA	NA	1
ENSG00000267128	0	NA	NA	0	NA	NA	NA	1
ENSG00000267130	0	NA	NA	0	NA	NA	NA	1
ENSG00000267131	0	NA	NA	0	NA	NA	NA	1
ENSG00000267133	0	NA	NA	0	NA	NA	NA	1
ENSG00000267134	0	NA	NA	0	NA	NA	NA	1
ENSG00000267137	0	NA	NA	0	NA	NA	NA	1
ENSG00000267138	0	NA	NA	0	NA	NA	NA	1
ENSG00000267139	0	NA	NA	0	NA	NA	NA	1
ENSG00000267141	0	NA	NA	0	NA	NA	NA	1
ENSG00000267146	0	NA	NA	0	NA	NA	NA	1
ENSG00000267147	0	NA	NA	0	NA	NA	NA	1
ENSG00000267160	0	NA	NA	0	NA	NA	NA	1
ENSG00000267165	0	NA	NA	0	NA	NA	NA	1
ENSG00000267169	0	NA	NA	0	NA	NA	NA	1
ENSG00000267174	0	NA	NA	0	NA	NA	NA	1
ENSG00000267175	0	NA	NA	0	NA	NA	NA	1
ENSG00000267191	0	NA	NA	0	NA	NA	NA	1
ENSG00000267192	0	NA	NA	0	NA	NA	NA	1
ENSG00000267196	0	NA	NA	0	NA	NA	NA	1
ENSG00000267199	0	NA	NA	0	NA	NA	NA	1
ENSG00000267204	0	NA	NA	0	NA	NA	NA	1
ENSG00000267205	0	NA	NA	0	NA	NA	NA	1
ENSG00000267207	0	NA	NA	0	NA	NA	NA	1
ENSG00000267209	0	NA	NA	0	NA	NA	NA	1
ENSG00000267211	0	NA	NA	0	NA	NA	NA	1
ENSG00000267212	0	NA	NA	0	NA	NA	NA	1
ENSG00000267215	0	NA	NA	0	NA	NA	NA	1
ENSG00000267219	0	NA	NA	0	NA	NA	NA	1
ENSG00000267222	0	NA	NA	0	NA	NA	NA	1
ENSG00000267223	0	NA	NA	0	NA	NA	NA	1
ENSG00000267224	0	NA	NA	0	NA	NA	NA	1
ENSG00000267225	0	NA	NA	0	NA	NA	NA	1
ENSG00000267231	0	NA	NA	0	NA	NA	NA	1
ENSG00000267232	0	NA	NA	0	NA	NA	NA	1
ENSG00000267234	0	NA	NA	0	NA	NA	NA	1
ENSG00000267244	0	NA	NA	0	NA	NA	NA	1
ENSG00000267249	0	NA	NA	0	NA	NA	NA	1
ENSG00000267250	0	NA	NA	0	NA	NA	NA	1
ENSG00000267251	0	NA	NA	0	NA	NA	NA	1
ENSG00000267252	0	NA	NA	0	NA	NA	NA	1
ENSG00000267255	0	NA	NA	0	NA	NA	NA	1
ENSG00000267257	0	NA	NA	0	NA	NA	NA	1
ENSG00000267263	0	NA	NA	0	NA	NA	NA	1
ENSG00000267269	0	NA	NA	0	NA	NA	NA	1
ENSG00000267270	0	NA	NA	0	NA	NA	NA	1
ENSG00000267272	0	NA	NA	0	NA	NA	NA	1
ENSG00000267275	0	NA	NA	0	NA	NA	NA	1
ENSG00000267277	0	NA	NA	0	NA	NA	NA	1
ENSG00000267279	0	NA	NA	0	NA	NA	NA	1
ENSG00000267282	0	NA	NA	0	NA	NA	NA	1
ENSG00000267283	0	NA	NA	0	NA	NA	NA	1
ENSG00000267291	0	NA	NA	0	NA	NA	NA	1
ENSG00000267296	0	NA	NA	0	NA	NA	NA	1
ENSG00000267309	0	NA	NA	0	NA	NA	NA	1
ENSG00000267316	0	NA	NA	0	NA	NA	NA	1
ENSG00000267317	0	NA	NA	0	NA	NA	NA	1
ENSG00000267321	0	NA	NA	0	NA	NA	NA	1
ENSG00000267322	0	NA	NA	0	NA	NA	NA	1
ENSG00000267328	0	NA	NA	0	NA	NA	NA	1
ENSG00000267334	0	NA	NA	0	NA	NA	NA	1
ENSG00000267342	0	NA	NA	0	NA	NA	NA	1
ENSG00000267348	0	NA	NA	0	NA	NA	NA	1
ENSG00000267359	0	NA	NA	0	NA	NA	NA	1
ENSG00000267363	0	NA	NA	0	NA	NA	NA	1
ENSG00000267375	0	NA	NA	0	NA	NA	NA	1
ENSG00000267378	0	NA	NA	0	NA	NA	NA	1
ENSG00000267387	0	NA	NA	0	NA	NA	NA	1
ENSG00000267388	0	NA	NA	0	NA	NA	NA	1
ENSG00000267391	0	NA	NA	0	NA	NA	NA	1
ENSG00000267394	0	NA	NA	0	NA	NA	NA	1
ENSG00000267395	0	NA	NA	0	NA	NA	NA	1
ENSG00000267396	0	NA	NA	0	NA	NA	NA	1
ENSG00000267401	0	NA	NA	0	NA	NA	NA	1
ENSG00000267407	0	NA	NA	0	NA	NA	NA	1
ENSG00000267417	0	NA	NA	0	NA	NA	NA	1
ENSG00000267420	0	NA	NA	0	NA	NA	NA	1
ENSG00000267421	0	NA	NA	0	NA	NA	NA	1
ENSG00000267424	0	NA	NA	0	NA	NA	NA	1
ENSG00000267425	0	NA	NA	0	NA	NA	NA	1
ENSG00000267432	0	NA	NA	0	NA	NA	NA	1
ENSG00000267436	0	NA	NA	0	NA	NA	NA	1
ENSG00000267439	0	NA	NA	0	NA	NA	NA	1
ENSG00000267448	0	NA	NA	0	NA	NA	NA	1
ENSG00000267454	0	NA	NA	0	NA	NA	NA	1
ENSG00000267455	0	NA	NA	0	NA	NA	NA	1
ENSG00000267458	0	NA	NA	0	NA	NA	NA	1
ENSG00000267461	0	NA	NA	0	NA	NA	NA	1
ENSG00000267465	0	NA	NA	0	NA	NA	NA	1
ENSG00000267474	0	NA	NA	0	NA	NA	NA	1
ENSG00000267476	0	NA	NA	0	NA	NA	NA	1
ENSG00000267484	0	NA	NA	0	NA	NA	NA	1
ENSG00000267489	0	NA	NA	0	NA	NA	NA	1
ENSG00000267491	0	NA	NA	0	NA	NA	NA	1
ENSG00000267493	0	NA	NA	0	NA	NA	NA	1
ENSG00000267501	0	NA	NA	0	NA	NA	NA	1
ENSG00000267504	0	NA	NA	0	NA	NA	NA	1
ENSG00000267506	0	NA	NA	0	NA	NA	NA	1
ENSG00000267512	0	NA	NA	0	NA	NA	NA	1
ENSG00000267520	0	NA	NA	0	NA	NA	NA	1
ENSG00000267523	0	NA	NA	0	NA	NA	NA	1
ENSG00000267532	0	NA	NA	0	NA	NA	NA	1
ENSG00000267546	0	NA	NA	0	NA	NA	NA	1
ENSG00000267550	0	NA	NA	0	NA	NA	NA	1
ENSG00000267560	0	NA	NA	0	NA	NA	NA	1
ENSG00000267563	0	NA	NA	0	NA	NA	NA	1
ENSG00000267564	0	NA	NA	0	NA	NA	NA	1
ENSG00000267576	0	NA	NA	0	NA	NA	NA	1
ENSG00000267577	0	NA	NA	0	NA	NA	NA	1
ENSG00000267579	0	NA	NA	0	NA	NA	NA	1
ENSG00000267580	0	NA	NA	0	NA	NA	NA	1
ENSG00000267581	0	NA	NA	0	NA	NA	NA	1
ENSG00000267583	0	NA	NA	0	NA	NA	NA	1
ENSG00000267586	0	NA	NA	0	NA	NA	NA	1
ENSG00000267593	0	NA	NA	0	NA	NA	NA	1
ENSG00000267599	0	NA	NA	0	NA	NA	NA	1
ENSG00000267601	0	NA	NA	0	NA	NA	NA	1
ENSG00000267604	0	NA	NA	0	NA	NA	NA	1
ENSG00000267607	0	NA	NA	0	NA	NA	NA	1
ENSG00000267610	0	NA	NA	0	NA	NA	NA	1
ENSG00000267615	0	NA	NA	0	NA	NA	NA	1
ENSG00000267626	0	NA	NA	0	NA	NA	NA	1
ENSG00000267629	0	NA	NA	0	NA	NA	NA	1
ENSG00000267633	0	NA	NA	0	NA	NA	NA	1
ENSG00000267636	0	NA	NA	0	NA	NA	NA	1
ENSG00000267638	0	NA	NA	0	NA	NA	NA	1
ENSG00000267642	0	NA	NA	0	NA	NA	NA	1
ENSG00000267650	0	NA	NA	0	NA	NA	NA	1
ENSG00000267651	0	NA	NA	0	NA	NA	NA	1
ENSG00000267659	0	NA	NA	0	NA	NA	NA	1
ENSG00000267662	0	NA	NA	0	NA	NA	NA	1
ENSG00000267665	0	NA	NA	0	NA	NA	NA	1
ENSG00000267670	0	NA	NA	0	NA	NA	NA	1
ENSG00000267675	0	NA	NA	0	NA	NA	NA	1
ENSG00000267677	0	NA	NA	0	NA	NA	NA	1
ENSG00000267686	0	NA	NA	0	NA	NA	NA	1
ENSG00000267688	0	NA	NA	0	NA	NA	NA	1
ENSG00000267698	0	NA	NA	0	NA	NA	NA	1
ENSG00000267703	0	NA	NA	0	NA	NA	NA	1
ENSG00000267705	0	NA	NA	0	NA	NA	NA	1
ENSG00000267714	0	NA	NA	0	NA	NA	NA	1
ENSG00000267724	0	NA	NA	0	NA	NA	NA	1
ENSG00000267726	0	NA	NA	0	NA	NA	NA	1
ENSG00000267727	0	NA	NA	0	NA	NA	NA	1
ENSG00000267729	0	NA	NA	0	NA	NA	NA	1
ENSG00000267735	0	NA	NA	0	NA	NA	NA	1
ENSG00000267737	0	NA	NA	0	NA	NA	NA	1
ENSG00000267743	0	NA	NA	0	NA	NA	NA	1
ENSG00000267750	0	NA	NA	0	NA	NA	NA	1
ENSG00000267751	0	NA	NA	0	NA	NA	NA	1
ENSG00000267757	0	NA	NA	0	NA	NA	NA	1
ENSG00000267760	0	NA	NA	0	NA	NA	NA	1
ENSG00000267762	0	NA	NA	0	NA	NA	NA	1
ENSG00000267764	0	NA	NA	0	NA	NA	NA	1
ENSG00000267765	0	NA	NA	0	NA	NA	NA	1
ENSG00000267767	0	NA	NA	0	NA	NA	NA	1
ENSG00000267772	0	NA	NA	0	NA	NA	NA	1
ENSG00000267774	0	NA	NA	0	NA	NA	NA	1
ENSG00000267777	0	NA	NA	0	NA	NA	NA	1
ENSG00000267779	0	NA	NA	0	NA	NA	NA	1
ENSG00000267782	0	NA	NA	0	NA	NA	NA	1
ENSG00000267786	0	NA	NA	0	NA	NA	NA	1
ENSG00000267787	0	NA	NA	0	NA	NA	NA	1
ENSG00000267789	0	NA	NA	0	NA	NA	NA	1
ENSG00000267791	0	NA	NA	0	NA	NA	NA	1
ENSG00000267801	0	NA	NA	0	NA	NA	NA	1
ENSG00000267811	0	NA	NA	0	NA	NA	NA	1
ENSG00000267815	0	NA	NA	0	NA	NA	NA	1
ENSG00000267827	0	NA	NA	0	NA	NA	NA	1
ENSG00000267834	0	NA	NA	0	NA	NA	NA	1
ENSG00000267838	0	NA	NA	0	NA	NA	NA	1
ENSG00000267852	0	NA	NA	0	NA	NA	NA	1
ENSG00000267857	0	NA	NA	0	NA	NA	NA	1
ENSG00000267858	0	NA	NA	0	NA	NA	NA	1
ENSG00000267868	0	NA	NA	0	NA	NA	NA	1
ENSG00000267879	0	NA	NA	0	NA	NA	NA	1
ENSG00000267882	0	NA	NA	0	NA	NA	NA	1
ENSG00000267892	0	NA	NA	0	NA	NA	NA	1
ENSG00000267904	0	NA	NA	0	NA	NA	NA	1
ENSG00000267905	0	NA	NA	0	NA	NA	NA	1
ENSG00000267922	0	NA	NA	0	NA	NA	NA	1
ENSG00000267927	0	NA	NA	0	NA	NA	NA	1
ENSG00000267939	0	NA	NA	0	NA	NA	NA	1
ENSG00000267968	0	NA	NA	0	NA	NA	NA	1
ENSG00000267980	0	NA	NA	0	NA	NA	NA	1
ENSG00000267984	0	NA	NA	0	NA	NA	NA	1
ENSG00000267986	0	NA	NA	0	NA	NA	NA	1
ENSG00000268006	0	NA	NA	0	NA	NA	NA	1
ENSG00000268015	0	NA	NA	0	NA	NA	NA	1
ENSG00000268047	0	NA	NA	0	NA	NA	NA	1
ENSG00000268051	0	NA	NA	0	NA	NA	NA	1
ENSG00000268055	0	NA	NA	0	NA	NA	NA	1
ENSG00000268056	0	NA	NA	0	NA	NA	NA	1
ENSG00000268061	0	NA	NA	0	NA	NA	NA	1
ENSG00000268066	0	NA	NA	0	NA	NA	NA	1
ENSG00000268069	0	NA	NA	0	NA	NA	NA	1
ENSG00000268087	0	NA	NA	0	NA	NA	NA	1
ENSG00000268093	0	NA	NA	0	NA	NA	NA	1
ENSG00000268095	0	NA	NA	0	NA	NA	NA	1
ENSG00000268112	0	NA	NA	0	NA	NA	NA	1
ENSG00000268120	0	NA	NA	0	NA	NA	NA	1
ENSG00000268149	0	NA	NA	0	NA	NA	NA	1
ENSG00000268189	0	NA	NA	0	NA	NA	NA	1
ENSG00000268191	0	NA	NA	0	NA	NA	NA	1
ENSG00000268203	0	NA	NA	0	NA	NA	NA	1
ENSG00000268257	0	NA	NA	0	NA	NA	NA	1
ENSG00000268287	0	NA	NA	0	NA	NA	NA	1
ENSG00000268288	0	NA	NA	0	NA	NA	NA	1
ENSG00000268289	0	NA	NA	0	NA	NA	NA	1
ENSG00000268309	0	NA	NA	0	NA	NA	NA	1
ENSG00000268316	0	NA	NA	0	NA	NA	NA	1
ENSG00000268364	0	NA	NA	0	NA	NA	NA	1
ENSG00000268375	0	NA	NA	0	NA	NA	NA	1
ENSG00000268390	0	NA	NA	0	NA	NA	NA	1
ENSG00000268392	0	NA	NA	0	NA	NA	NA	1
ENSG00000268401	0	NA	NA	0	NA	NA	NA	1
ENSG00000268472	0	NA	NA	0	NA	NA	NA	1
ENSG00000268496	0	NA	NA	0	NA	NA	NA	1
ENSG00000268499	0	NA	NA	0	NA	NA	NA	1
ENSG00000268518	0	NA	NA	0	NA	NA	NA	1
ENSG00000268520	0	NA	NA	0	NA	NA	NA	1
ENSG00000268530	0	NA	NA	0	NA	NA	NA	1
ENSG00000268536	0	NA	NA	0	NA	NA	NA	1
ENSG00000268564	0	NA	NA	0	NA	NA	NA	1
ENSG00000268573	0	NA	NA	0	NA	NA	NA	1
ENSG00000268575	0	NA	NA	0	NA	NA	NA	1
ENSG00000268583	0	NA	NA	0	NA	NA	NA	1
ENSG00000268592	0	NA	NA	0	NA	NA	NA	1
ENSG00000268601	0	NA	NA	0	NA	NA	NA	1
ENSG00000268603	0	NA	NA	0	NA	NA	NA	1
ENSG00000268605	0	NA	NA	0	NA	NA	NA	1
ENSG00000268618	0	NA	NA	0	NA	NA	NA	1
ENSG00000268635	0	NA	NA	0	NA	NA	NA	1
ENSG00000268636	0	NA	NA	0	NA	NA	NA	1
ENSG00000268650	0	NA	NA	0	NA	NA	NA	1
ENSG00000268677	0	NA	NA	0	NA	NA	NA	1
ENSG00000268729	0	NA	NA	0	NA	NA	NA	1
ENSG00000268739	0	NA	NA	0	NA	NA	NA	1
ENSG00000268746	0	NA	NA	0	NA	NA	NA	1
ENSG00000268764	0	NA	NA	0	NA	NA	NA	1
ENSG00000268798	0	NA	NA	0	NA	NA	NA	1
ENSG00000268812	0	NA	NA	0	NA	NA	NA	1
ENSG00000268818	0	NA	NA	0	NA	NA	NA	1
ENSG00000268854	0	NA	NA	0	NA	NA	NA	1
ENSG00000268858	0	NA	NA	0	NA	NA	NA	1
ENSG00000268894	0	NA	NA	0	NA	NA	NA	1
ENSG00000268896	0	NA	NA	0	NA	NA	NA	1
ENSG00000268906	0	NA	NA	0	NA	NA	NA	1
ENSG00000268931	0	NA	NA	0	NA	NA	NA	1
ENSG00000268941	0	NA	NA	0	NA	NA	NA	1
ENSG00000268945	0	NA	NA	0	NA	NA	NA	1
ENSG00000268983	0	NA	NA	0	NA	NA	NA	1
ENSG00000268985	0	NA	NA	0	NA	NA	NA	1
ENSG00000268987	0	NA	NA	0	NA	NA	NA	1
ENSG00000269037	0	NA	NA	0	NA	NA	NA	1
ENSG00000269038	0	NA	NA	0	NA	NA	NA	1
ENSG00000269044	0	NA	NA	0	NA	NA	NA	1
ENSG00000269050	0	NA	NA	0	NA	NA	NA	1
ENSG00000269053	0	NA	NA	0	NA	NA	NA	1
ENSG00000269066	0	NA	NA	0	NA	NA	NA	1
ENSG00000269068	0	NA	NA	0	NA	NA	NA	1
ENSG00000269085	0	NA	NA	0	NA	NA	NA	1
ENSG00000269086	0	NA	NA	0	NA	NA	NA	1
ENSG00000269091	0	NA	NA	0	NA	NA	NA	1
ENSG00000269106	0	NA	NA	0	NA	NA	NA	1
ENSG00000269124	0	NA	NA	0	NA	NA	NA	1
ENSG00000269145	0	NA	NA	0	NA	NA	NA	1
ENSG00000269148	0	NA	NA	0	NA	NA	NA	1
ENSG00000269161	0	NA	NA	0	NA	NA	NA	1
ENSG00000269172	0	NA	NA	0	NA	NA	NA	1
ENSG00000269176	0	NA	NA	0	NA	NA	NA	1
ENSG00000269177	0	NA	NA	0	NA	NA	NA	1
ENSG00000269194	0	NA	NA	0	NA	NA	NA	1
ENSG00000269210	0	NA	NA	0	NA	NA	NA	1
ENSG00000269243	0	NA	NA	0	NA	NA	NA	1
ENSG00000269288	0	NA	NA	0	NA	NA	NA	1
ENSG00000269296	0	NA	NA	0	NA	NA	NA	1
ENSG00000269303	0	NA	NA	0	NA	NA	NA	1
ENSG00000269318	0	NA	NA	0	NA	NA	NA	1
ENSG00000269321	0	NA	NA	0	NA	NA	NA	1
ENSG00000269350	0	NA	NA	0	NA	NA	NA	1
ENSG00000269352	0	NA	NA	0	NA	NA	NA	1
ENSG00000269356	0	NA	NA	0	NA	NA	NA	1
ENSG00000269371	0	NA	NA	0	NA	NA	NA	1
ENSG00000269376	0	NA	NA	0	NA	NA	NA	1
ENSG00000269391	0	NA	NA	0	NA	NA	NA	1
ENSG00000269392	0	NA	NA	0	NA	NA	NA	1
ENSG00000269399	0	NA	NA	0	NA	NA	NA	1
ENSG00000269425	0	NA	NA	0	NA	NA	NA	1
ENSG00000269427	0	NA	NA	0	NA	NA	NA	1
ENSG00000269439	0	NA	NA	0	NA	NA	NA	1
ENSG00000269444	0	NA	NA	0	NA	NA	NA	1
ENSG00000269445	0	NA	NA	0	NA	NA	NA	1
ENSG00000269480	0	NA	NA	0	NA	NA	NA	1
ENSG00000269481	0	NA	NA	0	NA	NA	NA	1
ENSG00000269482	0	NA	NA	0	NA	NA	NA	1
ENSG00000269487	0	NA	NA	0	NA	NA	NA	1
ENSG00000269489	0	NA	NA	0	NA	NA	NA	1
ENSG00000269495	0	NA	NA	0	NA	NA	NA	1
ENSG00000269506	0	NA	NA	0	NA	NA	NA	1
ENSG00000269514	0	NA	NA	0	NA	NA	NA	1
ENSG00000269534	0	NA	NA	0	NA	NA	NA	1
ENSG00000269559	0	NA	NA	0	NA	NA	NA	1
ENSG00000269570	0	NA	NA	0	NA	NA	NA	1
ENSG00000269578	0	NA	NA	0	NA	NA	NA	1
ENSG00000269583	0	NA	NA	0	NA	NA	NA	1
ENSG00000269604	0	NA	NA	0	NA	NA	NA	1
ENSG00000269609	0	NA	NA	0	NA	NA	NA	1
ENSG00000269621	0	NA	NA	0	NA	NA	NA	1
ENSG00000269635	0	NA	NA	0	NA	NA	NA	1
ENSG00000269653	0	NA	NA	0	NA	NA	NA	1
ENSG00000269680	0	NA	NA	0	NA	NA	NA	1
ENSG00000269688	0	NA	NA	0	NA	NA	NA	1
ENSG00000269694	0	NA	NA	0	NA	NA	NA	1
ENSG00000269696	0	NA	NA	0	NA	NA	NA	1
ENSG00000269745	0	NA	NA	0	NA	NA	NA	1
ENSG00000269749	0	NA	NA	0	NA	NA	NA	1
ENSG00000269752	0	NA	NA	0	NA	NA	NA	1
ENSG00000269758	0	NA	NA	0	NA	NA	NA	1
ENSG00000269792	0	NA	NA	0	NA	NA	NA	1
ENSG00000269802	0	NA	NA	0	NA	NA	NA	1
ENSG00000269807	0	NA	NA	0	NA	NA	NA	1
ENSG00000269813	0	NA	NA	0	NA	NA	NA	1
ENSG00000269815	0	NA	NA	0	NA	NA	NA	1
ENSG00000269821	0	NA	NA	0	NA	NA	NA	1
ENSG00000269836	0	NA	NA	0	NA	NA	NA	1
ENSG00000269846	0	NA	NA	0	NA	NA	NA	1
ENSG00000269873	0	NA	NA	0	NA	NA	NA	1
ENSG00000269886	0	NA	NA	0	NA	NA	NA	1
ENSG00000269889	0	NA	NA	0	NA	NA	NA	1
ENSG00000269892	0	NA	NA	0	NA	NA	NA	1
ENSG00000269903	0	NA	NA	0	NA	NA	NA	1
ENSG00000269906	0	NA	NA	0	NA	NA	NA	1
ENSG00000269915	0	NA	NA	0	NA	NA	NA	1
ENSG00000269918	0	NA	NA	0	NA	NA	NA	1
ENSG00000269919	0	NA	NA	0	NA	NA	NA	1
ENSG00000269921	0	NA	NA	0	NA	NA	NA	1
ENSG00000269934	0	NA	NA	0	NA	NA	NA	1
ENSG00000269935	0	NA	NA	0	NA	NA	NA	1
ENSG00000269944	0	NA	NA	0	NA	NA	NA	1
ENSG00000269945	0	NA	NA	0	NA	NA	NA	1
ENSG00000269947	0	NA	NA	0	NA	NA	NA	1
ENSG00000269949	0	NA	NA	0	NA	NA	NA	1
ENSG00000269950	0	NA	NA	0	NA	NA	NA	1
ENSG00000269951	0	NA	NA	0	NA	NA	NA	1
ENSG00000269952	0	NA	NA	0	NA	NA	NA	1
ENSG00000269956	0	NA	NA	0	NA	NA	NA	1
ENSG00000269966	0	NA	NA	0	NA	NA	NA	1
ENSG00000269970	0	NA	NA	0	NA	NA	NA	1
ENSG00000269972	0	NA	NA	0	NA	NA	NA	1
ENSG00000269976	0	NA	NA	0	NA	NA	NA	1
ENSG00000269980	0	NA	NA	0	NA	NA	NA	1
ENSG00000269982	0	NA	NA	0	NA	NA	NA	1
ENSG00000269984	0	NA	NA	0	NA	NA	NA	1
ENSG00000269985	0	NA	NA	0	NA	NA	NA	1
ENSG00000269987	0	NA	NA	0	NA	NA	NA	1
ENSG00000270008	0	NA	NA	0	NA	NA	NA	1
ENSG00000270012	0	NA	NA	0	NA	NA	NA	1
ENSG00000270022	0	NA	NA	0	NA	NA	NA	1
ENSG00000270031	0	NA	NA	0	NA	NA	NA	1
ENSG00000270036	0	NA	NA	0	NA	NA	NA	1
ENSG00000270039	0	NA	NA	0	NA	NA	NA	1
ENSG00000270049	0	NA	NA	0	NA	NA	NA	1
ENSG00000270050	0	NA	NA	0	NA	NA	NA	1
ENSG00000270059	0	NA	NA	0	NA	NA	NA	1
ENSG00000270060	0	NA	NA	0	NA	NA	NA	1
ENSG00000270062	0	NA	NA	0	NA	NA	NA	1
ENSG00000270071	0	NA	NA	0	NA	NA	NA	1
ENSG00000270076	0	NA	NA	0	NA	NA	NA	1
ENSG00000270082	0	NA	NA	0	NA	NA	NA	1
ENSG00000270083	0	NA	NA	0	NA	NA	NA	1
ENSG00000270084	0	NA	NA	0	NA	NA	NA	1
ENSG00000270091	0	NA	NA	0	NA	NA	NA	1
ENSG00000270096	0	NA	NA	0	NA	NA	NA	1
ENSG00000270100	0	NA	NA	0	NA	NA	NA	1
ENSG00000270103	0	NA	NA	0	NA	NA	NA	1
ENSG00000270115	0	NA	NA	0	NA	NA	NA	1
ENSG00000270127	0	NA	NA	0	NA	NA	NA	1
ENSG00000270133	0	NA	NA	0	NA	NA	NA	1
ENSG00000270135	0	NA	NA	0	NA	NA	NA	1
ENSG00000270137	0	NA	NA	0	NA	NA	NA	1
ENSG00000270139	0	NA	NA	0	NA	NA	NA	1
ENSG00000270141	0	NA	NA	0	NA	NA	NA	1
ENSG00000270147	0	NA	NA	0	NA	NA	NA	1
ENSG00000270157	0	NA	NA	0	NA	NA	NA	1
ENSG00000270165	0	NA	NA	0	NA	NA	NA	1
ENSG00000270174	0	NA	NA	0	NA	NA	NA	1
ENSG00000270177	0	NA	NA	0	NA	NA	NA	1
ENSG00000270182	0	NA	NA	0	NA	NA	NA	1
ENSG00000270207	0	NA	NA	0	NA	NA	NA	1
ENSG00000270210	0	NA	NA	0	NA	NA	NA	1
ENSG00000270212	0	NA	NA	0	NA	NA	NA	1
ENSG00000270240	0	NA	NA	0	NA	NA	NA	1
ENSG00000270362	0	NA	NA	0	NA	NA	NA	1
ENSG00000270403	0	NA	NA	0	NA	NA	NA	1
ENSG00000270412	0	NA	NA	0	NA	NA	NA	1
ENSG00000270460	0	NA	NA	0	NA	NA	NA	1
ENSG00000270462	0	NA	NA	0	NA	NA	NA	1
ENSG00000270482	0	NA	NA	0	NA	NA	NA	1
ENSG00000270487	0	NA	NA	0	NA	NA	NA	1
ENSG00000270504	0	NA	NA	0	NA	NA	NA	1
ENSG00000270522	0	NA	NA	0	NA	NA	NA	1
ENSG00000270540	0	NA	NA	0	NA	NA	NA	1
ENSG00000270557	0	NA	NA	0	NA	NA	NA	1
ENSG00000270571	0	NA	NA	0	NA	NA	NA	1
ENSG00000270589	0	NA	NA	0	NA	NA	NA	1
ENSG00000270607	0	NA	NA	0	NA	NA	NA	1
ENSG00000270638	0	NA	NA	0	NA	NA	NA	1
ENSG00000270641	0	NA	NA	0	NA	NA	NA	1
ENSG00000270696	0	NA	NA	0	NA	NA	NA	1
ENSG00000270697	0	NA	NA	0	NA	NA	NA	1
ENSG00000270725	0	NA	NA	0	NA	NA	NA	1
ENSG00000270755	0	NA	NA	0	NA	NA	NA	1
ENSG00000270760	0	NA	NA	0	NA	NA	NA	1
ENSG00000270761	0	NA	NA	0	NA	NA	NA	1
ENSG00000270792	0	NA	NA	0	NA	NA	NA	1
ENSG00000270820	0	NA	NA	0	NA	NA	NA	1
ENSG00000270823	0	NA	NA	0	NA	NA	NA	1
ENSG00000270828	0	NA	NA	0	NA	NA	NA	1
ENSG00000270829	0	NA	NA	0	NA	NA	NA	1
ENSG00000270871	0	NA	NA	0	NA	NA	NA	1
ENSG00000270876	0	NA	NA	0	NA	NA	NA	1
ENSG00000270894	0	NA	NA	0	NA	NA	NA	1
ENSG00000270933	0	NA	NA	0	NA	NA	NA	1
ENSG00000270937	0	NA	NA	0	NA	NA	NA	1
ENSG00000270953	0	NA	NA	0	NA	NA	NA	1
ENSG00000270959	0	NA	NA	0	NA	NA	NA	1
ENSG00000270964	0	NA	NA	0	NA	NA	NA	1
ENSG00000270972	0	NA	NA	0	NA	NA	NA	1
ENSG00000270988	0	NA	NA	0	NA	NA	NA	1
ENSG00000271032	0	NA	NA	0	NA	NA	NA	1
ENSG00000271065	0	NA	NA	0	NA	NA	NA	1
ENSG00000271086	0	NA	NA	0	NA	NA	NA	1
ENSG00000271109	0	NA	NA	0	NA	NA	NA	1
ENSG00000271122	0	NA	NA	0	NA	NA	NA	1
ENSG00000271147	0	NA	NA	0	NA	NA	NA	1
ENSG00000271171	0	NA	NA	0	NA	NA	NA	1
ENSG00000271172	0	NA	NA	0	NA	NA	NA	1
ENSG00000271199	0	NA	NA	0	NA	NA	NA	1
ENSG00000271200	0	NA	NA	0	NA	NA	NA	1
ENSG00000271216	0	NA	NA	0	NA	NA	NA	1
ENSG00000271218	0	NA	NA	0	NA	NA	NA	1
ENSG00000271234	0	NA	NA	0	NA	NA	NA	1
ENSG00000271265	0	NA	NA	0	NA	NA	NA	1
ENSG00000271320	0	NA	NA	0	NA	NA	NA	1
ENSG00000271335	0	NA	NA	0	NA	NA	NA	1
ENSG00000271344	0	NA	NA	0	NA	NA	NA	1
ENSG00000271367	0	NA	NA	0	NA	NA	NA	1
ENSG00000271390	0	NA	NA	0	NA	NA	NA	1
ENSG00000271392	0	NA	NA	0	NA	NA	NA	1
ENSG00000271420	0	NA	NA	0	NA	NA	NA	1
ENSG00000271452	0	NA	NA	0	NA	NA	NA	1
ENSG00000271474	0	NA	NA	0	NA	NA	NA	1
ENSG00000271551	0	NA	NA	0	NA	NA	NA	1
ENSG00000271553	0	NA	NA	0	NA	NA	NA	1
ENSG00000271576	0	NA	NA	0	NA	NA	NA	1
ENSG00000271584	0	NA	NA	0	NA	NA	NA	1
ENSG00000271670	0	NA	NA	0	NA	NA	NA	1
ENSG00000271709	0	NA	NA	0	NA	NA	NA	1
ENSG00000271716	0	NA	NA	0	NA	NA	NA	1
ENSG00000271725	0	NA	NA	0	NA	NA	NA	1
ENSG00000271727	0	NA	NA	0	NA	NA	NA	1
ENSG00000271730	0	NA	NA	0	NA	NA	NA	1
ENSG00000271737	0	NA	NA	0	NA	NA	NA	1
ENSG00000271743	0	NA	NA	0	NA	NA	NA	1
ENSG00000271751	0	NA	NA	0	NA	NA	NA	1
ENSG00000271754	0	NA	NA	0	NA	NA	NA	1
ENSG00000271758	0	NA	NA	0	NA	NA	NA	1
ENSG00000271763	0	NA	NA	0	NA	NA	NA	1
ENSG00000271766	0	NA	NA	0	NA	NA	NA	1
ENSG00000271774	0	NA	NA	0	NA	NA	NA	1
ENSG00000271778	0	NA	NA	0	NA	NA	NA	1
ENSG00000271780	0	NA	NA	0	NA	NA	NA	1
ENSG00000271784	0	NA	NA	0	NA	NA	NA	1
ENSG00000271787	0	NA	NA	0	NA	NA	NA	1
ENSG00000271795	0	NA	NA	0	NA	NA	NA	1
ENSG00000271797	0	NA	NA	0	NA	NA	NA	1
ENSG00000271806	0	NA	NA	0	NA	NA	NA	1
ENSG00000271811	0	NA	NA	0	NA	NA	NA	1
ENSG00000271825	0	NA	NA	0	NA	NA	NA	1
ENSG00000271828	0	NA	NA	0	NA	NA	NA	1
ENSG00000271830	0	NA	NA	0	NA	NA	NA	1
ENSG00000271833	0	NA	NA	0	NA	NA	NA	1
ENSG00000271851	0	NA	NA	0	NA	NA	NA	1
ENSG00000271853	0	NA	NA	0	NA	NA	NA	1
ENSG00000271855	0	NA	NA	0	NA	NA	NA	1
ENSG00000271856	0	NA	NA	0	NA	NA	NA	1
ENSG00000271857	0	NA	NA	0	NA	NA	NA	1
ENSG00000271858	0	NA	NA	0	NA	NA	NA	1
ENSG00000271862	0	NA	NA	0	NA	NA	NA	1
ENSG00000271869	0	NA	NA	0	NA	NA	NA	1
ENSG00000271871	0	NA	NA	0	NA	NA	NA	1
ENSG00000271889	0	NA	NA	0	NA	NA	NA	1
ENSG00000271893	0	NA	NA	0	NA	NA	NA	1
ENSG00000271911	0	NA	NA	0	NA	NA	NA	1
ENSG00000271913	0	NA	NA	0	NA	NA	NA	1
ENSG00000271916	0	NA	NA	0	NA	NA	NA	1
ENSG00000271936	0	NA	NA	0	NA	NA	NA	1
ENSG00000271938	0	NA	NA	0	NA	NA	NA	1
ENSG00000271958	0	NA	NA	0	NA	NA	NA	1
ENSG00000271963	0	NA	NA	0	NA	NA	NA	1
ENSG00000271967	0	NA	NA	0	NA	NA	NA	1
ENSG00000271973	0	NA	NA	0	NA	NA	NA	1
ENSG00000271976	0	NA	NA	0	NA	NA	NA	1
ENSG00000271980	0	NA	NA	0	NA	NA	NA	1
ENSG00000271983	0	NA	NA	0	NA	NA	NA	1
ENSG00000271984	0	NA	NA	0	NA	NA	NA	1
ENSG00000271989	0	NA	NA	0	NA	NA	NA	1
ENSG00000271991	0	NA	NA	0	NA	NA	NA	1
ENSG00000271996	0	NA	NA	0	NA	NA	NA	1
ENSG00000272004	0	NA	NA	0	NA	NA	NA	1
ENSG00000272021	0	NA	NA	0	NA	NA	NA	1
ENSG00000272024	0	NA	NA	0	NA	NA	NA	1
ENSG00000272027	0	NA	NA	0	NA	NA	NA	1
ENSG00000272030	0	NA	NA	0	NA	NA	NA	1
ENSG00000272033	0	NA	NA	0	NA	NA	NA	1
ENSG00000272054	0	NA	NA	0	NA	NA	NA	1
ENSG00000272056	0	NA	NA	0	NA	NA	NA	1
ENSG00000272057	0	NA	NA	0	NA	NA	NA	1
ENSG00000272068	0	NA	NA	0	NA	NA	NA	1
ENSG00000272070	0	NA	NA	0	NA	NA	NA	1
ENSG00000272072	0	NA	NA	0	NA	NA	NA	1
ENSG00000272076	0	NA	NA	0	NA	NA	NA	1
ENSG00000272078	0	NA	NA	0	NA	NA	NA	1
ENSG00000272084	0	NA	NA	0	NA	NA	NA	1
ENSG00000272086	0	NA	NA	0	NA	NA	NA	1
ENSG00000272087	0	NA	NA	0	NA	NA	NA	1
ENSG00000272092	0	NA	NA	0	NA	NA	NA	1
ENSG00000272100	0	NA	NA	0	NA	NA	NA	1
ENSG00000272109	0	NA	NA	0	NA	NA	NA	1
ENSG00000272115	0	NA	NA	0	NA	NA	NA	1
ENSG00000272123	0	NA	NA	0	NA	NA	NA	1
ENSG00000272137	0	NA	NA	0	NA	NA	NA	1
ENSG00000272145	0	NA	NA	0	NA	NA	NA	1
ENSG00000272153	0	NA	NA	0	NA	NA	NA	1
ENSG00000272155	0	NA	NA	0	NA	NA	NA	1
ENSG00000272158	0	NA	NA	0	NA	NA	NA	1
ENSG00000272159	0	NA	NA	0	NA	NA	NA	1
ENSG00000272163	0	NA	NA	0	NA	NA	NA	1
ENSG00000272170	0	NA	NA	0	NA	NA	NA	1
ENSG00000272173	0	NA	NA	0	NA	NA	NA	1
ENSG00000272175	0	NA	NA	0	NA	NA	NA	1
ENSG00000272182	0	NA	NA	0	NA	NA	NA	1
ENSG00000272186	0	NA	NA	0	NA	NA	NA	1
ENSG00000272189	0	NA	NA	0	NA	NA	NA	1
ENSG00000272192	0	NA	NA	0	NA	NA	NA	1
ENSG00000272195	0	NA	NA	0	NA	NA	NA	1
ENSG00000272202	0	NA	NA	0	NA	NA	NA	1
ENSG00000272203	0	NA	NA	0	NA	NA	NA	1
ENSG00000272205	0	NA	NA	0	NA	NA	NA	1
ENSG00000272209	0	NA	NA	0	NA	NA	NA	1
ENSG00000272218	0	NA	NA	0	NA	NA	NA	1
ENSG00000272219	0	NA	NA	0	NA	NA	NA	1
ENSG00000272223	0	NA	NA	0	NA	NA	NA	1
ENSG00000272239	0	NA	NA	0	NA	NA	NA	1
ENSG00000272247	0	NA	NA	0	NA	NA	NA	1
ENSG00000272248	0	NA	NA	0	NA	NA	NA	1
ENSG00000272254	0	NA	NA	0	NA	NA	NA	1
ENSG00000272263	0	NA	NA	0	NA	NA	NA	1
ENSG00000272264	0	NA	NA	0	NA	NA	NA	1
ENSG00000272267	0	NA	NA	0	NA	NA	NA	1
ENSG00000272269	0	NA	NA	0	NA	NA	NA	1
ENSG00000272273	0	NA	NA	0	NA	NA	NA	1
ENSG00000272275	0	NA	NA	0	NA	NA	NA	1
ENSG00000272279	0	NA	NA	0	NA	NA	NA	1
ENSG00000272288	0	NA	NA	0	NA	NA	NA	1
ENSG00000272298	0	NA	NA	0	NA	NA	NA	1
ENSG00000272321	0	NA	NA	0	NA	NA	NA	1
ENSG00000272323	0	NA	NA	0	NA	NA	NA	1
ENSG00000272328	0	NA	NA	0	NA	NA	NA	1
ENSG00000272334	0	NA	NA	0	NA	NA	NA	1
ENSG00000272335	0	NA	NA	0	NA	NA	NA	1
ENSG00000272343	0	NA	NA	0	NA	NA	NA	1
ENSG00000272345	0	NA	NA	0	NA	NA	NA	1
ENSG00000272356	0	NA	NA	0	NA	NA	NA	1
ENSG00000272362	0	NA	NA	0	NA	NA	NA	1
ENSG00000272368	0	NA	NA	0	NA	NA	NA	1
ENSG00000272369	0	NA	NA	0	NA	NA	NA	1
ENSG00000272371	0	NA	NA	0	NA	NA	NA	1
ENSG00000272372	0	NA	NA	0	NA	NA	NA	1
ENSG00000272374	0	NA	NA	0	NA	NA	NA	1
ENSG00000272386	0	NA	NA	0	NA	NA	NA	1
ENSG00000272402	0	NA	NA	0	NA	NA	NA	1
ENSG00000272405	0	NA	NA	0	NA	NA	NA	1
ENSG00000272406	0	NA	NA	0	NA	NA	NA	1
ENSG00000272411	0	NA	NA	0	NA	NA	NA	1
ENSG00000272418	0	NA	NA	0	NA	NA	NA	1
ENSG00000272425	0	NA	NA	0	NA	NA	NA	1
ENSG00000272434	0	NA	NA	0	NA	NA	NA	1
ENSG00000272444	0	NA	NA	0	NA	NA	NA	1
ENSG00000272446	0	NA	NA	0	NA	NA	NA	1
ENSG00000272455	0	NA	NA	0	NA	NA	NA	1
ENSG00000272457	0	NA	NA	0	NA	NA	NA	1
ENSG00000272459	0	NA	NA	0	NA	NA	NA	1
ENSG00000272462	0	NA	NA	0	NA	NA	NA	1
ENSG00000272463	0	NA	NA	0	NA	NA	NA	1
ENSG00000272472	0	NA	NA	0	NA	NA	NA	1
ENSG00000272477	0	NA	NA	0	NA	NA	NA	1
ENSG00000272478	0	NA	NA	0	NA	NA	NA	1
ENSG00000272482	0	NA	NA	0	NA	NA	NA	1
ENSG00000272483	0	NA	NA	0	NA	NA	NA	1
ENSG00000272485	0	NA	NA	0	NA	NA	NA	1
ENSG00000272505	0	NA	NA	0	NA	NA	NA	1
ENSG00000272506	0	NA	NA	0	NA	NA	NA	1
ENSG00000272509	0	NA	NA	0	NA	NA	NA	1
ENSG00000272523	0	NA	NA	0	NA	NA	NA	1
ENSG00000272540	0	NA	NA	0	NA	NA	NA	1
ENSG00000272545	0	NA	NA	0	NA	NA	NA	1
ENSG00000272555	0	NA	NA	0	NA	NA	NA	1
ENSG00000272558	0	NA	NA	0	NA	NA	NA	1
ENSG00000272574	0	NA	NA	0	NA	NA	NA	1
ENSG00000272575	0	NA	NA	0	NA	NA	NA	1
ENSG00000272576	0	NA	NA	0	NA	NA	NA	1
ENSG00000272582	0	NA	NA	0	NA	NA	NA	1
ENSG00000272588	0	NA	NA	0	NA	NA	NA	1
ENSG00000272589	0	NA	NA	0	NA	NA	NA	1
ENSG00000272592	0	NA	NA	0	NA	NA	NA	1
ENSG00000272597	0	NA	NA	0	NA	NA	NA	1
ENSG00000272599	0	NA	NA	0	NA	NA	NA	1
ENSG00000272600	0	NA	NA	0	NA	NA	NA	1
ENSG00000272609	0	NA	NA	0	NA	NA	NA	1
ENSG00000272619	0	NA	NA	0	NA	NA	NA	1
ENSG00000272622	0	NA	NA	0	NA	NA	NA	1
ENSG00000272625	0	NA	NA	0	NA	NA	NA	1
ENSG00000272627	0	NA	NA	0	NA	NA	NA	1
ENSG00000272630	0	NA	NA	0	NA	NA	NA	1
ENSG00000272631	0	NA	NA	0	NA	NA	NA	1
ENSG00000272638	0	NA	NA	0	NA	NA	NA	1
ENSG00000272639	0	NA	NA	0	NA	NA	NA	1
ENSG00000272642	0	NA	NA	0	NA	NA	NA	1
ENSG00000272650	0	NA	NA	0	NA	NA	NA	1
ENSG00000272654	0	NA	NA	0	NA	NA	NA	1
ENSG00000272660	0	NA	NA	0	NA	NA	NA	1
ENSG00000272661	0	NA	NA	0	NA	NA	NA	1
ENSG00000272662	0	NA	NA	0	NA	NA	NA	1
ENSG00000272663	0	NA	NA	0	NA	NA	NA	1
ENSG00000272669	0	NA	NA	0	NA	NA	NA	1
ENSG00000272677	0	NA	NA	0	NA	NA	NA	1
ENSG00000272678	0	NA	NA	0	NA	NA	NA	1
ENSG00000272679	0	NA	NA	0	NA	NA	NA	1
ENSG00000272682	0	NA	NA	0	NA	NA	NA	1
ENSG00000272688	0	NA	NA	0	NA	NA	NA	1
ENSG00000272691	0	NA	NA	0	NA	NA	NA	1
ENSG00000272694	0	NA	NA	0	NA	NA	NA	1
ENSG00000272696	0	NA	NA	0	NA	NA	NA	1
ENSG00000272701	0	NA	NA	0	NA	NA	NA	1
ENSG00000272702	0	NA	NA	0	NA	NA	NA	1
ENSG00000272703	0	NA	NA	0	NA	NA	NA	1
ENSG00000272716	0	NA	NA	0	NA	NA	NA	1
ENSG00000272717	0	NA	NA	0	NA	NA	NA	1
ENSG00000272719	0	NA	NA	0	NA	NA	NA	1
ENSG00000272720	0	NA	NA	0	NA	NA	NA	1
ENSG00000272727	0	NA	NA	0	NA	NA	NA	1
ENSG00000272729	0	NA	NA	0	NA	NA	NA	1
ENSG00000272734	0	NA	NA	0	NA	NA	NA	1
ENSG00000272736	0	NA	NA	0	NA	NA	NA	1
ENSG00000272742	0	NA	NA	0	NA	NA	NA	1
ENSG00000272744	0	NA	NA	0	NA	NA	NA	1
ENSG00000272750	0	NA	NA	0	NA	NA	NA	1
ENSG00000272752	0	NA	NA	0	NA	NA	NA	1
ENSG00000272754	0	NA	NA	0	NA	NA	NA	1
ENSG00000272758	0	NA	NA	0	NA	NA	NA	1
ENSG00000272762	0	NA	NA	0	NA	NA	NA	1
ENSG00000272763	0	NA	NA	0	NA	NA	NA	1
ENSG00000272764	0	NA	NA	0	NA	NA	NA	1
ENSG00000272770	0	NA	NA	0	NA	NA	NA	1
ENSG00000272777	0	NA	NA	0	NA	NA	NA	1
ENSG00000272783	0	NA	NA	0	NA	NA	NA	1
ENSG00000272784	0	NA	NA	0	NA	NA	NA	1
ENSG00000272788	0	NA	NA	0	NA	NA	NA	1
ENSG00000272789	0	NA	NA	0	NA	NA	NA	1
ENSG00000272795	0	NA	NA	0	NA	NA	NA	1
ENSG00000272800	0	NA	NA	0	NA	NA	NA	1
ENSG00000272801	0	NA	NA	0	NA	NA	NA	1
ENSG00000272807	0	NA	NA	0	NA	NA	NA	1
ENSG00000272808	0	NA	NA	0	NA	NA	NA	1
ENSG00000272810	0	NA	NA	0	NA	NA	NA	1
ENSG00000272814	0	NA	NA	0	NA	NA	NA	1
ENSG00000272817	0	NA	NA	0	NA	NA	NA	1
ENSG00000272821	0	NA	NA	0	NA	NA	NA	1
ENSG00000272823	0	NA	NA	0	NA	NA	NA	1
ENSG00000272825	0	NA	NA	0	NA	NA	NA	1
ENSG00000272829	0	NA	NA	0	NA	NA	NA	1
ENSG00000272834	0	NA	NA	0	NA	NA	NA	1
ENSG00000272836	0	NA	NA	0	NA	NA	NA	1
ENSG00000272843	0	NA	NA	0	NA	NA	NA	1
ENSG00000272848	0	NA	NA	0	NA	NA	NA	1
ENSG00000272853	0	NA	NA	0	NA	NA	NA	1
ENSG00000272854	0	NA	NA	0	NA	NA	NA	1
ENSG00000272856	0	NA	NA	0	NA	NA	NA	1
ENSG00000272858	0	NA	NA	0	NA	NA	NA	1
ENSG00000272862	0	NA	NA	0	NA	NA	NA	1
ENSG00000272865	0	NA	NA	0	NA	NA	NA	1
ENSG00000272870	0	NA	NA	0	NA	NA	NA	1
ENSG00000272874	0	NA	NA	0	NA	NA	NA	1
ENSG00000272884	0	NA	NA	0	NA	NA	NA	1
ENSG00000272892	0	NA	NA	0	NA	NA	NA	1
ENSG00000272906	0	NA	NA	0	NA	NA	NA	1
ENSG00000272909	0	NA	NA	0	NA	NA	NA	1
ENSG00000272910	0	NA	NA	0	NA	NA	NA	1
ENSG00000272911	0	NA	NA	0	NA	NA	NA	1
ENSG00000272914	0	NA	NA	0	NA	NA	NA	1
ENSG00000272918	0	NA	NA	0	NA	NA	NA	1
ENSG00000272920	0	NA	NA	0	NA	NA	NA	1
ENSG00000272922	0	NA	NA	0	NA	NA	NA	1
ENSG00000272933	0	NA	NA	0	NA	NA	NA	1
ENSG00000272936	0	NA	NA	0	NA	NA	NA	1
ENSG00000272941	0	NA	NA	0	NA	NA	NA	1
ENSG00000272944	0	NA	NA	0	NA	NA	NA	1
ENSG00000272945	0	NA	NA	0	NA	NA	NA	1
ENSG00000272948	0	NA	NA	0	NA	NA	NA	1
ENSG00000272954	0	NA	NA	0	NA	NA	NA	1
ENSG00000272967	0	NA	NA	0	NA	NA	NA	1
ENSG00000272969	0	NA	NA	0	NA	NA	NA	1
ENSG00000272970	0	NA	NA	0	NA	NA	NA	1
ENSG00000272971	0	NA	NA	0	NA	NA	NA	1
ENSG00000272973	0	NA	NA	0	NA	NA	NA	1
ENSG00000272975	0	NA	NA	0	NA	NA	NA	1
ENSG00000272982	0	NA	NA	0	NA	NA	NA	1
ENSG00000272984	0	NA	NA	0	NA	NA	NA	1
ENSG00000272988	0	NA	NA	0	NA	NA	NA	1
ENSG00000272989	0	NA	NA	0	NA	NA	NA	1
ENSG00000272990	0	NA	NA	0	NA	NA	NA	1
ENSG00000273002	0	NA	NA	0	NA	NA	NA	1
ENSG00000273004	0	NA	NA	0	NA	NA	NA	1
ENSG00000273007	0	NA	NA	0	NA	NA	NA	1
ENSG00000273008	0	NA	NA	0	NA	NA	NA	1
ENSG00000273012	0	NA	NA	0	NA	NA	NA	1
ENSG00000273013	0	NA	NA	0	NA	NA	NA	1
ENSG00000273017	0	NA	NA	0	NA	NA	NA	1
ENSG00000273026	0	NA	NA	0	NA	NA	NA	1
ENSG00000273033	0	NA	NA	0	NA	NA	NA	1
ENSG00000273035	0	NA	NA	0	NA	NA	NA	1
ENSG00000273044	0	NA	NA	0	NA	NA	NA	1
ENSG00000273046	0	NA	NA	0	NA	NA	NA	1
ENSG00000273055	0	NA	NA	0	NA	NA	NA	1
ENSG00000273058	0	NA	NA	0	NA	NA	NA	1
ENSG00000273066	0	NA	NA	0	NA	NA	NA	1
ENSG00000273069	0	NA	NA	0	NA	NA	NA	1
ENSG00000273076	0	NA	NA	0	NA	NA	NA	1
ENSG00000273077	0	NA	NA	0	NA	NA	NA	1
ENSG00000273080	0	NA	NA	0	NA	NA	NA	1
ENSG00000273090	0	NA	NA	0	NA	NA	NA	1
ENSG00000273096	0	NA	NA	0	NA	NA	NA	1
ENSG00000273098	0	NA	NA	0	NA	NA	NA	1
ENSG00000273102	0	NA	NA	0	NA	NA	NA	1
ENSG00000273106	0	NA	NA	0	NA	NA	NA	1
ENSG00000273108	0	NA	NA	0	NA	NA	NA	1
ENSG00000273117	0	NA	NA	0	NA	NA	NA	1
ENSG00000273119	0	NA	NA	0	NA	NA	NA	1
ENSG00000273123	0	NA	NA	0	NA	NA	NA	1
ENSG00000273124	0	NA	NA	0	NA	NA	NA	1
ENSG00000273125	0	NA	NA	0	NA	NA	NA	1
ENSG00000273129	0	NA	NA	0	NA	NA	NA	1
ENSG00000273132	0	NA	NA	0	NA	NA	NA	1
ENSG00000273133	0	NA	NA	0	NA	NA	NA	1
ENSG00000273137	0	NA	NA	0	NA	NA	NA	1
ENSG00000273141	0	NA	NA	0	NA	NA	NA	1
ENSG00000273145	0	NA	NA	0	NA	NA	NA	1
ENSG00000273148	0	NA	NA	0	NA	NA	NA	1
ENSG00000273153	0	NA	NA	0	NA	NA	NA	1
ENSG00000273160	0	NA	NA	0	NA	NA	NA	1
ENSG00000273162	0	NA	NA	0	NA	NA	NA	1
ENSG00000273172	0	NA	NA	0	NA	NA	NA	1
ENSG00000273175	0	NA	NA	0	NA	NA	NA	1
ENSG00000273176	0	NA	NA	0	NA	NA	NA	1
ENSG00000273180	0	NA	NA	0	NA	NA	NA	1
ENSG00000273184	0	NA	NA	0	NA	NA	NA	1
ENSG00000273186	0	NA	NA	0	NA	NA	NA	1
ENSG00000273189	0	NA	NA	0	NA	NA	NA	1
ENSG00000273196	0	NA	NA	0	NA	NA	NA	1
ENSG00000273199	0	NA	NA	0	NA	NA	NA	1
ENSG00000273204	0	NA	NA	0	NA	NA	NA	1
ENSG00000273210	0	NA	NA	0	NA	NA	NA	1
ENSG00000273211	0	NA	NA	0	NA	NA	NA	1
ENSG00000273212	0	NA	NA	0	NA	NA	NA	1
ENSG00000273216	0	NA	NA	0	NA	NA	NA	1
ENSG00000273218	0	NA	NA	0	NA	NA	NA	1
ENSG00000273219	0	NA	NA	0	NA	NA	NA	1
ENSG00000273221	0	NA	NA	0	NA	NA	NA	1
ENSG00000273226	0	NA	NA	0	NA	NA	NA	1
ENSG00000273230	0	NA	NA	0	NA	NA	NA	1
ENSG00000273232	0	NA	NA	0	NA	NA	NA	1
ENSG00000273245	0	NA	NA	0	NA	NA	NA	1
ENSG00000273247	0	NA	NA	0	NA	NA	NA	1
ENSG00000273253	0	NA	NA	0	NA	NA	NA	1
ENSG00000273254	0	NA	NA	0	NA	NA	NA	1
ENSG00000273257	0	NA	NA	0	NA	NA	NA	1
ENSG00000273261	0	NA	NA	0	NA	NA	NA	1
ENSG00000273262	0	NA	NA	0	NA	NA	NA	1
ENSG00000273264	0	NA	NA	0	NA	NA	NA	1
ENSG00000273265	0	NA	NA	0	NA	NA	NA	1
ENSG00000273267	0	NA	NA	0	NA	NA	NA	1
ENSG00000273271	0	NA	NA	0	NA	NA	NA	1
ENSG00000273284	0	NA	NA	0	NA	NA	NA	1
ENSG00000273289	0	NA	NA	0	NA	NA	NA	1
ENSG00000273293	0	NA	NA	0	NA	NA	NA	1
ENSG00000273299	0	NA	NA	0	NA	NA	NA	1
ENSG00000273300	0	NA	NA	0	NA	NA	NA	1
ENSG00000273302	0	NA	NA	0	NA	NA	NA	1
ENSG00000273306	0	NA	NA	0	NA	NA	NA	1
ENSG00000273311	0	NA	NA	0	NA	NA	NA	1
ENSG00000273312	0	NA	NA	0	NA	NA	NA	1
ENSG00000273314	0	NA	NA	0	NA	NA	NA	1
ENSG00000273328	0	NA	NA	0	NA	NA	NA	1
ENSG00000273329	0	NA	NA	0	NA	NA	NA	1
ENSG00000273333	0	NA	NA	0	NA	NA	NA	1
ENSG00000273338	0	NA	NA	0	NA	NA	NA	1
ENSG00000273342	0	NA	NA	0	NA	NA	NA	1
ENSG00000273348	0	NA	NA	0	NA	NA	NA	1
ENSG00000273350	0	NA	NA	0	NA	NA	NA	1
ENSG00000273353	0	NA	NA	0	NA	NA	NA	1
ENSG00000273355	0	NA	NA	0	NA	NA	NA	1
ENSG00000273356	0	NA	NA	0	NA	NA	NA	1
ENSG00000273360	0	NA	NA	0	NA	NA	NA	1
ENSG00000273361	0	NA	NA	0	NA	NA	NA	1
ENSG00000273367	0	NA	NA	0	NA	NA	NA	1
ENSG00000273369	0	NA	NA	0	NA	NA	NA	1
ENSG00000273374	0	NA	NA	0	NA	NA	NA	1
ENSG00000273375	0	NA	NA	0	NA	NA	NA	1
ENSG00000273381	0	NA	NA	0	NA	NA	NA	1
ENSG00000273387	0	NA	NA	0	NA	NA	NA	1
ENSG00000273388	0	NA	NA	0	NA	NA	NA	1
ENSG00000273391	0	NA	NA	0	NA	NA	NA	1
ENSG00000273394	0	NA	NA	0	NA	NA	NA	1
ENSG00000273403	0	NA	NA	0	NA	NA	NA	1
ENSG00000273407	0	NA	NA	0	NA	NA	NA	1
ENSG00000273409	0	NA	NA	0	NA	NA	NA	1
ENSG00000273413	0	NA	NA	0	NA	NA	NA	1
ENSG00000273415	0	NA	NA	0	NA	NA	NA	1
ENSG00000273416	0	NA	NA	0	NA	NA	NA	1
ENSG00000273419	0	NA	NA	0	NA	NA	NA	1
ENSG00000273420	0	NA	NA	0	NA	NA	NA	1
ENSG00000273428	0	NA	NA	0	NA	NA	NA	1
ENSG00000273433	0	NA	NA	0	NA	NA	NA	1
ENSG00000273437	0	NA	NA	0	NA	NA	NA	1
ENSG00000273447	0	NA	NA	0	NA	NA	NA	1
ENSG00000273449	0	NA	NA	0	NA	NA	NA	1
ENSG00000273450	0	NA	NA	0	NA	NA	NA	1
ENSG00000273451	0	NA	NA	0	NA	NA	NA	1
ENSG00000273454	0	NA	NA	0	NA	NA	NA	1
ENSG00000273456	0	NA	NA	0	NA	NA	NA	1
ENSG00000273464	0	NA	NA	0	NA	NA	NA	1
ENSG00000273473	0	NA	NA	0	NA	NA	NA	1
ENSG00000273474	0	NA	NA	0	NA	NA	NA	1
ENSG00000273481	0	NA	NA	0	NA	NA	NA	1
ENSG00000273483	0	NA	NA	0	NA	NA	NA	1
ENSG00000273485	0	NA	NA	0	NA	NA	NA	1
ENSG00000273493	0	NA	NA	0	NA	NA	NA	1
ENSG00000273521	0	NA	NA	0	NA	NA	NA	1
ENSG00000273552	0	NA	NA	0	NA	NA	NA	1
ENSG00000273553	0	NA	NA	0	NA	NA	NA	1
ENSG00000273557	0	NA	NA	0	NA	NA	NA	1
ENSG00000273568	0	NA	NA	0	NA	NA	NA	1
ENSG00000273599	0	NA	NA	0	NA	NA	NA	1
ENSG00000273659	0	NA	NA	0	NA	NA	NA	1
ENSG00000273664	0	NA	NA	0	NA	NA	NA	1
ENSG00000273669	0	NA	NA	0	NA	NA	NA	1
ENSG00000273680	0	NA	NA	0	NA	NA	NA	1
ENSG00000273702	0	NA	NA	0	NA	NA	NA	1
ENSG00000273729	0	NA	NA	0	NA	NA	NA	1
ENSG00000273733	0	NA	NA	0	NA	NA	NA	1
ENSG00000273747	0	NA	NA	0	NA	NA	NA	1
ENSG00000273765	0	NA	NA	0	NA	NA	NA	1
ENSG00000273786	0	NA	NA	0	NA	NA	NA	1
ENSG00000273796	0	NA	NA	0	NA	NA	NA	1
ENSG00000273805	0	NA	NA	0	NA	NA	NA	1
ENSG00000273816	0	NA	NA	0	NA	NA	NA	1
ENSG00000273828	0	NA	NA	0	NA	NA	NA	1
ENSG00000273838	0	NA	NA	0	NA	NA	NA	1
ENSG00000273853	0	NA	NA	0	NA	NA	NA	1
ENSG00000273855	0	NA	NA	0	NA	NA	NA	1
ENSG00000273890	0	NA	NA	0	NA	NA	NA	1
ENSG00000273893	0	NA	NA	0	NA	NA	NA	1
ENSG00000273920	0	NA	NA	0	NA	NA	NA	1
ENSG00000273951	0	NA	NA	0	NA	NA	NA	1
ENSG00000273965	0	NA	NA	0	NA	NA	NA	1
ENSG00000273973	0	NA	NA	0	NA	NA	NA	1
ENSG00000273982	0	NA	NA	0	NA	NA	NA	1
ENSG00000273989	0	NA	NA	0	NA	NA	NA	1
ENSG00000273998	0	NA	NA	0	NA	NA	NA	1
ENSG00000274002	0	NA	NA	0	NA	NA	NA	1
ENSG00000274015	0	NA	NA	0	NA	NA	NA	1
ENSG00000274029	0	NA	NA	0	NA	NA	NA	1
ENSG00000274038	0	NA	NA	0	NA	NA	NA	1
ENSG00000274080	0	NA	NA	0	NA	NA	NA	1
ENSG00000274092	0	NA	NA	0	NA	NA	NA	1
ENSG00000274104	0	NA	NA	0	NA	NA	NA	1
ENSG00000274156	0	NA	NA	0	NA	NA	NA	1
ENSG00000274159	0	NA	NA	0	NA	NA	NA	1
ENSG00000274173	0	NA	NA	0	NA	NA	NA	1
ENSG00000274177	0	NA	NA	0	NA	NA	NA	1
ENSG00000274184	0	NA	NA	0	NA	NA	NA	1
ENSG00000274227	0	NA	NA	0	NA	NA	NA	1
ENSG00000274244	0	NA	NA	0	NA	NA	NA	1
ENSG00000274251	0	NA	NA	0	NA	NA	NA	1
ENSG00000274259	0	NA	NA	0	NA	NA	NA	1
ENSG00000274269	0	NA	NA	0	NA	NA	NA	1
ENSG00000274270	0	NA	NA	0	NA	NA	NA	1
ENSG00000274272	0	NA	NA	0	NA	NA	NA	1
ENSG00000274297	0	NA	NA	0	NA	NA	NA	1
ENSG00000274317	0	NA	NA	0	NA	NA	NA	1
ENSG00000274341	0	NA	NA	0	NA	NA	NA	1
ENSG00000274363	0	NA	NA	0	NA	NA	NA	1
ENSG00000274364	0	NA	NA	0	NA	NA	NA	1
ENSG00000274379	0	NA	NA	0	NA	NA	NA	1
ENSG00000274400	0	NA	NA	0	NA	NA	NA	1
ENSG00000274403	0	NA	NA	0	NA	NA	NA	1
ENSG00000274415	0	NA	NA	0	NA	NA	NA	1
ENSG00000274425	0	NA	NA	0	NA	NA	NA	1
ENSG00000274441	0	NA	NA	0	NA	NA	NA	1
ENSG00000274461	0	NA	NA	0	NA	NA	NA	1
ENSG00000274492	0	NA	NA	0	NA	NA	NA	1
ENSG00000274501	0	NA	NA	0	NA	NA	NA	1
ENSG00000274508	0	NA	NA	0	NA	NA	NA	1
ENSG00000274515	0	NA	NA	0	NA	NA	NA	1
ENSG00000274554	0	NA	NA	0	NA	NA	NA	1
ENSG00000274560	0	NA	NA	0	NA	NA	NA	1
ENSG00000274565	0	NA	NA	0	NA	NA	NA	1
ENSG00000274591	0	NA	NA	0	NA	NA	NA	1
ENSG00000274605	0	NA	NA	0	NA	NA	NA	1
ENSG00000274624	0	NA	NA	0	NA	NA	NA	1
ENSG00000274630	0	NA	NA	0	NA	NA	NA	1
ENSG00000274652	0	NA	NA	0	NA	NA	NA	1
ENSG00000274653	0	NA	NA	0	NA	NA	NA	1
ENSG00000274659	0	NA	NA	0	NA	NA	NA	1
ENSG00000274670	0	NA	NA	0	NA	NA	NA	1
ENSG00000274677	0	NA	NA	0	NA	NA	NA	1
ENSG00000274695	0	NA	NA	0	NA	NA	NA	1
ENSG00000274698	0	NA	NA	0	NA	NA	NA	1
ENSG00000274719	0	NA	NA	0	NA	NA	NA	1
ENSG00000274737	0	NA	NA	0	NA	NA	NA	1
ENSG00000274769	0	NA	NA	0	NA	NA	NA	1
ENSG00000274797	0	NA	NA	0	NA	NA	NA	1
ENSG00000274834	0	NA	NA	0	NA	NA	NA	1
ENSG00000274840	0	NA	NA	0	NA	NA	NA	1
ENSG00000274849	0	NA	NA	0	NA	NA	NA	1
ENSG00000274863	0	NA	NA	0	NA	NA	NA	1
ENSG00000274898	0	NA	NA	0	NA	NA	NA	1
ENSG00000274937	0	NA	NA	0	NA	NA	NA	1
ENSG00000274943	0	NA	NA	0	NA	NA	NA	1
ENSG00000274949	0	NA	NA	0	NA	NA	NA	1
ENSG00000274964	0	NA	NA	0	NA	NA	NA	1
ENSG00000274976	0	NA	NA	0	NA	NA	NA	1
ENSG00000274987	0	NA	NA	0	NA	NA	NA	1
ENSG00000274996	0	NA	NA	0	NA	NA	NA	1
ENSG00000275024	0	NA	NA	0	NA	NA	NA	1
ENSG00000275038	0	NA	NA	0	NA	NA	NA	1
ENSG00000275040	0	NA	NA	0	NA	NA	NA	1
ENSG00000275055	0	NA	NA	0	NA	NA	NA	1
ENSG00000275091	0	NA	NA	0	NA	NA	NA	1
ENSG00000275155	0	NA	NA	0	NA	NA	NA	1
ENSG00000275180	0	NA	NA	0	NA	NA	NA	1
ENSG00000275185	0	NA	NA	0	NA	NA	NA	1
ENSG00000275191	0	NA	NA	0	NA	NA	NA	1
ENSG00000275197	0	NA	NA	0	NA	NA	NA	1
ENSG00000275198	0	NA	NA	0	NA	NA	NA	1
ENSG00000275210	0	NA	NA	0	NA	NA	NA	1
ENSG00000275223	0	NA	NA	0	NA	NA	NA	1
ENSG00000275234	0	NA	NA	0	NA	NA	NA	1
ENSG00000275263	0	NA	NA	0	NA	NA	NA	1
ENSG00000275265	0	NA	NA	0	NA	NA	NA	1
ENSG00000275286	0	NA	NA	0	NA	NA	NA	1
ENSG00000275327	0	NA	NA	0	NA	NA	NA	1
ENSG00000275332	0	NA	NA	0	NA	NA	NA	1
ENSG00000275371	0	NA	NA	0	NA	NA	NA	1
ENSG00000275383	0	NA	NA	0	NA	NA	NA	1
ENSG00000275389	0	NA	NA	0	NA	NA	NA	1
ENSG00000275409	0	NA	NA	0	NA	NA	NA	1
ENSG00000275418	0	NA	NA	0	NA	NA	NA	1
ENSG00000275437	0	NA	NA	0	NA	NA	NA	1
ENSG00000275438	0	NA	NA	0	NA	NA	NA	1
ENSG00000275445	0	NA	NA	0	NA	NA	NA	1
ENSG00000275454	0	NA	NA	0	NA	NA	NA	1
ENSG00000275457	0	NA	NA	0	NA	NA	NA	1
ENSG00000275465	0	NA	NA	0	NA	NA	NA	1
ENSG00000275467	0	NA	NA	0	NA	NA	NA	1
ENSG00000275481	0	NA	NA	0	NA	NA	NA	1
ENSG00000275484	0	NA	NA	0	NA	NA	NA	1
ENSG00000275491	0	NA	NA	0	NA	NA	NA	1
ENSG00000275516	0	NA	NA	0	NA	NA	NA	1
ENSG00000275527	0	NA	NA	0	NA	NA	NA	1
ENSG00000275549	0	NA	NA	0	NA	NA	NA	1
ENSG00000275567	0	NA	NA	0	NA	NA	NA	1
ENSG00000275576	0	NA	NA	0	NA	NA	NA	1
ENSG00000275580	0	NA	NA	0	NA	NA	NA	1
ENSG00000275582	0	NA	NA	0	NA	NA	NA	1
ENSG00000275613	0	NA	NA	0	NA	NA	NA	1
ENSG00000275630	0	NA	NA	0	NA	NA	NA	1
ENSG00000275632	0	NA	NA	0	NA	NA	NA	1
ENSG00000275636	0	NA	NA	0	NA	NA	NA	1
ENSG00000275638	0	NA	NA	0	NA	NA	NA	1
ENSG00000275665	0	NA	NA	0	NA	NA	NA	1
ENSG00000275672	0	NA	NA	0	NA	NA	NA	1
ENSG00000275678	0	NA	NA	0	NA	NA	NA	1
ENSG00000275703	0	NA	NA	0	NA	NA	NA	1
ENSG00000275720	0	NA	NA	0	NA	NA	NA	1
ENSG00000275728	0	NA	NA	0	NA	NA	NA	1
ENSG00000275734	0	NA	NA	0	NA	NA	NA	1
ENSG00000275759	0	NA	NA	0	NA	NA	NA	1
ENSG00000275764	0	NA	NA	0	NA	NA	NA	1
ENSG00000275769	0	NA	NA	0	NA	NA	NA	1
ENSG00000275807	0	NA	NA	0	NA	NA	NA	1
ENSG00000275846	0	NA	NA	0	NA	NA	NA	1
ENSG00000275857	0	NA	NA	0	NA	NA	NA	1
ENSG00000275871	0	NA	NA	0	NA	NA	NA	1
ENSG00000275894	0	NA	NA	0	NA	NA	NA	1
ENSG00000275898	0	NA	NA	0	NA	NA	NA	1
ENSG00000275902	0	NA	NA	0	NA	NA	NA	1
ENSG00000275910	0	NA	NA	0	NA	NA	NA	1
ENSG00000275963	0	NA	NA	0	NA	NA	NA	1
ENSG00000275964	0	NA	NA	0	NA	NA	NA	1
ENSG00000275965	0	NA	NA	0	NA	NA	NA	1
ENSG00000276012	0	NA	NA	0	NA	NA	NA	1
ENSG00000276054	0	NA	NA	0	NA	NA	NA	1
ENSG00000276063	0	NA	NA	0	NA	NA	NA	1
ENSG00000276075	0	NA	NA	0	NA	NA	NA	1
ENSG00000276107	0	NA	NA	0	NA	NA	NA	1
ENSG00000276115	0	NA	NA	0	NA	NA	NA	1
ENSG00000276122	0	NA	NA	0	NA	NA	NA	1
ENSG00000276131	0	NA	NA	0	NA	NA	NA	1
ENSG00000276136	0	NA	NA	0	NA	NA	NA	1
ENSG00000276170	0	NA	NA	0	NA	NA	NA	1
ENSG00000276174	0	NA	NA	0	NA	NA	NA	1
ENSG00000276188	0	NA	NA	0	NA	NA	NA	1
ENSG00000276223	0	NA	NA	0	NA	NA	NA	1
ENSG00000276248	0	NA	NA	0	NA	NA	NA	1
ENSG00000276259	0	NA	NA	0	NA	NA	NA	1
ENSG00000276272	0	NA	NA	0	NA	NA	NA	1
ENSG00000276282	0	NA	NA	0	NA	NA	NA	1
ENSG00000276334	0	NA	NA	0	NA	NA	NA	1
ENSG00000276390	0	NA	NA	0	NA	NA	NA	1
ENSG00000276403	0	NA	NA	0	NA	NA	NA	1
ENSG00000276434	0	NA	NA	0	NA	NA	NA	1
ENSG00000276445	0	NA	NA	0	NA	NA	NA	1
ENSG00000276505	0	NA	NA	0	NA	NA	NA	1
ENSG00000276508	0	NA	NA	0	NA	NA	NA	1
ENSG00000276517	0	NA	NA	0	NA	NA	NA	1
ENSG00000276527	0	NA	NA	0	NA	NA	NA	1
ENSG00000276533	0	NA	NA	0	NA	NA	NA	1
ENSG00000276571	0	NA	NA	0	NA	NA	NA	1
ENSG00000276573	0	NA	NA	0	NA	NA	NA	1
ENSG00000276593	0	NA	NA	0	NA	NA	NA	1
ENSG00000276633	0	NA	NA	0	NA	NA	NA	1
ENSG00000276638	0	NA	NA	0	NA	NA	NA	1
ENSG00000276663	0	NA	NA	0	NA	NA	NA	1
ENSG00000276687	0	NA	NA	0	NA	NA	NA	1
ENSG00000276691	0	NA	NA	0	NA	NA	NA	1
ENSG00000276698	0	NA	NA	0	NA	NA	NA	1
ENSG00000276702	0	NA	NA	0	NA	NA	NA	1
ENSG00000276704	0	NA	NA	0	NA	NA	NA	1
ENSG00000276707	0	NA	NA	0	NA	NA	NA	1
ENSG00000276727	0	NA	NA	0	NA	NA	NA	1
ENSG00000276744	0	NA	NA	0	NA	NA	NA	1
ENSG00000276768	0	NA	NA	0	NA	NA	NA	1
ENSG00000276790	0	NA	NA	0	NA	NA	NA	1
ENSG00000276807	0	NA	NA	0	NA	NA	NA	1
ENSG00000276809	0	NA	NA	0	NA	NA	NA	1
ENSG00000276814	0	NA	NA	0	NA	NA	NA	1
ENSG00000276831	0	NA	NA	0	NA	NA	NA	1
ENSG00000276842	0	NA	NA	0	NA	NA	NA	1
ENSG00000276851	0	NA	NA	0	NA	NA	NA	1
ENSG00000276853	0	NA	NA	0	NA	NA	NA	1
ENSG00000276916	0	NA	NA	0	NA	NA	NA	1
ENSG00000276934	0	NA	NA	0	NA	NA	NA	1
ENSG00000276968	0	NA	NA	0	NA	NA	NA	1
ENSG00000276993	0	NA	NA	0	NA	NA	NA	1
ENSG00000277013	0	NA	NA	0	NA	NA	NA	1
ENSG00000277087	0	NA	NA	0	NA	NA	NA	1
ENSG00000277130	0	NA	NA	0	NA	NA	NA	1
ENSG00000277142	0	NA	NA	0	NA	NA	NA	1
ENSG00000277144	0	NA	NA	0	NA	NA	NA	1
ENSG00000277170	0	NA	NA	0	NA	NA	NA	1
ENSG00000277173	0	NA	NA	0	NA	NA	NA	1
ENSG00000277182	0	NA	NA	0	NA	NA	NA	1
ENSG00000277214	0	NA	NA	0	NA	NA	NA	1
ENSG00000277223	0	NA	NA	0	NA	NA	NA	1
ENSG00000277235	0	NA	NA	0	NA	NA	NA	1
ENSG00000277245	0	NA	NA	0	NA	NA	NA	1
ENSG00000277247	0	NA	NA	0	NA	NA	NA	1
ENSG00000277283	0	NA	NA	0	NA	NA	NA	1
ENSG00000277299	0	NA	NA	0	NA	NA	NA	1
ENSG00000277310	0	NA	NA	0	NA	NA	NA	1
ENSG00000277342	0	NA	NA	0	NA	NA	NA	1
ENSG00000277351	0	NA	NA	0	NA	NA	NA	1
ENSG00000277369	0	NA	NA	0	NA	NA	NA	1
ENSG00000277382	0	NA	NA	0	NA	NA	NA	1
ENSG00000277386	0	NA	NA	0	NA	NA	NA	1
ENSG00000277423	0	NA	NA	0	NA	NA	NA	1
ENSG00000277425	0	NA	NA	0	NA	NA	NA	1
ENSG00000277440	0	NA	NA	0	NA	NA	NA	1
ENSG00000277450	0	NA	NA	0	NA	NA	NA	1
ENSG00000277459	0	NA	NA	0	NA	NA	NA	1
ENSG00000277463	0	NA	NA	0	NA	NA	NA	1
ENSG00000277482	0	NA	NA	0	NA	NA	NA	1
ENSG00000277491	0	NA	NA	0	NA	NA	NA	1
ENSG00000277501	0	NA	NA	0	NA	NA	NA	1
ENSG00000277504	0	NA	NA	0	NA	NA	NA	1
ENSG00000277541	0	NA	NA	0	NA	NA	NA	1
ENSG00000277545	0	NA	NA	0	NA	NA	NA	1
ENSG00000277566	0	NA	NA	0	NA	NA	NA	1
ENSG00000277579	0	NA	NA	0	NA	NA	NA	1
ENSG00000277581	0	NA	NA	0	NA	NA	NA	1
ENSG00000277597	0	NA	NA	0	NA	NA	NA	1
ENSG00000277602	0	NA	NA	0	NA	NA	NA	1
ENSG00000277621	0	NA	NA	0	NA	NA	NA	1
ENSG00000277684	0	NA	NA	0	NA	NA	NA	1
ENSG00000277687	0	NA	NA	0	NA	NA	NA	1
ENSG00000277688	0	NA	NA	0	NA	NA	NA	1
ENSG00000277715	0	NA	NA	0	NA	NA	NA	1
ENSG00000277718	0	NA	NA	0	NA	NA	NA	1
ENSG00000277728	0	NA	NA	0	NA	NA	NA	1
ENSG00000277744	0	NA	NA	0	NA	NA	NA	1
ENSG00000277782	0	NA	NA	0	NA	NA	NA	1
ENSG00000277801	0	NA	NA	0	NA	NA	NA	1
ENSG00000277806	0	NA	NA	0	NA	NA	NA	1
ENSG00000277825	0	NA	NA	0	NA	NA	NA	1
ENSG00000277840	0	NA	NA	0	NA	NA	NA	1
ENSG00000277873	0	NA	NA	0	NA	NA	NA	1
ENSG00000277879	0	NA	NA	0	NA	NA	NA	1
ENSG00000277911	0	NA	NA	0	NA	NA	NA	1
ENSG00000277945	0	NA	NA	0	NA	NA	NA	1
ENSG00000277959	0	NA	NA	0	NA	NA	NA	1
ENSG00000277978	0	NA	NA	0	NA	NA	NA	1
ENSG00000278000	0	NA	NA	0	NA	NA	NA	1
ENSG00000278012	0	NA	NA	0	NA	NA	NA	1
ENSG00000278013	0	NA	NA	0	NA	NA	NA	1
ENSG00000278017	0	NA	NA	0	NA	NA	NA	1
ENSG00000278022	0	NA	NA	0	NA	NA	NA	1
ENSG00000278035	0	NA	NA	0	NA	NA	NA	1
ENSG00000278041	0	NA	NA	0	NA	NA	NA	1
ENSG00000278058	0	NA	NA	0	NA	NA	NA	1
ENSG00000278084	0	NA	NA	0	NA	NA	NA	1
ENSG00000278095	0	NA	NA	0	NA	NA	NA	1
ENSG00000278112	0	NA	NA	0	NA	NA	NA	1
ENSG00000278126	0	NA	NA	0	NA	NA	NA	1
ENSG00000278133	0	NA	NA	0	NA	NA	NA	1
ENSG00000278192	0	NA	NA	0	NA	NA	NA	1
ENSG00000278206	0	NA	NA	0	NA	NA	NA	1
ENSG00000278231	0	NA	NA	0	NA	NA	NA	1
ENSG00000278238	0	NA	NA	0	NA	NA	NA	1
ENSG00000278255	0	NA	NA	0	NA	NA	NA	1
ENSG00000278291	0	NA	NA	0	NA	NA	NA	1
ENSG00000278338	0	NA	NA	0	NA	NA	NA	1
ENSG00000278341	0	NA	NA	0	NA	NA	NA	1
ENSG00000278344	0	NA	NA	0	NA	NA	NA	1
ENSG00000278356	0	NA	NA	0	NA	NA	NA	1
ENSG00000278367	0	NA	NA	0	NA	NA	NA	1
ENSG00000278370	0	NA	NA	0	NA	NA	NA	1
ENSG00000278385	0	NA	NA	0	NA	NA	NA	1
ENSG00000278389	0	NA	NA	0	NA	NA	NA	1
ENSG00000278408	0	NA	NA	0	NA	NA	NA	1
ENSG00000278419	0	NA	NA	0	NA	NA	NA	1
ENSG00000278431	0	NA	NA	0	NA	NA	NA	1
ENSG00000278434	0	NA	NA	0	NA	NA	NA	1
ENSG00000278462	0	NA	NA	0	NA	NA	NA	1
ENSG00000278464	0	NA	NA	0	NA	NA	NA	1
ENSG00000278472	0	NA	NA	0	NA	NA	NA	1
ENSG00000278475	0	NA	NA	0	NA	NA	NA	1
ENSG00000278484	0	NA	NA	0	NA	NA	NA	1
ENSG00000278576	0	NA	NA	0	NA	NA	NA	1
ENSG00000278621	0	NA	NA	0	NA	NA	NA	1
ENSG00000278638	0	NA	NA	0	NA	NA	NA	1
ENSG00000278668	0	NA	NA	0	NA	NA	NA	1
ENSG00000278703	0	NA	NA	0	NA	NA	NA	1
ENSG00000278713	0	NA	NA	0	NA	NA	NA	1
ENSG00000278719	0	NA	NA	0	NA	NA	NA	1
ENSG00000278733	0	NA	NA	0	NA	NA	NA	1
ENSG00000278737	0	NA	NA	0	NA	NA	NA	1
ENSG00000278743	0	NA	NA	0	NA	NA	NA	1
ENSG00000278768	0	NA	NA	0	NA	NA	NA	1
ENSG00000278769	0	NA	NA	0	NA	NA	NA	1
ENSG00000278811	0	NA	NA	0	NA	NA	NA	1
ENSG00000278816	0	NA	NA	0	NA	NA	NA	1
ENSG00000278831	0	NA	NA	0	NA	NA	NA	1
ENSG00000278916	0	NA	NA	0	NA	NA	NA	1
ENSG00000278920	0	NA	NA	0	NA	NA	NA	1
ENSG00000278936	0	NA	NA	0	NA	NA	NA	1
ENSG00000278944	0	NA	NA	0	NA	NA	NA	1
ENSG00000278960	0	NA	NA	0	NA	NA	NA	1
ENSG00000278981	0	NA	NA	0	NA	NA	NA	1
ENSG00000279006	0	NA	NA	0	NA	NA	NA	1
ENSG00000279047	0	NA	NA	0	NA	NA	NA	1
ENSG00000279070	0	NA	NA	0	NA	NA	NA	1
ENSG00000279078	0	NA	NA	0	NA	NA	NA	1
ENSG00000279080	0	NA	NA	0	NA	NA	NA	1
ENSG00000279082	0	NA	NA	0	NA	NA	NA	1
ENSG00000279085	0	NA	NA	0	NA	NA	NA	1
ENSG00000279110	0	NA	NA	0	NA	NA	NA	1
ENSG00000279141	0	NA	NA	0	NA	NA	NA	1
ENSG00000279145	0	NA	NA	0	NA	NA	NA	1
ENSG00000279159	0	NA	NA	0	NA	NA	NA	1
ENSG00000279168	0	NA	NA	0	NA	NA	NA	1
ENSG00000279175	0	NA	NA	0	NA	NA	NA	1
ENSG00000279206	0	NA	NA	0	NA	NA	NA	1
ENSG00000279232	0	NA	NA	0	NA	NA	NA	1
ENSG00000279240	0	NA	NA	0	NA	NA	NA	1
ENSG00000279261	0	NA	NA	0	NA	NA	NA	1
ENSG00000279317	0	NA	NA	0	NA	NA	NA	1
ENSG00000279342	0	NA	NA	0	NA	NA	NA	1
ENSG00000279467	0	NA	NA	0	NA	NA	NA	1
ENSG00000279529	0	NA	NA	0	NA	NA	NA	1
ENSG00000279548	0	NA	NA	0	NA	NA	NA	1
ENSG00000279558	0	NA	NA	0	NA	NA	NA	1
ENSG00000279571	0	NA	NA	0	NA	NA	NA	1
ENSG00000279607	0	NA	NA	0	NA	NA	NA	1
ENSG00000279622	0	NA	NA	0	NA	NA	NA	1
ENSG00000279623	0	NA	NA	0	NA	NA	NA	1
ENSG00000279658	0	NA	NA	0	NA	NA	NA	1
ENSG00000279685	0	NA	NA	0	NA	NA	NA	1
ENSG00000279727	0	NA	NA	0	NA	NA	NA	1
ENSG00000279750	0	NA	NA	0	NA	NA	NA	1
ENSG00000279762	0	NA	NA	0	NA	NA	NA	1
ENSG00000279949	0	NA	NA	0	NA	NA	NA	1
ENSG00000279968	0	NA	NA	0	NA	NA	NA	1
ENSG00000280005	0	NA	NA	0	NA	NA	NA	1
ENSG00000280007	0	NA	NA	0	NA	NA	NA	1
ENSG00000280011	0	NA	NA	0	NA	NA	NA	1
ENSG00000280026	0	NA	NA	0	NA	NA	NA	1
ENSG00000280036	0	NA	NA	0	NA	NA	NA	1
ENSG00000280080	0	NA	NA	0	NA	NA	NA	1
ENSG00000280195	0	NA	NA	0	NA	NA	NA	1
ENSG00000280206	0	NA	NA	0	NA	NA	NA	1
ENSG00000280273	0	NA	NA	0	NA	NA	NA	1
ENSG00000280303	0	NA	NA	0	NA	NA	NA	1
ENSG00000280350	0	NA	NA	0	NA	NA	NA	1
ENSG00000280383	0	NA	NA	0	NA	NA	NA	1
ENSG00000280384	0	NA	NA	0	NA	NA	NA	1
ENSG00000280434	0	NA	NA	0	NA	NA	NA	1
ENSG00000280474	0	NA	NA	0	NA	NA	NA	1
ENSG00000280485	0	NA	NA	0	NA	NA	NA	1
ENSG00000280543	0	NA	NA	0	NA	NA	NA	1
ENSG00000280560	0	NA	NA	0	NA	NA	NA	1
ENSG00000280561	0	NA	NA	0	NA	NA	NA	1
ENSG00000280587	0	NA	NA	0	NA	NA	NA	1
ENSG00000280607	0	NA	NA	0	NA	NA	NA	1
ENSG00000280634	0	NA	NA	0	NA	NA	NA	1
ENSG00000280660	0	NA	NA	0	NA	NA	NA	1
ENSG00000280693	0	NA	NA	0	NA	NA	NA	1
ENSG00000280711	0	NA	NA	0	NA	NA	NA	1
ENSG00000280719	0	NA	NA	0	NA	NA	NA	1
ENSG00000280739	0	NA	NA	0	NA	NA	NA	1
ENSG00000280744	0	NA	NA	0	NA	NA	NA	1
ENSG00000280758	0	NA	NA	0	NA	NA	NA	1
ENSG00000280776	0	NA	NA	0	NA	NA	NA	1
ENSG00000280780	0	NA	NA	0	NA	NA	NA	1
ENSG00000280798	0	NA	NA	0	NA	NA	NA	1
ENSG00000280832	0	NA	NA	0	NA	NA	NA	1
ENSG00000280837	0	NA	NA	0	NA	NA	NA	1
ENSG00000280850	0	NA	NA	0	NA	NA	NA	1
ENSG00000280890	0	NA	NA	0	NA	NA	NA	1
ENSG00000280916	0	NA	NA	0	NA	NA	NA	1
ENSG00000280920	0	NA	NA	0	NA	NA	NA	1
ENSG00000280924	0	NA	NA	0	NA	NA	NA	1
ENSG00000280927	0	NA	NA	0	NA	NA	NA	1
ENSG00000280936	0	NA	NA	0	NA	NA	NA	1
ENSG00000280953	0	NA	NA	0	NA	NA	NA	1
ENSG00000281005	0	NA	NA	0	NA	NA	NA	1
ENSG00000281021	0	NA	NA	0	NA	NA	NA	1
ENSG00000281026	0	NA	NA	0	NA	NA	NA	1
ENSG00000281091	0	NA	NA	0	NA	NA	NA	1
ENSG00000281097	0	NA	NA	0	NA	NA	NA	1
ENSG00000281162	0	NA	NA	0	NA	NA	NA	1
ENSG00000281167	0	NA	NA	0	NA	NA	NA	1
ENSG00000281183	0	NA	NA	0	NA	NA	NA	1
ENSG00000281189	0	NA	NA	0	NA	NA	NA	1
ENSG00000281195	0	NA	NA	0	NA	NA	NA	1
ENSG00000281207	0	NA	NA	0	NA	NA	NA	1
ENSG00000281327	0	NA	NA	0	NA	NA	NA	1
ENSG00000281358	0	NA	NA	0	NA	NA	NA	1
ENSG00000281386	0	NA	NA	0	NA	NA	NA	1
ENSG00000281398	0	NA	NA	0	NA	NA	NA	1
ENSG00000281404	0	NA	NA	0	NA	NA	NA	1
ENSG00000281501	0	NA	NA	0	NA	NA	NA	1
ENSG00000281530	0	NA	NA	0	NA	NA	NA	1
ENSG00000281566	0	NA	NA	0	NA	NA	NA	1
ENSG00000281641	0	NA	NA	0	NA	NA	NA	1
ENSG00000281691	0	NA	NA	0	NA	NA	NA	1
ENSG00000281708	0	NA	NA	0	NA	NA	NA	1
ENSG00000281756	0	NA	NA	0	NA	NA	NA	1
ENSG00000281809	0	NA	NA	0	NA	NA	NA	1
ENSG00000281832	0	NA	NA	0	NA	NA	NA	1
ENSG00000281880	0	NA	NA	0	NA	NA	NA	1
ENSG00000281903	0	NA	NA	0	NA	NA	NA	1
ENSG00000282021	0	NA	NA	0	NA	NA	NA	1
ENSG00000282022	0	NA	NA	0	NA	NA	NA	1
ENSG00000282041	0	NA	NA	0	NA	NA	NA	1
ENSG00000282057	0	NA	NA	0	NA	NA	NA	1
ENSG00000282097	0	NA	NA	0	NA	NA	NA	1
ENSG00000282121	0	NA	NA	0	NA	NA	NA	1
ENSG00000282164	0	NA	NA	0	NA	NA	NA	1
ENSG00000282199	0	NA	NA	0	NA	NA	NA	1
ENSG00000282221	0	NA	NA	0	NA	NA	NA	1
ENSG00000282304	0	NA	NA	0	NA	NA	NA	1
ENSG00000282317	0	NA	NA	0	NA	NA	NA	1
ENSG00000282386	0	NA	NA	0	NA	NA	NA	1
ENSG00000282390	0	NA	NA	0	NA	NA	NA	1
ENSG00000282408	0	NA	NA	0	NA	NA	NA	1
ENSG00000282527	0	NA	NA	0	NA	NA	NA	1
ENSG00000282556	0	NA	NA	0	NA	NA	NA	1
ENSG00000282602	0	NA	NA	0	NA	NA	NA	1
ENSG00000282787	0	NA	NA	0	NA	NA	NA	1
ENSG00000282816	0	NA	NA	0	NA	NA	NA	1
ENSG00000282836	0	NA	NA	0	NA	NA	NA	1
ENSG00000282840	0	NA	NA	0	NA	NA	NA	1
ENSG00000282843	0	NA	NA	0	NA	NA	NA	1
ENSG00000282849	0	NA	NA	0	NA	NA	NA	1
ENSG00000282851	0	NA	NA	0	NA	NA	NA	1
ENSG00000282876	0	NA	NA	0	NA	NA	NA	1
ENSG00000282882	0	NA	NA	0	NA	NA	NA	1
ENSG00000282907	0	NA	NA	0	NA	NA	NA	1
ENSG00000282915	0	NA	NA	0	NA	NA	NA	1
ENSG00000282916	0	NA	NA	0	NA	NA	NA	1
ENSG00000282925	0	NA	NA	0	NA	NA	NA	1
ENSG00000282951	0	NA	NA	0	NA	NA	NA	1
ENSG00000282964	0	NA	NA	0	NA	NA	NA	1
ENSG00000283025	0	NA	NA	0	NA	NA	NA	1
ENSG00000283031	0	NA	NA	0	NA	NA	NA	1
ENSG00000283045	0	NA	NA	0	NA	NA	NA	1
ENSG00000283051	0	NA	NA	0	NA	NA	NA	1
ENSG00000283053	0	NA	NA	0	NA	NA	NA	1
ENSG00000283058	0	NA	NA	0	NA	NA	NA	1
ENSG00000283098	0	NA	NA	0	NA	NA	NA	1
ENSG00000283122	0	NA	NA	0	NA	NA	NA	1
ENSG00000283155	0	NA	NA	0	NA	NA	NA	1
ENSG00000283157	0	NA	NA	0	NA	NA	NA	1
ENSG00000283164	0	NA	NA	0	NA	NA	NA	1
ENSG00000283175	0	NA	NA	0	NA	NA	NA	1
ENSG00000283217	0	NA	NA	0	NA	NA	NA	1
ENSG00000283235	0	NA	NA	0	NA	NA	NA	1
ENSG00000283240	0	NA	NA	0	NA	NA	NA	1
ENSG00000283265	0	NA	NA	0	NA	NA	NA	1
ENSG00000283314	0	NA	NA	0	NA	NA	NA	1
ENSG00000283341	0	NA	NA	0	NA	NA	NA	1
ENSG00000283347	0	NA	NA	0	NA	NA	NA	1
ENSG00000283375	0	NA	NA	0	NA	NA	NA	1
ENSG00000283383	0	NA	NA	0	NA	NA	NA	1
ENSG00000283405	0	NA	NA	0	NA	NA	NA	1
ENSG00000283415	0	NA	NA	0	NA	NA	NA	1
ENSG00000283436	0	NA	NA	0	NA	NA	NA	1
ENSG00000283440	0	NA	NA	0	NA	NA	NA	1
ENSG00000283462	0	NA	NA	0	NA	NA	NA	1
ENSG00000283504	0	NA	NA	0	NA	NA	NA	1
ENSG00000283549	0	NA	NA	0	NA	NA	NA	1
ENSG00000283554	0	NA	NA	0	NA	NA	NA	1
ENSG00000283608	0	NA	NA	0	NA	NA	NA	1
ENSG00000283627	0	NA	NA	0	NA	NA	NA	1
ENSG00000283629	0	NA	NA	0	NA	NA	NA	1
ENSG00000283635	0	NA	NA	0	NA	NA	NA	1
ENSG00000283638	0	NA	NA	0	NA	NA	NA	1
ENSG00000283647	0	NA	NA	0	NA	NA	NA	1
ENSG00000283648	0	NA	NA	0	NA	NA	NA	1
ENSG00000283662	0	NA	NA	0	NA	NA	NA	1
ENSG00000283667	0	NA	NA	0	NA	NA	NA	1
ENSG00000283743	0	NA	NA	0	NA	NA	NA	1
ENSG00000283757	0	NA	NA	0	NA	NA	NA	1
ENSG00000283769	0	NA	NA	0	NA	NA	NA	1
ENSG00000283839	0	NA	NA	0	NA	NA	NA	1
ENSG00000283897	0	NA	NA	0	NA	NA	NA	1
ENSG00000283907	0	NA	NA	0	NA	NA	NA	1
ENSG00000283913	0	NA	NA	0	NA	NA	NA	1
ENSG00000283914	0	NA	NA	0	NA	NA	NA	1
ENSG00000283959	0	NA	NA	0	NA	NA	NA	1
ENSG00000283991	0	NA	NA	0	NA	NA	NA	1
ENSG00000284048	0	NA	NA	0	NA	NA	NA	1
ENSG00000284240	0	NA	NA	0	NA	NA	NA	1
ENSG00000284309	0	NA	NA	0	NA	NA	NA	1
ENSG00000284376	0	NA	NA	0	NA	NA	NA	1
ENSG00000284377	0	NA	NA	0	NA	NA	NA	1
ENSG00000284391	0	NA	NA	0	NA	NA	NA	1
ENSG00000284430	0	NA	NA	0	NA	NA	NA	1
ENSG00000284543	0	NA	NA	0	NA	NA	NA	1
ENSG00000284601	0	NA	NA	0	NA	NA	NA	1
ENSG00000284608	0	NA	NA	0	NA	NA	NA	1
ENSG00000284615	0	NA	NA	0	NA	NA	NA	1
ENSG00000284634	0	NA	NA	0	NA	NA	NA	1
ENSG00000284644	0	NA	NA	0	NA	NA	NA	1
ENSG00000284645	0	NA	NA	0	NA	NA	NA	1
ENSG00000284652	0	NA	NA	0	NA	NA	NA	1
ENSG00000284664	0	NA	NA	0	NA	NA	NA	1
ENSG00000284677	0	NA	NA	0	NA	NA	NA	1
ENSG00000284693	0	NA	NA	0	NA	NA	NA	1
ENSG00000284697	0	NA	NA	0	NA	NA	NA	1
ENSG00000284700	0	NA	NA	0	NA	NA	NA	1
ENSG00000284702	0	NA	NA	0	NA	NA	NA	1
ENSG00000284705	0	NA	NA	0	NA	NA	NA	1
ENSG00000284707	0	NA	NA	0	NA	NA	NA	1
ENSG00000284710	0	NA	NA	0	NA	NA	NA	1
ENSG00000284720	0	NA	NA	0	NA	NA	NA	1
ENSG00000284721	0	NA	NA	0	NA	NA	NA	1
ENSG00000284722	0	NA	NA	0	NA	NA	NA	1
ENSG00000284726	0	NA	NA	0	NA	NA	NA	1
ENSG00000284738	0	NA	NA	0	NA	NA	NA	1
ENSG00000284748	0	NA	NA	0	NA	NA	NA	1
ENSG00000284803	0	NA	NA	0	NA	NA	NA	1
ENSG00000284829	0	NA	NA	0	NA	NA	NA	1
ENSG00000284846	0	NA	NA	0	NA	NA	NA	1
ENSG00000284879	0	NA	NA	0	NA	NA	NA	1
ENSG00000284882	0	NA	NA	0	NA	NA	NA	1
ENSG00000284930	0	NA	NA	0	NA	NA	NA	1
ENSG00000284954	0	NA	NA	0	NA	NA	NA	1
ENSG00000285006	0	NA	NA	0	NA	NA	NA	1
ENSG00000285018	0	NA	NA	0	NA	NA	NA	1
ENSG00000285041	0	NA	NA	0	NA	NA	NA	1
ENSG00000285051	0	NA	NA	0	NA	NA	NA	1
ENSG00000285068	0	NA	NA	0	NA	NA	NA	1
ENSG00000285080	0	NA	NA	0	NA	NA	NA	1
ENSG00000285090	0	NA	NA	0	NA	NA	NA	1
ENSG00000285091	0	NA	NA	0	NA	NA	NA	1
ENSG00000285094	0	NA	NA	0	NA	NA	NA	1
ENSG00000285095	0	NA	NA	0	NA	NA	NA	1
ENSG00000285103	0	NA	NA	0	NA	NA	NA	1
ENSG00000285117	0	NA	NA	0	NA	NA	NA	1
ENSG00000285128	0	NA	NA	0	NA	NA	NA	1
ENSG00000285177	0	NA	NA	0	NA	NA	NA	1
ENSG00000285184	0	NA	NA	0	NA	NA	NA	1
ENSG00000285190	0	NA	NA	0	NA	NA	NA	1
ENSG00000285191	0	NA	NA	0	NA	NA	NA	1
ENSG00000285201	0	NA	NA	0	NA	NA	NA	1
ENSG00000285205	0	NA	NA	0	NA	NA	NA	1
ENSG00000285210	0	NA	NA	0	NA	NA	NA	1
ENSG00000285230	0	NA	NA	0	NA	NA	NA	1
ENSG00000285239	0	NA	NA	0	NA	NA	NA	1
ENSG00000285278	0	NA	NA	0	NA	NA	NA	1
ENSG00000285300	0	NA	NA	0	NA	NA	NA	1
ENSG00000285314	0	NA	NA	0	NA	NA	NA	1
ENSG00000285338	0	NA	NA	0	NA	NA	NA	1
ENSG00000285361	0	NA	NA	0	NA	NA	NA	1
ENSG00000285407	0	NA	NA	0	NA	NA	NA	1
ENSG00000285410	0	NA	NA	0	NA	NA	NA	1
ENSG00000285413	0	NA	NA	0	NA	NA	NA	1
ENSG00000285424	0	NA	NA	0	NA	NA	NA	1
ENSG00000285427	0	NA	NA	0	NA	NA	NA	1
ENSG00000285448	0	NA	NA	0	NA	NA	NA	1
ENSG00000285454	0	NA	NA	0	NA	NA	NA	1
ENSG00000285473	0	NA	NA	0	NA	NA	NA	1
ENSG00000285513	0	NA	NA	0	NA	NA	NA	1
ENSG00000285518	0	NA	NA	0	NA	NA	NA	1
ENSG00000285521	0	NA	NA	0	NA	NA	NA	1
ENSG00000285523	0	NA	NA	0	NA	NA	NA	1
ENSG00000285525	0	NA	NA	0	NA	NA	NA	1
ENSG00000285530	0	NA	NA	0	NA	NA	NA	1
ENSG00000285533	0	NA	NA	0	NA	NA	NA	1
ENSG00000285535	0	NA	NA	0	NA	NA	NA	1
ENSG00000285539	0	NA	NA	0	NA	NA	NA	1
ENSG00000285540	0	NA	NA	0	NA	NA	NA	1
ENSG00000285545	0	NA	NA	0	NA	NA	NA	1
ENSG00000285548	0	NA	NA	0	NA	NA	NA	1
ENSG00000285555	0	NA	NA	0	NA	NA	NA	1
ENSG00000285559	0	NA	NA	0	NA	NA	NA	1
ENSG00000285560	0	NA	NA	0	NA	NA	NA	1
ENSG00000285565	0	NA	NA	0	NA	NA	NA	1
ENSG00000285567	0	NA	NA	0	NA	NA	NA	1
ENSG00000285570	0	NA	NA	0	NA	NA	NA	1
ENSG00000285573	0	NA	NA	0	NA	NA	NA	1
ENSG00000285575	0	NA	NA	0	NA	NA	NA	1
ENSG00000285577	0	NA	NA	0	NA	NA	NA	1
ENSG00000285579	0	NA	NA	0	NA	NA	NA	1
ENSG00000285583	0	NA	NA	0	NA	NA	NA	1
ENSG00000285588	0	NA	NA	0	NA	NA	NA	1
ENSG00000285594	0	NA	NA	0	NA	NA	NA	1
ENSG00000285598	0	NA	NA	0	NA	NA	NA	1
ENSG00000285599	0	NA	NA	0	NA	NA	NA	1
ENSG00000285600	0	NA	NA	0	NA	NA	NA	1
ENSG00000285604	0	NA	NA	0	NA	NA	NA	1
ENSG00000285606	0	NA	NA	0	NA	NA	NA	1
ENSG00000285608	0	NA	NA	0	NA	NA	NA	1
ENSG00000285612	0	NA	NA	0	NA	NA	NA	1
ENSG00000285613	0	NA	NA	0	NA	NA	NA	1
ENSG00000285614	0	NA	NA	0	NA	NA	NA	1
ENSG00000285615	0	NA	NA	0	NA	NA	NA	1
ENSG00000285618	0	NA	NA	0	NA	NA	NA	1
ENSG00000285619	0	NA	NA	0	NA	NA	NA	1
ENSG00000285621	0	NA	NA	0	NA	NA	NA	1
ENSG00000285622	0	NA	NA	0	NA	NA	NA	1
ENSG00000285630	0	NA	NA	0	NA	NA	NA	1
ENSG00000285632	0	NA	NA	0	NA	NA	NA	1
ENSG00000285633	0	NA	NA	0	NA	NA	NA	1
ENSG00000285648	0	NA	NA	0	NA	NA	NA	1
ENSG00000285649	0	NA	NA	0	NA	NA	NA	1
ENSG00000285650	0	NA	NA	0	NA	NA	NA	1
ENSG00000285651	0	NA	NA	0	NA	NA	NA	1
ENSG00000285653	0	NA	NA	0	NA	NA	NA	1
ENSG00000285654	0	NA	NA	0	NA	NA	NA	1
ENSG00000285664	0	NA	NA	0	NA	NA	NA	1
ENSG00000285671	0	NA	NA	0	NA	NA	NA	1
ENSG00000285672	0	NA	NA	0	NA	NA	NA	1
ENSG00000285677	0	NA	NA	0	NA	NA	NA	1
ENSG00000285681	0	NA	NA	0	NA	NA	NA	1
ENSG00000285692	0	NA	NA	0	NA	NA	NA	1
ENSG00000285693	0	NA	NA	0	NA	NA	NA	1
ENSG00000285696	0	NA	NA	0	NA	NA	NA	1
ENSG00000285698	0	NA	NA	0	NA	NA	NA	1
ENSG00000285701	0	NA	NA	0	NA	NA	NA	1
ENSG00000285704	0	NA	NA	0	NA	NA	NA	1
ENSG00000285706	0	NA	NA	0	NA	NA	NA	1
ENSG00000285710	0	NA	NA	0	NA	NA	NA	1
ENSG00000285714	0	NA	NA	0	NA	NA	NA	1
ENSG00000285716	0	NA	NA	0	NA	NA	NA	1
ENSG00000285717	0	NA	NA	0	NA	NA	NA	1
ENSG00000285724	0	NA	NA	0	NA	NA	NA	1
ENSG00000285727	0	NA	NA	0	NA	NA	NA	1
ENSG00000285730	0	NA	NA	0	NA	NA	NA	1
ENSG00000285731	0	NA	NA	0	NA	NA	NA	1
ENSG00000285732	0	NA	NA	0	NA	NA	NA	1
ENSG00000285734	0	NA	NA	0	NA	NA	NA	1
ENSG00000285736	0	NA	NA	0	NA	NA	NA	1
ENSG00000285737	0	NA	NA	0	NA	NA	NA	1
ENSG00000285738	0	NA	NA	0	NA	NA	NA	1
ENSG00000285744	0	NA	NA	0	NA	NA	NA	1
ENSG00000285747	0	NA	NA	0	NA	NA	NA	1
ENSG00000285752	0	NA	NA	0	NA	NA	NA	1
ENSG00000285754	0	NA	NA	0	NA	NA	NA	1
ENSG00000285758	0	NA	NA	0	NA	NA	NA	1
ENSG00000285759	0	NA	NA	0	NA	NA	NA	1
ENSG00000285763	0	NA	NA	0	NA	NA	NA	1
ENSG00000285770	0	NA	NA	0	NA	NA	NA	1
ENSG00000285773	0	NA	NA	0	NA	NA	NA	1
ENSG00000285782	0	NA	NA	0	NA	NA	NA	1
ENSG00000285783	0	NA	NA	0	NA	NA	NA	1
ENSG00000285786	0	NA	NA	0	NA	NA	NA	1
ENSG00000285796	0	NA	NA	0	NA	NA	NA	1
ENSG00000285797	0	NA	NA	0	NA	NA	NA	1
ENSG00000285800	0	NA	NA	0	NA	NA	NA	1
ENSG00000285804	0	NA	NA	0	NA	NA	NA	1
ENSG00000285806	0	NA	NA	0	NA	NA	NA	1
ENSG00000285807	0	NA	NA	0	NA	NA	NA	1
ENSG00000285809	0	NA	NA	0	NA	NA	NA	1
ENSG00000285813	0	NA	NA	0	NA	NA	NA	1
ENSG00000285824	0	NA	NA	0	NA	NA	NA	1
ENSG00000285825	0	NA	NA	0	NA	NA	NA	1
ENSG00000285830	0	NA	NA	0	NA	NA	NA	1
ENSG00000285831	0	NA	NA	0	NA	NA	NA	1
ENSG00000285836	0	NA	NA	0	NA	NA	NA	1
ENSG00000285840	0	NA	NA	0	NA	NA	NA	1
ENSG00000285842	0	NA	NA	0	NA	NA	NA	1
ENSG00000285844	0	NA	NA	0	NA	NA	NA	1
ENSG00000285846	0	NA	NA	0	NA	NA	NA	1
ENSG00000285847	0	NA	NA	0	NA	NA	NA	1
ENSG00000285848	0	NA	NA	0	NA	NA	NA	1
ENSG00000285849	0	NA	NA	0	NA	NA	NA	1
ENSG00000285851	0	NA	NA	0	NA	NA	NA	1
ENSG00000285856	0	NA	NA	0	NA	NA	NA	1
ENSG00000285857	0	NA	NA	0	NA	NA	NA	1
ENSG00000285860	0	NA	NA	0	NA	NA	NA	1
ENSG00000285861	0	NA	NA	0	NA	NA	NA	1
ENSG00000285863	0	NA	NA	0	NA	NA	NA	1
ENSG00000285864	0	NA	NA	0	NA	NA	NA	1
ENSG00000285865	0	NA	NA	0	NA	NA	NA	1
ENSG00000285867	0	NA	NA	0	NA	NA	NA	1
ENSG00000285870	0	NA	NA	0	NA	NA	NA	1
ENSG00000285871	0	NA	NA	0	NA	NA	NA	1
ENSG00000285872	0	NA	NA	0	NA	NA	NA	1
ENSG00000285873	0	NA	NA	0	NA	NA	NA	1
ENSG00000285878	0	NA	NA	0	NA	NA	NA	1
ENSG00000285879	0	NA	NA	0	NA	NA	NA	1
ENSG00000285881	0	NA	NA	0	NA	NA	NA	1
ENSG00000285887	0	NA	NA	0	NA	NA	NA	1
ENSG00000285889	0	NA	NA	0	NA	NA	NA	1
ENSG00000285890	0	NA	NA	0	NA	NA	NA	1
ENSG00000285892	0	NA	NA	0	NA	NA	NA	1
ENSG00000285898	0	NA	NA	0	NA	NA	NA	1
ENSG00000285907	0	NA	NA	0	NA	NA	NA	1
ENSG00000285908	0	NA	NA	0	NA	NA	NA	1
ENSG00000285911	0	NA	NA	0	NA	NA	NA	1
ENSG00000285921	0	NA	NA	0	NA	NA	NA	1
ENSG00000285922	0	NA	NA	0	NA	NA	NA	1
ENSG00000285923	0	NA	NA	0	NA	NA	NA	1
ENSG00000285925	0	NA	NA	0	NA	NA	NA	1
ENSG00000285926	0	NA	NA	0	NA	NA	NA	1
ENSG00000285928	0	NA	NA	0	NA	NA	NA	1
ENSG00000285929	0	NA	NA	0	NA	NA	NA	1
ENSG00000285931	0	NA	NA	0	NA	NA	NA	1
ENSG00000285936	0	NA	NA	0	NA	NA	NA	1
ENSG00000285948	0	NA	NA	0	NA	NA	NA	1
ENSG00000285952	0	NA	NA	0	NA	NA	NA	1
ENSG00000285954	0	NA	NA	0	NA	NA	NA	1
ENSG00000285957	0	NA	NA	0	NA	NA	NA	1
ENSG00000285959	0	NA	NA	0	NA	NA	NA	1
ENSG00000285960	0	NA	NA	0	NA	NA	NA	1
ENSG00000285964	0	NA	NA	0	NA	NA	NA	1
ENSG00000285966	0	NA	NA	0	NA	NA	NA	1
ENSG00000285970	0	NA	NA	0	NA	NA	NA	1
ENSG00000285977	0	NA	NA	0	NA	NA	NA	1
ENSG00000285979	0	NA	NA	0	NA	NA	NA	1
ENSG00000285984	0	NA	NA	0	NA	NA	NA	1
ENSG00000285996	0	NA	NA	0	NA	NA	NA	1
ENSG00000285997	0	NA	NA	0	NA	NA	NA	1
ENSG00000286002	0	NA	NA	0	NA	NA	NA	1
ENSG00000286004	0	NA	NA	0	NA	NA	NA	1
ENSG00000286017	0	NA	NA	0	NA	NA	NA	1
ENSG00000286018	0	NA	NA	0	NA	NA	NA	1
ENSG00000286020	0	NA	NA	0	NA	NA	NA	1
ENSG00000286024	0	NA	NA	0	NA	NA	NA	1
ENSG00000286028	0	NA	NA	0	NA	NA	NA	1
ENSG00000286031	0	NA	NA	0	NA	NA	NA	1
ENSG00000286035	0	NA	NA	0	NA	NA	NA	1
ENSG00000286037	0	NA	NA	0	NA	NA	NA	1
ENSG00000286041	0	NA	NA	0	NA	NA	NA	1
ENSG00000286043	0	NA	NA	0	NA	NA	NA	1
ENSG00000286045	0	NA	NA	0	NA	NA	NA	1
ENSG00000286046	0	NA	NA	0	NA	NA	NA	1
ENSG00000286048	0	NA	NA	0	NA	NA	NA	1
ENSG00000286052	0	NA	NA	0	NA	NA	NA	1
ENSG00000286059	0	NA	NA	0	NA	NA	NA	1
ENSG00000286067	0	NA	NA	0	NA	NA	NA	1
ENSG00000286068	0	NA	NA	0	NA	NA	NA	1
ENSG00000286074	0	NA	NA	0	NA	NA	NA	1
ENSG00000286077	0	NA	NA	0	NA	NA	NA	1
ENSG00000286082	0	NA	NA	0	NA	NA	NA	1
ENSG00000286086	0	NA	NA	0	NA	NA	NA	1
ENSG00000286092	0	NA	NA	0	NA	NA	NA	1
ENSG00000286093	0	NA	NA	0	NA	NA	NA	1
ENSG00000286099	0	NA	NA	0	NA	NA	NA	1
ENSG00000286100	0	NA	NA	0	NA	NA	NA	1
ENSG00000286107	0	NA	NA	0	NA	NA	NA	1
ENSG00000286115	0	NA	NA	0	NA	NA	NA	1
ENSG00000286116	0	NA	NA	0	NA	NA	NA	1
ENSG00000286123	0	NA	NA	0	NA	NA	NA	1
ENSG00000286124	0	NA	NA	0	NA	NA	NA	1
ENSG00000286127	0	NA	NA	0	NA	NA	NA	1
ENSG00000286133	0	NA	NA	0	NA	NA	NA	1
ENSG00000286134	0	NA	NA	0	NA	NA	NA	1
ENSG00000286136	0	NA	NA	0	NA	NA	NA	1
ENSG00000286138	0	NA	NA	0	NA	NA	NA	1
ENSG00000286144	0	NA	NA	0	NA	NA	NA	1
ENSG00000286145	0	NA	NA	0	NA	NA	NA	1
ENSG00000286147	0	NA	NA	0	NA	NA	NA	1
ENSG00000286150	0	NA	NA	0	NA	NA	NA	1
ENSG00000286152	0	NA	NA	0	NA	NA	NA	1
ENSG00000286153	0	NA	NA	0	NA	NA	NA	1
ENSG00000286154	0	NA	NA	0	NA	NA	NA	1
ENSG00000286158	0	NA	NA	0	NA	NA	NA	1
ENSG00000286159	0	NA	NA	0	NA	NA	NA	1
ENSG00000286161	0	NA	NA	0	NA	NA	NA	1
ENSG00000286163	0	NA	NA	0	NA	NA	NA	1
ENSG00000286164	0	NA	NA	0	NA	NA	NA	1
ENSG00000286171	0	NA	NA	0	NA	NA	NA	1
ENSG00000286174	0	NA	NA	0	NA	NA	NA	1
ENSG00000286180	0	NA	NA	0	NA	NA	NA	1
ENSG00000286181	0	NA	NA	0	NA	NA	NA	1
ENSG00000286188	0	NA	NA	0	NA	NA	NA	1
ENSG00000286191	0	NA	NA	0	NA	NA	NA	1
ENSG00000286193	0	NA	NA	0	NA	NA	NA	1
ENSG00000286195	0	NA	NA	0	NA	NA	NA	1
ENSG00000286196	0	NA	NA	0	NA	NA	NA	1
ENSG00000286205	0	NA	NA	0	NA	NA	NA	1
ENSG00000286206	0	NA	NA	0	NA	NA	NA	1
ENSG00000286210	0	NA	NA	0	NA	NA	NA	1
ENSG00000286212	0	NA	NA	0	NA	NA	NA	1
ENSG00000286214	0	NA	NA	0	NA	NA	NA	1
ENSG00000286223	0	NA	NA	0	NA	NA	NA	1
ENSG00000286227	0	NA	NA	0	NA	NA	NA	1
ENSG00000286229	0	NA	NA	0	NA	NA	NA	1
ENSG00000286233	0	NA	NA	0	NA	NA	NA	1
ENSG00000286240	0	NA	NA	0	NA	NA	NA	1
ENSG00000286242	0	NA	NA	0	NA	NA	NA	1
ENSG00000286248	0	NA	NA	0	NA	NA	NA	1
ENSG00000286253	0	NA	NA	0	NA	NA	NA	1
ENSG00000286257	0	NA	NA	0	NA	NA	NA	1
ENSG00000286260	0	NA	NA	0	NA	NA	NA	1
ENSG00000286262	0	NA	NA	0	NA	NA	NA	1
ENSG00000286263	0	NA	NA	0	NA	NA	NA	1
ENSG00000286269	0	NA	NA	0	NA	NA	NA	1
ENSG00000286273	0	NA	NA	0	NA	NA	NA	1
ENSG00000286276	0	NA	NA	0	NA	NA	NA	1
ENSG00000286286	0	NA	NA	0	NA	NA	NA	1
ENSG00000286289	0	NA	NA	0	NA	NA	NA	1
ENSG00000286299	0	NA	NA	0	NA	NA	NA	1
ENSG00000286300	0	NA	NA	0	NA	NA	NA	1
ENSG00000286301	0	NA	NA	0	NA	NA	NA	1
ENSG00000286302	0	NA	NA	0	NA	NA	NA	1
ENSG00000286303	0	NA	NA	0	NA	NA	NA	1
ENSG00000286305	0	NA	NA	0	NA	NA	NA	1
ENSG00000286307	0	NA	NA	0	NA	NA	NA	1
ENSG00000286308	0	NA	NA	0	NA	NA	NA	1
ENSG00000286312	0	NA	NA	0	NA	NA	NA	1
ENSG00000286313	0	NA	NA	0	NA	NA	NA	1
ENSG00000286314	0	NA	NA	0	NA	NA	NA	1
ENSG00000286315	0	NA	NA	0	NA	NA	NA	1
ENSG00000286316	0	NA	NA	0	NA	NA	NA	1
ENSG00000286319	0	NA	NA	0	NA	NA	NA	1
ENSG00000286320	0	NA	NA	0	NA	NA	NA	1
ENSG00000286322	0	NA	NA	0	NA	NA	NA	1
ENSG00000286324	0	NA	NA	0	NA	NA	NA	1
ENSG00000286325	0	NA	NA	0	NA	NA	NA	1
ENSG00000286326	0	NA	NA	0	NA	NA	NA	1
ENSG00000286330	0	NA	NA	0	NA	NA	NA	1
ENSG00000286331	0	NA	NA	0	NA	NA	NA	1
ENSG00000286333	0	NA	NA	0	NA	NA	NA	1
ENSG00000286335	0	NA	NA	0	NA	NA	NA	1
ENSG00000286340	0	NA	NA	0	NA	NA	NA	1
ENSG00000286344	0	NA	NA	0	NA	NA	NA	1
ENSG00000286347	0	NA	NA	0	NA	NA	NA	1
ENSG00000286352	0	NA	NA	0	NA	NA	NA	1
ENSG00000286353	0	NA	NA	0	NA	NA	NA	1
ENSG00000286354	0	NA	NA	0	NA	NA	NA	1
ENSG00000286358	0	NA	NA	0	NA	NA	NA	1
ENSG00000286359	0	NA	NA	0	NA	NA	NA	1
ENSG00000286361	0	NA	NA	0	NA	NA	NA	1
ENSG00000286362	0	NA	NA	0	NA	NA	NA	1
ENSG00000286364	0	NA	NA	0	NA	NA	NA	1
ENSG00000286367	0	NA	NA	0	NA	NA	NA	1
ENSG00000286369	0	NA	NA	0	NA	NA	NA	1
ENSG00000286371	0	NA	NA	0	NA	NA	NA	1
ENSG00000286375	0	NA	NA	0	NA	NA	NA	1
ENSG00000286377	0	NA	NA	0	NA	NA	NA	1
ENSG00000286378	0	NA	NA	0	NA	NA	NA	1
ENSG00000286382	0	NA	NA	0	NA	NA	NA	1
ENSG00000286383	0	NA	NA	0	NA	NA	NA	1
ENSG00000286384	0	NA	NA	0	NA	NA	NA	1
ENSG00000286388	0	NA	NA	0	NA	NA	NA	1
ENSG00000286394	0	NA	NA	0	NA	NA	NA	1
ENSG00000286398	0	NA	NA	0	NA	NA	NA	1
ENSG00000286400	0	NA	NA	0	NA	NA	NA	1
ENSG00000286404	0	NA	NA	0	NA	NA	NA	1
ENSG00000286407	0	NA	NA	0	NA	NA	NA	1
ENSG00000286410	0	NA	NA	0	NA	NA	NA	1
ENSG00000286411	0	NA	NA	0	NA	NA	NA	1
ENSG00000286412	0	NA	NA	0	NA	NA	NA	1
ENSG00000286414	0	NA	NA	0	NA	NA	NA	1
ENSG00000286415	0	NA	NA	0	NA	NA	NA	1
ENSG00000286416	0	NA	NA	0	NA	NA	NA	1
ENSG00000286419	0	NA	NA	0	NA	NA	NA	1
ENSG00000286420	0	NA	NA	0	NA	NA	NA	1
ENSG00000286421	0	NA	NA	0	NA	NA	NA	1
ENSG00000286424	0	NA	NA	0	NA	NA	NA	1
ENSG00000286425	0	NA	NA	0	NA	NA	NA	1
ENSG00000286427	0	NA	NA	0	NA	NA	NA	1
ENSG00000286428	0	NA	NA	0	NA	NA	NA	1
ENSG00000286429	0	NA	NA	0	NA	NA	NA	1
ENSG00000286430	0	NA	NA	0	NA	NA	NA	1
ENSG00000286433	0	NA	NA	0	NA	NA	NA	1
ENSG00000286437	0	NA	NA	0	NA	NA	NA	1
ENSG00000286438	0	NA	NA	0	NA	NA	NA	1
ENSG00000286440	0	NA	NA	0	NA	NA	NA	1
ENSG00000286441	0	NA	NA	0	NA	NA	NA	1
ENSG00000286443	0	NA	NA	0	NA	NA	NA	1
ENSG00000286444	0	NA	NA	0	NA	NA	NA	1
ENSG00000286445	0	NA	NA	0	NA	NA	NA	1
ENSG00000286450	0	NA	NA	0	NA	NA	NA	1
ENSG00000286451	0	NA	NA	0	NA	NA	NA	1
ENSG00000286455	0	NA	NA	0	NA	NA	NA	1
ENSG00000286459	0	NA	NA	0	NA	NA	NA	1
ENSG00000286460	0	NA	NA	0	NA	NA	NA	1
ENSG00000286463	0	NA	NA	0	NA	NA	NA	1
ENSG00000286471	0	NA	NA	0	NA	NA	NA	1
ENSG00000286480	0	NA	NA	0	NA	NA	NA	1
ENSG00000286481	0	NA	NA	0	NA	NA	NA	1
ENSG00000286485	0	NA	NA	0	NA	NA	NA	1
ENSG00000286487	0	NA	NA	0	NA	NA	NA	1
ENSG00000286488	0	NA	NA	0	NA	NA	NA	1
ENSG00000286492	0	NA	NA	0	NA	NA	NA	1
ENSG00000286493	0	NA	NA	0	NA	NA	NA	1
ENSG00000286499	0	NA	NA	0	NA	NA	NA	1
ENSG00000286500	0	NA	NA	0	NA	NA	NA	1
ENSG00000286501	0	NA	NA	0	NA	NA	NA	1
ENSG00000286502	0	NA	NA	0	NA	NA	NA	1
ENSG00000286503	0	NA	NA	0	NA	NA	NA	1
ENSG00000286505	0	NA	NA	0	NA	NA	NA	1
ENSG00000286507	0	NA	NA	0	NA	NA	NA	1
ENSG00000286508	0	NA	NA	0	NA	NA	NA	1
ENSG00000286511	0	NA	NA	0	NA	NA	NA	1
ENSG00000286514	0	NA	NA	0	NA	NA	NA	1
ENSG00000286515	0	NA	NA	0	NA	NA	NA	1
ENSG00000286523	0	NA	NA	0	NA	NA	NA	1
ENSG00000286524	0	NA	NA	0	NA	NA	NA	1
ENSG00000286525	0	NA	NA	0	NA	NA	NA	1
ENSG00000286526	0	NA	NA	0	NA	NA	NA	1
ENSG00000286527	0	NA	NA	0	NA	NA	NA	1
ENSG00000286530	0	NA	NA	0	NA	NA	NA	1
ENSG00000286534	0	NA	NA	0	NA	NA	NA	1
ENSG00000286535	0	NA	NA	0	NA	NA	NA	1
ENSG00000286536	0	NA	NA	0	NA	NA	NA	1
ENSG00000286538	0	NA	NA	0	NA	NA	NA	1
ENSG00000286539	0	NA	NA	0	NA	NA	NA	1
ENSG00000286540	0	NA	NA	0	NA	NA	NA	1
ENSG00000286541	0	NA	NA	0	NA	NA	NA	1
ENSG00000286544	0	NA	NA	0	NA	NA	NA	1
ENSG00000286545	0	NA	NA	0	NA	NA	NA	1
ENSG00000286546	0	NA	NA	0	NA	NA	NA	1
ENSG00000286547	0	NA	NA	0	NA	NA	NA	1
ENSG00000286550	0	NA	NA	0	NA	NA	NA	1
ENSG00000286555	0	NA	NA	0	NA	NA	NA	1
ENSG00000286558	0	NA	NA	0	NA	NA	NA	1
ENSG00000286561	0	NA	NA	0	NA	NA	NA	1
ENSG00000286562	0	NA	NA	0	NA	NA	NA	1
ENSG00000286563	0	NA	NA	0	NA	NA	NA	1
ENSG00000286566	0	NA	NA	0	NA	NA	NA	1
ENSG00000286567	0	NA	NA	0	NA	NA	NA	1
ENSG00000286568	0	NA	NA	0	NA	NA	NA	1
ENSG00000286571	0	NA	NA	0	NA	NA	NA	1
ENSG00000286572	0	NA	NA	0	NA	NA	NA	1
ENSG00000286576	0	NA	NA	0	NA	NA	NA	1
ENSG00000286577	0	NA	NA	0	NA	NA	NA	1
ENSG00000286579	0	NA	NA	0	NA	NA	NA	1
ENSG00000286580	0	NA	NA	0	NA	NA	NA	1
ENSG00000286581	0	NA	NA	0	NA	NA	NA	1
ENSG00000286583	0	NA	NA	0	NA	NA	NA	1
ENSG00000286585	0	NA	NA	0	NA	NA	NA	1
ENSG00000286587	0	NA	NA	0	NA	NA	NA	1
ENSG00000286588	0	NA	NA	0	NA	NA	NA	1
ENSG00000286594	0	NA	NA	0	NA	NA	NA	1
ENSG00000286599	0	NA	NA	0	NA	NA	NA	1
ENSG00000286600	0	NA	NA	0	NA	NA	NA	1
ENSG00000286602	0	NA	NA	0	NA	NA	NA	1
ENSG00000286603	0	NA	NA	0	NA	NA	NA	1
ENSG00000286605	0	NA	NA	0	NA	NA	NA	1
ENSG00000286607	0	NA	NA	0	NA	NA	NA	1
ENSG00000286615	0	NA	NA	0	NA	NA	NA	1
ENSG00000286618	0	NA	NA	0	NA	NA	NA	1
ENSG00000286619	0	NA	NA	0	NA	NA	NA	1
ENSG00000286621	0	NA	NA	0	NA	NA	NA	1
ENSG00000286622	0	NA	NA	0	NA	NA	NA	1
ENSG00000286623	0	NA	NA	0	NA	NA	NA	1
ENSG00000286626	0	NA	NA	0	NA	NA	NA	1
ENSG00000286630	0	NA	NA	0	NA	NA	NA	1
ENSG00000286636	0	NA	NA	0	NA	NA	NA	1
ENSG00000286637	0	NA	NA	0	NA	NA	NA	1
ENSG00000286638	0	NA	NA	0	NA	NA	NA	1
ENSG00000286641	0	NA	NA	0	NA	NA	NA	1
ENSG00000286645	0	NA	NA	0	NA	NA	NA	1
ENSG00000286650	0	NA	NA	0	NA	NA	NA	1
ENSG00000286654	0	NA	NA	0	NA	NA	NA	1
ENSG00000286657	0	NA	NA	0	NA	NA	NA	1
ENSG00000286659	0	NA	NA	0	NA	NA	NA	1
ENSG00000286663	0	NA	NA	0	NA	NA	NA	1
ENSG00000286670	0	NA	NA	0	NA	NA	NA	1
ENSG00000286671	0	NA	NA	0	NA	NA	NA	1
ENSG00000286681	0	NA	NA	0	NA	NA	NA	1
ENSG00000286682	0	NA	NA	0	NA	NA	NA	1
ENSG00000286683	0	NA	NA	0	NA	NA	NA	1
ENSG00000286688	0	NA	NA	0	NA	NA	NA	1
ENSG00000286689	0	NA	NA	0	NA	NA	NA	1
ENSG00000286692	0	NA	NA	0	NA	NA	NA	1
ENSG00000286693	0	NA	NA	0	NA	NA	NA	1
ENSG00000286696	0	NA	NA	0	NA	NA	NA	1
ENSG00000286708	0	NA	NA	0	NA	NA	NA	1
ENSG00000286714	0	NA	NA	0	NA	NA	NA	1
ENSG00000286717	0	NA	NA	0	NA	NA	NA	1
ENSG00000286718	0	NA	NA	0	NA	NA	NA	1
ENSG00000286719	0	NA	NA	0	NA	NA	NA	1
ENSG00000286721	0	NA	NA	0	NA	NA	NA	1
ENSG00000286724	0	NA	NA	0	NA	NA	NA	1
ENSG00000286725	0	NA	NA	0	NA	NA	NA	1
ENSG00000286741	0	NA	NA	0	NA	NA	NA	1
ENSG00000286745	0	NA	NA	0	NA	NA	NA	1
ENSG00000286747	0	NA	NA	0	NA	NA	NA	1
ENSG00000286750	0	NA	NA	0	NA	NA	NA	1
ENSG00000286752	0	NA	NA	0	NA	NA	NA	1
ENSG00000286753	0	NA	NA	0	NA	NA	NA	1
ENSG00000286754	0	NA	NA	0	NA	NA	NA	1
ENSG00000286757	0	NA	NA	0	NA	NA	NA	1
ENSG00000286759	0	NA	NA	0	NA	NA	NA	1
ENSG00000286763	0	NA	NA	0	NA	NA	NA	1
ENSG00000286772	0	NA	NA	0	NA	NA	NA	1
ENSG00000286777	0	NA	NA	0	NA	NA	NA	1
ENSG00000286779	0	NA	NA	0	NA	NA	NA	1
ENSG00000286782	0	NA	NA	0	NA	NA	NA	1
ENSG00000286784	0	NA	NA	0	NA	NA	NA	1
ENSG00000286785	0	NA	NA	0	NA	NA	NA	1
ENSG00000286786	0	NA	NA	0	NA	NA	NA	1
ENSG00000286788	0	NA	NA	0	NA	NA	NA	1
ENSG00000286790	0	NA	NA	0	NA	NA	NA	1
ENSG00000286798	0	NA	NA	0	NA	NA	NA	1
ENSG00000286799	0	NA	NA	0	NA	NA	NA	1
ENSG00000286800	0	NA	NA	0	NA	NA	NA	1
ENSG00000286801	0	NA	NA	0	NA	NA	NA	1
ENSG00000286806	0	NA	NA	0	NA	NA	NA	1
ENSG00000286807	0	NA	NA	0	NA	NA	NA	1
ENSG00000286808	0	NA	NA	0	NA	NA	NA	1
ENSG00000286811	0	NA	NA	0	NA	NA	NA	1
ENSG00000286812	0	NA	NA	0	NA	NA	NA	1
ENSG00000286813	0	NA	NA	0	NA	NA	NA	1
ENSG00000286817	0	NA	NA	0	NA	NA	NA	1
ENSG00000286818	0	NA	NA	0	NA	NA	NA	1
ENSG00000286821	0	NA	NA	0	NA	NA	NA	1
ENSG00000286824	0	NA	NA	0	NA	NA	NA	1
ENSG00000286825	0	NA	NA	0	NA	NA	NA	1
ENSG00000286827	0	NA	NA	0	NA	NA	NA	1
ENSG00000286828	0	NA	NA	0	NA	NA	NA	1
ENSG00000286829	0	NA	NA	0	NA	NA	NA	1
ENSG00000286835	0	NA	NA	0	NA	NA	NA	1
ENSG00000286837	0	NA	NA	0	NA	NA	NA	1
ENSG00000286840	0	NA	NA	0	NA	NA	NA	1
ENSG00000286841	0	NA	NA	0	NA	NA	NA	1
ENSG00000286854	0	NA	NA	0	NA	NA	NA	1
ENSG00000286856	0	NA	NA	0	NA	NA	NA	1
ENSG00000286861	0	NA	NA	0	NA	NA	NA	1
ENSG00000286862	0	NA	NA	0	NA	NA	NA	1
ENSG00000286864	0	NA	NA	0	NA	NA	NA	1
ENSG00000286867	0	NA	NA	0	NA	NA	NA	1
ENSG00000286870	0	NA	NA	0	NA	NA	NA	1
ENSG00000286872	0	NA	NA	0	NA	NA	NA	1
ENSG00000286874	0	NA	NA	0	NA	NA	NA	1
ENSG00000286877	0	NA	NA	0	NA	NA	NA	1
ENSG00000286878	0	NA	NA	0	NA	NA	NA	1
ENSG00000286879	0	NA	NA	0	NA	NA	NA	1
ENSG00000286882	0	NA	NA	0	NA	NA	NA	1
ENSG00000286883	0	NA	NA	0	NA	NA	NA	1
ENSG00000286885	0	NA	NA	0	NA	NA	NA	1
ENSG00000286889	0	NA	NA	0	NA	NA	NA	1
ENSG00000286890	0	NA	NA	0	NA	NA	NA	1
ENSG00000286895	0	NA	NA	0	NA	NA	NA	1
ENSG00000286896	0	NA	NA	0	NA	NA	NA	1
ENSG00000286897	0	NA	NA	0	NA	NA	NA	1
ENSG00000286898	0	NA	NA	0	NA	NA	NA	1
ENSG00000286900	0	NA	NA	0	NA	NA	NA	1
ENSG00000286904	0	NA	NA	0	NA	NA	NA	1
ENSG00000286913	0	NA	NA	0	NA	NA	NA	1
ENSG00000286918	0	NA	NA	0	NA	NA	NA	1
ENSG00000286919	0	NA	NA	0	NA	NA	NA	1
ENSG00000286934	0	NA	NA	0	NA	NA	NA	1
ENSG00000286935	0	NA	NA	0	NA	NA	NA	1
ENSG00000286939	0	NA	NA	0	NA	NA	NA	1
ENSG00000286943	0	NA	NA	0	NA	NA	NA	1
ENSG00000286944	0	NA	NA	0	NA	NA	NA	1
ENSG00000286946	0	NA	NA	0	NA	NA	NA	1
ENSG00000286947	0	NA	NA	0	NA	NA	NA	1
ENSG00000286952	0	NA	NA	0	NA	NA	NA	1
ENSG00000286953	0	NA	NA	0	NA	NA	NA	1
ENSG00000286955	0	NA	NA	0	NA	NA	NA	1
ENSG00000286956	0	NA	NA	0	NA	NA	NA	1
ENSG00000286959	0	NA	NA	0	NA	NA	NA	1
ENSG00000286962	0	NA	NA	0	NA	NA	NA	1
ENSG00000286963	0	NA	NA	0	NA	NA	NA	1
ENSG00000286967	0	NA	NA	0	NA	NA	NA	1
ENSG00000286970	0	NA	NA	0	NA	NA	NA	1
ENSG00000286972	0	NA	NA	0	NA	NA	NA	1
ENSG00000286974	0	NA	NA	0	NA	NA	NA	1
ENSG00000286976	0	NA	NA	0	NA	NA	NA	1
ENSG00000286979	0	NA	NA	0	NA	NA	NA	1
ENSG00000286980	0	NA	NA	0	NA	NA	NA	1
ENSG00000286981	0	NA	NA	0	NA	NA	NA	1
ENSG00000286989	0	NA	NA	0	NA	NA	NA	1
ENSG00000286990	0	NA	NA	0	NA	NA	NA	1
ENSG00000286993	0	NA	NA	0	NA	NA	NA	1
ENSG00000286997	0	NA	NA	0	NA	NA	NA	1
ENSG00000286998	0	NA	NA	0	NA	NA	NA	1
ENSG00000286999	0	NA	NA	0	NA	NA	NA	1
ENSG00000287001	0	NA	NA	0	NA	NA	NA	1
ENSG00000287003	0	NA	NA	0	NA	NA	NA	1
ENSG00000287007	0	NA	NA	0	NA	NA	NA	1
ENSG00000287009	0	NA	NA	0	NA	NA	NA	1
ENSG00000287015	0	NA	NA	0	NA	NA	NA	1
ENSG00000287017	0	NA	NA	0	NA	NA	NA	1
ENSG00000287022	0	NA	NA	0	NA	NA	NA	1
ENSG00000287024	0	NA	NA	0	NA	NA	NA	1
ENSG00000287027	0	NA	NA	0	NA	NA	NA	1
ENSG00000287028	0	NA	NA	0	NA	NA	NA	1
ENSG00000287029	0	NA	NA	0	NA	NA	NA	1
ENSG00000287031	0	NA	NA	0	NA	NA	NA	1
ENSG00000287032	0	NA	NA	0	NA	NA	NA	1
ENSG00000287033	0	NA	NA	0	NA	NA	NA	1
ENSG00000287035	0	NA	NA	0	NA	NA	NA	1
ENSG00000287037	0	NA	NA	0	NA	NA	NA	1
ENSG00000287040	0	NA	NA	0	NA	NA	NA	1
ENSG00000287041	0	NA	NA	0	NA	NA	NA	1
ENSG00000287042	0	NA	NA	0	NA	NA	NA	1
ENSG00000287043	0	NA	NA	0	NA	NA	NA	1
ENSG00000287044	0	NA	NA	0	NA	NA	NA	1
ENSG00000287045	0	NA	NA	0	NA	NA	NA	1
ENSG00000287048	0	NA	NA	0	NA	NA	NA	1
ENSG00000287051	0	NA	NA	0	NA	NA	NA	1
ENSG00000287052	0	NA	NA	0	NA	NA	NA	1
ENSG00000287059	0	NA	NA	0	NA	NA	NA	1
ENSG00000287060	0	NA	NA	0	NA	NA	NA	1
ENSG00000287061	0	NA	NA	0	NA	NA	NA	1
ENSG00000287065	0	NA	NA	0	NA	NA	NA	1
ENSG00000287066	0	NA	NA	0	NA	NA	NA	1
ENSG00000287069	0	NA	NA	0	NA	NA	NA	1
ENSG00000287070	0	NA	NA	0	NA	NA	NA	1
ENSG00000287072	0	NA	NA	0	NA	NA	NA	1
ENSG00000287078	0	NA	NA	0	NA	NA	NA	1
ENSG00000287079	0	NA	NA	0	NA	NA	NA	1
ENSG00000287081	0	NA	NA	0	NA	NA	NA	1
ENSG00000287086	0	NA	NA	0	NA	NA	NA	1
ENSG00000287089	0	NA	NA	0	NA	NA	NA	1
ENSG00000287091	0	NA	NA	0	NA	NA	NA	1
ENSG00000287092	0	NA	NA	0	NA	NA	NA	1
ENSG00000287093	0	NA	NA	0	NA	NA	NA	1
ENSG00000287095	0	NA	NA	0	NA	NA	NA	1
ENSG00000287096	0	NA	NA	0	NA	NA	NA	1
ENSG00000287098	0	NA	NA	0	NA	NA	NA	1
ENSG00000287100	0	NA	NA	0	NA	NA	NA	1
ENSG00000287104	0	NA	NA	0	NA	NA	NA	1
ENSG00000287108	0	NA	NA	0	NA	NA	NA	1
ENSG00000287109	0	NA	NA	0	NA	NA	NA	1
ENSG00000287113	0	NA	NA	0	NA	NA	NA	1
ENSG00000287123	0	NA	NA	0	NA	NA	NA	1
ENSG00000287124	0	NA	NA	0	NA	NA	NA	1
ENSG00000287127	0	NA	NA	0	NA	NA	NA	1
ENSG00000287132	0	NA	NA	0	NA	NA	NA	1
ENSG00000287133	0	NA	NA	0	NA	NA	NA	1
ENSG00000287137	0	NA	NA	0	NA	NA	NA	1
ENSG00000287139	0	NA	NA	0	NA	NA	NA	1
ENSG00000287141	0	NA	NA	0	NA	NA	NA	1
ENSG00000287142	0	NA	NA	0	NA	NA	NA	1
ENSG00000287143	0	NA	NA	0	NA	NA	NA	1
ENSG00000287144	0	NA	NA	0	NA	NA	NA	1
ENSG00000287145	0	NA	NA	0	NA	NA	NA	1
ENSG00000287150	0	NA	NA	0	NA	NA	NA	1
ENSG00000287156	0	NA	NA	0	NA	NA	NA	1
ENSG00000287157	0	NA	NA	0	NA	NA	NA	1
ENSG00000287158	0	NA	NA	0	NA	NA	NA	1
ENSG00000287166	0	NA	NA	0	NA	NA	NA	1
ENSG00000287169	0	NA	NA	0	NA	NA	NA	1
ENSG00000287170	0	NA	NA	0	NA	NA	NA	1
ENSG00000287173	0	NA	NA	0	NA	NA	NA	1
ENSG00000287178	0	NA	NA	0	NA	NA	NA	1
ENSG00000287180	0	NA	NA	0	NA	NA	NA	1
ENSG00000287183	0	NA	NA	0	NA	NA	NA	1
ENSG00000287184	0	NA	NA	0	NA	NA	NA	1
ENSG00000287187	0	NA	NA	0	NA	NA	NA	1
ENSG00000287188	0	NA	NA	0	NA	NA	NA	1
ENSG00000287189	0	NA	NA	0	NA	NA	NA	1
ENSG00000287191	0	NA	NA	0	NA	NA	NA	1
ENSG00000287192	0	NA	NA	0	NA	NA	NA	1
ENSG00000287196	0	NA	NA	0	NA	NA	NA	1
ENSG00000287200	0	NA	NA	0	NA	NA	NA	1
ENSG00000287201	0	NA	NA	0	NA	NA	NA	1
ENSG00000287202	0	NA	NA	0	NA	NA	NA	1
ENSG00000287203	0	NA	NA	0	NA	NA	NA	1
ENSG00000287207	0	NA	NA	0	NA	NA	NA	1
ENSG00000287208	0	NA	NA	0	NA	NA	NA	1
ENSG00000287210	0	NA	NA	0	NA	NA	NA	1
ENSG00000287212	0	NA	NA	0	NA	NA	NA	1
ENSG00000287213	0	NA	NA	0	NA	NA	NA	1
ENSG00000287215	0	NA	NA	0	NA	NA	NA	1
ENSG00000287216	0	NA	NA	0	NA	NA	NA	1
ENSG00000287218	0	NA	NA	0	NA	NA	NA	1
ENSG00000287219	0	NA	NA	0	NA	NA	NA	1
ENSG00000287222	0	NA	NA	0	NA	NA	NA	1
ENSG00000287223	0	NA	NA	0	NA	NA	NA	1
ENSG00000287226	0	NA	NA	0	NA	NA	NA	1
ENSG00000287227	0	NA	NA	0	NA	NA	NA	1
ENSG00000287229	0	NA	NA	0	NA	NA	NA	1
ENSG00000287230	0	NA	NA	0	NA	NA	NA	1
ENSG00000287231	0	NA	NA	0	NA	NA	NA	1
ENSG00000287234	0	NA	NA	0	NA	NA	NA	1
ENSG00000287236	0	NA	NA	0	NA	NA	NA	1
ENSG00000287237	0	NA	NA	0	NA	NA	NA	1
ENSG00000287240	0	NA	NA	0	NA	NA	NA	1
ENSG00000287241	0	NA	NA	0	NA	NA	NA	1
ENSG00000287243	0	NA	NA	0	NA	NA	NA	1
ENSG00000287249	0	NA	NA	0	NA	NA	NA	1
ENSG00000287253	0	NA	NA	0	NA	NA	NA	1
ENSG00000287254	0	NA	NA	0	NA	NA	NA	1
ENSG00000287255	0	NA	NA	0	NA	NA	NA	1
ENSG00000287258	0	NA	NA	0	NA	NA	NA	1
ENSG00000287259	0	NA	NA	0	NA	NA	NA	1
ENSG00000287261	0	NA	NA	0	NA	NA	NA	1
ENSG00000287262	0	NA	NA	0	NA	NA	NA	1
ENSG00000287266	0	NA	NA	0	NA	NA	NA	1
ENSG00000287269	0	NA	NA	0	NA	NA	NA	1
ENSG00000287274	0	NA	NA	0	NA	NA	NA	1
ENSG00000287278	0	NA	NA	0	NA	NA	NA	1
ENSG00000287281	0	NA	NA	0	NA	NA	NA	1
ENSG00000287283	0	NA	NA	0	NA	NA	NA	1
ENSG00000287286	0	NA	NA	0	NA	NA	NA	1
ENSG00000287287	0	NA	NA	0	NA	NA	NA	1
ENSG00000287289	0	NA	NA	0	NA	NA	NA	1
ENSG00000287290	0	NA	NA	0	NA	NA	NA	1
ENSG00000287293	0	NA	NA	0	NA	NA	NA	1
ENSG00000287295	0	NA	NA	0	NA	NA	NA	1
ENSG00000287298	0	NA	NA	0	NA	NA	NA	1
ENSG00000287299	0	NA	NA	0	NA	NA	NA	1
ENSG00000287300	0	NA	NA	0	NA	NA	NA	1
ENSG00000287302	0	NA	NA	0	NA	NA	NA	1
ENSG00000287303	0	NA	NA	0	NA	NA	NA	1
ENSG00000287306	0	NA	NA	0	NA	NA	NA	1
ENSG00000287310	0	NA	NA	0	NA	NA	NA	1
ENSG00000287313	0	NA	NA	0	NA	NA	NA	1
ENSG00000287316	0	NA	NA	0	NA	NA	NA	1
ENSG00000287319	0	NA	NA	0	NA	NA	NA	1
ENSG00000287320	0	NA	NA	0	NA	NA	NA	1
ENSG00000287322	0	NA	NA	0	NA	NA	NA	1
ENSG00000287323	0	NA	NA	0	NA	NA	NA	1
ENSG00000287334	0	NA	NA	0	NA	NA	NA	1
ENSG00000287336	0	NA	NA	0	NA	NA	NA	1
ENSG00000287337	0	NA	NA	0	NA	NA	NA	1
ENSG00000287338	0	NA	NA	0	NA	NA	NA	1
ENSG00000287344	0	NA	NA	0	NA	NA	NA	1
ENSG00000287348	0	NA	NA	0	NA	NA	NA	1
ENSG00000287349	0	NA	NA	0	NA	NA	NA	1
ENSG00000287351	0	NA	NA	0	NA	NA	NA	1
ENSG00000287354	0	NA	NA	0	NA	NA	NA	1
ENSG00000287355	0	NA	NA	0	NA	NA	NA	1
ENSG00000287356	0	NA	NA	0	NA	NA	NA	1
ENSG00000287360	0	NA	NA	0	NA	NA	NA	1
ENSG00000287361	0	NA	NA	0	NA	NA	NA	1
ENSG00000287366	0	NA	NA	0	NA	NA	NA	1
ENSG00000287368	0	NA	NA	0	NA	NA	NA	1
ENSG00000287370	0	NA	NA	0	NA	NA	NA	1
ENSG00000287372	0	NA	NA	0	NA	NA	NA	1
ENSG00000287373	0	NA	NA	0	NA	NA	NA	1
ENSG00000287377	0	NA	NA	0	NA	NA	NA	1
ENSG00000287378	0	NA	NA	0	NA	NA	NA	1
ENSG00000287380	0	NA	NA	0	NA	NA	NA	1
ENSG00000287382	0	NA	NA	0	NA	NA	NA	1
ENSG00000287393	0	NA	NA	0	NA	NA	NA	1
ENSG00000287397	0	NA	NA	0	NA	NA	NA	1
ENSG00000287400	0	NA	NA	0	NA	NA	NA	1
ENSG00000287401	0	NA	NA	0	NA	NA	NA	1
ENSG00000287403	0	NA	NA	0	NA	NA	NA	1
ENSG00000287405	0	NA	NA	0	NA	NA	NA	1
ENSG00000287406	0	NA	NA	0	NA	NA	NA	1
ENSG00000287408	0	NA	NA	0	NA	NA	NA	1
ENSG00000287410	0	NA	NA	0	NA	NA	NA	1
ENSG00000287416	0	NA	NA	0	NA	NA	NA	1
ENSG00000287418	0	NA	NA	0	NA	NA	NA	1
ENSG00000287420	0	NA	NA	0	NA	NA	NA	1
ENSG00000287421	0	NA	NA	0	NA	NA	NA	1
ENSG00000287424	0	NA	NA	0	NA	NA	NA	1
ENSG00000287425	0	NA	NA	0	NA	NA	NA	1
ENSG00000287426	0	NA	NA	0	NA	NA	NA	1
ENSG00000287430	0	NA	NA	0	NA	NA	NA	1
ENSG00000287435	0	NA	NA	0	NA	NA	NA	1
ENSG00000287437	0	NA	NA	0	NA	NA	NA	1
ENSG00000287439	0	NA	NA	0	NA	NA	NA	1
ENSG00000287441	0	NA	NA	0	NA	NA	NA	1
ENSG00000287444	0	NA	NA	0	NA	NA	NA	1
ENSG00000287447	0	NA	NA	0	NA	NA	NA	1
ENSG00000287452	0	NA	NA	0	NA	NA	NA	1
ENSG00000287453	0	NA	NA	0	NA	NA	NA	1
ENSG00000287455	0	NA	NA	0	NA	NA	NA	1
ENSG00000287456	0	NA	NA	0	NA	NA	NA	1
ENSG00000287459	0	NA	NA	0	NA	NA	NA	1
ENSG00000287463	0	NA	NA	0	NA	NA	NA	1
ENSG00000287465	0	NA	NA	0	NA	NA	NA	1
ENSG00000287466	0	NA	NA	0	NA	NA	NA	1
ENSG00000287467	0	NA	NA	0	NA	NA	NA	1
ENSG00000287469	0	NA	NA	0	NA	NA	NA	1
ENSG00000287470	0	NA	NA	0	NA	NA	NA	1
ENSG00000287475	0	NA	NA	0	NA	NA	NA	1
ENSG00000287477	0	NA	NA	0	NA	NA	NA	1
ENSG00000287480	0	NA	NA	0	NA	NA	NA	1
ENSG00000287481	0	NA	NA	0	NA	NA	NA	1
ENSG00000287485	0	NA	NA	0	NA	NA	NA	1
ENSG00000287493	0	NA	NA	0	NA	NA	NA	1
ENSG00000287494	0	NA	NA	0	NA	NA	NA	1
ENSG00000287502	0	NA	NA	0	NA	NA	NA	1
ENSG00000287503	0	NA	NA	0	NA	NA	NA	1
ENSG00000287507	0	NA	NA	0	NA	NA	NA	1
ENSG00000287510	0	NA	NA	0	NA	NA	NA	1
ENSG00000287512	0	NA	NA	0	NA	NA	NA	1
ENSG00000287520	0	NA	NA	0	NA	NA	NA	1
ENSG00000287521	0	NA	NA	0	NA	NA	NA	1
ENSG00000287523	0	NA	NA	0	NA	NA	NA	1
ENSG00000287525	0	NA	NA	0	NA	NA	NA	1
ENSG00000287526	0	NA	NA	0	NA	NA	NA	1
ENSG00000287528	0	NA	NA	0	NA	NA	NA	1
ENSG00000287532	0	NA	NA	0	NA	NA	NA	1
ENSG00000287534	0	NA	NA	0	NA	NA	NA	1
ENSG00000287535	0	NA	NA	0	NA	NA	NA	1
ENSG00000287536	0	NA	NA	0	NA	NA	NA	1
ENSG00000287537	0	NA	NA	0	NA	NA	NA	1
ENSG00000287540	0	NA	NA	0	NA	NA	NA	1
ENSG00000287547	0	NA	NA	0	NA	NA	NA	1
ENSG00000287548	0	NA	NA	0	NA	NA	NA	1
ENSG00000287552	0	NA	NA	0	NA	NA	NA	1
ENSG00000287553	0	NA	NA	0	NA	NA	NA	1
ENSG00000287556	0	NA	NA	0	NA	NA	NA	1
ENSG00000287561	0	NA	NA	0	NA	NA	NA	1
ENSG00000287563	0	NA	NA	0	NA	NA	NA	1
ENSG00000287571	0	NA	NA	0	NA	NA	NA	1
ENSG00000287574	0	NA	NA	0	NA	NA	NA	1
ENSG00000287578	0	NA	NA	0	NA	NA	NA	1
ENSG00000287596	0	NA	NA	0	NA	NA	NA	1
ENSG00000287600	0	NA	NA	0	NA	NA	NA	1
ENSG00000287601	0	NA	NA	0	NA	NA	NA	1
ENSG00000287602	0	NA	NA	0	NA	NA	NA	1
ENSG00000287603	0	NA	NA	0	NA	NA	NA	1
ENSG00000287608	0	NA	NA	0	NA	NA	NA	1
ENSG00000287613	0	NA	NA	0	NA	NA	NA	1
ENSG00000287618	0	NA	NA	0	NA	NA	NA	1
ENSG00000287621	0	NA	NA	0	NA	NA	NA	1
ENSG00000287624	0	NA	NA	0	NA	NA	NA	1
ENSG00000287625	0	NA	NA	0	NA	NA	NA	1
ENSG00000287626	0	NA	NA	0	NA	NA	NA	1
ENSG00000287629	0	NA	NA	0	NA	NA	NA	1
ENSG00000287631	0	NA	NA	0	NA	NA	NA	1
ENSG00000287633	0	NA	NA	0	NA	NA	NA	1
ENSG00000287634	0	NA	NA	0	NA	NA	NA	1
ENSG00000287635	0	NA	NA	0	NA	NA	NA	1
ENSG00000287636	0	NA	NA	0	NA	NA	NA	1
ENSG00000287637	0	NA	NA	0	NA	NA	NA	1
ENSG00000287642	0	NA	NA	0	NA	NA	NA	1
ENSG00000287644	0	NA	NA	0	NA	NA	NA	1
ENSG00000287645	0	NA	NA	0	NA	NA	NA	1
ENSG00000287647	0	NA	NA	0	NA	NA	NA	1
ENSG00000287649	0	NA	NA	0	NA	NA	NA	1
ENSG00000287650	0	NA	NA	0	NA	NA	NA	1
ENSG00000287655	0	NA	NA	0	NA	NA	NA	1
ENSG00000287656	0	NA	NA	0	NA	NA	NA	1
ENSG00000287657	0	NA	NA	0	NA	NA	NA	1
ENSG00000287659	0	NA	NA	0	NA	NA	NA	1
ENSG00000287661	0	NA	NA	0	NA	NA	NA	1
ENSG00000287663	0	NA	NA	0	NA	NA	NA	1
ENSG00000287666	0	NA	NA	0	NA	NA	NA	1
ENSG00000287670	0	NA	NA	0	NA	NA	NA	1
ENSG00000287675	0	NA	NA	0	NA	NA	NA	1
ENSG00000287678	0	NA	NA	0	NA	NA	NA	1
ENSG00000287685	0	NA	NA	0	NA	NA	NA	1
ENSG00000287689	0	NA	NA	0	NA	NA	NA	1
ENSG00000287690	0	NA	NA	0	NA	NA	NA	1
ENSG00000287691	0	NA	NA	0	NA	NA	NA	1
ENSG00000287692	0	NA	NA	0	NA	NA	NA	1
ENSG00000287700	0	NA	NA	0	NA	NA	NA	1
ENSG00000287703	0	NA	NA	0	NA	NA	NA	1
ENSG00000287707	0	NA	NA	0	NA	NA	NA	1
ENSG00000287708	0	NA	NA	0	NA	NA	NA	1
ENSG00000287710	0	NA	NA	0	NA	NA	NA	1
ENSG00000287712	0	NA	NA	0	NA	NA	NA	1
ENSG00000287720	0	NA	NA	0	NA	NA	NA	1
ENSG00000287724	0	NA	NA	0	NA	NA	NA	1
ENSG00000287726	0	NA	NA	0	NA	NA	NA	1
ENSG00000287727	0	NA	NA	0	NA	NA	NA	1
ENSG00000287730	0	NA	NA	0	NA	NA	NA	1
ENSG00000287731	0	NA	NA	0	NA	NA	NA	1
ENSG00000287733	0	NA	NA	0	NA	NA	NA	1
ENSG00000287735	0	NA	NA	0	NA	NA	NA	1
ENSG00000287737	0	NA	NA	0	NA	NA	NA	1
ENSG00000287739	0	NA	NA	0	NA	NA	NA	1
ENSG00000287742	0	NA	NA	0	NA	NA	NA	1
ENSG00000287743	0	NA	NA	0	NA	NA	NA	1
ENSG00000287755	0	NA	NA	0	NA	NA	NA	1
ENSG00000287756	0	NA	NA	0	NA	NA	NA	1
ENSG00000287757	0	NA	NA	0	NA	NA	NA	1
ENSG00000287758	0	NA	NA	0	NA	NA	NA	1
ENSG00000287759	0	NA	NA	0	NA	NA	NA	1
ENSG00000287760	0	NA	NA	0	NA	NA	NA	1
ENSG00000287761	0	NA	NA	0	NA	NA	NA	1
ENSG00000287762	0	NA	NA	0	NA	NA	NA	1
ENSG00000287765	0	NA	NA	0	NA	NA	NA	1
ENSG00000287768	0	NA	NA	0	NA	NA	NA	1
ENSG00000287771	0	NA	NA	0	NA	NA	NA	1
ENSG00000287773	0	NA	NA	0	NA	NA	NA	1
ENSG00000287776	0	NA	NA	0	NA	NA	NA	1
ENSG00000287782	0	NA	NA	0	NA	NA	NA	1
ENSG00000287783	0	NA	NA	0	NA	NA	NA	1
ENSG00000287784	0	NA	NA	0	NA	NA	NA	1
ENSG00000287789	0	NA	NA	0	NA	NA	NA	1
ENSG00000287791	0	NA	NA	0	NA	NA	NA	1
ENSG00000287797	0	NA	NA	0	NA	NA	NA	1
ENSG00000287798	0	NA	NA	0	NA	NA	NA	1
ENSG00000287799	0	NA	NA	0	NA	NA	NA	1
ENSG00000287803	0	NA	NA	0	NA	NA	NA	1
ENSG00000287805	0	NA	NA	0	NA	NA	NA	1
ENSG00000287807	0	NA	NA	0	NA	NA	NA	1
ENSG00000287808	0	NA	NA	0	NA	NA	NA	1
ENSG00000287811	0	NA	NA	0	NA	NA	NA	1
ENSG00000287814	0	NA	NA	0	NA	NA	NA	1
ENSG00000287816	0	NA	NA	0	NA	NA	NA	1
ENSG00000287817	0	NA	NA	0	NA	NA	NA	1
ENSG00000287818	0	NA	NA	0	NA	NA	NA	1
ENSG00000287822	0	NA	NA	0	NA	NA	NA	1
ENSG00000287824	0	NA	NA	0	NA	NA	NA	1
ENSG00000287825	0	NA	NA	0	NA	NA	NA	1
ENSG00000287834	0	NA	NA	0	NA	NA	NA	1
ENSG00000287840	0	NA	NA	0	NA	NA	NA	1
ENSG00000287841	0	NA	NA	0	NA	NA	NA	1
ENSG00000287842	0	NA	NA	0	NA	NA	NA	1
ENSG00000287843	0	NA	NA	0	NA	NA	NA	1
ENSG00000287845	0	NA	NA	0	NA	NA	NA	1
ENSG00000287851	0	NA	NA	0	NA	NA	NA	1
ENSG00000287853	0	NA	NA	0	NA	NA	NA	1
ENSG00000287855	0	NA	NA	0	NA	NA	NA	1
ENSG00000287857	0	NA	NA	0	NA	NA	NA	1
ENSG00000287858	0	NA	NA	0	NA	NA	NA	1
ENSG00000287859	0	NA	NA	0	NA	NA	NA	1
ENSG00000287862	0	NA	NA	0	NA	NA	NA	1
ENSG00000287867	0	NA	NA	0	NA	NA	NA	1
ENSG00000287873	0	NA	NA	0	NA	NA	NA	1
ENSG00000287878	0	NA	NA	0	NA	NA	NA	1
ENSG00000287884	0	NA	NA	0	NA	NA	NA	1
ENSG00000287892	0	NA	NA	0	NA	NA	NA	1
ENSG00000287896	0	NA	NA	0	NA	NA	NA	1
ENSG00000287897	0	NA	NA	0	NA	NA	NA	1
ENSG00000287898	0	NA	NA	0	NA	NA	NA	1
ENSG00000287899	0	NA	NA	0	NA	NA	NA	1
ENSG00000287900	0	NA	NA	0	NA	NA	NA	1
ENSG00000287905	0	NA	NA	0	NA	NA	NA	1
ENSG00000287914	0	NA	NA	0	NA	NA	NA	1
ENSG00000287916	0	NA	NA	0	NA	NA	NA	1
ENSG00000287917	0	NA	NA	0	NA	NA	NA	1
ENSG00000287925	0	NA	NA	0	NA	NA	NA	1
ENSG00000287928	0	NA	NA	0	NA	NA	NA	1
ENSG00000287929	0	NA	NA	0	NA	NA	NA	1
ENSG00000287933	0	NA	NA	0	NA	NA	NA	1
ENSG00000287934	0	NA	NA	0	NA	NA	NA	1
ENSG00000287936	0	NA	NA	0	NA	NA	NA	1
ENSG00000287937	0	NA	NA	0	NA	NA	NA	1
ENSG00000287938	0	NA	NA	0	NA	NA	NA	1
ENSG00000287939	0	NA	NA	0	NA	NA	NA	1
ENSG00000287949	0	NA	NA	0	NA	NA	NA	1
ENSG00000287950	0	NA	NA	0	NA	NA	NA	1
ENSG00000287951	0	NA	NA	0	NA	NA	NA	1
ENSG00000287952	0	NA	NA	0	NA	NA	NA	1
ENSG00000287953	0	NA	NA	0	NA	NA	NA	1
ENSG00000287954	0	NA	NA	0	NA	NA	NA	1
ENSG00000287955	0	NA	NA	0	NA	NA	NA	1
ENSG00000287957	0	NA	NA	0	NA	NA	NA	1
ENSG00000287959	0	NA	NA	0	NA	NA	NA	1
ENSG00000287963	0	NA	NA	0	NA	NA	NA	1
ENSG00000287965	0	NA	NA	0	NA	NA	NA	1
ENSG00000287968	0	NA	NA	0	NA	NA	NA	1
ENSG00000287970	0	NA	NA	0	NA	NA	NA	1
ENSG00000287980	0	NA	NA	0	NA	NA	NA	1
ENSG00000287990	0	NA	NA	0	NA	NA	NA	1
ENSG00000287992	0	NA	NA	0	NA	NA	NA	1
ENSG00000287993	0	NA	NA	0	NA	NA	NA	1
ENSG00000287994	0	NA	NA	0	NA	NA	NA	1
ENSG00000288003	0	NA	NA	0	NA	NA	NA	1
ENSG00000288004	0	NA	NA	0	NA	NA	NA	1
ENSG00000288006	0	NA	NA	0	NA	NA	NA	1
ENSG00000288011	0	NA	NA	0	NA	NA	NA	1
ENSG00000288013	0	NA	NA	0	NA	NA	NA	1
ENSG00000288020	0	NA	NA	0	NA	NA	NA	1
ENSG00000288021	0	NA	NA	0	NA	NA	NA	1
ENSG00000288022	0	NA	NA	0	NA	NA	NA	1
ENSG00000288023	0	NA	NA	0	NA	NA	NA	1
ENSG00000288032	0	NA	NA	0	NA	NA	NA	1
ENSG00000288035	0	NA	NA	0	NA	NA	NA	1
ENSG00000288039	0	NA	NA	0	NA	NA	NA	1
ENSG00000288044	0	NA	NA	0	NA	NA	NA	1
ENSG00000288045	0	NA	NA	0	NA	NA	NA	1
ENSG00000288050	0	NA	NA	0	NA	NA	NA	1
ENSG00000288052	0	NA	NA	0	NA	NA	NA	1
ENSG00000288054	0	NA	NA	0	NA	NA	NA	1
ENSG00000288056	0	NA	NA	0	NA	NA	NA	1
ENSG00000288060	0	NA	NA	0	NA	NA	NA	1
ENSG00000288061	0	NA	NA	0	NA	NA	NA	1
ENSG00000288063	0	NA	NA	0	NA	NA	NA	1
ENSG00000288064	0	NA	NA	0	NA	NA	NA	1
ENSG00000288069	0	NA	NA	0	NA	NA	NA	1
ENSG00000288071	0	NA	NA	0	NA	NA	NA	1
ENSG00000288072	0	NA	NA	0	NA	NA	NA	1
ENSG00000288073	0	NA	NA	0	NA	NA	NA	1
ENSG00000288076	0	NA	NA	0	NA	NA	NA	1
ENSG00000288077	0	NA	NA	0	NA	NA	NA	1
ENSG00000288078	0	NA	NA	0	NA	NA	NA	1
ENSG00000288079	0	NA	NA	0	NA	NA	NA	1
ENSG00000288080	0	NA	NA	0	NA	NA	NA	1
ENSG00000288082	0	NA	NA	0	NA	NA	NA	1
ENSG00000288089	0	NA	NA	0	NA	NA	NA	1
ENSG00000288092	0	NA	NA	0	NA	NA	NA	1
ENSG00000288095	0	NA	NA	0	NA	NA	NA	1
ENSG00000288096	0	NA	NA	0	NA	NA	NA	1
ENSG00000288097	0	NA	NA	0	NA	NA	NA	1
ENSG00000288099	0	NA	NA	0	NA	NA	NA	1
ENSG00000288100	0	NA	NA	0	NA	NA	NA	1
ENSG00000288105	0	NA	NA	0	NA	NA	NA	1
ENSG00000288109	0	NA	NA	0	NA	NA	NA	1
ENSG00000288110	0	NA	NA	0	NA	NA	NA	1
ENSG00000288172	0	NA	NA	0	NA	NA	NA	1
ENSG00000288321	0	NA	NA	0	NA	NA	NA	1
ENSG00000288398	0	NA	NA	0	NA	NA	NA	1
ENSG00000288459	0	NA	NA	0	NA	NA	NA	1
ENSG00000288473	0	NA	NA	0	NA	NA	NA	1
ENSG00000288524	0	NA	NA	0	NA	NA	NA	1
ENSG00000288528	0	NA	NA	0	NA	NA	NA	1
ENSG00000288532	0	NA	NA	0	NA	NA	NA	1
ENSG00000288533	0	NA	NA	0	NA	NA	NA	1
ENSG00000288535	0	NA	NA	0	NA	NA	NA	1
ENSG00000288536	0	NA	NA	0	NA	NA	NA	1
ENSG00000288538	0	NA	NA	0	NA	NA	NA	1
ENSG00000288539	0	NA	NA	0	NA	NA	NA	1
ENSG00000288545	0	NA	NA	0	NA	NA	NA	1
ENSG00000288547	0	NA	NA	0	NA	NA	NA	1
ENSG00000288554	0	NA	NA	0	NA	NA	NA	1
ENSG00000288555	0	NA	NA	0	NA	NA	NA	1
ENSG00000288557	0	NA	NA	0	NA	NA	NA	1
ENSG00000288559	0	NA	NA	0	NA	NA	NA	1
ENSG00000288562	0	NA	NA	0	NA	NA	NA	1
ENSG00000288568	0	NA	NA	0	NA	NA	NA	1
ENSG00000288573	0	NA	NA	0	NA	NA	NA	1
ENSG00000288574	0	NA	NA	0	NA	NA	NA	1
ENSG00000288576	0	NA	NA	0	NA	NA	NA	1
ENSG00000288577	0	NA	NA	0	NA	NA	NA	1
ENSG00000288578	0	NA	NA	0	NA	NA	NA	1
ENSG00000288581	0	NA	NA	0	NA	NA	NA	1
ENSG00000288582	0	NA	NA	0	NA	NA	NA	1
ENSG00000288583	0	NA	NA	0	NA	NA	NA	1
ENSG00000288585	0	NA	NA	0	NA	NA	NA	1
ENSG00000288587	0	NA	NA	0	NA	NA	NA	1
ENSG00000288596	0	NA	NA	0	NA	NA	NA	1
ENSG00000288597	0	NA	NA	0	NA	NA	NA	1
ENSG00000288598	0	NA	NA	0	NA	NA	NA	1
ENSG00000288605	0	NA	NA	0	NA	NA	NA	1
ENSG00000288606	0	NA	NA	0	NA	NA	NA	1
ENSG00000288638	0	NA	NA	0	NA	NA	NA	1
ENSG00000288642	0	NA	NA	0	NA	NA	NA	1
ENSG00000288656	0	NA	NA	0	NA	NA	NA	1
ENSG00000288662	0	NA	NA	0	NA	NA	NA	1
ENSG00000288663	0	NA	NA	0	NA	NA	NA	1
ENSG00000288665	0	NA	NA	0	NA	NA	NA	1
ENSG00000288667	0	NA	NA	0	NA	NA	NA	1
ENSG00000288685	0	NA	NA	0	NA	NA	NA	1
ENSG00000288691	0	NA	NA	0	NA	NA	NA	1
ENSG00000288692	0	NA	NA	0	NA	NA	NA	1
ENSG00000288700	0	NA	NA	0	NA	NA	NA	1
ENSG00000288707	0	NA	NA	0	NA	NA	NA	1
ENSG00000288713	0	NA	NA	0	NA	NA	NA	1
ENSG00000288723	0	NA	NA	0	NA	NA	NA	1
ENSG00000288728	0	NA	NA	0	NA	NA	NA	1
ENSG00000288729	0	NA	NA	0	NA	NA	NA	1
ENSG00000288731	0	NA	NA	0	NA	NA	NA	1
ENSG00000288732	0	NA	NA	0	NA	NA	NA	1
ENSG00000288738	0	NA	NA	0	NA	NA	NA	1
ENSG00000288739	0	NA	NA	0	NA	NA	NA	1
ENSG00000288742	0	NA	NA	0	NA	NA	NA	1
ENSG00000288745	0	NA	NA	0	NA	NA	NA	1
ENSG00000288748	0	NA	NA	0	NA	NA	NA	1
ENSG00000288750	0	NA	NA	0	NA	NA	NA	1
ENSG00000288751	0	NA	NA	0	NA	NA	NA	1
ENSG00000288753	0	NA	NA	0	NA	NA	NA	1
ENSG00000288754	0	NA	NA	0	NA	NA	NA	1
ENSG00000288757	0	NA	NA	0	NA	NA	NA	1
ENSG00000288759	0	NA	NA	0	NA	NA	NA	1
ENSG00000288760	0	NA	NA	0	NA	NA	NA	1
ENSG00000288762	0	NA	NA	0	NA	NA	NA	1
ENSG00000288764	0	NA	NA	0	NA	NA	NA	1
ENSG00000288767	0	NA	NA	0	NA	NA	NA	1
ENSG00000288772	0	NA	NA	0	NA	NA	NA	1
ENSG00000288777	0	NA	NA	0	NA	NA	NA	1
ENSG00000288779	0	NA	NA	0	NA	NA	NA	1
ENSG00000288780	0	NA	NA	0	NA	NA	NA	1
ENSG00000288785	0	NA	NA	0	NA	NA	NA	1
ENSG00000288788	0	NA	NA	0	NA	NA	NA	1
ENSG00000288790	0	NA	NA	0	NA	NA	NA	1
ENSG00000288792	0	NA	NA	0	NA	NA	NA	1
ENSG00000288797	0	NA	NA	0	NA	NA	NA	1
ENSG00000288799	0	NA	NA	0	NA	NA	NA	1
ENSG00000288804	0	NA	NA	0	NA	NA	NA	1
ENSG00000288805	0	NA	NA	0	NA	NA	NA	1
ENSG00000288806	0	NA	NA	0	NA	NA	NA	1
ENSG00000288808	0	NA	NA	0	NA	NA	NA	1
ENSG00000288810	0	NA	NA	0	NA	NA	NA	1
ENSG00000288816	0	NA	NA	0	NA	NA	NA	1
ENSG00000288817	0	NA	NA	0	NA	NA	NA	1
ENSG00000288820	0	NA	NA	0	NA	NA	NA	1
ENSG00000288823	0	NA	NA	0	NA	NA	NA	1
ENSG00000288826	0	NA	NA	0	NA	NA	NA	1
ENSG00000288829	0	NA	NA	0	NA	NA	NA	1
ENSG00000288836	0	NA	NA	0	NA	NA	NA	1
ENSG00000288837	0	NA	NA	0	NA	NA	NA	1
ENSG00000288842	0	NA	NA	0	NA	NA	NA	1
ENSG00000288843	0	NA	NA	0	NA	NA	NA	1
ENSG00000288849	0	NA	NA	0	NA	NA	NA	1
ENSG00000288850	0	NA	NA	0	NA	NA	NA	1
ENSG00000288851	0	NA	NA	0	NA	NA	NA	1
ENSG00000288853	0	NA	NA	0	NA	NA	NA	1
ENSG00000288854	0	NA	NA	0	NA	NA	NA	1
ENSG00000288855	0	NA	NA	0	NA	NA	NA	1
ENSG00000288856	0	NA	NA	0	NA	NA	NA	1
ENSG00000288857	0	NA	NA	0	NA	NA	NA	1
ENSG00000288858	0	NA	NA	0	NA	NA	NA	1
ENSG00000288862	0	NA	NA	0	NA	NA	NA	1
ENSG00000288863	0	NA	NA	0	NA	NA	NA	1
ENSG00000288868	0	NA	NA	0	NA	NA	NA	1
ENSG00000288869	0	NA	NA	0	NA	NA	NA	1
ENSG00000288871	0	NA	NA	0	NA	NA	NA	1
ENSG00000288874	0	NA	NA	0	NA	NA	NA	1
ENSG00000288875	0	NA	NA	0	NA	NA	NA	1
ENSG00000288877	0	NA	NA	0	NA	NA	NA	1
ENSG00000288878	0	NA	NA	0	NA	NA	NA	1
ENSG00000288881	0	NA	NA	0	NA	NA	NA	1
ENSG00000288883	0	NA	NA	0	NA	NA	NA	1
ENSG00000288885	0	NA	NA	0	NA	NA	NA	1
ENSG00000288888	0	NA	NA	0	NA	NA	NA	1
ENSG00000288892	0	NA	NA	0	NA	NA	NA	1
ENSG00000288893	0	NA	NA	0	NA	NA	NA	1
ENSG00000288897	0	NA	NA	0	NA	NA	NA	1
ENSG00000288898	0	NA	NA	0	NA	NA	NA	1
ENSG00000288900	0	NA	NA	0	NA	NA	NA	1
ENSG00000288907	0	NA	NA	0	NA	NA	NA	1
ENSG00000288908	0	NA	NA	0	NA	NA	NA	1
ENSG00000288910	0	NA	NA	0	NA	NA	NA	1
ENSG00000288911	0	NA	NA	0	NA	NA	NA	1
ENSG00000288912	0	NA	NA	0	NA	NA	NA	1
ENSG00000288913	0	NA	NA	0	NA	NA	NA	1
ENSG00000288917	0	NA	NA	0	NA	NA	NA	1
ENSG00000288919	0	NA	NA	0	NA	NA	NA	1
ENSG00000288921	0	NA	NA	0	NA	NA	NA	1
ENSG00000288922	0	NA	NA	0	NA	NA	NA	1
ENSG00000288924	0	NA	NA	0	NA	NA	NA	1
ENSG00000288927	0	NA	NA	0	NA	NA	NA	1
ENSG00000288929	0	NA	NA	0	NA	NA	NA	1
ENSG00000288931	0	NA	NA	0	NA	NA	NA	1
ENSG00000288933	0	NA	NA	0	NA	NA	NA	1
ENSG00000288938	0	NA	NA	0	NA	NA	NA	1
ENSG00000288941	0	NA	NA	0	NA	NA	NA	1
ENSG00000288944	0	NA	NA	0	NA	NA	NA	1
ENSG00000288945	0	NA	NA	0	NA	NA	NA	1
ENSG00000288949	0	NA	NA	0	NA	NA	NA	1
ENSG00000288951	0	NA	NA	0	NA	NA	NA	1
ENSG00000288952	0	NA	NA	0	NA	NA	NA	1
ENSG00000288954	0	NA	NA	0	NA	NA	NA	1
ENSG00000288956	0	NA	NA	0	NA	NA	NA	1
ENSG00000288961	0	NA	NA	0	NA	NA	NA	1
ENSG00000288962	0	NA	NA	0	NA	NA	NA	1
ENSG00000288963	0	NA	NA	0	NA	NA	NA	1
ENSG00000288966	0	NA	NA	0	NA	NA	NA	1
ENSG00000288970	0	NA	NA	0	NA	NA	NA	1
ENSG00000288972	0	NA	NA	0	NA	NA	NA	1
ENSG00000288975	0	NA	NA	0	NA	NA	NA	1
ENSG00000288977	0	NA	NA	0	NA	NA	NA	1
ENSG00000288978	0	NA	NA	0	NA	NA	NA	1
ENSG00000288979	0	NA	NA	0	NA	NA	NA	1
ENSG00000288980	0	NA	NA	0	NA	NA	NA	1
ENSG00000288984	0	NA	NA	0	NA	NA	NA	1
ENSG00000288986	0	NA	NA	0	NA	NA	NA	1
ENSG00000288987	0	NA	NA	0	NA	NA	NA	1
ENSG00000288988	0	NA	NA	0	NA	NA	NA	1
ENSG00000288989	0	NA	NA	0	NA	NA	NA	1
ENSG00000288993	0	NA	NA	0	NA	NA	NA	1
ENSG00000288994	0	NA	NA	0	NA	NA	NA	1
ENSG00000288995	0	NA	NA	0	NA	NA	NA	1
ENSG00000288996	0	NA	NA	0	NA	NA	NA	1
ENSG00000288997	0	NA	NA	0	NA	NA	NA	1
ENSG00000288998	0	NA	NA	0	NA	NA	NA	1
ENSG00000289001	0	NA	NA	0	NA	NA	NA	1
ENSG00000289003	0	NA	NA	0	NA	NA	NA	1
ENSG00000289005	0	NA	NA	0	NA	NA	NA	1
ENSG00000289012	0	NA	NA	0	NA	NA	NA	1
ENSG00000289020	0	NA	NA	0	NA	NA	NA	1
ENSG00000289021	0	NA	NA	0	NA	NA	NA	1
ENSG00000289026	0	NA	NA	0	NA	NA	NA	1
ENSG00000289028	0	NA	NA	0	NA	NA	NA	1
ENSG00000289030	0	NA	NA	0	NA	NA	NA	1
ENSG00000289032	0	NA	NA	0	NA	NA	NA	1
ENSG00000289033	0	NA	NA	0	NA	NA	NA	1
ENSG00000289038	0	NA	NA	0	NA	NA	NA	1
ENSG00000289041	0	NA	NA	0	NA	NA	NA	1
ENSG00000289044	0	NA	NA	0	NA	NA	NA	1
ENSG00000289045	0	NA	NA	0	NA	NA	NA	1
ENSG00000289046	0	NA	NA	0	NA	NA	NA	1
ENSG00000289053	0	NA	NA	0	NA	NA	NA	1
ENSG00000289055	0	NA	NA	0	NA	NA	NA	1
ENSG00000289057	0	NA	NA	0	NA	NA	NA	1
ENSG00000289058	0	NA	NA	0	NA	NA	NA	1
ENSG00000289061	0	NA	NA	0	NA	NA	NA	1
ENSG00000289063	0	NA	NA	0	NA	NA	NA	1
ENSG00000289064	0	NA	NA	0	NA	NA	NA	1
ENSG00000289067	0	NA	NA	0	NA	NA	NA	1
ENSG00000289069	0	NA	NA	0	NA	NA	NA	1
ENSG00000289070	0	NA	NA	0	NA	NA	NA	1
ENSG00000289076	0	NA	NA	0	NA	NA	NA	1
ENSG00000289079	0	NA	NA	0	NA	NA	NA	1
ENSG00000289084	0	NA	NA	0	NA	NA	NA	1
ENSG00000289086	0	NA	NA	0	NA	NA	NA	1
ENSG00000289087	0	NA	NA	0	NA	NA	NA	1
ENSG00000289091	0	NA	NA	0	NA	NA	NA	1
ENSG00000289093	0	NA	NA	0	NA	NA	NA	1
ENSG00000289094	0	NA	NA	0	NA	NA	NA	1
ENSG00000289096	0	NA	NA	0	NA	NA	NA	1
ENSG00000289097	0	NA	NA	0	NA	NA	NA	1
ENSG00000289098	0	NA	NA	0	NA	NA	NA	1
ENSG00000289099	0	NA	NA	0	NA	NA	NA	1
ENSG00000289100	0	NA	NA	0	NA	NA	NA	1
ENSG00000289103	0	NA	NA	0	NA	NA	NA	1
ENSG00000289104	0	NA	NA	0	NA	NA	NA	1
ENSG00000289110	0	NA	NA	0	NA	NA	NA	1
ENSG00000289111	0	NA	NA	0	NA	NA	NA	1
ENSG00000289114	0	NA	NA	0	NA	NA	NA	1
ENSG00000289115	0	NA	NA	0	NA	NA	NA	1
ENSG00000289119	0	NA	NA	0	NA	NA	NA	1
ENSG00000289121	0	NA	NA	0	NA	NA	NA	1
ENSG00000289123	0	NA	NA	0	NA	NA	NA	1
ENSG00000289124	0	NA	NA	0	NA	NA	NA	1
ENSG00000289125	0	NA	NA	0	NA	NA	NA	1
ENSG00000289126	0	NA	NA	0	NA	NA	NA	1
ENSG00000289129	0	NA	NA	0	NA	NA	NA	1
ENSG00000289132	0	NA	NA	0	NA	NA	NA	1
ENSG00000289134	0	NA	NA	0	NA	NA	NA	1
ENSG00000289135	0	NA	NA	0	NA	NA	NA	1
ENSG00000289138	0	NA	NA	0	NA	NA	NA	1
ENSG00000289142	0	NA	NA	0	NA	NA	NA	1
ENSG00000289145	0	NA	NA	0	NA	NA	NA	1
ENSG00000289147	0	NA	NA	0	NA	NA	NA	1
ENSG00000289148	0	NA	NA	0	NA	NA	NA	1
ENSG00000289151	0	NA	NA	0	NA	NA	NA	1
ENSG00000289153	0	NA	NA	0	NA	NA	NA	1
ENSG00000289159	0	NA	NA	0	NA	NA	NA	1
ENSG00000289160	0	NA	NA	0	NA	NA	NA	1
ENSG00000289163	0	NA	NA	0	NA	NA	NA	1
ENSG00000289164	0	NA	NA	0	NA	NA	NA	1
ENSG00000289167	0	NA	NA	0	NA	NA	NA	1
ENSG00000289171	0	NA	NA	0	NA	NA	NA	1
ENSG00000289172	0	NA	NA	0	NA	NA	NA	1
ENSG00000289173	0	NA	NA	0	NA	NA	NA	1
ENSG00000289180	0	NA	NA	0	NA	NA	NA	1
ENSG00000289182	0	NA	NA	0	NA	NA	NA	1
ENSG00000289183	0	NA	NA	0	NA	NA	NA	1
ENSG00000289184	0	NA	NA	0	NA	NA	NA	1
ENSG00000289187	0	NA	NA	0	NA	NA	NA	1
ENSG00000289190	0	NA	NA	0	NA	NA	NA	1
ENSG00000289192	0	NA	NA	0	NA	NA	NA	1
ENSG00000289199	0	NA	NA	0	NA	NA	NA	1
ENSG00000289207	0	NA	NA	0	NA	NA	NA	1
ENSG00000289215	0	NA	NA	0	NA	NA	NA	1
ENSG00000289216	0	NA	NA	0	NA	NA	NA	1
ENSG00000289218	0	NA	NA	0	NA	NA	NA	1
ENSG00000289219	0	NA	NA	0	NA	NA	NA	1
ENSG00000289220	0	NA	NA	0	NA	NA	NA	1
ENSG00000289221	0	NA	NA	0	NA	NA	NA	1
ENSG00000289223	0	NA	NA	0	NA	NA	NA	1
ENSG00000289225	0	NA	NA	0	NA	NA	NA	1
ENSG00000289226	0	NA	NA	0	NA	NA	NA	1
ENSG00000289227	0	NA	NA	0	NA	NA	NA	1
ENSG00000289228	0	NA	NA	0	NA	NA	NA	1
ENSG00000289230	0	NA	NA	0	NA	NA	NA	1
ENSG00000289231	0	NA	NA	0	NA	NA	NA	1
ENSG00000289235	0	NA	NA	0	NA	NA	NA	1
ENSG00000289239	0	NA	NA	0	NA	NA	NA	1
ENSG00000289241	0	NA	NA	0	NA	NA	NA	1
ENSG00000289243	0	NA	NA	0	NA	NA	NA	1
ENSG00000289244	0	NA	NA	0	NA	NA	NA	1
ENSG00000289246	0	NA	NA	0	NA	NA	NA	1
ENSG00000289247	0	NA	NA	0	NA	NA	NA	1
ENSG00000289248	0	NA	NA	0	NA	NA	NA	1
ENSG00000289249	0	NA	NA	0	NA	NA	NA	1
ENSG00000289252	0	NA	NA	0	NA	NA	NA	1
ENSG00000289253	0	NA	NA	0	NA	NA	NA	1
ENSG00000289254	0	NA	NA	0	NA	NA	NA	1
ENSG00000289255	0	NA	NA	0	NA	NA	NA	1
ENSG00000289260	0	NA	NA	0	NA	NA	NA	1
ENSG00000289263	0	NA	NA	0	NA	NA	NA	1
ENSG00000289264	0	NA	NA	0	NA	NA	NA	1
ENSG00000289268	0	NA	NA	0	NA	NA	NA	1
ENSG00000289274	0	NA	NA	0	NA	NA	NA	1
ENSG00000289276	0	NA	NA	0	NA	NA	NA	1
ENSG00000289278	0	NA	NA	0	NA	NA	NA	1
ENSG00000289280	0	NA	NA	0	NA	NA	NA	1
ENSG00000289283	0	NA	NA	0	NA	NA	NA	1
ENSG00000289285	0	NA	NA	0	NA	NA	NA	1
ENSG00000289286	0	NA	NA	0	NA	NA	NA	1
ENSG00000289288	0	NA	NA	0	NA	NA	NA	1
ENSG00000289290	0	NA	NA	0	NA	NA	NA	1
ENSG00000289291	0	NA	NA	0	NA	NA	NA	1
ENSG00000289292	0	NA	NA	0	NA	NA	NA	1
ENSG00000289295	0	NA	NA	0	NA	NA	NA	1
ENSG00000289302	0	NA	NA	0	NA	NA	NA	1
ENSG00000289304	0	NA	NA	0	NA	NA	NA	1
ENSG00000289306	0	NA	NA	0	NA	NA	NA	1
ENSG00000289309	0	NA	NA	0	NA	NA	NA	1
ENSG00000289310	0	NA	NA	0	NA	NA	NA	1
ENSG00000289312	0	NA	NA	0	NA	NA	NA	1
ENSG00000289316	0	NA	NA	0	NA	NA	NA	1
ENSG00000289319	0	NA	NA	0	NA	NA	NA	1
ENSG00000289320	0	NA	NA	0	NA	NA	NA	1
ENSG00000289322	0	NA	NA	0	NA	NA	NA	1
ENSG00000289324	0	NA	NA	0	NA	NA	NA	1
ENSG00000289327	0	NA	NA	0	NA	NA	NA	1
ENSG00000289329	0	NA	NA	0	NA	NA	NA	1
ENSG00000289330	0	NA	NA	0	NA	NA	NA	1
ENSG00000289331	0	NA	NA	0	NA	NA	NA	1
ENSG00000289332	0	NA	NA	0	NA	NA	NA	1
ENSG00000289333	0	NA	NA	0	NA	NA	NA	1
ENSG00000289337	0	NA	NA	0	NA	NA	NA	1
ENSG00000289339	0	NA	NA	0	NA	NA	NA	1
ENSG00000289342	0	NA	NA	0	NA	NA	NA	1
ENSG00000289344	0	NA	NA	0	NA	NA	NA	1
ENSG00000289347	0	NA	NA	0	NA	NA	NA	1
ENSG00000289348	0	NA	NA	0	NA	NA	NA	1
ENSG00000289349	0	NA	NA	0	NA	NA	NA	1
ENSG00000289351	0	NA	NA	0	NA	NA	NA	1
ENSG00000289353	0	NA	NA	0	NA	NA	NA	1
ENSG00000289354	0	NA	NA	0	NA	NA	NA	1
ENSG00000289357	0	NA	NA	0	NA	NA	NA	1
ENSG00000289358	0	NA	NA	0	NA	NA	NA	1
ENSG00000289359	0	NA	NA	0	NA	NA	NA	1
ENSG00000289362	0	NA	NA	0	NA	NA	NA	1
ENSG00000289372	0	NA	NA	0	NA	NA	NA	1
ENSG00000289377	0	NA	NA	0	NA	NA	NA	1
ENSG00000289378	0	NA	NA	0	NA	NA	NA	1
ENSG00000289379	0	NA	NA	0	NA	NA	NA	1
ENSG00000289382	0	NA	NA	0	NA	NA	NA	1
ENSG00000289383	0	NA	NA	0	NA	NA	NA	1
ENSG00000289384	0	NA	NA	0	NA	NA	NA	1
ENSG00000289386	0	NA	NA	0	NA	NA	NA	1
ENSG00000289388	0	NA	NA	0	NA	NA	NA	1
ENSG00000289390	0	NA	NA	0	NA	NA	NA	1
ENSG00000289394	0	NA	NA	0	NA	NA	NA	1
ENSG00000289396	0	NA	NA	0	NA	NA	NA	1
ENSG00000289398	0	NA	NA	0	NA	NA	NA	1
ENSG00000289399	0	NA	NA	0	NA	NA	NA	1
ENSG00000289400	0	NA	NA	0	NA	NA	NA	1
ENSG00000289401	0	NA	NA	0	NA	NA	NA	1
ENSG00000289402	0	NA	NA	0	NA	NA	NA	1
ENSG00000289405	0	NA	NA	0	NA	NA	NA	1
ENSG00000289406	0	NA	NA	0	NA	NA	NA	1
ENSG00000289410	0	NA	NA	0	NA	NA	NA	1
ENSG00000289414	0	NA	NA	0	NA	NA	NA	1
ENSG00000289419	0	NA	NA	0	NA	NA	NA	1
ENSG00000289422	0	NA	NA	0	NA	NA	NA	1
ENSG00000289426	0	NA	NA	0	NA	NA	NA	1
ENSG00000289430	0	NA	NA	0	NA	NA	NA	1
ENSG00000289431	0	NA	NA	0	NA	NA	NA	1
ENSG00000289433	0	NA	NA	0	NA	NA	NA	1
ENSG00000289434	0	NA	NA	0	NA	NA	NA	1
ENSG00000289436	0	NA	NA	0	NA	NA	NA	1
ENSG00000289437	0	NA	NA	0	NA	NA	NA	1
ENSG00000289440	0	NA	NA	0	NA	NA	NA	1
ENSG00000289441	0	NA	NA	0	NA	NA	NA	1
ENSG00000289443	0	NA	NA	0	NA	NA	NA	1
ENSG00000289448	0	NA	NA	0	NA	NA	NA	1
ENSG00000289452	0	NA	NA	0	NA	NA	NA	1
ENSG00000289460	0	NA	NA	0	NA	NA	NA	1
ENSG00000289461	0	NA	NA	0	NA	NA	NA	1
ENSG00000289462	0	NA	NA	0	NA	NA	NA	1
ENSG00000289463	0	NA	NA	0	NA	NA	NA	1
ENSG00000289469	0	NA	NA	0	NA	NA	NA	1
ENSG00000289471	0	NA	NA	0	NA	NA	NA	1
ENSG00000289473	0	NA	NA	0	NA	NA	NA	1
ENSG00000289476	0	NA	NA	0	NA	NA	NA	1
ENSG00000289481	0	NA	NA	0	NA	NA	NA	1
ENSG00000289482	0	NA	NA	0	NA	NA	NA	1
ENSG00000289483	0	NA	NA	0	NA	NA	NA	1
ENSG00000289484	0	NA	NA	0	NA	NA	NA	1
ENSG00000289487	0	NA	NA	0	NA	NA	NA	1
ENSG00000289488	0	NA	NA	0	NA	NA	NA	1
ENSG00000289493	0	NA	NA	0	NA	NA	NA	1
ENSG00000289494	0	NA	NA	0	NA	NA	NA	1
ENSG00000289496	0	NA	NA	0	NA	NA	NA	1
ENSG00000289497	0	NA	NA	0	NA	NA	NA	1
ENSG00000289499	0	NA	NA	0	NA	NA	NA	1
ENSG00000289500	0	NA	NA	0	NA	NA	NA	1
ENSG00000289502	0	NA	NA	0	NA	NA	NA	1
ENSG00000289504	0	NA	NA	0	NA	NA	NA	1
ENSG00000289507	0	NA	NA	0	NA	NA	NA	1
ENSG00000289508	0	NA	NA	0	NA	NA	NA	1
ENSG00000289509	0	NA	NA	0	NA	NA	NA	1
ENSG00000289510	0	NA	NA	0	NA	NA	NA	1
ENSG00000289512	0	NA	NA	0	NA	NA	NA	1
ENSG00000289515	0	NA	NA	0	NA	NA	NA	1
ENSG00000289516	0	NA	NA	0	NA	NA	NA	1
ENSG00000289519	0	NA	NA	0	NA	NA	NA	1
ENSG00000289523	0	NA	NA	0	NA	NA	NA	1
ENSG00000289524	0	NA	NA	0	NA	NA	NA	1
ENSG00000289525	0	NA	NA	0	NA	NA	NA	1
ENSG00000289528	0	NA	NA	0	NA	NA	NA	1
ENSG00000289531	0	NA	NA	0	NA	NA	NA	1
ENSG00000289532	0	NA	NA	0	NA	NA	NA	1
ENSG00000289537	0	NA	NA	0	NA	NA	NA	1
ENSG00000289539	0	NA	NA	0	NA	NA	NA	1
ENSG00000289541	0	NA	NA	0	NA	NA	NA	1
ENSG00000289544	0	NA	NA	0	NA	NA	NA	1
ENSG00000289545	0	NA	NA	0	NA	NA	NA	1
ENSG00000289551	0	NA	NA	0	NA	NA	NA	1
ENSG00000289555	0	NA	NA	0	NA	NA	NA	1
ENSG00000289561	0	NA	NA	0	NA	NA	NA	1
ENSG00000289564	0	NA	NA	0	NA	NA	NA	1
ENSG00000289569	0	NA	NA	0	NA	NA	NA	1
ENSG00000289574	0	NA	NA	0	NA	NA	NA	1
ENSG00000289576	0	NA	NA	0	NA	NA	NA	1
ENSG00000289581	0	NA	NA	0	NA	NA	NA	1
ENSG00000289585	0	NA	NA	0	NA	NA	NA	1
ENSG00000289589	0	NA	NA	0	NA	NA	NA	1
ENSG00000289590	0	NA	NA	0	NA	NA	NA	1
ENSG00000289591	0	NA	NA	0	NA	NA	NA	1
ENSG00000289592	0	NA	NA	0	NA	NA	NA	1
ENSG00000289594	0	NA	NA	0	NA	NA	NA	1
ENSG00000289596	0	NA	NA	0	NA	NA	NA	1
ENSG00000289599	0	NA	NA	0	NA	NA	NA	1
ENSG00000289602	0	NA	NA	0	NA	NA	NA	1
ENSG00000289603	0	NA	NA	0	NA	NA	NA	1
ENSG00000289606	0	NA	NA	0	NA	NA	NA	1
ENSG00000289607	0	NA	NA	0	NA	NA	NA	1
ENSG00000289613	0	NA	NA	0	NA	NA	NA	1
ENSG00000289615	0	NA	NA	0	NA	NA	NA	1
ENSG00000289616	0	NA	NA	0	NA	NA	NA	1
ENSG00000289619	0	NA	NA	0	NA	NA	NA	1
ENSG00000289624	0	NA	NA	0	NA	NA	NA	1
ENSG00000289625	0	NA	NA	0	NA	NA	NA	1
ENSG00000289627	0	NA	NA	0	NA	NA	NA	1
ENSG00000289628	0	NA	NA	0	NA	NA	NA	1
ENSG00000289629	0	NA	NA	0	NA	NA	NA	1
ENSG00000289631	0	NA	NA	0	NA	NA	NA	1
ENSG00000289635	0	NA	NA	0	NA	NA	NA	1
ENSG00000289637	0	NA	NA	0	NA	NA	NA	1
ENSG00000289640	0	NA	NA	0	NA	NA	NA	1
ENSG00000289641	0	NA	NA	0	NA	NA	NA	1
ENSG00000289642	0	NA	NA	0	NA	NA	NA	1
ENSG00000289644	0	NA	NA	0	NA	NA	NA	1
ENSG00000289688	0	NA	NA	0	NA	NA	NA	1
ENSG00000289689	0	NA	NA	0	NA	NA	NA	1
ENSG00000289691	0	NA	NA	0	NA	NA	NA	1
ENSG00000289702	0	NA	NA	0	NA	NA	NA	1
ENSG00000289726	0	NA	NA	0	NA	NA	NA	1
ENSG00000289727	0	NA	NA	0	NA	NA	NA	1
ENSG00000289733	0	NA	NA	0	NA	NA	NA	1
ENSG00000289738	0	NA	NA	0	NA	NA	NA	1
ENSG00000289739	0	NA	NA	0	NA	NA	NA	1
ENSG00000289741	0	NA	NA	0	NA	NA	NA	1
ENSG00000289744	0	NA	NA	0	NA	NA	NA	1
ENSG00000289745	0	NA	NA	0	NA	NA	NA	1
ENSG00000289750	0	NA	NA	0	NA	NA	NA	1
ENSG00000289755	0	NA	NA	0	NA	NA	NA	1
ENSG00000289757	0	NA	NA	0	NA	NA	NA	1
ENSG00000289788	0	NA	NA	0	NA	NA	NA	1
ENSG00000289810	0	NA	NA	0	NA	NA	NA	1
ENSG00000289827	0	NA	NA	0	NA	NA	NA	1
ENSG00000289828	0	NA	NA	0	NA	NA	NA	1
ENSG00000289829	0	NA	NA	0	NA	NA	NA	1
ENSG00000289830	0	NA	NA	0	NA	NA	NA	1
ENSG00000289834	0	NA	NA	0	NA	NA	NA	1
ENSG00000289835	0	NA	NA	0	NA	NA	NA	1
ENSG00000289837	0	NA	NA	0	NA	NA	NA	1
ENSG00000289840	0	NA	NA	0	NA	NA	NA	1
ENSG00000289842	0	NA	NA	0	NA	NA	NA	1
ENSG00000289845	0	NA	NA	0	NA	NA	NA	1
ENSG00000289846	0	NA	NA	0	NA	NA	NA	1
ENSG00000289848	0	NA	NA	0	NA	NA	NA	1
ENSG00000289850	0	NA	NA	0	NA	NA	NA	1
ENSG00000289853	0	NA	NA	0	NA	NA	NA	1
ENSG00000289855	0	NA	NA	0	NA	NA	NA	1
ENSG00000289856	0	NA	NA	0	NA	NA	NA	1
ENSG00000289858	0	NA	NA	0	NA	NA	NA	1
ENSG00000289864	0	NA	NA	0	NA	NA	NA	1
ENSG00000289866	0	NA	NA	0	NA	NA	NA	1
ENSG00000289867	0	NA	NA	0	NA	NA	NA	1
ENSG00000289868	0	NA	NA	0	NA	NA	NA	1
ENSG00000289871	0	NA	NA	0	NA	NA	NA	1
ENSG00000289873	0	NA	NA	0	NA	NA	NA	1
ENSG00000289877	0	NA	NA	0	NA	NA	NA	1
ENSG00000289878	0	NA	NA	0	NA	NA	NA	1
ENSG00000289881	0	NA	NA	0	NA	NA	NA	1
ENSG00000289889	0	NA	NA	0	NA	NA	NA	1
ENSG00000289890	0	NA	NA	0	NA	NA	NA	1
ENSG00000289894	0	NA	NA	0	NA	NA	NA	1
ENSG00000289895	0	NA	NA	0	NA	NA	NA	1
ENSG00000289898	0	NA	NA	0	NA	NA	NA	1
ENSG00000289904	0	NA	NA	0	NA	NA	NA	1
ENSG00000289908	0	NA	NA	0	NA	NA	NA	1
ENSG00000289909	0	NA	NA	0	NA	NA	NA	1
ENSG00000289910	0	NA	NA	0	NA	NA	NA	1
ENSG00000289916	0	NA	NA	0	NA	NA	NA	1
ENSG00000289919	0	NA	NA	0	NA	NA	NA	1
ENSG00000289920	0	NA	NA	0	NA	NA	NA	1
ENSG00000289921	0	NA	NA	0	NA	NA	NA	1
ENSG00000289923	0	NA	NA	0	NA	NA	NA	1
ENSG00000289924	0	NA	NA	0	NA	NA	NA	1
ENSG00000289926	0	NA	NA	0	NA	NA	NA	1
ENSG00000289927	0	NA	NA	0	NA	NA	NA	1
ENSG00000289928	0	NA	NA	0	NA	NA	NA	1
ENSG00000289933	0	NA	NA	0	NA	NA	NA	1
ENSG00000289936	0	NA	NA	0	NA	NA	NA	1
ENSG00000289937	0	NA	NA	0	NA	NA	NA	1
ENSG00000289938	0	NA	NA	0	NA	NA	NA	1
ENSG00000289939	0	NA	NA	0	NA	NA	NA	1
ENSG00000289943	0	NA	NA	0	NA	NA	NA	1
ENSG00000289946	0	NA	NA	0	NA	NA	NA	1
ENSG00000289950	0	NA	NA	0	NA	NA	NA	1
ENSG00000289952	0	NA	NA	0	NA	NA	NA	1
ENSG00000289953	0	NA	NA	0	NA	NA	NA	1
ENSG00000289955	0	NA	NA	0	NA	NA	NA	1
ENSG00000289956	0	NA	NA	0	NA	NA	NA	1
ENSG00000289959	0	NA	NA	0	NA	NA	NA	1
ENSG00000289969	0	NA	NA	0	NA	NA	NA	1
ENSG00000289970	0	NA	NA	0	NA	NA	NA	1
ENSG00000289972	0	NA	NA	0	NA	NA	NA	1
ENSG00000289973	0	NA	NA	0	NA	NA	NA	1
ENSG00000289974	0	NA	NA	0	NA	NA	NA	1
ENSG00000289976	0	NA	NA	0	NA	NA	NA	1
ENSG00000289977	0	NA	NA	0	NA	NA	NA	1
ENSG00000289978	0	NA	NA	0	NA	NA	NA	1
ENSG00000289982	0	NA	NA	0	NA	NA	NA	1
ENSG00000289983	0	NA	NA	0	NA	NA	NA	1
ENSG00000289984	0	NA	NA	0	NA	NA	NA	1
ENSG00000289986	0	NA	NA	0	NA	NA	NA	1
ENSG00000289987	0	NA	NA	0	NA	NA	NA	1
ENSG00000289988	0	NA	NA	0	NA	NA	NA	1
ENSG00000289991	0	NA	NA	0	NA	NA	NA	1
ENSG00000289992	0	NA	NA	0	NA	NA	NA	1
ENSG00000289993	0	NA	NA	0	NA	NA	NA	1
ENSG00000289996	0	NA	NA	0	NA	NA	NA	1
ENSG00000289999	0	NA	NA	0	NA	NA	NA	1
ENSG00000290003	0	NA	NA	0	NA	NA	NA	1
ENSG00000290006	0	NA	NA	0	NA	NA	NA	1
ENSG00000290007	0	NA	NA	0	NA	NA	NA	1
ENSG00000290008	0	NA	NA	0	NA	NA	NA	1
ENSG00000290011	0	NA	NA	0	NA	NA	NA	1
ENSG00000290015	0	NA	NA	0	NA	NA	NA	1
ENSG00000290021	0	NA	NA	0	NA	NA	NA	1
ENSG00000290025	0	NA	NA	0	NA	NA	NA	1
ENSG00000290026	0	NA	NA	0	NA	NA	NA	1
ENSG00000290030	0	NA	NA	0	NA	NA	NA	1
ENSG00000290033	0	NA	NA	0	NA	NA	NA	1
ENSG00000290034	0	NA	NA	0	NA	NA	NA	1
ENSG00000290035	0	NA	NA	0	NA	NA	NA	1
ENSG00000290036	0	NA	NA	0	NA	NA	NA	1
ENSG00000290037	0	NA	NA	0	NA	NA	NA	1
ENSG00000290041	0	NA	NA	0	NA	NA	NA	1
ENSG00000290044	0	NA	NA	0	NA	NA	NA	1
ENSG00000290045	0	NA	NA	0	NA	NA	NA	1
ENSG00000290047	0	NA	NA	0	NA	NA	NA	1
ENSG00000290049	0	NA	NA	0	NA	NA	NA	1
ENSG00000290052	0	NA	NA	0	NA	NA	NA	1
ENSG00000290054	0	NA	NA	0	NA	NA	NA	1
ENSG00000290057	0	NA	NA	0	NA	NA	NA	1
ENSG00000290063	0	NA	NA	0	NA	NA	NA	1
ENSG00000290064	0	NA	NA	0	NA	NA	NA	1
ENSG00000290065	0	NA	NA	0	NA	NA	NA	1
ENSG00000290066	0	NA	NA	0	NA	NA	NA	1
ENSG00000290067	0	NA	NA	0	NA	NA	NA	1
ENSG00000290068	0	NA	NA	0	NA	NA	NA	1
ENSG00000290070	0	NA	NA	0	NA	NA	NA	1
ENSG00000290071	0	NA	NA	0	NA	NA	NA	1
ENSG00000290078	0	NA	NA	0	NA	NA	NA	1
ENSG00000290083	0	NA	NA	0	NA	NA	NA	1
ENSG00000290085	0	NA	NA	0	NA	NA	NA	1
ENSG00000290086	0	NA	NA	0	NA	NA	NA	1
ENSG00000290087	0	NA	NA	0	NA	NA	NA	1
ENSG00000290088	0	NA	NA	0	NA	NA	NA	1
ENSG00000290093	0	NA	NA	0	NA	NA	NA	1
ENSG00000290094	0	NA	NA	0	NA	NA	NA	1
ENSG00000290095	0	NA	NA	0	NA	NA	NA	1
ENSG00000290097	0	NA	NA	0	NA	NA	NA	1
ENSG00000290100	0	NA	NA	0	NA	NA	NA	1
ENSG00000290103	0	NA	NA	0	NA	NA	NA	1
ENSG00000290105	0	NA	NA	0	NA	NA	NA	1
ENSG00000290106	0	NA	NA	0	NA	NA	NA	1
ENSG00000290107	0	NA	NA	0	NA	NA	NA	1
ENSG00000290108	0	NA	NA	0	NA	NA	NA	1
ENSG00000290109	0	NA	NA	0	NA	NA	NA	1
ENSG00000290111	0	NA	NA	0	NA	NA	NA	1
ENSG00000290113	0	NA	NA	0	NA	NA	NA	1
ENSG00000290115	0	NA	NA	0	NA	NA	NA	1
ENSG00000290123	0	NA	NA	0	NA	NA	NA	1
ENSG00000290126	0	NA	NA	0	NA	NA	NA	1
ENSG00000290127	0	NA	NA	0	NA	NA	NA	1
ENSG00000290199	0	NA	NA	0	NA	NA	NA	1
ENSG00000290226	0	NA	NA	0	NA	NA	NA	1
ENSG00000290241	0	NA	NA	0	NA	NA	NA	1
ENSG00000290242	0	NA	NA	0	NA	NA	NA	1
ENSG00000290285	0	NA	NA	0	NA	NA	NA	1
ENSG00000290366	0	NA	NA	0	NA	NA	NA	1
ENSG00000290388	0	NA	NA	0	NA	NA	NA	1
ENSG00000290400	0	NA	NA	0	NA	NA	NA	1
ENSG00000290421	0	NA	NA	0	NA	NA	NA	1
ENSG00000290441	0	NA	NA	0	NA	NA	NA	1
ENSG00000290454	0	NA	NA	0	NA	NA	NA	1
ENSG00000290460	0	NA	NA	0	NA	NA	NA	1
ENSG00000290482	0	NA	NA	0	NA	NA	NA	1
ENSG00000290484	0	NA	NA	0	NA	NA	NA	1
ENSG00000290507	0	NA	NA	0	NA	NA	NA	1
ENSG00000290514	0	NA	NA	0	NA	NA	NA	1
ENSG00000290537	0	NA	NA	0	NA	NA	NA	1
ENSG00000290544	0	NA	NA	0	NA	NA	NA	1
ENSG00000290551	0	NA	NA	0	NA	NA	NA	1
ENSG00000290554	0	NA	NA	0	NA	NA	NA	1
ENSG00000290567	0	NA	NA	0	NA	NA	NA	1
ENSG00000290576	0	NA	NA	0	NA	NA	NA	1
ENSG00000290577	0	NA	NA	0	NA	NA	NA	1
ENSG00000290580	0	NA	NA	0	NA	NA	NA	1
ENSG00000290584	0	NA	NA	0	NA	NA	NA	1
ENSG00000290595	0	NA	NA	0	NA	NA	NA	1
ENSG00000290600	0	NA	NA	0	NA	NA	NA	1
ENSG00000290641	0	NA	NA	0	NA	NA	NA	1
ENSG00000290653	0	NA	NA	0	NA	NA	NA	1
ENSG00000290682	0	NA	NA	0	NA	NA	NA	1
ENSG00000290691	0	NA	NA	0	NA	NA	NA	1
ENSG00000290698	0	NA	NA	0	NA	NA	NA	1
ENSG00000290720	0	NA	NA	0	NA	NA	NA	1
ENSG00000290722	0	NA	NA	0	NA	NA	NA	1
ENSG00000290732	0	NA	NA	0	NA	NA	NA	1
ENSG00000290738	0	NA	NA	0	NA	NA	NA	1
ENSG00000290747	0	NA	NA	0	NA	NA	NA	1
ENSG00000290754	0	NA	NA	0	NA	NA	NA	1
ENSG00000290759	0	NA	NA	0	NA	NA	NA	1
ENSG00000290762	0	NA	NA	0	NA	NA	NA	1
ENSG00000290764	0	NA	NA	0	NA	NA	NA	1
ENSG00000290768	0	NA	NA	0	NA	NA	NA	1
ENSG00000290769	0	NA	NA	0	NA	NA	NA	1
ENSG00000290771	0	NA	NA	0	NA	NA	NA	1
ENSG00000290773	0	NA	NA	0	NA	NA	NA	1
ENSG00000290774	0	NA	NA	0	NA	NA	NA	1
ENSG00000290777	0	NA	NA	0	NA	NA	NA	1
ENSG00000290778	0	NA	NA	0	NA	NA	NA	1
ENSG00000290785	0	NA	NA	0	NA	NA	NA	1
ENSG00000290791	0	NA	NA	0	NA	NA	NA	1
ENSG00000290792	0	NA	NA	0	NA	NA	NA	1
ENSG00000290795	0	NA	NA	0	NA	NA	NA	1
ENSG00000290804	0	NA	NA	0	NA	NA	NA	1
ENSG00000290805	0	NA	NA	0	NA	NA	NA	1
ENSG00000290807	0	NA	NA	0	NA	NA	NA	1
ENSG00000290808	0	NA	NA	0	NA	NA	NA	1
ENSG00000290814	0	NA	NA	0	NA	NA	NA	1
ENSG00000290817	0	NA	NA	0	NA	NA	NA	1
ENSG00000290819	0	NA	NA	0	NA	NA	NA	1
ENSG00000290827	0	NA	NA	0	NA	NA	NA	1
ENSG00000290830	0	NA	NA	0	NA	NA	NA	1
ENSG00000290835	0	NA	NA	0	NA	NA	NA	1
ENSG00000290837	0	NA	NA	0	NA	NA	NA	1
ENSG00000290864	0	NA	NA	0	NA	NA	NA	1
ENSG00000290871	0	NA	NA	0	NA	NA	NA	1
ENSG00000290884	0	NA	NA	0	NA	NA	NA	1
ENSG00000290885	0	NA	NA	0	NA	NA	NA	1
ENSG00000290894	0	NA	NA	0	NA	NA	NA	1
ENSG00000290895	0	NA	NA	0	NA	NA	NA	1
ENSG00000290915	0	NA	NA	0	NA	NA	NA	1
ENSG00000290925	0	NA	NA	0	NA	NA	NA	1
ENSG00000290928	0	NA	NA	0	NA	NA	NA	1
ENSG00000290929	0	NA	NA	0	NA	NA	NA	1
ENSG00000290934	0	NA	NA	0	NA	NA	NA	1
ENSG00000290940	0	NA	NA	0	NA	NA	NA	1
ENSG00000290957	0	NA	NA	0	NA	NA	NA	1
ENSG00000290965	0	NA	NA	0	NA	NA	NA	1
ENSG00000290966	0	NA	NA	0	NA	NA	NA	1
ENSG00000290967	0	NA	NA	0	NA	NA	NA	1
ENSG00000291006	0	NA	NA	0	NA	NA	NA	1
ENSG00000291013	0	NA	NA	0	NA	NA	NA	1
ENSG00000291015	0	NA	NA	0	NA	NA	NA	1
ENSG00000291017	0	NA	NA	0	NA	NA	NA	1
ENSG00000291035	0	NA	NA	0	NA	NA	NA	1
ENSG00000291038	0	NA	NA	0	NA	NA	NA	1
ENSG00000291042	0	NA	NA	0	NA	NA	NA	1
ENSG00000291052	0	NA	NA	0	NA	NA	NA	1
ENSG00000291053	0	NA	NA	0	NA	NA	NA	1
ENSG00000291054	0	NA	NA	0	NA	NA	NA	1
ENSG00000291064	0	NA	NA	0	NA	NA	NA	1
ENSG00000291067	0	NA	NA	0	NA	NA	NA	1
ENSG00000291076	0	NA	NA	0	NA	NA	NA	1
ENSG00000291077	0	NA	NA	0	NA	NA	NA	1
ENSG00000291078	0	NA	NA	0	NA	NA	NA	1
ENSG00000291084	0	NA	NA	0	NA	NA	NA	1
ENSG00000291089	0	NA	NA	0	NA	NA	NA	1
ENSG00000291091	0	NA	NA	0	NA	NA	NA	1
ENSG00000291093	0	NA	NA	0	NA	NA	NA	1
ENSG00000291094	0	NA	NA	0	NA	NA	NA	1
ENSG00000291096	0	NA	NA	0	NA	NA	NA	1
ENSG00000291111	0	NA	NA	0	NA	NA	NA	1
ENSG00000291115	0	NA	NA	0	NA	NA	NA	1
ENSG00000291118	0	NA	NA	0	NA	NA	NA	1
ENSG00000291119	0	NA	NA	0	NA	NA	NA	1
ENSG00000291122	0	NA	NA	0	NA	NA	NA	1
ENSG00000291128	0	NA	NA	0	NA	NA	NA	1
ENSG00000291131	0	NA	NA	0	NA	NA	NA	1
ENSG00000291132	0	NA	NA	0	NA	NA	NA	1
ENSG00000291143	0	NA	NA	0	NA	NA	NA	1
ENSG00000291146	0	NA	NA	0	NA	NA	NA	1
ENSG00000291151	0	NA	NA	0	NA	NA	NA	1
ENSG00000291154	0	NA	NA	0	NA	NA	NA	1
ENSG00000291155	0	NA	NA	0	NA	NA	NA	1
ENSG00000291157	0	NA	NA	0	NA	NA	NA	1
ENSG00000291164	0	NA	NA	0	NA	NA	NA	1
ENSG00000291171	0	NA	NA	0	NA	NA	NA	1
ENSG00000291173	0	NA	NA	0	NA	NA	NA	1
ENSG00000291174	0	NA	NA	0	NA	NA	NA	1
ENSG00000291177	0	NA	NA	0	NA	NA	NA	1
ENSG00000291189	0	NA	NA	0	NA	NA	NA	1
ENSG00000291203	0	NA	NA	0	NA	NA	NA	1
ENSG00000291209	0	NA	NA	0	NA	NA	NA	1
ENSG00000291216	0	NA	NA	0	NA	NA	NA	1
ENSG00000291217	0	NA	NA	0	NA	NA	NA	1
ENSG00000291230	0	NA	NA	0	NA	NA	NA	1
ENSG00000291258	0	NA	NA	0	NA	NA	NA	1
ENSG00000291284	0	NA	NA	0	NA	NA	NA	1
ENSG00000291285	0	NA	NA	0	NA	NA	NA	1
ENSG00000291286	0	NA	NA	0	NA	NA	NA	1
ENSG00000291290	0	NA	NA	0	NA	NA	NA	1
ENSG00000291291	0	NA	NA	0	NA	NA	NA	1
ENSG00000291293	0	NA	NA	0	NA	NA	NA	1
ENSG00000291295	0	NA	NA	0	NA	NA	NA	1
