lncRNAid_Homo_sapiens	isTable_1_Mus_musculus	orthology_type_synteny_Mus_musculus	lncRNA_synteny_id_Mus_musculus	isTable_2_Mus_musculus	orthology_type_configuration_Mus_musculus	configuration_type_configuration_Mus_musculus	lncRNA_configuration_id_Mus_musculus	isTable_3_Mus_musculus
ENSG00000260972	1	many_to_one	ENSMUSG00000085648	0	NA	NA	NA	0
ENSG00000284674	1	many_to_one	ENSMUSG00000085648	0	NA	NA	NA	0
ENSG00000284616	1	many_to_many_DifferentNumber	ENSMUSG00000073699;ENSMUSG00000087454	0	NA	NA	NA	0
ENSG00000231510	1	many_to_many_DifferentNumber	ENSMUSG00000073699;ENSMUSG00000087454	0	NA	NA	NA	0
ENSG00000284739	1	many_to_many_DifferentNumber	ENSMUSG00000073699;ENSMUSG00000087454	0	NA	NA	NA	0
ENSG00000287586	1	many_to_many_DifferentNumber	ENSMUSG00000073699;ENSMUSG00000087454	0	NA	NA	NA	0
ENSG00000284692	1	many_to_many_DifferentNumber	ENSMUSG00000073699;ENSMUSG00000087454	0	NA	NA	NA	0
ENSG00000284666	1	many_to_many_DifferentNumber	ENSMUSG00000073699;ENSMUSG00000087454	0	NA	NA	NA	0
ENSG00000236948	1	many_to_many_DifferentNumber	ENSMUSG00000073699;ENSMUSG00000087454	0	NA	NA	NA	0
ENSG00000289893	1	many_to_many_DifferentNumber	ENSMUSG00000073699;ENSMUSG00000087454	0	NA	NA	NA	0
ENSG00000232596	1	many_to_many_DifferentNumber	ENSMUSG00000086272;ENSMUSG00000121000	0	NA	NA	NA	0
ENSG00000235054	1	many_to_many_DifferentNumber	ENSMUSG00000086272;ENSMUSG00000121000	0	NA	NA	NA	0
ENSG00000284668	1	many_to_many_DifferentNumber	ENSMUSG00000086272;ENSMUSG00000121000	1	many_to_one	lincDivg	ENSMUSG00000086272	0
ENSG00000233304	1	many_to_many_DifferentNumber	ENSMUSG00000086272;ENSMUSG00000121000	1	many_to_one	lincDivg	ENSMUSG00000086272	0
ENSG00000236423	1	many_to_many_DifferentNumber	ENSMUSG00000086272;ENSMUSG00000121000	0	NA	NA	NA	0
ENSG00000226374	1	many_to_one	ENSMUSG00000085390	1	one_to_one	lincSS.up	ENSMUSG00000085390	0
ENSG00000284694	1	many_to_one	ENSMUSG00000085390	0	NA	NA	NA	0
ENSG00000284703	1	many_to_one	ENSMUSG00000085390	0	NA	NA	NA	0
ENSG00000227169	1	many_to_one	ENSMUSG00000085390	0	NA	NA	NA	0
ENSG00000238290	1	many_to_many_DifferentNumber	ENSMUSG00000085869;ENSMUSG00000078492	1	one_to_one	lncgDivg	ENSMUSG00000078492	1
ENSG00000288816	1	many_to_many_DifferentNumber	ENSMUSG00000085869;ENSMUSG00000078492	0	NA	NA	NA	1
ENSG00000227634	1	many_to_many_DifferentNumber	ENSMUSG00000085869;ENSMUSG00000078492	0	NA	NA	NA	1
ENSG00000233645	1	one_to_one	ENSMUSG00000085097	0	NA	NA	NA	0
ENSG00000224621	1	many_to_one	ENSMUSG00000085774	0	NA	NA	NA	1
ENSG00000234166	1	many_to_one	ENSMUSG00000085774	0	NA	NA	NA	1
ENSG00000227959	1	many_to_one	ENSMUSG00000085774	0	NA	NA	NA	1
ENSG00000231953	1	many_to_one	ENSMUSG00000086884	0	NA	NA	NA	0
ENSG00000229162	1	many_to_one	ENSMUSG00000086884	1	one_to_many	lncgDivg	ENSMUSG00000084986;ENSMUSG00000086884	0
ENSG00000285823	1	many_to_one	ENSMUSG00000086884	0	NA	NA	NA	0
ENSG00000271742	1	one_to_one	ENSMUSG00000120187	1	one_to_one	lncgDivg	ENSMUSG00000120187	0
ENSG00000235263	1	many_to_many_DifferentNumber	ENSMUSG00000085403;ENSMUSG00000085368	0	NA	NA	NA	0
ENSG00000284652	1	many_to_many_DifferentNumber	ENSMUSG00000085403;ENSMUSG00000085368	0	NA	NA	NA	0
ENSG00000284693	1	many_to_many_DifferentNumber	ENSMUSG00000085403;ENSMUSG00000085368	0	NA	NA	NA	0
ENSG00000271398	1	one_to_one	ENSMUSG00000086997	0	NA	NA	NA	1
ENSG00000237058	1	one_to_one	ENSMUSG00000087437	0	NA	NA	NA	0
ENSG00000235143	1	many_to_many_sameNumber	ENSMUSG00000087451;ENSMUSG00000097224	0	NA	NA	NA	1
ENSG00000223382	1	many_to_many_sameNumber	ENSMUSG00000087451;ENSMUSG00000097224	0	NA	NA	NA	1
ENSG00000234593	1	many_to_one	ENSMUSG00000073728	1	many_to_one	lncgDivg	ENSMUSG00000087525	1
ENSG00000175147	1	many_to_one	ENSMUSG00000073728	0	NA	NA	NA	1
ENSG00000231606	1	many_to_one	ENSMUSG00000073728	1	many_to_one	lncgDivg	ENSMUSG00000087525	1
ENSG00000287756	1	many_to_one	ENSMUSG00000073728	1	many_to_one	lncgDivg	ENSMUSG00000087525	1
ENSG00000204464	1	one_to_many	ENSMUSG00000085424;ENSMUSG00000085761	1	one_to_one	lncgDivg	ENSMUSG00000073728	1
ENSG00000233621	1	many_to_many_sameNumber	ENSMUSG00000087010;ENSMUSG00000120223	0	NA	NA	NA	1
ENSG00000223944	1	many_to_many_sameNumber	ENSMUSG00000087010;ENSMUSG00000120223	0	NA	NA	NA	1
ENSG00000224592	1	many_to_many_DifferentNumber	ENSMUSG00000086087;ENSMUSG00000086955;ENSMUSG00000086978;ENSMUSG00000098760;ENSMUSG00000084757	1	one_to_one	lncgDivg	ENSMUSG00000098760	0
ENSG00000238063	1	many_to_many_DifferentNumber	ENSMUSG00000086087;ENSMUSG00000086955;ENSMUSG00000086978;ENSMUSG00000098760;ENSMUSG00000084757	0	NA	NA	NA	0
ENSG00000286552	1	many_to_many_DifferentNumber	ENSMUSG00000086087;ENSMUSG00000086955;ENSMUSG00000086978;ENSMUSG00000098760;ENSMUSG00000084757	0	NA	NA	NA	0
ENSG00000287987	1	many_to_many_DifferentNumber	ENSMUSG00000086087;ENSMUSG00000086955;ENSMUSG00000086978;ENSMUSG00000098760;ENSMUSG00000084757	0	NA	NA	NA	0
ENSG00000284632	1	many_to_one	ENSMUSG00000073759	0	NA	NA	NA	0
ENSG00000237290	1	many_to_one	ENSMUSG00000073759	0	NA	NA	NA	0
ENSG00000284623	1	many_to_one	ENSMUSG00000073759	1	one_to_one	lincSS.up	ENSMUSG00000073759	0
ENSG00000284705	1	many_to_one	ENSMUSG00000085562	0	NA	NA	NA	1
ENSG00000234481	1	many_to_one	ENSMUSG00000085562	0	NA	NA	NA	1
ENSG00000284720	1	one_to_one	ENSMUSG00000120235	0	NA	NA	NA	1
ENSG00000232762	1	many_to_one	ENSMUSG00000087200	1	many_to_many	lncgDivg	ENSMUSG00000028612;ENSMUSG00000087200;ENSMUSG00000073779	0
ENSG00000225675	1	many_to_one	ENSMUSG00000087200	1	many_to_many	lncgDivg	ENSMUSG00000028612;ENSMUSG00000087200;ENSMUSG00000073779	0
ENSG00000285954	1	many_to_one	ENSMUSG00000087200	0	NA	NA	NA	0
ENSG00000234578	1	many_to_one	ENSMUSG00000087200	1	many_to_many	lncgDivg	ENSMUSG00000028612;ENSMUSG00000087200;ENSMUSG00000073779	1
ENSG00000228838	1	many_to_one	ENSMUSG00000087200	1	many_to_many	lncgDivg	ENSMUSG00000028612;ENSMUSG00000087200;ENSMUSG00000073779	0
ENSG00000230138	1	many_to_many_DifferentNumber	ENSMUSG00000085549;ENSMUSG00000087195;ENSMUSG00000087289	1	many_to_many_strict	lincSS.up	ENSMUSG00000087195;ENSMUSG00000087289	0
ENSG00000226938	1	many_to_many_DifferentNumber	ENSMUSG00000085549;ENSMUSG00000087195;ENSMUSG00000087289	1	many_to_many_strict	lincSS.up	ENSMUSG00000087195;ENSMUSG00000087289	0
ENSG00000287724	1	many_to_one	ENSMUSG00000086172	1	many_to_many	lncgDivg	ENSMUSG00000086172;ENSMUSG00000085023	1
ENSG00000233203	1	many_to_one	ENSMUSG00000086172	1	many_to_many	lncgDivg	ENSMUSG00000086172;ENSMUSG00000085023	0
ENSG00000242396	1	many_to_one	ENSMUSG00000086172	1	many_to_many	lncgDivg	ENSMUSG00000086172;ENSMUSG00000085023	0
ENSG00000234318	1	many_to_many_DifferentNumber	ENSMUSG00000120311;ENSMUSG00000070891;ENSMUSG00000087332	1	one_to_one	lincSS.dw	ENSMUSG00000070891	1
ENSG00000227485	1	many_to_many_DifferentNumber	ENSMUSG00000120311;ENSMUSG00000070891;ENSMUSG00000087332	0	NA	NA	NA	1
ENSG00000286455	1	many_to_many_DifferentNumber	ENSMUSG00000120311;ENSMUSG00000070891;ENSMUSG00000087332	0	NA	NA	NA	1
ENSG00000203605	1	many_to_many_DifferentNumber	ENSMUSG00000120311;ENSMUSG00000070891;ENSMUSG00000087332	0	NA	NA	NA	1
ENSG00000228734	1	many_to_many_DifferentNumber	ENSMUSG00000120311;ENSMUSG00000070891;ENSMUSG00000087332	1	one_to_one	lincSS.up	ENSMUSG00000087332	1
ENSG00000229225	1	many_to_one	ENSMUSG00000086096	0	NA	NA	NA	1
ENSG00000229537	1	many_to_one	ENSMUSG00000086096	0	NA	NA	NA	1
ENSG00000224209	1	many_to_one	ENSMUSG00000086096	0	NA	NA	NA	1
ENSG00000230798	1	many_to_one	ENSMUSG00000086096	1	one_to_one	lncgDivg	ENSMUSG00000086096	1
ENSG00000237352	1	many_to_many_DifferentNumber	ENSMUSG00000100189;ENSMUSG00000085835;ENSMUSG00000087366;ENSMUSG00000084918	1	one_to_one	lincSS.up	ENSMUSG00000085835	1
ENSG00000234807	1	many_to_many_DifferentNumber	ENSMUSG00000100189;ENSMUSG00000085835;ENSMUSG00000087366;ENSMUSG00000084918	1	one_to_one	lncgDivg	ENSMUSG00000087366	1
ENSG00000224609	1	many_to_many_DifferentNumber	ENSMUSG00000085377;ENSMUSG00000100129;ENSMUSG00000084939	0	NA	NA	NA	1
ENSG00000232453	1	many_to_many_DifferentNumber	ENSMUSG00000085377;ENSMUSG00000100129;ENSMUSG00000084939	1	many_to_one	lincSS.up	ENSMUSG00000085377	1
ENSG00000270457	1	many_to_many_DifferentNumber	ENSMUSG00000085377;ENSMUSG00000100129;ENSMUSG00000084939	1	one_to_one	lincDivg	ENSMUSG00000084939	1
ENSG00000241042	1	many_to_many_DifferentNumber	ENSMUSG00000085377;ENSMUSG00000100129;ENSMUSG00000084939	0	NA	NA	NA	1
ENSG00000235215	1	many_to_many_DifferentNumber	ENSMUSG00000085377;ENSMUSG00000100129;ENSMUSG00000084939	0	NA	NA	NA	1
ENSG00000272226	1	many_to_many_DifferentNumber	ENSMUSG00000085377;ENSMUSG00000100129;ENSMUSG00000084939	1	many_to_one	lincSS.up	ENSMUSG00000085377	0
ENSG00000231740	1	many_to_many_DifferentNumber	ENSMUSG00000085377;ENSMUSG00000100129;ENSMUSG00000084939	1	many_to_one	lincSS.up	ENSMUSG00000085377	1
ENSG00000290013	1	many_to_many_DifferentNumber	ENSMUSG00000085377;ENSMUSG00000100129;ENSMUSG00000084939	0	NA	NA	NA	1
ENSG00000235545	1	one_to_one	ENSMUSG00000087395	1	one_to_one	lncgDivg	ENSMUSG00000087395	1
ENSG00000229294	1	one_to_one	ENSMUSG00000120834	1	one_to_one	lncgDivg	ENSMUSG00000120834	1
ENSG00000235446	1	one_to_one	ENSMUSG00000106053	0	NA	NA	NA	1
ENSG00000284808	1	one_to_one	ENSMUSG00000046683	0	NA	NA	NA	0
ENSG00000233973	1	many_to_many_DifferentNumber	ENSMUSG00000104826;ENSMUSG00000085084	0	NA	NA	NA	1
ENSG00000227016	1	many_to_many_DifferentNumber	ENSMUSG00000104826;ENSMUSG00000085084	0	NA	NA	NA	1
ENSG00000223479	1	many_to_many_DifferentNumber	ENSMUSG00000104826;ENSMUSG00000085084	0	NA	NA	NA	1
ENSG00000285808	1	many_to_many_DifferentNumber	ENSMUSG00000104826;ENSMUSG00000085084	0	NA	NA	NA	1
ENSG00000231985	1	many_to_many_DifferentNumber	ENSMUSG00000104826;ENSMUSG00000085084	1	many_to_many_strict	lncgDivg	ENSMUSG00000086708;ENSMUSG00000085084	1
ENSG00000286863	1	many_to_many_DifferentNumber	ENSMUSG00000104826;ENSMUSG00000085084	1	many_to_many_strict	lncgDivg	ENSMUSG00000086708;ENSMUSG00000085084	1
ENSG00000285778	1	many_to_one	ENSMUSG00000104553	0	NA	NA	NA	1
ENSG00000225087	1	many_to_one	ENSMUSG00000104553	0	NA	NA	NA	1
ENSG00000228853	1	many_to_one	ENSMUSG00000104553	0	NA	NA	NA	1
ENSG00000272855	1	one_to_one	ENSMUSG00000105337	0	NA	NA	NA	0
ENSG00000237552	1	one_to_many	ENSMUSG00000090163;ENSMUSG00000090017	0	NA	NA	NA	0
ENSG00000233602	1	one_to_many	ENSMUSG00000085749;ENSMUSG00000086876;ENSMUSG00000087228	0	NA	NA	NA	1
ENSG00000231364	1	many_to_one	ENSMUSG00000103349	0	NA	NA	NA	1
ENSG00000230817	1	many_to_one	ENSMUSG00000103349	0	NA	NA	NA	1
ENSG00000227960	1	many_to_one	ENSMUSG00000103349	0	NA	NA	NA	0
ENSG00000237076	1	many_to_one	ENSMUSG00000103349	0	NA	NA	NA	1
ENSG00000285782	1	many_to_many_DifferentNumber	ENSMUSG00000103334;ENSMUSG00000106023;ENSMUSG00000102569;ENSMUSG00000106285	0	NA	NA	NA	1
ENSG00000236268	1	many_to_many_DifferentNumber	ENSMUSG00000103334;ENSMUSG00000106023;ENSMUSG00000102569;ENSMUSG00000106285	0	NA	NA	NA	1
ENSG00000234953	1	many_to_many_DifferentNumber	ENSMUSG00000103334;ENSMUSG00000106023;ENSMUSG00000102569;ENSMUSG00000106285	1	many_to_one	lncgDivg	ENSMUSG00000104786	0
ENSG00000236676	1	many_to_many_DifferentNumber	ENSMUSG00000103334;ENSMUSG00000106023;ENSMUSG00000102569;ENSMUSG00000106285	1	many_to_one	lncgDivg	ENSMUSG00000104786	0
ENSG00000233290	1	many_to_many_DifferentNumber	ENSMUSG00000103334;ENSMUSG00000106023;ENSMUSG00000102569;ENSMUSG00000106285	0	NA	NA	NA	1
ENSG00000233008	1	many_to_many_DifferentNumber	ENSMUSG00000103334;ENSMUSG00000106023;ENSMUSG00000102569;ENSMUSG00000106285	0	NA	NA	NA	1
ENSG00000285462	1	many_to_many_DifferentNumber	ENSMUSG00000070342;ENSMUSG00000104785;ENSMUSG00000106515	0	NA	NA	NA	0
ENSG00000235011	1	many_to_many_DifferentNumber	ENSMUSG00000070342;ENSMUSG00000104785;ENSMUSG00000106515	0	NA	NA	NA	0
ENSG00000260322	1	many_to_many_DifferentNumber	ENSMUSG00000070342;ENSMUSG00000104785;ENSMUSG00000106515	0	NA	NA	NA	0
ENSG00000285179	1	many_to_many_DifferentNumber	ENSMUSG00000070342;ENSMUSG00000104785;ENSMUSG00000106515	0	NA	NA	NA	0
ENSG00000234184	1	many_to_many_DifferentNumber	ENSMUSG00000070342;ENSMUSG00000104785;ENSMUSG00000106515	0	NA	NA	NA	0
ENSG00000225598	1	many_to_many_DifferentNumber	ENSMUSG00000105797;ENSMUSG00000105190;ENSMUSG00000105125;ENSMUSG00000105401;ENSMUSG00000104786;ENSMUSG00000105876;ENSMUSG00000106157	0	NA	NA	NA	0
ENSG00000224326	1	many_to_many_DifferentNumber	ENSMUSG00000105797;ENSMUSG00000105190;ENSMUSG00000105125;ENSMUSG00000105401;ENSMUSG00000104786;ENSMUSG00000105876;ENSMUSG00000106157	0	NA	NA	NA	0
ENSG00000282898	1	many_to_many_DifferentNumber	ENSMUSG00000105797;ENSMUSG00000105190;ENSMUSG00000105125;ENSMUSG00000105401;ENSMUSG00000104786;ENSMUSG00000105876;ENSMUSG00000106157	0	NA	NA	NA	0
ENSG00000285409	1	many_to_many_DifferentNumber	ENSMUSG00000105797;ENSMUSG00000105190;ENSMUSG00000105125;ENSMUSG00000105401;ENSMUSG00000104786;ENSMUSG00000105876;ENSMUSG00000106157	0	NA	NA	NA	0
ENSG00000288822	1	many_to_many_DifferentNumber	ENSMUSG00000105797;ENSMUSG00000105190;ENSMUSG00000105125;ENSMUSG00000105401;ENSMUSG00000104786;ENSMUSG00000105876;ENSMUSG00000106157	0	NA	NA	NA	0
ENSG00000230027	1	many_to_many_DifferentNumber	ENSMUSG00000105023;ENSMUSG00000104908;ENSMUSG00000062046;ENSMUSG00000086438	0	NA	NA	NA	0
ENSG00000225605	1	many_to_many_DifferentNumber	ENSMUSG00000105023;ENSMUSG00000104908;ENSMUSG00000062046;ENSMUSG00000086438	1	one_to_one	lncgDivg	ENSMUSG00000086438	0
ENSG00000273338	1	many_to_many_sameNumber	ENSMUSG00000104909;ENSMUSG00000104659	1	many_to_one	lncgDivg	ENSMUSG00000105698	1
ENSG00000285928	1	many_to_many_sameNumber	ENSMUSG00000104909;ENSMUSG00000104659	1	many_to_one	lncgDivg	ENSMUSG00000105698	1
ENSG00000286758	1	one_to_many	ENSMUSG00000105000;ENSMUSG00000105279;ENSMUSG00000105811;ENSMUSG00000106367	0	NA	NA	NA	0
ENSG00000237505	1	many_to_many_DifferentNumber	ENSMUSG00000106550;ENSMUSG00000097858;ENSMUSG00000106052;ENSMUSG00000105923;ENSMUSG00000106162;ENSMUSG00000105917;ENSMUSG00000106210;ENSMUSG00000104939;ENSMUSG00000105511;ENSMUSG00000106109;ENSMUSG00000105324;ENSMUSG00000106524;ENSMUSG00000104865;ENSMUSG00000120269;ENSMUSG00000105652	1	one_to_many	lncgDivg	ENSMUSG00000106550;ENSMUSG00000097858	0
ENSG00000227290	1	many_to_many_DifferentNumber	ENSMUSG00000106550;ENSMUSG00000097858;ENSMUSG00000106052;ENSMUSG00000105923;ENSMUSG00000106162;ENSMUSG00000105917;ENSMUSG00000106210;ENSMUSG00000104939;ENSMUSG00000105511;ENSMUSG00000106109;ENSMUSG00000105324;ENSMUSG00000106524;ENSMUSG00000104865;ENSMUSG00000120269;ENSMUSG00000105652	0	NA	NA	NA	0
ENSG00000226759	1	many_to_one	ENSMUSG00000087482	0	NA	NA	NA	1
ENSG00000227935	1	many_to_one	ENSMUSG00000087482	0	NA	NA	NA	1
ENSG00000235038	1	many_to_one	ENSMUSG00000087482	0	NA	NA	NA	1
ENSG00000290536	1	one_to_one	ENSMUSG00000086136	0	NA	NA	NA	0
ENSG00000228436	1	one_to_one	ENSMUSG00000085875	0	NA	NA	NA	1
ENSG00000224613	1	one_to_one	ENSMUSG00000121018	1	one_to_one	lncgDivg	ENSMUSG00000121018	0
ENSG00000230402	1	one_to_many	ENSMUSG00000104653;ENSMUSG00000097362;ENSMUSG00000104607	1	one_to_one	lincDivg	ENSMUSG00000097362	1
ENSG00000266993	1	many_to_one	ENSMUSG00000086483	0	NA	NA	NA	1
ENSG00000272175	1	many_to_one	ENSMUSG00000086483	0	NA	NA	NA	1
ENSG00000288736	1	one_to_many	ENSMUSG00000044522;ENSMUSG00000106036;ENSMUSG00000105767	0	NA	NA	NA	1
ENSG00000223675	1	one_to_many	ENSMUSG00000097124;ENSMUSG00000074248	1	one_to_one	lincSS.up	ENSMUSG00000074248	1
ENSG00000287406	1	many_to_many_DifferentNumber	ENSMUSG00000106483;ENSMUSG00000105508;ENSMUSG00000105531;ENSMUSG00000105618	0	NA	NA	NA	1
ENSG00000287015	1	many_to_many_DifferentNumber	ENSMUSG00000106483;ENSMUSG00000105508;ENSMUSG00000105531;ENSMUSG00000105618	0	NA	NA	NA	1
ENSG00000287372	1	many_to_one	ENSMUSG00000106594	0	NA	NA	NA	1
ENSG00000229201	1	many_to_one	ENSMUSG00000106594	0	NA	NA	NA	1
ENSG00000237435	1	many_to_many_DifferentNumber	ENSMUSG00000106099;ENSMUSG00000098097	0	NA	NA	NA	0
ENSG00000271252	1	many_to_many_DifferentNumber	ENSMUSG00000106099;ENSMUSG00000098097	0	NA	NA	NA	0
ENSG00000233907	1	many_to_many_DifferentNumber	ENSMUSG00000106099;ENSMUSG00000098097	0	NA	NA	NA	0
ENSG00000287919	1	many_to_many_DifferentNumber	ENSMUSG00000106099;ENSMUSG00000098097	0	NA	NA	NA	0
ENSG00000228971	1	many_to_many_DifferentNumber	ENSMUSG00000106099;ENSMUSG00000098097	0	NA	NA	NA	0
ENSG00000232542	1	many_to_many_DifferentNumber	ENSMUSG00000104703;ENSMUSG00000104178;ENSMUSG00000097311;ENSMUSG00000120861	0	NA	NA	NA	1
ENSG00000259946	1	many_to_many_DifferentNumber	ENSMUSG00000104703;ENSMUSG00000104178;ENSMUSG00000097311;ENSMUSG00000120861	0	NA	NA	NA	1
ENSG00000285922	1	many_to_many_DifferentNumber	ENSMUSG00000104703;ENSMUSG00000104178;ENSMUSG00000097311;ENSMUSG00000120861	1	many_to_one	lincSS.up	ENSMUSG00000097311	1
ENSG00000288810	1	many_to_many_DifferentNumber	ENSMUSG00000104703;ENSMUSG00000104178;ENSMUSG00000097311;ENSMUSG00000120861	1	many_to_one	lincSS.up	ENSMUSG00000097311	1
ENSG00000225206	1	many_to_many_DifferentNumber	ENSMUSG00000104703;ENSMUSG00000104178;ENSMUSG00000097311;ENSMUSG00000120861	0	NA	NA	NA	1
ENSG00000230427	1	one_to_one	ENSMUSG00000120588	1	one_to_one	lncgDivg	ENSMUSG00000120588	1
ENSG00000224238	1	many_to_one	ENSMUSG00000085121	0	NA	NA	NA	1
ENSG00000232650	1	many_to_one	ENSMUSG00000085121	1	one_to_one	lincSS.up	ENSMUSG00000085121	1
ENSG00000231365	1	many_to_one	ENSMUSG00000085121	0	NA	NA	NA	1
ENSG00000227712	1	one_to_one	ENSMUSG00000086833	0	NA	NA	NA	1
ENSG00000226419	1	one_to_many	ENSMUSG00000105304;ENSMUSG00000104973;ENSMUSG00000105659	0	NA	NA	NA	1
ENSG00000238198	1	many_to_one	ENSMUSG00000104768	1	one_to_one	lncgDivg	ENSMUSG00000104768	1
ENSG00000287807	1	many_to_one	ENSMUSG00000104768	0	NA	NA	NA	1
ENSG00000203864	1	one_to_one	ENSMUSG00000120088	0	NA	NA	NA	0
ENSG00000235202	1	one_to_many	ENSMUSG00000105824;ENSMUSG00000105137;ENSMUSG00000105561;ENSMUSG00000106184	0	NA	NA	NA	1
ENSG00000271427	1	one_to_many	ENSMUSG00000106227;ENSMUSG00000120363	0	NA	NA	NA	1
ENSG00000273406	1	one_to_one	ENSMUSG00000120205	0	NA	NA	NA	1
ENSG00000226715	1	many_to_one	ENSMUSG00000120078	0	NA	NA	NA	1
ENSG00000231671	1	many_to_one	ENSMUSG00000120078	1	one_to_one	lincSS.dw	ENSMUSG00000120078	1
ENSG00000236866	1	one_to_many	ENSMUSG00000104943;ENSMUSG00000053957	1	one_to_one	lncgDivg	ENSMUSG00000053957	1
ENSG00000287980	1	one_to_one	ENSMUSG00000105689	1	one_to_one	lncgDivg	ENSMUSG00000085244	1
ENSG00000226172	1	many_to_many_sameNumber	ENSMUSG00000105472;ENSMUSG00000106197	0	NA	NA	NA	1
ENSG00000239216	1	many_to_many_sameNumber	ENSMUSG00000105472;ENSMUSG00000106197	0	NA	NA	NA	1
ENSG00000228420	1	many_to_one	ENSMUSG00000106426	0	NA	NA	NA	0
ENSG00000261055	1	many_to_one	ENSMUSG00000106426	0	NA	NA	NA	0
ENSG00000232212	1	many_to_many_DifferentNumber	ENSMUSG00000087627;ENSMUSG00000085822;ENSMUSG00000099629;ENSMUSG00000101011	0	NA	NA	NA	0
ENSG00000285894	1	many_to_many_DifferentNumber	ENSMUSG00000087627;ENSMUSG00000085822;ENSMUSG00000099629;ENSMUSG00000101011	0	NA	NA	NA	0
ENSG00000287472	1	many_to_many_DifferentNumber	ENSMUSG00000087627;ENSMUSG00000085822;ENSMUSG00000099629;ENSMUSG00000101011	0	NA	NA	NA	0
ENSG00000261182	1	many_to_many_DifferentNumber	ENSMUSG00000087627;ENSMUSG00000085822;ENSMUSG00000099629;ENSMUSG00000101011	0	NA	NA	NA	0
ENSG00000226486	1	many_to_many_DifferentNumber	ENSMUSG00000087627;ENSMUSG00000085822;ENSMUSG00000099629;ENSMUSG00000101011	0	NA	NA	NA	0
ENSG00000225006	1	many_to_many_DifferentNumber	ENSMUSG00000087627;ENSMUSG00000085822;ENSMUSG00000099629;ENSMUSG00000101011	0	NA	NA	NA	0
ENSG00000230426	1	many_to_many_DifferentNumber	ENSMUSG00000087627;ENSMUSG00000085822;ENSMUSG00000099629;ENSMUSG00000101011	0	NA	NA	NA	0
ENSG00000238270	1	many_to_one	ENSMUSG00000102074	0	NA	NA	NA	0
ENSG00000237283	1	many_to_one	ENSMUSG00000102074	0	NA	NA	NA	0
ENSG00000238054	1	many_to_one	ENSMUSG00000102074	0	NA	NA	NA	0
ENSG00000231175	1	many_to_one	ENSMUSG00000099964	0	NA	NA	NA	0
ENSG00000228215	1	many_to_one	ENSMUSG00000099964	0	NA	NA	NA	0
ENSG00000261642	1	many_to_one	ENSMUSG00000099964	0	NA	NA	NA	0
ENSG00000225811	1	many_to_one	ENSMUSG00000099964	1	many_to_many_strict	lncgDivg	ENSMUSG00000087627;ENSMUSG00000099964;ENSMUSG00000085822	0
ENSG00000237457	1	many_to_one	ENSMUSG00000099964	1	many_to_many_strict	lncgDivg	ENSMUSG00000087627;ENSMUSG00000099964;ENSMUSG00000085822	0
ENSG00000241505	1	many_to_one	ENSMUSG00000099964	1	many_to_many_strict	lncgDivg	ENSMUSG00000087627;ENSMUSG00000099964;ENSMUSG00000085822	0
ENSG00000225545	1	one_to_one	ENSMUSG00000092188	0	NA	NA	NA	1
ENSG00000260990	1	one_to_many	ENSMUSG00000103719;ENSMUSG00000104111	0	NA	NA	NA	0
ENSG00000230687	1	one_to_one	ENSMUSG00000073528	0	NA	NA	NA	0
ENSG00000260088	1	one_to_one	ENSMUSG00000097403	1	one_to_one	lncgDivg	ENSMUSG00000097403	1
ENSG00000260976	1	one_to_one	ENSMUSG00000100357	1	one_to_one	lincDivg	ENSMUSG00000100357	0
ENSG00000227925	1	many_to_many_DifferentNumber	ENSMUSG00000103305;ENSMUSG00000102743;ENSMUSG00000104022;ENSMUSG00000103451	1	one_to_one	lincSS.up	ENSMUSG00000102743	0
ENSG00000238042	1	many_to_many_DifferentNumber	ENSMUSG00000103305;ENSMUSG00000102743;ENSMUSG00000104022;ENSMUSG00000103451	0	NA	NA	NA	0
ENSG00000232679	1	many_to_many_DifferentNumber	ENSMUSG00000103305;ENSMUSG00000102743;ENSMUSG00000104022;ENSMUSG00000103451	0	NA	NA	NA	0
ENSG00000236230	1	many_to_many_DifferentNumber	ENSMUSG00000103305;ENSMUSG00000102743;ENSMUSG00000104022;ENSMUSG00000103451	0	NA	NA	NA	0
ENSG00000226643	1	many_to_many_DifferentNumber	ENSMUSG00000103305;ENSMUSG00000102743;ENSMUSG00000104022;ENSMUSG00000103451	1	many_to_one	lincSS.dw	ENSMUSG00000103451	0
ENSG00000276997	1	many_to_many_DifferentNumber	ENSMUSG00000103305;ENSMUSG00000102743;ENSMUSG00000104022;ENSMUSG00000103451	1	many_to_one	lincSS.dw	ENSMUSG00000103451	0
ENSG00000287929	1	many_to_one	ENSMUSG00000100394	1	many_to_one	lncgDivg	ENSMUSG00000099969	1
ENSG00000286372	1	many_to_one	ENSMUSG00000100394	1	many_to_one	lncgDivg	ENSMUSG00000099969	0
ENSG00000227940	1	many_to_many_DifferentNumber	ENSMUSG00000097850;ENSMUSG00000103692;ENSMUSG00000121086	0	NA	NA	NA	0
ENSG00000231648	1	many_to_many_DifferentNumber	ENSMUSG00000097850;ENSMUSG00000103692;ENSMUSG00000121086	0	NA	NA	NA	0
ENSG00000287220	1	many_to_many_DifferentNumber	ENSMUSG00000097850;ENSMUSG00000103692;ENSMUSG00000121086	1	one_to_one	lncgDivg	ENSMUSG00000121086	1
ENSG00000232812	1	many_to_many_DifferentNumber	ENSMUSG00000097850;ENSMUSG00000103692;ENSMUSG00000121086	0	NA	NA	NA	0
ENSG00000236950	1	many_to_many_DifferentNumber	ENSMUSG00000097850;ENSMUSG00000103692;ENSMUSG00000121086	0	NA	NA	NA	0
ENSG00000287046	1	many_to_many_DifferentNumber	ENSMUSG00000097850;ENSMUSG00000103692;ENSMUSG00000121086	0	NA	NA	NA	0
ENSG00000230937	1	many_to_many_DifferentNumber	ENSMUSG00000097850;ENSMUSG00000103692;ENSMUSG00000121086	0	NA	NA	NA	0
ENSG00000287902	1	many_to_many_DifferentNumber	ENSMUSG00000097850;ENSMUSG00000103692;ENSMUSG00000121086	0	NA	NA	NA	0
ENSG00000224260	1	many_to_one	ENSMUSG00000120108	0	NA	NA	NA	0
ENSG00000261453	1	many_to_one	ENSMUSG00000120108	0	NA	NA	NA	0
ENSG00000259815	1	many_to_one	ENSMUSG00000120108	0	NA	NA	NA	0
ENSG00000232537	1	many_to_one	ENSMUSG00000120108	0	NA	NA	NA	0
ENSG00000286198	1	many_to_one	ENSMUSG00000120108	0	NA	NA	NA	0
ENSG00000225172	1	many_to_many_DifferentNumber	ENSMUSG00000098045;ENSMUSG00000098145	0	NA	NA	NA	1
ENSG00000235492	1	many_to_many_DifferentNumber	ENSMUSG00000098045;ENSMUSG00000098145	0	NA	NA	NA	1
ENSG00000231718	1	many_to_many_DifferentNumber	ENSMUSG00000098045;ENSMUSG00000098145	0	NA	NA	NA	1
ENSG00000290125	1	many_to_many_DifferentNumber	ENSMUSG00000098045;ENSMUSG00000098145	0	NA	NA	NA	1
ENSG00000233410	1	many_to_many_DifferentNumber	ENSMUSG00000102142;ENSMUSG00000098206;ENSMUSG00000098243	0	NA	NA	NA	1
ENSG00000286541	1	many_to_many_DifferentNumber	ENSMUSG00000102142;ENSMUSG00000098206;ENSMUSG00000098243	0	NA	NA	NA	1
ENSG00000261573	1	many_to_many_DifferentNumber	ENSMUSG00000102142;ENSMUSG00000098206;ENSMUSG00000098243	0	NA	NA	NA	1
ENSG00000229989	1	many_to_many_DifferentNumber	ENSMUSG00000102142;ENSMUSG00000098206;ENSMUSG00000098243	1	one_to_many	lincConv	ENSMUSG00000098206;ENSMUSG00000098243	1
ENSG00000229242	1	many_to_many_DifferentNumber	ENSMUSG00000103961;ENSMUSG00000103577	0	NA	NA	NA	1
ENSG00000233620	1	many_to_many_DifferentNumber	ENSMUSG00000103961;ENSMUSG00000103577	0	NA	NA	NA	1
ENSG00000236292	1	many_to_many_DifferentNumber	ENSMUSG00000103961;ENSMUSG00000103577	0	NA	NA	NA	1
ENSG00000228470	1	one_to_one	ENSMUSG00000104435	0	NA	NA	NA	0
ENSG00000229983	1	one_to_many	ENSMUSG00000103114;ENSMUSG00000103517	1	one_to_one	lincSS.dw	ENSMUSG00000103517	1
ENSG00000224286	1	many_to_one	ENSMUSG00000101869	0	NA	NA	NA	1
ENSG00000231407	1	many_to_one	ENSMUSG00000101869	0	NA	NA	NA	1
ENSG00000227630	1	many_to_many_DifferentNumber	ENSMUSG00000110498;ENSMUSG00000120101	0	NA	NA	NA	1
ENSG00000228830	1	many_to_many_DifferentNumber	ENSMUSG00000110498;ENSMUSG00000120101	1	one_to_one	lncgDivg	ENSMUSG00000120101	1
ENSG00000224939	1	many_to_many_DifferentNumber	ENSMUSG00000110498;ENSMUSG00000120101	0	NA	NA	NA	1
ENSG00000272362	1	many_to_many_DifferentNumber	ENSMUSG00000110498;ENSMUSG00000120101	0	NA	NA	NA	0
ENSG00000228044	1	many_to_many_DifferentNumber	ENSMUSG00000110498;ENSMUSG00000120101	0	NA	NA	NA	1
ENSG00000241475	1	many_to_many_DifferentNumber	ENSMUSG00000110498;ENSMUSG00000120101	0	NA	NA	NA	1
ENSG00000282097	1	many_to_many_DifferentNumber	ENSMUSG00000110498;ENSMUSG00000120101	0	NA	NA	NA	1
ENSG00000237520	1	many_to_many_DifferentNumber	ENSMUSG00000110498;ENSMUSG00000120101	0	NA	NA	NA	1
ENSG00000273416	1	many_to_many_DifferentNumber	ENSMUSG00000110626;ENSMUSG00000120025;ENSMUSG00000110697	0	NA	NA	NA	0
ENSG00000279261	1	many_to_many_DifferentNumber	ENSMUSG00000110626;ENSMUSG00000120025;ENSMUSG00000110697	0	NA	NA	NA	1
ENSG00000286263	1	many_to_many_DifferentNumber	ENSMUSG00000110626;ENSMUSG00000120025;ENSMUSG00000110697	0	NA	NA	NA	1
ENSG00000230628	1	many_to_many_DifferentNumber	ENSMUSG00000110626;ENSMUSG00000120025;ENSMUSG00000110697	0	NA	NA	NA	1
ENSG00000258082	1	many_to_many_DifferentNumber	ENSMUSG00000110626;ENSMUSG00000120025;ENSMUSG00000110697	0	NA	NA	NA	1
ENSG00000238005	1	many_to_many_DifferentNumber	ENSMUSG00000110626;ENSMUSG00000120025;ENSMUSG00000110697	0	NA	NA	NA	1
ENSG00000289377	1	many_to_many_DifferentNumber	ENSMUSG00000110626;ENSMUSG00000120025;ENSMUSG00000110697	0	NA	NA	NA	1
ENSG00000280587	1	many_to_many_DifferentNumber	ENSMUSG00000110626;ENSMUSG00000120025;ENSMUSG00000110697	1	one_to_one	lincSS.dw	ENSMUSG00000110697	1
ENSG00000177800	1	one_to_many	ENSMUSG00000110599;ENSMUSG00000110684	1	one_to_many	lincSS.up	ENSMUSG00000110684;ENSMUSG00000110599	1
ENSG00000282111	1	many_to_many_DifferentNumber	ENSMUSG00000110467;ENSMUSG00000097203	0	NA	NA	NA	1
ENSG00000236975	1	many_to_many_DifferentNumber	ENSMUSG00000110467;ENSMUSG00000097203	1	many_to_one	lincDivg	ENSMUSG00000097203	1
ENSG00000233920	1	many_to_many_DifferentNumber	ENSMUSG00000110467;ENSMUSG00000097203	1	many_to_one	lincDivg	ENSMUSG00000097203	1
ENSG00000177788	1	many_to_many_DifferentNumber	ENSMUSG00000110467;ENSMUSG00000097203	0	NA	NA	NA	1
ENSG00000287633	1	many_to_one	ENSMUSG00000097060	0	NA	NA	NA	1
ENSG00000230404	1	many_to_one	ENSMUSG00000097060	0	NA	NA	NA	1
ENSG00000288760	1	many_to_one	ENSMUSG00000097060	0	NA	NA	NA	1
ENSG00000225063	1	one_to_one	ENSMUSG00000100658	1	one_to_one	lncgDivg	ENSMUSG00000090079	1
ENSG00000238224	1	many_to_one	ENSMUSG00000089713	1	many_to_one	lncgDivg	ENSMUSG00000089713	0
ENSG00000231612	1	many_to_one	ENSMUSG00000089713	1	many_to_one	lncgDivg	ENSMUSG00000089713	0
ENSG00000232192	1	many_to_one	ENSMUSG00000089713	1	many_to_one	lncgDivg	ENSMUSG00000089713	1
ENSG00000225233	1	many_to_many_sameNumber	ENSMUSG00000103510;ENSMUSG00000120782	0	NA	NA	NA	1
ENSG00000228255	1	many_to_many_sameNumber	ENSMUSG00000103510;ENSMUSG00000120782	0	NA	NA	NA	1
ENSG00000281664	1	many_to_many_DifferentNumber	ENSMUSG00000099404;ENSMUSG00000103644;ENSMUSG00000103963;ENSMUSG00000079045;ENSMUSG00000119953	0	NA	NA	NA	1
ENSG00000230461	1	many_to_many_DifferentNumber	ENSMUSG00000099404;ENSMUSG00000103644;ENSMUSG00000103963;ENSMUSG00000079045;ENSMUSG00000119953	1	many_to_many_strict	lncgDivg	ENSMUSG00000119953;ENSMUSG00000079045;ENSMUSG00000099404	1
ENSG00000282849	1	one_to_many	ENSMUSG00000104414;ENSMUSG00000120728	1	one_to_one	lincSS.dw	ENSMUSG00000104414	1
ENSG00000281453	1	many_to_one	ENSMUSG00000103690	0	NA	NA	NA	1
ENSG00000228208	1	many_to_one	ENSMUSG00000103690	1	one_to_one	lincSS.dw	ENSMUSG00000103690	1
ENSG00000225561	1	many_to_many_sameNumber	ENSMUSG00000103449;ENSMUSG00000119954	0	NA	NA	NA	0
ENSG00000228063	1	many_to_many_sameNumber	ENSMUSG00000103449;ENSMUSG00000119954	0	NA	NA	NA	1
ENSG00000235152	1	many_to_one	ENSMUSG00000120810	0	NA	NA	NA	0
ENSG00000226758	1	many_to_one	ENSMUSG00000120810	0	NA	NA	NA	0
ENSG00000236372	1	many_to_one	ENSMUSG00000086694	0	NA	NA	NA	0
ENSG00000286071	1	many_to_one	ENSMUSG00000086694	1	one_to_one	lncgDivg	ENSMUSG00000086694	0
ENSG00000237980	1	one_to_one	ENSMUSG00000102777	1	one_to_one	lincSS.dw	ENSMUSG00000102777	0
ENSG00000231057	1	one_to_one	ENSMUSG00000102840	1	one_to_one	lncgDivg	ENSMUSG00000102840	1
ENSG00000226868	1	one_to_one	ENSMUSG00000121164	0	NA	NA	NA	1
ENSG00000227006	1	many_to_many_sameNumber	ENSMUSG00000089745;ENSMUSG00000089820	1	many_to_many_strict	lncgDivg	ENSMUSG00000089820;ENSMUSG00000089745	0
ENSG00000224407	1	many_to_many_sameNumber	ENSMUSG00000089745;ENSMUSG00000089820	1	many_to_many_strict	lncgDivg	ENSMUSG00000089820;ENSMUSG00000089745	1
ENSG00000273093	1	many_to_many_sameNumber	ENSMUSG00000097448;ENSMUSG00000097113	1	one_to_many	lincSS.dw	ENSMUSG00000097113;ENSMUSG00000097448	1
ENSG00000203721	1	many_to_many_sameNumber	ENSMUSG00000097448;ENSMUSG00000097113	0	NA	NA	NA	1
ENSG00000224535	1	many_to_many_sameNumber	ENSMUSG00000103174;ENSMUSG00000073478	1	one_to_one	lincConv	ENSMUSG00000103174	0
ENSG00000260805	1	many_to_many_sameNumber	ENSMUSG00000103174;ENSMUSG00000073478	1	one_to_one	lincDivg	ENSMUSG00000073478	0
ENSG00000228686	1	many_to_one	ENSMUSG00000047661	0	NA	NA	NA	0
ENSG00000236021	1	many_to_one	ENSMUSG00000047661	0	NA	NA	NA	1
ENSG00000287921	1	many_to_one	ENSMUSG00000110698	0	NA	NA	NA	0
ENSG00000286666	1	many_to_one	ENSMUSG00000110698	0	NA	NA	NA	0
ENSG00000231605	1	many_to_many_sameNumber	ENSMUSG00000097196;ENSMUSG00000102484	0	NA	NA	NA	1
ENSG00000272205	1	many_to_many_sameNumber	ENSMUSG00000097196;ENSMUSG00000102484	1	one_to_one	lncgDivg	ENSMUSG00000097196	1
ENSG00000289305	1	one_to_one	ENSMUSG00000120218	0	NA	NA	NA	0
ENSG00000286774	1	one_to_one	ENSMUSG00000120908	1	one_to_one	lincSS.dw	ENSMUSG00000120908	0
ENSG00000236719	1	one_to_one	ENSMUSG00000073535	1	one_to_one	lincDivg	ENSMUSG00000073535	0
ENSG00000227043	1	one_to_one	ENSMUSG00000110704	0	NA	NA	NA	0
ENSG00000273198	1	many_to_one	ENSMUSG00000097754	0	NA	NA	NA	1
ENSG00000288562	1	many_to_one	ENSMUSG00000097754	1	one_to_one	lincConv	ENSMUSG00000097754	1
ENSG00000229739	1	one_to_one	ENSMUSG00000099447	1	one_to_one	lncgConv	ENSMUSG00000099447	1
ENSG00000224358	1	one_to_one	ENSMUSG00000121275	1	one_to_one	lncgDivg	ENSMUSG00000121275	0
ENSG00000226088	1	one_to_one	ENSMUSG00000028177	0	NA	NA	NA	1
ENSG00000271992	1	many_to_one	ENSMUSG00000106632	0	NA	NA	NA	0
ENSG00000229051	1	many_to_one	ENSMUSG00000106632	1	one_to_one	lincConv	ENSMUSG00000106632	0
ENSG00000197880	1	one_to_one	ENSMUSG00000121154	0	NA	NA	NA	1
ENSG00000230260	1	one_to_many	ENSMUSG00000104436;ENSMUSG00000104900	1	one_to_one	lncgDivg	ENSMUSG00000103844	0
ENSG00000286496	1	many_to_one	ENSMUSG00000103079	0	NA	NA	NA	1
ENSG00000287516	1	many_to_one	ENSMUSG00000103079	0	NA	NA	NA	1
ENSG00000272668	1	one_to_one	ENSMUSG00000085184	0	NA	NA	NA	0
ENSG00000287040	1	many_to_one	ENSMUSG00000120125	0	NA	NA	NA	1
ENSG00000290105	1	many_to_one	ENSMUSG00000120125	0	NA	NA	NA	1
ENSG00000203620	1	many_to_one	ENSMUSG00000086369	1	one_to_one	lincSS.up	ENSMUSG00000086369	0
ENSG00000269967	1	many_to_one	ENSMUSG00000086369	0	NA	NA	NA	1
ENSG00000235933	1	one_to_many	ENSMUSG00000104737;ENSMUSG00000104693	0	NA	NA	NA	0
ENSG00000287217	1	one_to_many	ENSMUSG00000106070;ENSMUSG00000105642	1	one_to_one	lincDivg	ENSMUSG00000106070	0
ENSG00000289234	1	many_to_one	ENSMUSG00000072893	1	one_to_one	lncgDivg	ENSMUSG00000072893	0
ENSG00000289728	1	many_to_one	ENSMUSG00000072893	0	NA	NA	NA	0
ENSG00000237390	1	one_to_many	ENSMUSG00000097280;ENSMUSG00000096935	0	NA	NA	NA	1
ENSG00000125462	1	one_to_many	ENSMUSG00000097428;ENSMUSG00000097156	1	one_to_one	lincSS.dw	ENSMUSG00000097428	1
ENSG00000237424	1	one_to_one	ENSMUSG00000085399	1	one_to_one	lncgDivg	ENSMUSG00000085399	1
ENSG00000224409	1	one_to_one	ENSMUSG00000087575	0	NA	NA	NA	0
ENSG00000225919	1	one_to_one	ENSMUSG00000110629	0	NA	NA	NA	0
ENSG00000284928	1	one_to_one	ENSMUSG00000086385	0	NA	NA	NA	0
ENSG00000282843	1	one_to_one	ENSMUSG00000087045	0	NA	NA	NA	0
ENSG00000282057	1	many_to_one	ENSMUSG00000097183	0	NA	NA	NA	1
ENSG00000272691	1	many_to_one	ENSMUSG00000097183	0	NA	NA	NA	1
ENSG00000228035	1	many_to_one	ENSMUSG00000086745	0	NA	NA	NA	1
ENSG00000233730	1	many_to_one	ENSMUSG00000086745	0	NA	NA	NA	1
ENSG00000285698	1	one_to_many	ENSMUSG00000106121;ENSMUSG00000104619;ENSMUSG00000105570	1	one_to_one	lncgSS.dw	ENSMUSG00000106121	1
ENSG00000287103	1	one_to_many	ENSMUSG00000089916;ENSMUSG00000105151;ENSMUSG00000105966;ENSMUSG00000105891	1	one_to_one	lincSS.up	ENSMUSG00000105966	1
ENSG00000231791	1	one_to_one	ENSMUSG00000120556	0	NA	NA	NA	1
ENSG00000271387	1	many_to_one	ENSMUSG00000100685	1	one_to_one	lncgDivg	ENSMUSG00000100685	1
ENSG00000286655	1	many_to_one	ENSMUSG00000100685	0	NA	NA	NA	1
ENSG00000232895	1	one_to_one	ENSMUSG00000104925	0	NA	NA	NA	0
ENSG00000232184	1	many_to_one	ENSMUSG00000097892	0	NA	NA	NA	1
ENSG00000228939	1	many_to_one	ENSMUSG00000097892	0	NA	NA	NA	1
ENSG00000289055	1	many_to_one	ENSMUSG00000097892	1	one_to_one	lncgDivg	ENSMUSG00000097892	1
ENSG00000286486	1	many_to_many_sameNumber	ENSMUSG00000102432;ENSMUSG00000103043	1	many_to_many_strict	lincSS.dw	ENSMUSG00000103043;ENSMUSG00000102432	1
ENSG00000237759	1	many_to_many_sameNumber	ENSMUSG00000102432;ENSMUSG00000103043	1	many_to_many_strict	lincSS.dw	ENSMUSG00000103043;ENSMUSG00000102432	1
ENSG00000229960	1	many_to_many_DifferentNumber	ENSMUSG00000102885;ENSMUSG00000101746	0	NA	NA	NA	1
ENSG00000287531	1	many_to_many_DifferentNumber	ENSMUSG00000102885;ENSMUSG00000101746	0	NA	NA	NA	1
ENSG00000289439	1	many_to_many_DifferentNumber	ENSMUSG00000102885;ENSMUSG00000101746	1	one_to_one	lincDivg	ENSMUSG00000101746	1
ENSG00000223635	1	one_to_one	ENSMUSG00000110615	0	NA	NA	NA	1
ENSG00000272100	1	many_to_one	ENSMUSG00000084968	0	NA	NA	NA	1
ENSG00000287078	1	many_to_one	ENSMUSG00000084968	0	NA	NA	NA	1
ENSG00000283445	1	one_to_one	ENSMUSG00000086251	0	NA	NA	NA	1
ENSG00000276255	1	one_to_one	ENSMUSG00000120286	0	NA	NA	NA	1
ENSG00000162913	1	one_to_one	ENSMUSG00000072902	1	many_to_one	lncgDivg	ENSMUSG00000072902	1
ENSG00000288982	1	one_to_one	ENSMUSG00000087016	0	NA	NA	NA	0
ENSG00000233427	1	one_to_many	ENSMUSG00000084869;ENSMUSG00000070717	0	NA	NA	NA	1
ENSG00000260505	1	one_to_one	ENSMUSG00000103942	0	NA	NA	NA	1
ENSG00000231529	1	many_to_many_DifferentNumber	ENSMUSG00000102784;ENSMUSG00000103478;ENSMUSG00000104461	1	one_to_many	lincDivg	ENSMUSG00000103478;ENSMUSG00000104461	1
ENSG00000226927	1	many_to_many_DifferentNumber	ENSMUSG00000102784;ENSMUSG00000103478;ENSMUSG00000104461	0	NA	NA	NA	1
ENSG00000234741	1	one_to_many	ENSMUSG00000104016;ENSMUSG00000053332	0	NA	NA	NA	1
ENSG00000237556	1	many_to_one	ENSMUSG00000074346	1	many_to_one	lncgDivg	ENSMUSG00000074346	1
ENSG00000231437	1	many_to_one	ENSMUSG00000074346	1	many_to_one	lncgDivg	ENSMUSG00000074346	0
ENSG00000232558	1	many_to_one	ENSMUSG00000051788	0	NA	NA	NA	1
ENSG00000231246	1	many_to_one	ENSMUSG00000051788	1	one_to_one	lincDivg	ENSMUSG00000051788	0
ENSG00000273010	1	one_to_one	ENSMUSG00000120716	1	one_to_one	lncgDivg	ENSMUSG00000120716	1
ENSG00000228013	1	one_to_one	ENSMUSG00000105941	1	one_to_one	lncgDivg	ENSMUSG00000105941	0
ENSG00000236065	1	one_to_many	ENSMUSG00000120256;ENSMUSG00000085085	0	NA	NA	NA	1
ENSG00000254942	1	many_to_one	ENSMUSG00000119942	0	NA	NA	NA	1
ENSG00000290117	1	many_to_one	ENSMUSG00000119942	0	NA	NA	NA	0
ENSG00000224969	1	one_to_one	ENSMUSG00000120951	1	one_to_one	lncgDivg	ENSMUSG00000078349	1
ENSG00000198711	1	many_to_many_DifferentNumber	ENSMUSG00000086940;ENSMUSG00000120102	1	many_to_one	lncgDivg	ENSMUSG00000085581	0
ENSG00000232245	1	many_to_many_DifferentNumber	ENSMUSG00000086940;ENSMUSG00000120102	1	many_to_one	lncgDivg	ENSMUSG00000085581	0
ENSG00000287582	1	many_to_many_DifferentNumber	ENSMUSG00000086940;ENSMUSG00000120102	1	one_to_many	lincSS.up	ENSMUSG00000086940;ENSMUSG00000120102	0
ENSG00000225632	1	many_to_many_DifferentNumber	ENSMUSG00000086940;ENSMUSG00000120102	1	many_to_one	lncgDivg	ENSMUSG00000085581	0
ENSG00000235741	1	one_to_one	ENSMUSG00000120181	1	one_to_one	lincDivg	ENSMUSG00000120181	0
ENSG00000229780	1	one_to_one	ENSMUSG00000042579	1	one_to_one	lncgDivg	ENSMUSG00000042579	0
ENSG00000227764	1	one_to_one	ENSMUSG00000055833	0	NA	NA	NA	0
ENSG00000224901	1	one_to_one	ENSMUSG00000099808	0	NA	NA	NA	1
ENSG00000260460	1	many_to_many_sameNumber	ENSMUSG00000120121;ENSMUSG00000120112	0	NA	NA	NA	1
ENSG00000288835	1	many_to_many_sameNumber	ENSMUSG00000120121;ENSMUSG00000120112	1	one_to_many	lncgDivg	ENSMUSG00000120112;ENSMUSG00000120121	1
ENSG00000261664	1	one_to_one	ENSMUSG00000085873	1	one_to_one	lncgDivg	ENSMUSG00000085873	1
ENSG00000285812	1	many_to_one	ENSMUSG00000086549	0	NA	NA	NA	0
ENSG00000223823	1	many_to_one	ENSMUSG00000086549	0	NA	NA	NA	0
ENSG00000272141	1	many_to_one	ENSMUSG00000086549	1	one_to_one	lncgSS.up	ENSMUSG00000086549	0
ENSG00000233069	1	one_to_one	ENSMUSG00000120622	1	one_to_one	lncgDivg	ENSMUSG00000120622	0
ENSG00000287192	1	one_to_one	ENSMUSG00000085823	1	one_to_one	lncgDivg	ENSMUSG00000084804	0
ENSG00000272864	1	one_to_one	ENSMUSG00000103204	0	NA	NA	NA	0
ENSG00000229191	1	many_to_many_sameNumber	ENSMUSG00000102717;ENSMUSG00000086264	1	one_to_one	lncgDivg	ENSMUSG00000086264	1
ENSG00000234132	1	many_to_many_sameNumber	ENSMUSG00000102717;ENSMUSG00000086264	0	NA	NA	NA	1
ENSG00000287197	1	one_to_one	ENSMUSG00000101126	1	one_to_one	lncgDivg	ENSMUSG00000101126	0
ENSG00000249602	1	many_to_one	ENSMUSG00000106032	0	NA	NA	NA	1
ENSG00000268288	1	many_to_one	ENSMUSG00000106032	0	NA	NA	NA	1
ENSG00000269489	1	many_to_one	ENSMUSG00000097515	0	NA	NA	NA	1
ENSG00000203288	1	many_to_one	ENSMUSG00000097515	1	one_to_one	lncgDivg	ENSMUSG00000097515	1
ENSG00000234614	1	one_to_one	ENSMUSG00000105708	0	NA	NA	NA	1
ENSG00000284640	1	one_to_one	ENSMUSG00000085334	0	NA	NA	NA	0
ENSG00000226969	1	one_to_one	ENSMUSG00000098729	1	many_to_one	lncgDivg	ENSMUSG00000098729	1
ENSG00000233485	1	many_to_many_DifferentNumber	ENSMUSG00000100396;ENSMUSG00000085922	1	many_to_one	lncgDivg	ENSMUSG00000085424	1
ENSG00000236045	1	many_to_many_DifferentNumber	ENSMUSG00000100396;ENSMUSG00000085922	1	many_to_one	lncgDivg	ENSMUSG00000085424	1
ENSG00000228140	1	many_to_many_DifferentNumber	ENSMUSG00000100396;ENSMUSG00000085922	1	one_to_one	lncgDivg	ENSMUSG00000100396	0
ENSG00000229956	1	one_to_many	ENSMUSG00000086708;ENSMUSG00000105834	0	NA	NA	NA	1
ENSG00000259357	1	many_to_one	ENSMUSG00000093424	1	many_to_one	lncgDivg	ENSMUSG00000093424	1
ENSG00000231073	1	many_to_one	ENSMUSG00000093424	1	many_to_one	lncgDivg	ENSMUSG00000093424	1
ENSG00000248458	1	one_to_one	ENSMUSG00000085181	0	NA	NA	NA	1
ENSG00000289962	1	many_to_one	ENSMUSG00000056699	0	NA	NA	NA	0
ENSG00000234476	1	many_to_one	ENSMUSG00000056699	1	one_to_one	lincSS.up	ENSMUSG00000056699	0
ENSG00000285873	1	one_to_many	ENSMUSG00000085542;ENSMUSG00000087417;ENSMUSG00000085833	0	NA	NA	NA	1
ENSG00000272030	1	one_to_one	ENSMUSG00000120231	0	NA	NA	NA	0
ENSG00000237292	1	many_to_many_DifferentNumber	ENSMUSG00000101880;ENSMUSG00000096950;ENSMUSG00000120457	1	one_to_many	lincSS.dw	ENSMUSG00000096950;ENSMUSG00000120457;ENSMUSG00000101880	1
ENSG00000179452	1	many_to_many_DifferentNumber	ENSMUSG00000101880;ENSMUSG00000096950;ENSMUSG00000120457	0	NA	NA	NA	1
ENSG00000225359	1	one_to_one	ENSMUSG00000120197	1	one_to_one	lincConv	ENSMUSG00000120197	1
ENSG00000225315	1	one_to_one	ENSMUSG00000120823	0	NA	NA	NA	1
ENSG00000290006	1	one_to_one	ENSMUSG00000120544	1	one_to_one	lncgSS.up	ENSMUSG00000120544	0
ENSG00000260063	1	many_to_one	ENSMUSG00000084789	0	NA	NA	NA	0
ENSG00000289452	1	many_to_one	ENSMUSG00000084789	1	one_to_one	lincConv	ENSMUSG00000084789	0
ENSG00000230630	1	many_to_one	ENSMUSG00000103393	1	many_to_many_strict	lncgDivg	ENSMUSG00000090260;ENSMUSG00000078190	1
ENSG00000287336	1	many_to_one	ENSMUSG00000103393	1	many_to_many_strict	lncgDivg	ENSMUSG00000090260;ENSMUSG00000078190	1
ENSG00000229528	1	many_to_one	ENSMUSG00000110389	0	NA	NA	NA	0
ENSG00000286668	1	many_to_one	ENSMUSG00000110389	0	NA	NA	NA	0
ENSG00000287282	1	many_to_many_DifferentNumber	ENSMUSG00000102897;ENSMUSG00000102163	0	NA	NA	NA	0
ENSG00000225826	1	many_to_many_DifferentNumber	ENSMUSG00000102897;ENSMUSG00000102163	1	one_to_many	lincDivg	ENSMUSG00000102897;ENSMUSG00000102163	0
ENSG00000287831	1	many_to_many_DifferentNumber	ENSMUSG00000102897;ENSMUSG00000102163	0	NA	NA	NA	0
ENSG00000237707	1	many_to_many_DifferentNumber	ENSMUSG00000102897;ENSMUSG00000102163	0	NA	NA	NA	0
ENSG00000235736	1	many_to_many_DifferentNumber	ENSMUSG00000097281;ENSMUSG00000102761;ENSMUSG00000103383;ENSMUSG00000104011	1	one_to_one	lincSS.up	ENSMUSG00000102761	0
ENSG00000203601	1	many_to_many_DifferentNumber	ENSMUSG00000097281;ENSMUSG00000102761;ENSMUSG00000103383;ENSMUSG00000104011	1	one_to_one	lincDivg	ENSMUSG00000097281	0
ENSG00000285622	1	many_to_many_DifferentNumber	ENSMUSG00000097281;ENSMUSG00000102761;ENSMUSG00000103383;ENSMUSG00000104011	0	NA	NA	NA	1
ENSG00000235795	1	many_to_one	ENSMUSG00000054426	1	many_to_one	lncgDivg	ENSMUSG00000054426	1
ENSG00000289355	1	many_to_one	ENSMUSG00000054426	0	NA	NA	NA	1
ENSG00000233184	1	many_to_one	ENSMUSG00000054426	1	many_to_one	lncgDivg	ENSMUSG00000054426	1
ENSG00000225938	1	one_to_one	ENSMUSG00000052769	1	one_to_one	lncgDivg	ENSMUSG00000052769	1
ENSG00000260948	1	many_to_one	ENSMUSG00000105852	0	NA	NA	NA	1
ENSG00000243960	1	many_to_one	ENSMUSG00000105852	1	one_to_one	lncgSS.dw	ENSMUSG00000105852	1
ENSG00000291157	1	one_to_one	ENSMUSG00000084929	0	NA	NA	NA	1
ENSG00000226883	1	one_to_one	ENSMUSG00000044125	0	NA	NA	NA	1
ENSG00000289483	1	one_to_one	ENSMUSG00000106396	1	one_to_one	lncgDivg	ENSMUSG00000106396	1
ENSG00000289914	1	many_to_one	ENSMUSG00000086665	1	one_to_one	lincSS.up	ENSMUSG00000086665	0
ENSG00000228526	1	many_to_one	ENSMUSG00000086665	0	NA	NA	NA	0
ENSG00000153363	1	one_to_one	ENSMUSG00000097416	0	NA	NA	NA	0
ENSG00000284700	1	one_to_one	ENSMUSG00000085256	1	one_to_one	lncgDivg	ENSMUSG00000085256	0
ENSG00000224167	1	one_to_many	ENSMUSG00000100188;ENSMUSG00000105195	0	NA	NA	NA	1
ENSG00000215866	1	one_to_many	ENSMUSG00000105199;ENSMUSG00000106287	0	NA	NA	NA	1
ENSG00000261504	1	one_to_many	ENSMUSG00000100945;ENSMUSG00000100334	0	NA	NA	NA	0
ENSG00000259788	1	one_to_one	ENSMUSG00000104266	1	one_to_one	lncgDivg	ENSMUSG00000104266	1
ENSG00000234425	1	one_to_one	ENSMUSG00000104413	0	NA	NA	NA	0
ENSG00000224459	1	one_to_one	ENSMUSG00000073731	0	NA	NA	NA	0
ENSG00000261213	1	many_to_one	ENSMUSG00000093738	1	many_to_one	lncgDivg	ENSMUSG00000093738	1
ENSG00000224127	1	many_to_one	ENSMUSG00000093738	1	many_to_one	lncgDivg	ENSMUSG00000093738	1
ENSG00000235527	1	one_to_one	ENSMUSG00000085754	1	one_to_one	lncgDivg	ENSMUSG00000085754	1
ENSG00000229463	1	one_to_one	ENSMUSG00000113380	0	NA	NA	NA	1
ENSG00000288955	1	one_to_many	ENSMUSG00000086683;ENSMUSG00000085505	1	one_to_one	lncgConv	ENSMUSG00000085505	0
ENSG00000285554	1	one_to_one	ENSMUSG00000121104	0	NA	NA	NA	0
ENSG00000287343	1	many_to_one	ENSMUSG00000089812	0	NA	NA	NA	0
ENSG00000203706	1	many_to_one	ENSMUSG00000089812	1	one_to_one	lncgDivg	ENSMUSG00000089812	1
ENSG00000271554	1	one_to_one	ENSMUSG00000087394	0	NA	NA	NA	0
ENSG00000233693	1	many_to_one	ENSMUSG00000093538	0	NA	NA	NA	0
ENSG00000289408	1	many_to_one	ENSMUSG00000093538	1	one_to_one	lncgConv	ENSMUSG00000093538	0
ENSG00000272033	1	one_to_one	ENSMUSG00000102154	0	NA	NA	NA	1
ENSG00000287218	1	one_to_one	ENSMUSG00000104306	1	one_to_one	lncgDivg	ENSMUSG00000102154	1
ENSG00000233411	1	many_to_one	ENSMUSG00000089829	1	many_to_one	lncgSS.up	ENSMUSG00000089829	1
ENSG00000273160	1	many_to_one	ENSMUSG00000089829	1	many_to_one	lncgSS.up	ENSMUSG00000089829	1
ENSG00000241666	1	one_to_one	ENSMUSG00000103686	0	NA	NA	NA	1
ENSG00000288574	1	many_to_one	ENSMUSG00000100221	0	NA	NA	NA	0
ENSG00000287452	1	many_to_one	ENSMUSG00000100221	1	one_to_one	lincSS.dw	ENSMUSG00000100221	0
ENSG00000289071	1	one_to_many	ENSMUSG00000097325;ENSMUSG00000104206;ENSMUSG00000104077	1	one_to_one	lincSS.dw	ENSMUSG00000104077	1
ENSG00000203709	1	one_to_one	ENSMUSG00000096929	0	NA	NA	NA	1
ENSG00000289103	1	one_to_one	ENSMUSG00000074466	1	one_to_one	lncgDivg	ENSMUSG00000074466	1
ENSG00000226754	1	one_to_many	ENSMUSG00000073779;ENSMUSG00000028612	0	NA	NA	NA	1
ENSG00000273129	1	one_to_one	ENSMUSG00000097028	1	one_to_one	lncgDivg	ENSMUSG00000097028	1
ENSG00000290037	1	one_to_one	ENSMUSG00000110547	0	NA	NA	NA	1
ENSG00000177133	1	one_to_many	ENSMUSG00000097871;ENSMUSG00000086565;ENSMUSG00000084987;ENSMUSG00000085069;ENSMUSG00000120023	1	many_to_many_strict	lncgDivg	ENSMUSG00000084987;ENSMUSG00000086565;ENSMUSG00000120023;ENSMUSG00000097871;ENSMUSG00000085069	0
ENSG00000232480	1	one_to_one	ENSMUSG00000100393	1	one_to_one	lncgDivg	ENSMUSG00000100393	0
ENSG00000290096	1	one_to_one	ENSMUSG00000086159	0	NA	NA	NA	0
ENSG00000290102	1	one_to_one	ENSMUSG00000087641	1	one_to_one	lncgDivg	ENSMUSG00000120189	0
ENSG00000290115	1	one_to_one	ENSMUSG00000119941	0	NA	NA	NA	1
ENSG00000288934	1	one_to_one	ENSMUSG00000101102	0	NA	NA	NA	1
ENSG00000290123	1	one_to_one	ENSMUSG00000087352	1	many_to_one	lncgDivg	ENSMUSG00000087352	1
ENSG00000235200	1	one_to_one	ENSMUSG00000107799	0	NA	NA	NA	0
ENSG00000236810	1	one_to_one	ENSMUSG00000085714	0	NA	NA	NA	1
ENSG00000198468	1	one_to_one	ENSMUSG00000097845	1	one_to_one	lncgDivg	ENSMUSG00000097845	0
ENSG00000284646	1	one_to_one	ENSMUSG00000087027	0	NA	NA	NA	1
ENSG00000232671	1	one_to_one	ENSMUSG00000085956	1	one_to_one	lncgDivg	ENSMUSG00000085956	0
ENSG00000273481	1	one_to_one	ENSMUSG00000087660	1	one_to_many	lncgDivg	ENSMUSG00000084846;ENSMUSG00000086288	1
ENSG00000232536	1	one_to_many	ENSMUSG00000104631;ENSMUSG00000105412;ENSMUSG00000106061	0	NA	NA	NA	1
ENSG00000284738	1	many_to_one	ENSMUSG00000105350	0	NA	NA	NA	1
ENSG00000291199	1	many_to_one	ENSMUSG00000105350	1	one_to_one	lncgDivg	ENSMUSG00000105350	0
ENSG00000227230	1	many_to_one	ENSMUSG00000103435	1	many_to_one	lncgDivg	ENSMUSG00000103435	1
ENSG00000232085	1	many_to_one	ENSMUSG00000103435	1	many_to_one	lncgDivg	ENSMUSG00000103435	1
ENSG00000288925	1	many_to_one	ENSMUSG00000121237	0	NA	NA	NA	1
ENSG00000233791	1	many_to_one	ENSMUSG00000121237	1	one_to_one	lncgDivg	ENSMUSG00000121237	1
ENSG00000226862	1	many_to_one	ENSMUSG00000097435	1	many_to_one	lncgDivg	ENSMUSG00000097435	1
ENSG00000225620	1	many_to_one	ENSMUSG00000097435	1	many_to_one	lncgDivg	ENSMUSG00000097435	1
ENSG00000261817	1	one_to_one	ENSMUSG00000102558	1	one_to_one	lncgConv	ENSMUSG00000102558	1
ENSG00000227947	1	one_to_many	ENSMUSG00000100998;ENSMUSG00000085323	1	one_to_one	lincConv	ENSMUSG00000100998	1
ENSG00000287008	1	one_to_one	ENSMUSG00000103669	0	NA	NA	NA	0
ENSG00000225982	1	many_to_many_DifferentNumber	ENSMUSG00000101903;ENSMUSG00000100502;ENSMUSG00000100627	1	many_to_one	lincDivg	ENSMUSG00000100627	0
ENSG00000289573	1	many_to_many_DifferentNumber	ENSMUSG00000101903;ENSMUSG00000100502;ENSMUSG00000100627	1	many_to_one	lincDivg	ENSMUSG00000100627	0
ENSG00000224810	1	many_to_one	ENSMUSG00000100014	0	NA	NA	NA	0
ENSG00000228918	1	many_to_one	ENSMUSG00000100014	0	NA	NA	NA	0
ENSG00000232309	1	many_to_one	ENSMUSG00000100014	0	NA	NA	NA	0
ENSG00000285325	1	one_to_one	ENSMUSG00000105602	0	NA	NA	NA	0
ENSG00000233296	1	many_to_many_DifferentNumber	ENSMUSG00000100674;ENSMUSG00000102098	0	NA	NA	NA	0
ENSG00000231173	1	many_to_many_DifferentNumber	ENSMUSG00000100674;ENSMUSG00000102098	1	many_to_one	lincDivg	ENSMUSG00000100674	0
ENSG00000223751	1	many_to_many_DifferentNumber	ENSMUSG00000100674;ENSMUSG00000102098	1	many_to_one	lincDivg	ENSMUSG00000100674	0
ENSG00000226649	1	many_to_many_DifferentNumber	ENSMUSG00000113544;ENSMUSG00000112390	0	NA	NA	NA	1
ENSG00000284600	1	many_to_many_DifferentNumber	ENSMUSG00000113544;ENSMUSG00000112390	1	many_to_many	lncgDivg	ENSMUSG00000112663;ENSMUSG00000112390	0
ENSG00000232057	1	many_to_many_DifferentNumber	ENSMUSG00000113544;ENSMUSG00000112390	1	many_to_many	lncgDivg	ENSMUSG00000112663;ENSMUSG00000112390	0
ENSG00000225619	1	many_to_many_DifferentNumber	ENSMUSG00000113544;ENSMUSG00000112390	1	many_to_many	lncgDivg	ENSMUSG00000112663;ENSMUSG00000112390	1
ENSG00000289608	1	many_to_many_DifferentNumber	ENSMUSG00000113544;ENSMUSG00000112390	0	NA	NA	NA	1
ENSG00000227364	1	many_to_many_DifferentNumber	ENSMUSG00000113387;ENSMUSG00000113986;ENSMUSG00000113886;ENSMUSG00000120379	0	NA	NA	NA	0
ENSG00000228391	1	many_to_many_DifferentNumber	ENSMUSG00000113387;ENSMUSG00000113986;ENSMUSG00000113886;ENSMUSG00000120379	0	NA	NA	NA	1
ENSG00000234423	1	many_to_many_DifferentNumber	ENSMUSG00000113387;ENSMUSG00000113986;ENSMUSG00000113886;ENSMUSG00000120379	1	many_to_many_strict	lincSS.dw	ENSMUSG00000120379;ENSMUSG00000113387	1
ENSG00000287583	1	many_to_many_DifferentNumber	ENSMUSG00000113387;ENSMUSG00000113986;ENSMUSG00000113886;ENSMUSG00000120379	0	NA	NA	NA	1
ENSG00000237720	1	many_to_many_DifferentNumber	ENSMUSG00000113387;ENSMUSG00000113986;ENSMUSG00000113886;ENSMUSG00000120379	0	NA	NA	NA	1
ENSG00000236760	1	many_to_many_DifferentNumber	ENSMUSG00000113387;ENSMUSG00000113986;ENSMUSG00000113886;ENSMUSG00000120379	1	many_to_many_strict	lincSS.dw	ENSMUSG00000120379;ENSMUSG00000113387	1
ENSG00000288786	1	many_to_many_DifferentNumber	ENSMUSG00000113387;ENSMUSG00000113986;ENSMUSG00000113886;ENSMUSG00000120379	0	NA	NA	NA	1
ENSG00000234929	1	many_to_many_DifferentNumber	ENSMUSG00000113387;ENSMUSG00000113986;ENSMUSG00000113886;ENSMUSG00000120379	0	NA	NA	NA	1
ENSG00000289941	1	many_to_many_DifferentNumber	ENSMUSG00000113387;ENSMUSG00000113986;ENSMUSG00000113886;ENSMUSG00000120379	0	NA	NA	NA	1
ENSG00000290112	1	many_to_many_DifferentNumber	ENSMUSG00000113387;ENSMUSG00000113986;ENSMUSG00000113886;ENSMUSG00000120379	0	NA	NA	NA	1
ENSG00000231482	1	many_to_one	ENSMUSG00000085472	0	NA	NA	NA	1
ENSG00000235403	1	many_to_one	ENSMUSG00000085472	0	NA	NA	NA	0
ENSG00000236665	1	many_to_one	ENSMUSG00000085472	0	NA	NA	NA	0
ENSG00000233553	1	many_to_one	ENSMUSG00000085472	0	NA	NA	NA	0
ENSG00000289300	1	one_to_many	ENSMUSG00000113235;ENSMUSG00000113939	0	NA	NA	NA	0
ENSG00000237401	1	many_to_many_DifferentNumber	ENSMUSG00000113421;ENSMUSG00000113616;ENSMUSG00000113967;ENSMUSG00000120751	0	NA	NA	NA	0
ENSG00000224128	1	many_to_many_DifferentNumber	ENSMUSG00000113421;ENSMUSG00000113616;ENSMUSG00000113967;ENSMUSG00000120751	1	many_to_one	lncgDivg	ENSMUSG00000120751	0
ENSG00000231532	1	many_to_many_DifferentNumber	ENSMUSG00000113421;ENSMUSG00000113616;ENSMUSG00000113967;ENSMUSG00000120751	0	NA	NA	NA	0
ENSG00000232835	1	many_to_many_DifferentNumber	ENSMUSG00000113421;ENSMUSG00000113616;ENSMUSG00000113967;ENSMUSG00000120751	0	NA	NA	NA	0
ENSG00000230090	1	many_to_many_DifferentNumber	ENSMUSG00000113421;ENSMUSG00000113616;ENSMUSG00000113967;ENSMUSG00000120751	1	many_to_one	lncgDivg	ENSMUSG00000120751	0
ENSG00000229550	1	many_to_many_DifferentNumber	ENSMUSG00000113421;ENSMUSG00000113616;ENSMUSG00000113967;ENSMUSG00000120751	0	NA	NA	NA	0
ENSG00000272002	1	many_to_many_DifferentNumber	ENSMUSG00000114105;ENSMUSG00000113550;ENSMUSG00000113813;ENSMUSG00000120697	0	NA	NA	NA	0
ENSG00000287119	1	many_to_many_DifferentNumber	ENSMUSG00000114105;ENSMUSG00000113550;ENSMUSG00000113813;ENSMUSG00000120697	0	NA	NA	NA	0
ENSG00000286857	1	many_to_many_DifferentNumber	ENSMUSG00000114105;ENSMUSG00000113550;ENSMUSG00000113813;ENSMUSG00000120697	0	NA	NA	NA	0
ENSG00000229740	1	many_to_many_DifferentNumber	ENSMUSG00000114105;ENSMUSG00000113550;ENSMUSG00000113813;ENSMUSG00000120697	0	NA	NA	NA	0
ENSG00000229727	1	many_to_many_DifferentNumber	ENSMUSG00000114105;ENSMUSG00000113550;ENSMUSG00000113813;ENSMUSG00000120697	0	NA	NA	NA	0
ENSG00000285591	1	many_to_many_DifferentNumber	ENSMUSG00000114105;ENSMUSG00000113550;ENSMUSG00000113813;ENSMUSG00000120697	0	NA	NA	NA	0
ENSG00000290092	1	many_to_many_DifferentNumber	ENSMUSG00000114105;ENSMUSG00000113550;ENSMUSG00000113813;ENSMUSG00000120697	0	NA	NA	NA	0
ENSG00000235576	1	many_to_many_DifferentNumber	ENSMUSG00000114105;ENSMUSG00000113550;ENSMUSG00000113813;ENSMUSG00000120697	0	NA	NA	NA	0
ENSG00000230515	1	many_to_many_DifferentNumber	ENSMUSG00000112937;ENSMUSG00000113587;ENSMUSG00000114033;ENSMUSG00000113827;ENSMUSG00000113115;ENSMUSG00000113669	0	NA	NA	NA	0
ENSG00000223884	1	many_to_many_DifferentNumber	ENSMUSG00000112937;ENSMUSG00000113587;ENSMUSG00000114033;ENSMUSG00000113827;ENSMUSG00000113115;ENSMUSG00000113669	0	NA	NA	NA	0
ENSG00000235665	1	many_to_many_DifferentNumber	ENSMUSG00000112937;ENSMUSG00000113587;ENSMUSG00000114033;ENSMUSG00000113827;ENSMUSG00000113115;ENSMUSG00000113669	0	NA	NA	NA	0
ENSG00000226506	1	many_to_many_DifferentNumber	ENSMUSG00000112937;ENSMUSG00000113587;ENSMUSG00000114033;ENSMUSG00000113827;ENSMUSG00000113115;ENSMUSG00000113669	0	NA	NA	NA	0
ENSG00000231083	1	many_to_many_DifferentNumber	ENSMUSG00000112937;ENSMUSG00000113587;ENSMUSG00000114033;ENSMUSG00000113827;ENSMUSG00000113115;ENSMUSG00000113669	1	many_to_many	lincDivg	ENSMUSG00000113587;ENSMUSG00000112937;ENSMUSG00000114033	0
ENSG00000236790	1	many_to_many_DifferentNumber	ENSMUSG00000112937;ENSMUSG00000113587;ENSMUSG00000114033;ENSMUSG00000113827;ENSMUSG00000113115;ENSMUSG00000113669	0	NA	NA	NA	0
ENSG00000289191	1	many_to_many_DifferentNumber	ENSMUSG00000112937;ENSMUSG00000113587;ENSMUSG00000114033;ENSMUSG00000113827;ENSMUSG00000113115;ENSMUSG00000113669	0	NA	NA	NA	0
ENSG00000235092	1	many_to_many_DifferentNumber	ENSMUSG00000112937;ENSMUSG00000113587;ENSMUSG00000114033;ENSMUSG00000113827;ENSMUSG00000113115;ENSMUSG00000113669	0	NA	NA	NA	0
ENSG00000290050	1	many_to_many_DifferentNumber	ENSMUSG00000112937;ENSMUSG00000113587;ENSMUSG00000114033;ENSMUSG00000113827;ENSMUSG00000113115;ENSMUSG00000113669	0	NA	NA	NA	0
ENSG00000236008	1	many_to_many_DifferentNumber	ENSMUSG00000112937;ENSMUSG00000113587;ENSMUSG00000114033;ENSMUSG00000113827;ENSMUSG00000113115;ENSMUSG00000113669	1	many_to_many	lincDivg	ENSMUSG00000113587;ENSMUSG00000112937;ENSMUSG00000114033	0
ENSG00000286851	1	many_to_many_DifferentNumber	ENSMUSG00000113218;ENSMUSG00000094002;ENSMUSG00000113628	0	NA	NA	NA	0
ENSG00000242540	1	many_to_many_DifferentNumber	ENSMUSG00000113218;ENSMUSG00000094002;ENSMUSG00000113628	0	NA	NA	NA	0
ENSG00000226488	1	many_to_many_DifferentNumber	ENSMUSG00000113218;ENSMUSG00000094002;ENSMUSG00000113628	0	NA	NA	NA	0
ENSG00000236106	1	many_to_many_DifferentNumber	ENSMUSG00000113218;ENSMUSG00000094002;ENSMUSG00000113628	0	NA	NA	NA	0
ENSG00000232044	1	many_to_many_DifferentNumber	ENSMUSG00000113218;ENSMUSG00000094002;ENSMUSG00000113628	0	NA	NA	NA	0
ENSG00000236172	1	many_to_many_DifferentNumber	ENSMUSG00000120259;ENSMUSG00000113524	0	NA	NA	NA	0
ENSG00000227007	1	many_to_many_DifferentNumber	ENSMUSG00000120259;ENSMUSG00000113524	0	NA	NA	NA	0
ENSG00000237266	1	many_to_many_DifferentNumber	ENSMUSG00000120259;ENSMUSG00000113524	0	NA	NA	NA	0
ENSG00000234275	1	many_to_many_DifferentNumber	ENSMUSG00000120259;ENSMUSG00000113524	0	NA	NA	NA	0
ENSG00000205837	1	many_to_many_DifferentNumber	ENSMUSG00000120259;ENSMUSG00000113524	0	NA	NA	NA	0
ENSG00000225964	1	many_to_many_DifferentNumber	ENSMUSG00000120259;ENSMUSG00000113524	0	NA	NA	NA	0
ENSG00000228950	1	one_to_one	ENSMUSG00000111889	0	NA	NA	NA	1
ENSG00000227047	1	one_to_one	ENSMUSG00000112452	0	NA	NA	NA	1
ENSG00000227718	1	many_to_many_DifferentNumber	ENSMUSG00000113644;ENSMUSG00000113734	0	NA	NA	NA	0
ENSG00000229370	1	many_to_many_DifferentNumber	ENSMUSG00000113644;ENSMUSG00000113734	0	NA	NA	NA	0
ENSG00000228505	1	many_to_many_DifferentNumber	ENSMUSG00000113644;ENSMUSG00000113734	0	NA	NA	NA	0
ENSG00000285876	1	many_to_many_DifferentNumber	ENSMUSG00000113644;ENSMUSG00000113734	0	NA	NA	NA	0
ENSG00000230448	1	many_to_one	ENSMUSG00000113336	0	NA	NA	NA	0
ENSG00000225649	1	many_to_one	ENSMUSG00000113336	0	NA	NA	NA	0
ENSG00000260331	1	many_to_many_sameNumber	ENSMUSG00000112792;ENSMUSG00000113620	1	many_to_one	lincSS.dw	ENSMUSG00000112792	0
ENSG00000287849	1	many_to_many_sameNumber	ENSMUSG00000112792;ENSMUSG00000113620	1	many_to_one	lincSS.dw	ENSMUSG00000112792	0
ENSG00000228784	1	many_to_many_sameNumber	ENSMUSG00000114000;ENSMUSG00000112496;ENSMUSG00000099360	0	NA	NA	NA	0
ENSG00000235911	1	many_to_many_sameNumber	ENSMUSG00000114000;ENSMUSG00000112496;ENSMUSG00000099360	0	NA	NA	NA	0
ENSG00000237992	1	many_to_many_sameNumber	ENSMUSG00000114000;ENSMUSG00000112496;ENSMUSG00000099360	0	NA	NA	NA	0
ENSG00000234597	1	one_to_one	ENSMUSG00000113913	1	one_to_one	lincSS.up	ENSMUSG00000113913	0
ENSG00000236436	1	one_to_one	ENSMUSG00000112694	0	NA	NA	NA	0
ENSG00000223734	1	one_to_one	ENSMUSG00000042976	0	NA	NA	NA	1
ENSG00000234378	1	one_to_one	ENSMUSG00000112891	0	NA	NA	NA	1
ENSG00000225378	1	one_to_one	ENSMUSG00000053214	0	NA	NA	NA	1
ENSG00000287291	1	many_to_many_DifferentNumber	ENSMUSG00000113283;ENSMUSG00000113522;ENSMUSG00000114026	1	one_to_one	lincConv	ENSMUSG00000113522	0
ENSG00000235127	1	many_to_many_DifferentNumber	ENSMUSG00000113283;ENSMUSG00000113522;ENSMUSG00000114026	0	NA	NA	NA	0
ENSG00000223647	1	many_to_many_sameNumber	ENSMUSG00000117038;ENSMUSG00000117226	0	NA	NA	NA	1
ENSG00000273165	1	many_to_many_sameNumber	ENSMUSG00000117038;ENSMUSG00000117226	0	NA	NA	NA	0
ENSG00000236204	1	one_to_many	ENSMUSG00000112787;ENSMUSG00000111925	0	NA	NA	NA	0
ENSG00000261117	1	many_to_many_DifferentNumber	ENSMUSG00000113629;ENSMUSG00000113739;ENSMUSG00000113930;ENSMUSG00000113892;ENSMUSG00000113975	0	NA	NA	NA	1
ENSG00000223360	1	many_to_many_DifferentNumber	ENSMUSG00000113629;ENSMUSG00000113739;ENSMUSG00000113930;ENSMUSG00000113892;ENSMUSG00000113975	0	NA	NA	NA	1
ENSG00000228496	1	many_to_many_DifferentNumber	ENSMUSG00000113629;ENSMUSG00000113739;ENSMUSG00000113930;ENSMUSG00000113892;ENSMUSG00000113975	0	NA	NA	NA	0
ENSG00000224184	1	many_to_many_DifferentNumber	ENSMUSG00000113629;ENSMUSG00000113739;ENSMUSG00000113930;ENSMUSG00000113892;ENSMUSG00000113975	1	one_to_one	lincSS.up	ENSMUSG00000113629	1
ENSG00000286427	1	many_to_many_DifferentNumber	ENSMUSG00000097580;ENSMUSG00000113735;ENSMUSG00000120341;ENSMUSG00000113586	1	one_to_one	lncgDivg	ENSMUSG00000097580	1
ENSG00000203643	1	many_to_many_DifferentNumber	ENSMUSG00000097580;ENSMUSG00000113735;ENSMUSG00000120341;ENSMUSG00000113586	0	NA	NA	NA	0
ENSG00000230790	1	many_to_many_DifferentNumber	ENSMUSG00000097580;ENSMUSG00000113735;ENSMUSG00000120341;ENSMUSG00000113586	0	NA	NA	NA	0
ENSG00000289856	1	many_to_many_DifferentNumber	ENSMUSG00000097580;ENSMUSG00000113735;ENSMUSG00000120341;ENSMUSG00000113586	0	NA	NA	NA	1
ENSG00000290030	1	many_to_many_DifferentNumber	ENSMUSG00000097580;ENSMUSG00000113735;ENSMUSG00000120341;ENSMUSG00000113586	0	NA	NA	NA	1
ENSG00000237670	1	many_to_one	ENSMUSG00000113226	0	NA	NA	NA	1
ENSG00000223536	1	many_to_one	ENSMUSG00000113226	0	NA	NA	NA	1
ENSG00000231336	1	many_to_many_DifferentNumber	ENSMUSG00000100738;ENSMUSG00000121124;ENSMUSG00000120725;ENSMUSG00000120278;ENSMUSG00000071036	1	many_to_many	lncgDivg	ENSMUSG00000071036;ENSMUSG00000100738;ENSMUSG00000120162;ENSMUSG00000121124	0
ENSG00000228481	1	many_to_many_DifferentNumber	ENSMUSG00000100738;ENSMUSG00000121124;ENSMUSG00000120725;ENSMUSG00000120278;ENSMUSG00000071036	1	many_to_many	lncgDivg	ENSMUSG00000071036;ENSMUSG00000100738;ENSMUSG00000120162;ENSMUSG00000121124	1
ENSG00000232696	1	many_to_many_DifferentNumber	ENSMUSG00000100738;ENSMUSG00000121124;ENSMUSG00000120725;ENSMUSG00000120278;ENSMUSG00000071036	1	many_to_many	lncgDivg	ENSMUSG00000071036;ENSMUSG00000100738;ENSMUSG00000120162;ENSMUSG00000121124	0
ENSG00000237790	1	many_to_one	ENSMUSG00000117539	0	NA	NA	NA	1
ENSG00000226994	1	many_to_one	ENSMUSG00000117539	0	NA	NA	NA	1
ENSG00000288535	1	many_to_one	ENSMUSG00000117539	0	NA	NA	NA	1
ENSG00000286415	1	many_to_one	ENSMUSG00000117539	0	NA	NA	NA	1
ENSG00000228262	1	many_to_one	ENSMUSG00000117539	0	NA	NA	NA	1
ENSG00000285754	1	many_to_many_DifferentNumber	ENSMUSG00000117598;ENSMUSG00000117648	0	NA	NA	NA	1
ENSG00000272027	1	many_to_many_DifferentNumber	ENSMUSG00000117598;ENSMUSG00000117648	0	NA	NA	NA	1
ENSG00000232153	1	many_to_many_DifferentNumber	ENSMUSG00000117598;ENSMUSG00000117648	0	NA	NA	NA	1
ENSG00000237320	1	many_to_many_DifferentNumber	ENSMUSG00000117598;ENSMUSG00000117648	0	NA	NA	NA	1
ENSG00000260025	1	many_to_many_DifferentNumber	ENSMUSG00000117598;ENSMUSG00000117648	1	many_to_one	lncgDivg	ENSMUSG00000117648	1
ENSG00000231367	1	many_to_one	ENSMUSG00000117415	0	NA	NA	NA	1
ENSG00000288994	1	many_to_one	ENSMUSG00000117415	0	NA	NA	NA	1
ENSG00000236572	1	one_to_one	ENSMUSG00000118651	0	NA	NA	NA	1
ENSG00000237803	1	one_to_many	ENSMUSG00000120330;ENSMUSG00000120381	0	NA	NA	NA	1
ENSG00000273006	1	many_to_many_DifferentNumber	ENSMUSG00000117426;ENSMUSG00000117616;ENSMUSG00000117394;ENSMUSG00000117561	1	one_to_many	lincDivg	ENSMUSG00000117426;ENSMUSG00000117616	1
ENSG00000232973	1	many_to_many_DifferentNumber	ENSMUSG00000117426;ENSMUSG00000117616;ENSMUSG00000117394;ENSMUSG00000117561	0	NA	NA	NA	1
ENSG00000286519	1	many_to_one	ENSMUSG00000117422	0	NA	NA	NA	1
ENSG00000231054	1	many_to_one	ENSMUSG00000117422	0	NA	NA	NA	1
ENSG00000286728	1	many_to_one	ENSMUSG00000117422	0	NA	NA	NA	1
ENSG00000231156	1	many_to_many_sameNumber	ENSMUSG00000100345;ENSMUSG00000117501	0	NA	NA	NA	1
ENSG00000205054	1	many_to_many_sameNumber	ENSMUSG00000100345;ENSMUSG00000117501	1	one_to_one	lincSS.dw	ENSMUSG00000117501	1
ENSG00000286829	1	many_to_many_DifferentNumber	ENSMUSG00000112819;ENSMUSG00000112505;ENSMUSG00000118449	1	one_to_many	lincDivg	ENSMUSG00000112505;ENSMUSG00000112819	1
ENSG00000242628	1	many_to_many_DifferentNumber	ENSMUSG00000112819;ENSMUSG00000112505;ENSMUSG00000118449	1	one_to_many	lncgDivg	ENSMUSG00000111971;ENSMUSG00000118449	1
ENSG00000232164	1	many_to_one	ENSMUSG00000086911	0	NA	NA	NA	0
ENSG00000225815	1	many_to_one	ENSMUSG00000086911	0	NA	NA	NA	0
ENSG00000204929	1	many_to_one	ENSMUSG00000086911	0	NA	NA	NA	0
ENSG00000281920	1	many_to_one	ENSMUSG00000086911	0	NA	NA	NA	0
ENSG00000232693	1	many_to_many_DifferentNumber	ENSMUSG00000084085;ENSMUSG00000087507;ENSMUSG00000086025	0	NA	NA	NA	0
ENSG00000234255	1	many_to_many_DifferentNumber	ENSMUSG00000084085;ENSMUSG00000087507;ENSMUSG00000086025	0	NA	NA	NA	0
ENSG00000226819	1	many_to_many_DifferentNumber	ENSMUSG00000084085;ENSMUSG00000087507;ENSMUSG00000086025	1	many_to_many_strict	lncgDivg	ENSMUSG00000084085;ENSMUSG00000087507	0
ENSG00000227293	1	many_to_many_DifferentNumber	ENSMUSG00000084085;ENSMUSG00000087507;ENSMUSG00000086025	0	NA	NA	NA	0
ENSG00000235725	1	many_to_many_DifferentNumber	ENSMUSG00000084085;ENSMUSG00000087507;ENSMUSG00000086025	0	NA	NA	NA	0
ENSG00000235885	1	many_to_many_DifferentNumber	ENSMUSG00000085675;ENSMUSG00000085806;ENSMUSG00000099449;ENSMUSG00000085743	0	NA	NA	NA	0
ENSG00000232046	1	many_to_many_DifferentNumber	ENSMUSG00000085675;ENSMUSG00000085806;ENSMUSG00000099449;ENSMUSG00000085743	0	NA	NA	NA	0
ENSG00000230525	1	many_to_many_DifferentNumber	ENSMUSG00000085675;ENSMUSG00000085806;ENSMUSG00000099449;ENSMUSG00000085743	0	NA	NA	NA	0
ENSG00000236605	1	many_to_many_DifferentNumber	ENSMUSG00000085675;ENSMUSG00000085806;ENSMUSG00000099449;ENSMUSG00000085743	0	NA	NA	NA	0
ENSG00000223859	1	many_to_many_DifferentNumber	ENSMUSG00000085675;ENSMUSG00000085806;ENSMUSG00000099449;ENSMUSG00000085743	0	NA	NA	NA	0
ENSG00000289533	1	many_to_many_DifferentNumber	ENSMUSG00000085675;ENSMUSG00000085806;ENSMUSG00000099449;ENSMUSG00000085743	0	NA	NA	NA	0
ENSG00000230749	1	many_to_many_DifferentNumber	ENSMUSG00000085453;ENSMUSG00000086468	1	many_to_many_strict	lncgDivg	ENSMUSG00000084085;ENSMUSG00000087507	0
ENSG00000237179	1	many_to_many_DifferentNumber	ENSMUSG00000085453;ENSMUSG00000086468	0	NA	NA	NA	0
ENSG00000236780	1	many_to_many_DifferentNumber	ENSMUSG00000085453;ENSMUSG00000086468	1	one_to_one	lncgDivg	ENSMUSG00000086468	1
ENSG00000232688	1	many_to_many_DifferentNumber	ENSMUSG00000085453;ENSMUSG00000086468	0	NA	NA	NA	0
ENSG00000233251	1	many_to_many_DifferentNumber	ENSMUSG00000084966;ENSMUSG00000085510	0	NA	NA	NA	0
ENSG00000229805	1	many_to_many_DifferentNumber	ENSMUSG00000084966;ENSMUSG00000085510	1	one_to_one	lincDivg	ENSMUSG00000084966	0
ENSG00000226702	1	many_to_many_DifferentNumber	ENSMUSG00000084966;ENSMUSG00000085510	1	one_to_one	lincSS.up	ENSMUSG00000085510	0
ENSG00000236209	1	one_to_one	ENSMUSG00000107453	0	NA	NA	NA	1
ENSG00000287172	1	many_to_many_DifferentNumber	ENSMUSG00000107419;ENSMUSG00000101404	0	NA	NA	NA	0
ENSG00000270996	1	many_to_many_DifferentNumber	ENSMUSG00000107419;ENSMUSG00000101404	1	many_to_one	lincDivg	ENSMUSG00000101404	0
ENSG00000287474	1	many_to_many_DifferentNumber	ENSMUSG00000107419;ENSMUSG00000101404	1	many_to_one	lincDivg	ENSMUSG00000101404	0
ENSG00000271452	1	many_to_many_DifferentNumber	ENSMUSG00000107419;ENSMUSG00000101404	0	NA	NA	NA	0
ENSG00000270462	1	many_to_many_DifferentNumber	ENSMUSG00000107419;ENSMUSG00000101404	0	NA	NA	NA	0
ENSG00000287130	1	many_to_many_DifferentNumber	ENSMUSG00000107419;ENSMUSG00000101404	0	NA	NA	NA	0
ENSG00000270696	1	many_to_many_DifferentNumber	ENSMUSG00000107419;ENSMUSG00000101404	0	NA	NA	NA	1
ENSG00000286045	1	many_to_many_DifferentNumber	ENSMUSG00000107419;ENSMUSG00000101404	0	NA	NA	NA	0
ENSG00000237293	1	many_to_one	ENSMUSG00000108288	1	many_to_one	lncgDivg	ENSMUSG00000087136	1
ENSG00000231172	1	many_to_one	ENSMUSG00000108288	1	many_to_one	lncgDivg	ENSMUSG00000087136	1
ENSG00000285755	1	one_to_one	ENSMUSG00000084905	0	NA	NA	NA	0
ENSG00000235997	1	one_to_one	ENSMUSG00000120305	0	NA	NA	NA	0
ENSG00000287658	1	one_to_one	ENSMUSG00000117096	0	NA	NA	NA	0
ENSG00000281195	1	many_to_one	ENSMUSG00000107534	1	many_to_one	lncgSS.dw	ENSMUSG00000107534	0
ENSG00000289463	1	many_to_one	ENSMUSG00000107534	1	many_to_one	lncgSS.dw	ENSMUSG00000107534	0
ENSG00000230690	1	many_to_many_DifferentNumber	ENSMUSG00000053640;ENSMUSG00000093436;ENSMUSG00000101299;ENSMUSG00000121019;ENSMUSG00000100832	0	NA	NA	NA	0
ENSG00000287793	1	many_to_many_DifferentNumber	ENSMUSG00000053640;ENSMUSG00000093436;ENSMUSG00000101299;ENSMUSG00000121019;ENSMUSG00000100832	0	NA	NA	NA	0
ENSG00000227157	1	many_to_many_DifferentNumber	ENSMUSG00000053640;ENSMUSG00000093436;ENSMUSG00000101299;ENSMUSG00000121019;ENSMUSG00000100832	0	NA	NA	NA	0
ENSG00000236109	1	many_to_many_DifferentNumber	ENSMUSG00000053640;ENSMUSG00000093436;ENSMUSG00000101299;ENSMUSG00000121019;ENSMUSG00000100832	0	NA	NA	NA	0
ENSG00000228528	1	many_to_many_DifferentNumber	ENSMUSG00000053640;ENSMUSG00000093436;ENSMUSG00000101299;ENSMUSG00000121019;ENSMUSG00000100832	0	NA	NA	NA	0
ENSG00000286290	1	many_to_many_DifferentNumber	ENSMUSG00000053640;ENSMUSG00000093436;ENSMUSG00000101299;ENSMUSG00000121019;ENSMUSG00000100832	0	NA	NA	NA	0
ENSG00000227680	1	many_to_many_DifferentNumber	ENSMUSG00000053640;ENSMUSG00000093436;ENSMUSG00000101299;ENSMUSG00000121019;ENSMUSG00000100832	0	NA	NA	NA	0
ENSG00000269707	1	many_to_many_DifferentNumber	ENSMUSG00000053640;ENSMUSG00000093436;ENSMUSG00000101299;ENSMUSG00000121019;ENSMUSG00000100832	1	one_to_one	lncgSS.up	ENSMUSG00000121019	0
ENSG00000235597	1	many_to_many_DifferentNumber	ENSMUSG00000053640;ENSMUSG00000093436;ENSMUSG00000101299;ENSMUSG00000121019;ENSMUSG00000100832	0	NA	NA	NA	0
ENSG00000256637	1	many_to_many_DifferentNumber	ENSMUSG00000053640;ENSMUSG00000093436;ENSMUSG00000101299;ENSMUSG00000121019;ENSMUSG00000100832	0	NA	NA	NA	0
ENSG00000234781	1	many_to_many_DifferentNumber	ENSMUSG00000104072;ENSMUSG00000100185;ENSMUSG00000101919;ENSMUSG00000100180;ENSMUSG00000060424	0	NA	NA	NA	0
ENSG00000231626	1	many_to_many_DifferentNumber	ENSMUSG00000104072;ENSMUSG00000100185;ENSMUSG00000101919;ENSMUSG00000100180;ENSMUSG00000060424	0	NA	NA	NA	0
ENSG00000228968	1	many_to_many_DifferentNumber	ENSMUSG00000104072;ENSMUSG00000100185;ENSMUSG00000101919;ENSMUSG00000100180;ENSMUSG00000060424	0	NA	NA	NA	0
ENSG00000232597	1	many_to_many_DifferentNumber	ENSMUSG00000104072;ENSMUSG00000100185;ENSMUSG00000101919;ENSMUSG00000100180;ENSMUSG00000060424	0	NA	NA	NA	0
ENSG00000234177	1	many_to_many_DifferentNumber	ENSMUSG00000104072;ENSMUSG00000100185;ENSMUSG00000101919;ENSMUSG00000100180;ENSMUSG00000060424	0	NA	NA	NA	0
ENSG00000236141	1	many_to_many_DifferentNumber	ENSMUSG00000104072;ENSMUSG00000100185;ENSMUSG00000101919;ENSMUSG00000100180;ENSMUSG00000060424	0	NA	NA	NA	0
ENSG00000288565	1	many_to_many_DifferentNumber	ENSMUSG00000104072;ENSMUSG00000100185;ENSMUSG00000101919;ENSMUSG00000100180;ENSMUSG00000060424	0	NA	NA	NA	0
ENSG00000229209	1	many_to_many_DifferentNumber	ENSMUSG00000104072;ENSMUSG00000100185;ENSMUSG00000101919;ENSMUSG00000100180;ENSMUSG00000060424	0	NA	NA	NA	0
ENSG00000277527	1	many_to_many_DifferentNumber	ENSMUSG00000104072;ENSMUSG00000100185;ENSMUSG00000101919;ENSMUSG00000100180;ENSMUSG00000060424	0	NA	NA	NA	0
ENSG00000224095	1	many_to_many_DifferentNumber	ENSMUSG00000104072;ENSMUSG00000100185;ENSMUSG00000101919;ENSMUSG00000100180;ENSMUSG00000060424	0	NA	NA	NA	0
ENSG00000225765	1	many_to_many_DifferentNumber	ENSMUSG00000104072;ENSMUSG00000100185;ENSMUSG00000101919;ENSMUSG00000100180;ENSMUSG00000060424	0	NA	NA	NA	0
ENSG00000233639	1	many_to_many_DifferentNumber	ENSMUSG00000104072;ENSMUSG00000100185;ENSMUSG00000101919;ENSMUSG00000100180;ENSMUSG00000060424	1	one_to_one	lncgDivg	ENSMUSG00000060424	0
ENSG00000260840	1	one_to_many	ENSMUSG00000072999;ENSMUSG00000079524;ENSMUSG00000121161	0	NA	NA	NA	1
ENSG00000231134	1	one_to_one	ENSMUSG00000092386	0	NA	NA	NA	0
ENSG00000287308	1	many_to_one	ENSMUSG00000120601	0	NA	NA	NA	1
ENSG00000238273	1	many_to_one	ENSMUSG00000120601	1	one_to_one	lncgDivg	ENSMUSG00000120601	1
ENSG00000287036	1	one_to_one	ENSMUSG00000099576	0	NA	NA	NA	1
ENSG00000238207	1	many_to_one	ENSMUSG00000099960	0	NA	NA	NA	0
ENSG00000235717	1	many_to_one	ENSMUSG00000099960	0	NA	NA	NA	0
ENSG00000286776	1	many_to_one	ENSMUSG00000099960	0	NA	NA	NA	0
ENSG00000287451	1	many_to_one	ENSMUSG00000099960	0	NA	NA	NA	1
ENSG00000231538	1	many_to_one	ENSMUSG00000099960	0	NA	NA	NA	0
ENSG00000235026	1	many_to_one	ENSMUSG00000099960	0	NA	NA	NA	0
ENSG00000234169	1	many_to_one	ENSMUSG00000104188	1	many_to_one	lincConv	ENSMUSG00000104188	0
ENSG00000228488	1	many_to_one	ENSMUSG00000104188	0	NA	NA	NA	0
ENSG00000287832	1	many_to_one	ENSMUSG00000104188	1	many_to_one	lincConv	ENSMUSG00000104188	0
ENSG00000258910	1	many_to_many_DifferentNumber	ENSMUSG00000099957;ENSMUSG00000101700;ENSMUSG00000101386;ENSMUSG00000101922;ENSMUSG00000100979;ENSMUSG00000097881	1	one_to_one	lincSS.dw	ENSMUSG00000099957	0
ENSG00000226856	1	many_to_many_DifferentNumber	ENSMUSG00000099957;ENSMUSG00000101700;ENSMUSG00000101386;ENSMUSG00000101922;ENSMUSG00000100979;ENSMUSG00000097881	1	one_to_one	lincConv	ENSMUSG00000101700	0
ENSG00000286739	1	one_to_many	ENSMUSG00000100291;ENSMUSG00000109076;ENSMUSG00000109556	1	one_to_one	lincSS.up	ENSMUSG00000109556	0
ENSG00000272711	1	many_to_many_sameNumber	ENSMUSG00000090293;ENSMUSG00000108015	1	one_to_one	lncgDivg	ENSMUSG00000090293	0
ENSG00000287687	1	many_to_many_sameNumber	ENSMUSG00000090293;ENSMUSG00000108015	1	one_to_one	lincDivg	ENSMUSG00000108015	0
ENSG00000237614	1	many_to_many_DifferentNumber	ENSMUSG00000097408;ENSMUSG00000101179	0	NA	NA	NA	1
ENSG00000232140	1	many_to_many_DifferentNumber	ENSMUSG00000097408;ENSMUSG00000101179	0	NA	NA	NA	1
ENSG00000229774	1	many_to_many_DifferentNumber	ENSMUSG00000097408;ENSMUSG00000101179	0	NA	NA	NA	1
ENSG00000272895	1	many_to_one	ENSMUSG00000101791	1	many_to_one	lncgDivg	ENSMUSG00000085857	0
ENSG00000235066	1	many_to_one	ENSMUSG00000101791	1	many_to_one	lncgDivg	ENSMUSG00000085857	0
ENSG00000270571	1	one_to_one	ENSMUSG00000087136	0	NA	NA	NA	1
ENSG00000232474	1	one_to_one	ENSMUSG00000101600	0	NA	NA	NA	1
ENSG00000225979	1	many_to_one	ENSMUSG00000101674	1	many_to_one	lncgDivg	ENSMUSG00000101674	1
ENSG00000231621	1	many_to_one	ENSMUSG00000101674	1	many_to_one	lncgDivg	ENSMUSG00000101674	1
ENSG00000234199	1	many_to_one	ENSMUSG00000099574	0	NA	NA	NA	0
ENSG00000243179	1	many_to_one	ENSMUSG00000099574	0	NA	NA	NA	0
ENSG00000223373	1	many_to_many_sameNumber	ENSMUSG00000099804;ENSMUSG00000101156	1	one_to_one	lincConv	ENSMUSG00000099804	0
ENSG00000234308	1	many_to_many_sameNumber	ENSMUSG00000099804;ENSMUSG00000101156	0	NA	NA	NA	0
ENSG00000273118	1	many_to_many_sameNumber	ENSMUSG00000087514;ENSMUSG00000100354	0	NA	NA	NA	0
ENSG00000286965	1	many_to_many_sameNumber	ENSMUSG00000087514;ENSMUSG00000100354	1	one_to_one	lincSS.dw	ENSMUSG00000100354	0
ENSG00000238004	1	one_to_one	ENSMUSG00000087040	0	NA	NA	NA	1
ENSG00000244063	1	many_to_many_DifferentNumber	ENSMUSG00000102063;ENSMUSG00000121266	1	one_to_one	lincDivg	ENSMUSG00000102063	0
ENSG00000228857	1	many_to_many_DifferentNumber	ENSMUSG00000102063;ENSMUSG00000121266	1	many_to_one	lncgDivg	ENSMUSG00000121266	0
ENSG00000270019	1	many_to_many_DifferentNumber	ENSMUSG00000102063;ENSMUSG00000121266	1	many_to_one	lncgDivg	ENSMUSG00000121266	0
ENSG00000236193	1	many_to_many_DifferentNumber	ENSMUSG00000100815;ENSMUSG00000099954	1	one_to_many	lncgSS.up	ENSMUSG00000099954;ENSMUSG00000100815	0
ENSG00000272519	1	many_to_many_DifferentNumber	ENSMUSG00000100815;ENSMUSG00000099954	0	NA	NA	NA	0
ENSG00000196096	1	many_to_many_DifferentNumber	ENSMUSG00000100815;ENSMUSG00000099954	0	NA	NA	NA	0
ENSG00000236651	1	many_to_many_DifferentNumber	ENSMUSG00000087570;ENSMUSG00000064263	0	NA	NA	NA	0
ENSG00000232555	1	many_to_many_DifferentNumber	ENSMUSG00000087570;ENSMUSG00000064263	0	NA	NA	NA	0
ENSG00000288048	1	many_to_many_DifferentNumber	ENSMUSG00000087570;ENSMUSG00000064263	0	NA	NA	NA	0
ENSG00000237844	1	one_to_one	ENSMUSG00000087702	0	NA	NA	NA	0
ENSG00000229066	1	many_to_many_DifferentNumber	ENSMUSG00000099502;ENSMUSG00000084791	0	NA	NA	NA	1
ENSG00000235047	1	many_to_many_DifferentNumber	ENSMUSG00000099502;ENSMUSG00000084791	0	NA	NA	NA	1
ENSG00000289349	1	many_to_many_DifferentNumber	ENSMUSG00000099502;ENSMUSG00000084791	0	NA	NA	NA	1
ENSG00000229779	1	one_to_many	ENSMUSG00000085387;ENSMUSG00000085405	0	NA	NA	NA	1
ENSG00000287149	1	many_to_one	ENSMUSG00000086354	0	NA	NA	NA	0
ENSG00000270956	1	many_to_one	ENSMUSG00000086354	1	many_to_one	lncgDivg	ENSMUSG00000086354	0
ENSG00000270277	1	many_to_one	ENSMUSG00000086354	1	many_to_one	lncgDivg	ENSMUSG00000086354	0
ENSG00000271011	1	many_to_one	ENSMUSG00000086354	1	many_to_one	lncgDivg	ENSMUSG00000086354	0
ENSG00000270574	1	many_to_one	ENSMUSG00000086354	1	many_to_one	lncgDivg	ENSMUSG00000086354	0
ENSG00000271141	1	many_to_one	ENSMUSG00000086354	1	many_to_one	lncgDivg	ENSMUSG00000086354	0
ENSG00000271401	1	many_to_one	ENSMUSG00000086354	1	many_to_one	lncgDivg	ENSMUSG00000086354	0
ENSG00000267784	1	many_to_one	ENSMUSG00000086354	1	many_to_one	lncgDivg	ENSMUSG00000086354	0
ENSG00000234446	1	many_to_many_sameNumber	ENSMUSG00000101849;ENSMUSG00000120831	1	one_to_one	lincDivg	ENSMUSG00000120831	1
ENSG00000272944	1	many_to_many_sameNumber	ENSMUSG00000101849;ENSMUSG00000120831	1	one_to_one	lncgDivg	ENSMUSG00000101849	1
ENSG00000286539	1	many_to_many_DifferentNumber	ENSMUSG00000100213;ENSMUSG00000100451	0	NA	NA	NA	1
ENSG00000230173	1	many_to_many_DifferentNumber	ENSMUSG00000100213;ENSMUSG00000100451	0	NA	NA	NA	1
ENSG00000224099	1	many_to_many_DifferentNumber	ENSMUSG00000100213;ENSMUSG00000100451	0	NA	NA	NA	1
ENSG00000223466	1	many_to_many_DifferentNumber	ENSMUSG00000100213;ENSMUSG00000100451	0	NA	NA	NA	1
ENSG00000260142	1	many_to_many_DifferentNumber	ENSMUSG00000100213;ENSMUSG00000100451	0	NA	NA	NA	1
ENSG00000286868	1	many_to_many_DifferentNumber	ENSMUSG00000100213;ENSMUSG00000100451	0	NA	NA	NA	1
ENSG00000227418	1	many_to_many_DifferentNumber	ENSMUSG00000100213;ENSMUSG00000100451	0	NA	NA	NA	1
ENSG00000229395	1	many_to_many_DifferentNumber	ENSMUSG00000100213;ENSMUSG00000100451	0	NA	NA	NA	1
ENSG00000286358	1	many_to_many_DifferentNumber	ENSMUSG00000100213;ENSMUSG00000100451	0	NA	NA	NA	1
ENSG00000225539	1	many_to_many_DifferentNumber	ENSMUSG00000100213;ENSMUSG00000100451	0	NA	NA	NA	1
ENSG00000235056	1	many_to_many_sameNumber	ENSMUSG00000101447;ENSMUSG00000051616;ENSMUSG00000099608;ENSMUSG00000100816	0	NA	NA	NA	1
ENSG00000271893	1	many_to_many_sameNumber	ENSMUSG00000101447;ENSMUSG00000051616;ENSMUSG00000099608;ENSMUSG00000100816	0	NA	NA	NA	1
ENSG00000234919	1	many_to_many_sameNumber	ENSMUSG00000101447;ENSMUSG00000051616;ENSMUSG00000099608;ENSMUSG00000100816	0	NA	NA	NA	1
ENSG00000232227	1	many_to_many_sameNumber	ENSMUSG00000101447;ENSMUSG00000051616;ENSMUSG00000099608;ENSMUSG00000100816	0	NA	NA	NA	0
ENSG00000259094	1	one_to_one	ENSMUSG00000101275	0	NA	NA	NA	0
ENSG00000235319	1	one_to_many	ENSMUSG00000100269;ENSMUSG00000041878	1	one_to_many	lncgDivg	ENSMUSG00000041878;ENSMUSG00000100269	1
ENSG00000237525	1	many_to_many_DifferentNumber	ENSMUSG00000073652;ENSMUSG00000099707	0	NA	NA	NA	1
ENSG00000227824	1	many_to_many_DifferentNumber	ENSMUSG00000073652;ENSMUSG00000099707	0	NA	NA	NA	1
ENSG00000225166	1	many_to_many_DifferentNumber	ENSMUSG00000073652;ENSMUSG00000099707	0	NA	NA	NA	1
ENSG00000228618	1	many_to_many_DifferentNumber	ENSMUSG00000073652;ENSMUSG00000099707	0	NA	NA	NA	1
ENSG00000230838	1	many_to_many_DifferentNumber	ENSMUSG00000073652;ENSMUSG00000099707	0	NA	NA	NA	1
ENSG00000288791	1	many_to_many_DifferentNumber	ENSMUSG00000073652;ENSMUSG00000099707	0	NA	NA	NA	1
ENSG00000230695	1	many_to_many_DifferentNumber	ENSMUSG00000073652;ENSMUSG00000099707	1	one_to_one	lncgDivg	ENSMUSG00000073652	1
ENSG00000235770	1	many_to_many_DifferentNumber	ENSMUSG00000101848;ENSMUSG00000101764;ENSMUSG00000102123;ENSMUSG00000101211;ENSMUSG00000121242	1	one_to_one	lincSS.dw	ENSMUSG00000102123	1
ENSG00000226276	1	many_to_many_DifferentNumber	ENSMUSG00000101848;ENSMUSG00000101764;ENSMUSG00000102123;ENSMUSG00000101211;ENSMUSG00000121242	0	NA	NA	NA	1
ENSG00000234938	1	many_to_many_DifferentNumber	ENSMUSG00000101848;ENSMUSG00000101764;ENSMUSG00000102123;ENSMUSG00000101211;ENSMUSG00000121242	0	NA	NA	NA	1
ENSG00000227981	1	many_to_many_DifferentNumber	ENSMUSG00000101848;ENSMUSG00000101764;ENSMUSG00000102123;ENSMUSG00000101211;ENSMUSG00000121242	0	NA	NA	NA	1
ENSG00000231646	1	many_to_one	ENSMUSG00000087061	0	NA	NA	NA	0
ENSG00000226747	1	many_to_one	ENSMUSG00000087061	0	NA	NA	NA	0
ENSG00000280744	1	one_to_many	ENSMUSG00000099378;ENSMUSG00000097398	0	NA	NA	NA	1
ENSG00000235726	1	one_to_many	ENSMUSG00000099848;ENSMUSG00000120921	0	NA	NA	NA	1
ENSG00000225216	1	one_to_many	ENSMUSG00000100811;ENSMUSG00000100426	1	one_to_one	lncgDivg	ENSMUSG00000100811	0
ENSG00000234663	1	many_to_many_sameNumber	ENSMUSG00000121035;ENSMUSG00000121134	0	NA	NA	NA	0
ENSG00000289389	1	many_to_many_sameNumber	ENSMUSG00000121035;ENSMUSG00000121134	0	NA	NA	NA	0
ENSG00000236153	1	many_to_one	ENSMUSG00000120236	0	NA	NA	NA	0
ENSG00000238171	1	many_to_one	ENSMUSG00000120236	0	NA	NA	NA	0
ENSG00000226681	1	many_to_one	ENSMUSG00000120236	0	NA	NA	NA	0
ENSG00000222035	1	many_to_many_DifferentNumber	ENSMUSG00000099811;ENSMUSG00000101409	1	many_to_many	lncgDivg	ENSMUSG00000101409;ENSMUSG00000099811	1
ENSG00000287041	1	many_to_many_DifferentNumber	ENSMUSG00000099811;ENSMUSG00000101409	1	many_to_many	lncgDivg	ENSMUSG00000101409;ENSMUSG00000099811	1
ENSG00000231903	1	many_to_many_DifferentNumber	ENSMUSG00000099811;ENSMUSG00000101409	1	many_to_many	lncgDivg	ENSMUSG00000101409;ENSMUSG00000099811	1
ENSG00000233654	1	one_to_one	ENSMUSG00000099878	0	NA	NA	NA	0
ENSG00000284052	1	one_to_one	ENSMUSG00000100120	0	NA	NA	NA	0
ENSG00000234714	1	many_to_many_DifferentNumber	ENSMUSG00000085248;ENSMUSG00000085447;ENSMUSG00000086408;ENSMUSG00000100965	0	NA	NA	NA	0
ENSG00000237843	1	many_to_many_DifferentNumber	ENSMUSG00000085248;ENSMUSG00000085447;ENSMUSG00000086408;ENSMUSG00000100965	0	NA	NA	NA	0
ENSG00000237271	1	many_to_many_sameNumber	ENSMUSG00000100893;ENSMUSG00000086009	0	NA	NA	NA	0
ENSG00000236634	1	many_to_many_sameNumber	ENSMUSG00000100893;ENSMUSG00000086009	1	one_to_one	lincDivg	ENSMUSG00000086009	0
ENSG00000274629	1	one_to_one	ENSMUSG00000101257	0	NA	NA	NA	1
ENSG00000224467	1	one_to_one	ENSMUSG00000075325	0	NA	NA	NA	0
ENSG00000234279	1	many_to_one	ENSMUSG00000101705	0	NA	NA	NA	0
ENSG00000286748	1	many_to_one	ENSMUSG00000101705	0	NA	NA	NA	0
ENSG00000226992	1	many_to_one	ENSMUSG00000100980	0	NA	NA	NA	0
ENSG00000286160	1	many_to_one	ENSMUSG00000100980	0	NA	NA	NA	0
ENSG00000225493	1	many_to_one	ENSMUSG00000100980	0	NA	NA	NA	0
ENSG00000229915	1	many_to_one	ENSMUSG00000100980	0	NA	NA	NA	1
ENSG00000287135	1	many_to_one	ENSMUSG00000099784	1	one_to_one	lincSS.dw	ENSMUSG00000099784	0
ENSG00000289498	1	many_to_one	ENSMUSG00000099784	1	one_to_one	lncgSS.dw	ENSMUSG00000093436	0
ENSG00000229743	1	many_to_one	ENSMUSG00000097063	0	NA	NA	NA	0
ENSG00000224509	1	many_to_one	ENSMUSG00000097063	0	NA	NA	NA	0
ENSG00000204380	1	one_to_one	ENSMUSG00000087455	0	NA	NA	NA	1
ENSG00000232023	1	many_to_one	ENSMUSG00000100580	0	NA	NA	NA	1
ENSG00000228226	1	many_to_one	ENSMUSG00000100580	0	NA	NA	NA	0
ENSG00000232328	1	one_to_one	ENSMUSG00000101028	0	NA	NA	NA	0
ENSG00000124835	1	many_to_many_sameNumber	ENSMUSG00000101951;ENSMUSG00000101997	0	NA	NA	NA	0
ENSG00000227252	1	many_to_many_sameNumber	ENSMUSG00000101951;ENSMUSG00000101997	0	NA	NA	NA	0
ENSG00000220256	1	many_to_many_DifferentNumber	ENSMUSG00000101265;ENSMUSG00000120000	1	one_to_one	lincConv	ENSMUSG00000120000	1
ENSG00000259889	1	many_to_many_DifferentNumber	ENSMUSG00000101265;ENSMUSG00000120000	0	NA	NA	NA	1
ENSG00000196758	1	many_to_many_DifferentNumber	ENSMUSG00000101265;ENSMUSG00000120000	0	NA	NA	NA	1
ENSG00000227459	1	many_to_many_DifferentNumber	ENSMUSG00000101265;ENSMUSG00000120000	0	NA	NA	NA	1
ENSG00000286307	1	many_to_many_DifferentNumber	ENSMUSG00000101265;ENSMUSG00000120000	0	NA	NA	NA	1
ENSG00000287405	1	many_to_many_DifferentNumber	ENSMUSG00000101265;ENSMUSG00000120000	0	NA	NA	NA	1
ENSG00000286188	1	many_to_many_DifferentNumber	ENSMUSG00000101265;ENSMUSG00000120000	0	NA	NA	NA	1
ENSG00000286525	1	many_to_many_DifferentNumber	ENSMUSG00000101265;ENSMUSG00000120000	0	NA	NA	NA	1
ENSG00000222020	1	many_to_many_DifferentNumber	ENSMUSG00000101265;ENSMUSG00000120000	0	NA	NA	NA	1
ENSG00000237750	1	one_to_one	ENSMUSG00000085029	1	one_to_one	lncgDivg	ENSMUSG00000085029	0
ENSG00000226542	1	one_to_many	ENSMUSG00000101288;ENSMUSG00000099938;ENSMUSG00000120521	0	NA	NA	NA	0
ENSG00000238062	1	one_to_one	ENSMUSG00000100108	0	NA	NA	NA	1
ENSG00000239498	1	many_to_many_DifferentNumber	ENSMUSG00000100827;ENSMUSG00000100553	0	NA	NA	NA	1
ENSG00000235337	1	many_to_many_DifferentNumber	ENSMUSG00000100827;ENSMUSG00000100553	0	NA	NA	NA	1
ENSG00000236451	1	many_to_many_DifferentNumber	ENSMUSG00000100827;ENSMUSG00000100553	0	NA	NA	NA	1
ENSG00000224819	1	many_to_many_DifferentNumber	ENSMUSG00000100827;ENSMUSG00000100553	0	NA	NA	NA	1
ENSG00000267919	1	many_to_many_DifferentNumber	ENSMUSG00000100827;ENSMUSG00000100553	0	NA	NA	NA	1
ENSG00000227308	1	many_to_many_DifferentNumber	ENSMUSG00000100827;ENSMUSG00000100553	0	NA	NA	NA	1
ENSG00000288902	1	many_to_many_DifferentNumber	ENSMUSG00000100827;ENSMUSG00000100553	0	NA	NA	NA	1
ENSG00000286170	1	many_to_many_DifferentNumber	ENSMUSG00000099996;ENSMUSG00000100534	0	NA	NA	NA	1
ENSG00000286272	1	many_to_many_DifferentNumber	ENSMUSG00000099996;ENSMUSG00000100534	0	NA	NA	NA	1
ENSG00000286199	1	many_to_many_DifferentNumber	ENSMUSG00000099996;ENSMUSG00000100534	0	NA	NA	NA	1
ENSG00000228909	1	many_to_many_DifferentNumber	ENSMUSG00000099996;ENSMUSG00000100534	0	NA	NA	NA	1
ENSG00000290000	1	many_to_many_DifferentNumber	ENSMUSG00000099996;ENSMUSG00000100534	0	NA	NA	NA	1
ENSG00000229647	1	many_to_one	ENSMUSG00000086836	1	many_to_one	lncgDivg	ENSMUSG00000086836	1
ENSG00000224342	1	many_to_one	ENSMUSG00000086836	1	many_to_one	lncgDivg	ENSMUSG00000086836	1
ENSG00000286568	1	many_to_one	ENSMUSG00000086836	0	NA	NA	NA	1
ENSG00000225916	1	many_to_one	ENSMUSG00000086836	0	NA	NA	NA	1
ENSG00000225064	1	many_to_one	ENSMUSG00000086836	0	NA	NA	NA	1
ENSG00000223725	1	many_to_one	ENSMUSG00000101895	0	NA	NA	NA	1
ENSG00000237892	1	many_to_one	ENSMUSG00000101895	0	NA	NA	NA	1
ENSG00000234902	1	many_to_one	ENSMUSG00000101895	1	many_to_one	lincSS.up	ENSMUSG00000101895	1
ENSG00000240440	1	many_to_one	ENSMUSG00000101895	1	many_to_one	lincSS.up	ENSMUSG00000101895	1
ENSG00000270540	1	many_to_one	ENSMUSG00000100850	1	many_to_one	lncgDivg	ENSMUSG00000100850	1
ENSG00000232893	1	many_to_one	ENSMUSG00000100850	1	many_to_one	lncgDivg	ENSMUSG00000100850	0
ENSG00000236283	1	one_to_one	ENSMUSG00000086881	0	NA	NA	NA	1
ENSG00000289555	1	one_to_one	ENSMUSG00000100927	1	one_to_one	lncgDivg	ENSMUSG00000100927	1
ENSG00000223642	1	many_to_many_sameNumber	ENSMUSG00000085975;ENSMUSG00000086603	1	many_to_many_strict	lncgDivg	ENSMUSG00000085975;ENSMUSG00000086603	1
ENSG00000224152	1	many_to_many_sameNumber	ENSMUSG00000085975;ENSMUSG00000086603	1	many_to_many_strict	lncgDivg	ENSMUSG00000085975;ENSMUSG00000086603	1
ENSG00000226266	1	one_to_one	ENSMUSG00000121263	0	NA	NA	NA	1
ENSG00000287027	1	one_to_one	ENSMUSG00000121279	0	NA	NA	NA	1
ENSG00000287299	1	one_to_one	ENSMUSG00000091283	1	one_to_one	lncgDivg	ENSMUSG00000091283	1
ENSG00000224177	1	many_to_one	ENSMUSG00000114018	0	NA	NA	NA	1
ENSG00000285569	1	many_to_one	ENSMUSG00000114018	1	one_to_one	lincConv	ENSMUSG00000114018	1
ENSG00000230686	1	many_to_one	ENSMUSG00000109599	0	NA	NA	NA	1
ENSG00000231858	1	many_to_one	ENSMUSG00000109599	1	one_to_one	lncgConv	ENSMUSG00000109599	1
ENSG00000288064	1	one_to_many	ENSMUSG00000101724;ENSMUSG00000100313	0	NA	NA	NA	1
ENSG00000187600	1	many_to_one	ENSMUSG00000099798	0	NA	NA	NA	0
ENSG00000284608	1	many_to_one	ENSMUSG00000099798	0	NA	NA	NA	1
ENSG00000253515	1	many_to_one	ENSMUSG00000099798	0	NA	NA	NA	1
ENSG00000237581	1	many_to_one	ENSMUSG00000085420	1	many_to_one	lncgDivg	ENSMUSG00000085420	1
ENSG00000286059	1	many_to_one	ENSMUSG00000085420	1	many_to_one	lncgDivg	ENSMUSG00000085420	1
ENSG00000286883	1	one_to_one	ENSMUSG00000121056	0	NA	NA	NA	1
ENSG00000223523	1	many_to_one	ENSMUSG00000101701	0	NA	NA	NA	1
ENSG00000174325	1	many_to_one	ENSMUSG00000101701	0	NA	NA	NA	1
ENSG00000272564	1	many_to_many_sameNumber	ENSMUSG00000097133;ENSMUSG00000108356	1	many_to_one	lncgDivg	ENSMUSG00000108709	0
ENSG00000232504	1	many_to_many_sameNumber	ENSMUSG00000097133;ENSMUSG00000108356	1	many_to_one	lncgDivg	ENSMUSG00000108709	0
ENSG00000186235	1	one_to_one	ENSMUSG00000100253	1	one_to_one	lincSS.dw	ENSMUSG00000100253	1
ENSG00000283635	1	one_to_one	ENSMUSG00000100151	0	NA	NA	NA	1
ENSG00000223874	1	one_to_many	ENSMUSG00000101112;ENSMUSG00000101812;ENSMUSG00000100429	0	NA	NA	NA	1
ENSG00000231672	1	many_to_many_sameNumber	ENSMUSG00000099877;ENSMUSG00000100444;ENSMUSG00000100301;ENSMUSG00000101344	1	one_to_many	lincSS.dw	ENSMUSG00000101344;ENSMUSG00000100301	0
ENSG00000237479	1	many_to_many_sameNumber	ENSMUSG00000099877;ENSMUSG00000100444;ENSMUSG00000100301;ENSMUSG00000101344	0	NA	NA	NA	0
ENSG00000236295	1	many_to_many_sameNumber	ENSMUSG00000099877;ENSMUSG00000100444;ENSMUSG00000100301;ENSMUSG00000101344	0	NA	NA	NA	0
ENSG00000287498	1	many_to_many_sameNumber	ENSMUSG00000099877;ENSMUSG00000100444;ENSMUSG00000100301;ENSMUSG00000101344	0	NA	NA	NA	0
ENSG00000260942	1	one_to_one	ENSMUSG00000100632	0	NA	NA	NA	1
ENSG00000224490	1	many_to_one	ENSMUSG00000086671	1	one_to_one	lncgDivg	ENSMUSG00000086671	1
ENSG00000236107	1	many_to_one	ENSMUSG00000086671	0	NA	NA	NA	1
ENSG00000288898	1	one_to_one	ENSMUSG00000089964	0	NA	NA	NA	1
ENSG00000230432	1	one_to_one	ENSMUSG00000101840	1	one_to_one	lncgDivg	ENSMUSG00000101840	1
ENSG00000283118	1	many_to_many_DifferentNumber	ENSMUSG00000052248;ENSMUSG00000100135;ENSMUSG00000085591;ENSMUSG00000086202;ENSMUSG00000086710;ENSMUSG00000120385;ENSMUSG00000120320	1	many_to_one	lncgDivg	ENSMUSG00000052248	1
ENSG00000238057	1	many_to_many_DifferentNumber	ENSMUSG00000052248;ENSMUSG00000100135;ENSMUSG00000085591;ENSMUSG00000086202;ENSMUSG00000086710;ENSMUSG00000120385;ENSMUSG00000120320	1	many_to_one	lncgDivg	ENSMUSG00000052248	0
ENSG00000226674	1	many_to_many_DifferentNumber	ENSMUSG00000052248;ENSMUSG00000100135;ENSMUSG00000085591;ENSMUSG00000086202;ENSMUSG00000086710;ENSMUSG00000120385;ENSMUSG00000120320	0	NA	NA	NA	0
ENSG00000286225	1	many_to_many_DifferentNumber	ENSMUSG00000052248;ENSMUSG00000100135;ENSMUSG00000085591;ENSMUSG00000086202;ENSMUSG00000086710;ENSMUSG00000120385;ENSMUSG00000120320	0	NA	NA	NA	0
ENSG00000233842	1	many_to_many_DifferentNumber	ENSMUSG00000052248;ENSMUSG00000100135;ENSMUSG00000085591;ENSMUSG00000086202;ENSMUSG00000086710;ENSMUSG00000120385;ENSMUSG00000120320	0	NA	NA	NA	0
ENSG00000231040	1	many_to_many_DifferentNumber	ENSMUSG00000052248;ENSMUSG00000100135;ENSMUSG00000085591;ENSMUSG00000086202;ENSMUSG00000086710;ENSMUSG00000120385;ENSMUSG00000120320	0	NA	NA	NA	0
ENSG00000287847	1	many_to_many_DifferentNumber	ENSMUSG00000052248;ENSMUSG00000100135;ENSMUSG00000085591;ENSMUSG00000086202;ENSMUSG00000086710;ENSMUSG00000120385;ENSMUSG00000120320	0	NA	NA	NA	0
ENSG00000232606	1	many_to_many_DifferentNumber	ENSMUSG00000052248;ENSMUSG00000100135;ENSMUSG00000085591;ENSMUSG00000086202;ENSMUSG00000086710;ENSMUSG00000120385;ENSMUSG00000120320	1	many_to_one	lncgDivg	ENSMUSG00000052248	0
ENSG00000234940	1	many_to_many_DifferentNumber	ENSMUSG00000086830;ENSMUSG00000086644;ENSMUSG00000121074;ENSMUSG00000086353	0	NA	NA	NA	0
ENSG00000268580	1	many_to_many_DifferentNumber	ENSMUSG00000086830;ENSMUSG00000086644;ENSMUSG00000121074;ENSMUSG00000086353	0	NA	NA	NA	0
ENSG00000235435	1	many_to_many_DifferentNumber	ENSMUSG00000086830;ENSMUSG00000086644;ENSMUSG00000121074;ENSMUSG00000086353	0	NA	NA	NA	0
ENSG00000225107	1	many_to_many_DifferentNumber	ENSMUSG00000086830;ENSMUSG00000086644;ENSMUSG00000121074;ENSMUSG00000086353	0	NA	NA	NA	0
ENSG00000226218	1	many_to_many_DifferentNumber	ENSMUSG00000086830;ENSMUSG00000086644;ENSMUSG00000121074;ENSMUSG00000086353	0	NA	NA	NA	0
ENSG00000287115	1	many_to_many_DifferentNumber	ENSMUSG00000086830;ENSMUSG00000086644;ENSMUSG00000121074;ENSMUSG00000086353	0	NA	NA	NA	0
ENSG00000265451	1	many_to_one	ENSMUSG00000120092	1	one_to_many	lncgDivg	ENSMUSG00000107722;ENSMUSG00000120092	0
ENSG00000236859	1	many_to_one	ENSMUSG00000120092	0	NA	NA	NA	1
ENSG00000287858	1	many_to_one	ENSMUSG00000097649	1	one_to_one	lncgDivg	ENSMUSG00000097649	0
ENSG00000222017	1	many_to_one	ENSMUSG00000097649	0	NA	NA	NA	1
ENSG00000233397	1	many_to_one	ENSMUSG00000087518	0	NA	NA	NA	0
ENSG00000230918	1	many_to_one	ENSMUSG00000087518	1	one_to_one	lncgDivg	ENSMUSG00000087518	0
ENSG00000222043	1	many_to_many_DifferentNumber	ENSMUSG00000086813;ENSMUSG00000087222	1	many_to_one	lncgDivg	ENSMUSG00000087222	1
ENSG00000271825	1	many_to_many_DifferentNumber	ENSMUSG00000086813;ENSMUSG00000087222	1	many_to_one	lncgDivg	ENSMUSG00000087222	1
ENSG00000271996	1	many_to_many_DifferentNumber	ENSMUSG00000086813;ENSMUSG00000087222	1	many_to_one	lncgDivg	ENSMUSG00000087222	1
ENSG00000213963	1	one_to_one	ENSMUSG00000087527	0	NA	NA	NA	1
ENSG00000286183	1	many_to_many_DifferentNumber	ENSMUSG00000099665;ENSMUSG00000100781;ENSMUSG00000100546	1	many_to_one	lincSS.up	ENSMUSG00000100546	1
ENSG00000227479	1	many_to_many_DifferentNumber	ENSMUSG00000099665;ENSMUSG00000100781;ENSMUSG00000100546	1	many_to_one	lincSS.up	ENSMUSG00000100546	1
ENSG00000233849	1	many_to_one	ENSMUSG00000120960	1	one_to_one	lncgDivg	ENSMUSG00000120960	1
ENSG00000229229	1	many_to_one	ENSMUSG00000120960	0	NA	NA	NA	1
ENSG00000233502	1	one_to_one	ENSMUSG00000120079	1	one_to_one	lncgDivg	ENSMUSG00000120079	1
ENSG00000234638	1	one_to_one	ENSMUSG00000085653	0	NA	NA	NA	1
ENSG00000289410	1	one_to_many	ENSMUSG00000085665;ENSMUSG00000086366	1	one_to_one	lincSS.dw	ENSMUSG00000085665	0
ENSG00000270460	1	one_to_one	ENSMUSG00000085252	0	NA	NA	NA	1
ENSG00000237798	1	many_to_one	ENSMUSG00000086069	1	one_to_one	lncgDivg	ENSMUSG00000086069	1
ENSG00000290018	1	many_to_one	ENSMUSG00000086069	0	NA	NA	NA	0
ENSG00000236449	1	many_to_many_DifferentNumber	ENSMUSG00000085519;ENSMUSG00000086546;ENSMUSG00000087176;ENSMUSG00000085768	0	NA	NA	NA	1
ENSG00000226853	1	many_to_many_DifferentNumber	ENSMUSG00000085519;ENSMUSG00000086546;ENSMUSG00000087176;ENSMUSG00000085768	1	one_to_many	lncgDivg	ENSMUSG00000087176;ENSMUSG00000086546;ENSMUSG00000085519	1
ENSG00000225284	1	one_to_one	ENSMUSG00000117440	1	one_to_one	lncgDivg	ENSMUSG00000117440	1
ENSG00000286347	1	one_to_one	ENSMUSG00000090891	1	one_to_one	lncgDivg	ENSMUSG00000108006	1
ENSG00000271947	1	many_to_one	ENSMUSG00000114048	0	NA	NA	NA	0
ENSG00000228203	1	many_to_one	ENSMUSG00000114048	1	one_to_one	lncgDivg	ENSMUSG00000114048	0
ENSG00000274769	1	one_to_one	ENSMUSG00000085415	0	NA	NA	NA	1
ENSG00000235192	1	one_to_one	ENSMUSG00000100197	1	one_to_one	lncgDivg	ENSMUSG00000100197	1
ENSG00000287133	1	one_to_one	ENSMUSG00000097573	1	one_to_one	lncgConv	ENSMUSG00000097573	1
ENSG00000289026	1	one_to_one	ENSMUSG00000099922	0	NA	NA	NA	1
ENSG00000286645	1	one_to_one	ENSMUSG00000112517	0	NA	NA	NA	1
ENSG00000273306	1	one_to_one	ENSMUSG00000102716	1	one_to_one	lncgDivg	ENSMUSG00000102716	1
ENSG00000230393	1	many_to_many_DifferentNumber	ENSMUSG00000085391;ENSMUSG00000085280;ENSMUSG00000087131	1	one_to_many	lncgDivg	ENSMUSG00000085391;ENSMUSG00000085280;ENSMUSG00000087131	1
ENSG00000232084	1	many_to_many_DifferentNumber	ENSMUSG00000085391;ENSMUSG00000085280;ENSMUSG00000087131	0	NA	NA	NA	1
ENSG00000288582	1	many_to_one	ENSMUSG00000101702	0	NA	NA	NA	1
ENSG00000225884	1	many_to_one	ENSMUSG00000101702	0	NA	NA	NA	1
ENSG00000286335	1	one_to_one	ENSMUSG00000085357	1	one_to_one	lncgDivg	ENSMUSG00000085357	1
ENSG00000230645	1	many_to_many_DifferentNumber	ENSMUSG00000085862;ENSMUSG00000115545;ENSMUSG00000085429	0	NA	NA	NA	0
ENSG00000231969	1	many_to_many_DifferentNumber	ENSMUSG00000085862;ENSMUSG00000115545;ENSMUSG00000085429	1	one_to_one	lncgDivg	ENSMUSG00000085862	0
ENSG00000183308	1	one_to_one	ENSMUSG00000085054	0	NA	NA	NA	1
ENSG00000273106	1	one_to_many	ENSMUSG00000117595;ENSMUSG00000097047	0	NA	NA	NA	1
ENSG00000229498	1	one_to_one	ENSMUSG00000108709	0	NA	NA	NA	0
ENSG00000233060	1	one_to_many	ENSMUSG00000085589;ENSMUSG00000107876;ENSMUSG00000107689;ENSMUSG00000101655	0	NA	NA	NA	1
ENSG00000270557	1	many_to_one	ENSMUSG00000086129	1	many_to_one	lncgSS.dw	ENSMUSG00000086129	1
ENSG00000271320	1	many_to_one	ENSMUSG00000086129	1	many_to_one	lncgSS.dw	ENSMUSG00000086129	1
ENSG00000237327	1	many_to_one	ENSMUSG00000086129	1	many_to_one	lncgSS.dw	ENSMUSG00000086129	1
ENSG00000227480	1	many_to_one	ENSMUSG00000086129	0	NA	NA	NA	1
ENSG00000237380	1	one_to_one	ENSMUSG00000100209	1	many_to_one	lncgDivg	ENSMUSG00000052371	1
ENSG00000236432	1	one_to_one	ENSMUSG00000097564	0	NA	NA	NA	1
ENSG00000230452	1	one_to_one	ENSMUSG00000073242	0	NA	NA	NA	1
ENSG00000224132	1	one_to_one	ENSMUSG00000056128	0	NA	NA	NA	0
ENSG00000231731	1	one_to_one	ENSMUSG00000120022	1	one_to_one	lncgDivg	ENSMUSG00000120022	1
ENSG00000230046	1	many_to_one	ENSMUSG00000097546	1	many_to_many_strict	lncgDivg	ENSMUSG00000117358;ENSMUSG00000097546	1
ENSG00000290864	1	many_to_one	ENSMUSG00000097546	1	many_to_many_strict	lncgDivg	ENSMUSG00000117358;ENSMUSG00000097546	1
ENSG00000230876	1	many_to_one	ENSMUSG00000117342	0	NA	NA	NA	1
ENSG00000236854	1	many_to_one	ENSMUSG00000117342	0	NA	NA	NA	1
ENSG00000286101	1	one_to_many	ENSMUSG00000091937;ENSMUSG00000101634	1	one_to_one	lincSS.up	ENSMUSG00000091937	0
ENSG00000286223	1	many_to_one	ENSMUSG00000119961	0	NA	NA	NA	1
ENSG00000273456	1	many_to_one	ENSMUSG00000119961	1	one_to_one	lncgDivg	ENSMUSG00000119961	1
ENSG00000237753	1	one_to_many	ENSMUSG00000086652;ENSMUSG00000084826	0	NA	NA	NA	1
ENSG00000289003	1	many_to_one	ENSMUSG00000112121	0	NA	NA	NA	1
ENSG00000231312	1	many_to_one	ENSMUSG00000112121	0	NA	NA	NA	1
ENSG00000273035	1	one_to_one	ENSMUSG00000120134	0	NA	NA	NA	1
ENSG00000205500	1	one_to_one	ENSMUSG00000087258	1	one_to_one	lncgDivg	ENSMUSG00000087258	1
ENSG00000287524	1	one_to_many	ENSMUSG00000085842;ENSMUSG00000085019;ENSMUSG00000085400;ENSMUSG00000100750	1	one_to_many	lncgDivg	ENSMUSG00000100750;ENSMUSG00000085842;ENSMUSG00000085019;ENSMUSG00000085400	0
ENSG00000279220	1	one_to_one	ENSMUSG00000086730	1	one_to_one	lncgDivg	ENSMUSG00000086730	0
ENSG00000235335	1	one_to_one	ENSMUSG00000097067	0	NA	NA	NA	1
ENSG00000288958	1	one_to_one	ENSMUSG00000084946	1	one_to_one	lncgConv	ENSMUSG00000084946	0
ENSG00000288900	1	one_to_one	ENSMUSG00000120049	1	one_to_one	lncgDivg	ENSMUSG00000120049	1
ENSG00000259439	1	many_to_one	ENSMUSG00000093460	1	many_to_many_strict	lncgDivg	ENSMUSG00000099635;ENSMUSG00000093460	1
ENSG00000236502	1	many_to_one	ENSMUSG00000093460	1	many_to_many_strict	lncgDivg	ENSMUSG00000099635;ENSMUSG00000093460	1
ENSG00000233611	1	one_to_one	ENSMUSG00000092627	1	one_to_one	lncgDivg	ENSMUSG00000092627	1
ENSG00000233766	1	one_to_many	ENSMUSG00000101242;ENSMUSG00000101799	0	NA	NA	NA	1
ENSG00000289082	1	many_to_many_DifferentNumber	ENSMUSG00000117442;ENSMUSG00000117611;ENSMUSG00000117431;ENSMUSG00000117432;ENSMUSG00000117571;ENSMUSG00000121087	1	many_to_one	lncgDivg	ENSMUSG00000121087	1
ENSG00000288886	1	many_to_many_DifferentNumber	ENSMUSG00000117442;ENSMUSG00000117611;ENSMUSG00000117431;ENSMUSG00000117432;ENSMUSG00000117571;ENSMUSG00000121087	1	many_to_one	lncgDivg	ENSMUSG00000121087	1
ENSG00000286796	1	many_to_many_DifferentNumber	ENSMUSG00000117442;ENSMUSG00000117611;ENSMUSG00000117431;ENSMUSG00000117432;ENSMUSG00000117571;ENSMUSG00000121087	1	one_to_one	lincConv	ENSMUSG00000117571	1
ENSG00000287387	1	many_to_many_DifferentNumber	ENSMUSG00000117442;ENSMUSG00000117611;ENSMUSG00000117431;ENSMUSG00000117432;ENSMUSG00000117571;ENSMUSG00000121087	0	NA	NA	NA	1
ENSG00000231826	1	many_to_many_DifferentNumber	ENSMUSG00000097254;ENSMUSG00000117421;ENSMUSG00000117564;ENSMUSG00000117446;ENSMUSG00000117485;ENSMUSG00000121234	0	NA	NA	NA	1
ENSG00000233978	1	many_to_many_DifferentNumber	ENSMUSG00000097254;ENSMUSG00000117421;ENSMUSG00000117564;ENSMUSG00000117446;ENSMUSG00000117485;ENSMUSG00000121234	0	NA	NA	NA	1
ENSG00000230587	1	many_to_many_DifferentNumber	ENSMUSG00000097254;ENSMUSG00000117421;ENSMUSG00000117564;ENSMUSG00000117446;ENSMUSG00000117485;ENSMUSG00000121234	1	one_to_many	lincSS.dw	ENSMUSG00000117485;ENSMUSG00000121234	1
ENSG00000227028	1	one_to_one	ENSMUSG00000117413	1	one_to_one	lncgConv	ENSMUSG00000117413	1
ENSG00000234818	1	many_to_one	ENSMUSG00000114024	1	many_to_one	lncgDivg	ENSMUSG00000114024	1
ENSG00000243819	1	many_to_one	ENSMUSG00000114024	1	many_to_one	lncgDivg	ENSMUSG00000114024	1
ENSG00000236162	1	many_to_one	ENSMUSG00000114024	0	NA	NA	NA	1
ENSG00000224137	1	one_to_many	ENSMUSG00000101832;ENSMUSG00000100437	1	one_to_one	lincDivg	ENSMUSG00000100437	1
ENSG00000288986	1	many_to_one	ENSMUSG00000121213	1	many_to_one	lincSS.up	ENSMUSG00000121213	0
ENSG00000234572	1	many_to_one	ENSMUSG00000121213	1	many_to_one	lincSS.up	ENSMUSG00000121213	0
ENSG00000237638	1	many_to_one	ENSMUSG00000121213	0	NA	NA	NA	1
ENSG00000224391	1	one_to_many	ENSMUSG00000121273;ENSMUSG00000120056	1	one_to_one	lincConv	ENSMUSG00000120056	1
ENSG00000233143	1	one_to_one	ENSMUSG00000101968	0	NA	NA	NA	1
ENSG00000227227	1	one_to_one	ENSMUSG00000085335	0	NA	NA	NA	1
ENSG00000235934	1	many_to_one	ENSMUSG00000097025	1	many_to_one	lncgDivg	ENSMUSG00000087264	0
ENSG00000286611	1	many_to_one	ENSMUSG00000097025	1	many_to_one	lncgDivg	ENSMUSG00000087264	0
ENSG00000286115	1	many_to_one	ENSMUSG00000097025	0	NA	NA	NA	1
ENSG00000231758	1	many_to_one	ENSMUSG00000085089	1	many_to_one	lncgDivg	ENSMUSG00000085089	1
ENSG00000257277	1	many_to_one	ENSMUSG00000085089	1	many_to_one	lncgDivg	ENSMUSG00000085089	1
ENSG00000257226	1	many_to_one	ENSMUSG00000085089	0	NA	NA	NA	1
ENSG00000257284	1	many_to_one	ENSMUSG00000085089	1	many_to_one	lncgDivg	ENSMUSG00000085089	1
ENSG00000228655	1	many_to_one	ENSMUSG00000085089	1	many_to_one	lncgDivg	ENSMUSG00000085089	1
ENSG00000237477	1	one_to_one	ENSMUSG00000085277	1	one_to_one	lincDivg	ENSMUSG00000085277	0
ENSG00000286904	1	one_to_one	ENSMUSG00000085036	0	NA	NA	NA	1
ENSG00000223522	1	many_to_one	ENSMUSG00000106894	1	one_to_one	lncgDivg	ENSMUSG00000106894	1
ENSG00000229951	1	many_to_one	ENSMUSG00000106894	0	NA	NA	NA	1
ENSG00000230730	1	many_to_many_sameNumber	ENSMUSG00000107078;ENSMUSG00000107036	0	NA	NA	NA	1
ENSG00000226833	1	many_to_many_sameNumber	ENSMUSG00000107078;ENSMUSG00000107036	0	NA	NA	NA	0
ENSG00000226548	1	one_to_one	ENSMUSG00000117384	0	NA	NA	NA	1
ENSG00000272814	1	many_to_many_sameNumber	ENSMUSG00000089701;ENSMUSG00000089755	1	many_to_many	lncgDivg	ENSMUSG00000085287;ENSMUSG00000089701;ENSMUSG00000089755	1
ENSG00000233845	1	many_to_many_sameNumber	ENSMUSG00000089701;ENSMUSG00000089755	1	many_to_many	lncgDivg	ENSMUSG00000085287;ENSMUSG00000089701;ENSMUSG00000089755	1
ENSG00000218416	1	one_to_one	ENSMUSG00000101995	1	one_to_many	lncgDivg	ENSMUSG00000100781;ENSMUSG00000101995	1
ENSG00000235529	1	one_to_one	ENSMUSG00000101662	1	one_to_one	lncgSS.dw	ENSMUSG00000101662	0
ENSG00000222007	1	one_to_many	ENSMUSG00000102009;ENSMUSG00000121272	1	one_to_many	lncgDivg	ENSMUSG00000102009;ENSMUSG00000121272	0
ENSG00000231189	1	many_to_one	ENSMUSG00000101324	0	NA	NA	NA	1
ENSG00000235610	1	many_to_one	ENSMUSG00000101324	0	NA	NA	NA	1
ENSG00000289943	1	one_to_one	ENSMUSG00000087253	1	one_to_one	lncgDivg	ENSMUSG00000087253	1
ENSG00000289974	1	one_to_one	ENSMUSG00000121003	1	one_to_one	lncgDivg	ENSMUSG00000121003	1
ENSG00000205334	1	one_to_many	ENSMUSG00000107352;ENSMUSG00000107355	0	NA	NA	NA	0
ENSG00000233230	1	one_to_one	ENSMUSG00000117369	0	NA	NA	NA	1
ENSG00000230773	1	one_to_many	ENSMUSG00000097676;ENSMUSG00000117351;ENSMUSG00000117497	0	NA	NA	NA	1
ENSG00000289018	1	one_to_many	ENSMUSG00000120538;ENSMUSG00000120706;ENSMUSG00000120832;ENSMUSG00000119944	1	one_to_many	lncgDivg	ENSMUSG00000119944;ENSMUSG00000120832	1
ENSG00000228541	1	one_to_one	ENSMUSG00000085979	1	one_to_one	lincSS.dw	ENSMUSG00000085979	0
ENSG00000290071	1	one_to_one	ENSMUSG00000086707	0	NA	NA	NA	0
ENSG00000226622	1	one_to_one	ENSMUSG00000085021	0	NA	NA	NA	0
ENSG00000288734	1	one_to_one	ENSMUSG00000108206	0	NA	NA	NA	1
ENSG00000289253	1	one_to_one	ENSMUSG00000101172	0	NA	NA	NA	1
ENSG00000227946	1	one_to_many	ENSMUSG00000101599;ENSMUSG00000084799	1	one_to_one	lncgDivg	ENSMUSG00000101599	0
ENSG00000179818	1	one_to_one	ENSMUSG00000097048	0	NA	NA	NA	1
ENSG00000272606	1	one_to_one	ENSMUSG00000086725	1	one_to_one	lncgDivg	ENSMUSG00000086725	0
ENSG00000237883	1	one_to_one	ENSMUSG00000051844	0	NA	NA	NA	1
ENSG00000287129	1	many_to_one	ENSMUSG00000102082	0	NA	NA	NA	0
ENSG00000259915	1	many_to_one	ENSMUSG00000102082	0	NA	NA	NA	0
ENSG00000237877	1	many_to_one	ENSMUSG00000102082	0	NA	NA	NA	0
ENSG00000280837	1	one_to_many	ENSMUSG00000086204;ENSMUSG00000085075;ENSMUSG00000087329	0	NA	NA	NA	1
ENSG00000279873	1	many_to_many_sameNumber	ENSMUSG00000120263;ENSMUSG00000117393	1	one_to_many	lncgDivg	ENSMUSG00000117393;ENSMUSG00000120263	1
ENSG00000234936	1	many_to_many_sameNumber	ENSMUSG00000120263;ENSMUSG00000117393	0	NA	NA	NA	1
ENSG00000224043	1	one_to_one	ENSMUSG00000121232	0	NA	NA	NA	1
ENSG00000226087	1	one_to_one	ENSMUSG00000100847	1	one_to_one	lincDivg	ENSMUSG00000100847	0
ENSG00000234690	1	one_to_many	ENSMUSG00000117361;ENSMUSG00000117414;ENSMUSG00000117486;ENSMUSG00000117545	0	NA	NA	NA	0
ENSG00000269210	1	one_to_one	ENSMUSG00000066938	1	one_to_one	lncgDivg	ENSMUSG00000066938	1
ENSG00000222000	1	one_to_one	ENSMUSG00000103603	0	NA	NA	NA	0
ENSG00000230944	1	many_to_many_sameNumber	ENSMUSG00000092448;ENSMUSG00000120743	1	one_to_one	lincConv	ENSMUSG00000120743	0
ENSG00000226258	1	many_to_many_sameNumber	ENSMUSG00000092448;ENSMUSG00000120743	1	many_to_one	lncgDivg	ENSMUSG00000092448	0
ENSG00000228351	1	many_to_one	ENSMUSG00000100219	0	NA	NA	NA	0
ENSG00000288030	1	many_to_one	ENSMUSG00000100219	0	NA	NA	NA	0
ENSG00000287623	1	many_to_one	ENSMUSG00000108103	1	many_to_one	lncgDivg	ENSMUSG00000108103	0
ENSG00000227929	1	many_to_one	ENSMUSG00000108103	1	many_to_one	lncgDivg	ENSMUSG00000108103	1
ENSG00000228723	1	many_to_one	ENSMUSG00000108103	1	many_to_one	lncgDivg	ENSMUSG00000108103	1
ENSG00000224808	1	many_to_one	ENSMUSG00000108103	1	many_to_one	lncgDivg	ENSMUSG00000108103	1
ENSG00000235830	1	many_to_one	ENSMUSG00000108103	1	many_to_one	lncgDivg	ENSMUSG00000108103	1
ENSG00000225548	1	one_to_one	ENSMUSG00000098161	1	one_to_one	lincDivg	ENSMUSG00000098161	0
ENSG00000235493	1	many_to_many_sameNumber	ENSMUSG00000097402;ENSMUSG00000111843	0	NA	NA	NA	0
ENSG00000229243	1	many_to_many_sameNumber	ENSMUSG00000097402;ENSMUSG00000111843	0	NA	NA	NA	0
ENSG00000261468	1	one_to_one	ENSMUSG00000087469	0	NA	NA	NA	0
ENSG00000228791	1	many_to_one	ENSMUSG00000114504	1	many_to_one	lncgDivg	ENSMUSG00000114504	0
ENSG00000289130	1	many_to_one	ENSMUSG00000114504	1	many_to_one	lncgDivg	ENSMUSG00000114504	0
ENSG00000225044	1	many_to_many_sameNumber	ENSMUSG00000108237;ENSMUSG00000085067	0	NA	NA	NA	0
ENSG00000288831	1	many_to_many_sameNumber	ENSMUSG00000108237;ENSMUSG00000085067	1	many_to_one	lncgDivg	ENSMUSG00000085067	0
ENSG00000269391	1	many_to_many_DifferentNumber	ENSMUSG00000117117;ENSMUSG00000104256;ENSMUSG00000067103	1	many_to_one	lincDivg	ENSMUSG00000104256	1
ENSG00000233570	1	many_to_many_DifferentNumber	ENSMUSG00000117117;ENSMUSG00000104256;ENSMUSG00000067103	1	many_to_one	lincDivg	ENSMUSG00000104256	1
ENSG00000288050	1	many_to_many_DifferentNumber	ENSMUSG00000117117;ENSMUSG00000104256;ENSMUSG00000067103	1	many_to_one	lncgDivg	ENSMUSG00000117117	1
ENSG00000271964	1	many_to_many_DifferentNumber	ENSMUSG00000117117;ENSMUSG00000104256;ENSMUSG00000067103	0	NA	NA	NA	1
ENSG00000272498	1	many_to_many_DifferentNumber	ENSMUSG00000117117;ENSMUSG00000104256;ENSMUSG00000067103	0	NA	NA	NA	0
ENSG00000272529	1	many_to_many_DifferentNumber	ENSMUSG00000117117;ENSMUSG00000104256;ENSMUSG00000067103	1	many_to_one	lncgDivg	ENSMUSG00000117117	0
ENSG00000287377	1	many_to_many_DifferentNumber	ENSMUSG00000117117;ENSMUSG00000104256;ENSMUSG00000067103	1	many_to_one	lncgDivg	ENSMUSG00000117117	1
ENSG00000235593	1	many_to_many_sameNumber	ENSMUSG00000111324;ENSMUSG00000110752;ENSMUSG00000111243;ENSMUSG00000111729	1	many_to_one	lncgDivg	ENSMUSG00000079669	0
ENSG00000235904	1	many_to_many_sameNumber	ENSMUSG00000111324;ENSMUSG00000110752;ENSMUSG00000111243;ENSMUSG00000111729	1	many_to_one	lncgDivg	ENSMUSG00000079669	0
ENSG00000227549	1	many_to_many_sameNumber	ENSMUSG00000111324;ENSMUSG00000110752;ENSMUSG00000111243;ENSMUSG00000111729	1	one_to_many	lincDivg	ENSMUSG00000111324;ENSMUSG00000111729;ENSMUSG00000111243	0
ENSG00000203506	1	many_to_many_sameNumber	ENSMUSG00000111324;ENSMUSG00000110752;ENSMUSG00000111243;ENSMUSG00000111729	1	many_to_one	lncgDivg	ENSMUSG00000079669	0
ENSG00000225386	1	many_to_many_DifferentNumber	ENSMUSG00000114907;ENSMUSG00000114513;ENSMUSG00000114586;ENSMUSG00000097547	1	one_to_one	lncgDivg	ENSMUSG00000097547	0
ENSG00000230891	1	many_to_many_DifferentNumber	ENSMUSG00000114907;ENSMUSG00000114513;ENSMUSG00000114586;ENSMUSG00000097547	0	NA	NA	NA	0
ENSG00000271192	1	many_to_many_DifferentNumber	ENSMUSG00000111192;ENSMUSG00000097736;ENSMUSG00000121444;ENSMUSG00000111068	0	NA	NA	NA	0
ENSG00000261786	1	many_to_many_DifferentNumber	ENSMUSG00000111192;ENSMUSG00000097736;ENSMUSG00000121444;ENSMUSG00000111068	0	NA	NA	NA	0
ENSG00000272121	1	many_to_many_DifferentNumber	ENSMUSG00000093598;ENSMUSG00000111146;ENSMUSG00000110984;ENSMUSG00000111221;ENSMUSG00000111143;ENSMUSG00000111577	0	NA	NA	NA	0
ENSG00000235886	1	many_to_many_DifferentNumber	ENSMUSG00000093598;ENSMUSG00000111146;ENSMUSG00000110984;ENSMUSG00000111221;ENSMUSG00000111143;ENSMUSG00000111577	1	one_to_one	lincConv	ENSMUSG00000111146	0
ENSG00000243384	1	many_to_one	ENSMUSG00000114532	0	NA	NA	NA	0
ENSG00000244383	1	many_to_one	ENSMUSG00000114532	0	NA	NA	NA	0
ENSG00000235058	1	many_to_one	ENSMUSG00000102300	0	NA	NA	NA	1
ENSG00000281358	1	many_to_one	ENSMUSG00000102300	0	NA	NA	NA	1
ENSG00000243149	1	many_to_many_sameNumber	ENSMUSG00000097462;ENSMUSG00000079462;ENSMUSG00000048636	0	NA	NA	NA	1
ENSG00000241158	1	many_to_many_sameNumber	ENSMUSG00000097462;ENSMUSG00000079462;ENSMUSG00000048636	1	many_to_many	lncgDivg	ENSMUSG00000079462;ENSMUSG00000097462;ENSMUSG00000048636	1
ENSG00000241684	1	many_to_many_sameNumber	ENSMUSG00000097462;ENSMUSG00000079462;ENSMUSG00000048636	1	many_to_many	lncgDivg	ENSMUSG00000079462;ENSMUSG00000097462;ENSMUSG00000048636	1
ENSG00000285738	1	one_to_one	ENSMUSG00000108187	0	NA	NA	NA	1
ENSG00000287873	1	many_to_one	ENSMUSG00000085413	1	one_to_one	lncgDivg	ENSMUSG00000085413	1
ENSG00000288039	1	many_to_one	ENSMUSG00000085413	0	NA	NA	NA	1
ENSG00000287053	1	many_to_one	ENSMUSG00000116769	0	NA	NA	NA	0
ENSG00000288105	1	many_to_one	ENSMUSG00000116769	0	NA	NA	NA	0
ENSG00000242781	1	many_to_one	ENSMUSG00000116769	0	NA	NA	NA	0
ENSG00000243694	1	many_to_one	ENSMUSG00000116769	0	NA	NA	NA	0
ENSG00000241593	1	many_to_many_DifferentNumber	ENSMUSG00000116792;ENSMUSG00000116800;ENSMUSG00000116750;ENSMUSG00000116982;ENSMUSG00000120735	0	NA	NA	NA	0
ENSG00000242828	1	many_to_many_DifferentNumber	ENSMUSG00000116792;ENSMUSG00000116800;ENSMUSG00000116750;ENSMUSG00000116982;ENSMUSG00000120735	0	NA	NA	NA	0
ENSG00000242145	1	many_to_many_DifferentNumber	ENSMUSG00000116792;ENSMUSG00000116800;ENSMUSG00000116750;ENSMUSG00000116982;ENSMUSG00000120735	0	NA	NA	NA	0
ENSG00000286329	1	many_to_many_DifferentNumber	ENSMUSG00000116792;ENSMUSG00000116800;ENSMUSG00000116750;ENSMUSG00000116982;ENSMUSG00000120735	0	NA	NA	NA	0
ENSG00000243295	1	many_to_many_DifferentNumber	ENSMUSG00000114615;ENSMUSG00000114391;ENSMUSG00000089833;ENSMUSG00000097898	0	NA	NA	NA	1
ENSG00000242428	1	many_to_many_DifferentNumber	ENSMUSG00000114615;ENSMUSG00000114391;ENSMUSG00000089833;ENSMUSG00000097898	1	one_to_one	lncgDivg	ENSMUSG00000097898	1
ENSG00000242545	1	many_to_one	ENSMUSG00000114298	0	NA	NA	NA	1
ENSG00000243903	1	many_to_one	ENSMUSG00000114298	0	NA	NA	NA	1
ENSG00000244461	1	many_to_one	ENSMUSG00000116976	0	NA	NA	NA	0
ENSG00000287567	1	many_to_one	ENSMUSG00000116976	0	NA	NA	NA	1
ENSG00000271858	1	one_to_one	ENSMUSG00000102144	1	one_to_many	lncgDivg	ENSMUSG00000091816;ENSMUSG00000091425	1
ENSG00000244464	1	many_to_many_DifferentNumber	ENSMUSG00000116770;ENSMUSG00000086827	0	NA	NA	NA	0
ENSG00000240476	1	many_to_many_DifferentNumber	ENSMUSG00000116770;ENSMUSG00000086827	0	NA	NA	NA	0
ENSG00000243296	1	many_to_many_DifferentNumber	ENSMUSG00000116770;ENSMUSG00000086827	0	NA	NA	NA	0
ENSG00000239462	1	many_to_many_DifferentNumber	ENSMUSG00000116770;ENSMUSG00000086827	1	one_to_one	lncgDivg	ENSMUSG00000086827	0
ENSG00000243089	1	one_to_many	ENSMUSG00000116920;ENSMUSG00000116717	0	NA	NA	NA	0
ENSG00000285780	1	one_to_one	ENSMUSG00000116574	0	NA	NA	NA	0
ENSG00000241754	1	one_to_one	ENSMUSG00000116689	0	NA	NA	NA	0
ENSG00000239589	1	many_to_one	ENSMUSG00000120652	0	NA	NA	NA	0
ENSG00000286516	1	many_to_one	ENSMUSG00000120652	0	NA	NA	NA	0
ENSG00000286447	1	one_to_many	ENSMUSG00000089685;ENSMUSG00000116619	1	one_to_one	lncgDivg	ENSMUSG00000089685	0
ENSG00000287421	1	many_to_many_DifferentNumber	ENSMUSG00000116725;ENSMUSG00000022639	0	NA	NA	NA	0
ENSG00000288848	1	many_to_many_DifferentNumber	ENSMUSG00000116725;ENSMUSG00000022639	0	NA	NA	NA	0
ENSG00000286956	1	many_to_many_DifferentNumber	ENSMUSG00000116725;ENSMUSG00000022639	0	NA	NA	NA	0
ENSG00000243701	1	many_to_many_DifferentNumber	ENSMUSG00000116725;ENSMUSG00000022639	0	NA	NA	NA	0
ENSG00000272597	1	many_to_many_DifferentNumber	ENSMUSG00000116725;ENSMUSG00000022639	0	NA	NA	NA	0
ENSG00000286854	1	many_to_many_DifferentNumber	ENSMUSG00000116848;ENSMUSG00000092276;ENSMUSG00000116706	0	NA	NA	NA	0
ENSG00000291293	1	many_to_many_DifferentNumber	ENSMUSG00000116848;ENSMUSG00000092276;ENSMUSG00000116706	0	NA	NA	NA	0
ENSG00000242759	1	many_to_many_DifferentNumber	ENSMUSG00000116848;ENSMUSG00000092276;ENSMUSG00000116706	0	NA	NA	NA	0
ENSG00000288557	1	many_to_many_DifferentNumber	ENSMUSG00000116848;ENSMUSG00000092276;ENSMUSG00000116706	0	NA	NA	NA	0
ENSG00000239828	1	many_to_many_DifferentNumber	ENSMUSG00000116848;ENSMUSG00000092276;ENSMUSG00000116706	0	NA	NA	NA	0
ENSG00000228980	1	many_to_one	ENSMUSG00000116755	0	NA	NA	NA	1
ENSG00000242029	1	many_to_one	ENSMUSG00000116755	0	NA	NA	NA	1
ENSG00000289358	1	many_to_one	ENSMUSG00000116755	0	NA	NA	NA	1
ENSG00000240405	1	one_to_one	ENSMUSG00000107902	1	one_to_one	lncgConv	ENSMUSG00000107902	0
ENSG00000287131	1	many_to_one	ENSMUSG00000097548	1	one_to_one	lncgDivg	ENSMUSG00000097548	0
ENSG00000273461	1	many_to_one	ENSMUSG00000097548	0	NA	NA	NA	0
ENSG00000272774	1	many_to_one	ENSMUSG00000097548	0	NA	NA	NA	0
ENSG00000243083	1	many_to_one	ENSMUSG00000097548	0	NA	NA	NA	0
ENSG00000276471	1	many_to_many_DifferentNumber	ENSMUSG00000107204;ENSMUSG00000107528;ENSMUSG00000108151	0	NA	NA	NA	0
ENSG00000287882	1	many_to_many_DifferentNumber	ENSMUSG00000107204;ENSMUSG00000107528;ENSMUSG00000108151	0	NA	NA	NA	0
ENSG00000260670	1	many_to_many_DifferentNumber	ENSMUSG00000107204;ENSMUSG00000107528;ENSMUSG00000108151	0	NA	NA	NA	0
ENSG00000242618	1	many_to_many_DifferentNumber	ENSMUSG00000107204;ENSMUSG00000107528;ENSMUSG00000108151	0	NA	NA	NA	0
ENSG00000241163	1	many_to_many_DifferentNumber	ENSMUSG00000107204;ENSMUSG00000107528;ENSMUSG00000108151	0	NA	NA	NA	0
ENSG00000288074	1	many_to_one	ENSMUSG00000075070	0	NA	NA	NA	0
ENSG00000242880	1	many_to_one	ENSMUSG00000075070	1	many_to_many	lncgDivg	ENSMUSG00000116903;ENSMUSG00000055370;ENSMUSG00000085499;ENSMUSG00000075070	0
ENSG00000241560	1	many_to_one	ENSMUSG00000075070	1	many_to_many	lncgDivg	ENSMUSG00000116903;ENSMUSG00000055370;ENSMUSG00000085499;ENSMUSG00000075070	0
ENSG00000242290	1	many_to_one	ENSMUSG00000075070	1	many_to_many	lncgDivg	ENSMUSG00000116903;ENSMUSG00000055370;ENSMUSG00000085499;ENSMUSG00000075070	0
ENSG00000241295	1	many_to_one	ENSMUSG00000075070	1	many_to_many	lncgDivg	ENSMUSG00000116903;ENSMUSG00000055370;ENSMUSG00000085499;ENSMUSG00000075070	0
ENSG00000239946	1	many_to_one	ENSMUSG00000075070	1	many_to_many	lncgDivg	ENSMUSG00000116903;ENSMUSG00000055370;ENSMUSG00000085499;ENSMUSG00000075070	0
ENSG00000242767	1	many_to_one	ENSMUSG00000075070	1	many_to_many	lncgDivg	ENSMUSG00000116903;ENSMUSG00000055370;ENSMUSG00000085499;ENSMUSG00000075070	0
ENSG00000288896	1	many_to_one	ENSMUSG00000075070	1	many_to_many	lncgDivg	ENSMUSG00000116903;ENSMUSG00000055370;ENSMUSG00000085499;ENSMUSG00000075070	0
ENSG00000243197	1	many_to_one	ENSMUSG00000116965	1	many_to_one	lncgDivg	ENSMUSG00000101463	1
ENSG00000242385	1	many_to_one	ENSMUSG00000116965	1	many_to_one	lncgDivg	ENSMUSG00000101463	1
ENSG00000286660	1	many_to_one	ENSMUSG00000116965	0	NA	NA	NA	1
ENSG00000240922	1	many_to_one	ENSMUSG00000116965	1	many_to_one	lncgDivg	ENSMUSG00000101463	1
ENSG00000241397	1	many_to_one	ENSMUSG00000116965	1	many_to_one	lncgDivg	ENSMUSG00000101463	1
ENSG00000242816	1	many_to_one	ENSMUSG00000116965	0	NA	NA	NA	1
ENSG00000243276	1	many_to_one	ENSMUSG00000116573	0	NA	NA	NA	1
ENSG00000241213	1	many_to_one	ENSMUSG00000116573	0	NA	NA	NA	1
ENSG00000239268	1	many_to_one	ENSMUSG00000116573	0	NA	NA	NA	1
ENSG00000251448	1	one_to_many	ENSMUSG00000107451;ENSMUSG00000108111	0	NA	NA	NA	0
ENSG00000272967	1	one_to_one	ENSMUSG00000097576	1	one_to_one	lncgDivg	ENSMUSG00000097576	1
ENSG00000286492	1	one_to_one	ENSMUSG00000086237	1	one_to_one	lncgDivg	ENSMUSG00000085781	1
ENSG00000241596	1	one_to_one	ENSMUSG00000101463	0	NA	NA	NA	0
ENSG00000272662	1	one_to_one	ENSMUSG00000120288	1	one_to_one	lncgDivg	ENSMUSG00000120288	1
ENSG00000250012	1	many_to_one	ENSMUSG00000089781	0	NA	NA	NA	0
ENSG00000248607	1	many_to_one	ENSMUSG00000089781	0	NA	NA	NA	0
ENSG00000251011	1	one_to_one	ENSMUSG00000085168	1	many_to_many	lncgDivg	ENSMUSG00000120691;ENSMUSG00000099616;ENSMUSG00000111278	1
ENSG00000239677	1	many_to_many_DifferentNumber	ENSMUSG00000097834;ENSMUSG00000108274;ENSMUSG00000052236;ENSMUSG00000107579;ENSMUSG00000121193	1	one_to_many	lncgDivg	ENSMUSG00000121193;ENSMUSG00000097834	1
ENSG00000242741	1	many_to_many_DifferentNumber	ENSMUSG00000097834;ENSMUSG00000108274;ENSMUSG00000052236;ENSMUSG00000107579;ENSMUSG00000121193	0	NA	NA	NA	1
ENSG00000239454	1	many_to_many_DifferentNumber	ENSMUSG00000097834;ENSMUSG00000108274;ENSMUSG00000052236;ENSMUSG00000107579;ENSMUSG00000121193	0	NA	NA	NA	1
ENSG00000240012	1	many_to_one	ENSMUSG00000101595	1	many_to_many_strict	lncgDivg	ENSMUSG00000089709;ENSMUSG00000101595	1
ENSG00000244493	1	many_to_one	ENSMUSG00000101595	1	many_to_many_strict	lncgDivg	ENSMUSG00000089709;ENSMUSG00000101595	1
ENSG00000243629	1	many_to_one	ENSMUSG00000103620	0	NA	NA	NA	0
ENSG00000289409	1	many_to_one	ENSMUSG00000103620	0	NA	NA	NA	0
ENSG00000249407	1	one_to_many	ENSMUSG00000101584;ENSMUSG00000101287	0	NA	NA	NA	1
ENSG00000240086	1	one_to_many	ENSMUSG00000101941;ENSMUSG00000057710	1	one_to_one	lncgConv	ENSMUSG00000057710	1
ENSG00000242791	1	many_to_one	ENSMUSG00000104586	0	NA	NA	NA	1
ENSG00000243944	1	many_to_one	ENSMUSG00000104586	0	NA	NA	NA	1
ENSG00000244541	1	many_to_one	ENSMUSG00000104586	0	NA	NA	NA	1
ENSG00000289086	1	many_to_one	ENSMUSG00000104586	0	NA	NA	NA	1
ENSG00000241048	1	many_to_many_DifferentNumber	ENSMUSG00000105003;ENSMUSG00000100666	0	NA	NA	NA	1
ENSG00000243321	1	many_to_many_DifferentNumber	ENSMUSG00000105003;ENSMUSG00000100666	0	NA	NA	NA	1
ENSG00000243550	1	many_to_many_DifferentNumber	ENSMUSG00000105003;ENSMUSG00000100666	0	NA	NA	NA	1
ENSG00000286501	1	many_to_many_DifferentNumber	ENSMUSG00000105003;ENSMUSG00000100666	0	NA	NA	NA	1
ENSG00000289524	1	many_to_many_DifferentNumber	ENSMUSG00000105003;ENSMUSG00000100666	0	NA	NA	NA	1
ENSG00000250433	1	many_to_one	ENSMUSG00000087167	1	many_to_one	lncgDivg	ENSMUSG00000090255	1
ENSG00000249290	1	many_to_one	ENSMUSG00000087167	1	many_to_one	lncgDivg	ENSMUSG00000090255	1
ENSG00000251058	1	many_to_one	ENSMUSG00000087167	1	many_to_one	lncgDivg	ENSMUSG00000090255	1
ENSG00000242671	1	many_to_one	ENSMUSG00000109896	0	NA	NA	NA	0
ENSG00000241457	1	many_to_one	ENSMUSG00000109896	0	NA	NA	NA	1
ENSG00000243620	1	one_to_one	ENSMUSG00000100341	1	one_to_one	lincSS.dw	ENSMUSG00000100341	0
ENSG00000244545	1	many_to_one	ENSMUSG00000103587	0	NA	NA	NA	0
ENSG00000287706	1	many_to_one	ENSMUSG00000103587	0	NA	NA	NA	0
ENSG00000243305	1	many_to_one	ENSMUSG00000102564	0	NA	NA	NA	0
ENSG00000229619	1	many_to_one	ENSMUSG00000102564	0	NA	NA	NA	0
ENSG00000241679	1	one_to_one	ENSMUSG00000089709	0	NA	NA	NA	1
ENSG00000242370	1	many_to_many_DifferentNumber	ENSMUSG00000090120;ENSMUSG00000104093	1	many_to_many	lncgDivg	ENSMUSG00000104093;ENSMUSG00000090120	0
ENSG00000272990	1	many_to_many_DifferentNumber	ENSMUSG00000090120;ENSMUSG00000104093	1	many_to_many	lncgDivg	ENSMUSG00000104093;ENSMUSG00000090120	1
ENSG00000240596	1	many_to_many_DifferentNumber	ENSMUSG00000090120;ENSMUSG00000104093	1	many_to_many	lncgDivg	ENSMUSG00000104093;ENSMUSG00000090120	0
ENSG00000240766	1	one_to_many	ENSMUSG00000085826;ENSMUSG00000085781	0	NA	NA	NA	1
ENSG00000239265	1	many_to_one	ENSMUSG00000097725	0	NA	NA	NA	1
ENSG00000244265	1	many_to_one	ENSMUSG00000097725	0	NA	NA	NA	1
ENSG00000289005	1	many_to_one	ENSMUSG00000097725	0	NA	NA	NA	1
ENSG00000241636	1	many_to_one	ENSMUSG00000119972	0	NA	NA	NA	0
ENSG00000240354	1	many_to_one	ENSMUSG00000119972	0	NA	NA	NA	0
ENSG00000241369	1	many_to_one	ENSMUSG00000119972	0	NA	NA	NA	0
ENSG00000241767	1	many_to_one	ENSMUSG00000119972	0	NA	NA	NA	0
ENSG00000241479	1	one_to_one	ENSMUSG00000085702	1	one_to_one	lncgDivg	ENSMUSG00000085702	1
ENSG00000242795	1	many_to_one	ENSMUSG00000102256	1	one_to_one	lncgSS.up	ENSMUSG00000102256	1
ENSG00000270141	1	many_to_one	ENSMUSG00000102256	0	NA	NA	NA	1
ENSG00000249417	1	many_to_many_sameNumber	ENSMUSG00000102097;ENSMUSG00000101581	0	NA	NA	NA	1
ENSG00000287155	1	many_to_many_sameNumber	ENSMUSG00000102097;ENSMUSG00000101581	0	NA	NA	NA	1
ENSG00000239513	1	many_to_one	ENSMUSG00000110929	1	many_to_one	lincSS.dw	ENSMUSG00000110929	1
ENSG00000261146	1	many_to_one	ENSMUSG00000110929	1	many_to_one	lincSS.dw	ENSMUSG00000110929	1
ENSG00000244321	1	many_to_one	ENSMUSG00000104096	0	NA	NA	NA	1
ENSG00000240033	1	many_to_one	ENSMUSG00000104096	0	NA	NA	NA	1
ENSG00000287899	1	many_to_one	ENSMUSG00000120291	1	many_to_one	lncgSS.dw	ENSMUSG00000120291	1
ENSG00000235943	1	many_to_one	ENSMUSG00000120291	1	many_to_one	lncgSS.dw	ENSMUSG00000120291	1
ENSG00000241696	1	many_to_one	ENSMUSG00000087625	0	NA	NA	NA	1
ENSG00000243799	1	many_to_one	ENSMUSG00000087625	1	many_to_one	lncgDivg	ENSMUSG00000087625	1
ENSG00000244302	1	many_to_one	ENSMUSG00000087625	1	many_to_one	lncgDivg	ENSMUSG00000087625	1
ENSG00000287645	1	many_to_one	ENSMUSG00000087625	1	many_to_one	lncgDivg	ENSMUSG00000087625	1
ENSG00000239774	1	one_to_one	ENSMUSG00000104588	0	NA	NA	NA	1
ENSG00000225552	1	many_to_many_DifferentNumber	ENSMUSG00000103607;ENSMUSG00000102203	0	NA	NA	NA	0
ENSG00000223715	1	many_to_many_DifferentNumber	ENSMUSG00000103607;ENSMUSG00000102203	0	NA	NA	NA	0
ENSG00000230292	1	many_to_many_DifferentNumber	ENSMUSG00000103607;ENSMUSG00000102203	0	NA	NA	NA	0
ENSG00000288104	1	many_to_many_DifferentNumber	ENSMUSG00000103607;ENSMUSG00000102203	0	NA	NA	NA	0
ENSG00000260217	1	many_to_many_DifferentNumber	ENSMUSG00000103607;ENSMUSG00000102203	0	NA	NA	NA	0
ENSG00000226779	1	many_to_many_DifferentNumber	ENSMUSG00000103607;ENSMUSG00000102203	0	NA	NA	NA	0
ENSG00000228308	1	many_to_many_DifferentNumber	ENSMUSG00000103607;ENSMUSG00000102203	0	NA	NA	NA	0
ENSG00000288895	1	many_to_many_DifferentNumber	ENSMUSG00000103607;ENSMUSG00000102203	0	NA	NA	NA	0
ENSG00000242012	1	many_to_many_DifferentNumber	ENSMUSG00000106519;ENSMUSG00000114832	0	NA	NA	NA	0
ENSG00000242512	1	many_to_many_DifferentNumber	ENSMUSG00000106519;ENSMUSG00000114832	0	NA	NA	NA	0
ENSG00000286453	1	many_to_many_DifferentNumber	ENSMUSG00000106519;ENSMUSG00000114832	0	NA	NA	NA	0
ENSG00000240478	1	many_to_many_DifferentNumber	ENSMUSG00000106519;ENSMUSG00000114832	0	NA	NA	NA	0
ENSG00000238837	1	many_to_many_DifferentNumber	ENSMUSG00000106519;ENSMUSG00000114832	0	NA	NA	NA	0
ENSG00000241098	1	many_to_many_DifferentNumber	ENSMUSG00000105153;ENSMUSG00000105651;ENSMUSG00000105662	0	NA	NA	NA	0
ENSG00000287605	1	many_to_many_DifferentNumber	ENSMUSG00000105153;ENSMUSG00000105651;ENSMUSG00000105662	0	NA	NA	NA	0
ENSG00000244247	1	many_to_many_DifferentNumber	ENSMUSG00000105153;ENSMUSG00000105651;ENSMUSG00000105662	0	NA	NA	NA	0
ENSG00000287941	1	many_to_many_DifferentNumber	ENSMUSG00000105153;ENSMUSG00000105651;ENSMUSG00000105662	0	NA	NA	NA	0
ENSG00000260377	1	many_to_many_DifferentNumber	ENSMUSG00000105153;ENSMUSG00000105651;ENSMUSG00000105662	1	one_to_one	lincDivg	ENSMUSG00000105662	0
ENSG00000240063	1	many_to_many_DifferentNumber	ENSMUSG00000105153;ENSMUSG00000105651;ENSMUSG00000105662	0	NA	NA	NA	0
ENSG00000237473	1	one_to_one	ENSMUSG00000102397	0	NA	NA	NA	0
ENSG00000243885	1	one_to_one	ENSMUSG00000119987	0	NA	NA	NA	0
ENSG00000248724	1	one_to_many	ENSMUSG00000099722;ENSMUSG00000111035	1	one_to_one	lncgDivg	ENSMUSG00000111035	1
ENSG00000249725	1	one_to_many	ENSMUSG00000111278;ENSMUSG00000099616;ENSMUSG00000120691	1	many_to_many	lncgDivg	ENSMUSG00000120691;ENSMUSG00000099616;ENSMUSG00000111278	1
ENSG00000241985	1	one_to_one	ENSMUSG00000097339	0	NA	NA	NA	1
ENSG00000226482	1	one_to_one	ENSMUSG00000045231	0	NA	NA	NA	1
ENSG00000240497	1	one_to_one	ENSMUSG00000120615	1	one_to_one	lncgDivg	ENSMUSG00000120615	1
ENSG00000276407	1	many_to_many_DifferentNumber	ENSMUSG00000097307;ENSMUSG00000097184	1	many_to_one	lincSS.up	ENSMUSG00000097184	0
ENSG00000238043	1	many_to_many_DifferentNumber	ENSMUSG00000097307;ENSMUSG00000097184	0	NA	NA	NA	0
ENSG00000229964	1	many_to_many_DifferentNumber	ENSMUSG00000097307;ENSMUSG00000097184	1	many_to_one	lincSS.up	ENSMUSG00000097184	0
ENSG00000287206	1	many_to_many_DifferentNumber	ENSMUSG00000097307;ENSMUSG00000097184	0	NA	NA	NA	0
ENSG00000289385	1	many_to_many_DifferentNumber	ENSMUSG00000097307;ENSMUSG00000097184	0	NA	NA	NA	0
ENSG00000224855	1	many_to_many_DifferentNumber	ENSMUSG00000116814;ENSMUSG00000075286;ENSMUSG00000116660;ENSMUSG00000116891;ENSMUSG00000097313	0	NA	NA	NA	0
ENSG00000286624	1	many_to_many_DifferentNumber	ENSMUSG00000116814;ENSMUSG00000075286;ENSMUSG00000116660;ENSMUSG00000116891;ENSMUSG00000097313	1	one_to_one	lincConv	ENSMUSG00000116814	0
ENSG00000214146	1	many_to_many_DifferentNumber	ENSMUSG00000116814;ENSMUSG00000075286;ENSMUSG00000116660;ENSMUSG00000116891;ENSMUSG00000097313	0	NA	NA	NA	0
ENSG00000232874	1	many_to_many_DifferentNumber	ENSMUSG00000116814;ENSMUSG00000075286;ENSMUSG00000116660;ENSMUSG00000116891;ENSMUSG00000097313	0	NA	NA	NA	0
ENSG00000230102	1	many_to_many_DifferentNumber	ENSMUSG00000116814;ENSMUSG00000075286;ENSMUSG00000116660;ENSMUSG00000116891;ENSMUSG00000097313	1	one_to_many	lincDivg	ENSMUSG00000075286;ENSMUSG00000116660	0
ENSG00000229155	1	many_to_many_DifferentNumber	ENSMUSG00000116814;ENSMUSG00000075286;ENSMUSG00000116660;ENSMUSG00000116891;ENSMUSG00000097313	0	NA	NA	NA	0
ENSG00000241770	1	many_to_one	ENSMUSG00000103041	1	one_to_one	lncgDivg	ENSMUSG00000103041	1
ENSG00000243176	1	many_to_one	ENSMUSG00000103041	0	NA	NA	NA	1
ENSG00000286361	1	one_to_one	ENSMUSG00000120644	0	NA	NA	NA	1
ENSG00000228271	1	many_to_one	ENSMUSG00000101888	1	many_to_one	lincConv	ENSMUSG00000101888	1
ENSG00000286317	1	many_to_one	ENSMUSG00000101888	1	many_to_one	lincConv	ENSMUSG00000101888	1
ENSG00000238097	1	many_to_one	ENSMUSG00000101888	1	many_to_one	lincConv	ENSMUSG00000101888	1
ENSG00000225742	1	many_to_one	ENSMUSG00000097621	0	NA	NA	NA	1
ENSG00000214145	1	many_to_one	ENSMUSG00000097621	1	one_to_one	lincSS.dw	ENSMUSG00000097621	1
ENSG00000242808	1	one_to_many	ENSMUSG00000105577;ENSMUSG00000105265	1	one_to_one	lncgSS.up	ENSMUSG00000105265	1
ENSG00000241231	1	many_to_many_DifferentNumber	ENSMUSG00000092196;ENSMUSG00000092242;ENSMUSG00000099437;ENSMUSG00000106525;ENSMUSG00000105222	0	NA	NA	NA	1
ENSG00000239381	1	many_to_many_DifferentNumber	ENSMUSG00000092196;ENSMUSG00000092242;ENSMUSG00000099437;ENSMUSG00000106525;ENSMUSG00000105222	1	one_to_many	lincDivg	ENSMUSG00000106525;ENSMUSG00000105222	1
ENSG00000289435	1	many_to_many_DifferentNumber	ENSMUSG00000092196;ENSMUSG00000092242;ENSMUSG00000099437;ENSMUSG00000106525;ENSMUSG00000105222	0	NA	NA	NA	1
ENSG00000238031	1	many_to_many_DifferentNumber	ENSMUSG00000116546;ENSMUSG00000116737	0	NA	NA	NA	1
ENSG00000233987	1	many_to_many_DifferentNumber	ENSMUSG00000116546;ENSMUSG00000116737	0	NA	NA	NA	1
ENSG00000237222	1	many_to_many_DifferentNumber	ENSMUSG00000116546;ENSMUSG00000116737	0	NA	NA	NA	1
ENSG00000230401	1	many_to_many_DifferentNumber	ENSMUSG00000116570;ENSMUSG00000116951;ENSMUSG00000116581	0	NA	NA	NA	1
ENSG00000287073	1	many_to_many_DifferentNumber	ENSMUSG00000116570;ENSMUSG00000116951;ENSMUSG00000116581	0	NA	NA	NA	1
ENSG00000261826	1	one_to_many	ENSMUSG00000084911;ENSMUSG00000120955;ENSMUSG00000120741	1	one_to_one	lincDivg	ENSMUSG00000120955	0
ENSG00000237167	1	many_to_many_DifferentNumber	ENSMUSG00000086645;ENSMUSG00000116793	0	NA	NA	NA	0
ENSG00000227375	1	many_to_many_DifferentNumber	ENSMUSG00000086645;ENSMUSG00000116793	0	NA	NA	NA	0
ENSG00000286870	1	many_to_many_DifferentNumber	ENSMUSG00000086645;ENSMUSG00000116793	1	many_to_one	lincDivg	ENSMUSG00000116793	0
ENSG00000289828	1	many_to_many_DifferentNumber	ENSMUSG00000086645;ENSMUSG00000116793	1	many_to_one	lincDivg	ENSMUSG00000116793	0
ENSG00000235126	1	many_to_many_DifferentNumber	ENSMUSG00000116572;ENSMUSG00000116762;ENSMUSG00000116597	1	many_to_many_strict	lincSS.dw	ENSMUSG00000116572;ENSMUSG00000116762	0
ENSG00000229912	1	many_to_many_DifferentNumber	ENSMUSG00000116572;ENSMUSG00000116762;ENSMUSG00000116597	1	many_to_many_strict	lincSS.dw	ENSMUSG00000116572;ENSMUSG00000116762	0
ENSG00000272989	1	many_to_many_DifferentNumber	ENSMUSG00000116572;ENSMUSG00000116762;ENSMUSG00000116597	0	NA	NA	NA	0
ENSG00000289396	1	many_to_many_DifferentNumber	ENSMUSG00000116572;ENSMUSG00000116762;ENSMUSG00000116597	0	NA	NA	NA	1
ENSG00000233308	1	one_to_one	ENSMUSG00000116530	1	one_to_one	lncgDivg	ENSMUSG00000116530	1
ENSG00000283175	1	one_to_one	ENSMUSG00000109783	0	NA	NA	NA	1
ENSG00000288794	1	one_to_one	ENSMUSG00000096960	0	NA	NA	NA	1
ENSG00000224563	1	many_to_many_sameNumber	ENSMUSG00000120156;ENSMUSG00000120515	1	many_to_one	lncgDivg	ENSMUSG00000119959	0
ENSG00000234076	1	many_to_many_sameNumber	ENSMUSG00000120156;ENSMUSG00000120515	0	NA	NA	NA	1
ENSG00000244268	1	many_to_one	ENSMUSG00000103473	1	one_to_one	lncgDivg	ENSMUSG00000103473	0
ENSG00000288787	1	many_to_one	ENSMUSG00000103473	0	NA	NA	NA	0
ENSG00000286856	1	one_to_one	ENSMUSG00000091329	1	one_to_one	lncgConv	ENSMUSG00000091329	1
ENSG00000244300	1	many_to_many_sameNumber	ENSMUSG00000108010;ENSMUSG00000120454	1	one_to_one	lncgDivg	ENSMUSG00000108010	1
ENSG00000286806	1	many_to_many_sameNumber	ENSMUSG00000108010;ENSMUSG00000120454	0	NA	NA	NA	0
ENSG00000198685	1	one_to_one	ENSMUSG00000120157	0	NA	NA	NA	1
ENSG00000260633	1	one_to_many	ENSMUSG00000093812;ENSMUSG00000110884	1	one_to_many	lincSS.dw	ENSMUSG00000093812;ENSMUSG00000110884	0
ENSG00000286982	1	one_to_one	ENSMUSG00000120943	1	one_to_one	lncgDivg	ENSMUSG00000120943	1
ENSG00000287086	1	one_to_one	ENSMUSG00000097671	0	NA	NA	NA	1
ENSG00000240288	1	one_to_one	ENSMUSG00000108137	0	NA	NA	NA	0
ENSG00000241336	1	one_to_one	ENSMUSG00000104336	1	one_to_one	lincConv	ENSMUSG00000104336	1
ENSG00000242539	1	many_to_one	ENSMUSG00000102862	1	many_to_one	lncgDivg	ENSMUSG00000102862	1
ENSG00000272699	1	many_to_one	ENSMUSG00000102862	1	many_to_one	lncgDivg	ENSMUSG00000102862	1
ENSG00000233912	1	many_to_one	ENSMUSG00000120580	1	one_to_one	lncgConv	ENSMUSG00000120580	1
ENSG00000268509	1	many_to_one	ENSMUSG00000120580	0	NA	NA	NA	1
ENSG00000287595	1	one_to_many	ENSMUSG00000107663;ENSMUSG00000101553	1	one_to_many	lincConv	ENSMUSG00000101553;ENSMUSG00000107663	0
ENSG00000244586	1	one_to_one	ENSMUSG00000109849	1	one_to_one	lncgDivg	ENSMUSG00000097002	1
ENSG00000226913	1	one_to_one	ENSMUSG00000102224	1	many_to_one	lncgDivg	ENSMUSG00000102224	0
ENSG00000235120	1	one_to_one	ENSMUSG00000120509	1	many_to_one	lncgDivg	ENSMUSG00000102224	0
ENSG00000231724	1	one_to_one	ENSMUSG00000116733	1	one_to_one	lncgDivg	ENSMUSG00000116733	1
ENSG00000251224	1	one_to_one	ENSMUSG00000097821	0	NA	NA	NA	1
ENSG00000260572	1	one_to_one	ENSMUSG00000120717	1	one_to_one	lncgDivg	ENSMUSG00000120717	1
ENSG00000286419	1	one_to_one	ENSMUSG00000097592	0	NA	NA	NA	1
ENSG00000234548	1	many_to_many_sameNumber	ENSMUSG00000089874;ENSMUSG00000089663	0	NA	NA	NA	1
ENSG00000226859	1	many_to_many_sameNumber	ENSMUSG00000089874;ENSMUSG00000089663	0	NA	NA	NA	1
ENSG00000230530	1	one_to_one	ENSMUSG00000120906	0	NA	NA	NA	0
ENSG00000287417	1	many_to_one	ENSMUSG00000092042	1	many_to_one	lncgDivg	ENSMUSG00000092042	0
ENSG00000173811	1	many_to_one	ENSMUSG00000092042	0	NA	NA	NA	1
ENSG00000225611	1	many_to_one	ENSMUSG00000092042	1	many_to_one	lncgDivg	ENSMUSG00000092042	1
ENSG00000228350	1	many_to_one	ENSMUSG00000103785	1	one_to_one	lncgDivg	ENSMUSG00000103785	1
ENSG00000271973	1	many_to_one	ENSMUSG00000103785	0	NA	NA	NA	1
ENSG00000235947	1	many_to_many_sameNumber	ENSMUSG00000107458;ENSMUSG00000087341;ENSMUSG00000120764	1	many_to_one	lncgDivg	ENSMUSG00000107458	1
ENSG00000235831	1	many_to_many_sameNumber	ENSMUSG00000107458;ENSMUSG00000087341;ENSMUSG00000120764	1	one_to_many	lncgDivg	ENSMUSG00000120764;ENSMUSG00000087341	1
ENSG00000235978	1	many_to_many_sameNumber	ENSMUSG00000107458;ENSMUSG00000087341;ENSMUSG00000120764	0	NA	NA	NA	1
ENSG00000228956	1	one_to_many	ENSMUSG00000117175;ENSMUSG00000117076;ENSMUSG00000100150	0	NA	NA	NA	0
ENSG00000272477	1	one_to_many	ENSMUSG00000117033;ENSMUSG00000117035;ENSMUSG00000098552	0	NA	NA	NA	1
ENSG00000287878	1	one_to_one	ENSMUSG00000090194	0	NA	NA	NA	1
ENSG00000288717	1	one_to_one	ENSMUSG00000120808	0	NA	NA	NA	0
ENSG00000288713	1	one_to_one	ENSMUSG00000086083	0	NA	NA	NA	1
ENSG00000286729	1	one_to_one	ENSMUSG00000097763	1	one_to_one	lncgConv	ENSMUSG00000097763	0
ENSG00000242107	1	one_to_one	ENSMUSG00000102936	1	one_to_one	lincSS.dw	ENSMUSG00000102936	1
ENSG00000287143	1	one_to_one	ENSMUSG00000097730	1	one_to_one	lncgDivg	ENSMUSG00000097730	0
ENSG00000239608	1	one_to_one	ENSMUSG00000107472	0	NA	NA	NA	1
ENSG00000249993	1	many_to_one	ENSMUSG00000086236	0	NA	NA	NA	1
ENSG00000272832	1	many_to_one	ENSMUSG00000086236	0	NA	NA	NA	1
ENSG00000289279	1	one_to_many	ENSMUSG00000111219;ENSMUSG00000111360;ENSMUSG00000111498	1	one_to_one	lncgSS.dw	ENSMUSG00000111219	0
ENSG00000239219	1	one_to_one	ENSMUSG00000097786	1	many_to_one	lncgDivg	ENSMUSG00000097786	1
ENSG00000227245	1	many_to_many_sameNumber	ENSMUSG00000111785;ENSMUSG00000111873	1	many_to_one	lncgDivg	ENSMUSG00000111873	0
ENSG00000285766	1	many_to_many_sameNumber	ENSMUSG00000111785;ENSMUSG00000111873	1	many_to_one	lncgDivg	ENSMUSG00000111873	0
ENSG00000287682	1	many_to_one	ENSMUSG00000120214	1	many_to_one	lincSS.dw	ENSMUSG00000120214	1
ENSG00000214407	1	many_to_one	ENSMUSG00000120214	1	many_to_one	lincSS.dw	ENSMUSG00000120214	1
ENSG00000241280	1	many_to_one	ENSMUSG00000120214	1	many_to_one	lincSS.dw	ENSMUSG00000120214	1
ENSG00000231770	1	many_to_one	ENSMUSG00000120188	1	one_to_one	lncgConv	ENSMUSG00000120188	1
ENSG00000233058	1	many_to_one	ENSMUSG00000120188	0	NA	NA	NA	1
ENSG00000287207	1	one_to_one	ENSMUSG00000086324	0	NA	NA	NA	0
ENSG00000289118	1	one_to_one	ENSMUSG00000099599	0	NA	NA	NA	1
ENSG00000288972	1	many_to_one	ENSMUSG00000086119	0	NA	NA	NA	1
ENSG00000235257	1	many_to_one	ENSMUSG00000086119	0	NA	NA	NA	1
ENSG00000288780	1	one_to_one	ENSMUSG00000120634	0	NA	NA	NA	1
ENSG00000285614	1	one_to_one	ENSMUSG00000099983	0	NA	NA	NA	1
ENSG00000244502	1	one_to_one	ENSMUSG00000107882	1	one_to_one	lncgDivg	ENSMUSG00000085624	1
ENSG00000232287	1	one_to_one	ENSMUSG00000120498	0	NA	NA	NA	1
ENSG00000284669	1	many_to_many_sameNumber	ENSMUSG00000111639;ENSMUSG00000111369;ENSMUSG00000111089	1	many_to_one	lncgDivg	ENSMUSG00000111639	0
ENSG00000283849	1	many_to_many_sameNumber	ENSMUSG00000111639;ENSMUSG00000111369;ENSMUSG00000111089	1	many_to_one	lncgDivg	ENSMUSG00000111639	0
ENSG00000287620	1	many_to_many_sameNumber	ENSMUSG00000111639;ENSMUSG00000111369;ENSMUSG00000111089	0	NA	NA	NA	0
ENSG00000286689	1	many_to_one	ENSMUSG00000046005	0	NA	NA	NA	1
ENSG00000287042	1	many_to_one	ENSMUSG00000046005	0	NA	NA	NA	1
ENSG00000290787	1	many_to_one	ENSMUSG00000046005	0	NA	NA	NA	1
ENSG00000248773	1	one_to_many	ENSMUSG00000101365;ENSMUSG00000120338	0	NA	NA	NA	1
ENSG00000289219	1	one_to_one	ENSMUSG00000116957	0	NA	NA	NA	1
ENSG00000243187	1	one_to_one	ENSMUSG00000105286	1	one_to_one	lncgDivg	ENSMUSG00000105286	1
ENSG00000145075	1	many_to_many_sameNumber	ENSMUSG00000105475;ENSMUSG00000105535	0	NA	NA	NA	1
ENSG00000285336	1	many_to_many_sameNumber	ENSMUSG00000105475;ENSMUSG00000105535	1	one_to_one	lncgDivg	ENSMUSG00000105535	1
ENSG00000224884	1	one_to_one	ENSMUSG00000044574	0	NA	NA	NA	0
ENSG00000225733	1	one_to_one	ENSMUSG00000087317	0	NA	NA	NA	0
ENSG00000288926	1	one_to_many	ENSMUSG00000111398;ENSMUSG00000110905	0	NA	NA	NA	0
ENSG00000280739	1	one_to_one	ENSMUSG00000111828	0	NA	NA	NA	1
ENSG00000288952	1	one_to_one	ENSMUSG00000120571	1	one_to_one	lincConv	ENSMUSG00000120571	1
ENSG00000285600	1	one_to_one	ENSMUSG00000085828	0	NA	NA	NA	1
ENSG00000286585	1	one_to_one	ENSMUSG00000097724	1	one_to_one	lncgDivg	ENSMUSG00000097724	1
ENSG00000243818	1	one_to_many	ENSMUSG00000086585;ENSMUSG00000086248;ENSMUSG00000120809	1	one_to_one	lincConv	ENSMUSG00000120809	0
ENSG00000289324	1	one_to_one	ENSMUSG00000097318	1	one_to_one	lncgDivg	ENSMUSG00000097318	1
ENSG00000239523	1	one_to_many	ENSMUSG00000100593;ENSMUSG00000116840;ENSMUSG00000116665	1	one_to_one	lncgConv	ENSMUSG00000116840	1
ENSG00000244128	1	one_to_many	ENSMUSG00000102820;ENSMUSG00000103428	0	NA	NA	NA	1
ENSG00000289986	1	many_to_one	ENSMUSG00000100294	0	NA	NA	NA	1
ENSG00000244358	1	many_to_one	ENSMUSG00000100294	0	NA	NA	NA	1
ENSG00000240095	1	many_to_one	ENSMUSG00000100294	0	NA	NA	NA	1
ENSG00000281160	1	one_to_one	ENSMUSG00000110814	0	NA	NA	NA	1
ENSG00000248932	1	one_to_one	ENSMUSG00000051074	0	NA	NA	NA	1
ENSG00000229271	1	one_to_one	ENSMUSG00000120612	0	NA	NA	NA	1
ENSG00000230084	1	one_to_one	ENSMUSG00000097820	0	NA	NA	NA	1
ENSG00000290072	1	one_to_one	ENSMUSG00000107994	1	one_to_one	lncgDivg	ENSMUSG00000107994	0
ENSG00000251471	1	one_to_one	ENSMUSG00000046995	0	NA	NA	NA	0
ENSG00000261763	1	many_to_one	ENSMUSG00000090255	0	NA	NA	NA	0
ENSG00000250543	1	many_to_one	ENSMUSG00000090255	0	NA	NA	NA	0
ENSG00000287502	1	one_to_one	ENSMUSG00000096052	1	one_to_one	lncgDivg	ENSMUSG00000096052	1
ENSG00000272146	1	one_to_one	ENSMUSG00000090861	0	NA	NA	NA	0
ENSG00000230599	1	one_to_many	ENSMUSG00000087053;ENSMUSG00000087083	0	NA	NA	NA	1
ENSG00000236999	1	many_to_one	ENSMUSG00000108297	1	many_to_one	lncgSS.up	ENSMUSG00000108297	1
ENSG00000224771	1	many_to_one	ENSMUSG00000108297	1	many_to_one	lncgSS.up	ENSMUSG00000108297	1
ENSG00000226567	1	many_to_one	ENSMUSG00000108297	0	NA	NA	NA	1
ENSG00000240423	1	one_to_many	ENSMUSG00000120085;ENSMUSG00000120198	0	NA	NA	NA	1
ENSG00000241469	1	many_to_one	ENSMUSG00000120744	0	NA	NA	NA	1
ENSG00000279277	1	many_to_one	ENSMUSG00000120744	1	one_to_one	lncgSS.dw	ENSMUSG00000120744	1
ENSG00000271856	1	one_to_one	ENSMUSG00000087066	0	NA	NA	NA	1
ENSG00000228730	1	one_to_one	ENSMUSG00000092545	0	NA	NA	NA	1
ENSG00000234136	1	one_to_one	ENSMUSG00000078489	0	NA	NA	NA	1
ENSG00000250039	1	many_to_one	ENSMUSG00000093502	1	many_to_one	lncgDivg	ENSMUSG00000093502	0
ENSG00000248343	1	many_to_one	ENSMUSG00000093502	1	many_to_one	lncgDivg	ENSMUSG00000093502	0
ENSG00000250092	1	many_to_one	ENSMUSG00000093502	1	many_to_one	lncgDivg	ENSMUSG00000093502	0
ENSG00000250243	1	many_to_one	ENSMUSG00000093502	1	many_to_one	lncgDivg	ENSMUSG00000093502	0
ENSG00000272995	1	many_to_one	ENSMUSG00000093502	1	many_to_one	lncgDivg	ENSMUSG00000093502	0
ENSG00000289849	1	many_to_one	ENSMUSG00000093502	0	NA	NA	NA	0
ENSG00000249988	1	many_to_many_DifferentNumber	ENSMUSG00000120713;ENSMUSG00000067285	0	NA	NA	NA	1
ENSG00000250634	1	many_to_many_DifferentNumber	ENSMUSG00000120713;ENSMUSG00000067285	0	NA	NA	NA	1
ENSG00000251679	1	many_to_many_DifferentNumber	ENSMUSG00000120713;ENSMUSG00000067285	0	NA	NA	NA	1
ENSG00000248425	1	many_to_many_DifferentNumber	ENSMUSG00000120713;ENSMUSG00000067285	0	NA	NA	NA	1
ENSG00000287360	1	many_to_many_DifferentNumber	ENSMUSG00000120713;ENSMUSG00000067285	0	NA	NA	NA	1
ENSG00000248360	1	many_to_many_DifferentNumber	ENSMUSG00000107193;ENSMUSG00000106501;ENSMUSG00000085720;ENSMUSG00000120663	0	NA	NA	NA	1
ENSG00000251412	1	many_to_many_DifferentNumber	ENSMUSG00000107193;ENSMUSG00000106501;ENSMUSG00000085720;ENSMUSG00000120663	0	NA	NA	NA	1
ENSG00000247624	1	many_to_many_DifferentNumber	ENSMUSG00000107193;ENSMUSG00000106501;ENSMUSG00000085720;ENSMUSG00000120663	1	one_to_many	lncgDivg	ENSMUSG00000085720;ENSMUSG00000120663	1
ENSG00000250497	1	many_to_many_DifferentNumber	ENSMUSG00000107193;ENSMUSG00000106501;ENSMUSG00000085720;ENSMUSG00000120663	0	NA	NA	NA	1
ENSG00000288951	1	many_to_many_DifferentNumber	ENSMUSG00000107193;ENSMUSG00000106501;ENSMUSG00000085720;ENSMUSG00000120663	0	NA	NA	NA	1
ENSG00000287081	1	one_to_many	ENSMUSG00000104894;ENSMUSG00000106656;ENSMUSG00000062496	1	one_to_one	lncgDivg	ENSMUSG00000104894	1
ENSG00000249998	1	many_to_many_DifferentNumber	ENSMUSG00000105224;ENSMUSG00000029092;ENSMUSG00000104781	0	NA	NA	NA	1
ENSG00000250819	1	many_to_many_DifferentNumber	ENSMUSG00000105224;ENSMUSG00000029092;ENSMUSG00000104781	0	NA	NA	NA	1
ENSG00000248221	1	one_to_many	ENSMUSG00000106718;ENSMUSG00000107126	0	NA	NA	NA	1
ENSG00000249252	1	one_to_one	ENSMUSG00000104846	0	NA	NA	NA	1
ENSG00000248238	1	many_to_one	ENSMUSG00000106602	0	NA	NA	NA	1
ENSG00000249441	1	many_to_one	ENSMUSG00000106602	0	NA	NA	NA	1
ENSG00000251048	1	many_to_one	ENSMUSG00000106602	0	NA	NA	NA	1
ENSG00000250371	1	many_to_one	ENSMUSG00000107070	0	NA	NA	NA	0
ENSG00000250098	1	many_to_one	ENSMUSG00000107070	0	NA	NA	NA	0
ENSG00000248300	1	many_to_one	ENSMUSG00000107070	0	NA	NA	NA	0
ENSG00000248228	1	one_to_one	ENSMUSG00000092559	1	one_to_one	lncgSS.dw	ENSMUSG00000092559	0
ENSG00000248338	1	many_to_one	ENSMUSG00000105912	0	NA	NA	NA	0
ENSG00000249228	1	many_to_one	ENSMUSG00000105912	0	NA	NA	NA	0
ENSG00000250190	1	many_to_one	ENSMUSG00000105912	0	NA	NA	NA	0
ENSG00000248176	1	many_to_one	ENSMUSG00000105912	0	NA	NA	NA	0
ENSG00000286321	1	many_to_one	ENSMUSG00000105912	0	NA	NA	NA	0
ENSG00000249699	1	many_to_one	ENSMUSG00000105912	0	NA	NA	NA	0
ENSG00000250064	1	many_to_one	ENSMUSG00000105912	0	NA	NA	NA	0
ENSG00000288940	1	many_to_one	ENSMUSG00000105912	0	NA	NA	NA	0
ENSG00000287389	1	many_to_one	ENSMUSG00000105912	0	NA	NA	NA	0
ENSG00000251080	1	many_to_one	ENSMUSG00000097216	0	NA	NA	NA	0
ENSG00000286141	1	many_to_one	ENSMUSG00000097216	0	NA	NA	NA	0
ENSG00000205830	1	many_to_one	ENSMUSG00000097216	0	NA	NA	NA	0
ENSG00000251410	1	many_to_one	ENSMUSG00000097216	0	NA	NA	NA	0
ENSG00000251325	1	many_to_one	ENSMUSG00000097216	0	NA	NA	NA	0
ENSG00000250038	1	many_to_one	ENSMUSG00000097216	0	NA	NA	NA	0
ENSG00000286596	1	many_to_one	ENSMUSG00000097216	1	many_to_one	lncgDivg	ENSMUSG00000097216	0
ENSG00000240005	1	many_to_one	ENSMUSG00000097216	0	NA	NA	NA	0
ENSG00000283083	1	many_to_many_DifferentNumber	ENSMUSG00000079528;ENSMUSG00000107031;ENSMUSG00000106679	0	NA	NA	NA	0
ENSG00000249334	1	many_to_many_DifferentNumber	ENSMUSG00000079528;ENSMUSG00000107031;ENSMUSG00000106679	1	one_to_one	lncgDivg	ENSMUSG00000079528	0
ENSG00000250893	1	one_to_one	ENSMUSG00000097092	1	one_to_one	lncgDivg	ENSMUSG00000097092	0
ENSG00000287182	1	one_to_one	ENSMUSG00000107014	0	NA	NA	NA	0
ENSG00000240152	1	many_to_many_DifferentNumber	ENSMUSG00000106828;ENSMUSG00000106906;ENSMUSG00000107232;ENSMUSG00000106985	0	NA	NA	NA	0
ENSG00000248505	1	many_to_many_DifferentNumber	ENSMUSG00000106828;ENSMUSG00000106906;ENSMUSG00000107232;ENSMUSG00000106985	0	NA	NA	NA	0
ENSG00000285998	1	many_to_many_DifferentNumber	ENSMUSG00000106828;ENSMUSG00000106906;ENSMUSG00000107232;ENSMUSG00000106985	0	NA	NA	NA	0
ENSG00000251459	1	many_to_many_DifferentNumber	ENSMUSG00000106828;ENSMUSG00000106906;ENSMUSG00000107232;ENSMUSG00000106985	0	NA	NA	NA	0
ENSG00000249111	1	many_to_many_DifferentNumber	ENSMUSG00000106828;ENSMUSG00000106906;ENSMUSG00000107232;ENSMUSG00000106985	0	NA	NA	NA	0
ENSG00000249831	1	many_to_many_DifferentNumber	ENSMUSG00000106828;ENSMUSG00000106906;ENSMUSG00000107232;ENSMUSG00000106985	0	NA	NA	NA	0
ENSG00000251266	1	many_to_many_DifferentNumber	ENSMUSG00000106828;ENSMUSG00000106906;ENSMUSG00000107232;ENSMUSG00000106985	0	NA	NA	NA	0
ENSG00000250192	1	many_to_many_DifferentNumber	ENSMUSG00000106828;ENSMUSG00000106906;ENSMUSG00000107232;ENSMUSG00000106985	1	one_to_many	lincDivg	ENSMUSG00000106985;ENSMUSG00000107232;ENSMUSG00000106906	0
ENSG00000249066	1	many_to_many_DifferentNumber	ENSMUSG00000106828;ENSMUSG00000106906;ENSMUSG00000107232;ENSMUSG00000106985	0	NA	NA	NA	0
ENSG00000287369	1	many_to_many_DifferentNumber	ENSMUSG00000106828;ENSMUSG00000106906;ENSMUSG00000107232;ENSMUSG00000106985	1	many_to_one	lncgDivg	ENSMUSG00000106828	0
ENSG00000245067	1	many_to_many_DifferentNumber	ENSMUSG00000106828;ENSMUSG00000106906;ENSMUSG00000107232;ENSMUSG00000106985	1	many_to_one	lncgDivg	ENSMUSG00000106828	0
ENSG00000263327	1	many_to_many_DifferentNumber	ENSMUSG00000105503;ENSMUSG00000104784	1	many_to_many_strict	lncgDivg	ENSMUSG00000105503;ENSMUSG00000104784	1
ENSG00000248138	1	many_to_many_DifferentNumber	ENSMUSG00000105503;ENSMUSG00000104784	0	NA	NA	NA	1
ENSG00000286888	1	many_to_many_DifferentNumber	ENSMUSG00000105503;ENSMUSG00000104784	0	NA	NA	NA	1
ENSG00000249234	1	many_to_many_DifferentNumber	ENSMUSG00000105503;ENSMUSG00000104784	1	many_to_many_strict	lncgDivg	ENSMUSG00000105503;ENSMUSG00000104784	1
ENSG00000251264	1	many_to_many_sameNumber	ENSMUSG00000106760;ENSMUSG00000107386	0	NA	NA	NA	1
ENSG00000250456	1	many_to_many_sameNumber	ENSMUSG00000106760;ENSMUSG00000107386	0	NA	NA	NA	1
ENSG00000249453	1	many_to_one	ENSMUSG00000104847	0	NA	NA	NA	0
ENSG00000289902	1	many_to_one	ENSMUSG00000104847	0	NA	NA	NA	0
ENSG00000248646	1	many_to_many_DifferentNumber	ENSMUSG00000099468;ENSMUSG00000101978;ENSMUSG00000107301	1	one_to_one	lincSS.dw	ENSMUSG00000107301	1
ENSG00000249717	1	many_to_many_DifferentNumber	ENSMUSG00000099468;ENSMUSG00000101978;ENSMUSG00000107301	0	NA	NA	NA	1
ENSG00000251185	1	many_to_many_DifferentNumber	ENSMUSG00000099468;ENSMUSG00000101978;ENSMUSG00000107301	0	NA	NA	NA	1
ENSG00000251454	1	many_to_many_DifferentNumber	ENSMUSG00000099468;ENSMUSG00000101978;ENSMUSG00000107301	0	NA	NA	NA	1
ENSG00000248165	1	many_to_many_DifferentNumber	ENSMUSG00000099468;ENSMUSG00000101978;ENSMUSG00000107301	0	NA	NA	NA	1
ENSG00000260265	1	many_to_many_DifferentNumber	ENSMUSG00000099468;ENSMUSG00000101978;ENSMUSG00000107301	0	NA	NA	NA	1
ENSG00000248545	1	one_to_one	ENSMUSG00000106538	1	one_to_one	lincSS.up	ENSMUSG00000106538	1
ENSG00000250220	1	one_to_one	ENSMUSG00000054945	1	one_to_one	lncgDivg	ENSMUSG00000054945	1
ENSG00000249413	1	many_to_many_DifferentNumber	ENSMUSG00000106598;ENSMUSG00000104878	0	NA	NA	NA	1
ENSG00000272304	1	many_to_many_DifferentNumber	ENSMUSG00000106598;ENSMUSG00000104878	0	NA	NA	NA	1
ENSG00000248479	1	many_to_many_DifferentNumber	ENSMUSG00000106598;ENSMUSG00000104878	1	one_to_one	lincDivg	ENSMUSG00000106598	1
ENSG00000251527	1	many_to_many_DifferentNumber	ENSMUSG00000106598;ENSMUSG00000104878	0	NA	NA	NA	1
ENSG00000250846	1	many_to_many_DifferentNumber	ENSMUSG00000106598;ENSMUSG00000104878	0	NA	NA	NA	1
ENSG00000286150	1	one_to_many	ENSMUSG00000106398;ENSMUSG00000104617	0	NA	NA	NA	0
ENSG00000251219	1	many_to_one	ENSMUSG00000104610	0	NA	NA	NA	0
ENSG00000250223	1	many_to_one	ENSMUSG00000104610	0	NA	NA	NA	0
ENSG00000251636	1	many_to_one	ENSMUSG00000104610	0	NA	NA	NA	0
ENSG00000253170	1	many_to_many_DifferentNumber	ENSMUSG00000106505;ENSMUSG00000105880;ENSMUSG00000105777;ENSMUSG00000118659	1	one_to_one	lincConv	ENSMUSG00000106505	0
ENSG00000287841	1	many_to_many_DifferentNumber	ENSMUSG00000106505;ENSMUSG00000105880;ENSMUSG00000105777;ENSMUSG00000118659	0	NA	NA	NA	0
ENSG00000248510	1	many_to_many_DifferentNumber	ENSMUSG00000106505;ENSMUSG00000105880;ENSMUSG00000105777;ENSMUSG00000118659	0	NA	NA	NA	0
ENSG00000286147	1	many_to_one	ENSMUSG00000106280	0	NA	NA	NA	1
ENSG00000249613	1	many_to_one	ENSMUSG00000106280	0	NA	NA	NA	1
ENSG00000245384	1	many_to_many_DifferentNumber	ENSMUSG00000105952;ENSMUSG00000104645;ENSMUSG00000097911;ENSMUSG00000106069	1	one_to_one	lncgDivg	ENSMUSG00000097911	0
ENSG00000250670	1	many_to_many_DifferentNumber	ENSMUSG00000105952;ENSMUSG00000104645;ENSMUSG00000097911;ENSMUSG00000106069	0	NA	NA	NA	0
ENSG00000248373	1	many_to_many_DifferentNumber	ENSMUSG00000105952;ENSMUSG00000104645;ENSMUSG00000097911;ENSMUSG00000106069	0	NA	NA	NA	0
ENSG00000248242	1	many_to_many_DifferentNumber	ENSMUSG00000105085;ENSMUSG00000104556;ENSMUSG00000106139	0	NA	NA	NA	0
ENSG00000251259	1	many_to_many_DifferentNumber	ENSMUSG00000105085;ENSMUSG00000104556;ENSMUSG00000106139	0	NA	NA	NA	0
ENSG00000286269	1	many_to_one	ENSMUSG00000104531	0	NA	NA	NA	0
ENSG00000224932	1	many_to_one	ENSMUSG00000104531	0	NA	NA	NA	0
ENSG00000288921	1	many_to_one	ENSMUSG00000104531	0	NA	NA	NA	0
ENSG00000251170	1	many_to_many_DifferentNumber	ENSMUSG00000097031;ENSMUSG00000105765	0	NA	NA	NA	0
ENSG00000249614	1	many_to_many_DifferentNumber	ENSMUSG00000097031;ENSMUSG00000105765	0	NA	NA	NA	0
ENSG00000286291	1	many_to_many_DifferentNumber	ENSMUSG00000097031;ENSMUSG00000105765	0	NA	NA	NA	0
ENSG00000249171	1	many_to_one	ENSMUSG00000106255	1	one_to_one	lincConv	ENSMUSG00000106255	1
ENSG00000250546	1	many_to_one	ENSMUSG00000106255	0	NA	NA	NA	1
ENSG00000248749	1	many_to_one	ENSMUSG00000106255	0	NA	NA	NA	1
ENSG00000251309	1	many_to_one	ENSMUSG00000104710	0	NA	NA	NA	1
ENSG00000286124	1	many_to_one	ENSMUSG00000104710	0	NA	NA	NA	1
ENSG00000287101	1	many_to_many_DifferentNumber	ENSMUSG00000105910;ENSMUSG00000037884	0	NA	NA	NA	0
ENSG00000248491	1	many_to_many_DifferentNumber	ENSMUSG00000105910;ENSMUSG00000037884	0	NA	NA	NA	0
ENSG00000287021	1	many_to_many_DifferentNumber	ENSMUSG00000105910;ENSMUSG00000037884	0	NA	NA	NA	0
ENSG00000250945	1	many_to_many_DifferentNumber	ENSMUSG00000105910;ENSMUSG00000037884	0	NA	NA	NA	0
ENSG00000286251	1	many_to_many_DifferentNumber	ENSMUSG00000105910;ENSMUSG00000037884	0	NA	NA	NA	0
ENSG00000289869	1	many_to_many_DifferentNumber	ENSMUSG00000105910;ENSMUSG00000037884	0	NA	NA	NA	0
ENSG00000287748	1	many_to_one	ENSMUSG00000097040	0	NA	NA	NA	0
ENSG00000248369	1	many_to_one	ENSMUSG00000097040	0	NA	NA	NA	0
ENSG00000250193	1	many_to_one	ENSMUSG00000097040	0	NA	NA	NA	0
ENSG00000246876	1	many_to_one	ENSMUSG00000097040	0	NA	NA	NA	0
ENSG00000249463	1	many_to_one	ENSMUSG00000097040	0	NA	NA	NA	0
ENSG00000250503	1	many_to_one	ENSMUSG00000097040	0	NA	NA	NA	0
ENSG00000251488	1	many_to_one	ENSMUSG00000097040	0	NA	NA	NA	0
ENSG00000251598	1	many_to_one	ENSMUSG00000097040	0	NA	NA	NA	0
ENSG00000249513	1	many_to_one	ENSMUSG00000097040	0	NA	NA	NA	0
ENSG00000251555	1	many_to_one	ENSMUSG00000097040	0	NA	NA	NA	0
ENSG00000250241	1	many_to_one	ENSMUSG00000097040	1	one_to_one	lncgDivg	ENSMUSG00000097040	0
ENSG00000249942	1	one_to_one	ENSMUSG00000107198	0	NA	NA	NA	0
ENSG00000248434	1	many_to_many_DifferentNumber	ENSMUSG00000102263;ENSMUSG00000102679	0	NA	NA	NA	0
ENSG00000249000	1	many_to_many_DifferentNumber	ENSMUSG00000102263;ENSMUSG00000102679	0	NA	NA	NA	0
ENSG00000250341	1	many_to_many_DifferentNumber	ENSMUSG00000102263;ENSMUSG00000102679	0	NA	NA	NA	0
ENSG00000251291	1	many_to_many_DifferentNumber	ENSMUSG00000102263;ENSMUSG00000102679	0	NA	NA	NA	0
ENSG00000250665	1	many_to_many_DifferentNumber	ENSMUSG00000102263;ENSMUSG00000102679	0	NA	NA	NA	0
ENSG00000248456	1	many_to_many_DifferentNumber	ENSMUSG00000037910;ENSMUSG00000102181	0	NA	NA	NA	0
ENSG00000261166	1	many_to_many_DifferentNumber	ENSMUSG00000037910;ENSMUSG00000102181	0	NA	NA	NA	0
ENSG00000251567	1	many_to_many_DifferentNumber	ENSMUSG00000037910;ENSMUSG00000102181	0	NA	NA	NA	0
ENSG00000248869	1	many_to_many_DifferentNumber	ENSMUSG00000037910;ENSMUSG00000102181	0	NA	NA	NA	0
ENSG00000249847	1	many_to_many_DifferentNumber	ENSMUSG00000037910;ENSMUSG00000102181	0	NA	NA	NA	0
ENSG00000250865	1	many_to_many_DifferentNumber	ENSMUSG00000037910;ENSMUSG00000102181	0	NA	NA	NA	0
ENSG00000248330	1	many_to_many_DifferentNumber	ENSMUSG00000037910;ENSMUSG00000102181	0	NA	NA	NA	0
ENSG00000286467	1	many_to_one	ENSMUSG00000100799	0	NA	NA	NA	0
ENSG00000251199	1	many_to_one	ENSMUSG00000100799	0	NA	NA	NA	0
ENSG00000251388	1	many_to_one	ENSMUSG00000100799	0	NA	NA	NA	0
ENSG00000251523	1	many_to_one	ENSMUSG00000105838	0	NA	NA	NA	1
ENSG00000260641	1	many_to_one	ENSMUSG00000105838	0	NA	NA	NA	1
ENSG00000254044	1	many_to_one	ENSMUSG00000120160	0	NA	NA	NA	0
ENSG00000214559	1	many_to_one	ENSMUSG00000120160	1	many_to_one	lncgDivg	ENSMUSG00000120160	1
ENSG00000289532	1	many_to_one	ENSMUSG00000120160	1	many_to_one	lncgDivg	ENSMUSG00000120160	1
ENSG00000249381	1	many_to_many_DifferentNumber	ENSMUSG00000102892;ENSMUSG00000103464	0	NA	NA	NA	1
ENSG00000250501	1	many_to_many_DifferentNumber	ENSMUSG00000102892;ENSMUSG00000103464	0	NA	NA	NA	1
ENSG00000251372	1	many_to_many_DifferentNumber	ENSMUSG00000102892;ENSMUSG00000103464	0	NA	NA	NA	1
ENSG00000248397	1	many_to_many_DifferentNumber	ENSMUSG00000102067;ENSMUSG00000102715	1	many_to_one	lincSS.up	ENSMUSG00000102715	1
ENSG00000249091	1	many_to_many_DifferentNumber	ENSMUSG00000102067;ENSMUSG00000102715	1	many_to_one	lincSS.up	ENSMUSG00000102715	1
ENSG00000250977	1	many_to_many_DifferentNumber	ENSMUSG00000102067;ENSMUSG00000102715	0	NA	NA	NA	1
ENSG00000250195	1	many_to_many_DifferentNumber	ENSMUSG00000102067;ENSMUSG00000102715	0	NA	NA	NA	1
ENSG00000250577	1	many_to_many_DifferentNumber	ENSMUSG00000102067;ENSMUSG00000102715	0	NA	NA	NA	1
ENSG00000251256	1	many_to_one	ENSMUSG00000106754	0	NA	NA	NA	1
ENSG00000248317	1	many_to_one	ENSMUSG00000106754	0	NA	NA	NA	1
ENSG00000250646	1	many_to_one	ENSMUSG00000106754	0	NA	NA	NA	1
ENSG00000249727	1	one_to_many	ENSMUSG00000106726;ENSMUSG00000100936;ENSMUSG00000107061	1	one_to_one	lincConv	ENSMUSG00000106726	1
ENSG00000249184	1	many_to_many_DifferentNumber	ENSMUSG00000105012;ENSMUSG00000110441;ENSMUSG00000106422;ENSMUSG00000085527	0	NA	NA	NA	0
ENSG00000251455	1	many_to_many_DifferentNumber	ENSMUSG00000105012;ENSMUSG00000110441;ENSMUSG00000106422;ENSMUSG00000085527	0	NA	NA	NA	0
ENSG00000251249	1	many_to_many_DifferentNumber	ENSMUSG00000105012;ENSMUSG00000110441;ENSMUSG00000106422;ENSMUSG00000085527	0	NA	NA	NA	0
ENSG00000286720	1	many_to_many_DifferentNumber	ENSMUSG00000105012;ENSMUSG00000110441;ENSMUSG00000106422;ENSMUSG00000085527	0	NA	NA	NA	0
ENSG00000248991	1	many_to_many_DifferentNumber	ENSMUSG00000105012;ENSMUSG00000110441;ENSMUSG00000106422;ENSMUSG00000085527	0	NA	NA	NA	0
ENSG00000245954	1	many_to_many_DifferentNumber	ENSMUSG00000105012;ENSMUSG00000110441;ENSMUSG00000106422;ENSMUSG00000085527	0	NA	NA	NA	0
ENSG00000286761	1	many_to_one	ENSMUSG00000099995	0	NA	NA	NA	0
ENSG00000249708	1	many_to_one	ENSMUSG00000099995	0	NA	NA	NA	0
ENSG00000249818	1	many_to_one	ENSMUSG00000099995	0	NA	NA	NA	0
ENSG00000286066	1	many_to_one	ENSMUSG00000099995	0	NA	NA	NA	0
ENSG00000287504	1	many_to_one	ENSMUSG00000099995	0	NA	NA	NA	0
ENSG00000250706	1	many_to_one	ENSMUSG00000099995	0	NA	NA	NA	0
ENSG00000251377	1	many_to_one	ENSMUSG00000099995	0	NA	NA	NA	0
ENSG00000270302	1	many_to_one	ENSMUSG00000099995	0	NA	NA	NA	0
ENSG00000270883	1	many_to_one	ENSMUSG00000099995	0	NA	NA	NA	0
ENSG00000251687	1	one_to_one	ENSMUSG00000110094	0	NA	NA	NA	1
ENSG00000248809	1	many_to_one	ENSMUSG00000109583	0	NA	NA	NA	1
ENSG00000260303	1	many_to_one	ENSMUSG00000109583	0	NA	NA	NA	1
ENSG00000280711	1	many_to_one	ENSMUSG00000105297	0	NA	NA	NA	1
ENSG00000289243	1	many_to_one	ENSMUSG00000105297	0	NA	NA	NA	1
ENSG00000251432	1	many_to_one	ENSMUSG00000105297	0	NA	NA	NA	1
ENSG00000248802	1	many_to_many_DifferentNumber	ENSMUSG00000105258;ENSMUSG00000106000;ENSMUSG00000105260;ENSMUSG00000106223;ENSMUSG00000097639	0	NA	NA	NA	1
ENSG00000248187	1	many_to_many_DifferentNumber	ENSMUSG00000105258;ENSMUSG00000106000;ENSMUSG00000105260;ENSMUSG00000106223;ENSMUSG00000097639	0	NA	NA	NA	1
ENSG00000273077	1	many_to_many_DifferentNumber	ENSMUSG00000105258;ENSMUSG00000106000;ENSMUSG00000105260;ENSMUSG00000106223;ENSMUSG00000097639	0	NA	NA	NA	1
ENSG00000250141	1	many_to_one	ENSMUSG00000119975	0	NA	NA	NA	0
ENSG00000248747	1	many_to_one	ENSMUSG00000119975	0	NA	NA	NA	0
ENSG00000248810	1	many_to_one	ENSMUSG00000119975	0	NA	NA	NA	0
ENSG00000250354	1	many_to_many_DifferentNumber	ENSMUSG00000110485;ENSMUSG00000074235	1	many_to_one	lncgDivg	ENSMUSG00000074235	0
ENSG00000287292	1	many_to_many_DifferentNumber	ENSMUSG00000110485;ENSMUSG00000074235	1	many_to_one	lncgDivg	ENSMUSG00000074235	0
ENSG00000250357	1	many_to_many_DifferentNumber	ENSMUSG00000110485;ENSMUSG00000074235	0	NA	NA	NA	0
ENSG00000248210	1	many_to_many_DifferentNumber	ENSMUSG00000110485;ENSMUSG00000074235	1	one_to_one	lincConv	ENSMUSG00000110485	0
ENSG00000249752	1	many_to_many_DifferentNumber	ENSMUSG00000110603;ENSMUSG00000110655	0	NA	NA	NA	0
ENSG00000249317	1	many_to_many_DifferentNumber	ENSMUSG00000110603;ENSMUSG00000110655	0	NA	NA	NA	0
ENSG00000250252	1	many_to_many_DifferentNumber	ENSMUSG00000110603;ENSMUSG00000110655	0	NA	NA	NA	0
ENSG00000272727	1	many_to_many_sameNumber	ENSMUSG00000109945;ENSMUSG00000109774	0	NA	NA	NA	1
ENSG00000286420	1	many_to_many_sameNumber	ENSMUSG00000109945;ENSMUSG00000109774	1	one_to_one	lincDivg	ENSMUSG00000109774	1
ENSG00000251511	1	many_to_many_DifferentNumber	ENSMUSG00000085106;ENSMUSG00000056023	0	NA	NA	NA	1
ENSG00000248912	1	many_to_many_DifferentNumber	ENSMUSG00000085106;ENSMUSG00000056023	0	NA	NA	NA	1
ENSG00000249479	1	many_to_many_DifferentNumber	ENSMUSG00000085106;ENSMUSG00000056023	0	NA	NA	NA	1
ENSG00000289320	1	many_to_many_DifferentNumber	ENSMUSG00000085106;ENSMUSG00000056023	1	one_to_one	lincDivg	ENSMUSG00000056023	1
ENSG00000251283	1	one_to_many	ENSMUSG00000104732;ENSMUSG00000103695	0	NA	NA	NA	1
ENSG00000250910	1	one_to_many	ENSMUSG00000102629;ENSMUSG00000105034	0	NA	NA	NA	1
ENSG00000250538	1	one_to_one	ENSMUSG00000104898	0	NA	NA	NA	0
ENSG00000249041	1	one_to_one	ENSMUSG00000086273	0	NA	NA	NA	1
ENSG00000249710	1	one_to_one	ENSMUSG00000055138	0	NA	NA	NA	0
ENSG00000250326	1	one_to_many	ENSMUSG00000109980;ENSMUSG00000037982	1	one_to_one	lncgDivg	ENSMUSG00000037982	0
ENSG00000278981	1	many_to_one	ENSMUSG00000074517	1	many_to_one	lncgDivg	ENSMUSG00000074517	1
ENSG00000280005	1	many_to_one	ENSMUSG00000074517	1	many_to_one	lncgDivg	ENSMUSG00000074517	1
ENSG00000286558	1	one_to_one	ENSMUSG00000098204	0	NA	NA	NA	1
ENSG00000234111	1	many_to_many_DifferentNumber	ENSMUSG00000103929;ENSMUSG00000102379	0	NA	NA	NA	1
ENSG00000249275	1	many_to_many_DifferentNumber	ENSMUSG00000103929;ENSMUSG00000102379	0	NA	NA	NA	1
ENSG00000286862	1	many_to_many_DifferentNumber	ENSMUSG00000103929;ENSMUSG00000102379	0	NA	NA	NA	1
ENSG00000287226	1	many_to_one	ENSMUSG00000103181	0	NA	NA	NA	1
ENSG00000286133	1	many_to_one	ENSMUSG00000103181	0	NA	NA	NA	1
ENSG00000250131	1	many_to_many_DifferentNumber	ENSMUSG00000110375;ENSMUSG00000109838;ENSMUSG00000109741;ENSMUSG00000110163;ENSMUSG00000110246	0	NA	NA	NA	0
ENSG00000231171	1	many_to_many_DifferentNumber	ENSMUSG00000110375;ENSMUSG00000109838;ENSMUSG00000109741;ENSMUSG00000110163;ENSMUSG00000110246	0	NA	NA	NA	0
ENSG00000286860	1	many_to_many_DifferentNumber	ENSMUSG00000110375;ENSMUSG00000109838;ENSMUSG00000109741;ENSMUSG00000110163;ENSMUSG00000110246	0	NA	NA	NA	0
ENSG00000251504	1	many_to_many_DifferentNumber	ENSMUSG00000110503;ENSMUSG00000110606;ENSMUSG00000031559;ENSMUSG00000109907;ENSMUSG00000110051;ENSMUSG00000110281;ENSMUSG00000109944;ENSMUSG00000109823;ENSMUSG00000110013;ENSMUSG00000110362;ENSMUSG00000100706	0	NA	NA	NA	0
ENSG00000249883	1	many_to_many_DifferentNumber	ENSMUSG00000110503;ENSMUSG00000110606;ENSMUSG00000031559;ENSMUSG00000109907;ENSMUSG00000110051;ENSMUSG00000110281;ENSMUSG00000109944;ENSMUSG00000109823;ENSMUSG00000110013;ENSMUSG00000110362;ENSMUSG00000100706	0	NA	NA	NA	0
ENSG00000287948	1	many_to_many_DifferentNumber	ENSMUSG00000110503;ENSMUSG00000110606;ENSMUSG00000031559;ENSMUSG00000109907;ENSMUSG00000110051;ENSMUSG00000110281;ENSMUSG00000109944;ENSMUSG00000109823;ENSMUSG00000110013;ENSMUSG00000110362;ENSMUSG00000100706	0	NA	NA	NA	0
ENSG00000287083	1	many_to_many_DifferentNumber	ENSMUSG00000110503;ENSMUSG00000110606;ENSMUSG00000031559;ENSMUSG00000109907;ENSMUSG00000110051;ENSMUSG00000110281;ENSMUSG00000109944;ENSMUSG00000109823;ENSMUSG00000110013;ENSMUSG00000110362;ENSMUSG00000100706	0	NA	NA	NA	0
ENSG00000248197	1	many_to_many_DifferentNumber	ENSMUSG00000110503;ENSMUSG00000110606;ENSMUSG00000031559;ENSMUSG00000109907;ENSMUSG00000110051;ENSMUSG00000110281;ENSMUSG00000109944;ENSMUSG00000109823;ENSMUSG00000110013;ENSMUSG00000110362;ENSMUSG00000100706	0	NA	NA	NA	0
ENSG00000287775	1	many_to_many_DifferentNumber	ENSMUSG00000110503;ENSMUSG00000110606;ENSMUSG00000031559;ENSMUSG00000109907;ENSMUSG00000110051;ENSMUSG00000110281;ENSMUSG00000109944;ENSMUSG00000109823;ENSMUSG00000110013;ENSMUSG00000110362;ENSMUSG00000100706	0	NA	NA	NA	0
ENSG00000250993	1	many_to_many_DifferentNumber	ENSMUSG00000110503;ENSMUSG00000110606;ENSMUSG00000031559;ENSMUSG00000109907;ENSMUSG00000110051;ENSMUSG00000110281;ENSMUSG00000109944;ENSMUSG00000109823;ENSMUSG00000110013;ENSMUSG00000110362;ENSMUSG00000100706	0	NA	NA	NA	0
ENSG00000249460	1	many_to_many_DifferentNumber	ENSMUSG00000110503;ENSMUSG00000110606;ENSMUSG00000031559;ENSMUSG00000109907;ENSMUSG00000110051;ENSMUSG00000110281;ENSMUSG00000109944;ENSMUSG00000109823;ENSMUSG00000110013;ENSMUSG00000110362;ENSMUSG00000100706	0	NA	NA	NA	0
ENSG00000251336	1	many_to_many_DifferentNumber	ENSMUSG00000110503;ENSMUSG00000110606;ENSMUSG00000031559;ENSMUSG00000109907;ENSMUSG00000110051;ENSMUSG00000110281;ENSMUSG00000109944;ENSMUSG00000109823;ENSMUSG00000110013;ENSMUSG00000110362;ENSMUSG00000100706	0	NA	NA	NA	0
ENSG00000251416	1	many_to_many_DifferentNumber	ENSMUSG00000110503;ENSMUSG00000110606;ENSMUSG00000031559;ENSMUSG00000109907;ENSMUSG00000110051;ENSMUSG00000110281;ENSMUSG00000109944;ENSMUSG00000109823;ENSMUSG00000110013;ENSMUSG00000110362;ENSMUSG00000100706	0	NA	NA	NA	0
ENSG00000289951	1	many_to_many_DifferentNumber	ENSMUSG00000110503;ENSMUSG00000110606;ENSMUSG00000031559;ENSMUSG00000109907;ENSMUSG00000110051;ENSMUSG00000110281;ENSMUSG00000109944;ENSMUSG00000109823;ENSMUSG00000110013;ENSMUSG00000110362;ENSMUSG00000100706	0	NA	NA	NA	0
ENSG00000177822	1	many_to_many_DifferentNumber	ENSMUSG00000110503;ENSMUSG00000110606;ENSMUSG00000031559;ENSMUSG00000109907;ENSMUSG00000110051;ENSMUSG00000110281;ENSMUSG00000109944;ENSMUSG00000109823;ENSMUSG00000110013;ENSMUSG00000110362;ENSMUSG00000100706	1	many_to_one	lncgDivg	ENSMUSG00000100706	0
ENSG00000249500	1	one_to_one	ENSMUSG00000109579	0	NA	NA	NA	1
ENSG00000280241	1	one_to_one	ENSMUSG00000101334	0	NA	NA	NA	1
ENSG00000248319	1	many_to_one	ENSMUSG00000109992	1	one_to_one	lincSS.dw	ENSMUSG00000109992	1
ENSG00000287660	1	many_to_one	ENSMUSG00000109992	0	NA	NA	NA	1
ENSG00000248206	1	one_to_many	ENSMUSG00000109888;ENSMUSG00000086190	0	NA	NA	NA	1
ENSG00000287433	1	one_to_many	ENSMUSG00000109751;ENSMUSG00000110374;ENSMUSG00000109759	1	one_to_many	lncgDivg	ENSMUSG00000086190;ENSMUSG00000109888	1
ENSG00000232648	1	one_to_one	ENSMUSG00000074357	1	one_to_one	lncgDivg	ENSMUSG00000074357	1
ENSG00000248601	1	many_to_one	ENSMUSG00000110364	0	NA	NA	NA	1
ENSG00000250150	1	many_to_one	ENSMUSG00000110364	0	NA	NA	NA	1
ENSG00000248429	1	one_to_one	ENSMUSG00000102191	1	one_to_one	lncgDivg	ENSMUSG00000102191	1
ENSG00000250708	1	many_to_many_sameNumber	ENSMUSG00000110000;ENSMUSG00000100510	0	NA	NA	NA	1
ENSG00000237125	1	many_to_many_sameNumber	ENSMUSG00000110000;ENSMUSG00000100510	1	one_to_one	lncgDivg	ENSMUSG00000100510	1
ENSG00000271474	1	one_to_one	ENSMUSG00000089737	1	one_to_many	lncgDivg	ENSMUSG00000089737;ENSMUSG00000089924	0
ENSG00000248517	1	many_to_one	ENSMUSG00000109612	1	one_to_one	lincSS.up	ENSMUSG00000109612	1
ENSG00000251139	1	many_to_one	ENSMUSG00000109612	0	NA	NA	NA	1
ENSG00000286256	1	many_to_one	ENSMUSG00000109612	0	NA	NA	NA	1
ENSG00000289197	1	many_to_one	ENSMUSG00000109612	0	NA	NA	NA	1
ENSG00000289139	1	many_to_many_DifferentNumber	ENSMUSG00000110179;ENSMUSG00000110035	0	NA	NA	NA	1
ENSG00000251230	1	many_to_many_DifferentNumber	ENSMUSG00000110179;ENSMUSG00000110035	0	NA	NA	NA	1
ENSG00000249173	1	many_to_many_DifferentNumber	ENSMUSG00000110179;ENSMUSG00000110035	0	NA	NA	NA	1
ENSG00000251298	1	one_to_many	ENSMUSG00000086781;ENSMUSG00000086451	0	NA	NA	NA	1
ENSG00000282917	1	one_to_one	ENSMUSG00000093400	0	NA	NA	NA	0
ENSG00000259959	1	one_to_one	ENSMUSG00000093771	1	one_to_one	lncgSS.up	ENSMUSG00000093771	0
ENSG00000272986	1	one_to_one	ENSMUSG00000120316	1	one_to_one	lncgDivg	ENSMUSG00000120316	1
ENSG00000288025	1	many_to_one	ENSMUSG00000109697	0	NA	NA	NA	0
ENSG00000286226	1	many_to_one	ENSMUSG00000109697	0	NA	NA	NA	0
ENSG00000286039	1	many_to_one	ENSMUSG00000109697	1	one_to_one	lincConv	ENSMUSG00000109697	0
ENSG00000261646	1	many_to_many_DifferentNumber	ENSMUSG00000109629;ENSMUSG00000119998;ENSMUSG00000097910	1	many_to_one	lincSS.dw	ENSMUSG00000097910	0
ENSG00000288776	1	many_to_many_DifferentNumber	ENSMUSG00000109629;ENSMUSG00000119998;ENSMUSG00000097910	1	many_to_one	lincSS.dw	ENSMUSG00000097910	0
ENSG00000244459	1	one_to_one	ENSMUSG00000107248	0	NA	NA	NA	1
ENSG00000286280	1	one_to_one	ENSMUSG00000105264	0	NA	NA	NA	1
ENSG00000250062	1	one_to_one	ENSMUSG00000105426	0	NA	NA	NA	1
ENSG00000251379	1	one_to_one	ENSMUSG00000087290	1	one_to_one	lncgDivg	ENSMUSG00000087290	1
ENSG00000251442	1	one_to_many	ENSMUSG00000104955;ENSMUSG00000106319;ENSMUSG00000106357	1	one_to_one	lincSS.dw	ENSMUSG00000106319	1
ENSG00000287632	1	many_to_many_sameNumber	ENSMUSG00000105006;ENSMUSG00000105283	1	one_to_one	lincConv	ENSMUSG00000105283	1
ENSG00000260278	1	many_to_many_sameNumber	ENSMUSG00000105006;ENSMUSG00000105283	1	one_to_one	lncgDivg	ENSMUSG00000105006	1
ENSG00000271646	1	many_to_one	ENSMUSG00000097534	1	many_to_many	lncgDivg	ENSMUSG00000110374;ENSMUSG00000097534;ENSMUSG00000109751	0
ENSG00000286292	1	many_to_one	ENSMUSG00000097534	1	many_to_many	lncgDivg	ENSMUSG00000110374;ENSMUSG00000097534;ENSMUSG00000109751	0
ENSG00000251095	1	one_to_many	ENSMUSG00000073045;ENSMUSG00000108192;ENSMUSG00000108003	0	NA	NA	NA	0
ENSG00000288563	1	one_to_one	ENSMUSG00000046764	0	NA	NA	NA	0
ENSG00000250511	1	many_to_one	ENSMUSG00000098515	0	NA	NA	NA	1
ENSG00000250103	1	many_to_one	ENSMUSG00000098515	1	one_to_one	lncgSS.dw	ENSMUSG00000098515	0
ENSG00000249519	1	many_to_many_DifferentNumber	ENSMUSG00000105816;ENSMUSG00000105527;ENSMUSG00000099640	0	NA	NA	NA	1
ENSG00000288692	1	many_to_many_DifferentNumber	ENSMUSG00000105816;ENSMUSG00000105527;ENSMUSG00000099640	0	NA	NA	NA	1
ENSG00000248656	1	many_to_many_DifferentNumber	ENSMUSG00000105816;ENSMUSG00000105527;ENSMUSG00000099640	0	NA	NA	NA	1
ENSG00000250855	1	many_to_many_DifferentNumber	ENSMUSG00000105816;ENSMUSG00000105527;ENSMUSG00000099640	0	NA	NA	NA	1
ENSG00000288691	1	many_to_many_DifferentNumber	ENSMUSG00000105816;ENSMUSG00000105527;ENSMUSG00000099640	0	NA	NA	NA	1
ENSG00000288685	1	many_to_many_DifferentNumber	ENSMUSG00000105816;ENSMUSG00000105527;ENSMUSG00000099640	0	NA	NA	NA	1
ENSG00000289096	1	many_to_many_DifferentNumber	ENSMUSG00000105816;ENSMUSG00000105527;ENSMUSG00000099640	0	NA	NA	NA	1
ENSG00000249815	1	one_to_many	ENSMUSG00000106437;ENSMUSG00000106245;ENSMUSG00000104763	1	one_to_many	lincDivg	ENSMUSG00000104763;ENSMUSG00000106437	1
ENSG00000260526	1	one_to_many	ENSMUSG00000105447;ENSMUSG00000105550	1	one_to_one	lncgDivg	ENSMUSG00000105447	1
ENSG00000287060	1	one_to_many	ENSMUSG00000106756;ENSMUSG00000120170	1	one_to_many	lincDivg	ENSMUSG00000120170;ENSMUSG00000106756	1
ENSG00000251399	1	many_to_one	ENSMUSG00000120552	0	NA	NA	NA	0
ENSG00000248408	1	many_to_one	ENSMUSG00000120552	0	NA	NA	NA	0
ENSG00000251321	1	many_to_one	ENSMUSG00000120552	0	NA	NA	NA	0
ENSG00000250334	1	many_to_one	ENSMUSG00000120552	0	NA	NA	NA	0
ENSG00000283314	1	one_to_one	ENSMUSG00000106981	0	NA	NA	NA	1
ENSG00000251009	1	one_to_one	ENSMUSG00000106808	0	NA	NA	NA	1
ENSG00000250582	1	many_to_one	ENSMUSG00000097174	1	many_to_one	lncgDivg	ENSMUSG00000109945	1
ENSG00000250902	1	many_to_one	ENSMUSG00000097174	1	many_to_one	lncgDivg	ENSMUSG00000109945	1
ENSG00000248356	1	one_to_one	ENSMUSG00000110388	1	one_to_one	lncgDivg	ENSMUSG00000097174	1
ENSG00000286242	1	many_to_one	ENSMUSG00000097032	1	many_to_one	lncgDivg	ENSMUSG00000097032	1
ENSG00000246560	1	many_to_one	ENSMUSG00000097032	1	many_to_one	lncgDivg	ENSMUSG00000097032	1
ENSG00000250969	1	one_to_one	ENSMUSG00000098001	0	NA	NA	NA	0
ENSG00000272717	1	many_to_one	ENSMUSG00000097885	1	many_to_one	lncgDivg	ENSMUSG00000097885	0
ENSG00000286896	1	many_to_one	ENSMUSG00000097885	1	many_to_one	lncgDivg	ENSMUSG00000097885	0
ENSG00000270147	1	many_to_one	ENSMUSG00000121495	1	many_to_one	lncgDivg	ENSMUSG00000121495	1
ENSG00000290817	1	many_to_one	ENSMUSG00000121495	1	many_to_one	lncgDivg	ENSMUSG00000121495	1
ENSG00000245928	1	one_to_one	ENSMUSG00000106698	1	one_to_one	lncgDivg	ENSMUSG00000106698	1
ENSG00000288781	1	one_to_one	ENSMUSG00000106503	0	NA	NA	NA	1
ENSG00000287331	1	one_to_one	ENSMUSG00000120374	1	one_to_one	lincSS.up	ENSMUSG00000120374	0
ENSG00000251171	1	one_to_one	ENSMUSG00000086681	1	one_to_one	lncgDivg	ENSMUSG00000099419	1
ENSG00000289019	1	one_to_one	ENSMUSG00000121172	1	one_to_one	lncgDivg	ENSMUSG00000121172	1
ENSG00000288944	1	one_to_many	ENSMUSG00000085858;ENSMUSG00000106783	1	one_to_one	lincSS.up	ENSMUSG00000106783	1
ENSG00000261121	1	one_to_one	ENSMUSG00000097145	0	NA	NA	NA	0
ENSG00000248984	1	many_to_many_DifferentNumber	ENSMUSG00000108242;ENSMUSG00000121379	1	many_to_one	lncgDivg	ENSMUSG00000097924	0
ENSG00000249049	1	many_to_many_DifferentNumber	ENSMUSG00000108242;ENSMUSG00000121379	1	many_to_one	lncgDivg	ENSMUSG00000097924	0
ENSG00000249152	1	many_to_many_DifferentNumber	ENSMUSG00000108242;ENSMUSG00000121379	0	NA	NA	NA	0
ENSG00000248511	1	many_to_many_DifferentNumber	ENSMUSG00000108242;ENSMUSG00000121379	1	many_to_many_strict	lncgDivg	ENSMUSG00000107864;ENSMUSG00000108242;ENSMUSG00000107525	0
ENSG00000251148	1	one_to_one	ENSMUSG00000106888	1	one_to_one	lncgDivg	ENSMUSG00000106888	1
ENSG00000248627	1	many_to_many_sameNumber	ENSMUSG00000107525;ENSMUSG00000107864	1	many_to_many_strict	lncgDivg	ENSMUSG00000107864;ENSMUSG00000108242;ENSMUSG00000107525	0
ENSG00000250908	1	many_to_many_sameNumber	ENSMUSG00000107525;ENSMUSG00000107864	1	many_to_many_strict	lncgDivg	ENSMUSG00000107864;ENSMUSG00000108242;ENSMUSG00000107525	0
ENSG00000287762	1	many_to_many_sameNumber	ENSMUSG00000085839;ENSMUSG00000086964	1	many_to_many_strict	lncgDivg	ENSMUSG00000086964;ENSMUSG00000085839	1
ENSG00000249216	1	many_to_many_sameNumber	ENSMUSG00000085839;ENSMUSG00000086964	1	many_to_many_strict	lncgDivg	ENSMUSG00000086964;ENSMUSG00000085839	1
ENSG00000245870	1	many_to_many_sameNumber	ENSMUSG00000107319;ENSMUSG00000120155	1	one_to_one	lincDivg	ENSMUSG00000120155	1
ENSG00000249771	1	many_to_many_sameNumber	ENSMUSG00000107319;ENSMUSG00000120155	1	one_to_one	lncgDivg	ENSMUSG00000107319	1
ENSG00000285454	1	one_to_many	ENSMUSG00000097840;ENSMUSG00000107385	1	one_to_one	lncgDivg	ENSMUSG00000097840	0
ENSG00000250338	1	many_to_one	ENSMUSG00000120641	1	one_to_one	lincSS.dw	ENSMUSG00000120641	0
ENSG00000249241	1	many_to_one	ENSMUSG00000120641	0	NA	NA	NA	0
ENSG00000288785	1	one_to_one	ENSMUSG00000102544	0	NA	NA	NA	1
ENSG00000289314	1	one_to_one	ENSMUSG00000110202	0	NA	NA	NA	1
ENSG00000232021	1	one_to_many	ENSMUSG00000106095;ENSMUSG00000106249;ENSMUSG00000106086	1	one_to_one	lncgDivg	ENSMUSG00000106086	0
ENSG00000234492	1	one_to_many	ENSMUSG00000105789;ENSMUSG00000105716;ENSMUSG00000104557;ENSMUSG00000105769;ENSMUSG00000120479	1	one_to_one	lncgDivg	ENSMUSG00000105789	0
ENSG00000254531	1	one_to_many	ENSMUSG00000099508;ENSMUSG00000120358	1	one_to_one	lncgDivg	ENSMUSG00000120358	1
ENSG00000283183	1	one_to_one	ENSMUSG00000072769	1	one_to_one	lncgDivg	ENSMUSG00000072769	0
ENSG00000288913	1	one_to_one	ENSMUSG00000105837	1	one_to_one	lncgDivg	ENSMUSG00000105837	1
ENSG00000245293	1	one_to_one	ENSMUSG00000097761	0	NA	NA	NA	1
ENSG00000269893	1	one_to_one	ENSMUSG00000104960	1	one_to_one	lncgConv	ENSMUSG00000104960	0
ENSG00000248335	1	many_to_one	ENSMUSG00000109876	0	NA	NA	NA	0
ENSG00000273472	1	many_to_one	ENSMUSG00000109876	0	NA	NA	NA	0
ENSG00000250930	1	many_to_many_sameNumber	ENSMUSG00000085657;ENSMUSG00000106987;ENSMUSG00000072874;ENSMUSG00000121106	1	many_to_many_strict	lncgDivg	ENSMUSG00000121106;ENSMUSG00000085657	0
ENSG00000248494	1	many_to_many_sameNumber	ENSMUSG00000085657;ENSMUSG00000106987;ENSMUSG00000072874;ENSMUSG00000121106	0	NA	NA	NA	0
ENSG00000249341	1	many_to_many_sameNumber	ENSMUSG00000085657;ENSMUSG00000106987;ENSMUSG00000072874;ENSMUSG00000121106	1	many_to_many_strict	lncgDivg	ENSMUSG00000121106;ENSMUSG00000085657	0
ENSG00000249706	1	many_to_many_sameNumber	ENSMUSG00000085657;ENSMUSG00000106987;ENSMUSG00000072874;ENSMUSG00000121106	0	NA	NA	NA	0
ENSG00000272650	1	one_to_one	ENSMUSG00000085497	0	NA	NA	NA	0
ENSG00000245213	1	one_to_many	ENSMUSG00000110162;ENSMUSG00000109728;ENSMUSG00000110419	1	many_to_one	lncgDivg	ENSMUSG00000110419	1
ENSG00000288728	1	one_to_one	ENSMUSG00000120635	1	one_to_one	lncgDivg	ENSMUSG00000120635	1
ENSG00000272870	1	one_to_one	ENSMUSG00000096917	1	one_to_one	lncgDivg	ENSMUSG00000096917	1
ENSG00000291201	1	one_to_one	ENSMUSG00000105784	0	NA	NA	NA	0
ENSG00000260091	1	many_to_many_DifferentNumber	ENSMUSG00000106583;ENSMUSG00000097852	0	NA	NA	NA	0
ENSG00000250950	1	many_to_many_DifferentNumber	ENSMUSG00000106583;ENSMUSG00000097852	0	NA	NA	NA	0
ENSG00000291203	1	many_to_many_DifferentNumber	ENSMUSG00000106583;ENSMUSG00000097852	0	NA	NA	NA	1
ENSG00000289865	1	one_to_one	ENSMUSG00000121120	1	one_to_one	lncgDivg	ENSMUSG00000121120	0
ENSG00000251445	1	one_to_many	ENSMUSG00000099419;ENSMUSG00000119995	0	NA	NA	NA	1
ENSG00000251260	1	many_to_many_DifferentNumber	ENSMUSG00000092354;ENSMUSG00000106492	1	many_to_many	lncgDivg	ENSMUSG00000106492;ENSMUSG00000092354	1
ENSG00000180769	1	many_to_many_DifferentNumber	ENSMUSG00000092354;ENSMUSG00000106492	1	many_to_many	lncgDivg	ENSMUSG00000106492;ENSMUSG00000092354	0
ENSG00000286189	1	many_to_many_DifferentNumber	ENSMUSG00000092354;ENSMUSG00000106492	1	many_to_many	lncgDivg	ENSMUSG00000106492;ENSMUSG00000092354	0
ENSG00000289942	1	one_to_one	ENSMUSG00000104937	1	one_to_one	lincDivg	ENSMUSG00000104937	0
ENSG00000272969	1	one_to_one	ENSMUSG00000098449	1	one_to_one	lncgDivg	ENSMUSG00000098449	1
ENSG00000250921	1	many_to_one	ENSMUSG00000114038	0	NA	NA	NA	1
ENSG00000251371	1	many_to_one	ENSMUSG00000114038	0	NA	NA	NA	1
ENSG00000249521	1	many_to_one	ENSMUSG00000114038	0	NA	NA	NA	1
ENSG00000249941	1	many_to_one	ENSMUSG00000114038	0	NA	NA	NA	1
ENSG00000231291	1	many_to_one	ENSMUSG00000114038	0	NA	NA	NA	1
ENSG00000215231	1	many_to_one	ENSMUSG00000114038	0	NA	NA	NA	1
ENSG00000288978	1	many_to_one	ENSMUSG00000114038	0	NA	NA	NA	1
ENSG00000259603	1	many_to_many_DifferentNumber	ENSMUSG00000113771;ENSMUSG00000021600;ENSMUSG00000113358	0	NA	NA	NA	1
ENSG00000248962	1	many_to_many_DifferentNumber	ENSMUSG00000113771;ENSMUSG00000021600;ENSMUSG00000113358	0	NA	NA	NA	1
ENSG00000250481	1	many_to_many_DifferentNumber	ENSMUSG00000113771;ENSMUSG00000021600;ENSMUSG00000113358	0	NA	NA	NA	1
ENSG00000260763	1	many_to_many_DifferentNumber	ENSMUSG00000113771;ENSMUSG00000021600;ENSMUSG00000113358	0	NA	NA	NA	0
ENSG00000251506	1	many_to_many_DifferentNumber	ENSMUSG00000113771;ENSMUSG00000021600;ENSMUSG00000113358	0	NA	NA	NA	1
ENSG00000248311	1	many_to_many_DifferentNumber	ENSMUSG00000113771;ENSMUSG00000021600;ENSMUSG00000113358	0	NA	NA	NA	1
ENSG00000249994	1	many_to_many_DifferentNumber	ENSMUSG00000113771;ENSMUSG00000021600;ENSMUSG00000113358	0	NA	NA	NA	1
ENSG00000248973	1	many_to_many_DifferentNumber	ENSMUSG00000113771;ENSMUSG00000021600;ENSMUSG00000113358	0	NA	NA	NA	1
ENSG00000250529	1	many_to_many_DifferentNumber	ENSMUSG00000113771;ENSMUSG00000021600;ENSMUSG00000113358	1	many_to_one	lincDivg	ENSMUSG00000021600	1
ENSG00000251426	1	many_to_many_DifferentNumber	ENSMUSG00000113771;ENSMUSG00000021600;ENSMUSG00000113358	1	many_to_one	lincDivg	ENSMUSG00000021600	1
ENSG00000250579	1	many_to_many_DifferentNumber	ENSMUSG00000113771;ENSMUSG00000021600;ENSMUSG00000113358	1	many_to_one	lncgDivg	ENSMUSG00000113771	1
ENSG00000271119	1	many_to_one	ENSMUSG00000113346	0	NA	NA	NA	0
ENSG00000260066	1	many_to_one	ENSMUSG00000113346	1	one_to_one	lincConv	ENSMUSG00000113346	0
ENSG00000223597	1	many_to_one	ENSMUSG00000120037	0	NA	NA	NA	0
ENSG00000285689	1	many_to_one	ENSMUSG00000120037	0	NA	NA	NA	0
ENSG00000250974	1	many_to_one	ENSMUSG00000120037	0	NA	NA	NA	0
ENSG00000250060	1	many_to_one	ENSMUSG00000120037	0	NA	NA	NA	0
ENSG00000251678	1	many_to_one	ENSMUSG00000120037	1	many_to_one	lincSS.up	ENSMUSG00000120037	0
ENSG00000272071	1	many_to_one	ENSMUSG00000120037	0	NA	NA	NA	0
ENSG00000251365	1	many_to_one	ENSMUSG00000120037	0	NA	NA	NA	0
ENSG00000290510	1	many_to_one	ENSMUSG00000120037	1	many_to_one	lincSS.up	ENSMUSG00000120037	0
ENSG00000287790	1	many_to_many_DifferentNumber	ENSMUSG00000113121;ENSMUSG00000097522;ENSMUSG00000113595	0	NA	NA	NA	0
ENSG00000250668	1	many_to_many_DifferentNumber	ENSMUSG00000113121;ENSMUSG00000097522;ENSMUSG00000113595	0	NA	NA	NA	0
ENSG00000286254	1	many_to_many_DifferentNumber	ENSMUSG00000113121;ENSMUSG00000097522;ENSMUSG00000113595	0	NA	NA	NA	0
ENSG00000249638	1	many_to_many_DifferentNumber	ENSMUSG00000113121;ENSMUSG00000097522;ENSMUSG00000113595	0	NA	NA	NA	0
ENSG00000249865	1	many_to_many_DifferentNumber	ENSMUSG00000113121;ENSMUSG00000097522;ENSMUSG00000113595	0	NA	NA	NA	0
ENSG00000248736	1	many_to_one	ENSMUSG00000093587	0	NA	NA	NA	1
ENSG00000249830	1	many_to_one	ENSMUSG00000093587	0	NA	NA	NA	1
ENSG00000186493	1	many_to_one	ENSMUSG00000093587	1	many_to_one	lncgDivg	ENSMUSG00000093587	1
ENSG00000249808	1	many_to_one	ENSMUSG00000093587	0	NA	NA	NA	1
ENSG00000289075	1	many_to_one	ENSMUSG00000093587	1	many_to_one	lncgDivg	ENSMUSG00000093587	1
ENSG00000286986	1	many_to_one	ENSMUSG00000099639	0	NA	NA	NA	0
ENSG00000259861	1	many_to_one	ENSMUSG00000099639	0	NA	NA	NA	0
ENSG00000250490	1	many_to_many_DifferentNumber	ENSMUSG00000113802;ENSMUSG00000113074;ENSMUSG00000113573;ENSMUSG00000113463	0	NA	NA	NA	0
ENSG00000261037	1	many_to_many_DifferentNumber	ENSMUSG00000113802;ENSMUSG00000113074;ENSMUSG00000113573;ENSMUSG00000113463	0	NA	NA	NA	0
ENSG00000249326	1	many_to_one	ENSMUSG00000113082	0	NA	NA	NA	0
ENSG00000249731	1	many_to_one	ENSMUSG00000113082	0	NA	NA	NA	0
ENSG00000248994	1	many_to_one	ENSMUSG00000113082	0	NA	NA	NA	0
ENSG00000281560	1	many_to_one	ENSMUSG00000113082	0	NA	NA	NA	0
ENSG00000249116	1	many_to_one	ENSMUSG00000113082	0	NA	NA	NA	0
ENSG00000288108	1	many_to_one	ENSMUSG00000113837	0	NA	NA	NA	0
ENSG00000248597	1	many_to_one	ENSMUSG00000113837	0	NA	NA	NA	0
ENSG00000259757	1	many_to_one	ENSMUSG00000113837	0	NA	NA	NA	0
ENSG00000248537	1	many_to_one	ENSMUSG00000096956	1	many_to_many	lncgDivg	ENSMUSG00000096956;ENSMUSG00000115063	1
ENSG00000251370	1	many_to_one	ENSMUSG00000096956	1	many_to_many	lncgDivg	ENSMUSG00000096956;ENSMUSG00000115063	1
ENSG00000250786	1	many_to_one	ENSMUSG00000096956	1	many_to_many	lncgDivg	ENSMUSG00000096956;ENSMUSG00000115063	1
ENSG00000250001	1	many_to_one	ENSMUSG00000107924	0	NA	NA	NA	1
ENSG00000248525	1	many_to_one	ENSMUSG00000107924	0	NA	NA	NA	1
ENSG00000250866	1	many_to_many_DifferentNumber	ENSMUSG00000101051;ENSMUSG00000113334;ENSMUSG00000113794	1	many_to_one	lncgDivg	ENSMUSG00000113771	1
ENSG00000286753	1	many_to_many_DifferentNumber	ENSMUSG00000101051;ENSMUSG00000113334;ENSMUSG00000113794	1	one_to_one	lncgDivg	ENSMUSG00000101051	1
ENSG00000245662	1	many_to_many_sameNumber	ENSMUSG00000115460;ENSMUSG00000115182;ENSMUSG00000115492;ENSMUSG00000098150;ENSMUSG00000084873	0	NA	NA	NA	0
ENSG00000286625	1	many_to_many_sameNumber	ENSMUSG00000115460;ENSMUSG00000115182;ENSMUSG00000115492;ENSMUSG00000098150;ENSMUSG00000084873	0	NA	NA	NA	0
ENSG00000260761	1	many_to_many_sameNumber	ENSMUSG00000115460;ENSMUSG00000115182;ENSMUSG00000115492;ENSMUSG00000098150;ENSMUSG00000084873	0	NA	NA	NA	0
ENSG00000251294	1	many_to_many_sameNumber	ENSMUSG00000115460;ENSMUSG00000115182;ENSMUSG00000115492;ENSMUSG00000098150;ENSMUSG00000084873	1	one_to_one	lncgDivg	ENSMUSG00000084873	1
ENSG00000286454	1	many_to_many_sameNumber	ENSMUSG00000115460;ENSMUSG00000115182;ENSMUSG00000115492;ENSMUSG00000098150;ENSMUSG00000084873	0	NA	NA	NA	0
ENSG00000286441	1	many_to_one	ENSMUSG00000115138	0	NA	NA	NA	1
ENSG00000286377	1	many_to_one	ENSMUSG00000115138	0	NA	NA	NA	1
ENSG00000272057	1	many_to_one	ENSMUSG00000115138	1	many_to_one	lncgDivg	ENSMUSG00000115138	1
ENSG00000286970	1	many_to_one	ENSMUSG00000115138	1	many_to_one	lncgDivg	ENSMUSG00000115138	1
ENSG00000249332	1	one_to_one	ENSMUSG00000115433	0	NA	NA	NA	1
ENSG00000286432	1	many_to_many_DifferentNumber	ENSMUSG00000115419;ENSMUSG00000115614	0	NA	NA	NA	0
ENSG00000259786	1	many_to_many_DifferentNumber	ENSMUSG00000115419;ENSMUSG00000115614	0	NA	NA	NA	0
ENSG00000250337	1	many_to_many_DifferentNumber	ENSMUSG00000115419;ENSMUSG00000115614	0	NA	NA	NA	0
ENSG00000250453	1	many_to_many_DifferentNumber	ENSMUSG00000115782;ENSMUSG00000115266;ENSMUSG00000115485	0	NA	NA	NA	0
ENSG00000248490	1	many_to_many_DifferentNumber	ENSMUSG00000115782;ENSMUSG00000115266;ENSMUSG00000115485	0	NA	NA	NA	0
ENSG00000287940	1	many_to_many_DifferentNumber	ENSMUSG00000115782;ENSMUSG00000115266;ENSMUSG00000115485	0	NA	NA	NA	0
ENSG00000287176	1	many_to_many_DifferentNumber	ENSMUSG00000115782;ENSMUSG00000115266;ENSMUSG00000115485	0	NA	NA	NA	0
ENSG00000254138	1	many_to_many_DifferentNumber	ENSMUSG00000115782;ENSMUSG00000115266;ENSMUSG00000115485	0	NA	NA	NA	1
ENSG00000248391	1	many_to_many_DifferentNumber	ENSMUSG00000115782;ENSMUSG00000115266;ENSMUSG00000115485	0	NA	NA	NA	0
ENSG00000249785	1	many_to_many_DifferentNumber	ENSMUSG00000115782;ENSMUSG00000115266;ENSMUSG00000115485	0	NA	NA	NA	0
ENSG00000286182	1	many_to_many_DifferentNumber	ENSMUSG00000115782;ENSMUSG00000115266;ENSMUSG00000115485	0	NA	NA	NA	0
ENSG00000289601	1	many_to_many_DifferentNumber	ENSMUSG00000115782;ENSMUSG00000115266;ENSMUSG00000115485	0	NA	NA	NA	0
ENSG00000250885	1	one_to_many	ENSMUSG00000115240;ENSMUSG00000099349	0	NA	NA	NA	1
ENSG00000248918	1	one_to_many	ENSMUSG00000114731;ENSMUSG00000114347;ENSMUSG00000114290	0	NA	NA	NA	0
ENSG00000249102	1	many_to_many_DifferentNumber	ENSMUSG00000115076;ENSMUSG00000115585	0	NA	NA	NA	0
ENSG00000248279	1	many_to_many_DifferentNumber	ENSMUSG00000115076;ENSMUSG00000115585	0	NA	NA	NA	0
ENSG00000251443	1	many_to_many_DifferentNumber	ENSMUSG00000115076;ENSMUSG00000115585	0	NA	NA	NA	0
ENSG00000250697	1	many_to_one	ENSMUSG00000115804	0	NA	NA	NA	0
ENSG00000251281	1	many_to_one	ENSMUSG00000115804	0	NA	NA	NA	0
ENSG00000249572	1	many_to_one	ENSMUSG00000115804	0	NA	NA	NA	0
ENSG00000249436	1	many_to_many_DifferentNumber	ENSMUSG00000114307;ENSMUSG00000114824	1	one_to_one	lincDivg	ENSMUSG00000114824	1
ENSG00000286853	1	many_to_many_DifferentNumber	ENSMUSG00000114307;ENSMUSG00000114824	0	NA	NA	NA	1
ENSG00000287709	1	many_to_many_DifferentNumber	ENSMUSG00000114307;ENSMUSG00000114824	0	NA	NA	NA	1
ENSG00000249198	1	many_to_many_sameNumber	ENSMUSG00000109853;ENSMUSG00000114775;ENSMUSG00000114472	0	NA	NA	NA	1
ENSG00000249584	1	many_to_many_sameNumber	ENSMUSG00000109853;ENSMUSG00000114775;ENSMUSG00000114472	0	NA	NA	NA	1
ENSG00000248132	1	many_to_many_sameNumber	ENSMUSG00000109853;ENSMUSG00000114775;ENSMUSG00000114472	0	NA	NA	NA	1
ENSG00000248148	1	many_to_one	ENSMUSG00000079048	0	NA	NA	NA	1
ENSG00000272335	1	many_to_one	ENSMUSG00000079048	0	NA	NA	NA	1
ENSG00000287540	1	many_to_one	ENSMUSG00000079048	0	NA	NA	NA	1
ENSG00000250032	1	many_to_many_sameNumber	ENSMUSG00000090199;ENSMUSG00000115497	1	many_to_one	lincSS.up	ENSMUSG00000115497	0
ENSG00000248539	1	many_to_many_sameNumber	ENSMUSG00000090199;ENSMUSG00000115497	1	many_to_one	lincSS.up	ENSMUSG00000115497	0
ENSG00000248779	1	many_to_one	ENSMUSG00000114613	0	NA	NA	NA	1
ENSG00000248464	1	many_to_one	ENSMUSG00000114613	1	one_to_one	lncgDivg	ENSMUSG00000086709	1
ENSG00000250418	1	many_to_many_DifferentNumber	ENSMUSG00000097411;ENSMUSG00000100727	0	NA	NA	NA	1
ENSG00000251141	1	many_to_many_DifferentNumber	ENSMUSG00000097411;ENSMUSG00000100727	1	one_to_one	lncgDivg	ENSMUSG00000097411	1
ENSG00000249203	1	many_to_many_DifferentNumber	ENSMUSG00000097411;ENSMUSG00000100727	0	NA	NA	NA	1
ENSG00000251543	1	many_to_many_DifferentNumber	ENSMUSG00000099446;ENSMUSG00000100416;ENSMUSG00000120268;ENSMUSG00000114521	0	NA	NA	NA	0
ENSG00000249743	1	many_to_many_DifferentNumber	ENSMUSG00000099446;ENSMUSG00000100416;ENSMUSG00000120268;ENSMUSG00000114521	1	one_to_many	lincSS.dw	ENSMUSG00000114521;ENSMUSG00000120268	0
ENSG00000251206	1	many_to_one	ENSMUSG00000114846	0	NA	NA	NA	0
ENSG00000253787	1	many_to_one	ENSMUSG00000114846	0	NA	NA	NA	0
ENSG00000249364	1	many_to_one	ENSMUSG00000114846	0	NA	NA	NA	0
ENSG00000286647	1	many_to_many_DifferentNumber	ENSMUSG00000114762;ENSMUSG00000120208;ENSMUSG00000120871	0	NA	NA	NA	0
ENSG00000250421	1	many_to_many_DifferentNumber	ENSMUSG00000114762;ENSMUSG00000120208;ENSMUSG00000120871	0	NA	NA	NA	0
ENSG00000250978	1	many_to_many_DifferentNumber	ENSMUSG00000114762;ENSMUSG00000120208;ENSMUSG00000120871	0	NA	NA	NA	0
ENSG00000249894	1	many_to_many_DifferentNumber	ENSMUSG00000114762;ENSMUSG00000120208;ENSMUSG00000120871	0	NA	NA	NA	0
ENSG00000249736	1	many_to_many_DifferentNumber	ENSMUSG00000114762;ENSMUSG00000120208;ENSMUSG00000120871	0	NA	NA	NA	0
ENSG00000271752	1	one_to_one	ENSMUSG00000114792	0	NA	NA	NA	0
ENSG00000250124	1	many_to_one	ENSMUSG00000114273	0	NA	NA	NA	0
ENSG00000249349	1	many_to_one	ENSMUSG00000114273	0	NA	NA	NA	0
ENSG00000248667	1	many_to_one	ENSMUSG00000114273	0	NA	NA	NA	0
ENSG00000249792	1	many_to_one	ENSMUSG00000114273	0	NA	NA	NA	0
ENSG00000250258	1	one_to_one	ENSMUSG00000114823	0	NA	NA	NA	1
ENSG00000285997	1	many_to_many_sameNumber	ENSMUSG00000086861;ENSMUSG00000114745	0	NA	NA	NA	1
ENSG00000228650	1	many_to_many_sameNumber	ENSMUSG00000086861;ENSMUSG00000114745	1	one_to_one	lincSS.up	ENSMUSG00000086861	1
ENSG00000248727	1	many_to_many_DifferentNumber	ENSMUSG00000085204;ENSMUSG00000086057;ENSMUSG00000086402;ENSMUSG00000086092;ENSMUSG00000120592;ENSMUSG00000086111	0	NA	NA	NA	1
ENSG00000249697	1	many_to_many_DifferentNumber	ENSMUSG00000085204;ENSMUSG00000086057;ENSMUSG00000086402;ENSMUSG00000086092;ENSMUSG00000120592;ENSMUSG00000086111	1	one_to_one	lincSS.up	ENSMUSG00000120592	1
ENSG00000225940	1	many_to_many_DifferentNumber	ENSMUSG00000085204;ENSMUSG00000086057;ENSMUSG00000086402;ENSMUSG00000086092;ENSMUSG00000120592;ENSMUSG00000086111	0	NA	NA	NA	1
ENSG00000234553	1	many_to_many_DifferentNumber	ENSMUSG00000085204;ENSMUSG00000086057;ENSMUSG00000086402;ENSMUSG00000086092;ENSMUSG00000120592;ENSMUSG00000086111	0	NA	NA	NA	1
ENSG00000289709	1	many_to_many_DifferentNumber	ENSMUSG00000085204;ENSMUSG00000086057;ENSMUSG00000086402;ENSMUSG00000086092;ENSMUSG00000120592;ENSMUSG00000086111	1	one_to_many	lincDivg	ENSMUSG00000086057;ENSMUSG00000086111	1
ENSG00000250049	1	many_to_one	ENSMUSG00000100168	0	NA	NA	NA	0
ENSG00000249169	1	many_to_one	ENSMUSG00000100168	0	NA	NA	NA	0
ENSG00000286121	1	many_to_one	ENSMUSG00000100168	0	NA	NA	NA	0
ENSG00000248588	1	many_to_one	ENSMUSG00000100168	0	NA	NA	NA	0
ENSG00000286509	1	many_to_one	ENSMUSG00000100168	0	NA	NA	NA	0
ENSG00000281357	1	many_to_one	ENSMUSG00000100168	1	one_to_one	lncgDivg	ENSMUSG00000089827	1
ENSG00000249776	1	many_to_many_DifferentNumber	ENSMUSG00000114632;ENSMUSG00000114639;ENSMUSG00000114522;ENSMUSG00000114594;ENSMUSG00000101416;ENSMUSG00000087143	0	NA	NA	NA	0
ENSG00000249984	1	many_to_many_DifferentNumber	ENSMUSG00000114632;ENSMUSG00000114639;ENSMUSG00000114522;ENSMUSG00000114594;ENSMUSG00000101416;ENSMUSG00000087143	0	NA	NA	NA	0
ENSG00000248528	1	many_to_many_DifferentNumber	ENSMUSG00000114632;ENSMUSG00000114639;ENSMUSG00000114522;ENSMUSG00000114594;ENSMUSG00000101416;ENSMUSG00000087143	0	NA	NA	NA	0
ENSG00000251361	1	many_to_many_DifferentNumber	ENSMUSG00000114632;ENSMUSG00000114639;ENSMUSG00000114522;ENSMUSG00000114594;ENSMUSG00000101416;ENSMUSG00000087143	0	NA	NA	NA	0
ENSG00000237187	1	many_to_many_DifferentNumber	ENSMUSG00000114632;ENSMUSG00000114639;ENSMUSG00000114522;ENSMUSG00000114594;ENSMUSG00000101416;ENSMUSG00000087143	1	one_to_one	lncgDivg	ENSMUSG00000087143	0
ENSG00000212930	1	many_to_many_DifferentNumber	ENSMUSG00000089827;ENSMUSG00000097146	0	NA	NA	NA	1
ENSG00000241059	1	many_to_many_DifferentNumber	ENSMUSG00000089827;ENSMUSG00000097146	1	many_to_one	lincConv	ENSMUSG00000097146	1
ENSG00000286638	1	many_to_many_DifferentNumber	ENSMUSG00000089827;ENSMUSG00000097146	1	many_to_one	lincConv	ENSMUSG00000097146	1
ENSG00000251093	1	many_to_many_DifferentNumber	ENSMUSG00000097098;ENSMUSG00000114479;ENSMUSG00000114554	0	NA	NA	NA	1
ENSG00000234292	1	many_to_many_DifferentNumber	ENSMUSG00000097098;ENSMUSG00000114479;ENSMUSG00000114554	1	one_to_many	lincSS.dw	ENSMUSG00000114554;ENSMUSG00000114479	1
ENSG00000285618	1	many_to_many_DifferentNumber	ENSMUSG00000097098;ENSMUSG00000114479;ENSMUSG00000114554	0	NA	NA	NA	1
ENSG00000248323	1	many_to_many_DifferentNumber	ENSMUSG00000097098;ENSMUSG00000114479;ENSMUSG00000114554	1	one_to_one	lncgConv	ENSMUSG00000097098	1
ENSG00000271874	1	many_to_many_DifferentNumber	ENSMUSG00000115667;ENSMUSG00000115151;ENSMUSG00000096971	1	many_to_many_strict	lncgDivg	ENSMUSG00000096971;ENSMUSG00000115667	0
ENSG00000290548	1	many_to_many_DifferentNumber	ENSMUSG00000115667;ENSMUSG00000115151;ENSMUSG00000096971	0	NA	NA	NA	0
ENSG00000249236	1	many_to_many_DifferentNumber	ENSMUSG00000114536;ENSMUSG00000114656;ENSMUSG00000114869;ENSMUSG00000114468;ENSMUSG00000120018	0	NA	NA	NA	1
ENSG00000262211	1	many_to_many_DifferentNumber	ENSMUSG00000114536;ENSMUSG00000114656;ENSMUSG00000114869;ENSMUSG00000114468;ENSMUSG00000120018	1	many_to_one	lncgDivg	ENSMUSG00000120018	1
ENSG00000227908	1	many_to_many_DifferentNumber	ENSMUSG00000114536;ENSMUSG00000114656;ENSMUSG00000114869;ENSMUSG00000114468;ENSMUSG00000120018	1	many_to_one	lncgDivg	ENSMUSG00000120018	1
ENSG00000285190	1	many_to_one	ENSMUSG00000120317	0	NA	NA	NA	1
ENSG00000249362	1	many_to_one	ENSMUSG00000120317	0	NA	NA	NA	1
ENSG00000248708	1	many_to_one	ENSMUSG00000114602	0	NA	NA	NA	1
ENSG00000287783	1	many_to_one	ENSMUSG00000114602	0	NA	NA	NA	1
ENSG00000287862	1	many_to_one	ENSMUSG00000114602	0	NA	NA	NA	1
ENSG00000289462	1	many_to_one	ENSMUSG00000114602	0	NA	NA	NA	1
ENSG00000289184	1	many_to_one	ENSMUSG00000114602	0	NA	NA	NA	1
ENSG00000247828	1	many_to_many_sameNumber	ENSMUSG00000097292;ENSMUSG00000097265;ENSMUSG00000114379;ENSMUSG00000098087	1	one_to_one	lncgDivg	ENSMUSG00000097292	1
ENSG00000245864	1	many_to_many_sameNumber	ENSMUSG00000097292;ENSMUSG00000097265;ENSMUSG00000114379;ENSMUSG00000098087	1	many_to_one	lincConv	ENSMUSG00000097265	1
ENSG00000289008	1	many_to_many_sameNumber	ENSMUSG00000097292;ENSMUSG00000097265;ENSMUSG00000114379;ENSMUSG00000098087	1	many_to_one	lincConv	ENSMUSG00000097265	1
ENSG00000250555	1	many_to_many_sameNumber	ENSMUSG00000097292;ENSMUSG00000097265;ENSMUSG00000114379;ENSMUSG00000098087	1	many_to_one	lincConv	ENSMUSG00000097265	1
ENSG00000271904	1	many_to_many_DifferentNumber	ENSMUSG00000100891;ENSMUSG00000050334	0	NA	NA	NA	1
ENSG00000250156	1	many_to_many_DifferentNumber	ENSMUSG00000100891;ENSMUSG00000050334	0	NA	NA	NA	1
ENSG00000245526	1	many_to_many_DifferentNumber	ENSMUSG00000100891;ENSMUSG00000050334	1	many_to_one	lincSS.dw	ENSMUSG00000050334	1
ENSG00000250377	1	many_to_many_DifferentNumber	ENSMUSG00000100891;ENSMUSG00000050334	1	many_to_one	lincSS.dw	ENSMUSG00000050334	1
ENSG00000287434	1	one_to_one	ENSMUSG00000090358	1	one_to_one	lncgDivg	ENSMUSG00000090358	1
ENSG00000250551	1	many_to_one	ENSMUSG00000114125	0	NA	NA	NA	0
ENSG00000250158	1	many_to_one	ENSMUSG00000114125	0	NA	NA	NA	0
ENSG00000251314	1	many_to_one	ENSMUSG00000114125	0	NA	NA	NA	1
ENSG00000248876	1	many_to_one	ENSMUSG00000120541	0	NA	NA	NA	1
ENSG00000248440	1	many_to_one	ENSMUSG00000120541	0	NA	NA	NA	1
ENSG00000251367	1	many_to_one	ENSMUSG00000120541	0	NA	NA	NA	1
ENSG00000271849	1	one_to_one	ENSMUSG00000073377	1	one_to_one	lncgDivg	ENSMUSG00000091160	1
ENSG00000250831	1	many_to_many_DifferentNumber	ENSMUSG00000114461;ENSMUSG00000114372	0	NA	NA	NA	0
ENSG00000248555	1	many_to_many_DifferentNumber	ENSMUSG00000114461;ENSMUSG00000114372	0	NA	NA	NA	0
ENSG00000253321	1	many_to_many_DifferentNumber	ENSMUSG00000114461;ENSMUSG00000114372	0	NA	NA	NA	0
ENSG00000260871	1	many_to_many_DifferentNumber	ENSMUSG00000114461;ENSMUSG00000114372	0	NA	NA	NA	0
ENSG00000288740	1	many_to_many_DifferentNumber	ENSMUSG00000114461;ENSMUSG00000114372	0	NA	NA	NA	0
ENSG00000251409	1	one_to_one	ENSMUSG00000113041	0	NA	NA	NA	1
ENSG00000246316	1	many_to_many_DifferentNumber	ENSMUSG00000098284;ENSMUSG00000120742	1	one_to_one	lncgConv	ENSMUSG00000098284	1
ENSG00000251132	1	many_to_many_DifferentNumber	ENSMUSG00000098284;ENSMUSG00000120742	0	NA	NA	NA	1
ENSG00000250242	1	many_to_many_DifferentNumber	ENSMUSG00000098284;ENSMUSG00000120742	0	NA	NA	NA	1
ENSG00000253776	1	many_to_one	ENSMUSG00000117191	0	NA	NA	NA	0
ENSG00000251026	1	many_to_one	ENSMUSG00000117191	0	NA	NA	NA	0
ENSG00000253584	1	many_to_many_DifferentNumber	ENSMUSG00000101606;ENSMUSG00000117036;ENSMUSG00000117066	0	NA	NA	NA	0
ENSG00000251574	1	many_to_many_DifferentNumber	ENSMUSG00000101606;ENSMUSG00000117036;ENSMUSG00000117066	0	NA	NA	NA	0
ENSG00000251027	1	many_to_many_DifferentNumber	ENSMUSG00000101606;ENSMUSG00000117036;ENSMUSG00000117066	0	NA	NA	NA	0
ENSG00000283462	1	many_to_many_DifferentNumber	ENSMUSG00000101606;ENSMUSG00000117036;ENSMUSG00000117066	0	NA	NA	NA	0
ENSG00000248199	1	many_to_many_sameNumber	ENSMUSG00000114534;ENSMUSG00000114807	0	NA	NA	NA	1
ENSG00000178722	1	many_to_many_sameNumber	ENSMUSG00000114534;ENSMUSG00000114807	0	NA	NA	NA	1
ENSG00000251575	1	many_to_many_DifferentNumber	ENSMUSG00000071181;ENSMUSG00000102000;ENSMUSG00000114780;ENSMUSG00000114311;ENSMUSG00000114893	0	NA	NA	NA	1
ENSG00000248529	1	many_to_many_DifferentNumber	ENSMUSG00000071181;ENSMUSG00000102000;ENSMUSG00000114780;ENSMUSG00000114311;ENSMUSG00000114893	0	NA	NA	NA	1
ENSG00000289916	1	many_to_many_DifferentNumber	ENSMUSG00000071181;ENSMUSG00000102000;ENSMUSG00000114780;ENSMUSG00000114311;ENSMUSG00000114893	0	NA	NA	NA	1
ENSG00000250095	1	one_to_many	ENSMUSG00000118292;ENSMUSG00000087590	1	one_to_one	lncgDivg	ENSMUSG00000118292	0
ENSG00000250961	1	one_to_one	ENSMUSG00000086201	0	NA	NA	NA	1
ENSG00000251421	1	many_to_many_DifferentNumber	ENSMUSG00000117881;ENSMUSG00000118154;ENSMUSG00000096982	0	NA	NA	NA	0
ENSG00000248600	1	many_to_many_DifferentNumber	ENSMUSG00000117881;ENSMUSG00000118154;ENSMUSG00000096982	0	NA	NA	NA	0
ENSG00000250438	1	many_to_many_DifferentNumber	ENSMUSG00000117881;ENSMUSG00000118154;ENSMUSG00000096982	0	NA	NA	NA	0
ENSG00000288890	1	many_to_many_DifferentNumber	ENSMUSG00000117881;ENSMUSG00000118154;ENSMUSG00000096982	0	NA	NA	NA	0
ENSG00000289458	1	many_to_many_DifferentNumber	ENSMUSG00000117881;ENSMUSG00000118154;ENSMUSG00000096982	0	NA	NA	NA	0
ENSG00000248296	1	many_to_many_DifferentNumber	ENSMUSG00000118103;ENSMUSG00000118120	0	NA	NA	NA	0
ENSG00000253807	1	many_to_many_DifferentNumber	ENSMUSG00000118103;ENSMUSG00000118120	0	NA	NA	NA	0
ENSG00000251214	1	many_to_many_DifferentNumber	ENSMUSG00000118103;ENSMUSG00000118120	0	NA	NA	NA	0
ENSG00000248261	1	many_to_one	ENSMUSG00000121039	0	NA	NA	NA	0
ENSG00000289912	1	many_to_one	ENSMUSG00000121039	1	one_to_one	lncgDivg	ENSMUSG00000121039	0
ENSG00000247796	1	one_to_one	ENSMUSG00000114879	0	NA	NA	NA	1
ENSG00000285831	1	one_to_many	ENSMUSG00000114935;ENSMUSG00000051758	0	NA	NA	NA	1
ENSG00000249494	1	one_to_one	ENSMUSG00000100134	1	one_to_one	lincDivg	ENSMUSG00000100134	1
ENSG00000250122	1	one_to_one	ENSMUSG00000091423	0	NA	NA	NA	0
ENSG00000260192	1	many_to_many_DifferentNumber	ENSMUSG00000117733;ENSMUSG00000118141;ENSMUSG00000120640;ENSMUSG00000096948	0	NA	NA	NA	0
ENSG00000248443	1	many_to_many_DifferentNumber	ENSMUSG00000117733;ENSMUSG00000118141;ENSMUSG00000120640;ENSMUSG00000096948	0	NA	NA	NA	0
ENSG00000286111	1	many_to_many_DifferentNumber	ENSMUSG00000117733;ENSMUSG00000118141;ENSMUSG00000120640;ENSMUSG00000096948	0	NA	NA	NA	0
ENSG00000248107	1	many_to_many_DifferentNumber	ENSMUSG00000117733;ENSMUSG00000118141;ENSMUSG00000120640;ENSMUSG00000096948	0	NA	NA	NA	0
ENSG00000249112	1	many_to_many_DifferentNumber	ENSMUSG00000117733;ENSMUSG00000118141;ENSMUSG00000120640;ENSMUSG00000096948	1	one_to_many	lncgDivg	ENSMUSG00000096948;ENSMUSG00000120640	0
ENSG00000285804	1	one_to_one	ENSMUSG00000097027	1	one_to_one	lncgDivg	ENSMUSG00000097027	1
ENSG00000251072	1	one_to_one	ENSMUSG00000118153	0	NA	NA	NA	1
ENSG00000248245	1	one_to_one	ENSMUSG00000087668	0	NA	NA	NA	1
ENSG00000271792	1	many_to_many_DifferentNumber	ENSMUSG00000117840;ENSMUSG00000118080;ENSMUSG00000118347;ENSMUSG00000118122;ENSMUSG00000120345	1	one_to_many	lincSS.up	ENSMUSG00000118122;ENSMUSG00000118347	1
ENSG00000249526	1	many_to_many_DifferentNumber	ENSMUSG00000117840;ENSMUSG00000118080;ENSMUSG00000118347;ENSMUSG00000118122;ENSMUSG00000120345	1	one_to_one	lncgSS.dw	ENSMUSG00000117840	1
ENSG00000249131	1	many_to_many_DifferentNumber	ENSMUSG00000100320;ENSMUSG00000118358	0	NA	NA	NA	1
ENSG00000251387	1	many_to_many_DifferentNumber	ENSMUSG00000100320;ENSMUSG00000118358	0	NA	NA	NA	1
ENSG00000250635	1	many_to_many_DifferentNumber	ENSMUSG00000100320;ENSMUSG00000118358	1	many_to_one	lncgDivg	ENSMUSG00000100320	1
ENSG00000249605	1	many_to_many_sameNumber	ENSMUSG00000118202;ENSMUSG00000117847	0	NA	NA	NA	1
ENSG00000248125	1	many_to_many_sameNumber	ENSMUSG00000118202;ENSMUSG00000117847	0	NA	NA	NA	1
ENSG00000250842	1	many_to_many_DifferentNumber	ENSMUSG00000118315;ENSMUSG00000117745	0	NA	NA	NA	1
ENSG00000251031	1	many_to_many_DifferentNumber	ENSMUSG00000118315;ENSMUSG00000117745	0	NA	NA	NA	1
ENSG00000285605	1	many_to_many_DifferentNumber	ENSMUSG00000118315;ENSMUSG00000117745	1	one_to_many	lncgDivg	ENSMUSG00000118315;ENSMUSG00000117674	1
ENSG00000226272	1	one_to_many	ENSMUSG00000086991;ENSMUSG00000086312;ENSMUSG00000085289	1	one_to_many	lncgDivg	ENSMUSG00000086991;ENSMUSG00000086312	1
ENSG00000253865	1	many_to_many_sameNumber	ENSMUSG00000097324;ENSMUSG00000120623	1	many_to_one	lncgDivg	ENSMUSG00000102778	1
ENSG00000249669	1	many_to_many_sameNumber	ENSMUSG00000097324;ENSMUSG00000120623	1	many_to_one	lncgDivg	ENSMUSG00000102778	1
ENSG00000275871	1	one_to_one	ENSMUSG00000098098	0	NA	NA	NA	1
ENSG00000272523	1	one_to_one	ENSMUSG00000090565	0	NA	NA	NA	1
ENSG00000289196	1	one_to_one	ENSMUSG00000089647	0	NA	NA	NA	0
ENSG00000245275	1	one_to_many	ENSMUSG00000086933;ENSMUSG00000087165	0	NA	NA	NA	1
ENSG00000289478	1	one_to_one	ENSMUSG00000118056	0	NA	NA	NA	0
ENSG00000285736	1	one_to_one	ENSMUSG00000098702	1	one_to_one	lncgConv	ENSMUSG00000098702	1
ENSG00000245060	1	one_to_one	ENSMUSG00000120017	0	NA	NA	NA	0
ENSG00000261757	1	many_to_one	ENSMUSG00000117994	0	NA	NA	NA	1
ENSG00000236714	1	many_to_one	ENSMUSG00000117994	0	NA	NA	NA	1
ENSG00000253693	1	many_to_many_DifferentNumber	ENSMUSG00000087296;ENSMUSG00000085588	0	NA	NA	NA	0
ENSG00000253538	1	many_to_many_DifferentNumber	ENSMUSG00000087296;ENSMUSG00000085588	0	NA	NA	NA	0
ENSG00000241956	1	many_to_many_DifferentNumber	ENSMUSG00000087296;ENSMUSG00000085588	0	NA	NA	NA	0
ENSG00000254171	1	many_to_many_DifferentNumber	ENSMUSG00000087296;ENSMUSG00000085588	0	NA	NA	NA	0
ENSG00000254066	1	many_to_many_DifferentNumber	ENSMUSG00000087245;ENSMUSG00000086375;ENSMUSG00000087388;ENSMUSG00000085301	0	NA	NA	NA	0
ENSG00000253331	1	many_to_many_DifferentNumber	ENSMUSG00000087245;ENSMUSG00000086375;ENSMUSG00000087388;ENSMUSG00000085301	0	NA	NA	NA	0
ENSG00000285549	1	many_to_many_DifferentNumber	ENSMUSG00000087245;ENSMUSG00000086375;ENSMUSG00000087388;ENSMUSG00000085301	0	NA	NA	NA	0
ENSG00000253236	1	many_to_many_DifferentNumber	ENSMUSG00000087245;ENSMUSG00000086375;ENSMUSG00000087388;ENSMUSG00000085301	0	NA	NA	NA	0
ENSG00000285590	1	many_to_many_DifferentNumber	ENSMUSG00000087245;ENSMUSG00000086375;ENSMUSG00000087388;ENSMUSG00000085301	0	NA	NA	NA	0
ENSG00000254130	1	many_to_many_DifferentNumber	ENSMUSG00000087245;ENSMUSG00000086375;ENSMUSG00000087388;ENSMUSG00000085301	0	NA	NA	NA	0
ENSG00000249772	1	many_to_one	ENSMUSG00000082488	0	NA	NA	NA	1
ENSG00000247572	1	many_to_one	ENSMUSG00000082488	0	NA	NA	NA	1
ENSG00000287726	1	one_to_one	ENSMUSG00000089983	1	one_to_one	lncgDivg	ENSMUSG00000089983	0
ENSG00000253673	1	many_to_many_DifferentNumber	ENSMUSG00000085784;ENSMUSG00000084773;ENSMUSG00000085476;ENSMUSG00000120703	0	NA	NA	NA	0
ENSG00000253424	1	many_to_many_DifferentNumber	ENSMUSG00000085784;ENSMUSG00000084773;ENSMUSG00000085476;ENSMUSG00000120703	0	NA	NA	NA	0
ENSG00000253134	1	many_to_many_DifferentNumber	ENSMUSG00000085784;ENSMUSG00000084773;ENSMUSG00000085476;ENSMUSG00000120703	0	NA	NA	NA	0
ENSG00000254135	1	many_to_many_DifferentNumber	ENSMUSG00000085784;ENSMUSG00000084773;ENSMUSG00000085476;ENSMUSG00000120703	0	NA	NA	NA	0
ENSG00000254350	1	many_to_many_DifferentNumber	ENSMUSG00000085784;ENSMUSG00000084773;ENSMUSG00000085476;ENSMUSG00000120703	0	NA	NA	NA	0
ENSG00000272085	1	many_to_many_DifferentNumber	ENSMUSG00000085784;ENSMUSG00000084773;ENSMUSG00000085476;ENSMUSG00000120703	0	NA	NA	NA	0
ENSG00000253792	1	many_to_many_DifferentNumber	ENSMUSG00000087089;ENSMUSG00000086686	0	NA	NA	NA	0
ENSG00000253449	1	many_to_many_DifferentNumber	ENSMUSG00000087089;ENSMUSG00000086686	0	NA	NA	NA	0
ENSG00000276778	1	many_to_many_DifferentNumber	ENSMUSG00000087089;ENSMUSG00000086686	0	NA	NA	NA	0
ENSG00000254293	1	one_to_many	ENSMUSG00000086666;ENSMUSG00000120416	0	NA	NA	NA	1
ENSG00000251670	1	many_to_many_sameNumber	ENSMUSG00000113329;ENSMUSG00000114143;ENSMUSG00000113882	0	NA	NA	NA	0
ENSG00000251144	1	many_to_many_sameNumber	ENSMUSG00000113329;ENSMUSG00000114143;ENSMUSG00000113882	0	NA	NA	NA	0
ENSG00000249403	1	many_to_many_sameNumber	ENSMUSG00000113329;ENSMUSG00000114143;ENSMUSG00000113882	0	NA	NA	NA	0
ENSG00000204754	1	one_to_many	ENSMUSG00000113834;ENSMUSG00000113599;ENSMUSG00000112965;ENSMUSG00000113982;ENSMUSG00000114069	0	NA	NA	NA	1
ENSG00000254186	1	one_to_many	ENSMUSG00000086475;ENSMUSG00000087306;ENSMUSG00000121253	1	one_to_one	lncgDivg	ENSMUSG00000121253	0
ENSG00000253311	1	many_to_one	ENSMUSG00000087172	0	NA	NA	NA	1
ENSG00000253298	1	many_to_one	ENSMUSG00000087172	0	NA	NA	NA	1
ENSG00000283413	1	many_to_one	ENSMUSG00000087172	0	NA	NA	NA	1
ENSG00000286274	1	one_to_one	ENSMUSG00000118337	0	NA	NA	NA	1
ENSG00000288912	1	one_to_many	ENSMUSG00000085090;ENSMUSG00000120536	0	NA	NA	NA	1
ENSG00000253687	1	many_to_one	ENSMUSG00000085951	1	many_to_many_strict	lncgDivg	ENSMUSG00000085533;ENSMUSG00000086170	1
ENSG00000254391	1	many_to_one	ENSMUSG00000085951	1	many_to_many_strict	lncgDivg	ENSMUSG00000085533;ENSMUSG00000086170	1
ENSG00000253445	1	one_to_many	ENSMUSG00000118232;ENSMUSG00000118107	1	one_to_one	lncgConv	ENSMUSG00000118232	0
ENSG00000254226	1	many_to_many_sameNumber	ENSMUSG00000086460;ENSMUSG00000086020	0	NA	NA	NA	0
ENSG00000286749	1	many_to_many_sameNumber	ENSMUSG00000086460;ENSMUSG00000086020	1	one_to_one	lncgConv	ENSMUSG00000086020	0
ENSG00000287323	1	one_to_one	ENSMUSG00000118229	0	NA	NA	NA	1
ENSG00000250692	1	one_to_one	ENSMUSG00000117852	1	one_to_one	lncgDivg	ENSMUSG00000117852	1
ENSG00000245317	1	one_to_one	ENSMUSG00000085192	0	NA	NA	NA	1
ENSG00000251320	1	one_to_many	ENSMUSG00000117902;ENSMUSG00000118006	0	NA	NA	NA	1
ENSG00000248668	1	many_to_one	ENSMUSG00000087221	1	many_to_many_strict	lncgDivg	ENSMUSG00000087221;ENSMUSG00000086297	1
ENSG00000286164	1	many_to_one	ENSMUSG00000087221	1	many_to_many_strict	lncgDivg	ENSMUSG00000087221;ENSMUSG00000086297	1
ENSG00000287031	1	one_to_one	ENSMUSG00000112957	0	NA	NA	NA	1
ENSG00000275038	1	one_to_one	ENSMUSG00000087501	0	NA	NA	NA	1
ENSG00000255647	1	one_to_one	ENSMUSG00000097793	1	one_to_one	lncgDivg	ENSMUSG00000097793	0
ENSG00000272265	1	many_to_one	ENSMUSG00000117588	0	NA	NA	NA	0
ENSG00000271918	1	many_to_one	ENSMUSG00000117588	1	many_to_one	lncgDivg	ENSMUSG00000117588	0
ENSG00000251324	1	many_to_one	ENSMUSG00000048603	0	NA	NA	NA	0
ENSG00000272525	1	many_to_one	ENSMUSG00000048603	1	one_to_one	lncgDivg	ENSMUSG00000048603	0
ENSG00000237714	1	one_to_one	ENSMUSG00000086209	0	NA	NA	NA	1
ENSG00000250407	1	one_to_one	ENSMUSG00000117719	0	NA	NA	NA	1
ENSG00000286468	1	one_to_one	ENSMUSG00000084959	0	NA	NA	NA	0
ENSG00000249553	1	many_to_one	ENSMUSG00000117792	1	one_to_one	lncgSS.up	ENSMUSG00000117792	1
ENSG00000250343	1	many_to_one	ENSMUSG00000117792	0	NA	NA	NA	0
ENSG00000274441	1	many_to_many_DifferentNumber	ENSMUSG00000115591;ENSMUSG00000115480	0	NA	NA	NA	1
ENSG00000272103	1	many_to_many_DifferentNumber	ENSMUSG00000115591;ENSMUSG00000115480	1	one_to_many	lincDivg	ENSMUSG00000115591;ENSMUSG00000115480	0
ENSG00000285967	1	many_to_many_DifferentNumber	ENSMUSG00000115591;ENSMUSG00000115480	0	NA	NA	NA	0
ENSG00000250155	1	many_to_many_DifferentNumber	ENSMUSG00000115591;ENSMUSG00000115480	0	NA	NA	NA	1
ENSG00000251423	1	one_to_many	ENSMUSG00000115773;ENSMUSG00000115839	0	NA	NA	NA	1
ENSG00000253110	1	one_to_one	ENSMUSG00000085402	1	one_to_one	lincSS.up	ENSMUSG00000085402	0
ENSG00000285914	1	one_to_one	ENSMUSG00000087318	0	NA	NA	NA	0
ENSG00000271926	1	many_to_one	ENSMUSG00000114458	1	many_to_one	lncgDivg	ENSMUSG00000114458	0
ENSG00000272081	1	many_to_one	ENSMUSG00000114458	1	many_to_one	lncgDivg	ENSMUSG00000114458	0
ENSG00000271766	1	one_to_one	ENSMUSG00000118343	1	one_to_one	lincSS.dw	ENSMUSG00000118343	1
ENSG00000282925	1	one_to_one	ENSMUSG00000086607	0	NA	NA	NA	1
ENSG00000248799	1	one_to_one	ENSMUSG00000085800	0	NA	NA	NA	1
ENSG00000250603	1	many_to_many_sameNumber	ENSMUSG00000118322;ENSMUSG00000118391	1	one_to_many	lncgDivg	ENSMUSG00000118322;ENSMUSG00000086607;ENSMUSG00000085800	1
ENSG00000245937	1	many_to_many_sameNumber	ENSMUSG00000118322;ENSMUSG00000118391	1	one_to_one	lncgConv	ENSMUSG00000118391	1
ENSG00000249295	1	one_to_one	ENSMUSG00000114360	1	one_to_one	lncgDivg	ENSMUSG00000114360	0
ENSG00000250448	1	many_to_one	ENSMUSG00000115335	0	NA	NA	NA	1
ENSG00000249737	1	many_to_one	ENSMUSG00000115335	1	one_to_one	lincConv	ENSMUSG00000115335	1
ENSG00000250981	1	many_to_one	ENSMUSG00000115335	0	NA	NA	NA	1
ENSG00000247699	1	one_to_one	ENSMUSG00000045877	0	NA	NA	NA	1
ENSG00000224186	1	many_to_one	ENSMUSG00000114493	1	one_to_one	lncgConv	ENSMUSG00000114493	1
ENSG00000277619	1	many_to_one	ENSMUSG00000114493	0	NA	NA	NA	0
ENSG00000248753	1	many_to_one	ENSMUSG00000114493	0	NA	NA	NA	0
ENSG00000249647	1	many_to_one	ENSMUSG00000100096	0	NA	NA	NA	0
ENSG00000249082	1	many_to_one	ENSMUSG00000100096	1	one_to_one	lncgSS.up	ENSMUSG00000100096	0
ENSG00000248482	1	many_to_one	ENSMUSG00000100096	0	NA	NA	NA	0
ENSG00000253628	1	many_to_one	ENSMUSG00000120402	0	NA	NA	NA	1
ENSG00000288737	1	many_to_one	ENSMUSG00000120402	0	NA	NA	NA	1
ENSG00000290019	1	many_to_one	ENSMUSG00000120402	0	NA	NA	NA	1
ENSG00000289170	1	one_to_one	ENSMUSG00000118068	1	one_to_one	lncgSS.up	ENSMUSG00000118068	1
ENSG00000248859	1	one_to_many	ENSMUSG00000100728;ENSMUSG00000085896	1	one_to_many	lincSS.up	ENSMUSG00000085896;ENSMUSG00000100728	1
ENSG00000248484	1	many_to_one	ENSMUSG00000087335	0	NA	NA	NA	1
ENSG00000251446	1	many_to_one	ENSMUSG00000087335	0	NA	NA	NA	1
ENSG00000289306	1	one_to_one	ENSMUSG00000120394	0	NA	NA	NA	1
ENSG00000287162	1	one_to_many	ENSMUSG00000113598;ENSMUSG00000112934;ENSMUSG00000113904	1	one_to_one	lincConv	ENSMUSG00000113598	0
ENSG00000253269	1	one_to_one	ENSMUSG00000087122	1	one_to_many	lncgDivg	ENSMUSG00000087122;ENSMUSG00000120384	1
ENSG00000250564	1	one_to_one	ENSMUSG00000110618	0	NA	NA	NA	1
ENSG00000249588	1	many_to_many_sameNumber	ENSMUSG00000114652;ENSMUSG00000099774	0	NA	NA	NA	1
ENSG00000250066	1	many_to_many_sameNumber	ENSMUSG00000114652;ENSMUSG00000099774	0	NA	NA	NA	1
ENSG00000250237	1	many_to_many_DifferentNumber	ENSMUSG00000100596;ENSMUSG00000114590;ENSMUSG00000100733;ENSMUSG00000114400	0	NA	NA	NA	1
ENSG00000248359	1	many_to_many_DifferentNumber	ENSMUSG00000100596;ENSMUSG00000114590;ENSMUSG00000100733;ENSMUSG00000114400	0	NA	NA	NA	1
ENSG00000249352	1	many_to_many_DifferentNumber	ENSMUSG00000100596;ENSMUSG00000114590;ENSMUSG00000100733;ENSMUSG00000114400	1	many_to_one	lincDivg	ENSMUSG00000100596	1
ENSG00000248884	1	many_to_many_DifferentNumber	ENSMUSG00000100596;ENSMUSG00000114590;ENSMUSG00000100733;ENSMUSG00000114400	0	NA	NA	NA	1
ENSG00000249335	1	many_to_many_DifferentNumber	ENSMUSG00000100596;ENSMUSG00000114590;ENSMUSG00000100733;ENSMUSG00000114400	1	many_to_one	lincDivg	ENSMUSG00000100596	1
ENSG00000250820	1	one_to_one	ENSMUSG00000086137	0	NA	NA	NA	1
ENSG00000288892	1	many_to_many_sameNumber	ENSMUSG00000103456;ENSMUSG00000097430	0	NA	NA	NA	1
ENSG00000279047	1	many_to_many_sameNumber	ENSMUSG00000103456;ENSMUSG00000097430	0	NA	NA	NA	1
ENSG00000254035	1	one_to_one	ENSMUSG00000086226	0	NA	NA	NA	1
ENSG00000253979	1	many_to_one	ENSMUSG00000085564	0	NA	NA	NA	0
ENSG00000250674	1	many_to_one	ENSMUSG00000085564	0	NA	NA	NA	0
ENSG00000249201	1	one_to_one	ENSMUSG00000021566	0	NA	NA	NA	1
ENSG00000249492	1	one_to_many	ENSMUSG00000025450;ENSMUSG00000074635	0	NA	NA	NA	0
ENSG00000245556	1	one_to_one	ENSMUSG00000113494	0	NA	NA	NA	0
ENSG00000289497	1	one_to_one	ENSMUSG00000118002	1	one_to_one	lincSS.up	ENSMUSG00000118002	1
ENSG00000289924	1	one_to_one	ENSMUSG00000113359	0	NA	NA	NA	1
ENSG00000231185	1	one_to_many	ENSMUSG00000118257;ENSMUSG00000118193	1	one_to_one	lncgDivg	ENSMUSG00000118257	1
ENSG00000249637	1	one_to_one	ENSMUSG00000119977	0	NA	NA	NA	1
ENSG00000289155	1	one_to_one	ENSMUSG00000120539	1	one_to_one	lncgDivg	ENSMUSG00000120539	0
ENSG00000287938	1	many_to_many_sameNumber	ENSMUSG00000099340;ENSMUSG00000097182	1	many_to_many_strict	lincDivg	ENSMUSG00000099340;ENSMUSG00000097182	1
ENSG00000249483	1	many_to_many_sameNumber	ENSMUSG00000099340;ENSMUSG00000097182	1	many_to_many_strict	lincDivg	ENSMUSG00000099340;ENSMUSG00000097182	1
ENSG00000250600	1	one_to_one	ENSMUSG00000115710	1	one_to_one	lncgDivg	ENSMUSG00000115710	1
ENSG00000290991	1	one_to_one	ENSMUSG00000084980	0	NA	NA	NA	0
ENSG00000271737	1	one_to_many	ENSMUSG00000120287;ENSMUSG00000119956	1	one_to_one	lncgDivg	ENSMUSG00000119956	0
ENSG00000272324	1	one_to_many	ENSMUSG00000115337;ENSMUSG00000115012	0	NA	NA	NA	0
ENSG00000250576	1	one_to_one	ENSMUSG00000115474	0	NA	NA	NA	0
ENSG00000253297	1	one_to_one	ENSMUSG00000054589	0	NA	NA	NA	1
ENSG00000272465	1	many_to_many_DifferentNumber	ENSMUSG00000113935;ENSMUSG00000118652;ENSMUSG00000120974	0	NA	NA	NA	0
ENSG00000285603	1	many_to_many_DifferentNumber	ENSMUSG00000113935;ENSMUSG00000118652;ENSMUSG00000120974	1	many_to_many_strict	lncgDivg	ENSMUSG00000113935;ENSMUSG00000120974	0
ENSG00000228718	1	many_to_many_DifferentNumber	ENSMUSG00000113935;ENSMUSG00000118652;ENSMUSG00000120974	1	one_to_one	lincConv	ENSMUSG00000118652	0
ENSG00000250903	1	many_to_many_DifferentNumber	ENSMUSG00000113935;ENSMUSG00000118652;ENSMUSG00000120974	1	many_to_many_strict	lncgDivg	ENSMUSG00000113935;ENSMUSG00000120974	0
ENSG00000286512	1	many_to_many_DifferentNumber	ENSMUSG00000085770;ENSMUSG00000113449	0	NA	NA	NA	0
ENSG00000287903	1	many_to_many_DifferentNumber	ENSMUSG00000085770;ENSMUSG00000113449	0	NA	NA	NA	0
ENSG00000164385	1	many_to_many_DifferentNumber	ENSMUSG00000085770;ENSMUSG00000113449	0	NA	NA	NA	0
ENSG00000242753	1	many_to_many_sameNumber	ENSMUSG00000097373;ENSMUSG00000114914;ENSMUSG00000114552;ENSMUSG00000114585	0	NA	NA	NA	1
ENSG00000233656	1	many_to_many_sameNumber	ENSMUSG00000097373;ENSMUSG00000114914;ENSMUSG00000114552;ENSMUSG00000114585	0	NA	NA	NA	1
ENSG00000287920	1	many_to_many_sameNumber	ENSMUSG00000097373;ENSMUSG00000114914;ENSMUSG00000114552;ENSMUSG00000114585	1	many_to_many	lncgDivg	ENSMUSG00000114552;ENSMUSG00000114585;ENSMUSG00000097373;ENSMUSG00000114914	1
ENSG00000290062	1	many_to_many_sameNumber	ENSMUSG00000097373;ENSMUSG00000114914;ENSMUSG00000114552;ENSMUSG00000114585	1	many_to_many	lncgDivg	ENSMUSG00000114552;ENSMUSG00000114585;ENSMUSG00000097373;ENSMUSG00000114914	1
ENSG00000233064	1	one_to_one	ENSMUSG00000114851	0	NA	NA	NA	1
ENSG00000270174	1	many_to_one	ENSMUSG00000114387	1	many_to_many_strict	lncgDivg	ENSMUSG00000114407;ENSMUSG00000114387	1
ENSG00000269985	1	many_to_one	ENSMUSG00000114387	1	many_to_many_strict	lncgDivg	ENSMUSG00000114407;ENSMUSG00000114387	1
ENSG00000238158	1	many_to_many_sameNumber	ENSMUSG00000086786;ENSMUSG00000113615;ENSMUSG00000113457	0	NA	NA	NA	1
ENSG00000233068	1	many_to_many_sameNumber	ENSMUSG00000086786;ENSMUSG00000113615;ENSMUSG00000113457	0	NA	NA	NA	1
ENSG00000270504	1	many_to_many_sameNumber	ENSMUSG00000086786;ENSMUSG00000113615;ENSMUSG00000113457	1	one_to_one	lncgDivg	ENSMUSG00000086786	1
ENSG00000287626	1	many_to_many_DifferentNumber	ENSMUSG00000113553;ENSMUSG00000113772	0	NA	NA	NA	0
ENSG00000232947	1	many_to_many_DifferentNumber	ENSMUSG00000113553;ENSMUSG00000113772	0	NA	NA	NA	1
ENSG00000289953	1	many_to_many_DifferentNumber	ENSMUSG00000113553;ENSMUSG00000113772	0	NA	NA	NA	1
ENSG00000286368	1	many_to_one	ENSMUSG00000086363	0	NA	NA	NA	0
ENSG00000280989	1	many_to_one	ENSMUSG00000086363	1	many_to_one	lincDivg	ENSMUSG00000086363	0
ENSG00000283480	1	many_to_one	ENSMUSG00000086363	0	NA	NA	NA	0
ENSG00000287404	1	many_to_one	ENSMUSG00000086363	0	NA	NA	NA	0
ENSG00000233848	1	many_to_one	ENSMUSG00000086363	0	NA	NA	NA	0
ENSG00000227089	1	many_to_one	ENSMUSG00000086363	0	NA	NA	NA	0
ENSG00000231754	1	many_to_one	ENSMUSG00000086363	1	many_to_one	lincDivg	ENSMUSG00000086363	0
ENSG00000232234	1	many_to_many_DifferentNumber	ENSMUSG00000114767;ENSMUSG00000114813;ENSMUSG00000114845	0	NA	NA	NA	1
ENSG00000285216	1	many_to_many_DifferentNumber	ENSMUSG00000114767;ENSMUSG00000114813;ENSMUSG00000114845	0	NA	NA	NA	1
ENSG00000234763	1	one_to_one	ENSMUSG00000114319	0	NA	NA	NA	1
ENSG00000271897	1	one_to_one	ENSMUSG00000054258	1	one_to_one	lincSS.dw	ENSMUSG00000054258	0
ENSG00000287593	1	many_to_many_DifferentNumber	ENSMUSG00000085759;ENSMUSG00000099672;ENSMUSG00000100071;ENSMUSG00000113856	1	many_to_many_strict	lncgDivg	ENSMUSG00000085759;ENSMUSG00000099672	0
ENSG00000234427	1	many_to_many_DifferentNumber	ENSMUSG00000085759;ENSMUSG00000099672;ENSMUSG00000100071;ENSMUSG00000113856	1	many_to_many_strict	lncgDivg	ENSMUSG00000085759;ENSMUSG00000099672	0
ENSG00000229896	1	many_to_many_DifferentNumber	ENSMUSG00000085759;ENSMUSG00000099672;ENSMUSG00000100071;ENSMUSG00000113856	1	one_to_one	lncgSS.up	ENSMUSG00000100071	0
ENSG00000286277	1	many_to_many_DifferentNumber	ENSMUSG00000114192;ENSMUSG00000113780;ENSMUSG00000113671;ENSMUSG00000089815;ENSMUSG00000113458;ENSMUSG00000113727;ENSMUSG00000098144;ENSMUSG00000113492;ENSMUSG00000113730	0	NA	NA	NA	0
ENSG00000286281	1	many_to_many_DifferentNumber	ENSMUSG00000114192;ENSMUSG00000113780;ENSMUSG00000113671;ENSMUSG00000089815;ENSMUSG00000113458;ENSMUSG00000113727;ENSMUSG00000098144;ENSMUSG00000113492;ENSMUSG00000113730	1	one_to_many	lincSS.dw	ENSMUSG00000114192;ENSMUSG00000113780	0
ENSG00000234540	1	many_to_many_DifferentNumber	ENSMUSG00000114192;ENSMUSG00000113780;ENSMUSG00000113671;ENSMUSG00000089815;ENSMUSG00000113458;ENSMUSG00000113727;ENSMUSG00000098144;ENSMUSG00000113492;ENSMUSG00000113730	0	NA	NA	NA	0
ENSG00000230631	1	many_to_many_DifferentNumber	ENSMUSG00000113276;ENSMUSG00000113186;ENSMUSG00000113689;ENSMUSG00000112936;ENSMUSG00000098107;ENSMUSG00000113977;ENSMUSG00000120412;ENSMUSG00000113252;ENSMUSG00000113010	0	NA	NA	NA	0
ENSG00000226673	1	many_to_many_DifferentNumber	ENSMUSG00000113276;ENSMUSG00000113186;ENSMUSG00000113689;ENSMUSG00000112936;ENSMUSG00000098107;ENSMUSG00000113977;ENSMUSG00000120412;ENSMUSG00000113252;ENSMUSG00000113010	0	NA	NA	NA	0
ENSG00000271888	1	many_to_many_DifferentNumber	ENSMUSG00000113276;ENSMUSG00000113186;ENSMUSG00000113689;ENSMUSG00000112936;ENSMUSG00000098107;ENSMUSG00000113977;ENSMUSG00000120412;ENSMUSG00000113252;ENSMUSG00000113010	0	NA	NA	NA	0
ENSG00000229646	1	many_to_many_DifferentNumber	ENSMUSG00000113276;ENSMUSG00000113186;ENSMUSG00000113689;ENSMUSG00000112936;ENSMUSG00000098107;ENSMUSG00000113977;ENSMUSG00000120412;ENSMUSG00000113252;ENSMUSG00000113010	0	NA	NA	NA	0
ENSG00000237346	1	many_to_many_DifferentNumber	ENSMUSG00000113276;ENSMUSG00000113186;ENSMUSG00000113689;ENSMUSG00000112936;ENSMUSG00000098107;ENSMUSG00000113977;ENSMUSG00000120412;ENSMUSG00000113252;ENSMUSG00000113010	0	NA	NA	NA	0
ENSG00000285639	1	many_to_many_DifferentNumber	ENSMUSG00000113276;ENSMUSG00000113186;ENSMUSG00000113689;ENSMUSG00000112936;ENSMUSG00000098107;ENSMUSG00000113977;ENSMUSG00000120412;ENSMUSG00000113252;ENSMUSG00000113010	0	NA	NA	NA	0
ENSG00000289958	1	many_to_many_DifferentNumber	ENSMUSG00000113276;ENSMUSG00000113186;ENSMUSG00000113689;ENSMUSG00000112936;ENSMUSG00000098107;ENSMUSG00000113977;ENSMUSG00000120412;ENSMUSG00000113252;ENSMUSG00000113010	0	NA	NA	NA	0
ENSG00000234261	1	many_to_many_DifferentNumber	ENSMUSG00000113276;ENSMUSG00000113186;ENSMUSG00000113689;ENSMUSG00000112936;ENSMUSG00000098107;ENSMUSG00000113977;ENSMUSG00000120412;ENSMUSG00000113252;ENSMUSG00000113010	0	NA	NA	NA	0
ENSG00000288548	1	many_to_one	ENSMUSG00000114270	0	NA	NA	NA	1
ENSG00000272142	1	many_to_one	ENSMUSG00000114270	1	one_to_one	lncgDivg	ENSMUSG00000114270	1
ENSG00000271978	1	one_to_one	ENSMUSG00000114647	0	NA	NA	NA	1
ENSG00000287483	1	many_to_many_sameNumber	ENSMUSG00000086893;ENSMUSG00000085188	1	one_to_one	lincDivg	ENSMUSG00000085188	0
ENSG00000289981	1	many_to_many_sameNumber	ENSMUSG00000086893;ENSMUSG00000085188	1	one_to_one	lncgDivg	ENSMUSG00000086893	0
ENSG00000283408	1	one_to_many	ENSMUSG00000114843;ENSMUSG00000114509;ENSMUSG00000114959;ENSMUSG00000114810	0	NA	NA	NA	0
ENSG00000228412	1	many_to_many_DifferentNumber	ENSMUSG00000114961;ENSMUSG00000114958;ENSMUSG00000047324;ENSMUSG00000097622;ENSMUSG00000114457;ENSMUSG00000114860	0	NA	NA	NA	0
ENSG00000231662	1	many_to_many_DifferentNumber	ENSMUSG00000114961;ENSMUSG00000114958;ENSMUSG00000047324;ENSMUSG00000097622;ENSMUSG00000114457;ENSMUSG00000114860	0	NA	NA	NA	0
ENSG00000203498	1	many_to_many_DifferentNumber	ENSMUSG00000114701;ENSMUSG00000114573;ENSMUSG00000100022;ENSMUSG00000114784;ENSMUSG00000114800;ENSMUSG00000114665	0	NA	NA	NA	0
ENSG00000288046	1	many_to_many_DifferentNumber	ENSMUSG00000114701;ENSMUSG00000114573;ENSMUSG00000100022;ENSMUSG00000114784;ENSMUSG00000114800;ENSMUSG00000114665	1	many_to_many	lincSS.dw	ENSMUSG00000100022;ENSMUSG00000114573;ENSMUSG00000114701	0
ENSG00000288860	1	many_to_many_DifferentNumber	ENSMUSG00000114701;ENSMUSG00000114573;ENSMUSG00000100022;ENSMUSG00000114784;ENSMUSG00000114800;ENSMUSG00000114665	0	NA	NA	NA	0
ENSG00000287497	1	many_to_many_DifferentNumber	ENSMUSG00000114701;ENSMUSG00000114573;ENSMUSG00000100022;ENSMUSG00000114784;ENSMUSG00000114800;ENSMUSG00000114665	1	many_to_many	lincSS.dw	ENSMUSG00000100022;ENSMUSG00000114573;ENSMUSG00000114701	0
ENSG00000223342	1	many_to_many_DifferentNumber	ENSMUSG00000100760;ENSMUSG00000100932;ENSMUSG00000099847;ENSMUSG00000114389;ENSMUSG00000114724;ENSMUSG00000114404;ENSMUSG00000114355;ENSMUSG00000114828;ENSMUSG00000114546;ENSMUSG00000114732;ENSMUSG00000114791	0	NA	NA	NA	0
ENSG00000224532	1	many_to_many_DifferentNumber	ENSMUSG00000100760;ENSMUSG00000100932;ENSMUSG00000099847;ENSMUSG00000114389;ENSMUSG00000114724;ENSMUSG00000114404;ENSMUSG00000114355;ENSMUSG00000114828;ENSMUSG00000114546;ENSMUSG00000114732;ENSMUSG00000114791	0	NA	NA	NA	0
ENSG00000261211	1	many_to_many_DifferentNumber	ENSMUSG00000100760;ENSMUSG00000100932;ENSMUSG00000099847;ENSMUSG00000114389;ENSMUSG00000114724;ENSMUSG00000114404;ENSMUSG00000114355;ENSMUSG00000114828;ENSMUSG00000114546;ENSMUSG00000114732;ENSMUSG00000114791	1	many_to_many	lincConv	ENSMUSG00000114389;ENSMUSG00000100932;ENSMUSG00000099847;ENSMUSG00000114791	0
ENSG00000226281	1	many_to_many_DifferentNumber	ENSMUSG00000100760;ENSMUSG00000100932;ENSMUSG00000099847;ENSMUSG00000114389;ENSMUSG00000114724;ENSMUSG00000114404;ENSMUSG00000114355;ENSMUSG00000114828;ENSMUSG00000114546;ENSMUSG00000114732;ENSMUSG00000114791	1	many_to_many	lincConv	ENSMUSG00000114389;ENSMUSG00000100932;ENSMUSG00000099847;ENSMUSG00000114791	0
ENSG00000286954	1	many_to_many_DifferentNumber	ENSMUSG00000086531;ENSMUSG00000084811	0	NA	NA	NA	0
ENSG00000235743	1	many_to_many_DifferentNumber	ENSMUSG00000086531;ENSMUSG00000084811	0	NA	NA	NA	0
ENSG00000290589	1	many_to_many_DifferentNumber	ENSMUSG00000086531;ENSMUSG00000084811	0	NA	NA	NA	0
ENSG00000233981	1	one_to_many	ENSMUSG00000114121;ENSMUSG00000110016	1	one_to_many	lincSS.dw	ENSMUSG00000114121;ENSMUSG00000110016	1
ENSG00000224707	1	one_to_one	ENSMUSG00000086423	0	NA	NA	NA	0
ENSG00000285771	1	one_to_one	ENSMUSG00000114370	0	NA	NA	NA	0
ENSG00000236355	1	one_to_one	ENSMUSG00000099474	1	many_to_many	lncgDivg	ENSMUSG00000118119;ENSMUSG00000099474;ENSMUSG00000117760	1
ENSG00000280916	1	one_to_one	ENSMUSG00000086144	0	NA	NA	NA	1
ENSG00000272279	1	one_to_one	ENSMUSG00000120009	0	NA	NA	NA	1
ENSG00000287266	1	one_to_one	ENSMUSG00000120998	0	NA	NA	NA	1
ENSG00000231150	1	one_to_many	ENSMUSG00000117760;ENSMUSG00000118119	1	many_to_many	lncgDivg	ENSMUSG00000118119;ENSMUSG00000099474;ENSMUSG00000117760	1
ENSG00000287137	1	many_to_one	ENSMUSG00000117210	0	NA	NA	NA	0
ENSG00000286811	1	many_to_one	ENSMUSG00000117210	0	NA	NA	NA	0
ENSG00000225945	1	one_to_one	ENSMUSG00000117371	1	one_to_one	lncgDivg	ENSMUSG00000117371	0
ENSG00000228689	1	one_to_one	ENSMUSG00000100538	0	NA	NA	NA	1
ENSG00000232295	1	one_to_one	ENSMUSG00000099503	0	NA	NA	NA	1
ENSG00000231533	1	many_to_many_sameNumber	ENSMUSG00000101144;ENSMUSG00000111443	1	one_to_one	lincConv	ENSMUSG00000111443	1
ENSG00000270362	1	many_to_many_sameNumber	ENSMUSG00000101144;ENSMUSG00000111443	1	one_to_one	lncgDivg	ENSMUSG00000101144	1
ENSG00000286042	1	one_to_one	ENSMUSG00000098747	1	one_to_one	lincSS.up	ENSMUSG00000098747	0
ENSG00000233835	1	many_to_one	ENSMUSG00000100155	0	NA	NA	NA	1
ENSG00000285586	1	many_to_one	ENSMUSG00000100155	0	NA	NA	NA	1
ENSG00000235357	1	one_to_many	ENSMUSG00000110950;ENSMUSG00000111820	0	NA	NA	NA	1
ENSG00000280511	1	many_to_many_DifferentNumber	ENSMUSG00000111717;ENSMUSG00000098685;ENSMUSG00000097655;ENSMUSG00000098429	0	NA	NA	NA	1
ENSG00000271945	1	many_to_many_DifferentNumber	ENSMUSG00000111717;ENSMUSG00000098685;ENSMUSG00000097655;ENSMUSG00000098429	0	NA	NA	NA	1
ENSG00000236635	1	one_to_one	ENSMUSG00000111510	0	NA	NA	NA	1
ENSG00000235050	1	one_to_one	ENSMUSG00000098370	0	NA	NA	NA	0
ENSG00000226533	1	one_to_many	ENSMUSG00000117835;ENSMUSG00000117725	1	one_to_many	lncgDivg	ENSMUSG00000117835;ENSMUSG00000117725	1
ENSG00000225791	1	many_to_one	ENSMUSG00000099971	1	one_to_one	lncgDivg	ENSMUSG00000099971	0
ENSG00000291006	1	many_to_one	ENSMUSG00000099971	0	NA	NA	NA	0
ENSG00000224995	1	many_to_many_DifferentNumber	ENSMUSG00000111840;ENSMUSG00000111663;ENSMUSG00000110956;ENSMUSG00000111386	1	one_to_many	lincSS.up	ENSMUSG00000111663;ENSMUSG00000111840	0
ENSG00000226089	1	many_to_many_DifferentNumber	ENSMUSG00000111840;ENSMUSG00000111663;ENSMUSG00000110956;ENSMUSG00000111386	0	NA	NA	NA	0
ENSG00000232031	1	many_to_many_DifferentNumber	ENSMUSG00000111840;ENSMUSG00000111663;ENSMUSG00000110956;ENSMUSG00000111386	0	NA	NA	NA	0
ENSG00000260574	1	many_to_many_DifferentNumber	ENSMUSG00000111840;ENSMUSG00000111663;ENSMUSG00000110956;ENSMUSG00000111386	0	NA	NA	NA	0
ENSG00000226453	1	many_to_many_DifferentNumber	ENSMUSG00000111840;ENSMUSG00000111663;ENSMUSG00000110956;ENSMUSG00000111386	0	NA	NA	NA	0
ENSG00000235099	1	one_to_many	ENSMUSG00000086774;ENSMUSG00000120487	0	NA	NA	NA	0
ENSG00000224605	1	many_to_many_DifferentNumber	ENSMUSG00000087316;ENSMUSG00000086339;ENSMUSG00000087180;ENSMUSG00000085522	0	NA	NA	NA	0
ENSG00000224944	1	many_to_many_DifferentNumber	ENSMUSG00000087316;ENSMUSG00000086339;ENSMUSG00000087180;ENSMUSG00000085522	0	NA	NA	NA	0
ENSG00000285961	1	many_to_many_DifferentNumber	ENSMUSG00000087316;ENSMUSG00000086339;ENSMUSG00000087180;ENSMUSG00000085522	0	NA	NA	NA	0
ENSG00000261038	1	many_to_many_DifferentNumber	ENSMUSG00000087316;ENSMUSG00000086339;ENSMUSG00000087180;ENSMUSG00000085522	0	NA	NA	NA	0
ENSG00000288101	1	many_to_many_DifferentNumber	ENSMUSG00000087316;ENSMUSG00000086339;ENSMUSG00000087180;ENSMUSG00000085522	0	NA	NA	NA	0
ENSG00000220908	1	many_to_many_DifferentNumber	ENSMUSG00000087316;ENSMUSG00000086339;ENSMUSG00000087180;ENSMUSG00000085522	0	NA	NA	NA	0
ENSG00000236466	1	one_to_one	ENSMUSG00000121022	0	NA	NA	NA	0
ENSG00000287294	1	many_to_one	ENSMUSG00000100782	0	NA	NA	NA	0
ENSG00000228290	1	many_to_one	ENSMUSG00000100782	0	NA	NA	NA	1
ENSG00000271367	1	one_to_one	ENSMUSG00000111253	0	NA	NA	NA	1
ENSG00000289433	1	one_to_many	ENSMUSG00000111086;ENSMUSG00000111293	0	NA	NA	NA	0
ENSG00000224583	1	many_to_one	ENSMUSG00000102020	0	NA	NA	NA	0
ENSG00000223786	1	many_to_one	ENSMUSG00000102020	0	NA	NA	NA	0
ENSG00000272243	1	one_to_many	ENSMUSG00000091147;ENSMUSG00000111363;ENSMUSG00000110923;ENSMUSG00000111638;ENSMUSG00000111633;ENSMUSG00000111765	0	NA	NA	NA	0
ENSG00000286672	1	one_to_many	ENSMUSG00000089900;ENSMUSG00000117376	1	one_to_one	lncgDivg	ENSMUSG00000089900	0
ENSG00000230309	1	many_to_one	ENSMUSG00000111697	0	NA	NA	NA	0
ENSG00000229495	1	many_to_one	ENSMUSG00000111697	0	NA	NA	NA	0
ENSG00000287728	1	many_to_many_DifferentNumber	ENSMUSG00000110799;ENSMUSG00000111488;ENSMUSG00000111208;ENSMUSG00000120261	0	NA	NA	NA	0
ENSG00000288560	1	many_to_many_DifferentNumber	ENSMUSG00000110799;ENSMUSG00000111488;ENSMUSG00000111208;ENSMUSG00000120261	0	NA	NA	NA	0
ENSG00000236347	1	many_to_many_DifferentNumber	ENSMUSG00000110799;ENSMUSG00000111488;ENSMUSG00000111208;ENSMUSG00000120261	0	NA	NA	NA	0
ENSG00000289198	1	many_to_many_DifferentNumber	ENSMUSG00000110799;ENSMUSG00000111488;ENSMUSG00000111208;ENSMUSG00000120261	1	one_to_one	lncgSS.up	ENSMUSG00000120261	0
ENSG00000289925	1	many_to_many_DifferentNumber	ENSMUSG00000110799;ENSMUSG00000111488;ENSMUSG00000111208;ENSMUSG00000120261	0	NA	NA	NA	0
ENSG00000286914	1	many_to_many_DifferentNumber	ENSMUSG00000046463;ENSMUSG00000097742;ENSMUSG00000111234	0	NA	NA	NA	0
ENSG00000232316	1	many_to_many_DifferentNumber	ENSMUSG00000046463;ENSMUSG00000097742;ENSMUSG00000111234	0	NA	NA	NA	0
ENSG00000232299	1	many_to_many_DifferentNumber	ENSMUSG00000046463;ENSMUSG00000097742;ENSMUSG00000111234	0	NA	NA	NA	0
ENSG00000223811	1	many_to_many_DifferentNumber	ENSMUSG00000046463;ENSMUSG00000097742;ENSMUSG00000111234	0	NA	NA	NA	0
ENSG00000231912	1	many_to_many_DifferentNumber	ENSMUSG00000046463;ENSMUSG00000097742;ENSMUSG00000111234	0	NA	NA	NA	0
ENSG00000288916	1	many_to_many_DifferentNumber	ENSMUSG00000046463;ENSMUSG00000097742;ENSMUSG00000111234	0	NA	NA	NA	0
ENSG00000230943	1	many_to_many_DifferentNumber	ENSMUSG00000046463;ENSMUSG00000097742;ENSMUSG00000111234	0	NA	NA	NA	0
ENSG00000289961	1	many_to_many_DifferentNumber	ENSMUSG00000046463;ENSMUSG00000097742;ENSMUSG00000111234	0	NA	NA	NA	0
ENSG00000287705	1	one_to_one	ENSMUSG00000111874	0	NA	NA	NA	0
ENSG00000287253	1	one_to_many	ENSMUSG00000062224;ENSMUSG00000112337;ENSMUSG00000112659	0	NA	NA	NA	1
ENSG00000203801	1	many_to_one	ENSMUSG00000120201	0	NA	NA	NA	1
ENSG00000286511	1	many_to_one	ENSMUSG00000120201	1	one_to_one	lincSS.up	ENSMUSG00000120201	1
ENSG00000231628	1	many_to_many_DifferentNumber	ENSMUSG00000111463;ENSMUSG00000111116;ENSMUSG00000111494;ENSMUSG00000111868;ENSMUSG00000110898	0	NA	NA	NA	1
ENSG00000286084	1	many_to_many_DifferentNumber	ENSMUSG00000111463;ENSMUSG00000111116;ENSMUSG00000111494;ENSMUSG00000111868;ENSMUSG00000110898	0	NA	NA	NA	1
ENSG00000237567	1	many_to_many_DifferentNumber	ENSMUSG00000111034;ENSMUSG00000111362;ENSMUSG00000110893;ENSMUSG00000110891;ENSMUSG00000111535	0	NA	NA	NA	1
ENSG00000284999	1	many_to_many_DifferentNumber	ENSMUSG00000111034;ENSMUSG00000111362;ENSMUSG00000110893;ENSMUSG00000110891;ENSMUSG00000111535	0	NA	NA	NA	1
ENSG00000287992	1	many_to_many_DifferentNumber	ENSMUSG00000112824;ENSMUSG00000097069	0	NA	NA	NA	1
ENSG00000286540	1	many_to_many_DifferentNumber	ENSMUSG00000112824;ENSMUSG00000097069	0	NA	NA	NA	1
ENSG00000287100	1	many_to_many_DifferentNumber	ENSMUSG00000112824;ENSMUSG00000097069	1	one_to_many	lncgDivg	ENSMUSG00000097069;ENSMUSG00000112824	1
ENSG00000287499	1	many_to_many_DifferentNumber	ENSMUSG00000111182;ENSMUSG00000111419;ENSMUSG00000110874	0	NA	NA	NA	0
ENSG00000288084	1	many_to_many_DifferentNumber	ENSMUSG00000111182;ENSMUSG00000111419;ENSMUSG00000110874	0	NA	NA	NA	0
ENSG00000287616	1	many_to_many_DifferentNumber	ENSMUSG00000111182;ENSMUSG00000111419;ENSMUSG00000110874	0	NA	NA	NA	0
ENSG00000287397	1	many_to_many_DifferentNumber	ENSMUSG00000111182;ENSMUSG00000111419;ENSMUSG00000110874	0	NA	NA	NA	1
ENSG00000289501	1	many_to_many_DifferentNumber	ENSMUSG00000028244;ENSMUSG00000100395;ENSMUSG00000099150	0	NA	NA	NA	0
ENSG00000271860	1	many_to_many_DifferentNumber	ENSMUSG00000028244;ENSMUSG00000100395;ENSMUSG00000099150	0	NA	NA	NA	0
ENSG00000236920	1	many_to_many_sameNumber	ENSMUSG00000107859;ENSMUSG00000087098;ENSMUSG00000120708	0	NA	NA	NA	0
ENSG00000283010	1	many_to_many_sameNumber	ENSMUSG00000107859;ENSMUSG00000087098;ENSMUSG00000120708	1	one_to_many	lncgDivg	ENSMUSG00000107859;ENSMUSG00000120708	0
ENSG00000226207	1	many_to_many_sameNumber	ENSMUSG00000107859;ENSMUSG00000087098;ENSMUSG00000120708	0	NA	NA	NA	0
ENSG00000287731	1	one_to_one	ENSMUSG00000111195	0	NA	NA	NA	1
ENSG00000224984	1	many_to_one	ENSMUSG00000111222	0	NA	NA	NA	1
ENSG00000228231	1	many_to_one	ENSMUSG00000111222	1	one_to_one	lncgDivg	ENSMUSG00000098370	1
ENSG00000285941	1	many_to_one	ENSMUSG00000112469	1	many_to_one	lncgDivg	ENSMUSG00000112707	1
ENSG00000285691	1	many_to_one	ENSMUSG00000112469	1	many_to_one	lncgDivg	ENSMUSG00000112707	1
ENSG00000235535	1	many_to_one	ENSMUSG00000112469	1	many_to_one	lncgDivg	ENSMUSG00000112707	1
ENSG00000229922	1	one_to_one	ENSMUSG00000111318	0	NA	NA	NA	1
ENSG00000226004	1	many_to_one	ENSMUSG00000120350	0	NA	NA	NA	1
ENSG00000287393	1	many_to_one	ENSMUSG00000120350	0	NA	NA	NA	1
ENSG00000272356	1	many_to_one	ENSMUSG00000087177	0	NA	NA	NA	1
ENSG00000231889	1	many_to_one	ENSMUSG00000087177	0	NA	NA	NA	1
ENSG00000237494	1	one_to_one	ENSMUSG00000111888	0	NA	NA	NA	1
ENSG00000286691	1	one_to_one	ENSMUSG00000111098	1	one_to_one	lincConv	ENSMUSG00000111098	0
ENSG00000232290	1	many_to_one	ENSMUSG00000111266	0	NA	NA	NA	1
ENSG00000223598	1	many_to_one	ENSMUSG00000111266	0	NA	NA	NA	1
ENSG00000231883	1	many_to_one	ENSMUSG00000111266	0	NA	NA	NA	1
ENSG00000234084	1	many_to_one	ENSMUSG00000120178	1	many_to_one	lncgDivg	ENSMUSG00000111227	0
ENSG00000287094	1	many_to_one	ENSMUSG00000120178	1	many_to_one	lncgDivg	ENSMUSG00000111227	1
ENSG00000231028	1	many_to_one	ENSMUSG00000120178	1	many_to_one	lncgDivg	ENSMUSG00000111227	1
ENSG00000233534	1	many_to_one	ENSMUSG00000111091	0	NA	NA	NA	1
ENSG00000236378	1	many_to_one	ENSMUSG00000111091	1	one_to_one	lincDivg	ENSMUSG00000111091	1
ENSG00000224506	1	many_to_one	ENSMUSG00000111778	0	NA	NA	NA	1
ENSG00000286299	1	many_to_one	ENSMUSG00000111778	0	NA	NA	NA	1
ENSG00000231863	1	many_to_one	ENSMUSG00000097350	0	NA	NA	NA	1
ENSG00000233342	1	many_to_one	ENSMUSG00000097350	0	NA	NA	NA	1
ENSG00000272841	1	many_to_one	ENSMUSG00000117337	1	one_to_one	lncgDivg	ENSMUSG00000097350	1
ENSG00000224371	1	many_to_one	ENSMUSG00000117337	0	NA	NA	NA	1
ENSG00000287558	1	many_to_one	ENSMUSG00000117337	0	NA	NA	NA	0
ENSG00000261116	1	one_to_one	ENSMUSG00000119976	0	NA	NA	NA	1
ENSG00000289931	1	one_to_one	ENSMUSG00000086127	1	one_to_one	lncgDivg	ENSMUSG00000086127	0
ENSG00000287976	1	many_to_one	ENSMUSG00000112019	0	NA	NA	NA	0
ENSG00000227681	1	many_to_one	ENSMUSG00000112019	0	NA	NA	NA	0
ENSG00000224658	1	many_to_many_DifferentNumber	ENSMUSG00000097597;ENSMUSG00000111731;ENSMUSG00000111674;ENSMUSG00000111627;ENSMUSG00000112700;ENSMUSG00000112303	1	one_to_one	lncgDivg	ENSMUSG00000097597	0
ENSG00000234675	1	many_to_many_DifferentNumber	ENSMUSG00000097597;ENSMUSG00000111731;ENSMUSG00000111674;ENSMUSG00000111627;ENSMUSG00000112700;ENSMUSG00000112303	0	NA	NA	NA	0
ENSG00000230205	1	many_to_many_DifferentNumber	ENSMUSG00000097597;ENSMUSG00000111731;ENSMUSG00000111674;ENSMUSG00000111627;ENSMUSG00000112700;ENSMUSG00000112303	0	NA	NA	NA	0
ENSG00000287473	1	many_to_many_DifferentNumber	ENSMUSG00000097597;ENSMUSG00000111731;ENSMUSG00000111674;ENSMUSG00000111627;ENSMUSG00000112700;ENSMUSG00000112303	0	NA	NA	NA	0
ENSG00000226249	1	many_to_many_DifferentNumber	ENSMUSG00000097597;ENSMUSG00000111731;ENSMUSG00000111674;ENSMUSG00000111627;ENSMUSG00000112700;ENSMUSG00000112303	0	NA	NA	NA	0
ENSG00000224733	1	many_to_many_DifferentNumber	ENSMUSG00000112610;ENSMUSG00000112206	0	NA	NA	NA	0
ENSG00000227945	1	many_to_many_DifferentNumber	ENSMUSG00000112610;ENSMUSG00000112206	0	NA	NA	NA	1
ENSG00000289190	1	many_to_many_DifferentNumber	ENSMUSG00000112610;ENSMUSG00000112206	0	NA	NA	NA	0
ENSG00000285726	1	many_to_one	ENSMUSG00000099384	0	NA	NA	NA	0
ENSG00000285564	1	many_to_one	ENSMUSG00000099384	0	NA	NA	NA	0
ENSG00000285553	1	many_to_one	ENSMUSG00000099384	1	many_to_many	lncgDivg	ENSMUSG00000089633;ENSMUSG00000089941;ENSMUSG00000089907	0
ENSG00000225437	1	many_to_one	ENSMUSG00000099384	1	many_to_many	lncgDivg	ENSMUSG00000089633;ENSMUSG00000089941;ENSMUSG00000089907	0
ENSG00000225683	1	many_to_one	ENSMUSG00000099384	1	many_to_many	lncgDivg	ENSMUSG00000089633;ENSMUSG00000089941;ENSMUSG00000089907	0
ENSG00000285610	1	many_to_one	ENSMUSG00000099384	1	many_to_many	lncgDivg	ENSMUSG00000089633;ENSMUSG00000089941;ENSMUSG00000089907	0
ENSG00000281692	1	many_to_one	ENSMUSG00000099384	0	NA	NA	NA	0
ENSG00000270419	1	many_to_one	ENSMUSG00000099384	1	one_to_one	lncgDivg	ENSMUSG00000099384	0
ENSG00000287084	1	many_to_many_sameNumber	ENSMUSG00000101014;ENSMUSG00000112238	1	one_to_one	lincConv	ENSMUSG00000112238	0
ENSG00000233138	1	many_to_many_sameNumber	ENSMUSG00000101014;ENSMUSG00000112238	1	one_to_one	lncgConv	ENSMUSG00000101014	1
ENSG00000236366	1	one_to_many	ENSMUSG00000112266;ENSMUSG00000112284;ENSMUSG00000112679;ENSMUSG00000112225	1	one_to_many	lincConv	ENSMUSG00000112225;ENSMUSG00000112679	0
ENSG00000240056	1	one_to_one	ENSMUSG00000112654	0	NA	NA	NA	1
ENSG00000235815	1	many_to_one	ENSMUSG00000116801	1	many_to_one	lincSS.dw	ENSMUSG00000116801	0
ENSG00000234519	1	many_to_one	ENSMUSG00000116801	0	NA	NA	NA	0
ENSG00000286826	1	many_to_one	ENSMUSG00000116801	0	NA	NA	NA	0
ENSG00000226445	1	many_to_one	ENSMUSG00000116801	0	NA	NA	NA	1
ENSG00000289090	1	many_to_one	ENSMUSG00000116801	1	many_to_one	lincSS.dw	ENSMUSG00000116801	0
ENSG00000225879	1	many_to_one	ENSMUSG00000117328	0	NA	NA	NA	0
ENSG00000285917	1	many_to_one	ENSMUSG00000117328	0	NA	NA	NA	0
ENSG00000229720	1	many_to_one	ENSMUSG00000117328	0	NA	NA	NA	0
ENSG00000261039	1	many_to_one	ENSMUSG00000117328	0	NA	NA	NA	0
ENSG00000223485	1	many_to_one	ENSMUSG00000117328	0	NA	NA	NA	0
ENSG00000285797	1	one_to_one	ENSMUSG00000116767	0	NA	NA	NA	1
ENSG00000227360	1	many_to_many_sameNumber	ENSMUSG00000116975;ENSMUSG00000116615;ENSMUSG00000116813;ENSMUSG00000116551	0	NA	NA	NA	1
ENSG00000287092	1	many_to_many_sameNumber	ENSMUSG00000116975;ENSMUSG00000116615;ENSMUSG00000116813;ENSMUSG00000116551	0	NA	NA	NA	1
ENSG00000289830	1	many_to_many_sameNumber	ENSMUSG00000116975;ENSMUSG00000116615;ENSMUSG00000116813;ENSMUSG00000116551	0	NA	NA	NA	1
ENSG00000271265	1	many_to_many_sameNumber	ENSMUSG00000116975;ENSMUSG00000116615;ENSMUSG00000116813;ENSMUSG00000116551	1	many_to_one	lncgDivg	ENSMUSG00000121103	1
ENSG00000260771	1	one_to_many	ENSMUSG00000117185;ENSMUSG00000117254	0	NA	NA	NA	0
ENSG00000287683	1	many_to_one	ENSMUSG00000086257	1	many_to_one	lncgDivg	ENSMUSG00000086774	0
ENSG00000288085	1	many_to_one	ENSMUSG00000086257	0	NA	NA	NA	0
ENSG00000229600	1	many_to_one	ENSMUSG00000086257	0	NA	NA	NA	0
ENSG00000231143	1	many_to_one	ENSMUSG00000086257	0	NA	NA	NA	0
ENSG00000289081	1	many_to_one	ENSMUSG00000086257	1	many_to_one	lncgDivg	ENSMUSG00000086774	0
ENSG00000289359	1	many_to_one	ENSMUSG00000112360	1	one_to_one	lincSS.up	ENSMUSG00000112360	1
ENSG00000228408	1	many_to_one	ENSMUSG00000112360	0	NA	NA	NA	1
ENSG00000227660	1	many_to_one	ENSMUSG00000112109	0	NA	NA	NA	1
ENSG00000236591	1	many_to_one	ENSMUSG00000112109	0	NA	NA	NA	1
ENSG00000288071	1	one_to_one	ENSMUSG00000111769	0	NA	NA	NA	1
ENSG00000271234	1	many_to_one	ENSMUSG00000116718	0	NA	NA	NA	0
ENSG00000288829	1	many_to_one	ENSMUSG00000116718	0	NA	NA	NA	0
ENSG00000226571	1	one_to_one	ENSMUSG00000093672	1	one_to_one	lncgDivg	ENSMUSG00000093672	0
ENSG00000286339	1	one_to_many	ENSMUSG00000112132;ENSMUSG00000112733	1	one_to_one	lncgDivg	ENSMUSG00000112709	1
ENSG00000286875	1	one_to_one	ENSMUSG00000056031	1	one_to_one	lncgDivg	ENSMUSG00000056031	0
ENSG00000272137	1	many_to_one	ENSMUSG00000099718	0	NA	NA	NA	1
ENSG00000287811	1	many_to_one	ENSMUSG00000099718	1	one_to_one	lncgDivg	ENSMUSG00000099718	1
ENSG00000289312	1	one_to_many	ENSMUSG00000110754;ENSMUSG00000111447;ENSMUSG00000069713	1	one_to_one	lncgDivg	ENSMUSG00000069713	1
ENSG00000285598	1	many_to_many_DifferentNumber	ENSMUSG00000111995;ENSMUSG00000112747;ENSMUSG00000112775;ENSMUSG00000112156;ENSMUSG00000112131	0	NA	NA	NA	1
ENSG00000289850	1	many_to_many_DifferentNumber	ENSMUSG00000111995;ENSMUSG00000112747;ENSMUSG00000112775;ENSMUSG00000112156;ENSMUSG00000112131	1	one_to_many	lincSS.dw	ENSMUSG00000112131;ENSMUSG00000112156	0
ENSG00000225311	1	one_to_one	ENSMUSG00000112151	0	NA	NA	NA	1
ENSG00000260188	1	one_to_one	ENSMUSG00000038491	0	NA	NA	NA	0
ENSG00000289257	1	one_to_one	ENSMUSG00000120366	1	one_to_one	lncgDivg	ENSMUSG00000120366	0
ENSG00000234015	1	one_to_one	ENSMUSG00000113619	0	NA	NA	NA	1
ENSG00000229654	1	many_to_many_DifferentNumber	ENSMUSG00000111749;ENSMUSG00000111575;ENSMUSG00000111377	0	NA	NA	NA	1
ENSG00000289020	1	many_to_many_DifferentNumber	ENSMUSG00000111749;ENSMUSG00000111575;ENSMUSG00000111377	0	NA	NA	NA	1
ENSG00000235142	1	one_to_many	ENSMUSG00000111565;ENSMUSG00000111422;ENSMUSG00000111342;ENSMUSG00000075184	1	one_to_one	lincConv	ENSMUSG00000111342	1
ENSG00000228022	1	one_to_many	ENSMUSG00000092219;ENSMUSG00000092600	0	NA	NA	NA	0
ENSG00000237775	1	many_to_many_sameNumber	ENSMUSG00000092171;ENSMUSG00000086867;ENSMUSG00000120061	1	one_to_many	lncgDivg	ENSMUSG00000086867;ENSMUSG00000120061	0
ENSG00000214894	1	many_to_many_sameNumber	ENSMUSG00000092171;ENSMUSG00000086867;ENSMUSG00000120061	0	NA	NA	NA	0
ENSG00000237923	1	many_to_many_sameNumber	ENSMUSG00000092171;ENSMUSG00000086867;ENSMUSG00000120061	0	NA	NA	NA	0
ENSG00000279968	1	one_to_one	ENSMUSG00000096977	1	one_to_one	lncgDivg	ENSMUSG00000096977	0
ENSG00000227198	1	one_to_one	ENSMUSG00000092241	0	NA	NA	NA	1
ENSG00000235399	1	one_to_one	ENSMUSG00000110958	0	NA	NA	NA	1
ENSG00000263756	1	one_to_one	ENSMUSG00000117772	1	one_to_one	lncgDivg	ENSMUSG00000117829	1
ENSG00000230269	1	one_to_one	ENSMUSG00000113591	1	one_to_one	lincSS.up	ENSMUSG00000113591	0
ENSG00000286316	1	one_to_one	ENSMUSG00000112983	0	NA	NA	NA	1
ENSG00000246982	1	one_to_one	ENSMUSG00000117255	1	one_to_many	lncgDivg	ENSMUSG00000117301;ENSMUSG00000117255	1
ENSG00000227748	1	many_to_many_DifferentNumber	ENSMUSG00000112713;ENSMUSG00000112219;ENSMUSG00000112573	1	one_to_one	lincSS.dw	ENSMUSG00000112573	1
ENSG00000196634	1	many_to_many_DifferentNumber	ENSMUSG00000112713;ENSMUSG00000112219;ENSMUSG00000112573	0	NA	NA	NA	1
ENSG00000272397	1	many_to_many_DifferentNumber	ENSMUSG00000112146;ENSMUSG00000101621;ENSMUSG00000112074;ENSMUSG00000112060;ENSMUSG00000109160	0	NA	NA	NA	1
ENSG00000289851	1	many_to_many_DifferentNumber	ENSMUSG00000112146;ENSMUSG00000101621;ENSMUSG00000112074;ENSMUSG00000112060;ENSMUSG00000109160	1	one_to_one	lincConv	ENSMUSG00000109160	1
ENSG00000233452	1	many_to_many_DifferentNumber	ENSMUSG00000112146;ENSMUSG00000101621;ENSMUSG00000112074;ENSMUSG00000112060;ENSMUSG00000109160	1	one_to_one	lncgDivg	ENSMUSG00000112146	1
ENSG00000227920	1	many_to_one	ENSMUSG00000117434	0	NA	NA	NA	1
ENSG00000204110	1	many_to_one	ENSMUSG00000117434	0	NA	NA	NA	1
ENSG00000232876	1	one_to_many	ENSMUSG00000110967;ENSMUSG00000111200	1	one_to_one	lncgDivg	ENSMUSG00000112654	1
ENSG00000224374	1	one_to_one	ENSMUSG00000111227	0	NA	NA	NA	0
ENSG00000236703	1	one_to_one	ENSMUSG00000111102	1	one_to_one	lncgDivg	ENSMUSG00000097923	1
ENSG00000286278	1	one_to_one	ENSMUSG00000087602	0	NA	NA	NA	0
ENSG00000228793	1	one_to_many	ENSMUSG00000113998;ENSMUSG00000113185	0	NA	NA	NA	1
ENSG00000237174	1	many_to_one	ENSMUSG00000092581	1	many_to_one	lncgDivg	ENSMUSG00000092581	1
ENSG00000238156	1	many_to_one	ENSMUSG00000092581	1	many_to_one	lncgDivg	ENSMUSG00000092581	1
ENSG00000272374	1	one_to_one	ENSMUSG00000117171	0	NA	NA	NA	1
ENSG00000287458	1	one_to_many	ENSMUSG00000117084;ENSMUSG00000066170	1	one_to_one	lncgDivg	ENSMUSG00000117084	1
ENSG00000232909	1	one_to_many	ENSMUSG00000117313;ENSMUSG00000097714;ENSMUSG00000117131	1	one_to_one	lncgDivg	ENSMUSG00000117131	1
ENSG00000230648	1	many_to_many_DifferentNumber	ENSMUSG00000113484;ENSMUSG00000113170	1	many_to_one	lncgDivg	ENSMUSG00000113170	1
ENSG00000288904	1	many_to_many_DifferentNumber	ENSMUSG00000113484;ENSMUSG00000113170	1	many_to_one	lncgDivg	ENSMUSG00000113170	1
ENSG00000260604	1	many_to_many_DifferentNumber	ENSMUSG00000113484;ENSMUSG00000113170	1	one_to_one	lincConv	ENSMUSG00000113484	1
ENSG00000234577	1	many_to_one	ENSMUSG00000096553	1	many_to_one	lncgDivg	ENSMUSG00000096553	1
ENSG00000226193	1	many_to_one	ENSMUSG00000096553	1	many_to_one	lncgDivg	ENSMUSG00000096553	1
ENSG00000233464	1	many_to_one	ENSMUSG00000096553	1	many_to_one	lncgDivg	ENSMUSG00000096553	1
ENSG00000274259	1	one_to_one	ENSMUSG00000120301	1	one_to_one	lncgDivg	ENSMUSG00000118007	1
ENSG00000285717	1	one_to_many	ENSMUSG00000114329;ENSMUSG00000114428;ENSMUSG00000114249;ENSMUSG00000114508	1	one_to_many	lincSS.up	ENSMUSG00000114249;ENSMUSG00000114508	0
ENSG00000216863	1	one_to_one	ENSMUSG00000114297	0	NA	NA	NA	0
ENSG00000226149	1	many_to_one	ENSMUSG00000112751	1	one_to_one	lncgConv	ENSMUSG00000112751	1
ENSG00000233351	1	many_to_one	ENSMUSG00000112751	1	one_to_one	lncgDivg	ENSMUSG00000101636	1
ENSG00000197251	1	one_to_one	ENSMUSG00000117799	0	NA	NA	NA	0
ENSG00000289097	1	one_to_one	ENSMUSG00000114681	0	NA	NA	NA	1
ENSG00000215022	1	one_to_many	ENSMUSG00000089710;ENSMUSG00000087202	0	NA	NA	NA	0
ENSG00000288840	1	one_to_many	ENSMUSG00000113883;ENSMUSG00000120497	1	one_to_many	lncgDivg	ENSMUSG00000120497;ENSMUSG00000113883	0
ENSG00000289375	1	one_to_one	ENSMUSG00000090936	1	one_to_one	lncgDivg	ENSMUSG00000090936	0
ENSG00000249379	1	many_to_many_DifferentNumber	ENSMUSG00000111225;ENSMUSG00000111014;ENSMUSG00000110838	0	NA	NA	NA	1
ENSG00000235899	1	many_to_many_DifferentNumber	ENSMUSG00000111225;ENSMUSG00000111014;ENSMUSG00000110838	0	NA	NA	NA	1
ENSG00000272476	1	one_to_many	ENSMUSG00000086434;ENSMUSG00000086428	1	one_to_one	lncgDivg	ENSMUSG00000086428	0
ENSG00000283265	1	many_to_many_sameNumber	ENSMUSG00000110938;ENSMUSG00000111821	0	NA	NA	NA	1
ENSG00000230533	1	many_to_many_sameNumber	ENSMUSG00000110938;ENSMUSG00000111821	0	NA	NA	NA	1
ENSG00000234956	1	many_to_many_sameNumber	ENSMUSG00000111052;ENSMUSG00000110917	0	NA	NA	NA	1
ENSG00000237499	1	many_to_many_sameNumber	ENSMUSG00000111052;ENSMUSG00000110917	0	NA	NA	NA	1
ENSG00000286933	1	one_to_one	ENSMUSG00000087603	0	NA	NA	NA	0
ENSG00000286550	1	one_to_many	ENSMUSG00000085846;ENSMUSG00000117263	1	one_to_many	lncgDivg	ENSMUSG00000117263;ENSMUSG00000085846	1
ENSG00000255389	1	one_to_many	ENSMUSG00000087014;ENSMUSG00000086915	0	NA	NA	NA	1
ENSG00000286885	1	one_to_one	ENSMUSG00000114596	0	NA	NA	NA	1
ENSG00000204091	1	one_to_many	ENSMUSG00000101012;ENSMUSG00000117221;ENSMUSG00000092268	0	NA	NA	NA	1
ENSG00000236075	1	many_to_one	ENSMUSG00000117019	0	NA	NA	NA	1
ENSG00000226454	1	many_to_one	ENSMUSG00000117019	0	NA	NA	NA	1
ENSG00000237947	1	many_to_one	ENSMUSG00000117019	0	NA	NA	NA	1
ENSG00000203808	1	one_to_one	ENSMUSG00000090088	0	NA	NA	NA	1
ENSG00000272269	1	one_to_one	ENSMUSG00000120329	1	one_to_one	lncgDivg	ENSMUSG00000120329	1
ENSG00000231769	1	one_to_one	ENSMUSG00000120221	1	one_to_one	lncgDivg	ENSMUSG00000120221	0
ENSG00000289871	1	one_to_many	ENSMUSG00000112833;ENSMUSG00000112345	0	NA	NA	NA	1
ENSG00000290064	1	one_to_many	ENSMUSG00000112175;ENSMUSG00000112837;ENSMUSG00000097370;ENSMUSG00000112327	0	NA	NA	NA	1
ENSG00000235652	1	one_to_many	ENSMUSG00000090070;ENSMUSG00000097007	1	one_to_one	lncgDivg	ENSMUSG00000097007	1
ENSG00000225793	1	one_to_one	ENSMUSG00000086918	0	NA	NA	NA	1
ENSG00000227885	1	one_to_one	ENSMUSG00000099094	1	many_to_one	lncgDivg	ENSMUSG00000099094	0
ENSG00000290047	1	one_to_one	ENSMUSG00000120154	0	NA	NA	NA	1
ENSG00000260000	1	one_to_many	ENSMUSG00000097884;ENSMUSG00000112103;ENSMUSG00000111202	0	NA	NA	NA	1
ENSG00000281450	1	one_to_one	ENSMUSG00000085912	0	NA	NA	NA	0
ENSG00000230314	1	one_to_one	ENSMUSG00000114247	0	NA	NA	NA	1
ENSG00000225339	1	one_to_one	ENSMUSG00000116884	0	NA	NA	NA	1
ENSG00000288910	1	one_to_many	ENSMUSG00000101133;ENSMUSG00000121180	1	one_to_one	lncgSS.dw	ENSMUSG00000121180	1
ENSG00000271551	1	many_to_many_DifferentNumber	ENSMUSG00000120934;ENSMUSG00000121103	1	many_to_one	lncgDivg	ENSMUSG00000121103	1
ENSG00000270487	1	many_to_many_DifferentNumber	ENSMUSG00000120934;ENSMUSG00000121103	1	many_to_one	lncgDivg	ENSMUSG00000121103	1
ENSG00000233044	1	many_to_many_DifferentNumber	ENSMUSG00000120934;ENSMUSG00000121103	1	many_to_one	lncgDivg	ENSMUSG00000121103	1
ENSG00000237851	1	many_to_many_sameNumber	ENSMUSG00000112102;ENSMUSG00000120437	1	many_to_one	lncgDivg	ENSMUSG00000120437	1
ENSG00000232618	1	many_to_many_sameNumber	ENSMUSG00000112102;ENSMUSG00000120437	1	many_to_one	lncgDivg	ENSMUSG00000120437	1
ENSG00000229017	1	many_to_one	ENSMUSG00000112172	1	many_to_one	lncgDivg	ENSMUSG00000112172	1
ENSG00000227192	1	many_to_one	ENSMUSG00000112172	0	NA	NA	NA	1
ENSG00000225752	1	one_to_one	ENSMUSG00000112055	1	many_to_one	lncgDivg	ENSMUSG00000112172	1
ENSG00000229923	1	one_to_many	ENSMUSG00000112444;ENSMUSG00000112803;ENSMUSG00000112630	0	NA	NA	NA	1
ENSG00000289256	1	one_to_many	ENSMUSG00000111055;ENSMUSG00000111183;ENSMUSG00000119997	1	one_to_many	lncgDivg	ENSMUSG00000119997;ENSMUSG00000087014	1
ENSG00000227012	1	one_to_one	ENSMUSG00000111008	0	NA	NA	NA	1
ENSG00000286340	1	one_to_many	ENSMUSG00000111839;ENSMUSG00000111774	0	NA	NA	NA	1
ENSG00000289262	1	one_to_one	ENSMUSG00000120461	1	one_to_one	lincSS.dw	ENSMUSG00000120461	0
ENSG00000290067	1	one_to_many	ENSMUSG00000111970;ENSMUSG00000112758	0	NA	NA	NA	0
ENSG00000237286	1	one_to_one	ENSMUSG00000120072	0	NA	NA	NA	1
ENSG00000286874	1	one_to_one	ENSMUSG00000120342	1	one_to_one	lincSS.up	ENSMUSG00000120342	1
ENSG00000283991	1	many_to_many_sameNumber	ENSMUSG00000085540;ENSMUSG00000084934	1	many_to_many	lncgDivg	ENSMUSG00000085540;ENSMUSG00000084934	1
ENSG00000236510	1	many_to_many_sameNumber	ENSMUSG00000085540;ENSMUSG00000084934	1	many_to_many	lncgDivg	ENSMUSG00000085540;ENSMUSG00000084934	1
ENSG00000241269	1	many_to_many_DifferentNumber	ENSMUSG00000119979;ENSMUSG00000120304;ENSMUSG00000119945	1	many_to_many	lncgDivg	ENSMUSG00000119945;ENSMUSG00000120304;ENSMUSG00000119979	1
ENSG00000188365	1	many_to_many_DifferentNumber	ENSMUSG00000119979;ENSMUSG00000120304;ENSMUSG00000119945	1	many_to_many	lncgDivg	ENSMUSG00000119945;ENSMUSG00000120304;ENSMUSG00000119979	1
ENSG00000273084	1	many_to_many_DifferentNumber	ENSMUSG00000119979;ENSMUSG00000120304;ENSMUSG00000119945	0	NA	NA	NA	1
ENSG00000290091	1	many_to_many_DifferentNumber	ENSMUSG00000119979;ENSMUSG00000120304;ENSMUSG00000119945	1	many_to_many	lncgDivg	ENSMUSG00000119945;ENSMUSG00000120304;ENSMUSG00000119979	1
ENSG00000272953	1	many_to_many_DifferentNumber	ENSMUSG00000119979;ENSMUSG00000120304;ENSMUSG00000119945	1	many_to_many	lncgDivg	ENSMUSG00000119945;ENSMUSG00000120304;ENSMUSG00000119979	1
ENSG00000234432	1	one_to_many	ENSMUSG00000120419;ENSMUSG00000120087	1	one_to_many	lncgSS.up	ENSMUSG00000120087;ENSMUSG00000120419	1
ENSG00000236414	1	many_to_one	ENSMUSG00000107847	0	NA	NA	NA	0
ENSG00000235431	1	many_to_one	ENSMUSG00000107847	0	NA	NA	NA	0
ENSG00000234710	1	many_to_one	ENSMUSG00000107847	0	NA	NA	NA	0
ENSG00000283117	1	many_to_one	ENSMUSG00000107948	0	NA	NA	NA	0
ENSG00000287409	1	many_to_one	ENSMUSG00000107948	0	NA	NA	NA	0
ENSG00000278254	1	many_to_one	ENSMUSG00000107948	0	NA	NA	NA	0
ENSG00000286639	1	many_to_one	ENSMUSG00000107948	0	NA	NA	NA	0
ENSG00000229618	1	one_to_many	ENSMUSG00000113933;ENSMUSG00000113092;ENSMUSG00000113272;ENSMUSG00000114079;ENSMUSG00000113343;ENSMUSG00000113384;ENSMUSG00000113874	1	one_to_one	lincSS.dw	ENSMUSG00000113874	1
ENSG00000229043	1	one_to_many	ENSMUSG00000106056;ENSMUSG00000121177	1	one_to_one	lncgDivg	ENSMUSG00000121177	0
ENSG00000226323	1	many_to_one	ENSMUSG00000113005	1	one_to_many	lncgDivg	ENSMUSG00000113608;ENSMUSG00000112967	1
ENSG00000227489	1	many_to_one	ENSMUSG00000113005	0	NA	NA	NA	1
ENSG00000237070	1	many_to_many_sameNumber	ENSMUSG00000113507;ENSMUSG00000101067	1	many_to_one	lncgDivg	ENSMUSG00000101067	1
ENSG00000229108	1	many_to_many_sameNumber	ENSMUSG00000113507;ENSMUSG00000101067	1	many_to_one	lncgDivg	ENSMUSG00000101067	1
ENSG00000286376	1	many_to_many_sameNumber	ENSMUSG00000113064;ENSMUSG00000114052;ENSMUSG00000113764	1	one_to_one	lincSS.up	ENSMUSG00000114052	1
ENSG00000225974	1	many_to_many_sameNumber	ENSMUSG00000113064;ENSMUSG00000114052;ENSMUSG00000113764	1	one_to_one	lncgSS.up	ENSMUSG00000113764	1
ENSG00000229379	1	many_to_many_sameNumber	ENSMUSG00000113064;ENSMUSG00000114052;ENSMUSG00000113764	0	NA	NA	NA	1
ENSG00000223838	1	one_to_one	ENSMUSG00000114082	0	NA	NA	NA	0
ENSG00000230435	1	one_to_one	ENSMUSG00000107422	1	one_to_one	lncgDivg	ENSMUSG00000107422	1
ENSG00000285960	1	many_to_many_DifferentNumber	ENSMUSG00000107667;ENSMUSG00000107660;ENSMUSG00000120028	0	NA	NA	NA	1
ENSG00000287096	1	many_to_many_DifferentNumber	ENSMUSG00000107667;ENSMUSG00000107660;ENSMUSG00000120028	0	NA	NA	NA	1
ENSG00000288962	1	many_to_many_DifferentNumber	ENSMUSG00000107667;ENSMUSG00000107660;ENSMUSG00000120028	0	NA	NA	NA	1
ENSG00000290025	1	many_to_many_DifferentNumber	ENSMUSG00000107667;ENSMUSG00000107660;ENSMUSG00000120028	0	NA	NA	NA	1
ENSG00000289053	1	many_to_many_DifferentNumber	ENSMUSG00000107667;ENSMUSG00000107660;ENSMUSG00000120028	1	one_to_one	lincSS.up	ENSMUSG00000107660	1
ENSG00000290106	1	many_to_many_DifferentNumber	ENSMUSG00000107667;ENSMUSG00000107660;ENSMUSG00000120028	0	NA	NA	NA	1
ENSG00000285716	1	many_to_many_DifferentNumber	ENSMUSG00000107978;ENSMUSG00000107993;ENSMUSG00000118645;ENSMUSG00000107619;ENSMUSG00000108236	0	NA	NA	NA	1
ENSG00000260951	1	many_to_many_DifferentNumber	ENSMUSG00000107978;ENSMUSG00000107993;ENSMUSG00000118645;ENSMUSG00000107619;ENSMUSG00000108236	0	NA	NA	NA	1
ENSG00000227386	1	many_to_many_DifferentNumber	ENSMUSG00000107978;ENSMUSG00000107993;ENSMUSG00000118645;ENSMUSG00000107619;ENSMUSG00000108236	0	NA	NA	NA	1
ENSG00000233824	1	many_to_many_DifferentNumber	ENSMUSG00000107978;ENSMUSG00000107993;ENSMUSG00000118645;ENSMUSG00000107619;ENSMUSG00000108236	0	NA	NA	NA	1
ENSG00000286725	1	many_to_many_DifferentNumber	ENSMUSG00000107978;ENSMUSG00000107993;ENSMUSG00000118645;ENSMUSG00000107619;ENSMUSG00000108236	0	NA	NA	NA	1
ENSG00000270933	1	many_to_many_DifferentNumber	ENSMUSG00000107978;ENSMUSG00000107993;ENSMUSG00000118645;ENSMUSG00000107619;ENSMUSG00000108236	0	NA	NA	NA	1
ENSG00000223561	1	many_to_many_DifferentNumber	ENSMUSG00000107978;ENSMUSG00000107993;ENSMUSG00000118645;ENSMUSG00000107619;ENSMUSG00000108236	0	NA	NA	NA	1
ENSG00000122548	1	many_to_one	ENSMUSG00000108145	0	NA	NA	NA	1
ENSG00000286507	1	many_to_one	ENSMUSG00000108145	0	NA	NA	NA	1
ENSG00000225792	1	many_to_one	ENSMUSG00000108145	0	NA	NA	NA	1
ENSG00000232790	1	many_to_one	ENSMUSG00000113875	0	NA	NA	NA	0
ENSG00000290069	1	many_to_one	ENSMUSG00000113875	0	NA	NA	NA	0
ENSG00000285592	1	one_to_one	ENSMUSG00000120574	0	NA	NA	NA	0
ENSG00000228421	1	many_to_many_DifferentNumber	ENSMUSG00000108175;ENSMUSG00000108255	1	one_to_many	lncgDivg	ENSMUSG00000108255;ENSMUSG00000108175	0
ENSG00000272568	1	many_to_many_DifferentNumber	ENSMUSG00000108175;ENSMUSG00000108255	0	NA	NA	NA	0
ENSG00000233517	1	many_to_many_DifferentNumber	ENSMUSG00000108175;ENSMUSG00000108255	0	NA	NA	NA	0
ENSG00000235728	1	many_to_one	ENSMUSG00000113313	0	NA	NA	NA	1
ENSG00000230831	1	many_to_one	ENSMUSG00000113313	0	NA	NA	NA	1
ENSG00000229424	1	many_to_one	ENSMUSG00000113313	0	NA	NA	NA	1
ENSG00000290087	1	many_to_one	ENSMUSG00000113313	0	NA	NA	NA	1
ENSG00000230539	1	many_to_one	ENSMUSG00000113183	0	NA	NA	NA	1
ENSG00000272984	1	many_to_one	ENSMUSG00000113183	0	NA	NA	NA	1
ENSG00000229452	1	many_to_one	ENSMUSG00000108060	1	many_to_one	lncgDivg	ENSMUSG00000108060	0
ENSG00000285412	1	many_to_one	ENSMUSG00000108060	1	many_to_one	lncgDivg	ENSMUSG00000108060	0
ENSG00000287651	1	many_to_many_DifferentNumber	ENSMUSG00000111275;ENSMUSG00000111866;ENSMUSG00000111751	0	NA	NA	NA	1
ENSG00000289335	1	many_to_many_DifferentNumber	ENSMUSG00000111275;ENSMUSG00000111866;ENSMUSG00000111751	1	one_to_one	lncgDivg	ENSMUSG00000111275	1
ENSG00000197085	1	many_to_one	ENSMUSG00000110848	1	one_to_one	lncgDivg	ENSMUSG00000085969	1
ENSG00000286300	1	many_to_one	ENSMUSG00000110848	0	NA	NA	NA	1
ENSG00000286847	1	many_to_one	ENSMUSG00000101651	0	NA	NA	NA	0
ENSG00000231519	1	many_to_one	ENSMUSG00000101651	0	NA	NA	NA	1
ENSG00000289251	1	one_to_one	ENSMUSG00000086808	0	NA	NA	NA	1
ENSG00000230680	1	many_to_one	ENSMUSG00000087637	0	NA	NA	NA	1
ENSG00000233539	1	many_to_one	ENSMUSG00000087637	0	NA	NA	NA	1
ENSG00000232072	1	many_to_one	ENSMUSG00000087637	0	NA	NA	NA	1
ENSG00000240355	1	many_to_one	ENSMUSG00000087637	0	NA	NA	NA	1
ENSG00000229192	1	many_to_one	ENSMUSG00000087637	0	NA	NA	NA	1
ENSG00000286315	1	many_to_one	ENSMUSG00000087637	0	NA	NA	NA	1
ENSG00000285741	1	many_to_one	ENSMUSG00000086584	0	NA	NA	NA	0
ENSG00000229403	1	many_to_one	ENSMUSG00000086584	0	NA	NA	NA	0
ENSG00000286987	1	many_to_one	ENSMUSG00000086584	0	NA	NA	NA	0
ENSG00000286908	1	many_to_one	ENSMUSG00000086584	0	NA	NA	NA	0
ENSG00000287039	1	many_to_one	ENSMUSG00000086584	0	NA	NA	NA	0
ENSG00000288798	1	many_to_one	ENSMUSG00000086584	0	NA	NA	NA	0
ENSG00000233960	1	one_to_many	ENSMUSG00000085452;ENSMUSG00000085561	0	NA	NA	NA	0
ENSG00000287488	1	many_to_many_DifferentNumber	ENSMUSG00000104718;ENSMUSG00000097626	0	NA	NA	NA	0
ENSG00000251276	1	many_to_many_DifferentNumber	ENSMUSG00000104718;ENSMUSG00000097626	1	many_to_one	lncgDivg	ENSMUSG00000097626	1
ENSG00000226978	1	many_to_many_DifferentNumber	ENSMUSG00000104718;ENSMUSG00000097626	1	many_to_one	lncgDivg	ENSMUSG00000097626	0
ENSG00000281120	1	many_to_many_DifferentNumber	ENSMUSG00000104718;ENSMUSG00000097626	1	many_to_one	lncgDivg	ENSMUSG00000097626	0
ENSG00000234456	1	many_to_many_DifferentNumber	ENSMUSG00000104718;ENSMUSG00000097626	1	many_to_one	lncgDivg	ENSMUSG00000097626	0
ENSG00000272950	1	one_to_many	ENSMUSG00000086894;ENSMUSG00000104600	0	NA	NA	NA	1
ENSG00000234826	1	one_to_one	ENSMUSG00000106874	0	NA	NA	NA	0
ENSG00000243345	1	many_to_many_sameNumber	ENSMUSG00000108025;ENSMUSG00000107022	0	NA	NA	NA	0
ENSG00000225535	1	many_to_many_sameNumber	ENSMUSG00000108025;ENSMUSG00000107022	0	NA	NA	NA	0
ENSG00000233607	1	many_to_one	ENSMUSG00000108295	0	NA	NA	NA	0
ENSG00000240973	1	many_to_one	ENSMUSG00000108295	0	NA	NA	NA	0
ENSG00000242072	1	many_to_one	ENSMUSG00000108295	0	NA	NA	NA	0
ENSG00000272768	1	one_to_one	ENSMUSG00000086839	1	one_to_one	lncgDivg	ENSMUSG00000086839	1
ENSG00000224322	1	one_to_many	ENSMUSG00000107895;ENSMUSG00000108062	0	NA	NA	NA	0
ENSG00000224746	1	one_to_one	ENSMUSG00000107341	0	NA	NA	NA	0
ENSG00000229660	1	one_to_one	ENSMUSG00000053121	0	NA	NA	NA	0
ENSG00000217825	1	many_to_one	ENSMUSG00000097673	0	NA	NA	NA	0
ENSG00000273117	1	many_to_one	ENSMUSG00000097673	1	one_to_one	lncgDivg	ENSMUSG00000097673	1
ENSG00000289248	1	many_to_one	ENSMUSG00000097673	0	NA	NA	NA	1
ENSG00000290007	1	many_to_one	ENSMUSG00000097673	0	NA	NA	NA	1
ENSG00000286013	1	many_to_one	ENSMUSG00000112865	1	one_to_one	lincConv	ENSMUSG00000112865	1
ENSG00000286076	1	many_to_one	ENSMUSG00000112865	0	NA	NA	NA	1
ENSG00000273320	1	many_to_one	ENSMUSG00000112865	0	NA	NA	NA	1
ENSG00000289630	1	one_to_one	ENSMUSG00000097616	1	one_to_one	lncgDivg	ENSMUSG00000097616	0
ENSG00000229196	1	one_to_one	ENSMUSG00000085470	0	NA	NA	NA	1
ENSG00000234352	1	one_to_many	ENSMUSG00000107110;ENSMUSG00000073154	0	NA	NA	NA	1
ENSG00000286214	1	many_to_many_sameNumber	ENSMUSG00000085321;ENSMUSG00000121179	1	many_to_one	lncgDivg	ENSMUSG00000121179	1
ENSG00000270953	1	many_to_many_sameNumber	ENSMUSG00000085321;ENSMUSG00000121179	1	many_to_one	lncgDivg	ENSMUSG00000121179	1
ENSG00000272604	1	one_to_many	ENSMUSG00000079143;ENSMUSG00000085664	0	NA	NA	NA	1
ENSG00000204990	1	many_to_many_DifferentNumber	ENSMUSG00000097406;ENSMUSG00000097484	1	many_to_many	lncgDivg	ENSMUSG00000097484;ENSMUSG00000097406	1
ENSG00000285841	1	many_to_many_DifferentNumber	ENSMUSG00000097406;ENSMUSG00000097484	1	many_to_many	lncgDivg	ENSMUSG00000097484;ENSMUSG00000097406	1
ENSG00000261629	1	many_to_many_DifferentNumber	ENSMUSG00000097406;ENSMUSG00000097484	1	many_to_many	lncgDivg	ENSMUSG00000097484;ENSMUSG00000097406	1
ENSG00000261570	1	many_to_many_DifferentNumber	ENSMUSG00000097406;ENSMUSG00000097484	0	NA	NA	NA	1
ENSG00000261797	1	many_to_many_DifferentNumber	ENSMUSG00000097406;ENSMUSG00000097484	0	NA	NA	NA	1
ENSG00000224375	1	one_to_one	ENSMUSG00000085187	0	NA	NA	NA	1
ENSG00000242048	1	many_to_many_DifferentNumber	ENSMUSG00000087314;ENSMUSG00000086446;ENSMUSG00000043833;ENSMUSG00000059631	1	many_to_many	lncgDivg	ENSMUSG00000059631;ENSMUSG00000086446;ENSMUSG00000087314;ENSMUSG00000043833	0
ENSG00000239911	1	many_to_many_DifferentNumber	ENSMUSG00000087314;ENSMUSG00000086446;ENSMUSG00000043833;ENSMUSG00000059631	1	many_to_many	lncgDivg	ENSMUSG00000059631;ENSMUSG00000086446;ENSMUSG00000087314;ENSMUSG00000043833	0
ENSG00000290095	1	many_to_many_DifferentNumber	ENSMUSG00000087314;ENSMUSG00000086446;ENSMUSG00000043833;ENSMUSG00000059631	1	many_to_many	lncgDivg	ENSMUSG00000059631;ENSMUSG00000086446;ENSMUSG00000087314;ENSMUSG00000043833	1
ENSG00000231419	1	one_to_one	ENSMUSG00000093765	0	NA	NA	NA	1
ENSG00000227658	1	many_to_many_DifferentNumber	ENSMUSG00000113224;ENSMUSG00000113038;ENSMUSG00000113322	0	NA	NA	NA	1
ENSG00000224017	1	many_to_many_DifferentNumber	ENSMUSG00000113224;ENSMUSG00000113038;ENSMUSG00000113322	0	NA	NA	NA	1
ENSG00000286458	1	one_to_many	ENSMUSG00000085382;ENSMUSG00000060411;ENSMUSG00000086834	0	NA	NA	NA	1
ENSG00000226851	1	one_to_one	ENSMUSG00000035983	0	NA	NA	NA	0
ENSG00000271122	1	many_to_one	ENSMUSG00000100002	1	one_to_one	lncgDivg	ENSMUSG00000100002	1
ENSG00000227544	1	many_to_one	ENSMUSG00000100002	0	NA	NA	NA	1
ENSG00000228878	1	one_to_one	ENSMUSG00000120169	1	one_to_one	lncgDivg	ENSMUSG00000120169	1
ENSG00000231951	1	many_to_one	ENSMUSG00000113100	0	NA	NA	NA	0
ENSG00000287584	1	many_to_one	ENSMUSG00000113100	1	many_to_one	lncgDivg	ENSMUSG00000113100	0
ENSG00000285904	1	one_to_one	ENSMUSG00000085058	1	one_to_one	lncgDivg	ENSMUSG00000085058	1
ENSG00000270823	1	one_to_one	ENSMUSG00000107825	1	many_to_one	lncgDivg	ENSMUSG00000107825	1
ENSG00000229688	1	one_to_one	ENSMUSG00000091007	1	many_to_one	lncgDivg	ENSMUSG00000091007	1
ENSG00000230733	1	one_to_one	ENSMUSG00000121070	1	one_to_one	lncgDivg	ENSMUSG00000121070	1
ENSG00000225144	1	many_to_many_DifferentNumber	ENSMUSG00000086720;ENSMUSG00000086675;ENSMUSG00000086763	1	many_to_many_strict	lncgDivg	ENSMUSG00000086720;ENSMUSG00000086763;ENSMUSG00000086675	0
ENSG00000223436	1	many_to_many_DifferentNumber	ENSMUSG00000086720;ENSMUSG00000086675;ENSMUSG00000086763	1	many_to_many_strict	lncgDivg	ENSMUSG00000086720;ENSMUSG00000086763;ENSMUSG00000086675	0
ENSG00000183470	1	many_to_many_DifferentNumber	ENSMUSG00000086720;ENSMUSG00000086675;ENSMUSG00000086763	1	many_to_many_strict	lncgDivg	ENSMUSG00000086720;ENSMUSG00000086763;ENSMUSG00000086675	0
ENSG00000225881	1	many_to_many_DifferentNumber	ENSMUSG00000086720;ENSMUSG00000086675;ENSMUSG00000086763	0	NA	NA	NA	0
ENSG00000227197	1	one_to_one	ENSMUSG00000085847	1	one_to_one	lncgDivg	ENSMUSG00000085847	0
ENSG00000232006	1	one_to_one	ENSMUSG00000113654	1	many_to_one	lncgDivg	ENSMUSG00000113654	0
ENSG00000224116	1	one_to_one	ENSMUSG00000113960	0	NA	NA	NA	1
ENSG00000289403	1	one_to_many	ENSMUSG00000113338;ENSMUSG00000114057	0	NA	NA	NA	1
ENSG00000286703	1	many_to_one	ENSMUSG00000097180	0	NA	NA	NA	0
ENSG00000228649	1	many_to_one	ENSMUSG00000097180	1	one_to_one	lincDivg	ENSMUSG00000097180	0
ENSG00000231476	1	many_to_one	ENSMUSG00000105335	1	one_to_one	lincSS.up	ENSMUSG00000105335	1
ENSG00000230487	1	many_to_one	ENSMUSG00000105335	0	NA	NA	NA	1
ENSG00000232533	1	one_to_one	ENSMUSG00000108033	1	one_to_one	lncgDivg	ENSMUSG00000108033	1
ENSG00000237243	1	one_to_one	ENSMUSG00000120046	1	one_to_one	lncgDivg	ENSMUSG00000120046	1
ENSG00000226869	1	many_to_many_DifferentNumber	ENSMUSG00000104866;ENSMUSG00000105254;ENSMUSG00000119996;ENSMUSG00000073147	1	one_to_many	lncgDivg	ENSMUSG00000104866;ENSMUSG00000105076	0
ENSG00000225329	1	many_to_many_DifferentNumber	ENSMUSG00000104866;ENSMUSG00000105254;ENSMUSG00000119996;ENSMUSG00000073147	0	NA	NA	NA	0
ENSG00000254003	1	many_to_one	ENSMUSG00000086528	1	one_to_one	lncgDivg	ENSMUSG00000086528	1
ENSG00000228113	1	many_to_one	ENSMUSG00000086528	0	NA	NA	NA	1
ENSG00000279418	1	many_to_one	ENSMUSG00000097726	0	NA	NA	NA	1
ENSG00000204876	1	many_to_one	ENSMUSG00000097726	0	NA	NA	NA	1
ENSG00000289588	1	many_to_one	ENSMUSG00000119967	0	NA	NA	NA	1
ENSG00000182648	1	many_to_one	ENSMUSG00000119967	1	many_to_one	lncgDivg	ENSMUSG00000119967	1
ENSG00000230033	1	one_to_one	ENSMUSG00000097561	0	NA	NA	NA	1
ENSG00000233429	1	one_to_one	ENSMUSG00000087658	1	one_to_one	lncgDivg	ENSMUSG00000087658	1
ENSG00000253552	1	one_to_many	ENSMUSG00000087626;ENSMUSG00000085696;ENSMUSG00000101451	1	many_to_one	lncgDivg	ENSMUSG00000087626	1
ENSG00000240990	1	one_to_one	ENSMUSG00000086427	1	one_to_one	lncgDivg	ENSMUSG00000086427	0
ENSG00000243766	1	one_to_one	ENSMUSG00000055408	1	one_to_one	lncgDivg	ENSMUSG00000055408	0
ENSG00000286323	1	many_to_one	ENSMUSG00000086126	0	NA	NA	NA	0
ENSG00000253308	1	many_to_one	ENSMUSG00000086126	1	many_to_one	lncgDivg	ENSMUSG00000086126	0
ENSG00000253405	1	many_to_one	ENSMUSG00000086126	1	many_to_one	lncgDivg	ENSMUSG00000086126	0
ENSG00000273069	1	one_to_one	ENSMUSG00000107076	0	NA	NA	NA	1
ENSG00000231764	1	one_to_many	ENSMUSG00000093675;ENSMUSG00000090063	1	one_to_one	lncgConv	ENSMUSG00000090063	1
ENSG00000230316	1	one_to_one	ENSMUSG00000120116	1	one_to_one	lncgDivg	ENSMUSG00000120116	1
ENSG00000225807	1	one_to_one	ENSMUSG00000079163	0	NA	NA	NA	0
ENSG00000287489	1	many_to_one	ENSMUSG00000107935	0	NA	NA	NA	0
ENSG00000234336	1	many_to_one	ENSMUSG00000107935	0	NA	NA	NA	0
ENSG00000285165	1	one_to_one	ENSMUSG00000073145	1	one_to_many	lncgDivg	ENSMUSG00000073145;ENSMUSG00000085652	0
ENSG00000226122	1	one_to_one	ENSMUSG00000086391	0	NA	NA	NA	1
ENSG00000231098	1	one_to_one	ENSMUSG00000087356	1	one_to_one	lncgConv	ENSMUSG00000087356	1
ENSG00000271522	1	many_to_many_DifferentNumber	ENSMUSG00000087312;ENSMUSG00000086931;ENSMUSG00000086855;ENSMUSG00000120745;ENSMUSG00000087380	0	NA	NA	NA	0
ENSG00000233559	1	many_to_many_DifferentNumber	ENSMUSG00000087312;ENSMUSG00000086931;ENSMUSG00000086855;ENSMUSG00000120745;ENSMUSG00000087380	0	NA	NA	NA	0
ENSG00000273319	1	many_to_many_DifferentNumber	ENSMUSG00000087312;ENSMUSG00000086931;ENSMUSG00000086855;ENSMUSG00000120745;ENSMUSG00000087380	0	NA	NA	NA	0
ENSG00000271204	1	many_to_many_DifferentNumber	ENSMUSG00000097998;ENSMUSG00000120648;ENSMUSG00000044471;ENSMUSG00000086212	0	NA	NA	NA	0
ENSG00000231721	1	many_to_many_DifferentNumber	ENSMUSG00000097998;ENSMUSG00000120648;ENSMUSG00000044471;ENSMUSG00000086212	1	many_to_one	lncgDivg	ENSMUSG00000086212	0
ENSG00000235503	1	one_to_one	ENSMUSG00000085352	0	NA	NA	NA	1
ENSG00000232415	1	one_to_one	ENSMUSG00000072573	1	one_to_one	lncgDivg	ENSMUSG00000107318	0
ENSG00000232956	1	one_to_one	ENSMUSG00000085156	1	one_to_one	lncgSS.up	ENSMUSG00000085156	1
ENSG00000182165	1	one_to_one	ENSMUSG00000114430	0	NA	NA	NA	1
ENSG00000291118	1	one_to_many	ENSMUSG00000097434;ENSMUSG00000107875	0	NA	NA	NA	1
ENSG00000230746	1	one_to_one	ENSMUSG00000107598	0	NA	NA	NA	0
ENSG00000214293	1	one_to_one	ENSMUSG00000101013	1	one_to_one	lncgDivg	ENSMUSG00000101013	1
ENSG00000241764	1	one_to_one	ENSMUSG00000099851	1	one_to_one	lncgDivg	ENSMUSG00000099851	1
ENSG00000223855	1	one_to_one	ENSMUSG00000075585	1	one_to_one	lncgDivg	ENSMUSG00000075585	1
ENSG00000223813	1	many_to_many_DifferentNumber	ENSMUSG00000087670;ENSMUSG00000086946;ENSMUSG00000073067;ENSMUSG00000121002	1	one_to_one	lncgConv	ENSMUSG00000073067	0
ENSG00000285081	1	many_to_many_DifferentNumber	ENSMUSG00000087670;ENSMUSG00000086946;ENSMUSG00000073067;ENSMUSG00000121002	0	NA	NA	NA	0
ENSG00000235669	1	many_to_many_DifferentNumber	ENSMUSG00000087670;ENSMUSG00000086946;ENSMUSG00000073067;ENSMUSG00000121002	1	one_to_many	lncgDivg	ENSMUSG00000087670;ENSMUSG00000121002;ENSMUSG00000086946	0
ENSG00000288881	1	many_to_one	ENSMUSG00000103108	0	NA	NA	NA	1
ENSG00000290319	1	many_to_one	ENSMUSG00000103108	1	one_to_one	lincSS.dw	ENSMUSG00000103108	0
ENSG00000244036	1	one_to_one	ENSMUSG00000084861	0	NA	NA	NA	1
ENSG00000272760	1	many_to_one	ENSMUSG00000120915	1	many_to_one	lncgDivg	ENSMUSG00000120915	0
ENSG00000273183	1	many_to_one	ENSMUSG00000120915	1	many_to_one	lncgDivg	ENSMUSG00000120915	0
ENSG00000273344	1	many_to_one	ENSMUSG00000120915	1	many_to_one	lncgDivg	ENSMUSG00000120915	1
ENSG00000287702	1	many_to_one	ENSMUSG00000043340	0	NA	NA	NA	0
ENSG00000287568	1	many_to_one	ENSMUSG00000043340	0	NA	NA	NA	0
ENSG00000236340	1	many_to_one	ENSMUSG00000043340	0	NA	NA	NA	0
ENSG00000289438	1	one_to_one	ENSMUSG00000029837	1	one_to_one	lncgDivg	ENSMUSG00000029837	1
ENSG00000286724	1	one_to_one	ENSMUSG00000087505	1	one_to_one	lncgConv	ENSMUSG00000087505	1
ENSG00000237311	1	many_to_one	ENSMUSG00000078122	0	NA	NA	NA	1
ENSG00000274536	1	many_to_one	ENSMUSG00000078122	1	one_to_one	lncgConv	ENSMUSG00000078122	1
ENSG00000234636	1	one_to_many	ENSMUSG00000085891;ENSMUSG00000120303;ENSMUSG00000087424	1	one_to_one	lncgDivg	ENSMUSG00000085891	0
ENSG00000289132	1	one_to_one	ENSMUSG00000086629	1	one_to_one	lncgDivg	ENSMUSG00000086629	1
ENSG00000260683	1	many_to_one	ENSMUSG00000085157	0	NA	NA	NA	0
ENSG00000225689	1	many_to_one	ENSMUSG00000085157	0	NA	NA	NA	0
ENSG00000223487	1	one_to_one	ENSMUSG00000086258	0	NA	NA	NA	0
ENSG00000227610	1	one_to_one	ENSMUSG00000120773	1	one_to_one	lncgDivg	ENSMUSG00000120773	1
ENSG00000228659	1	one_to_many	ENSMUSG00000087369;ENSMUSG00000086948	0	NA	NA	NA	1
ENSG00000237863	1	one_to_one	ENSMUSG00000086426	1	one_to_one	lncgDivg	ENSMUSG00000086426	1
ENSG00000236393	1	many_to_one	ENSMUSG00000121006	0	NA	NA	NA	1
ENSG00000288856	1	many_to_one	ENSMUSG00000121006	1	one_to_one	lncgDivg	ENSMUSG00000121006	1
ENSG00000283638	1	one_to_one	ENSMUSG00000086173	1	one_to_one	lincDivg	ENSMUSG00000086173	1
ENSG00000223749	1	one_to_many	ENSMUSG00000101603;ENSMUSG00000087365	1	one_to_many	lincSS.dw	ENSMUSG00000087365;ENSMUSG00000101603	0
ENSG00000237331	1	many_to_one	ENSMUSG00000120132	0	NA	NA	NA	1
ENSG00000232412	1	many_to_one	ENSMUSG00000120132	1	one_to_one	lncgDivg	ENSMUSG00000120132	1
ENSG00000237836	1	one_to_one	ENSMUSG00000085695	0	NA	NA	NA	1
ENSG00000232828	1	one_to_one	ENSMUSG00000087193	1	one_to_one	lncgConv	ENSMUSG00000087193	0
ENSG00000284391	1	one_to_one	ENSMUSG00000085314	1	one_to_one	lncgConv	ENSMUSG00000085314	1
ENSG00000204620	1	one_to_one	ENSMUSG00000055188	1	many_to_one	lncgDivg	ENSMUSG00000055188	1
ENSG00000228427	1	one_to_one	ENSMUSG00000120504	1	one_to_one	lincConv	ENSMUSG00000120504	1
ENSG00000289864	1	one_to_one	ENSMUSG00000087155	0	NA	NA	NA	0
ENSG00000233093	1	one_to_one	ENSMUSG00000085808	1	one_to_one	lincSS.up	ENSMUSG00000085808	1
ENSG00000230153	1	one_to_one	ENSMUSG00000085284	0	NA	NA	NA	0
ENSG00000232183	1	many_to_one	ENSMUSG00000120929	1	many_to_one	lncgDivg	ENSMUSG00000120929	0
ENSG00000226031	1	many_to_one	ENSMUSG00000120929	1	many_to_one	lncgDivg	ENSMUSG00000120929	0
ENSG00000275427	1	many_to_one	ENSMUSG00000084945	1	many_to_one	lncgDivg	ENSMUSG00000084945	1
ENSG00000260721	1	many_to_one	ENSMUSG00000084945	1	many_to_one	lncgDivg	ENSMUSG00000084945	1
ENSG00000253267	1	many_to_one	ENSMUSG00000084945	1	many_to_one	lncgDivg	ENSMUSG00000084945	1
ENSG00000254160	1	many_to_one	ENSMUSG00000084945	1	many_to_one	lncgDivg	ENSMUSG00000084945	1
ENSG00000282759	1	many_to_one	ENSMUSG00000084945	1	many_to_one	lncgDivg	ENSMUSG00000084945	1
ENSG00000254340	1	many_to_many_DifferentNumber	ENSMUSG00000110314;ENSMUSG00000109688;ENSMUSG00000109698;ENSMUSG00000109717	1	many_to_one	lncgDivg	ENSMUSG00000109698	1
ENSG00000279949	1	many_to_many_DifferentNumber	ENSMUSG00000110314;ENSMUSG00000109688;ENSMUSG00000109698;ENSMUSG00000109717	0	NA	NA	NA	1
ENSG00000248538	1	many_to_many_DifferentNumber	ENSMUSG00000110314;ENSMUSG00000109688;ENSMUSG00000109698;ENSMUSG00000109717	1	many_to_one	lncgDivg	ENSMUSG00000109698	1
ENSG00000272267	1	many_to_many_sameNumber	ENSMUSG00000110130;ENSMUSG00000109773;ENSMUSG00000109607;ENSMUSG00000120616;ENSMUSG00000054247	1	one_to_one	lncgDivg	ENSMUSG00000054247	1
ENSG00000253252	1	many_to_many_sameNumber	ENSMUSG00000110130;ENSMUSG00000109773;ENSMUSG00000109607;ENSMUSG00000120616;ENSMUSG00000054247	0	NA	NA	NA	1
ENSG00000254237	1	many_to_many_sameNumber	ENSMUSG00000110130;ENSMUSG00000109773;ENSMUSG00000109607;ENSMUSG00000120616;ENSMUSG00000054247	0	NA	NA	NA	1
ENSG00000253887	1	many_to_many_sameNumber	ENSMUSG00000110130;ENSMUSG00000109773;ENSMUSG00000109607;ENSMUSG00000120616;ENSMUSG00000054247	0	NA	NA	NA	1
ENSG00000253735	1	many_to_many_sameNumber	ENSMUSG00000110130;ENSMUSG00000109773;ENSMUSG00000109607;ENSMUSG00000120616;ENSMUSG00000054247	0	NA	NA	NA	1
ENSG00000270076	1	one_to_one	ENSMUSG00000087652	1	one_to_one	lncgDivg	ENSMUSG00000087652	1
ENSG00000285861	1	many_to_many_DifferentNumber	ENSMUSG00000085150;ENSMUSG00000087363	1	many_to_many	lncgDivg	ENSMUSG00000085150;ENSMUSG00000087363	1
ENSG00000286934	1	many_to_many_DifferentNumber	ENSMUSG00000085150;ENSMUSG00000087363	1	many_to_many	lncgDivg	ENSMUSG00000085150;ENSMUSG00000087363	1
ENSG00000288110	1	many_to_many_DifferentNumber	ENSMUSG00000085150;ENSMUSG00000087363	1	many_to_many	lncgDivg	ENSMUSG00000085150;ENSMUSG00000087363	1
ENSG00000285977	1	many_to_many_DifferentNumber	ENSMUSG00000085150;ENSMUSG00000087363	1	many_to_many	lncgDivg	ENSMUSG00000085150;ENSMUSG00000087363	1
ENSG00000286969	1	many_to_one	ENSMUSG00000110056	0	NA	NA	NA	0
ENSG00000253189	1	many_to_one	ENSMUSG00000110056	0	NA	NA	NA	1
ENSG00000253880	1	many_to_one	ENSMUSG00000110056	0	NA	NA	NA	1
ENSG00000253510	1	many_to_one	ENSMUSG00000110056	0	NA	NA	NA	1
ENSG00000253162	1	many_to_one	ENSMUSG00000110056	0	NA	NA	NA	1
ENSG00000254007	1	many_to_one	ENSMUSG00000110056	0	NA	NA	NA	0
ENSG00000246089	1	many_to_one	ENSMUSG00000110056	1	many_to_one	lncgDivg	ENSMUSG00000087300	1
ENSG00000187229	1	many_to_one	ENSMUSG00000087266	1	many_to_one	lncgDivg	ENSMUSG00000087266	1
ENSG00000254242	1	many_to_one	ENSMUSG00000087266	0	NA	NA	NA	1
ENSG00000253335	1	many_to_one	ENSMUSG00000087266	1	many_to_one	lncgDivg	ENSMUSG00000087266	1
ENSG00000254201	1	many_to_one	ENSMUSG00000087266	0	NA	NA	NA	1
ENSG00000253184	1	one_to_one	ENSMUSG00000120126	0	NA	NA	NA	0
ENSG00000282686	1	many_to_many_DifferentNumber	ENSMUSG00000110286;ENSMUSG00000109748;ENSMUSG00000110392;ENSMUSG00000110217	0	NA	NA	NA	0
ENSG00000253855	1	many_to_many_DifferentNumber	ENSMUSG00000110286;ENSMUSG00000109748;ENSMUSG00000110392;ENSMUSG00000110217	0	NA	NA	NA	0
ENSG00000288580	1	many_to_many_DifferentNumber	ENSMUSG00000110286;ENSMUSG00000109748;ENSMUSG00000110392;ENSMUSG00000110217	0	NA	NA	NA	0
ENSG00000253853	1	many_to_many_DifferentNumber	ENSMUSG00000110286;ENSMUSG00000109748;ENSMUSG00000110392;ENSMUSG00000110217	0	NA	NA	NA	0
ENSG00000288782	1	many_to_many_DifferentNumber	ENSMUSG00000110286;ENSMUSG00000109748;ENSMUSG00000110392;ENSMUSG00000110217	1	one_to_one	lincSS.dw	ENSMUSG00000110286	0
ENSG00000289036	1	many_to_many_DifferentNumber	ENSMUSG00000110286;ENSMUSG00000109748;ENSMUSG00000110392;ENSMUSG00000110217	0	NA	NA	NA	0
ENSG00000287740	1	many_to_many_DifferentNumber	ENSMUSG00000109886;ENSMUSG00000110356	0	NA	NA	NA	0
ENSG00000253444	1	many_to_many_DifferentNumber	ENSMUSG00000109886;ENSMUSG00000110356	0	NA	NA	NA	0
ENSG00000277526	1	many_to_many_DifferentNumber	ENSMUSG00000109886;ENSMUSG00000110356	0	NA	NA	NA	0
ENSG00000254319	1	many_to_many_DifferentNumber	ENSMUSG00000109886;ENSMUSG00000110356	0	NA	NA	NA	0
ENSG00000282142	1	many_to_many_DifferentNumber	ENSMUSG00000109886;ENSMUSG00000110356	0	NA	NA	NA	0
ENSG00000287970	1	many_to_many_DifferentNumber	ENSMUSG00000109886;ENSMUSG00000110356	0	NA	NA	NA	1
ENSG00000253130	1	many_to_one	ENSMUSG00000109761	0	NA	NA	NA	0
ENSG00000286910	1	many_to_one	ENSMUSG00000109761	1	many_to_one	lincSS.up	ENSMUSG00000109761	0
ENSG00000253774	1	many_to_one	ENSMUSG00000109761	0	NA	NA	NA	0
ENSG00000289622	1	many_to_one	ENSMUSG00000109761	1	many_to_one	lincSS.up	ENSMUSG00000109761	0
ENSG00000253125	1	many_to_one	ENSMUSG00000114446	0	NA	NA	NA	0
ENSG00000289521	1	many_to_one	ENSMUSG00000114446	0	NA	NA	NA	0
ENSG00000254575	1	one_to_one	ENSMUSG00000110236	1	one_to_one	lncgDivg	ENSMUSG00000110236	1
ENSG00000255076	1	one_to_one	ENSMUSG00000121133	0	NA	NA	NA	0
ENSG00000251034	1	one_to_one	ENSMUSG00000115186	0	NA	NA	NA	1
ENSG00000253490	1	many_to_many_sameNumber	ENSMUSG00000109964;ENSMUSG00000110178;ENSMUSG00000110369;ENSMUSG00000109819;ENSMUSG00000109846;ENSMUSG00000120666;ENSMUSG00000120180	0	NA	NA	NA	0
ENSG00000253604	1	many_to_many_sameNumber	ENSMUSG00000109964;ENSMUSG00000110178;ENSMUSG00000110369;ENSMUSG00000109819;ENSMUSG00000109846;ENSMUSG00000120666;ENSMUSG00000120180	0	NA	NA	NA	0
ENSG00000253632	1	many_to_many_sameNumber	ENSMUSG00000109964;ENSMUSG00000110178;ENSMUSG00000110369;ENSMUSG00000109819;ENSMUSG00000109846;ENSMUSG00000120666;ENSMUSG00000120180	0	NA	NA	NA	0
ENSG00000253279	1	many_to_many_sameNumber	ENSMUSG00000109964;ENSMUSG00000110178;ENSMUSG00000110369;ENSMUSG00000109819;ENSMUSG00000109846;ENSMUSG00000120666;ENSMUSG00000120180	0	NA	NA	NA	0
ENSG00000253182	1	many_to_many_sameNumber	ENSMUSG00000109964;ENSMUSG00000110178;ENSMUSG00000110369;ENSMUSG00000109819;ENSMUSG00000109846;ENSMUSG00000120666;ENSMUSG00000120180	0	NA	NA	NA	0
ENSG00000285601	1	many_to_many_sameNumber	ENSMUSG00000109964;ENSMUSG00000110178;ENSMUSG00000110369;ENSMUSG00000109819;ENSMUSG00000109846;ENSMUSG00000120666;ENSMUSG00000120180	1	one_to_one	lncgDivg	ENSMUSG00000120180	0
ENSG00000254086	1	many_to_many_sameNumber	ENSMUSG00000109964;ENSMUSG00000110178;ENSMUSG00000110369;ENSMUSG00000109819;ENSMUSG00000109846;ENSMUSG00000120666;ENSMUSG00000120180	0	NA	NA	NA	0
ENSG00000248964	1	many_to_many_sameNumber	ENSMUSG00000110015;ENSMUSG00000100605;ENSMUSG00000109880;ENSMUSG00000120243	0	NA	NA	NA	0
ENSG00000251191	1	many_to_many_sameNumber	ENSMUSG00000110015;ENSMUSG00000100605;ENSMUSG00000109880;ENSMUSG00000120243	0	NA	NA	NA	0
ENSG00000288964	1	many_to_many_sameNumber	ENSMUSG00000110015;ENSMUSG00000100605;ENSMUSG00000109880;ENSMUSG00000120243	0	NA	NA	NA	0
ENSG00000260253	1	many_to_many_sameNumber	ENSMUSG00000110015;ENSMUSG00000100605;ENSMUSG00000109880;ENSMUSG00000120243	1	one_to_one	lncgSS.up	ENSMUSG00000120243	0
ENSG00000286798	1	one_to_one	ENSMUSG00000110285	0	NA	NA	NA	1
ENSG00000254753	1	one_to_one	ENSMUSG00000110312	0	NA	NA	NA	1
ENSG00000287152	1	many_to_many_sameNumber	ENSMUSG00000110180;ENSMUSG00000109666;ENSMUSG00000110006;ENSMUSG00000110223;ENSMUSG00000121403	0	NA	NA	NA	0
ENSG00000253108	1	many_to_many_sameNumber	ENSMUSG00000110180;ENSMUSG00000109666;ENSMUSG00000110006;ENSMUSG00000110223;ENSMUSG00000121403	0	NA	NA	NA	0
ENSG00000253642	1	many_to_many_sameNumber	ENSMUSG00000110180;ENSMUSG00000109666;ENSMUSG00000110006;ENSMUSG00000110223;ENSMUSG00000121403	0	NA	NA	NA	0
ENSG00000254302	1	many_to_many_sameNumber	ENSMUSG00000110180;ENSMUSG00000109666;ENSMUSG00000110006;ENSMUSG00000110223;ENSMUSG00000121403	0	NA	NA	NA	0
ENSG00000254344	1	many_to_many_sameNumber	ENSMUSG00000110180;ENSMUSG00000109666;ENSMUSG00000110006;ENSMUSG00000110223;ENSMUSG00000121403	0	NA	NA	NA	0
ENSG00000254033	1	many_to_one	ENSMUSG00000097044	0	NA	NA	NA	0
ENSG00000254194	1	many_to_one	ENSMUSG00000097044	0	NA	NA	NA	0
ENSG00000253100	1	many_to_many_DifferentNumber	ENSMUSG00000075549;ENSMUSG00000093386;ENSMUSG00000093472;ENSMUSG00000093634;ENSMUSG00000093726	0	NA	NA	NA	1
ENSG00000253342	1	many_to_many_DifferentNumber	ENSMUSG00000075549;ENSMUSG00000093386;ENSMUSG00000093472;ENSMUSG00000093634;ENSMUSG00000093726	0	NA	NA	NA	1
ENSG00000289357	1	many_to_many_DifferentNumber	ENSMUSG00000075549;ENSMUSG00000093386;ENSMUSG00000093472;ENSMUSG00000093634;ENSMUSG00000093726	1	one_to_one	lncgSS.dw	ENSMUSG00000093726	1
ENSG00000285890	1	many_to_one	ENSMUSG00000114744	1	one_to_one	lincSS.dw	ENSMUSG00000114744	1
ENSG00000254178	1	many_to_one	ENSMUSG00000114744	0	NA	NA	NA	1
ENSG00000285669	1	many_to_one	ENSMUSG00000098166	0	NA	NA	NA	0
ENSG00000272375	1	many_to_one	ENSMUSG00000098166	0	NA	NA	NA	0
ENSG00000287590	1	many_to_many_sameNumber	ENSMUSG00000097442;ENSMUSG00000110663;ENSMUSG00000054618	1	one_to_one	lincConv	ENSMUSG00000054618	0
ENSG00000253708	1	many_to_many_sameNumber	ENSMUSG00000097442;ENSMUSG00000110663;ENSMUSG00000054618	0	NA	NA	NA	1
ENSG00000254109	1	many_to_many_sameNumber	ENSMUSG00000097442;ENSMUSG00000110663;ENSMUSG00000054618	1	one_to_one	lncgDivg	ENSMUSG00000097442	0
ENSG00000253354	1	many_to_one	ENSMUSG00000109299	0	NA	NA	NA	0
ENSG00000254143	1	many_to_one	ENSMUSG00000109299	1	one_to_one	lincSS.dw	ENSMUSG00000109299	0
ENSG00000289853	1	many_to_one	ENSMUSG00000109299	0	NA	NA	NA	0
ENSG00000253802	1	many_to_many_DifferentNumber	ENSMUSG00000053979;ENSMUSG00000109419;ENSMUSG00000109141;ENSMUSG00000097654	0	NA	NA	NA	0
ENSG00000272479	1	many_to_many_DifferentNumber	ENSMUSG00000053979;ENSMUSG00000109419;ENSMUSG00000109141;ENSMUSG00000097654	1	one_to_many	lincSS.dw	ENSMUSG00000109419;ENSMUSG00000053979	0
ENSG00000272024	1	many_to_one	ENSMUSG00000120372	0	NA	NA	NA	0
ENSG00000228801	1	many_to_one	ENSMUSG00000120372	1	one_to_one	lncgDivg	ENSMUSG00000120372	1
ENSG00000253844	1	many_to_one	ENSMUSG00000120372	0	NA	NA	NA	1
ENSG00000254254	1	one_to_one	ENSMUSG00000085996	1	one_to_one	lncgDivg	ENSMUSG00000085996	1
ENSG00000253695	1	one_to_one	ENSMUSG00000120039	1	one_to_one	lncgDivg	ENSMUSG00000120039	1
ENSG00000254222	1	many_to_many_sameNumber	ENSMUSG00000087564;ENSMUSG00000086233	1	many_to_many_strict	lncgDivg	ENSMUSG00000087564;ENSMUSG00000086233	1
ENSG00000253711	1	many_to_many_sameNumber	ENSMUSG00000087564;ENSMUSG00000086233	1	many_to_many_strict	lncgDivg	ENSMUSG00000087564;ENSMUSG00000086233	1
ENSG00000253879	1	many_to_many_sameNumber	ENSMUSG00000086052;ENSMUSG00000086070;ENSMUSG00000085630	0	NA	NA	NA	0
ENSG00000254775	1	many_to_many_sameNumber	ENSMUSG00000086052;ENSMUSG00000086070;ENSMUSG00000085630	0	NA	NA	NA	0
ENSG00000167912	1	many_to_many_sameNumber	ENSMUSG00000086052;ENSMUSG00000086070;ENSMUSG00000085630	1	one_to_one	lncgDivg	ENSMUSG00000086052	0
ENSG00000215117	1	many_to_one	ENSMUSG00000086066	0	NA	NA	NA	1
ENSG00000253871	1	many_to_one	ENSMUSG00000086066	0	NA	NA	NA	1
ENSG00000253301	1	many_to_one	ENSMUSG00000086066	0	NA	NA	NA	1
ENSG00000253614	1	many_to_one	ENSMUSG00000086066	0	NA	NA	NA	0
ENSG00000253821	1	many_to_one	ENSMUSG00000086066	0	NA	NA	NA	1
ENSG00000205293	1	many_to_one	ENSMUSG00000086066	0	NA	NA	NA	1
ENSG00000254139	1	many_to_one	ENSMUSG00000086066	0	NA	NA	NA	1
ENSG00000287301	1	many_to_one	ENSMUSG00000086066	0	NA	NA	NA	0
ENSG00000253322	1	many_to_one	ENSMUSG00000087099	0	NA	NA	NA	1
ENSG00000253376	1	many_to_one	ENSMUSG00000087099	1	one_to_one	lincDivg	ENSMUSG00000087099	1
ENSG00000253659	1	many_to_one	ENSMUSG00000097804	0	NA	NA	NA	1
ENSG00000285744	1	many_to_one	ENSMUSG00000097804	1	one_to_one	lncgDivg	ENSMUSG00000097804	1
ENSG00000261618	1	many_to_one	ENSMUSG00000097804	0	NA	NA	NA	1
ENSG00000253302	1	many_to_one	ENSMUSG00000100868	1	one_to_one	lncgConv	ENSMUSG00000100868	1
ENSG00000253339	1	many_to_one	ENSMUSG00000100868	0	NA	NA	NA	1
ENSG00000260317	1	one_to_one	ENSMUSG00000097365	0	NA	NA	NA	0
ENSG00000254330	1	many_to_many_DifferentNumber	ENSMUSG00000102886;ENSMUSG00000102699	0	NA	NA	NA	0
ENSG00000254006	1	many_to_many_DifferentNumber	ENSMUSG00000102886;ENSMUSG00000102699	0	NA	NA	NA	0
ENSG00000272010	1	many_to_many_DifferentNumber	ENSMUSG00000102886;ENSMUSG00000102699	0	NA	NA	NA	0
ENSG00000254081	1	many_to_many_DifferentNumber	ENSMUSG00000102886;ENSMUSG00000102699	0	NA	NA	NA	0
ENSG00000280725	1	many_to_many_DifferentNumber	ENSMUSG00000102886;ENSMUSG00000102699	0	NA	NA	NA	0
ENSG00000254177	1	many_to_many_DifferentNumber	ENSMUSG00000089794;ENSMUSG00000120107	1	many_to_one	lncgDivg	ENSMUSG00000089794	1
ENSG00000254060	1	many_to_many_DifferentNumber	ENSMUSG00000089794;ENSMUSG00000120107	1	many_to_one	lncgDivg	ENSMUSG00000089794	1
ENSG00000289242	1	many_to_many_DifferentNumber	ENSMUSG00000089794;ENSMUSG00000120107	1	many_to_one	lincDivg	ENSMUSG00000120107	1
ENSG00000253214	1	many_to_many_DifferentNumber	ENSMUSG00000089794;ENSMUSG00000120107	1	many_to_one	lincDivg	ENSMUSG00000120107	1
ENSG00000253983	1	many_to_one	ENSMUSG00000101640	0	NA	NA	NA	0
ENSG00000254288	1	many_to_one	ENSMUSG00000101640	0	NA	NA	NA	0
ENSG00000253115	1	many_to_one	ENSMUSG00000101640	0	NA	NA	NA	0
ENSG00000253238	1	many_to_one	ENSMUSG00000103116	1	one_to_one	lincDivg	ENSMUSG00000103116	1
ENSG00000254205	1	many_to_one	ENSMUSG00000103116	0	NA	NA	NA	0
ENSG00000271167	1	many_to_many_DifferentNumber	ENSMUSG00000096922;ENSMUSG00000098659	0	NA	NA	NA	0
ENSG00000254300	1	many_to_many_DifferentNumber	ENSMUSG00000096922;ENSMUSG00000098659	0	NA	NA	NA	0
ENSG00000270866	1	many_to_many_DifferentNumber	ENSMUSG00000096922;ENSMUSG00000098659	0	NA	NA	NA	0
ENSG00000253681	1	many_to_one	ENSMUSG00000086224	0	NA	NA	NA	0
ENSG00000287352	1	many_to_one	ENSMUSG00000086224	0	NA	NA	NA	0
ENSG00000253661	1	many_to_one	ENSMUSG00000086224	1	one_to_one	lncgDivg	ENSMUSG00000086224	0
ENSG00000253836	1	many_to_many_DifferentNumber	ENSMUSG00000104015;ENSMUSG00000102215	0	NA	NA	NA	1
ENSG00000253503	1	many_to_many_DifferentNumber	ENSMUSG00000104015;ENSMUSG00000102215	0	NA	NA	NA	1
ENSG00000254123	1	many_to_many_DifferentNumber	ENSMUSG00000104015;ENSMUSG00000102215	0	NA	NA	NA	1
ENSG00000254020	1	many_to_one	ENSMUSG00000086227	0	NA	NA	NA	0
ENSG00000253682	1	many_to_one	ENSMUSG00000086227	0	NA	NA	NA	0
ENSG00000253634	1	many_to_one	ENSMUSG00000086227	0	NA	NA	NA	0
ENSG00000288005	1	many_to_one	ENSMUSG00000086227	0	NA	NA	NA	0
ENSG00000248858	1	many_to_one	ENSMUSG00000086227	0	NA	NA	NA	0
ENSG00000253749	1	many_to_one	ENSMUSG00000086227	0	NA	NA	NA	0
ENSG00000246662	1	many_to_one	ENSMUSG00000085909	0	NA	NA	NA	0
ENSG00000253960	1	many_to_one	ENSMUSG00000085909	0	NA	NA	NA	0
ENSG00000279847	1	many_to_one	ENSMUSG00000085909	0	NA	NA	NA	0
ENSG00000270077	1	one_to_one	ENSMUSG00000120284	1	one_to_one	lncgSS.dw	ENSMUSG00000120284	1
ENSG00000272249	1	many_to_one	ENSMUSG00000115779	0	NA	NA	NA	0
ENSG00000260640	1	many_to_one	ENSMUSG00000115779	0	NA	NA	NA	1
ENSG00000253872	1	one_to_many	ENSMUSG00000086080;ENSMUSG00000086455	0	NA	NA	NA	0
ENSG00000253658	1	many_to_one	ENSMUSG00000101314	0	NA	NA	NA	1
ENSG00000254337	1	many_to_one	ENSMUSG00000101314	0	NA	NA	NA	1
ENSG00000253479	1	many_to_one	ENSMUSG00000101314	1	one_to_one	lincDivg	ENSMUSG00000101314	1
ENSG00000253373	1	many_to_one	ENSMUSG00000101314	0	NA	NA	NA	1
ENSG00000235531	1	many_to_one	ENSMUSG00000054493	0	NA	NA	NA	1
ENSG00000254277	1	many_to_one	ENSMUSG00000054493	0	NA	NA	NA	1
ENSG00000249328	1	one_to_one	ENSMUSG00000103346	0	NA	NA	NA	1
ENSG00000253553	1	one_to_many	ENSMUSG00000085478;ENSMUSG00000120707	0	NA	NA	NA	1
ENSG00000271156	1	many_to_many_DifferentNumber	ENSMUSG00000086072;ENSMUSG00000085112	0	NA	NA	NA	1
ENSG00000286984	1	many_to_many_DifferentNumber	ENSMUSG00000086072;ENSMUSG00000085112	0	NA	NA	NA	1
ENSG00000251136	1	many_to_many_DifferentNumber	ENSMUSG00000086072;ENSMUSG00000085112	1	one_to_one	lncgDivg	ENSMUSG00000085112	1
ENSG00000253737	1	many_to_many_DifferentNumber	ENSMUSG00000115750;ENSMUSG00000115333	1	many_to_one	lincConv	ENSMUSG00000115333	0
ENSG00000253355	1	many_to_many_DifferentNumber	ENSMUSG00000115750;ENSMUSG00000115333	1	many_to_one	lincConv	ENSMUSG00000115333	0
ENSG00000248599	1	many_to_many_DifferentNumber	ENSMUSG00000115750;ENSMUSG00000115333	1	one_to_one	lincDivg	ENSMUSG00000115750	0
ENSG00000253395	1	many_to_many_DifferentNumber	ENSMUSG00000115430;ENSMUSG00000120545;ENSMUSG00000072618	1	many_to_one	lincSS.dw	ENSMUSG00000115430	0
ENSG00000261087	1	many_to_many_DifferentNumber	ENSMUSG00000115430;ENSMUSG00000120545;ENSMUSG00000072618	1	many_to_one	lincSS.dw	ENSMUSG00000115430	0
ENSG00000255402	1	many_to_many_DifferentNumber	ENSMUSG00000099751;ENSMUSG00000051198	0	NA	NA	NA	0
ENSG00000287942	1	many_to_many_DifferentNumber	ENSMUSG00000099751;ENSMUSG00000051198	0	NA	NA	NA	0
ENSG00000253717	1	many_to_many_DifferentNumber	ENSMUSG00000099751;ENSMUSG00000051198	0	NA	NA	NA	0
ENSG00000253434	1	many_to_many_DifferentNumber	ENSMUSG00000099751;ENSMUSG00000051198	0	NA	NA	NA	0
ENSG00000253122	1	many_to_many_DifferentNumber	ENSMUSG00000099751;ENSMUSG00000051198	0	NA	NA	NA	0
ENSG00000253489	1	many_to_one	ENSMUSG00000115177	0	NA	NA	NA	0
ENSG00000253103	1	many_to_one	ENSMUSG00000115177	0	NA	NA	NA	0
ENSG00000253877	1	many_to_one	ENSMUSG00000115177	0	NA	NA	NA	0
ENSG00000253956	1	many_to_one	ENSMUSG00000115177	0	NA	NA	NA	0
ENSG00000286308	1	many_to_one	ENSMUSG00000115241	0	NA	NA	NA	1
ENSG00000253622	1	many_to_one	ENSMUSG00000115241	0	NA	NA	NA	1
ENSG00000254777	1	many_to_one	ENSMUSG00000120700	1	many_to_one	lincSS.dw	ENSMUSG00000120700	1
ENSG00000287975	1	many_to_one	ENSMUSG00000120700	1	many_to_one	lincSS.dw	ENSMUSG00000120700	1
ENSG00000271882	1	many_to_one	ENSMUSG00000097259	1	one_to_one	lncgDivg	ENSMUSG00000097259	0
ENSG00000253282	1	many_to_one	ENSMUSG00000097259	0	NA	NA	NA	0
ENSG00000254024	1	many_to_one	ENSMUSG00000089804	1	many_to_many_strict	lncgDivg	ENSMUSG00000089804;ENSMUSG00000089949	0
ENSG00000254084	1	many_to_one	ENSMUSG00000089804	0	NA	NA	NA	0
ENSG00000253644	1	many_to_one	ENSMUSG00000089804	0	NA	NA	NA	0
ENSG00000253679	1	many_to_one	ENSMUSG00000089804	0	NA	NA	NA	0
ENSG00000287479	1	many_to_one	ENSMUSG00000089804	0	NA	NA	NA	0
ENSG00000289048	1	many_to_one	ENSMUSG00000089804	1	many_to_many_strict	lncgDivg	ENSMUSG00000089804;ENSMUSG00000089949	0
ENSG00000287654	1	one_to_many	ENSMUSG00000115428;ENSMUSG00000121114	1	one_to_one	lncgDivg	ENSMUSG00000121114	1
ENSG00000254057	1	one_to_many	ENSMUSG00000085467;ENSMUSG00000085614	0	NA	NA	NA	1
ENSG00000227170	1	many_to_one	ENSMUSG00000115339	0	NA	NA	NA	0
ENSG00000287826	1	many_to_one	ENSMUSG00000115339	0	NA	NA	NA	0
ENSG00000253672	1	many_to_many_sameNumber	ENSMUSG00000115654;ENSMUSG00000115563	0	NA	NA	NA	0
ENSG00000249917	1	many_to_many_sameNumber	ENSMUSG00000115654;ENSMUSG00000115563	0	NA	NA	NA	0
ENSG00000254000	1	many_to_one	ENSMUSG00000093677	0	NA	NA	NA	0
ENSG00000181171	1	many_to_one	ENSMUSG00000093677	0	NA	NA	NA	1
ENSG00000254249	1	many_to_one	ENSMUSG00000093677	0	NA	NA	NA	1
ENSG00000253868	1	many_to_one	ENSMUSG00000093677	0	NA	NA	NA	1
ENSG00000214803	1	many_to_one	ENSMUSG00000093677	0	NA	NA	NA	1
ENSG00000286878	1	one_to_one	ENSMUSG00000116324	0	NA	NA	NA	1
ENSG00000248318	1	many_to_many_DifferentNumber	ENSMUSG00000115200;ENSMUSG00000115361	0	NA	NA	NA	1
ENSG00000253619	1	many_to_many_DifferentNumber	ENSMUSG00000115200;ENSMUSG00000115361	1	one_to_many	lincDivg	ENSMUSG00000115361;ENSMUSG00000115200	0
ENSG00000272502	1	many_to_many_DifferentNumber	ENSMUSG00000115200;ENSMUSG00000115361	0	NA	NA	NA	0
ENSG00000253471	1	one_to_one	ENSMUSG00000092499	1	one_to_one	lncgDivg	ENSMUSG00000092499	1
ENSG00000245330	1	one_to_one	ENSMUSG00000053749	1	one_to_one	lncgDivg	ENSMUSG00000053749	0
ENSG00000253967	1	many_to_one	ENSMUSG00000101476	0	NA	NA	NA	1
ENSG00000288966	1	many_to_one	ENSMUSG00000101476	1	one_to_one	lncgDivg	ENSMUSG00000101476	1
ENSG00000253851	1	many_to_many_sameNumber	ENSMUSG00000114994;ENSMUSG00000097875	1	many_to_one	lncgDivg	ENSMUSG00000114994	1
ENSG00000247081	1	many_to_many_sameNumber	ENSMUSG00000114994;ENSMUSG00000097875	1	many_to_one	lncgDivg	ENSMUSG00000097875	1
ENSG00000250929	1	one_to_one	ENSMUSG00000120411	0	NA	NA	NA	1
ENSG00000236939	1	one_to_one	ENSMUSG00000115620	1	many_to_one	lncgDivg	ENSMUSG00000114994	1
ENSG00000253207	1	many_to_many_DifferentNumber	ENSMUSG00000115775;ENSMUSG00000115478	0	NA	NA	NA	1
ENSG00000287819	1	many_to_many_DifferentNumber	ENSMUSG00000115775;ENSMUSG00000115478	0	NA	NA	NA	1
ENSG00000286937	1	many_to_many_DifferentNumber	ENSMUSG00000115775;ENSMUSG00000115478	0	NA	NA	NA	1
ENSG00000286946	1	many_to_many_DifferentNumber	ENSMUSG00000115775;ENSMUSG00000115478	0	NA	NA	NA	1
ENSG00000254339	1	many_to_many_DifferentNumber	ENSMUSG00000115775;ENSMUSG00000115478	0	NA	NA	NA	0
ENSG00000253286	1	one_to_one	ENSMUSG00000086801	0	NA	NA	NA	1
ENSG00000254141	1	many_to_one	ENSMUSG00000120264	0	NA	NA	NA	1
ENSG00000253526	1	many_to_one	ENSMUSG00000120264	0	NA	NA	NA	1
ENSG00000253629	1	one_to_many	ENSMUSG00000101671;ENSMUSG00000022288;ENSMUSG00000086125	1	one_to_many	lncgDivg	ENSMUSG00000101671;ENSMUSG00000086125;ENSMUSG00000022288	1
ENSG00000287201	1	many_to_many_DifferentNumber	ENSMUSG00000093695;ENSMUSG00000115752;ENSMUSG00000115169	1	many_to_many_strict	lncgDivg	ENSMUSG00000115752;ENSMUSG00000093695	1
ENSG00000286535	1	many_to_many_DifferentNumber	ENSMUSG00000093695;ENSMUSG00000115752;ENSMUSG00000115169	1	many_to_many_strict	lncgDivg	ENSMUSG00000115752;ENSMUSG00000093695	1
ENSG00000253656	1	many_to_one	ENSMUSG00000115328	0	NA	NA	NA	1
ENSG00000280543	1	many_to_one	ENSMUSG00000115328	0	NA	NA	NA	1
ENSG00000287949	1	many_to_one	ENSMUSG00000097805	0	NA	NA	NA	1
ENSG00000286766	1	many_to_one	ENSMUSG00000097805	1	one_to_one	lncgDivg	ENSMUSG00000097805	1
ENSG00000254028	1	many_to_many_DifferentNumber	ENSMUSG00000116294;ENSMUSG00000069996	0	NA	NA	NA	1
ENSG00000253433	1	many_to_many_DifferentNumber	ENSMUSG00000116294;ENSMUSG00000069996	0	NA	NA	NA	1
ENSG00000254083	1	many_to_many_DifferentNumber	ENSMUSG00000116294;ENSMUSG00000069996	0	NA	NA	NA	1
ENSG00000248492	1	many_to_many_DifferentNumber	ENSMUSG00000116294;ENSMUSG00000069996	0	NA	NA	NA	1
ENSG00000251218	1	many_to_many_DifferentNumber	ENSMUSG00000116294;ENSMUSG00000069996	0	NA	NA	NA	1
ENSG00000272456	1	many_to_many_DifferentNumber	ENSMUSG00000116294;ENSMUSG00000069996	0	NA	NA	NA	1
ENSG00000259820	1	many_to_many_DifferentNumber	ENSMUSG00000096967;ENSMUSG00000093387	1	one_to_many	lincSS.up	ENSMUSG00000093387;ENSMUSG00000096967	1
ENSG00000289405	1	many_to_many_DifferentNumber	ENSMUSG00000096967;ENSMUSG00000093387	0	NA	NA	NA	1
ENSG00000254372	1	many_to_many_DifferentNumber	ENSMUSG00000096967;ENSMUSG00000093387	0	NA	NA	NA	1
ENSG00000254557	1	many_to_one	ENSMUSG00000099498	0	NA	NA	NA	1
ENSG00000246528	1	many_to_one	ENSMUSG00000099498	0	NA	NA	NA	1
ENSG00000225885	1	many_to_many_sameNumber	ENSMUSG00000115761;ENSMUSG00000072584	1	many_to_many_strict	lncgDivg	ENSMUSG00000072584;ENSMUSG00000115761	1
ENSG00000281641	1	many_to_many_sameNumber	ENSMUSG00000115761;ENSMUSG00000072584	1	many_to_many_strict	lncgDivg	ENSMUSG00000072584;ENSMUSG00000115761	1
ENSG00000253561	1	many_to_many_DifferentNumber	ENSMUSG00000102069;ENSMUSG00000120535	0	NA	NA	NA	1
ENSG00000253593	1	many_to_many_DifferentNumber	ENSMUSG00000102069;ENSMUSG00000120535	0	NA	NA	NA	1
ENSG00000261220	1	many_to_many_DifferentNumber	ENSMUSG00000102069;ENSMUSG00000120535	1	one_to_one	lncgDivg	ENSMUSG00000120535	1
ENSG00000253521	1	one_to_one	ENSMUSG00000115784	1	one_to_one	lincSS.dw	ENSMUSG00000115784	1
ENSG00000259631	1	one_to_many	ENSMUSG00000047807;ENSMUSG00000090002	0	NA	NA	NA	0
ENSG00000254431	1	one_to_one	ENSMUSG00000120225	0	NA	NA	NA	1
ENSG00000272037	1	many_to_one	ENSMUSG00000115771	1	one_to_one	lncgDivg	ENSMUSG00000115771	0
ENSG00000253633	1	many_to_one	ENSMUSG00000115771	0	NA	NA	NA	1
ENSG00000271555	1	many_to_one	ENSMUSG00000090031	1	many_to_one	lncgDivg	ENSMUSG00000090031	1
ENSG00000288818	1	many_to_one	ENSMUSG00000090031	1	many_to_one	lncgDivg	ENSMUSG00000090031	1
ENSG00000255487	1	many_to_one	ENSMUSG00000110038	0	NA	NA	NA	1
ENSG00000254898	1	many_to_one	ENSMUSG00000110038	0	NA	NA	NA	1
ENSG00000272092	1	many_to_one	ENSMUSG00000110038	0	NA	NA	NA	1
ENSG00000255201	1	many_to_many_DifferentNumber	ENSMUSG00000110140;ENSMUSG00000110110;ENSMUSG00000110399;ENSMUSG00000110063	1	one_to_one	lncgDivg	ENSMUSG00000086134	1
ENSG00000289104	1	many_to_many_DifferentNumber	ENSMUSG00000110140;ENSMUSG00000110110;ENSMUSG00000110399;ENSMUSG00000110063	0	NA	NA	NA	1
ENSG00000272159	1	many_to_one	ENSMUSG00000110017	1	one_to_one	lncgDivg	ENSMUSG00000043794	1
ENSG00000196166	1	many_to_one	ENSMUSG00000110017	1	many_to_one	lincSS.up	ENSMUSG00000110017	1
ENSG00000254321	1	many_to_one	ENSMUSG00000110017	0	NA	NA	NA	1
ENSG00000253361	1	many_to_one	ENSMUSG00000110017	1	many_to_one	lincSS.up	ENSMUSG00000110017	1
ENSG00000259891	1	many_to_one	ENSMUSG00000106847	0	NA	NA	NA	1
ENSG00000289741	1	many_to_one	ENSMUSG00000106847	1	many_to_one	lncgSS.up	ENSMUSG00000106847	1
ENSG00000282164	1	many_to_one	ENSMUSG00000106847	1	many_to_one	lncgSS.up	ENSMUSG00000106847	1
ENSG00000269954	1	one_to_many	ENSMUSG00000114892;ENSMUSG00000114898	0	NA	NA	NA	1
ENSG00000254349	1	one_to_one	ENSMUSG00000099899	0	NA	NA	NA	1
ENSG00000253944	1	many_to_many_DifferentNumber	ENSMUSG00000084960;ENSMUSG00000086773;ENSMUSG00000085672;ENSMUSG00000120793	1	many_to_many	lncgDivg	ENSMUSG00000085672;ENSMUSG00000086773;ENSMUSG00000084960	1
ENSG00000253671	1	many_to_many_DifferentNumber	ENSMUSG00000084960;ENSMUSG00000086773;ENSMUSG00000085672;ENSMUSG00000120793	1	one_to_one	lincDivg	ENSMUSG00000120793	1
ENSG00000253168	1	many_to_many_DifferentNumber	ENSMUSG00000084960;ENSMUSG00000086773;ENSMUSG00000085672;ENSMUSG00000120793	1	many_to_many	lncgDivg	ENSMUSG00000085672;ENSMUSG00000086773;ENSMUSG00000084960	1
ENSG00000253215	1	many_to_one	ENSMUSG00000085445	1	many_to_one	lncgDivg	ENSMUSG00000085445	1
ENSG00000254054	1	many_to_one	ENSMUSG00000085445	1	many_to_one	lncgDivg	ENSMUSG00000085445	1
ENSG00000254043	1	one_to_many	ENSMUSG00000100053;ENSMUSG00000085125	0	NA	NA	NA	1
ENSG00000254019	1	many_to_one	ENSMUSG00000099958	1	many_to_one	lncgDivg	ENSMUSG00000099958	1
ENSG00000254197	1	many_to_one	ENSMUSG00000099958	1	many_to_one	lncgDivg	ENSMUSG00000099958	1
ENSG00000254291	1	many_to_one	ENSMUSG00000099958	0	NA	NA	NA	1
ENSG00000253595	1	many_to_one	ENSMUSG00000099958	0	NA	NA	NA	1
ENSG00000287222	1	one_to_one	ENSMUSG00000115332	0	NA	NA	NA	1
ENSG00000285599	1	one_to_one	ENSMUSG00000116288	0	NA	NA	NA	1
ENSG00000253408	1	one_to_one	ENSMUSG00000085199	1	one_to_one	lncgDivg	ENSMUSG00000085199	0
ENSG00000289094	1	one_to_many	ENSMUSG00000115635;ENSMUSG00000072592	0	NA	NA	NA	1
ENSG00000253829	1	one_to_one	ENSMUSG00000110148	0	NA	NA	NA	1
ENSG00000253645	1	one_to_one	ENSMUSG00000086289	1	one_to_one	lncgDivg	ENSMUSG00000110148	1
ENSG00000271938	1	many_to_one	ENSMUSG00000054822	0	NA	NA	NA	0
ENSG00000261449	1	many_to_one	ENSMUSG00000054822	1	one_to_one	lncgDivg	ENSMUSG00000054822	0
ENSG00000253948	1	one_to_many	ENSMUSG00000115453;ENSMUSG00000115829	1	many_to_one	lncgDivg	ENSMUSG00000115829	1
ENSG00000253582	1	one_to_one	ENSMUSG00000097232	1	many_to_one	lncgDivg	ENSMUSG00000097232	1
ENSG00000287289	1	one_to_one	ENSMUSG00000115988	0	NA	NA	NA	1
ENSG00000287208	1	one_to_many	ENSMUSG00000115986;ENSMUSG00000116245	0	NA	NA	NA	1
ENSG00000253669	1	many_to_many_sameNumber	ENSMUSG00000115456;ENSMUSG00000120195	0	NA	NA	NA	1
ENSG00000283959	1	many_to_many_sameNumber	ENSMUSG00000115456;ENSMUSG00000120195	1	one_to_one	lncgDivg	ENSMUSG00000120195	1
ENSG00000285957	1	many_to_many_sameNumber	ENSMUSG00000090024;ENSMUSG00000120967	0	NA	NA	NA	1
ENSG00000253764	1	many_to_many_sameNumber	ENSMUSG00000090024;ENSMUSG00000120967	1	one_to_one	lncgDivg	ENSMUSG00000098322	1
ENSG00000288076	1	many_to_one	ENSMUSG00000120062	1	many_to_one	lncgDivg	ENSMUSG00000087300	0
ENSG00000271743	1	many_to_one	ENSMUSG00000120062	1	many_to_one	lncgDivg	ENSMUSG00000087300	0
ENSG00000249898	1	many_to_one	ENSMUSG00000120062	0	NA	NA	NA	0
ENSG00000255182	1	one_to_one	ENSMUSG00000120401	0	NA	NA	NA	1
ENSG00000253270	1	one_to_many	ENSMUSG00000085197;ENSMUSG00000087489	1	one_to_many	lncgDivg	ENSMUSG00000085197;ENSMUSG00000087489	0
ENSG00000246263	1	one_to_one	ENSMUSG00000115249	0	NA	NA	NA	0
ENSG00000253266	1	one_to_many	ENSMUSG00000115693;ENSMUSG00000115810	0	NA	NA	NA	1
ENSG00000254361	1	many_to_many_sameNumber	ENSMUSG00000116092;ENSMUSG00000116167;ENSMUSG00000116483	0	NA	NA	NA	0
ENSG00000253988	1	many_to_many_sameNumber	ENSMUSG00000116092;ENSMUSG00000116167;ENSMUSG00000116483	0	NA	NA	NA	0
ENSG00000254101	1	many_to_many_sameNumber	ENSMUSG00000116092;ENSMUSG00000116167;ENSMUSG00000116483	0	NA	NA	NA	0
ENSG00000253648	1	one_to_one	ENSMUSG00000109827	0	NA	NA	NA	1
ENSG00000253181	1	one_to_many	ENSMUSG00000109621;ENSMUSG00000109603	0	NA	NA	NA	1
ENSG00000183154	1	one_to_one	ENSMUSG00000109954	0	NA	NA	NA	1
ENSG00000285632	1	one_to_one	ENSMUSG00000091514	0	NA	NA	NA	1
ENSG00000286763	1	one_to_one	ENSMUSG00000120589	0	NA	NA	NA	1
ENSG00000272192	1	one_to_one	ENSMUSG00000087108	1	one_to_one	lncgDivg	ENSMUSG00000087108	1
ENSG00000290005	1	one_to_one	ENSMUSG00000114693	0	NA	NA	NA	1
ENSG00000246366	1	one_to_one	ENSMUSG00000120948	0	NA	NA	NA	1
ENSG00000287052	1	one_to_one	ENSMUSG00000104102	1	one_to_one	lincConv	ENSMUSG00000104102	1
ENSG00000289921	1	one_to_many	ENSMUSG00000086741;ENSMUSG00000120972	0	NA	NA	NA	1
ENSG00000286471	1	one_to_one	ENSMUSG00000104328	1	one_to_one	lincSS.up	ENSMUSG00000104328	1
ENSG00000286348	1	one_to_one	ENSMUSG00000089699	0	NA	NA	NA	1
ENSG00000286684	1	one_to_one	ENSMUSG00000101089	0	NA	NA	NA	1
ENSG00000273056	1	one_to_one	ENSMUSG00000085482	0	NA	NA	NA	1
ENSG00000235533	1	many_to_many_DifferentNumber	ENSMUSG00000087540;ENSMUSG00000085022	0	NA	NA	NA	0
ENSG00000205636	1	many_to_many_DifferentNumber	ENSMUSG00000087540;ENSMUSG00000085022	0	NA	NA	NA	0
ENSG00000226197	1	many_to_many_DifferentNumber	ENSMUSG00000087540;ENSMUSG00000085022	0	NA	NA	NA	0
ENSG00000234740	1	many_to_many_DifferentNumber	ENSMUSG00000087608;ENSMUSG00000087110	0	NA	NA	NA	0
ENSG00000270547	1	many_to_many_DifferentNumber	ENSMUSG00000087608;ENSMUSG00000087110	0	NA	NA	NA	0
ENSG00000289185	1	many_to_many_DifferentNumber	ENSMUSG00000087608;ENSMUSG00000087110	0	NA	NA	NA	0
ENSG00000287465	1	one_to_many	ENSMUSG00000118016;ENSMUSG00000117950;ENSMUSG00000118005;ENSMUSG00000117707;ENSMUSG00000118001	0	NA	NA	NA	1
ENSG00000287759	1	one_to_many	ENSMUSG00000118038;ENSMUSG00000100075	1	one_to_one	lncgDivg	ENSMUSG00000100075	1
ENSG00000287139	1	many_to_many_DifferentNumber	ENSMUSG00000085817;ENSMUSG00000086042	0	NA	NA	NA	1
ENSG00000287843	1	many_to_many_DifferentNumber	ENSMUSG00000085817;ENSMUSG00000086042	0	NA	NA	NA	1
ENSG00000231460	1	many_to_many_DifferentNumber	ENSMUSG00000085817;ENSMUSG00000086042	0	NA	NA	NA	1
ENSG00000237414	1	one_to_one	ENSMUSG00000087517	0	NA	NA	NA	1
ENSG00000285784	1	many_to_many_DifferentNumber	ENSMUSG00000110373;ENSMUSG00000092492	0	NA	NA	NA	0
ENSG00000286474	1	many_to_many_DifferentNumber	ENSMUSG00000110373;ENSMUSG00000092492	0	NA	NA	NA	0
ENSG00000234021	1	many_to_many_DifferentNumber	ENSMUSG00000110373;ENSMUSG00000092492	1	many_to_many	lncgDivg	ENSMUSG00000092492;ENSMUSG00000110373	0
ENSG00000230920	1	many_to_many_DifferentNumber	ENSMUSG00000110373;ENSMUSG00000092492	1	many_to_many	lncgDivg	ENSMUSG00000092492;ENSMUSG00000110373	0
ENSG00000226717	1	many_to_many_DifferentNumber	ENSMUSG00000110373;ENSMUSG00000092492	1	many_to_many	lncgDivg	ENSMUSG00000092492;ENSMUSG00000110373	0
ENSG00000225706	1	many_to_many_DifferentNumber	ENSMUSG00000110373;ENSMUSG00000092492	1	many_to_many	lncgDivg	ENSMUSG00000092492;ENSMUSG00000110373	0
ENSG00000230365	1	many_to_one	ENSMUSG00000085840	0	NA	NA	NA	0
ENSG00000270372	1	many_to_one	ENSMUSG00000085840	0	NA	NA	NA	0
ENSG00000224935	1	many_to_one	ENSMUSG00000085840	0	NA	NA	NA	0
ENSG00000235389	1	many_to_one	ENSMUSG00000085840	0	NA	NA	NA	0
ENSG00000232035	1	many_to_one	ENSMUSG00000085840	0	NA	NA	NA	0
ENSG00000258885	1	many_to_one	ENSMUSG00000086211	1	many_to_one	lncgDivg	ENSMUSG00000086211	0
ENSG00000281649	1	many_to_one	ENSMUSG00000086211	0	NA	NA	NA	0
ENSG00000250850	1	many_to_one	ENSMUSG00000086211	1	many_to_one	lncgDivg	ENSMUSG00000086211	1
ENSG00000232920	1	many_to_one	ENSMUSG00000120365	0	NA	NA	NA	0
ENSG00000260100	1	many_to_one	ENSMUSG00000120365	0	NA	NA	NA	0
ENSG00000233242	1	many_to_one	ENSMUSG00000120365	0	NA	NA	NA	1
ENSG00000224648	1	one_to_one	ENSMUSG00000086205	0	NA	NA	NA	1
ENSG00000225472	1	many_to_many_DifferentNumber	ENSMUSG00000086293;ENSMUSG00000087413	1	many_to_many	lncgDivg	ENSMUSG00000086293;ENSMUSG00000087413	1
ENSG00000287708	1	many_to_many_DifferentNumber	ENSMUSG00000086293;ENSMUSG00000087413	1	many_to_many	lncgDivg	ENSMUSG00000086293;ENSMUSG00000087413	1
ENSG00000289969	1	many_to_many_DifferentNumber	ENSMUSG00000086293;ENSMUSG00000087413	1	many_to_many	lncgDivg	ENSMUSG00000086293;ENSMUSG00000087413	1
ENSG00000273399	1	many_to_many_DifferentNumber	ENSMUSG00000084851;ENSMUSG00000120940	0	NA	NA	NA	1
ENSG00000272871	1	many_to_many_DifferentNumber	ENSMUSG00000084851;ENSMUSG00000120940	0	NA	NA	NA	1
ENSG00000288876	1	many_to_many_DifferentNumber	ENSMUSG00000084851;ENSMUSG00000120940	1	one_to_many	lncgSS.up	ENSMUSG00000120940;ENSMUSG00000084851	1
ENSG00000237153	1	many_to_one	ENSMUSG00000086413	1	one_to_one	lincDivg	ENSMUSG00000086413	1
ENSG00000231756	1	many_to_one	ENSMUSG00000086413	0	NA	NA	NA	1
ENSG00000230694	1	many_to_one	ENSMUSG00000086413	0	NA	NA	NA	1
ENSG00000234779	1	many_to_one	ENSMUSG00000086413	0	NA	NA	NA	1
ENSG00000260995	1	many_to_many_DifferentNumber	ENSMUSG00000117995;ENSMUSG00000120068;ENSMUSG00000120901	0	NA	NA	NA	1
ENSG00000233086	1	many_to_many_DifferentNumber	ENSMUSG00000117995;ENSMUSG00000120068;ENSMUSG00000120901	1	one_to_one	lncgDivg	ENSMUSG00000120068	1
ENSG00000228216	1	many_to_one	ENSMUSG00000113737	0	NA	NA	NA	1
ENSG00000273381	1	many_to_one	ENSMUSG00000113737	0	NA	NA	NA	1
ENSG00000230537	1	many_to_one	ENSMUSG00000113737	0	NA	NA	NA	1
ENSG00000237422	1	many_to_one	ENSMUSG00000113737	1	one_to_one	lincSS.dw	ENSMUSG00000113737	1
ENSG00000229019	1	one_to_one	ENSMUSG00000120881	0	NA	NA	NA	1
ENSG00000286414	1	many_to_one	ENSMUSG00000112959	0	NA	NA	NA	1
ENSG00000228189	1	many_to_one	ENSMUSG00000112959	0	NA	NA	NA	1
ENSG00000235523	1	many_to_one	ENSMUSG00000118342	0	NA	NA	NA	0
ENSG00000225434	1	many_to_one	ENSMUSG00000118342	1	one_to_one	lincConv	ENSMUSG00000118342	0
ENSG00000233262	1	many_to_one	ENSMUSG00000114808	0	NA	NA	NA	1
ENSG00000285987	1	many_to_one	ENSMUSG00000114808	0	NA	NA	NA	1
ENSG00000226206	1	many_to_many_sameNumber	ENSMUSG00000097495;ENSMUSG00000113399;ENSMUSG00000113211	0	NA	NA	NA	0
ENSG00000237626	1	many_to_many_sameNumber	ENSMUSG00000097495;ENSMUSG00000113399;ENSMUSG00000113211	0	NA	NA	NA	0
ENSG00000237372	1	many_to_many_sameNumber	ENSMUSG00000097495;ENSMUSG00000113399;ENSMUSG00000113211	0	NA	NA	NA	0
ENSG00000236507	1	many_to_one	ENSMUSG00000113090	0	NA	NA	NA	0
ENSG00000227555	1	many_to_one	ENSMUSG00000113090	0	NA	NA	NA	0
ENSG00000231107	1	many_to_one	ENSMUSG00000113090	0	NA	NA	NA	0
ENSG00000229613	1	many_to_one	ENSMUSG00000113090	0	NA	NA	NA	0
ENSG00000227809	1	many_to_many_DifferentNumber	ENSMUSG00000117909;ENSMUSG00000118167;ENSMUSG00000118067;ENSMUSG00000118150	0	NA	NA	NA	1
ENSG00000232590	1	many_to_many_DifferentNumber	ENSMUSG00000117909;ENSMUSG00000118167;ENSMUSG00000118067;ENSMUSG00000118150	0	NA	NA	NA	1
ENSG00000286840	1	many_to_many_sameNumber	ENSMUSG00000118109;ENSMUSG00000094732	0	NA	NA	NA	1
ENSG00000224825	1	many_to_many_sameNumber	ENSMUSG00000118109;ENSMUSG00000094732	0	NA	NA	NA	1
ENSG00000231193	1	one_to_one	ENSMUSG00000086355	0	NA	NA	NA	0
ENSG00000234860	1	many_to_one	ENSMUSG00000085660	0	NA	NA	NA	1
ENSG00000287955	1	many_to_one	ENSMUSG00000085660	0	NA	NA	NA	1
ENSG00000255145	1	many_to_one	ENSMUSG00000120048	0	NA	NA	NA	1
ENSG00000271086	1	many_to_one	ENSMUSG00000120048	0	NA	NA	NA	1
ENSG00000237461	1	many_to_one	ENSMUSG00000120048	1	one_to_one	lncgDivg	ENSMUSG00000120048	1
ENSG00000232211	1	many_to_many_DifferentNumber	ENSMUSG00000114531;ENSMUSG00000114354;ENSMUSG00000114669;ENSMUSG00000114734	0	NA	NA	NA	1
ENSG00000288575	1	many_to_many_DifferentNumber	ENSMUSG00000114531;ENSMUSG00000114354;ENSMUSG00000114669;ENSMUSG00000114734	0	NA	NA	NA	1
ENSG00000235819	1	many_to_many_DifferentNumber	ENSMUSG00000114531;ENSMUSG00000114354;ENSMUSG00000114669;ENSMUSG00000114734	1	one_to_one	lincDivg	ENSMUSG00000114669	1
ENSG00000285686	1	one_to_many	ENSMUSG00000114835;ENSMUSG00000114490;ENSMUSG00000114795	0	NA	NA	NA	1
ENSG00000226566	1	many_to_many_DifferentNumber	ENSMUSG00000085515;ENSMUSG00000085763	0	NA	NA	NA	0
ENSG00000225564	1	many_to_many_DifferentNumber	ENSMUSG00000085515;ENSMUSG00000085763	0	NA	NA	NA	0
ENSG00000270332	1	many_to_many_DifferentNumber	ENSMUSG00000085515;ENSMUSG00000085763	1	one_to_one	lncgDivg	ENSMUSG00000085763	0
ENSG00000267026	1	one_to_one	ENSMUSG00000087500	0	NA	NA	NA	1
ENSG00000235201	1	many_to_many_DifferentNumber	ENSMUSG00000086364;ENSMUSG00000121059	0	NA	NA	NA	0
ENSG00000284977	1	many_to_many_DifferentNumber	ENSMUSG00000086364;ENSMUSG00000121059	0	NA	NA	NA	0
ENSG00000289735	1	many_to_many_DifferentNumber	ENSMUSG00000086364;ENSMUSG00000121059	0	NA	NA	NA	0
ENSG00000289736	1	many_to_many_DifferentNumber	ENSMUSG00000086364;ENSMUSG00000121059	0	NA	NA	NA	0
ENSG00000225050	1	many_to_one	ENSMUSG00000086790	0	NA	NA	NA	0
ENSG00000231901	1	many_to_one	ENSMUSG00000086790	0	NA	NA	NA	0
ENSG00000236130	1	one_to_one	ENSMUSG00000087383	1	one_to_one	lncgDivg	ENSMUSG00000087383	0
ENSG00000229582	1	one_to_one	ENSMUSG00000084908	1	one_to_one	lncgDivg	ENSMUSG00000084908	1
ENSG00000226825	1	one_to_many	ENSMUSG00000087070;ENSMUSG00000086346	0	NA	NA	NA	1
ENSG00000204446	1	many_to_many_DifferentNumber	ENSMUSG00000114433;ENSMUSG00000050765	0	NA	NA	NA	0
ENSG00000288968	1	many_to_many_DifferentNumber	ENSMUSG00000114433;ENSMUSG00000050765	0	NA	NA	NA	0
ENSG00000226237	1	many_to_many_DifferentNumber	ENSMUSG00000114433;ENSMUSG00000050765	1	one_to_one	lncgDivg	ENSMUSG00000114433	0
ENSG00000269994	1	many_to_many_sameNumber	ENSMUSG00000114274;ENSMUSG00000114566;ENSMUSG00000114452;ENSMUSG00000120267	0	NA	NA	NA	0
ENSG00000286842	1	many_to_many_sameNumber	ENSMUSG00000114274;ENSMUSG00000114566;ENSMUSG00000114452;ENSMUSG00000120267	0	NA	NA	NA	0
ENSG00000289166	1	many_to_many_sameNumber	ENSMUSG00000114274;ENSMUSG00000114566;ENSMUSG00000114452;ENSMUSG00000120267	0	NA	NA	NA	0
ENSG00000288903	1	many_to_many_sameNumber	ENSMUSG00000114274;ENSMUSG00000114566;ENSMUSG00000114452;ENSMUSG00000120267	0	NA	NA	NA	0
ENSG00000230782	1	many_to_one	ENSMUSG00000087614	0	NA	NA	NA	1
ENSG00000226047	1	many_to_one	ENSMUSG00000087614	0	NA	NA	NA	1
ENSG00000204706	1	one_to_one	ENSMUSG00000118092	1	one_to_one	lncgDivg	ENSMUSG00000118092	1
ENSG00000233721	1	many_to_one	ENSMUSG00000085463	1	many_to_one	lincSS.dw	ENSMUSG00000085463	1
ENSG00000226078	1	many_to_one	ENSMUSG00000085463	1	many_to_one	lincSS.dw	ENSMUSG00000085463	1
ENSG00000224842	1	one_to_one	ENSMUSG00000052951	1	one_to_one	lncgDivg	ENSMUSG00000052951	1
ENSG00000286428	1	one_to_one	ENSMUSG00000086939	0	NA	NA	NA	1
ENSG00000227958	1	many_to_one	ENSMUSG00000087196	1	one_to_one	lincConv	ENSMUSG00000087196	0
ENSG00000233936	1	many_to_one	ENSMUSG00000087196	0	NA	NA	NA	0
ENSG00000225361	1	many_to_one	ENSMUSG00000087196	0	NA	NA	NA	0
ENSG00000232413	1	one_to_many	ENSMUSG00000085987;ENSMUSG00000087461;ENSMUSG00000103413;ENSMUSG00000121186	1	one_to_many	lincSS.dw	ENSMUSG00000103413;ENSMUSG00000087461	0
ENSG00000288537	1	many_to_many_sameNumber	ENSMUSG00000086484;ENSMUSG00000086904	1	many_to_one	lincDivg	ENSMUSG00000086904	0
ENSG00000228392	1	many_to_many_sameNumber	ENSMUSG00000086484;ENSMUSG00000086904	1	many_to_one	lincDivg	ENSMUSG00000086904	0
ENSG00000233081	1	one_to_many	ENSMUSG00000112952;ENSMUSG00000113101;ENSMUSG00000120159	1	one_to_one	lncgDivg	ENSMUSG00000120159	1
ENSG00000227531	1	one_to_one	ENSMUSG00000086470	0	NA	NA	NA	1
ENSG00000228707	1	one_to_many	ENSMUSG00000073821;ENSMUSG00000086755;ENSMUSG00000120418	0	NA	NA	NA	0
ENSG00000228714	1	many_to_one	ENSMUSG00000085032	0	NA	NA	NA	0
ENSG00000204148	1	many_to_one	ENSMUSG00000085032	0	NA	NA	NA	0
ENSG00000236461	1	many_to_one	ENSMUSG00000085032	0	NA	NA	NA	0
ENSG00000234692	1	many_to_one	ENSMUSG00000085032	0	NA	NA	NA	0
ENSG00000232998	1	one_to_one	ENSMUSG00000118126	0	NA	NA	NA	1
ENSG00000289987	1	one_to_many	ENSMUSG00000066176;ENSMUSG00000085375;ENSMUSG00000120546	1	one_to_one	lncgDivg	ENSMUSG00000120546	1
ENSG00000230030	1	many_to_many_DifferentNumber	ENSMUSG00000085020;ENSMUSG00000120306;ENSMUSG00000085643	0	NA	NA	NA	1
ENSG00000231678	1	many_to_many_DifferentNumber	ENSMUSG00000085020;ENSMUSG00000120306;ENSMUSG00000085643	0	NA	NA	NA	1
ENSG00000273473	1	many_to_many_sameNumber	ENSMUSG00000120577;ENSMUSG00000085929	0	NA	NA	NA	1
ENSG00000289220	1	many_to_many_sameNumber	ENSMUSG00000120577;ENSMUSG00000085929	0	NA	NA	NA	1
ENSG00000223729	1	one_to_one	ENSMUSG00000120033	0	NA	NA	NA	1
ENSG00000226334	1	one_to_many	ENSMUSG00000086947;ENSMUSG00000121143	0	NA	NA	NA	1
ENSG00000286536	1	many_to_many_DifferentNumber	ENSMUSG00000087192;ENSMUSG00000086712;ENSMUSG00000086267	1	one_to_one	lincDivg	ENSMUSG00000086267	1
ENSG00000230013	1	many_to_many_DifferentNumber	ENSMUSG00000087192;ENSMUSG00000086712;ENSMUSG00000086267	1	one_to_one	lincSS.up	ENSMUSG00000087192	1
ENSG00000236643	1	many_to_one	ENSMUSG00000085201	1	many_to_one	lncgDivg	ENSMUSG00000085201	0
ENSG00000224020	1	many_to_one	ENSMUSG00000085201	1	many_to_one	lncgDivg	ENSMUSG00000085201	0
ENSG00000230848	1	one_to_one	ENSMUSG00000085017	0	NA	NA	NA	1
ENSG00000207955	1	one_to_many	ENSMUSG00000039798;ENSMUSG00000120522	1	one_to_one	lncgConv	ENSMUSG00000120522	0
ENSG00000226877	1	many_to_one	ENSMUSG00000097399	1	many_to_one	lncgConv	ENSMUSG00000097399	0
ENSG00000231616	1	many_to_one	ENSMUSG00000097399	1	many_to_one	lncgConv	ENSMUSG00000097399	1
ENSG00000227463	1	one_to_one	ENSMUSG00000114654	1	one_to_one	lincSS.dw	ENSMUSG00000114654	0
ENSG00000227388	1	one_to_one	ENSMUSG00000085351	0	NA	NA	NA	1
ENSG00000228843	1	one_to_one	ENSMUSG00000086043	0	NA	NA	NA	1
ENSG00000205549	1	one_to_many	ENSMUSG00000085378;ENSMUSG00000085217;ENSMUSG00000087378	0	NA	NA	NA	1
ENSG00000235880	1	many_to_one	ENSMUSG00000120776	1	many_to_one	lncgDivg	ENSMUSG00000120776	1
ENSG00000227155	1	many_to_one	ENSMUSG00000120776	0	NA	NA	NA	1
ENSG00000237734	1	one_to_one	ENSMUSG00000086792	1	many_to_one	lncgDivg	ENSMUSG00000086792	1
ENSG00000198454	1	one_to_one	ENSMUSG00000120226	0	NA	NA	NA	1
ENSG00000288234	1	one_to_one	ENSMUSG00000103217	0	NA	NA	NA	0
ENSG00000234323	1	one_to_many	ENSMUSG00000086371;ENSMUSG00000087077	0	NA	NA	NA	0
ENSG00000225002	1	many_to_many_sameNumber	ENSMUSG00000086987;ENSMUSG00000099421;ENSMUSG00000120813	0	NA	NA	NA	0
ENSG00000229297	1	many_to_many_sameNumber	ENSMUSG00000086987;ENSMUSG00000099421;ENSMUSG00000120813	0	NA	NA	NA	0
ENSG00000237062	1	many_to_many_sameNumber	ENSMUSG00000086987;ENSMUSG00000099421;ENSMUSG00000120813	0	NA	NA	NA	0
ENSG00000234055	1	one_to_one	ENSMUSG00000087435	1	one_to_one	lncgDivg	ENSMUSG00000087435	1
ENSG00000229312	1	many_to_one	ENSMUSG00000117685	1	many_to_one	lncgDivg	ENSMUSG00000118340	1
ENSG00000261447	1	many_to_one	ENSMUSG00000117685	1	many_to_one	lncgDivg	ENSMUSG00000118340	1
ENSG00000196366	1	one_to_many	ENSMUSG00000085543;ENSMUSG00000086714	0	NA	NA	NA	1
ENSG00000236986	1	many_to_one	ENSMUSG00000086192	1	many_to_one	lncgDivg	ENSMUSG00000086192	1
ENSG00000246851	1	many_to_one	ENSMUSG00000086192	1	many_to_one	lncgDivg	ENSMUSG00000086192	1
ENSG00000288727	1	many_to_one	ENSMUSG00000086192	1	many_to_one	lncgDivg	ENSMUSG00000086192	1
ENSG00000288023	1	one_to_one	ENSMUSG00000113057	0	NA	NA	NA	1
ENSG00000230815	1	many_to_many_sameNumber	ENSMUSG00000113257;ENSMUSG00000113203	1	many_to_many_strict	lncgSS.dw	ENSMUSG00000113203;ENSMUSG00000113257	1
ENSG00000236095	1	many_to_many_sameNumber	ENSMUSG00000113257;ENSMUSG00000113203	1	many_to_many_strict	lncgSS.dw	ENSMUSG00000113203;ENSMUSG00000113257	1
ENSG00000229065	1	one_to_one	ENSMUSG00000089854	1	one_to_one	lncgDivg	ENSMUSG00000089854	1
ENSG00000271384	1	one_to_one	ENSMUSG00000090232	1	one_to_one	lncgSS.up	ENSMUSG00000090232	1
ENSG00000227218	1	one_to_one	ENSMUSG00000075405	0	NA	NA	NA	1
ENSG00000235119	1	one_to_one	ENSMUSG00000120352	0	NA	NA	NA	1
ENSG00000285556	1	one_to_many	ENSMUSG00000114854;ENSMUSG00000114787	1	one_to_one	lincSS.dw	ENSMUSG00000114854	0
ENSG00000287930	1	many_to_many_DifferentNumber	ENSMUSG00000114218;ENSMUSG00000114437;ENSMUSG00000114208;ENSMUSG00000114393;ENSMUSG00000114478;ENSMUSG00000114743;ENSMUSG00000114240;ENSMUSG00000114200;ENSMUSG00000114623	0	NA	NA	NA	0
ENSG00000285634	1	many_to_many_DifferentNumber	ENSMUSG00000114218;ENSMUSG00000114437;ENSMUSG00000114208;ENSMUSG00000114393;ENSMUSG00000114478;ENSMUSG00000114743;ENSMUSG00000114240;ENSMUSG00000114200;ENSMUSG00000114623	0	NA	NA	NA	0
ENSG00000232086	1	many_to_many_sameNumber	ENSMUSG00000118021;ENSMUSG00000118237	1	many_to_one	lncgDivg	ENSMUSG00000098739	0
ENSG00000223966	1	many_to_many_sameNumber	ENSMUSG00000118021;ENSMUSG00000118237	1	many_to_one	lncgDivg	ENSMUSG00000098739	1
ENSG00000289163	1	one_to_many	ENSMUSG00000118273;ENSMUSG00000118226	0	NA	NA	NA	1
ENSG00000230729	1	one_to_many	ENSMUSG00000084761;ENSMUSG00000087054	1	one_to_many	lncgDivg	ENSMUSG00000084761;ENSMUSG00000087054	1
ENSG00000239705	1	one_to_one	ENSMUSG00000121211	1	one_to_one	lncgDivg	ENSMUSG00000121211	1
ENSG00000286670	1	one_to_one	ENSMUSG00000117692	0	NA	NA	NA	1
ENSG00000267834	1	one_to_one	ENSMUSG00000084892	1	one_to_one	lncgDivg	ENSMUSG00000084892	1
ENSG00000236724	1	many_to_one	ENSMUSG00000097735	1	many_to_one	lncgDivg	ENSMUSG00000097735	1
ENSG00000237009	1	many_to_one	ENSMUSG00000097735	1	many_to_one	lncgDivg	ENSMUSG00000097735	1
ENSG00000228322	1	many_to_one	ENSMUSG00000097735	1	many_to_one	lncgDivg	ENSMUSG00000097735	1
ENSG00000230001	1	one_to_one	ENSMUSG00000089952	1	one_to_one	lncgSS.up	ENSMUSG00000089952	1
ENSG00000196979	1	one_to_one	ENSMUSG00000087430	0	NA	NA	NA	1
ENSG00000237359	1	many_to_many_DifferentNumber	ENSMUSG00000092182;ENSMUSG00000101084	0	NA	NA	NA	1
ENSG00000288963	1	many_to_many_DifferentNumber	ENSMUSG00000092182;ENSMUSG00000101084	1	many_to_one	lncgDivg	ENSMUSG00000092182	1
ENSG00000232104	1	many_to_many_DifferentNumber	ENSMUSG00000092182;ENSMUSG00000101084	1	many_to_one	lncgDivg	ENSMUSG00000092182	1
ENSG00000237336	1	many_to_one	ENSMUSG00000087294	1	many_to_one	lncgDivg	ENSMUSG00000087294	1
ENSG00000230826	1	many_to_one	ENSMUSG00000087294	1	many_to_one	lncgDivg	ENSMUSG00000087294	1
ENSG00000231227	1	one_to_one	ENSMUSG00000085950	0	NA	NA	NA	1
ENSG00000234921	1	many_to_many_sameNumber	ENSMUSG00000098383;ENSMUSG00000087539	1	many_to_many_strict	lncgDivg	ENSMUSG00000098383;ENSMUSG00000087539	1
ENSG00000236668	1	many_to_many_sameNumber	ENSMUSG00000098383;ENSMUSG00000087539	1	many_to_many_strict	lncgDivg	ENSMUSG00000098383;ENSMUSG00000087539	1
ENSG00000223716	1	one_to_many	ENSMUSG00000073860;ENSMUSG00000085305;ENSMUSG00000085980	1	one_to_many	lincSS.up	ENSMUSG00000073860;ENSMUSG00000085305	0
ENSG00000261402	1	many_to_one	ENSMUSG00000086512	0	NA	NA	NA	1
ENSG00000286685	1	many_to_one	ENSMUSG00000086512	0	NA	NA	NA	1
ENSG00000288865	1	one_to_one	ENSMUSG00000118086	0	NA	NA	NA	1
ENSG00000268364	1	one_to_one	ENSMUSG00000117837	1	one_to_one	lncgConv	ENSMUSG00000117837	1
ENSG00000233817	1	many_to_one	ENSMUSG00000085223	0	NA	NA	NA	1
ENSG00000227482	1	many_to_one	ENSMUSG00000085223	0	NA	NA	NA	1
ENSG00000237073	1	one_to_many	ENSMUSG00000085177;ENSMUSG00000086139	1	one_to_one	lncgDivg	ENSMUSG00000085177	1
ENSG00000264545	1	one_to_one	ENSMUSG00000085183	0	NA	NA	NA	0
ENSG00000265194	1	one_to_one	ENSMUSG00000087659	0	NA	NA	NA	0
ENSG00000240498	1	many_to_one	ENSMUSG00000086035	0	NA	NA	NA	0
ENSG00000266446	1	many_to_one	ENSMUSG00000086035	0	NA	NA	NA	0
ENSG00000287287	1	one_to_one	ENSMUSG00000120990	1	one_to_one	lncgDivg	ENSMUSG00000120990	1
ENSG00000260390	1	one_to_one	ENSMUSG00000084828	0	NA	NA	NA	1
ENSG00000230684	1	many_to_one	ENSMUSG00000121206	1	many_to_one	lncgDivg	ENSMUSG00000121206	1
ENSG00000270755	1	many_to_one	ENSMUSG00000121206	1	many_to_one	lncgDivg	ENSMUSG00000121206	1
ENSG00000288924	1	many_to_one	ENSMUSG00000087269	0	NA	NA	NA	1
ENSG00000289226	1	many_to_one	ENSMUSG00000087269	1	one_to_many	lncgDivg	ENSMUSG00000087269;ENSMUSG00000087430	1
ENSG00000269929	1	one_to_one	ENSMUSG00000097375	0	NA	NA	NA	0
ENSG00000286834	1	many_to_one	ENSMUSG00000053181	0	NA	NA	NA	0
ENSG00000230262	1	many_to_one	ENSMUSG00000053181	1	one_to_one	lncgDivg	ENSMUSG00000053181	0
ENSG00000261018	1	one_to_one	ENSMUSG00000085008	1	one_to_one	lncgSS.up	ENSMUSG00000085008	1
ENSG00000254473	1	one_to_many	ENSMUSG00000119985;ENSMUSG00000114929	1	one_to_one	lncgDivg	ENSMUSG00000119985	1
ENSG00000278910	1	one_to_one	ENSMUSG00000096796	0	NA	NA	NA	0
ENSG00000232939	1	one_to_one	ENSMUSG00000073846	1	one_to_one	lncgDivg	ENSMUSG00000073846	1
ENSG00000286162	1	one_to_one	ENSMUSG00000117964	0	NA	NA	NA	1
ENSG00000289159	1	one_to_many	ENSMUSG00000044387;ENSMUSG00000120380;ENSMUSG00000118155	1	one_to_one	lincSS.up	ENSMUSG00000044387	1
ENSG00000236687	1	one_to_one	ENSMUSG00000086994	0	NA	NA	NA	1
ENSG00000236403	1	one_to_one	ENSMUSG00000086425	1	one_to_one	lincDivg	ENSMUSG00000086425	0
ENSG00000275329	1	one_to_one	ENSMUSG00000087595	1	one_to_one	lncgDivg	ENSMUSG00000087595	0
ENSG00000269821	1	many_to_many_DifferentNumber	ENSMUSG00000101062;ENSMUSG00000101609;ENSMUSG00000101360	1	one_to_many	lncgDivg	ENSMUSG00000101062;ENSMUSG00000101360;ENSMUSG00000101609	1
ENSG00000229414	1	many_to_many_DifferentNumber	ENSMUSG00000101062;ENSMUSG00000101609;ENSMUSG00000101360	0	NA	NA	NA	1
ENSG00000287935	1	one_to_one	ENSMUSG00000092536	0	NA	NA	NA	0
ENSG00000254946	1	many_to_many_DifferentNumber	ENSMUSG00000108379;ENSMUSG00000120780;ENSMUSG00000108722	0	NA	NA	NA	0
ENSG00000254661	1	many_to_many_DifferentNumber	ENSMUSG00000108379;ENSMUSG00000120780;ENSMUSG00000108722	0	NA	NA	NA	0
ENSG00000286960	1	many_to_many_DifferentNumber	ENSMUSG00000108379;ENSMUSG00000120780;ENSMUSG00000108722	0	NA	NA	NA	0
ENSG00000254695	1	many_to_many_DifferentNumber	ENSMUSG00000108379;ENSMUSG00000120780;ENSMUSG00000108722	0	NA	NA	NA	0
ENSG00000289116	1	many_to_many_DifferentNumber	ENSMUSG00000108379;ENSMUSG00000120780;ENSMUSG00000108722	0	NA	NA	NA	0
ENSG00000254645	1	many_to_many_sameNumber	ENSMUSG00000108683;ENSMUSG00000108419	0	NA	NA	NA	0
ENSG00000254789	1	many_to_many_sameNumber	ENSMUSG00000108683;ENSMUSG00000108419	0	NA	NA	NA	0
ENSG00000255357	1	one_to_one	ENSMUSG00000108957	0	NA	NA	NA	1
ENSG00000255323	1	many_to_one	ENSMUSG00000102124	1	one_to_one	lincConv	ENSMUSG00000102124	1
ENSG00000254540	1	many_to_one	ENSMUSG00000102124	0	NA	NA	NA	1
ENSG00000255270	1	one_to_one	ENSMUSG00000109203	1	one_to_one	lncgSS.dw	ENSMUSG00000109203	1
ENSG00000254542	1	many_to_one	ENSMUSG00000108950	1	many_to_many	lncgDivg	ENSMUSG00000108950;ENSMUSG00000110093	1
ENSG00000254622	1	many_to_one	ENSMUSG00000108950	1	many_to_many	lncgDivg	ENSMUSG00000108950;ENSMUSG00000110093	1
ENSG00000270607	1	many_to_one	ENSMUSG00000108950	1	many_to_many	lncgDivg	ENSMUSG00000108950;ENSMUSG00000110093	1
ENSG00000255043	1	many_to_one	ENSMUSG00000108950	1	many_to_many	lncgDivg	ENSMUSG00000108950;ENSMUSG00000110093	1
ENSG00000254894	1	many_to_one	ENSMUSG00000108950	1	many_to_many	lncgDivg	ENSMUSG00000108950;ENSMUSG00000110093	1
ENSG00000254453	1	many_to_one	ENSMUSG00000108950	1	many_to_many	lncgDivg	ENSMUSG00000108950;ENSMUSG00000110093	1
ENSG00000255558	1	many_to_one	ENSMUSG00000110009	0	NA	NA	NA	1
ENSG00000290083	1	many_to_one	ENSMUSG00000110009	1	one_to_one	lncgDivg	ENSMUSG00000109959	1
ENSG00000254878	1	one_to_many	ENSMUSG00000108489;ENSMUSG00000030664	1	one_to_many	lncgDivg	ENSMUSG00000108489;ENSMUSG00000030664	1
ENSG00000255496	1	many_to_one	ENSMUSG00000093410	1	one_to_one	lncgSS.up	ENSMUSG00000093410	0
ENSG00000255094	1	many_to_one	ENSMUSG00000093410	0	NA	NA	NA	0
ENSG00000254516	1	many_to_many_DifferentNumber	ENSMUSG00000091061;ENSMUSG00000101186	0	NA	NA	NA	0
ENSG00000255477	1	many_to_many_DifferentNumber	ENSMUSG00000091061;ENSMUSG00000101186	0	NA	NA	NA	0
ENSG00000254562	1	many_to_many_DifferentNumber	ENSMUSG00000091061;ENSMUSG00000101186	0	NA	NA	NA	0
ENSG00000255279	1	many_to_one	ENSMUSG00000087069	0	NA	NA	NA	0
ENSG00000255171	1	many_to_one	ENSMUSG00000087069	0	NA	NA	NA	0
ENSG00000254822	1	many_to_one	ENSMUSG00000087069	0	NA	NA	NA	0
ENSG00000255132	1	many_to_one	ENSMUSG00000087069	1	one_to_one	lncgDivg	ENSMUSG00000091061	0
ENSG00000255300	1	many_to_many_DifferentNumber	ENSMUSG00000084906;ENSMUSG00000087537	0	NA	NA	NA	0
ENSG00000255388	1	many_to_many_DifferentNumber	ENSMUSG00000084906;ENSMUSG00000087537	0	NA	NA	NA	0
ENSG00000255109	1	many_to_many_DifferentNumber	ENSMUSG00000084906;ENSMUSG00000087537	0	NA	NA	NA	0
ENSG00000255029	1	many_to_one	ENSMUSG00000086758	0	NA	NA	NA	0
ENSG00000255117	1	many_to_one	ENSMUSG00000086758	0	NA	NA	NA	0
ENSG00000254606	1	many_to_one	ENSMUSG00000086758	0	NA	NA	NA	0
ENSG00000249867	1	many_to_one	ENSMUSG00000086758	0	NA	NA	NA	0
ENSG00000255227	1	many_to_one	ENSMUSG00000086758	0	NA	NA	NA	0
ENSG00000254526	1	many_to_one	ENSMUSG00000086758	0	NA	NA	NA	0
ENSG00000254734	1	many_to_one	ENSMUSG00000086758	0	NA	NA	NA	0
ENSG00000248990	1	many_to_one	ENSMUSG00000086758	0	NA	NA	NA	0
ENSG00000254530	1	many_to_one	ENSMUSG00000087544	0	NA	NA	NA	0
ENSG00000261340	1	many_to_one	ENSMUSG00000087544	0	NA	NA	NA	0
ENSG00000254847	1	one_to_many	ENSMUSG00000085049;ENSMUSG00000085945	0	NA	NA	NA	0
ENSG00000255092	1	many_to_one	ENSMUSG00000085852	1	many_to_one	lncgDivg	ENSMUSG00000075025	0
ENSG00000255079	1	many_to_one	ENSMUSG00000085852	0	NA	NA	NA	0
ENSG00000255032	1	many_to_one	ENSMUSG00000085852	0	NA	NA	NA	0
ENSG00000254693	1	many_to_one	ENSMUSG00000085852	1	many_to_one	lncgDivg	ENSMUSG00000075025	1
ENSG00000254560	1	one_to_one	ENSMUSG00000085444	0	NA	NA	NA	1
ENSG00000255427	1	one_to_many	ENSMUSG00000087278;ENSMUSG00000070794	1	one_to_one	lincDivg	ENSMUSG00000070794	1
ENSG00000254919	1	one_to_many	ENSMUSG00000085110;ENSMUSG00000085417	0	NA	NA	NA	0
ENSG00000255553	1	many_to_many_sameNumber	ENSMUSG00000120136;ENSMUSG00000118100	0	NA	NA	NA	1
ENSG00000285656	1	many_to_many_sameNumber	ENSMUSG00000120136;ENSMUSG00000118100	1	one_to_one	lncgDivg	ENSMUSG00000118100	1
ENSG00000255160	1	one_to_one	ENSMUSG00000085995	0	NA	NA	NA	1
ENSG00000255267	1	many_to_one	ENSMUSG00000086980	0	NA	NA	NA	0
ENSG00000254651	1	many_to_one	ENSMUSG00000086980	0	NA	NA	NA	0
ENSG00000254514	1	many_to_one	ENSMUSG00000086980	0	NA	NA	NA	0
ENSG00000254497	1	many_to_one	ENSMUSG00000086980	1	one_to_one	lncgDivg	ENSMUSG00000086980	0
ENSG00000254427	1	many_to_one	ENSMUSG00000086980	0	NA	NA	NA	0
ENSG00000286418	1	many_to_one	ENSMUSG00000085976	0	NA	NA	NA	0
ENSG00000255041	1	many_to_one	ENSMUSG00000085976	0	NA	NA	NA	0
ENSG00000254746	1	many_to_one	ENSMUSG00000085976	0	NA	NA	NA	0
ENSG00000254862	1	one_to_one	ENSMUSG00000063751	1	one_to_one	lncgDivg	ENSMUSG00000063751	0
ENSG00000254885	1	many_to_many_DifferentNumber	ENSMUSG00000109175;ENSMUSG00000108315	1	many_to_many	lncgDivg	ENSMUSG00000085792;ENSMUSG00000108635;ENSMUSG00000085443;ENSMUSG00000085751;ENSMUSG00000053049	0
ENSG00000255345	1	many_to_many_DifferentNumber	ENSMUSG00000109175;ENSMUSG00000108315	1	many_to_many	lncgDivg	ENSMUSG00000085792;ENSMUSG00000108635;ENSMUSG00000085443;ENSMUSG00000085751;ENSMUSG00000053049	0
ENSG00000254511	1	many_to_many_DifferentNumber	ENSMUSG00000109175;ENSMUSG00000108315	0	NA	NA	NA	0
ENSG00000285568	1	many_to_many_DifferentNumber	ENSMUSG00000109175;ENSMUSG00000108315	0	NA	NA	NA	0
ENSG00000254563	1	many_to_many_DifferentNumber	ENSMUSG00000109175;ENSMUSG00000108315	1	many_to_many	lncgDivg	ENSMUSG00000085792;ENSMUSG00000108635;ENSMUSG00000085443;ENSMUSG00000085751;ENSMUSG00000053049	0
ENSG00000287912	1	many_to_many_DifferentNumber	ENSMUSG00000109175;ENSMUSG00000108315	0	NA	NA	NA	0
ENSG00000255178	1	many_to_many_DifferentNumber	ENSMUSG00000109315;ENSMUSG00000108532	0	NA	NA	NA	0
ENSG00000245832	1	many_to_many_DifferentNumber	ENSMUSG00000109315;ENSMUSG00000108532	0	NA	NA	NA	0
ENSG00000255209	1	many_to_many_DifferentNumber	ENSMUSG00000109315;ENSMUSG00000108532	0	NA	NA	NA	0
ENSG00000254434	1	many_to_many_DifferentNumber	ENSMUSG00000109315;ENSMUSG00000108532	0	NA	NA	NA	0
ENSG00000255246	1	many_to_many_DifferentNumber	ENSMUSG00000109315;ENSMUSG00000108532	0	NA	NA	NA	0
ENSG00000256007	1	many_to_many_DifferentNumber	ENSMUSG00000092364;ENSMUSG00000110239	1	many_to_one	lncgDivg	ENSMUSG00000110239	1
ENSG00000286555	1	many_to_many_DifferentNumber	ENSMUSG00000092364;ENSMUSG00000110239	1	many_to_one	lncgDivg	ENSMUSG00000110239	1
ENSG00000245148	1	many_to_many_DifferentNumber	ENSMUSG00000092364;ENSMUSG00000110239	1	many_to_one	lncgDivg	ENSMUSG00000110239	1
ENSG00000254599	1	many_to_many_DifferentNumber	ENSMUSG00000111503;ENSMUSG00000111830	0	NA	NA	NA	1
ENSG00000254587	1	many_to_many_DifferentNumber	ENSMUSG00000111503;ENSMUSG00000111830	0	NA	NA	NA	1
ENSG00000256684	1	many_to_many_DifferentNumber	ENSMUSG00000111503;ENSMUSG00000111830	0	NA	NA	NA	1
ENSG00000255039	1	many_to_many_sameNumber	ENSMUSG00000109590;ENSMUSG00000110951;ENSMUSG00000111691;ENSMUSG00000111285	0	NA	NA	NA	1
ENSG00000254830	1	many_to_many_sameNumber	ENSMUSG00000109590;ENSMUSG00000110951;ENSMUSG00000111691;ENSMUSG00000111285	0	NA	NA	NA	1
ENSG00000255502	1	many_to_many_sameNumber	ENSMUSG00000109590;ENSMUSG00000110951;ENSMUSG00000111691;ENSMUSG00000111285	0	NA	NA	NA	1
ENSG00000255679	1	many_to_many_sameNumber	ENSMUSG00000109590;ENSMUSG00000110951;ENSMUSG00000111691;ENSMUSG00000111285	0	NA	NA	NA	1
ENSG00000277459	1	one_to_many	ENSMUSG00000092185;ENSMUSG00000110161	1	many_to_many_strict	lncgDivg	ENSMUSG00000110161;ENSMUSG00000092185	1
ENSG00000255516	1	many_to_one	ENSMUSG00000109278	0	NA	NA	NA	1
ENSG00000255241	1	many_to_one	ENSMUSG00000109278	0	NA	NA	NA	1
ENSG00000255028	1	many_to_one	ENSMUSG00000111020	0	NA	NA	NA	0
ENSG00000255528	1	many_to_one	ENSMUSG00000111020	0	NA	NA	NA	0
ENSG00000285842	1	many_to_many_DifferentNumber	ENSMUSG00000111100;ENSMUSG00000111479;ENSMUSG00000111695;ENSMUSG00000111097	1	many_to_one	lincConv	ENSMUSG00000111100	1
ENSG00000250390	1	many_to_many_DifferentNumber	ENSMUSG00000111100;ENSMUSG00000111479;ENSMUSG00000111695;ENSMUSG00000111097	0	NA	NA	NA	1
ENSG00000255605	1	many_to_many_DifferentNumber	ENSMUSG00000111100;ENSMUSG00000111479;ENSMUSG00000111695;ENSMUSG00000111097	1	many_to_one	lincConv	ENSMUSG00000111100	1
ENSG00000248027	1	one_to_many	ENSMUSG00000085253;ENSMUSG00000111284	1	one_to_one	lncgDivg	ENSMUSG00000085253	1
ENSG00000254484	1	one_to_one	ENSMUSG00000085228	0	NA	NA	NA	0
ENSG00000286731	1	many_to_many_DifferentNumber	ENSMUSG00000111829;ENSMUSG00000111110;ENSMUSG00000111400;ENSMUSG00000111334	0	NA	NA	NA	0
ENSG00000255247	1	many_to_many_DifferentNumber	ENSMUSG00000111829;ENSMUSG00000111110;ENSMUSG00000111400;ENSMUSG00000111334	1	many_to_one	lncgDivg	ENSMUSG00000111334	0
ENSG00000254854	1	many_to_many_DifferentNumber	ENSMUSG00000111829;ENSMUSG00000111110;ENSMUSG00000111400;ENSMUSG00000111334	1	many_to_one	lncgDivg	ENSMUSG00000111334	0
ENSG00000287545	1	many_to_many_DifferentNumber	ENSMUSG00000111829;ENSMUSG00000111110;ENSMUSG00000111400;ENSMUSG00000111334	0	NA	NA	NA	0
ENSG00000286992	1	many_to_many_DifferentNumber	ENSMUSG00000111829;ENSMUSG00000111110;ENSMUSG00000111400;ENSMUSG00000111334	0	NA	NA	NA	0
ENSG00000288047	1	many_to_many_DifferentNumber	ENSMUSG00000111829;ENSMUSG00000111110;ENSMUSG00000111400;ENSMUSG00000111334	0	NA	NA	NA	0
ENSG00000254863	1	many_to_many_DifferentNumber	ENSMUSG00000110823;ENSMUSG00000100836;ENSMUSG00000110988	0	NA	NA	NA	0
ENSG00000255216	1	many_to_many_DifferentNumber	ENSMUSG00000110823;ENSMUSG00000100836;ENSMUSG00000110988	1	one_to_one	lincSS.dw	ENSMUSG00000110823	0
ENSG00000272575	1	many_to_many_DifferentNumber	ENSMUSG00000098843;ENSMUSG00000099025;ENSMUSG00000111878	0	NA	NA	NA	1
ENSG00000272642	1	many_to_many_DifferentNumber	ENSMUSG00000098843;ENSMUSG00000099025;ENSMUSG00000111878	0	NA	NA	NA	1
ENSG00000273415	1	many_to_many_DifferentNumber	ENSMUSG00000098843;ENSMUSG00000099025;ENSMUSG00000111878	0	NA	NA	NA	1
ENSG00000273409	1	many_to_many_DifferentNumber	ENSMUSG00000098843;ENSMUSG00000099025;ENSMUSG00000111878	0	NA	NA	NA	1
ENSG00000257271	1	many_to_many_DifferentNumber	ENSMUSG00000098843;ENSMUSG00000099025;ENSMUSG00000111878	1	many_to_one	lncgDivg	ENSMUSG00000053889	1
ENSG00000254960	1	many_to_many_DifferentNumber	ENSMUSG00000098843;ENSMUSG00000099025;ENSMUSG00000111878	1	many_to_one	lncgDivg	ENSMUSG00000053889	1
ENSG00000255317	1	many_to_many_DifferentNumber	ENSMUSG00000098843;ENSMUSG00000099025;ENSMUSG00000111878	1	many_to_one	lncgDivg	ENSMUSG00000053889	1
ENSG00000218109	1	many_to_many_DifferentNumber	ENSMUSG00000098843;ENSMUSG00000099025;ENSMUSG00000111878	1	many_to_one	lncgDivg	ENSMUSG00000053889	1
ENSG00000255087	1	many_to_many_DifferentNumber	ENSMUSG00000098843;ENSMUSG00000099025;ENSMUSG00000111878	0	NA	NA	NA	1
ENSG00000254607	1	many_to_many_DifferentNumber	ENSMUSG00000098843;ENSMUSG00000099025;ENSMUSG00000111878	1	many_to_one	lncgDivg	ENSMUSG00000053889	1
ENSG00000289398	1	many_to_many_DifferentNumber	ENSMUSG00000098843;ENSMUSG00000099025;ENSMUSG00000111878	0	NA	NA	NA	1
ENSG00000254938	1	many_to_many_DifferentNumber	ENSMUSG00000099148;ENSMUSG00000098519;ENSMUSG00000111645;ENSMUSG00000111467;ENSMUSG00000111276;ENSMUSG00000111265;ENSMUSG00000110771;ENSMUSG00000098358;ENSMUSG00000098758;ENSMUSG00000110925	0	NA	NA	NA	1
ENSG00000289093	1	many_to_many_DifferentNumber	ENSMUSG00000099148;ENSMUSG00000098519;ENSMUSG00000111645;ENSMUSG00000111467;ENSMUSG00000111276;ENSMUSG00000111265;ENSMUSG00000110771;ENSMUSG00000098358;ENSMUSG00000098758;ENSMUSG00000110925	0	NA	NA	NA	1
ENSG00000289936	1	many_to_many_DifferentNumber	ENSMUSG00000099148;ENSMUSG00000098519;ENSMUSG00000111645;ENSMUSG00000111467;ENSMUSG00000111276;ENSMUSG00000111265;ENSMUSG00000110771;ENSMUSG00000098358;ENSMUSG00000098758;ENSMUSG00000110925	0	NA	NA	NA	1
ENSG00000254880	1	many_to_many_sameNumber	ENSMUSG00000093721;ENSMUSG00000110722	1	many_to_many_strict	lncgDivg	ENSMUSG00000093721;ENSMUSG00000110722	1
ENSG00000255475	1	many_to_many_sameNumber	ENSMUSG00000093721;ENSMUSG00000110722	0	NA	NA	NA	1
ENSG00000227125	1	many_to_many_DifferentNumber	ENSMUSG00000085638;ENSMUSG00000111109	0	NA	NA	NA	0
ENSG00000237612	1	many_to_many_DifferentNumber	ENSMUSG00000085638;ENSMUSG00000111109	0	NA	NA	NA	0
ENSG00000236129	1	many_to_many_DifferentNumber	ENSMUSG00000085638;ENSMUSG00000111109	0	NA	NA	NA	0
ENSG00000231698	1	many_to_many_DifferentNumber	ENSMUSG00000085638;ENSMUSG00000111109	0	NA	NA	NA	0
ENSG00000255455	1	one_to_many	ENSMUSG00000085449;ENSMUSG00000111304	0	NA	NA	NA	0
ENSG00000289391	1	one_to_one	ENSMUSG00000111767	0	NA	NA	NA	0
ENSG00000246790	1	one_to_many	ENSMUSG00000086360;ENSMUSG00000111167	1	one_to_one	lncgDivg	ENSMUSG00000086360	0
ENSG00000254710	1	one_to_many	ENSMUSG00000111323;ENSMUSG00000111271;ENSMUSG00000111858;ENSMUSG00000111504;ENSMUSG00000110992	1	one_to_many	lncgDivg	ENSMUSG00000087135;ENSMUSG00000111189;ENSMUSG00000086014	1
ENSG00000254823	1	one_to_many	ENSMUSG00000087047;ENSMUSG00000097205;ENSMUSG00000110922	1	one_to_one	lincDivg	ENSMUSG00000110922	1
ENSG00000282728	1	one_to_one	ENSMUSG00000111602	0	NA	NA	NA	0
ENSG00000255422	1	one_to_one	ENSMUSG00000110755	0	NA	NA	NA	0
ENSG00000281386	1	one_to_one	ENSMUSG00000110853	0	NA	NA	NA	1
ENSG00000281097	1	many_to_many_sameNumber	ENSMUSG00000111655;ENSMUSG00000111853	0	NA	NA	NA	1
ENSG00000287426	1	many_to_many_sameNumber	ENSMUSG00000111655;ENSMUSG00000111853	1	one_to_one	lncgDivg	ENSMUSG00000111655	1
ENSG00000175728	1	one_to_many	ENSMUSG00000111413;ENSMUSG00000111867	0	NA	NA	NA	0
ENSG00000255258	1	many_to_many_DifferentNumber	ENSMUSG00000111694;ENSMUSG00000110851	0	NA	NA	NA	0
ENSG00000255371	1	many_to_many_DifferentNumber	ENSMUSG00000111694;ENSMUSG00000110851	0	NA	NA	NA	0
ENSG00000254896	1	many_to_many_DifferentNumber	ENSMUSG00000111694;ENSMUSG00000110851	0	NA	NA	NA	0
ENSG00000255234	1	one_to_one	ENSMUSG00000109382	0	NA	NA	NA	0
ENSG00000270403	1	one_to_one	ENSMUSG00000097074	1	one_to_one	lncgDivg	ENSMUSG00000097074	0
ENSG00000247867	1	one_to_one	ENSMUSG00000109052	0	NA	NA	NA	0
ENSG00000254814	1	many_to_many_sameNumber	ENSMUSG00000109282;ENSMUSG00000109130	0	NA	NA	NA	1
ENSG00000255507	1	many_to_many_sameNumber	ENSMUSG00000109282;ENSMUSG00000109130	1	many_to_many_strict	lncgDivg	ENSMUSG00000109130;ENSMUSG00000109282	1
ENSG00000237410	1	many_to_one	ENSMUSG00000084876	1	many_to_one	lncgDivg	ENSMUSG00000052188	1
ENSG00000289058	1	many_to_one	ENSMUSG00000084876	1	many_to_one	lncgDivg	ENSMUSG00000052188	1
ENSG00000269038	1	one_to_one	ENSMUSG00000079467	0	NA	NA	NA	1
ENSG00000238262	1	one_to_one	ENSMUSG00000110741	0	NA	NA	NA	0
ENSG00000237654	1	many_to_one	ENSMUSG00000087531	1	many_to_one	lncgDivg	ENSMUSG00000085449	0
ENSG00000285980	1	many_to_one	ENSMUSG00000087531	1	many_to_one	lncgDivg	ENSMUSG00000085449	0
ENSG00000238117	1	many_to_one	ENSMUSG00000087531	1	many_to_one	lncgDivg	ENSMUSG00000085449	0
ENSG00000224700	1	many_to_one	ENSMUSG00000087531	1	many_to_one	lncgDivg	ENSMUSG00000085449	0
ENSG00000224795	1	many_to_one	ENSMUSG00000087531	1	many_to_one	lncgDivg	ENSMUSG00000085449	0
ENSG00000251194	1	one_to_one	ENSMUSG00000087185	0	NA	NA	NA	0
ENSG00000245522	1	one_to_one	ENSMUSG00000109799	0	NA	NA	NA	1
ENSG00000254554	1	one_to_one	ENSMUSG00000099803	0	NA	NA	NA	1
ENSG00000254519	1	many_to_one	ENSMUSG00000085293	1	one_to_one	lincDivg	ENSMUSG00000085293	0
ENSG00000255091	1	many_to_one	ENSMUSG00000085293	0	NA	NA	NA	0
ENSG00000205106	1	many_to_one	ENSMUSG00000085293	0	NA	NA	NA	0
ENSG00000255426	1	many_to_one	ENSMUSG00000085261	1	many_to_one	lincDivg	ENSMUSG00000085261	0
ENSG00000255226	1	many_to_one	ENSMUSG00000085261	1	many_to_one	lincDivg	ENSMUSG00000085261	0
ENSG00000254653	1	many_to_many_DifferentNumber	ENSMUSG00000087197;ENSMUSG00000087018	1	many_to_one	lncgDivg	ENSMUSG00000087197	0
ENSG00000255314	1	many_to_many_DifferentNumber	ENSMUSG00000087197;ENSMUSG00000087018	1	many_to_one	lncgDivg	ENSMUSG00000087197	0
ENSG00000254639	1	many_to_many_DifferentNumber	ENSMUSG00000087197;ENSMUSG00000087018	1	one_to_one	lincSS.up	ENSMUSG00000087018	0
ENSG00000255269	1	many_to_one	ENSMUSG00000121001	0	NA	NA	NA	0
ENSG00000255007	1	many_to_one	ENSMUSG00000121001	0	NA	NA	NA	0
ENSG00000289990	1	many_to_one	ENSMUSG00000121001	0	NA	NA	NA	0
ENSG00000255947	1	many_to_one	ENSMUSG00000118330	0	NA	NA	NA	1
ENSG00000256443	1	many_to_one	ENSMUSG00000118330	0	NA	NA	NA	1
ENSG00000255335	1	one_to_one	ENSMUSG00000109962	1	one_to_one	lincDivg	ENSMUSG00000109962	1
ENSG00000254731	1	many_to_one	ENSMUSG00000092071	0	NA	NA	NA	1
ENSG00000255250	1	many_to_one	ENSMUSG00000092071	0	NA	NA	NA	1
ENSG00000255448	1	one_to_one	ENSMUSG00000110316	0	NA	NA	NA	1
ENSG00000267811	1	one_to_one	ENSMUSG00000120814	1	many_to_one	lncgDivg	ENSMUSG00000120814	1
ENSG00000254602	1	one_to_one	ENSMUSG00000097187	0	NA	NA	NA	0
ENSG00000245008	1	one_to_many	ENSMUSG00000098645;ENSMUSG00000110844	1	many_to_one	lncgDivg	ENSMUSG00000098645	1
ENSG00000250493	1	one_to_one	ENSMUSG00000087456	1	one_to_many	lncgDivg	ENSMUSG00000120815;ENSMUSG00000110749	1
ENSG00000254928	1	one_to_one	ENSMUSG00000109186	0	NA	NA	NA	0
ENSG00000254833	1	one_to_one	ENSMUSG00000111059	1	one_to_one	lincConv	ENSMUSG00000111059	1
ENSG00000261257	1	many_to_one	ENSMUSG00000111746	0	NA	NA	NA	1
ENSG00000287666	1	many_to_one	ENSMUSG00000111746	0	NA	NA	NA	1
ENSG00000255382	1	one_to_one	ENSMUSG00000054061	0	NA	NA	NA	0
ENSG00000246067	1	one_to_one	ENSMUSG00000074024	1	one_to_one	lncgDivg	ENSMUSG00000074024	0
ENSG00000255503	1	one_to_one	ENSMUSG00000098041	0	NA	NA	NA	0
ENSG00000236304	1	one_to_one	ENSMUSG00000055446	0	NA	NA	NA	1
ENSG00000233220	1	one_to_one	ENSMUSG00000111246	1	one_to_one	lncgDivg	ENSMUSG00000111246	0
ENSG00000255159	1	many_to_one	ENSMUSG00000109499	1	many_to_one	lncgDivg	ENSMUSG00000109499	1
ENSG00000254665	1	many_to_one	ENSMUSG00000109499	1	many_to_one	lncgDivg	ENSMUSG00000109499	1
ENSG00000257002	1	one_to_one	ENSMUSG00000117763	1	one_to_one	lncgDivg	ENSMUSG00000117763	1
ENSG00000287934	1	one_to_one	ENSMUSG00000120891	0	NA	NA	NA	1
ENSG00000287898	1	one_to_one	ENSMUSG00000110240	1	one_to_one	lncgDivg	ENSMUSG00000110240	1
ENSG00000285513	1	one_to_many	ENSMUSG00000074373;ENSMUSG00000120281	1	one_to_one	lncgConv	ENSMUSG00000074373	1
ENSG00000288033	1	many_to_one	ENSMUSG00000120837	0	NA	NA	NA	0
ENSG00000254739	1	many_to_one	ENSMUSG00000120837	0	NA	NA	NA	0
ENSG00000289997	1	many_to_one	ENSMUSG00000120837	0	NA	NA	NA	0
ENSG00000254933	1	one_to_many	ENSMUSG00000109149;ENSMUSG00000108988	0	NA	NA	NA	0
ENSG00000254654	1	many_to_many_sameNumber	ENSMUSG00000087559;ENSMUSG00000121187	1	one_to_one	lincDivg	ENSMUSG00000121187	0
ENSG00000287984	1	many_to_many_sameNumber	ENSMUSG00000087559;ENSMUSG00000121187	1	one_to_one	lincSS.up	ENSMUSG00000087559	0
ENSG00000255395	1	one_to_many	ENSMUSG00000085095;ENSMUSG00000109559	1	one_to_many	lncgDivg	ENSMUSG00000085095;ENSMUSG00000109559	1
ENSG00000255136	1	one_to_one	ENSMUSG00000097974	0	NA	NA	NA	0
ENSG00000245532	1	many_to_many_DifferentNumber	ENSMUSG00000092274;ENSMUSG00000120816;ENSMUSG00000092341	0	NA	NA	NA	0
ENSG00000290057	1	many_to_many_DifferentNumber	ENSMUSG00000092274;ENSMUSG00000120816;ENSMUSG00000092341	0	NA	NA	NA	0
ENSG00000286756	1	many_to_many_DifferentNumber	ENSMUSG00000092274;ENSMUSG00000120816;ENSMUSG00000092341	1	many_to_one	lincSS.up	ENSMUSG00000092341	0
ENSG00000251562	1	many_to_many_DifferentNumber	ENSMUSG00000092274;ENSMUSG00000120816;ENSMUSG00000092341	1	many_to_one	lincSS.up	ENSMUSG00000092341	0
ENSG00000291174	1	many_to_many_DifferentNumber	ENSMUSG00000092274;ENSMUSG00000120816;ENSMUSG00000092341	0	NA	NA	NA	0
ENSG00000279243	1	many_to_many_DifferentNumber	ENSMUSG00000120562;ENSMUSG00000043488	0	NA	NA	NA	0
ENSG00000289740	1	many_to_many_DifferentNumber	ENSMUSG00000120562;ENSMUSG00000043488	0	NA	NA	NA	0
ENSG00000289259	1	many_to_many_DifferentNumber	ENSMUSG00000120562;ENSMUSG00000043488	0	NA	NA	NA	0
ENSG00000289883	1	many_to_many_DifferentNumber	ENSMUSG00000120562;ENSMUSG00000043488	0	NA	NA	NA	0
ENSG00000290061	1	many_to_many_DifferentNumber	ENSMUSG00000120562;ENSMUSG00000043488	0	NA	NA	NA	0
ENSG00000270117	1	many_to_many_DifferentNumber	ENSMUSG00000120562;ENSMUSG00000043488	0	NA	NA	NA	0
ENSG00000255191	1	one_to_one	ENSMUSG00000109442	0	NA	NA	NA	0
ENSG00000260348	1	many_to_many_sameNumber	ENSMUSG00000108851;ENSMUSG00000109009	1	many_to_one	lincDivg	ENSMUSG00000109009	0
ENSG00000260679	1	many_to_many_sameNumber	ENSMUSG00000108851;ENSMUSG00000109009	1	many_to_one	lincDivg	ENSMUSG00000109009	0
ENSG00000254721	1	many_to_one	ENSMUSG00000073778	0	NA	NA	NA	0
ENSG00000289074	1	many_to_one	ENSMUSG00000073778	0	NA	NA	NA	0
ENSG00000254508	1	many_to_one	ENSMUSG00000046085	1	many_to_one	lncgDivg	ENSMUSG00000046085	1
ENSG00000255272	1	many_to_one	ENSMUSG00000046085	1	many_to_one	lncgDivg	ENSMUSG00000046085	1
ENSG00000255169	1	many_to_one	ENSMUSG00000046085	0	NA	NA	NA	1
ENSG00000254619	1	many_to_one	ENSMUSG00000046085	0	NA	NA	NA	1
ENSG00000255406	1	many_to_many_sameNumber	ENSMUSG00000110836;ENSMUSG00000111387	1	one_to_one	lincSS.up	ENSMUSG00000110836	0
ENSG00000204241	1	many_to_many_sameNumber	ENSMUSG00000110836;ENSMUSG00000111387	0	NA	NA	NA	0
ENSG00000254648	1	one_to_one	ENSMUSG00000111390	0	NA	NA	NA	0
ENSG00000287556	1	many_to_one	ENSMUSG00000078308	0	NA	NA	NA	1
ENSG00000287028	1	many_to_one	ENSMUSG00000078308	0	NA	NA	NA	1
ENSG00000196167	1	one_to_one	ENSMUSG00000044694	1	one_to_one	lncgDivg	ENSMUSG00000044694	1
ENSG00000263873	1	many_to_many_DifferentNumber	ENSMUSG00000111758;ENSMUSG00000111637;ENSMUSG00000111229	1	one_to_one	lncgDivg	ENSMUSG00000111229	1
ENSG00000289553	1	many_to_many_DifferentNumber	ENSMUSG00000111758;ENSMUSG00000111637;ENSMUSG00000111229	0	NA	NA	NA	1
ENSG00000247137	1	many_to_one	ENSMUSG00000098066	1	one_to_one	lncgConv	ENSMUSG00000098066	0
ENSG00000269939	1	many_to_one	ENSMUSG00000098066	0	NA	NA	NA	0
ENSG00000255521	1	many_to_one	ENSMUSG00000121264	1	many_to_one	lncgDivg	ENSMUSG00000121264	0
ENSG00000289526	1	many_to_one	ENSMUSG00000121264	0	NA	NA	NA	0
ENSG00000254510	1	one_to_many	ENSMUSG00000120130;ENSMUSG00000120690	0	NA	NA	NA	1
ENSG00000255320	1	one_to_one	ENSMUSG00000117710	0	NA	NA	NA	1
ENSG00000255084	1	one_to_many	ENSMUSG00000085751;ENSMUSG00000085792;ENSMUSG00000053049;ENSMUSG00000085443;ENSMUSG00000108635;ENSMUSG00000085560	0	NA	NA	NA	0
ENSG00000238184	1	many_to_one	ENSMUSG00000059277	1	many_to_one	lncgDivg	ENSMUSG00000059277	1
ENSG00000290098	1	many_to_one	ENSMUSG00000059277	1	many_to_one	lncgDivg	ENSMUSG00000059277	0
ENSG00000255173	1	one_to_one	ENSMUSG00000120982	1	one_to_one	lncgDivg	ENSMUSG00000120982	0
ENSG00000289230	1	one_to_one	ENSMUSG00000111570	0	NA	NA	NA	1
ENSG00000255031	1	one_to_one	ENSMUSG00000117912	0	NA	NA	NA	1
ENSG00000255236	1	one_to_one	ENSMUSG00000082848	1	one_to_one	lncgDivg	ENSMUSG00000117912	1
ENSG00000175773	1	one_to_many	ENSMUSG00000111673;ENSMUSG00000120331	1	one_to_one	lncgDivg	ENSMUSG00000120331	1
ENSG00000288012	1	one_to_one	ENSMUSG00000086914	1	one_to_one	lncgDivg	ENSMUSG00000086914	0
ENSG00000283341	1	many_to_one	ENSMUSG00000075020	1	one_to_one	lncgSS.up	ENSMUSG00000075020	1
ENSG00000254577	1	many_to_one	ENSMUSG00000075020	0	NA	NA	NA	1
ENSG00000283217	1	many_to_one	ENSMUSG00000075020	0	NA	NA	NA	1
ENSG00000235661	1	many_to_one	ENSMUSG00000075020	0	NA	NA	NA	1
ENSG00000290026	1	many_to_one	ENSMUSG00000089766	0	NA	NA	NA	1
ENSG00000289339	1	many_to_one	ENSMUSG00000089766	0	NA	NA	NA	1
ENSG00000286369	1	one_to_one	ENSMUSG00000118249	1	one_to_one	lncgDivg	ENSMUSG00000118249	1
ENSG00000280832	1	one_to_one	ENSMUSG00000070315	0	NA	NA	NA	1
ENSG00000278376	1	one_to_many	ENSMUSG00000110721;ENSMUSG00000111656;ENSMUSG00000120036;ENSMUSG00000120724	1	one_to_one	lncgDivg	ENSMUSG00000120036	0
ENSG00000288061	1	one_to_many	ENSMUSG00000086014;ENSMUSG00000111189;ENSMUSG00000087135;ENSMUSG00000120980	0	NA	NA	NA	1
ENSG00000285533	1	one_to_one	ENSMUSG00000120141	1	one_to_one	lncgDivg	ENSMUSG00000120141	1
ENSG00000254791	1	many_to_one	ENSMUSG00000101755	0	NA	NA	NA	1
ENSG00000255411	1	many_to_one	ENSMUSG00000101755	0	NA	NA	NA	1
ENSG00000254927	1	many_to_many_DifferentNumber	ENSMUSG00000084984;ENSMUSG00000073862	1	many_to_one	lincDivg	ENSMUSG00000073862	1
ENSG00000254930	1	many_to_many_DifferentNumber	ENSMUSG00000084984;ENSMUSG00000073862	1	many_to_one	lincDivg	ENSMUSG00000073862	1
ENSG00000254438	1	many_to_many_DifferentNumber	ENSMUSG00000084984;ENSMUSG00000073862	1	many_to_one	lincDivg	ENSMUSG00000073862	1
ENSG00000254907	1	one_to_one	ENSMUSG00000045464	1	one_to_one	lncgConv	ENSMUSG00000045464	1
ENSG00000184566	1	one_to_one	ENSMUSG00000086687	0	NA	NA	NA	1
ENSG00000286626	1	one_to_many	ENSMUSG00000120246;ENSMUSG00000084756	0	NA	NA	NA	1
ENSG00000255197	1	one_to_one	ENSMUSG00000120441	1	one_to_one	lncgDivg	ENSMUSG00000120441	1
ENSG00000255717	1	one_to_one	ENSMUSG00000108414	1	one_to_one	lncgDivg	ENSMUSG00000108414	1
ENSG00000254699	1	one_to_many	ENSMUSG00000120734;ENSMUSG00000097585;ENSMUSG00000121051	1	one_to_one	lincDivg	ENSMUSG00000121051	1
ENSG00000255471	1	one_to_one	ENSMUSG00000109311	1	one_to_one	lncgDivg	ENSMUSG00000030623	1
ENSG00000226694	1	many_to_many_DifferentNumber	ENSMUSG00000114017;ENSMUSG00000113241;ENSMUSG00000114126	0	NA	NA	NA	0
ENSG00000287653	1	many_to_many_DifferentNumber	ENSMUSG00000114017;ENSMUSG00000113241;ENSMUSG00000114126	0	NA	NA	NA	0
ENSG00000237500	1	many_to_many_DifferentNumber	ENSMUSG00000114017;ENSMUSG00000113241;ENSMUSG00000114126	0	NA	NA	NA	0
ENSG00000227912	1	many_to_many_DifferentNumber	ENSMUSG00000114017;ENSMUSG00000113241;ENSMUSG00000114126	0	NA	NA	NA	0
ENSG00000235281	1	many_to_many_DifferentNumber	ENSMUSG00000114017;ENSMUSG00000113241;ENSMUSG00000114126	0	NA	NA	NA	0
ENSG00000234182	1	many_to_many_DifferentNumber	ENSMUSG00000114017;ENSMUSG00000113241;ENSMUSG00000114126	0	NA	NA	NA	0
ENSG00000205696	1	many_to_many_DifferentNumber	ENSMUSG00000114017;ENSMUSG00000113241;ENSMUSG00000114126	1	one_to_one	lncgDivg	ENSMUSG00000114126	0
ENSG00000289597	1	many_to_many_DifferentNumber	ENSMUSG00000114017;ENSMUSG00000113241;ENSMUSG00000114126	0	NA	NA	NA	0
ENSG00000233052	1	many_to_one	ENSMUSG00000113225	0	NA	NA	NA	0
ENSG00000234556	1	many_to_one	ENSMUSG00000113225	0	NA	NA	NA	0
ENSG00000234962	1	many_to_one	ENSMUSG00000113225	0	NA	NA	NA	0
ENSG00000234170	1	many_to_one	ENSMUSG00000113225	0	NA	NA	NA	0
ENSG00000231326	1	many_to_one	ENSMUSG00000113225	0	NA	NA	NA	0
ENSG00000286858	1	many_to_one	ENSMUSG00000113225	0	NA	NA	NA	0
ENSG00000287043	1	many_to_one	ENSMUSG00000113225	0	NA	NA	NA	1
ENSG00000282390	1	many_to_one	ENSMUSG00000113225	0	NA	NA	NA	0
ENSG00000287560	1	many_to_one	ENSMUSG00000113225	0	NA	NA	NA	0
ENSG00000273001	1	many_to_one	ENSMUSG00000113225	0	NA	NA	NA	0
ENSG00000289427	1	many_to_one	ENSMUSG00000113225	0	NA	NA	NA	0
ENSG00000286610	1	many_to_many_DifferentNumber	ENSMUSG00000113054;ENSMUSG00000113483;ENSMUSG00000114097	0	NA	NA	NA	1
ENSG00000229672	1	many_to_many_DifferentNumber	ENSMUSG00000113054;ENSMUSG00000113483;ENSMUSG00000114097	0	NA	NA	NA	1
ENSG00000228353	1	many_to_many_DifferentNumber	ENSMUSG00000113054;ENSMUSG00000113483;ENSMUSG00000114097	0	NA	NA	NA	1
ENSG00000237399	1	many_to_many_DifferentNumber	ENSMUSG00000113054;ENSMUSG00000113483;ENSMUSG00000114097	0	NA	NA	NA	1
ENSG00000236968	1	many_to_many_DifferentNumber	ENSMUSG00000113054;ENSMUSG00000113483;ENSMUSG00000114097	0	NA	NA	NA	1
ENSG00000227338	1	many_to_many_DifferentNumber	ENSMUSG00000113054;ENSMUSG00000113483;ENSMUSG00000114097	0	NA	NA	NA	1
ENSG00000287428	1	many_to_many_DifferentNumber	ENSMUSG00000113054;ENSMUSG00000113483;ENSMUSG00000114097	0	NA	NA	NA	1
ENSG00000289994	1	many_to_many_DifferentNumber	ENSMUSG00000113054;ENSMUSG00000113483;ENSMUSG00000114097	0	NA	NA	NA	1
ENSG00000236892	1	many_to_many_DifferentNumber	ENSMUSG00000113757;ENSMUSG00000113017;ENSMUSG00000113765;ENSMUSG00000101540	0	NA	NA	NA	1
ENSG00000288566	1	many_to_many_DifferentNumber	ENSMUSG00000113757;ENSMUSG00000113017;ENSMUSG00000113765;ENSMUSG00000101540	0	NA	NA	NA	1
ENSG00000226762	1	many_to_many_DifferentNumber	ENSMUSG00000113757;ENSMUSG00000113017;ENSMUSG00000113765;ENSMUSG00000101540	0	NA	NA	NA	1
ENSG00000288657	1	many_to_many_DifferentNumber	ENSMUSG00000113757;ENSMUSG00000113017;ENSMUSG00000113765;ENSMUSG00000101540	0	NA	NA	NA	1
ENSG00000289882	1	many_to_many_DifferentNumber	ENSMUSG00000113757;ENSMUSG00000113017;ENSMUSG00000113765;ENSMUSG00000101540	0	NA	NA	NA	1
ENSG00000233321	1	many_to_many_DifferentNumber	ENSMUSG00000113757;ENSMUSG00000113017;ENSMUSG00000113765;ENSMUSG00000101540	0	NA	NA	NA	1
ENSG00000225269	1	many_to_many_DifferentNumber	ENSMUSG00000113866;ENSMUSG00000100625;ENSMUSG00000120440;ENSMUSG00000114053	0	NA	NA	NA	0
ENSG00000236990	1	many_to_many_DifferentNumber	ENSMUSG00000113866;ENSMUSG00000100625;ENSMUSG00000120440;ENSMUSG00000114053	0	NA	NA	NA	0
ENSG00000230573	1	many_to_many_DifferentNumber	ENSMUSG00000113866;ENSMUSG00000100625;ENSMUSG00000120440;ENSMUSG00000114053	1	many_to_one	lincDivg	ENSMUSG00000120440	0
ENSG00000286687	1	many_to_many_DifferentNumber	ENSMUSG00000113866;ENSMUSG00000100625;ENSMUSG00000120440;ENSMUSG00000114053	0	NA	NA	NA	0
ENSG00000224382	1	many_to_many_DifferentNumber	ENSMUSG00000113866;ENSMUSG00000100625;ENSMUSG00000120440;ENSMUSG00000114053	0	NA	NA	NA	0
ENSG00000287175	1	many_to_many_DifferentNumber	ENSMUSG00000113866;ENSMUSG00000100625;ENSMUSG00000120440;ENSMUSG00000114053	1	many_to_one	lincDivg	ENSMUSG00000120440	0
ENSG00000287246	1	many_to_many_DifferentNumber	ENSMUSG00000113866;ENSMUSG00000100625;ENSMUSG00000120440;ENSMUSG00000114053	0	NA	NA	NA	0
ENSG00000227101	1	many_to_many_DifferentNumber	ENSMUSG00000113866;ENSMUSG00000100625;ENSMUSG00000120440;ENSMUSG00000114053	0	NA	NA	NA	0
ENSG00000288755	1	many_to_many_DifferentNumber	ENSMUSG00000113866;ENSMUSG00000100625;ENSMUSG00000120440;ENSMUSG00000114053	1	one_to_one	lncgDivg	ENSMUSG00000100625	0
ENSG00000226005	1	many_to_many_DifferentNumber	ENSMUSG00000113866;ENSMUSG00000100625;ENSMUSG00000120440;ENSMUSG00000114053	0	NA	NA	NA	0
ENSG00000230096	1	many_to_many_DifferentNumber	ENSMUSG00000113717;ENSMUSG00000053499;ENSMUSG00000114098	0	NA	NA	NA	0
ENSG00000231298	1	many_to_many_DifferentNumber	ENSMUSG00000113717;ENSMUSG00000053499;ENSMUSG00000114098	0	NA	NA	NA	0
ENSG00000287023	1	many_to_many_DifferentNumber	ENSMUSG00000113717;ENSMUSG00000053499;ENSMUSG00000114098	0	NA	NA	NA	0
ENSG00000233117	1	many_to_many_DifferentNumber	ENSMUSG00000113717;ENSMUSG00000053499;ENSMUSG00000114098	0	NA	NA	NA	0
ENSG00000226990	1	many_to_many_DifferentNumber	ENSMUSG00000075538;ENSMUSG00000062319;ENSMUSG00000085070;ENSMUSG00000079603	0	NA	NA	NA	0
ENSG00000224788	1	many_to_many_DifferentNumber	ENSMUSG00000075538;ENSMUSG00000062319;ENSMUSG00000085070;ENSMUSG00000079603	0	NA	NA	NA	0
ENSG00000230014	1	many_to_many_DifferentNumber	ENSMUSG00000075538;ENSMUSG00000062319;ENSMUSG00000085070;ENSMUSG00000079603	0	NA	NA	NA	0
ENSG00000234752	1	many_to_many_DifferentNumber	ENSMUSG00000075538;ENSMUSG00000062319;ENSMUSG00000085070;ENSMUSG00000079603	0	NA	NA	NA	0
ENSG00000226861	1	many_to_many_DifferentNumber	ENSMUSG00000075538;ENSMUSG00000062319;ENSMUSG00000085070;ENSMUSG00000079603	0	NA	NA	NA	0
ENSG00000223808	1	many_to_many_DifferentNumber	ENSMUSG00000075538;ENSMUSG00000062319;ENSMUSG00000085070;ENSMUSG00000079603	0	NA	NA	NA	0
ENSG00000287309	1	many_to_many_DifferentNumber	ENSMUSG00000075538;ENSMUSG00000062319;ENSMUSG00000085070;ENSMUSG00000079603	0	NA	NA	NA	0
ENSG00000232638	1	many_to_many_DifferentNumber	ENSMUSG00000075538;ENSMUSG00000062319;ENSMUSG00000085070;ENSMUSG00000079603	0	NA	NA	NA	0
ENSG00000289363	1	many_to_many_DifferentNumber	ENSMUSG00000075538;ENSMUSG00000062319;ENSMUSG00000085070;ENSMUSG00000079603	0	NA	NA	NA	0
ENSG00000289328	1	many_to_many_DifferentNumber	ENSMUSG00000075538;ENSMUSG00000062319;ENSMUSG00000085070;ENSMUSG00000079603	0	NA	NA	NA	0
ENSG00000232170	1	many_to_many_DifferentNumber	ENSMUSG00000087079;ENSMUSG00000099424;ENSMUSG00000085580;ENSMUSG00000079604	0	NA	NA	NA	0
ENSG00000234306	1	many_to_many_DifferentNumber	ENSMUSG00000087079;ENSMUSG00000099424;ENSMUSG00000085580;ENSMUSG00000079604	0	NA	NA	NA	0
ENSG00000287120	1	many_to_many_DifferentNumber	ENSMUSG00000087079;ENSMUSG00000099424;ENSMUSG00000085580;ENSMUSG00000079604	0	NA	NA	NA	0
ENSG00000286439	1	many_to_many_DifferentNumber	ENSMUSG00000087079;ENSMUSG00000099424;ENSMUSG00000085580;ENSMUSG00000079604	0	NA	NA	NA	0
ENSG00000228636	1	many_to_many_DifferentNumber	ENSMUSG00000087079;ENSMUSG00000099424;ENSMUSG00000085580;ENSMUSG00000079604	0	NA	NA	NA	0
ENSG00000197308	1	many_to_many_DifferentNumber	ENSMUSG00000087079;ENSMUSG00000099424;ENSMUSG00000085580;ENSMUSG00000079604	1	one_to_many	lncgDivg	ENSMUSG00000086618;ENSMUSG00000025783	0
ENSG00000225383	1	many_to_many_DifferentNumber	ENSMUSG00000087079;ENSMUSG00000099424;ENSMUSG00000085580;ENSMUSG00000079604	1	many_to_one	lncgDivg	ENSMUSG00000087079	0
ENSG00000270111	1	many_to_many_DifferentNumber	ENSMUSG00000087079;ENSMUSG00000099424;ENSMUSG00000085580;ENSMUSG00000079604	0	NA	NA	NA	0
ENSG00000289897	1	many_to_many_DifferentNumber	ENSMUSG00000087079;ENSMUSG00000099424;ENSMUSG00000085580;ENSMUSG00000079604	0	NA	NA	NA	0
ENSG00000212743	1	many_to_many_DifferentNumber	ENSMUSG00000102196;ENSMUSG00000102674;ENSMUSG00000120676	1	one_to_many	lincConv	ENSMUSG00000102196;ENSMUSG00000102674;ENSMUSG00000120676	0
ENSG00000215244	1	many_to_many_DifferentNumber	ENSMUSG00000102196;ENSMUSG00000102674;ENSMUSG00000120676	0	NA	NA	NA	0
ENSG00000213994	1	many_to_many_sameNumber	ENSMUSG00000086491;ENSMUSG00000086006	1	one_to_one	lncgDivg	ENSMUSG00000102329	1
ENSG00000289934	1	many_to_many_sameNumber	ENSMUSG00000086491;ENSMUSG00000086006	1	one_to_many	lincSS.dw	ENSMUSG00000086006;ENSMUSG00000086491	0
ENSG00000230121	1	one_to_one	ENSMUSG00000086748	0	NA	NA	NA	1
ENSG00000233642	1	one_to_one	ENSMUSG00000085680	1	one_to_one	lncgDivg	ENSMUSG00000085680	1
ENSG00000286958	1	one_to_one	ENSMUSG00000086358	0	NA	NA	NA	1
ENSG00000203565	1	many_to_one	ENSMUSG00000120963	0	NA	NA	NA	0
ENSG00000273012	1	many_to_one	ENSMUSG00000120963	0	NA	NA	NA	0
ENSG00000287278	1	many_to_one	ENSMUSG00000120963	0	NA	NA	NA	0
ENSG00000238258	1	many_to_one	ENSMUSG00000120963	0	NA	NA	NA	1
ENSG00000223470	1	many_to_one	ENSMUSG00000120963	0	NA	NA	NA	0
ENSG00000288987	1	many_to_one	ENSMUSG00000120963	0	NA	NA	NA	0
ENSG00000238246	1	many_to_one	ENSMUSG00000085193	0	NA	NA	NA	1
ENSG00000287613	1	many_to_one	ENSMUSG00000085193	0	NA	NA	NA	1
ENSG00000226808	1	many_to_many_DifferentNumber	ENSMUSG00000107434;ENSMUSG00000099869;ENSMUSG00000107785	0	NA	NA	NA	0
ENSG00000233395	1	many_to_many_DifferentNumber	ENSMUSG00000107434;ENSMUSG00000099869;ENSMUSG00000107785	0	NA	NA	NA	0
ENSG00000227029	1	many_to_many_DifferentNumber	ENSMUSG00000107434;ENSMUSG00000099869;ENSMUSG00000107785	0	NA	NA	NA	0
ENSG00000277288	1	many_to_many_DifferentNumber	ENSMUSG00000107434;ENSMUSG00000099869;ENSMUSG00000107785	0	NA	NA	NA	0
ENSG00000226245	1	many_to_many_DifferentNumber	ENSMUSG00000107434;ENSMUSG00000099869;ENSMUSG00000107785	0	NA	NA	NA	1
ENSG00000230565	1	many_to_many_DifferentNumber	ENSMUSG00000107434;ENSMUSG00000099869;ENSMUSG00000107785	0	NA	NA	NA	0
ENSG00000228426	1	many_to_many_DifferentNumber	ENSMUSG00000107434;ENSMUSG00000099869;ENSMUSG00000107785	1	one_to_one	lincDivg	ENSMUSG00000099869	0
ENSG00000234973	1	many_to_many_DifferentNumber	ENSMUSG00000108020;ENSMUSG00000104222;ENSMUSG00000054488	0	NA	NA	NA	0
ENSG00000236769	1	many_to_many_DifferentNumber	ENSMUSG00000108020;ENSMUSG00000104222;ENSMUSG00000054488	0	NA	NA	NA	0
ENSG00000237590	1	many_to_many_DifferentNumber	ENSMUSG00000108020;ENSMUSG00000104222;ENSMUSG00000054488	0	NA	NA	NA	0
ENSG00000229116	1	many_to_many_DifferentNumber	ENSMUSG00000108020;ENSMUSG00000104222;ENSMUSG00000054488	0	NA	NA	NA	0
ENSG00000287901	1	many_to_many_DifferentNumber	ENSMUSG00000108020;ENSMUSG00000104222;ENSMUSG00000054488	0	NA	NA	NA	0
ENSG00000237128	1	many_to_one	ENSMUSG00000117505	0	NA	NA	NA	1
ENSG00000254635	1	many_to_one	ENSMUSG00000117505	1	one_to_one	lncgDivg	ENSMUSG00000117505	1
ENSG00000230500	1	one_to_one	ENSMUSG00000117356	1	one_to_one	lncgDivg	ENSMUSG00000117356	0
ENSG00000234504	1	many_to_one	ENSMUSG00000108038	0	NA	NA	NA	1
ENSG00000234580	1	many_to_one	ENSMUSG00000108038	0	NA	NA	NA	1
ENSG00000224812	1	many_to_one	ENSMUSG00000108038	0	NA	NA	NA	1
ENSG00000286715	1	many_to_one	ENSMUSG00000114496	1	many_to_one	lncgSS.dw	ENSMUSG00000114496	0
ENSG00000228280	1	many_to_one	ENSMUSG00000114496	1	many_to_one	lncgSS.dw	ENSMUSG00000114496	0
ENSG00000268659	1	many_to_one	ENSMUSG00000114496	1	many_to_one	lncgSS.dw	ENSMUSG00000114496	0
ENSG00000230575	1	many_to_many_DifferentNumber	ENSMUSG00000114205;ENSMUSG00000114412;ENSMUSG00000068680	1	many_to_many_strict	lncgDivg	ENSMUSG00000114412;ENSMUSG00000114205	0
ENSG00000269256	1	many_to_many_DifferentNumber	ENSMUSG00000114205;ENSMUSG00000114412;ENSMUSG00000068680	1	one_to_one	lncgConv	ENSMUSG00000068680	0
ENSG00000226140	1	one_to_one	ENSMUSG00000104045	0	NA	NA	NA	1
ENSG00000288918	1	one_to_one	ENSMUSG00000114334	0	NA	NA	NA	1
ENSG00000285739	1	many_to_one	ENSMUSG00000114219	1	many_to_many	lncgDivg	ENSMUSG00000093556;ENSMUSG00000093383;ENSMUSG00000093528	1
ENSG00000233258	1	many_to_one	ENSMUSG00000114219	0	NA	NA	NA	0
ENSG00000229458	1	many_to_one	ENSMUSG00000114219	1	many_to_many	lncgDivg	ENSMUSG00000093556;ENSMUSG00000093383;ENSMUSG00000093528	1
ENSG00000225738	1	many_to_one	ENSMUSG00000114219	1	many_to_many	lncgDivg	ENSMUSG00000093556;ENSMUSG00000093383;ENSMUSG00000093528	1
ENSG00000233945	1	many_to_one	ENSMUSG00000114219	0	NA	NA	NA	1
ENSG00000286876	1	many_to_one	ENSMUSG00000114219	0	NA	NA	NA	1
ENSG00000271933	1	many_to_one	ENSMUSG00000114219	0	NA	NA	NA	1
ENSG00000282915	1	one_to_one	ENSMUSG00000071280	0	NA	NA	NA	1
ENSG00000287358	1	one_to_many	ENSMUSG00000093556;ENSMUSG00000093528;ENSMUSG00000093383;ENSMUSG00000101261	1	many_to_many	lncgDivg	ENSMUSG00000093556;ENSMUSG00000093383;ENSMUSG00000093528	1
ENSG00000270002	1	one_to_one	ENSMUSG00000115109	0	NA	NA	NA	1
ENSG00000287475	1	many_to_many_sameNumber	ENSMUSG00000097310;ENSMUSG00000120637	0	NA	NA	NA	1
ENSG00000286359	1	many_to_many_sameNumber	ENSMUSG00000097310;ENSMUSG00000120637	1	one_to_many	lincSS.dw	ENSMUSG00000120637;ENSMUSG00000097310	1
ENSG00000238291	1	many_to_many_DifferentNumber	ENSMUSG00000117865;ENSMUSG00000117973	0	NA	NA	NA	1
ENSG00000224750	1	many_to_many_DifferentNumber	ENSMUSG00000117865;ENSMUSG00000117973	0	NA	NA	NA	1
ENSG00000280560	1	many_to_many_DifferentNumber	ENSMUSG00000117865;ENSMUSG00000117973	1	many_to_one	lincSS.dw	ENSMUSG00000117865	1
ENSG00000232229	1	many_to_many_DifferentNumber	ENSMUSG00000117865;ENSMUSG00000117973	1	many_to_one	lincSS.dw	ENSMUSG00000117865	1
ENSG00000236373	1	many_to_many_DifferentNumber	ENSMUSG00000118212;ENSMUSG00000094707	0	NA	NA	NA	1
ENSG00000287150	1	many_to_many_DifferentNumber	ENSMUSG00000118212;ENSMUSG00000094707	0	NA	NA	NA	1
ENSG00000226159	1	many_to_many_DifferentNumber	ENSMUSG00000118212;ENSMUSG00000094707	0	NA	NA	NA	1
ENSG00000283053	1	many_to_many_DifferentNumber	ENSMUSG00000118212;ENSMUSG00000094707	0	NA	NA	NA	1
ENSG00000287016	1	one_to_many	ENSMUSG00000112108;ENSMUSG00000112416	0	NA	NA	NA	1
ENSG00000289158	1	one_to_many	ENSMUSG00000112126;ENSMUSG00000112414	0	NA	NA	NA	1
ENSG00000272748	1	many_to_one	ENSMUSG00000114875	0	NA	NA	NA	0
ENSG00000232342	1	many_to_one	ENSMUSG00000114875	0	NA	NA	NA	0
ENSG00000272914	1	many_to_many_DifferentNumber	ENSMUSG00000063087;ENSMUSG00000117520;ENSMUSG00000117617;ENSMUSG00000097926	0	NA	NA	NA	1
ENSG00000237036	1	many_to_many_DifferentNumber	ENSMUSG00000063087;ENSMUSG00000117520;ENSMUSG00000117617;ENSMUSG00000097926	1	one_to_one	lncgDivg	ENSMUSG00000063087	0
ENSG00000227253	1	one_to_many	ENSMUSG00000091165;ENSMUSG00000117519	0	NA	NA	NA	1
ENSG00000236556	1	many_to_many_DifferentNumber	ENSMUSG00000089835;ENSMUSG00000112884	0	NA	NA	NA	1
ENSG00000235140	1	many_to_many_DifferentNumber	ENSMUSG00000089835;ENSMUSG00000112884	0	NA	NA	NA	1
ENSG00000287969	1	many_to_many_DifferentNumber	ENSMUSG00000089835;ENSMUSG00000112884	0	NA	NA	NA	1
ENSG00000287732	1	many_to_many_sameNumber	ENSMUSG00000117996;ENSMUSG00000118111	0	NA	NA	NA	0
ENSG00000229775	1	many_to_many_sameNumber	ENSMUSG00000117996;ENSMUSG00000118111	0	NA	NA	NA	0
ENSG00000227851	1	many_to_one	ENSMUSG00000118207	0	NA	NA	NA	1
ENSG00000287231	1	many_to_one	ENSMUSG00000118207	0	NA	NA	NA	1
ENSG00000224301	1	many_to_many_sameNumber	ENSMUSG00000112314;ENSMUSG00000112848	1	one_to_one	lincDivg	ENSMUSG00000112314	1
ENSG00000289487	1	many_to_many_sameNumber	ENSMUSG00000112314;ENSMUSG00000112848	0	NA	NA	NA	1
ENSG00000258114	1	one_to_one	ENSMUSG00000110210	1	one_to_one	lincDivg	ENSMUSG00000110210	1
ENSG00000229847	1	one_to_one	ENSMUSG00000087095	1	one_to_one	lncgDivg	ENSMUSG00000087095	1
ENSG00000227128	1	many_to_one	ENSMUSG00000102057	0	NA	NA	NA	1
ENSG00000225208	1	many_to_one	ENSMUSG00000102057	1	one_to_one	lincSS.up	ENSMUSG00000102057	1
ENSG00000289441	1	many_to_one	ENSMUSG00000102057	0	NA	NA	NA	1
ENSG00000230967	1	many_to_many_sameNumber	ENSMUSG00000114673;ENSMUSG00000100417	1	one_to_one	lincDivg	ENSMUSG00000100417	1
ENSG00000229649	1	many_to_many_sameNumber	ENSMUSG00000114673;ENSMUSG00000100417	0	NA	NA	NA	1
ENSG00000286344	1	many_to_one	ENSMUSG00000109014	0	NA	NA	NA	1
ENSG00000234542	1	many_to_one	ENSMUSG00000109014	0	NA	NA	NA	1
ENSG00000230131	1	many_to_one	ENSMUSG00000109014	0	NA	NA	NA	1
ENSG00000225424	1	many_to_many_DifferentNumber	ENSMUSG00000109831;ENSMUSG00000109898;ENSMUSG00000109981;ENSMUSG00000110027	0	NA	NA	NA	1
ENSG00000224190	1	many_to_many_DifferentNumber	ENSMUSG00000109831;ENSMUSG00000109898;ENSMUSG00000109981;ENSMUSG00000110027	0	NA	NA	NA	1
ENSG00000280953	1	many_to_many_DifferentNumber	ENSMUSG00000109831;ENSMUSG00000109898;ENSMUSG00000109981;ENSMUSG00000110027	1	one_to_one	lincDivg	ENSMUSG00000109831	1
ENSG00000232985	1	many_to_many_DifferentNumber	ENSMUSG00000110078;ENSMUSG00000110396;ENSMUSG00000109633;ENSMUSG00000110101	0	NA	NA	NA	1
ENSG00000285615	1	many_to_many_DifferentNumber	ENSMUSG00000110078;ENSMUSG00000110396;ENSMUSG00000109633;ENSMUSG00000110101	0	NA	NA	NA	1
ENSG00000287361	1	many_to_many_DifferentNumber	ENSMUSG00000110078;ENSMUSG00000110396;ENSMUSG00000109633;ENSMUSG00000110101	0	NA	NA	NA	1
ENSG00000234640	1	many_to_many_DifferentNumber	ENSMUSG00000110078;ENSMUSG00000110396;ENSMUSG00000109633;ENSMUSG00000110101	0	NA	NA	NA	1
ENSG00000289087	1	many_to_many_DifferentNumber	ENSMUSG00000110078;ENSMUSG00000110396;ENSMUSG00000109633;ENSMUSG00000110101	0	NA	NA	NA	1
ENSG00000289400	1	many_to_many_DifferentNumber	ENSMUSG00000110078;ENSMUSG00000110396;ENSMUSG00000109633;ENSMUSG00000110101	0	NA	NA	NA	1
ENSG00000227695	1	one_to_one	ENSMUSG00000118000	1	one_to_one	lncgDivg	ENSMUSG00000118000	1
ENSG00000227165	1	one_to_one	ENSMUSG00000108713	0	NA	NA	NA	1
ENSG00000287427	1	many_to_one	ENSMUSG00000097471	1	many_to_one	lncgDivg	ENSMUSG00000097471	0
ENSG00000232259	1	many_to_one	ENSMUSG00000097471	1	many_to_one	lncgDivg	ENSMUSG00000097471	0
ENSG00000231138	1	one_to_one	ENSMUSG00000086814	1	one_to_one	lncgDivg	ENSMUSG00000086814	1
ENSG00000271434	1	one_to_one	ENSMUSG00000087657	1	one_to_one	lncgDivg	ENSMUSG00000087657	0
ENSG00000227143	1	one_to_many	ENSMUSG00000108580;ENSMUSG00000108481;ENSMUSG00000108576;ENSMUSG00000108504	0	NA	NA	NA	1
ENSG00000228021	1	one_to_many	ENSMUSG00000110026;ENSMUSG00000109917	1	one_to_one	lncgDivg	ENSMUSG00000110026	0
ENSG00000280561	1	many_to_one	ENSMUSG00000101546	0	NA	NA	NA	1
ENSG00000234134	1	many_to_one	ENSMUSG00000101546	0	NA	NA	NA	0
ENSG00000224023	1	many_to_one	ENSMUSG00000101546	0	NA	NA	NA	0
ENSG00000237675	1	many_to_one	ENSMUSG00000109816	0	NA	NA	NA	1
ENSG00000273599	1	many_to_one	ENSMUSG00000109816	1	many_to_one	lncgDivg	ENSMUSG00000109816	1
ENSG00000282787	1	many_to_one	ENSMUSG00000109816	1	many_to_one	lncgDivg	ENSMUSG00000109816	1
ENSG00000234952	1	many_to_many_DifferentNumber	ENSMUSG00000100119;ENSMUSG00000118031;ENSMUSG00000118190	0	NA	NA	NA	1
ENSG00000288172	1	many_to_many_DifferentNumber	ENSMUSG00000100119;ENSMUSG00000118031;ENSMUSG00000118190	1	one_to_one	lincSS.dw	ENSMUSG00000100119	1
ENSG00000263041	1	many_to_one	ENSMUSG00000090965	0	NA	NA	NA	1
ENSG00000235198	1	many_to_one	ENSMUSG00000090965	0	NA	NA	NA	1
ENSG00000231104	1	many_to_many_DifferentNumber	ENSMUSG00000091378;ENSMUSG00000053117	1	many_to_one	lncgDivg	ENSMUSG00000091378	1
ENSG00000177640	1	many_to_many_DifferentNumber	ENSMUSG00000091378;ENSMUSG00000053117	1	many_to_one	lncgDivg	ENSMUSG00000091378	1
ENSG00000238276	1	many_to_many_DifferentNumber	ENSMUSG00000091378;ENSMUSG00000053117	1	one_to_one	lincConv	ENSMUSG00000053117	1
ENSG00000285582	1	one_to_one	ENSMUSG00000117871	1	one_to_one	lncgDivg	ENSMUSG00000117871	1
ENSG00000285529	1	many_to_one	ENSMUSG00000110090	0	NA	NA	NA	0
ENSG00000236303	1	many_to_one	ENSMUSG00000110090	0	NA	NA	NA	0
ENSG00000226425	1	one_to_one	ENSMUSG00000120139	0	NA	NA	NA	1
ENSG00000232139	1	one_to_one	ENSMUSG00000099678	0	NA	NA	NA	1
ENSG00000234311	1	many_to_one	ENSMUSG00000110115	1	one_to_one	lincConv	ENSMUSG00000110115	1
ENSG00000226900	1	many_to_one	ENSMUSG00000110115	0	NA	NA	NA	1
ENSG00000229081	1	many_to_one	ENSMUSG00000110115	0	NA	NA	NA	1
ENSG00000272592	1	many_to_one	ENSMUSG00000112275	1	one_to_one	lncgDivg	ENSMUSG00000112793	1
ENSG00000233643	1	many_to_one	ENSMUSG00000112275	0	NA	NA	NA	1
ENSG00000289834	1	many_to_one	ENSMUSG00000112275	0	NA	NA	NA	1
ENSG00000225519	1	many_to_many_DifferentNumber	ENSMUSG00000117998;ENSMUSG00000118032;ENSMUSG00000120701	1	many_to_one	lincDivg	ENSMUSG00000117998	1
ENSG00000224851	1	many_to_many_DifferentNumber	ENSMUSG00000117998;ENSMUSG00000118032;ENSMUSG00000120701	0	NA	NA	NA	1
ENSG00000289512	1	many_to_many_DifferentNumber	ENSMUSG00000117998;ENSMUSG00000118032;ENSMUSG00000120701	1	many_to_one	lincDivg	ENSMUSG00000117998	1
ENSG00000286981	1	many_to_many_DifferentNumber	ENSMUSG00000117998;ENSMUSG00000118032;ENSMUSG00000120701	0	NA	NA	NA	1
ENSG00000273124	1	one_to_many	ENSMUSG00000114859;ENSMUSG00000117990	0	NA	NA	NA	1
ENSG00000234756	1	one_to_one	ENSMUSG00000112899	1	one_to_one	lincDivg	ENSMUSG00000112899	1
ENSG00000285551	1	one_to_many	ENSMUSG00000112141;ENSMUSG00000112619	0	NA	NA	NA	1
ENSG00000238280	1	one_to_many	ENSMUSG00000112558;ENSMUSG00000116971;ENSMUSG00000112097	0	NA	NA	NA	1
ENSG00000275327	1	many_to_many_DifferentNumber	ENSMUSG00000109847;ENSMUSG00000109722	1	many_to_many	lncgDivg	ENSMUSG00000109722;ENSMUSG00000109847	0
ENSG00000275005	1	many_to_many_DifferentNumber	ENSMUSG00000109847;ENSMUSG00000109722	1	many_to_many	lncgDivg	ENSMUSG00000109722;ENSMUSG00000109847	0
ENSG00000287997	1	many_to_many_DifferentNumber	ENSMUSG00000109847;ENSMUSG00000109722	1	many_to_many	lncgDivg	ENSMUSG00000109722;ENSMUSG00000109847	0
ENSG00000256462	1	many_to_one	ENSMUSG00000113759	0	NA	NA	NA	1
ENSG00000287566	1	many_to_one	ENSMUSG00000113759	1	many_to_one	lincConv	ENSMUSG00000113759	1
ENSG00000287235	1	many_to_one	ENSMUSG00000113759	1	many_to_one	lincConv	ENSMUSG00000113759	1
ENSG00000242147	1	many_to_one	ENSMUSG00000113759	0	NA	NA	NA	1
ENSG00000280660	1	one_to_one	ENSMUSG00000120254	0	NA	NA	NA	1
ENSG00000280485	1	one_to_one	ENSMUSG00000105709	0	NA	NA	NA	1
ENSG00000232913	1	many_to_one	ENSMUSG00000101079	1	many_to_one	lncgDivg	ENSMUSG00000101079	1
ENSG00000228553	1	many_to_one	ENSMUSG00000101079	1	many_to_one	lncgDivg	ENSMUSG00000101079	1
ENSG00000268894	1	many_to_one	ENSMUSG00000101079	1	many_to_one	lncgDivg	ENSMUSG00000101079	1
ENSG00000273450	1	many_to_one	ENSMUSG00000101079	1	many_to_one	lncgDivg	ENSMUSG00000101079	1
ENSG00000236467	1	many_to_many_DifferentNumber	ENSMUSG00000100100;ENSMUSG00000114953;ENSMUSG00000118519	1	many_to_many	lncgDivg	ENSMUSG00000100100;ENSMUSG00000114953	0
ENSG00000225497	1	many_to_many_DifferentNumber	ENSMUSG00000100100;ENSMUSG00000114953;ENSMUSG00000118519	1	many_to_many	lncgDivg	ENSMUSG00000100100;ENSMUSG00000114953	0
ENSG00000224500	1	many_to_many_DifferentNumber	ENSMUSG00000100100;ENSMUSG00000114953;ENSMUSG00000118519	1	many_to_many	lncgDivg	ENSMUSG00000100100;ENSMUSG00000114953	0
ENSG00000225652	1	many_to_many_DifferentNumber	ENSMUSG00000100100;ENSMUSG00000114953;ENSMUSG00000118519	1	many_to_many	lncgDivg	ENSMUSG00000100100;ENSMUSG00000114953	0
ENSG00000228748	1	many_to_many_DifferentNumber	ENSMUSG00000100100;ENSMUSG00000114953;ENSMUSG00000118519	1	one_to_one	lncgConv	ENSMUSG00000118519	0
ENSG00000259994	1	one_to_many	ENSMUSG00000117521;ENSMUSG00000117579	1	one_to_one	lncgSS.dw	ENSMUSG00000117579	1
ENSG00000285824	1	one_to_one	ENSMUSG00000097641	1	one_to_one	lncgDivg	ENSMUSG00000097641	1
ENSG00000289874	1	one_to_many	ENSMUSG00000120299;ENSMUSG00000117401;ENSMUSG00000117594	1	one_to_many	lncgDivg	ENSMUSG00000120299;ENSMUSG00000117401	0
ENSG00000228417	1	one_to_one	ENSMUSG00000118369	1	one_to_one	lncgDivg	ENSMUSG00000118369	0
ENSG00000273143	1	one_to_many	ENSMUSG00000097636;ENSMUSG00000118210	1	one_to_one	lncgDivg	ENSMUSG00000118210	0
ENSG00000268584	1	many_to_one	ENSMUSG00000099966	1	one_to_one	lncgDivg	ENSMUSG00000099966	1
ENSG00000272791	1	many_to_one	ENSMUSG00000099966	0	NA	NA	NA	1
ENSG00000224195	1	many_to_one	ENSMUSG00000114241	1	many_to_one	lncgDivg	ENSMUSG00000114241	1
ENSG00000229990	1	many_to_one	ENSMUSG00000114241	1	many_to_one	lncgDivg	ENSMUSG00000114241	1
ENSG00000231748	1	one_to_one	ENSMUSG00000085347	0	NA	NA	NA	1
ENSG00000223834	1	one_to_one	ENSMUSG00000117508	0	NA	NA	NA	0
ENSG00000224250	1	many_to_many_sameNumber	ENSMUSG00000109016;ENSMUSG00000121219	0	NA	NA	NA	1
ENSG00000276742	1	many_to_many_sameNumber	ENSMUSG00000109016;ENSMUSG00000121219	0	NA	NA	NA	0
ENSG00000285715	1	many_to_one	ENSMUSG00000050189	0	NA	NA	NA	1
ENSG00000285973	1	many_to_one	ENSMUSG00000050189	0	NA	NA	NA	1
ENSG00000234173	1	many_to_many_DifferentNumber	ENSMUSG00000112168;ENSMUSG00000111994	1	many_to_one	lncgDivg	ENSMUSG00000085456	1
ENSG00000223800	1	many_to_many_DifferentNumber	ENSMUSG00000112168;ENSMUSG00000111994	1	many_to_one	lncgDivg	ENSMUSG00000085456	1
ENSG00000228048	1	many_to_many_DifferentNumber	ENSMUSG00000112168;ENSMUSG00000111994	1	many_to_one	lncgDivg	ENSMUSG00000085456	1
ENSG00000260589	1	one_to_one	ENSMUSG00000086657	1	many_to_one	lncgDivg	ENSMUSG00000086657	0
ENSG00000229869	1	one_to_one	ENSMUSG00000113543	0	NA	NA	NA	0
ENSG00000227896	1	one_to_many	ENSMUSG00000115451;ENSMUSG00000120050;ENSMUSG00000115007	1	one_to_one	lncgDivg	ENSMUSG00000115007	1
ENSG00000237761	1	one_to_one	ENSMUSG00000117690	1	one_to_one	lincSS.up	ENSMUSG00000117690	1
ENSG00000225913	1	one_to_one	ENSMUSG00000118168	0	NA	NA	NA	0
ENSG00000272572	1	one_to_many	ENSMUSG00000092469;ENSMUSG00000092369	0	NA	NA	NA	0
ENSG00000273162	1	one_to_one	ENSMUSG00000120787	1	many_to_one	lncgDivg	ENSMUSG00000120787	1
ENSG00000273474	1	many_to_many_DifferentNumber	ENSMUSG00000085205;ENSMUSG00000086445	1	many_to_many	lncgDivg	ENSMUSG00000087355;ENSMUSG00000086018;ENSMUSG00000086874;ENSMUSG00000084859	1
ENSG00000225112	1	many_to_many_DifferentNumber	ENSMUSG00000085205;ENSMUSG00000086445	1	many_to_many	lncgDivg	ENSMUSG00000087355;ENSMUSG00000086018;ENSMUSG00000086874;ENSMUSG00000084859	1
ENSG00000234091	1	many_to_many_DifferentNumber	ENSMUSG00000085205;ENSMUSG00000086445	1	many_to_many	lncgDivg	ENSMUSG00000087355;ENSMUSG00000086018;ENSMUSG00000086874;ENSMUSG00000084859	1
ENSG00000229751	1	many_to_many_DifferentNumber	ENSMUSG00000085205;ENSMUSG00000086445	1	many_to_many	lncgDivg	ENSMUSG00000087355;ENSMUSG00000086018;ENSMUSG00000086874;ENSMUSG00000084859	1
ENSG00000235410	1	many_to_many_DifferentNumber	ENSMUSG00000085205;ENSMUSG00000086445	1	many_to_many	lncgDivg	ENSMUSG00000087355;ENSMUSG00000086018;ENSMUSG00000086874;ENSMUSG00000084859	1
ENSG00000285671	1	many_to_many_DifferentNumber	ENSMUSG00000085205;ENSMUSG00000086445	1	many_to_many	lncgDivg	ENSMUSG00000087355;ENSMUSG00000086018;ENSMUSG00000086874;ENSMUSG00000084859	1
ENSG00000234944	1	one_to_many	ENSMUSG00000107637;ENSMUSG00000107933	1	one_to_one	lincSS.dw	ENSMUSG00000107933	1
ENSG00000229630	1	one_to_one	ENSMUSG00000107791	1	one_to_one	lincDivg	ENSMUSG00000107791	1
ENSG00000289892	1	many_to_one	ENSMUSG00000085257	0	NA	NA	NA	0
ENSG00000281186	1	many_to_one	ENSMUSG00000085257	0	NA	NA	NA	0
ENSG00000287277	1	many_to_one	ENSMUSG00000085257	0	NA	NA	NA	0
ENSG00000285737	1	one_to_one	ENSMUSG00000117461	0	NA	NA	NA	1
ENSG00000287009	1	one_to_one	ENSMUSG00000120438	1	one_to_one	lncgDivg	ENSMUSG00000120438	0
ENSG00000287419	1	one_to_many	ENSMUSG00000118127;ENSMUSG00000117659	1	many_to_many_strict	lncgDivg	ENSMUSG00000118127;ENSMUSG00000117659	1
ENSG00000277959	1	many_to_one	ENSMUSG00000109881	1	many_to_one	lncgDivg	ENSMUSG00000109881	1
ENSG00000273521	1	many_to_one	ENSMUSG00000109881	1	many_to_one	lncgDivg	ENSMUSG00000109881	1
ENSG00000235010	1	one_to_one	ENSMUSG00000109855	0	NA	NA	NA	1
ENSG00000203497	1	one_to_one	ENSMUSG00000089679	0	NA	NA	NA	0
ENSG00000230534	1	one_to_one	ENSMUSG00000097746	0	NA	NA	NA	0
ENSG00000231496	1	one_to_one	ENSMUSG00000085716	0	NA	NA	NA	0
ENSG00000229240	1	many_to_one	ENSMUSG00000086109	1	many_to_one	lncgDivg	ENSMUSG00000087079	0
ENSG00000228027	1	many_to_one	ENSMUSG00000086109	1	many_to_one	lncgDivg	ENSMUSG00000087079	0
ENSG00000229206	1	many_to_one	ENSMUSG00000086109	1	many_to_one	lncgDivg	ENSMUSG00000087079	0
ENSG00000237986	1	many_to_one	ENSMUSG00000086109	1	many_to_one	lncgDivg	ENSMUSG00000087079	0
ENSG00000230322	1	many_to_one	ENSMUSG00000086109	1	many_to_one	lncgDivg	ENSMUSG00000087079	0
ENSG00000181800	1	many_to_one	ENSMUSG00000086109	1	many_to_one	lncgDivg	ENSMUSG00000087079	0
ENSG00000285540	1	one_to_one	ENSMUSG00000117696	0	NA	NA	NA	1
ENSG00000227244	1	many_to_many_DifferentNumber	ENSMUSG00000112333;ENSMUSG00000112331;ENSMUSG00000112083;ENSMUSG00000111941	1	many_to_many_strict	lncgDivg	ENSMUSG00000111941;ENSMUSG00000090622	1
ENSG00000289989	1	many_to_many_DifferentNumber	ENSMUSG00000112333;ENSMUSG00000112331;ENSMUSG00000112083;ENSMUSG00000111941	1	many_to_many_strict	lncgDivg	ENSMUSG00000111941;ENSMUSG00000090622	1
ENSG00000289350	1	one_to_one	ENSMUSG00000120964	0	NA	NA	NA	1
ENSG00000289528	1	many_to_one	ENSMUSG00000121261	1	many_to_one	lncgSS.dw	ENSMUSG00000121261	1
ENSG00000286881	1	many_to_one	ENSMUSG00000121261	1	many_to_one	lncgSS.dw	ENSMUSG00000121261	0
ENSG00000287857	1	one_to_one	ENSMUSG00000117890	0	NA	NA	NA	1
ENSG00000286951	1	many_to_many_DifferentNumber	ENSMUSG00000091457;ENSMUSG00000085477;ENSMUSG00000086418	1	one_to_many	lncgDivg	ENSMUSG00000091457;ENSMUSG00000086418;ENSMUSG00000085477	1
ENSG00000289188	1	many_to_many_DifferentNumber	ENSMUSG00000091457;ENSMUSG00000085477;ENSMUSG00000086418	0	NA	NA	NA	0
ENSG00000228778	1	many_to_one	ENSMUSG00000118221	0	NA	NA	NA	1
ENSG00000224934	1	many_to_one	ENSMUSG00000118221	1	one_to_one	lncgDivg	ENSMUSG00000118221	1
ENSG00000257582	1	one_to_many	ENSMUSG00000117991;ENSMUSG00000092250	1	one_to_one	lncgDivg	ENSMUSG00000092250	1
ENSG00000282772	1	one_to_one	ENSMUSG00000120748	0	NA	NA	NA	1
ENSG00000259267	1	many_to_many_DifferentNumber	ENSMUSG00000037247;ENSMUSG00000093489;ENSMUSG00000093573	0	NA	NA	NA	1
ENSG00000285300	1	many_to_many_DifferentNumber	ENSMUSG00000037247;ENSMUSG00000093489;ENSMUSG00000093573	0	NA	NA	NA	1
ENSG00000289739	1	one_to_many	ENSMUSG00000093568;ENSMUSG00000098055	0	NA	NA	NA	1
ENSG00000204049	1	many_to_one	ENSMUSG00000121465	0	NA	NA	NA	1
ENSG00000233871	1	many_to_one	ENSMUSG00000121465	0	NA	NA	NA	1
ENSG00000289386	1	many_to_many_sameNumber	ENSMUSG00000097043;ENSMUSG00000120077	0	NA	NA	NA	1
ENSG00000288874	1	many_to_many_sameNumber	ENSMUSG00000097043;ENSMUSG00000120077	0	NA	NA	NA	1
ENSG00000237949	1	one_to_many	ENSMUSG00000112607;ENSMUSG00000112125;ENSMUSG00000112032	0	NA	NA	NA	1
ENSG00000289228	1	one_to_one	ENSMUSG00000114235	1	one_to_one	lncgConv	ENSMUSG00000087579	1
ENSG00000225936	1	one_to_one	ENSMUSG00000101630	1	many_to_one	lncgDivg	ENSMUSG00000101630	0
ENSG00000226051	1	one_to_one	ENSMUSG00000090564	0	NA	NA	NA	0
ENSG00000270087	1	one_to_one	ENSMUSG00000114352	0	NA	NA	NA	0
ENSG00000289954	1	one_to_one	ENSMUSG00000120152	1	one_to_one	lncgSS.up	ENSMUSG00000120152	0
ENSG00000236208	1	one_to_one	ENSMUSG00000101086	1	one_to_one	lncgDivg	ENSMUSG00000101086	1
ENSG00000204832	1	one_to_one	ENSMUSG00000104354	1	one_to_one	lncgDivg	ENSMUSG00000104354	1
ENSG00000233387	1	one_to_one	ENSMUSG00000121092	0	NA	NA	NA	1
ENSG00000261076	1	one_to_many	ENSMUSG00000112813;ENSMUSG00000093732	0	NA	NA	NA	1
ENSG00000228701	1	one_to_one	ENSMUSG00000120860	0	NA	NA	NA	0
ENSG00000235020	1	many_to_many_DifferentNumber	ENSMUSG00000104106;ENSMUSG00000087086	1	many_to_many_strict	lncgDivg	ENSMUSG00000087086;ENSMUSG00000104106	1
ENSG00000240291	1	many_to_many_DifferentNumber	ENSMUSG00000104106;ENSMUSG00000087086	0	NA	NA	NA	1
ENSG00000225527	1	many_to_many_DifferentNumber	ENSMUSG00000104106;ENSMUSG00000087086	1	many_to_many_strict	lncgDivg	ENSMUSG00000087086;ENSMUSG00000104106	1
ENSG00000289966	1	one_to_one	ENSMUSG00000108648	1	one_to_one	lncgDivg	ENSMUSG00000108648	0
ENSG00000249456	1	one_to_one	ENSMUSG00000109842	0	NA	NA	NA	1
ENSG00000289280	1	one_to_one	ENSMUSG00000097595	0	NA	NA	NA	1
ENSG00000226899	1	one_to_one	ENSMUSG00000085663	0	NA	NA	NA	1
ENSG00000272853	1	one_to_one	ENSMUSG00000085043	1	one_to_one	lncgDivg	ENSMUSG00000085043	1
ENSG00000287609	1	many_to_one	ENSMUSG00000050066	0	NA	NA	NA	0
ENSG00000235180	1	many_to_one	ENSMUSG00000050066	0	NA	NA	NA	0
ENSG00000228484	1	one_to_many	ENSMUSG00000117684;ENSMUSG00000117670	1	one_to_one	lncgDivg	ENSMUSG00000117684	0
ENSG00000236799	1	one_to_many	ENSMUSG00000118178;ENSMUSG00000117655	1	one_to_many	lincSS.dw	ENSMUSG00000118178;ENSMUSG00000117655	1
ENSG00000221817	1	one_to_one	ENSMUSG00000084925	1	one_to_one	lncgConv	ENSMUSG00000084925	1
ENSG00000256969	1	many_to_many_sameNumber	ENSMUSG00000107013;ENSMUSG00000107153;ENSMUSG00000120876	0	NA	NA	NA	1
ENSG00000289105	1	many_to_many_sameNumber	ENSMUSG00000107013;ENSMUSG00000107153;ENSMUSG00000120876	1	one_to_one	lincSS.up	ENSMUSG00000107013	1
ENSG00000256862	1	many_to_many_sameNumber	ENSMUSG00000107013;ENSMUSG00000107153;ENSMUSG00000120876	0	NA	NA	NA	1
ENSG00000255920	1	many_to_one	ENSMUSG00000097166	1	many_to_one	lncgDivg	ENSMUSG00000097166	1
ENSG00000288729	1	many_to_one	ENSMUSG00000097166	0	NA	NA	NA	1
ENSG00000285523	1	many_to_one	ENSMUSG00000107623	0	NA	NA	NA	0
ENSG00000255983	1	many_to_one	ENSMUSG00000107623	0	NA	NA	NA	0
ENSG00000256417	1	many_to_one	ENSMUSG00000107623	0	NA	NA	NA	0
ENSG00000256146	1	many_to_one	ENSMUSG00000107623	0	NA	NA	NA	0
ENSG00000256115	1	many_to_one	ENSMUSG00000101659	0	NA	NA	NA	0
ENSG00000256218	1	many_to_one	ENSMUSG00000101659	0	NA	NA	NA	0
ENSG00000256973	1	many_to_one	ENSMUSG00000108094	0	NA	NA	NA	1
ENSG00000257023	1	many_to_one	ENSMUSG00000108094	1	one_to_one	lncgDivg	ENSMUSG00000107802	1
ENSG00000257262	1	many_to_many_DifferentNumber	ENSMUSG00000108148;ENSMUSG00000107405	0	NA	NA	NA	1
ENSG00000286566	1	many_to_many_DifferentNumber	ENSMUSG00000108148;ENSMUSG00000107405	0	NA	NA	NA	1
ENSG00000257932	1	many_to_many_DifferentNumber	ENSMUSG00000108148;ENSMUSG00000107405	0	NA	NA	NA	0
ENSG00000257456	1	many_to_many_DifferentNumber	ENSMUSG00000108148;ENSMUSG00000107405	1	one_to_one	lncgDivg	ENSMUSG00000108148	1
ENSG00000257756	1	one_to_many	ENSMUSG00000070995;ENSMUSG00000084909	0	NA	NA	NA	1
ENSG00000256923	1	many_to_one	ENSMUSG00000072679	1	many_to_one	lincSS.dw	ENSMUSG00000072679	0
ENSG00000256995	1	many_to_one	ENSMUSG00000072679	1	many_to_one	lincSS.dw	ENSMUSG00000072679	0
ENSG00000256321	1	many_to_one	ENSMUSG00000072679	0	NA	NA	NA	0
ENSG00000115934	1	one_to_many	ENSMUSG00000107802;ENSMUSG00000084971;ENSMUSG00000086887	0	NA	NA	NA	0
ENSG00000257718	1	one_to_one	ENSMUSG00000116428	0	NA	NA	NA	1
ENSG00000256482	1	many_to_many_sameNumber	ENSMUSG00000097419;ENSMUSG00000086643	1	many_to_many_strict	lncgDivg	ENSMUSG00000097419;ENSMUSG00000086643	1
ENSG00000255921	1	many_to_many_sameNumber	ENSMUSG00000097419;ENSMUSG00000086643	1	many_to_many_strict	lncgDivg	ENSMUSG00000097419;ENSMUSG00000086643	1
ENSG00000234428	1	one_to_one	ENSMUSG00000120618	1	one_to_one	lncgDivg	ENSMUSG00000120618	1
ENSG00000250166	1	one_to_many	ENSMUSG00000108085;ENSMUSG00000107839	0	NA	NA	NA	1
ENSG00000256234	1	many_to_many_DifferentNumber	ENSMUSG00000085414;ENSMUSG00000108161	0	NA	NA	NA	1
ENSG00000255750	1	many_to_many_DifferentNumber	ENSMUSG00000085414;ENSMUSG00000108161	0	NA	NA	NA	1
ENSG00000256894	1	many_to_many_DifferentNumber	ENSMUSG00000085414;ENSMUSG00000108161	1	many_to_one	lncgDivg	ENSMUSG00000085414	1
ENSG00000286752	1	many_to_many_DifferentNumber	ENSMUSG00000085414;ENSMUSG00000108161	1	many_to_one	lncgDivg	ENSMUSG00000085414	1
ENSG00000278095	1	many_to_many_DifferentNumber	ENSMUSG00000085414;ENSMUSG00000108161	1	many_to_one	lncgDivg	ENSMUSG00000085414	1
ENSG00000257114	1	many_to_many_DifferentNumber	ENSMUSG00000116237;ENSMUSG00000116493;ENSMUSG00000121167	1	many_to_one	lincDivg	ENSMUSG00000121167	1
ENSG00000258331	1	many_to_many_DifferentNumber	ENSMUSG00000116237;ENSMUSG00000116493;ENSMUSG00000121167	0	NA	NA	NA	1
ENSG00000257849	1	many_to_many_DifferentNumber	ENSMUSG00000116237;ENSMUSG00000116493;ENSMUSG00000121167	0	NA	NA	NA	1
ENSG00000257164	1	many_to_many_DifferentNumber	ENSMUSG00000116237;ENSMUSG00000116493;ENSMUSG00000121167	1	many_to_one	lincDivg	ENSMUSG00000121167	1
ENSG00000257225	1	many_to_many_DifferentNumber	ENSMUSG00000116237;ENSMUSG00000116493;ENSMUSG00000121167	0	NA	NA	NA	1
ENSG00000257510	1	many_to_many_sameNumber	ENSMUSG00000116190;ENSMUSG00000116360;ENSMUSG00000115965	0	NA	NA	NA	1
ENSG00000258068	1	many_to_many_sameNumber	ENSMUSG00000116190;ENSMUSG00000116360;ENSMUSG00000115965	0	NA	NA	NA	1
ENSG00000257373	1	many_to_many_sameNumber	ENSMUSG00000116190;ENSMUSG00000116360;ENSMUSG00000115965	0	NA	NA	NA	1
ENSG00000274723	1	one_to_one	ENSMUSG00000120294	0	NA	NA	NA	0
ENSG00000286069	1	many_to_one	ENSMUSG00000116500	1	many_to_one	lincDivg	ENSMUSG00000116500	0
ENSG00000260030	1	many_to_one	ENSMUSG00000116500	1	many_to_one	lincDivg	ENSMUSG00000116500	0
ENSG00000257784	1	one_to_many	ENSMUSG00000116309;ENSMUSG00000109770	0	NA	NA	NA	1
ENSG00000257228	1	many_to_many_DifferentNumber	ENSMUSG00000115858;ENSMUSG00000116124	1	one_to_one	lncgDivg	ENSMUSG00000115858	1
ENSG00000257239	1	many_to_many_DifferentNumber	ENSMUSG00000115858;ENSMUSG00000116124	0	NA	NA	NA	1
ENSG00000286591	1	many_to_many_DifferentNumber	ENSMUSG00000115858;ENSMUSG00000116124	0	NA	NA	NA	1
ENSG00000257906	1	many_to_one	ENSMUSG00000120469	0	NA	NA	NA	0
ENSG00000258181	1	many_to_one	ENSMUSG00000120469	1	many_to_one	lincSS.dw	ENSMUSG00000120469	0
ENSG00000276454	1	many_to_one	ENSMUSG00000120469	1	many_to_one	lincSS.dw	ENSMUSG00000120469	0
ENSG00000257924	1	many_to_one	ENSMUSG00000120469	0	NA	NA	NA	0
ENSG00000257256	1	one_to_many	ENSMUSG00000090500;ENSMUSG00000116518	1	one_to_many	lncgDivg	ENSMUSG00000116518;ENSMUSG00000090500	1
ENSG00000257230	1	many_to_one	ENSMUSG00000109803	0	NA	NA	NA	1
ENSG00000258214	1	many_to_one	ENSMUSG00000109803	0	NA	NA	NA	1
ENSG00000258231	1	many_to_many_sameNumber	ENSMUSG00000111961;ENSMUSG00000112832	0	NA	NA	NA	1
ENSG00000257541	1	many_to_many_sameNumber	ENSMUSG00000111961;ENSMUSG00000112832	0	NA	NA	NA	1
ENSG00000257259	1	many_to_many_DifferentNumber	ENSMUSG00000112387;ENSMUSG00000112482;ENSMUSG00000112208	0	NA	NA	NA	1
ENSG00000257698	1	many_to_many_DifferentNumber	ENSMUSG00000112387;ENSMUSG00000112482;ENSMUSG00000112208	0	NA	NA	NA	1
ENSG00000257880	1	one_to_one	ENSMUSG00000112294	0	NA	NA	NA	0
ENSG00000257294	1	one_to_one	ENSMUSG00000112130	0	NA	NA	NA	1
ENSG00000286402	1	many_to_one	ENSMUSG00000112283	0	NA	NA	NA	1
ENSG00000287014	1	many_to_one	ENSMUSG00000112283	0	NA	NA	NA	1
ENSG00000273805	1	many_to_one	ENSMUSG00000120399	0	NA	NA	NA	1
ENSG00000257953	1	many_to_one	ENSMUSG00000120399	1	one_to_one	lncgDivg	ENSMUSG00000120399	1
ENSG00000245651	1	one_to_many	ENSMUSG00000112035;ENSMUSG00000112761;ENSMUSG00000120565	1	one_to_one	lincDivg	ENSMUSG00000120565	1
ENSG00000258096	1	many_to_one	ENSMUSG00000120767	0	NA	NA	NA	1
ENSG00000275481	1	many_to_one	ENSMUSG00000120767	1	one_to_one	lincDivg	ENSMUSG00000120767	1
ENSG00000272369	1	many_to_one	ENSMUSG00000120767	0	NA	NA	NA	1
ENSG00000257261	1	many_to_one	ENSMUSG00000120767	0	NA	NA	NA	1
ENSG00000257496	1	one_to_many	ENSMUSG00000120383;ENSMUSG00000121031	1	one_to_many	lincSS.up	ENSMUSG00000120383;ENSMUSG00000121031	1
ENSG00000286563	1	many_to_many_DifferentNumber	ENSMUSG00000112854;ENSMUSG00000112540;ENSMUSG00000112778;ENSMUSG00000112161	1	one_to_one	lincSS.dw	ENSMUSG00000112161	0
ENSG00000203585	1	many_to_many_DifferentNumber	ENSMUSG00000112854;ENSMUSG00000112540;ENSMUSG00000112778;ENSMUSG00000112161	1	one_to_one	lincSS.up	ENSMUSG00000112854	0
ENSG00000256172	1	many_to_many_sameNumber	ENSMUSG00000100681;ENSMUSG00000112609	0	NA	NA	NA	0
ENSG00000256077	1	many_to_many_sameNumber	ENSMUSG00000100681;ENSMUSG00000112609	0	NA	NA	NA	0
ENSG00000255745	1	many_to_many_DifferentNumber	ENSMUSG00000087302;ENSMUSG00000087157;ENSMUSG00000085785;ENSMUSG00000086282;ENSMUSG00000086731	0	NA	NA	NA	1
ENSG00000256473	1	many_to_many_DifferentNumber	ENSMUSG00000087302;ENSMUSG00000087157;ENSMUSG00000085785;ENSMUSG00000086282;ENSMUSG00000086731	1	many_to_many	lncgDivg	ENSMUSG00000086282;ENSMUSG00000087157;ENSMUSG00000085785;ENSMUSG00000086731;ENSMUSG00000087302	1
ENSG00000256120	1	many_to_many_DifferentNumber	ENSMUSG00000087302;ENSMUSG00000087157;ENSMUSG00000085785;ENSMUSG00000086282;ENSMUSG00000086731	1	many_to_many	lncgDivg	ENSMUSG00000086282;ENSMUSG00000087157;ENSMUSG00000085785;ENSMUSG00000086731;ENSMUSG00000087302	1
ENSG00000197503	1	one_to_many	ENSMUSG00000072677;ENSMUSG00000120614	1	one_to_one	lncgSS.up	ENSMUSG00000072677	1
ENSG00000286259	1	many_to_many_DifferentNumber	ENSMUSG00000100113;ENSMUSG00000097082;ENSMUSG00000112137;ENSMUSG00000112533	0	NA	NA	NA	1
ENSG00000257329	1	many_to_many_DifferentNumber	ENSMUSG00000100113;ENSMUSG00000097082;ENSMUSG00000112137;ENSMUSG00000112533	1	one_to_one	lincConv	ENSMUSG00000097082	1
ENSG00000258077	1	many_to_many_sameNumber	ENSMUSG00000112430;ENSMUSG00000112249	1	one_to_one	lincSS.dw	ENSMUSG00000112249	1
ENSG00000258088	1	many_to_many_sameNumber	ENSMUSG00000112430;ENSMUSG00000112249	0	NA	NA	NA	1
ENSG00000277130	1	one_to_one	ENSMUSG00000112910	0	NA	NA	NA	1
ENSG00000255772	1	many_to_many_DifferentNumber	ENSMUSG00000112029;ENSMUSG00000112535;ENSMUSG00000112198;ENSMUSG00000112230	0	NA	NA	NA	0
ENSG00000255733	1	many_to_many_DifferentNumber	ENSMUSG00000112029;ENSMUSG00000112535;ENSMUSG00000112198;ENSMUSG00000112230	0	NA	NA	NA	1
ENSG00000286043	1	many_to_one	ENSMUSG00000085282	1	one_to_one	lncgDivg	ENSMUSG00000085282	1
ENSG00000258170	1	many_to_one	ENSMUSG00000085282	0	NA	NA	NA	1
ENSG00000257837	1	many_to_one	ENSMUSG00000085282	0	NA	NA	NA	1
ENSG00000257677	1	one_to_one	ENSMUSG00000112398	0	NA	NA	NA	0
ENSG00000278916	1	one_to_many	ENSMUSG00000086269;ENSMUSG00000097164	1	one_to_many	lncgDivg	ENSMUSG00000097164;ENSMUSG00000112669	1
ENSG00000257400	1	one_to_many	ENSMUSG00000112477;ENSMUSG00000085409	0	NA	NA	NA	1
ENSG00000257194	1	many_to_many_DifferentNumber	ENSMUSG00000079183;ENSMUSG00000112896;ENSMUSG00000112647	0	NA	NA	NA	0
ENSG00000257787	1	many_to_many_DifferentNumber	ENSMUSG00000079183;ENSMUSG00000112896;ENSMUSG00000112647	1	many_to_one	lincConv	ENSMUSG00000079183	0
ENSG00000258183	1	many_to_many_DifferentNumber	ENSMUSG00000079183;ENSMUSG00000112896;ENSMUSG00000112647	0	NA	NA	NA	0
ENSG00000258216	1	many_to_many_DifferentNumber	ENSMUSG00000079183;ENSMUSG00000112896;ENSMUSG00000112647	0	NA	NA	NA	0
ENSG00000286021	1	many_to_many_DifferentNumber	ENSMUSG00000079183;ENSMUSG00000112896;ENSMUSG00000112647	1	many_to_one	lincConv	ENSMUSG00000079183	0
ENSG00000271614	1	many_to_many_DifferentNumber	ENSMUSG00000079183;ENSMUSG00000112896;ENSMUSG00000112647	0	NA	NA	NA	0
ENSG00000257725	1	many_to_many_DifferentNumber	ENSMUSG00000079183;ENSMUSG00000112896;ENSMUSG00000112647	0	NA	NA	NA	0
ENSG00000288102	1	many_to_many_sameNumber	ENSMUSG00000112497;ENSMUSG00000112874	1	one_to_one	lincSS.dw	ENSMUSG00000112497	0
ENSG00000257995	1	many_to_many_sameNumber	ENSMUSG00000112497;ENSMUSG00000112874	0	NA	NA	NA	0
ENSG00000258343	1	one_to_many	ENSMUSG00000097407;ENSMUSG00000111366	1	one_to_one	lncgDivg	ENSMUSG00000097407	0
ENSG00000286056	1	many_to_many_DifferentNumber	ENSMUSG00000111544;ENSMUSG00000098040;ENSMUSG00000112117	1	one_to_one	lincSS.up	ENSMUSG00000111544	0
ENSG00000257470	1	many_to_many_DifferentNumber	ENSMUSG00000111544;ENSMUSG00000098040;ENSMUSG00000112117	0	NA	NA	NA	0
ENSG00000258131	1	many_to_many_DifferentNumber	ENSMUSG00000111544;ENSMUSG00000098040;ENSMUSG00000112117	0	NA	NA	NA	0
ENSG00000255794	1	many_to_many_DifferentNumber	ENSMUSG00000111544;ENSMUSG00000098040;ENSMUSG00000112117	0	NA	NA	NA	0
ENSG00000258312	1	many_to_many_DifferentNumber	ENSMUSG00000111525;ENSMUSG00000111657;ENSMUSG00000110794;ENSMUSG00000111470	0	NA	NA	NA	0
ENSG00000286434	1	many_to_many_DifferentNumber	ENSMUSG00000111525;ENSMUSG00000111657;ENSMUSG00000110794;ENSMUSG00000111470	0	NA	NA	NA	0
ENSG00000257920	1	many_to_many_DifferentNumber	ENSMUSG00000111525;ENSMUSG00000111657;ENSMUSG00000110794;ENSMUSG00000111470	0	NA	NA	NA	0
ENSG00000257167	1	many_to_many_DifferentNumber	ENSMUSG00000111525;ENSMUSG00000111657;ENSMUSG00000110794;ENSMUSG00000111470	0	NA	NA	NA	0
ENSG00000245017	1	many_to_many_DifferentNumber	ENSMUSG00000111525;ENSMUSG00000111657;ENSMUSG00000110794;ENSMUSG00000111470	0	NA	NA	NA	0
ENSG00000257587	1	many_to_one	ENSMUSG00000112087	0	NA	NA	NA	0
ENSG00000257750	1	many_to_one	ENSMUSG00000112087	0	NA	NA	NA	0
ENSG00000258332	1	many_to_one	ENSMUSG00000112087	0	NA	NA	NA	0
ENSG00000258123	1	many_to_one	ENSMUSG00000112087	0	NA	NA	NA	0
ENSG00000257183	1	many_to_many_DifferentNumber	ENSMUSG00000112228;ENSMUSG00000112767	0	NA	NA	NA	0
ENSG00000257682	1	many_to_many_DifferentNumber	ENSMUSG00000112228;ENSMUSG00000112767	0	NA	NA	NA	0
ENSG00000258294	1	many_to_many_DifferentNumber	ENSMUSG00000112228;ENSMUSG00000112767	0	NA	NA	NA	0
ENSG00000251138	1	many_to_many_DifferentNumber	ENSMUSG00000112228;ENSMUSG00000112767	0	NA	NA	NA	0
ENSG00000236333	1	many_to_many_DifferentNumber	ENSMUSG00000112228;ENSMUSG00000112767	1	one_to_many	lncgDivg	ENSMUSG00000089934;ENSMUSG00000084865	1
ENSG00000258235	1	many_to_many_DifferentNumber	ENSMUSG00000112228;ENSMUSG00000112767	0	NA	NA	NA	0
ENSG00000258303	1	many_to_many_DifferentNumber	ENSMUSG00000112277;ENSMUSG00000112501;ENSMUSG00000112481	0	NA	NA	NA	1
ENSG00000271382	1	many_to_many_DifferentNumber	ENSMUSG00000112277;ENSMUSG00000112501;ENSMUSG00000112481	1	one_to_many	lincSS.dw	ENSMUSG00000112481;ENSMUSG00000112501	1
ENSG00000257386	1	one_to_many	ENSMUSG00000100314;ENSMUSG00000112722	0	NA	NA	NA	1
ENSG00000283422	1	one_to_many	ENSMUSG00000111531;ENSMUSG00000110647	1	one_to_many	lincDivg	ENSMUSG00000110647;ENSMUSG00000111531	0
ENSG00000246985	1	one_to_one	ENSMUSG00000097766	1	one_to_one	lncgDivg	ENSMUSG00000097766	1
ENSG00000258057	1	one_to_one	ENSMUSG00000089968	0	NA	NA	NA	1
ENSG00000257764	1	one_to_one	ENSMUSG00000112462	0	NA	NA	NA	0
ENSG00000257438	1	one_to_many	ENSMUSG00000020033;ENSMUSG00000111514;ENSMUSG00000111583	1	one_to_one	lncgDivg	ENSMUSG00000111583	1
ENSG00000257703	1	one_to_one	ENSMUSG00000112213	0	NA	NA	NA	1
ENSG00000256915	1	many_to_many_DifferentNumber	ENSMUSG00000112716;ENSMUSG00000111907	0	NA	NA	NA	1
ENSG00000250280	1	many_to_many_DifferentNumber	ENSMUSG00000112716;ENSMUSG00000111907	0	NA	NA	NA	1
ENSG00000255866	1	many_to_many_DifferentNumber	ENSMUSG00000112716;ENSMUSG00000111907	1	many_to_many_strict	lincSS.dw	ENSMUSG00000112716;ENSMUSG00000111907	1
ENSG00000256268	1	many_to_many_DifferentNumber	ENSMUSG00000112716;ENSMUSG00000111907	1	many_to_many_strict	lincSS.dw	ENSMUSG00000112716;ENSMUSG00000111907	1
ENSG00000250748	1	one_to_many	ENSMUSG00000034764;ENSMUSG00000090191;ENSMUSG00000044544	1	one_to_one	lncgConv	ENSMUSG00000044544	1
ENSG00000257519	1	many_to_many_DifferentNumber	ENSMUSG00000106708;ENSMUSG00000107334;ENSMUSG00000106938;ENSMUSG00000120646;ENSMUSG00000087516	0	NA	NA	NA	0
ENSG00000257517	1	many_to_many_DifferentNumber	ENSMUSG00000106708;ENSMUSG00000107334;ENSMUSG00000106938;ENSMUSG00000120646;ENSMUSG00000087516	0	NA	NA	NA	0
ENSG00000257958	1	many_to_many_DifferentNumber	ENSMUSG00000106708;ENSMUSG00000107334;ENSMUSG00000106938;ENSMUSG00000120646;ENSMUSG00000087516	0	NA	NA	NA	0
ENSG00000257781	1	many_to_many_DifferentNumber	ENSMUSG00000106708;ENSMUSG00000107334;ENSMUSG00000106938;ENSMUSG00000120646;ENSMUSG00000087516	0	NA	NA	NA	0
ENSG00000286991	1	many_to_many_DifferentNumber	ENSMUSG00000106708;ENSMUSG00000107334;ENSMUSG00000106938;ENSMUSG00000120646;ENSMUSG00000087516	0	NA	NA	NA	0
ENSG00000257817	1	many_to_many_DifferentNumber	ENSMUSG00000106708;ENSMUSG00000107334;ENSMUSG00000106938;ENSMUSG00000120646;ENSMUSG00000087516	1	one_to_many	lncgDivg	ENSMUSG00000120646;ENSMUSG00000087516	0
ENSG00000258108	1	many_to_many_DifferentNumber	ENSMUSG00000106708;ENSMUSG00000107334;ENSMUSG00000106938;ENSMUSG00000120646;ENSMUSG00000087516	0	NA	NA	NA	0
ENSG00000257726	1	many_to_many_DifferentNumber	ENSMUSG00000106708;ENSMUSG00000107334;ENSMUSG00000106938;ENSMUSG00000120646;ENSMUSG00000087516	0	NA	NA	NA	0
ENSG00000271579	1	many_to_many_DifferentNumber	ENSMUSG00000106745;ENSMUSG00000107144;ENSMUSG00000100573;ENSMUSG00000085708;ENSMUSG00000085345;ENSMUSG00000120005	0	NA	NA	NA	0
ENSG00000283459	1	many_to_many_DifferentNumber	ENSMUSG00000106745;ENSMUSG00000107144;ENSMUSG00000100573;ENSMUSG00000085708;ENSMUSG00000085345;ENSMUSG00000120005	0	NA	NA	NA	0
ENSG00000276308	1	many_to_many_DifferentNumber	ENSMUSG00000106745;ENSMUSG00000107144;ENSMUSG00000100573;ENSMUSG00000085708;ENSMUSG00000085345;ENSMUSG00000120005	0	NA	NA	NA	0
ENSG00000257407	1	many_to_many_DifferentNumber	ENSMUSG00000106745;ENSMUSG00000107144;ENSMUSG00000100573;ENSMUSG00000085708;ENSMUSG00000085345;ENSMUSG00000120005	0	NA	NA	NA	0
ENSG00000276972	1	many_to_many_DifferentNumber	ENSMUSG00000106745;ENSMUSG00000107144;ENSMUSG00000100573;ENSMUSG00000085708;ENSMUSG00000085345;ENSMUSG00000120005	0	NA	NA	NA	0
ENSG00000257683	1	many_to_many_DifferentNumber	ENSMUSG00000106745;ENSMUSG00000107144;ENSMUSG00000100573;ENSMUSG00000085708;ENSMUSG00000085345;ENSMUSG00000120005	0	NA	NA	NA	0
ENSG00000287982	1	many_to_many_DifferentNumber	ENSMUSG00000106745;ENSMUSG00000107144;ENSMUSG00000100573;ENSMUSG00000085708;ENSMUSG00000085345;ENSMUSG00000120005	1	one_to_many	lincSS.up	ENSMUSG00000085708;ENSMUSG00000085345	0
ENSG00000286903	1	many_to_one	ENSMUSG00000111524	0	NA	NA	NA	1
ENSG00000257859	1	many_to_one	ENSMUSG00000111524	0	NA	NA	NA	0
ENSG00000289387	1	many_to_one	ENSMUSG00000111524	0	NA	NA	NA	0
ENSG00000257642	1	many_to_many_sameNumber	ENSMUSG00000111699;ENSMUSG00000111049;ENSMUSG00000111062	0	NA	NA	NA	1
ENSG00000257890	1	many_to_many_sameNumber	ENSMUSG00000111699;ENSMUSG00000111049;ENSMUSG00000111062	0	NA	NA	NA	0
ENSG00000286520	1	many_to_many_sameNumber	ENSMUSG00000111699;ENSMUSG00000111049;ENSMUSG00000111062	0	NA	NA	NA	0
ENSG00000275759	1	many_to_many_sameNumber	ENSMUSG00000106914;ENSMUSG00000106909	0	NA	NA	NA	1
ENSG00000275409	1	many_to_many_sameNumber	ENSMUSG00000106914;ENSMUSG00000106909	0	NA	NA	NA	1
ENSG00000256750	1	many_to_one	ENSMUSG00000107237	0	NA	NA	NA	1
ENSG00000255814	1	many_to_one	ENSMUSG00000107237	0	NA	NA	NA	1
ENSG00000255618	1	many_to_one	ENSMUSG00000107237	0	NA	NA	NA	1
ENSG00000256149	1	many_to_one	ENSMUSG00000107237	0	NA	NA	NA	1
ENSG00000255714	1	many_to_one	ENSMUSG00000107237	0	NA	NA	NA	1
ENSG00000196243	1	one_to_one	ENSMUSG00000074776	0	NA	NA	NA	0
ENSG00000258272	1	one_to_many	ENSMUSG00000120466;ENSMUSG00000111013;ENSMUSG00000121061	1	one_to_one	lncgDivg	ENSMUSG00000111013	0
ENSG00000258240	1	one_to_many	ENSMUSG00000105795;ENSMUSG00000087386;ENSMUSG00000120313	1	one_to_one	lincSS.up	ENSMUSG00000120313	1
ENSG00000270482	1	one_to_one	ENSMUSG00000086047	1	one_to_one	lncgDivg	ENSMUSG00000086047	1
ENSG00000257476	1	one_to_many	ENSMUSG00000107084;ENSMUSG00000107063	0	NA	NA	NA	0
ENSG00000249196	1	many_to_many_DifferentNumber	ENSMUSG00000105857;ENSMUSG00000106275;ENSMUSG00000104727;ENSMUSG00000120619	1	many_to_one	lncgDivg	ENSMUSG00000105857	1
ENSG00000256699	1	many_to_many_DifferentNumber	ENSMUSG00000105857;ENSMUSG00000106275;ENSMUSG00000104727;ENSMUSG00000120619	1	many_to_one	lncgDivg	ENSMUSG00000105857	1
ENSG00000286394	1	many_to_many_DifferentNumber	ENSMUSG00000105857;ENSMUSG00000106275;ENSMUSG00000104727;ENSMUSG00000120619	1	many_to_one	lncgDivg	ENSMUSG00000105857	1
ENSG00000286246	1	many_to_many_DifferentNumber	ENSMUSG00000105857;ENSMUSG00000106275;ENSMUSG00000104727;ENSMUSG00000120619	1	many_to_one	lncgDivg	ENSMUSG00000105857	1
ENSG00000256298	1	many_to_many_DifferentNumber	ENSMUSG00000105857;ENSMUSG00000106275;ENSMUSG00000104727;ENSMUSG00000120619	0	NA	NA	NA	1
ENSG00000256906	1	many_to_many_DifferentNumber	ENSMUSG00000105857;ENSMUSG00000106275;ENSMUSG00000104727;ENSMUSG00000120619	0	NA	NA	NA	1
ENSG00000276122	1	many_to_many_DifferentNumber	ENSMUSG00000105857;ENSMUSG00000106275;ENSMUSG00000104727;ENSMUSG00000120619	0	NA	NA	NA	1
ENSG00000214039	1	many_to_many_DifferentNumber	ENSMUSG00000104980;ENSMUSG00000072591	0	NA	NA	NA	1
ENSG00000251536	1	many_to_many_DifferentNumber	ENSMUSG00000104980;ENSMUSG00000072591	0	NA	NA	NA	1
ENSG00000261650	1	many_to_many_DifferentNumber	ENSMUSG00000104980;ENSMUSG00000072591	0	NA	NA	NA	1
ENSG00000256085	1	many_to_many_DifferentNumber	ENSMUSG00000104980;ENSMUSG00000072591	0	NA	NA	NA	1
ENSG00000256137	1	many_to_many_DifferentNumber	ENSMUSG00000104980;ENSMUSG00000072591	0	NA	NA	NA	1
ENSG00000250208	1	many_to_many_DifferentNumber	ENSMUSG00000104980;ENSMUSG00000072591	1	one_to_one	lncgDivg	ENSMUSG00000072591	1
ENSG00000257912	1	many_to_one	ENSMUSG00000112104	0	NA	NA	NA	0
ENSG00000257940	1	many_to_one	ENSMUSG00000112104	0	NA	NA	NA	0
ENSG00000258178	1	many_to_one	ENSMUSG00000112104	0	NA	NA	NA	1
ENSG00000257354	1	many_to_one	ENSMUSG00000112220	0	NA	NA	NA	1
ENSG00000275180	1	many_to_one	ENSMUSG00000112220	0	NA	NA	NA	1
ENSG00000258355	1	one_to_one	ENSMUSG00000097076	0	NA	NA	NA	1
ENSG00000286678	1	one_to_one	ENSMUSG00000111752	0	NA	NA	NA	1
ENSG00000257526	1	one_to_one	ENSMUSG00000120965	0	NA	NA	NA	1
ENSG00000258115	1	one_to_many	ENSMUSG00000089934;ENSMUSG00000084865;ENSMUSG00000111883;ENSMUSG00000112016	0	NA	NA	NA	0
ENSG00000287136	1	many_to_one	ENSMUSG00000104681	0	NA	NA	NA	0
ENSG00000204603	1	many_to_one	ENSMUSG00000104681	0	NA	NA	NA	0
ENSG00000256484	1	many_to_one	ENSMUSG00000104681	0	NA	NA	NA	0
ENSG00000230294	1	many_to_one	ENSMUSG00000104681	0	NA	NA	NA	0
ENSG00000287639	1	many_to_one	ENSMUSG00000104681	0	NA	NA	NA	0
ENSG00000249926	1	many_to_one	ENSMUSG00000104681	0	NA	NA	NA	0
ENSG00000256204	1	many_to_one	ENSMUSG00000104681	0	NA	NA	NA	0
ENSG00000258140	1	one_to_many	ENSMUSG00000112344;ENSMUSG00000112796	1	one_to_many	lincSS.up	ENSMUSG00000112344;ENSMUSG00000112796	1
ENSG00000258313	1	one_to_one	ENSMUSG00000097689	0	NA	NA	NA	1
ENSG00000257910	1	one_to_one	ENSMUSG00000101801	0	NA	NA	NA	0
ENSG00000214043	1	many_to_many_DifferentNumber	ENSMUSG00000105274;ENSMUSG00000105593;ENSMUSG00000105673;ENSMUSG00000106644;ENSMUSG00000105490;ENSMUSG00000105575;ENSMUSG00000105308	0	NA	NA	NA	0
ENSG00000255595	1	many_to_many_DifferentNumber	ENSMUSG00000105274;ENSMUSG00000105593;ENSMUSG00000105673;ENSMUSG00000106644;ENSMUSG00000105490;ENSMUSG00000105575;ENSMUSG00000105308	0	NA	NA	NA	0
ENSG00000189238	1	many_to_many_DifferentNumber	ENSMUSG00000105274;ENSMUSG00000105593;ENSMUSG00000105673;ENSMUSG00000106644;ENSMUSG00000105490;ENSMUSG00000105575;ENSMUSG00000105308	0	NA	NA	NA	0
ENSG00000275212	1	many_to_many_DifferentNumber	ENSMUSG00000105274;ENSMUSG00000105593;ENSMUSG00000105673;ENSMUSG00000106644;ENSMUSG00000105490;ENSMUSG00000105575;ENSMUSG00000105308	0	NA	NA	NA	0
ENSG00000284848	1	many_to_many_DifferentNumber	ENSMUSG00000105274;ENSMUSG00000105593;ENSMUSG00000105673;ENSMUSG00000106644;ENSMUSG00000105490;ENSMUSG00000105575;ENSMUSG00000105308	0	NA	NA	NA	0
ENSG00000256193	1	many_to_many_DifferentNumber	ENSMUSG00000105274;ENSMUSG00000105593;ENSMUSG00000105673;ENSMUSG00000106644;ENSMUSG00000105490;ENSMUSG00000105575;ENSMUSG00000105308	0	NA	NA	NA	0
ENSG00000286016	1	many_to_many_DifferentNumber	ENSMUSG00000105274;ENSMUSG00000105593;ENSMUSG00000105673;ENSMUSG00000106644;ENSMUSG00000105490;ENSMUSG00000105575;ENSMUSG00000105308	0	NA	NA	NA	0
ENSG00000256659	1	many_to_many_DifferentNumber	ENSMUSG00000105274;ENSMUSG00000105593;ENSMUSG00000105673;ENSMUSG00000106644;ENSMUSG00000105490;ENSMUSG00000105575;ENSMUSG00000105308	0	NA	NA	NA	0
ENSG00000255998	1	many_to_many_DifferentNumber	ENSMUSG00000105274;ENSMUSG00000105593;ENSMUSG00000105673;ENSMUSG00000106644;ENSMUSG00000105490;ENSMUSG00000105575;ENSMUSG00000105308	0	NA	NA	NA	0
ENSG00000256286	1	many_to_many_DifferentNumber	ENSMUSG00000105274;ENSMUSG00000105593;ENSMUSG00000105673;ENSMUSG00000106644;ENSMUSG00000105490;ENSMUSG00000105575;ENSMUSG00000105308	0	NA	NA	NA	0
ENSG00000256597	1	many_to_many_DifferentNumber	ENSMUSG00000105274;ENSMUSG00000105593;ENSMUSG00000105673;ENSMUSG00000106644;ENSMUSG00000105490;ENSMUSG00000105575;ENSMUSG00000105308	0	NA	NA	NA	0
ENSG00000287112	1	many_to_many_DifferentNumber	ENSMUSG00000105274;ENSMUSG00000105593;ENSMUSG00000105673;ENSMUSG00000106644;ENSMUSG00000105490;ENSMUSG00000105575;ENSMUSG00000105308	0	NA	NA	NA	0
ENSG00000286791	1	many_to_many_DifferentNumber	ENSMUSG00000105274;ENSMUSG00000105593;ENSMUSG00000105673;ENSMUSG00000106644;ENSMUSG00000105490;ENSMUSG00000105575;ENSMUSG00000105308	0	NA	NA	NA	0
ENSG00000278266	1	many_to_many_DifferentNumber	ENSMUSG00000105274;ENSMUSG00000105593;ENSMUSG00000105673;ENSMUSG00000106644;ENSMUSG00000105490;ENSMUSG00000105575;ENSMUSG00000105308	0	NA	NA	NA	0
ENSG00000287622	1	many_to_many_DifferentNumber	ENSMUSG00000105274;ENSMUSG00000105593;ENSMUSG00000105673;ENSMUSG00000106644;ENSMUSG00000105490;ENSMUSG00000105575;ENSMUSG00000105308	0	NA	NA	NA	0
ENSG00000286922	1	many_to_many_DifferentNumber	ENSMUSG00000105274;ENSMUSG00000105593;ENSMUSG00000105673;ENSMUSG00000106644;ENSMUSG00000105490;ENSMUSG00000105575;ENSMUSG00000105308	0	NA	NA	NA	0
ENSG00000255945	1	many_to_many_DifferentNumber	ENSMUSG00000105274;ENSMUSG00000105593;ENSMUSG00000105673;ENSMUSG00000106644;ENSMUSG00000105490;ENSMUSG00000105575;ENSMUSG00000105308	0	NA	NA	NA	0
ENSG00000286209	1	many_to_many_DifferentNumber	ENSMUSG00000105274;ENSMUSG00000105593;ENSMUSG00000105673;ENSMUSG00000106644;ENSMUSG00000105490;ENSMUSG00000105575;ENSMUSG00000105308	0	NA	NA	NA	0
ENSG00000256494	1	many_to_many_DifferentNumber	ENSMUSG00000106378;ENSMUSG00000104825;ENSMUSG00000106235;ENSMUSG00000105316;ENSMUSG00000104778	0	NA	NA	NA	0
ENSG00000249873	1	many_to_many_DifferentNumber	ENSMUSG00000106378;ENSMUSG00000104825;ENSMUSG00000106235;ENSMUSG00000105316;ENSMUSG00000104778	0	NA	NA	NA	0
ENSG00000256971	1	many_to_many_DifferentNumber	ENSMUSG00000106378;ENSMUSG00000104825;ENSMUSG00000106235;ENSMUSG00000105316;ENSMUSG00000104778	0	NA	NA	NA	0
ENSG00000256643	1	many_to_many_DifferentNumber	ENSMUSG00000106378;ENSMUSG00000104825;ENSMUSG00000106235;ENSMUSG00000105316;ENSMUSG00000104778	0	NA	NA	NA	0
ENSG00000287311	1	many_to_many_DifferentNumber	ENSMUSG00000106378;ENSMUSG00000104825;ENSMUSG00000106235;ENSMUSG00000105316;ENSMUSG00000104778	0	NA	NA	NA	0
ENSG00000256551	1	many_to_many_DifferentNumber	ENSMUSG00000106378;ENSMUSG00000104825;ENSMUSG00000106235;ENSMUSG00000105316;ENSMUSG00000104778	0	NA	NA	NA	0
ENSG00000287365	1	many_to_many_DifferentNumber	ENSMUSG00000106378;ENSMUSG00000104825;ENSMUSG00000106235;ENSMUSG00000105316;ENSMUSG00000104778	0	NA	NA	NA	0
ENSG00000276487	1	many_to_many_DifferentNumber	ENSMUSG00000106378;ENSMUSG00000104825;ENSMUSG00000106235;ENSMUSG00000105316;ENSMUSG00000104778	1	one_to_one	lincDivg	ENSMUSG00000104778	0
ENSG00000286386	1	many_to_many_DifferentNumber	ENSMUSG00000106378;ENSMUSG00000104825;ENSMUSG00000106235;ENSMUSG00000105316;ENSMUSG00000104778	0	NA	NA	NA	0
ENSG00000255944	1	many_to_many_DifferentNumber	ENSMUSG00000106378;ENSMUSG00000104825;ENSMUSG00000106235;ENSMUSG00000105316;ENSMUSG00000104778	0	NA	NA	NA	0
ENSG00000249345	1	many_to_many_DifferentNumber	ENSMUSG00000106378;ENSMUSG00000104825;ENSMUSG00000106235;ENSMUSG00000105316;ENSMUSG00000104778	0	NA	NA	NA	0
ENSG00000256292	1	many_to_many_DifferentNumber	ENSMUSG00000106378;ENSMUSG00000104825;ENSMUSG00000106235;ENSMUSG00000105316;ENSMUSG00000104778	0	NA	NA	NA	0
ENSG00000256022	1	many_to_many_DifferentNumber	ENSMUSG00000106378;ENSMUSG00000104825;ENSMUSG00000106235;ENSMUSG00000105316;ENSMUSG00000104778	0	NA	NA	NA	0
ENSG00000287339	1	many_to_many_DifferentNumber	ENSMUSG00000106378;ENSMUSG00000104825;ENSMUSG00000106235;ENSMUSG00000105316;ENSMUSG00000104778	0	NA	NA	NA	0
ENSG00000256362	1	many_to_many_DifferentNumber	ENSMUSG00000106378;ENSMUSG00000104825;ENSMUSG00000106235;ENSMUSG00000105316;ENSMUSG00000104778	0	NA	NA	NA	0
ENSG00000286662	1	many_to_many_DifferentNumber	ENSMUSG00000106378;ENSMUSG00000104825;ENSMUSG00000106235;ENSMUSG00000105316;ENSMUSG00000104778	0	NA	NA	NA	0
ENSG00000288523	1	many_to_many_DifferentNumber	ENSMUSG00000106378;ENSMUSG00000104825;ENSMUSG00000106235;ENSMUSG00000105316;ENSMUSG00000104778	0	NA	NA	NA	0
ENSG00000256732	1	many_to_many_DifferentNumber	ENSMUSG00000106378;ENSMUSG00000104825;ENSMUSG00000106235;ENSMUSG00000105316;ENSMUSG00000104778	0	NA	NA	NA	0
ENSG00000256128	1	many_to_many_DifferentNumber	ENSMUSG00000106378;ENSMUSG00000104825;ENSMUSG00000106235;ENSMUSG00000105316;ENSMUSG00000104778	0	NA	NA	NA	0
ENSG00000256001	1	many_to_many_DifferentNumber	ENSMUSG00000106378;ENSMUSG00000104825;ENSMUSG00000106235;ENSMUSG00000105316;ENSMUSG00000104778	0	NA	NA	NA	0
ENSG00000249267	1	many_to_many_DifferentNumber	ENSMUSG00000106378;ENSMUSG00000104825;ENSMUSG00000106235;ENSMUSG00000105316;ENSMUSG00000104778	0	NA	NA	NA	0
ENSG00000286907	1	many_to_one	ENSMUSG00000112488	0	NA	NA	NA	0
ENSG00000287714	1	many_to_one	ENSMUSG00000112488	0	NA	NA	NA	0
ENSG00000258100	1	many_to_one	ENSMUSG00000112488	0	NA	NA	NA	0
ENSG00000286049	1	many_to_one	ENSMUSG00000112488	0	NA	NA	NA	0
ENSG00000277738	1	many_to_one	ENSMUSG00000112488	0	NA	NA	NA	0
ENSG00000258125	1	many_to_one	ENSMUSG00000112488	0	NA	NA	NA	0
ENSG00000257893	1	many_to_one	ENSMUSG00000112488	0	NA	NA	NA	0
ENSG00000257863	1	many_to_one	ENSMUSG00000112488	0	NA	NA	NA	0
ENSG00000289605	1	many_to_many_sameNumber	ENSMUSG00000111912;ENSMUSG00000111924	0	NA	NA	NA	0
ENSG00000257242	1	many_to_many_sameNumber	ENSMUSG00000111912;ENSMUSG00000111924	0	NA	NA	NA	0
ENSG00000257696	1	one_to_one	ENSMUSG00000120327	1	one_to_one	lncgDivg	ENSMUSG00000120327	1
ENSG00000248636	1	one_to_one	ENSMUSG00000086655	0	NA	NA	NA	1
ENSG00000274373	1	one_to_many	ENSMUSG00000105482;ENSMUSG00000048215	0	NA	NA	NA	0
ENSG00000255856	1	one_to_many	ENSMUSG00000087063;ENSMUSG00000087336	1	one_to_one	lncgDivg	ENSMUSG00000087336	1
ENSG00000256273	1	one_to_one	ENSMUSG00000112711	0	NA	NA	NA	1
ENSG00000273824	1	many_to_many_sameNumber	ENSMUSG00000112458;ENSMUSG00000112500;ENSMUSG00000112470	1	one_to_one	lincSS.up	ENSMUSG00000112470	1
ENSG00000251301	1	many_to_many_sameNumber	ENSMUSG00000112458;ENSMUSG00000112500;ENSMUSG00000112470	0	NA	NA	NA	1
ENSG00000289173	1	many_to_many_sameNumber	ENSMUSG00000112458;ENSMUSG00000112500;ENSMUSG00000112470	0	NA	NA	NA	1
ENSG00000258099	1	one_to_one	ENSMUSG00000120053	1	one_to_many	lncgDivg	ENSMUSG00000089729;ENSMUSG00000120053	1
ENSG00000257025	1	one_to_one	ENSMUSG00000106015	0	NA	NA	NA	0
ENSG00000286410	1	one_to_one	ENSMUSG00000112134	0	NA	NA	NA	1
ENSG00000286233	1	many_to_one	ENSMUSG00000086219	0	NA	NA	NA	1
ENSG00000257095	1	many_to_one	ENSMUSG00000086219	0	NA	NA	NA	1
ENSG00000258254	1	many_to_many_DifferentNumber	ENSMUSG00000107053;ENSMUSG00000086847;ENSMUSG00000106795	0	NA	NA	NA	1
ENSG00000255399	1	many_to_many_DifferentNumber	ENSMUSG00000107053;ENSMUSG00000086847;ENSMUSG00000106795	1	one_to_one	lncgDivg	ENSMUSG00000106795	1
ENSG00000289101	1	one_to_one	ENSMUSG00000120759	1	one_to_one	lincSS.up	ENSMUSG00000120759	1
ENSG00000287200	1	one_to_one	ENSMUSG00000112426	0	NA	NA	NA	1
ENSG00000247131	1	one_to_many	ENSMUSG00000120959;ENSMUSG00000112627;ENSMUSG00000031294	1	one_to_many	lncgDivg	ENSMUSG00000112627;ENSMUSG00000120959	1
ENSG00000257139	1	many_to_one	ENSMUSG00000100198	0	NA	NA	NA	1
ENSG00000287132	1	many_to_one	ENSMUSG00000100198	0	NA	NA	NA	1
ENSG00000257241	1	many_to_many_DifferentNumber	ENSMUSG00000097104;ENSMUSG00000112924;ENSMUSG00000052291	0	NA	NA	NA	1
ENSG00000257815	1	many_to_many_DifferentNumber	ENSMUSG00000097104;ENSMUSG00000112924;ENSMUSG00000052291	0	NA	NA	NA	1
ENSG00000250132	1	one_to_one	ENSMUSG00000108282	0	NA	NA	NA	0
ENSG00000258283	1	many_to_one	ENSMUSG00000097414	0	NA	NA	NA	1
ENSG00000257913	1	many_to_one	ENSMUSG00000097414	0	NA	NA	NA	1
ENSG00000257346	1	one_to_one	ENSMUSG00000116033	1	one_to_one	lncgDivg	ENSMUSG00000116033	1
ENSG00000219410	1	one_to_one	ENSMUSG00000108034	1	one_to_one	lncgConv	ENSMUSG00000108034	1
ENSG00000271969	1	many_to_one	ENSMUSG00000087327	1	many_to_one	lncgConv	ENSMUSG00000087327	1
ENSG00000257084	1	many_to_one	ENSMUSG00000087327	1	many_to_one	lncgConv	ENSMUSG00000087327	1
ENSG00000286092	1	one_to_one	ENSMUSG00000106082	0	NA	NA	NA	1
ENSG00000256884	1	many_to_many_sameNumber	ENSMUSG00000086122;ENSMUSG00000086055;ENSMUSG00000087124;ENSMUSG00000086715	0	NA	NA	NA	0
ENSG00000256609	1	many_to_many_sameNumber	ENSMUSG00000086122;ENSMUSG00000086055;ENSMUSG00000087124;ENSMUSG00000086715	0	NA	NA	NA	0
ENSG00000256311	1	many_to_many_sameNumber	ENSMUSG00000086122;ENSMUSG00000086055;ENSMUSG00000087124;ENSMUSG00000086715	0	NA	NA	NA	0
ENSG00000281196	1	many_to_many_sameNumber	ENSMUSG00000086122;ENSMUSG00000086055;ENSMUSG00000087124;ENSMUSG00000086715	1	one_to_many	lincDivg	ENSMUSG00000087124;ENSMUSG00000086715	0
ENSG00000256512	1	one_to_one	ENSMUSG00000086021	0	NA	NA	NA	1
ENSG00000255775	1	one_to_many	ENSMUSG00000101191;ENSMUSG00000101162	0	NA	NA	NA	1
ENSG00000247213	1	one_to_one	ENSMUSG00000042184	0	NA	NA	NA	1
ENSG00000274987	1	many_to_many_DifferentNumber	ENSMUSG00000086013;ENSMUSG00000087277	1	many_to_one	lncgDivg	ENSMUSG00000086013	1
ENSG00000275197	1	many_to_many_DifferentNumber	ENSMUSG00000086013;ENSMUSG00000087277	1	many_to_one	lncgDivg	ENSMUSG00000086013	1
ENSG00000289928	1	many_to_many_DifferentNumber	ENSMUSG00000086013;ENSMUSG00000087277	0	NA	NA	NA	1
ENSG00000278743	1	one_to_one	ENSMUSG00000120520	1	one_to_one	lincSS.dw	ENSMUSG00000120520	1
ENSG00000256152	1	one_to_one	ENSMUSG00000106261	0	NA	NA	NA	1
ENSG00000251497	1	one_to_many	ENSMUSG00000090220;ENSMUSG00000105759;ENSMUSG00000089842	1	one_to_many	lncgDivg	ENSMUSG00000090220;ENSMUSG00000105759;ENSMUSG00000089842	1
ENSG00000286197	1	one_to_many	ENSMUSG00000089881;ENSMUSG00000089656	0	NA	NA	NA	1
ENSG00000257737	1	many_to_one	ENSMUSG00000089959	1	many_to_many_strict	lncgDivg	ENSMUSG00000089656;ENSMUSG00000089881	1
ENSG00000257766	1	many_to_one	ENSMUSG00000089959	1	many_to_many_strict	lncgDivg	ENSMUSG00000089656;ENSMUSG00000089881	1
ENSG00000257681	1	many_to_one	ENSMUSG00000089959	1	one_to_one	lncgConv	ENSMUSG00000089959	1
ENSG00000257193	1	one_to_many	ENSMUSG00000056821;ENSMUSG00000112286	1	one_to_one	lincDivg	ENSMUSG00000112286	1
ENSG00000257732	1	one_to_one	ENSMUSG00000112375	1	one_to_one	lncgDivg	ENSMUSG00000112375	1
ENSG00000288665	1	one_to_one	ENSMUSG00000112009	0	NA	NA	NA	1
ENSG00000214650	1	many_to_many_sameNumber	ENSMUSG00000105604;ENSMUSG00000106663	1	one_to_many	lncgDivg	ENSMUSG00000105604;ENSMUSG00000106663	0
ENSG00000289940	1	many_to_many_sameNumber	ENSMUSG00000105604;ENSMUSG00000106663	0	NA	NA	NA	0
ENSG00000287242	1	one_to_one	ENSMUSG00000104932	0	NA	NA	NA	0
ENSG00000278126	1	one_to_many	ENSMUSG00000116164;ENSMUSG00000097093	0	NA	NA	NA	0
ENSG00000223914	1	one_to_one	ENSMUSG00000086160	0	NA	NA	NA	1
ENSG00000257022	1	one_to_one	ENSMUSG00000104234	1	one_to_one	lncgDivg	ENSMUSG00000104234	1
ENSG00000257657	1	many_to_many_DifferentNumber	ENSMUSG00000115522;ENSMUSG00000078648;ENSMUSG00000115049;ENSMUSG00000078925;ENSMUSG00000097536;ENSMUSG00000097619	1	one_to_one	lncgConv	ENSMUSG00000115049	0
ENSG00000289229	1	many_to_many_DifferentNumber	ENSMUSG00000115522;ENSMUSG00000078648;ENSMUSG00000115049;ENSMUSG00000078925;ENSMUSG00000097536;ENSMUSG00000097619	1	many_to_one	lncgDivg	ENSMUSG00000097536	0
ENSG00000273015	1	many_to_many_DifferentNumber	ENSMUSG00000115522;ENSMUSG00000078648;ENSMUSG00000115049;ENSMUSG00000078925;ENSMUSG00000097536;ENSMUSG00000097619	1	many_to_one	lncgDivg	ENSMUSG00000097536	0
ENSG00000258210	1	one_to_one	ENSMUSG00000105895	0	NA	NA	NA	1
ENSG00000257660	1	one_to_one	ENSMUSG00000100220	1	many_to_one	lncgDivg	ENSMUSG00000100220	1
ENSG00000257083	1	one_to_many	ENSMUSG00000112155;ENSMUSG00000100558;ENSMUSG00000120839	0	NA	NA	NA	1
ENSG00000257004	1	one_to_one	ENSMUSG00000100876	1	one_to_one	lncgDivg	ENSMUSG00000100876	1
ENSG00000256658	1	one_to_one	ENSMUSG00000107730	1	one_to_one	lncgConv	ENSMUSG00000107730	0
ENSG00000255670	1	many_to_one	ENSMUSG00000108196	1	many_to_one	lncgDivg	ENSMUSG00000108196	1
ENSG00000290048	1	many_to_one	ENSMUSG00000108196	1	many_to_one	lncgDivg	ENSMUSG00000108196	1
ENSG00000289344	1	one_to_one	ENSMUSG00000111435	0	NA	NA	NA	1
ENSG00000257579	1	one_to_one	ENSMUSG00000112826	0	NA	NA	NA	1
ENSG00000257550	1	many_to_one	ENSMUSG00000116056	0	NA	NA	NA	0
ENSG00000285692	1	many_to_one	ENSMUSG00000116056	0	NA	NA	NA	1
ENSG00000273989	1	one_to_one	ENSMUSG00000085077	0	NA	NA	NA	1
ENSG00000247934	1	many_to_many_DifferentNumber	ENSMUSG00000086019;ENSMUSG00000086777	1	many_to_one	lncgDivg	ENSMUSG00000072660	1
ENSG00000278733	1	many_to_many_DifferentNumber	ENSMUSG00000086019;ENSMUSG00000086777	1	many_to_one	lncgDivg	ENSMUSG00000072660	1
ENSG00000256513	1	many_to_many_DifferentNumber	ENSMUSG00000086019;ENSMUSG00000086777	0	NA	NA	NA	1
ENSG00000257258	1	many_to_many_DifferentNumber	ENSMUSG00000086019;ENSMUSG00000086777	1	many_to_many	lncgDivg	ENSMUSG00000089948;ENSMUSG00000086777	1
ENSG00000256008	1	one_to_one	ENSMUSG00000120554	0	NA	NA	NA	1
ENSG00000241388	1	one_to_many	ENSMUSG00000086054;ENSMUSG00000086140	1	one_to_many	lncgDivg	ENSMUSG00000086140;ENSMUSG00000086054	0
ENSG00000254451	1	one_to_one	ENSMUSG00000112564	0	NA	NA	NA	1
ENSG00000256343	1	one_to_one	ENSMUSG00000105271	1	one_to_one	lncgDivg	ENSMUSG00000105271	1
ENSG00000256064	1	one_to_one	ENSMUSG00000106522	1	one_to_one	lncgSS.up	ENSMUSG00000106522	1
ENSG00000256742	1	one_to_one	ENSMUSG00000056735	1	one_to_one	lncgDivg	ENSMUSG00000056735	1
ENSG00000272849	1	many_to_many_sameNumber	ENSMUSG00000104156;ENSMUSG00000105881	1	many_to_one	lncgDivg	ENSMUSG00000104156	1
ENSG00000274292	1	many_to_many_sameNumber	ENSMUSG00000104156;ENSMUSG00000105881	1	many_to_one	lncgDivg	ENSMUSG00000104156	1
ENSG00000212694	1	one_to_one	ENSMUSG00000090086	0	NA	NA	NA	1
ENSG00000286067	1	many_to_one	ENSMUSG00000121040	0	NA	NA	NA	1
ENSG00000275936	1	many_to_one	ENSMUSG00000121040	0	NA	NA	NA	1
ENSG00000177340	1	one_to_one	ENSMUSG00000085355	1	one_to_one	lncgDivg	ENSMUSG00000085355	1
ENSG00000289046	1	one_to_many	ENSMUSG00000116253;ENSMUSG00000116160	0	NA	NA	NA	1
ENSG00000288863	1	one_to_one	ENSMUSG00000086165	0	NA	NA	NA	0
ENSG00000255621	1	one_to_one	ENSMUSG00000108239	1	one_to_one	lncgDivg	ENSMUSG00000108239	1
ENSG00000284513	1	one_to_many	ENSMUSG00000110390;ENSMUSG00000120976	0	NA	NA	NA	0
ENSG00000275278	1	many_to_one	ENSMUSG00000089948	1	many_to_many	lncgDivg	ENSMUSG00000089948;ENSMUSG00000086777	1
ENSG00000275476	1	many_to_one	ENSMUSG00000089948	1	many_to_many	lncgDivg	ENSMUSG00000089948;ENSMUSG00000086777	0
ENSG00000257176	1	many_to_one	ENSMUSG00000089948	1	many_to_many	lncgDivg	ENSMUSG00000089948;ENSMUSG00000086777	1
ENSG00000274315	1	many_to_one	ENSMUSG00000089948	1	many_to_many	lncgDivg	ENSMUSG00000089948;ENSMUSG00000086777	1
ENSG00000273680	1	many_to_one	ENSMUSG00000089948	1	many_to_many	lncgDivg	ENSMUSG00000089948;ENSMUSG00000086777	1
ENSG00000257137	1	one_to_one	ENSMUSG00000116116	0	NA	NA	NA	1
ENSG00000228630	1	one_to_one	ENSMUSG00000086903	0	NA	NA	NA	1
ENSG00000250899	1	many_to_one	ENSMUSG00000056771	0	NA	NA	NA	1
ENSG00000289980	1	many_to_one	ENSMUSG00000056771	1	one_to_one	lincSS.dw	ENSMUSG00000056771	1
ENSG00000256691	1	many_to_one	ENSMUSG00000107253	1	many_to_one	lncgDivg	ENSMUSG00000107219	0
ENSG00000290204	1	many_to_one	ENSMUSG00000107253	1	many_to_one	lncgDivg	ENSMUSG00000107219	0
ENSG00000287243	1	many_to_one	ENSMUSG00000107253	1	many_to_one	lncgDivg	ENSMUSG00000107219	1
ENSG00000256546	1	one_to_one	ENSMUSG00000104830	1	one_to_one	lncgSS.dw	ENSMUSG00000104830	1
ENSG00000289311	1	one_to_one	ENSMUSG00000120573	1	one_to_one	lncgDivg	ENSMUSG00000120573	0
ENSG00000257935	1	one_to_many	ENSMUSG00000097368;ENSMUSG00000107141;ENSMUSG00000098649	1	one_to_one	lncgDivg	ENSMUSG00000098649	1
ENSG00000277283	1	one_to_one	ENSMUSG00000107121	1	one_to_one	lncgDivg	ENSMUSG00000107121	1
ENSG00000272173	1	one_to_one	ENSMUSG00000092482	0	NA	NA	NA	1
ENSG00000257000	1	many_to_one	ENSMUSG00000105161	0	NA	NA	NA	1
ENSG00000274670	1	many_to_one	ENSMUSG00000105161	0	NA	NA	NA	1
ENSG00000271065	1	one_to_one	ENSMUSG00000115912	0	NA	NA	NA	1
ENSG00000257474	1	one_to_one	ENSMUSG00000120482	1	one_to_one	lincConv	ENSMUSG00000120482	1
ENSG00000257191	1	many_to_one	ENSMUSG00000112532	0	NA	NA	NA	0
ENSG00000257894	1	many_to_one	ENSMUSG00000112532	0	NA	NA	NA	1
ENSG00000274682	1	one_to_one	ENSMUSG00000097068	1	one_to_one	lncgSS.dw	ENSMUSG00000097068	1
ENSG00000256695	1	one_to_one	ENSMUSG00000086352	0	NA	NA	NA	1
ENSG00000283579	1	one_to_many	ENSMUSG00000105907;ENSMUSG00000120417;ENSMUSG00000120360	1	one_to_one	lincSS.dw	ENSMUSG00000120417	0
ENSG00000232643	1	many_to_many_DifferentNumber	ENSMUSG00000106733;ENSMUSG00000086494;ENSMUSG00000085740;ENSMUSG00000087647	1	one_to_many	lincConv	ENSMUSG00000087647;ENSMUSG00000085740	1
ENSG00000122043	1	many_to_many_DifferentNumber	ENSMUSG00000106733;ENSMUSG00000086494;ENSMUSG00000085740;ENSMUSG00000087647	0	NA	NA	NA	1
ENSG00000230710	1	one_to_many	ENSMUSG00000092405;ENSMUSG00000104109;ENSMUSG00000104401	0	NA	NA	NA	0
ENSG00000288542	1	many_to_many_DifferentNumber	ENSMUSG00000103965;ENSMUSG00000102785;ENSMUSG00000120422	0	NA	NA	NA	0
ENSG00000215483	1	many_to_many_DifferentNumber	ENSMUSG00000103965;ENSMUSG00000102785;ENSMUSG00000120422	0	NA	NA	NA	0
ENSG00000235097	1	many_to_one	ENSMUSG00000115625	0	NA	NA	NA	1
ENSG00000276527	1	many_to_one	ENSMUSG00000115625	0	NA	NA	NA	1
ENSG00000237879	1	many_to_many_sameNumber	ENSMUSG00000107271;ENSMUSG00000107314	0	NA	NA	NA	1
ENSG00000236094	1	many_to_many_sameNumber	ENSMUSG00000107271;ENSMUSG00000107314	1	one_to_one	lincSS.up	ENSMUSG00000107271	1
ENSG00000224743	1	one_to_one	ENSMUSG00000107317	0	NA	NA	NA	1
ENSG00000223685	1	one_to_one	ENSMUSG00000106577	0	NA	NA	NA	1
ENSG00000277448	1	one_to_many	ENSMUSG00000115217;ENSMUSG00000115271	0	NA	NA	NA	0
ENSG00000232954	1	many_to_many_sameNumber	ENSMUSG00000115529;ENSMUSG00000115777;ENSMUSG00000115664	0	NA	NA	NA	0
ENSG00000278722	1	many_to_many_sameNumber	ENSMUSG00000115529;ENSMUSG00000115777;ENSMUSG00000115664	1	one_to_one	lncgDivg	ENSMUSG00000115529	0
ENSG00000288015	1	many_to_many_sameNumber	ENSMUSG00000115529;ENSMUSG00000115777;ENSMUSG00000115664	0	NA	NA	NA	0
ENSG00000228295	1	one_to_many	ENSMUSG00000115580;ENSMUSG00000120791	0	NA	NA	NA	0
ENSG00000224853	1	one_to_one	ENSMUSG00000115550	0	NA	NA	NA	0
ENSG00000284809	1	many_to_one	ENSMUSG00000115696	0	NA	NA	NA	1
ENSG00000287018	1	many_to_one	ENSMUSG00000115696	0	NA	NA	NA	1
ENSG00000228444	1	many_to_one	ENSMUSG00000115696	0	NA	NA	NA	0
ENSG00000178734	1	many_to_one	ENSMUSG00000115696	0	NA	NA	NA	1
ENSG00000223458	1	many_to_one	ENSMUSG00000115696	0	NA	NA	NA	1
ENSG00000285572	1	many_to_one	ENSMUSG00000115816	0	NA	NA	NA	1
ENSG00000261206	1	many_to_one	ENSMUSG00000115816	0	NA	NA	NA	1
ENSG00000224933	1	many_to_one	ENSMUSG00000115816	0	NA	NA	NA	1
ENSG00000287880	1	many_to_many_DifferentNumber	ENSMUSG00000115650;ENSMUSG00000120285	0	NA	NA	NA	0
ENSG00000272515	1	many_to_many_DifferentNumber	ENSMUSG00000115650;ENSMUSG00000120285	0	NA	NA	NA	0
ENSG00000232636	1	many_to_many_DifferentNumber	ENSMUSG00000115650;ENSMUSG00000120285	0	NA	NA	NA	0
ENSG00000228824	1	many_to_many_DifferentNumber	ENSMUSG00000115650;ENSMUSG00000120285	0	NA	NA	NA	0
ENSG00000227354	1	one_to_one	ENSMUSG00000120914	1	one_to_one	lncgDivg	ENSMUSG00000120914	0
ENSG00000232132	1	one_to_one	ENSMUSG00000091509	0	NA	NA	NA	0
ENSG00000235625	1	many_to_many_DifferentNumber	ENSMUSG00000115727;ENSMUSG00000115424	0	NA	NA	NA	0
ENSG00000233379	1	many_to_many_DifferentNumber	ENSMUSG00000115727;ENSMUSG00000115424	0	NA	NA	NA	0
ENSG00000236133	1	many_to_many_DifferentNumber	ENSMUSG00000115727;ENSMUSG00000115424	0	NA	NA	NA	0
ENSG00000271216	1	many_to_many_sameNumber	ENSMUSG00000115517;ENSMUSG00000092272	0	NA	NA	NA	1
ENSG00000229546	1	many_to_many_sameNumber	ENSMUSG00000115517;ENSMUSG00000092272	1	one_to_one	lincSS.dw	ENSMUSG00000115517	1
ENSG00000229011	1	many_to_many_sameNumber	ENSMUSG00000115548;ENSMUSG00000022116;ENSMUSG00000115386;ENSMUSG00000060143;ENSMUSG00000115149	0	NA	NA	NA	0
ENSG00000281721	1	many_to_many_sameNumber	ENSMUSG00000115548;ENSMUSG00000022116;ENSMUSG00000115386;ENSMUSG00000060143;ENSMUSG00000115149	0	NA	NA	NA	0
ENSG00000229175	1	many_to_many_sameNumber	ENSMUSG00000115548;ENSMUSG00000022116;ENSMUSG00000115386;ENSMUSG00000060143;ENSMUSG00000115149	0	NA	NA	NA	0
ENSG00000227676	1	many_to_many_sameNumber	ENSMUSG00000115548;ENSMUSG00000022116;ENSMUSG00000115386;ENSMUSG00000060143;ENSMUSG00000115149	0	NA	NA	NA	0
ENSG00000285902	1	many_to_many_sameNumber	ENSMUSG00000115548;ENSMUSG00000022116;ENSMUSG00000115386;ENSMUSG00000060143;ENSMUSG00000115149	0	NA	NA	NA	0
ENSG00000284196	1	many_to_many_sameNumber	ENSMUSG00000115796;ENSMUSG00000110080	0	NA	NA	NA	0
ENSG00000285684	1	many_to_many_sameNumber	ENSMUSG00000115796;ENSMUSG00000110080	0	NA	NA	NA	0
ENSG00000275741	1	many_to_many_DifferentNumber	ENSMUSG00000096938;ENSMUSG00000109151;ENSMUSG00000085573;ENSMUSG00000108847	1	one_to_one	lncgDivg	ENSMUSG00000096938	0
ENSG00000275248	1	many_to_many_DifferentNumber	ENSMUSG00000096938;ENSMUSG00000109151;ENSMUSG00000085573;ENSMUSG00000108847	1	one_to_one	lincDivg	ENSMUSG00000108847	0
ENSG00000231428	1	many_to_many_DifferentNumber	ENSMUSG00000096938;ENSMUSG00000109151;ENSMUSG00000085573;ENSMUSG00000108847	1	one_to_one	lincConv	ENSMUSG00000109151	0
ENSG00000274331	1	many_to_one	ENSMUSG00000109029	0	NA	NA	NA	0
ENSG00000287575	1	many_to_one	ENSMUSG00000109029	1	many_to_one	lincSS.dw	ENSMUSG00000109029	0
ENSG00000276269	1	many_to_one	ENSMUSG00000109029	0	NA	NA	NA	0
ENSG00000275830	1	many_to_one	ENSMUSG00000109029	1	many_to_one	lincSS.dw	ENSMUSG00000109029	0
ENSG00000260704	1	one_to_one	ENSMUSG00000098053	0	NA	NA	NA	1
ENSG00000235984	1	many_to_many_DifferentNumber	ENSMUSG00000093551;ENSMUSG00000093497	1	many_to_many	lncgDivg	ENSMUSG00000093551;ENSMUSG00000093497	0
ENSG00000232885	1	many_to_many_DifferentNumber	ENSMUSG00000093551;ENSMUSG00000093497	1	many_to_many	lncgDivg	ENSMUSG00000093551;ENSMUSG00000093497	0
ENSG00000287159	1	many_to_many_DifferentNumber	ENSMUSG00000093551;ENSMUSG00000093497	1	many_to_many	lncgDivg	ENSMUSG00000093551;ENSMUSG00000093497	0
ENSG00000278177	1	many_to_many_DifferentNumber	ENSMUSG00000093551;ENSMUSG00000093497	0	NA	NA	NA	0
ENSG00000270725	1	many_to_many_DifferentNumber	ENSMUSG00000115648;ENSMUSG00000090284	0	NA	NA	NA	1
ENSG00000276573	1	many_to_many_DifferentNumber	ENSMUSG00000115648;ENSMUSG00000090284	0	NA	NA	NA	1
ENSG00000276704	1	many_to_many_DifferentNumber	ENSMUSG00000115648;ENSMUSG00000090284	0	NA	NA	NA	1
ENSG00000286544	1	many_to_one	ENSMUSG00000115835	0	NA	NA	NA	1
ENSG00000226134	1	many_to_one	ENSMUSG00000115835	0	NA	NA	NA	1
ENSG00000287546	1	many_to_many_DifferentNumber	ENSMUSG00000109371;ENSMUSG00000109062;ENSMUSG00000109215;ENSMUSG00000109064	0	NA	NA	NA	0
ENSG00000230156	1	many_to_many_DifferentNumber	ENSMUSG00000109371;ENSMUSG00000109062;ENSMUSG00000109215;ENSMUSG00000109064	1	one_to_many	lincDivg	ENSMUSG00000109062;ENSMUSG00000109371	0
ENSG00000272274	1	many_to_many_DifferentNumber	ENSMUSG00000109371;ENSMUSG00000109062;ENSMUSG00000109215;ENSMUSG00000109064	0	NA	NA	NA	0
ENSG00000277863	1	many_to_many_DifferentNumber	ENSMUSG00000109190;ENSMUSG00000109346;ENSMUSG00000108848;ENSMUSG00000109124	0	NA	NA	NA	0
ENSG00000278698	1	many_to_many_DifferentNumber	ENSMUSG00000109190;ENSMUSG00000109346;ENSMUSG00000108848;ENSMUSG00000109124	0	NA	NA	NA	0
ENSG00000285643	1	many_to_many_DifferentNumber	ENSMUSG00000109190;ENSMUSG00000109346;ENSMUSG00000108848;ENSMUSG00000109124	0	NA	NA	NA	0
ENSG00000274718	1	many_to_one	ENSMUSG00000109183	0	NA	NA	NA	0
ENSG00000286343	1	many_to_one	ENSMUSG00000109183	0	NA	NA	NA	0
ENSG00000227248	1	many_to_one	ENSMUSG00000095279	0	NA	NA	NA	0
ENSG00000276740	1	many_to_one	ENSMUSG00000095279	0	NA	NA	NA	0
ENSG00000280169	1	one_to_one	ENSMUSG00000075463	1	one_to_one	lncgDivg	ENSMUSG00000075463	1
ENSG00000233009	1	many_to_many_sameNumber	ENSMUSG00000085423;ENSMUSG00000115016	0	NA	NA	NA	1
ENSG00000289594	1	many_to_many_sameNumber	ENSMUSG00000085423;ENSMUSG00000115016	1	one_to_one	lncgDivg	ENSMUSG00000085423	1
ENSG00000284966	1	one_to_one	ENSMUSG00000040467	0	NA	NA	NA	0
ENSG00000223576	1	many_to_one	ENSMUSG00000100017	1	many_to_one	lncgDivg	ENSMUSG00000100017	1
ENSG00000289235	1	many_to_one	ENSMUSG00000100017	0	NA	NA	NA	1
ENSG00000275964	1	many_to_one	ENSMUSG00000100017	1	many_to_one	lncgDivg	ENSMUSG00000100017	1
ENSG00000236053	1	many_to_many_DifferentNumber	ENSMUSG00000109503;ENSMUSG00000109432;ENSMUSG00000109067;ENSMUSG00000108997;ENSMUSG00000109271;ENSMUSG00000109089	0	NA	NA	NA	0
ENSG00000223617	1	many_to_many_DifferentNumber	ENSMUSG00000109503;ENSMUSG00000109432;ENSMUSG00000109067;ENSMUSG00000108997;ENSMUSG00000109271;ENSMUSG00000109089	1	many_to_many	lincSS.dw	ENSMUSG00000109503;ENSMUSG00000109067;ENSMUSG00000109432;ENSMUSG00000108997	0
ENSG00000229792	1	many_to_many_DifferentNumber	ENSMUSG00000109503;ENSMUSG00000109432;ENSMUSG00000109067;ENSMUSG00000108997;ENSMUSG00000109271;ENSMUSG00000109089	0	NA	NA	NA	0
ENSG00000234854	1	many_to_many_DifferentNumber	ENSMUSG00000109503;ENSMUSG00000109432;ENSMUSG00000109067;ENSMUSG00000108997;ENSMUSG00000109271;ENSMUSG00000109089	1	one_to_one	lincConv	ENSMUSG00000109089	0
ENSG00000275216	1	many_to_many_DifferentNumber	ENSMUSG00000109503;ENSMUSG00000109432;ENSMUSG00000109067;ENSMUSG00000108997;ENSMUSG00000109271;ENSMUSG00000109089	1	many_to_many	lincSS.dw	ENSMUSG00000109503;ENSMUSG00000109067;ENSMUSG00000109432;ENSMUSG00000108997	0
ENSG00000285534	1	many_to_many_DifferentNumber	ENSMUSG00000109258;ENSMUSG00000109473;ENSMUSG00000108969;ENSMUSG00000109084;ENSMUSG00000109508;ENSMUSG00000108961;ENSMUSG00000038917;ENSMUSG00000109291	1	one_to_many	lincSS.dw	ENSMUSG00000109508;ENSMUSG00000108969;ENSMUSG00000038917;ENSMUSG00000109084;ENSMUSG00000109291	0
ENSG00000229938	1	many_to_many_DifferentNumber	ENSMUSG00000109258;ENSMUSG00000109473;ENSMUSG00000108969;ENSMUSG00000109084;ENSMUSG00000109508;ENSMUSG00000108961;ENSMUSG00000038917;ENSMUSG00000109291	0	NA	NA	NA	0
ENSG00000236242	1	many_to_many_DifferentNumber	ENSMUSG00000109258;ENSMUSG00000109473;ENSMUSG00000108969;ENSMUSG00000109084;ENSMUSG00000109508;ENSMUSG00000108961;ENSMUSG00000038917;ENSMUSG00000109291	0	NA	NA	NA	0
ENSG00000289901	1	many_to_many_DifferentNumber	ENSMUSG00000109258;ENSMUSG00000109473;ENSMUSG00000108969;ENSMUSG00000109084;ENSMUSG00000109508;ENSMUSG00000108961;ENSMUSG00000038917;ENSMUSG00000109291	0	NA	NA	NA	0
ENSG00000260102	1	many_to_many_DifferentNumber	ENSMUSG00000109582;ENSMUSG00000120658	0	NA	NA	NA	0
ENSG00000260343	1	many_to_many_DifferentNumber	ENSMUSG00000109582;ENSMUSG00000120658	1	one_to_one	lincSS.up	ENSMUSG00000109582	0
ENSG00000260385	1	many_to_many_DifferentNumber	ENSMUSG00000109582;ENSMUSG00000120658	1	one_to_one	lincSS.dw	ENSMUSG00000120658	0
ENSG00000223626	1	many_to_many_sameNumber	ENSMUSG00000097421;ENSMUSG00000109921	0	NA	NA	NA	0
ENSG00000229520	1	many_to_many_sameNumber	ENSMUSG00000097421;ENSMUSG00000109921	1	one_to_one	lincConv	ENSMUSG00000109921	0
ENSG00000274270	1	many_to_many_DifferentNumber	ENSMUSG00000098088;ENSMUSG00000097997;ENSMUSG00000120127;ENSMUSG00000120665	0	NA	NA	NA	1
ENSG00000176124	1	many_to_many_DifferentNumber	ENSMUSG00000098088;ENSMUSG00000097997;ENSMUSG00000120127;ENSMUSG00000120665	0	NA	NA	NA	1
ENSG00000286191	1	one_to_many	ENSMUSG00000098183;ENSMUSG00000115531;ENSMUSG00000098096	0	NA	NA	NA	1
ENSG00000270008	1	one_to_many	ENSMUSG00000106927;ENSMUSG00000107096	1	one_to_one	lncgSS.up	ENSMUSG00000106927	1
ENSG00000231817	1	many_to_many_sameNumber	ENSMUSG00000115002;ENSMUSG00000115019	0	NA	NA	NA	0
ENSG00000290704	1	many_to_many_sameNumber	ENSMUSG00000115002;ENSMUSG00000115019	0	NA	NA	NA	0
ENSG00000226921	1	many_to_one	ENSMUSG00000110278	0	NA	NA	NA	1
ENSG00000260910	1	many_to_one	ENSMUSG00000110278	0	NA	NA	NA	1
ENSG00000277246	1	many_to_one	ENSMUSG00000109545	0	NA	NA	NA	0
ENSG00000283384	1	many_to_one	ENSMUSG00000109545	1	one_to_one	lincSS.dw	ENSMUSG00000109545	0
ENSG00000224821	1	many_to_one	ENSMUSG00000084783	1	many_to_one	lncgDivg	ENSMUSG00000084783	0
ENSG00000232814	1	many_to_one	ENSMUSG00000084783	1	many_to_one	lncgDivg	ENSMUSG00000084783	0
ENSG00000289010	1	many_to_one	ENSMUSG00000084783	0	NA	NA	NA	0
ENSG00000233124	1	one_to_many	ENSMUSG00000115146;ENSMUSG00000114983	0	NA	NA	NA	0
ENSG00000286334	1	many_to_one	ENSMUSG00000097903	1	one_to_one	lncgDivg	ENSMUSG00000097903	0
ENSG00000286416	1	many_to_one	ENSMUSG00000097903	0	NA	NA	NA	1
ENSG00000236076	1	one_to_one	ENSMUSG00000096144	0	NA	NA	NA	1
ENSG00000278291	1	one_to_one	ENSMUSG00000086486	0	NA	NA	NA	1
ENSG00000278305	1	one_to_many	ENSMUSG00000107214;ENSMUSG00000107112	1	one_to_one	lincSS.dw	ENSMUSG00000107214	0
ENSG00000290234	1	one_to_many	ENSMUSG00000106740;ENSMUSG00000107279;ENSMUSG00000107093	1	one_to_one	lincConv	ENSMUSG00000106740	0
ENSG00000287904	1	many_to_one	ENSMUSG00000107384	1	many_to_one	lncgDivg	ENSMUSG00000106719	0
ENSG00000289381	1	many_to_one	ENSMUSG00000107384	1	one_to_one	lncgConv	ENSMUSG00000107384	0
ENSG00000237637	1	one_to_many	ENSMUSG00000106719;ENSMUSG00000106738	1	many_to_one	lncgDivg	ENSMUSG00000106719	0
ENSG00000277151	1	one_to_many	ENSMUSG00000107048;ENSMUSG00000106692	1	one_to_one	lncgSS.dw	ENSMUSG00000107048	1
ENSG00000226968	1	one_to_one	ENSMUSG00000107047	1	one_to_one	lincConv	ENSMUSG00000107047	1
ENSG00000276436	1	one_to_one	ENSMUSG00000115656	0	NA	NA	NA	1
ENSG00000227352	1	many_to_one	ENSMUSG00000086500	0	NA	NA	NA	1
ENSG00000285856	1	many_to_one	ENSMUSG00000086500	0	NA	NA	NA	1
ENSG00000278727	1	one_to_one	ENSMUSG00000115855	0	NA	NA	NA	1
ENSG00000197595	1	one_to_one	ENSMUSG00000054910	0	NA	NA	NA	1
ENSG00000277159	1	many_to_one	ENSMUSG00000074469	1	one_to_one	lincSS.up	ENSMUSG00000074469	1
ENSG00000274922	1	many_to_one	ENSMUSG00000074469	1	many_to_one	lncgDivg	ENSMUSG00000084780	1
ENSG00000232684	1	one_to_many	ENSMUSG00000084780;ENSMUSG00000085465	1	many_to_one	lncgDivg	ENSMUSG00000084780	1
ENSG00000267868	1	many_to_many_sameNumber	ENSMUSG00000079146;ENSMUSG00000086770	1	many_to_many_strict	lncgDivg	ENSMUSG00000079146;ENSMUSG00000086770	1
ENSG00000235280	1	many_to_many_sameNumber	ENSMUSG00000079146;ENSMUSG00000086770	1	many_to_many_strict	lncgDivg	ENSMUSG00000079146;ENSMUSG00000086770	1
ENSG00000288581	1	many_to_many_DifferentNumber	ENSMUSG00000100585;ENSMUSG00000115263;ENSMUSG00000064052	1	many_to_one	lncgDivg	ENSMUSG00000100585	1
ENSG00000227659	1	many_to_many_DifferentNumber	ENSMUSG00000100585;ENSMUSG00000115263;ENSMUSG00000064052	1	many_to_one	lncgDivg	ENSMUSG00000100585	1
ENSG00000234303	1	many_to_many_DifferentNumber	ENSMUSG00000100585;ENSMUSG00000115263;ENSMUSG00000064052	1	many_to_one	lncgDivg	ENSMUSG00000100585	1
ENSG00000286757	1	many_to_many_DifferentNumber	ENSMUSG00000100585;ENSMUSG00000115263;ENSMUSG00000064052	1	one_to_one	lncgConv	ENSMUSG00000115263	1
ENSG00000288060	1	one_to_one	ENSMUSG00000085555	1	one_to_one	lncgDivg	ENSMUSG00000085555	1
ENSG00000247381	1	one_to_one	ENSMUSG00000092570	1	one_to_one	lncgDivg	ENSMUSG00000092570	1
ENSG00000229928	1	one_to_many	ENSMUSG00000115244;ENSMUSG00000067973;ENSMUSG00000115363;ENSMUSG00000075512	1	one_to_one	lincSS.dw	ENSMUSG00000075512	1
ENSG00000225083	1	one_to_one	ENSMUSG00000099338	1	one_to_one	lncgDivg	ENSMUSG00000099338	1
ENSG00000276434	1	one_to_one	ENSMUSG00000120359	1	one_to_one	lncgSS.up	ENSMUSG00000120359	0
ENSG00000285806	1	one_to_one	ENSMUSG00000114345	0	NA	NA	NA	1
ENSG00000227640	1	one_to_one	ENSMUSG00000115774	0	NA	NA	NA	1
ENSG00000247400	1	one_to_one	ENSMUSG00000119970	1	one_to_one	lncgDivg	ENSMUSG00000119970	1
ENSG00000237361	1	one_to_one	ENSMUSG00000115092	1	one_to_one	lncgConv	ENSMUSG00000115092	1
ENSG00000228889	1	one_to_one	ENSMUSG00000102112	1	one_to_one	lncgDivg	ENSMUSG00000102112	1
ENSG00000273507	1	one_to_one	ENSMUSG00000104968	0	NA	NA	NA	0
ENSG00000272329	1	one_to_many	ENSMUSG00000100274;ENSMUSG00000115639	0	NA	NA	NA	0
ENSG00000258474	1	many_to_one	ENSMUSG00000120607	0	NA	NA	NA	1
ENSG00000258386	1	many_to_one	ENSMUSG00000120607	1	one_to_one	lincSS.up	ENSMUSG00000120607	1
ENSG00000290393	1	many_to_one	ENSMUSG00000120607	0	NA	NA	NA	1
ENSG00000258655	1	many_to_many_DifferentNumber	ENSMUSG00000112139;ENSMUSG00000111982;ENSMUSG00000112437	0	NA	NA	NA	1
ENSG00000257155	1	many_to_many_DifferentNumber	ENSMUSG00000112139;ENSMUSG00000111982;ENSMUSG00000112437	0	NA	NA	NA	0
ENSG00000258196	1	many_to_many_DifferentNumber	ENSMUSG00000112139;ENSMUSG00000111982;ENSMUSG00000112437	0	NA	NA	NA	0
ENSG00000257472	1	many_to_many_DifferentNumber	ENSMUSG00000112139;ENSMUSG00000111982;ENSMUSG00000112437	0	NA	NA	NA	1
ENSG00000257185	1	many_to_many_DifferentNumber	ENSMUSG00000112232;ENSMUSG00000120451	0	NA	NA	NA	1
ENSG00000258548	1	many_to_many_DifferentNumber	ENSMUSG00000112232;ENSMUSG00000120451	0	NA	NA	NA	1
ENSG00000257842	1	many_to_many_DifferentNumber	ENSMUSG00000112232;ENSMUSG00000120451	0	NA	NA	NA	1
ENSG00000257612	1	many_to_many_DifferentNumber	ENSMUSG00000112232;ENSMUSG00000120451	0	NA	NA	NA	1
ENSG00000258081	1	many_to_many_DifferentNumber	ENSMUSG00000112232;ENSMUSG00000120451	0	NA	NA	NA	1
ENSG00000257869	1	many_to_many_DifferentNumber	ENSMUSG00000112232;ENSMUSG00000120451	0	NA	NA	NA	1
ENSG00000257845	1	many_to_one	ENSMUSG00000112763	0	NA	NA	NA	1
ENSG00000262119	1	many_to_one	ENSMUSG00000112763	0	NA	NA	NA	1
ENSG00000286479	1	many_to_one	ENSMUSG00000112763	0	NA	NA	NA	1
ENSG00000258175	1	many_to_one	ENSMUSG00000112763	0	NA	NA	NA	1
ENSG00000257126	1	many_to_one	ENSMUSG00000112763	1	one_to_one	lncgDivg	ENSMUSG00000112763	1
ENSG00000257120	1	many_to_many_DifferentNumber	ENSMUSG00000112372;ENSMUSG00000111986	0	NA	NA	NA	1
ENSG00000287142	1	many_to_many_DifferentNumber	ENSMUSG00000112372;ENSMUSG00000111986	0	NA	NA	NA	1
ENSG00000257904	1	many_to_many_DifferentNumber	ENSMUSG00000112372;ENSMUSG00000111986	0	NA	NA	NA	1
ENSG00000257636	1	many_to_one	ENSMUSG00000112685	0	NA	NA	NA	1
ENSG00000248975	1	many_to_one	ENSMUSG00000112685	0	NA	NA	NA	1
ENSG00000286527	1	many_to_one	ENSMUSG00000100315	1	one_to_one	lincConv	ENSMUSG00000100315	1
ENSG00000285608	1	many_to_one	ENSMUSG00000100315	0	NA	NA	NA	1
ENSG00000258850	1	many_to_one	ENSMUSG00000113208	0	NA	NA	NA	0
ENSG00000286464	1	many_to_one	ENSMUSG00000113208	0	NA	NA	NA	0
ENSG00000258394	1	many_to_one	ENSMUSG00000113208	0	NA	NA	NA	0
ENSG00000258487	1	many_to_one	ENSMUSG00000113152	0	NA	NA	NA	0
ENSG00000258969	1	many_to_one	ENSMUSG00000113152	0	NA	NA	NA	0
ENSG00000259149	1	many_to_one	ENSMUSG00000113152	0	NA	NA	NA	0
ENSG00000259126	1	many_to_one	ENSMUSG00000113152	0	NA	NA	NA	0
ENSG00000286099	1	many_to_one	ENSMUSG00000114112	0	NA	NA	NA	0
ENSG00000251363	1	many_to_one	ENSMUSG00000114112	0	NA	NA	NA	0
ENSG00000289436	1	many_to_one	ENSMUSG00000114112	0	NA	NA	NA	0
ENSG00000258526	1	many_to_one	ENSMUSG00000114112	0	NA	NA	NA	0
ENSG00000258636	1	many_to_one	ENSMUSG00000113429	1	one_to_one	lncgDivg	ENSMUSG00000113429	0
ENSG00000286123	1	many_to_one	ENSMUSG00000113429	0	NA	NA	NA	0
ENSG00000288100	1	many_to_many_DifferentNumber	ENSMUSG00000092404;ENSMUSG00000112054;ENSMUSG00000112410;ENSMUSG00000112112	0	NA	NA	NA	1
ENSG00000287481	1	many_to_many_DifferentNumber	ENSMUSG00000092404;ENSMUSG00000112054;ENSMUSG00000112410;ENSMUSG00000112112	0	NA	NA	NA	1
ENSG00000285633	1	many_to_many_DifferentNumber	ENSMUSG00000092404;ENSMUSG00000112054;ENSMUSG00000112410;ENSMUSG00000112112	0	NA	NA	NA	1
ENSG00000258098	1	many_to_many_DifferentNumber	ENSMUSG00000086012;ENSMUSG00000112859;ENSMUSG00000112174	0	NA	NA	NA	1
ENSG00000257986	1	many_to_many_DifferentNumber	ENSMUSG00000086012;ENSMUSG00000112859;ENSMUSG00000112174	0	NA	NA	NA	1
ENSG00000258803	1	many_to_many_DifferentNumber	ENSMUSG00000115756;ENSMUSG00000115725;ENSMUSG00000115636;ENSMUSG00000115376;ENSMUSG00000115669	1	one_to_one	lncgSS.dw	ENSMUSG00000115756	1
ENSG00000258703	1	many_to_many_DifferentNumber	ENSMUSG00000115756;ENSMUSG00000115725;ENSMUSG00000115636;ENSMUSG00000115376;ENSMUSG00000115669	1	one_to_many	lincConv	ENSMUSG00000115376;ENSMUSG00000115636;ENSMUSG00000115669	0
ENSG00000258479	1	one_to_many	ENSMUSG00000113944;ENSMUSG00000113302;ENSMUSG00000114159;ENSMUSG00000114005	1	one_to_many	lincSS.dw	ENSMUSG00000113302;ENSMUSG00000113944	0
ENSG00000258955	1	many_to_many_DifferentNumber	ENSMUSG00000112950;ENSMUSG00000113900	0	NA	NA	NA	0
ENSG00000258942	1	many_to_many_DifferentNumber	ENSMUSG00000112950;ENSMUSG00000113900	0	NA	NA	NA	0
ENSG00000258537	1	many_to_many_DifferentNumber	ENSMUSG00000112950;ENSMUSG00000113900	1	one_to_one	lncgDivg	ENSMUSG00000113900	0
ENSG00000259072	1	one_to_many	ENSMUSG00000112785;ENSMUSG00000097443;ENSMUSG00000120215	0	NA	NA	NA	0
ENSG00000248550	1	one_to_many	ENSMUSG00000115008;ENSMUSG00000098682	1	one_to_one	lncgDivg	ENSMUSG00000098682	1
ENSG00000258592	1	many_to_many_DifferentNumber	ENSMUSG00000115579;ENSMUSG00000115398	0	NA	NA	NA	1
ENSG00000286257	1	many_to_many_DifferentNumber	ENSMUSG00000115579;ENSMUSG00000115398	0	NA	NA	NA	1
ENSG00000258776	1	many_to_many_DifferentNumber	ENSMUSG00000115579;ENSMUSG00000115398	0	NA	NA	NA	1
ENSG00000287156	1	one_to_many	ENSMUSG00000115421;ENSMUSG00000086746;ENSMUSG00000086168;ENSMUSG00000115083;ENSMUSG00000085380	1	one_to_one	lncgDivg	ENSMUSG00000086746	1
ENSG00000258556	1	one_to_one	ENSMUSG00000113779	1	one_to_one	lincSS.dw	ENSMUSG00000113779	0
ENSG00000258854	1	many_to_many_DifferentNumber	ENSMUSG00000114350;ENSMUSG00000114436	0	NA	NA	NA	0
ENSG00000258928	1	many_to_many_DifferentNumber	ENSMUSG00000114350;ENSMUSG00000114436	0	NA	NA	NA	1
ENSG00000259007	1	many_to_many_DifferentNumber	ENSMUSG00000114350;ENSMUSG00000114436	0	NA	NA	NA	0
ENSG00000258670	1	many_to_many_sameNumber	ENSMUSG00000097010;ENSMUSG00000120512	0	NA	NA	NA	1
ENSG00000258952	1	many_to_many_sameNumber	ENSMUSG00000097010;ENSMUSG00000120512	1	one_to_one	lncgConv	ENSMUSG00000120512	1
ENSG00000258698	1	one_to_one	ENSMUSG00000115209	0	NA	NA	NA	1
ENSG00000258731	1	many_to_many_sameNumber	ENSMUSG00000085866;ENSMUSG00000120332;ENSMUSG00000079261	0	NA	NA	NA	1
ENSG00000258985	1	many_to_many_sameNumber	ENSMUSG00000085866;ENSMUSG00000120332;ENSMUSG00000079261	0	NA	NA	NA	1
ENSG00000237356	1	many_to_many_sameNumber	ENSMUSG00000085866;ENSMUSG00000120332;ENSMUSG00000079261	1	one_to_one	lincDivg	ENSMUSG00000085866	1
ENSG00000235269	1	many_to_many_DifferentNumber	ENSMUSG00000086124;ENSMUSG00000115000	0	NA	NA	NA	1
ENSG00000286730	1	many_to_many_DifferentNumber	ENSMUSG00000086124;ENSMUSG00000115000	0	NA	NA	NA	1
ENSG00000225680	1	many_to_many_DifferentNumber	ENSMUSG00000086124;ENSMUSG00000115000	0	NA	NA	NA	1
ENSG00000258502	1	many_to_many_sameNumber	ENSMUSG00000112392;ENSMUSG00000111903	0	NA	NA	NA	0
ENSG00000287833	1	many_to_many_sameNumber	ENSMUSG00000112392;ENSMUSG00000111903	0	NA	NA	NA	0
ENSG00000258583	1	one_to_many	ENSMUSG00000113278;ENSMUSG00000113630;ENSMUSG00000114028;ENSMUSG00000113441	0	NA	NA	NA	0
ENSG00000259118	1	one_to_one	ENSMUSG00000112857	0	NA	NA	NA	1
ENSG00000258760	1	many_to_many_sameNumber	ENSMUSG00000112150;ENSMUSG00000112030	0	NA	NA	NA	0
ENSG00000255002	1	many_to_many_sameNumber	ENSMUSG00000112150;ENSMUSG00000112030	1	one_to_one	lincSS.up	ENSMUSG00000112030	0
ENSG00000259907	1	many_to_one	ENSMUSG00000113622	0	NA	NA	NA	0
ENSG00000269945	1	many_to_one	ENSMUSG00000113622	0	NA	NA	NA	1
ENSG00000258517	1	many_to_one	ENSMUSG00000113622	0	NA	NA	NA	1
ENSG00000286423	1	many_to_one	ENSMUSG00000113746	0	NA	NA	NA	1
ENSG00000259146	1	many_to_one	ENSMUSG00000113746	1	many_to_one	lncgDivg	ENSMUSG00000113746	1
ENSG00000269927	1	many_to_one	ENSMUSG00000113746	0	NA	NA	NA	0
ENSG00000287643	1	many_to_one	ENSMUSG00000113746	0	NA	NA	NA	1
ENSG00000287310	1	one_to_one	ENSMUSG00000112093	0	NA	NA	NA	1
ENSG00000259124	1	many_to_one	ENSMUSG00000121169	0	NA	NA	NA	1
ENSG00000258569	1	many_to_one	ENSMUSG00000121169	0	NA	NA	NA	1
ENSG00000259055	1	many_to_many_sameNumber	ENSMUSG00000113694;ENSMUSG00000112945	1	many_to_many_strict	lncgDivg	ENSMUSG00000112945;ENSMUSG00000113694	1
ENSG00000287990	1	many_to_many_sameNumber	ENSMUSG00000113694;ENSMUSG00000112945	1	many_to_many_strict	lncgDivg	ENSMUSG00000112945;ENSMUSG00000113694	1
ENSG00000258958	1	many_to_many_DifferentNumber	ENSMUSG00000112040;ENSMUSG00000112598	0	NA	NA	NA	0
ENSG00000258804	1	many_to_many_DifferentNumber	ENSMUSG00000112040;ENSMUSG00000112598	0	NA	NA	NA	0
ENSG00000259077	1	many_to_many_DifferentNumber	ENSMUSG00000112040;ENSMUSG00000112598	0	NA	NA	NA	0
ENSG00000259061	1	many_to_many_DifferentNumber	ENSMUSG00000112040;ENSMUSG00000112598	0	NA	NA	NA	0
ENSG00000258496	1	many_to_many_DifferentNumber	ENSMUSG00000112040;ENSMUSG00000112598	0	NA	NA	NA	0
ENSG00000286582	1	many_to_many_DifferentNumber	ENSMUSG00000112040;ENSMUSG00000112598	0	NA	NA	NA	0
ENSG00000259028	1	many_to_many_DifferentNumber	ENSMUSG00000112040;ENSMUSG00000112598	0	NA	NA	NA	0
ENSG00000258994	1	many_to_many_DifferentNumber	ENSMUSG00000112040;ENSMUSG00000112598	0	NA	NA	NA	0
ENSG00000258733	1	many_to_many_DifferentNumber	ENSMUSG00000112040;ENSMUSG00000112598	0	NA	NA	NA	0
ENSG00000258859	1	many_to_many_sameNumber	ENSMUSG00000112635;ENSMUSG00000112524;ENSMUSG00000111885;ENSMUSG00000112812	0	NA	NA	NA	0
ENSG00000258912	1	many_to_many_sameNumber	ENSMUSG00000112635;ENSMUSG00000112524;ENSMUSG00000111885;ENSMUSG00000112812	0	NA	NA	NA	0
ENSG00000258770	1	many_to_many_sameNumber	ENSMUSG00000112635;ENSMUSG00000112524;ENSMUSG00000111885;ENSMUSG00000112812	0	NA	NA	NA	0
ENSG00000258807	1	many_to_many_sameNumber	ENSMUSG00000112635;ENSMUSG00000112524;ENSMUSG00000111885;ENSMUSG00000112812	0	NA	NA	NA	0
ENSG00000259035	1	many_to_one	ENSMUSG00000113236	0	NA	NA	NA	0
ENSG00000258814	1	many_to_one	ENSMUSG00000113236	0	NA	NA	NA	0
ENSG00000259107	1	many_to_one	ENSMUSG00000113236	0	NA	NA	NA	0
ENSG00000258945	1	many_to_one	ENSMUSG00000113236	0	NA	NA	NA	0
ENSG00000258743	1	many_to_one	ENSMUSG00000113236	0	NA	NA	NA	0
ENSG00000258683	1	many_to_one	ENSMUSG00000113164	0	NA	NA	NA	0
ENSG00000258426	1	many_to_one	ENSMUSG00000113164	0	NA	NA	NA	0
ENSG00000258600	1	many_to_one	ENSMUSG00000113164	0	NA	NA	NA	0
ENSG00000285826	1	many_to_one	ENSMUSG00000113164	0	NA	NA	NA	0
ENSG00000259044	1	many_to_one	ENSMUSG00000113164	0	NA	NA	NA	0
ENSG00000258532	1	many_to_one	ENSMUSG00000113164	0	NA	NA	NA	0
ENSG00000258718	1	many_to_one	ENSMUSG00000113164	0	NA	NA	NA	0
ENSG00000258977	1	many_to_one	ENSMUSG00000113164	0	NA	NA	NA	0
ENSG00000289442	1	many_to_one	ENSMUSG00000113164	0	NA	NA	NA	0
ENSG00000205562	1	many_to_one	ENSMUSG00000113164	0	NA	NA	NA	0
ENSG00000258902	1	many_to_one	ENSMUSG00000113164	0	NA	NA	NA	0
ENSG00000257585	1	many_to_one	ENSMUSG00000112164	0	NA	NA	NA	1
ENSG00000257272	1	many_to_one	ENSMUSG00000112164	0	NA	NA	NA	1
ENSG00000258342	1	many_to_one	ENSMUSG00000112164	0	NA	NA	NA	1
ENSG00000289098	1	many_to_one	ENSMUSG00000112164	0	NA	NA	NA	1
ENSG00000258844	1	many_to_one	ENSMUSG00000112164	1	one_to_one	lincConv	ENSMUSG00000112164	1
ENSG00000257614	1	many_to_one	ENSMUSG00000112211	0	NA	NA	NA	1
ENSG00000257826	1	many_to_one	ENSMUSG00000112211	0	NA	NA	NA	1
ENSG00000259104	1	many_to_one	ENSMUSG00000112211	1	one_to_one	lincSS.dw	ENSMUSG00000112211	1
ENSG00000258935	1	many_to_one	ENSMUSG00000113895	1	many_to_one	lncgDivg	ENSMUSG00000113895	1
ENSG00000287663	1	many_to_one	ENSMUSG00000113895	1	many_to_one	lncgDivg	ENSMUSG00000113895	1
ENSG00000259163	1	many_to_one	ENSMUSG00000113895	1	many_to_one	lncgDivg	ENSMUSG00000113895	1
ENSG00000258437	1	many_to_one	ENSMUSG00000113895	1	many_to_one	lncgDivg	ENSMUSG00000113895	1
ENSG00000258716	1	many_to_one	ENSMUSG00000113895	1	many_to_one	lncgDivg	ENSMUSG00000113895	1
ENSG00000258820	1	many_to_many_sameNumber	ENSMUSG00000113488;ENSMUSG00000120073	0	NA	NA	NA	0
ENSG00000273565	1	many_to_many_sameNumber	ENSMUSG00000113488;ENSMUSG00000120073	1	one_to_one	lncgDivg	ENSMUSG00000113488	0
ENSG00000258740	1	many_to_many_sameNumber	ENSMUSG00000113940;ENSMUSG00000120553	1	many_to_one	lincDivg	ENSMUSG00000113940	0
ENSG00000289340	1	many_to_many_sameNumber	ENSMUSG00000113940;ENSMUSG00000120553	1	many_to_one	lincDivg	ENSMUSG00000113940	0
ENSG00000259483	1	one_to_one	ENSMUSG00000114991	0	NA	NA	NA	1
ENSG00000258784	1	many_to_many_DifferentNumber	ENSMUSG00000115310;ENSMUSG00000115609;ENSMUSG00000114989;ENSMUSG00000115425;ENSMUSG00000115060	1	one_to_one	lincSS.dw	ENSMUSG00000115310	1
ENSG00000259868	1	many_to_many_DifferentNumber	ENSMUSG00000115310;ENSMUSG00000115609;ENSMUSG00000114989;ENSMUSG00000115425;ENSMUSG00000115060	0	NA	NA	NA	1
ENSG00000258791	1	many_to_many_DifferentNumber	ENSMUSG00000115719;ENSMUSG00000115215;ENSMUSG00000115046;ENSMUSG00000115403	1	one_to_many	lincConv	ENSMUSG00000115719;ENSMUSG00000115215;ENSMUSG00000115046	1
ENSG00000277763	1	many_to_many_DifferentNumber	ENSMUSG00000115719;ENSMUSG00000115215;ENSMUSG00000115046;ENSMUSG00000115403	0	NA	NA	NA	1
ENSG00000259039	1	one_to_one	ENSMUSG00000115096	1	one_to_one	lncgDivg	ENSMUSG00000115096	1
ENSG00000277801	1	many_to_many_DifferentNumber	ENSMUSG00000097917;ENSMUSG00000113136;ENSMUSG00000033731	1	many_to_many	lncgDivg	ENSMUSG00000097917;ENSMUSG00000033731	1
ENSG00000258920	1	many_to_many_DifferentNumber	ENSMUSG00000097917;ENSMUSG00000113136;ENSMUSG00000033731	1	many_to_many	lncgDivg	ENSMUSG00000097917;ENSMUSG00000033731	1
ENSG00000258752	1	many_to_many_DifferentNumber	ENSMUSG00000097917;ENSMUSG00000113136;ENSMUSG00000033731	1	many_to_many	lncgDivg	ENSMUSG00000097917;ENSMUSG00000033731	1
ENSG00000258380	1	many_to_many_DifferentNumber	ENSMUSG00000097917;ENSMUSG00000113136;ENSMUSG00000033731	1	many_to_many	lncgDivg	ENSMUSG00000097917;ENSMUSG00000033731	1
ENSG00000258699	1	many_to_many_DifferentNumber	ENSMUSG00000097917;ENSMUSG00000113136;ENSMUSG00000033731	1	many_to_many	lncgDivg	ENSMUSG00000097917;ENSMUSG00000033731	1
ENSG00000259073	1	many_to_many_DifferentNumber	ENSMUSG00000097917;ENSMUSG00000113136;ENSMUSG00000033731	1	many_to_many	lncgDivg	ENSMUSG00000097917;ENSMUSG00000033731	1
ENSG00000258792	1	many_to_many_DifferentNumber	ENSMUSG00000093465;ENSMUSG00000113138;ENSMUSG00000100211	1	one_to_one	lincSS.up	ENSMUSG00000100211	1
ENSG00000259053	1	many_to_many_DifferentNumber	ENSMUSG00000093465;ENSMUSG00000113138;ENSMUSG00000100211	1	one_to_many	lncgSS.up	ENSMUSG00000113138;ENSMUSG00000093465	1
ENSG00000287501	1	many_to_many_DifferentNumber	ENSMUSG00000113427;ENSMUSG00000091280;ENSMUSG00000091583;ENSMUSG00000085801;ENSMUSG00000086037;ENSMUSG00000060375;ENSMUSG00000084871	0	NA	NA	NA	0
ENSG00000258795	1	many_to_many_DifferentNumber	ENSMUSG00000113427;ENSMUSG00000091280;ENSMUSG00000091583;ENSMUSG00000085801;ENSMUSG00000086037;ENSMUSG00000060375;ENSMUSG00000084871	0	NA	NA	NA	0
ENSG00000176605	1	many_to_many_DifferentNumber	ENSMUSG00000113427;ENSMUSG00000091280;ENSMUSG00000091583;ENSMUSG00000085801;ENSMUSG00000086037;ENSMUSG00000060375;ENSMUSG00000084871	0	NA	NA	NA	0
ENSG00000237342	1	many_to_many_DifferentNumber	ENSMUSG00000113427;ENSMUSG00000091280;ENSMUSG00000091583;ENSMUSG00000085801;ENSMUSG00000086037;ENSMUSG00000060375;ENSMUSG00000084871	0	NA	NA	NA	0
ENSG00000258393	1	many_to_many_DifferentNumber	ENSMUSG00000113427;ENSMUSG00000091280;ENSMUSG00000091583;ENSMUSG00000085801;ENSMUSG00000086037;ENSMUSG00000060375;ENSMUSG00000084871	0	NA	NA	NA	0
ENSG00000259110	1	many_to_many_DifferentNumber	ENSMUSG00000113427;ENSMUSG00000091280;ENSMUSG00000091583;ENSMUSG00000085801;ENSMUSG00000086037;ENSMUSG00000060375;ENSMUSG00000084871	0	NA	NA	NA	0
ENSG00000258511	1	many_to_many_DifferentNumber	ENSMUSG00000113427;ENSMUSG00000091280;ENSMUSG00000091583;ENSMUSG00000085801;ENSMUSG00000086037;ENSMUSG00000060375;ENSMUSG00000084871	0	NA	NA	NA	0
ENSG00000287991	1	many_to_many_DifferentNumber	ENSMUSG00000113427;ENSMUSG00000091280;ENSMUSG00000091583;ENSMUSG00000085801;ENSMUSG00000086037;ENSMUSG00000060375;ENSMUSG00000084871	0	NA	NA	NA	0
ENSG00000229402	1	many_to_many_DifferentNumber	ENSMUSG00000113427;ENSMUSG00000091280;ENSMUSG00000091583;ENSMUSG00000085801;ENSMUSG00000086037;ENSMUSG00000060375;ENSMUSG00000084871	0	NA	NA	NA	0
ENSG00000246084	1	many_to_many_DifferentNumber	ENSMUSG00000113427;ENSMUSG00000091280;ENSMUSG00000091583;ENSMUSG00000085801;ENSMUSG00000086037;ENSMUSG00000060375;ENSMUSG00000084871	0	NA	NA	NA	0
ENSG00000285584	1	many_to_many_DifferentNumber	ENSMUSG00000113427;ENSMUSG00000091280;ENSMUSG00000091583;ENSMUSG00000085801;ENSMUSG00000086037;ENSMUSG00000060375;ENSMUSG00000084871	0	NA	NA	NA	0
ENSG00000197176	1	many_to_many_DifferentNumber	ENSMUSG00000113390;ENSMUSG00000114149;ENSMUSG00000092066;ENSMUSG00000085820;ENSMUSG00000086319;ENSMUSG00000085120;ENSMUSG00000086060;ENSMUSG00000113415;ENSMUSG00000085641;ENSMUSG00000086975	0	NA	NA	NA	0
ENSG00000258379	1	many_to_many_DifferentNumber	ENSMUSG00000113390;ENSMUSG00000114149;ENSMUSG00000092066;ENSMUSG00000085820;ENSMUSG00000086319;ENSMUSG00000085120;ENSMUSG00000086060;ENSMUSG00000113415;ENSMUSG00000085641;ENSMUSG00000086975	0	NA	NA	NA	0
ENSG00000258869	1	many_to_many_DifferentNumber	ENSMUSG00000113390;ENSMUSG00000114149;ENSMUSG00000092066;ENSMUSG00000085820;ENSMUSG00000086319;ENSMUSG00000085120;ENSMUSG00000086060;ENSMUSG00000113415;ENSMUSG00000085641;ENSMUSG00000086975	0	NA	NA	NA	0
ENSG00000259119	1	many_to_many_DifferentNumber	ENSMUSG00000113390;ENSMUSG00000114149;ENSMUSG00000092066;ENSMUSG00000085820;ENSMUSG00000086319;ENSMUSG00000085120;ENSMUSG00000086060;ENSMUSG00000113415;ENSMUSG00000085641;ENSMUSG00000086975	0	NA	NA	NA	0
ENSG00000288034	1	many_to_many_DifferentNumber	ENSMUSG00000113390;ENSMUSG00000114149;ENSMUSG00000092066;ENSMUSG00000085820;ENSMUSG00000086319;ENSMUSG00000085120;ENSMUSG00000086060;ENSMUSG00000113415;ENSMUSG00000085641;ENSMUSG00000086975	1	one_to_many	lincConv	ENSMUSG00000114149;ENSMUSG00000113390	0
ENSG00000259026	1	many_to_many_DifferentNumber	ENSMUSG00000113390;ENSMUSG00000114149;ENSMUSG00000092066;ENSMUSG00000085820;ENSMUSG00000086319;ENSMUSG00000085120;ENSMUSG00000086060;ENSMUSG00000113415;ENSMUSG00000085641;ENSMUSG00000086975	0	NA	NA	NA	0
ENSG00000246223	1	many_to_many_DifferentNumber	ENSMUSG00000113390;ENSMUSG00000114149;ENSMUSG00000092066;ENSMUSG00000085820;ENSMUSG00000086319;ENSMUSG00000085120;ENSMUSG00000086060;ENSMUSG00000113415;ENSMUSG00000085641;ENSMUSG00000086975	0	NA	NA	NA	0
ENSG00000259097	1	many_to_many_DifferentNumber	ENSMUSG00000113390;ENSMUSG00000114149;ENSMUSG00000092066;ENSMUSG00000085820;ENSMUSG00000086319;ENSMUSG00000085120;ENSMUSG00000086060;ENSMUSG00000113415;ENSMUSG00000085641;ENSMUSG00000086975	0	NA	NA	NA	0
ENSG00000275198	1	many_to_one	ENSMUSG00000072884	1	one_to_one	lincSS.up	ENSMUSG00000072884	1
ENSG00000287437	1	many_to_one	ENSMUSG00000072884	0	NA	NA	NA	1
ENSG00000258798	1	one_to_many	ENSMUSG00000097160;ENSMUSG00000113634;ENSMUSG00000114113	1	one_to_many	lncgDivg	ENSMUSG00000097160;ENSMUSG00000113634	0
ENSG00000258766	1	one_to_many	ENSMUSG00000097157;ENSMUSG00000113747	1	one_to_one	lncgDivg	ENSMUSG00000097157	0
ENSG00000233208	1	one_to_one	ENSMUSG00000113679	0	NA	NA	NA	1
ENSG00000258424	1	many_to_one	ENSMUSG00000113362	0	NA	NA	NA	1
ENSG00000259789	1	many_to_one	ENSMUSG00000113362	0	NA	NA	NA	1
ENSG00000258678	1	many_to_one	ENSMUSG00000113362	1	one_to_one	lincConv	ENSMUSG00000113362	1
ENSG00000258572	1	one_to_one	ENSMUSG00000113995	0	NA	NA	NA	1
ENSG00000247092	1	one_to_one	ENSMUSG00000113722	1	one_to_one	lncgDivg	ENSMUSG00000113722	1
ENSG00000258735	1	many_to_one	ENSMUSG00000113088	0	NA	NA	NA	1
ENSG00000287346	1	many_to_one	ENSMUSG00000113088	0	NA	NA	NA	1
ENSG00000258534	1	one_to_one	ENSMUSG00000113769	0	NA	NA	NA	1
ENSG00000157306	1	one_to_many	ENSMUSG00000093452;ENSMUSG00000100162	1	one_to_one	lncgSS.up	ENSMUSG00000100162	1
ENSG00000285205	1	many_to_many_sameNumber	ENSMUSG00000114826;ENSMUSG00000112954	1	one_to_one	lncgDivg	ENSMUSG00000114826	1
ENSG00000258866	1	many_to_many_sameNumber	ENSMUSG00000114826;ENSMUSG00000112954	0	NA	NA	NA	1
ENSG00000258753	1	one_to_one	ENSMUSG00000115003	0	NA	NA	NA	1
ENSG00000178107	1	one_to_many	ENSMUSG00000115454;ENSMUSG00000115141	1	one_to_many	lncgDivg	ENSMUSG00000115141;ENSMUSG00000115454	1
ENSG00000258851	1	one_to_one	ENSMUSG00000112991	1	one_to_one	lncgConv	ENSMUSG00000112991	1
ENSG00000259717	1	many_to_one	ENSMUSG00000097081	0	NA	NA	NA	1
ENSG00000289917	1	many_to_one	ENSMUSG00000097081	0	NA	NA	NA	1
ENSG00000258630	1	one_to_one	ENSMUSG00000021101	1	one_to_one	lncgDivg	ENSMUSG00000021101	1
ENSG00000259143	1	one_to_one	ENSMUSG00000100975	0	NA	NA	NA	1
ENSG00000261242	1	one_to_one	ENSMUSG00000112459	1	one_to_one	lncgDivg	ENSMUSG00000112459	1
ENSG00000258481	1	one_to_one	ENSMUSG00000090050	0	NA	NA	NA	1
ENSG00000257621	1	one_to_one	ENSMUSG00000085622	0	NA	NA	NA	0
ENSG00000258675	1	one_to_one	ENSMUSG00000090722	0	NA	NA	NA	0
ENSG00000258402	1	one_to_one	ENSMUSG00000097488	1	one_to_one	lncgDivg	ENSMUSG00000121169	1
ENSG00000286861	1	one_to_one	ENSMUSG00000111929	1	one_to_one	lncgDivg	ENSMUSG00000111929	1
ENSG00000253563	1	one_to_many	ENSMUSG00000098172;ENSMUSG00000092515	1	one_to_one	lncgDivg	ENSMUSG00000098172	1
ENSG00000258661	1	one_to_one	ENSMUSG00000089894	1	one_to_one	lncgDivg	ENSMUSG00000089894	0
ENSG00000258419	1	one_to_one	ENSMUSG00000113884	0	NA	NA	NA	0
ENSG00000258723	1	many_to_many_DifferentNumber	ENSMUSG00000113539;ENSMUSG00000113001	0	NA	NA	NA	1
ENSG00000258719	1	many_to_many_DifferentNumber	ENSMUSG00000113539;ENSMUSG00000113001	0	NA	NA	NA	0
ENSG00000258874	1	many_to_many_DifferentNumber	ENSMUSG00000113539;ENSMUSG00000113001	0	NA	NA	NA	1
ENSG00000258478	1	many_to_many_DifferentNumber	ENSMUSG00000113539;ENSMUSG00000113001	0	NA	NA	NA	0
ENSG00000258829	1	many_to_many_DifferentNumber	ENSMUSG00000113539;ENSMUSG00000113001	0	NA	NA	NA	0
ENSG00000258662	1	many_to_many_DifferentNumber	ENSMUSG00000113539;ENSMUSG00000113001	0	NA	NA	NA	0
ENSG00000259106	1	many_to_many_DifferentNumber	ENSMUSG00000113539;ENSMUSG00000113001	0	NA	NA	NA	0
ENSG00000287118	1	many_to_many_DifferentNumber	ENSMUSG00000113539;ENSMUSG00000113001	0	NA	NA	NA	0
ENSG00000258637	1	many_to_many_DifferentNumber	ENSMUSG00000113539;ENSMUSG00000113001	0	NA	NA	NA	0
ENSG00000258416	1	many_to_many_DifferentNumber	ENSMUSG00000113539;ENSMUSG00000113001	1	one_to_many	lincConv	ENSMUSG00000113001;ENSMUSG00000113539	0
ENSG00000287913	1	one_to_many	ENSMUSG00000112386;ENSMUSG00000120388;ENSMUSG00000120447;ENSMUSG00000120506	0	NA	NA	NA	0
ENSG00000258837	1	many_to_many_DifferentNumber	ENSMUSG00000112765;ENSMUSG00000111933	0	NA	NA	NA	1
ENSG00000287385	1	many_to_many_DifferentNumber	ENSMUSG00000112765;ENSMUSG00000111933	0	NA	NA	NA	0
ENSG00000258623	1	many_to_many_DifferentNumber	ENSMUSG00000112765;ENSMUSG00000111933	0	NA	NA	NA	0
ENSG00000287167	1	many_to_many_DifferentNumber	ENSMUSG00000112765;ENSMUSG00000111933	0	NA	NA	NA	0
ENSG00000259038	1	many_to_many_DifferentNumber	ENSMUSG00000112765;ENSMUSG00000111933	0	NA	NA	NA	0
ENSG00000289583	1	many_to_many_DifferentNumber	ENSMUSG00000112765;ENSMUSG00000111933	1	one_to_one	lincSS.dw	ENSMUSG00000111933	0
ENSG00000259062	1	one_to_many	ENSMUSG00000112852;ENSMUSG00000112336	1	one_to_many	lncgDivg	ENSMUSG00000112852;ENSMUSG00000112336	1
ENSG00000276063	1	many_to_one	ENSMUSG00000112278	1	many_to_one	lncgDivg	ENSMUSG00000112278	1
ENSG00000289180	1	many_to_one	ENSMUSG00000112278	1	many_to_one	lncgDivg	ENSMUSG00000112278	1
ENSG00000258957	1	one_to_one	ENSMUSG00000112285	0	NA	NA	NA	1
ENSG00000258857	1	one_to_one	ENSMUSG00000020992	1	one_to_one	lncgDivg	ENSMUSG00000020992	1
ENSG00000272444	1	many_to_one	ENSMUSG00000113361	0	NA	NA	NA	0
ENSG00000271780	1	many_to_one	ENSMUSG00000113361	0	NA	NA	NA	1
ENSG00000259088	1	many_to_many_DifferentNumber	ENSMUSG00000113702;ENSMUSG00000113781;ENSMUSG00000120625;ENSMUSG00000113585	1	many_to_one	lncgDivg	ENSMUSG00000113585	1
ENSG00000256705	1	many_to_many_DifferentNumber	ENSMUSG00000113702;ENSMUSG00000113781;ENSMUSG00000120625;ENSMUSG00000113585	1	many_to_one	lncgDivg	ENSMUSG00000113585	1
ENSG00000289482	1	many_to_many_DifferentNumber	ENSMUSG00000113702;ENSMUSG00000113781;ENSMUSG00000120625;ENSMUSG00000113585	0	NA	NA	NA	1
ENSG00000275630	1	many_to_many_sameNumber	ENSMUSG00000113303;ENSMUSG00000113950	0	NA	NA	NA	1
ENSG00000259153	1	many_to_many_sameNumber	ENSMUSG00000113303;ENSMUSG00000113950	1	one_to_one	lncgDivg	ENSMUSG00000113303	1
ENSG00000287153	1	many_to_many_DifferentNumber	ENSMUSG00000113179;ENSMUSG00000099407;ENSMUSG00000112549	1	many_to_one	lncgDivg	ENSMUSG00000113179	0
ENSG00000287777	1	many_to_many_DifferentNumber	ENSMUSG00000113179;ENSMUSG00000099407;ENSMUSG00000112549	1	many_to_one	lncgDivg	ENSMUSG00000113179	0
ENSG00000258897	1	one_to_many	ENSMUSG00000112821;ENSMUSG00000112053	0	NA	NA	NA	0
ENSG00000287350	1	many_to_many_DifferentNumber	ENSMUSG00000113537;ENSMUSG00000113835	1	many_to_many_strict	lincSS.dw	ENSMUSG00000113537;ENSMUSG00000113835	0
ENSG00000258979	1	many_to_many_DifferentNumber	ENSMUSG00000113537;ENSMUSG00000113835	0	NA	NA	NA	0
ENSG00000258702	1	many_to_many_DifferentNumber	ENSMUSG00000113537;ENSMUSG00000113835	1	many_to_many_strict	lincSS.dw	ENSMUSG00000113537;ENSMUSG00000113835	0
ENSG00000258425	1	one_to_many	ENSMUSG00000092130;ENSMUSG00000113079;ENSMUSG00000092006;ENSMUSG00000120627	1	one_to_many	lncgDivg	ENSMUSG00000120627;ENSMUSG00000092130	0
ENSG00000258455	1	one_to_one	ENSMUSG00000115145	1	many_to_one	lncgDivg	ENSMUSG00000115145	1
ENSG00000258860	1	one_to_one	ENSMUSG00000121126	0	NA	NA	NA	0
ENSG00000259116	1	one_to_many	ENSMUSG00000097323;ENSMUSG00000120833	0	NA	NA	NA	1
ENSG00000289290	1	one_to_one	ENSMUSG00000073000	0	NA	NA	NA	1
ENSG00000286333	1	many_to_many_DifferentNumber	ENSMUSG00000100890;ENSMUSG00000102029;ENSMUSG00000120391	1	one_to_many	lncgDivg	ENSMUSG00000120391;ENSMUSG00000102029;ENSMUSG00000100890	1
ENSG00000258871	1	many_to_many_DifferentNumber	ENSMUSG00000100890;ENSMUSG00000102029;ENSMUSG00000120391	0	NA	NA	NA	1
ENSG00000257270	1	one_to_one	ENSMUSG00000120161	0	NA	NA	NA	1
ENSG00000259058	1	many_to_one	ENSMUSG00000120715	0	NA	NA	NA	1
ENSG00000285966	1	many_to_one	ENSMUSG00000120715	1	one_to_one	lincSS.dw	ENSMUSG00000120715	1
ENSG00000288762	1	many_to_one	ENSMUSG00000120715	0	NA	NA	NA	1
ENSG00000273729	1	many_to_one	ENSMUSG00000120428	0	NA	NA	NA	1
ENSG00000246548	1	many_to_one	ENSMUSG00000120428	1	one_to_one	lincDivg	ENSMUSG00000120428	1
ENSG00000287004	1	many_to_one	ENSMUSG00000120428	0	NA	NA	NA	1
ENSG00000258473	1	many_to_many_DifferentNumber	ENSMUSG00000120035;ENSMUSG00000120265	0	NA	NA	NA	1
ENSG00000258819	1	many_to_many_DifferentNumber	ENSMUSG00000120035;ENSMUSG00000120265	0	NA	NA	NA	1
ENSG00000289347	1	many_to_many_DifferentNumber	ENSMUSG00000120035;ENSMUSG00000120265	0	NA	NA	NA	1
ENSG00000258400	1	one_to_one	ENSMUSG00000085539	1	one_to_one	lncgDivg	ENSMUSG00000085539	1
ENSG00000282885	1	one_to_one	ENSMUSG00000052673	0	NA	NA	NA	0
ENSG00000288045	1	one_to_many	ENSMUSG00000115324;ENSMUSG00000085913;ENSMUSG00000115553	1	one_to_one	lncgDivg	ENSMUSG00000115324	1
ENSG00000258520	1	one_to_one	ENSMUSG00000097801	1	one_to_many	lncgDivg	ENSMUSG00000112421;ENSMUSG00000097801	1
ENSG00000286424	1	one_to_one	ENSMUSG00000044062	1	one_to_one	lncgDivg	ENSMUSG00000044062	1
ENSG00000259065	1	one_to_many	ENSMUSG00000113052;ENSMUSG00000120949	1	one_to_many	lncgDivg	ENSMUSG00000113052;ENSMUSG00000120949	0
ENSG00000258586	1	one_to_one	ENSMUSG00000113094	0	NA	NA	NA	0
ENSG00000289531	1	many_to_one	ENSMUSG00000113035	0	NA	NA	NA	0
ENSG00000214900	1	many_to_one	ENSMUSG00000113035	0	NA	NA	NA	0
ENSG00000289844	1	many_to_many_DifferentNumber	ENSMUSG00000114163;ENSMUSG00000120232	1	many_to_many_strict	lincSS.dw	ENSMUSG00000120232;ENSMUSG00000114163	0
ENSG00000289918	1	many_to_many_DifferentNumber	ENSMUSG00000114163;ENSMUSG00000120232	0	NA	NA	NA	0
ENSG00000259687	1	many_to_many_DifferentNumber	ENSMUSG00000114163;ENSMUSG00000120232	1	many_to_many_strict	lincSS.dw	ENSMUSG00000120232;ENSMUSG00000114163	0
ENSG00000259319	1	one_to_many	ENSMUSG00000113165;ENSMUSG00000120835	1	one_to_one	lncgDivg	ENSMUSG00000113165	0
ENSG00000273783	1	one_to_one	ENSMUSG00000120869	1	one_to_one	lncgDivg	ENSMUSG00000120869	0
ENSG00000259087	1	many_to_one	ENSMUSG00000086372	1	one_to_one	lncgDivg	ENSMUSG00000086372	0
ENSG00000289903	1	many_to_one	ENSMUSG00000086372	0	NA	NA	NA	0
ENSG00000258649	1	one_to_one	ENSMUSG00000112704	0	NA	NA	NA	0
ENSG00000259091	1	many_to_many_DifferentNumber	ENSMUSG00000085851;ENSMUSG00000112911	1	many_to_many_strict	lncgDivg	ENSMUSG00000085851;ENSMUSG00000112911	0
ENSG00000258696	1	many_to_many_DifferentNumber	ENSMUSG00000085851;ENSMUSG00000112911	1	many_to_many_strict	lncgDivg	ENSMUSG00000085851;ENSMUSG00000112911	0
ENSG00000259048	1	many_to_many_DifferentNumber	ENSMUSG00000085851;ENSMUSG00000112911	0	NA	NA	NA	0
ENSG00000249163	1	one_to_one	ENSMUSG00000113298	0	NA	NA	NA	1
ENSG00000259230	1	many_to_one	ENSMUSG00000113056	1	one_to_one	lincDivg	ENSMUSG00000113056	0
ENSG00000289862	1	many_to_one	ENSMUSG00000113056	0	NA	NA	NA	0
ENSG00000259508	1	one_to_one	ENSMUSG00000083193	1	one_to_one	lncgDivg	ENSMUSG00000083193	1
ENSG00000289424	1	one_to_many	ENSMUSG00000075042;ENSMUSG00000115344;ENSMUSG00000090709	1	one_to_one	lncgDivg	ENSMUSG00000115344	0
ENSG00000260830	1	one_to_one	ENSMUSG00000097533	1	one_to_one	lncgConv	ENSMUSG00000097533	0
ENSG00000285774	1	one_to_many	ENSMUSG00000115410;ENSMUSG00000072589	1	one_to_many	lncgDivg	ENSMUSG00000115100;ENSMUSG00000115410	0
ENSG00000289979	1	one_to_one	ENSMUSG00000115154	0	NA	NA	NA	1
ENSG00000235706	1	one_to_one	ENSMUSG00000120051	1	one_to_one	lncgDivg	ENSMUSG00000120051	1
ENSG00000258407	1	many_to_one	ENSMUSG00000112510	1	many_to_one	lncgConv	ENSMUSG00000112510	1
ENSG00000258826	1	many_to_one	ENSMUSG00000112510	1	many_to_one	lncgConv	ENSMUSG00000112510	1
ENSG00000258975	1	many_to_one	ENSMUSG00000112510	0	NA	NA	NA	1
ENSG00000259998	1	many_to_one	ENSMUSG00000112510	0	NA	NA	NA	1
ENSG00000258982	1	one_to_many	ENSMUSG00000112971;ENSMUSG00000120464	0	NA	NA	NA	1
ENSG00000289626	1	one_to_many	ENSMUSG00000120409;ENSMUSG00000120387;ENSMUSG00000097729	1	one_to_many	lncgSS.up	ENSMUSG00000120387;ENSMUSG00000120409	0
ENSG00000259152	1	many_to_one	ENSMUSG00000108773	0	NA	NA	NA	0
ENSG00000261426	1	many_to_one	ENSMUSG00000108773	0	NA	NA	NA	0
ENSG00000258594	1	many_to_one	ENSMUSG00000108773	0	NA	NA	NA	0
ENSG00000278621	1	one_to_one	ENSMUSG00000101859	1	one_to_many	lncgDivg	ENSMUSG00000101859;ENSMUSG00000087203	1
ENSG00000259269	1	many_to_one	ENSMUSG00000086221	0	NA	NA	NA	1
ENSG00000259278	1	many_to_one	ENSMUSG00000086221	0	NA	NA	NA	1
ENSG00000259423	1	many_to_one	ENSMUSG00000086221	0	NA	NA	NA	1
ENSG00000175746	1	many_to_one	ENSMUSG00000086221	0	NA	NA	NA	1
ENSG00000286786	1	many_to_one	ENSMUSG00000086221	0	NA	NA	NA	1
ENSG00000259326	1	many_to_one	ENSMUSG00000086221	0	NA	NA	NA	1
ENSG00000259598	1	many_to_one	ENSMUSG00000086221	0	NA	NA	NA	1
ENSG00000175779	1	many_to_one	ENSMUSG00000086221	0	NA	NA	NA	1
ENSG00000259731	1	many_to_many_DifferentNumber	ENSMUSG00000085681;ENSMUSG00000101394;ENSMUSG00000086203;ENSMUSG00000087203	0	NA	NA	NA	1
ENSG00000259345	1	many_to_many_DifferentNumber	ENSMUSG00000085681;ENSMUSG00000101394;ENSMUSG00000086203;ENSMUSG00000087203	0	NA	NA	NA	1
ENSG00000259390	1	many_to_many_DifferentNumber	ENSMUSG00000085681;ENSMUSG00000101394;ENSMUSG00000086203;ENSMUSG00000087203	0	NA	NA	NA	1
ENSG00000259447	1	many_to_many_DifferentNumber	ENSMUSG00000085681;ENSMUSG00000101394;ENSMUSG00000086203;ENSMUSG00000087203	0	NA	NA	NA	1
ENSG00000274281	1	many_to_many_DifferentNumber	ENSMUSG00000085681;ENSMUSG00000101394;ENSMUSG00000086203;ENSMUSG00000087203	0	NA	NA	NA	1
ENSG00000259225	1	one_to_one	ENSMUSG00000085316	1	one_to_one	lincSS.dw	ENSMUSG00000085316	1
ENSG00000259380	1	many_to_one	ENSMUSG00000099470	0	NA	NA	NA	1
ENSG00000236914	1	many_to_one	ENSMUSG00000099470	0	NA	NA	NA	1
ENSG00000259245	1	many_to_many_DifferentNumber	ENSMUSG00000084785;ENSMUSG00000085222;ENSMUSG00000099361;ENSMUSG00000099802;ENSMUSG00000086197	0	NA	NA	NA	0
ENSG00000259395	1	many_to_many_DifferentNumber	ENSMUSG00000084785;ENSMUSG00000085222;ENSMUSG00000099361;ENSMUSG00000099802;ENSMUSG00000086197	0	NA	NA	NA	0
ENSG00000248079	1	many_to_many_DifferentNumber	ENSMUSG00000084785;ENSMUSG00000085222;ENSMUSG00000099361;ENSMUSG00000099802;ENSMUSG00000086197	1	one_to_one	lncgDivg	ENSMUSG00000084785	0
ENSG00000259639	1	many_to_many_DifferentNumber	ENSMUSG00000101448;ENSMUSG00000087309;ENSMUSG00000085582;ENSMUSG00000086735	0	NA	NA	NA	0
ENSG00000259737	1	many_to_many_DifferentNumber	ENSMUSG00000101448;ENSMUSG00000087309;ENSMUSG00000085582;ENSMUSG00000086735	0	NA	NA	NA	0
ENSG00000244879	1	one_to_one	ENSMUSG00000098024	1	one_to_one	lncgDivg	ENSMUSG00000098024	1
ENSG00000259730	1	many_to_one	ENSMUSG00000087450	0	NA	NA	NA	1
ENSG00000259554	1	many_to_one	ENSMUSG00000087450	0	NA	NA	NA	1
ENSG00000259740	1	many_to_one	ENSMUSG00000087450	0	NA	NA	NA	1
ENSG00000259754	1	many_to_one	ENSMUSG00000087450	1	one_to_one	lincSS.dw	ENSMUSG00000087450	1
ENSG00000259588	1	many_to_many_DifferentNumber	ENSMUSG00000085496;ENSMUSG00000086954	1	many_to_many	lncgDivg	ENSMUSG00000086954;ENSMUSG00000085496	1
ENSG00000259572	1	many_to_many_DifferentNumber	ENSMUSG00000085496;ENSMUSG00000086954	0	NA	NA	NA	1
ENSG00000287439	1	many_to_many_DifferentNumber	ENSMUSG00000085496;ENSMUSG00000086954	0	NA	NA	NA	1
ENSG00000259221	1	many_to_many_DifferentNumber	ENSMUSG00000085496;ENSMUSG00000086954	1	many_to_many	lncgDivg	ENSMUSG00000086954;ENSMUSG00000085496	1
ENSG00000259360	1	many_to_many_DifferentNumber	ENSMUSG00000085496;ENSMUSG00000086954	1	many_to_many	lncgDivg	ENSMUSG00000086954;ENSMUSG00000085496	1
ENSG00000259460	1	many_to_one	ENSMUSG00000086308	1	many_to_one	lncgDivg	ENSMUSG00000086308	1
ENSG00000288808	1	many_to_one	ENSMUSG00000086308	1	many_to_one	lncgDivg	ENSMUSG00000086308	1
ENSG00000274444	1	many_to_one	ENSMUSG00000086308	0	NA	NA	NA	1
ENSG00000259434	1	one_to_many	ENSMUSG00000086462;ENSMUSG00000086328	0	NA	NA	NA	1
ENSG00000259580	1	one_to_many	ENSMUSG00000100046;ENSMUSG00000045339	1	one_to_many	lncgSS.dw	ENSMUSG00000100046;ENSMUSG00000045339	1
ENSG00000276473	1	many_to_many_DifferentNumber	ENSMUSG00000111841;ENSMUSG00000111303	0	NA	NA	NA	0
ENSG00000259591	1	many_to_many_DifferentNumber	ENSMUSG00000111841;ENSMUSG00000111303	1	many_to_one	lncgDivg	ENSMUSG00000086648	0
ENSG00000273958	1	many_to_many_DifferentNumber	ENSMUSG00000111841;ENSMUSG00000111303	1	many_to_one	lncgDivg	ENSMUSG00000086648	0
ENSG00000286457	1	many_to_many_DifferentNumber	ENSMUSG00000111841;ENSMUSG00000111303	1	many_to_one	lncgDivg	ENSMUSG00000086648	0
ENSG00000259481	1	many_to_many_DifferentNumber	ENSMUSG00000111841;ENSMUSG00000111303	1	many_to_one	lncgDivg	ENSMUSG00000086648	0
ENSG00000259530	1	many_to_many_DifferentNumber	ENSMUSG00000111841;ENSMUSG00000111303	0	NA	NA	NA	0
ENSG00000287508	1	many_to_many_DifferentNumber	ENSMUSG00000111841;ENSMUSG00000111303	1	many_to_one	lncgDivg	ENSMUSG00000086648	0
ENSG00000259482	1	many_to_many_DifferentNumber	ENSMUSG00000111841;ENSMUSG00000111303	1	many_to_one	lncgDivg	ENSMUSG00000086648	0
ENSG00000259575	1	many_to_many_DifferentNumber	ENSMUSG00000111841;ENSMUSG00000111303	1	many_to_one	lncgDivg	ENSMUSG00000086648	0
ENSG00000259284	1	many_to_many_DifferentNumber	ENSMUSG00000111841;ENSMUSG00000111303	0	NA	NA	NA	0
ENSG00000259274	1	many_to_many_DifferentNumber	ENSMUSG00000111841;ENSMUSG00000111303	1	many_to_one	lncgDivg	ENSMUSG00000086648	0
ENSG00000259564	1	many_to_many_DifferentNumber	ENSMUSG00000111841;ENSMUSG00000111303	0	NA	NA	NA	1
ENSG00000259616	1	many_to_one	ENSMUSG00000101345	0	NA	NA	NA	0
ENSG00000273792	1	many_to_one	ENSMUSG00000101345	0	NA	NA	NA	0
ENSG00000259675	1	many_to_one	ENSMUSG00000101345	0	NA	NA	NA	0
ENSG00000245975	1	one_to_one	ENSMUSG00000074213	1	one_to_one	lncgDivg	ENSMUSG00000074213	1
ENSG00000259410	1	one_to_one	ENSMUSG00000111144	0	NA	NA	NA	1
ENSG00000280515	1	many_to_many_DifferentNumber	ENSMUSG00000052143;ENSMUSG00000111180;ENSMUSG00000111354;ENSMUSG00000111807;ENSMUSG00000111658;ENSMUSG00000074256;ENSMUSG00000120207	0	NA	NA	NA	1
ENSG00000281264	1	many_to_many_DifferentNumber	ENSMUSG00000052143;ENSMUSG00000111180;ENSMUSG00000111354;ENSMUSG00000111807;ENSMUSG00000111658;ENSMUSG00000074256;ENSMUSG00000120207	0	NA	NA	NA	1
ENSG00000259503	1	many_to_many_DifferentNumber	ENSMUSG00000052143;ENSMUSG00000111180;ENSMUSG00000111354;ENSMUSG00000111807;ENSMUSG00000111658;ENSMUSG00000074256;ENSMUSG00000120207	0	NA	NA	NA	1
ENSG00000287741	1	many_to_many_DifferentNumber	ENSMUSG00000052143;ENSMUSG00000111180;ENSMUSG00000111354;ENSMUSG00000111807;ENSMUSG00000111658;ENSMUSG00000074256;ENSMUSG00000120207	0	NA	NA	NA	1
ENSG00000259252	1	many_to_many_DifferentNumber	ENSMUSG00000111444;ENSMUSG00000111290;ENSMUSG00000111147;ENSMUSG00000111169;ENSMUSG00000111449;ENSMUSG00000110998;ENSMUSG00000120704	0	NA	NA	NA	1
ENSG00000259473	1	many_to_many_DifferentNumber	ENSMUSG00000111444;ENSMUSG00000111290;ENSMUSG00000111147;ENSMUSG00000111169;ENSMUSG00000111449;ENSMUSG00000110998;ENSMUSG00000120704	0	NA	NA	NA	1
ENSG00000280639	1	many_to_many_DifferentNumber	ENSMUSG00000111444;ENSMUSG00000111290;ENSMUSG00000111147;ENSMUSG00000111169;ENSMUSG00000111449;ENSMUSG00000110998;ENSMUSG00000120704	1	one_to_one	lincSS.dw	ENSMUSG00000111444	1
ENSG00000259673	1	one_to_one	ENSMUSG00000086539	0	NA	NA	NA	1
ENSG00000277245	1	one_to_one	ENSMUSG00000097211	1	one_to_one	lncgDivg	ENSMUSG00000098778	1
ENSG00000260392	1	one_to_many	ENSMUSG00000098959;ENSMUSG00000098801	0	NA	NA	NA	1
ENSG00000277152	1	many_to_one	ENSMUSG00000111058	1	one_to_one	lincSS.dw	ENSMUSG00000111058	1
ENSG00000259437	1	many_to_one	ENSMUSG00000111058	0	NA	NA	NA	1
ENSG00000274995	1	many_to_one	ENSMUSG00000111058	0	NA	NA	NA	1
ENSG00000274297	1	many_to_one	ENSMUSG00000095956	0	NA	NA	NA	1
ENSG00000259624	1	many_to_one	ENSMUSG00000095956	0	NA	NA	NA	1
ENSG00000274719	1	one_to_one	ENSMUSG00000111429	0	NA	NA	NA	0
ENSG00000259268	1	many_to_one	ENSMUSG00000086387	0	NA	NA	NA	1
ENSG00000276651	1	many_to_one	ENSMUSG00000086387	1	one_to_one	lncgDivg	ENSMUSG00000086387	1
ENSG00000287596	1	many_to_many_DifferentNumber	ENSMUSG00000101526;ENSMUSG00000101596;ENSMUSG00000120200	0	NA	NA	NA	0
ENSG00000259237	1	many_to_many_DifferentNumber	ENSMUSG00000101526;ENSMUSG00000101596;ENSMUSG00000120200	0	NA	NA	NA	0
ENSG00000259203	1	one_to_many	ENSMUSG00000066477;ENSMUSG00000093662	0	NA	NA	NA	0
ENSG00000259543	1	many_to_many_sameNumber	ENSMUSG00000109106;ENSMUSG00000108861;ENSMUSG00000109506;ENSMUSG00000094841	1	many_to_one	lincDivg	ENSMUSG00000094841	0
ENSG00000259594	1	many_to_many_sameNumber	ENSMUSG00000109106;ENSMUSG00000108861;ENSMUSG00000109506;ENSMUSG00000094841	0	NA	NA	NA	0
ENSG00000273920	1	many_to_many_sameNumber	ENSMUSG00000109106;ENSMUSG00000108861;ENSMUSG00000109506;ENSMUSG00000094841	0	NA	NA	NA	1
ENSG00000275995	1	many_to_many_sameNumber	ENSMUSG00000109106;ENSMUSG00000108861;ENSMUSG00000109506;ENSMUSG00000094841	1	many_to_one	lincDivg	ENSMUSG00000094841	0
ENSG00000259692	1	one_to_many	ENSMUSG00000053528;ENSMUSG00000109042	0	NA	NA	NA	0
ENSG00000246863	1	one_to_one	ENSMUSG00000085889	1	one_to_one	lncgDivg	ENSMUSG00000085889	1
ENSG00000259432	1	one_to_one	ENSMUSG00000121262	1	one_to_one	lncgSS.up	ENSMUSG00000121262	1
ENSG00000287408	1	many_to_one	ENSMUSG00000111274	0	NA	NA	NA	1
ENSG00000289561	1	many_to_one	ENSMUSG00000111274	0	NA	NA	NA	1
ENSG00000259180	1	one_to_one	ENSMUSG00000098294	0	NA	NA	NA	0
ENSG00000258010	1	many_to_one	ENSMUSG00000097016	1	many_to_one	lncgDivg	ENSMUSG00000109341	0
ENSG00000259175	1	many_to_one	ENSMUSG00000097016	1	many_to_one	lncgDivg	ENSMUSG00000109341	1
ENSG00000287813	1	many_to_one	ENSMUSG00000097016	1	many_to_one	lncgDivg	ENSMUSG00000109341	0
ENSG00000270919	1	many_to_one	ENSMUSG00000097016	1	many_to_one	lncgDivg	ENSMUSG00000109341	1
ENSG00000259361	1	many_to_one	ENSMUSG00000109341	0	NA	NA	NA	0
ENSG00000259495	1	many_to_one	ENSMUSG00000109341	1	many_to_one	lncgDivg	ENSMUSG00000109341	0
ENSG00000259544	1	many_to_one	ENSMUSG00000097415	0	NA	NA	NA	1
ENSG00000259762	1	many_to_one	ENSMUSG00000097415	0	NA	NA	NA	1
ENSG00000259407	1	many_to_one	ENSMUSG00000097415	0	NA	NA	NA	1
ENSG00000259416	1	many_to_one	ENSMUSG00000097415	0	NA	NA	NA	1
ENSG00000259367	1	many_to_one	ENSMUSG00000097415	0	NA	NA	NA	0
ENSG00000259276	1	many_to_one	ENSMUSG00000097415	0	NA	NA	NA	0
ENSG00000259375	1	many_to_one	ENSMUSG00000097415	0	NA	NA	NA	0
ENSG00000245534	1	one_to_one	ENSMUSG00000086648	0	NA	NA	NA	1
ENSG00000260351	1	many_to_one	ENSMUSG00000120034	0	NA	NA	NA	1
ENSG00000273747	1	many_to_one	ENSMUSG00000120034	0	NA	NA	NA	1
ENSG00000258954	1	many_to_one	ENSMUSG00000108652	0	NA	NA	NA	0
ENSG00000258551	1	many_to_one	ENSMUSG00000108652	0	NA	NA	NA	0
ENSG00000285883	1	many_to_one	ENSMUSG00000108652	0	NA	NA	NA	0
ENSG00000258765	1	many_to_many_DifferentNumber	ENSMUSG00000085161;ENSMUSG00000108468;ENSMUSG00000108803	0	NA	NA	NA	0
ENSG00000289066	1	many_to_many_DifferentNumber	ENSMUSG00000085161;ENSMUSG00000108468;ENSMUSG00000108803	0	NA	NA	NA	0
ENSG00000183643	1	many_to_one	ENSMUSG00000074067	0	NA	NA	NA	1
ENSG00000258676	1	many_to_one	ENSMUSG00000074067	0	NA	NA	NA	1
ENSG00000271763	1	many_to_one	ENSMUSG00000074067	1	one_to_one	lncgConv	ENSMUSG00000074067	1
ENSG00000259170	1	many_to_many_DifferentNumber	ENSMUSG00000108448;ENSMUSG00000121183	0	NA	NA	NA	1
ENSG00000258647	1	many_to_many_DifferentNumber	ENSMUSG00000108448;ENSMUSG00000121183	1	many_to_one	lincSS.dw	ENSMUSG00000108448	1
ENSG00000260337	1	many_to_many_DifferentNumber	ENSMUSG00000108448;ENSMUSG00000121183	1	many_to_one	lincSS.dw	ENSMUSG00000108448	1
ENSG00000275016	1	many_to_many_DifferentNumber	ENSMUSG00000101559;ENSMUSG00000108869;ENSMUSG00000109003;ENSMUSG00000108978;ENSMUSG00000108480	0	NA	NA	NA	0
ENSG00000259763	1	many_to_many_DifferentNumber	ENSMUSG00000101559;ENSMUSG00000108869;ENSMUSG00000109003;ENSMUSG00000108978;ENSMUSG00000108480	1	many_to_many	lincSS.up	ENSMUSG00000108869;ENSMUSG00000101559	0
ENSG00000278146	1	many_to_many_DifferentNumber	ENSMUSG00000101559;ENSMUSG00000108869;ENSMUSG00000109003;ENSMUSG00000108978;ENSMUSG00000108480	1	many_to_many	lincSS.up	ENSMUSG00000108869;ENSMUSG00000101559	0
ENSG00000259359	1	many_to_many_DifferentNumber	ENSMUSG00000101559;ENSMUSG00000108869;ENSMUSG00000109003;ENSMUSG00000108978;ENSMUSG00000108480	0	NA	NA	NA	0
ENSG00000275443	1	many_to_many_DifferentNumber	ENSMUSG00000101559;ENSMUSG00000108869;ENSMUSG00000109003;ENSMUSG00000108978;ENSMUSG00000108480	1	many_to_many	lincSS.up	ENSMUSG00000108869;ENSMUSG00000101559	0
ENSG00000259331	1	many_to_many_DifferentNumber	ENSMUSG00000101559;ENSMUSG00000108869;ENSMUSG00000109003;ENSMUSG00000108978;ENSMUSG00000108480	0	NA	NA	NA	0
ENSG00000285700	1	many_to_many_DifferentNumber	ENSMUSG00000101559;ENSMUSG00000108869;ENSMUSG00000109003;ENSMUSG00000108978;ENSMUSG00000108480	0	NA	NA	NA	0
ENSG00000259134	1	many_to_many_DifferentNumber	ENSMUSG00000101559;ENSMUSG00000108869;ENSMUSG00000109003;ENSMUSG00000108978;ENSMUSG00000108480	0	NA	NA	NA	0
ENSG00000277135	1	many_to_many_DifferentNumber	ENSMUSG00000109028;ENSMUSG00000108836;ENSMUSG00000109021;ENSMUSG00000109294;ENSMUSG00000109532;ENSMUSG00000109161;ENSMUSG00000100664;ENSMUSG00000099853;ENSMUSG00000099558;ENSMUSG00000108669;ENSMUSG00000108800;ENSMUSG00000100005	0	NA	NA	NA	0
ENSG00000258489	1	many_to_many_DifferentNumber	ENSMUSG00000109028;ENSMUSG00000108836;ENSMUSG00000109021;ENSMUSG00000109294;ENSMUSG00000109532;ENSMUSG00000109161;ENSMUSG00000100664;ENSMUSG00000099853;ENSMUSG00000099558;ENSMUSG00000108669;ENSMUSG00000108800;ENSMUSG00000100005	0	NA	NA	NA	0
ENSG00000270017	1	many_to_many_DifferentNumber	ENSMUSG00000109028;ENSMUSG00000108836;ENSMUSG00000109021;ENSMUSG00000109294;ENSMUSG00000109532;ENSMUSG00000109161;ENSMUSG00000100664;ENSMUSG00000099853;ENSMUSG00000099558;ENSMUSG00000108669;ENSMUSG00000108800;ENSMUSG00000100005	0	NA	NA	NA	0
ENSG00000273771	1	many_to_many_DifferentNumber	ENSMUSG00000109028;ENSMUSG00000108836;ENSMUSG00000109021;ENSMUSG00000109294;ENSMUSG00000109532;ENSMUSG00000109161;ENSMUSG00000100664;ENSMUSG00000099853;ENSMUSG00000099558;ENSMUSG00000108669;ENSMUSG00000108800;ENSMUSG00000100005	0	NA	NA	NA	0
ENSG00000259702	1	many_to_many_DifferentNumber	ENSMUSG00000109028;ENSMUSG00000108836;ENSMUSG00000109021;ENSMUSG00000109294;ENSMUSG00000109532;ENSMUSG00000109161;ENSMUSG00000100664;ENSMUSG00000099853;ENSMUSG00000099558;ENSMUSG00000108669;ENSMUSG00000108800;ENSMUSG00000100005	0	NA	NA	NA	0
ENSG00000286917	1	many_to_many_DifferentNumber	ENSMUSG00000109028;ENSMUSG00000108836;ENSMUSG00000109021;ENSMUSG00000109294;ENSMUSG00000109532;ENSMUSG00000109161;ENSMUSG00000100664;ENSMUSG00000099853;ENSMUSG00000099558;ENSMUSG00000108669;ENSMUSG00000108800;ENSMUSG00000100005	0	NA	NA	NA	0
ENSG00000287950	1	many_to_many_DifferentNumber	ENSMUSG00000109028;ENSMUSG00000108836;ENSMUSG00000109021;ENSMUSG00000109294;ENSMUSG00000109532;ENSMUSG00000109161;ENSMUSG00000100664;ENSMUSG00000099853;ENSMUSG00000099558;ENSMUSG00000108669;ENSMUSG00000108800;ENSMUSG00000100005	0	NA	NA	NA	1
ENSG00000285866	1	many_to_many_DifferentNumber	ENSMUSG00000109028;ENSMUSG00000108836;ENSMUSG00000109021;ENSMUSG00000109294;ENSMUSG00000109532;ENSMUSG00000109161;ENSMUSG00000100664;ENSMUSG00000099853;ENSMUSG00000099558;ENSMUSG00000108669;ENSMUSG00000108800;ENSMUSG00000100005	1	one_to_one	lincConv	ENSMUSG00000108800	0
ENSG00000289464	1	many_to_many_DifferentNumber	ENSMUSG00000109028;ENSMUSG00000108836;ENSMUSG00000109021;ENSMUSG00000109294;ENSMUSG00000109532;ENSMUSG00000109161;ENSMUSG00000100664;ENSMUSG00000099853;ENSMUSG00000099558;ENSMUSG00000108669;ENSMUSG00000108800;ENSMUSG00000100005	0	NA	NA	NA	0
ENSG00000258433	1	many_to_many_DifferentNumber	ENSMUSG00000109028;ENSMUSG00000108836;ENSMUSG00000109021;ENSMUSG00000109294;ENSMUSG00000109532;ENSMUSG00000109161;ENSMUSG00000100664;ENSMUSG00000099853;ENSMUSG00000099558;ENSMUSG00000108669;ENSMUSG00000108800;ENSMUSG00000100005	0	NA	NA	NA	0
ENSG00000258773	1	many_to_many_DifferentNumber	ENSMUSG00000109028;ENSMUSG00000108836;ENSMUSG00000109021;ENSMUSG00000109294;ENSMUSG00000109532;ENSMUSG00000109161;ENSMUSG00000100664;ENSMUSG00000099853;ENSMUSG00000099558;ENSMUSG00000108669;ENSMUSG00000108800;ENSMUSG00000100005	0	NA	NA	NA	0
ENSG00000248441	1	many_to_many_DifferentNumber	ENSMUSG00000109028;ENSMUSG00000108836;ENSMUSG00000109021;ENSMUSG00000109294;ENSMUSG00000109532;ENSMUSG00000109161;ENSMUSG00000100664;ENSMUSG00000099853;ENSMUSG00000099558;ENSMUSG00000108669;ENSMUSG00000108800;ENSMUSG00000100005	0	NA	NA	NA	0
ENSG00000247809	1	many_to_many_DifferentNumber	ENSMUSG00000109028;ENSMUSG00000108836;ENSMUSG00000109021;ENSMUSG00000109294;ENSMUSG00000109532;ENSMUSG00000109161;ENSMUSG00000100664;ENSMUSG00000099853;ENSMUSG00000099558;ENSMUSG00000108669;ENSMUSG00000108800;ENSMUSG00000100005	0	NA	NA	NA	0
ENSG00000287321	1	many_to_many_DifferentNumber	ENSMUSG00000109407;ENSMUSG00000110028;ENSMUSG00000109153;ENSMUSG00000099387;ENSMUSG00000109361;ENSMUSG00000109364;ENSMUSG00000109097	0	NA	NA	NA	0
ENSG00000287267	1	many_to_many_DifferentNumber	ENSMUSG00000109407;ENSMUSG00000110028;ENSMUSG00000109153;ENSMUSG00000099387;ENSMUSG00000109361;ENSMUSG00000109364;ENSMUSG00000109097	0	NA	NA	NA	0
ENSG00000259485	1	many_to_many_DifferentNumber	ENSMUSG00000109407;ENSMUSG00000110028;ENSMUSG00000109153;ENSMUSG00000099387;ENSMUSG00000109361;ENSMUSG00000109364;ENSMUSG00000109097	0	NA	NA	NA	0
ENSG00000259312	1	many_to_many_DifferentNumber	ENSMUSG00000109407;ENSMUSG00000110028;ENSMUSG00000109153;ENSMUSG00000099387;ENSMUSG00000109361;ENSMUSG00000109364;ENSMUSG00000109097	1	many_to_many_strict	lincSS.dw	ENSMUSG00000109361;ENSMUSG00000109097	0
ENSG00000259870	1	many_to_many_DifferentNumber	ENSMUSG00000109407;ENSMUSG00000110028;ENSMUSG00000109153;ENSMUSG00000099387;ENSMUSG00000109361;ENSMUSG00000109364;ENSMUSG00000109097	1	one_to_one	lincSS.up	ENSMUSG00000109407	0
ENSG00000275322	1	many_to_many_DifferentNumber	ENSMUSG00000109407;ENSMUSG00000110028;ENSMUSG00000109153;ENSMUSG00000099387;ENSMUSG00000109361;ENSMUSG00000109364;ENSMUSG00000109097	1	one_to_one	lncgSS.dw	ENSMUSG00000109364	0
ENSG00000259534	1	many_to_many_DifferentNumber	ENSMUSG00000109407;ENSMUSG00000110028;ENSMUSG00000109153;ENSMUSG00000099387;ENSMUSG00000109361;ENSMUSG00000109364;ENSMUSG00000109097	0	NA	NA	NA	0
ENSG00000259275	1	many_to_many_DifferentNumber	ENSMUSG00000109407;ENSMUSG00000110028;ENSMUSG00000109153;ENSMUSG00000099387;ENSMUSG00000109361;ENSMUSG00000109364;ENSMUSG00000109097	1	many_to_many_strict	lincSS.dw	ENSMUSG00000109361;ENSMUSG00000109097	0
ENSG00000185594	1	many_to_many_DifferentNumber	ENSMUSG00000109407;ENSMUSG00000110028;ENSMUSG00000109153;ENSMUSG00000099387;ENSMUSG00000109361;ENSMUSG00000109364;ENSMUSG00000109097	0	NA	NA	NA	0
ENSG00000259582	1	many_to_many_DifferentNumber	ENSMUSG00000108885;ENSMUSG00000109280;ENSMUSG00000109524	0	NA	NA	NA	0
ENSG00000259542	1	many_to_many_DifferentNumber	ENSMUSG00000108885;ENSMUSG00000109280;ENSMUSG00000109524	0	NA	NA	NA	0
ENSG00000259403	1	many_to_many_DifferentNumber	ENSMUSG00000108885;ENSMUSG00000109280;ENSMUSG00000109524	0	NA	NA	NA	0
ENSG00000287000	1	many_to_many_DifferentNumber	ENSMUSG00000108885;ENSMUSG00000109280;ENSMUSG00000109524	0	NA	NA	NA	0
ENSG00000259664	1	many_to_many_DifferentNumber	ENSMUSG00000108885;ENSMUSG00000109280;ENSMUSG00000109524	0	NA	NA	NA	0
ENSG00000251209	1	many_to_many_DifferentNumber	ENSMUSG00000108885;ENSMUSG00000109280;ENSMUSG00000109524	0	NA	NA	NA	0
ENSG00000291301	1	many_to_many_DifferentNumber	ENSMUSG00000108885;ENSMUSG00000109280;ENSMUSG00000109524	0	NA	NA	NA	0
ENSG00000259282	1	many_to_many_DifferentNumber	ENSMUSG00000108885;ENSMUSG00000109280;ENSMUSG00000109524	0	NA	NA	NA	0
ENSG00000258631	1	many_to_many_sameNumber	ENSMUSG00000108493;ENSMUSG00000100138;ENSMUSG00000100670;ENSMUSG00000108383;ENSMUSG00000101843;ENSMUSG00000097756;ENSMUSG00000108513	0	NA	NA	NA	0
ENSG00000258831	1	many_to_many_sameNumber	ENSMUSG00000108493;ENSMUSG00000100138;ENSMUSG00000100670;ENSMUSG00000108383;ENSMUSG00000101843;ENSMUSG00000097756;ENSMUSG00000108513	0	NA	NA	NA	0
ENSG00000258888	1	many_to_many_sameNumber	ENSMUSG00000108493;ENSMUSG00000100138;ENSMUSG00000100670;ENSMUSG00000108383;ENSMUSG00000101843;ENSMUSG00000097756;ENSMUSG00000108513	0	NA	NA	NA	0
ENSG00000258476	1	many_to_many_sameNumber	ENSMUSG00000108493;ENSMUSG00000100138;ENSMUSG00000100670;ENSMUSG00000108383;ENSMUSG00000101843;ENSMUSG00000097756;ENSMUSG00000108513	0	NA	NA	NA	0
ENSG00000257060	1	many_to_many_sameNumber	ENSMUSG00000108493;ENSMUSG00000100138;ENSMUSG00000100670;ENSMUSG00000108383;ENSMUSG00000101843;ENSMUSG00000097756;ENSMUSG00000108513	0	NA	NA	NA	0
ENSG00000288991	1	many_to_many_sameNumber	ENSMUSG00000108493;ENSMUSG00000100138;ENSMUSG00000100670;ENSMUSG00000108383;ENSMUSG00000101843;ENSMUSG00000097756;ENSMUSG00000108513	1	one_to_one	lncgDivg	ENSMUSG00000097756	0
ENSG00000258785	1	many_to_many_sameNumber	ENSMUSG00000108493;ENSMUSG00000100138;ENSMUSG00000100670;ENSMUSG00000108383;ENSMUSG00000101843;ENSMUSG00000097756;ENSMUSG00000108513	0	NA	NA	NA	0
ENSG00000285663	1	many_to_many_DifferentNumber	ENSMUSG00000108427;ENSMUSG00000108329;ENSMUSG00000108345;ENSMUSG00000108530;ENSMUSG00000108778;ENSMUSG00000120558	1	one_to_one	lincSS.up	ENSMUSG00000108530	0
ENSG00000259724	1	many_to_many_DifferentNumber	ENSMUSG00000108427;ENSMUSG00000108329;ENSMUSG00000108345;ENSMUSG00000108530;ENSMUSG00000108778;ENSMUSG00000120558	0	NA	NA	NA	0
ENSG00000258754	1	many_to_many_DifferentNumber	ENSMUSG00000108427;ENSMUSG00000108329;ENSMUSG00000108345;ENSMUSG00000108530;ENSMUSG00000108778;ENSMUSG00000120558	0	NA	NA	NA	0
ENSG00000259123	1	many_to_many_DifferentNumber	ENSMUSG00000108427;ENSMUSG00000108329;ENSMUSG00000108345;ENSMUSG00000108530;ENSMUSG00000108778;ENSMUSG00000120558	0	NA	NA	NA	0
ENSG00000258909	1	many_to_many_DifferentNumber	ENSMUSG00000108427;ENSMUSG00000108329;ENSMUSG00000108345;ENSMUSG00000108530;ENSMUSG00000108778;ENSMUSG00000120558	0	NA	NA	NA	0
ENSG00000249487	1	one_to_one	ENSMUSG00000108385	0	NA	NA	NA	1
ENSG00000260608	1	many_to_one	ENSMUSG00000109485	0	NA	NA	NA	1
ENSG00000288850	1	many_to_one	ENSMUSG00000109485	1	one_to_one	lncgDivg	ENSMUSG00000109485	1
ENSG00000260661	1	many_to_one	ENSMUSG00000102384	0	NA	NA	NA	1
ENSG00000258761	1	many_to_one	ENSMUSG00000102384	0	NA	NA	NA	1
ENSG00000274294	1	one_to_one	ENSMUSG00000109329	0	NA	NA	NA	0
ENSG00000259201	1	many_to_one	ENSMUSG00000121476	0	NA	NA	NA	0
ENSG00000259185	1	many_to_one	ENSMUSG00000121476	0	NA	NA	NA	1
ENSG00000261407	1	one_to_one	ENSMUSG00000108387	1	one_to_one	lncgDivg	ENSMUSG00000108387	0
ENSG00000259681	1	one_to_one	ENSMUSG00000087017	0	NA	NA	NA	1
ENSG00000275709	1	one_to_one	ENSMUSG00000085633	1	one_to_one	lncgDivg	ENSMUSG00000085633	1
ENSG00000285667	1	one_to_one	ENSMUSG00000109008	0	NA	NA	NA	0
ENSG00000259701	1	one_to_one	ENSMUSG00000074343	0	NA	NA	NA	0
ENSG00000250379	1	one_to_one	ENSMUSG00000087458	1	one_to_one	lncgConv	ENSMUSG00000087458	0
ENSG00000260624	1	one_to_many	ENSMUSG00000100487;ENSMUSG00000097651	1	one_to_one	lncgDivg	ENSMUSG00000100487	1
ENSG00000259172	1	many_to_one	ENSMUSG00000093405	1	many_to_one	lncgDivg	ENSMUSG00000093405	0
ENSG00000259764	1	many_to_one	ENSMUSG00000093405	1	many_to_one	lncgDivg	ENSMUSG00000093405	1
ENSG00000274139	1	many_to_one	ENSMUSG00000100094	0	NA	NA	NA	0
ENSG00000277210	1	many_to_one	ENSMUSG00000100094	0	NA	NA	NA	0
ENSG00000282793	1	many_to_one	ENSMUSG00000100094	0	NA	NA	NA	0
ENSG00000286733	1	many_to_one	ENSMUSG00000100094	0	NA	NA	NA	0
ENSG00000289271	1	many_to_one	ENSMUSG00000100094	0	NA	NA	NA	0
ENSG00000260937	1	one_to_one	ENSMUSG00000120840	0	NA	NA	NA	1
ENSG00000279145	1	one_to_one	ENSMUSG00000098875	0	NA	NA	NA	1
ENSG00000259234	1	one_to_many	ENSMUSG00000098727;ENSMUSG00000098627	0	NA	NA	NA	1
ENSG00000259676	1	one_to_one	ENSMUSG00000097441	1	one_to_one	lncgDivg	ENSMUSG00000097441	1
ENSG00000259363	1	many_to_many_sameNumber	ENSMUSG00000097527;ENSMUSG00000121207	0	NA	NA	NA	0
ENSG00000254744	1	many_to_many_sameNumber	ENSMUSG00000097527;ENSMUSG00000121207	0	NA	NA	NA	0
ENSG00000287061	1	one_to_one	ENSMUSG00000108436	0	NA	NA	NA	1
ENSG00000260898	1	many_to_one	ENSMUSG00000110789	0	NA	NA	NA	1
ENSG00000285729	1	many_to_one	ENSMUSG00000110789	1	one_to_one	lincDivg	ENSMUSG00000110789	1
ENSG00000286488	1	many_to_one	ENSMUSG00000087088	0	NA	NA	NA	1
ENSG00000259343	1	many_to_one	ENSMUSG00000087088	1	one_to_one	lncgConv	ENSMUSG00000087088	1
ENSG00000259488	1	many_to_one	ENSMUSG00000086416	0	NA	NA	NA	1
ENSG00000259235	1	many_to_one	ENSMUSG00000086416	0	NA	NA	NA	1
ENSG00000259385	1	many_to_one	ENSMUSG00000086416	0	NA	NA	NA	1
ENSG00000286947	1	many_to_one	ENSMUSG00000053615	1	many_to_one	lncgDivg	ENSMUSG00000053615	1
ENSG00000259705	1	many_to_one	ENSMUSG00000053615	1	many_to_one	lncgDivg	ENSMUSG00000053615	0
ENSG00000275417	1	one_to_one	ENSMUSG00000098778	0	NA	NA	NA	1
ENSG00000259685	1	one_to_one	ENSMUSG00000108757	0	NA	NA	NA	1
ENSG00000259177	1	one_to_one	ENSMUSG00000084821	1	one_to_one	lncgDivg	ENSMUSG00000108321	0
ENSG00000259471	1	one_to_one	ENSMUSG00000093616	0	NA	NA	NA	0
ENSG00000260586	1	one_to_one	ENSMUSG00000084847	0	NA	NA	NA	1
ENSG00000225362	1	many_to_one	ENSMUSG00000084913	1	many_to_one	lncgDivg	ENSMUSG00000111296	1
ENSG00000278408	1	many_to_one	ENSMUSG00000084913	1	many_to_one	lncgDivg	ENSMUSG00000111296	1
ENSG00000259964	1	many_to_one	ENSMUSG00000084913	1	many_to_one	lncgDivg	ENSMUSG00000111296	1
ENSG00000260037	1	one_to_one	ENSMUSG00000110803	1	one_to_one	lncgConv	ENSMUSG00000110803	1
ENSG00000259514	1	one_to_one	ENSMUSG00000090270	1	one_to_one	lncgDivg	ENSMUSG00000090270	1
ENSG00000259458	1	many_to_many_sameNumber	ENSMUSG00000111825;ENSMUSG00000111556;ENSMUSG00000121089	1	many_to_one	lncgDivg	ENSMUSG00000111412	0
ENSG00000259756	1	many_to_many_sameNumber	ENSMUSG00000111825;ENSMUSG00000111556;ENSMUSG00000121089	1	many_to_one	lncgDivg	ENSMUSG00000111412	0
ENSG00000259370	1	many_to_many_sameNumber	ENSMUSG00000111825;ENSMUSG00000111556;ENSMUSG00000121089	1	one_to_one	lncgConv	ENSMUSG00000111556	1
ENSG00000259498	1	many_to_one	ENSMUSG00000119960	1	many_to_one	lncgDivg	ENSMUSG00000121089	0
ENSG00000259627	1	many_to_one	ENSMUSG00000119960	1	many_to_one	lncgDivg	ENSMUSG00000121089	1
ENSG00000259518	1	many_to_many_sameNumber	ENSMUSG00000086690;ENSMUSG00000109383	0	NA	NA	NA	0
ENSG00000287872	1	many_to_many_sameNumber	ENSMUSG00000086690;ENSMUSG00000109383	0	NA	NA	NA	0
ENSG00000259238	1	one_to_one	ENSMUSG00000101555	1	one_to_one	lncgDivg	ENSMUSG00000101555	1
ENSG00000286495	1	many_to_many_sameNumber	ENSMUSG00000120296;ENSMUSG00000097623	0	NA	NA	NA	1
ENSG00000289162	1	many_to_many_sameNumber	ENSMUSG00000120296;ENSMUSG00000097623	1	one_to_one	lncgDivg	ENSMUSG00000097623	1
ENSG00000259536	1	one_to_one	ENSMUSG00000084802	0	NA	NA	NA	1
ENSG00000245849	1	one_to_one	ENSMUSG00000121216	1	one_to_one	lncgDivg	ENSMUSG00000121216	1
ENSG00000274215	1	many_to_many_DifferentNumber	ENSMUSG00000108497;ENSMUSG00000108550;ENSMUSG00000108473;ENSMUSG00000101970	0	NA	NA	NA	0
ENSG00000272888	1	many_to_many_DifferentNumber	ENSMUSG00000108497;ENSMUSG00000108550;ENSMUSG00000108473;ENSMUSG00000101970	1	one_to_one	lncgSS.up	ENSMUSG00000101970	0
ENSG00000275965	1	many_to_many_DifferentNumber	ENSMUSG00000108497;ENSMUSG00000108550;ENSMUSG00000108473;ENSMUSG00000101970	0	NA	NA	NA	0
ENSG00000260361	1	many_to_many_DifferentNumber	ENSMUSG00000108563;ENSMUSG00000108311;ENSMUSG00000120135;ENSMUSG00000108724	0	NA	NA	NA	0
ENSG00000258922	1	many_to_many_DifferentNumber	ENSMUSG00000108563;ENSMUSG00000108311;ENSMUSG00000120135;ENSMUSG00000108724	0	NA	NA	NA	0
ENSG00000289200	1	many_to_many_DifferentNumber	ENSMUSG00000108563;ENSMUSG00000108311;ENSMUSG00000120135;ENSMUSG00000108724	0	NA	NA	NA	0
ENSG00000288872	1	many_to_many_DifferentNumber	ENSMUSG00000108563;ENSMUSG00000108311;ENSMUSG00000120135;ENSMUSG00000108724	1	one_to_one	lncgDivg	ENSMUSG00000108563	0
ENSG00000272298	1	many_to_many_DifferentNumber	ENSMUSG00000108563;ENSMUSG00000108311;ENSMUSG00000120135;ENSMUSG00000108724	0	NA	NA	NA	0
ENSG00000289277	1	one_to_one	ENSMUSG00000086913	1	many_to_one	lncgDivg	ENSMUSG00000086913	0
ENSG00000250007	1	one_to_many	ENSMUSG00000092201;ENSMUSG00000087694	0	NA	NA	NA	0
ENSG00000289948	1	one_to_many	ENSMUSG00000111631;ENSMUSG00000119965	1	one_to_one	lncgDivg	ENSMUSG00000111429	0
ENSG00000286877	1	many_to_one	ENSMUSG00000087519	0	NA	NA	NA	1
ENSG00000246283	1	many_to_one	ENSMUSG00000087519	0	NA	NA	NA	1
ENSG00000260274	1	one_to_one	ENSMUSG00000086728	0	NA	NA	NA	1
ENSG00000291163	1	one_to_one	ENSMUSG00000087178	1	one_to_one	lncgDivg	ENSMUSG00000085927	0
ENSG00000260305	1	one_to_many	ENSMUSG00000108788;ENSMUSG00000052629	1	one_to_many	lncgDivg	ENSMUSG00000052629;ENSMUSG00000108788	1
ENSG00000287855	1	one_to_one	ENSMUSG00000117791	0	NA	NA	NA	0
ENSG00000275438	1	one_to_one	ENSMUSG00000118136	0	NA	NA	NA	0
ENSG00000262482	1	one_to_one	ENSMUSG00000097006	0	NA	NA	NA	1
ENSG00000261319	1	many_to_many_DifferentNumber	ENSMUSG00000101481;ENSMUSG00000116450	0	NA	NA	NA	1
ENSG00000260058	1	many_to_many_DifferentNumber	ENSMUSG00000101481;ENSMUSG00000116450	0	NA	NA	NA	1
ENSG00000259819	1	many_to_many_DifferentNumber	ENSMUSG00000101481;ENSMUSG00000116450	0	NA	NA	NA	1
ENSG00000257180	1	many_to_many_DifferentNumber	ENSMUSG00000101481;ENSMUSG00000116450	1	many_to_one	lncgSS.dw	ENSMUSG00000101481	1
ENSG00000286635	1	many_to_many_DifferentNumber	ENSMUSG00000101481;ENSMUSG00000116450	1	many_to_one	lncgSS.dw	ENSMUSG00000101481	1
ENSG00000260835	1	many_to_many_DifferentNumber	ENSMUSG00000101481;ENSMUSG00000116450	1	many_to_one	lncgSS.dw	ENSMUSG00000101481	1
ENSG00000289107	1	many_to_many_DifferentNumber	ENSMUSG00000101481;ENSMUSG00000116450	1	many_to_one	lncgSS.dw	ENSMUSG00000101481	1
ENSG00000260723	1	many_to_one	ENSMUSG00000115936	0	NA	NA	NA	1
ENSG00000260601	1	many_to_one	ENSMUSG00000115936	0	NA	NA	NA	1
ENSG00000274834	1	many_to_one	ENSMUSG00000115936	0	NA	NA	NA	1
ENSG00000261394	1	many_to_one	ENSMUSG00000085732	1	many_to_one	lncgDivg	ENSMUSG00000085732	1
ENSG00000259876	1	many_to_one	ENSMUSG00000085732	1	many_to_one	lncgDivg	ENSMUSG00000085732	1
ENSG00000259899	1	many_to_one	ENSMUSG00000085732	0	NA	NA	NA	1
ENSG00000260488	1	many_to_one	ENSMUSG00000085732	1	many_to_one	lncgDivg	ENSMUSG00000085732	0
ENSG00000175604	1	many_to_one	ENSMUSG00000085732	1	many_to_one	lncgDivg	ENSMUSG00000085732	0
ENSG00000261293	1	many_to_one	ENSMUSG00000085732	1	many_to_one	lncgDivg	ENSMUSG00000085732	0
ENSG00000260316	1	many_to_one	ENSMUSG00000091475	0	NA	NA	NA	0
ENSG00000276931	1	many_to_one	ENSMUSG00000091475	0	NA	NA	NA	0
ENSG00000260807	1	many_to_one	ENSMUSG00000091475	0	NA	NA	NA	0
ENSG00000261442	1	one_to_one	ENSMUSG00000097397	0	NA	NA	NA	0
ENSG00000263105	1	one_to_one	ENSMUSG00000120462	0	NA	NA	NA	1
ENSG00000261090	1	one_to_one	ENSMUSG00000108409	1	one_to_one	lincConv	ENSMUSG00000108409	0
ENSG00000260566	1	one_to_one	ENSMUSG00000108811	0	NA	NA	NA	0
ENSG00000260071	1	many_to_many_sameNumber	ENSMUSG00000116525;ENSMUSG00000116426;ENSMUSG00000116469;ENSMUSG00000116123	0	NA	NA	NA	1
ENSG00000261617	1	many_to_many_sameNumber	ENSMUSG00000116525;ENSMUSG00000116426;ENSMUSG00000116469;ENSMUSG00000116123	0	NA	NA	NA	1
ENSG00000263244	1	many_to_many_sameNumber	ENSMUSG00000116525;ENSMUSG00000116426;ENSMUSG00000116469;ENSMUSG00000116123	0	NA	NA	NA	1
ENSG00000283003	1	many_to_many_sameNumber	ENSMUSG00000116525;ENSMUSG00000116426;ENSMUSG00000116469;ENSMUSG00000116123	0	NA	NA	NA	1
ENSG00000262801	1	one_to_many	ENSMUSG00000116197;ENSMUSG00000115968;ENSMUSG00000101565	0	NA	NA	NA	0
ENSG00000262116	1	many_to_one	ENSMUSG00000116520	0	NA	NA	NA	0
ENSG00000262267	1	many_to_one	ENSMUSG00000116520	0	NA	NA	NA	0
ENSG00000262011	1	many_to_one	ENSMUSG00000116520	0	NA	NA	NA	0
ENSG00000261158	1	many_to_one	ENSMUSG00000055015	1	many_to_one	lncgDivg	ENSMUSG00000055015	1
ENSG00000260378	1	many_to_one	ENSMUSG00000055015	1	many_to_one	lncgDivg	ENSMUSG00000055015	1
ENSG00000261636	1	one_to_many	ENSMUSG00000098160;ENSMUSG00000098129	0	NA	NA	NA	0
ENSG00000259821	1	many_to_one	ENSMUSG00000109731	0	NA	NA	NA	0
ENSG00000261173	1	many_to_one	ENSMUSG00000109731	0	NA	NA	NA	0
ENSG00000260605	1	many_to_one	ENSMUSG00000120587	1	many_to_one	lincSS.dw	ENSMUSG00000120587	0
ENSG00000260620	1	many_to_one	ENSMUSG00000120587	1	many_to_one	lincSS.dw	ENSMUSG00000120587	0
ENSG00000260616	1	many_to_one	ENSMUSG00000120587	0	NA	NA	NA	0
ENSG00000260042	1	many_to_one	ENSMUSG00000120587	0	NA	NA	NA	0
ENSG00000287718	1	many_to_one	ENSMUSG00000120587	1	many_to_one	lincSS.dw	ENSMUSG00000120587	0
ENSG00000261267	1	many_to_many_sameNumber	ENSMUSG00000098854;ENSMUSG00000098684;ENSMUSG00000098257;ENSMUSG00000098434;ENSMUSG00000098534;ENSMUSG00000098360;ENSMUSG00000098295;ENSMUSG00000097248	1	many_to_one	lncgDivg	ENSMUSG00000098434	1
ENSG00000261421	1	many_to_many_sameNumber	ENSMUSG00000098854;ENSMUSG00000098684;ENSMUSG00000098257;ENSMUSG00000098434;ENSMUSG00000098534;ENSMUSG00000098360;ENSMUSG00000098295;ENSMUSG00000097248	0	NA	NA	NA	1
ENSG00000261815	1	many_to_many_sameNumber	ENSMUSG00000098854;ENSMUSG00000098684;ENSMUSG00000098257;ENSMUSG00000098434;ENSMUSG00000098534;ENSMUSG00000098360;ENSMUSG00000098295;ENSMUSG00000097248	0	NA	NA	NA	1
ENSG00000259912	1	many_to_many_sameNumber	ENSMUSG00000098854;ENSMUSG00000098684;ENSMUSG00000098257;ENSMUSG00000098434;ENSMUSG00000098534;ENSMUSG00000098360;ENSMUSG00000098295;ENSMUSG00000097248	1	many_to_one	lncgDivg	ENSMUSG00000098434	1
ENSG00000272545	1	many_to_many_sameNumber	ENSMUSG00000098854;ENSMUSG00000098684;ENSMUSG00000098257;ENSMUSG00000098434;ENSMUSG00000098534;ENSMUSG00000098360;ENSMUSG00000098295;ENSMUSG00000097248	1	many_to_one	lincDivg	ENSMUSG00000098534	1
ENSG00000260052	1	many_to_many_sameNumber	ENSMUSG00000098854;ENSMUSG00000098684;ENSMUSG00000098257;ENSMUSG00000098434;ENSMUSG00000098534;ENSMUSG00000098360;ENSMUSG00000098295;ENSMUSG00000097248	1	many_to_one	lincDivg	ENSMUSG00000098534	1
ENSG00000289119	1	many_to_many_sameNumber	ENSMUSG00000098854;ENSMUSG00000098684;ENSMUSG00000098257;ENSMUSG00000098434;ENSMUSG00000098534;ENSMUSG00000098360;ENSMUSG00000098295;ENSMUSG00000097248	1	many_to_one	lncgDivg	ENSMUSG00000098434	1
ENSG00000260086	1	many_to_many_sameNumber	ENSMUSG00000098854;ENSMUSG00000098684;ENSMUSG00000098257;ENSMUSG00000098434;ENSMUSG00000098534;ENSMUSG00000098360;ENSMUSG00000098295;ENSMUSG00000097248	1	many_to_one	lncgDivg	ENSMUSG00000098434	1
ENSG00000287469	1	one_to_many	ENSMUSG00000099207;ENSMUSG00000098768;ENSMUSG00000098391;ENSMUSG00000099162	0	NA	NA	NA	1
ENSG00000261231	1	many_to_one	ENSMUSG00000098439	0	NA	NA	NA	1
ENSG00000260450	1	many_to_one	ENSMUSG00000098439	0	NA	NA	NA	1
ENSG00000262038	1	many_to_one	ENSMUSG00000098439	1	one_to_one	lncgSS.dw	ENSMUSG00000098439	0
ENSG00000261049	1	many_to_many_sameNumber	ENSMUSG00000110138;ENSMUSG00000110216;ENSMUSG00000110304;ENSMUSG00000090778	1	many_to_many	lncgDivg	ENSMUSG00000110138;ENSMUSG00000090778	1
ENSG00000259517	1	many_to_many_sameNumber	ENSMUSG00000110138;ENSMUSG00000110216;ENSMUSG00000110304;ENSMUSG00000090778	0	NA	NA	NA	1
ENSG00000261630	1	many_to_many_sameNumber	ENSMUSG00000110138;ENSMUSG00000110216;ENSMUSG00000110304;ENSMUSG00000090778	1	many_to_many	lncgDivg	ENSMUSG00000110138;ENSMUSG00000090778	1
ENSG00000260194	1	many_to_many_sameNumber	ENSMUSG00000110138;ENSMUSG00000110216;ENSMUSG00000110304;ENSMUSG00000090778	1	many_to_many	lncgDivg	ENSMUSG00000110138;ENSMUSG00000090778	1
ENSG00000286357	1	many_to_many_DifferentNumber	ENSMUSG00000099664;ENSMUSG00000110274;ENSMUSG00000101613;ENSMUSG00000110198;ENSMUSG00000110134;ENSMUSG00000046413	0	NA	NA	NA	0
ENSG00000283689	1	many_to_many_DifferentNumber	ENSMUSG00000099664;ENSMUSG00000110274;ENSMUSG00000101613;ENSMUSG00000110198;ENSMUSG00000110134;ENSMUSG00000046413	1	many_to_one	lncgDivg	ENSMUSG00000046413	0
ENSG00000287885	1	many_to_many_DifferentNumber	ENSMUSG00000099664;ENSMUSG00000110274;ENSMUSG00000101613;ENSMUSG00000110198;ENSMUSG00000110134;ENSMUSG00000046413	1	one_to_one	lincDivg	ENSMUSG00000099664	0
ENSG00000277559	1	many_to_many_DifferentNumber	ENSMUSG00000099664;ENSMUSG00000110274;ENSMUSG00000101613;ENSMUSG00000110198;ENSMUSG00000110134;ENSMUSG00000046413	1	many_to_one	lncgDivg	ENSMUSG00000046413	0
ENSG00000283304	1	many_to_many_DifferentNumber	ENSMUSG00000099812;ENSMUSG00000109696;ENSMUSG00000110380;ENSMUSG00000095651;ENSMUSG00000031736	0	NA	NA	NA	0
ENSG00000261803	1	many_to_many_DifferentNumber	ENSMUSG00000099812;ENSMUSG00000109696;ENSMUSG00000110380;ENSMUSG00000095651;ENSMUSG00000031736	0	NA	NA	NA	0
ENSG00000286845	1	many_to_many_DifferentNumber	ENSMUSG00000099812;ENSMUSG00000109696;ENSMUSG00000110380;ENSMUSG00000095651;ENSMUSG00000031736	0	NA	NA	NA	0
ENSG00000283258	1	many_to_many_DifferentNumber	ENSMUSG00000099812;ENSMUSG00000109696;ENSMUSG00000110380;ENSMUSG00000095651;ENSMUSG00000031736	0	NA	NA	NA	0
ENSG00000289307	1	many_to_many_DifferentNumber	ENSMUSG00000099812;ENSMUSG00000109696;ENSMUSG00000110380;ENSMUSG00000095651;ENSMUSG00000031736	1	many_to_one	lncgDivg	ENSMUSG00000031736	0
ENSG00000245694	1	many_to_many_DifferentNumber	ENSMUSG00000099812;ENSMUSG00000109696;ENSMUSG00000110380;ENSMUSG00000095651;ENSMUSG00000031736	1	many_to_one	lncgDivg	ENSMUSG00000031736	0
ENSG00000249231	1	many_to_many_DifferentNumber	ENSMUSG00000109672;ENSMUSG00000109870;ENSMUSG00000110212	0	NA	NA	NA	0
ENSG00000260393	1	many_to_many_DifferentNumber	ENSMUSG00000109672;ENSMUSG00000109870;ENSMUSG00000110212	0	NA	NA	NA	0
ENSG00000260744	1	many_to_one	ENSMUSG00000109754	1	many_to_one	lncgDivg	ENSMUSG00000109754	1
ENSG00000261369	1	many_to_one	ENSMUSG00000109754	1	many_to_one	lncgDivg	ENSMUSG00000109754	1
ENSG00000261014	1	many_to_one	ENSMUSG00000052479	0	NA	NA	NA	0
ENSG00000231589	1	many_to_one	ENSMUSG00000052479	0	NA	NA	NA	0
ENSG00000261743	1	many_to_one	ENSMUSG00000052479	0	NA	NA	NA	0
ENSG00000259846	1	many_to_one	ENSMUSG00000052479	0	NA	NA	NA	0
ENSG00000261653	1	many_to_one	ENSMUSG00000052479	0	NA	NA	NA	0
ENSG00000260115	1	many_to_one	ENSMUSG00000052479	1	one_to_one	lncgDivg	ENSMUSG00000052479	0
ENSG00000260715	1	many_to_one	ENSMUSG00000052479	0	NA	NA	NA	0
ENSG00000260600	1	many_to_many_DifferentNumber	ENSMUSG00000090116;ENSMUSG00000109769	1	one_to_one	lncgSS.up	ENSMUSG00000090116	0
ENSG00000261028	1	many_to_many_DifferentNumber	ENSMUSG00000090116;ENSMUSG00000109769	0	NA	NA	NA	0
ENSG00000261502	1	many_to_many_DifferentNumber	ENSMUSG00000090116;ENSMUSG00000109769	0	NA	NA	NA	0
ENSG00000269986	1	many_to_many_DifferentNumber	ENSMUSG00000090116;ENSMUSG00000109769	0	NA	NA	NA	0
ENSG00000260658	1	many_to_many_DifferentNumber	ENSMUSG00000090116;ENSMUSG00000109769	0	NA	NA	NA	0
ENSG00000260364	1	many_to_many_DifferentNumber	ENSMUSG00000109701;ENSMUSG00000110336	0	NA	NA	NA	0
ENSG00000261818	1	many_to_many_DifferentNumber	ENSMUSG00000109701;ENSMUSG00000110336	0	NA	NA	NA	0
ENSG00000286928	1	many_to_many_DifferentNumber	ENSMUSG00000109701;ENSMUSG00000110336	0	NA	NA	NA	0
ENSG00000261742	1	many_to_many_sameNumber	ENSMUSG00000109848;ENSMUSG00000110340;ENSMUSG00000109699;ENSMUSG00000110053;ENSMUSG00000120064	0	NA	NA	NA	0
ENSG00000260004	1	many_to_many_sameNumber	ENSMUSG00000109848;ENSMUSG00000110340;ENSMUSG00000109699;ENSMUSG00000110053;ENSMUSG00000120064	0	NA	NA	NA	0
ENSG00000260695	1	many_to_many_sameNumber	ENSMUSG00000109848;ENSMUSG00000110340;ENSMUSG00000109699;ENSMUSG00000110053;ENSMUSG00000120064	0	NA	NA	NA	0
ENSG00000259847	1	many_to_many_sameNumber	ENSMUSG00000109848;ENSMUSG00000110340;ENSMUSG00000109699;ENSMUSG00000110053;ENSMUSG00000120064	0	NA	NA	NA	0
ENSG00000260834	1	many_to_many_sameNumber	ENSMUSG00000109848;ENSMUSG00000110340;ENSMUSG00000109699;ENSMUSG00000110053;ENSMUSG00000120064	0	NA	NA	NA	0
ENSG00000274508	1	many_to_one	ENSMUSG00000109669	0	NA	NA	NA	1
ENSG00000260135	1	many_to_one	ENSMUSG00000109669	0	NA	NA	NA	1
ENSG00000261807	1	many_to_many_DifferentNumber	ENSMUSG00000110634;ENSMUSG00000110623;ENSMUSG00000110717;ENSMUSG00000110552;ENSMUSG00000109615;ENSMUSG00000089819	0	NA	NA	NA	0
ENSG00000261436	1	many_to_many_DifferentNumber	ENSMUSG00000110634;ENSMUSG00000110623;ENSMUSG00000110717;ENSMUSG00000110552;ENSMUSG00000109615;ENSMUSG00000089819	0	NA	NA	NA	0
ENSG00000245768	1	many_to_many_DifferentNumber	ENSMUSG00000110634;ENSMUSG00000110623;ENSMUSG00000110717;ENSMUSG00000110552;ENSMUSG00000109615;ENSMUSG00000089819	0	NA	NA	NA	0
ENSG00000286653	1	many_to_many_DifferentNumber	ENSMUSG00000110633;ENSMUSG00000110567	0	NA	NA	NA	0
ENSG00000261638	1	many_to_many_DifferentNumber	ENSMUSG00000110633;ENSMUSG00000110567	0	NA	NA	NA	0
ENSG00000261310	1	many_to_many_DifferentNumber	ENSMUSG00000110633;ENSMUSG00000110567	0	NA	NA	NA	0
ENSG00000259711	1	one_to_one	ENSMUSG00000110290	0	NA	NA	NA	1
ENSG00000261404	1	many_to_one	ENSMUSG00000110625	0	NA	NA	NA	0
ENSG00000272330	1	many_to_one	ENSMUSG00000110625	0	NA	NA	NA	0
ENSG00000275236	1	many_to_one	ENSMUSG00000110625	0	NA	NA	NA	0
ENSG00000261376	1	many_to_many_DifferentNumber	ENSMUSG00000086717;ENSMUSG00000110709;ENSMUSG00000120146	0	NA	NA	NA	1
ENSG00000260706	1	many_to_many_DifferentNumber	ENSMUSG00000086717;ENSMUSG00000110709;ENSMUSG00000120146	0	NA	NA	NA	1
ENSG00000277214	1	many_to_many_DifferentNumber	ENSMUSG00000086717;ENSMUSG00000110709;ENSMUSG00000120146	1	one_to_one	lncgDivg	ENSMUSG00000086717	1
ENSG00000278058	1	many_to_many_DifferentNumber	ENSMUSG00000086717;ENSMUSG00000110709;ENSMUSG00000120146	0	NA	NA	NA	1
ENSG00000260876	1	many_to_many_DifferentNumber	ENSMUSG00000086717;ENSMUSG00000110709;ENSMUSG00000120146	0	NA	NA	NA	1
ENSG00000260237	1	many_to_many_DifferentNumber	ENSMUSG00000086717;ENSMUSG00000110709;ENSMUSG00000120146	0	NA	NA	NA	1
ENSG00000275040	1	many_to_many_DifferentNumber	ENSMUSG00000086717;ENSMUSG00000110709;ENSMUSG00000120146	0	NA	NA	NA	1
ENSG00000259867	1	many_to_many_DifferentNumber	ENSMUSG00000110620;ENSMUSG00000110476	0	NA	NA	NA	1
ENSG00000261082	1	many_to_many_DifferentNumber	ENSMUSG00000110620;ENSMUSG00000110476	0	NA	NA	NA	1
ENSG00000261390	1	many_to_many_DifferentNumber	ENSMUSG00000110620;ENSMUSG00000110476	0	NA	NA	NA	1
ENSG00000261063	1	one_to_one	ENSMUSG00000110582	0	NA	NA	NA	1
ENSG00000260858	1	one_to_one	ENSMUSG00000110453	0	NA	NA	NA	0
ENSG00000278716	1	many_to_many_DifferentNumber	ENSMUSG00000097983;ENSMUSG00000121010	1	many_to_many	lncgSS.dw	ENSMUSG00000121010;ENSMUSG00000097983	0
ENSG00000260417	1	many_to_many_DifferentNumber	ENSMUSG00000097983;ENSMUSG00000121010	1	many_to_many	lncgSS.dw	ENSMUSG00000121010;ENSMUSG00000097983	0
ENSG00000287787	1	many_to_many_DifferentNumber	ENSMUSG00000097983;ENSMUSG00000121010	1	many_to_many	lncgSS.dw	ENSMUSG00000121010;ENSMUSG00000097983	0
ENSG00000179219	1	many_to_many_DifferentNumber	ENSMUSG00000097983;ENSMUSG00000121010	1	many_to_many	lncgSS.dw	ENSMUSG00000121010;ENSMUSG00000097983	0
ENSG00000287946	1	many_to_one	ENSMUSG00000121159	1	many_to_many_strict	lncgDivg	ENSMUSG00000121159;ENSMUSG00000097960	0
ENSG00000270124	1	many_to_one	ENSMUSG00000121159	1	many_to_many_strict	lncgDivg	ENSMUSG00000121159;ENSMUSG00000097960	0
ENSG00000279206	1	many_to_many_DifferentNumber	ENSMUSG00000093697;ENSMUSG00000120008;ENSMUSG00000120938;ENSMUSG00000109868;ENSMUSG00000110613	0	NA	NA	NA	1
ENSG00000260664	1	many_to_many_DifferentNumber	ENSMUSG00000093697;ENSMUSG00000120008;ENSMUSG00000120938;ENSMUSG00000109868;ENSMUSG00000110613	0	NA	NA	NA	1
ENSG00000259768	1	many_to_many_DifferentNumber	ENSMUSG00000093697;ENSMUSG00000120008;ENSMUSG00000120938;ENSMUSG00000109868;ENSMUSG00000110613	0	NA	NA	NA	1
ENSG00000261673	1	many_to_one	ENSMUSG00000097393	0	NA	NA	NA	1
ENSG00000261008	1	many_to_one	ENSMUSG00000097393	0	NA	NA	NA	1
ENSG00000269826	1	many_to_many_DifferentNumber	ENSMUSG00000097087;ENSMUSG00000101886	0	NA	NA	NA	0
ENSG00000268532	1	many_to_many_DifferentNumber	ENSMUSG00000097087;ENSMUSG00000101886	0	NA	NA	NA	0
ENSG00000285163	1	many_to_many_DifferentNumber	ENSMUSG00000097087;ENSMUSG00000101886	0	NA	NA	NA	0
ENSG00000269667	1	many_to_many_DifferentNumber	ENSMUSG00000097087;ENSMUSG00000101886	0	NA	NA	NA	0
ENSG00000269186	1	many_to_many_DifferentNumber	ENSMUSG00000097087;ENSMUSG00000101886	0	NA	NA	NA	0
ENSG00000268754	1	many_to_one	ENSMUSG00000097336	0	NA	NA	NA	0
ENSG00000168367	1	many_to_one	ENSMUSG00000097336	0	NA	NA	NA	0
ENSG00000268388	1	many_to_one	ENSMUSG00000097336	1	one_to_one	lncgDivg	ENSMUSG00000097336	0
ENSG00000268804	1	many_to_one	ENSMUSG00000097336	0	NA	NA	NA	0
ENSG00000285040	1	many_to_one	ENSMUSG00000097336	0	NA	NA	NA	0
ENSG00000285012	1	many_to_one	ENSMUSG00000097336	0	NA	NA	NA	0
ENSG00000261177	1	many_to_one	ENSMUSG00000097336	0	NA	NA	NA	0
ENSG00000268078	1	many_to_one	ENSMUSG00000097336	0	NA	NA	NA	0
ENSG00000268505	1	many_to_one	ENSMUSG00000097336	0	NA	NA	NA	0
ENSG00000260750	1	many_to_one	ENSMUSG00000098221	0	NA	NA	NA	0
ENSG00000288568	1	many_to_one	ENSMUSG00000098221	1	one_to_one	lncgDivg	ENSMUSG00000098221	0
ENSG00000269935	1	many_to_one	ENSMUSG00000110673	0	NA	NA	NA	0
ENSG00000276337	1	many_to_one	ENSMUSG00000110673	0	NA	NA	NA	0
ENSG00000260466	1	one_to_one	ENSMUSG00000074052	0	NA	NA	NA	1
ENSG00000287010	1	many_to_many_DifferentNumber	ENSMUSG00000097783;ENSMUSG00000097438	0	NA	NA	NA	0
ENSG00000261161	1	many_to_many_DifferentNumber	ENSMUSG00000097783;ENSMUSG00000097438	0	NA	NA	NA	0
ENSG00000261363	1	many_to_many_DifferentNumber	ENSMUSG00000097783;ENSMUSG00000097438	1	many_to_one	lincConv	ENSMUSG00000097438	0
ENSG00000261175	1	many_to_many_DifferentNumber	ENSMUSG00000097783;ENSMUSG00000097438	0	NA	NA	NA	0
ENSG00000232190	1	many_to_many_DifferentNumber	ENSMUSG00000097783;ENSMUSG00000097438	1	many_to_one	lincConv	ENSMUSG00000097438	0
ENSG00000287161	1	many_to_many_DifferentNumber	ENSMUSG00000097783;ENSMUSG00000097438	0	NA	NA	NA	0
ENSG00000274478	1	many_to_many_DifferentNumber	ENSMUSG00000097783;ENSMUSG00000097438	0	NA	NA	NA	0
ENSG00000260387	1	many_to_many_DifferentNumber	ENSMUSG00000097097;ENSMUSG00000097384	1	one_to_one	lincConv	ENSMUSG00000097097	0
ENSG00000260026	1	many_to_many_DifferentNumber	ENSMUSG00000097097;ENSMUSG00000097384	0	NA	NA	NA	0
ENSG00000289336	1	many_to_many_DifferentNumber	ENSMUSG00000097097;ENSMUSG00000097384	0	NA	NA	NA	0
ENSG00000289423	1	many_to_many_DifferentNumber	ENSMUSG00000097097;ENSMUSG00000097384	0	NA	NA	NA	0
ENSG00000259989	1	many_to_one	ENSMUSG00000090174	0	NA	NA	NA	0
ENSG00000259881	1	many_to_one	ENSMUSG00000090174	1	many_to_one	lncgDivg	ENSMUSG00000090174	1
ENSG00000205018	1	many_to_one	ENSMUSG00000090174	1	many_to_one	lncgDivg	ENSMUSG00000090174	0
ENSG00000256982	1	many_to_many_DifferentNumber	ENSMUSG00000110682;ENSMUSG00000110716;ENSMUSG00000110523	1	one_to_many	lincDivg	ENSMUSG00000110682;ENSMUSG00000110523	0
ENSG00000261226	1	many_to_many_DifferentNumber	ENSMUSG00000110682;ENSMUSG00000110716;ENSMUSG00000110523	0	NA	NA	NA	0
ENSG00000261273	1	many_to_one	ENSMUSG00000121188	0	NA	NA	NA	0
ENSG00000289563	1	many_to_one	ENSMUSG00000121188	0	NA	NA	NA	0
ENSG00000260162	1	many_to_one	ENSMUSG00000121188	0	NA	NA	NA	0
ENSG00000260420	1	many_to_one	ENSMUSG00000121188	0	NA	NA	NA	0
ENSG00000260166	1	many_to_one	ENSMUSG00000121188	0	NA	NA	NA	0
ENSG00000246777	1	many_to_one	ENSMUSG00000110630	0	NA	NA	NA	1
ENSG00000260465	1	many_to_one	ENSMUSG00000110630	1	many_to_one	lncgDivg	ENSMUSG00000110630	1
ENSG00000287965	1	many_to_one	ENSMUSG00000110630	1	many_to_one	lncgDivg	ENSMUSG00000110630	1
ENSG00000260558	1	many_to_one	ENSMUSG00000110630	1	many_to_one	lncgDivg	ENSMUSG00000110630	0
ENSG00000260083	1	one_to_one	ENSMUSG00000108801	1	one_to_one	lncgDivg	ENSMUSG00000108801	1
ENSG00000275445	1	one_to_one	ENSMUSG00000097343	1	one_to_one	lncgDivg	ENSMUSG00000097343	0
ENSG00000286759	1	one_to_one	ENSMUSG00000085688	1	one_to_one	lncgDivg	ENSMUSG00000085688	1
ENSG00000260495	1	many_to_one	ENSMUSG00000121084	1	many_to_one	lncgDivg	ENSMUSG00000121084	1
ENSG00000289067	1	many_to_one	ENSMUSG00000121084	1	many_to_one	lncgDivg	ENSMUSG00000121084	1
ENSG00000246379	1	one_to_many	ENSMUSG00000110534;ENSMUSG00000110559;ENSMUSG00000110713;ENSMUSG00000097520	1	many_to_one	lncgDivg	ENSMUSG00000097520	0
ENSG00000287760	1	many_to_one	ENSMUSG00000074113	1	many_to_one	lncgDivg	ENSMUSG00000074113	1
ENSG00000274698	1	many_to_one	ENSMUSG00000074113	1	many_to_one	lncgDivg	ENSMUSG00000074113	1
ENSG00000288849	1	one_to_one	ENSMUSG00000110470	0	NA	NA	NA	1
ENSG00000260932	1	one_to_one	ENSMUSG00000120233	0	NA	NA	NA	0
ENSG00000259833	1	many_to_one	ENSMUSG00000097409	1	many_to_one	lncgDivg	ENSMUSG00000097409	1
ENSG00000259798	1	many_to_one	ENSMUSG00000097409	1	many_to_one	lncgDivg	ENSMUSG00000097409	1
ENSG00000260136	1	one_to_one	ENSMUSG00000108511	0	NA	NA	NA	1
ENSG00000259895	1	one_to_one	ENSMUSG00000085185	1	one_to_one	lncgConv	ENSMUSG00000085185	1
ENSG00000276166	1	many_to_many_DifferentNumber	ENSMUSG00000110517;ENSMUSG00000110428;ENSMUSG00000110475	1	many_to_many	lncgDivg	ENSMUSG00000110428;ENSMUSG00000110517;ENSMUSG00000110475	0
ENSG00000187185	1	many_to_many_DifferentNumber	ENSMUSG00000110517;ENSMUSG00000110428;ENSMUSG00000110475	1	many_to_many	lncgDivg	ENSMUSG00000110428;ENSMUSG00000110517;ENSMUSG00000110475	1
ENSG00000291103	1	one_to_one	ENSMUSG00000110166	0	NA	NA	NA	0
ENSG00000287909	1	many_to_one	ENSMUSG00000109727	0	NA	NA	NA	1
ENSG00000288801	1	many_to_one	ENSMUSG00000109727	0	NA	NA	NA	1
ENSG00000287444	1	one_to_one	ENSMUSG00000062704	0	NA	NA	NA	1
ENSG00000260108	1	one_to_one	ENSMUSG00000120083	0	NA	NA	NA	1
ENSG00000262171	1	one_to_one	ENSMUSG00000085612	1	one_to_one	lncgDivg	ENSMUSG00000085612	1
ENSG00000260867	1	one_to_one	ENSMUSG00000110427	0	NA	NA	NA	1
ENSG00000275383	1	one_to_one	ENSMUSG00000054069	0	NA	NA	NA	1
ENSG00000260310	1	one_to_one	ENSMUSG00000116270	0	NA	NA	NA	0
ENSG00000260185	1	many_to_one	ENSMUSG00000078143	0	NA	NA	NA	1
ENSG00000261513	1	many_to_one	ENSMUSG00000078143	0	NA	NA	NA	1
ENSG00000260612	1	many_to_one	ENSMUSG00000078143	1	one_to_one	lncgConv	ENSMUSG00000078143	1
ENSG00000261540	1	one_to_one	ENSMUSG00000084848	0	NA	NA	NA	1
ENSG00000276007	1	many_to_one	ENSMUSG00000110592	0	NA	NA	NA	1
ENSG00000261837	1	many_to_one	ENSMUSG00000110592	0	NA	NA	NA	1
ENSG00000260816	1	many_to_one	ENSMUSG00000110592	0	NA	NA	NA	1
ENSG00000261537	1	many_to_one	ENSMUSG00000110592	0	NA	NA	NA	1
ENSG00000260479	1	many_to_one	ENSMUSG00000110592	0	NA	NA	NA	1
ENSG00000260511	1	many_to_one	ENSMUSG00000110592	0	NA	NA	NA	1
ENSG00000261472	1	many_to_one	ENSMUSG00000110592	1	one_to_one	lincConv	ENSMUSG00000110592	1
ENSG00000288821	1	many_to_one	ENSMUSG00000110592	0	NA	NA	NA	1
ENSG00000260969	1	many_to_many_DifferentNumber	ENSMUSG00000090217;ENSMUSG00000089723;ENSMUSG00000089797	1	many_to_many	lncgDivg	ENSMUSG00000089797;ENSMUSG00000090217;ENSMUSG00000089723	1
ENSG00000287106	1	many_to_many_DifferentNumber	ENSMUSG00000090217;ENSMUSG00000089723;ENSMUSG00000089797	1	many_to_many	lncgDivg	ENSMUSG00000089797;ENSMUSG00000090217;ENSMUSG00000089723	1
ENSG00000260733	1	many_to_many_DifferentNumber	ENSMUSG00000090217;ENSMUSG00000089723;ENSMUSG00000089797	1	many_to_many	lncgDivg	ENSMUSG00000089797;ENSMUSG00000090217;ENSMUSG00000089723	1
ENSG00000286894	1	many_to_many_DifferentNumber	ENSMUSG00000090217;ENSMUSG00000089723;ENSMUSG00000089797	1	many_to_many	lncgDivg	ENSMUSG00000089797;ENSMUSG00000090217;ENSMUSG00000089723	1
ENSG00000260694	1	many_to_many_DifferentNumber	ENSMUSG00000090217;ENSMUSG00000089723;ENSMUSG00000089797	1	many_to_many	lncgDivg	ENSMUSG00000089797;ENSMUSG00000090217;ENSMUSG00000089723	1
ENSG00000277954	1	many_to_many_DifferentNumber	ENSMUSG00000090217;ENSMUSG00000089723;ENSMUSG00000089797	1	many_to_many	lncgDivg	ENSMUSG00000089797;ENSMUSG00000090217;ENSMUSG00000089723	1
ENSG00000285918	1	many_to_many_DifferentNumber	ENSMUSG00000090217;ENSMUSG00000089723;ENSMUSG00000089797	1	many_to_many	lncgDivg	ENSMUSG00000089797;ENSMUSG00000090217;ENSMUSG00000089723	1
ENSG00000261722	1	many_to_many_DifferentNumber	ENSMUSG00000090217;ENSMUSG00000089723;ENSMUSG00000089797	0	NA	NA	NA	1
ENSG00000262732	1	many_to_one	ENSMUSG00000120723	0	NA	NA	NA	0
ENSG00000261856	1	many_to_one	ENSMUSG00000120723	0	NA	NA	NA	0
ENSG00000262097	1	many_to_one	ENSMUSG00000120723	0	NA	NA	NA	0
ENSG00000276564	1	many_to_one	ENSMUSG00000109857	0	NA	NA	NA	0
ENSG00000262454	1	many_to_one	ENSMUSG00000109857	1	one_to_one	lincSS.dw	ENSMUSG00000109857	0
ENSG00000262529	1	many_to_many_DifferentNumber	ENSMUSG00000087526;ENSMUSG00000099411	0	NA	NA	NA	0
ENSG00000260009	1	many_to_many_DifferentNumber	ENSMUSG00000087526;ENSMUSG00000099411	1	many_to_one	lincSS.dw	ENSMUSG00000099411	0
ENSG00000263257	1	many_to_many_DifferentNumber	ENSMUSG00000087526;ENSMUSG00000099411	1	many_to_one	lincSS.dw	ENSMUSG00000099411	0
ENSG00000279622	1	one_to_one	ENSMUSG00000089776	0	NA	NA	NA	1
ENSG00000275088	1	one_to_one	ENSMUSG00000097960	0	NA	NA	NA	0
ENSG00000261720	1	one_to_many	ENSMUSG00000117420;ENSMUSG00000117577;ENSMUSG00000117445	0	NA	NA	NA	0
ENSG00000260496	1	many_to_one	ENSMUSG00000117437	0	NA	NA	NA	0
ENSG00000261713	1	many_to_one	ENSMUSG00000117437	0	NA	NA	NA	0
ENSG00000261113	1	one_to_many	ENSMUSG00000085118;ENSMUSG00000121009	1	one_to_many	lncgDivg	ENSMUSG00000121009;ENSMUSG00000085118	1
ENSG00000289171	1	one_to_many	ENSMUSG00000108551;ENSMUSG00000110230;ENSMUSG00000109814	1	one_to_one	lncgSS.dw	ENSMUSG00000108551	1
ENSG00000286528	1	many_to_many_DifferentNumber	ENSMUSG00000110548;ENSMUSG00000110667	1	many_to_many	lncgDivg	ENSMUSG00000110548;ENSMUSG00000110667	1
ENSG00000260832	1	many_to_many_DifferentNumber	ENSMUSG00000110548;ENSMUSG00000110667	1	many_to_many	lncgDivg	ENSMUSG00000110548;ENSMUSG00000110667	1
ENSG00000261410	1	many_to_many_DifferentNumber	ENSMUSG00000110548;ENSMUSG00000110667	1	many_to_many	lncgDivg	ENSMUSG00000110548;ENSMUSG00000110667	1
ENSG00000261103	1	many_to_many_DifferentNumber	ENSMUSG00000110548;ENSMUSG00000110667	1	many_to_many	lncgDivg	ENSMUSG00000110548;ENSMUSG00000110667	1
ENSG00000288554	1	many_to_many_DifferentNumber	ENSMUSG00000110548;ENSMUSG00000110667	1	many_to_many	lncgDivg	ENSMUSG00000110548;ENSMUSG00000110667	1
ENSG00000270049	1	one_to_one	ENSMUSG00000104168	1	one_to_one	lncgConv	ENSMUSG00000104168	1
ENSG00000261396	1	many_to_one	ENSMUSG00000098120	0	NA	NA	NA	1
ENSG00000259945	1	many_to_one	ENSMUSG00000098120	0	NA	NA	NA	1
ENSG00000260894	1	many_to_one	ENSMUSG00000098120	0	NA	NA	NA	1
ENSG00000261386	1	many_to_one	ENSMUSG00000098120	1	many_to_one	lncgDivg	ENSMUSG00000098120	1
ENSG00000259804	1	many_to_one	ENSMUSG00000098120	1	many_to_one	lncgDivg	ENSMUSG00000098120	1
ENSG00000259813	1	one_to_one	ENSMUSG00000121195	1	one_to_one	lncgDivg	ENSMUSG00000121195	1
ENSG00000260121	1	many_to_one	ENSMUSG00000121163	0	NA	NA	NA	1
ENSG00000224888	1	many_to_one	ENSMUSG00000121163	0	NA	NA	NA	1
ENSG00000260617	1	many_to_one	ENSMUSG00000121163	0	NA	NA	NA	1
ENSG00000182376	1	many_to_one	ENSMUSG00000121163	0	NA	NA	NA	1
ENSG00000260394	1	one_to_one	ENSMUSG00000120308	0	NA	NA	NA	1
ENSG00000261235	1	one_to_one	ENSMUSG00000110494	0	NA	NA	NA	1
ENSG00000261218	1	many_to_one	ENSMUSG00000121141	0	NA	NA	NA	1
ENSG00000289733	1	many_to_one	ENSMUSG00000121141	0	NA	NA	NA	1
ENSG00000277369	1	one_to_one	ENSMUSG00000096959	0	NA	NA	NA	1
ENSG00000289754	1	many_to_one	ENSMUSG00000066175	0	NA	NA	NA	0
ENSG00000275441	1	many_to_one	ENSMUSG00000066175	1	one_to_one	lncgDivg	ENSMUSG00000066175	0
ENSG00000261092	1	one_to_one	ENSMUSG00000121158	0	NA	NA	NA	1
ENSG00000263307	1	one_to_one	ENSMUSG00000097537	1	one_to_one	lncgConv	ENSMUSG00000097537	1
ENSG00000260630	1	one_to_one	ENSMUSG00000121107	0	NA	NA	NA	1
ENSG00000261840	1	one_to_one	ENSMUSG00000101225	1	one_to_one	lncgDivg	ENSMUSG00000101225	1
ENSG00000261123	1	one_to_many	ENSMUSG00000117423;ENSMUSG00000093565	0	NA	NA	NA	1
ENSG00000260778	1	one_to_one	ENSMUSG00000073437	0	NA	NA	NA	1
ENSG00000277142	1	one_to_one	ENSMUSG00000097523	1	many_to_one	lncgDivg	ENSMUSG00000097523	1
ENSG00000261691	1	one_to_one	ENSMUSG00000097405	1	many_to_one	lncgDivg	ENSMUSG00000097523	1
ENSG00000250616	1	one_to_one	ENSMUSG00000055323	1	one_to_one	lncgConv	ENSMUSG00000055323	1
ENSG00000289222	1	one_to_many	ENSMUSG00000115692;ENSMUSG00000086719	1	one_to_one	lncgConv	ENSMUSG00000086719	0
ENSG00000261195	1	one_to_one	ENSMUSG00000109517	1	one_to_one	lncgDivg	ENSMUSG00000109517	1
ENSG00000262920	1	many_to_one	ENSMUSG00000087322	1	many_to_one	lncgDivg	ENSMUSG00000087322	1
ENSG00000262061	1	many_to_one	ENSMUSG00000087322	1	many_to_one	lncgDivg	ENSMUSG00000087322	1
ENSG00000262294	1	many_to_one	ENSMUSG00000087322	1	many_to_one	lncgDivg	ENSMUSG00000087322	1
ENSG00000262558	1	many_to_one	ENSMUSG00000087322	1	many_to_one	lncgDivg	ENSMUSG00000087322	1
ENSG00000285593	1	many_to_one	ENSMUSG00000085528	1	one_to_one	lincSS.dw	ENSMUSG00000085528	1
ENSG00000262231	1	many_to_one	ENSMUSG00000085528	0	NA	NA	NA	1
ENSG00000226746	1	many_to_one	ENSMUSG00000051008	1	many_to_one	lncgDivg	ENSMUSG00000051008	1
ENSG00000237328	1	many_to_one	ENSMUSG00000051008	1	many_to_one	lncgDivg	ENSMUSG00000051008	1
ENSG00000197815	1	one_to_one	ENSMUSG00000085132	1	one_to_one	lncgDivg	ENSMUSG00000085132	1
ENSG00000273576	1	one_to_one	ENSMUSG00000093673	0	NA	NA	NA	1
ENSG00000290925	1	one_to_one	ENSMUSG00000086917	0	NA	NA	NA	1
ENSG00000265799	1	one_to_one	ENSMUSG00000085955	0	NA	NA	NA	1
ENSG00000235530	1	one_to_one	ENSMUSG00000120997	1	one_to_one	lncgDivg	ENSMUSG00000120997	0
ENSG00000235300	1	many_to_one	ENSMUSG00000075586	1	many_to_one	lncgDivg	ENSMUSG00000075586	0
ENSG00000263787	1	many_to_one	ENSMUSG00000075586	1	many_to_one	lncgDivg	ENSMUSG00000075586	0
ENSG00000264451	1	many_to_one	ENSMUSG00000075586	0	NA	NA	NA	0
ENSG00000263477	1	many_to_one	ENSMUSG00000109010	0	NA	NA	NA	1
ENSG00000263657	1	many_to_one	ENSMUSG00000109010	0	NA	NA	NA	1
ENSG00000263370	1	many_to_one	ENSMUSG00000109010	0	NA	NA	NA	1
ENSG00000262006	1	many_to_many_sameNumber	ENSMUSG00000086003;ENSMUSG00000120459	0	NA	NA	NA	0
ENSG00000247011	1	many_to_many_sameNumber	ENSMUSG00000086003;ENSMUSG00000120459	1	one_to_one	lincSS.dw	ENSMUSG00000086003	0
ENSG00000267131	1	many_to_many_DifferentNumber	ENSMUSG00000086199;ENSMUSG00000085514;ENSMUSG00000087013	0	NA	NA	NA	1
ENSG00000267207	1	many_to_many_DifferentNumber	ENSMUSG00000086199;ENSMUSG00000085514;ENSMUSG00000087013	1	many_to_many	lncgDivg	ENSMUSG00000085514;ENSMUSG00000086199	1
ENSG00000267449	1	many_to_many_DifferentNumber	ENSMUSG00000086199;ENSMUSG00000085514;ENSMUSG00000087013	1	many_to_many	lncgDivg	ENSMUSG00000085514;ENSMUSG00000086199	0
ENSG00000286997	1	many_to_many_DifferentNumber	ENSMUSG00000086199;ENSMUSG00000085514;ENSMUSG00000087013	1	many_to_many	lncgDivg	ENSMUSG00000085514;ENSMUSG00000086199	1
ENSG00000273982	1	many_to_many_DifferentNumber	ENSMUSG00000086199;ENSMUSG00000085514;ENSMUSG00000087013	1	many_to_many	lncgDivg	ENSMUSG00000085514;ENSMUSG00000086199	1
ENSG00000267280	1	many_to_many_DifferentNumber	ENSMUSG00000086199;ENSMUSG00000085514;ENSMUSG00000087013	1	one_to_one	lncgConv	ENSMUSG00000069785	1
ENSG00000251461	1	one_to_one	ENSMUSG00000086255	1	many_to_one	lncgDivg	ENSMUSG00000099928	0
ENSG00000262039	1	many_to_many_DifferentNumber	ENSMUSG00000045075;ENSMUSG00000086191	0	NA	NA	NA	1
ENSG00000248714	1	many_to_many_DifferentNumber	ENSMUSG00000045075;ENSMUSG00000086191	1	one_to_one	lncgDivg	ENSMUSG00000086191	1
ENSG00000250948	1	many_to_many_DifferentNumber	ENSMUSG00000045075;ENSMUSG00000086191	1	one_to_one	lincDivg	ENSMUSG00000045075	1
ENSG00000213373	1	one_to_one	ENSMUSG00000101925	0	NA	NA	NA	1
ENSG00000263990	1	one_to_one	ENSMUSG00000120812	0	NA	NA	NA	1
ENSG00000265000	1	many_to_many_sameNumber	ENSMUSG00000086487;ENSMUSG00000086089	1	many_to_many_strict	lncgDivg	ENSMUSG00000086487;ENSMUSG00000086089	0
ENSG00000287457	1	many_to_many_sameNumber	ENSMUSG00000086487;ENSMUSG00000086089	1	many_to_many_strict	lncgDivg	ENSMUSG00000086487;ENSMUSG00000086089	1
ENSG00000225818	1	many_to_one	ENSMUSG00000085324	0	NA	NA	NA	0
ENSG00000256124	1	many_to_one	ENSMUSG00000085324	0	NA	NA	NA	0
ENSG00000226101	1	many_to_one	ENSMUSG00000085324	0	NA	NA	NA	0
ENSG00000289371	1	many_to_one	ENSMUSG00000085324	0	NA	NA	NA	0
ENSG00000271239	1	many_to_many_DifferentNumber	ENSMUSG00000086752;ENSMUSG00000041674;ENSMUSG00000121079	0	NA	NA	NA	0
ENSG00000283517	1	many_to_many_DifferentNumber	ENSMUSG00000086752;ENSMUSG00000041674;ENSMUSG00000121079	0	NA	NA	NA	0
ENSG00000267109	1	many_to_many_DifferentNumber	ENSMUSG00000086752;ENSMUSG00000041674;ENSMUSG00000121079	0	NA	NA	NA	0
ENSG00000286387	1	many_to_many_DifferentNumber	ENSMUSG00000086752;ENSMUSG00000041674;ENSMUSG00000121079	0	NA	NA	NA	0
ENSG00000260785	1	many_to_many_DifferentNumber	ENSMUSG00000086752;ENSMUSG00000041674;ENSMUSG00000121079	0	NA	NA	NA	0
ENSG00000228639	1	many_to_many_DifferentNumber	ENSMUSG00000086752;ENSMUSG00000041674;ENSMUSG00000121079	0	NA	NA	NA	0
ENSG00000288605	1	many_to_many_DifferentNumber	ENSMUSG00000086752;ENSMUSG00000041674;ENSMUSG00000121079	1	one_to_one	lncgConv	ENSMUSG00000075437	1
ENSG00000234899	1	many_to_many_DifferentNumber	ENSMUSG00000086752;ENSMUSG00000041674;ENSMUSG00000121079	0	NA	NA	NA	1
ENSG00000263680	1	many_to_one	ENSMUSG00000020624	0	NA	NA	NA	0
ENSG00000263893	1	many_to_one	ENSMUSG00000020624	0	NA	NA	NA	0
ENSG00000264026	1	many_to_one	ENSMUSG00000020624	0	NA	NA	NA	0
ENSG00000227036	1	one_to_many	ENSMUSG00000075437;ENSMUSG00000085421;ENSMUSG00000087259	1	one_to_many	lincSS.dw	ENSMUSG00000087259;ENSMUSG00000085421	0
ENSG00000263574	1	many_to_many_DifferentNumber	ENSMUSG00000086760;ENSMUSG00000078600;ENSMUSG00000075431;ENSMUSG00000121049	1	one_to_one	lincDivg	ENSMUSG00000086760	1
ENSG00000288006	1	many_to_many_DifferentNumber	ENSMUSG00000086760;ENSMUSG00000078600;ENSMUSG00000075431;ENSMUSG00000121049	0	NA	NA	NA	1
ENSG00000234721	1	many_to_many_DifferentNumber	ENSMUSG00000086760;ENSMUSG00000078600;ENSMUSG00000075431;ENSMUSG00000121049	0	NA	NA	NA	1
ENSG00000264750	1	many_to_many_DifferentNumber	ENSMUSG00000086760;ENSMUSG00000078600;ENSMUSG00000075431;ENSMUSG00000121049	1	many_to_one	lncgDivg	ENSMUSG00000121049	1
ENSG00000264985	1	many_to_many_DifferentNumber	ENSMUSG00000086760;ENSMUSG00000078600;ENSMUSG00000075431;ENSMUSG00000121049	1	many_to_one	lncgDivg	ENSMUSG00000121049	1
ENSG00000266765	1	many_to_many_DifferentNumber	ENSMUSG00000086135;ENSMUSG00000062391;ENSMUSG00000085844	0	NA	NA	NA	1
ENSG00000265927	1	many_to_many_DifferentNumber	ENSMUSG00000086135;ENSMUSG00000062391;ENSMUSG00000085844	0	NA	NA	NA	1
ENSG00000177338	1	many_to_many_DifferentNumber	ENSMUSG00000086135;ENSMUSG00000062391;ENSMUSG00000085844	0	NA	NA	NA	1
ENSG00000266357	1	many_to_many_DifferentNumber	ENSMUSG00000086135;ENSMUSG00000062391;ENSMUSG00000085844	0	NA	NA	NA	1
ENSG00000285648	1	many_to_many_DifferentNumber	ENSMUSG00000086135;ENSMUSG00000062391;ENSMUSG00000085844	0	NA	NA	NA	1
ENSG00000265935	1	many_to_many_DifferentNumber	ENSMUSG00000086135;ENSMUSG00000062391;ENSMUSG00000085844	0	NA	NA	NA	1
ENSG00000227517	1	many_to_one	ENSMUSG00000085985	1	one_to_one	lincSS.dw	ENSMUSG00000085985	0
ENSG00000267603	1	many_to_one	ENSMUSG00000085985	0	NA	NA	NA	0
ENSG00000237560	1	many_to_one	ENSMUSG00000085985	0	NA	NA	NA	0
ENSG00000264421	1	many_to_many_DifferentNumber	ENSMUSG00000085864;ENSMUSG00000059706	1	many_to_one	lncgDivg	ENSMUSG00000059706	0
ENSG00000266473	1	many_to_many_DifferentNumber	ENSMUSG00000085864;ENSMUSG00000059706	1	many_to_one	lncgDivg	ENSMUSG00000059706	0
ENSG00000285877	1	many_to_many_DifferentNumber	ENSMUSG00000085864;ENSMUSG00000059706	1	many_to_one	lncgDivg	ENSMUSG00000059706	0
ENSG00000289599	1	one_to_many	ENSMUSG00000087117;ENSMUSG00000120942	1	one_to_one	lincConv	ENSMUSG00000120942	1
ENSG00000283045	1	one_to_one	ENSMUSG00000078640	0	NA	NA	NA	0
ENSG00000285535	1	many_to_many_sameNumber	ENSMUSG00000054418;ENSMUSG00000086588;ENSMUSG00000085336;ENSMUSG00000069588;ENSMUSG00000085419	1	many_to_many	lincSS.dw	ENSMUSG00000085336;ENSMUSG00000086588	1
ENSG00000267263	1	many_to_many_sameNumber	ENSMUSG00000054418;ENSMUSG00000086588;ENSMUSG00000085336;ENSMUSG00000069588;ENSMUSG00000085419	0	NA	NA	NA	1
ENSG00000286534	1	many_to_many_sameNumber	ENSMUSG00000054418;ENSMUSG00000086588;ENSMUSG00000085336;ENSMUSG00000069588;ENSMUSG00000085419	1	many_to_many	lincSS.dw	ENSMUSG00000085336;ENSMUSG00000086588	1
ENSG00000267665	1	many_to_many_sameNumber	ENSMUSG00000054418;ENSMUSG00000086588;ENSMUSG00000085336;ENSMUSG00000069588;ENSMUSG00000085419	1	many_to_many	lincSS.dw	ENSMUSG00000085336;ENSMUSG00000086588	1
ENSG00000267506	1	many_to_many_sameNumber	ENSMUSG00000054418;ENSMUSG00000086588;ENSMUSG00000085336;ENSMUSG00000069588;ENSMUSG00000085419	1	many_to_many	lincSS.dw	ENSMUSG00000085336;ENSMUSG00000086588	1
ENSG00000287257	1	many_to_many_DifferentNumber	ENSMUSG00000086050;ENSMUSG00000110653	1	many_to_one	lncgDivg	ENSMUSG00000086050	1
ENSG00000267016	1	many_to_many_DifferentNumber	ENSMUSG00000086050;ENSMUSG00000110653	1	many_to_one	lncgDivg	ENSMUSG00000086050	1
ENSG00000267466	1	many_to_many_DifferentNumber	ENSMUSG00000086050;ENSMUSG00000110653	0	NA	NA	NA	1
ENSG00000204283	1	many_to_many_DifferentNumber	ENSMUSG00000086050;ENSMUSG00000110653	0	NA	NA	NA	1
ENSG00000267790	1	many_to_many_DifferentNumber	ENSMUSG00000086050;ENSMUSG00000110653	0	NA	NA	NA	1
ENSG00000266998	1	many_to_many_DifferentNumber	ENSMUSG00000086050;ENSMUSG00000110653	1	many_to_one	lncgDivg	ENSMUSG00000086050	1
ENSG00000288036	1	one_to_many	ENSMUSG00000085940;ENSMUSG00000121246	0	NA	NA	NA	0
ENSG00000266598	1	one_to_one	ENSMUSG00000056687	1	one_to_one	lncgDivg	ENSMUSG00000056687	1
ENSG00000267440	1	one_to_many	ENSMUSG00000085594;ENSMUSG00000071818	0	NA	NA	NA	0
ENSG00000250838	1	one_to_one	ENSMUSG00000099928	1	many_to_one	lncgDivg	ENSMUSG00000099928	0
ENSG00000276406	1	one_to_one	ENSMUSG00000098196	0	NA	NA	NA	1
ENSG00000270091	1	one_to_one	ENSMUSG00000072847	0	NA	NA	NA	1
ENSG00000285785	1	many_to_many_DifferentNumber	ENSMUSG00000087574;ENSMUSG00000085246	0	NA	NA	NA	0
ENSG00000286732	1	many_to_many_DifferentNumber	ENSMUSG00000087574;ENSMUSG00000085246	1	many_to_many	lncgDivg	ENSMUSG00000085246;ENSMUSG00000087574	0
ENSG00000263089	1	many_to_many_DifferentNumber	ENSMUSG00000087574;ENSMUSG00000085246	1	many_to_one	lncgDivg	ENSMUSG00000092399	0
ENSG00000265542	1	one_to_one	ENSMUSG00000108634	0	NA	NA	NA	0
ENSG00000250751	1	one_to_one	ENSMUSG00000101258	1	one_to_one	lncgConv	ENSMUSG00000101258	0
ENSG00000204584	1	many_to_one	ENSMUSG00000085992	0	NA	NA	NA	1
ENSG00000248954	1	many_to_one	ENSMUSG00000085992	1	one_to_one	lincDivg	ENSMUSG00000085992	1
ENSG00000254039	1	many_to_one	ENSMUSG00000085992	0	NA	NA	NA	1
ENSG00000246640	1	one_to_one	ENSMUSG00000120792	1	one_to_one	lncgDivg	ENSMUSG00000120792	0
ENSG00000276101	1	many_to_many_DifferentNumber	ENSMUSG00000085636;ENSMUSG00000120866	1	one_to_one	lncgDivg	ENSMUSG00000085636	1
ENSG00000263154	1	many_to_many_DifferentNumber	ENSMUSG00000085636;ENSMUSG00000120866	0	NA	NA	NA	1
ENSG00000274833	1	many_to_many_DifferentNumber	ENSMUSG00000085636;ENSMUSG00000120866	0	NA	NA	NA	1
ENSG00000289913	1	many_to_many_DifferentNumber	ENSMUSG00000085636;ENSMUSG00000120866	0	NA	NA	NA	1
ENSG00000185332	1	many_to_many_DifferentNumber	ENSMUSG00000086750;ENSMUSG00000075389;ENSMUSG00000043993	1	many_to_one	lincSS.up	ENSMUSG00000075389	1
ENSG00000287431	1	many_to_many_DifferentNumber	ENSMUSG00000086750;ENSMUSG00000075389;ENSMUSG00000043993	1	many_to_one	lincSS.up	ENSMUSG00000075389	1
ENSG00000262877	1	many_to_many_DifferentNumber	ENSMUSG00000086750;ENSMUSG00000075389;ENSMUSG00000043993	1	many_to_one	lincDivg	ENSMUSG00000086750	1
ENSG00000185168	1	many_to_many_DifferentNumber	ENSMUSG00000086750;ENSMUSG00000075389;ENSMUSG00000043993	1	many_to_one	lincSS.up	ENSMUSG00000075389	1
ENSG00000262223	1	many_to_many_DifferentNumber	ENSMUSG00000086750;ENSMUSG00000075389;ENSMUSG00000043993	1	many_to_one	lincDivg	ENSMUSG00000086750	1
ENSG00000263271	1	many_to_one	ENSMUSG00000085501	1	one_to_many	lncgDivg	ENSMUSG00000043993;ENSMUSG00000085501	1
ENSG00000278200	1	many_to_one	ENSMUSG00000085501	0	NA	NA	NA	1
ENSG00000229848	1	many_to_one	ENSMUSG00000043644	1	many_to_one	lncgDivg	ENSMUSG00000043644	1
ENSG00000289182	1	many_to_one	ENSMUSG00000043644	1	many_to_one	lncgDivg	ENSMUSG00000043644	1
ENSG00000225442	1	many_to_many_sameNumber	ENSMUSG00000086330;ENSMUSG00000086536	1	many_to_many	lncgDivg	ENSMUSG00000086330;ENSMUSG00000086536	0
ENSG00000263624	1	many_to_many_sameNumber	ENSMUSG00000086330;ENSMUSG00000086536	1	many_to_many	lncgDivg	ENSMUSG00000086330;ENSMUSG00000086536	1
ENSG00000266824	1	one_to_one	ENSMUSG00000121012	1	one_to_one	lncgDivg	ENSMUSG00000121012	1
ENSG00000266389	1	many_to_many_sameNumber	ENSMUSG00000084993;ENSMUSG00000120756	1	many_to_one	lncgDivg	ENSMUSG00000120756	1
ENSG00000265975	1	many_to_many_sameNumber	ENSMUSG00000084993;ENSMUSG00000120756	1	many_to_one	lncgDivg	ENSMUSG00000120756	1
ENSG00000265349	1	one_to_one	ENSMUSG00000055134	0	NA	NA	NA	1
ENSG00000264016	1	many_to_one	ENSMUSG00000085926	1	one_to_one	lincSS.up	ENSMUSG00000085926	1
ENSG00000284876	1	many_to_one	ENSMUSG00000085926	0	NA	NA	NA	1
ENSG00000263508	1	one_to_one	ENSMUSG00000072834	0	NA	NA	NA	0
ENSG00000265400	1	many_to_many_sameNumber	ENSMUSG00000120678;ENSMUSG00000085162	1	one_to_one	lincSS.dw	ENSMUSG00000120678	0
ENSG00000179136	1	many_to_many_sameNumber	ENSMUSG00000120678;ENSMUSG00000085162	0	NA	NA	NA	0
ENSG00000227274	1	many_to_one	ENSMUSG00000118601	0	NA	NA	NA	0
ENSG00000265489	1	many_to_one	ENSMUSG00000118601	0	NA	NA	NA	1
ENSG00000273098	1	one_to_one	ENSMUSG00000086490	0	NA	NA	NA	1
ENSG00000233852	1	many_to_many_DifferentNumber	ENSMUSG00000086359;ENSMUSG00000084884;ENSMUSG00000087622;ENSMUSG00000087497;ENSMUSG00000121102	0	NA	NA	NA	0
ENSG00000266744	1	many_to_many_DifferentNumber	ENSMUSG00000086359;ENSMUSG00000084884;ENSMUSG00000087622;ENSMUSG00000087497;ENSMUSG00000121102	0	NA	NA	NA	0
ENSG00000236088	1	many_to_many_DifferentNumber	ENSMUSG00000086359;ENSMUSG00000084884;ENSMUSG00000087622;ENSMUSG00000087497;ENSMUSG00000121102	1	one_to_many	lncgDivg	ENSMUSG00000084884;ENSMUSG00000087497;ENSMUSG00000121102;ENSMUSG00000086359	0
ENSG00000287307	1	many_to_many_DifferentNumber	ENSMUSG00000085532;ENSMUSG00000085113	0	NA	NA	NA	1
ENSG00000265163	1	many_to_many_DifferentNumber	ENSMUSG00000085532;ENSMUSG00000085113	0	NA	NA	NA	1
ENSG00000205325	1	many_to_many_DifferentNumber	ENSMUSG00000085532;ENSMUSG00000085113	0	NA	NA	NA	1
ENSG00000234912	1	one_to_many	ENSMUSG00000085104;ENSMUSG00000086859	0	NA	NA	NA	1
ENSG00000267568	1	many_to_many_DifferentNumber	ENSMUSG00000087057;ENSMUSG00000086902;ENSMUSG00000120993	0	NA	NA	NA	1
ENSG00000267521	1	many_to_many_DifferentNumber	ENSMUSG00000087057;ENSMUSG00000086902;ENSMUSG00000120993	1	one_to_one	lincConv	ENSMUSG00000086902	1
ENSG00000266979	1	one_to_many	ENSMUSG00000086105;ENSMUSG00000086283	0	NA	NA	NA	0
ENSG00000264548	1	many_to_one	ENSMUSG00000087638	0	NA	NA	NA	1
ENSG00000265678	1	many_to_one	ENSMUSG00000087638	1	many_to_one	lncgDivg	ENSMUSG00000087638	0
ENSG00000266654	1	many_to_one	ENSMUSG00000087638	1	many_to_one	lncgDivg	ENSMUSG00000087638	1
ENSG00000275888	1	many_to_many_sameNumber	ENSMUSG00000100629;ENSMUSG00000086835;ENSMUSG00000120010	1	many_to_many_strict	lncgDivg	ENSMUSG00000100629;ENSMUSG00000120010	0
ENSG00000260563	1	many_to_many_sameNumber	ENSMUSG00000100629;ENSMUSG00000086835;ENSMUSG00000120010	0	NA	NA	NA	1
ENSG00000287737	1	many_to_many_sameNumber	ENSMUSG00000100629;ENSMUSG00000086835;ENSMUSG00000120010	1	many_to_many_strict	lncgDivg	ENSMUSG00000100629;ENSMUSG00000120010	1
ENSG00000266667	1	one_to_one	ENSMUSG00000120650	0	NA	NA	NA	0
ENSG00000286799	1	one_to_one	ENSMUSG00000060808	1	one_to_one	lncgDivg	ENSMUSG00000060808	0
ENSG00000265126	1	many_to_one	ENSMUSG00000109829	0	NA	NA	NA	1
ENSG00000235979	1	many_to_one	ENSMUSG00000109829	0	NA	NA	NA	0
ENSG00000264829	1	many_to_one	ENSMUSG00000087064	1	many_to_one	lncgDivg	ENSMUSG00000087064	1
ENSG00000264270	1	many_to_one	ENSMUSG00000087064	1	many_to_one	lncgDivg	ENSMUSG00000087064	1
ENSG00000262112	1	many_to_one	ENSMUSG00000085152	0	NA	NA	NA	0
ENSG00000274213	1	many_to_one	ENSMUSG00000085152	0	NA	NA	NA	0
ENSG00000263004	1	one_to_many	ENSMUSG00000092399;ENSMUSG00000087338	1	many_to_one	lncgDivg	ENSMUSG00000092399	0
ENSG00000287337	1	one_to_one	ENSMUSG00000085872	0	NA	NA	NA	1
ENSG00000262533	1	many_to_one	ENSMUSG00000085609	0	NA	NA	NA	1
ENSG00000263050	1	many_to_one	ENSMUSG00000085609	0	NA	NA	NA	1
ENSG00000249497	1	one_to_one	ENSMUSG00000084856	1	one_to_one	lincDivg	ENSMUSG00000084856	1
ENSG00000267632	1	many_to_one	ENSMUSG00000121184	1	many_to_one	lncgSS.dw	ENSMUSG00000121184	0
ENSG00000267222	1	many_to_one	ENSMUSG00000121184	1	many_to_one	lncgSS.dw	ENSMUSG00000121184	1
ENSG00000267446	1	one_to_one	ENSMUSG00000078635	0	NA	NA	NA	0
ENSG00000267344	1	one_to_many	ENSMUSG00000085887;ENSMUSG00000085360;ENSMUSG00000085733	1	one_to_many	lncgDivg	ENSMUSG00000085887;ENSMUSG00000085360;ENSMUSG00000085733	0
ENSG00000265359	1	many_to_one	ENSMUSG00000087692	0	NA	NA	NA	0
ENSG00000167920	1	many_to_one	ENSMUSG00000087692	1	one_to_one	lncgDivg	ENSMUSG00000087692	1
ENSG00000286629	1	many_to_one	ENSMUSG00000120012	0	NA	NA	NA	1
ENSG00000289957	1	many_to_one	ENSMUSG00000120012	0	NA	NA	NA	1
ENSG00000266402	1	many_to_one	ENSMUSG00000120012	1	one_to_one	lncgConv	ENSMUSG00000120012	1
ENSG00000267496	1	many_to_one	ENSMUSG00000120019	0	NA	NA	NA	0
ENSG00000267420	1	many_to_one	ENSMUSG00000120019	0	NA	NA	NA	1
ENSG00000261514	1	many_to_one	ENSMUSG00000120019	1	one_to_one	lncgConv	ENSMUSG00000120019	1
ENSG00000275720	1	many_to_many_DifferentNumber	ENSMUSG00000085044;ENSMUSG00000087407	1	many_to_many_strict	lincSS.dw	ENSMUSG00000085044;ENSMUSG00000087407	1
ENSG00000276508	1	many_to_many_DifferentNumber	ENSMUSG00000085044;ENSMUSG00000087407	1	many_to_many_strict	lincSS.dw	ENSMUSG00000085044;ENSMUSG00000087407	1
ENSG00000275613	1	many_to_many_DifferentNumber	ENSMUSG00000085044;ENSMUSG00000087407	0	NA	NA	NA	1
ENSG00000277268	1	one_to_one	ENSMUSG00000087211	1	many_to_one	lncgDivg	ENSMUSG00000087211	1
ENSG00000262831	1	many_to_one	ENSMUSG00000120443	1	one_to_one	lncgDivg	ENSMUSG00000120443	1
ENSG00000262413	1	many_to_one	ENSMUSG00000120443	0	NA	NA	NA	1
ENSG00000264769	1	many_to_one	ENSMUSG00000120999	1	many_to_one	lncgDivg	ENSMUSG00000120999	1
ENSG00000265688	1	many_to_one	ENSMUSG00000120999	1	many_to_one	lncgDivg	ENSMUSG00000120999	1
ENSG00000263218	1	many_to_many_DifferentNumber	ENSMUSG00000120604;ENSMUSG00000085207	1	one_to_one	lncgDivg	ENSMUSG00000120604	1
ENSG00000262873	1	many_to_many_DifferentNumber	ENSMUSG00000120604;ENSMUSG00000085207	0	NA	NA	NA	1
ENSG00000262098	1	many_to_many_DifferentNumber	ENSMUSG00000120604;ENSMUSG00000085207	0	NA	NA	NA	1
ENSG00000226137	1	many_to_many_DifferentNumber	ENSMUSG00000120604;ENSMUSG00000085207	1	one_to_one	lncgDivg	ENSMUSG00000085207	1
ENSG00000283209	1	one_to_one	ENSMUSG00000063109	0	NA	NA	NA	0
ENSG00000285486	1	many_to_one	ENSMUSG00000087330	1	one_to_one	lincSS.up	ENSMUSG00000087330	1
ENSG00000267750	1	many_to_one	ENSMUSG00000087330	0	NA	NA	NA	1
ENSG00000264031	1	one_to_one	ENSMUSG00000072673	1	one_to_one	lncgDivg	ENSMUSG00000072673	1
ENSG00000267359	1	many_to_one	ENSMUSG00000093483	0	NA	NA	NA	1
ENSG00000267321	1	many_to_one	ENSMUSG00000093483	1	one_to_one	lncgConv	ENSMUSG00000093483	1
ENSG00000266711	1	many_to_one	ENSMUSG00000085059	1	one_to_one	lncgDivg	ENSMUSG00000085059	1
ENSG00000267719	1	many_to_one	ENSMUSG00000085059	0	NA	NA	NA	1
ENSG00000263278	1	one_to_one	ENSMUSG00000084887	1	one_to_one	lncgSS.up	ENSMUSG00000084887	1
ENSG00000267772	1	many_to_one	ENSMUSG00000085628	0	NA	NA	NA	1
ENSG00000259349	1	many_to_one	ENSMUSG00000085628	1	one_to_one	lncgDivg	ENSMUSG00000085628	1
ENSG00000265401	1	many_to_one	ENSMUSG00000085748	1	one_to_one	lncgDivg	ENSMUSG00000087120	1
ENSG00000264739	1	many_to_one	ENSMUSG00000085748	0	NA	NA	NA	1
ENSG00000239203	1	many_to_one	ENSMUSG00000086841	0	NA	NA	NA	1
ENSG00000175061	1	many_to_one	ENSMUSG00000086841	1	one_to_one	lncgConv	ENSMUSG00000086841	1
ENSG00000274996	1	one_to_one	ENSMUSG00000085860	0	NA	NA	NA	1
ENSG00000224738	1	one_to_one	ENSMUSG00000085310	0	NA	NA	NA	1
ENSG00000276863	1	many_to_one	ENSMUSG00000109408	0	NA	NA	NA	1
ENSG00000263069	1	many_to_one	ENSMUSG00000109408	1	one_to_one	lncgConv	ENSMUSG00000109408	1
ENSG00000261978	1	many_to_one	ENSMUSG00000087404	1	many_to_one	lncgDivg	ENSMUSG00000087404	1
ENSG00000275516	1	many_to_one	ENSMUSG00000087404	1	many_to_one	lncgDivg	ENSMUSG00000087404	1
ENSG00000262172	1	one_to_one	ENSMUSG00000085548	1	one_to_one	lncgSS.up	ENSMUSG00000085548	1
ENSG00000262031	1	many_to_many_sameNumber	ENSMUSG00000086794;ENSMUSG00000085154	0	NA	NA	NA	0
ENSG00000261886	1	many_to_many_sameNumber	ENSMUSG00000086794;ENSMUSG00000085154	1	one_to_one	lncgDivg	ENSMUSG00000085154	1
ENSG00000263766	1	one_to_many	ENSMUSG00000084936;ENSMUSG00000121247	0	NA	NA	NA	1
ENSG00000273702	1	one_to_one	ENSMUSG00000120202	1	one_to_one	lncgDivg	ENSMUSG00000120202	1
ENSG00000267637	1	one_to_one	ENSMUSG00000120594	1	one_to_one	lncgSS.dw	ENSMUSG00000120594	0
ENSG00000265148	1	one_to_one	ENSMUSG00000120559	1	one_to_one	lncgConv	ENSMUSG00000120559	1
ENSG00000265206	1	one_to_many	ENSMUSG00000120867;ENSMUSG00000084796	1	one_to_one	lncgSS.up	ENSMUSG00000084796	1
ENSG00000263412	1	one_to_one	ENSMUSG00000120186	1	many_to_one	lncgDivg	ENSMUSG00000120186	0
ENSG00000235296	1	one_to_one	ENSMUSG00000084822	0	NA	NA	NA	0
ENSG00000266970	1	one_to_one	ENSMUSG00000120851	0	NA	NA	NA	1
ENSG00000289877	1	one_to_one	ENSMUSG00000087184	1	many_to_one	lncgDivg	ENSMUSG00000087184	1
ENSG00000267365	1	one_to_one	ENSMUSG00000120247	1	one_to_one	lncgDivg	ENSMUSG00000120247	0
ENSG00000290056	1	one_to_many	ENSMUSG00000084766;ENSMUSG00000085551	1	one_to_one	lincSS.dw	ENSMUSG00000084766	0
ENSG00000236618	1	one_to_one	ENSMUSG00000085088	0	NA	NA	NA	1
ENSG00000186594	1	one_to_many	ENSMUSG00000085148;ENSMUSG00000120712	0	NA	NA	NA	1
ENSG00000276170	1	one_to_one	ENSMUSG00000047988	1	one_to_one	lncgDivg	ENSMUSG00000047988	1
ENSG00000275532	1	one_to_one	ENSMUSG00000085586	1	many_to_one	lncgDivg	ENSMUSG00000085586	0
ENSG00000264066	1	one_to_one	ENSMUSG00000120348	1	one_to_one	lncgConv	ENSMUSG00000120348	0
ENSG00000230148	1	one_to_many	ENSMUSG00000075589;ENSMUSG00000084844	0	NA	NA	NA	0
ENSG00000288877	1	one_to_one	ENSMUSG00000120603	1	one_to_one	lncgSS.up	ENSMUSG00000120603	1
ENSG00000267432	1	one_to_one	ENSMUSG00000085511	1	one_to_one	lncgDivg	ENSMUSG00000085511	1
ENSG00000262188	1	one_to_one	ENSMUSG00000120794	0	NA	NA	NA	1
ENSG00000262343	1	many_to_many_sameNumber	ENSMUSG00000086306;ENSMUSG00000086547	1	one_to_one	lincSS.up	ENSMUSG00000086306	1
ENSG00000262585	1	many_to_many_sameNumber	ENSMUSG00000086306;ENSMUSG00000086547	0	NA	NA	NA	1
ENSG00000276728	1	one_to_one	ENSMUSG00000120351	0	NA	NA	NA	0
ENSG00000224505	1	one_to_one	ENSMUSG00000120826	0	NA	NA	NA	0
ENSG00000290024	1	one_to_one	ENSMUSG00000087675	1	one_to_one	lncgDivg	ENSMUSG00000087675	1
ENSG00000265514	1	many_to_many_DifferentNumber	ENSMUSG00000117053;ENSMUSG00000117124;ENSMUSG00000117233	0	NA	NA	NA	1
ENSG00000177337	1	many_to_many_DifferentNumber	ENSMUSG00000117053;ENSMUSG00000117124;ENSMUSG00000117233	1	many_to_many	lncgDivg	ENSMUSG00000097282;ENSMUSG00000117231	1
ENSG00000262001	1	many_to_many_DifferentNumber	ENSMUSG00000117053;ENSMUSG00000117124;ENSMUSG00000117233	1	many_to_many	lncgDivg	ENSMUSG00000097282;ENSMUSG00000117231	1
ENSG00000266401	1	many_to_many_DifferentNumber	ENSMUSG00000117053;ENSMUSG00000117124;ENSMUSG00000117233	1	many_to_many	lncgDivg	ENSMUSG00000097282;ENSMUSG00000117231	1
ENSG00000263724	1	many_to_many_DifferentNumber	ENSMUSG00000117053;ENSMUSG00000117124;ENSMUSG00000117233	1	many_to_many	lncgDivg	ENSMUSG00000097282;ENSMUSG00000117231	1
ENSG00000263878	1	many_to_many_DifferentNumber	ENSMUSG00000117053;ENSMUSG00000117124;ENSMUSG00000117233	1	many_to_many	lncgDivg	ENSMUSG00000097282;ENSMUSG00000117231	1
ENSG00000261520	1	many_to_many_DifferentNumber	ENSMUSG00000117053;ENSMUSG00000117124;ENSMUSG00000117233	1	many_to_many	lncgDivg	ENSMUSG00000097282;ENSMUSG00000117231	1
ENSG00000266065	1	many_to_many_DifferentNumber	ENSMUSG00000117243;ENSMUSG00000117208;ENSMUSG00000117193	1	many_to_one	lincDivg	ENSMUSG00000117193	1
ENSG00000265944	1	many_to_many_DifferentNumber	ENSMUSG00000117243;ENSMUSG00000117208;ENSMUSG00000117193	1	many_to_one	lincDivg	ENSMUSG00000117193	1
ENSG00000264707	1	many_to_many_DifferentNumber	ENSMUSG00000117243;ENSMUSG00000117208;ENSMUSG00000117193	0	NA	NA	NA	1
ENSG00000265487	1	many_to_many_DifferentNumber	ENSMUSG00000117243;ENSMUSG00000117208;ENSMUSG00000117193	0	NA	NA	NA	1
ENSG00000265174	1	many_to_many_DifferentNumber	ENSMUSG00000117243;ENSMUSG00000117208;ENSMUSG00000117193	0	NA	NA	NA	1
ENSG00000265316	1	many_to_one	ENSMUSG00000117004	1	many_to_one	lncgDivg	ENSMUSG00000100572	1
ENSG00000264000	1	many_to_one	ENSMUSG00000117004	1	many_to_one	lncgDivg	ENSMUSG00000100572	1
ENSG00000261738	1	many_to_one	ENSMUSG00000117004	0	NA	NA	NA	1
ENSG00000266153	1	many_to_one	ENSMUSG00000096988	1	many_to_many_strict	lncgDivg	ENSMUSG00000096988;ENSMUSG00000117053	1
ENSG00000285575	1	many_to_one	ENSMUSG00000096988	1	many_to_many_strict	lncgDivg	ENSMUSG00000096988;ENSMUSG00000117053	1
ENSG00000263753	1	many_to_one	ENSMUSG00000096988	0	NA	NA	NA	1
ENSG00000264575	1	many_to_one	ENSMUSG00000073374	1	many_to_one	lincSS.up	ENSMUSG00000073374	1
ENSG00000265091	1	many_to_one	ENSMUSG00000073374	1	many_to_one	lincSS.up	ENSMUSG00000073374	1
ENSG00000264924	1	many_to_many_DifferentNumber	ENSMUSG00000117418;ENSMUSG00000117573	1	many_to_many	lncgDivg	ENSMUSG00000117418;ENSMUSG00000117573	1
ENSG00000264745	1	many_to_many_DifferentNumber	ENSMUSG00000117418;ENSMUSG00000117573	1	many_to_many	lncgDivg	ENSMUSG00000117418;ENSMUSG00000117573	1
ENSG00000265204	1	many_to_many_DifferentNumber	ENSMUSG00000117418;ENSMUSG00000117573	1	many_to_many	lncgDivg	ENSMUSG00000117418;ENSMUSG00000117573	1
ENSG00000264151	1	one_to_many	ENSMUSG00000117532;ENSMUSG00000120124	0	NA	NA	NA	0
ENSG00000264587	1	many_to_many_DifferentNumber	ENSMUSG00000085575;ENSMUSG00000086095;ENSMUSG00000087170;ENSMUSG00000117378	0	NA	NA	NA	1
ENSG00000287803	1	many_to_many_DifferentNumber	ENSMUSG00000085575;ENSMUSG00000086095;ENSMUSG00000087170;ENSMUSG00000117378	0	NA	NA	NA	1
ENSG00000265994	1	many_to_many_DifferentNumber	ENSMUSG00000085575;ENSMUSG00000086095;ENSMUSG00000087170;ENSMUSG00000117378	0	NA	NA	NA	1
ENSG00000286605	1	many_to_many_DifferentNumber	ENSMUSG00000085575;ENSMUSG00000086095;ENSMUSG00000087170;ENSMUSG00000117378	0	NA	NA	NA	1
ENSG00000266196	1	many_to_many_DifferentNumber	ENSMUSG00000085575;ENSMUSG00000086095;ENSMUSG00000087170;ENSMUSG00000117378	0	NA	NA	NA	1
ENSG00000265980	1	many_to_many_DifferentNumber	ENSMUSG00000117615;ENSMUSG00000117574	0	NA	NA	NA	1
ENSG00000274578	1	many_to_many_DifferentNumber	ENSMUSG00000117615;ENSMUSG00000117574	0	NA	NA	NA	1
ENSG00000265670	1	many_to_many_DifferentNumber	ENSMUSG00000117615;ENSMUSG00000117574	0	NA	NA	NA	1
ENSG00000264434	1	many_to_many_sameNumber	ENSMUSG00000117633;ENSMUSG00000117605	0	NA	NA	NA	0
ENSG00000285595	1	many_to_many_sameNumber	ENSMUSG00000117633;ENSMUSG00000117605	0	NA	NA	NA	0
ENSG00000260372	1	many_to_many_DifferentNumber	ENSMUSG00000117450;ENSMUSG00000117645;ENSMUSG00000117613	0	NA	NA	NA	1
ENSG00000263677	1	many_to_many_DifferentNumber	ENSMUSG00000117450;ENSMUSG00000117645;ENSMUSG00000117613	1	one_to_one	lincDivg	ENSMUSG00000117613	1
ENSG00000277534	1	many_to_many_DifferentNumber	ENSMUSG00000117404;ENSMUSG00000117380;ENSMUSG00000119962	0	NA	NA	NA	1
ENSG00000275805	1	many_to_many_DifferentNumber	ENSMUSG00000117404;ENSMUSG00000117380;ENSMUSG00000119962	0	NA	NA	NA	1
ENSG00000265369	1	many_to_many_DifferentNumber	ENSMUSG00000117404;ENSMUSG00000117380;ENSMUSG00000119962	1	one_to_one	lincSS.up	ENSMUSG00000117404	1
ENSG00000263382	1	many_to_many_DifferentNumber	ENSMUSG00000117404;ENSMUSG00000117380;ENSMUSG00000119962	1	one_to_many	lincSS.dw	ENSMUSG00000117380;ENSMUSG00000119962	1
ENSG00000266578	1	one_to_many	ENSMUSG00000121105;ENSMUSG00000097154	0	NA	NA	NA	0
ENSG00000259256	1	one_to_many	ENSMUSG00000117079;ENSMUSG00000121122	0	NA	NA	NA	0
ENSG00000264365	1	many_to_one	ENSMUSG00000117494	1	many_to_one	lncgDivg	ENSMUSG00000117494	0
ENSG00000273321	1	many_to_one	ENSMUSG00000117494	1	many_to_one	lncgDivg	ENSMUSG00000117494	0
ENSG00000265752	1	one_to_one	ENSMUSG00000101406	0	NA	NA	NA	1
ENSG00000269365	1	one_to_many	ENSMUSG00000118311;ENSMUSG00000117797;ENSMUSG00000118004	0	NA	NA	NA	0
ENSG00000266965	1	many_to_one	ENSMUSG00000117570	0	NA	NA	NA	0
ENSG00000267397	1	many_to_one	ENSMUSG00000117570	0	NA	NA	NA	1
ENSG00000266489	1	many_to_many_sameNumber	ENSMUSG00000117536;ENSMUSG00000117608	0	NA	NA	NA	0
ENSG00000264345	1	many_to_many_sameNumber	ENSMUSG00000117536;ENSMUSG00000117608	1	one_to_one	lincSS.dw	ENSMUSG00000117608	0
ENSG00000267311	1	one_to_one	ENSMUSG00000084948	0	NA	NA	NA	0
ENSG00000267112	1	one_to_one	ENSMUSG00000086824	0	NA	NA	NA	0
ENSG00000285695	1	many_to_many_DifferentNumber	ENSMUSG00000118316;ENSMUSG00000117984	0	NA	NA	NA	0
ENSG00000286283	1	many_to_many_DifferentNumber	ENSMUSG00000118316;ENSMUSG00000117984	0	NA	NA	NA	0
ENSG00000227115	1	many_to_many_DifferentNumber	ENSMUSG00000118316;ENSMUSG00000117984	0	NA	NA	NA	0
ENSG00000287673	1	many_to_one	ENSMUSG00000117960	0	NA	NA	NA	1
ENSG00000267761	1	many_to_one	ENSMUSG00000117960	0	NA	NA	NA	1
ENSG00000261307	1	many_to_one	ENSMUSG00000117960	0	NA	NA	NA	1
ENSG00000267038	1	many_to_one	ENSMUSG00000099669	0	NA	NA	NA	1
ENSG00000288800	1	many_to_one	ENSMUSG00000099669	0	NA	NA	NA	0
ENSG00000260440	1	many_to_one	ENSMUSG00000099669	0	NA	NA	NA	1
ENSG00000267316	1	many_to_one	ENSMUSG00000089866	0	NA	NA	NA	1
ENSG00000267175	1	many_to_one	ENSMUSG00000089866	0	NA	NA	NA	1
ENSG00000267279	1	many_to_one	ENSMUSG00000089866	0	NA	NA	NA	1
ENSG00000273335	1	one_to_many	ENSMUSG00000117335;ENSMUSG00000117250;ENSMUSG00000117229	1	one_to_many	lncgDivg	ENSMUSG00000117250;ENSMUSG00000117335	1
ENSG00000267134	1	many_to_many_DifferentNumber	ENSMUSG00000086161;ENSMUSG00000100457	1	one_to_one	lincSS.dw	ENSMUSG00000086161	0
ENSG00000265217	1	many_to_many_DifferentNumber	ENSMUSG00000086161;ENSMUSG00000100457	0	NA	NA	NA	0
ENSG00000264131	1	many_to_many_DifferentNumber	ENSMUSG00000086161;ENSMUSG00000100457	0	NA	NA	NA	0
ENSG00000264232	1	many_to_many_DifferentNumber	ENSMUSG00000086161;ENSMUSG00000100457	0	NA	NA	NA	0
ENSG00000263438	1	one_to_one	ENSMUSG00000118309	0	NA	NA	NA	1
ENSG00000267401	1	many_to_many_DifferentNumber	ENSMUSG00000118376;ENSMUSG00000117737;ENSMUSG00000117968	1	one_to_one	lincConv	ENSMUSG00000117968	1
ENSG00000267462	1	many_to_many_DifferentNumber	ENSMUSG00000118376;ENSMUSG00000117737;ENSMUSG00000117968	0	NA	NA	NA	1
ENSG00000285681	1	many_to_many_DifferentNumber	ENSMUSG00000118376;ENSMUSG00000117737;ENSMUSG00000117968	0	NA	NA	NA	1
ENSG00000267686	1	many_to_many_DifferentNumber	ENSMUSG00000118376;ENSMUSG00000117737;ENSMUSG00000117968	0	NA	NA	NA	1
ENSG00000264254	1	one_to_many	ENSMUSG00000100572;ENSMUSG00000117069	0	NA	NA	NA	1
ENSG00000266288	1	one_to_one	ENSMUSG00000117323	1	one_to_one	lincSS.dw	ENSMUSG00000117323	1
ENSG00000286559	1	many_to_many_DifferentNumber	ENSMUSG00000114306;ENSMUSG00000114511;ENSMUSG00000117410;ENSMUSG00000117604;ENSMUSG00000117467;ENSMUSG00000117478;ENSMUSG00000117473;ENSMUSG00000117554;ENSMUSG00000117465;ENSMUSG00000120137	0	NA	NA	NA	0
ENSG00000267707	1	many_to_many_DifferentNumber	ENSMUSG00000114306;ENSMUSG00000114511;ENSMUSG00000117410;ENSMUSG00000117604;ENSMUSG00000117467;ENSMUSG00000117478;ENSMUSG00000117473;ENSMUSG00000117554;ENSMUSG00000117465;ENSMUSG00000120137	1	many_to_many_strict	lncgDivg	ENSMUSG00000114511;ENSMUSG00000114306;ENSMUSG00000120137	1
ENSG00000267202	1	many_to_many_DifferentNumber	ENSMUSG00000114306;ENSMUSG00000114511;ENSMUSG00000117410;ENSMUSG00000117604;ENSMUSG00000117467;ENSMUSG00000117478;ENSMUSG00000117473;ENSMUSG00000117554;ENSMUSG00000117465;ENSMUSG00000120137	1	many_to_many_strict	lncgDivg	ENSMUSG00000114511;ENSMUSG00000114306;ENSMUSG00000120137	1
ENSG00000286844	1	many_to_many_DifferentNumber	ENSMUSG00000114306;ENSMUSG00000114511;ENSMUSG00000117410;ENSMUSG00000117604;ENSMUSG00000117467;ENSMUSG00000117478;ENSMUSG00000117473;ENSMUSG00000117554;ENSMUSG00000117465;ENSMUSG00000120137	0	NA	NA	NA	0
ENSG00000261715	1	many_to_many_DifferentNumber	ENSMUSG00000114306;ENSMUSG00000114511;ENSMUSG00000117410;ENSMUSG00000117604;ENSMUSG00000117467;ENSMUSG00000117478;ENSMUSG00000117473;ENSMUSG00000117554;ENSMUSG00000117465;ENSMUSG00000120137	0	NA	NA	NA	0
ENSG00000286716	1	many_to_many_DifferentNumber	ENSMUSG00000114306;ENSMUSG00000114511;ENSMUSG00000117410;ENSMUSG00000117604;ENSMUSG00000117467;ENSMUSG00000117478;ENSMUSG00000117473;ENSMUSG00000117554;ENSMUSG00000117465;ENSMUSG00000120137	0	NA	NA	NA	0
ENSG00000286328	1	many_to_many_DifferentNumber	ENSMUSG00000114306;ENSMUSG00000114511;ENSMUSG00000117410;ENSMUSG00000117604;ENSMUSG00000117467;ENSMUSG00000117478;ENSMUSG00000117473;ENSMUSG00000117554;ENSMUSG00000117465;ENSMUSG00000120137	0	NA	NA	NA	0
ENSG00000283503	1	many_to_many_DifferentNumber	ENSMUSG00000114306;ENSMUSG00000114511;ENSMUSG00000117410;ENSMUSG00000117604;ENSMUSG00000117467;ENSMUSG00000117478;ENSMUSG00000117473;ENSMUSG00000117554;ENSMUSG00000117465;ENSMUSG00000120137	0	NA	NA	NA	0
ENSG00000289833	1	many_to_many_DifferentNumber	ENSMUSG00000114306;ENSMUSG00000114511;ENSMUSG00000117410;ENSMUSG00000117604;ENSMUSG00000117467;ENSMUSG00000117478;ENSMUSG00000117473;ENSMUSG00000117554;ENSMUSG00000117465;ENSMUSG00000120137	0	NA	NA	NA	0
ENSG00000283458	1	many_to_many_DifferentNumber	ENSMUSG00000114306;ENSMUSG00000114511;ENSMUSG00000117410;ENSMUSG00000117604;ENSMUSG00000117467;ENSMUSG00000117478;ENSMUSG00000117473;ENSMUSG00000117554;ENSMUSG00000117465;ENSMUSG00000120137	0	NA	NA	NA	0
ENSG00000285940	1	many_to_many_DifferentNumber	ENSMUSG00000114306;ENSMUSG00000114511;ENSMUSG00000117410;ENSMUSG00000117604;ENSMUSG00000117467;ENSMUSG00000117478;ENSMUSG00000117473;ENSMUSG00000117554;ENSMUSG00000117465;ENSMUSG00000120137	1	many_to_many_strict	lncgDivg	ENSMUSG00000114511;ENSMUSG00000114306;ENSMUSG00000120137	0
ENSG00000267313	1	many_to_many_DifferentNumber	ENSMUSG00000117529;ENSMUSG00000117618;ENSMUSG00000117456	0	NA	NA	NA	0
ENSG00000267413	1	many_to_many_DifferentNumber	ENSMUSG00000117529;ENSMUSG00000117618;ENSMUSG00000117456	0	NA	NA	NA	0
ENSG00000268566	1	many_to_many_DifferentNumber	ENSMUSG00000117529;ENSMUSG00000117618;ENSMUSG00000117456	0	NA	NA	NA	0
ENSG00000267374	1	many_to_many_DifferentNumber	ENSMUSG00000117529;ENSMUSG00000117618;ENSMUSG00000117456	0	NA	NA	NA	0
ENSG00000286245	1	many_to_one	ENSMUSG00000118265	1	many_to_one	lncgDivg	ENSMUSG00000114891	0
ENSG00000267628	1	many_to_one	ENSMUSG00000118265	1	many_to_one	lncgDivg	ENSMUSG00000114891	0
ENSG00000267015	1	many_to_one	ENSMUSG00000118265	1	many_to_one	lncgDivg	ENSMUSG00000114891	0
ENSG00000266256	1	many_to_many_DifferentNumber	ENSMUSG00000117842;ENSMUSG00000101773;ENSMUSG00000120537	0	NA	NA	NA	0
ENSG00000276397	1	many_to_many_DifferentNumber	ENSMUSG00000117842;ENSMUSG00000101773;ENSMUSG00000120537	0	NA	NA	NA	0
ENSG00000275763	1	many_to_many_DifferentNumber	ENSMUSG00000117842;ENSMUSG00000101773;ENSMUSG00000120537	1	many_to_one	lncgDivg	ENSMUSG00000118339	0
ENSG00000263982	1	many_to_many_DifferentNumber	ENSMUSG00000117842;ENSMUSG00000101773;ENSMUSG00000120537	1	many_to_one	lncgDivg	ENSMUSG00000118339	0
ENSG00000265778	1	many_to_many_DifferentNumber	ENSMUSG00000117842;ENSMUSG00000101773;ENSMUSG00000120537	1	many_to_one	lncgDivg	ENSMUSG00000118339	0
ENSG00000266312	1	many_to_many_DifferentNumber	ENSMUSG00000118012;ENSMUSG00000117824;ENSMUSG00000117888;ENSMUSG00000118085;ENSMUSG00000097738;ENSMUSG00000117762	0	NA	NA	NA	0
ENSG00000286090	1	many_to_many_DifferentNumber	ENSMUSG00000118012;ENSMUSG00000117824;ENSMUSG00000117888;ENSMUSG00000118085;ENSMUSG00000097738;ENSMUSG00000117762	0	NA	NA	NA	0
ENSG00000264278	1	many_to_many_DifferentNumber	ENSMUSG00000118012;ENSMUSG00000117824;ENSMUSG00000117888;ENSMUSG00000118085;ENSMUSG00000097738;ENSMUSG00000117762	1	one_to_one	lncgDivg	ENSMUSG00000118012	0
ENSG00000278107	1	many_to_many_DifferentNumber	ENSMUSG00000118012;ENSMUSG00000117824;ENSMUSG00000117888;ENSMUSG00000118085;ENSMUSG00000097738;ENSMUSG00000117762	1	one_to_many	lincDivg	ENSMUSG00000118085;ENSMUSG00000117888;ENSMUSG00000117824	0
ENSG00000273232	1	one_to_many	ENSMUSG00000117634;ENSMUSG00000097440	1	many_to_one	lncgDivg	ENSMUSG00000117634	1
ENSG00000264340	1	many_to_many_sameNumber	ENSMUSG00000118385;ENSMUSG00000120353	1	one_to_one	lncgDivg	ENSMUSG00000117676	0
ENSG00000264247	1	many_to_many_sameNumber	ENSMUSG00000118385;ENSMUSG00000120353	1	one_to_many	lncgDivg	ENSMUSG00000120353;ENSMUSG00000118385	1
ENSG00000265378	1	many_to_many_DifferentNumber	ENSMUSG00000097181;ENSMUSG00000118227;ENSMUSG00000117870;ENSMUSG00000118172;ENSMUSG00000117892;ENSMUSG00000117817;ENSMUSG00000117913;ENSMUSG00000118057;ENSMUSG00000120297	0	NA	NA	NA	0
ENSG00000264693	1	many_to_many_DifferentNumber	ENSMUSG00000097181;ENSMUSG00000118227;ENSMUSG00000117870;ENSMUSG00000118172;ENSMUSG00000117892;ENSMUSG00000117817;ENSMUSG00000117913;ENSMUSG00000118057;ENSMUSG00000120297	0	NA	NA	NA	0
ENSG00000264015	1	many_to_many_DifferentNumber	ENSMUSG00000097181;ENSMUSG00000118227;ENSMUSG00000117870;ENSMUSG00000118172;ENSMUSG00000117892;ENSMUSG00000117817;ENSMUSG00000117913;ENSMUSG00000118057;ENSMUSG00000120297	0	NA	NA	NA	0
ENSG00000266213	1	many_to_many_DifferentNumber	ENSMUSG00000097181;ENSMUSG00000118227;ENSMUSG00000117870;ENSMUSG00000118172;ENSMUSG00000117892;ENSMUSG00000117817;ENSMUSG00000117913;ENSMUSG00000118057;ENSMUSG00000120297	0	NA	NA	NA	0
ENSG00000265644	1	many_to_many_DifferentNumber	ENSMUSG00000097181;ENSMUSG00000118227;ENSMUSG00000117870;ENSMUSG00000118172;ENSMUSG00000117892;ENSMUSG00000117817;ENSMUSG00000117913;ENSMUSG00000118057;ENSMUSG00000120297	0	NA	NA	NA	0
ENSG00000287758	1	many_to_many_DifferentNumber	ENSMUSG00000097181;ENSMUSG00000118227;ENSMUSG00000117870;ENSMUSG00000118172;ENSMUSG00000117892;ENSMUSG00000117817;ENSMUSG00000117913;ENSMUSG00000118057;ENSMUSG00000120297	0	NA	NA	NA	0
ENSG00000264334	1	many_to_many_DifferentNumber	ENSMUSG00000098720;ENSMUSG00000118268;ENSMUSG00000118262;ENSMUSG00000117717;ENSMUSG00000118300;ENSMUSG00000118363;ENSMUSG00000118073;ENSMUSG00000118254;ENSMUSG00000117923;ENSMUSG00000118279	0	NA	NA	NA	0
ENSG00000286727	1	many_to_many_DifferentNumber	ENSMUSG00000098720;ENSMUSG00000118268;ENSMUSG00000118262;ENSMUSG00000117717;ENSMUSG00000118300;ENSMUSG00000118363;ENSMUSG00000118073;ENSMUSG00000118254;ENSMUSG00000117923;ENSMUSG00000118279	0	NA	NA	NA	0
ENSG00000266273	1	many_to_many_DifferentNumber	ENSMUSG00000098720;ENSMUSG00000118268;ENSMUSG00000118262;ENSMUSG00000117717;ENSMUSG00000118300;ENSMUSG00000118363;ENSMUSG00000118073;ENSMUSG00000118254;ENSMUSG00000117923;ENSMUSG00000118279	0	NA	NA	NA	0
ENSG00000265101	1	many_to_many_DifferentNumber	ENSMUSG00000098720;ENSMUSG00000118268;ENSMUSG00000118262;ENSMUSG00000117717;ENSMUSG00000118300;ENSMUSG00000118363;ENSMUSG00000118073;ENSMUSG00000118254;ENSMUSG00000117923;ENSMUSG00000118279	1	many_to_many_strict	lincDivg	ENSMUSG00000118262;ENSMUSG00000118268	0
ENSG00000266586	1	many_to_many_DifferentNumber	ENSMUSG00000098720;ENSMUSG00000118268;ENSMUSG00000118262;ENSMUSG00000117717;ENSMUSG00000118300;ENSMUSG00000118363;ENSMUSG00000118073;ENSMUSG00000118254;ENSMUSG00000117923;ENSMUSG00000118279	1	many_to_many_strict	lincDivg	ENSMUSG00000118262;ENSMUSG00000118268	0
ENSG00000265843	1	many_to_many_DifferentNumber	ENSMUSG00000098720;ENSMUSG00000118268;ENSMUSG00000118262;ENSMUSG00000117717;ENSMUSG00000118300;ENSMUSG00000118363;ENSMUSG00000118073;ENSMUSG00000118254;ENSMUSG00000117923;ENSMUSG00000118279	0	NA	NA	NA	0
ENSG00000263146	1	many_to_many_DifferentNumber	ENSMUSG00000098720;ENSMUSG00000118268;ENSMUSG00000118262;ENSMUSG00000117717;ENSMUSG00000118300;ENSMUSG00000118363;ENSMUSG00000118073;ENSMUSG00000118254;ENSMUSG00000117923;ENSMUSG00000118279	1	one_to_one	lncgDivg	ENSMUSG00000098720	0
ENSG00000264149	1	many_to_many_DifferentNumber	ENSMUSG00000097222;ENSMUSG00000095438	0	NA	NA	NA	1
ENSG00000265142	1	many_to_many_DifferentNumber	ENSMUSG00000097222;ENSMUSG00000095438	1	one_to_one	lncgDivg	ENSMUSG00000095438	1
ENSG00000266010	1	many_to_many_DifferentNumber	ENSMUSG00000097222;ENSMUSG00000095438	1	many_to_one	lncgDivg	ENSMUSG00000097222	1
ENSG00000286126	1	one_to_many	ENSMUSG00000114563;ENSMUSG00000114291;ENSMUSG00000114492	0	NA	NA	NA	0
ENSG00000273669	1	one_to_many	ENSMUSG00000118225;ENSMUSG00000117915	0	NA	NA	NA	0
ENSG00000270112	1	one_to_one	ENSMUSG00000073532	1	one_to_one	lncgDivg	ENSMUSG00000073532	0
ENSG00000264859	1	one_to_one	ENSMUSG00000085595	1	one_to_one	lncgConv	ENSMUSG00000085595	1
ENSG00000264269	1	one_to_one	ENSMUSG00000092569	0	NA	NA	NA	1
ENSG00000267504	1	many_to_one	ENSMUSG00000118017	0	NA	NA	NA	1
ENSG00000267675	1	many_to_one	ENSMUSG00000118017	0	NA	NA	NA	0
ENSG00000276403	1	many_to_one	ENSMUSG00000118017	0	NA	NA	NA	1
ENSG00000267391	1	many_to_one	ENSMUSG00000118017	1	one_to_one	lincConv	ENSMUSG00000118017	1
ENSG00000267743	1	many_to_many_DifferentNumber	ENSMUSG00000117895;ENSMUSG00000120534;ENSMUSG00000120682	1	many_to_many	lncgDivg	ENSMUSG00000120534;ENSMUSG00000117895;ENSMUSG00000114210	1
ENSG00000267396	1	many_to_many_DifferentNumber	ENSMUSG00000117895;ENSMUSG00000120534;ENSMUSG00000120682	1	many_to_many	lncgDivg	ENSMUSG00000120534;ENSMUSG00000117895;ENSMUSG00000114210	1
ENSG00000267209	1	one_to_many	ENSMUSG00000118356;ENSMUSG00000118045;ENSMUSG00000114210	1	one_to_one	lincDivg	ENSMUSG00000118045	1
ENSG00000267257	1	many_to_many_DifferentNumber	ENSMUSG00000118101;ENSMUSG00000118163;ENSMUSG00000117721;ENSMUSG00000118078	1	many_to_many	lncgDivg	ENSMUSG00000118101;ENSMUSG00000118163;ENSMUSG00000117721	1
ENSG00000267579	1	many_to_many_DifferentNumber	ENSMUSG00000118101;ENSMUSG00000118163;ENSMUSG00000117721;ENSMUSG00000118078	1	many_to_many	lncgDivg	ENSMUSG00000118101;ENSMUSG00000118163;ENSMUSG00000117721	1
ENSG00000275418	1	many_to_many_DifferentNumber	ENSMUSG00000118101;ENSMUSG00000118163;ENSMUSG00000117721;ENSMUSG00000118078	1	one_to_one	lincSS.up	ENSMUSG00000118078	1
ENSG00000267476	1	many_to_many_DifferentNumber	ENSMUSG00000117860;ENSMUSG00000117992	0	NA	NA	NA	1
ENSG00000267705	1	many_to_many_DifferentNumber	ENSMUSG00000117860;ENSMUSG00000117992	0	NA	NA	NA	1
ENSG00000267501	1	many_to_many_DifferentNumber	ENSMUSG00000117860;ENSMUSG00000117992	0	NA	NA	NA	1
ENSG00000265656	1	one_to_one	ENSMUSG00000097387	1	one_to_one	lncgDivg	ENSMUSG00000097387	1
ENSG00000283125	1	one_to_one	ENSMUSG00000054006	1	one_to_one	lncgDivg	ENSMUSG00000054006	1
ENSG00000267177	1	many_to_one	ENSMUSG00000117891	1	many_to_one	lncgDivg	ENSMUSG00000117891	0
ENSG00000286926	1	many_to_one	ENSMUSG00000117891	1	many_to_one	lncgDivg	ENSMUSG00000117891	0
ENSG00000267393	1	many_to_one	ENSMUSG00000117891	1	many_to_one	lncgDivg	ENSMUSG00000117891	0
ENSG00000267690	1	many_to_one	ENSMUSG00000117891	1	many_to_one	lncgDivg	ENSMUSG00000117891	0
ENSG00000267694	1	many_to_one	ENSMUSG00000117891	1	many_to_one	lncgDivg	ENSMUSG00000117891	1
ENSG00000267529	1	many_to_one	ENSMUSG00000117891	1	many_to_one	lncgDivg	ENSMUSG00000117891	1
ENSG00000267366	1	many_to_one	ENSMUSG00000117891	1	many_to_one	lncgDivg	ENSMUSG00000117891	1
ENSG00000267136	1	many_to_one	ENSMUSG00000117891	1	many_to_one	lncgDivg	ENSMUSG00000117891	1
ENSG00000267503	1	many_to_one	ENSMUSG00000117891	1	many_to_one	lncgDivg	ENSMUSG00000117891	1
ENSG00000266954	1	many_to_one	ENSMUSG00000117891	1	many_to_one	lncgDivg	ENSMUSG00000117891	1
ENSG00000266049	1	many_to_one	ENSMUSG00000117137	0	NA	NA	NA	1
ENSG00000289061	1	many_to_one	ENSMUSG00000117137	1	one_to_one	lncgDivg	ENSMUSG00000117137	1
ENSG00000268873	1	many_to_many_DifferentNumber	ENSMUSG00000114088;ENSMUSG00000086287	1	one_to_one	lncgDivg	ENSMUSG00000114088	1
ENSG00000278464	1	many_to_many_DifferentNumber	ENSMUSG00000114088;ENSMUSG00000086287	0	NA	NA	NA	1
ENSG00000289867	1	many_to_many_DifferentNumber	ENSMUSG00000114088;ENSMUSG00000086287	0	NA	NA	NA	1
ENSG00000260578	1	one_to_one	ENSMUSG00000101253	0	NA	NA	NA	0
ENSG00000267287	1	many_to_one	ENSMUSG00000118379	0	NA	NA	NA	0
ENSG00000267409	1	many_to_one	ENSMUSG00000118379	0	NA	NA	NA	0
ENSG00000286296	1	many_to_one	ENSMUSG00000118379	0	NA	NA	NA	0
ENSG00000178412	1	many_to_many_DifferentNumber	ENSMUSG00000118070;ENSMUSG00000120406	1	many_to_many	lncgDivg	ENSMUSG00000120406;ENSMUSG00000118070	0
ENSG00000286186	1	many_to_many_DifferentNumber	ENSMUSG00000118070;ENSMUSG00000120406	1	many_to_one	lncgDivg	ENSMUSG00000118265	0
ENSG00000275186	1	many_to_many_DifferentNumber	ENSMUSG00000118070;ENSMUSG00000120406	1	many_to_one	lncgDivg	ENSMUSG00000118265	0
ENSG00000274828	1	many_to_many_DifferentNumber	ENSMUSG00000118070;ENSMUSG00000120406	1	many_to_many	lncgDivg	ENSMUSG00000120406;ENSMUSG00000118070	0
ENSG00000266901	1	one_to_one	ENSMUSG00000097593	1	many_to_many	lncgDivg	ENSMUSG00000120406;ENSMUSG00000118070	1
ENSG00000266708	1	many_to_one	ENSMUSG00000117003	1	one_to_one	lncgDivg	ENSMUSG00000121111	0
ENSG00000265962	1	many_to_one	ENSMUSG00000117003	1	one_to_one	lncgDivg	ENSMUSG00000117003	0
ENSG00000261126	1	one_to_one	ENSMUSG00000118373	0	NA	NA	NA	1
ENSG00000228835	1	many_to_one	ENSMUSG00000043168	1	one_to_one	lncgDivg	ENSMUSG00000043168	1
ENSG00000263765	1	many_to_one	ENSMUSG00000043168	0	NA	NA	NA	1
ENSG00000289168	1	one_to_one	ENSMUSG00000119947	1	one_to_one	lncgDivg	ENSMUSG00000119947	0
ENSG00000267677	1	one_to_one	ENSMUSG00000117907	0	NA	NA	NA	1
ENSG00000267000	1	many_to_one	ENSMUSG00000085055	1	many_to_one	lncgDivg	ENSMUSG00000085055	1
ENSG00000267061	1	many_to_one	ENSMUSG00000085055	1	many_to_one	lncgDivg	ENSMUSG00000085055	1
ENSG00000267269	1	many_to_one	ENSMUSG00000085055	1	many_to_one	lncgDivg	ENSMUSG00000085055	1
ENSG00000267774	1	many_to_one	ENSMUSG00000085055	1	many_to_one	lncgDivg	ENSMUSG00000085055	1
ENSG00000273664	1	many_to_one	ENSMUSG00000085055	1	many_to_one	lncgDivg	ENSMUSG00000085055	1
ENSG00000267341	1	one_to_one	ENSMUSG00000099843	0	NA	NA	NA	1
ENSG00000278017	1	one_to_one	ENSMUSG00000101583	1	one_to_one	lncgDivg	ENSMUSG00000099843	1
ENSG00000289891	1	one_to_one	ENSMUSG00000120613	1	one_to_one	lncgDivg	ENSMUSG00000120613	1
ENSG00000286812	1	many_to_one	ENSMUSG00000117757	0	NA	NA	NA	0
ENSG00000267455	1	many_to_one	ENSMUSG00000117757	0	NA	NA	NA	0
ENSG00000266835	1	one_to_many	ENSMUSG00000097282;ENSMUSG00000117231	0	NA	NA	NA	0
ENSG00000229876	1	one_to_many	ENSMUSG00000086478;ENSMUSG00000086650;ENSMUSG00000087585	0	NA	NA	NA	1
ENSG00000225479	1	one_to_one	ENSMUSG00000084762	0	NA	NA	NA	1
ENSG00000270777	1	many_to_many_DifferentNumber	ENSMUSG00000099683;ENSMUSG00000085504;ENSMUSG00000085640	0	NA	NA	NA	0
ENSG00000224961	1	many_to_many_DifferentNumber	ENSMUSG00000099683;ENSMUSG00000085504;ENSMUSG00000085640	1	one_to_one	lincDivg	ENSMUSG00000099683	0
ENSG00000125899	1	many_to_many_DifferentNumber	ENSMUSG00000099683;ENSMUSG00000085504;ENSMUSG00000085640	0	NA	NA	NA	0
ENSG00000270792	1	many_to_many_DifferentNumber	ENSMUSG00000099683;ENSMUSG00000085504;ENSMUSG00000085640	0	NA	NA	NA	1
ENSG00000282478	1	many_to_one	ENSMUSG00000086214	0	NA	NA	NA	0
ENSG00000287754	1	many_to_one	ENSMUSG00000086214	0	NA	NA	NA	0
ENSG00000230990	1	many_to_one	ENSMUSG00000086214	0	NA	NA	NA	0
ENSG00000232900	1	many_to_one	ENSMUSG00000086214	0	NA	NA	NA	0
ENSG00000234900	1	many_to_one	ENSMUSG00000086214	0	NA	NA	NA	0
ENSG00000228422	1	many_to_one	ENSMUSG00000086214	0	NA	NA	NA	0
ENSG00000261411	1	many_to_one	ENSMUSG00000086214	0	NA	NA	NA	0
ENSG00000233625	1	one_to_many	ENSMUSG00000086384;ENSMUSG00000074758	1	one_to_one	lincSS.dw	ENSMUSG00000074758	0
ENSG00000286087	1	many_to_one	ENSMUSG00000085911	0	NA	NA	NA	0
ENSG00000234265	1	many_to_one	ENSMUSG00000085911	0	NA	NA	NA	0
ENSG00000236526	1	many_to_one	ENSMUSG00000085071	0	NA	NA	NA	0
ENSG00000233048	1	many_to_one	ENSMUSG00000085071	0	NA	NA	NA	0
ENSG00000269931	1	many_to_one	ENSMUSG00000085071	0	NA	NA	NA	0
ENSG00000235292	1	many_to_one	ENSMUSG00000085071	0	NA	NA	NA	0
ENSG00000230437	1	many_to_one	ENSMUSG00000085071	0	NA	NA	NA	0
ENSG00000286571	1	many_to_one	ENSMUSG00000086171	1	many_to_many_strict	lncgDivg	ENSMUSG00000086171;ENSMUSG00000087115	1
ENSG00000287241	1	many_to_one	ENSMUSG00000086171	1	many_to_many_strict	lncgDivg	ENSMUSG00000086171;ENSMUSG00000087115	1
ENSG00000236985	1	many_to_one	ENSMUSG00000086171	0	NA	NA	NA	1
ENSG00000258197	1	many_to_many_DifferentNumber	ENSMUSG00000086509;ENSMUSG00000053545	1	many_to_many_strict	lncgDivg	ENSMUSG00000053545;ENSMUSG00000086509	1
ENSG00000233492	1	many_to_many_DifferentNumber	ENSMUSG00000086509;ENSMUSG00000053545	0	NA	NA	NA	1
ENSG00000289590	1	many_to_many_DifferentNumber	ENSMUSG00000086509;ENSMUSG00000053545	1	many_to_many_strict	lncgDivg	ENSMUSG00000053545;ENSMUSG00000086509	1
ENSG00000279082	1	many_to_many_DifferentNumber	ENSMUSG00000086509;ENSMUSG00000053545	0	NA	NA	NA	1
ENSG00000280350	1	many_to_many_sameNumber	ENSMUSG00000084774;ENSMUSG00000087521	1	one_to_one	lncgDivg	ENSMUSG00000087521	1
ENSG00000289431	1	many_to_many_sameNumber	ENSMUSG00000084774;ENSMUSG00000087521	0	NA	NA	NA	1
ENSG00000234435	1	many_to_one	ENSMUSG00000051986	0	NA	NA	NA	0
ENSG00000234862	1	many_to_one	ENSMUSG00000051986	0	NA	NA	NA	0
ENSG00000238034	1	many_to_one	ENSMUSG00000051986	0	NA	NA	NA	0
ENSG00000204684	1	many_to_one	ENSMUSG00000086141	0	NA	NA	NA	0
ENSG00000225321	1	many_to_one	ENSMUSG00000086141	0	NA	NA	NA	0
ENSG00000288974	1	many_to_one	ENSMUSG00000086141	0	NA	NA	NA	0
ENSG00000259974	1	many_to_one	ENSMUSG00000086141	1	one_to_one	lncgSS.dw	ENSMUSG00000086141	0
ENSG00000230725	1	many_to_many_sameNumber	ENSMUSG00000086563;ENSMUSG00000100630	1	many_to_one	lincDivg	ENSMUSG00000100630	0
ENSG00000286472	1	many_to_many_sameNumber	ENSMUSG00000086563;ENSMUSG00000100630	1	many_to_one	lincDivg	ENSMUSG00000100630	0
ENSG00000230387	1	one_to_one	ENSMUSG00000087678	1	one_to_one	lincDivg	ENSMUSG00000087678	0
ENSG00000285100	1	many_to_one	ENSMUSG00000078957	0	NA	NA	NA	0
ENSG00000285144	1	many_to_one	ENSMUSG00000078957	0	NA	NA	NA	0
ENSG00000285347	1	many_to_one	ENSMUSG00000078957	1	one_to_one	lncgDivg	ENSMUSG00000078957	0
ENSG00000229042	1	many_to_many_sameNumber	ENSMUSG00000084919;ENSMUSG00000087536;ENSMUSG00000054457	1	many_to_many	lncgDivg	ENSMUSG00000084919;ENSMUSG00000054457	0
ENSG00000227599	1	many_to_many_sameNumber	ENSMUSG00000084919;ENSMUSG00000087536;ENSMUSG00000054457	1	many_to_many	lncgDivg	ENSMUSG00000084919;ENSMUSG00000054457	0
ENSG00000233508	1	many_to_many_sameNumber	ENSMUSG00000084919;ENSMUSG00000087536;ENSMUSG00000054457	1	many_to_many	lncgDivg	ENSMUSG00000084919;ENSMUSG00000054457	0
ENSG00000277550	1	one_to_one	ENSMUSG00000100860	1	one_to_one	lncgDivg	ENSMUSG00000100860	0
ENSG00000233277	1	one_to_one	ENSMUSG00000086152	0	NA	NA	NA	1
ENSG00000228503	1	many_to_many_DifferentNumber	ENSMUSG00000084840;ENSMUSG00000085129	0	NA	NA	NA	0
ENSG00000234967	1	many_to_many_DifferentNumber	ENSMUSG00000084840;ENSMUSG00000085129	0	NA	NA	NA	0
ENSG00000281460	1	many_to_many_DifferentNumber	ENSMUSG00000084840;ENSMUSG00000085129	0	NA	NA	NA	0
ENSG00000281365	1	many_to_many_DifferentNumber	ENSMUSG00000084840;ENSMUSG00000085129	0	NA	NA	NA	0
ENSG00000274261	1	many_to_many_DifferentNumber	ENSMUSG00000084840;ENSMUSG00000085129	0	NA	NA	NA	0
ENSG00000276923	1	many_to_many_DifferentNumber	ENSMUSG00000084840;ENSMUSG00000085129	0	NA	NA	NA	0
ENSG00000229522	1	many_to_many_DifferentNumber	ENSMUSG00000084840;ENSMUSG00000085129	0	NA	NA	NA	0
ENSG00000287443	1	many_to_many_DifferentNumber	ENSMUSG00000084840;ENSMUSG00000085129	0	NA	NA	NA	0
ENSG00000287107	1	many_to_many_DifferentNumber	ENSMUSG00000084840;ENSMUSG00000085129	0	NA	NA	NA	0
ENSG00000255438	1	many_to_many_DifferentNumber	ENSMUSG00000084840;ENSMUSG00000085129	0	NA	NA	NA	1
ENSG00000235621	1	many_to_many_DifferentNumber	ENSMUSG00000084840;ENSMUSG00000085129	0	NA	NA	NA	0
ENSG00000289072	1	many_to_many_DifferentNumber	ENSMUSG00000084840;ENSMUSG00000085129	0	NA	NA	NA	0
ENSG00000287335	1	many_to_many_DifferentNumber	ENSMUSG00000084840;ENSMUSG00000085129	0	NA	NA	NA	0
ENSG00000236874	1	many_to_many_DifferentNumber	ENSMUSG00000085618;ENSMUSG00000085046;ENSMUSG00000087617	0	NA	NA	NA	0
ENSG00000286063	1	many_to_many_DifferentNumber	ENSMUSG00000085618;ENSMUSG00000085046;ENSMUSG00000087617	0	NA	NA	NA	0
ENSG00000288083	1	many_to_many_DifferentNumber	ENSMUSG00000085618;ENSMUSG00000085046;ENSMUSG00000087617	0	NA	NA	NA	0
ENSG00000237423	1	many_to_many_DifferentNumber	ENSMUSG00000085618;ENSMUSG00000085046;ENSMUSG00000087617	0	NA	NA	NA	0
ENSG00000286179	1	many_to_many_DifferentNumber	ENSMUSG00000085618;ENSMUSG00000085046;ENSMUSG00000087617	0	NA	NA	NA	0
ENSG00000231119	1	many_to_many_DifferentNumber	ENSMUSG00000085274;ENSMUSG00000086820	1	many_to_many	lncgDivg	ENSMUSG00000086820;ENSMUSG00000085274	1
ENSG00000267882	1	many_to_many_DifferentNumber	ENSMUSG00000085274;ENSMUSG00000086820	1	many_to_many	lncgDivg	ENSMUSG00000086820;ENSMUSG00000085274	1
ENSG00000289329	1	many_to_many_DifferentNumber	ENSMUSG00000085274;ENSMUSG00000086820	1	many_to_many	lncgDivg	ENSMUSG00000086820;ENSMUSG00000085274	1
ENSG00000289848	1	many_to_many_DifferentNumber	ENSMUSG00000085274;ENSMUSG00000086820	1	many_to_many	lncgDivg	ENSMUSG00000086820;ENSMUSG00000085274	1
ENSG00000273451	1	many_to_many_DifferentNumber	ENSMUSG00000084816;ENSMUSG00000087351	0	NA	NA	NA	1
ENSG00000224565	1	many_to_many_DifferentNumber	ENSMUSG00000084816;ENSMUSG00000087351	0	NA	NA	NA	1
ENSG00000289895	1	many_to_many_DifferentNumber	ENSMUSG00000084816;ENSMUSG00000087351	0	NA	NA	NA	1
ENSG00000225458	1	one_to_many	ENSMUSG00000109780;ENSMUSG00000067745;ENSMUSG00000087031	0	NA	NA	NA	1
ENSG00000228959	1	many_to_many_DifferentNumber	ENSMUSG00000085469;ENSMUSG00000100943	1	one_to_one	lincSS.dw	ENSMUSG00000100943	1
ENSG00000273951	1	many_to_many_DifferentNumber	ENSMUSG00000085469;ENSMUSG00000100943	0	NA	NA	NA	1
ENSG00000288843	1	many_to_many_DifferentNumber	ENSMUSG00000085469;ENSMUSG00000100943	1	one_to_one	lincSS.up	ENSMUSG00000085469	1
ENSG00000236028	1	one_to_one	ENSMUSG00000100796	1	one_to_one	lncgDivg	ENSMUSG00000100796	1
ENSG00000225563	1	one_to_one	ENSMUSG00000120007	0	NA	NA	NA	0
ENSG00000234693	1	one_to_one	ENSMUSG00000086411	1	one_to_one	lncgDivg	ENSMUSG00000086411	1
ENSG00000286229	1	one_to_one	ENSMUSG00000085225	0	NA	NA	NA	1
ENSG00000286444	1	one_to_one	ENSMUSG00000086407	1	one_to_one	lncgDivg	ENSMUSG00000086407	1
ENSG00000235166	1	many_to_many_DifferentNumber	ENSMUSG00000084818;ENSMUSG00000086613;ENSMUSG00000084829	0	NA	NA	NA	0
ENSG00000286006	1	many_to_many_DifferentNumber	ENSMUSG00000084818;ENSMUSG00000086613;ENSMUSG00000084829	0	NA	NA	NA	0
ENSG00000275923	1	many_to_many_sameNumber	ENSMUSG00000086823;ENSMUSG00000085426;ENSMUSG00000087100	0	NA	NA	NA	0
ENSG00000224008	1	many_to_many_sameNumber	ENSMUSG00000086823;ENSMUSG00000085426;ENSMUSG00000087100	0	NA	NA	NA	0
ENSG00000287478	1	many_to_many_sameNumber	ENSMUSG00000086823;ENSMUSG00000085426;ENSMUSG00000087100	0	NA	NA	NA	0
ENSG00000275437	1	one_to_one	ENSMUSG00000120040	0	NA	NA	NA	1
ENSG00000229882	1	many_to_one	ENSMUSG00000056061	0	NA	NA	NA	0
ENSG00000264490	1	many_to_one	ENSMUSG00000056061	0	NA	NA	NA	0
ENSG00000272050	1	many_to_one	ENSMUSG00000056061	1	one_to_one	lncgDivg	ENSMUSG00000056061	0
ENSG00000289634	1	many_to_one	ENSMUSG00000056061	0	NA	NA	NA	0
ENSG00000174407	1	many_to_one	ENSMUSG00000056061	0	NA	NA	NA	0
ENSG00000289548	1	many_to_one	ENSMUSG00000056061	0	NA	NA	NA	0
ENSG00000232121	1	many_to_many_DifferentNumber	ENSMUSG00000121267;ENSMUSG00000084843	0	NA	NA	NA	0
ENSG00000260542	1	many_to_many_DifferentNumber	ENSMUSG00000121267;ENSMUSG00000084843	1	many_to_one	lincSS.up	ENSMUSG00000084843	0
ENSG00000273812	1	many_to_many_DifferentNumber	ENSMUSG00000121267;ENSMUSG00000084843	0	NA	NA	NA	0
ENSG00000167046	1	many_to_many_DifferentNumber	ENSMUSG00000121267;ENSMUSG00000084843	1	many_to_one	lncgDivg	ENSMUSG00000121267	0
ENSG00000174403	1	many_to_many_DifferentNumber	ENSMUSG00000121267;ENSMUSG00000084843	1	many_to_one	lincSS.up	ENSMUSG00000084843	0
ENSG00000229606	1	many_to_many_DifferentNumber	ENSMUSG00000039138;ENSMUSG00000120838	0	NA	NA	NA	0
ENSG00000276627	1	many_to_many_DifferentNumber	ENSMUSG00000039138;ENSMUSG00000120838	0	NA	NA	NA	0
ENSG00000228340	1	many_to_many_DifferentNumber	ENSMUSG00000039138;ENSMUSG00000120838	1	many_to_one	lincSS.dw	ENSMUSG00000120838	0
ENSG00000176659	1	many_to_many_DifferentNumber	ENSMUSG00000039138;ENSMUSG00000120838	1	many_to_one	lincSS.dw	ENSMUSG00000120838	0
ENSG00000237119	1	many_to_many_sameNumber	ENSMUSG00000085428;ENSMUSG00000085728;ENSMUSG00000098051;ENSMUSG00000121196	0	NA	NA	NA	0
ENSG00000272259	1	many_to_many_sameNumber	ENSMUSG00000085428;ENSMUSG00000085728;ENSMUSG00000098051;ENSMUSG00000121196	0	NA	NA	NA	0
ENSG00000225978	1	many_to_many_sameNumber	ENSMUSG00000085428;ENSMUSG00000085728;ENSMUSG00000098051;ENSMUSG00000121196	1	many_to_many	lincConv	ENSMUSG00000085428;ENSMUSG00000121196;ENSMUSG00000098051;ENSMUSG00000085728	0
ENSG00000287324	1	many_to_many_sameNumber	ENSMUSG00000085428;ENSMUSG00000085728;ENSMUSG00000098051;ENSMUSG00000121196	1	many_to_many	lincConv	ENSMUSG00000085428;ENSMUSG00000121196;ENSMUSG00000098051;ENSMUSG00000085728	0
ENSG00000125514	1	many_to_many_DifferentNumber	ENSMUSG00000074507;ENSMUSG00000086166;ENSMUSG00000121094	1	many_to_one	lincSS.up	ENSMUSG00000074507	0
ENSG00000231133	1	many_to_many_DifferentNumber	ENSMUSG00000074507;ENSMUSG00000086166;ENSMUSG00000121094	1	many_to_one	lincSS.up	ENSMUSG00000074507	0
ENSG00000260416	1	many_to_many_DifferentNumber	ENSMUSG00000074507;ENSMUSG00000086166;ENSMUSG00000121094	1	many_to_many	lincSS.dw	ENSMUSG00000086166;ENSMUSG00000121094	0
ENSG00000286628	1	many_to_many_DifferentNumber	ENSMUSG00000074507;ENSMUSG00000086166;ENSMUSG00000121094	1	many_to_many	lincSS.dw	ENSMUSG00000086166;ENSMUSG00000121094	0
ENSG00000231977	1	many_to_many_DifferentNumber	ENSMUSG00000074507;ENSMUSG00000086166;ENSMUSG00000121094	1	many_to_many	lincSS.dw	ENSMUSG00000086166;ENSMUSG00000121094	0
ENSG00000278709	1	many_to_many_DifferentNumber	ENSMUSG00000087600;ENSMUSG00000121269;ENSMUSG00000086114	1	one_to_one	lncgDivg	ENSMUSG00000087600	0
ENSG00000275852	1	many_to_many_DifferentNumber	ENSMUSG00000087600;ENSMUSG00000121269;ENSMUSG00000086114	0	NA	NA	NA	0
ENSG00000234104	1	many_to_many_DifferentNumber	ENSMUSG00000085958;ENSMUSG00000085796;ENSMUSG00000120392;ENSMUSG00000120393	0	NA	NA	NA	1
ENSG00000283405	1	many_to_many_DifferentNumber	ENSMUSG00000085958;ENSMUSG00000085796;ENSMUSG00000120392;ENSMUSG00000120393	1	one_to_many	lincSS.up	ENSMUSG00000120393;ENSMUSG00000120392	1
ENSG00000225127	1	one_to_one	ENSMUSG00000087618	1	one_to_one	lincDivg	ENSMUSG00000087618	1
ENSG00000268649	1	many_to_many_DifferentNumber	ENSMUSG00000074555;ENSMUSG00000086537	0	NA	NA	NA	1
ENSG00000268333	1	many_to_many_DifferentNumber	ENSMUSG00000074555;ENSMUSG00000086537	1	many_to_one	lncgDivg	ENSMUSG00000086537	1
ENSG00000235590	1	many_to_many_DifferentNumber	ENSMUSG00000074555;ENSMUSG00000086537	1	many_to_one	lncgDivg	ENSMUSG00000086537	1
ENSG00000226812	1	one_to_one	ENSMUSG00000046840	1	one_to_one	lncgConv	ENSMUSG00000046840	1
ENSG00000275620	1	one_to_one	ENSMUSG00000087293	1	one_to_one	lncgDivg	ENSMUSG00000087293	0
ENSG00000235214	1	one_to_one	ENSMUSG00000086754	0	NA	NA	NA	1
ENSG00000232406	1	one_to_many	ENSMUSG00000086872;ENSMUSG00000085524	1	many_to_many_strict	lncgDivg	ENSMUSG00000085524;ENSMUSG00000086872	1
ENSG00000288577	1	one_to_one	ENSMUSG00000121224	1	one_to_one	lncgDivg	ENSMUSG00000121224	1
ENSG00000225988	1	one_to_many	ENSMUSG00000085709;ENSMUSG00000086928	0	NA	NA	NA	1
ENSG00000286740	1	many_to_one	ENSMUSG00000085383	1	many_to_one	lncgDivg	ENSMUSG00000085383	1
ENSG00000232738	1	many_to_one	ENSMUSG00000085383	1	many_to_one	lncgDivg	ENSMUSG00000085383	1
ENSG00000286470	1	many_to_one	ENSMUSG00000085383	1	many_to_one	lncgDivg	ENSMUSG00000085383	0
ENSG00000243961	1	many_to_one	ENSMUSG00000085383	0	NA	NA	NA	0
ENSG00000229188	1	one_to_one	ENSMUSG00000097602	1	one_to_many	lncgDivg	ENSMUSG00000085483;ENSMUSG00000097602	0
ENSG00000276688	1	many_to_many_DifferentNumber	ENSMUSG00000027345;ENSMUSG00000086379	1	one_to_one	lincDivg	ENSMUSG00000027345	0
ENSG00000230563	1	many_to_many_DifferentNumber	ENSMUSG00000027345;ENSMUSG00000086379	1	many_to_one	lincConv	ENSMUSG00000086379	0
ENSG00000266908	1	many_to_many_DifferentNumber	ENSMUSG00000027345;ENSMUSG00000086379	0	NA	NA	NA	0
ENSG00000235820	1	many_to_many_DifferentNumber	ENSMUSG00000027345;ENSMUSG00000086379	1	many_to_one	lincConv	ENSMUSG00000086379	0
ENSG00000226995	1	many_to_one	ENSMUSG00000086250	1	many_to_one	lincSS.dw	ENSMUSG00000086250	0
ENSG00000205181	1	many_to_one	ENSMUSG00000086250	1	many_to_one	lincSS.dw	ENSMUSG00000086250	0
ENSG00000225640	1	many_to_one	ENSMUSG00000086250	1	many_to_one	lincSS.dw	ENSMUSG00000086250	0
ENSG00000235996	1	many_to_one	ENSMUSG00000074753	1	many_to_one	lncgDivg	ENSMUSG00000074753	1
ENSG00000179447	1	many_to_one	ENSMUSG00000074753	1	many_to_one	lncgDivg	ENSMUSG00000074753	1
ENSG00000232675	1	many_to_one	ENSMUSG00000074753	1	many_to_one	lncgDivg	ENSMUSG00000074753	1
ENSG00000268628	1	many_to_one	ENSMUSG00000074753	0	NA	NA	NA	1
ENSG00000286972	1	one_to_one	ENSMUSG00000078955	0	NA	NA	NA	1
ENSG00000229771	1	one_to_many	ENSMUSG00000120859;ENSMUSG00000078956	0	NA	NA	NA	1
ENSG00000260032	1	many_to_many_sameNumber	ENSMUSG00000085546;ENSMUSG00000087323;ENSMUSG00000102869	1	one_to_one	lincConv	ENSMUSG00000102869	1
ENSG00000277235	1	many_to_many_sameNumber	ENSMUSG00000085546;ENSMUSG00000087323;ENSMUSG00000102869	0	NA	NA	NA	1
ENSG00000237063	1	many_to_many_sameNumber	ENSMUSG00000085546;ENSMUSG00000087323;ENSMUSG00000102869	1	many_to_many_strict	lncgDivg	ENSMUSG00000085524;ENSMUSG00000086872	1
ENSG00000177410	1	one_to_one	ENSMUSG00000074578	1	one_to_one	lncgDivg	ENSMUSG00000074578	1
ENSG00000231742	1	many_to_one	ENSMUSG00000085914	0	NA	NA	NA	0
ENSG00000234698	1	many_to_one	ENSMUSG00000085914	0	NA	NA	NA	0
ENSG00000203999	1	many_to_many_DifferentNumber	ENSMUSG00000006462;ENSMUSG00000084797;ENSMUSG00000087624;ENSMUSG00000085411	0	NA	NA	NA	0
ENSG00000224397	1	many_to_many_DifferentNumber	ENSMUSG00000006462;ENSMUSG00000084797;ENSMUSG00000087624;ENSMUSG00000085411	1	one_to_many	lincSS.dw	ENSMUSG00000084797;ENSMUSG00000087624	0
ENSG00000233077	1	one_to_many	ENSMUSG00000087684;ENSMUSG00000121034;ENSMUSG00000120508	0	NA	NA	NA	0
ENSG00000283078	1	one_to_one	ENSMUSG00000085704	1	one_to_one	lncgDivg	ENSMUSG00000085704	0
ENSG00000236352	1	one_to_many	ENSMUSG00000086999;ENSMUSG00000086970	1	one_to_many	lncgDivg	ENSMUSG00000086970;ENSMUSG00000086999	0
ENSG00000232907	1	one_to_many	ENSMUSG00000087508;ENSMUSG00000086638	0	NA	NA	NA	1
ENSG00000223891	1	one_to_one	ENSMUSG00000099632	1	one_to_one	lncgDivg	ENSMUSG00000099632	1
ENSG00000286787	1	one_to_one	ENSMUSG00000087033	0	NA	NA	NA	0
ENSG00000280213	1	one_to_one	ENSMUSG00000010492	1	one_to_one	lncgConv	ENSMUSG00000010492	1
ENSG00000290421	1	one_to_one	ENSMUSG00000085151	0	NA	NA	NA	1
ENSG00000291067	1	one_to_one	ENSMUSG00000121504	1	one_to_one	lncgDivg	ENSMUSG00000121504	1
ENSG00000267688	1	many_to_one	ENSMUSG00000112350	0	NA	NA	NA	0
ENSG00000267139	1	many_to_one	ENSMUSG00000112350	0	NA	NA	NA	0
ENSG00000267448	1	one_to_one	ENSMUSG00000085327	0	NA	NA	NA	0
ENSG00000269085	1	many_to_one	ENSMUSG00000097000	0	NA	NA	NA	1
ENSG00000268309	1	many_to_one	ENSMUSG00000097000	0	NA	NA	NA	1
ENSG00000279529	1	many_to_one	ENSMUSG00000097000	1	one_to_one	lncgConv	ENSMUSG00000097000	1
ENSG00000267006	1	many_to_one	ENSMUSG00000093540	0	NA	NA	NA	0
ENSG00000267223	1	many_to_one	ENSMUSG00000093540	1	many_to_one	lncgDivg	ENSMUSG00000093540	1
ENSG00000286538	1	one_to_one	ENSMUSG00000108334	1	one_to_one	lincConv	ENSMUSG00000108334	1
ENSG00000286041	1	many_to_many_sameNumber	ENSMUSG00000044997;ENSMUSG00000100387;ENSMUSG00000108711;ENSMUSG00000101965	0	NA	NA	NA	1
ENSG00000267489	1	many_to_many_sameNumber	ENSMUSG00000044997;ENSMUSG00000100387;ENSMUSG00000108711;ENSMUSG00000101965	0	NA	NA	NA	1
ENSG00000267204	1	many_to_many_sameNumber	ENSMUSG00000044997;ENSMUSG00000100387;ENSMUSG00000108711;ENSMUSG00000101965	0	NA	NA	NA	1
ENSG00000261400	1	many_to_many_sameNumber	ENSMUSG00000044997;ENSMUSG00000100387;ENSMUSG00000108711;ENSMUSG00000101965	0	NA	NA	NA	1
ENSG00000261316	1	many_to_many_DifferentNumber	ENSMUSG00000101342;ENSMUSG00000100616	0	NA	NA	NA	1
ENSG00000267081	1	many_to_many_DifferentNumber	ENSMUSG00000101342;ENSMUSG00000100616	0	NA	NA	NA	1
ENSG00000284430	1	many_to_many_DifferentNumber	ENSMUSG00000101342;ENSMUSG00000100616	0	NA	NA	NA	1
ENSG00000267378	1	many_to_many_DifferentNumber	ENSMUSG00000101342;ENSMUSG00000100616	0	NA	NA	NA	1
ENSG00000289187	1	many_to_many_DifferentNumber	ENSMUSG00000101342;ENSMUSG00000100616	0	NA	NA	NA	1
ENSG00000267760	1	one_to_many	ENSMUSG00000100905;ENSMUSG00000099715	1	many_to_one	lncgDivg	ENSMUSG00000093540	1
ENSG00000277013	1	one_to_one	ENSMUSG00000108723	0	NA	NA	NA	1
ENSG00000287526	1	many_to_many_DifferentNumber	ENSMUSG00000086184;ENSMUSG00000085124;ENSMUSG00000086631	0	NA	NA	NA	1
ENSG00000289539	1	many_to_many_DifferentNumber	ENSMUSG00000086184;ENSMUSG00000085124;ENSMUSG00000086631	1	one_to_one	lincConv	ENSMUSG00000086631	1
ENSG00000268051	1	many_to_one	ENSMUSG00000109351	0	NA	NA	NA	1
ENSG00000269653	1	many_to_one	ENSMUSG00000109351	0	NA	NA	NA	1
ENSG00000268499	1	many_to_one	ENSMUSG00000109351	0	NA	NA	NA	1
ENSG00000267219	1	one_to_one	ENSMUSG00000085105	1	one_to_one	lncgConv	ENSMUSG00000085105	1
ENSG00000289030	1	one_to_one	ENSMUSG00000108332	0	NA	NA	NA	1
ENSG00000267649	1	one_to_one	ENSMUSG00000108320	0	NA	NA	NA	0
ENSG00000267577	1	one_to_one	ENSMUSG00000085725	1	one_to_one	lncgDivg	ENSMUSG00000085725	1
ENSG00000275234	1	one_to_one	ENSMUSG00000119983	1	one_to_one	lncgDivg	ENSMUSG00000119983	1
ENSG00000277383	1	one_to_many	ENSMUSG00000109984;ENSMUSG00000120250	1	many_to_many_strict	lncgDivg	ENSMUSG00000109984;ENSMUSG00000120250	0
ENSG00000266936	1	one_to_one	ENSMUSG00000097155	0	NA	NA	NA	0
ENSG00000269859	1	one_to_one	ENSMUSG00000109441	0	NA	NA	NA	0
ENSG00000267092	1	one_to_many	ENSMUSG00000087432;ENSMUSG00000085712	0	NA	NA	NA	0
ENSG00000285996	1	many_to_one	ENSMUSG00000109080	1	many_to_one	lncgDivg	ENSMUSG00000109080	0
ENSG00000267192	1	many_to_one	ENSMUSG00000109080	1	many_to_one	lncgDivg	ENSMUSG00000109080	0
ENSG00000267454	1	many_to_one	ENSMUSG00000109080	0	NA	NA	NA	0
ENSG00000267607	1	one_to_one	ENSMUSG00000110790	1	one_to_one	lncgConv	ENSMUSG00000110790	0
ENSG00000287603	1	one_to_one	ENSMUSG00000109602	1	one_to_one	lncgDivg	ENSMUSG00000109602	1
ENSG00000267791	1	one_to_one	ENSMUSG00000087026	0	NA	NA	NA	1
ENSG00000290008	1	one_to_one	ENSMUSG00000097217	1	one_to_one	lncgDivg	ENSMUSG00000097217	1
ENSG00000267469	1	one_to_one	ENSMUSG00000090034	0	NA	NA	NA	1
ENSG00000267582	1	many_to_many_sameNumber	ENSMUSG00000120667;ENSMUSG00000097296	1	one_to_one	lncgDivg	ENSMUSG00000120710	0
ENSG00000267519	1	many_to_many_sameNumber	ENSMUSG00000120667;ENSMUSG00000097296	1	one_to_one	lncgConv	ENSMUSG00000097296	1
ENSG00000259436	1	many_to_one	ENSMUSG00000074274	1	many_to_one	lncgDivg	ENSMUSG00000074274	1
ENSG00000254887	1	many_to_one	ENSMUSG00000074274	1	many_to_one	lncgDivg	ENSMUSG00000074274	1
ENSG00000267299	1	many_to_one	ENSMUSG00000121209	1	many_to_one	lncgDivg	ENSMUSG00000121209	1
ENSG00000267262	1	many_to_one	ENSMUSG00000121209	1	many_to_one	lncgDivg	ENSMUSG00000121209	1
ENSG00000237017	1	one_to_one	ENSMUSG00000085039	0	NA	NA	NA	1
ENSG00000267282	1	one_to_one	ENSMUSG00000092381	0	NA	NA	NA	1
ENSG00000227407	1	many_to_one	ENSMUSG00000085886	1	one_to_one	lncgDivg	ENSMUSG00000086155	1
ENSG00000269873	1	many_to_one	ENSMUSG00000085886	1	many_to_one	lncgConv	ENSMUSG00000085886	1
ENSG00000267838	1	many_to_one	ENSMUSG00000085886	1	many_to_one	lncgConv	ENSMUSG00000085886	1
ENSG00000226696	1	many_to_one	ENSMUSG00000085886	0	NA	NA	NA	1
ENSG00000268854	1	many_to_one	ENSMUSG00000108322	0	NA	NA	NA	1
ENSG00000268518	1	many_to_one	ENSMUSG00000108322	0	NA	NA	NA	1
ENSG00000289950	1	many_to_one	ENSMUSG00000108322	0	NA	NA	NA	1
ENSG00000267122	1	one_to_one	ENSMUSG00000075558	1	one_to_one	lncgDivg	ENSMUSG00000075558	1
ENSG00000288919	1	one_to_one	ENSMUSG00000120054	0	NA	NA	NA	0
ENSG00000269386	1	one_to_one	ENSMUSG00000090952	1	one_to_one	lncgDivg	ENSMUSG00000090952	0
ENSG00000269439	1	one_to_one	ENSMUSG00000120970	1	many_to_one	lncgDivg	ENSMUSG00000120970	1
ENSG00000267714	1	many_to_one	ENSMUSG00000108575	0	NA	NA	NA	1
ENSG00000267580	1	many_to_one	ENSMUSG00000108575	1	many_to_one	lncgDivg	ENSMUSG00000108624	1
ENSG00000267727	1	many_to_many_sameNumber	ENSMUSG00000108486;ENSMUSG00000108739;ENSMUSG00000108624	1	many_to_one	lncgDivg	ENSMUSG00000108624	1
ENSG00000267296	1	many_to_many_sameNumber	ENSMUSG00000108486;ENSMUSG00000108739;ENSMUSG00000108624	1	many_to_one	lncgDivg	ENSMUSG00000108624	1
ENSG00000267130	1	many_to_many_sameNumber	ENSMUSG00000108486;ENSMUSG00000108739;ENSMUSG00000108624	1	many_to_one	lncgDivg	ENSMUSG00000108624	1
ENSG00000271366	1	many_to_many_sameNumber	ENSMUSG00000090357;ENSMUSG00000097750	0	NA	NA	NA	0
ENSG00000288942	1	many_to_many_sameNumber	ENSMUSG00000090357;ENSMUSG00000097750	1	one_to_many	lncgConv	ENSMUSG00000097750;ENSMUSG00000090357	0
ENSG00000267530	1	one_to_one	ENSMUSG00000120557	0	NA	NA	NA	1
ENSG00000272473	1	one_to_one	ENSMUSG00000091994	0	NA	NA	NA	1
ENSG00000288742	1	one_to_one	ENSMUSG00000086155	0	NA	NA	NA	1
ENSG00000289845	1	one_to_many	ENSMUSG00000101029;ENSMUSG00000100029	1	one_to_many	lncgDivg	ENSMUSG00000100029;ENSMUSG00000101029	1
ENSG00000267475	1	one_to_one	ENSMUSG00000097509	1	many_to_one	lncgDivg	ENSMUSG00000097509	0
ENSG00000213904	1	one_to_one	ENSMUSG00000053714	1	one_to_one	lncgConv	ENSMUSG00000053714	1
ENSG00000286024	1	one_to_one	ENSMUSG00000109644	1	one_to_one	lncgDivg	ENSMUSG00000109644	1
ENSG00000267373	1	one_to_many	ENSMUSG00000097472;ENSMUSG00000087502	1	one_to_one	lncgConv	ENSMUSG00000087502	0
ENSG00000236144	1	one_to_one	ENSMUSG00000097320	1	one_to_one	lncgConv	ENSMUSG00000097320	1
ENSG00000266903	1	one_to_one	ENSMUSG00000090075	0	NA	NA	NA	0
ENSG00000267100	1	one_to_one	ENSMUSG00000110915	1	one_to_one	lncgDivg	ENSMUSG00000110915	1
ENSG00000267169	1	one_to_one	ENSMUSG00000074219	1	one_to_one	lncgConv	ENSMUSG00000074219	1
ENSG00000245598	1	one_to_one	ENSMUSG00000097842	0	NA	NA	NA	1
ENSG00000225676	1	many_to_many_sameNumber	ENSMUSG00000085559;ENSMUSG00000085512	0	NA	NA	NA	1
ENSG00000289846	1	many_to_many_sameNumber	ENSMUSG00000085559;ENSMUSG00000085512	1	one_to_one	lincSS.dw	ENSMUSG00000085512	1
ENSG00000234891	1	many_to_many_DifferentNumber	ENSMUSG00000110703;ENSMUSG00000079011	0	NA	NA	NA	1
ENSG00000224404	1	many_to_many_DifferentNumber	ENSMUSG00000110703;ENSMUSG00000079011	0	NA	NA	NA	1
ENSG00000237316	1	many_to_many_DifferentNumber	ENSMUSG00000110703;ENSMUSG00000079011	0	NA	NA	NA	1
ENSG00000232081	1	many_to_many_DifferentNumber	ENSMUSG00000110703;ENSMUSG00000079011	0	NA	NA	NA	1
ENSG00000286592	1	many_to_many_DifferentNumber	ENSMUSG00000110703;ENSMUSG00000079011	1	one_to_one	lincDivg	ENSMUSG00000079011	1
ENSG00000234688	1	one_to_one	ENSMUSG00000092375	1	one_to_one	lncgDivg	ENSMUSG00000092375	1
ENSG00000236054	1	many_to_many_sameNumber	ENSMUSG00000112493;ENSMUSG00000087256	1	many_to_many_strict	lncgDivg	ENSMUSG00000087256;ENSMUSG00000112493	1
ENSG00000229673	1	many_to_many_sameNumber	ENSMUSG00000112493;ENSMUSG00000087256	1	many_to_many_strict	lncgDivg	ENSMUSG00000087256;ENSMUSG00000112493	1
ENSG00000233179	1	many_to_many_DifferentNumber	ENSMUSG00000116040;ENSMUSG00000116171;ENSMUSG00000116296;ENSMUSG00000116353;ENSMUSG00000116229;ENSMUSG00000115930	0	NA	NA	NA	1
ENSG00000224715	1	many_to_many_DifferentNumber	ENSMUSG00000116040;ENSMUSG00000116171;ENSMUSG00000116296;ENSMUSG00000116353;ENSMUSG00000116229;ENSMUSG00000115930	0	NA	NA	NA	1
ENSG00000279712	1	many_to_many_DifferentNumber	ENSMUSG00000116040;ENSMUSG00000116171;ENSMUSG00000116296;ENSMUSG00000116353;ENSMUSG00000116229;ENSMUSG00000115930	0	NA	NA	NA	1
ENSG00000278890	1	many_to_many_DifferentNumber	ENSMUSG00000116040;ENSMUSG00000116171;ENSMUSG00000116296;ENSMUSG00000116353;ENSMUSG00000116229;ENSMUSG00000115930	0	NA	NA	NA	1
ENSG00000229275	1	many_to_many_DifferentNumber	ENSMUSG00000116040;ENSMUSG00000116171;ENSMUSG00000116296;ENSMUSG00000116353;ENSMUSG00000116229;ENSMUSG00000115930	0	NA	NA	NA	1
ENSG00000285855	1	many_to_many_DifferentNumber	ENSMUSG00000116040;ENSMUSG00000116171;ENSMUSG00000116296;ENSMUSG00000116353;ENSMUSG00000116229;ENSMUSG00000115930	0	NA	NA	NA	1
ENSG00000224271	1	many_to_many_DifferentNumber	ENSMUSG00000116040;ENSMUSG00000116171;ENSMUSG00000116296;ENSMUSG00000116353;ENSMUSG00000116229;ENSMUSG00000115930	0	NA	NA	NA	1
ENSG00000235154	1	many_to_many_DifferentNumber	ENSMUSG00000115918;ENSMUSG00000115957	0	NA	NA	NA	1
ENSG00000288540	1	many_to_many_DifferentNumber	ENSMUSG00000115918;ENSMUSG00000115957	0	NA	NA	NA	1
ENSG00000205634	1	many_to_many_DifferentNumber	ENSMUSG00000115918;ENSMUSG00000115957	0	NA	NA	NA	1
ENSG00000287225	1	many_to_many_DifferentNumber	ENSMUSG00000115918;ENSMUSG00000115957	0	NA	NA	NA	1
ENSG00000238192	1	many_to_many_DifferentNumber	ENSMUSG00000115918;ENSMUSG00000115957	0	NA	NA	NA	1
ENSG00000280080	1	many_to_many_DifferentNumber	ENSMUSG00000115918;ENSMUSG00000115957	1	many_to_many_strict	lncgDivg	ENSMUSG00000120224;ENSMUSG00000115918	1
ENSG00000285707	1	many_to_many_DifferentNumber	ENSMUSG00000115918;ENSMUSG00000115957	0	NA	NA	NA	1
ENSG00000218357	1	many_to_many_DifferentNumber	ENSMUSG00000115918;ENSMUSG00000115957	0	NA	NA	NA	1
ENSG00000234300	1	one_to_one	ENSMUSG00000116409	0	NA	NA	NA	1
ENSG00000279182	1	many_to_one	ENSMUSG00000121082	1	many_to_one	lncgDivg	ENSMUSG00000121082	1
ENSG00000227484	1	many_to_one	ENSMUSG00000121082	1	many_to_one	lncgDivg	ENSMUSG00000121082	1
ENSG00000273289	1	many_to_many_DifferentNumber	ENSMUSG00000097209;ENSMUSG00000116004;ENSMUSG00000116305;ENSMUSG00000120923	1	many_to_many_strict	lincDivg	ENSMUSG00000116305;ENSMUSG00000116004;ENSMUSG00000120923	1
ENSG00000241990	1	many_to_many_DifferentNumber	ENSMUSG00000097209;ENSMUSG00000116004;ENSMUSG00000116305;ENSMUSG00000120923	1	many_to_many_strict	lincDivg	ENSMUSG00000116305;ENSMUSG00000116004;ENSMUSG00000120923	1
ENSG00000273145	1	many_to_many_DifferentNumber	ENSMUSG00000097209;ENSMUSG00000116004;ENSMUSG00000116305;ENSMUSG00000120923	1	many_to_many_strict	lincDivg	ENSMUSG00000116305;ENSMUSG00000116004;ENSMUSG00000120923	1
ENSG00000289044	1	many_to_many_DifferentNumber	ENSMUSG00000097209;ENSMUSG00000116004;ENSMUSG00000116305;ENSMUSG00000120923	0	NA	NA	NA	1
ENSG00000197182	1	many_to_many_DifferentNumber	ENSMUSG00000097209;ENSMUSG00000116004;ENSMUSG00000116305;ENSMUSG00000120923	0	NA	NA	NA	1
ENSG00000228839	1	one_to_one	ENSMUSG00000053263	0	NA	NA	NA	1
ENSG00000286485	1	one_to_one	ENSMUSG00000116697	1	one_to_one	lncgDivg	ENSMUSG00000116697	1
ENSG00000237387	1	one_to_one	ENSMUSG00000098230	0	NA	NA	NA	0
ENSG00000224794	1	many_to_many_sameNumber	ENSMUSG00000116125;ENSMUSG00000120517	0	NA	NA	NA	0
ENSG00000284633	1	many_to_many_sameNumber	ENSMUSG00000116125;ENSMUSG00000120517	1	one_to_one	lncgDivg	ENSMUSG00000116125	0
ENSG00000229999	1	one_to_one	ENSMUSG00000115976	1	one_to_one	lncgDivg	ENSMUSG00000115976	0
ENSG00000272834	1	many_to_one	ENSMUSG00000047938	1	many_to_one	lncgDivg	ENSMUSG00000047938	1
ENSG00000232564	1	many_to_one	ENSMUSG00000047938	1	many_to_one	lncgDivg	ENSMUSG00000047938	1
ENSG00000269987	1	many_to_many_sameNumber	ENSMUSG00000087291;ENSMUSG00000084962	0	NA	NA	NA	0
ENSG00000269972	1	many_to_many_sameNumber	ENSMUSG00000087291;ENSMUSG00000084962	0	NA	NA	NA	0
ENSG00000286990	1	many_to_many_DifferentNumber	ENSMUSG00000108232;ENSMUSG00000108171;ENSMUSG00000097011;ENSMUSG00000119973	1	many_to_many	lncgDivg	ENSMUSG00000108232;ENSMUSG00000097011;ENSMUSG00000108171	1
ENSG00000235295	1	many_to_many_DifferentNumber	ENSMUSG00000108232;ENSMUSG00000108171;ENSMUSG00000097011;ENSMUSG00000119973	1	many_to_many	lncgDivg	ENSMUSG00000108232;ENSMUSG00000097011;ENSMUSG00000108171	1
ENSG00000286508	1	many_to_many_sameNumber	ENSMUSG00000084915;ENSMUSG00000118456	1	one_to_one	lncgSS.up	ENSMUSG00000118456	1
ENSG00000289244	1	many_to_many_sameNumber	ENSMUSG00000084915;ENSMUSG00000118456	1	one_to_one	lncgDivg	ENSMUSG00000084915	1
ENSG00000225929	1	one_to_one	ENSMUSG00000086602	0	NA	NA	NA	0
ENSG00000273424	1	one_to_one	ENSMUSG00000120817	0	NA	NA	NA	1
ENSG00000236499	1	one_to_one	ENSMUSG00000116557	0	NA	NA	NA	1
ENSG00000249923	1	one_to_one	ENSMUSG00000116772	0	NA	NA	NA	1
ENSG00000184068	1	one_to_one	ENSMUSG00000120783	0	NA	NA	NA	0
ENSG00000273176	1	one_to_one	ENSMUSG00000110593	1	one_to_one	lncgDivg	ENSMUSG00000110433	1
ENSG00000273214	1	one_to_one	ENSMUSG00000075555	0	NA	NA	NA	0
ENSG00000279080	1	one_to_one	ENSMUSG00000092494	1	one_to_one	lncgDivg	ENSMUSG00000092494	1
ENSG00000286127	1	one_to_one	ENSMUSG00000084792	0	NA	NA	NA	1
ENSG00000244491	1	many_to_many_DifferentNumber	ENSMUSG00000089796;ENSMUSG00000087543	1	many_to_many	lncgDivg	ENSMUSG00000089796;ENSMUSG00000087543	1
ENSG00000230149	1	many_to_many_DifferentNumber	ENSMUSG00000089796;ENSMUSG00000087543	1	many_to_many	lncgDivg	ENSMUSG00000089796;ENSMUSG00000087543	1
ENSG00000225450	1	many_to_many_DifferentNumber	ENSMUSG00000089796;ENSMUSG00000087543	1	many_to_many	lncgDivg	ENSMUSG00000089796;ENSMUSG00000087543	1
ENSG00000272669	1	many_to_many_DifferentNumber	ENSMUSG00000089796;ENSMUSG00000087543	1	many_to_many	lncgDivg	ENSMUSG00000089796;ENSMUSG00000087543	1
ENSG00000273076	1	many_to_many_DifferentNumber	ENSMUSG00000089796;ENSMUSG00000087543	1	many_to_many	lncgDivg	ENSMUSG00000089796;ENSMUSG00000087543	1
ENSG00000280007	1	one_to_one	ENSMUSG00000086527	1	one_to_one	lncgDivg	ENSMUSG00000086527	1
ENSG00000205559	1	many_to_one	ENSMUSG00000079242	1	many_to_one	lncgDivg	ENSMUSG00000079242	1
ENSG00000272940	1	many_to_one	ENSMUSG00000079242	1	many_to_one	lncgDivg	ENSMUSG00000079242	1
ENSG00000273044	1	one_to_many	ENSMUSG00000110693;ENSMUSG00000110640	1	one_to_one	lincSS.up	ENSMUSG00000110693	0
ENSG00000228719	1	one_to_one	ENSMUSG00000120785	0	NA	NA	NA	0
ENSG00000229971	1	one_to_one	ENSMUSG00000097057	0	NA	NA	NA	0
ENSG00000289564	1	one_to_one	ENSMUSG00000116823	0	NA	NA	NA	1
ENSG00000272694	1	one_to_one	ENSMUSG00000116260	1	one_to_one	lncgDivg	ENSMUSG00000116260	1
ENSG00000261202	1	one_to_one	ENSMUSG00000116220	0	NA	NA	NA	1
ENSG00000260708	1	one_to_one	ENSMUSG00000120224	1	many_to_many_strict	lncgDivg	ENSMUSG00000120224;ENSMUSG00000115918	1
ENSG00000232363	1	one_to_one	ENSMUSG00000115924	1	one_to_one	lncgConv	ENSMUSG00000115924	1
ENSG00000289481	1	one_to_one	ENSMUSG00000120128	1	one_to_one	lncgSS.dw	ENSMUSG00000120128	1
ENSG00000229289	1	many_to_one	ENSMUSG00000101810	0	NA	NA	NA	0
ENSG00000230233	1	many_to_one	ENSMUSG00000101810	0	NA	NA	NA	0
ENSG00000231620	1	many_to_one	ENSMUSG00000101810	0	NA	NA	NA	0
ENSG00000244676	1	one_to_many	ENSMUSG00000116628;ENSMUSG00000116786	1	one_to_one	lncgDivg	ENSMUSG00000116628	1
ENSG00000229047	1	many_to_many_sameNumber	ENSMUSG00000116968;ENSMUSG00000116701;ENSMUSG00000108903	0	NA	NA	NA	1
ENSG00000231201	1	many_to_many_sameNumber	ENSMUSG00000116968;ENSMUSG00000116701;ENSMUSG00000108903	0	NA	NA	NA	1
ENSG00000236471	1	many_to_many_sameNumber	ENSMUSG00000116968;ENSMUSG00000116701;ENSMUSG00000108903	0	NA	NA	NA	1
ENSG00000288578	1	many_to_many_DifferentNumber	ENSMUSG00000109338;ENSMUSG00000109333;ENSMUSG00000100857	0	NA	NA	NA	1
ENSG00000224247	1	many_to_many_DifferentNumber	ENSMUSG00000109338;ENSMUSG00000109333;ENSMUSG00000100857	0	NA	NA	NA	1
ENSG00000288555	1	many_to_many_DifferentNumber	ENSMUSG00000109338;ENSMUSG00000109333;ENSMUSG00000100857	0	NA	NA	NA	1
ENSG00000229425	1	many_to_many_DifferentNumber	ENSMUSG00000109338;ENSMUSG00000109333;ENSMUSG00000100857	0	NA	NA	NA	1
ENSG00000288536	1	many_to_many_DifferentNumber	ENSMUSG00000109338;ENSMUSG00000109333;ENSMUSG00000100857	1	one_to_one	lincSS.up	ENSMUSG00000109338	1
ENSG00000226935	1	many_to_many_DifferentNumber	ENSMUSG00000116799;ENSMUSG00000116810	0	NA	NA	NA	1
ENSG00000232079	1	many_to_many_DifferentNumber	ENSMUSG00000116799;ENSMUSG00000116810	0	NA	NA	NA	1
ENSG00000236332	1	many_to_many_DifferentNumber	ENSMUSG00000116799;ENSMUSG00000116810	0	NA	NA	NA	1
ENSG00000234052	1	many_to_many_DifferentNumber	ENSMUSG00000116799;ENSMUSG00000116810	0	NA	NA	NA	1
ENSG00000225298	1	many_to_many_DifferentNumber	ENSMUSG00000116799;ENSMUSG00000116810	0	NA	NA	NA	1
ENSG00000234083	1	many_to_many_DifferentNumber	ENSMUSG00000116799;ENSMUSG00000116810	0	NA	NA	NA	1
ENSG00000178457	1	many_to_many_DifferentNumber	ENSMUSG00000116799;ENSMUSG00000116810	0	NA	NA	NA	1
ENSG00000231236	1	many_to_many_DifferentNumber	ENSMUSG00000116556;ENSMUSG00000116555;ENSMUSG00000116979;ENSMUSG00000116993	0	NA	NA	NA	1
ENSG00000232855	1	many_to_many_DifferentNumber	ENSMUSG00000116556;ENSMUSG00000116555;ENSMUSG00000116979;ENSMUSG00000116993	0	NA	NA	NA	1
ENSG00000236532	1	many_to_many_DifferentNumber	ENSMUSG00000116556;ENSMUSG00000116555;ENSMUSG00000116979;ENSMUSG00000116993	0	NA	NA	NA	1
ENSG00000273492	1	many_to_many_DifferentNumber	ENSMUSG00000115518;ENSMUSG00000115469;ENSMUSG00000114988	1	many_to_many_strict	lncgDivg	ENSMUSG00000115469;ENSMUSG00000114988;ENSMUSG00000115518	1
ENSG00000232692	1	many_to_many_DifferentNumber	ENSMUSG00000115518;ENSMUSG00000115469;ENSMUSG00000114988	0	NA	NA	NA	1
ENSG00000197934	1	many_to_many_DifferentNumber	ENSMUSG00000115518;ENSMUSG00000115469;ENSMUSG00000114988	0	NA	NA	NA	1
ENSG00000233783	1	many_to_many_DifferentNumber	ENSMUSG00000115518;ENSMUSG00000115469;ENSMUSG00000114988	1	many_to_many_strict	lncgDivg	ENSMUSG00000115469;ENSMUSG00000114988;ENSMUSG00000115518	1
ENSG00000224541	1	many_to_many_DifferentNumber	ENSMUSG00000115518;ENSMUSG00000115469;ENSMUSG00000114988	1	many_to_many_strict	lncgDivg	ENSMUSG00000115469;ENSMUSG00000114988;ENSMUSG00000115518	1
ENSG00000223563	1	one_to_one	ENSMUSG00000116586	0	NA	NA	NA	1
ENSG00000259981	1	many_to_one	ENSMUSG00000116885	1	one_to_one	lincConv	ENSMUSG00000116885	1
ENSG00000273464	1	many_to_one	ENSMUSG00000116885	0	NA	NA	NA	1
ENSG00000174680	1	many_to_one	ENSMUSG00000116885	0	NA	NA	NA	1
ENSG00000184029	1	many_to_one	ENSMUSG00000116720	0	NA	NA	NA	1
ENSG00000223608	1	many_to_one	ENSMUSG00000116720	0	NA	NA	NA	1
ENSG00000233213	1	many_to_one	ENSMUSG00000116720	0	NA	NA	NA	1
ENSG00000286717	1	one_to_many	ENSMUSG00000120726;ENSMUSG00000116641	1	one_to_one	lncgConv	ENSMUSG00000116641	1
ENSG00000231231	1	many_to_one	ENSMUSG00000116716	0	NA	NA	NA	1
ENSG00000226012	1	many_to_one	ENSMUSG00000116716	0	NA	NA	NA	1
ENSG00000229925	1	many_to_many_DifferentNumber	ENSMUSG00000085903;ENSMUSG00000120519	0	NA	NA	NA	1
ENSG00000229986	1	many_to_many_DifferentNumber	ENSMUSG00000085903;ENSMUSG00000120519	0	NA	NA	NA	0
ENSG00000287082	1	many_to_many_DifferentNumber	ENSMUSG00000085903;ENSMUSG00000120519	0	NA	NA	NA	1
ENSG00000289445	1	many_to_many_DifferentNumber	ENSMUSG00000085903;ENSMUSG00000120519	0	NA	NA	NA	1
ENSG00000237609	1	many_to_many_DifferentNumber	ENSMUSG00000117232;ENSMUSG00000085329	0	NA	NA	NA	1
ENSG00000232837	1	many_to_many_DifferentNumber	ENSMUSG00000117232;ENSMUSG00000085329	0	NA	NA	NA	1
ENSG00000235888	1	many_to_many_DifferentNumber	ENSMUSG00000117232;ENSMUSG00000085329	0	NA	NA	NA	1
ENSG00000205622	1	many_to_many_DifferentNumber	ENSMUSG00000117232;ENSMUSG00000085329	1	one_to_one	lincConv	ENSMUSG00000085329	1
ENSG00000272657	1	many_to_many_sameNumber	ENSMUSG00000086331;ENSMUSG00000116747;ENSMUSG00000116608	0	NA	NA	NA	1
ENSG00000214955	1	many_to_many_sameNumber	ENSMUSG00000086331;ENSMUSG00000116747;ENSMUSG00000116608	0	NA	NA	NA	1
ENSG00000227456	1	many_to_many_sameNumber	ENSMUSG00000086331;ENSMUSG00000116747;ENSMUSG00000116608	0	NA	NA	NA	1
ENSG00000225555	1	one_to_one	ENSMUSG00000116878	0	NA	NA	NA	1
ENSG00000237138	1	many_to_many_DifferentNumber	ENSMUSG00000116753;ENSMUSG00000116582	0	NA	NA	NA	0
ENSG00000230323	1	many_to_many_DifferentNumber	ENSMUSG00000116753;ENSMUSG00000116582	1	one_to_one	lincConv	ENSMUSG00000116753	0
ENSG00000261610	1	many_to_many_DifferentNumber	ENSMUSG00000116753;ENSMUSG00000116582	1	one_to_one	lincSS.dw	ENSMUSG00000116582	0
ENSG00000230479	1	many_to_one	ENSMUSG00000116890	0	NA	NA	NA	1
ENSG00000233818	1	many_to_one	ENSMUSG00000116890	0	NA	NA	NA	1
ENSG00000227438	1	one_to_one	ENSMUSG00000112721	0	NA	NA	NA	0
ENSG00000223662	1	many_to_many_sameNumber	ENSMUSG00000087214;ENSMUSG00000116695	1	one_to_one	lncgDivg	ENSMUSG00000087214	1
ENSG00000235277	1	many_to_many_sameNumber	ENSMUSG00000087214;ENSMUSG00000116695	0	NA	NA	NA	1
ENSG00000223806	1	many_to_one	ENSMUSG00000120082	0	NA	NA	NA	1
ENSG00000289404	1	many_to_one	ENSMUSG00000120082	1	one_to_one	lncgSS.up	ENSMUSG00000120082	1
ENSG00000184385	1	one_to_one	ENSMUSG00000118169	1	one_to_many	lncgDivg	ENSMUSG00000117786;ENSMUSG00000118169	1
ENSG00000230978	1	one_to_one	ENSMUSG00000116709	1	one_to_one	lincConv	ENSMUSG00000116709	0
ENSG00000234703	1	many_to_many_DifferentNumber	ENSMUSG00000097139;ENSMUSG00000116805;ENSMUSG00000116576;ENSMUSG00000116846	1	many_to_one	lncgDivg	ENSMUSG00000097139	1
ENSG00000231106	1	many_to_many_DifferentNumber	ENSMUSG00000097139;ENSMUSG00000116805;ENSMUSG00000116576;ENSMUSG00000116846	1	many_to_one	lncgDivg	ENSMUSG00000097139	1
ENSG00000286153	1	many_to_many_DifferentNumber	ENSMUSG00000097139;ENSMUSG00000116805;ENSMUSG00000116576;ENSMUSG00000116846	1	many_to_one	lncgDivg	ENSMUSG00000097139	1
ENSG00000230794	1	one_to_many	ENSMUSG00000099968;ENSMUSG00000116595;ENSMUSG00000100277	0	NA	NA	NA	1
ENSG00000286852	1	one_to_many	ENSMUSG00000116947;ENSMUSG00000121032	1	one_to_many	lncgDivg	ENSMUSG00000121032;ENSMUSG00000116947	1
ENSG00000286517	1	many_to_many_DifferentNumber	ENSMUSG00000116681;ENSMUSG00000116569	1	one_to_one	lncgSS.up	ENSMUSG00000116681	1
ENSG00000231324	1	many_to_many_DifferentNumber	ENSMUSG00000116681;ENSMUSG00000116569	0	NA	NA	NA	1
ENSG00000224269	1	many_to_many_DifferentNumber	ENSMUSG00000116681;ENSMUSG00000116569	1	one_to_one	lncgDivg	ENSMUSG00000116569	1
ENSG00000224790	1	one_to_one	ENSMUSG00000115246	1	one_to_one	lncgDivg	ENSMUSG00000115246	1
ENSG00000272948	1	one_to_many	ENSMUSG00000120258;ENSMUSG00000121038	1	one_to_one	lncgDivg	ENSMUSG00000120258	1
ENSG00000228120	1	many_to_one	ENSMUSG00000117987	0	NA	NA	NA	0
ENSG00000236663	1	many_to_one	ENSMUSG00000117987	0	NA	NA	NA	0
ENSG00000286262	1	many_to_one	ENSMUSG00000078444	0	NA	NA	NA	1
ENSG00000229382	1	many_to_one	ENSMUSG00000078444	0	NA	NA	NA	1
ENSG00000288842	1	many_to_one	ENSMUSG00000078444	0	NA	NA	NA	1
ENSG00000223768	1	many_to_one	ENSMUSG00000078444	1	one_to_one	lncgDivg	ENSMUSG00000078444	1
ENSG00000289448	1	many_to_one	ENSMUSG00000078444	0	NA	NA	NA	1
ENSG00000286594	1	many_to_many_DifferentNumber	ENSMUSG00000112143;ENSMUSG00000112773	0	NA	NA	NA	1
ENSG00000233922	1	many_to_many_DifferentNumber	ENSMUSG00000112143;ENSMUSG00000112773	0	NA	NA	NA	1
ENSG00000288885	1	many_to_many_DifferentNumber	ENSMUSG00000112143;ENSMUSG00000112773	1	one_to_one	lncgDivg	ENSMUSG00000112773	1
ENSG00000286082	1	one_to_one	ENSMUSG00000074919	0	NA	NA	NA	1
ENSG00000227256	1	one_to_one	ENSMUSG00000120489	1	one_to_one	lncgDivg	ENSMUSG00000120489	0
ENSG00000283051	1	many_to_many_DifferentNumber	ENSMUSG00000118157;ENSMUSG00000118081	0	NA	NA	NA	0
ENSG00000233754	1	many_to_many_DifferentNumber	ENSMUSG00000118157;ENSMUSG00000118081	0	NA	NA	NA	0
ENSG00000225218	1	many_to_many_DifferentNumber	ENSMUSG00000118157;ENSMUSG00000118081	0	NA	NA	NA	0
ENSG00000225731	1	many_to_many_DifferentNumber	ENSMUSG00000118157;ENSMUSG00000118081	1	many_to_many_strict	lncgDivg	ENSMUSG00000118081;ENSMUSG00000118157	0
ENSG00000272991	1	many_to_many_sameNumber	ENSMUSG00000085884;ENSMUSG00000117289;ENSMUSG00000117270	1	many_to_many	lncgDivg	ENSMUSG00000117289;ENSMUSG00000085884	1
ENSG00000238141	1	many_to_many_sameNumber	ENSMUSG00000085884;ENSMUSG00000117289;ENSMUSG00000117270	1	many_to_many	lncgDivg	ENSMUSG00000117289;ENSMUSG00000085884	1
ENSG00000255568	1	many_to_many_sameNumber	ENSMUSG00000085884;ENSMUSG00000117289;ENSMUSG00000117270	1	many_to_many	lncgDivg	ENSMUSG00000117289;ENSMUSG00000085884	1
ENSG00000235123	1	many_to_many_DifferentNumber	ENSMUSG00000117179;ENSMUSG00000117000;ENSMUSG00000117324	1	many_to_many	lncgDivg	ENSMUSG00000117000;ENSMUSG00000117179;ENSMUSG00000117324	1
ENSG00000288069	1	many_to_many_DifferentNumber	ENSMUSG00000117179;ENSMUSG00000117000;ENSMUSG00000117324	1	many_to_many	lncgDivg	ENSMUSG00000117000;ENSMUSG00000117179;ENSMUSG00000117324	1
ENSG00000225637	1	one_to_one	ENSMUSG00000117355	1	one_to_one	lincConv	ENSMUSG00000117355	0
ENSG00000237864	1	many_to_one	ENSMUSG00000117656	0	NA	NA	NA	0
ENSG00000237989	1	many_to_one	ENSMUSG00000117656	0	NA	NA	NA	0
ENSG00000185186	1	one_to_many	ENSMUSG00000117562;ENSMUSG00000117879;ENSMUSG00000120937;ENSMUSG00000121243	1	one_to_many	lincSS.up	ENSMUSG00000117562;ENSMUSG00000120937	1
ENSG00000237604	1	one_to_one	ENSMUSG00000112662	0	NA	NA	NA	1
ENSG00000234880	1	many_to_one	ENSMUSG00000112818	1	many_to_one	lincConv	ENSMUSG00000112818	1
ENSG00000261706	1	many_to_one	ENSMUSG00000112818	1	many_to_one	lincConv	ENSMUSG00000112818	1
ENSG00000275874	1	many_to_one	ENSMUSG00000112818	1	many_to_one	lincConv	ENSMUSG00000112818	1
ENSG00000276633	1	many_to_one	ENSMUSG00000112291	0	NA	NA	NA	1
ENSG00000280604	1	many_to_one	ENSMUSG00000112291	0	NA	NA	NA	0
ENSG00000274248	1	many_to_one	ENSMUSG00000112291	0	NA	NA	NA	0
ENSG00000237338	1	one_to_one	ENSMUSG00000085468	0	NA	NA	NA	0
ENSG00000228404	1	one_to_one	ENSMUSG00000086241	1	one_to_one	lncgConv	ENSMUSG00000086241	0
ENSG00000226527	1	many_to_many_sameNumber	ENSMUSG00000085865;ENSMUSG00000120333	0	NA	NA	NA	1
ENSG00000229086	1	many_to_many_sameNumber	ENSMUSG00000085865;ENSMUSG00000120333	1	one_to_one	lincDivg	ENSMUSG00000120333	0
ENSG00000286643	1	many_to_one	ENSMUSG00000120080	1	many_to_one	lncgDivg	ENSMUSG00000120080	1
ENSG00000237594	1	many_to_one	ENSMUSG00000120080	1	many_to_one	lncgDivg	ENSMUSG00000120080	1
ENSG00000273091	1	one_to_many	ENSMUSG00000116600;ENSMUSG00000116989;ENSMUSG00000120905	1	one_to_one	lncgDivg	ENSMUSG00000120905	0
ENSG00000273199	1	one_to_many	ENSMUSG00000116927;ENSMUSG00000097768	1	one_to_one	lncgDivg	ENSMUSG00000116927	1
ENSG00000237945	1	one_to_one	ENSMUSG00000087190	0	NA	NA	NA	1
ENSG00000270116	1	many_to_one	ENSMUSG00000116589	0	NA	NA	NA	1
ENSG00000230366	1	many_to_one	ENSMUSG00000116589	1	many_to_one	lncgConv	ENSMUSG00000116589	0
ENSG00000242553	1	many_to_one	ENSMUSG00000116589	1	many_to_one	lncgConv	ENSMUSG00000116589	0
ENSG00000238197	1	one_to_many	ENSMUSG00000085279;ENSMUSG00000087354	0	NA	NA	NA	1
ENSG00000232360	1	many_to_one	ENSMUSG00000116763	1	one_to_one	lincSS.up	ENSMUSG00000116763	1
ENSG00000227757	1	many_to_one	ENSMUSG00000116763	0	NA	NA	NA	1
ENSG00000205930	1	one_to_one	ENSMUSG00000085398	1	one_to_one	lncgConv	ENSMUSG00000085398	1
ENSG00000289238	1	one_to_one	ENSMUSG00000116987	0	NA	NA	NA	1
ENSG00000291052	1	one_to_one	ENSMUSG00000121375	0	NA	NA	NA	1
ENSG00000248476	1	many_to_one	ENSMUSG00000055972	0	NA	NA	NA	0
ENSG00000273017	1	many_to_one	ENSMUSG00000055972	0	NA	NA	NA	0
ENSG00000228817	1	many_to_one	ENSMUSG00000055972	0	NA	NA	NA	0
ENSG00000234293	1	many_to_one	ENSMUSG00000055972	0	NA	NA	NA	0
ENSG00000287640	0	NA	NA	1	one_to_one	lincConv	ENSMUSG00000086117	0
ENSG00000214970	0	NA	NA	1	one_to_one	lincConv	ENSMUSG00000087410	1
ENSG00000258464	0	NA	NA	1	one_to_one	lincConv	ENSMUSG00000114987	0
ENSG00000234883	0	NA	NA	1	one_to_one	lincConv	ENSMUSG00000116674	0
ENSG00000283215	0	NA	NA	1	many_to_one	lincConv	ENSMUSG00000117040	0
ENSG00000223469	0	NA	NA	1	many_to_one	lincConv	ENSMUSG00000117040	0
ENSG00000233237	0	NA	NA	1	one_to_many	lincConv	ENSMUSG00000097970;ENSMUSG00000100775	1
ENSG00000230352	0	NA	NA	1	many_to_many	lincConv	ENSMUSG00000084795;ENSMUSG00000087215	0
ENSG00000225129	0	NA	NA	1	many_to_many	lincConv	ENSMUSG00000084795;ENSMUSG00000087215	0
ENSG00000286309	0	NA	NA	1	many_to_many	lincConv	ENSMUSG00000084795;ENSMUSG00000087215	0
ENSG00000241383	0	NA	NA	1	one_to_one	lincConv	ENSMUSG00000102590	0
ENSG00000260962	0	NA	NA	1	one_to_one	lincConv	ENSMUSG00000099911	1
ENSG00000291252	0	NA	NA	1	many_to_one	lincConv	ENSMUSG00000117220	0
ENSG00000291098	0	NA	NA	1	many_to_one	lincConv	ENSMUSG00000117220	0
ENSG00000291250	0	NA	NA	1	many_to_one	lincConv	ENSMUSG00000117220	0
ENSG00000291251	0	NA	NA	1	many_to_one	lincConv	ENSMUSG00000117220	0
ENSG00000249388	0	NA	NA	1	one_to_many	lincConv	ENSMUSG00000116066;ENSMUSG00000099758	0
ENSG00000224194	0	NA	NA	1	one_to_one	lincConv	ENSMUSG00000113284	1
ENSG00000254401	0	NA	NA	1	one_to_one	lincConv	ENSMUSG00000109808	1
ENSG00000260151	0	NA	NA	1	one_to_many	lincConv	ENSMUSG00000086684;ENSMUSG00000120449	0
ENSG00000234768	0	NA	NA	1	many_to_one	lincConv	ENSMUSG00000120609	0
ENSG00000287056	0	NA	NA	1	many_to_one	lincConv	ENSMUSG00000120609	0
ENSG00000234647	0	NA	NA	1	many_to_one	lincConv	ENSMUSG00000120609	0
ENSG00000228361	0	NA	NA	1	many_to_one	lincConv	ENSMUSG00000120609	0
ENSG00000228162	0	NA	NA	1	one_to_one	lincConv	ENSMUSG00000100367	0
ENSG00000291049	0	NA	NA	1	one_to_one	lincConv	ENSMUSG00000110321	0
ENSG00000240040	0	NA	NA	1	many_to_one	lincConv	ENSMUSG00000105646	0
ENSG00000290802	0	NA	NA	1	many_to_one	lincConv	ENSMUSG00000105646	0
ENSG00000266304	0	NA	NA	1	many_to_one	lincConv	ENSMUSG00000118352	0
ENSG00000266278	0	NA	NA	1	many_to_one	lincConv	ENSMUSG00000118352	0
ENSG00000266614	0	NA	NA	1	many_to_many_strict	lincConv	ENSMUSG00000100430;ENSMUSG00000117976	0
ENSG00000264212	0	NA	NA	1	many_to_many_strict	lincConv	ENSMUSG00000100430;ENSMUSG00000117976	0
ENSG00000206028	0	NA	NA	1	one_to_many	lincConv	ENSMUSG00000104538;ENSMUSG00000097986;ENSMUSG00000101683	0
ENSG00000231178	0	NA	NA	1	one_to_one	lincConv	ENSMUSG00000116955	0
ENSG00000253220	0	NA	NA	1	many_to_one	lincConv	ENSMUSG00000121298	1
ENSG00000253427	0	NA	NA	1	many_to_one	lincConv	ENSMUSG00000121298	1
ENSG00000253530	0	NA	NA	1	many_to_one	lincConv	ENSMUSG00000121298	1
ENSG00000224100	0	NA	NA	1	one_to_one	lincDivg	ENSMUSG00000117818	0
ENSG00000233919	0	NA	NA	1	one_to_many	lincDivg	ENSMUSG00000100146;ENSMUSG00000111528;ENSMUSG00000110730;ENSMUSG00000110911;ENSMUSG00000111445	0
ENSG00000229569	0	NA	NA	1	one_to_one	lincDivg	ENSMUSG00000097601	1
ENSG00000290790	0	NA	NA	1	one_to_one	lincDivg	ENSMUSG00000097851	0
ENSG00000237220	0	NA	NA	1	many_to_many_strict	lincDivg	ENSMUSG00000100496;ENSMUSG00000086349	1
ENSG00000224048	0	NA	NA	1	many_to_many_strict	lincDivg	ENSMUSG00000100496;ENSMUSG00000086349	1
ENSG00000258346	0	NA	NA	1	one_to_one	lincDivg	ENSMUSG00000120779	0
ENSG00000271327	0	NA	NA	1	many_to_many_strict	lincDivg	ENSMUSG00000120093;ENSMUSG00000112902	0
ENSG00000271259	0	NA	NA	1	many_to_many_strict	lincDivg	ENSMUSG00000120093;ENSMUSG00000112902	0
ENSG00000290029	0	NA	NA	1	many_to_one	lincDivg	ENSMUSG00000097107	0
ENSG00000236700	0	NA	NA	1	many_to_one	lincDivg	ENSMUSG00000097107	0
ENSG00000287974	0	NA	NA	1	many_to_one	lincDivg	ENSMUSG00000097107	0
ENSG00000254211	0	NA	NA	1	one_to_one	lincDivg	ENSMUSG00000085772	1
ENSG00000290644	0	NA	NA	1	one_to_one	lincDivg	ENSMUSG00000107008	0
ENSG00000289929	0	NA	NA	1	one_to_one	lincDivg	ENSMUSG00000116973	1
ENSG00000205086	0	NA	NA	1	many_to_one	lincDivg	ENSMUSG00000117509	0
ENSG00000226398	0	NA	NA	1	many_to_one	lincDivg	ENSMUSG00000117509	0
ENSG00000251205	0	NA	NA	1	one_to_one	lincDivg	ENSMUSG00000118117	1
ENSG00000260759	0	NA	NA	1	one_to_one	lincDivg	ENSMUSG00000117868	0
ENSG00000285448	0	NA	NA	1	one_to_one	lincDivg	ENSMUSG00000115121	1
ENSG00000250682	0	NA	NA	1	one_to_many	lincDivg	ENSMUSG00000100711;ENSMUSG00000100182	1
ENSG00000234948	0	NA	NA	1	one_to_many	lincDivg	ENSMUSG00000052368;ENSMUSG00000086348	1
ENSG00000203645	0	NA	NA	1	one_to_one	lincDivg	ENSMUSG00000106321	0
ENSG00000291225	0	NA	NA	1	one_to_one	lincDivg	ENSMUSG00000121315	0
ENSG00000261045	0	NA	NA	1	one_to_many	lincDivg	ENSMUSG00000045928;ENSMUSG00000108814	0
ENSG00000271533	0	NA	NA	1	many_to_one	lincDivg	ENSMUSG00000086370	1
ENSG00000230590	0	NA	NA	1	many_to_one	lincDivg	ENSMUSG00000086370	1
ENSG00000257345	0	NA	NA	1	one_to_one	lincDivg	ENSMUSG00000110353	0
ENSG00000255571	0	NA	NA	1	many_to_one	lincDivg	ENSMUSG00000097023	1
ENSG00000289128	0	NA	NA	1	many_to_one	lincDivg	ENSMUSG00000097023	1
ENSG00000260923	0	NA	NA	1	many_to_one	lincDivg	ENSMUSG00000116924	0
ENSG00000260528	0	NA	NA	1	many_to_one	lincDivg	ENSMUSG00000116924	0
ENSG00000203711	0	NA	NA	1	many_to_one	lincDivg	ENSMUSG00000116644	1
ENSG00000285159	0	NA	NA	1	many_to_one	lincDivg	ENSMUSG00000116644	1
ENSG00000260120	0	NA	NA	1	one_to_one	lincDivg	ENSMUSG00000106943	1
ENSG00000258498	0	NA	NA	1	one_to_many	lincDivg	ENSMUSG00000113733;ENSMUSG00000113193	0
ENSG00000253344	0	NA	NA	1	many_to_one	lincDivg	ENSMUSG00000100335	0
ENSG00000254306	0	NA	NA	1	many_to_one	lincDivg	ENSMUSG00000100335	0
ENSG00000254290	0	NA	NA	1	many_to_one	lincDivg	ENSMUSG00000100335	0
ENSG00000288106	0	NA	NA	1	one_to_one	lincDivg	ENSMUSG00000115971	1
ENSG00000228590	0	NA	NA	1	one_to_many	lincSS.dw	ENSMUSG00000085579;ENSMUSG00000120674	0
ENSG00000239921	0	NA	NA	1	one_to_one	lincSS.dw	ENSMUSG00000055403	0
ENSG00000289333	0	NA	NA	1	one_to_one	lincSS.dw	ENSMUSG00000120692	1
ENSG00000290588	0	NA	NA	1	many_to_one	lincSS.dw	ENSMUSG00000085330	0
ENSG00000290585	0	NA	NA	1	many_to_one	lincSS.dw	ENSMUSG00000085330	0
ENSG00000271820	0	NA	NA	1	many_to_one	lincSS.dw	ENSMUSG00000116851	0
ENSG00000230960	0	NA	NA	1	many_to_one	lincSS.dw	ENSMUSG00000116851	0
ENSG00000266877	0	NA	NA	1	many_to_one	lincSS.dw	ENSMUSG00000084969	1
ENSG00000278546	0	NA	NA	1	many_to_one	lincSS.dw	ENSMUSG00000084969	1
ENSG00000228768	0	NA	NA	1	many_to_one	lincSS.dw	ENSMUSG00000084969	1
ENSG00000286373	0	NA	NA	1	many_to_many_strict	lincSS.dw	ENSMUSG00000097134;ENSMUSG00000120434	0
ENSG00000228566	0	NA	NA	1	many_to_many_strict	lincSS.dw	ENSMUSG00000097134;ENSMUSG00000120434	0
ENSG00000246363	0	NA	NA	1	one_to_one	lincSS.dw	ENSMUSG00000044633	0
ENSG00000259968	0	NA	NA	1	one_to_one	lincSS.dw	ENSMUSG00000114474	1
ENSG00000251002	0	NA	NA	1	many_to_one	lincSS.dw	ENSMUSG00000106112	0
ENSG00000259054	0	NA	NA	1	many_to_one	lincSS.dw	ENSMUSG00000106112	0
ENSG00000249859	0	NA	NA	1	one_to_one	lincSS.dw	ENSMUSG00000097039	0
ENSG00000254106	0	NA	NA	1	one_to_one	lincSS.dw	ENSMUSG00000117105	1
ENSG00000226707	0	NA	NA	1	one_to_one	lincSS.dw	ENSMUSG00000109887	0
ENSG00000226442	0	NA	NA	1	one_to_one	lincSS.dw	ENSMUSG00000100908	0
ENSG00000230499	0	NA	NA	1	many_to_one	lincSS.dw	ENSMUSG00000085750	0
ENSG00000229118	0	NA	NA	1	many_to_one	lincSS.dw	ENSMUSG00000085750	0
ENSG00000254380	0	NA	NA	1	one_to_one	lincSS.dw	ENSMUSG00000098008	0
ENSG00000103472	0	NA	NA	1	one_to_one	lincSS.dw	ENSMUSG00000108417	0
ENSG00000259362	0	NA	NA	1	one_to_one	lincSS.dw	ENSMUSG00000110821	1
ENSG00000263655	0	NA	NA	1	one_to_one	lincSS.dw	ENSMUSG00000118198	1
ENSG00000251168	0	NA	NA	1	one_to_one	lincSS.dw	ENSMUSG00000113394	0
ENSG00000290416	0	NA	NA	1	one_to_one	lincSS.dw	ENSMUSG00000101856	0
ENSG00000248673	0	NA	NA	1	one_to_many	lincSS.dw	ENSMUSG00000097932;ENSMUSG00000121017	1
ENSG00000258483	0	NA	NA	1	one_to_one	lincSS.dw	ENSMUSG00000108876	0
ENSG00000248223	0	NA	NA	1	one_to_one	lincSS.dw	ENSMUSG00000115355	0
ENSG00000259111	0	NA	NA	1	one_to_one	lincSS.dw	ENSMUSG00000113707	0
ENSG00000253842	0	NA	NA	1	one_to_many	lincSS.dw	ENSMUSG00000120582;ENSMUSG00000114981;ENSMUSG00000115395	1
ENSG00000286044	0	NA	NA	1	one_to_many	lincSS.dw	ENSMUSG00000111511;ENSMUSG00000111726	0
ENSG00000291048	0	NA	NA	1	many_to_many_strict	lincSS.dw	ENSMUSG00000110116;ENSMUSG00000109704	0
ENSG00000253893	0	NA	NA	1	many_to_many_strict	lincSS.dw	ENSMUSG00000110116;ENSMUSG00000109704	0
ENSG00000287719	0	NA	NA	1	one_to_one	lincSS.dw	ENSMUSG00000121208	0
ENSG00000291127	0	NA	NA	1	one_to_one	lincSS.dw	ENSMUSG00000119951	0
ENSG00000225783	0	NA	NA	1	many_to_one	lincSS.dw	ENSMUSG00000097767	0
ENSG00000244625	0	NA	NA	1	many_to_one	lincSS.dw	ENSMUSG00000097767	0
ENSG00000289489	0	NA	NA	1	many_to_one	lincSS.dw	ENSMUSG00000120047	0
ENSG00000227838	0	NA	NA	1	many_to_one	lincSS.dw	ENSMUSG00000120047	0
ENSG00000231265	0	NA	NA	1	one_to_one	lincSS.dw	ENSMUSG00000120668	0
ENSG00000287293	0	NA	NA	1	many_to_one	lincSS.up	ENSMUSG00000114161	1
ENSG00000272463	0	NA	NA	1	many_to_one	lincSS.up	ENSMUSG00000114161	1
ENSG00000272485	0	NA	NA	1	many_to_one	lincSS.up	ENSMUSG00000114161	1
ENSG00000183674	0	NA	NA	1	one_to_one	lincSS.up	ENSMUSG00000114640	1
ENSG00000229345	0	NA	NA	1	one_to_one	lincSS.up	ENSMUSG00000113453	0
ENSG00000250256	0	NA	NA	1	one_to_one	lincSS.up	ENSMUSG00000113834	0
ENSG00000258694	0	NA	NA	1	one_to_one	lincSS.up	ENSMUSG00000120206	0
ENSG00000288029	0	NA	NA	1	one_to_many	lincSS.up	ENSMUSG00000114570;ENSMUSG00000114774	1
ENSG00000215417	0	NA	NA	1	one_to_one	lincSS.up	ENSMUSG00000089726	0
ENSG00000273384	0	NA	NA	1	one_to_one	lincSS.up	ENSMUSG00000101768	1
ENSG00000268941	0	NA	NA	1	many_to_one	lincSS.up	ENSMUSG00000120177	0
ENSG00000254620	0	NA	NA	1	many_to_one	lincSS.up	ENSMUSG00000120177	0
ENSG00000290760	0	NA	NA	1	one_to_one	lincSS.up	ENSMUSG00000086662	0
ENSG00000259814	0	NA	NA	1	one_to_one	lincSS.up	ENSMUSG00000108587	1
ENSG00000259772	0	NA	NA	1	one_to_one	lincSS.up	ENSMUSG00000108620	1
ENSG00000290675	0	NA	NA	1	one_to_one	lincSS.up	ENSMUSG00000109113	0
ENSG00000225870	0	NA	NA	1	one_to_one	lincSS.up	ENSMUSG00000031510	1
ENSG00000286821	0	NA	NA	1	one_to_one	lincSS.up	ENSMUSG00000110624	1
ENSG00000288576	0	NA	NA	1	one_to_one	lincSS.up	ENSMUSG00000120420	1
ENSG00000233593	0	NA	NA	1	one_to_one	lincSS.up	ENSMUSG00000097018	0
ENSG00000257322	0	NA	NA	1	one_to_many	lincSS.up	ENSMUSG00000112400;ENSMUSG00000112599	0
ENSG00000271046	0	NA	NA	1	one_to_one	lincSS.up	ENSMUSG00000087485	0
ENSG00000267574	0	NA	NA	1	one_to_one	lincSS.up	ENSMUSG00000101643	0
ENSG00000248371	0	NA	NA	1	one_to_one	lincSS.up	ENSMUSG00000097848	1
ENSG00000236464	0	NA	NA	1	one_to_one	lincSS.up	ENSMUSG00000097962	1
ENSG00000228622	0	NA	NA	1	one_to_one	lincSS.up	ENSMUSG00000112586	0
ENSG00000287204	0	NA	NA	1	one_to_one	lincSS.up	ENSMUSG00000110214	1
ENSG00000287273	0	NA	NA	1	many_to_one	lincSS.up	ENSMUSG00000116575	1
ENSG00000242339	0	NA	NA	1	many_to_one	lincSS.up	ENSMUSG00000116575	1
ENSG00000205653	0	NA	NA	1	one_to_one	lincSS.up	ENSMUSG00000086263	0
ENSG00000251054	0	NA	NA	1	one_to_one	lincSS.up	ENSMUSG00000072761	1
ENSG00000289254	0	NA	NA	1	one_to_one	lncgConv	ENSMUSG00000085779	1
ENSG00000231210	0	NA	NA	1	one_to_one	lncgConv	ENSMUSG00000085264	0
ENSG00000224713	0	NA	NA	1	one_to_one	lncgConv	ENSMUSG00000120324	1
ENSG00000242797	0	NA	NA	1	one_to_one	lncgConv	ENSMUSG00000086296	1
ENSG00000258667	0	NA	NA	1	one_to_one	lncgConv	ENSMUSG00000087700	1
ENSG00000233360	0	NA	NA	1	one_to_one	lncgConv	ENSMUSG00000084864	1
ENSG00000267480	0	NA	NA	1	one_to_one	lncgConv	ENSMUSG00000046415	0
ENSG00000288720	0	NA	NA	1	one_to_one	lncgConv	ENSMUSG00000090608	0
ENSG00000226889	0	NA	NA	1	one_to_one	lncgConv	ENSMUSG00000053925	1
ENSG00000197989	0	NA	NA	1	one_to_one	lncgConv	ENSMUSG00000086290	1
ENSG00000187979	0	NA	NA	1	one_to_one	lncgConv	ENSMUSG00000107736	0
ENSG00000206573	0	NA	NA	1	one_to_one	lncgConv	ENSMUSG00000086429	1
ENSG00000259283	0	NA	NA	1	one_to_one	lncgConv	ENSMUSG00000110023	1
ENSG00000272282	0	NA	NA	1	one_to_one	lncgConv	ENSMUSG00000110692	0
ENSG00000247228	0	NA	NA	1	one_to_one	lncgConv	ENSMUSG00000084808	1
ENSG00000233016	0	NA	NA	1	one_to_one	lncgConv	ENSMUSG00000120369	1
ENSG00000231563	0	NA	NA	1	one_to_one	lncgConv	ENSMUSG00000085379	1
ENSG00000258279	0	NA	NA	1	one_to_one	lncgConv	ENSMUSG00000116114	1
ENSG00000289041	0	NA	NA	1	one_to_one	lncgConv	ENSMUSG00000080727	1
ENSG00000252690	0	NA	NA	1	many_to_one	lncgConv	ENSMUSG00000097277	1
ENSG00000250988	0	NA	NA	1	many_to_one	lncgConv	ENSMUSG00000097277	1
ENSG00000288988	0	NA	NA	1	one_to_one	lncgConv	ENSMUSG00000090207	1
ENSG00000244926	0	NA	NA	1	one_to_one	lncgConv	ENSMUSG00000027196	1
ENSG00000250222	0	NA	NA	1	one_to_one	lncgConv	ENSMUSG00000086245	0
ENSG00000234678	0	NA	NA	1	one_to_one	lncgConv	ENSMUSG00000097680	1
ENSG00000272004	0	NA	NA	1	one_to_one	lncgConv	ENSMUSG00000086682	1
ENSG00000253741	0	NA	NA	1	one_to_one	lncgConv	ENSMUSG00000091709	1
ENSG00000224666	0	NA	NA	1	one_to_one	lncgConv	ENSMUSG00000087693	1
ENSG00000245910	0	NA	NA	1	one_to_one	lncgConv	ENSMUSG00000098234	1
ENSG00000260167	0	NA	NA	1	one_to_one	lncgConv	ENSMUSG00000108483	0
ENSG00000259420	0	NA	NA	1	one_to_one	lncgConv	ENSMUSG00000097870	1
ENSG00000236869	0	NA	NA	1	one_to_one	lncgConv	ENSMUSG00000097322	0
ENSG00000231177	0	NA	NA	1	one_to_one	lncgConv	ENSMUSG00000097994	0
ENSG00000253706	0	NA	NA	1	one_to_one	lncgConv	ENSMUSG00000100053	1
ENSG00000253500	0	NA	NA	1	one_to_one	lncgConv	ENSMUSG00000087402	0
ENSG00000224189	0	NA	NA	1	one_to_one	lncgConv	ENSMUSG00000075277	1
ENSG00000266969	0	NA	NA	1	one_to_one	lncgConv	ENSMUSG00000118134	1
ENSG00000251513	0	NA	NA	1	one_to_one	lncgConv	ENSMUSG00000097379	1
ENSG00000290063	0	NA	NA	1	many_to_one	lncgDivg	ENSMUSG00000097166	1
ENSG00000272677	0	NA	NA	1	one_to_one	lncgDivg	ENSMUSG00000091623	1
ENSG00000233953	0	NA	NA	1	one_to_many	lncgDivg	ENSMUSG00000086612;ENSMUSG00000085516	1
ENSG00000267416	0	NA	NA	1	one_to_one	lncgDivg	ENSMUSG00000120523	0
ENSG00000235397	0	NA	NA	1	one_to_one	lncgDivg	ENSMUSG00000085459	1
ENSG00000267064	0	NA	NA	1	one_to_one	lncgDivg	ENSMUSG00000086877	1
ENSG00000289135	0	NA	NA	1	one_to_one	lncgDivg	ENSMUSG00000102845	1
ENSG00000269303	0	NA	NA	1	many_to_many_strict	lncgDivg	ENSMUSG00000097149;ENSMUSG00000100985	1
ENSG00000271032	0	NA	NA	1	many_to_many_strict	lncgDivg	ENSMUSG00000097149;ENSMUSG00000100985	1
ENSG00000264558	0	NA	NA	1	one_to_many	lncgDivg	ENSMUSG00000121247;ENSMUSG00000084936	1
ENSG00000271725	0	NA	NA	1	one_to_one	lncgDivg	ENSMUSG00000085080	1
ENSG00000270760	0	NA	NA	1	one_to_one	lncgDivg	ENSMUSG00000097817	1
ENSG00000232581	0	NA	NA	1	one_to_one	lncgDivg	ENSMUSG00000089889	1
ENSG00000267417	0	NA	NA	1	many_to_one	lncgDivg	ENSMUSG00000074203	1
ENSG00000267610	0	NA	NA	1	many_to_one	lncgDivg	ENSMUSG00000074203	1
ENSG00000256897	0	NA	NA	1	one_to_one	lncgDivg	ENSMUSG00000120340	1
ENSG00000240889	0	NA	NA	1	one_to_one	lncgDivg	ENSMUSG00000086582	1
ENSG00000272457	0	NA	NA	1	one_to_one	lncgDivg	ENSMUSG00000085623	1
ENSG00000273890	0	NA	NA	1	one_to_one	lncgDivg	ENSMUSG00000097372	1
ENSG00000269176	0	NA	NA	1	many_to_one	lncgDivg	ENSMUSG00000120814	1
ENSG00000267458	0	NA	NA	1	one_to_one	lncgDivg	ENSMUSG00000087685	1
ENSG00000273063	0	NA	NA	1	one_to_one	lncgDivg	ENSMUSG00000120289	0
ENSG00000163081	0	NA	NA	1	one_to_one	lncgDivg	ENSMUSG00000120041	1
ENSG00000255443	0	NA	NA	1	many_to_one	lncgDivg	ENSMUSG00000121264	0
ENSG00000255004	0	NA	NA	1	many_to_one	lncgDivg	ENSMUSG00000087185	0
ENSG00000255542	0	NA	NA	1	many_to_one	lncgDivg	ENSMUSG00000087185	0
ENSG00000287910	0	NA	NA	1	many_to_many	lncgDivg	ENSMUSG00000086330;ENSMUSG00000086536	0
ENSG00000228028	0	NA	NA	1	one_to_one	lncgDivg	ENSMUSG00000116714	0
ENSG00000237718	0	NA	NA	1	many_to_one	lncgDivg	ENSMUSG00000098120	0
ENSG00000264012	0	NA	NA	1	many_to_one	lncgDivg	ENSMUSG00000097222	0
ENSG00000263235	0	NA	NA	1	one_to_one	lncgDivg	ENSMUSG00000084790	1
ENSG00000235470	0	NA	NA	1	many_to_many_strict	lncgDivg	ENSMUSG00000118127;ENSMUSG00000117659	1
ENSG00000286244	0	NA	NA	1	many_to_one	lncgDivg	ENSMUSG00000108660	1
ENSG00000287250	0	NA	NA	1	many_to_one	lncgDivg	ENSMUSG00000108660	0
ENSG00000224596	0	NA	NA	1	one_to_one	lncgDivg	ENSMUSG00000087535	1
ENSG00000238123	0	NA	NA	1	many_to_one	lncgDivg	ENSMUSG00000085587	0
ENSG00000287729	0	NA	NA	1	many_to_one	lncgDivg	ENSMUSG00000085587	0
ENSG00000233926	0	NA	NA	1	one_to_many	lncgDivg	ENSMUSG00000084910;ENSMUSG00000086027	0
ENSG00000290059	0	NA	NA	1	one_to_one	lncgDivg	ENSMUSG00000121011	0
ENSG00000228554	0	NA	NA	1	many_to_one	lncgDivg	ENSMUSG00000113100	1
ENSG00000235121	0	NA	NA	1	many_to_many_strict	lncgDivg	ENSMUSG00000054412;ENSMUSG00000120094	1
ENSG00000236390	0	NA	NA	1	many_to_many_strict	lncgDivg	ENSMUSG00000054412;ENSMUSG00000120094	1
ENSG00000272167	0	NA	NA	1	many_to_many_strict	lncgDivg	ENSMUSG00000119953;ENSMUSG00000079045;ENSMUSG00000099404	0
ENSG00000274895	0	NA	NA	1	many_to_many_strict	lncgDivg	ENSMUSG00000119953;ENSMUSG00000079045;ENSMUSG00000099404	1
ENSG00000264044	0	NA	NA	1	one_to_one	lncgDivg	ENSMUSG00000086586	1
ENSG00000258813	0	NA	NA	1	one_to_one	lncgDivg	ENSMUSG00000099708	1
ENSG00000247473	0	NA	NA	1	many_to_one	lncgDivg	ENSMUSG00000086828	1
ENSG00000285644	0	NA	NA	1	many_to_one	lncgDivg	ENSMUSG00000086828	0
ENSG00000287184	0	NA	NA	1	one_to_one	lncgDivg	ENSMUSG00000093765	1
ENSG00000228060	0	NA	NA	1	one_to_one	lncgDivg	ENSMUSG00000120655	1
ENSG00000223817	0	NA	NA	1	many_to_one	lncgDivg	ENSMUSG00000120804	1
ENSG00000289362	0	NA	NA	1	many_to_one	lncgDivg	ENSMUSG00000120804	1
ENSG00000290782	0	NA	NA	1	one_to_one	lncgDivg	ENSMUSG00000120470	0
ENSG00000270035	0	NA	NA	1	many_to_many	lncgDivg	ENSMUSG00000085593;ENSMUSG00000078491;ENSMUSG00000120016	0
ENSG00000270171	0	NA	NA	1	many_to_many	lncgDivg	ENSMUSG00000085593;ENSMUSG00000078491;ENSMUSG00000120016	0
ENSG00000269978	0	NA	NA	1	many_to_many	lncgDivg	ENSMUSG00000085593;ENSMUSG00000078491;ENSMUSG00000120016	0
ENSG00000225126	0	NA	NA	1	many_to_many	lncgDivg	ENSMUSG00000085593;ENSMUSG00000078491;ENSMUSG00000120016	0
ENSG00000237436	0	NA	NA	1	many_to_many	lncgDivg	ENSMUSG00000085593;ENSMUSG00000078491;ENSMUSG00000120016	0
ENSG00000237728	0	NA	NA	1	many_to_many	lncgDivg	ENSMUSG00000085593;ENSMUSG00000078491;ENSMUSG00000120016	0
ENSG00000237365	0	NA	NA	1	many_to_many	lncgDivg	ENSMUSG00000085593;ENSMUSG00000078491;ENSMUSG00000120016	0
ENSG00000236617	0	NA	NA	1	many_to_one	lncgDivg	ENSMUSG00000105541	1
ENSG00000250790	0	NA	NA	1	many_to_one	lncgDivg	ENSMUSG00000105541	0
ENSG00000266171	0	NA	NA	1	many_to_one	lncgDivg	ENSMUSG00000085234	0
ENSG00000264339	0	NA	NA	1	many_to_one	lncgDivg	ENSMUSG00000085234	0
ENSG00000273355	0	NA	NA	1	many_to_one	lncgDivg	ENSMUSG00000085234	0
ENSG00000261546	0	NA	NA	1	one_to_one	lncgDivg	ENSMUSG00000110716	0
ENSG00000287892	0	NA	NA	1	many_to_one	lncgDivg	ENSMUSG00000109119	1
ENSG00000259376	0	NA	NA	1	many_to_one	lncgDivg	ENSMUSG00000109119	1
ENSG00000286553	0	NA	NA	1	many_to_one	lncgDivg	ENSMUSG00000119990	0
ENSG00000287260	0	NA	NA	1	many_to_one	lncgDivg	ENSMUSG00000119990	0
ENSG00000273188	0	NA	NA	1	one_to_one	lncgDivg	ENSMUSG00000087331	1
ENSG00000271916	0	NA	NA	1	one_to_one	lncgDivg	ENSMUSG00000118437	1
ENSG00000254703	0	NA	NA	1	many_to_one	lncgDivg	ENSMUSG00000098645	1
ENSG00000248100	0	NA	NA	1	one_to_one	lncgDivg	ENSMUSG00000107969	0
ENSG00000289049	0	NA	NA	1	many_to_one	lncgDivg	ENSMUSG00000113585	0
ENSG00000266872	0	NA	NA	1	one_to_one	lncgDivg	ENSMUSG00000085941	0
ENSG00000262881	0	NA	NA	1	one_to_one	lncgDivg	ENSMUSG00000085134	1
ENSG00000214401	0	NA	NA	1	many_to_one	lncgDivg	ENSMUSG00000121072	0
ENSG00000262372	0	NA	NA	1	many_to_one	lncgDivg	ENSMUSG00000121072	1
ENSG00000288929	0	NA	NA	1	one_to_one	lncgDivg	ENSMUSG00000085178	0
ENSG00000276707	0	NA	NA	1	many_to_one	lncgDivg	ENSMUSG00000087211	1
ENSG00000267782	0	NA	NA	1	one_to_one	lncgDivg	ENSMUSG00000086058	1
ENSG00000237773	0	NA	NA	1	one_to_one	lncgDivg	ENSMUSG00000113741	1
ENSG00000289304	0	NA	NA	1	one_to_one	lncgDivg	ENSMUSG00000111905	0
ENSG00000285652	0	NA	NA	1	one_to_one	lncgDivg	ENSMUSG00000090087	0
ENSG00000231760	0	NA	NA	1	one_to_one	lncgDivg	ENSMUSG00000120335	1
ENSG00000236822	0	NA	NA	1	one_to_one	lncgDivg	ENSMUSG00000096963	1
ENSG00000274021	0	NA	NA	1	one_to_one	lncgDivg	ENSMUSG00000120503	0
ENSG00000272189	0	NA	NA	1	one_to_one	lncgDivg	ENSMUSG00000110754	1
ENSG00000226163	0	NA	NA	1	one_to_one	lncgDivg	ENSMUSG00000091184	1
ENSG00000224057	0	NA	NA	1	one_to_one	lncgDivg	ENSMUSG00000085091	1
ENSG00000257181	0	NA	NA	1	one_to_one	lncgDivg	ENSMUSG00000120638	1
ENSG00000257839	0	NA	NA	1	many_to_one	lncgDivg	ENSMUSG00000100113	1
ENSG00000257453	0	NA	NA	1	many_to_one	lncgDivg	ENSMUSG00000100113	1
ENSG00000289421	0	NA	NA	1	one_to_one	lncgDivg	ENSMUSG00000089711	0
ENSG00000266933	0	NA	NA	1	one_to_one	lncgDivg	ENSMUSG00000120698	0
ENSG00000234943	0	NA	NA	1	many_to_many	lncgDivg	ENSMUSG00000119981;ENSMUSG00000101872;ENSMUSG00000073073	1
ENSG00000228108	0	NA	NA	1	many_to_many	lncgDivg	ENSMUSG00000119981;ENSMUSG00000101872;ENSMUSG00000073073	1
ENSG00000223548	0	NA	NA	1	many_to_one	lncgDivg	ENSMUSG00000085888	1
ENSG00000231585	0	NA	NA	1	many_to_one	lncgDivg	ENSMUSG00000085888	1
ENSG00000253980	0	NA	NA	1	one_to_one	lncgDivg	ENSMUSG00000085853	1
ENSG00000273387	0	NA	NA	1	one_to_many	lncgDivg	ENSMUSG00000084962;ENSMUSG00000087291	0
ENSG00000254835	0	NA	NA	1	one_to_one	lncgDivg	ENSMUSG00000034587	1
ENSG00000288746	0	NA	NA	1	one_to_one	lncgDivg	ENSMUSG00000121109	1
ENSG00000234022	0	NA	NA	1	one_to_one	lncgDivg	ENSMUSG00000113058	1
ENSG00000265100	0	NA	NA	1	one_to_one	lncgDivg	ENSMUSG00000085326	0
ENSG00000235497	0	NA	NA	1	many_to_one	lncgDivg	ENSMUSG00000037735	1
ENSG00000224361	0	NA	NA	1	many_to_one	lncgDivg	ENSMUSG00000037735	1
ENSG00000283031	0	NA	NA	1	many_to_one	lncgDivg	ENSMUSG00000037735	1
ENSG00000290023	0	NA	NA	1	one_to_one	lncgDivg	ENSMUSG00000113621	0
ENSG00000197322	0	NA	NA	1	one_to_one	lncgDivg	ENSMUSG00000113710	1
ENSG00000263571	0	NA	NA	1	many_to_many	lncgDivg	ENSMUSG00000085130;ENSMUSG00000087534;ENSMUSG00000086971;ENSMUSG00000020703	0
ENSG00000264643	0	NA	NA	1	many_to_many	lncgDivg	ENSMUSG00000085130;ENSMUSG00000087534;ENSMUSG00000086971;ENSMUSG00000020703	0
ENSG00000263435	0	NA	NA	1	many_to_many	lncgDivg	ENSMUSG00000085130;ENSMUSG00000087534;ENSMUSG00000086971;ENSMUSG00000020703	0
ENSG00000264990	0	NA	NA	1	many_to_many	lncgDivg	ENSMUSG00000085130;ENSMUSG00000087534;ENSMUSG00000086971;ENSMUSG00000020703	0
ENSG00000265125	0	NA	NA	1	many_to_many	lncgDivg	ENSMUSG00000085130;ENSMUSG00000087534;ENSMUSG00000086971;ENSMUSG00000020703	0
ENSG00000266535	0	NA	NA	1	many_to_many	lncgDivg	ENSMUSG00000085130;ENSMUSG00000087534;ENSMUSG00000086971;ENSMUSG00000020703	0
ENSG00000264791	0	NA	NA	1	many_to_many	lncgDivg	ENSMUSG00000085130;ENSMUSG00000087534;ENSMUSG00000086971;ENSMUSG00000020703	0
ENSG00000265115	0	NA	NA	1	many_to_many	lncgDivg	ENSMUSG00000085130;ENSMUSG00000087534;ENSMUSG00000086971;ENSMUSG00000020703	0
ENSG00000265697	0	NA	NA	1	many_to_many	lncgDivg	ENSMUSG00000085130;ENSMUSG00000087534;ENSMUSG00000086971;ENSMUSG00000020703	0
ENSG00000265689	0	NA	NA	1	many_to_many	lncgDivg	ENSMUSG00000085130;ENSMUSG00000087534;ENSMUSG00000086971;ENSMUSG00000020703	0
ENSG00000230113	0	NA	NA	1	one_to_one	lncgDivg	ENSMUSG00000086507	1
ENSG00000264107	0	NA	NA	1	one_to_many	lncgDivg	ENSMUSG00000120210;ENSMUSG00000091523	0
ENSG00000264491	0	NA	NA	1	many_to_one	lncgDivg	ENSMUSG00000087184	1
ENSG00000265664	0	NA	NA	1	many_to_one	lncgDivg	ENSMUSG00000087184	1
ENSG00000264125	0	NA	NA	1	one_to_one	lncgDivg	ENSMUSG00000087398	1
ENSG00000263051	0	NA	NA	1	many_to_one	lncgDivg	ENSMUSG00000087242	1
ENSG00000263708	0	NA	NA	1	many_to_one	lncgDivg	ENSMUSG00000087242	1
ENSG00000262815	0	NA	NA	1	many_to_one	lncgDivg	ENSMUSG00000087242	1
ENSG00000225751	0	NA	NA	1	many_to_one	lncgDivg	ENSMUSG00000087242	1
ENSG00000258824	0	NA	NA	1	many_to_many_strict	lncgDivg	ENSMUSG00000112784;ENSMUSG00000112274	1
ENSG00000272909	0	NA	NA	1	many_to_many_strict	lncgDivg	ENSMUSG00000112784;ENSMUSG00000112274	1
ENSG00000276116	0	NA	NA	1	one_to_one	lncgDivg	ENSMUSG00000112150	0
ENSG00000285747	0	NA	NA	1	many_to_one	lncgDivg	ENSMUSG00000114099	1
ENSG00000258843	0	NA	NA	1	many_to_one	lncgDivg	ENSMUSG00000114099	1
ENSG00000258745	0	NA	NA	1	one_to_one	lncgDivg	ENSMUSG00000085298	1
ENSG00000254718	0	NA	NA	1	one_to_one	lncgDivg	ENSMUSG00000120877	1
ENSG00000258987	0	NA	NA	1	one_to_one	lncgDivg	ENSMUSG00000090185	0
ENSG00000258876	0	NA	NA	1	one_to_one	lncgDivg	ENSMUSG00000114051	1
ENSG00000283629	0	NA	NA	1	one_to_one	lncgDivg	ENSMUSG00000120595	0
ENSG00000228680	0	NA	NA	1	many_to_one	lncgDivg	ENSMUSG00000113654	0
ENSG00000231638	0	NA	NA	1	many_to_one	lncgDivg	ENSMUSG00000113654	1
ENSG00000285278	0	NA	NA	1	many_to_many	lncgDivg	ENSMUSG00000114936;ENSMUSG00000097752;ENSMUSG00000114597	1
ENSG00000229950	0	NA	NA	1	many_to_many	lncgDivg	ENSMUSG00000114936;ENSMUSG00000097752;ENSMUSG00000114597	1
ENSG00000285219	0	NA	NA	1	one_to_one	lncgDivg	ENSMUSG00000096932	0
ENSG00000271314	0	NA	NA	1	many_to_one	lncgDivg	ENSMUSG00000113459	0
ENSG00000271155	0	NA	NA	1	many_to_one	lncgDivg	ENSMUSG00000113459	0
ENSG00000271659	0	NA	NA	1	many_to_one	lncgDivg	ENSMUSG00000113459	0
ENSG00000250761	0	NA	NA	1	one_to_one	lncgDivg	ENSMUSG00000113121	0
ENSG00000289088	0	NA	NA	1	many_to_one	lncgDivg	ENSMUSG00000085881	0
ENSG00000271781	0	NA	NA	1	many_to_one	lncgDivg	ENSMUSG00000085881	0
ENSG00000249713	0	NA	NA	1	one_to_many	lncgDivg	ENSMUSG00000118436;ENSMUSG00000121060;ENSMUSG00000118445	1
ENSG00000237705	0	NA	NA	1	one_to_one	lncgDivg	ENSMUSG00000085204	1
ENSG00000272631	0	NA	NA	1	one_to_one	lncgDivg	ENSMUSG00000090779	1
ENSG00000237523	0	NA	NA	1	one_to_one	lncgDivg	ENSMUSG00000098609	0
ENSG00000289125	0	NA	NA	1	one_to_one	lncgDivg	ENSMUSG00000086112	0
ENSG00000243715	0	NA	NA	1	many_to_many_strict	lncgDivg	ENSMUSG00000114760;ENSMUSG00000114704;ENSMUSG00000114595	1
ENSG00000286353	0	NA	NA	1	many_to_many_strict	lncgDivg	ENSMUSG00000114760;ENSMUSG00000114704;ENSMUSG00000114595	1
ENSG00000265992	0	NA	NA	1	many_to_many_strict	lncgDivg	ENSMUSG00000114760;ENSMUSG00000114704;ENSMUSG00000114595	1
ENSG00000238189	0	NA	NA	1	many_to_many	lncgDivg	ENSMUSG00000115244;ENSMUSG00000115363;ENSMUSG00000067973	1
ENSG00000270522	0	NA	NA	1	many_to_many	lncgDivg	ENSMUSG00000115244;ENSMUSG00000115363;ENSMUSG00000067973	1
ENSG00000287029	0	NA	NA	1	many_to_many	lncgDivg	ENSMUSG00000115244;ENSMUSG00000115363;ENSMUSG00000067973	1
ENSG00000233821	0	NA	NA	1	many_to_many	lncgDivg	ENSMUSG00000115244;ENSMUSG00000115363;ENSMUSG00000067973	1
ENSG00000248738	0	NA	NA	1	one_to_one	lncgDivg	ENSMUSG00000114446	0
ENSG00000254230	0	NA	NA	1	one_to_one	lncgDivg	ENSMUSG00000115186	1
ENSG00000289900	0	NA	NA	1	many_to_one	lncgDivg	ENSMUSG00000090706	0
ENSG00000287599	0	NA	NA	1	many_to_one	lncgDivg	ENSMUSG00000090706	0
ENSG00000250234	0	NA	NA	1	many_to_many_strict	lncgDivg	ENSMUSG00000096971;ENSMUSG00000115667	0
ENSG00000254236	0	NA	NA	1	one_to_one	lncgDivg	ENSMUSG00000115547	1
ENSG00000286337	0	NA	NA	1	many_to_one	lncgDivg	ENSMUSG00000097875	1
ENSG00000254021	0	NA	NA	1	many_to_one	lncgDivg	ENSMUSG00000097232	1
ENSG00000248690	0	NA	NA	1	one_to_one	lncgDivg	ENSMUSG00000086541	0
ENSG00000256628	0	NA	NA	1	one_to_one	lncgDivg	ENSMUSG00000102101	1
ENSG00000275854	0	NA	NA	1	many_to_one	lncgDivg	ENSMUSG00000115923	1
ENSG00000274105	0	NA	NA	1	many_to_one	lncgDivg	ENSMUSG00000115923	1
ENSG00000276148	0	NA	NA	1	many_to_one	lncgDivg	ENSMUSG00000115923	0
ENSG00000286004	0	NA	NA	1	one_to_one	lncgDivg	ENSMUSG00000075265	1
ENSG00000286755	0	NA	NA	1	many_to_one	lncgDivg	ENSMUSG00000120962	1
ENSG00000232832	0	NA	NA	1	many_to_one	lncgDivg	ENSMUSG00000120962	0
ENSG00000239994	0	NA	NA	1	one_to_one	lncgDivg	ENSMUSG00000087568	1
ENSG00000288806	0	NA	NA	1	many_to_many	lncgDivg	ENSMUSG00000100593;ENSMUSG00000116665	1
ENSG00000250174	0	NA	NA	1	many_to_many	lncgDivg	ENSMUSG00000100593;ENSMUSG00000116665	1
ENSG00000273123	0	NA	NA	1	many_to_many	lncgDivg	ENSMUSG00000100593;ENSMUSG00000116665	1
ENSG00000236119	0	NA	NA	1	many_to_one	lncgDivg	ENSMUSG00000117317	1
ENSG00000236677	0	NA	NA	1	many_to_one	lncgDivg	ENSMUSG00000117317	1
ENSG00000257653	0	NA	NA	1	many_to_one	lncgDivg	ENSMUSG00000100220	1
ENSG00000258017	0	NA	NA	1	one_to_one	lncgDivg	ENSMUSG00000116223	1
ENSG00000257671	0	NA	NA	1	one_to_one	lncgDivg	ENSMUSG00000116116	1
ENSG00000270175	0	NA	NA	1	one_to_one	lncgDivg	ENSMUSG00000121046	0
ENSG00000273004	0	NA	NA	1	one_to_one	lncgDivg	ENSMUSG00000100954	0
ENSG00000260530	0	NA	NA	1	one_to_one	lncgDivg	ENSMUSG00000110453	0
ENSG00000286805	0	NA	NA	1	many_to_one	lncgDivg	ENSMUSG00000100402	0
ENSG00000286498	0	NA	NA	1	many_to_one	lncgDivg	ENSMUSG00000100402	0
ENSG00000287656	0	NA	NA	1	one_to_one	lncgDivg	ENSMUSG00000117314	1
ENSG00000248489	0	NA	NA	1	one_to_one	lncgDivg	ENSMUSG00000120176	0
ENSG00000234753	0	NA	NA	1	one_to_one	lncgDivg	ENSMUSG00000085932	0
ENSG00000232598	0	NA	NA	1	one_to_one	lncgDivg	ENSMUSG00000117592	1
ENSG00000234579	0	NA	NA	1	one_to_many	lncgDivg	ENSMUSG00000117118;ENSMUSG00000117023	1
ENSG00000273090	0	NA	NA	1	many_to_one	lncgDivg	ENSMUSG00000117648	1
ENSG00000283058	0	NA	NA	1	many_to_many	lncgDivg	ENSMUSG00000071033;ENSMUSG00000090160	1
ENSG00000286412	0	NA	NA	1	many_to_many	lncgDivg	ENSMUSG00000071033;ENSMUSG00000090160	1
ENSG00000285548	0	NA	NA	1	many_to_many	lncgDivg	ENSMUSG00000071033;ENSMUSG00000090160	1
ENSG00000231918	0	NA	NA	1	many_to_many	lncgDivg	ENSMUSG00000071033;ENSMUSG00000090160	0
ENSG00000260436	0	NA	NA	1	many_to_one	lncgDivg	ENSMUSG00000117523	0
ENSG00000261140	0	NA	NA	1	many_to_one	lncgDivg	ENSMUSG00000117523	0
ENSG00000269937	0	NA	NA	1	many_to_one	lncgDivg	ENSMUSG00000117523	0
ENSG00000261613	0	NA	NA	1	many_to_one	lncgDivg	ENSMUSG00000117523	0
ENSG00000261093	0	NA	NA	1	many_to_one	lncgDivg	ENSMUSG00000117523	0
ENSG00000226842	0	NA	NA	1	many_to_one	lncgDivg	ENSMUSG00000101320	1
ENSG00000229327	0	NA	NA	1	many_to_one	lncgDivg	ENSMUSG00000101320	1
ENSG00000233825	0	NA	NA	1	many_to_one	lncgDivg	ENSMUSG00000101320	1
ENSG00000249593	0	NA	NA	1	one_to_many	lncgDivg	ENSMUSG00000117731;ENSMUSG00000118386	1
ENSG00000281756	0	NA	NA	1	one_to_one	lncgDivg	ENSMUSG00000121067	1
ENSG00000272789	0	NA	NA	1	one_to_one	lncgDivg	ENSMUSG00000084824	1
ENSG00000267239	0	NA	NA	1	many_to_one	lncgDivg	ENSMUSG00000117891	0
ENSG00000287943	0	NA	NA	1	many_to_one	lncgDivg	ENSMUSG00000117661	0
ENSG00000267193	0	NA	NA	1	many_to_one	lncgDivg	ENSMUSG00000117661	0
ENSG00000285790	0	NA	NA	1	many_to_one	lncgDivg	ENSMUSG00000117661	0
ENSG00000267097	0	NA	NA	1	many_to_one	lncgDivg	ENSMUSG00000117661	0
ENSG00000287381	0	NA	NA	1	one_to_one	lncgDivg	ENSMUSG00000090263	1
ENSG00000286529	0	NA	NA	1	one_to_one	lncgDivg	ENSMUSG00000089744	0
ENSG00000255126	0	NA	NA	1	many_to_one	lncgDivg	ENSMUSG00000024658	1
ENSG00000255118	0	NA	NA	1	many_to_one	lncgDivg	ENSMUSG00000024658	1
ENSG00000289993	0	NA	NA	1	one_to_one	lncgDivg	ENSMUSG00000118293	1
ENSG00000228165	0	NA	NA	1	one_to_one	lncgDivg	ENSMUSG00000120326	1
ENSG00000233367	0	NA	NA	1	one_to_one	lncgDivg	ENSMUSG00000120593	0
ENSG00000287851	0	NA	NA	1	one_to_one	lncgDivg	ENSMUSG00000118245	1
ENSG00000254855	0	NA	NA	1	many_to_one	lncgDivg	ENSMUSG00000117710	1
ENSG00000254461	0	NA	NA	1	many_to_one	lncgDivg	ENSMUSG00000117710	1
ENSG00000236733	0	NA	NA	1	many_to_many_strict	lncgDivg	ENSMUSG00000085003;ENSMUSG00000117979	1
ENSG00000288771	0	NA	NA	1	many_to_many_strict	lncgDivg	ENSMUSG00000085003;ENSMUSG00000117979	0
ENSG00000236199	0	NA	NA	1	one_to_one	lncgDivg	ENSMUSG00000093628	1
ENSG00000255120	0	NA	NA	1	one_to_one	lncgDivg	ENSMUSG00000117861	1
ENSG00000254614	0	NA	NA	1	one_to_one	lncgDivg	ENSMUSG00000097404	0
ENSG00000289745	0	NA	NA	1	one_to_many	lncgDivg	ENSMUSG00000086121;ENSMUSG00000118206	1
ENSG00000277879	0	NA	NA	1	many_to_one	lncgDivg	ENSMUSG00000101630	1
ENSG00000287261	0	NA	NA	1	one_to_one	lncgDivg	ENSMUSG00000090235	1
ENSG00000288844	0	NA	NA	1	many_to_one	lncgDivg	ENSMUSG00000120787	1
ENSG00000254879	0	NA	NA	1	one_to_one	lncgDivg	ENSMUSG00000085471	0
ENSG00000272831	0	NA	NA	1	one_to_one	lncgDivg	ENSMUSG00000119946	0
ENSG00000258317	0	NA	NA	1	one_to_one	lncgDivg	ENSMUSG00000100548	1
ENSG00000203441	0	NA	NA	1	many_to_one	lncgDivg	ENSMUSG00000085615	1
ENSG00000280734	0	NA	NA	1	many_to_one	lncgDivg	ENSMUSG00000085615	1
ENSG00000272143	0	NA	NA	1	many_to_many	lncgDivg	ENSMUSG00000099994;ENSMUSG00000101445	0
ENSG00000234445	0	NA	NA	1	many_to_many	lncgDivg	ENSMUSG00000099994;ENSMUSG00000101445	0
ENSG00000276012	0	NA	NA	1	many_to_many	lncgDivg	ENSMUSG00000099994;ENSMUSG00000101445	1
ENSG00000262313	0	NA	NA	1	many_to_one	lncgDivg	ENSMUSG00000085081	1
ENSG00000287403	0	NA	NA	1	many_to_one	lncgDivg	ENSMUSG00000085081	1
ENSG00000262662	0	NA	NA	1	many_to_one	lncgDivg	ENSMUSG00000085081	1
ENSG00000262833	0	NA	NA	1	many_to_one	lncgDivg	ENSMUSG00000085081	1
ENSG00000236753	0	NA	NA	1	many_to_one	lncgDivg	ENSMUSG00000086212	0
ENSG00000286018	0	NA	NA	1	one_to_one	lncgDivg	ENSMUSG00000093606	1
ENSG00000179428	0	NA	NA	1	one_to_one	lncgDivg	ENSMUSG00000105439	0
ENSG00000254238	0	NA	NA	1	one_to_one	lncgDivg	ENSMUSG00000085125	1
ENSG00000226386	0	NA	NA	1	one_to_one	lncgDivg	ENSMUSG00000120963	0
ENSG00000254538	0	NA	NA	1	one_to_one	lncgDivg	ENSMUSG00000089982	0
ENSG00000231441	0	NA	NA	1	one_to_one	lncgDivg	ENSMUSG00000096992	1
ENSG00000290086	0	NA	NA	1	one_to_one	lncgDivg	ENSMUSG00000100786	1
ENSG00000224086	0	NA	NA	1	one_to_one	lncgDivg	ENSMUSG00000116823	1
ENSG00000235351	0	NA	NA	1	one_to_one	lncgDivg	ENSMUSG00000121025	1
ENSG00000287601	0	NA	NA	1	one_to_one	lncgDivg	ENSMUSG00000086350	1
ENSG00000236364	0	NA	NA	1	one_to_many	lncgDivg	ENSMUSG00000103139;ENSMUSG00000102909	0
ENSG00000232194	0	NA	NA	1	one_to_one	lncgDivg	ENSMUSG00000103583	1
ENSG00000273062	0	NA	NA	1	one_to_one	lncgDivg	ENSMUSG00000101905	1
ENSG00000234070	0	NA	NA	1	one_to_one	lncgDivg	ENSMUSG00000089730	1
ENSG00000236495	0	NA	NA	1	one_to_one	lncgDivg	ENSMUSG00000085205	0
ENSG00000289266	0	NA	NA	1	one_to_one	lncgDivg	ENSMUSG00000086430	0
ENSG00000229190	0	NA	NA	1	many_to_one	lncgDivg	ENSMUSG00000086657	0
ENSG00000227373	0	NA	NA	1	many_to_one	lncgDivg	ENSMUSG00000104302	1
ENSG00000229531	0	NA	NA	1	many_to_one	lncgDivg	ENSMUSG00000104302	0
ENSG00000279571	0	NA	NA	1	one_to_one	lncgDivg	ENSMUSG00000085397	1
ENSG00000286502	0	NA	NA	1	many_to_many_strict	lncgDivg	ENSMUSG00000086560;ENSMUSG00000085766	1
ENSG00000204011	0	NA	NA	1	many_to_many_strict	lncgDivg	ENSMUSG00000086560;ENSMUSG00000085766	1
ENSG00000229854	0	NA	NA	1	one_to_one	lncgDivg	ENSMUSG00000086555	0
ENSG00000254552	0	NA	NA	1	one_to_many	lncgDivg	ENSMUSG00000087043;ENSMUSG00000086908;ENSMUSG00000087467	1
ENSG00000289296	0	NA	NA	1	many_to_one	lncgDivg	ENSMUSG00000063714	1
ENSG00000271151	0	NA	NA	1	many_to_one	lncgDivg	ENSMUSG00000063714	1
ENSG00000228061	0	NA	NA	1	one_to_one	lncgDivg	ENSMUSG00000084870	1
ENSG00000218018	0	NA	NA	1	one_to_many	lncgDivg	ENSMUSG00000087442;ENSMUSG00000092596	1
ENSG00000225806	0	NA	NA	1	many_to_one	lncgDivg	ENSMUSG00000086537	1
ENSG00000270951	0	NA	NA	1	many_to_one	lncgDivg	ENSMUSG00000086537	1
ENSG00000287511	0	NA	NA	1	one_to_one	lncgDivg	ENSMUSG00000120283	1
ENSG00000231310	0	NA	NA	1	one_to_one	lncgDivg	ENSMUSG00000106019	0
ENSG00000240373	0	NA	NA	1	many_to_one	lncgDivg	ENSMUSG00000097786	0
ENSG00000243368	0	NA	NA	1	one_to_one	lncgDivg	ENSMUSG00000086392	1
ENSG00000227145	0	NA	NA	1	one_to_one	lncgDivg	ENSMUSG00000086517	1
ENSG00000287650	0	NA	NA	1	one_to_one	lncgDivg	ENSMUSG00000104677	1
ENSG00000228703	0	NA	NA	1	one_to_one	lncgDivg	ENSMUSG00000056411	1
ENSG00000249604	0	NA	NA	1	one_to_one	lncgDivg	ENSMUSG00000097761	0
ENSG00000248629	0	NA	NA	1	one_to_one	lncgDivg	ENSMUSG00000085106	1
ENSG00000273002	0	NA	NA	1	many_to_one	lncgDivg	ENSMUSG00000093390	0
ENSG00000224276	0	NA	NA	1	many_to_one	lncgDivg	ENSMUSG00000093390	0
ENSG00000285677	0	NA	NA	1	many_to_one	lncgDivg	ENSMUSG00000093390	1
ENSG00000249690	0	NA	NA	1	one_to_one	lncgDivg	ENSMUSG00000104108	1
ENSG00000260464	0	NA	NA	1	many_to_many_strict	lncgDivg	ENSMUSG00000104554;ENSMUSG00000104574	0
ENSG00000224093	0	NA	NA	1	many_to_many_strict	lncgDivg	ENSMUSG00000104554;ENSMUSG00000104574	1
ENSG00000270412	0	NA	NA	1	one_to_one	lncgDivg	ENSMUSG00000087500	1
ENSG00000226609	0	NA	NA	1	one_to_one	lncgDivg	ENSMUSG00000073843	1
ENSG00000231090	0	NA	NA	1	one_to_one	lncgDivg	ENSMUSG00000120027	0
ENSG00000229444	0	NA	NA	1	one_to_one	lncgDivg	ENSMUSG00000086554	0
ENSG00000230881	0	NA	NA	1	many_to_one	lncgDivg	ENSMUSG00000120931	1
ENSG00000287587	0	NA	NA	1	many_to_one	lncgDivg	ENSMUSG00000120931	0
ENSG00000227533	0	NA	NA	1	one_to_one	lncgDivg	ENSMUSG00000086683	0
ENSG00000287422	0	NA	NA	1	many_to_one	lncgDivg	ENSMUSG00000087307	0
ENSG00000226438	0	NA	NA	1	many_to_one	lncgDivg	ENSMUSG00000087307	0
ENSG00000228634	0	NA	NA	1	one_to_one	lncgDivg	ENSMUSG00000121033	1
ENSG00000231163	0	NA	NA	1	one_to_one	lncgDivg	ENSMUSG00000087459	1
ENSG00000230955	0	NA	NA	1	one_to_one	lncgDivg	ENSMUSG00000086589	0
ENSG00000270103	0	NA	NA	1	many_to_one	lncgDivg	ENSMUSG00000120711	1
ENSG00000229388	0	NA	NA	1	many_to_one	lncgDivg	ENSMUSG00000120711	1
ENSG00000228393	0	NA	NA	1	many_to_one	lncgDivg	ENSMUSG00000073147	0
ENSG00000272918	0	NA	NA	1	many_to_one	lncgDivg	ENSMUSG00000073147	1
ENSG00000239569	0	NA	NA	1	many_to_one	lncgDivg	ENSMUSG00000073147	0
ENSG00000235131	0	NA	NA	1	many_to_one	lncgDivg	ENSMUSG00000087071	1
ENSG00000227589	0	NA	NA	1	many_to_one	lncgDivg	ENSMUSG00000087071	1
ENSG00000271806	0	NA	NA	1	many_to_one	lncgDivg	ENSMUSG00000098729	1
ENSG00000182873	0	NA	NA	1	many_to_one	lncgDivg	ENSMUSG00000098729	1
ENSG00000224387	0	NA	NA	1	many_to_one	lncgDivg	ENSMUSG00000073686	1
ENSG00000229393	0	NA	NA	1	many_to_one	lncgDivg	ENSMUSG00000073686	1
ENSG00000249678	0	NA	NA	1	many_to_one	lncgDivg	ENSMUSG00000097216	0
ENSG00000224903	0	NA	NA	1	many_to_one	lncgDivg	ENSMUSG00000119967	1
ENSG00000231160	0	NA	NA	1	one_to_one	lncgDivg	ENSMUSG00000097640	1
ENSG00000251173	0	NA	NA	1	one_to_one	lncgDivg	ENSMUSG00000087601	1
ENSG00000277873	0	NA	NA	1	one_to_one	lncgDivg	ENSMUSG00000086075	1
ENSG00000287493	0	NA	NA	1	one_to_one	lncgDivg	ENSMUSG00000104606	1
ENSG00000255692	0	NA	NA	1	one_to_one	lncgDivg	ENSMUSG00000120953	1
ENSG00000226367	0	NA	NA	1	many_to_one	lncgDivg	ENSMUSG00000097700	0
ENSG00000228368	0	NA	NA	1	many_to_one	lncgDivg	ENSMUSG00000097700	0
ENSG00000227199	0	NA	NA	1	many_to_one	lncgDivg	ENSMUSG00000097700	0
ENSG00000287829	0	NA	NA	1	many_to_one	lncgDivg	ENSMUSG00000097700	0
ENSG00000176349	0	NA	NA	1	one_to_many	lncgDivg	ENSMUSG00000087248;ENSMUSG00000085673;ENSMUSG00000087606	1
ENSG00000287229	0	NA	NA	1	many_to_one	lncgDivg	ENSMUSG00000097368	1
ENSG00000257359	0	NA	NA	1	many_to_one	lncgDivg	ENSMUSG00000097368	1
ENSG00000233108	0	NA	NA	1	one_to_one	lncgDivg	ENSMUSG00000087305	1
ENSG00000230641	0	NA	NA	1	many_to_one	lncgDivg	ENSMUSG00000104845	0
ENSG00000232162	0	NA	NA	1	many_to_one	lncgDivg	ENSMUSG00000104845	0
ENSG00000179141	0	NA	NA	1	many_to_one	lncgDivg	ENSMUSG00000085565	1
ENSG00000236758	0	NA	NA	1	many_to_one	lncgDivg	ENSMUSG00000085565	1
ENSG00000234215	0	NA	NA	1	one_to_many	lncgDivg	ENSMUSG00000105773;ENSMUSG00000105809;ENSMUSG00000106395;ENSMUSG00000104987;ENSMUSG00000100420	0
ENSG00000261535	0	NA	NA	1	many_to_one	lncgDivg	ENSMUSG00000086220	1
ENSG00000259294	0	NA	NA	1	many_to_one	lncgDivg	ENSMUSG00000086220	1
ENSG00000286979	0	NA	NA	1	many_to_one	lncgDivg	ENSMUSG00000107842	1
ENSG00000235035	0	NA	NA	1	many_to_one	lncgDivg	ENSMUSG00000107842	1
ENSG00000277855	0	NA	NA	1	many_to_one	lncgDivg	ENSMUSG00000121205	0
ENSG00000274387	0	NA	NA	1	many_to_one	lncgDivg	ENSMUSG00000121205	0
ENSG00000244203	0	NA	NA	1	many_to_one	lncgDivg	ENSMUSG00000121205	0
ENSG00000246022	0	NA	NA	1	many_to_one	lncgDivg	ENSMUSG00000089781	0
ENSG00000250218	0	NA	NA	1	many_to_one	lncgDivg	ENSMUSG00000089781	0
ENSG00000231249	0	NA	NA	1	many_to_one	lncgDivg	ENSMUSG00000107458	1
ENSG00000271270	0	NA	NA	1	one_to_many	lncgDivg	ENSMUSG00000121085;ENSMUSG00000092625	1
ENSG00000255958	0	NA	NA	1	one_to_one	lncgDivg	ENSMUSG00000097675	1
ENSG00000285627	0	NA	NA	1	one_to_one	lncgDivg	ENSMUSG00000121153	1
ENSG00000249028	0	NA	NA	1	one_to_one	lncgDivg	ENSMUSG00000108282	0
ENSG00000256306	0	NA	NA	1	many_to_many_strict	lncgDivg	ENSMUSG00000086614;ENSMUSG00000097496;ENSMUSG00000086239	1
ENSG00000287928	0	NA	NA	1	many_to_many_strict	lncgDivg	ENSMUSG00000086614;ENSMUSG00000097496;ENSMUSG00000086239	1
ENSG00000277935	0	NA	NA	1	many_to_many_strict	lncgDivg	ENSMUSG00000086614;ENSMUSG00000097496;ENSMUSG00000086239	1
ENSG00000256564	0	NA	NA	1	one_to_many	lncgDivg	ENSMUSG00000107675;ENSMUSG00000100166;ENSMUSG00000089957	1
ENSG00000246695	0	NA	NA	1	one_to_one	lncgDivg	ENSMUSG00000085658	1
ENSG00000232394	0	NA	NA	1	one_to_one	lncgDivg	ENSMUSG00000108773	0
ENSG00000259523	0	NA	NA	1	one_to_one	lncgDivg	ENSMUSG00000121090	1
ENSG00000285560	0	NA	NA	1	many_to_one	lncgDivg	ENSMUSG00000084821	1
ENSG00000259212	0	NA	NA	1	many_to_one	lncgDivg	ENSMUSG00000084821	1
ENSG00000259314	0	NA	NA	1	many_to_one	lncgDivg	ENSMUSG00000084821	1
ENSG00000268055	0	NA	NA	1	many_to_many_strict	lncgDivg	ENSMUSG00000097079;ENSMUSG00000109017	1
ENSG00000269445	0	NA	NA	1	many_to_many_strict	lncgDivg	ENSMUSG00000097079;ENSMUSG00000109017	1
ENSG00000288809	0	NA	NA	1	one_to_one	lncgDivg	ENSMUSG00000097585	1
ENSG00000260352	0	NA	NA	1	one_to_one	lncgDivg	ENSMUSG00000055159	1
ENSG00000275857	0	NA	NA	1	one_to_one	lncgDivg	ENSMUSG00000108617	0
ENSG00000267815	0	NA	NA	1	one_to_one	lncgDivg	ENSMUSG00000070574	1
ENSG00000274092	0	NA	NA	1	one_to_one	lncgDivg	ENSMUSG00000108524	1
ENSG00000260852	0	NA	NA	1	one_to_one	lncgDivg	ENSMUSG00000121230	1
ENSG00000286998	0	NA	NA	1	one_to_one	lncgDivg	ENSMUSG00000109501	1
ENSG00000254902	0	NA	NA	1	many_to_one	lncgDivg	ENSMUSG00000108851	0
ENSG00000254605	0	NA	NA	1	many_to_one	lncgDivg	ENSMUSG00000108851	0
ENSG00000254417	0	NA	NA	1	many_to_one	lncgDivg	ENSMUSG00000108851	0
ENSG00000248844	0	NA	NA	1	many_to_one	lncgDivg	ENSMUSG00000108851	0
ENSG00000228343	0	NA	NA	1	many_to_one	lncgDivg	ENSMUSG00000055188	1
ENSG00000237741	0	NA	NA	1	one_to_one	lncgDivg	ENSMUSG00000086676	0
ENSG00000234129	0	NA	NA	1	one_to_one	lncgDivg	ENSMUSG00000087159	0
ENSG00000235802	0	NA	NA	1	one_to_one	lncgDivg	ENSMUSG00000120229	1
ENSG00000231154	0	NA	NA	1	one_to_one	lncgDivg	ENSMUSG00000087368	0
ENSG00000253389	0	NA	NA	1	many_to_many_strict	lncgDivg	ENSMUSG00000120972;ENSMUSG00000086741	1
ENSG00000289514	0	NA	NA	1	many_to_many_strict	lncgDivg	ENSMUSG00000120972;ENSMUSG00000086741	0
ENSG00000248816	0	NA	NA	1	many_to_one	lncgDivg	ENSMUSG00000100706	0
ENSG00000248694	0	NA	NA	1	many_to_one	lncgDivg	ENSMUSG00000100706	0
ENSG00000253112	0	NA	NA	1	one_to_one	lncgDivg	ENSMUSG00000049476	1
ENSG00000245281	0	NA	NA	1	one_to_one	lncgDivg	ENSMUSG00000120151	0
ENSG00000290017	0	NA	NA	1	many_to_one	lncgDivg	ENSMUSG00000110419	1
ENSG00000233110	0	NA	NA	1	many_to_many	lncgDivg	ENSMUSG00000084954;ENSMUSG00000085440	1
ENSG00000235902	0	NA	NA	1	many_to_many	lncgDivg	ENSMUSG00000084954;ENSMUSG00000085440	1
ENSG00000235149	0	NA	NA	1	many_to_many	lncgDivg	ENSMUSG00000084954;ENSMUSG00000085440	1
ENSG00000260029	0	NA	NA	1	many_to_one	lncgDivg	ENSMUSG00000121158	1
ENSG00000205414	0	NA	NA	1	many_to_one	lncgDivg	ENSMUSG00000121158	1
ENSG00000285367	0	NA	NA	1	many_to_one	lncgDivg	ENSMUSG00000120400	0
ENSG00000261238	0	NA	NA	1	many_to_one	lncgDivg	ENSMUSG00000120400	0
ENSG00000276131	0	NA	NA	1	many_to_one	lncgDivg	ENSMUSG00000110483	1
ENSG00000261078	0	NA	NA	1	many_to_one	lncgDivg	ENSMUSG00000110483	1
ENSG00000275091	0	NA	NA	1	one_to_one	lncgDivg	ENSMUSG00000056753	1
ENSG00000286771	0	NA	NA	1	one_to_one	lncgDivg	ENSMUSG00000109587	0
ENSG00000261439	0	NA	NA	1	many_to_one	lncgDivg	ENSMUSG00000097520	0
ENSG00000272372	0	NA	NA	1	many_to_one	lncgDivg	ENSMUSG00000097520	1
ENSG00000287866	0	NA	NA	1	many_to_one	lncgDivg	ENSMUSG00000097520	1
ENSG00000286841	0	NA	NA	1	one_to_one	lncgDivg	ENSMUSG00000098075	1
ENSG00000269161	0	NA	NA	1	many_to_one	lncgDivg	ENSMUSG00000120970	1
ENSG00000261095	0	NA	NA	1	many_to_many	lncgDivg	ENSMUSG00000098211;ENSMUSG00000097424	0
ENSG00000285527	0	NA	NA	1	many_to_many	lncgDivg	ENSMUSG00000098211;ENSMUSG00000097424	0
ENSG00000261651	0	NA	NA	1	many_to_many	lncgDivg	ENSMUSG00000098211;ENSMUSG00000097424	0
ENSG00000285848	0	NA	NA	1	one_to_one	lncgDivg	ENSMUSG00000089776	1
ENSG00000260788	0	NA	NA	1	many_to_many	lncgDivg	ENSMUSG00000110548;ENSMUSG00000110667	1
ENSG00000259914	0	NA	NA	1	many_to_many	lncgDivg	ENSMUSG00000110548;ENSMUSG00000110667	1
ENSG00000237737	0	NA	NA	1	one_to_one	lncgDivg	ENSMUSG00000085782	0
ENSG00000286341	0	NA	NA	1	one_to_one	lncgDivg	ENSMUSG00000110747	0
ENSG00000174370	0	NA	NA	1	one_to_one	lncgDivg	ENSMUSG00000111056	1
ENSG00000254588	0	NA	NA	1	one_to_one	lncgDivg	ENSMUSG00000098843	1
ENSG00000254905	0	NA	NA	1	one_to_one	lncgDivg	ENSMUSG00000110774	1
ENSG00000256315	0	NA	NA	1	many_to_one	lncgDivg	ENSMUSG00000119966	1
ENSG00000255580	0	NA	NA	1	many_to_one	lncgDivg	ENSMUSG00000119966	1
ENSG00000256972	0	NA	NA	1	many_to_one	lncgDivg	ENSMUSG00000119966	1
ENSG00000278768	0	NA	NA	1	one_to_one	lncgDivg	ENSMUSG00000089810	1
ENSG00000259327	0	NA	NA	1	many_to_many_strict	lncgDivg	ENSMUSG00000111348;ENSMUSG00000110824	0
ENSG00000259709	0	NA	NA	1	many_to_many_strict	lncgDivg	ENSMUSG00000111348;ENSMUSG00000110824	1
ENSG00000259293	0	NA	NA	1	one_to_one	lncgDivg	ENSMUSG00000111631	0
ENSG00000259528	0	NA	NA	1	one_to_one	lncgDivg	ENSMUSG00000111846	1
ENSG00000271218	0	NA	NA	1	many_to_one	lncgDivg	ENSMUSG00000099094	1
ENSG00000268129	0	NA	NA	1	one_to_one	lncgDivg	ENSMUSG00000101037	0
ENSG00000286988	0	NA	NA	1	many_to_one	lncgDivg	ENSMUSG00000102861	1
ENSG00000272656	0	NA	NA	1	many_to_one	lncgDivg	ENSMUSG00000102861	1
ENSG00000272609	0	NA	NA	1	one_to_one	lncgDivg	ENSMUSG00000089655	1
ENSG00000230830	0	NA	NA	1	one_to_many	lncgDivg	ENSMUSG00000087038;ENSMUSG00000089718	0
ENSG00000250592	0	NA	NA	1	one_to_many	lncgDivg	ENSMUSG00000099373;ENSMUSG00000120939	1
ENSG00000281691	0	NA	NA	1	one_to_one	lncgDivg	ENSMUSG00000102899	1
ENSG00000255760	0	NA	NA	1	one_to_one	lncgDivg	ENSMUSG00000121190	1
ENSG00000251126	0	NA	NA	1	many_to_one	lncgDivg	ENSMUSG00000097456	0
ENSG00000249373	0	NA	NA	1	many_to_one	lncgDivg	ENSMUSG00000097456	0
ENSG00000248152	0	NA	NA	1	many_to_one	lncgDivg	ENSMUSG00000097456	1
ENSG00000254566	0	NA	NA	1	many_to_one	lncgDivg	ENSMUSG00000087465	0
ENSG00000255060	0	NA	NA	1	many_to_one	lncgDivg	ENSMUSG00000087465	0
ENSG00000257279	0	NA	NA	1	many_to_one	lncgDivg	ENSMUSG00000029360	1
ENSG00000274554	0	NA	NA	1	many_to_one	lncgDivg	ENSMUSG00000029360	1
ENSG00000290093	0	NA	NA	1	one_to_one	lncgDivg	ENSMUSG00000121256	1
ENSG00000285619	0	NA	NA	1	one_to_one	lncgDivg	ENSMUSG00000107561	1
ENSG00000266149	0	NA	NA	1	many_to_many	lncgDivg	ENSMUSG00000114563;ENSMUSG00000114291;ENSMUSG00000114492	1
ENSG00000266767	0	NA	NA	1	many_to_many	lncgDivg	ENSMUSG00000114563;ENSMUSG00000114291;ENSMUSG00000114492	0
ENSG00000286627	0	NA	NA	1	many_to_many	lncgDivg	ENSMUSG00000114563;ENSMUSG00000114291;ENSMUSG00000114492	0
ENSG00000286649	0	NA	NA	1	many_to_many	lncgDivg	ENSMUSG00000114563;ENSMUSG00000114291;ENSMUSG00000114492	0
ENSG00000270959	0	NA	NA	1	many_to_one	lncgDivg	ENSMUSG00000119959	1
ENSG00000263707	0	NA	NA	1	many_to_one	lncgDivg	ENSMUSG00000118601	1
ENSG00000277621	0	NA	NA	1	many_to_one	lncgDivg	ENSMUSG00000118601	1
ENSG00000275202	0	NA	NA	1	one_to_one	lncgDivg	ENSMUSG00000090216	0
ENSG00000228086	0	NA	NA	1	one_to_one	lncgDivg	ENSMUSG00000106005	1
ENSG00000244479	0	NA	NA	1	one_to_one	lncgDivg	ENSMUSG00000108190	0
ENSG00000279652	0	NA	NA	1	one_to_one	lncgDivg	ENSMUSG00000097267	1
ENSG00000289327	0	NA	NA	1	one_to_many	lncgDivg	ENSMUSG00000107682;ENSMUSG00000087001	1
ENSG00000260902	0	NA	NA	1	one_to_one	lncgDivg	ENSMUSG00000087317	1
ENSG00000253837	0	NA	NA	1	one_to_one	lncgDivg	ENSMUSG00000098975	0
ENSG00000288868	0	NA	NA	1	one_to_one	lncgDivg	ENSMUSG00000084834	1
ENSG00000236234	0	NA	NA	1	one_to_one	lncgDivg	ENSMUSG00000110636	0
ENSG00000286482	0	NA	NA	1	one_to_one	lncgDivg	ENSMUSG00000120361	0
ENSG00000285825	0	NA	NA	1	one_to_one	lncgDivg	ENSMUSG00000111748	1
ENSG00000287076	0	NA	NA	1	one_to_one	lncgDivg	ENSMUSG00000120527	0
ENSG00000259532	0	NA	NA	1	one_to_one	lncgDivg	ENSMUSG00000052143	1
ENSG00000253567	0	NA	NA	1	one_to_one	lncgDivg	ENSMUSG00000120895	1
ENSG00000231530	0	NA	NA	1	one_to_one	lncgDivg	ENSMUSG00000120927	1
ENSG00000229666	0	NA	NA	1	one_to_many	lncgDivg	ENSMUSG00000090329;ENSMUSG00000091906	0
ENSG00000267551	0	NA	NA	1	one_to_one	lncgDivg	ENSMUSG00000112350	1
ENSG00000290058	0	NA	NA	1	many_to_one	lncgDivg	ENSMUSG00000097509	0
ENSG00000267304	0	NA	NA	1	one_to_one	lncgDivg	ENSMUSG00000090230	1
ENSG00000250129	0	NA	NA	1	one_to_many	lncgDivg	ENSMUSG00000085430;ENSMUSG00000093590	1
ENSG00000290426	0	NA	NA	1	many_to_one	lncgDivg	ENSMUSG00000111050	0
ENSG00000259555	0	NA	NA	1	many_to_one	lncgDivg	ENSMUSG00000111050	1
ENSG00000286943	0	NA	NA	1	one_to_one	lncgDivg	ENSMUSG00000109002	1
ENSG00000255421	0	NA	NA	1	many_to_many_strict	lncgDivg	ENSMUSG00000109130;ENSMUSG00000109282	1
ENSG00000255135	0	NA	NA	1	one_to_one	lncgDivg	ENSMUSG00000120382	1
ENSG00000248719	0	NA	NA	1	one_to_one	lncgDivg	ENSMUSG00000045238	1
ENSG00000268218	0	NA	NA	1	many_to_one	lncgDivg	ENSMUSG00000099881	0
ENSG00000287351	0	NA	NA	1	many_to_one	lncgDivg	ENSMUSG00000099881	1
ENSG00000261253	0	NA	NA	1	many_to_one	lncgDivg	ENSMUSG00000099881	1
ENSG00000260279	0	NA	NA	1	many_to_one	lncgDivg	ENSMUSG00000099881	1
ENSG00000257545	0	NA	NA	1	many_to_one	lncgDivg	ENSMUSG00000120795	1
ENSG00000287957	0	NA	NA	1	many_to_one	lncgDivg	ENSMUSG00000120795	1
ENSG00000254932	0	NA	NA	1	many_to_many_strict	lncgDivg	ENSMUSG00000093721;ENSMUSG00000110722	1
ENSG00000279636	0	NA	NA	1	one_to_one	lncgDivg	ENSMUSG00000115787	0
ENSG00000250244	0	NA	NA	1	many_to_one	lncgDivg	ENSMUSG00000087668	1
ENSG00000250409	0	NA	NA	1	many_to_one	lncgDivg	ENSMUSG00000087668	1
ENSG00000249478	0	NA	NA	1	many_to_one	lncgDivg	ENSMUSG00000087668	1
ENSG00000288758	0	NA	NA	1	many_to_one	lncgDivg	ENSMUSG00000087668	1
ENSG00000256481	0	NA	NA	1	one_to_one	lncgDivg	ENSMUSG00000117901	0
ENSG00000273449	0	NA	NA	1	one_to_many	lncgDivg	ENSMUSG00000086156;ENSMUSG00000085109	1
ENSG00000243069	0	NA	NA	1	one_to_one	lncgDivg	ENSMUSG00000103502	1
ENSG00000273007	0	NA	NA	1	one_to_one	lncgDivg	ENSMUSG00000054779	1
ENSG00000229262	0	NA	NA	1	one_to_one	lncgDivg	ENSMUSG00000084837	0
ENSG00000253320	0	NA	NA	1	many_to_one	lncgDivg	ENSMUSG00000115546	1
ENSG00000253263	0	NA	NA	1	many_to_one	lncgDivg	ENSMUSG00000115546	1
ENSG00000253385	0	NA	NA	1	many_to_one	lncgDivg	ENSMUSG00000115546	1
ENSG00000258413	0	NA	NA	1	many_to_one	lncgDivg	ENSMUSG00000115145	1
ENSG00000226627	0	NA	NA	1	many_to_one	lncgDivg	ENSMUSG00000085745	1
ENSG00000236262	0	NA	NA	1	many_to_one	lncgDivg	ENSMUSG00000085745	1
ENSG00000286708	0	NA	NA	1	many_to_one	lncgDivg	ENSMUSG00000085745	1
ENSG00000171671	0	NA	NA	1	many_to_one	lncgDivg	ENSMUSG00000085745	1
ENSG00000265287	0	NA	NA	1	one_to_one	lncgDivg	ENSMUSG00000087295	1
ENSG00000205682	0	NA	NA	1	many_to_many_strict	lncgDivg	ENSMUSG00000087431;ENSMUSG00000121076	0
ENSG00000289308	0	NA	NA	1	many_to_many_strict	lncgDivg	ENSMUSG00000087431;ENSMUSG00000121076	0
ENSG00000253562	0	NA	NA	1	many_to_one	lncgDivg	ENSMUSG00000115829	1
ENSG00000253539	0	NA	NA	1	many_to_one	lncgDivg	ENSMUSG00000115829	1
ENSG00000260519	0	NA	NA	1	one_to_many	lncgDivg	ENSMUSG00000085363;ENSMUSG00000087261	1
ENSG00000277749	0	NA	NA	1	one_to_many	lncgDivg	ENSMUSG00000086624;ENSMUSG00000085753	1
ENSG00000286108	0	NA	NA	1	one_to_one	lncgDivg	ENSMUSG00000121238	0
ENSG00000249806	0	NA	NA	1	many_to_one	lncgDivg	ENSMUSG00000090732	0
ENSG00000251248	0	NA	NA	1	many_to_one	lncgDivg	ENSMUSG00000090732	0
ENSG00000250091	0	NA	NA	1	one_to_one	lncgDivg	ENSMUSG00000105583	1
ENSG00000229263	0	NA	NA	1	one_to_one	lncgDivg	ENSMUSG00000107766	1
ENSG00000249318	0	NA	NA	1	many_to_one	lncgDivg	ENSMUSG00000097710	0
ENSG00000248268	0	NA	NA	1	many_to_one	lncgDivg	ENSMUSG00000097710	0
ENSG00000255148	0	NA	NA	1	many_to_one	lncgDivg	ENSMUSG00000105245	0
ENSG00000254913	0	NA	NA	1	many_to_one	lncgDivg	ENSMUSG00000105245	1
ENSG00000234206	0	NA	NA	1	one_to_many	lncgDivg	ENSMUSG00000102062;ENSMUSG00000111171;ENSMUSG00000045008	1
ENSG00000225174	0	NA	NA	1	one_to_one	lncgDivg	ENSMUSG00000086434	1
ENSG00000236838	0	NA	NA	1	many_to_many	lncgDivg	ENSMUSG00000085765;ENSMUSG00000101295	1
ENSG00000262810	0	NA	NA	1	many_to_many	lncgDivg	ENSMUSG00000085765;ENSMUSG00000101295	1
ENSG00000225084	0	NA	NA	1	many_to_many	lncgDivg	ENSMUSG00000085765;ENSMUSG00000101295	1
ENSG00000232732	0	NA	NA	1	one_to_one	lncgDivg	ENSMUSG00000097519	0
ENSG00000257045	0	NA	NA	1	many_to_one	lncgDivg	ENSMUSG00000087022	1
ENSG00000225953	0	NA	NA	1	many_to_one	lncgDivg	ENSMUSG00000087022	0
ENSG00000261730	0	NA	NA	1	one_to_one	lncgDivg	ENSMUSG00000038408	1
ENSG00000275665	0	NA	NA	1	many_to_one	lncgDivg	ENSMUSG00000085586	1
ENSG00000271983	0	NA	NA	1	one_to_one	lncgDivg	ENSMUSG00000097016	1
ENSG00000289704	0	NA	NA	1	many_to_one	lncgDivg	ENSMUSG00000086690	0
ENSG00000285974	0	NA	NA	1	many_to_one	lncgDivg	ENSMUSG00000086690	0
ENSG00000266341	0	NA	NA	1	many_to_one	lncgDivg	ENSMUSG00000120186	0
ENSG00000286872	0	NA	NA	1	one_to_one	lncgDivg	ENSMUSG00000109110	1
ENSG00000259589	0	NA	NA	1	one_to_one	lncgDivg	ENSMUSG00000100130	1
ENSG00000228487	0	NA	NA	1	one_to_one	lncgDivg	ENSMUSG00000085087	1
ENSG00000258779	0	NA	NA	1	many_to_many	lncgDivg	ENSMUSG00000093697;ENSMUSG00000109868;ENSMUSG00000110613;ENSMUSG00000120938	0
ENSG00000259817	0	NA	NA	1	many_to_many	lncgDivg	ENSMUSG00000093697;ENSMUSG00000109868;ENSMUSG00000110613;ENSMUSG00000120938	0
ENSG00000261227	0	NA	NA	1	many_to_many	lncgDivg	ENSMUSG00000093697;ENSMUSG00000109868;ENSMUSG00000110613;ENSMUSG00000120938	0
ENSG00000284675	0	NA	NA	1	many_to_many	lncgDivg	ENSMUSG00000093697;ENSMUSG00000109868;ENSMUSG00000110613;ENSMUSG00000120938	0
ENSG00000260880	0	NA	NA	1	many_to_many	lncgDivg	ENSMUSG00000093697;ENSMUSG00000109868;ENSMUSG00000110613;ENSMUSG00000120938	0
ENSG00000260848	0	NA	NA	1	many_to_many	lncgDivg	ENSMUSG00000093697;ENSMUSG00000109868;ENSMUSG00000110613;ENSMUSG00000120938	0
ENSG00000283457	0	NA	NA	1	many_to_many	lncgDivg	ENSMUSG00000093697;ENSMUSG00000109868;ENSMUSG00000110613;ENSMUSG00000120938	0
ENSG00000271009	0	NA	NA	1	many_to_many	lncgDivg	ENSMUSG00000093697;ENSMUSG00000109868;ENSMUSG00000110613;ENSMUSG00000120938	0
ENSG00000259209	0	NA	NA	1	many_to_many	lncgDivg	ENSMUSG00000093697;ENSMUSG00000109868;ENSMUSG00000110613;ENSMUSG00000120938	1
ENSG00000276317	0	NA	NA	1	many_to_one	lncgDivg	ENSMUSG00000121267	0
ENSG00000232803	0	NA	NA	1	many_to_one	lncgDivg	ENSMUSG00000121267	1
ENSG00000277496	0	NA	NA	1	many_to_one	lncgDivg	ENSMUSG00000121267	0
ENSG00000250282	0	NA	NA	1	many_to_one	lncgDivg	ENSMUSG00000087630	1
ENSG00000275025	0	NA	NA	1	many_to_one	lncgDivg	ENSMUSG00000087630	1
ENSG00000271360	0	NA	NA	1	one_to_one	lncgDivg	ENSMUSG00000085716	0
ENSG00000233099	0	NA	NA	1	many_to_one	lncgDivg	ENSMUSG00000097745	1
ENSG00000287647	0	NA	NA	1	many_to_one	lncgDivg	ENSMUSG00000097745	1
ENSG00000271857	0	NA	NA	1	many_to_many	lncgDivg	ENSMUSG00000089849;ENSMUSG00000073394;ENSMUSG00000090048	1
ENSG00000261080	0	NA	NA	1	many_to_many	lncgDivg	ENSMUSG00000089849;ENSMUSG00000073394;ENSMUSG00000090048	1
ENSG00000260756	0	NA	NA	1	one_to_one	lncgDivg	ENSMUSG00000115943	0
ENSG00000266248	0	NA	NA	1	many_to_one	lncgDivg	ENSMUSG00000100600	0
ENSG00000264515	0	NA	NA	1	many_to_one	lncgDivg	ENSMUSG00000100600	0
ENSG00000273293	0	NA	NA	1	many_to_one	lncgDivg	ENSMUSG00000097716	0
ENSG00000204934	0	NA	NA	1	many_to_one	lncgDivg	ENSMUSG00000097716	1
ENSG00000257551	0	NA	NA	1	one_to_many	lncgDivg	ENSMUSG00000120661;ENSMUSG00000102158	1
ENSG00000286518	0	NA	NA	1	many_to_many_strict	lncgDivg	ENSMUSG00000084987;ENSMUSG00000086565;ENSMUSG00000120023;ENSMUSG00000097871;ENSMUSG00000085069	0
ENSG00000272235	0	NA	NA	1	many_to_many_strict	lncgDivg	ENSMUSG00000084987;ENSMUSG00000086565;ENSMUSG00000120023;ENSMUSG00000097871;ENSMUSG00000085069	0
ENSG00000287828	0	NA	NA	1	many_to_many_strict	lncgDivg	ENSMUSG00000084987;ENSMUSG00000086565;ENSMUSG00000120023;ENSMUSG00000097871;ENSMUSG00000085069	0
ENSG00000226286	0	NA	NA	1	many_to_many_strict	lncgDivg	ENSMUSG00000084987;ENSMUSG00000086565;ENSMUSG00000120023;ENSMUSG00000097871;ENSMUSG00000085069	0
ENSG00000227487	0	NA	NA	1	many_to_one	lncgDivg	ENSMUSG00000079564	1
ENSG00000247416	0	NA	NA	1	many_to_one	lncgDivg	ENSMUSG00000079564	0
ENSG00000286159	0	NA	NA	1	one_to_one	lncgDivg	ENSMUSG00000120902	1
ENSG00000236708	0	NA	NA	1	many_to_many	lncgDivg	ENSMUSG00000085540;ENSMUSG00000084934	1
ENSG00000257809	0	NA	NA	1	one_to_one	lncgDivg	ENSMUSG00000119994	1
ENSG00000232912	0	NA	NA	1	one_to_one	lncgDivg	ENSMUSG00000085213	1
ENSG00000281021	0	NA	NA	1	one_to_one	lncgDivg	ENSMUSG00000085211	1
ENSG00000277020	0	NA	NA	1	one_to_one	lncgDivg	ENSMUSG00000086486	0
ENSG00000223770	0	NA	NA	1	one_to_many	lncgDivg	ENSMUSG00000096936;ENSMUSG00000104886	1
ENSG00000259125	0	NA	NA	1	one_to_many	lncgDivg	ENSMUSG00000120065;ENSMUSG00000086499	1
ENSG00000226455	0	NA	NA	1	many_to_one	lncgDivg	ENSMUSG00000086150	1
ENSG00000260271	0	NA	NA	1	many_to_one	lncgDivg	ENSMUSG00000086150	1
ENSG00000287789	0	NA	NA	1	many_to_one	lncgDivg	ENSMUSG00000086150	1
ENSG00000286742	0	NA	NA	1	many_to_many_strict	lncgDivg	ENSMUSG00000106588;ENSMUSG00000105534	0
ENSG00000237819	0	NA	NA	1	many_to_many_strict	lncgDivg	ENSMUSG00000106588;ENSMUSG00000105534	0
ENSG00000261191	0	NA	NA	1	one_to_one	lncgDivg	ENSMUSG00000086735	1
ENSG00000260879	0	NA	NA	1	one_to_one	lncgDivg	ENSMUSG00000105139	0
ENSG00000260475	0	NA	NA	1	one_to_one	lncgDivg	ENSMUSG00000117698	1
ENSG00000249854	0	NA	NA	1	one_to_one	lncgDivg	ENSMUSG00000115560	0
ENSG00000286401	0	NA	NA	1	many_to_one	lncgDivg	ENSMUSG00000097787	1
ENSG00000225303	0	NA	NA	1	many_to_one	lncgDivg	ENSMUSG00000097787	0
ENSG00000226200	0	NA	NA	1	many_to_one	lncgDivg	ENSMUSG00000097787	0
ENSG00000289502	0	NA	NA	1	many_to_one	lncgDivg	ENSMUSG00000087241	1
ENSG00000254251	0	NA	NA	1	many_to_one	lncgDivg	ENSMUSG00000087241	1
ENSG00000267146	0	NA	NA	1	one_to_one	lncgDivg	ENSMUSG00000117977	1
ENSG00000240777	0	NA	NA	1	one_to_one	lncgDivg	ENSMUSG00000109849	1
ENSG00000254315	0	NA	NA	1	many_to_one	lncgDivg	ENSMUSG00000086625	1
ENSG00000253704	0	NA	NA	1	many_to_one	lncgDivg	ENSMUSG00000086625	1
ENSG00000232490	0	NA	NA	1	one_to_many	lncgDivg	ENSMUSG00000098127;ENSMUSG00000098191	1
ENSG00000251586	0	NA	NA	1	one_to_one	lncgDivg	ENSMUSG00000105085	0
ENSG00000266495	0	NA	NA	1	one_to_one	lncgDivg	ENSMUSG00000097440	1
ENSG00000230035	0	NA	NA	1	one_to_many	lncgDivg	ENSMUSG00000086164;ENSMUSG00000085968	0
ENSG00000224101	0	NA	NA	1	one_to_one	lncgDivg	ENSMUSG00000113313	1
ENSG00000235023	0	NA	NA	1	many_to_many_strict	lncgDivg	ENSMUSG00000118081;ENSMUSG00000118157	1
ENSG00000265943	0	NA	NA	1	many_to_one	lncgDivg	ENSMUSG00000117634	1
ENSG00000083622	0	NA	NA	1	many_to_one	lncgDivg	ENSMUSG00000087389	0
ENSG00000232661	0	NA	NA	1	many_to_one	lncgDivg	ENSMUSG00000087389	0
ENSG00000286390	0	NA	NA	1	many_to_one	lncgDivg	ENSMUSG00000087389	0
ENSG00000289440	0	NA	NA	1	one_to_one	lncgDivg	ENSMUSG00000097557	1
ENSG00000256879	0	NA	NA	1	one_to_one	lncgDivg	ENSMUSG00000100707	1
ENSG00000231691	0	NA	NA	1	one_to_one	lncgDivg	ENSMUSG00000101693	1
ENSG00000276957	0	NA	NA	1	one_to_one	lncgDivg	ENSMUSG00000120105	0
ENSG00000228288	0	NA	NA	1	one_to_one	lncgDivg	ENSMUSG00000120829	0
ENSG00000248898	0	NA	NA	1	one_to_one	lncgDivg	ENSMUSG00000114255	1
ENSG00000249069	0	NA	NA	1	many_to_one	lncgDivg	ENSMUSG00000114213	0
ENSG00000287087	0	NA	NA	1	many_to_one	lncgDivg	ENSMUSG00000114213	0
ENSG00000288957	0	NA	NA	1	many_to_one	lncgDivg	ENSMUSG00000114213	0
ENSG00000260231	0	NA	NA	1	one_to_one	lncgDivg	ENSMUSG00000115026	1
ENSG00000274528	0	NA	NA	1	many_to_one	lncgDivg	ENSMUSG00000097021	0
ENSG00000259438	0	NA	NA	1	many_to_one	lncgDivg	ENSMUSG00000097021	0
ENSG00000285612	0	NA	NA	1	many_to_one	lncgDivg	ENSMUSG00000113746	1
ENSG00000285518	0	NA	NA	1	many_to_one	lncgDivg	ENSMUSG00000113746	1
ENSG00000250015	0	NA	NA	1	many_to_one	lncgDivg	ENSMUSG00000117588	0
ENSG00000257494	0	NA	NA	1	one_to_one	lncgDivg	ENSMUSG00000120570	1
ENSG00000248730	0	NA	NA	1	many_to_one	lncgDivg	ENSMUSG00000090199	0
ENSG00000248572	0	NA	NA	1	many_to_one	lncgDivg	ENSMUSG00000090199	0
ENSG00000249071	0	NA	NA	1	many_to_one	lncgDivg	ENSMUSG00000090199	0
ENSG00000249491	0	NA	NA	1	many_to_one	lncgDivg	ENSMUSG00000090199	0
ENSG00000246465	0	NA	NA	1	one_to_one	lncgDivg	ENSMUSG00000108676	1
ENSG00000286451	0	NA	NA	1	one_to_one	lncgDivg	ENSMUSG00000085034	1
ENSG00000287249	0	NA	NA	1	one_to_one	lncgDivg	ENSMUSG00000111365	1
ENSG00000272537	0	NA	NA	1	many_to_one	lncgDivg	ENSMUSG00000091007	1
ENSG00000287047	0	NA	NA	1	one_to_many	lncgDivg	ENSMUSG00000110007;ENSMUSG00000097446	0
ENSG00000250250	0	NA	NA	1	one_to_one	lncgDivg	ENSMUSG00000115433	1
ENSG00000289896	0	NA	NA	1	one_to_many	lncgDivg	ENSMUSG00000087545;ENSMUSG00000087106;ENSMUSG00000085448;ENSMUSG00000084798	0
ENSG00000255198	0	NA	NA	1	one_to_one	lncgDivg	ENSMUSG00000090101	1
ENSG00000286583	0	NA	NA	1	one_to_many	lncgDivg	ENSMUSG00000118311;ENSMUSG00000117797	1
ENSG00000225279	0	NA	NA	1	one_to_one	lncgDivg	ENSMUSG00000120194	0
ENSG00000258842	0	NA	NA	1	one_to_one	lncgDivg	ENSMUSG00000100192	1
ENSG00000206417	0	NA	NA	1	one_to_one	lncgDivg	ENSMUSG00000084950	0
ENSG00000287551	0	NA	NA	1	many_to_one	lncgDivg	ENSMUSG00000084898	0
ENSG00000287038	0	NA	NA	1	many_to_one	lncgDivg	ENSMUSG00000084898	0
ENSG00000250623	0	NA	NA	1	one_to_one	lncgDivg	ENSMUSG00000106902	1
ENSG00000229797	0	NA	NA	1	one_to_one	lncgDivg	ENSMUSG00000045815	1
ENSG00000285923	0	NA	NA	1	one_to_one	lncgDivg	ENSMUSG00000051638	1
ENSG00000274015	0	NA	NA	1	many_to_one	lncgDivg	ENSMUSG00000120709	1
ENSG00000258800	0	NA	NA	1	many_to_one	lncgDivg	ENSMUSG00000120709	1
ENSG00000215196	0	NA	NA	1	many_to_many_strict	lncgDivg	ENSMUSG00000115729;ENSMUSG00000056089	0
ENSG00000271892	0	NA	NA	1	many_to_many_strict	lncgDivg	ENSMUSG00000115729;ENSMUSG00000056089	0
ENSG00000258274	0	NA	NA	1	one_to_one	lncgDivg	ENSMUSG00000112593	1
ENSG00000255545	0	NA	NA	1	one_to_one	lncgDivg	ENSMUSG00000110901	0
ENSG00000234601	0	NA	NA	1	many_to_one	lncgDivg	ENSMUSG00000097009	0
ENSG00000233355	0	NA	NA	1	many_to_one	lncgDivg	ENSMUSG00000097009	0
ENSG00000231652	0	NA	NA	1	one_to_one	lncgDivg	ENSMUSG00000091147	1
ENSG00000234390	0	NA	NA	1	one_to_one	lncgDivg	ENSMUSG00000087252	1
ENSG00000283213	0	NA	NA	1	one_to_one	lncgDivg	ENSMUSG00000108351	0
ENSG00000249304	0	NA	NA	1	one_to_one	lncgDivg	ENSMUSG00000090427	1
ENSG00000272255	0	NA	NA	1	many_to_one	lncgDivg	ENSMUSG00000100320	1
ENSG00000229931	0	NA	NA	1	many_to_many	lncgDivg	ENSMUSG00000113987;ENSMUSG00000114131;ENSMUSG00000038152	1
ENSG00000272341	0	NA	NA	1	many_to_many	lncgDivg	ENSMUSG00000113987;ENSMUSG00000114131;ENSMUSG00000038152	1
ENSG00000251270	0	NA	NA	1	one_to_one	lncgDivg	ENSMUSG00000085541	1
ENSG00000258490	0	NA	NA	1	many_to_one	lncgDivg	ENSMUSG00000112302	1
ENSG00000258561	0	NA	NA	1	many_to_one	lncgDivg	ENSMUSG00000112302	1
ENSG00000286459	0	NA	NA	1	one_to_one	lncgDivg	ENSMUSG00000118263	1
ENSG00000272449	0	NA	NA	1	one_to_one	lncgDivg	ENSMUSG00000092483	0
ENSG00000242049	0	NA	NA	1	one_to_one	lncgDivg	ENSMUSG00000047046	1
ENSG00000271709	0	NA	NA	1	one_to_one	lncgDivg	ENSMUSG00000097408	1
ENSG00000226337	0	NA	NA	1	one_to_one	lncgDivg	ENSMUSG00000120881	1
ENSG00000239552	0	NA	NA	1	one_to_one	lncgDivg	ENSMUSG00000075589	0
ENSG00000228016	0	NA	NA	1	one_to_many	lncgDivg	ENSMUSG00000085001;ENSMUSG00000085439;ENSMUSG00000086231	0
ENSG00000264448	0	NA	NA	1	one_to_one	lncgDivg	ENSMUSG00000085614	1
ENSG00000253947	0	NA	NA	1	many_to_many	lncgDivg	ENSMUSG00000086375;ENSMUSG00000087245	1
ENSG00000253713	0	NA	NA	1	many_to_many	lncgDivg	ENSMUSG00000086375;ENSMUSG00000087245	0
ENSG00000254365	0	NA	NA	1	many_to_many	lncgDivg	ENSMUSG00000086375;ENSMUSG00000087245	0
ENSG00000253925	0	NA	NA	1	many_to_many	lncgDivg	ENSMUSG00000086375;ENSMUSG00000087245	1
ENSG00000254187	0	NA	NA	1	many_to_many	lncgDivg	ENSMUSG00000086375;ENSMUSG00000087245	1
ENSG00000253527	0	NA	NA	1	many_to_many	lncgDivg	ENSMUSG00000086375;ENSMUSG00000087245	0
ENSG00000253660	0	NA	NA	1	many_to_many	lncgDivg	ENSMUSG00000086375;ENSMUSG00000087245	1
ENSG00000253469	0	NA	NA	1	many_to_many	lncgDivg	ENSMUSG00000086375;ENSMUSG00000087245	0
ENSG00000254297	0	NA	NA	1	many_to_many	lncgDivg	ENSMUSG00000086375;ENSMUSG00000087245	0
ENSG00000260101	0	NA	NA	1	one_to_one	lncgDivg	ENSMUSG00000120343	1
ENSG00000263958	0	NA	NA	1	one_to_one	lncgDivg	ENSMUSG00000117778	1
ENSG00000235185	0	NA	NA	1	one_to_one	lncgDivg	ENSMUSG00000120910	0
ENSG00000289587	0	NA	NA	1	many_to_many_strict	lncgDivg	ENSMUSG00000086078;ENSMUSG00000084978	1
ENSG00000264630	0	NA	NA	1	many_to_many_strict	lncgDivg	ENSMUSG00000086078;ENSMUSG00000084978	1
ENSG00000248127	0	NA	NA	1	many_to_one	lncgDivg	ENSMUSG00000100475	0
ENSG00000250348	0	NA	NA	1	many_to_one	lncgDivg	ENSMUSG00000100475	1
ENSG00000279110	0	NA	NA	1	many_to_one	lncgDivg	ENSMUSG00000106659	0
ENSG00000279548	0	NA	NA	1	many_to_one	lncgDivg	ENSMUSG00000106659	0
ENSG00000279085	0	NA	NA	1	many_to_one	lncgDivg	ENSMUSG00000106659	0
ENSG00000203280	0	NA	NA	1	many_to_one	lncgDivg	ENSMUSG00000106659	0
ENSG00000279006	0	NA	NA	1	many_to_one	lncgDivg	ENSMUSG00000106659	0
ENSG00000259920	0	NA	NA	1	many_to_one	lncgDivg	ENSMUSG00000107825	1
ENSG00000272701	0	NA	NA	1	many_to_one	lncgDivg	ENSMUSG00000107825	1
ENSG00000253976	0	NA	NA	1	many_to_one	lncgDivg	ENSMUSG00000089699	1
ENSG00000254357	0	NA	NA	1	many_to_one	lncgDivg	ENSMUSG00000089699	1
ENSG00000183784	0	NA	NA	1	many_to_one	lncgDivg	ENSMUSG00000120776	1
ENSG00000229901	0	NA	NA	1	one_to_one	lncgDivg	ENSMUSG00000084929	1
ENSG00000286682	0	NA	NA	1	one_to_one	lncgDivg	ENSMUSG00000112014	1
ENSG00000255555	0	NA	NA	1	many_to_one	lncgDivg	ENSMUSG00000109382	1
ENSG00000255311	0	NA	NA	1	many_to_one	lncgDivg	ENSMUSG00000109382	0
ENSG00000254787	0	NA	NA	1	many_to_one	lncgDivg	ENSMUSG00000109382	1
ENSG00000234653	0	NA	NA	1	one_to_one	lncgDivg	ENSMUSG00000086739	0
ENSG00000239300	0	NA	NA	1	many_to_one	lncgDivg	ENSMUSG00000116819	1
ENSG00000271855	0	NA	NA	1	many_to_one	lncgDivg	ENSMUSG00000116819	1
ENSG00000274340	0	NA	NA	1	many_to_one	lncgDivg	ENSMUSG00000111412	0
ENSG00000267764	0	NA	NA	1	many_to_one	lncgDivg	ENSMUSG00000097712	1
ENSG00000267762	0	NA	NA	1	many_to_one	lncgDivg	ENSMUSG00000097712	1
ENSG00000285906	0	NA	NA	1	one_to_one	lncgDivg	ENSMUSG00000120498	1
ENSG00000285661	0	NA	NA	1	one_to_one	lncgDivg	ENSMUSG00000097247	0
ENSG00000258444	0	NA	NA	1	one_to_many	lncgDivg	ENSMUSG00000115610;ENSMUSG00000101680	0
ENSG00000254422	0	NA	NA	1	many_to_many_strict	lncgDivg	ENSMUSG00000110161;ENSMUSG00000092185	1
ENSG00000255045	0	NA	NA	1	one_to_one	lncgDivg	ENSMUSG00000120926	1
ENSG00000253858	0	NA	NA	1	many_to_many_strict	lncgDivg	ENSMUSG00000087328;ENSMUSG00000085240	1
ENSG00000253591	0	NA	NA	1	many_to_many_strict	lncgDivg	ENSMUSG00000087328;ENSMUSG00000085240	1
ENSG00000287296	0	NA	NA	1	many_to_many_strict	lncgDivg	ENSMUSG00000120944;ENSMUSG00000120095	1
ENSG00000267598	0	NA	NA	1	many_to_many_strict	lncgDivg	ENSMUSG00000120944;ENSMUSG00000120095	1
ENSG00000231920	0	NA	NA	1	one_to_one	lncgDivg	ENSMUSG00000085100	0
ENSG00000257467	0	NA	NA	1	many_to_one	lncgDivg	ENSMUSG00000112201	1
ENSG00000258162	0	NA	NA	1	many_to_one	lncgDivg	ENSMUSG00000112201	1
ENSG00000267892	0	NA	NA	1	one_to_one	lncgDivg	ENSMUSG00000109307	0
ENSG00000290108	0	NA	NA	1	one_to_one	lncgDivg	ENSMUSG00000120673	1
ENSG00000266947	0	NA	NA	1	one_to_one	lncgDivg	ENSMUSG00000086327	1
ENSG00000270605	0	NA	NA	1	many_to_one	lncgDivg	ENSMUSG00000087352	1
ENSG00000248866	0	NA	NA	1	one_to_many	lncgDivg	ENSMUSG00000087250;ENSMUSG00000086234	1
ENSG00000203446	0	NA	NA	1	one_to_one	lncgDivg	ENSMUSG00000113851	1
ENSG00000224525	0	NA	NA	1	many_to_one	lncgDivg	ENSMUSG00000104157	1
ENSG00000272865	0	NA	NA	1	many_to_one	lncgDivg	ENSMUSG00000104157	1
ENSG00000254688	0	NA	NA	1	many_to_one	lncgDivg	ENSMUSG00000085945	0
ENSG00000203258	0	NA	NA	1	many_to_one	lncgDivg	ENSMUSG00000085945	0
ENSG00000251652	0	NA	NA	1	one_to_one	lncgDivg	ENSMUSG00000101762	1
ENSG00000254906	0	NA	NA	1	many_to_one	lncgDivg	ENSMUSG00000085265	1
ENSG00000255167	0	NA	NA	1	many_to_one	lncgDivg	ENSMUSG00000085265	1
ENSG00000285971	0	NA	NA	1	many_to_one	lncgDivg	ENSMUSG00000086017	0
ENSG00000287105	0	NA	NA	1	many_to_one	lncgDivg	ENSMUSG00000086017	0
ENSG00000254050	0	NA	NA	1	many_to_one	lncgDivg	ENSMUSG00000086017	0
ENSG00000267121	0	NA	NA	1	many_to_one	lncgDivg	ENSMUSG00000092371	0
ENSG00000233175	0	NA	NA	1	many_to_one	lncgDivg	ENSMUSG00000092371	0
ENSG00000272750	0	NA	NA	1	one_to_one	lncgDivg	ENSMUSG00000121189	1
ENSG00000241359	0	NA	NA	1	one_to_one	lncgDivg	ENSMUSG00000051729	0
ENSG00000290110	0	NA	NA	1	one_to_one	lncgDivg	ENSMUSG00000092386	0
ENSG00000233038	0	NA	NA	1	many_to_one	lncgDivg	ENSMUSG00000099907	0
ENSG00000222012	0	NA	NA	1	many_to_one	lncgDivg	ENSMUSG00000099907	1
ENSG00000231980	0	NA	NA	1	many_to_one	lncgDivg	ENSMUSG00000099907	0
ENSG00000289418	0	NA	NA	1	many_to_one	lncgDivg	ENSMUSG00000099907	0
ENSG00000272839	0	NA	NA	1	many_to_one	lncgDivg	ENSMUSG00000099907	0
ENSG00000225365	0	NA	NA	1	many_to_one	lncgDivg	ENSMUSG00000099907	0
ENSG00000232715	0	NA	NA	1	many_to_one	lncgDivg	ENSMUSG00000099907	0
ENSG00000285821	0	NA	NA	1	many_to_one	lncgDivg	ENSMUSG00000099907	0
ENSG00000263684	0	NA	NA	1	one_to_one	lncgDivg	ENSMUSG00000084967	1
ENSG00000236202	0	NA	NA	1	many_to_one	lncgDivg	ENSMUSG00000092448	1
ENSG00000237665	0	NA	NA	1	many_to_one	lncgDivg	ENSMUSG00000092448	0
ENSG00000197301	0	NA	NA	1	many_to_many_strict	lncgDivg	ENSMUSG00000034764;ENSMUSG00000090191	1
ENSG00000256083	0	NA	NA	1	many_to_many_strict	lncgDivg	ENSMUSG00000034764;ENSMUSG00000090191	1
ENSG00000245812	0	NA	NA	1	many_to_one	lncgDivg	ENSMUSG00000085784	1
ENSG00000253811	0	NA	NA	1	many_to_one	lncgDivg	ENSMUSG00000085784	0
ENSG00000253456	0	NA	NA	1	many_to_one	lncgDivg	ENSMUSG00000085784	0
ENSG00000234190	0	NA	NA	1	many_to_one	lncgDivg	ENSMUSG00000105385	1
ENSG00000274415	0	NA	NA	1	many_to_one	lncgDivg	ENSMUSG00000105385	1
ENSG00000289250	0	NA	NA	1	one_to_one	lncgDivg	ENSMUSG00000100164	1
ENSG00000236936	0	NA	NA	1	many_to_one	lncgDivg	ENSMUSG00000085823	0
ENSG00000231105	0	NA	NA	1	many_to_one	lncgDivg	ENSMUSG00000085823	0
ENSG00000258730	0	NA	NA	1	one_to_one	lncgDivg	ENSMUSG00000095174	1
ENSG00000249609	0	NA	NA	1	many_to_many_strict	lncgDivg	ENSMUSG00000086866;ENSMUSG00000121162	1
ENSG00000249623	0	NA	NA	1	many_to_many_strict	lncgDivg	ENSMUSG00000086866;ENSMUSG00000121162	0
ENSG00000259219	0	NA	NA	1	many_to_one	lncgDivg	ENSMUSG00000121207	1
ENSG00000259356	0	NA	NA	1	many_to_one	lncgDivg	ENSMUSG00000121207	1
ENSG00000273329	0	NA	NA	1	one_to_one	lncgDivg	ENSMUSG00000120456	1
ENSG00000185837	0	NA	NA	1	one_to_one	lncgDivg	ENSMUSG00000093739	0
ENSG00000278338	0	NA	NA	1	one_to_many	lncgDivg	ENSMUSG00000115167;ENSMUSG00000115090;ENSMUSG00000115111	1
ENSG00000286196	0	NA	NA	1	one_to_one	lncgDivg	ENSMUSG00000009551	1
ENSG00000263718	0	NA	NA	1	many_to_one	lncgDivg	ENSMUSG00000086050	1
ENSG00000230020	0	NA	NA	1	one_to_one	lncgDivg	ENSMUSG00000087571	0
ENSG00000259499	0	NA	NA	1	many_to_one	lncgDivg	ENSMUSG00000086913	1
ENSG00000203307	0	NA	NA	1	many_to_many_strict	lncgDivg	ENSMUSG00000097823;ENSMUSG00000102548	0
ENSG00000229588	0	NA	NA	1	many_to_many_strict	lncgDivg	ENSMUSG00000097823;ENSMUSG00000102548	0
ENSG00000287649	0	NA	NA	1	one_to_many	lncgDivg	ENSMUSG00000089833;ENSMUSG00000114391	1
ENSG00000250698	0	NA	NA	1	many_to_many_strict	lncgDivg	ENSMUSG00000104161;ENSMUSG00000102539	1
ENSG00000286320	0	NA	NA	1	many_to_many_strict	lncgDivg	ENSMUSG00000104161;ENSMUSG00000102539	1
ENSG00000229589	0	NA	NA	1	one_to_one	lncgDivg	ENSMUSG00000111204	1
ENSG00000228156	0	NA	NA	1	many_to_one	lncgDivg	ENSMUSG00000079001	1
ENSG00000204393	0	NA	NA	1	many_to_one	lncgDivg	ENSMUSG00000079001	1
ENSG00000286311	0	NA	NA	1	many_to_one	lncgDivg	ENSMUSG00000079001	0
ENSG00000233293	0	NA	NA	1	many_to_one	lncgDivg	ENSMUSG00000079001	1
ENSG00000277301	0	NA	NA	1	many_to_one	lncgDivg	ENSMUSG00000079001	0
ENSG00000236772	0	NA	NA	1	many_to_one	lncgDivg	ENSMUSG00000079001	1
ENSG00000269934	0	NA	NA	1	many_to_one	lncgDivg	ENSMUSG00000072902	1
ENSG00000270110	0	NA	NA	1	many_to_one	lncgDivg	ENSMUSG00000072902	0
ENSG00000287315	0	NA	NA	1	many_to_one	lncgDivg	ENSMUSG00000072902	1
ENSG00000203335	0	NA	NA	1	many_to_one	lncgDivg	ENSMUSG00000086505	0
ENSG00000270114	0	NA	NA	1	many_to_one	lncgDivg	ENSMUSG00000086505	0
ENSG00000286461	0	NA	NA	1	many_to_one	lncgDivg	ENSMUSG00000086505	0
ENSG00000287744	0	NA	NA	1	many_to_one	lncgDivg	ENSMUSG00000086505	0
ENSG00000233363	0	NA	NA	1	many_to_one	lncgDivg	ENSMUSG00000086505	0
ENSG00000236408	0	NA	NA	1	many_to_one	lncgDivg	ENSMUSG00000086505	0
ENSG00000271200	0	NA	NA	1	one_to_one	lncgDivg	ENSMUSG00000120805	1
ENSG00000223979	0	NA	NA	1	many_to_one	lncgDivg	ENSMUSG00000051008	1
ENSG00000261216	0	NA	NA	1	one_to_one	lncgDivg	ENSMUSG00000120347	0
ENSG00000248554	0	NA	NA	1	many_to_one	lncgDivg	ENSMUSG00000025450	0
ENSG00000248240	0	NA	NA	1	many_to_one	lncgDivg	ENSMUSG00000025450	0
ENSG00000287815	0	NA	NA	1	one_to_one	lncgDivg	ENSMUSG00000107090	1
ENSG00000236842	0	NA	NA	1	many_to_many_strict	lncgDivg	ENSMUSG00000114412;ENSMUSG00000114205	0
ENSG00000290803	0	NA	NA	1	many_to_one	lncgDivg	ENSMUSG00000097686	0
ENSG00000251408	0	NA	NA	1	many_to_one	lncgDivg	ENSMUSG00000097686	0
ENSG00000287786	0	NA	NA	1	many_to_one	lncgDivg	ENSMUSG00000097686	0
ENSG00000287430	0	NA	NA	1	many_to_one	lncgDivg	ENSMUSG00000074753	1
ENSG00000228213	0	NA	NA	1	one_to_one	lncgDivg	ENSMUSG00000074664	0
ENSG00000236263	0	NA	NA	1	one_to_one	lncgDivg	ENSMUSG00000120758	1
ENSG00000241648	0	NA	NA	1	many_to_many_strict	lncgDivg	ENSMUSG00000092599;ENSMUSG00000045178	1
ENSG00000239519	0	NA	NA	1	many_to_many_strict	lncgDivg	ENSMUSG00000092599;ENSMUSG00000045178	0
ENSG00000227588	0	NA	NA	1	many_to_one	lncgDivg	ENSMUSG00000085067	0
ENSG00000288927	0	NA	NA	1	one_to_one	lncgDivg	ENSMUSG00000120660	0
ENSG00000224691	0	NA	NA	1	one_to_one	lncgDivg	ENSMUSG00000093650	1
ENSG00000274859	0	NA	NA	1	one_to_many	lncgDivg	ENSMUSG00000097163;ENSMUSG00000072688	1
ENSG00000225181	0	NA	NA	1	many_to_many	lncgDivg	ENSMUSG00000074763;ENSMUSG00000086450	0
ENSG00000287062	0	NA	NA	1	many_to_many	lncgDivg	ENSMUSG00000074763;ENSMUSG00000086450	1
ENSG00000235914	0	NA	NA	1	many_to_many	lncgDivg	ENSMUSG00000074763;ENSMUSG00000086450	0
ENSG00000286546	0	NA	NA	1	many_to_many	lncgDivg	ENSMUSG00000074763;ENSMUSG00000086450	1
ENSG00000237832	0	NA	NA	1	many_to_many	lncgDivg	ENSMUSG00000074763;ENSMUSG00000086450	0
ENSG00000287121	0	NA	NA	1	many_to_one	lncgDivg	ENSMUSG00000087384	1
ENSG00000262020	0	NA	NA	1	many_to_one	lncgDivg	ENSMUSG00000087384	1
ENSG00000232519	0	NA	NA	1	one_to_one	lncgDivg	ENSMUSG00000120722	1
ENSG00000266100	0	NA	NA	1	many_to_many	lncgDivg	ENSMUSG00000085246;ENSMUSG00000087574	0
ENSG00000263499	0	NA	NA	1	many_to_many	lncgDivg	ENSMUSG00000085246;ENSMUSG00000087574	0
ENSG00000287169	0	NA	NA	1	one_to_many	lncgDivg	ENSMUSG00000097491;ENSMUSG00000110409	1
ENSG00000259793	0	NA	NA	1	one_to_one	lncgDivg	ENSMUSG00000101942	1
ENSG00000269806	0	NA	NA	1	many_to_many_strict	lncgDivg	ENSMUSG00000109984;ENSMUSG00000120250	0
ENSG00000272851	0	NA	NA	1	one_to_one	lncgDivg	ENSMUSG00000087213	1
ENSG00000230290	0	NA	NA	1	one_to_one	lncgDivg	ENSMUSG00000111103	1
ENSG00000289952	0	NA	NA	1	one_to_one	lncgDivg	ENSMUSG00000120362	1
ENSG00000254964	0	NA	NA	1	one_to_one	lncgDivg	ENSMUSG00000114220	1
ENSG00000272384	0	NA	NA	1	one_to_many	lncgDivg	ENSMUSG00000047807;ENSMUSG00000090002	0
ENSG00000278960	0	NA	NA	1	many_to_one	lncgDivg	ENSMUSG00000098230	1
ENSG00000231933	0	NA	NA	1	many_to_one	lncgDivg	ENSMUSG00000098230	0
ENSG00000232464	0	NA	NA	1	many_to_one	lncgDivg	ENSMUSG00000098230	1
ENSG00000285103	0	NA	NA	1	many_to_one	lncgDivg	ENSMUSG00000086792	1
ENSG00000260145	0	NA	NA	1	one_to_one	lncgDivg	ENSMUSG00000097194	1
ENSG00000276488	0	NA	NA	1	one_to_one	lncgDivg	ENSMUSG00000120872	0
ENSG00000228539	0	NA	NA	1	one_to_one	lncgDivg	ENSMUSG00000074737	0
ENSG00000234497	0	NA	NA	1	one_to_one	lncgDivg	ENSMUSG00000092522	1
ENSG00000228452	0	NA	NA	1	one_to_one	lncgDivg	ENSMUSG00000085626	0
ENSG00000258422	0	NA	NA	1	one_to_one	lncgDivg	ENSMUSG00000098128	1
ENSG00000272729	0	NA	NA	1	many_to_one	lncgDivg	ENSMUSG00000052371	1
ENSG00000254369	0	NA	NA	1	many_to_one	lncgDivg	ENSMUSG00000087626	1
ENSG00000234141	0	NA	NA	1	one_to_many	lncgDivg	ENSMUSG00000089890;ENSMUSG00000090151	1
ENSG00000261604	0	NA	NA	1	one_to_one	lncgDivg	ENSMUSG00000114934	0
ENSG00000266846	0	NA	NA	1	many_to_one	lncgDivg	ENSMUSG00000117004	1
ENSG00000264449	0	NA	NA	1	many_to_one	lncgDivg	ENSMUSG00000117004	1
ENSG00000224149	0	NA	NA	1	many_to_one	lncgDivg	ENSMUSG00000093738	1
ENSG00000223764	0	NA	NA	1	one_to_one	lncgDivg	ENSMUSG00000111895	0
ENSG00000258584	0	NA	NA	1	one_to_one	lncgDivg	ENSMUSG00000100789	0
ENSG00000279726	0	NA	NA	1	one_to_one	lncgDivg	ENSMUSG00000103386	1
ENSG00000267165	0	NA	NA	1	one_to_one	lncgDivg	ENSMUSG00000117757	0
ENSG00000286828	0	NA	NA	1	one_to_one	lncgDivg	ENSMUSG00000116590	1
ENSG00000276115	0	NA	NA	1	many_to_one	lncgSS.dw	ENSMUSG00000096299	1
ENSG00000274964	0	NA	NA	1	many_to_one	lncgSS.dw	ENSMUSG00000096299	1
ENSG00000277342	0	NA	NA	1	many_to_one	lncgSS.dw	ENSMUSG00000096299	1
ENSG00000285016	0	NA	NA	1	one_to_one	lncgSS.dw	ENSMUSG00000109931	0
ENSG00000260368	0	NA	NA	1	one_to_one	lncgSS.dw	ENSMUSG00000120390	0
ENSG00000289194	0	NA	NA	1	one_to_one	lncgSS.dw	ENSMUSG00000118138	1
ENSG00000269189	0	NA	NA	1	one_to_one	lncgSS.dw	ENSMUSG00000085133	0
ENSG00000267786	0	NA	NA	1	one_to_one	lncgSS.dw	ENSMUSG00000109049	1
ENSG00000275097	0	NA	NA	1	one_to_one	lncgSS.dw	ENSMUSG00000108258	0
ENSG00000240527	0	NA	NA	1	one_to_one	lncgSS.dw	ENSMUSG00000117952	1
ENSG00000285882	0	NA	NA	1	one_to_one	lncgSS.dw	ENSMUSG00000085899	0
ENSG00000226363	0	NA	NA	1	one_to_one	lncgSS.dw	ENSMUSG00000085015	1
ENSG00000290762	0	NA	NA	1	one_to_one	lncgSS.up	ENSMUSG00000120439	1
ENSG00000283973	0	NA	NA	1	one_to_one	lncgSS.up	ENSMUSG00000120599	0
ENSG00000251022	0	NA	NA	1	one_to_one	lncgSS.up	ENSMUSG00000097772	1
ENSG00000265222	0	NA	NA	1	many_to_one	lncgSS.up	ENSMUSG00000085078	1
ENSG00000263717	0	NA	NA	1	many_to_one	lncgSS.up	ENSMUSG00000085078	1
ENSG00000265337	0	NA	NA	1	many_to_one	lncgSS.up	ENSMUSG00000085078	1
ENSG00000253104	0	NA	NA	1	one_to_one	lncgSS.up	ENSMUSG00000115122	0
ENSG00000263904	0	NA	NA	1	one_to_one	lncgSS.up	ENSMUSG00000117632	1
ENSG00000262880	0	NA	NA	1	one_to_one	lncgSS.up	ENSMUSG00000121226	1
ENSG00000237738	0	NA	NA	1	one_to_one	lncgSS.up	ENSMUSG00000106543	1
ENSG00000289863	0	NA	NA	1	one_to_one	lncgSS.up	ENSMUSG00000120629	1
ENSG00000268375	0	NA	NA	1	one_to_one	lncgSS.up	ENSMUSG00000101166	1
ENSG00000224243	0	NA	NA	1	one_to_one	lncgSS.up	ENSMUSG00000047935	0
ENSG00000082929	0	NA	NA	0	NA	NA	NA	1
ENSG00000093100	0	NA	NA	0	NA	NA	NA	1
ENSG00000099869	0	NA	NA	0	NA	NA	NA	1
ENSG00000105501	0	NA	NA	0	NA	NA	NA	1
ENSG00000116652	0	NA	NA	0	NA	NA	NA	1
ENSG00000117242	0	NA	NA	0	NA	NA	NA	1
ENSG00000120664	0	NA	NA	0	NA	NA	NA	1
ENSG00000128254	0	NA	NA	0	NA	NA	NA	1
ENSG00000136275	0	NA	NA	0	NA	NA	NA	1
ENSG00000146049	0	NA	NA	0	NA	NA	NA	1
ENSG00000146666	0	NA	NA	0	NA	NA	NA	1
ENSG00000149443	0	NA	NA	0	NA	NA	NA	1
ENSG00000162888	0	NA	NA	0	NA	NA	NA	1
ENSG00000163364	0	NA	NA	0	NA	NA	NA	1
ENSG00000163597	0	NA	NA	0	NA	NA	NA	1
ENSG00000166917	0	NA	NA	0	NA	NA	NA	1
ENSG00000170983	0	NA	NA	0	NA	NA	NA	1
ENSG00000172965	0	NA	NA	0	NA	NA	NA	1
ENSG00000173077	0	NA	NA	0	NA	NA	NA	1
ENSG00000173862	0	NA	NA	0	NA	NA	NA	1
ENSG00000174171	0	NA	NA	0	NA	NA	NA	1
ENSG00000176236	0	NA	NA	0	NA	NA	NA	1
ENSG00000176515	0	NA	NA	0	NA	NA	NA	1
ENSG00000176753	0	NA	NA	0	NA	NA	NA	1
ENSG00000176754	0	NA	NA	0	NA	NA	NA	1
ENSG00000176840	0	NA	NA	0	NA	NA	NA	1
ENSG00000176868	0	NA	NA	0	NA	NA	NA	1
ENSG00000176912	0	NA	NA	0	NA	NA	NA	1
ENSG00000176984	0	NA	NA	0	NA	NA	NA	1
ENSG00000177112	0	NA	NA	0	NA	NA	NA	1
ENSG00000177234	0	NA	NA	0	NA	NA	NA	1
ENSG00000177335	0	NA	NA	0	NA	NA	NA	1
ENSG00000177369	0	NA	NA	0	NA	NA	NA	1
ENSG00000177553	0	NA	NA	0	NA	NA	NA	1
ENSG00000177596	0	NA	NA	0	NA	NA	NA	1
ENSG00000177699	0	NA	NA	0	NA	NA	NA	1
ENSG00000177725	0	NA	NA	0	NA	NA	NA	1
ENSG00000177993	0	NA	NA	0	NA	NA	NA	1
ENSG00000178803	0	NA	NA	0	NA	NA	NA	1
ENSG00000178977	0	NA	NA	0	NA	NA	NA	1
ENSG00000179066	0	NA	NA	0	NA	NA	NA	1
ENSG00000179523	0	NA	NA	0	NA	NA	NA	1
ENSG00000179577	0	NA	NA	0	NA	NA	NA	1
ENSG00000179743	0	NA	NA	0	NA	NA	NA	1
ENSG00000179840	0	NA	NA	0	NA	NA	NA	1
ENSG00000179935	0	NA	NA	0	NA	NA	NA	1
ENSG00000180066	0	NA	NA	0	NA	NA	NA	1
ENSG00000180139	0	NA	NA	0	NA	NA	NA	1
ENSG00000180539	0	NA	NA	0	NA	NA	NA	1
ENSG00000180861	0	NA	NA	0	NA	NA	NA	1
ENSG00000180869	0	NA	NA	0	NA	NA	NA	1
ENSG00000181097	0	NA	NA	0	NA	NA	NA	1
ENSG00000181123	0	NA	NA	0	NA	NA	NA	1
ENSG00000181798	0	NA	NA	0	NA	NA	NA	1
ENSG00000182257	0	NA	NA	0	NA	NA	NA	1
ENSG00000182352	0	NA	NA	0	NA	NA	NA	1
ENSG00000182912	0	NA	NA	0	NA	NA	NA	1
ENSG00000183242	0	NA	NA	0	NA	NA	NA	1
ENSG00000183250	0	NA	NA	0	NA	NA	NA	1
ENSG00000183535	0	NA	NA	0	NA	NA	NA	1
ENSG00000183562	0	NA	NA	0	NA	NA	NA	1
ENSG00000183822	0	NA	NA	0	NA	NA	NA	1
ENSG00000184224	0	NA	NA	0	NA	NA	NA	1
ENSG00000184274	0	NA	NA	0	NA	NA	NA	1
ENSG00000184441	0	NA	NA	0	NA	NA	NA	1
ENSG00000184608	0	NA	NA	0	NA	NA	NA	1
ENSG00000184809	0	NA	NA	0	NA	NA	NA	1
ENSG00000185065	0	NA	NA	0	NA	NA	NA	1
ENSG00000185847	0	NA	NA	0	NA	NA	NA	1
ENSG00000186056	0	NA	NA	0	NA	NA	NA	1
ENSG00000186615	0	NA	NA	0	NA	NA	NA	1
ENSG00000186960	0	NA	NA	0	NA	NA	NA	1
ENSG00000187012	0	NA	NA	0	NA	NA	NA	1
ENSG00000187013	0	NA	NA	0	NA	NA	NA	1
ENSG00000187621	0	NA	NA	0	NA	NA	NA	1
ENSG00000187904	0	NA	NA	0	NA	NA	NA	1
ENSG00000188185	0	NA	NA	0	NA	NA	NA	1
ENSG00000188242	0	NA	NA	0	NA	NA	NA	1
ENSG00000188525	0	NA	NA	0	NA	NA	NA	1
ENSG00000188660	0	NA	NA	0	NA	NA	NA	1
ENSG00000188693	0	NA	NA	0	NA	NA	NA	1
ENSG00000189223	0	NA	NA	0	NA	NA	NA	1
ENSG00000189419	0	NA	NA	0	NA	NA	NA	1
ENSG00000196273	0	NA	NA	0	NA	NA	NA	1
ENSG00000196295	0	NA	NA	0	NA	NA	NA	1
ENSG00000196741	0	NA	NA	0	NA	NA	NA	1
ENSG00000196810	0	NA	NA	0	NA	NA	NA	1
ENSG00000196893	0	NA	NA	0	NA	NA	NA	1
ENSG00000196951	0	NA	NA	0	NA	NA	NA	1
ENSG00000197099	0	NA	NA	0	NA	NA	NA	1
ENSG00000197291	0	NA	NA	0	NA	NA	NA	1
ENSG00000197536	0	NA	NA	0	NA	NA	NA	1
ENSG00000197568	0	NA	NA	0	NA	NA	NA	1
ENSG00000197585	0	NA	NA	0	NA	NA	NA	1
ENSG00000197644	0	NA	NA	0	NA	NA	NA	1
ENSG00000197670	0	NA	NA	0	NA	NA	NA	1
ENSG00000197734	0	NA	NA	0	NA	NA	NA	1
ENSG00000198054	0	NA	NA	0	NA	NA	NA	1
ENSG00000198491	0	NA	NA	0	NA	NA	NA	1
ENSG00000198590	0	NA	NA	0	NA	NA	NA	1
ENSG00000203266	0	NA	NA	0	NA	NA	NA	1
ENSG00000203321	0	NA	NA	0	NA	NA	NA	1
ENSG00000203325	0	NA	NA	0	NA	NA	NA	1
ENSG00000203356	0	NA	NA	0	NA	NA	NA	1
ENSG00000203362	0	NA	NA	0	NA	NA	NA	1
ENSG00000203364	0	NA	NA	0	NA	NA	NA	1
ENSG00000203395	0	NA	NA	0	NA	NA	NA	1
ENSG00000203402	0	NA	NA	0	NA	NA	NA	1
ENSG00000203472	0	NA	NA	0	NA	NA	NA	1
ENSG00000203520	0	NA	NA	0	NA	NA	NA	1
ENSG00000203527	0	NA	NA	0	NA	NA	NA	1
ENSG00000203588	0	NA	NA	0	NA	NA	NA	1
ENSG00000203593	0	NA	NA	0	NA	NA	NA	1
ENSG00000203644	0	NA	NA	0	NA	NA	NA	1
ENSG00000203650	0	NA	NA	0	NA	NA	NA	1
ENSG00000203684	0	NA	NA	0	NA	NA	NA	1
ENSG00000203739	0	NA	NA	0	NA	NA	NA	1
ENSG00000203865	0	NA	NA	0	NA	NA	NA	1
ENSG00000203875	0	NA	NA	0	NA	NA	NA	1
ENSG00000203897	0	NA	NA	0	NA	NA	NA	1
ENSG00000203930	0	NA	NA	0	NA	NA	NA	1
ENSG00000203987	0	NA	NA	0	NA	NA	NA	1
ENSG00000203993	0	NA	NA	0	NA	NA	NA	1
ENSG00000204044	0	NA	NA	0	NA	NA	NA	1
ENSG00000204183	0	NA	NA	0	NA	NA	NA	1
ENSG00000204250	0	NA	NA	0	NA	NA	NA	1
ENSG00000204261	0	NA	NA	0	NA	NA	NA	1
ENSG00000204387	0	NA	NA	0	NA	NA	NA	1
ENSG00000204422	0	NA	NA	0	NA	NA	NA	1
ENSG00000204581	0	NA	NA	0	NA	NA	NA	1
ENSG00000204666	0	NA	NA	0	NA	NA	NA	1
ENSG00000204677	0	NA	NA	0	NA	NA	NA	1
ENSG00000204758	0	NA	NA	0	NA	NA	NA	1
ENSG00000204792	0	NA	NA	0	NA	NA	NA	1
ENSG00000204904	0	NA	NA	0	NA	NA	NA	1
ENSG00000204949	0	NA	NA	0	NA	NA	NA	1
ENSG00000204971	0	NA	NA	0	NA	NA	NA	1
ENSG00000205300	0	NA	NA	0	NA	NA	NA	1
ENSG00000205424	0	NA	NA	0	NA	NA	NA	1
ENSG00000205444	0	NA	NA	0	NA	NA	NA	1
ENSG00000205488	0	NA	NA	0	NA	NA	NA	1
ENSG00000205537	0	NA	NA	0	NA	NA	NA	1
ENSG00000205745	0	NA	NA	0	NA	NA	NA	1
ENSG00000205786	0	NA	NA	0	NA	NA	NA	1
ENSG00000205790	0	NA	NA	0	NA	NA	NA	1
ENSG00000205791	0	NA	NA	0	NA	NA	NA	1
ENSG00000205861	0	NA	NA	0	NA	NA	NA	1
ENSG00000205865	0	NA	NA	0	NA	NA	NA	1
ENSG00000205866	0	NA	NA	0	NA	NA	NA	1
ENSG00000205971	0	NA	NA	0	NA	NA	NA	1
ENSG00000206567	0	NA	NA	0	NA	NA	NA	1
ENSG00000207751	0	NA	NA	0	NA	NA	NA	1
ENSG00000212766	0	NA	NA	0	NA	NA	NA	1
ENSG00000212978	0	NA	NA	0	NA	NA	NA	1
ENSG00000213057	0	NA	NA	0	NA	NA	NA	1
ENSG00000213062	0	NA	NA	0	NA	NA	NA	1
ENSG00000213121	0	NA	NA	0	NA	NA	NA	1
ENSG00000213599	0	NA	NA	0	NA	NA	NA	1
ENSG00000213600	0	NA	NA	0	NA	NA	NA	1
ENSG00000213888	0	NA	NA	0	NA	NA	NA	1
ENSG00000214184	0	NA	NA	0	NA	NA	NA	1
ENSG00000214248	0	NA	NA	0	NA	NA	NA	1
ENSG00000214353	0	NA	NA	0	NA	NA	NA	1
ENSG00000214381	0	NA	NA	0	NA	NA	NA	1
ENSG00000214546	0	NA	NA	0	NA	NA	NA	1
ENSG00000214548	0	NA	NA	0	NA	NA	NA	1
ENSG00000214770	0	NA	NA	0	NA	NA	NA	1
ENSG00000214772	0	NA	NA	0	NA	NA	NA	1
ENSG00000214788	0	NA	NA	0	NA	NA	NA	1
ENSG00000214870	0	NA	NA	0	NA	NA	NA	1
ENSG00000214919	0	NA	NA	0	NA	NA	NA	1
ENSG00000214999	0	NA	NA	0	NA	NA	NA	1
ENSG00000215014	0	NA	NA	0	NA	NA	NA	1
ENSG00000215039	0	NA	NA	0	NA	NA	NA	1
ENSG00000215067	0	NA	NA	0	NA	NA	NA	1
ENSG00000215241	0	NA	NA	0	NA	NA	NA	1
ENSG00000215256	0	NA	NA	0	NA	NA	NA	1
ENSG00000215403	0	NA	NA	0	NA	NA	NA	1
ENSG00000215424	0	NA	NA	0	NA	NA	NA	1
ENSG00000215481	0	NA	NA	0	NA	NA	NA	1
ENSG00000215533	0	NA	NA	0	NA	NA	NA	1
ENSG00000215692	0	NA	NA	0	NA	NA	NA	1
ENSG00000215841	0	NA	NA	0	NA	NA	NA	1
ENSG00000216560	0	NA	NA	0	NA	NA	NA	1
ENSG00000216895	0	NA	NA	0	NA	NA	NA	1
ENSG00000217455	0	NA	NA	0	NA	NA	NA	1
ENSG00000218510	0	NA	NA	0	NA	NA	NA	1
ENSG00000218537	0	NA	NA	0	NA	NA	NA	1
ENSG00000220575	0	NA	NA	0	NA	NA	NA	1
ENSG00000220925	0	NA	NA	0	NA	NA	NA	1
ENSG00000221571	0	NA	NA	0	NA	NA	NA	1
ENSG00000221819	0	NA	NA	0	NA	NA	NA	1
ENSG00000221845	0	NA	NA	0	NA	NA	NA	1
ENSG00000221857	0	NA	NA	0	NA	NA	NA	1
ENSG00000221949	0	NA	NA	0	NA	NA	NA	1
ENSG00000221990	0	NA	NA	0	NA	NA	NA	1
ENSG00000222001	0	NA	NA	0	NA	NA	NA	1
ENSG00000222004	0	NA	NA	0	NA	NA	NA	1
ENSG00000222005	0	NA	NA	0	NA	NA	NA	1
ENSG00000222022	0	NA	NA	0	NA	NA	NA	1
ENSG00000222031	0	NA	NA	0	NA	NA	NA	1
ENSG00000222032	0	NA	NA	0	NA	NA	NA	1
ENSG00000222047	0	NA	NA	0	NA	NA	NA	1
ENSG00000223343	0	NA	NA	0	NA	NA	NA	1
ENSG00000223356	0	NA	NA	0	NA	NA	NA	1
ENSG00000223358	0	NA	NA	0	NA	NA	NA	1
ENSG00000223374	0	NA	NA	0	NA	NA	NA	1
ENSG00000223390	0	NA	NA	0	NA	NA	NA	1
ENSG00000223393	0	NA	NA	0	NA	NA	NA	1
ENSG00000223410	0	NA	NA	0	NA	NA	NA	1
ENSG00000223432	0	NA	NA	0	NA	NA	NA	1
ENSG00000223442	0	NA	NA	0	NA	NA	NA	1
ENSG00000223461	0	NA	NA	0	NA	NA	NA	1
ENSG00000223478	0	NA	NA	0	NA	NA	NA	1
ENSG00000223492	0	NA	NA	0	NA	NA	NA	1
ENSG00000223502	0	NA	NA	0	NA	NA	NA	1
ENSG00000223528	0	NA	NA	0	NA	NA	NA	1
ENSG00000223530	0	NA	NA	0	NA	NA	NA	1
ENSG00000223537	0	NA	NA	0	NA	NA	NA	1
ENSG00000223542	0	NA	NA	0	NA	NA	NA	1
ENSG00000223571	0	NA	NA	0	NA	NA	NA	1
ENSG00000223634	0	NA	NA	0	NA	NA	NA	1
ENSG00000223653	0	NA	NA	0	NA	NA	NA	1
ENSG00000223660	0	NA	NA	0	NA	NA	NA	1
ENSG00000223669	0	NA	NA	0	NA	NA	NA	1
ENSG00000223697	0	NA	NA	0	NA	NA	NA	1
ENSG00000223701	0	NA	NA	0	NA	NA	NA	1
ENSG00000223711	0	NA	NA	0	NA	NA	NA	1
ENSG00000223714	0	NA	NA	0	NA	NA	NA	1
ENSG00000223720	0	NA	NA	0	NA	NA	NA	1
ENSG00000223727	0	NA	NA	0	NA	NA	NA	1
ENSG00000223732	0	NA	NA	0	NA	NA	NA	1
ENSG00000223745	0	NA	NA	0	NA	NA	NA	1
ENSG00000223765	0	NA	NA	0	NA	NA	NA	1
ENSG00000223774	0	NA	NA	0	NA	NA	NA	1
ENSG00000223776	0	NA	NA	0	NA	NA	NA	1
ENSG00000223783	0	NA	NA	0	NA	NA	NA	1
ENSG00000223795	0	NA	NA	0	NA	NA	NA	1
ENSG00000223797	0	NA	NA	0	NA	NA	NA	1
ENSG00000223799	0	NA	NA	0	NA	NA	NA	1
ENSG00000223814	0	NA	NA	0	NA	NA	NA	1
ENSG00000223829	0	NA	NA	0	NA	NA	NA	1
ENSG00000223831	0	NA	NA	0	NA	NA	NA	1
ENSG00000223837	0	NA	NA	0	NA	NA	NA	1
ENSG00000223843	0	NA	NA	0	NA	NA	NA	1
ENSG00000223850	0	NA	NA	0	NA	NA	NA	1
ENSG00000223863	0	NA	NA	0	NA	NA	NA	1
ENSG00000223880	0	NA	NA	0	NA	NA	NA	1
ENSG00000223881	0	NA	NA	0	NA	NA	NA	1
ENSG00000223882	0	NA	NA	0	NA	NA	NA	1
ENSG00000223883	0	NA	NA	0	NA	NA	NA	1
ENSG00000223901	0	NA	NA	0	NA	NA	NA	1
ENSG00000223906	0	NA	NA	0	NA	NA	NA	1
ENSG00000223910	0	NA	NA	0	NA	NA	NA	1
ENSG00000223911	0	NA	NA	0	NA	NA	NA	1
ENSG00000223923	0	NA	NA	0	NA	NA	NA	1
ENSG00000223935	0	NA	NA	0	NA	NA	NA	1
ENSG00000223942	0	NA	NA	0	NA	NA	NA	1
ENSG00000223947	0	NA	NA	0	NA	NA	NA	1
ENSG00000223949	0	NA	NA	0	NA	NA	NA	1
ENSG00000223969	0	NA	NA	0	NA	NA	NA	1
ENSG00000223975	0	NA	NA	0	NA	NA	NA	1
ENSG00000223989	0	NA	NA	0	NA	NA	NA	1
ENSG00000223991	0	NA	NA	0	NA	NA	NA	1
ENSG00000224015	0	NA	NA	0	NA	NA	NA	1
ENSG00000224029	0	NA	NA	0	NA	NA	NA	1
ENSG00000224046	0	NA	NA	0	NA	NA	NA	1
ENSG00000224049	0	NA	NA	0	NA	NA	NA	1
ENSG00000224063	0	NA	NA	0	NA	NA	NA	1
ENSG00000224066	0	NA	NA	0	NA	NA	NA	1
ENSG00000224077	0	NA	NA	0	NA	NA	NA	1
ENSG00000224078	0	NA	NA	0	NA	NA	NA	1
ENSG00000224079	0	NA	NA	0	NA	NA	NA	1
ENSG00000224090	0	NA	NA	0	NA	NA	NA	1
ENSG00000224122	0	NA	NA	0	NA	NA	NA	1
ENSG00000224142	0	NA	NA	0	NA	NA	NA	1
ENSG00000224164	0	NA	NA	0	NA	NA	NA	1
ENSG00000224165	0	NA	NA	0	NA	NA	NA	1
ENSG00000224173	0	NA	NA	0	NA	NA	NA	1
ENSG00000224187	0	NA	NA	0	NA	NA	NA	1
ENSG00000224192	0	NA	NA	0	NA	NA	NA	1
ENSG00000224204	0	NA	NA	0	NA	NA	NA	1
ENSG00000224218	0	NA	NA	0	NA	NA	NA	1
ENSG00000224222	0	NA	NA	0	NA	NA	NA	1
ENSG00000224223	0	NA	NA	0	NA	NA	NA	1
ENSG00000224239	0	NA	NA	0	NA	NA	NA	1
ENSG00000224257	0	NA	NA	0	NA	NA	NA	1
ENSG00000224265	0	NA	NA	0	NA	NA	NA	1
ENSG00000224281	0	NA	NA	0	NA	NA	NA	1
ENSG00000224292	0	NA	NA	0	NA	NA	NA	1
ENSG00000224310	0	NA	NA	0	NA	NA	NA	1
ENSG00000224328	0	NA	NA	0	NA	NA	NA	1
ENSG00000224329	0	NA	NA	0	NA	NA	NA	1
ENSG00000224330	0	NA	NA	0	NA	NA	NA	1
ENSG00000224349	0	NA	NA	0	NA	NA	NA	1
ENSG00000224356	0	NA	NA	0	NA	NA	NA	1
ENSG00000224359	0	NA	NA	0	NA	NA	NA	1
ENSG00000224376	0	NA	NA	0	NA	NA	NA	1
ENSG00000224384	0	NA	NA	0	NA	NA	NA	1
ENSG00000224405	0	NA	NA	0	NA	NA	NA	1
ENSG00000224406	0	NA	NA	0	NA	NA	NA	1
ENSG00000224418	0	NA	NA	0	NA	NA	NA	1
ENSG00000224424	0	NA	NA	0	NA	NA	NA	1
ENSG00000224468	0	NA	NA	0	NA	NA	NA	1
ENSG00000224478	0	NA	NA	0	NA	NA	NA	1
ENSG00000224511	0	NA	NA	0	NA	NA	NA	1
ENSG00000224513	0	NA	NA	0	NA	NA	NA	1
ENSG00000224516	0	NA	NA	0	NA	NA	NA	1
ENSG00000224517	0	NA	NA	0	NA	NA	NA	1
ENSG00000224536	0	NA	NA	0	NA	NA	NA	1
ENSG00000224574	0	NA	NA	0	NA	NA	NA	1
ENSG00000224577	0	NA	NA	0	NA	NA	NA	1
ENSG00000224606	0	NA	NA	0	NA	NA	NA	1
ENSG00000224612	0	NA	NA	0	NA	NA	NA	1
ENSG00000224614	0	NA	NA	0	NA	NA	NA	1
ENSG00000224616	0	NA	NA	0	NA	NA	NA	1
ENSG00000224643	0	NA	NA	0	NA	NA	NA	1
ENSG00000224644	0	NA	NA	0	NA	NA	NA	1
ENSG00000224645	0	NA	NA	0	NA	NA	NA	1
ENSG00000224649	0	NA	NA	0	NA	NA	NA	1
ENSG00000224652	0	NA	NA	0	NA	NA	NA	1
ENSG00000224660	0	NA	NA	0	NA	NA	NA	1
ENSG00000224671	0	NA	NA	0	NA	NA	NA	1
ENSG00000224675	0	NA	NA	0	NA	NA	NA	1
ENSG00000224687	0	NA	NA	0	NA	NA	NA	1
ENSG00000224699	0	NA	NA	0	NA	NA	NA	1
ENSG00000224702	0	NA	NA	0	NA	NA	NA	1
ENSG00000224711	0	NA	NA	0	NA	NA	NA	1
ENSG00000224717	0	NA	NA	0	NA	NA	NA	1
ENSG00000224729	0	NA	NA	0	NA	NA	NA	1
ENSG00000224758	0	NA	NA	0	NA	NA	NA	1
ENSG00000224764	0	NA	NA	0	NA	NA	NA	1
ENSG00000224789	0	NA	NA	0	NA	NA	NA	1
ENSG00000224814	0	NA	NA	0	NA	NA	NA	1
ENSG00000224818	0	NA	NA	0	NA	NA	NA	1
ENSG00000224848	0	NA	NA	0	NA	NA	NA	1
ENSG00000224870	0	NA	NA	0	NA	NA	NA	1
ENSG00000224875	0	NA	NA	0	NA	NA	NA	1
ENSG00000224876	0	NA	NA	0	NA	NA	NA	1
ENSG00000224879	0	NA	NA	0	NA	NA	NA	1
ENSG00000224893	0	NA	NA	0	NA	NA	NA	1
ENSG00000224910	0	NA	NA	0	NA	NA	NA	1
ENSG00000224945	0	NA	NA	0	NA	NA	NA	1
ENSG00000224950	0	NA	NA	0	NA	NA	NA	1
ENSG00000224957	0	NA	NA	0	NA	NA	NA	1
ENSG00000224958	0	NA	NA	0	NA	NA	NA	1
ENSG00000224965	0	NA	NA	0	NA	NA	NA	1
ENSG00000224968	0	NA	NA	0	NA	NA	NA	1
ENSG00000224970	0	NA	NA	0	NA	NA	NA	1
ENSG00000224972	0	NA	NA	0	NA	NA	NA	1
ENSG00000224973	0	NA	NA	0	NA	NA	NA	1
ENSG00000224975	0	NA	NA	0	NA	NA	NA	1
ENSG00000224977	0	NA	NA	0	NA	NA	NA	1
ENSG00000225028	0	NA	NA	0	NA	NA	NA	1
ENSG00000225032	0	NA	NA	0	NA	NA	NA	1
ENSG00000225037	0	NA	NA	0	NA	NA	NA	1
ENSG00000225039	0	NA	NA	0	NA	NA	NA	1
ENSG00000225057	0	NA	NA	0	NA	NA	NA	1
ENSG00000225058	0	NA	NA	0	NA	NA	NA	1
ENSG00000225062	0	NA	NA	0	NA	NA	NA	1
ENSG00000225075	0	NA	NA	0	NA	NA	NA	1
ENSG00000225077	0	NA	NA	0	NA	NA	NA	1
ENSG00000225138	0	NA	NA	0	NA	NA	NA	1
ENSG00000225146	0	NA	NA	0	NA	NA	NA	1
ENSG00000225152	0	NA	NA	0	NA	NA	NA	1
ENSG00000225156	0	NA	NA	0	NA	NA	NA	1
ENSG00000225194	0	NA	NA	0	NA	NA	NA	1
ENSG00000225195	0	NA	NA	0	NA	NA	NA	1
ENSG00000225203	0	NA	NA	0	NA	NA	NA	1
ENSG00000225205	0	NA	NA	0	NA	NA	NA	1
ENSG00000225213	0	NA	NA	0	NA	NA	NA	1
ENSG00000225214	0	NA	NA	0	NA	NA	NA	1
ENSG00000225230	0	NA	NA	0	NA	NA	NA	1
ENSG00000225243	0	NA	NA	0	NA	NA	NA	1
ENSG00000225249	0	NA	NA	0	NA	NA	NA	1
ENSG00000225263	0	NA	NA	0	NA	NA	NA	1
ENSG00000225265	0	NA	NA	0	NA	NA	NA	1
ENSG00000225280	0	NA	NA	0	NA	NA	NA	1
ENSG00000225292	0	NA	NA	0	NA	NA	NA	1
ENSG00000225313	0	NA	NA	0	NA	NA	NA	1
ENSG00000225330	0	NA	NA	0	NA	NA	NA	1
ENSG00000225331	0	NA	NA	0	NA	NA	NA	1
ENSG00000225334	0	NA	NA	0	NA	NA	NA	1
ENSG00000225335	0	NA	NA	0	NA	NA	NA	1
ENSG00000225341	0	NA	NA	0	NA	NA	NA	1
ENSG00000225342	0	NA	NA	0	NA	NA	NA	1
ENSG00000225350	0	NA	NA	0	NA	NA	NA	1
ENSG00000225376	0	NA	NA	0	NA	NA	NA	1
ENSG00000225387	0	NA	NA	0	NA	NA	NA	1
ENSG00000225391	0	NA	NA	0	NA	NA	NA	1
ENSG00000225407	0	NA	NA	0	NA	NA	NA	1
ENSG00000225408	0	NA	NA	0	NA	NA	NA	1
ENSG00000225417	0	NA	NA	0	NA	NA	NA	1
ENSG00000225420	0	NA	NA	0	NA	NA	NA	1
ENSG00000225421	0	NA	NA	0	NA	NA	NA	1
ENSG00000225431	0	NA	NA	0	NA	NA	NA	1
ENSG00000225470	0	NA	NA	0	NA	NA	NA	1
ENSG00000225473	0	NA	NA	0	NA	NA	NA	1
ENSG00000225489	0	NA	NA	0	NA	NA	NA	1
ENSG00000225518	0	NA	NA	0	NA	NA	NA	1
ENSG00000225521	0	NA	NA	0	NA	NA	NA	1
ENSG00000225537	0	NA	NA	0	NA	NA	NA	1
ENSG00000225559	0	NA	NA	0	NA	NA	NA	1
ENSG00000225570	0	NA	NA	0	NA	NA	NA	1
ENSG00000225578	0	NA	NA	0	NA	NA	NA	1
ENSG00000225582	0	NA	NA	0	NA	NA	NA	1
ENSG00000225602	0	NA	NA	0	NA	NA	NA	1
ENSG00000225606	0	NA	NA	0	NA	NA	NA	1
ENSG00000225612	0	NA	NA	0	NA	NA	NA	1
ENSG00000225613	0	NA	NA	0	NA	NA	NA	1
ENSG00000225626	0	NA	NA	0	NA	NA	NA	1
ENSG00000225643	0	NA	NA	0	NA	NA	NA	1
ENSG00000225656	0	NA	NA	0	NA	NA	NA	1
ENSG00000225657	0	NA	NA	0	NA	NA	NA	1
ENSG00000225670	0	NA	NA	0	NA	NA	NA	1
ENSG00000225721	0	NA	NA	0	NA	NA	NA	1
ENSG00000225756	0	NA	NA	0	NA	NA	NA	1
ENSG00000225761	0	NA	NA	0	NA	NA	NA	1
ENSG00000225762	0	NA	NA	0	NA	NA	NA	1
ENSG00000225764	0	NA	NA	0	NA	NA	NA	1
ENSG00000225768	0	NA	NA	0	NA	NA	NA	1
ENSG00000225778	0	NA	NA	0	NA	NA	NA	1
ENSG00000225785	0	NA	NA	0	NA	NA	NA	1
ENSG00000225794	0	NA	NA	0	NA	NA	NA	1
ENSG00000225798	0	NA	NA	0	NA	NA	NA	1
ENSG00000225819	0	NA	NA	0	NA	NA	NA	1
ENSG00000225822	0	NA	NA	0	NA	NA	NA	1
ENSG00000225833	0	NA	NA	0	NA	NA	NA	1
ENSG00000225836	0	NA	NA	0	NA	NA	NA	1
ENSG00000225839	0	NA	NA	0	NA	NA	NA	1
ENSG00000225850	0	NA	NA	0	NA	NA	NA	1
ENSG00000225855	0	NA	NA	0	NA	NA	NA	1
ENSG00000225867	0	NA	NA	0	NA	NA	NA	1
ENSG00000225882	0	NA	NA	0	NA	NA	NA	1
ENSG00000225889	0	NA	NA	0	NA	NA	NA	1
ENSG00000225903	0	NA	NA	0	NA	NA	NA	1
ENSG00000225914	0	NA	NA	0	NA	NA	NA	1
ENSG00000225924	0	NA	NA	0	NA	NA	NA	1
ENSG00000225930	0	NA	NA	0	NA	NA	NA	1
ENSG00000225937	0	NA	NA	0	NA	NA	NA	1
ENSG00000225951	0	NA	NA	0	NA	NA	NA	1
ENSG00000225956	0	NA	NA	0	NA	NA	NA	1
ENSG00000225963	0	NA	NA	0	NA	NA	NA	1
ENSG00000225981	0	NA	NA	0	NA	NA	NA	1
ENSG00000226009	0	NA	NA	0	NA	NA	NA	1
ENSG00000226017	0	NA	NA	0	NA	NA	NA	1
ENSG00000226026	0	NA	NA	0	NA	NA	NA	1
ENSG00000226032	0	NA	NA	0	NA	NA	NA	1
ENSG00000226053	0	NA	NA	0	NA	NA	NA	1
ENSG00000226063	0	NA	NA	0	NA	NA	NA	1
ENSG00000226070	0	NA	NA	0	NA	NA	NA	1
ENSG00000226083	0	NA	NA	0	NA	NA	NA	1
ENSG00000226130	0	NA	NA	0	NA	NA	NA	1
ENSG00000226133	0	NA	NA	0	NA	NA	NA	1
ENSG00000226143	0	NA	NA	0	NA	NA	NA	1
ENSG00000226167	0	NA	NA	0	NA	NA	NA	1
ENSG00000226181	0	NA	NA	0	NA	NA	NA	1
ENSG00000226194	0	NA	NA	0	NA	NA	NA	1
ENSG00000226235	0	NA	NA	0	NA	NA	NA	1
ENSG00000226238	0	NA	NA	0	NA	NA	NA	1
ENSG00000226239	0	NA	NA	0	NA	NA	NA	1
ENSG00000226240	0	NA	NA	0	NA	NA	NA	1
ENSG00000226251	0	NA	NA	0	NA	NA	NA	1
ENSG00000226252	0	NA	NA	0	NA	NA	NA	1
ENSG00000226263	0	NA	NA	0	NA	NA	NA	1
ENSG00000226291	0	NA	NA	0	NA	NA	NA	1
ENSG00000226304	0	NA	NA	0	NA	NA	NA	1
ENSG00000226308	0	NA	NA	0	NA	NA	NA	1
ENSG00000226312	0	NA	NA	0	NA	NA	NA	1
ENSG00000226328	0	NA	NA	0	NA	NA	NA	1
ENSG00000226330	0	NA	NA	0	NA	NA	NA	1
ENSG00000226332	0	NA	NA	0	NA	NA	NA	1
ENSG00000226349	0	NA	NA	0	NA	NA	NA	1
ENSG00000226352	0	NA	NA	0	NA	NA	NA	1
ENSG00000226397	0	NA	NA	0	NA	NA	NA	1
ENSG00000226409	0	NA	NA	0	NA	NA	NA	1
ENSG00000226431	0	NA	NA	0	NA	NA	NA	1
ENSG00000226433	0	NA	NA	0	NA	NA	NA	1
ENSG00000226440	0	NA	NA	0	NA	NA	NA	1
ENSG00000226441	0	NA	NA	0	NA	NA	NA	1
ENSG00000226471	0	NA	NA	0	NA	NA	NA	1
ENSG00000226484	0	NA	NA	0	NA	NA	NA	1
ENSG00000226496	0	NA	NA	0	NA	NA	NA	1
ENSG00000226510	0	NA	NA	0	NA	NA	NA	1
ENSG00000226519	0	NA	NA	0	NA	NA	NA	1
ENSG00000226526	0	NA	NA	0	NA	NA	NA	1
ENSG00000226576	0	NA	NA	0	NA	NA	NA	1
ENSG00000226594	0	NA	NA	0	NA	NA	NA	1
ENSG00000226599	0	NA	NA	0	NA	NA	NA	1
ENSG00000226601	0	NA	NA	0	NA	NA	NA	1
ENSG00000226605	0	NA	NA	0	NA	NA	NA	1
ENSG00000226644	0	NA	NA	0	NA	NA	NA	1
ENSG00000226645	0	NA	NA	0	NA	NA	NA	1
ENSG00000226647	0	NA	NA	0	NA	NA	NA	1
ENSG00000226648	0	NA	NA	0	NA	NA	NA	1
ENSG00000226655	0	NA	NA	0	NA	NA	NA	1
ENSG00000226659	0	NA	NA	0	NA	NA	NA	1
ENSG00000226661	0	NA	NA	0	NA	NA	NA	1
ENSG00000226669	0	NA	NA	0	NA	NA	NA	1
ENSG00000226679	0	NA	NA	0	NA	NA	NA	1
ENSG00000226680	0	NA	NA	0	NA	NA	NA	1
ENSG00000226688	0	NA	NA	0	NA	NA	NA	1
ENSG00000226698	0	NA	NA	0	NA	NA	NA	1
ENSG00000226699	0	NA	NA	0	NA	NA	NA	1
ENSG00000226757	0	NA	NA	0	NA	NA	NA	1
ENSG00000226772	0	NA	NA	0	NA	NA	NA	1
ENSG00000226791	0	NA	NA	0	NA	NA	NA	1
ENSG00000226797	0	NA	NA	0	NA	NA	NA	1
ENSG00000226800	0	NA	NA	0	NA	NA	NA	1
ENSG00000226803	0	NA	NA	0	NA	NA	NA	1
ENSG00000226828	0	NA	NA	0	NA	NA	NA	1
ENSG00000226835	0	NA	NA	0	NA	NA	NA	1
ENSG00000226849	0	NA	NA	0	NA	NA	NA	1
ENSG00000226871	0	NA	NA	0	NA	NA	NA	1
ENSG00000226876	0	NA	NA	0	NA	NA	NA	1
ENSG00000226890	0	NA	NA	0	NA	NA	NA	1
ENSG00000226891	0	NA	NA	0	NA	NA	NA	1
ENSG00000226919	0	NA	NA	0	NA	NA	NA	1
ENSG00000226920	0	NA	NA	0	NA	NA	NA	1
ENSG00000226925	0	NA	NA	0	NA	NA	NA	1
ENSG00000226950	0	NA	NA	0	NA	NA	NA	1
ENSG00000226953	0	NA	NA	0	NA	NA	NA	1
ENSG00000226956	0	NA	NA	0	NA	NA	NA	1
ENSG00000226957	0	NA	NA	0	NA	NA	NA	1
ENSG00000227014	0	NA	NA	0	NA	NA	NA	1
ENSG00000227017	0	NA	NA	0	NA	NA	NA	1
ENSG00000227033	0	NA	NA	0	NA	NA	NA	1
ENSG00000227039	0	NA	NA	0	NA	NA	NA	1
ENSG00000227042	0	NA	NA	0	NA	NA	NA	1
ENSG00000227045	0	NA	NA	0	NA	NA	NA	1
ENSG00000227061	0	NA	NA	0	NA	NA	NA	1
ENSG00000227070	0	NA	NA	0	NA	NA	NA	1
ENSG00000227083	0	NA	NA	0	NA	NA	NA	1
ENSG00000227088	0	NA	NA	0	NA	NA	NA	1
ENSG00000227091	0	NA	NA	0	NA	NA	NA	1
ENSG00000227094	0	NA	NA	0	NA	NA	NA	1
ENSG00000227098	0	NA	NA	0	NA	NA	NA	1
ENSG00000227117	0	NA	NA	0	NA	NA	NA	1
ENSG00000227131	0	NA	NA	0	NA	NA	NA	1
ENSG00000227150	0	NA	NA	0	NA	NA	NA	1
ENSG00000227167	0	NA	NA	0	NA	NA	NA	1
ENSG00000227181	0	NA	NA	0	NA	NA	NA	1
ENSG00000227189	0	NA	NA	0	NA	NA	NA	1
ENSG00000227200	0	NA	NA	0	NA	NA	NA	1
ENSG00000227210	0	NA	NA	0	NA	NA	NA	1
ENSG00000227258	0	NA	NA	0	NA	NA	NA	1
ENSG00000227269	0	NA	NA	0	NA	NA	NA	1
ENSG00000227278	0	NA	NA	0	NA	NA	NA	1
ENSG00000227279	0	NA	NA	0	NA	NA	NA	1
ENSG00000227292	0	NA	NA	0	NA	NA	NA	1
ENSG00000227297	0	NA	NA	0	NA	NA	NA	1
ENSG00000227306	0	NA	NA	0	NA	NA	NA	1
ENSG00000227307	0	NA	NA	0	NA	NA	NA	1
ENSG00000227330	0	NA	NA	0	NA	NA	NA	1
ENSG00000227342	0	NA	NA	0	NA	NA	NA	1
ENSG00000227355	0	NA	NA	0	NA	NA	NA	1
ENSG00000227365	0	NA	NA	0	NA	NA	NA	1
ENSG00000227392	0	NA	NA	0	NA	NA	NA	1
ENSG00000227398	0	NA	NA	0	NA	NA	NA	1
ENSG00000227400	0	NA	NA	0	NA	NA	NA	1
ENSG00000227409	0	NA	NA	0	NA	NA	NA	1
ENSG00000227431	0	NA	NA	0	NA	NA	NA	1
ENSG00000227432	0	NA	NA	0	NA	NA	NA	1
ENSG00000227481	0	NA	NA	0	NA	NA	NA	1
ENSG00000227486	0	NA	NA	0	NA	NA	NA	1
ENSG00000227492	0	NA	NA	0	NA	NA	NA	1
ENSG00000227495	0	NA	NA	0	NA	NA	NA	1
ENSG00000227496	0	NA	NA	0	NA	NA	NA	1
ENSG00000227510	0	NA	NA	0	NA	NA	NA	1
ENSG00000227512	0	NA	NA	0	NA	NA	NA	1
ENSG00000227519	0	NA	NA	0	NA	NA	NA	1
ENSG00000227535	0	NA	NA	0	NA	NA	NA	1
ENSG00000227540	0	NA	NA	0	NA	NA	NA	1
ENSG00000227543	0	NA	NA	0	NA	NA	NA	1
ENSG00000227554	0	NA	NA	0	NA	NA	NA	1
ENSG00000227579	0	NA	NA	0	NA	NA	NA	1
ENSG00000227617	0	NA	NA	0	NA	NA	NA	1
ENSG00000227627	0	NA	NA	0	NA	NA	NA	1
ENSG00000227646	0	NA	NA	0	NA	NA	NA	1
ENSG00000227678	0	NA	NA	0	NA	NA	NA	1
ENSG00000227687	0	NA	NA	0	NA	NA	NA	1
ENSG00000227698	0	NA	NA	0	NA	NA	NA	1
ENSG00000227705	0	NA	NA	0	NA	NA	NA	1
ENSG00000227708	0	NA	NA	0	NA	NA	NA	1
ENSG00000227719	0	NA	NA	0	NA	NA	NA	1
ENSG00000227734	0	NA	NA	0	NA	NA	NA	1
ENSG00000227741	0	NA	NA	0	NA	NA	NA	1
ENSG00000227743	0	NA	NA	0	NA	NA	NA	1
ENSG00000227751	0	NA	NA	0	NA	NA	NA	1
ENSG00000227769	0	NA	NA	0	NA	NA	NA	1
ENSG00000227773	0	NA	NA	0	NA	NA	NA	1
ENSG00000227818	0	NA	NA	0	NA	NA	NA	1
ENSG00000227848	0	NA	NA	0	NA	NA	NA	1
ENSG00000227857	0	NA	NA	0	NA	NA	NA	1
ENSG00000227863	0	NA	NA	0	NA	NA	NA	1
ENSG00000227893	0	NA	NA	0	NA	NA	NA	1
ENSG00000227906	0	NA	NA	0	NA	NA	NA	1
ENSG00000227907	0	NA	NA	0	NA	NA	NA	1
ENSG00000227911	0	NA	NA	0	NA	NA	NA	1
ENSG00000227914	0	NA	NA	0	NA	NA	NA	1
ENSG00000227927	0	NA	NA	0	NA	NA	NA	1
ENSG00000227930	0	NA	NA	0	NA	NA	NA	1
ENSG00000227938	0	NA	NA	0	NA	NA	NA	1
ENSG00000227953	0	NA	NA	0	NA	NA	NA	1
ENSG00000227954	0	NA	NA	0	NA	NA	NA	1
ENSG00000227963	0	NA	NA	0	NA	NA	NA	1
ENSG00000227964	0	NA	NA	0	NA	NA	NA	1
ENSG00000228005	0	NA	NA	0	NA	NA	NA	1
ENSG00000228008	0	NA	NA	0	NA	NA	NA	1
ENSG00000228010	0	NA	NA	0	NA	NA	NA	1
ENSG00000228031	0	NA	NA	0	NA	NA	NA	1
ENSG00000228064	0	NA	NA	0	NA	NA	NA	1
ENSG00000228073	0	NA	NA	0	NA	NA	NA	1
ENSG00000228079	0	NA	NA	0	NA	NA	NA	1
ENSG00000228082	0	NA	NA	0	NA	NA	NA	1
ENSG00000228084	0	NA	NA	0	NA	NA	NA	1
ENSG00000228107	0	NA	NA	0	NA	NA	NA	1
ENSG00000228109	0	NA	NA	0	NA	NA	NA	1
ENSG00000228115	0	NA	NA	0	NA	NA	NA	1
ENSG00000228126	0	NA	NA	0	NA	NA	NA	1
ENSG00000228127	0	NA	NA	0	NA	NA	NA	1
ENSG00000228135	0	NA	NA	0	NA	NA	NA	1
ENSG00000228137	0	NA	NA	0	NA	NA	NA	1
ENSG00000228150	0	NA	NA	0	NA	NA	NA	1
ENSG00000228151	0	NA	NA	0	NA	NA	NA	1
ENSG00000228160	0	NA	NA	0	NA	NA	NA	1
ENSG00000228170	0	NA	NA	0	NA	NA	NA	1
ENSG00000228172	0	NA	NA	0	NA	NA	NA	1
ENSG00000228174	0	NA	NA	0	NA	NA	NA	1
ENSG00000228201	0	NA	NA	0	NA	NA	NA	1
ENSG00000228222	0	NA	NA	0	NA	NA	NA	1
ENSG00000228237	0	NA	NA	0	NA	NA	NA	1
ENSG00000228242	0	NA	NA	0	NA	NA	NA	1
ENSG00000228251	0	NA	NA	0	NA	NA	NA	1
ENSG00000228261	0	NA	NA	0	NA	NA	NA	1
ENSG00000228274	0	NA	NA	0	NA	NA	NA	1
ENSG00000228275	0	NA	NA	0	NA	NA	NA	1
ENSG00000228277	0	NA	NA	0	NA	NA	NA	1
ENSG00000228293	0	NA	NA	0	NA	NA	NA	1
ENSG00000228317	0	NA	NA	0	NA	NA	NA	1
ENSG00000228323	0	NA	NA	0	NA	NA	NA	1
ENSG00000228329	0	NA	NA	0	NA	NA	NA	1
ENSG00000228334	0	NA	NA	0	NA	NA	NA	1
ENSG00000228352	0	NA	NA	0	NA	NA	NA	1
ENSG00000228355	0	NA	NA	0	NA	NA	NA	1
ENSG00000228363	0	NA	NA	0	NA	NA	NA	1
ENSG00000228386	0	NA	NA	0	NA	NA	NA	1
ENSG00000228395	0	NA	NA	0	NA	NA	NA	1
ENSG00000228397	0	NA	NA	0	NA	NA	NA	1
ENSG00000228403	0	NA	NA	0	NA	NA	NA	1
ENSG00000228414	0	NA	NA	0	NA	NA	NA	1
ENSG00000228423	0	NA	NA	0	NA	NA	NA	1
ENSG00000228478	0	NA	NA	0	NA	NA	NA	1
ENSG00000228482	0	NA	NA	0	NA	NA	NA	1
ENSG00000228485	0	NA	NA	0	NA	NA	NA	1
ENSG00000228495	0	NA	NA	0	NA	NA	NA	1
ENSG00000228509	0	NA	NA	0	NA	NA	NA	1
ENSG00000228521	0	NA	NA	0	NA	NA	NA	1
ENSG00000228527	0	NA	NA	0	NA	NA	NA	1
ENSG00000228538	0	NA	NA	0	NA	NA	NA	1
ENSG00000228563	0	NA	NA	0	NA	NA	NA	1
ENSG00000228577	0	NA	NA	0	NA	NA	NA	1
ENSG00000228586	0	NA	NA	0	NA	NA	NA	1
ENSG00000228604	0	NA	NA	0	NA	NA	NA	1
ENSG00000228620	0	NA	NA	0	NA	NA	NA	1
ENSG00000228625	0	NA	NA	0	NA	NA	NA	1
ENSG00000228648	0	NA	NA	0	NA	NA	NA	1
ENSG00000228658	0	NA	NA	0	NA	NA	NA	1
ENSG00000228677	0	NA	NA	0	NA	NA	NA	1
ENSG00000228683	0	NA	NA	0	NA	NA	NA	1
ENSG00000228697	0	NA	NA	0	NA	NA	NA	1
ENSG00000228705	0	NA	NA	0	NA	NA	NA	1
ENSG00000228709	0	NA	NA	0	NA	NA	NA	1
ENSG00000228735	0	NA	NA	0	NA	NA	NA	1
ENSG00000228737	0	NA	NA	0	NA	NA	NA	1
ENSG00000228739	0	NA	NA	0	NA	NA	NA	1
ENSG00000228742	0	NA	NA	0	NA	NA	NA	1
ENSG00000228779	0	NA	NA	0	NA	NA	NA	1
ENSG00000228800	0	NA	NA	0	NA	NA	NA	1
ENSG00000228802	0	NA	NA	0	NA	NA	NA	1
ENSG00000228804	0	NA	NA	0	NA	NA	NA	1
ENSG00000228809	0	NA	NA	0	NA	NA	NA	1
ENSG00000228812	0	NA	NA	0	NA	NA	NA	1
ENSG00000228842	0	NA	NA	0	NA	NA	NA	1
ENSG00000228852	0	NA	NA	0	NA	NA	NA	1
ENSG00000228862	0	NA	NA	0	NA	NA	NA	1
ENSG00000228873	0	NA	NA	0	NA	NA	NA	1
ENSG00000228877	0	NA	NA	0	NA	NA	NA	1
ENSG00000228888	0	NA	NA	0	NA	NA	NA	1
ENSG00000228917	0	NA	NA	0	NA	NA	NA	1
ENSG00000228919	0	NA	NA	0	NA	NA	NA	1
ENSG00000228923	0	NA	NA	0	NA	NA	NA	1
ENSG00000228925	0	NA	NA	0	NA	NA	NA	1
ENSG00000228944	0	NA	NA	0	NA	NA	NA	1
ENSG00000228961	0	NA	NA	0	NA	NA	NA	1
ENSG00000228988	0	NA	NA	0	NA	NA	NA	1
ENSG00000228999	0	NA	NA	0	NA	NA	NA	1
ENSG00000229021	0	NA	NA	0	NA	NA	NA	1
ENSG00000229025	0	NA	NA	0	NA	NA	NA	1
ENSG00000229056	0	NA	NA	0	NA	NA	NA	1
ENSG00000229102	0	NA	NA	0	NA	NA	NA	1
ENSG00000229109	0	NA	NA	0	NA	NA	NA	1
ENSG00000229111	0	NA	NA	0	NA	NA	NA	1
ENSG00000229124	0	NA	NA	0	NA	NA	NA	1
ENSG00000229127	0	NA	NA	0	NA	NA	NA	1
ENSG00000229151	0	NA	NA	0	NA	NA	NA	1
ENSG00000229152	0	NA	NA	0	NA	NA	NA	1
ENSG00000229153	0	NA	NA	0	NA	NA	NA	1
ENSG00000229154	0	NA	NA	0	NA	NA	NA	1
ENSG00000229160	0	NA	NA	0	NA	NA	NA	1
ENSG00000229177	0	NA	NA	0	NA	NA	NA	1
ENSG00000229195	0	NA	NA	0	NA	NA	NA	1
ENSG00000229205	0	NA	NA	0	NA	NA	NA	1
ENSG00000229224	0	NA	NA	0	NA	NA	NA	1
ENSG00000229233	0	NA	NA	0	NA	NA	NA	1
ENSG00000229257	0	NA	NA	0	NA	NA	NA	1
ENSG00000229258	0	NA	NA	0	NA	NA	NA	1
ENSG00000229261	0	NA	NA	0	NA	NA	NA	1
ENSG00000229267	0	NA	NA	0	NA	NA	NA	1
ENSG00000229269	0	NA	NA	0	NA	NA	NA	1
ENSG00000229272	0	NA	NA	0	NA	NA	NA	1
ENSG00000229276	0	NA	NA	0	NA	NA	NA	1
ENSG00000229278	0	NA	NA	0	NA	NA	NA	1
ENSG00000229283	0	NA	NA	0	NA	NA	NA	1
ENSG00000229291	0	NA	NA	0	NA	NA	NA	1
ENSG00000229299	0	NA	NA	0	NA	NA	NA	1
ENSG00000229315	0	NA	NA	0	NA	NA	NA	1
ENSG00000229321	0	NA	NA	0	NA	NA	NA	1
ENSG00000229325	0	NA	NA	0	NA	NA	NA	1
ENSG00000229330	0	NA	NA	0	NA	NA	NA	1
ENSG00000229334	0	NA	NA	0	NA	NA	NA	1
ENSG00000229337	0	NA	NA	0	NA	NA	NA	1
ENSG00000229348	0	NA	NA	0	NA	NA	NA	1
ENSG00000229356	0	NA	NA	0	NA	NA	NA	1
ENSG00000229372	0	NA	NA	0	NA	NA	NA	1
ENSG00000229373	0	NA	NA	0	NA	NA	NA	1
ENSG00000229380	0	NA	NA	0	NA	NA	NA	1
ENSG00000229385	0	NA	NA	0	NA	NA	NA	1
ENSG00000229400	0	NA	NA	0	NA	NA	NA	1
ENSG00000229401	0	NA	NA	0	NA	NA	NA	1
ENSG00000229404	0	NA	NA	0	NA	NA	NA	1
ENSG00000229407	0	NA	NA	0	NA	NA	NA	1
ENSG00000229415	0	NA	NA	0	NA	NA	NA	1
ENSG00000229418	0	NA	NA	0	NA	NA	NA	1
ENSG00000229431	0	NA	NA	0	NA	NA	NA	1
ENSG00000229433	0	NA	NA	0	NA	NA	NA	1
ENSG00000229434	0	NA	NA	0	NA	NA	NA	1
ENSG00000229437	0	NA	NA	0	NA	NA	NA	1
ENSG00000229454	0	NA	NA	0	NA	NA	NA	1
ENSG00000229459	0	NA	NA	0	NA	NA	NA	1
ENSG00000229484	0	NA	NA	0	NA	NA	NA	1
ENSG00000229487	0	NA	NA	0	NA	NA	NA	1
ENSG00000229491	0	NA	NA	0	NA	NA	NA	1
ENSG00000229494	0	NA	NA	0	NA	NA	NA	1
ENSG00000229502	0	NA	NA	0	NA	NA	NA	1
ENSG00000229521	0	NA	NA	0	NA	NA	NA	1
ENSG00000229525	0	NA	NA	0	NA	NA	NA	1
ENSG00000229539	0	NA	NA	0	NA	NA	NA	1
ENSG00000229543	0	NA	NA	0	NA	NA	NA	1
ENSG00000229558	0	NA	NA	0	NA	NA	NA	1
ENSG00000229587	0	NA	NA	0	NA	NA	NA	1
ENSG00000229599	0	NA	NA	0	NA	NA	NA	1
ENSG00000229607	0	NA	NA	0	NA	NA	NA	1
ENSG00000229609	0	NA	NA	0	NA	NA	NA	1
ENSG00000229611	0	NA	NA	0	NA	NA	NA	1
ENSG00000229621	0	NA	NA	0	NA	NA	NA	1
ENSG00000229625	0	NA	NA	0	NA	NA	NA	1
ENSG00000229628	0	NA	NA	0	NA	NA	NA	1
ENSG00000229639	0	NA	NA	0	NA	NA	NA	1
ENSG00000229656	0	NA	NA	0	NA	NA	NA	1
ENSG00000229664	0	NA	NA	0	NA	NA	NA	1
ENSG00000229679	0	NA	NA	0	NA	NA	NA	1
ENSG00000229692	0	NA	NA	0	NA	NA	NA	1
ENSG00000229694	0	NA	NA	0	NA	NA	NA	1
ENSG00000229711	0	NA	NA	0	NA	NA	NA	1
ENSG00000229717	0	NA	NA	0	NA	NA	NA	1
ENSG00000229728	0	NA	NA	0	NA	NA	NA	1
ENSG00000229732	0	NA	NA	0	NA	NA	NA	1
ENSG00000229750	0	NA	NA	0	NA	NA	NA	1
ENSG00000229770	0	NA	NA	0	NA	NA	NA	1
ENSG00000229776	0	NA	NA	0	NA	NA	NA	1
ENSG00000229807	0	NA	NA	0	NA	NA	NA	1
ENSG00000229821	0	NA	NA	0	NA	NA	NA	1
ENSG00000229832	0	NA	NA	0	NA	NA	NA	1
ENSG00000229846	0	NA	NA	0	NA	NA	NA	1
ENSG00000229862	0	NA	NA	0	NA	NA	NA	1
ENSG00000229873	0	NA	NA	0	NA	NA	NA	1
ENSG00000229913	0	NA	NA	0	NA	NA	NA	1
ENSG00000229943	0	NA	NA	0	NA	NA	NA	1
ENSG00000229953	0	NA	NA	0	NA	NA	NA	1
ENSG00000229957	0	NA	NA	0	NA	NA	NA	1
ENSG00000229967	0	NA	NA	0	NA	NA	NA	1
ENSG00000229970	0	NA	NA	0	NA	NA	NA	1
ENSG00000229976	0	NA	NA	0	NA	NA	NA	1
ENSG00000230010	0	NA	NA	0	NA	NA	NA	1
ENSG00000230015	0	NA	NA	0	NA	NA	NA	1
ENSG00000230061	0	NA	NA	0	NA	NA	NA	1
ENSG00000230063	0	NA	NA	0	NA	NA	NA	1
ENSG00000230068	0	NA	NA	0	NA	NA	NA	1
ENSG00000230082	0	NA	NA	0	NA	NA	NA	1
ENSG00000230091	0	NA	NA	0	NA	NA	NA	1
ENSG00000230115	0	NA	NA	0	NA	NA	NA	1
ENSG00000230140	0	NA	NA	0	NA	NA	NA	1
ENSG00000230155	0	NA	NA	0	NA	NA	NA	1
ENSG00000230163	0	NA	NA	0	NA	NA	NA	1
ENSG00000230172	0	NA	NA	0	NA	NA	NA	1
ENSG00000230176	0	NA	NA	0	NA	NA	NA	1
ENSG00000230184	0	NA	NA	0	NA	NA	NA	1
ENSG00000230185	0	NA	NA	0	NA	NA	NA	1
ENSG00000230212	0	NA	NA	0	NA	NA	NA	1
ENSG00000230226	0	NA	NA	0	NA	NA	NA	1
ENSG00000230229	0	NA	NA	0	NA	NA	NA	1
ENSG00000230234	0	NA	NA	0	NA	NA	NA	1
ENSG00000230248	0	NA	NA	0	NA	NA	NA	1
ENSG00000230257	0	NA	NA	0	NA	NA	NA	1
ENSG00000230266	0	NA	NA	0	NA	NA	NA	1
ENSG00000230285	0	NA	NA	0	NA	NA	NA	1
ENSG00000230286	0	NA	NA	0	NA	NA	NA	1
ENSG00000230289	0	NA	NA	0	NA	NA	NA	1
ENSG00000230298	0	NA	NA	0	NA	NA	NA	1
ENSG00000230300	0	NA	NA	0	NA	NA	NA	1
ENSG00000230313	0	NA	NA	0	NA	NA	NA	1
ENSG00000230317	0	NA	NA	0	NA	NA	NA	1
ENSG00000230319	0	NA	NA	0	NA	NA	NA	1
ENSG00000230324	0	NA	NA	0	NA	NA	NA	1
ENSG00000230325	0	NA	NA	0	NA	NA	NA	1
ENSG00000230333	0	NA	NA	0	NA	NA	NA	1
ENSG00000230381	0	NA	NA	0	NA	NA	NA	1
ENSG00000230385	0	NA	NA	0	NA	NA	NA	1
ENSG00000230392	0	NA	NA	0	NA	NA	NA	1
ENSG00000230400	0	NA	NA	0	NA	NA	NA	1
ENSG00000230403	0	NA	NA	0	NA	NA	NA	1
ENSG00000230415	0	NA	NA	0	NA	NA	NA	1
ENSG00000230417	0	NA	NA	0	NA	NA	NA	1
ENSG00000230424	0	NA	NA	0	NA	NA	NA	1
ENSG00000230433	0	NA	NA	0	NA	NA	NA	1
ENSG00000230442	0	NA	NA	0	NA	NA	NA	1
ENSG00000230454	0	NA	NA	0	NA	NA	NA	1
ENSG00000230470	0	NA	NA	0	NA	NA	NA	1
ENSG00000230483	0	NA	NA	0	NA	NA	NA	1
ENSG00000230490	0	NA	NA	0	NA	NA	NA	1
ENSG00000230492	0	NA	NA	0	NA	NA	NA	1
ENSG00000230506	0	NA	NA	0	NA	NA	NA	1
ENSG00000230526	0	NA	NA	0	NA	NA	NA	1
ENSG00000230532	0	NA	NA	0	NA	NA	NA	1
ENSG00000230536	0	NA	NA	0	NA	NA	NA	1
ENSG00000230542	0	NA	NA	0	NA	NA	NA	1
ENSG00000230550	0	NA	NA	0	NA	NA	NA	1
ENSG00000230551	0	NA	NA	0	NA	NA	NA	1
ENSG00000230552	0	NA	NA	0	NA	NA	NA	1
ENSG00000230612	0	NA	NA	0	NA	NA	NA	1
ENSG00000230623	0	NA	NA	0	NA	NA	NA	1
ENSG00000230647	0	NA	NA	0	NA	NA	NA	1
ENSG00000230668	0	NA	NA	0	NA	NA	NA	1
ENSG00000230679	0	NA	NA	0	NA	NA	NA	1
ENSG00000230698	0	NA	NA	0	NA	NA	NA	1
ENSG00000230703	0	NA	NA	0	NA	NA	NA	1
ENSG00000230704	0	NA	NA	0	NA	NA	NA	1
ENSG00000230728	0	NA	NA	0	NA	NA	NA	1
ENSG00000230731	0	NA	NA	0	NA	NA	NA	1
ENSG00000230737	0	NA	NA	0	NA	NA	NA	1
ENSG00000230741	0	NA	NA	0	NA	NA	NA	1
ENSG00000230753	0	NA	NA	0	NA	NA	NA	1
ENSG00000230789	0	NA	NA	0	NA	NA	NA	1
ENSG00000230836	0	NA	NA	0	NA	NA	NA	1
ENSG00000230864	0	NA	NA	0	NA	NA	NA	1
ENSG00000230866	0	NA	NA	0	NA	NA	NA	1
ENSG00000230896	0	NA	NA	0	NA	NA	NA	1
ENSG00000230912	0	NA	NA	0	NA	NA	NA	1
ENSG00000230921	0	NA	NA	0	NA	NA	NA	1
ENSG00000230922	0	NA	NA	0	NA	NA	NA	1
ENSG00000230923	0	NA	NA	0	NA	NA	NA	1
ENSG00000230928	0	NA	NA	0	NA	NA	NA	1
ENSG00000230952	0	NA	NA	0	NA	NA	NA	1
ENSG00000230970	0	NA	NA	0	NA	NA	NA	1
ENSG00000231010	0	NA	NA	0	NA	NA	NA	1
ENSG00000231013	0	NA	NA	0	NA	NA	NA	1
ENSG00000231015	0	NA	NA	0	NA	NA	NA	1
ENSG00000231023	0	NA	NA	0	NA	NA	NA	1
ENSG00000231024	0	NA	NA	0	NA	NA	NA	1
ENSG00000231031	0	NA	NA	0	NA	NA	NA	1
ENSG00000231046	0	NA	NA	0	NA	NA	NA	1
ENSG00000231050	0	NA	NA	0	NA	NA	NA	1
ENSG00000231056	0	NA	NA	0	NA	NA	NA	1
ENSG00000231064	0	NA	NA	0	NA	NA	NA	1
ENSG00000231078	0	NA	NA	0	NA	NA	NA	1
ENSG00000231079	0	NA	NA	0	NA	NA	NA	1
ENSG00000231080	0	NA	NA	0	NA	NA	NA	1
ENSG00000231082	0	NA	NA	0	NA	NA	NA	1
ENSG00000231092	0	NA	NA	0	NA	NA	NA	1
ENSG00000231102	0	NA	NA	0	NA	NA	NA	1
ENSG00000231110	0	NA	NA	0	NA	NA	NA	1
ENSG00000231113	0	NA	NA	0	NA	NA	NA	1
ENSG00000231114	0	NA	NA	0	NA	NA	NA	1
ENSG00000231125	0	NA	NA	0	NA	NA	NA	1
ENSG00000231128	0	NA	NA	0	NA	NA	NA	1
ENSG00000231132	0	NA	NA	0	NA	NA	NA	1
ENSG00000231149	0	NA	NA	0	NA	NA	NA	1
ENSG00000231170	0	NA	NA	0	NA	NA	NA	1
ENSG00000231188	0	NA	NA	0	NA	NA	NA	1
ENSG00000231194	0	NA	NA	0	NA	NA	NA	1
ENSG00000231204	0	NA	NA	0	NA	NA	NA	1
ENSG00000231208	0	NA	NA	0	NA	NA	NA	1
ENSG00000231233	0	NA	NA	0	NA	NA	NA	1
ENSG00000231243	0	NA	NA	0	NA	NA	NA	1
ENSG00000231252	0	NA	NA	0	NA	NA	NA	1
ENSG00000231272	0	NA	NA	0	NA	NA	NA	1
ENSG00000231295	0	NA	NA	0	NA	NA	NA	1
ENSG00000231297	0	NA	NA	0	NA	NA	NA	1
ENSG00000231304	0	NA	NA	0	NA	NA	NA	1
ENSG00000231305	0	NA	NA	0	NA	NA	NA	1
ENSG00000231327	0	NA	NA	0	NA	NA	NA	1
ENSG00000231329	0	NA	NA	0	NA	NA	NA	1
ENSG00000231355	0	NA	NA	0	NA	NA	NA	1
ENSG00000231373	0	NA	NA	0	NA	NA	NA	1
ENSG00000231403	0	NA	NA	0	NA	NA	NA	1
ENSG00000231413	0	NA	NA	0	NA	NA	NA	1
ENSG00000231418	0	NA	NA	0	NA	NA	NA	1
ENSG00000231422	0	NA	NA	0	NA	NA	NA	1
ENSG00000231424	0	NA	NA	0	NA	NA	NA	1
ENSG00000231427	0	NA	NA	0	NA	NA	NA	1
ENSG00000231440	0	NA	NA	0	NA	NA	NA	1
ENSG00000231453	0	NA	NA	0	NA	NA	NA	1
ENSG00000231467	0	NA	NA	0	NA	NA	NA	1
ENSG00000231473	0	NA	NA	0	NA	NA	NA	1
ENSG00000231487	0	NA	NA	0	NA	NA	NA	1
ENSG00000231507	0	NA	NA	0	NA	NA	NA	1
ENSG00000231509	0	NA	NA	0	NA	NA	NA	1
ENSG00000231521	0	NA	NA	0	NA	NA	NA	1
ENSG00000231534	0	NA	NA	0	NA	NA	NA	1
ENSG00000231557	0	NA	NA	0	NA	NA	NA	1
ENSG00000231604	0	NA	NA	0	NA	NA	NA	1
ENSG00000231607	0	NA	NA	0	NA	NA	NA	1
ENSG00000231609	0	NA	NA	0	NA	NA	NA	1
ENSG00000231636	0	NA	NA	0	NA	NA	NA	1
ENSG00000231651	0	NA	NA	0	NA	NA	NA	1
ENSG00000231653	0	NA	NA	0	NA	NA	NA	1
ENSG00000231663	0	NA	NA	0	NA	NA	NA	1
ENSG00000231681	0	NA	NA	0	NA	NA	NA	1
ENSG00000231704	0	NA	NA	0	NA	NA	NA	1
ENSG00000231705	0	NA	NA	0	NA	NA	NA	1
ENSG00000231711	0	NA	NA	0	NA	NA	NA	1
ENSG00000231713	0	NA	NA	0	NA	NA	NA	1
ENSG00000231720	0	NA	NA	0	NA	NA	NA	1
ENSG00000231749	0	NA	NA	0	NA	NA	NA	1
ENSG00000231755	0	NA	NA	0	NA	NA	NA	1
ENSG00000231768	0	NA	NA	0	NA	NA	NA	1
ENSG00000231772	0	NA	NA	0	NA	NA	NA	1
ENSG00000231776	0	NA	NA	0	NA	NA	NA	1
ENSG00000231782	0	NA	NA	0	NA	NA	NA	1
ENSG00000231789	0	NA	NA	0	NA	NA	NA	1
ENSG00000231794	0	NA	NA	0	NA	NA	NA	1
ENSG00000231795	0	NA	NA	0	NA	NA	NA	1
ENSG00000231806	0	NA	NA	0	NA	NA	NA	1
ENSG00000231811	0	NA	NA	0	NA	NA	NA	1
ENSG00000231840	0	NA	NA	0	NA	NA	NA	1
ENSG00000231864	0	NA	NA	0	NA	NA	NA	1
ENSG00000231867	0	NA	NA	0	NA	NA	NA	1
ENSG00000231871	0	NA	NA	0	NA	NA	NA	1
ENSG00000231890	0	NA	NA	0	NA	NA	NA	1
ENSG00000231892	0	NA	NA	0	NA	NA	NA	1
ENSG00000231908	0	NA	NA	0	NA	NA	NA	1
ENSG00000231927	0	NA	NA	0	NA	NA	NA	1
ENSG00000231937	0	NA	NA	0	NA	NA	NA	1
ENSG00000231944	0	NA	NA	0	NA	NA	NA	1
ENSG00000231948	0	NA	NA	0	NA	NA	NA	1
ENSG00000231966	0	NA	NA	0	NA	NA	NA	1
ENSG00000231970	0	NA	NA	0	NA	NA	NA	1
ENSG00000231990	0	NA	NA	0	NA	NA	NA	1
ENSG00000231992	0	NA	NA	0	NA	NA	NA	1
ENSG00000231993	0	NA	NA	0	NA	NA	NA	1
ENSG00000232010	0	NA	NA	0	NA	NA	NA	1
ENSG00000232028	0	NA	NA	0	NA	NA	NA	1
ENSG00000232043	0	NA	NA	0	NA	NA	NA	1
ENSG00000232058	0	NA	NA	0	NA	NA	NA	1
ENSG00000232082	0	NA	NA	0	NA	NA	NA	1
ENSG00000232093	0	NA	NA	0	NA	NA	NA	1
ENSG00000232110	0	NA	NA	0	NA	NA	NA	1
ENSG00000232117	0	NA	NA	0	NA	NA	NA	1
ENSG00000232124	0	NA	NA	0	NA	NA	NA	1
ENSG00000232130	0	NA	NA	0	NA	NA	NA	1
ENSG00000232131	0	NA	NA	0	NA	NA	NA	1
ENSG00000232160	0	NA	NA	0	NA	NA	NA	1
ENSG00000232220	0	NA	NA	0	NA	NA	NA	1
ENSG00000232233	0	NA	NA	0	NA	NA	NA	1
ENSG00000232271	0	NA	NA	0	NA	NA	NA	1
ENSG00000232283	0	NA	NA	0	NA	NA	NA	1
ENSG00000232284	0	NA	NA	0	NA	NA	NA	1
ENSG00000232286	0	NA	NA	0	NA	NA	NA	1
ENSG00000232294	0	NA	NA	0	NA	NA	NA	1
ENSG00000232300	0	NA	NA	0	NA	NA	NA	1
ENSG00000232306	0	NA	NA	0	NA	NA	NA	1
ENSG00000232335	0	NA	NA	0	NA	NA	NA	1
ENSG00000232347	0	NA	NA	0	NA	NA	NA	1
ENSG00000232352	0	NA	NA	0	NA	NA	NA	1
ENSG00000232354	0	NA	NA	0	NA	NA	NA	1
ENSG00000232358	0	NA	NA	0	NA	NA	NA	1
ENSG00000232359	0	NA	NA	0	NA	NA	NA	1
ENSG00000232377	0	NA	NA	0	NA	NA	NA	1
ENSG00000232386	0	NA	NA	0	NA	NA	NA	1
ENSG00000232411	0	NA	NA	0	NA	NA	NA	1
ENSG00000232416	0	NA	NA	0	NA	NA	NA	1
ENSG00000232448	0	NA	NA	0	NA	NA	NA	1
ENSG00000232451	0	NA	NA	0	NA	NA	NA	1
ENSG00000232458	0	NA	NA	0	NA	NA	NA	1
ENSG00000232465	0	NA	NA	0	NA	NA	NA	1
ENSG00000232485	0	NA	NA	0	NA	NA	NA	1
ENSG00000232487	0	NA	NA	0	NA	NA	NA	1
ENSG00000232518	0	NA	NA	0	NA	NA	NA	1
ENSG00000232520	0	NA	NA	0	NA	NA	NA	1
ENSG00000232524	0	NA	NA	0	NA	NA	NA	1
ENSG00000232529	0	NA	NA	0	NA	NA	NA	1
ENSG00000232530	0	NA	NA	0	NA	NA	NA	1
ENSG00000232539	0	NA	NA	0	NA	NA	NA	1
ENSG00000232545	0	NA	NA	0	NA	NA	NA	1
ENSG00000232557	0	NA	NA	0	NA	NA	NA	1
ENSG00000232586	0	NA	NA	0	NA	NA	NA	1
ENSG00000232591	0	NA	NA	0	NA	NA	NA	1
ENSG00000232600	0	NA	NA	0	NA	NA	NA	1
ENSG00000232611	0	NA	NA	0	NA	NA	NA	1
ENSG00000232613	0	NA	NA	0	NA	NA	NA	1
ENSG00000232633	0	NA	NA	0	NA	NA	NA	1
ENSG00000232655	0	NA	NA	0	NA	NA	NA	1
ENSG00000232656	0	NA	NA	0	NA	NA	NA	1
ENSG00000232680	0	NA	NA	0	NA	NA	NA	1
ENSG00000232682	0	NA	NA	0	NA	NA	NA	1
ENSG00000232712	0	NA	NA	0	NA	NA	NA	1
ENSG00000232719	0	NA	NA	0	NA	NA	NA	1
ENSG00000232725	0	NA	NA	0	NA	NA	NA	1
ENSG00000232729	0	NA	NA	0	NA	NA	NA	1
ENSG00000232739	0	NA	NA	0	NA	NA	NA	1
ENSG00000232748	0	NA	NA	0	NA	NA	NA	1
ENSG00000232754	0	NA	NA	0	NA	NA	NA	1
ENSG00000232756	0	NA	NA	0	NA	NA	NA	1
ENSG00000232767	0	NA	NA	0	NA	NA	NA	1
ENSG00000232774	0	NA	NA	0	NA	NA	NA	1
ENSG00000232807	0	NA	NA	0	NA	NA	NA	1
ENSG00000232811	0	NA	NA	0	NA	NA	NA	1
ENSG00000232850	0	NA	NA	0	NA	NA	NA	1
ENSG00000232878	0	NA	NA	0	NA	NA	NA	1
ENSG00000232884	0	NA	NA	0	NA	NA	NA	1
ENSG00000232891	0	NA	NA	0	NA	NA	NA	1
ENSG00000232892	0	NA	NA	0	NA	NA	NA	1
ENSG00000232896	0	NA	NA	0	NA	NA	NA	1
ENSG00000232903	0	NA	NA	0	NA	NA	NA	1
ENSG00000232930	0	NA	NA	0	NA	NA	NA	1
ENSG00000232934	0	NA	NA	0	NA	NA	NA	1
ENSG00000232935	0	NA	NA	0	NA	NA	NA	1
ENSG00000232936	0	NA	NA	0	NA	NA	NA	1
ENSG00000232937	0	NA	NA	0	NA	NA	NA	1
ENSG00000232969	0	NA	NA	0	NA	NA	NA	1
ENSG00000232971	0	NA	NA	0	NA	NA	NA	1
ENSG00000232977	0	NA	NA	0	NA	NA	NA	1
ENSG00000232978	0	NA	NA	0	NA	NA	NA	1
ENSG00000232986	0	NA	NA	0	NA	NA	NA	1
ENSG00000232993	0	NA	NA	0	NA	NA	NA	1
ENSG00000232995	0	NA	NA	0	NA	NA	NA	1
ENSG00000233002	0	NA	NA	0	NA	NA	NA	1
ENSG00000233005	0	NA	NA	0	NA	NA	NA	1
ENSG00000233006	0	NA	NA	0	NA	NA	NA	1
ENSG00000233017	0	NA	NA	0	NA	NA	NA	1
ENSG00000233030	0	NA	NA	0	NA	NA	NA	1
ENSG00000233061	0	NA	NA	0	NA	NA	NA	1
ENSG00000233067	0	NA	NA	0	NA	NA	NA	1
ENSG00000233078	0	NA	NA	0	NA	NA	NA	1
ENSG00000233085	0	NA	NA	0	NA	NA	NA	1
ENSG00000233101	0	NA	NA	0	NA	NA	NA	1
ENSG00000233103	0	NA	NA	0	NA	NA	NA	1
ENSG00000233123	0	NA	NA	0	NA	NA	NA	1
ENSG00000233144	0	NA	NA	0	NA	NA	NA	1
ENSG00000233154	0	NA	NA	0	NA	NA	NA	1
ENSG00000233178	0	NA	NA	0	NA	NA	NA	1
ENSG00000233183	0	NA	NA	0	NA	NA	NA	1
ENSG00000233200	0	NA	NA	0	NA	NA	NA	1
ENSG00000233214	0	NA	NA	0	NA	NA	NA	1
ENSG00000233219	0	NA	NA	0	NA	NA	NA	1
ENSG00000233221	0	NA	NA	0	NA	NA	NA	1
ENSG00000233222	0	NA	NA	0	NA	NA	NA	1
ENSG00000233246	0	NA	NA	0	NA	NA	NA	1
ENSG00000233250	0	NA	NA	0	NA	NA	NA	1
ENSG00000233303	0	NA	NA	0	NA	NA	NA	1
ENSG00000233330	0	NA	NA	0	NA	NA	NA	1
ENSG00000233332	0	NA	NA	0	NA	NA	NA	1
ENSG00000233334	0	NA	NA	0	NA	NA	NA	1
ENSG00000233339	0	NA	NA	0	NA	NA	NA	1
ENSG00000233340	0	NA	NA	0	NA	NA	NA	1
ENSG00000233354	0	NA	NA	0	NA	NA	NA	1
ENSG00000233359	0	NA	NA	0	NA	NA	NA	1
ENSG00000233365	0	NA	NA	0	NA	NA	NA	1
ENSG00000233384	0	NA	NA	0	NA	NA	NA	1
ENSG00000233392	0	NA	NA	0	NA	NA	NA	1
ENSG00000233409	0	NA	NA	0	NA	NA	NA	1
ENSG00000233415	0	NA	NA	0	NA	NA	NA	1
ENSG00000233431	0	NA	NA	0	NA	NA	NA	1
ENSG00000233451	0	NA	NA	0	NA	NA	NA	1
ENSG00000233472	0	NA	NA	0	NA	NA	NA	1
ENSG00000233478	0	NA	NA	0	NA	NA	NA	1
ENSG00000233482	0	NA	NA	0	NA	NA	NA	1
ENSG00000233496	0	NA	NA	0	NA	NA	NA	1
ENSG00000233515	0	NA	NA	0	NA	NA	NA	1
ENSG00000233519	0	NA	NA	0	NA	NA	NA	1
ENSG00000233527	0	NA	NA	0	NA	NA	NA	1
ENSG00000233529	0	NA	NA	0	NA	NA	NA	1
ENSG00000233538	0	NA	NA	0	NA	NA	NA	1
ENSG00000233540	0	NA	NA	0	NA	NA	NA	1
ENSG00000233542	0	NA	NA	0	NA	NA	NA	1
ENSG00000233547	0	NA	NA	0	NA	NA	NA	1
ENSG00000233554	0	NA	NA	0	NA	NA	NA	1
ENSG00000233581	0	NA	NA	0	NA	NA	NA	1
ENSG00000233587	0	NA	NA	0	NA	NA	NA	1
ENSG00000233589	0	NA	NA	0	NA	NA	NA	1
ENSG00000233605	0	NA	NA	0	NA	NA	NA	1
ENSG00000233616	0	NA	NA	0	NA	NA	NA	1
ENSG00000233635	0	NA	NA	0	NA	NA	NA	1
ENSG00000233644	0	NA	NA	0	NA	NA	NA	1
ENSG00000233665	0	NA	NA	0	NA	NA	NA	1
ENSG00000233672	0	NA	NA	0	NA	NA	NA	1
ENSG00000233682	0	NA	NA	0	NA	NA	NA	1
ENSG00000233695	0	NA	NA	0	NA	NA	NA	1
ENSG00000233705	0	NA	NA	0	NA	NA	NA	1
ENSG00000233714	0	NA	NA	0	NA	NA	NA	1
ENSG00000233718	0	NA	NA	0	NA	NA	NA	1
ENSG00000233725	0	NA	NA	0	NA	NA	NA	1
ENSG00000233728	0	NA	NA	0	NA	NA	NA	1
ENSG00000233729	0	NA	NA	0	NA	NA	NA	1
ENSG00000233739	0	NA	NA	0	NA	NA	NA	1
ENSG00000233756	0	NA	NA	0	NA	NA	NA	1
ENSG00000233760	0	NA	NA	0	NA	NA	NA	1
ENSG00000233775	0	NA	NA	0	NA	NA	NA	1
ENSG00000233785	0	NA	NA	0	NA	NA	NA	1
ENSG00000233799	0	NA	NA	0	NA	NA	NA	1
ENSG00000233823	0	NA	NA	0	NA	NA	NA	1
ENSG00000233840	0	NA	NA	0	NA	NA	NA	1
ENSG00000233847	0	NA	NA	0	NA	NA	NA	1
ENSG00000233851	0	NA	NA	0	NA	NA	NA	1
ENSG00000233854	0	NA	NA	0	NA	NA	NA	1
ENSG00000233860	0	NA	NA	0	NA	NA	NA	1
ENSG00000233885	0	NA	NA	0	NA	NA	NA	1
ENSG00000233893	0	NA	NA	0	NA	NA	NA	1
ENSG00000233894	0	NA	NA	0	NA	NA	NA	1
ENSG00000233896	0	NA	NA	0	NA	NA	NA	1
ENSG00000233930	0	NA	NA	0	NA	NA	NA	1
ENSG00000233937	0	NA	NA	0	NA	NA	NA	1
ENSG00000233941	0	NA	NA	0	NA	NA	NA	1
ENSG00000233968	0	NA	NA	0	NA	NA	NA	1
ENSG00000233985	0	NA	NA	0	NA	NA	NA	1
ENSG00000233993	0	NA	NA	0	NA	NA	NA	1
ENSG00000234028	0	NA	NA	0	NA	NA	NA	1
ENSG00000234072	0	NA	NA	0	NA	NA	NA	1
ENSG00000234116	0	NA	NA	0	NA	NA	NA	1
ENSG00000234117	0	NA	NA	0	NA	NA	NA	1
ENSG00000234139	0	NA	NA	0	NA	NA	NA	1
ENSG00000234156	0	NA	NA	0	NA	NA	NA	1
ENSG00000234162	0	NA	NA	0	NA	NA	NA	1
ENSG00000234168	0	NA	NA	0	NA	NA	NA	1
ENSG00000234172	0	NA	NA	0	NA	NA	NA	1
ENSG00000234174	0	NA	NA	0	NA	NA	NA	1
ENSG00000234181	0	NA	NA	0	NA	NA	NA	1
ENSG00000234183	0	NA	NA	0	NA	NA	NA	1
ENSG00000234193	0	NA	NA	0	NA	NA	NA	1
ENSG00000234197	0	NA	NA	0	NA	NA	NA	1
ENSG00000234203	0	NA	NA	0	NA	NA	NA	1
ENSG00000234207	0	NA	NA	0	NA	NA	NA	1
ENSG00000234208	0	NA	NA	0	NA	NA	NA	1
ENSG00000234210	0	NA	NA	0	NA	NA	NA	1
ENSG00000234222	0	NA	NA	0	NA	NA	NA	1
ENSG00000234233	0	NA	NA	0	NA	NA	NA	1
ENSG00000234235	0	NA	NA	0	NA	NA	NA	1
ENSG00000234238	0	NA	NA	0	NA	NA	NA	1
ENSG00000234263	0	NA	NA	0	NA	NA	NA	1
ENSG00000234264	0	NA	NA	0	NA	NA	NA	1
ENSG00000234277	0	NA	NA	0	NA	NA	NA	1
ENSG00000234281	0	NA	NA	0	NA	NA	NA	1
ENSG00000234286	0	NA	NA	0	NA	NA	NA	1
ENSG00000234327	0	NA	NA	0	NA	NA	NA	1
ENSG00000234361	0	NA	NA	0	NA	NA	NA	1
ENSG00000234393	0	NA	NA	0	NA	NA	NA	1
ENSG00000234418	0	NA	NA	0	NA	NA	NA	1
ENSG00000234431	0	NA	NA	0	NA	NA	NA	1
ENSG00000234452	0	NA	NA	0	NA	NA	NA	1
ENSG00000234459	0	NA	NA	0	NA	NA	NA	1
ENSG00000234471	0	NA	NA	0	NA	NA	NA	1
ENSG00000234477	0	NA	NA	0	NA	NA	NA	1
ENSG00000234478	0	NA	NA	0	NA	NA	NA	1
ENSG00000234494	0	NA	NA	0	NA	NA	NA	1
ENSG00000234506	0	NA	NA	0	NA	NA	NA	1
ENSG00000234509	0	NA	NA	0	NA	NA	NA	1
ENSG00000234527	0	NA	NA	0	NA	NA	NA	1
ENSG00000234535	0	NA	NA	0	NA	NA	NA	1
ENSG00000234567	0	NA	NA	0	NA	NA	NA	1
ENSG00000234584	0	NA	NA	0	NA	NA	NA	1
ENSG00000234595	0	NA	NA	0	NA	NA	NA	1
ENSG00000234608	0	NA	NA	0	NA	NA	NA	1
ENSG00000234617	0	NA	NA	0	NA	NA	NA	1
ENSG00000234634	0	NA	NA	0	NA	NA	NA	1
ENSG00000234646	0	NA	NA	0	NA	NA	NA	1
ENSG00000234650	0	NA	NA	0	NA	NA	NA	1
ENSG00000234661	0	NA	NA	0	NA	NA	NA	1
ENSG00000234676	0	NA	NA	0	NA	NA	NA	1
ENSG00000234677	0	NA	NA	0	NA	NA	NA	1
ENSG00000234684	0	NA	NA	0	NA	NA	NA	1
ENSG00000234694	0	NA	NA	0	NA	NA	NA	1
ENSG00000234699	0	NA	NA	0	NA	NA	NA	1
ENSG00000234707	0	NA	NA	0	NA	NA	NA	1
ENSG00000234715	0	NA	NA	0	NA	NA	NA	1
ENSG00000234717	0	NA	NA	0	NA	NA	NA	1
ENSG00000234736	0	NA	NA	0	NA	NA	NA	1
ENSG00000234758	0	NA	NA	0	NA	NA	NA	1
ENSG00000234775	0	NA	NA	0	NA	NA	NA	1
ENSG00000234791	0	NA	NA	0	NA	NA	NA	1
ENSG00000234793	0	NA	NA	0	NA	NA	NA	1
ENSG00000234817	0	NA	NA	0	NA	NA	NA	1
ENSG00000234855	0	NA	NA	0	NA	NA	NA	1
ENSG00000234859	0	NA	NA	0	NA	NA	NA	1
ENSG00000234869	0	NA	NA	0	NA	NA	NA	1
ENSG00000234877	0	NA	NA	0	NA	NA	NA	1
ENSG00000234892	0	NA	NA	0	NA	NA	NA	1
ENSG00000234913	0	NA	NA	0	NA	NA	NA	1
ENSG00000234915	0	NA	NA	0	NA	NA	NA	1
ENSG00000234942	0	NA	NA	0	NA	NA	NA	1
ENSG00000234945	0	NA	NA	0	NA	NA	NA	1
ENSG00000234961	0	NA	NA	0	NA	NA	NA	1
ENSG00000234977	0	NA	NA	0	NA	NA	NA	1
ENSG00000234979	0	NA	NA	0	NA	NA	NA	1
ENSG00000235009	0	NA	NA	0	NA	NA	NA	1
ENSG00000235016	0	NA	NA	0	NA	NA	NA	1
ENSG00000235021	0	NA	NA	0	NA	NA	NA	1
ENSG00000235024	0	NA	NA	0	NA	NA	NA	1
ENSG00000235029	0	NA	NA	0	NA	NA	NA	1
ENSG00000235032	0	NA	NA	0	NA	NA	NA	1
ENSG00000235033	0	NA	NA	0	NA	NA	NA	1
ENSG00000235042	0	NA	NA	0	NA	NA	NA	1
ENSG00000235049	0	NA	NA	0	NA	NA	NA	1
ENSG00000235051	0	NA	NA	0	NA	NA	NA	1
ENSG00000235052	0	NA	NA	0	NA	NA	NA	1
ENSG00000235070	0	NA	NA	0	NA	NA	NA	1
ENSG00000235079	0	NA	NA	0	NA	NA	NA	1
ENSG00000235085	0	NA	NA	0	NA	NA	NA	1
ENSG00000235086	0	NA	NA	0	NA	NA	NA	1
ENSG00000235091	0	NA	NA	0	NA	NA	NA	1
ENSG00000235096	0	NA	NA	0	NA	NA	NA	1
ENSG00000235100	0	NA	NA	0	NA	NA	NA	1
ENSG00000235122	0	NA	NA	0	NA	NA	NA	1
ENSG00000235139	0	NA	NA	0	NA	NA	NA	1
ENSG00000235158	0	NA	NA	0	NA	NA	NA	1
ENSG00000235159	0	NA	NA	0	NA	NA	NA	1
ENSG00000235168	0	NA	NA	0	NA	NA	NA	1
ENSG00000235189	0	NA	NA	0	NA	NA	NA	1
ENSG00000235191	0	NA	NA	0	NA	NA	NA	1
ENSG00000235204	0	NA	NA	0	NA	NA	NA	1
ENSG00000235209	0	NA	NA	0	NA	NA	NA	1
ENSG00000235236	0	NA	NA	0	NA	NA	NA	1
ENSG00000235237	0	NA	NA	0	NA	NA	NA	1
ENSG00000235246	0	NA	NA	0	NA	NA	NA	1
ENSG00000235262	0	NA	NA	0	NA	NA	NA	1
ENSG00000235279	0	NA	NA	0	NA	NA	NA	1
ENSG00000235285	0	NA	NA	0	NA	NA	NA	1
ENSG00000235288	0	NA	NA	0	NA	NA	NA	1
ENSG00000235303	0	NA	NA	0	NA	NA	NA	1
ENSG00000235358	0	NA	NA	0	NA	NA	NA	1
ENSG00000235361	0	NA	NA	0	NA	NA	NA	1
ENSG00000235366	0	NA	NA	0	NA	NA	NA	1
ENSG00000235381	0	NA	NA	0	NA	NA	NA	1
ENSG00000235419	0	NA	NA	0	NA	NA	NA	1
ENSG00000235426	0	NA	NA	0	NA	NA	NA	1
ENSG00000235434	0	NA	NA	0	NA	NA	NA	1
ENSG00000235445	0	NA	NA	0	NA	NA	NA	1
ENSG00000235455	0	NA	NA	0	NA	NA	NA	1
ENSG00000235464	0	NA	NA	0	NA	NA	NA	1
ENSG00000235481	0	NA	NA	0	NA	NA	NA	1
ENSG00000235495	0	NA	NA	0	NA	NA	NA	1
ENSG00000235499	0	NA	NA	0	NA	NA	NA	1
ENSG00000235501	0	NA	NA	0	NA	NA	NA	1
ENSG00000235512	0	NA	NA	0	NA	NA	NA	1
ENSG00000235513	0	NA	NA	0	NA	NA	NA	1
ENSG00000235522	0	NA	NA	0	NA	NA	NA	1
ENSG00000235526	0	NA	NA	0	NA	NA	NA	1
ENSG00000235532	0	NA	NA	0	NA	NA	NA	1
ENSG00000235537	0	NA	NA	0	NA	NA	NA	1
ENSG00000235563	0	NA	NA	0	NA	NA	NA	1
ENSG00000235575	0	NA	NA	0	NA	NA	NA	1
ENSG00000235586	0	NA	NA	0	NA	NA	NA	1
ENSG00000235601	0	NA	NA	0	NA	NA	NA	1
ENSG00000235609	0	NA	NA	0	NA	NA	NA	1
ENSG00000235620	0	NA	NA	0	NA	NA	NA	1
ENSG00000235629	0	NA	NA	0	NA	NA	NA	1
ENSG00000235635	0	NA	NA	0	NA	NA	NA	1
ENSG00000235637	0	NA	NA	0	NA	NA	NA	1
ENSG00000235641	0	NA	NA	0	NA	NA	NA	1
ENSG00000235643	0	NA	NA	0	NA	NA	NA	1
ENSG00000235663	0	NA	NA	0	NA	NA	NA	1
ENSG00000235760	0	NA	NA	0	NA	NA	NA	1
ENSG00000235772	0	NA	NA	0	NA	NA	NA	1
ENSG00000235777	0	NA	NA	0	NA	NA	NA	1
ENSG00000235786	0	NA	NA	0	NA	NA	NA	1
ENSG00000235790	0	NA	NA	0	NA	NA	NA	1
ENSG00000235837	0	NA	NA	0	NA	NA	NA	1
ENSG00000235843	0	NA	NA	0	NA	NA	NA	1
ENSG00000235845	0	NA	NA	0	NA	NA	NA	1
ENSG00000235848	0	NA	NA	0	NA	NA	NA	1
ENSG00000235849	0	NA	NA	0	NA	NA	NA	1
ENSG00000235852	0	NA	NA	0	NA	NA	NA	1
ENSG00000235865	0	NA	NA	0	NA	NA	NA	1
ENSG00000235875	0	NA	NA	0	NA	NA	NA	1
ENSG00000235890	0	NA	NA	0	NA	NA	NA	1
ENSG00000235897	0	NA	NA	0	NA	NA	NA	1
ENSG00000235903	0	NA	NA	0	NA	NA	NA	1
ENSG00000235910	0	NA	NA	0	NA	NA	NA	1
ENSG00000235919	0	NA	NA	0	NA	NA	NA	1
ENSG00000235927	0	NA	NA	0	NA	NA	NA	1
ENSG00000235939	0	NA	NA	0	NA	NA	NA	1
ENSG00000235954	0	NA	NA	0	NA	NA	NA	1
ENSG00000235958	0	NA	NA	0	NA	NA	NA	1
ENSG00000236003	0	NA	NA	0	NA	NA	NA	1
ENSG00000236031	0	NA	NA	0	NA	NA	NA	1
ENSG00000236036	0	NA	NA	0	NA	NA	NA	1
ENSG00000236049	0	NA	NA	0	NA	NA	NA	1
ENSG00000236051	0	NA	NA	0	NA	NA	NA	1
ENSG00000236052	0	NA	NA	0	NA	NA	NA	1
ENSG00000236064	0	NA	NA	0	NA	NA	NA	1
ENSG00000236078	0	NA	NA	0	NA	NA	NA	1
ENSG00000236081	0	NA	NA	0	NA	NA	NA	1
ENSG00000236091	0	NA	NA	0	NA	NA	NA	1
ENSG00000236098	0	NA	NA	0	NA	NA	NA	1
ENSG00000236102	0	NA	NA	0	NA	NA	NA	1
ENSG00000236116	0	NA	NA	0	NA	NA	NA	1
ENSG00000236117	0	NA	NA	0	NA	NA	NA	1
ENSG00000236200	0	NA	NA	0	NA	NA	NA	1
ENSG00000236206	0	NA	NA	0	NA	NA	NA	1
ENSG00000236212	0	NA	NA	0	NA	NA	NA	1
ENSG00000236213	0	NA	NA	0	NA	NA	NA	1
ENSG00000236231	0	NA	NA	0	NA	NA	NA	1
ENSG00000236244	0	NA	NA	0	NA	NA	NA	1
ENSG00000236256	0	NA	NA	0	NA	NA	NA	1
ENSG00000236267	0	NA	NA	0	NA	NA	NA	1
ENSG00000236272	0	NA	NA	0	NA	NA	NA	1
ENSG00000236276	0	NA	NA	0	NA	NA	NA	1
ENSG00000236301	0	NA	NA	0	NA	NA	NA	1
ENSG00000236305	0	NA	NA	0	NA	NA	NA	1
ENSG00000236308	0	NA	NA	0	NA	NA	NA	1
ENSG00000236311	0	NA	NA	0	NA	NA	NA	1
ENSG00000236324	0	NA	NA	0	NA	NA	NA	1
ENSG00000236326	0	NA	NA	0	NA	NA	NA	1
ENSG00000236336	0	NA	NA	0	NA	NA	NA	1
ENSG00000236341	0	NA	NA	0	NA	NA	NA	1
ENSG00000236354	0	NA	NA	0	NA	NA	NA	1
ENSG00000236356	0	NA	NA	0	NA	NA	NA	1
ENSG00000236358	0	NA	NA	0	NA	NA	NA	1
ENSG00000236377	0	NA	NA	0	NA	NA	NA	1
ENSG00000236387	0	NA	NA	0	NA	NA	NA	1
ENSG00000236388	0	NA	NA	0	NA	NA	NA	1
ENSG00000236394	0	NA	NA	0	NA	NA	NA	1
ENSG00000236404	0	NA	NA	0	NA	NA	NA	1
ENSG00000236412	0	NA	NA	0	NA	NA	NA	1
ENSG00000236426	0	NA	NA	0	NA	NA	NA	1
ENSG00000236434	0	NA	NA	0	NA	NA	NA	1
ENSG00000236437	0	NA	NA	0	NA	NA	NA	1
ENSG00000236445	0	NA	NA	0	NA	NA	NA	1
ENSG00000236447	0	NA	NA	0	NA	NA	NA	1
ENSG00000236453	0	NA	NA	0	NA	NA	NA	1
ENSG00000236457	0	NA	NA	0	NA	NA	NA	1
ENSG00000236463	0	NA	NA	0	NA	NA	NA	1
ENSG00000236472	0	NA	NA	0	NA	NA	NA	1
ENSG00000236494	0	NA	NA	0	NA	NA	NA	1
ENSG00000236501	0	NA	NA	0	NA	NA	NA	1
ENSG00000236508	0	NA	NA	0	NA	NA	NA	1
ENSG00000236511	0	NA	NA	0	NA	NA	NA	1
ENSG00000236519	0	NA	NA	0	NA	NA	NA	1
ENSG00000236528	0	NA	NA	0	NA	NA	NA	1
ENSG00000236535	0	NA	NA	0	NA	NA	NA	1
ENSG00000236545	0	NA	NA	0	NA	NA	NA	1
ENSG00000236548	0	NA	NA	0	NA	NA	NA	1
ENSG00000236581	0	NA	NA	0	NA	NA	NA	1
ENSG00000236627	0	NA	NA	0	NA	NA	NA	1
ENSG00000236641	0	NA	NA	0	NA	NA	NA	1
ENSG00000236653	0	NA	NA	0	NA	NA	NA	1
ENSG00000236658	0	NA	NA	0	NA	NA	NA	1
ENSG00000236662	0	NA	NA	0	NA	NA	NA	1
ENSG00000236671	0	NA	NA	0	NA	NA	NA	1
ENSG00000236678	0	NA	NA	0	NA	NA	NA	1
ENSG00000236711	0	NA	NA	0	NA	NA	NA	1
ENSG00000236720	0	NA	NA	0	NA	NA	NA	1
ENSG00000236723	0	NA	NA	0	NA	NA	NA	1
ENSG00000236744	0	NA	NA	0	NA	NA	NA	1
ENSG00000236754	0	NA	NA	0	NA	NA	NA	1
ENSG00000236756	0	NA	NA	0	NA	NA	NA	1
ENSG00000236800	0	NA	NA	0	NA	NA	NA	1
ENSG00000236823	0	NA	NA	0	NA	NA	NA	1
ENSG00000236827	0	NA	NA	0	NA	NA	NA	1
ENSG00000236828	0	NA	NA	0	NA	NA	NA	1
ENSG00000236830	0	NA	NA	0	NA	NA	NA	1
ENSG00000236836	0	NA	NA	0	NA	NA	NA	1
ENSG00000236846	0	NA	NA	0	NA	NA	NA	1
ENSG00000236849	0	NA	NA	0	NA	NA	NA	1
ENSG00000236861	0	NA	NA	0	NA	NA	NA	1
ENSG00000236864	0	NA	NA	0	NA	NA	NA	1
ENSG00000236882	0	NA	NA	0	NA	NA	NA	1
ENSG00000236883	0	NA	NA	0	NA	NA	NA	1
ENSG00000236885	0	NA	NA	0	NA	NA	NA	1
ENSG00000236896	0	NA	NA	0	NA	NA	NA	1
ENSG00000236901	0	NA	NA	0	NA	NA	NA	1
ENSG00000236911	0	NA	NA	0	NA	NA	NA	1
ENSG00000236915	0	NA	NA	0	NA	NA	NA	1
ENSG00000236924	0	NA	NA	0	NA	NA	NA	1
ENSG00000236935	0	NA	NA	0	NA	NA	NA	1
ENSG00000236938	0	NA	NA	0	NA	NA	NA	1
ENSG00000236958	0	NA	NA	0	NA	NA	NA	1
ENSG00000236977	0	NA	NA	0	NA	NA	NA	1
ENSG00000236991	0	NA	NA	0	NA	NA	NA	1
ENSG00000237001	0	NA	NA	0	NA	NA	NA	1
ENSG00000237013	0	NA	NA	0	NA	NA	NA	1
ENSG00000237015	0	NA	NA	0	NA	NA	NA	1
ENSG00000237019	0	NA	NA	0	NA	NA	NA	1
ENSG00000237031	0	NA	NA	0	NA	NA	NA	1
ENSG00000237035	0	NA	NA	0	NA	NA	NA	1
ENSG00000237054	0	NA	NA	0	NA	NA	NA	1
ENSG00000237080	0	NA	NA	0	NA	NA	NA	1
ENSG00000237126	0	NA	NA	0	NA	NA	NA	1
ENSG00000237159	0	NA	NA	0	NA	NA	NA	1
ENSG00000237181	0	NA	NA	0	NA	NA	NA	1
ENSG00000237188	0	NA	NA	0	NA	NA	NA	1
ENSG00000237200	0	NA	NA	0	NA	NA	NA	1
ENSG00000237208	0	NA	NA	0	NA	NA	NA	1
ENSG00000237212	0	NA	NA	0	NA	NA	NA	1
ENSG00000237221	0	NA	NA	0	NA	NA	NA	1
ENSG00000237224	0	NA	NA	0	NA	NA	NA	1
ENSG00000237232	0	NA	NA	0	NA	NA	NA	1
ENSG00000237233	0	NA	NA	0	NA	NA	NA	1
ENSG00000237234	0	NA	NA	0	NA	NA	NA	1
ENSG00000237248	0	NA	NA	0	NA	NA	NA	1
ENSG00000237259	0	NA	NA	0	NA	NA	NA	1
ENSG00000237262	0	NA	NA	0	NA	NA	NA	1
ENSG00000237281	0	NA	NA	0	NA	NA	NA	1
ENSG00000237282	0	NA	NA	0	NA	NA	NA	1
ENSG00000237301	0	NA	NA	0	NA	NA	NA	1
ENSG00000237312	0	NA	NA	0	NA	NA	NA	1
ENSG00000237321	0	NA	NA	0	NA	NA	NA	1
ENSG00000237324	0	NA	NA	0	NA	NA	NA	1
ENSG00000237326	0	NA	NA	0	NA	NA	NA	1
ENSG00000237337	0	NA	NA	0	NA	NA	NA	1
ENSG00000237341	0	NA	NA	0	NA	NA	NA	1
ENSG00000237371	0	NA	NA	0	NA	NA	NA	1
ENSG00000237373	0	NA	NA	0	NA	NA	NA	1
ENSG00000237396	0	NA	NA	0	NA	NA	NA	1
ENSG00000237400	0	NA	NA	0	NA	NA	NA	1
ENSG00000237413	0	NA	NA	0	NA	NA	NA	1
ENSG00000237429	0	NA	NA	0	NA	NA	NA	1
ENSG00000237453	0	NA	NA	0	NA	NA	NA	1
ENSG00000237463	0	NA	NA	0	NA	NA	NA	1
ENSG00000237468	0	NA	NA	0	NA	NA	NA	1
ENSG00000237471	0	NA	NA	0	NA	NA	NA	1
ENSG00000237476	0	NA	NA	0	NA	NA	NA	1
ENSG00000237481	0	NA	NA	0	NA	NA	NA	1
ENSG00000237512	0	NA	NA	0	NA	NA	NA	1
ENSG00000237529	0	NA	NA	0	NA	NA	NA	1
ENSG00000237530	0	NA	NA	0	NA	NA	NA	1
ENSG00000237571	0	NA	NA	0	NA	NA	NA	1
ENSG00000237576	0	NA	NA	0	NA	NA	NA	1
ENSG00000237579	0	NA	NA	0	NA	NA	NA	1
ENSG00000237585	0	NA	NA	0	NA	NA	NA	1
ENSG00000237588	0	NA	NA	0	NA	NA	NA	1
ENSG00000237596	0	NA	NA	0	NA	NA	NA	1
ENSG00000237643	0	NA	NA	0	NA	NA	NA	1
ENSG00000237646	0	NA	NA	0	NA	NA	NA	1
ENSG00000237664	0	NA	NA	0	NA	NA	NA	1
ENSG00000237685	0	NA	NA	0	NA	NA	NA	1
ENSG00000237687	0	NA	NA	0	NA	NA	NA	1
ENSG00000237713	0	NA	NA	0	NA	NA	NA	1
ENSG00000237716	0	NA	NA	0	NA	NA	NA	1
ENSG00000237742	0	NA	NA	0	NA	NA	NA	1
ENSG00000237756	0	NA	NA	0	NA	NA	NA	1
ENSG00000237760	0	NA	NA	0	NA	NA	NA	1
ENSG00000237767	0	NA	NA	0	NA	NA	NA	1
ENSG00000237768	0	NA	NA	0	NA	NA	NA	1
ENSG00000237781	0	NA	NA	0	NA	NA	NA	1
ENSG00000237786	0	NA	NA	0	NA	NA	NA	1
ENSG00000237787	0	NA	NA	0	NA	NA	NA	1
ENSG00000237807	0	NA	NA	0	NA	NA	NA	1
ENSG00000237845	0	NA	NA	0	NA	NA	NA	1
ENSG00000237852	0	NA	NA	0	NA	NA	NA	1
ENSG00000237853	0	NA	NA	0	NA	NA	NA	1
ENSG00000237862	0	NA	NA	0	NA	NA	NA	1
ENSG00000237896	0	NA	NA	0	NA	NA	NA	1
ENSG00000237899	0	NA	NA	0	NA	NA	NA	1
ENSG00000237903	0	NA	NA	0	NA	NA	NA	1
ENSG00000237919	0	NA	NA	0	NA	NA	NA	1
ENSG00000237928	0	NA	NA	0	NA	NA	NA	1
ENSG00000237934	0	NA	NA	0	NA	NA	NA	1
ENSG00000237937	0	NA	NA	0	NA	NA	NA	1
ENSG00000237938	0	NA	NA	0	NA	NA	NA	1
ENSG00000237941	0	NA	NA	0	NA	NA	NA	1
ENSG00000237950	0	NA	NA	0	NA	NA	NA	1
ENSG00000237976	0	NA	NA	0	NA	NA	NA	1
ENSG00000237990	0	NA	NA	0	NA	NA	NA	1
ENSG00000237993	0	NA	NA	0	NA	NA	NA	1
ENSG00000237994	0	NA	NA	0	NA	NA	NA	1
ENSG00000238007	0	NA	NA	0	NA	NA	NA	1
ENSG00000238010	0	NA	NA	0	NA	NA	NA	1
ENSG00000238012	0	NA	NA	0	NA	NA	NA	1
ENSG00000238018	0	NA	NA	0	NA	NA	NA	1
ENSG00000238019	0	NA	NA	0	NA	NA	NA	1
ENSG00000238020	0	NA	NA	0	NA	NA	NA	1
ENSG00000238022	0	NA	NA	0	NA	NA	NA	1
ENSG00000238045	0	NA	NA	0	NA	NA	NA	1
ENSG00000238058	0	NA	NA	0	NA	NA	NA	1
ENSG00000238078	0	NA	NA	0	NA	NA	NA	1
ENSG00000238102	0	NA	NA	0	NA	NA	NA	1
ENSG00000238120	0	NA	NA	0	NA	NA	NA	1
ENSG00000238121	0	NA	NA	0	NA	NA	NA	1
ENSG00000238131	0	NA	NA	0	NA	NA	NA	1
ENSG00000238133	0	NA	NA	0	NA	NA	NA	1
ENSG00000238140	0	NA	NA	0	NA	NA	NA	1
ENSG00000238160	0	NA	NA	0	NA	NA	NA	1
ENSG00000238178	0	NA	NA	0	NA	NA	NA	1
ENSG00000238185	0	NA	NA	0	NA	NA	NA	1
ENSG00000238186	0	NA	NA	0	NA	NA	NA	1
ENSG00000238201	0	NA	NA	0	NA	NA	NA	1
ENSG00000238212	0	NA	NA	0	NA	NA	NA	1
ENSG00000238230	0	NA	NA	0	NA	NA	NA	1
ENSG00000238272	0	NA	NA	0	NA	NA	NA	1
ENSG00000238279	0	NA	NA	0	NA	NA	NA	1
ENSG00000238282	0	NA	NA	0	NA	NA	NA	1
ENSG00000238287	0	NA	NA	0	NA	NA	NA	1
ENSG00000238358	0	NA	NA	0	NA	NA	NA	1
ENSG00000238755	0	NA	NA	0	NA	NA	NA	1
ENSG00000239205	0	NA	NA	0	NA	NA	NA	1
ENSG00000239213	0	NA	NA	0	NA	NA	NA	1
ENSG00000239311	0	NA	NA	0	NA	NA	NA	1
ENSG00000239314	0	NA	NA	0	NA	NA	NA	1
ENSG00000239332	0	NA	NA	0	NA	NA	NA	1
ENSG00000239335	0	NA	NA	0	NA	NA	NA	1
ENSG00000239415	0	NA	NA	0	NA	NA	NA	1
ENSG00000239440	0	NA	NA	0	NA	NA	NA	1
ENSG00000239445	0	NA	NA	0	NA	NA	NA	1
ENSG00000239453	0	NA	NA	0	NA	NA	NA	1
ENSG00000239508	0	NA	NA	0	NA	NA	NA	1
ENSG00000239572	0	NA	NA	0	NA	NA	NA	1
ENSG00000239593	0	NA	NA	0	NA	NA	NA	1
ENSG00000239628	0	NA	NA	0	NA	NA	NA	1
ENSG00000239636	0	NA	NA	0	NA	NA	NA	1
ENSG00000239641	0	NA	NA	0	NA	NA	NA	1
ENSG00000239674	0	NA	NA	0	NA	NA	NA	1
ENSG00000239716	0	NA	NA	0	NA	NA	NA	1
ENSG00000239718	0	NA	NA	0	NA	NA	NA	1
ENSG00000239739	0	NA	NA	0	NA	NA	NA	1
ENSG00000239775	0	NA	NA	0	NA	NA	NA	1
ENSG00000239799	0	NA	NA	0	NA	NA	NA	1
ENSG00000239801	0	NA	NA	0	NA	NA	NA	1
ENSG00000239930	0	NA	NA	0	NA	NA	NA	1
ENSG00000240015	0	NA	NA	0	NA	NA	NA	1
ENSG00000240032	0	NA	NA	0	NA	NA	NA	1
ENSG00000240057	0	NA	NA	0	NA	NA	NA	1
ENSG00000240093	0	NA	NA	0	NA	NA	NA	1
ENSG00000240137	0	NA	NA	0	NA	NA	NA	1
ENSG00000240175	0	NA	NA	0	NA	NA	NA	1
ENSG00000240198	0	NA	NA	0	NA	NA	NA	1
ENSG00000240207	0	NA	NA	0	NA	NA	NA	1
ENSG00000240211	0	NA	NA	0	NA	NA	NA	1
ENSG00000240254	0	NA	NA	0	NA	NA	NA	1
ENSG00000240401	0	NA	NA	0	NA	NA	NA	1
ENSG00000240499	0	NA	NA	0	NA	NA	NA	1
ENSG00000240521	0	NA	NA	0	NA	NA	NA	1
ENSG00000240535	0	NA	NA	0	NA	NA	NA	1
ENSG00000240553	0	NA	NA	0	NA	NA	NA	1
ENSG00000240567	0	NA	NA	0	NA	NA	NA	1
ENSG00000240571	0	NA	NA	0	NA	NA	NA	1
ENSG00000240591	0	NA	NA	0	NA	NA	NA	1
ENSG00000240666	0	NA	NA	0	NA	NA	NA	1
ENSG00000240707	0	NA	NA	0	NA	NA	NA	1
ENSG00000240731	0	NA	NA	0	NA	NA	NA	1
ENSG00000240758	0	NA	NA	0	NA	NA	NA	1
ENSG00000240770	0	NA	NA	0	NA	NA	NA	1
ENSG00000240790	0	NA	NA	0	NA	NA	NA	1
ENSG00000240842	0	NA	NA	0	NA	NA	NA	1
ENSG00000240875	0	NA	NA	0	NA	NA	NA	1
ENSG00000240888	0	NA	NA	0	NA	NA	NA	1
ENSG00000240893	0	NA	NA	0	NA	NA	NA	1
ENSG00000240895	0	NA	NA	0	NA	NA	NA	1
ENSG00000240915	0	NA	NA	0	NA	NA	NA	1
ENSG00000240963	0	NA	NA	0	NA	NA	NA	1
ENSG00000240996	0	NA	NA	0	NA	NA	NA	1
ENSG00000241054	0	NA	NA	0	NA	NA	NA	1
ENSG00000241073	0	NA	NA	0	NA	NA	NA	1
ENSG00000241151	0	NA	NA	0	NA	NA	NA	1
ENSG00000241155	0	NA	NA	0	NA	NA	NA	1
ENSG00000241211	0	NA	NA	0	NA	NA	NA	1
ENSG00000241219	0	NA	NA	0	NA	NA	NA	1
ENSG00000241220	0	NA	NA	0	NA	NA	NA	1
ENSG00000241313	0	NA	NA	0	NA	NA	NA	1
ENSG00000241317	0	NA	NA	0	NA	NA	NA	1
ENSG00000241326	0	NA	NA	0	NA	NA	NA	1
ENSG00000241357	0	NA	NA	0	NA	NA	NA	1
ENSG00000241409	0	NA	NA	0	NA	NA	NA	1
ENSG00000241456	0	NA	NA	0	NA	NA	NA	1
ENSG00000241520	0	NA	NA	0	NA	NA	NA	1
ENSG00000241525	0	NA	NA	0	NA	NA	NA	1
ENSG00000241570	0	NA	NA	0	NA	NA	NA	1
ENSG00000241577	0	NA	NA	0	NA	NA	NA	1
ENSG00000241667	0	NA	NA	0	NA	NA	NA	1
ENSG00000241720	0	NA	NA	0	NA	NA	NA	1
ENSG00000241728	0	NA	NA	0	NA	NA	NA	1
ENSG00000241818	0	NA	NA	0	NA	NA	NA	1
ENSG00000241884	0	NA	NA	0	NA	NA	NA	1
ENSG00000241933	0	NA	NA	0	NA	NA	NA	1
ENSG00000242009	0	NA	NA	0	NA	NA	NA	1
ENSG00000242082	0	NA	NA	0	NA	NA	NA	1
ENSG00000242086	0	NA	NA	0	NA	NA	NA	1
ENSG00000242125	0	NA	NA	0	NA	NA	NA	1
ENSG00000242154	0	NA	NA	0	NA	NA	NA	1
ENSG00000242190	0	NA	NA	0	NA	NA	NA	1
ENSG00000242207	0	NA	NA	0	NA	NA	NA	1
ENSG00000242242	0	NA	NA	0	NA	NA	NA	1
ENSG00000242317	0	NA	NA	0	NA	NA	NA	1
ENSG00000242391	0	NA	NA	0	NA	NA	NA	1
ENSG00000242407	0	NA	NA	0	NA	NA	NA	1
ENSG00000242516	0	NA	NA	0	NA	NA	NA	1
ENSG00000242522	0	NA	NA	0	NA	NA	NA	1
ENSG00000242536	0	NA	NA	0	NA	NA	NA	1
ENSG00000242578	0	NA	NA	0	NA	NA	NA	1
ENSG00000242590	0	NA	NA	0	NA	NA	NA	1
ENSG00000242641	0	NA	NA	0	NA	NA	NA	1
ENSG00000242686	0	NA	NA	0	NA	NA	NA	1
ENSG00000242770	0	NA	NA	0	NA	NA	NA	1
ENSG00000242790	0	NA	NA	0	NA	NA	NA	1
ENSG00000242798	0	NA	NA	0	NA	NA	NA	1
ENSG00000242861	0	NA	NA	0	NA	NA	NA	1
ENSG00000242902	0	NA	NA	0	NA	NA	NA	1
ENSG00000242973	0	NA	NA	0	NA	NA	NA	1
ENSG00000243062	0	NA	NA	0	NA	NA	NA	1
ENSG00000243107	0	NA	NA	0	NA	NA	NA	1
ENSG00000243150	0	NA	NA	0	NA	NA	NA	1
ENSG00000243155	0	NA	NA	0	NA	NA	NA	1
ENSG00000243193	0	NA	NA	0	NA	NA	NA	1
ENSG00000243224	0	NA	NA	0	NA	NA	NA	1
ENSG00000243230	0	NA	NA	0	NA	NA	NA	1
ENSG00000243273	0	NA	NA	0	NA	NA	NA	1
ENSG00000243389	0	NA	NA	0	NA	NA	NA	1
ENSG00000243415	0	NA	NA	0	NA	NA	NA	1
ENSG00000243433	0	NA	NA	0	NA	NA	NA	1
ENSG00000243479	0	NA	NA	0	NA	NA	NA	1
ENSG00000243486	0	NA	NA	0	NA	NA	NA	1
ENSG00000243593	0	NA	NA	0	NA	NA	NA	1
ENSG00000243613	0	NA	NA	0	NA	NA	NA	1
ENSG00000243733	0	NA	NA	0	NA	NA	NA	1
ENSG00000243762	0	NA	NA	0	NA	NA	NA	1
ENSG00000243795	0	NA	NA	0	NA	NA	NA	1
ENSG00000243797	0	NA	NA	0	NA	NA	NA	1
ENSG00000243810	0	NA	NA	0	NA	NA	NA	1
ENSG00000243836	0	NA	NA	0	NA	NA	NA	1
ENSG00000243849	0	NA	NA	0	NA	NA	NA	1
ENSG00000243888	0	NA	NA	0	NA	NA	NA	1
ENSG00000243902	0	NA	NA	0	NA	NA	NA	1
ENSG00000243926	0	NA	NA	0	NA	NA	NA	1
ENSG00000244040	0	NA	NA	0	NA	NA	NA	1
ENSG00000244055	0	NA	NA	0	NA	NA	NA	1
ENSG00000244125	0	NA	NA	0	NA	NA	NA	1
ENSG00000244137	0	NA	NA	0	NA	NA	NA	1
ENSG00000244151	0	NA	NA	0	NA	NA	NA	1
ENSG00000244158	0	NA	NA	0	NA	NA	NA	1
ENSG00000244161	0	NA	NA	0	NA	NA	NA	1
ENSG00000244184	0	NA	NA	0	NA	NA	NA	1
ENSG00000244239	0	NA	NA	0	NA	NA	NA	1
ENSG00000244286	0	NA	NA	0	NA	NA	NA	1
ENSG00000244327	0	NA	NA	0	NA	NA	NA	1
ENSG00000244332	0	NA	NA	0	NA	NA	NA	1
ENSG00000244380	0	NA	NA	0	NA	NA	NA	1
ENSG00000244468	0	NA	NA	0	NA	NA	NA	1
ENSG00000244513	0	NA	NA	0	NA	NA	NA	1
ENSG00000244564	0	NA	NA	0	NA	NA	NA	1
ENSG00000244578	0	NA	NA	0	NA	NA	NA	1
ENSG00000244649	0	NA	NA	0	NA	NA	NA	1
ENSG00000244675	0	NA	NA	0	NA	NA	NA	1
ENSG00000244701	0	NA	NA	0	NA	NA	NA	1
ENSG00000244706	0	NA	NA	0	NA	NA	NA	1
ENSG00000244738	0	NA	NA	0	NA	NA	NA	1
ENSG00000244791	0	NA	NA	0	NA	NA	NA	1
ENSG00000244945	0	NA	NA	0	NA	NA	NA	1
ENSG00000244953	0	NA	NA	0	NA	NA	NA	1
ENSG00000244998	0	NA	NA	0	NA	NA	NA	1
ENSG00000245025	0	NA	NA	0	NA	NA	NA	1
ENSG00000245059	0	NA	NA	0	NA	NA	NA	1
ENSG00000245080	0	NA	NA	0	NA	NA	NA	1
ENSG00000245105	0	NA	NA	0	NA	NA	NA	1
ENSG00000245112	0	NA	NA	0	NA	NA	NA	1
ENSG00000245146	0	NA	NA	0	NA	NA	NA	1
ENSG00000245156	0	NA	NA	0	NA	NA	NA	1
ENSG00000245164	0	NA	NA	0	NA	NA	NA	1
ENSG00000245248	0	NA	NA	0	NA	NA	NA	1
ENSG00000245261	0	NA	NA	0	NA	NA	NA	1
ENSG00000245385	0	NA	NA	0	NA	NA	NA	1
ENSG00000245466	0	NA	NA	0	NA	NA	NA	1
ENSG00000245468	0	NA	NA	0	NA	NA	NA	1
ENSG00000245479	0	NA	NA	0	NA	NA	NA	1
ENSG00000245498	0	NA	NA	0	NA	NA	NA	1
ENSG00000245552	0	NA	NA	0	NA	NA	NA	1
ENSG00000245571	0	NA	NA	0	NA	NA	NA	1
ENSG00000245648	0	NA	NA	0	NA	NA	NA	1
ENSG00000245667	0	NA	NA	0	NA	NA	NA	1
ENSG00000245688	0	NA	NA	0	NA	NA	NA	1
ENSG00000245711	0	NA	NA	0	NA	NA	NA	1
ENSG00000245719	0	NA	NA	0	NA	NA	NA	1
ENSG00000245748	0	NA	NA	0	NA	NA	NA	1
ENSG00000245750	0	NA	NA	0	NA	NA	NA	1
ENSG00000245888	0	NA	NA	0	NA	NA	NA	1
ENSG00000245970	0	NA	NA	0	NA	NA	NA	1
ENSG00000246016	0	NA	NA	0	NA	NA	NA	1
ENSG00000246090	0	NA	NA	0	NA	NA	NA	1
ENSG00000246100	0	NA	NA	0	NA	NA	NA	1
ENSG00000246145	0	NA	NA	0	NA	NA	NA	1
ENSG00000246174	0	NA	NA	0	NA	NA	NA	1
ENSG00000246211	0	NA	NA	0	NA	NA	NA	1
ENSG00000246214	0	NA	NA	0	NA	NA	NA	1
ENSG00000246225	0	NA	NA	0	NA	NA	NA	1
ENSG00000246250	0	NA	NA	0	NA	NA	NA	1
ENSG00000246273	0	NA	NA	0	NA	NA	NA	1
ENSG00000246308	0	NA	NA	0	NA	NA	NA	1
ENSG00000246323	0	NA	NA	0	NA	NA	NA	1
ENSG00000246334	0	NA	NA	0	NA	NA	NA	1
ENSG00000246339	0	NA	NA	0	NA	NA	NA	1
ENSG00000246394	0	NA	NA	0	NA	NA	NA	1
ENSG00000246422	0	NA	NA	0	NA	NA	NA	1
ENSG00000246430	0	NA	NA	0	NA	NA	NA	1
ENSG00000246451	0	NA	NA	0	NA	NA	NA	1
ENSG00000246477	0	NA	NA	0	NA	NA	NA	1
ENSG00000246523	0	NA	NA	0	NA	NA	NA	1
ENSG00000246582	0	NA	NA	0	NA	NA	NA	1
ENSG00000246627	0	NA	NA	0	NA	NA	NA	1
ENSG00000246731	0	NA	NA	0	NA	NA	NA	1
ENSG00000246740	0	NA	NA	0	NA	NA	NA	1
ENSG00000246763	0	NA	NA	0	NA	NA	NA	1
ENSG00000246859	0	NA	NA	0	NA	NA	NA	1
ENSG00000247033	0	NA	NA	0	NA	NA	NA	1
ENSG00000247049	0	NA	NA	0	NA	NA	NA	1
ENSG00000247095	0	NA	NA	0	NA	NA	NA	1
ENSG00000247121	0	NA	NA	0	NA	NA	NA	1
ENSG00000247130	0	NA	NA	0	NA	NA	NA	1
ENSG00000247151	0	NA	NA	0	NA	NA	NA	1
ENSG00000247193	0	NA	NA	0	NA	NA	NA	1
ENSG00000247199	0	NA	NA	0	NA	NA	NA	1
ENSG00000247240	0	NA	NA	0	NA	NA	NA	1
ENSG00000247271	0	NA	NA	0	NA	NA	NA	1
ENSG00000247287	0	NA	NA	0	NA	NA	NA	1
ENSG00000247345	0	NA	NA	0	NA	NA	NA	1
ENSG00000247363	0	NA	NA	0	NA	NA	NA	1
ENSG00000247373	0	NA	NA	0	NA	NA	NA	1
ENSG00000247402	0	NA	NA	0	NA	NA	NA	1
ENSG00000247498	0	NA	NA	0	NA	NA	NA	1
ENSG00000247556	0	NA	NA	0	NA	NA	NA	1
ENSG00000247675	0	NA	NA	0	NA	NA	NA	1
ENSG00000247708	0	NA	NA	0	NA	NA	NA	1
ENSG00000247735	0	NA	NA	0	NA	NA	NA	1
ENSG00000247774	0	NA	NA	0	NA	NA	NA	1
ENSG00000247810	0	NA	NA	0	NA	NA	NA	1
ENSG00000247853	0	NA	NA	0	NA	NA	NA	1
ENSG00000247903	0	NA	NA	0	NA	NA	NA	1
ENSG00000247925	0	NA	NA	0	NA	NA	NA	1
ENSG00000247982	0	NA	NA	0	NA	NA	NA	1
ENSG00000248008	0	NA	NA	0	NA	NA	NA	1
ENSG00000248049	0	NA	NA	0	NA	NA	NA	1
ENSG00000248101	0	NA	NA	0	NA	NA	NA	1
ENSG00000248112	0	NA	NA	0	NA	NA	NA	1
ENSG00000248115	0	NA	NA	0	NA	NA	NA	1
ENSG00000248118	0	NA	NA	0	NA	NA	NA	1
ENSG00000248137	0	NA	NA	0	NA	NA	NA	1
ENSG00000248143	0	NA	NA	0	NA	NA	NA	1
ENSG00000248150	0	NA	NA	0	NA	NA	NA	1
ENSG00000248161	0	NA	NA	0	NA	NA	NA	1
ENSG00000248174	0	NA	NA	0	NA	NA	NA	1
ENSG00000248184	0	NA	NA	0	NA	NA	NA	1
ENSG00000248192	0	NA	NA	0	NA	NA	NA	1
ENSG00000248202	0	NA	NA	0	NA	NA	NA	1
ENSG00000248203	0	NA	NA	0	NA	NA	NA	1
ENSG00000248211	0	NA	NA	0	NA	NA	NA	1
ENSG00000248215	0	NA	NA	0	NA	NA	NA	1
ENSG00000248222	0	NA	NA	0	NA	NA	NA	1
ENSG00000248227	0	NA	NA	0	NA	NA	NA	1
ENSG00000248285	0	NA	NA	0	NA	NA	NA	1
ENSG00000248307	0	NA	NA	0	NA	NA	NA	1
ENSG00000248362	0	NA	NA	0	NA	NA	NA	1
ENSG00000248367	0	NA	NA	0	NA	NA	NA	1
ENSG00000248378	0	NA	NA	0	NA	NA	NA	1
ENSG00000248393	0	NA	NA	0	NA	NA	NA	1
ENSG00000248399	0	NA	NA	0	NA	NA	NA	1
ENSG00000248416	0	NA	NA	0	NA	NA	NA	1
ENSG00000248417	0	NA	NA	0	NA	NA	NA	1
ENSG00000248428	0	NA	NA	0	NA	NA	NA	1
ENSG00000248445	0	NA	NA	0	NA	NA	NA	1
ENSG00000248468	0	NA	NA	0	NA	NA	NA	1
ENSG00000248474	0	NA	NA	0	NA	NA	NA	1
ENSG00000248475	0	NA	NA	0	NA	NA	NA	1
ENSG00000248508	0	NA	NA	0	NA	NA	NA	1
ENSG00000248515	0	NA	NA	0	NA	NA	NA	1
ENSG00000248516	0	NA	NA	0	NA	NA	NA	1
ENSG00000248544	0	NA	NA	0	NA	NA	NA	1
ENSG00000248559	0	NA	NA	0	NA	NA	NA	1
ENSG00000248567	0	NA	NA	0	NA	NA	NA	1
ENSG00000248624	0	NA	NA	0	NA	NA	NA	1
ENSG00000248634	0	NA	NA	0	NA	NA	NA	1
ENSG00000248647	0	NA	NA	0	NA	NA	NA	1
ENSG00000248663	0	NA	NA	0	NA	NA	NA	1
ENSG00000248664	0	NA	NA	0	NA	NA	NA	1
ENSG00000248676	0	NA	NA	0	NA	NA	NA	1
ENSG00000248677	0	NA	NA	0	NA	NA	NA	1
ENSG00000248682	0	NA	NA	0	NA	NA	NA	1
ENSG00000248685	0	NA	NA	0	NA	NA	NA	1
ENSG00000248709	0	NA	NA	0	NA	NA	NA	1
ENSG00000248717	0	NA	NA	0	NA	NA	NA	1
ENSG00000248733	0	NA	NA	0	NA	NA	NA	1
ENSG00000248734	0	NA	NA	0	NA	NA	NA	1
ENSG00000248740	0	NA	NA	0	NA	NA	NA	1
ENSG00000248758	0	NA	NA	0	NA	NA	NA	1
ENSG00000248774	0	NA	NA	0	NA	NA	NA	1
ENSG00000248789	0	NA	NA	0	NA	NA	NA	1
ENSG00000248801	0	NA	NA	0	NA	NA	NA	1
ENSG00000248813	0	NA	NA	0	NA	NA	NA	1
ENSG00000248839	0	NA	NA	0	NA	NA	NA	1
ENSG00000248846	0	NA	NA	0	NA	NA	NA	1
ENSG00000248870	0	NA	NA	0	NA	NA	NA	1
ENSG00000248874	0	NA	NA	0	NA	NA	NA	1
ENSG00000248881	0	NA	NA	0	NA	NA	NA	1
ENSG00000248890	0	NA	NA	0	NA	NA	NA	1
ENSG00000248896	0	NA	NA	0	NA	NA	NA	1
ENSG00000248901	0	NA	NA	0	NA	NA	NA	1
ENSG00000248939	0	NA	NA	0	NA	NA	NA	1
ENSG00000248942	0	NA	NA	0	NA	NA	NA	1
ENSG00000248965	0	NA	NA	0	NA	NA	NA	1
ENSG00000248969	0	NA	NA	0	NA	NA	NA	1
ENSG00000248996	0	NA	NA	0	NA	NA	NA	1
ENSG00000249001	0	NA	NA	0	NA	NA	NA	1
ENSG00000249007	0	NA	NA	0	NA	NA	NA	1
ENSG00000249016	0	NA	NA	0	NA	NA	NA	1
ENSG00000249017	0	NA	NA	0	NA	NA	NA	1
ENSG00000249022	0	NA	NA	0	NA	NA	NA	1
ENSG00000249042	0	NA	NA	0	NA	NA	NA	1
ENSG00000249057	0	NA	NA	0	NA	NA	NA	1
ENSG00000249085	0	NA	NA	0	NA	NA	NA	1
ENSG00000249086	0	NA	NA	0	NA	NA	NA	1
ENSG00000249087	0	NA	NA	0	NA	NA	NA	1
ENSG00000249100	0	NA	NA	0	NA	NA	NA	1
ENSG00000249114	0	NA	NA	0	NA	NA	NA	1
ENSG00000249122	0	NA	NA	0	NA	NA	NA	1
ENSG00000249125	0	NA	NA	0	NA	NA	NA	1
ENSG00000249128	0	NA	NA	0	NA	NA	NA	1
ENSG00000249150	0	NA	NA	0	NA	NA	NA	1
ENSG00000249160	0	NA	NA	0	NA	NA	NA	1
ENSG00000249166	0	NA	NA	0	NA	NA	NA	1
ENSG00000249167	0	NA	NA	0	NA	NA	NA	1
ENSG00000249175	0	NA	NA	0	NA	NA	NA	1
ENSG00000249180	0	NA	NA	0	NA	NA	NA	1
ENSG00000249207	0	NA	NA	0	NA	NA	NA	1
ENSG00000249225	0	NA	NA	0	NA	NA	NA	1
ENSG00000249249	0	NA	NA	0	NA	NA	NA	1
ENSG00000249258	0	NA	NA	0	NA	NA	NA	1
ENSG00000249293	0	NA	NA	0	NA	NA	NA	1
ENSG00000249307	0	NA	NA	0	NA	NA	NA	1
ENSG00000249309	0	NA	NA	0	NA	NA	NA	1
ENSG00000249330	0	NA	NA	0	NA	NA	NA	1
ENSG00000249343	0	NA	NA	0	NA	NA	NA	1
ENSG00000249346	0	NA	NA	0	NA	NA	NA	1
ENSG00000249348	0	NA	NA	0	NA	NA	NA	1
ENSG00000249375	0	NA	NA	0	NA	NA	NA	1
ENSG00000249395	0	NA	NA	0	NA	NA	NA	1
ENSG00000249396	0	NA	NA	0	NA	NA	NA	1
ENSG00000249412	0	NA	NA	0	NA	NA	NA	1
ENSG00000249421	0	NA	NA	0	NA	NA	NA	1
ENSG00000249425	0	NA	NA	0	NA	NA	NA	1
ENSG00000249426	0	NA	NA	0	NA	NA	NA	1
ENSG00000249429	0	NA	NA	0	NA	NA	NA	1
ENSG00000249464	0	NA	NA	0	NA	NA	NA	1
ENSG00000249474	0	NA	NA	0	NA	NA	NA	1
ENSG00000249476	0	NA	NA	0	NA	NA	NA	1
ENSG00000249502	0	NA	NA	0	NA	NA	NA	1
ENSG00000249509	0	NA	NA	0	NA	NA	NA	1
ENSG00000249532	0	NA	NA	0	NA	NA	NA	1
ENSG00000249534	0	NA	NA	0	NA	NA	NA	1
ENSG00000249545	0	NA	NA	0	NA	NA	NA	1
ENSG00000249550	0	NA	NA	0	NA	NA	NA	1
ENSG00000249551	0	NA	NA	0	NA	NA	NA	1
ENSG00000249568	0	NA	NA	0	NA	NA	NA	1
ENSG00000249574	0	NA	NA	0	NA	NA	NA	1
ENSG00000249592	0	NA	NA	0	NA	NA	NA	1
ENSG00000249601	0	NA	NA	0	NA	NA	NA	1
ENSG00000249628	0	NA	NA	0	NA	NA	NA	1
ENSG00000249635	0	NA	NA	0	NA	NA	NA	1
ENSG00000249639	0	NA	NA	0	NA	NA	NA	1
ENSG00000249641	0	NA	NA	0	NA	NA	NA	1
ENSG00000249642	0	NA	NA	0	NA	NA	NA	1
ENSG00000249655	0	NA	NA	0	NA	NA	NA	1
ENSG00000249664	0	NA	NA	0	NA	NA	NA	1
ENSG00000249667	0	NA	NA	0	NA	NA	NA	1
ENSG00000249673	0	NA	NA	0	NA	NA	NA	1
ENSG00000249675	0	NA	NA	0	NA	NA	NA	1
ENSG00000249679	0	NA	NA	0	NA	NA	NA	1
ENSG00000249685	0	NA	NA	0	NA	NA	NA	1
ENSG00000249688	0	NA	NA	0	NA	NA	NA	1
ENSG00000249695	0	NA	NA	0	NA	NA	NA	1
ENSG00000249700	0	NA	NA	0	NA	NA	NA	1
ENSG00000249738	0	NA	NA	0	NA	NA	NA	1
ENSG00000249742	0	NA	NA	0	NA	NA	NA	1
ENSG00000249747	0	NA	NA	0	NA	NA	NA	1
ENSG00000249781	0	NA	NA	0	NA	NA	NA	1
ENSG00000249786	0	NA	NA	0	NA	NA	NA	1
ENSG00000249791	0	NA	NA	0	NA	NA	NA	1
ENSG00000249797	0	NA	NA	0	NA	NA	NA	1
ENSG00000249803	0	NA	NA	0	NA	NA	NA	1
ENSG00000249807	0	NA	NA	0	NA	NA	NA	1
ENSG00000249816	0	NA	NA	0	NA	NA	NA	1
ENSG00000249825	0	NA	NA	0	NA	NA	NA	1
ENSG00000249835	0	NA	NA	0	NA	NA	NA	1
ENSG00000249837	0	NA	NA	0	NA	NA	NA	1
ENSG00000249857	0	NA	NA	0	NA	NA	NA	1
ENSG00000249870	0	NA	NA	0	NA	NA	NA	1
ENSG00000249881	0	NA	NA	0	NA	NA	NA	1
ENSG00000249882	0	NA	NA	0	NA	NA	NA	1
ENSG00000249899	0	NA	NA	0	NA	NA	NA	1
ENSG00000249901	0	NA	NA	0	NA	NA	NA	1
ENSG00000249906	0	NA	NA	0	NA	NA	NA	1
ENSG00000249955	0	NA	NA	0	NA	NA	NA	1
ENSG00000249959	0	NA	NA	0	NA	NA	NA	1
ENSG00000249971	0	NA	NA	0	NA	NA	NA	1
ENSG00000250025	0	NA	NA	0	NA	NA	NA	1
ENSG00000250033	0	NA	NA	0	NA	NA	NA	1
ENSG00000250034	0	NA	NA	0	NA	NA	NA	1
ENSG00000250041	0	NA	NA	0	NA	NA	NA	1
ENSG00000250042	0	NA	NA	0	NA	NA	NA	1
ENSG00000250043	0	NA	NA	0	NA	NA	NA	1
ENSG00000250056	0	NA	NA	0	NA	NA	NA	1
ENSG00000250057	0	NA	NA	0	NA	NA	NA	1
ENSG00000250069	0	NA	NA	0	NA	NA	NA	1
ENSG00000250072	0	NA	NA	0	NA	NA	NA	1
ENSG00000250073	0	NA	NA	0	NA	NA	NA	1
ENSG00000250075	0	NA	NA	0	NA	NA	NA	1
ENSG00000250081	0	NA	NA	0	NA	NA	NA	1
ENSG00000250105	0	NA	NA	0	NA	NA	NA	1
ENSG00000250106	0	NA	NA	0	NA	NA	NA	1
ENSG00000250116	0	NA	NA	0	NA	NA	NA	1
ENSG00000250125	0	NA	NA	0	NA	NA	NA	1
ENSG00000250126	0	NA	NA	0	NA	NA	NA	1
ENSG00000250127	0	NA	NA	0	NA	NA	NA	1
ENSG00000250133	0	NA	NA	0	NA	NA	NA	1
ENSG00000250159	0	NA	NA	0	NA	NA	NA	1
ENSG00000250164	0	NA	NA	0	NA	NA	NA	1
ENSG00000250167	0	NA	NA	0	NA	NA	NA	1
ENSG00000250170	0	NA	NA	0	NA	NA	NA	1
ENSG00000250180	0	NA	NA	0	NA	NA	NA	1
ENSG00000250186	0	NA	NA	0	NA	NA	NA	1
ENSG00000250230	0	NA	NA	0	NA	NA	NA	1
ENSG00000250240	0	NA	NA	0	NA	NA	NA	1
ENSG00000250259	0	NA	NA	0	NA	NA	NA	1
ENSG00000250260	0	NA	NA	0	NA	NA	NA	1
ENSG00000250267	0	NA	NA	0	NA	NA	NA	1
ENSG00000250284	0	NA	NA	0	NA	NA	NA	1
ENSG00000250295	0	NA	NA	0	NA	NA	NA	1
ENSG00000250302	0	NA	NA	0	NA	NA	NA	1
ENSG00000250309	0	NA	NA	0	NA	NA	NA	1
ENSG00000250310	0	NA	NA	0	NA	NA	NA	1
ENSG00000250313	0	NA	NA	0	NA	NA	NA	1
ENSG00000250320	0	NA	NA	0	NA	NA	NA	1
ENSG00000250331	0	NA	NA	0	NA	NA	NA	1
ENSG00000250362	0	NA	NA	0	NA	NA	NA	1
ENSG00000250365	0	NA	NA	0	NA	NA	NA	1
ENSG00000250378	0	NA	NA	0	NA	NA	NA	1
ENSG00000250383	0	NA	NA	0	NA	NA	NA	1
ENSG00000250397	0	NA	NA	0	NA	NA	NA	1
ENSG00000250410	0	NA	NA	0	NA	NA	NA	1
ENSG00000250415	0	NA	NA	0	NA	NA	NA	1
ENSG00000250427	0	NA	NA	0	NA	NA	NA	1
ENSG00000250436	0	NA	NA	0	NA	NA	NA	1
ENSG00000250446	0	NA	NA	0	NA	NA	NA	1
ENSG00000250451	0	NA	NA	0	NA	NA	NA	1
ENSG00000250467	0	NA	NA	0	NA	NA	NA	1
ENSG00000250472	0	NA	NA	0	NA	NA	NA	1
ENSG00000250488	0	NA	NA	0	NA	NA	NA	1
ENSG00000250508	0	NA	NA	0	NA	NA	NA	1
ENSG00000250514	0	NA	NA	0	NA	NA	NA	1
ENSG00000250541	0	NA	NA	0	NA	NA	NA	1
ENSG00000250548	0	NA	NA	0	NA	NA	NA	1
ENSG00000250567	0	NA	NA	0	NA	NA	NA	1
ENSG00000250583	0	NA	NA	0	NA	NA	NA	1
ENSG00000250584	0	NA	NA	0	NA	NA	NA	1
ENSG00000250590	0	NA	NA	0	NA	NA	NA	1
ENSG00000250597	0	NA	NA	0	NA	NA	NA	1
ENSG00000250602	0	NA	NA	0	NA	NA	NA	1
ENSG00000250604	0	NA	NA	0	NA	NA	NA	1
ENSG00000250619	0	NA	NA	0	NA	NA	NA	1
ENSG00000250620	0	NA	NA	0	NA	NA	NA	1
ENSG00000250632	0	NA	NA	0	NA	NA	NA	1
ENSG00000250643	0	NA	NA	0	NA	NA	NA	1
ENSG00000250657	0	NA	NA	0	NA	NA	NA	1
ENSG00000250658	0	NA	NA	0	NA	NA	NA	1
ENSG00000250681	0	NA	NA	0	NA	NA	NA	1
ENSG00000250694	0	NA	NA	0	NA	NA	NA	1
ENSG00000250699	0	NA	NA	0	NA	NA	NA	1
ENSG00000250714	0	NA	NA	0	NA	NA	NA	1
ENSG00000250716	0	NA	NA	0	NA	NA	NA	1
ENSG00000250723	0	NA	NA	0	NA	NA	NA	1
ENSG00000250734	0	NA	NA	0	NA	NA	NA	1
ENSG00000250735	0	NA	NA	0	NA	NA	NA	1
ENSG00000250740	0	NA	NA	0	NA	NA	NA	1
ENSG00000250754	0	NA	NA	0	NA	NA	NA	1
ENSG00000250764	0	NA	NA	0	NA	NA	NA	1
ENSG00000250777	0	NA	NA	0	NA	NA	NA	1
ENSG00000250801	0	NA	NA	0	NA	NA	NA	1
ENSG00000250806	0	NA	NA	0	NA	NA	NA	1
ENSG00000250814	0	NA	NA	0	NA	NA	NA	1
ENSG00000250829	0	NA	NA	0	NA	NA	NA	1
ENSG00000250863	0	NA	NA	0	NA	NA	NA	1
ENSG00000250877	0	NA	NA	0	NA	NA	NA	1
ENSG00000250882	0	NA	NA	0	NA	NA	NA	1
ENSG00000250888	0	NA	NA	0	NA	NA	NA	1
ENSG00000250891	0	NA	NA	0	NA	NA	NA	1
ENSG00000250906	0	NA	NA	0	NA	NA	NA	1
ENSG00000250909	0	NA	NA	0	NA	NA	NA	1
ENSG00000250917	0	NA	NA	0	NA	NA	NA	1
ENSG00000250947	0	NA	NA	0	NA	NA	NA	1
ENSG00000250949	0	NA	NA	0	NA	NA	NA	1
ENSG00000250954	0	NA	NA	0	NA	NA	NA	1
ENSG00000250957	0	NA	NA	0	NA	NA	NA	1
ENSG00000250958	0	NA	NA	0	NA	NA	NA	1
ENSG00000250971	0	NA	NA	0	NA	NA	NA	1
ENSG00000250986	0	NA	NA	0	NA	NA	NA	1
ENSG00000250990	0	NA	NA	0	NA	NA	NA	1
ENSG00000250994	0	NA	NA	0	NA	NA	NA	1
ENSG00000251003	0	NA	NA	0	NA	NA	NA	1
ENSG00000251010	0	NA	NA	0	NA	NA	NA	1
ENSG00000251018	0	NA	NA	0	NA	NA	NA	1
ENSG00000251023	0	NA	NA	0	NA	NA	NA	1
ENSG00000251040	0	NA	NA	0	NA	NA	NA	1
ENSG00000251045	0	NA	NA	0	NA	NA	NA	1
ENSG00000251059	0	NA	NA	0	NA	NA	NA	1
ENSG00000251075	0	NA	NA	0	NA	NA	NA	1
ENSG00000251076	0	NA	NA	0	NA	NA	NA	1
ENSG00000251081	0	NA	NA	0	NA	NA	NA	1
ENSG00000251088	0	NA	NA	0	NA	NA	NA	1
ENSG00000251125	0	NA	NA	0	NA	NA	NA	1
ENSG00000251128	0	NA	NA	0	NA	NA	NA	1
ENSG00000251129	0	NA	NA	0	NA	NA	NA	1
ENSG00000251143	0	NA	NA	0	NA	NA	NA	1
ENSG00000251151	0	NA	NA	0	NA	NA	NA	1
ENSG00000251161	0	NA	NA	0	NA	NA	NA	1
ENSG00000251165	0	NA	NA	0	NA	NA	NA	1
ENSG00000251169	0	NA	NA	0	NA	NA	NA	1
ENSG00000251175	0	NA	NA	0	NA	NA	NA	1
ENSG00000251182	0	NA	NA	0	NA	NA	NA	1
ENSG00000251183	0	NA	NA	0	NA	NA	NA	1
ENSG00000251187	0	NA	NA	0	NA	NA	NA	1
ENSG00000251200	0	NA	NA	0	NA	NA	NA	1
ENSG00000251213	0	NA	NA	0	NA	NA	NA	1
ENSG00000251216	0	NA	NA	0	NA	NA	NA	1
ENSG00000251221	0	NA	NA	0	NA	NA	NA	1
ENSG00000251307	0	NA	NA	0	NA	NA	NA	1
ENSG00000251311	0	NA	NA	0	NA	NA	NA	1
ENSG00000251323	0	NA	NA	0	NA	NA	NA	1
ENSG00000251329	0	NA	NA	0	NA	NA	NA	1
ENSG00000251330	0	NA	NA	0	NA	NA	NA	1
ENSG00000251350	0	NA	NA	0	NA	NA	NA	1
ENSG00000251359	0	NA	NA	0	NA	NA	NA	1
ENSG00000251364	0	NA	NA	0	NA	NA	NA	1
ENSG00000251381	0	NA	NA	0	NA	NA	NA	1
ENSG00000251391	0	NA	NA	0	NA	NA	NA	1
ENSG00000251393	0	NA	NA	0	NA	NA	NA	1
ENSG00000251396	0	NA	NA	0	NA	NA	NA	1
ENSG00000251405	0	NA	NA	0	NA	NA	NA	1
ENSG00000251413	0	NA	NA	0	NA	NA	NA	1
ENSG00000251414	0	NA	NA	0	NA	NA	NA	1
ENSG00000251434	0	NA	NA	0	NA	NA	NA	1
ENSG00000251438	0	NA	NA	0	NA	NA	NA	1
ENSG00000251450	0	NA	NA	0	NA	NA	NA	1
ENSG00000251460	0	NA	NA	0	NA	NA	NA	1
ENSG00000251490	0	NA	NA	0	NA	NA	NA	1
ENSG00000251517	0	NA	NA	0	NA	NA	NA	1
ENSG00000251526	0	NA	NA	0	NA	NA	NA	1
ENSG00000251542	0	NA	NA	0	NA	NA	NA	1
ENSG00000251556	0	NA	NA	0	NA	NA	NA	1
ENSG00000251576	0	NA	NA	0	NA	NA	NA	1
ENSG00000251577	0	NA	NA	0	NA	NA	NA	1
ENSG00000251600	0	NA	NA	0	NA	NA	NA	1
ENSG00000251613	0	NA	NA	0	NA	NA	NA	1
ENSG00000251632	0	NA	NA	0	NA	NA	NA	1
ENSG00000251635	0	NA	NA	0	NA	NA	NA	1
ENSG00000251642	0	NA	NA	0	NA	NA	NA	1
ENSG00000251660	0	NA	NA	0	NA	NA	NA	1
ENSG00000251666	0	NA	NA	0	NA	NA	NA	1
ENSG00000251680	0	NA	NA	0	NA	NA	NA	1
ENSG00000251688	0	NA	NA	0	NA	NA	NA	1
ENSG00000251867	0	NA	NA	0	NA	NA	NA	1
ENSG00000253105	0	NA	NA	0	NA	NA	NA	1
ENSG00000253111	0	NA	NA	0	NA	NA	NA	1
ENSG00000253116	0	NA	NA	0	NA	NA	NA	1
ENSG00000253121	0	NA	NA	0	NA	NA	NA	1
ENSG00000253133	0	NA	NA	0	NA	NA	NA	1
ENSG00000253138	0	NA	NA	0	NA	NA	NA	1
ENSG00000253139	0	NA	NA	0	NA	NA	NA	1
ENSG00000253141	0	NA	NA	0	NA	NA	NA	1
ENSG00000253143	0	NA	NA	0	NA	NA	NA	1
ENSG00000253165	0	NA	NA	0	NA	NA	NA	1
ENSG00000253167	0	NA	NA	0	NA	NA	NA	1
ENSG00000253172	0	NA	NA	0	NA	NA	NA	1
ENSG00000253174	0	NA	NA	0	NA	NA	NA	1
ENSG00000253187	0	NA	NA	0	NA	NA	NA	1
ENSG00000253194	0	NA	NA	0	NA	NA	NA	1
ENSG00000253196	0	NA	NA	0	NA	NA	NA	1
ENSG00000253200	0	NA	NA	0	NA	NA	NA	1
ENSG00000253206	0	NA	NA	0	NA	NA	NA	1
ENSG00000253210	0	NA	NA	0	NA	NA	NA	1
ENSG00000253217	0	NA	NA	0	NA	NA	NA	1
ENSG00000253227	0	NA	NA	0	NA	NA	NA	1
ENSG00000253235	0	NA	NA	0	NA	NA	NA	1
ENSG00000253256	0	NA	NA	0	NA	NA	NA	1
ENSG00000253258	0	NA	NA	0	NA	NA	NA	1
ENSG00000253259	0	NA	NA	0	NA	NA	NA	1
ENSG00000253284	0	NA	NA	0	NA	NA	NA	1
ENSG00000253287	0	NA	NA	0	NA	NA	NA	1
ENSG00000253307	0	NA	NA	0	NA	NA	NA	1
ENSG00000253315	0	NA	NA	0	NA	NA	NA	1
ENSG00000253327	0	NA	NA	0	NA	NA	NA	1
ENSG00000253347	0	NA	NA	0	NA	NA	NA	1
ENSG00000253348	0	NA	NA	0	NA	NA	NA	1
ENSG00000253351	0	NA	NA	0	NA	NA	NA	1
ENSG00000253356	0	NA	NA	0	NA	NA	NA	1
ENSG00000253357	0	NA	NA	0	NA	NA	NA	1
ENSG00000253358	0	NA	NA	0	NA	NA	NA	1
ENSG00000253363	0	NA	NA	0	NA	NA	NA	1
ENSG00000253369	0	NA	NA	0	NA	NA	NA	1
ENSG00000253374	0	NA	NA	0	NA	NA	NA	1
ENSG00000253377	0	NA	NA	0	NA	NA	NA	1
ENSG00000253380	0	NA	NA	0	NA	NA	NA	1
ENSG00000253390	0	NA	NA	0	NA	NA	NA	1
ENSG00000253394	0	NA	NA	0	NA	NA	NA	1
ENSG00000253399	0	NA	NA	0	NA	NA	NA	1
ENSG00000253403	0	NA	NA	0	NA	NA	NA	1
ENSG00000253404	0	NA	NA	0	NA	NA	NA	1
ENSG00000253406	0	NA	NA	0	NA	NA	NA	1
ENSG00000253407	0	NA	NA	0	NA	NA	NA	1
ENSG00000253420	0	NA	NA	0	NA	NA	NA	1
ENSG00000253428	0	NA	NA	0	NA	NA	NA	1
ENSG00000253430	0	NA	NA	0	NA	NA	NA	1
ENSG00000253432	0	NA	NA	0	NA	NA	NA	1
ENSG00000253438	0	NA	NA	0	NA	NA	NA	1
ENSG00000253452	0	NA	NA	0	NA	NA	NA	1
ENSG00000253470	0	NA	NA	0	NA	NA	NA	1
ENSG00000253474	0	NA	NA	0	NA	NA	NA	1
ENSG00000253475	0	NA	NA	0	NA	NA	NA	1
ENSG00000253477	0	NA	NA	0	NA	NA	NA	1
ENSG00000253484	0	NA	NA	0	NA	NA	NA	1
ENSG00000253507	0	NA	NA	0	NA	NA	NA	1
ENSG00000253513	0	NA	NA	0	NA	NA	NA	1
ENSG00000253519	0	NA	NA	0	NA	NA	NA	1
ENSG00000253522	0	NA	NA	0	NA	NA	NA	1
ENSG00000253523	0	NA	NA	0	NA	NA	NA	1
ENSG00000253524	0	NA	NA	0	NA	NA	NA	1
ENSG00000253532	0	NA	NA	0	NA	NA	NA	1
ENSG00000253535	0	NA	NA	0	NA	NA	NA	1
ENSG00000253549	0	NA	NA	0	NA	NA	NA	1
ENSG00000253557	0	NA	NA	0	NA	NA	NA	1
ENSG00000253574	0	NA	NA	0	NA	NA	NA	1
ENSG00000253585	0	NA	NA	0	NA	NA	NA	1
ENSG00000253586	0	NA	NA	0	NA	NA	NA	1
ENSG00000253596	0	NA	NA	0	NA	NA	NA	1
ENSG00000253603	0	NA	NA	0	NA	NA	NA	1
ENSG00000253607	0	NA	NA	0	NA	NA	NA	1
ENSG00000253613	0	NA	NA	0	NA	NA	NA	1
ENSG00000253618	0	NA	NA	0	NA	NA	NA	1
ENSG00000253627	0	NA	NA	0	NA	NA	NA	1
ENSG00000253641	0	NA	NA	0	NA	NA	NA	1
ENSG00000253643	0	NA	NA	0	NA	NA	NA	1
ENSG00000253647	0	NA	NA	0	NA	NA	NA	1
ENSG00000253653	0	NA	NA	0	NA	NA	NA	1
ENSG00000253666	0	NA	NA	0	NA	NA	NA	1
ENSG00000253675	0	NA	NA	0	NA	NA	NA	1
ENSG00000253678	0	NA	NA	0	NA	NA	NA	1
ENSG00000253686	0	NA	NA	0	NA	NA	NA	1
ENSG00000253690	0	NA	NA	0	NA	NA	NA	1
ENSG00000253696	0	NA	NA	0	NA	NA	NA	1
ENSG00000253698	0	NA	NA	0	NA	NA	NA	1
ENSG00000253699	0	NA	NA	0	NA	NA	NA	1
ENSG00000253712	0	NA	NA	0	NA	NA	NA	1
ENSG00000253715	0	NA	NA	0	NA	NA	NA	1
ENSG00000253730	0	NA	NA	0	NA	NA	NA	1
ENSG00000253733	0	NA	NA	0	NA	NA	NA	1
ENSG00000253736	0	NA	NA	0	NA	NA	NA	1
ENSG00000253738	0	NA	NA	0	NA	NA	NA	1
ENSG00000253740	0	NA	NA	0	NA	NA	NA	1
ENSG00000253744	0	NA	NA	0	NA	NA	NA	1
ENSG00000253754	0	NA	NA	0	NA	NA	NA	1
ENSG00000253766	0	NA	NA	0	NA	NA	NA	1
ENSG00000253768	0	NA	NA	0	NA	NA	NA	1
ENSG00000253773	0	NA	NA	0	NA	NA	NA	1
ENSG00000253775	0	NA	NA	0	NA	NA	NA	1
ENSG00000253796	0	NA	NA	0	NA	NA	NA	1
ENSG00000253799	0	NA	NA	0	NA	NA	NA	1
ENSG00000253805	0	NA	NA	0	NA	NA	NA	1
ENSG00000253806	0	NA	NA	0	NA	NA	NA	1
ENSG00000253809	0	NA	NA	0	NA	NA	NA	1
ENSG00000253824	0	NA	NA	0	NA	NA	NA	1
ENSG00000253832	0	NA	NA	0	NA	NA	NA	1
ENSG00000253849	0	NA	NA	0	NA	NA	NA	1
ENSG00000253852	0	NA	NA	0	NA	NA	NA	1
ENSG00000253857	0	NA	NA	0	NA	NA	NA	1
ENSG00000253859	0	NA	NA	0	NA	NA	NA	1
ENSG00000253875	0	NA	NA	0	NA	NA	NA	1
ENSG00000253898	0	NA	NA	0	NA	NA	NA	1
ENSG00000253911	0	NA	NA	0	NA	NA	NA	1
ENSG00000253927	0	NA	NA	0	NA	NA	NA	1
ENSG00000253931	0	NA	NA	0	NA	NA	NA	1
ENSG00000253939	0	NA	NA	0	NA	NA	NA	1
ENSG00000253949	0	NA	NA	0	NA	NA	NA	1
ENSG00000253955	0	NA	NA	0	NA	NA	NA	1
ENSG00000253959	0	NA	NA	0	NA	NA	NA	1
ENSG00000253961	0	NA	NA	0	NA	NA	NA	1
ENSG00000253965	0	NA	NA	0	NA	NA	NA	1
ENSG00000253968	0	NA	NA	0	NA	NA	NA	1
ENSG00000253973	0	NA	NA	0	NA	NA	NA	1
ENSG00000253974	0	NA	NA	0	NA	NA	NA	1
ENSG00000253978	0	NA	NA	0	NA	NA	NA	1
ENSG00000253986	0	NA	NA	0	NA	NA	NA	1
ENSG00000253992	0	NA	NA	0	NA	NA	NA	1
ENSG00000254002	0	NA	NA	0	NA	NA	NA	1
ENSG00000254008	0	NA	NA	0	NA	NA	NA	1
ENSG00000254011	0	NA	NA	0	NA	NA	NA	1
ENSG00000254027	0	NA	NA	0	NA	NA	NA	1
ENSG00000254034	0	NA	NA	0	NA	NA	NA	1
ENSG00000254041	0	NA	NA	0	NA	NA	NA	1
ENSG00000254042	0	NA	NA	0	NA	NA	NA	1
ENSG00000254049	0	NA	NA	0	NA	NA	NA	1
ENSG00000254055	0	NA	NA	0	NA	NA	NA	1
ENSG00000254064	0	NA	NA	0	NA	NA	NA	1
ENSG00000254080	0	NA	NA	0	NA	NA	NA	1
ENSG00000254094	0	NA	NA	0	NA	NA	NA	1
ENSG00000254095	0	NA	NA	0	NA	NA	NA	1
ENSG00000254099	0	NA	NA	0	NA	NA	NA	1
ENSG00000254113	0	NA	NA	0	NA	NA	NA	1
ENSG00000254129	0	NA	NA	0	NA	NA	NA	1
ENSG00000254136	0	NA	NA	0	NA	NA	NA	1
ENSG00000254154	0	NA	NA	0	NA	NA	NA	1
ENSG00000254163	0	NA	NA	0	NA	NA	NA	1
ENSG00000254165	0	NA	NA	0	NA	NA	NA	1
ENSG00000254180	0	NA	NA	0	NA	NA	NA	1
ENSG00000254192	0	NA	NA	0	NA	NA	NA	1
ENSG00000254202	0	NA	NA	0	NA	NA	NA	1
ENSG00000254204	0	NA	NA	0	NA	NA	NA	1
ENSG00000254207	0	NA	NA	0	NA	NA	NA	1
ENSG00000254219	0	NA	NA	0	NA	NA	NA	1
ENSG00000254227	0	NA	NA	0	NA	NA	NA	1
ENSG00000254231	0	NA	NA	0	NA	NA	NA	1
ENSG00000254239	0	NA	NA	0	NA	NA	NA	1
ENSG00000254246	0	NA	NA	0	NA	NA	NA	1
ENSG00000254248	0	NA	NA	0	NA	NA	NA	1
ENSG00000254278	0	NA	NA	0	NA	NA	NA	1
ENSG00000254295	0	NA	NA	0	NA	NA	NA	1
ENSG00000254298	0	NA	NA	0	NA	NA	NA	1
ENSG00000254307	0	NA	NA	0	NA	NA	NA	1
ENSG00000254314	0	NA	NA	0	NA	NA	NA	1
ENSG00000254325	0	NA	NA	0	NA	NA	NA	1
ENSG00000254333	0	NA	NA	0	NA	NA	NA	1
ENSG00000254338	0	NA	NA	0	NA	NA	NA	1
ENSG00000254343	0	NA	NA	0	NA	NA	NA	1
ENSG00000254363	0	NA	NA	0	NA	NA	NA	1
ENSG00000254364	0	NA	NA	0	NA	NA	NA	1
ENSG00000254370	0	NA	NA	0	NA	NA	NA	1
ENSG00000254389	0	NA	NA	0	NA	NA	NA	1
ENSG00000254394	0	NA	NA	0	NA	NA	NA	1
ENSG00000254396	0	NA	NA	0	NA	NA	NA	1
ENSG00000254397	0	NA	NA	0	NA	NA	NA	1
ENSG00000254404	0	NA	NA	0	NA	NA	NA	1
ENSG00000254409	0	NA	NA	0	NA	NA	NA	1
ENSG00000254416	0	NA	NA	0	NA	NA	NA	1
ENSG00000254418	0	NA	NA	0	NA	NA	NA	1
ENSG00000254420	0	NA	NA	0	NA	NA	NA	1
ENSG00000254428	0	NA	NA	0	NA	NA	NA	1
ENSG00000254432	0	NA	NA	0	NA	NA	NA	1
ENSG00000254433	0	NA	NA	0	NA	NA	NA	1
ENSG00000254443	0	NA	NA	0	NA	NA	NA	1
ENSG00000254452	0	NA	NA	0	NA	NA	NA	1
ENSG00000254456	0	NA	NA	0	NA	NA	NA	1
ENSG00000254458	0	NA	NA	0	NA	NA	NA	1
ENSG00000254459	0	NA	NA	0	NA	NA	NA	1
ENSG00000254460	0	NA	NA	0	NA	NA	NA	1
ENSG00000254467	0	NA	NA	0	NA	NA	NA	1
ENSG00000254480	0	NA	NA	0	NA	NA	NA	1
ENSG00000254485	0	NA	NA	0	NA	NA	NA	1
ENSG00000254486	0	NA	NA	0	NA	NA	NA	1
ENSG00000254501	0	NA	NA	0	NA	NA	NA	1
ENSG00000254548	0	NA	NA	0	NA	NA	NA	1
ENSG00000254556	0	NA	NA	0	NA	NA	NA	1
ENSG00000254559	0	NA	NA	0	NA	NA	NA	1
ENSG00000254568	0	NA	NA	0	NA	NA	NA	1
ENSG00000254571	0	NA	NA	0	NA	NA	NA	1
ENSG00000254578	0	NA	NA	0	NA	NA	NA	1
ENSG00000254584	0	NA	NA	0	NA	NA	NA	1
ENSG00000254586	0	NA	NA	0	NA	NA	NA	1
ENSG00000254594	0	NA	NA	0	NA	NA	NA	1
ENSG00000254627	0	NA	NA	0	NA	NA	NA	1
ENSG00000254630	0	NA	NA	0	NA	NA	NA	1
ENSG00000254632	0	NA	NA	0	NA	NA	NA	1
ENSG00000254638	0	NA	NA	0	NA	NA	NA	1
ENSG00000254641	0	NA	NA	0	NA	NA	NA	1
ENSG00000254649	0	NA	NA	0	NA	NA	NA	1
ENSG00000254662	0	NA	NA	0	NA	NA	NA	1
ENSG00000254664	0	NA	NA	0	NA	NA	NA	1
ENSG00000254670	0	NA	NA	0	NA	NA	NA	1
ENSG00000254675	0	NA	NA	0	NA	NA	NA	1
ENSG00000254680	0	NA	NA	0	NA	NA	NA	1
ENSG00000254682	0	NA	NA	0	NA	NA	NA	1
ENSG00000254687	0	NA	NA	0	NA	NA	NA	1
ENSG00000254689	0	NA	NA	0	NA	NA	NA	1
ENSG00000254690	0	NA	NA	0	NA	NA	NA	1
ENSG00000254691	0	NA	NA	0	NA	NA	NA	1
ENSG00000254694	0	NA	NA	0	NA	NA	NA	1
ENSG00000254705	0	NA	NA	0	NA	NA	NA	1
ENSG00000254707	0	NA	NA	0	NA	NA	NA	1
ENSG00000254733	0	NA	NA	0	NA	NA	NA	1
ENSG00000254741	0	NA	NA	0	NA	NA	NA	1
ENSG00000254754	0	NA	NA	0	NA	NA	NA	1
ENSG00000254756	0	NA	NA	0	NA	NA	NA	1
ENSG00000254760	0	NA	NA	0	NA	NA	NA	1
ENSG00000254762	0	NA	NA	0	NA	NA	NA	1
ENSG00000254768	0	NA	NA	0	NA	NA	NA	1
ENSG00000254790	0	NA	NA	0	NA	NA	NA	1
ENSG00000254802	0	NA	NA	0	NA	NA	NA	1
ENSG00000254810	0	NA	NA	0	NA	NA	NA	1
ENSG00000254812	0	NA	NA	0	NA	NA	NA	1
ENSG00000254813	0	NA	NA	0	NA	NA	NA	1
ENSG00000254815	0	NA	NA	0	NA	NA	NA	1
ENSG00000254819	0	NA	NA	0	NA	NA	NA	1
ENSG00000254820	0	NA	NA	0	NA	NA	NA	1
ENSG00000254821	0	NA	NA	0	NA	NA	NA	1
ENSG00000254827	0	NA	NA	0	NA	NA	NA	1
ENSG00000254829	0	NA	NA	0	NA	NA	NA	1
ENSG00000254836	0	NA	NA	0	NA	NA	NA	1
ENSG00000254837	0	NA	NA	0	NA	NA	NA	1
ENSG00000254839	0	NA	NA	0	NA	NA	NA	1
ENSG00000254846	0	NA	NA	0	NA	NA	NA	1
ENSG00000254859	0	NA	NA	0	NA	NA	NA	1
ENSG00000254860	0	NA	NA	0	NA	NA	NA	1
ENSG00000254861	0	NA	NA	0	NA	NA	NA	1
ENSG00000254865	0	NA	NA	0	NA	NA	NA	1
ENSG00000254873	0	NA	NA	0	NA	NA	NA	1
ENSG00000254874	0	NA	NA	0	NA	NA	NA	1
ENSG00000254900	0	NA	NA	0	NA	NA	NA	1
ENSG00000254911	0	NA	NA	0	NA	NA	NA	1
ENSG00000254936	0	NA	NA	0	NA	NA	NA	1
ENSG00000254943	0	NA	NA	0	NA	NA	NA	1
ENSG00000254951	0	NA	NA	0	NA	NA	NA	1
ENSG00000254966	0	NA	NA	0	NA	NA	NA	1
ENSG00000254973	0	NA	NA	0	NA	NA	NA	1
ENSG00000254975	0	NA	NA	0	NA	NA	NA	1
ENSG00000254980	0	NA	NA	0	NA	NA	NA	1
ENSG00000254983	0	NA	NA	0	NA	NA	NA	1
ENSG00000254987	0	NA	NA	0	NA	NA	NA	1
ENSG00000254988	0	NA	NA	0	NA	NA	NA	1
ENSG00000254991	0	NA	NA	0	NA	NA	NA	1
ENSG00000255005	0	NA	NA	0	NA	NA	NA	1
ENSG00000255020	0	NA	NA	0	NA	NA	NA	1
ENSG00000255021	0	NA	NA	0	NA	NA	NA	1
ENSG00000255027	0	NA	NA	0	NA	NA	NA	1
ENSG00000255036	0	NA	NA	0	NA	NA	NA	1
ENSG00000255038	0	NA	NA	0	NA	NA	NA	1
ENSG00000255046	0	NA	NA	0	NA	NA	NA	1
ENSG00000255050	0	NA	NA	0	NA	NA	NA	1
ENSG00000255062	0	NA	NA	0	NA	NA	NA	1
ENSG00000255081	0	NA	NA	0	NA	NA	NA	1
ENSG00000255100	0	NA	NA	0	NA	NA	NA	1
ENSG00000255101	0	NA	NA	0	NA	NA	NA	1
ENSG00000255102	0	NA	NA	0	NA	NA	NA	1
ENSG00000255108	0	NA	NA	0	NA	NA	NA	1
ENSG00000255114	0	NA	NA	0	NA	NA	NA	1
ENSG00000255119	0	NA	NA	0	NA	NA	NA	1
ENSG00000255121	0	NA	NA	0	NA	NA	NA	1
ENSG00000255129	0	NA	NA	0	NA	NA	NA	1
ENSG00000255133	0	NA	NA	0	NA	NA	NA	1
ENSG00000255139	0	NA	NA	0	NA	NA	NA	1
ENSG00000255146	0	NA	NA	0	NA	NA	NA	1
ENSG00000255158	0	NA	NA	0	NA	NA	NA	1
ENSG00000255176	0	NA	NA	0	NA	NA	NA	1
ENSG00000255177	0	NA	NA	0	NA	NA	NA	1
ENSG00000255179	0	NA	NA	0	NA	NA	NA	1
ENSG00000255183	0	NA	NA	0	NA	NA	NA	1
ENSG00000255187	0	NA	NA	0	NA	NA	NA	1
ENSG00000255193	0	NA	NA	0	NA	NA	NA	1
ENSG00000255202	0	NA	NA	0	NA	NA	NA	1
ENSG00000255206	0	NA	NA	0	NA	NA	NA	1
ENSG00000255224	0	NA	NA	0	NA	NA	NA	1
ENSG00000255237	0	NA	NA	0	NA	NA	NA	1
ENSG00000255244	0	NA	NA	0	NA	NA	NA	1
ENSG00000255252	0	NA	NA	0	NA	NA	NA	1
ENSG00000255260	0	NA	NA	0	NA	NA	NA	1
ENSG00000255271	0	NA	NA	0	NA	NA	NA	1
ENSG00000255276	0	NA	NA	0	NA	NA	NA	1
ENSG00000255289	0	NA	NA	0	NA	NA	NA	1
ENSG00000255301	0	NA	NA	0	NA	NA	NA	1
ENSG00000255306	0	NA	NA	0	NA	NA	NA	1
ENSG00000255308	0	NA	NA	0	NA	NA	NA	1
ENSG00000255310	0	NA	NA	0	NA	NA	NA	1
ENSG00000255313	0	NA	NA	0	NA	NA	NA	1
ENSG00000255321	0	NA	NA	0	NA	NA	NA	1
ENSG00000255326	0	NA	NA	0	NA	NA	NA	1
ENSG00000255332	0	NA	NA	0	NA	NA	NA	1
ENSG00000255334	0	NA	NA	0	NA	NA	NA	1
ENSG00000255340	0	NA	NA	0	NA	NA	NA	1
ENSG00000255343	0	NA	NA	0	NA	NA	NA	1
ENSG00000255348	0	NA	NA	0	NA	NA	NA	1
ENSG00000255351	0	NA	NA	0	NA	NA	NA	1
ENSG00000255362	0	NA	NA	0	NA	NA	NA	1
ENSG00000255363	0	NA	NA	0	NA	NA	NA	1
ENSG00000255367	0	NA	NA	0	NA	NA	NA	1
ENSG00000255372	0	NA	NA	0	NA	NA	NA	1
ENSG00000255375	0	NA	NA	0	NA	NA	NA	1
ENSG00000255384	0	NA	NA	0	NA	NA	NA	1
ENSG00000255390	0	NA	NA	0	NA	NA	NA	1
ENSG00000255400	0	NA	NA	0	NA	NA	NA	1
ENSG00000255404	0	NA	NA	0	NA	NA	NA	1
ENSG00000255409	0	NA	NA	0	NA	NA	NA	1
ENSG00000255410	0	NA	NA	0	NA	NA	NA	1
ENSG00000255418	0	NA	NA	0	NA	NA	NA	1
ENSG00000255428	0	NA	NA	0	NA	NA	NA	1
ENSG00000255434	0	NA	NA	0	NA	NA	NA	1
ENSG00000255435	0	NA	NA	0	NA	NA	NA	1
ENSG00000255441	0	NA	NA	0	NA	NA	NA	1
ENSG00000255446	0	NA	NA	0	NA	NA	NA	1
ENSG00000255449	0	NA	NA	0	NA	NA	NA	1
ENSG00000255451	0	NA	NA	0	NA	NA	NA	1
ENSG00000255456	0	NA	NA	0	NA	NA	NA	1
ENSG00000255458	0	NA	NA	0	NA	NA	NA	1
ENSG00000255462	0	NA	NA	0	NA	NA	NA	1
ENSG00000255467	0	NA	NA	0	NA	NA	NA	1
ENSG00000255468	0	NA	NA	0	NA	NA	NA	1
ENSG00000255470	0	NA	NA	0	NA	NA	NA	1
ENSG00000255472	0	NA	NA	0	NA	NA	NA	1
ENSG00000255476	0	NA	NA	0	NA	NA	NA	1
ENSG00000255478	0	NA	NA	0	NA	NA	NA	1
ENSG00000255479	0	NA	NA	0	NA	NA	NA	1
ENSG00000255480	0	NA	NA	0	NA	NA	NA	1
ENSG00000255491	0	NA	NA	0	NA	NA	NA	1
ENSG00000255494	0	NA	NA	0	NA	NA	NA	1
ENSG00000255498	0	NA	NA	0	NA	NA	NA	1
ENSG00000255506	0	NA	NA	0	NA	NA	NA	1
ENSG00000255517	0	NA	NA	0	NA	NA	NA	1
ENSG00000255520	0	NA	NA	0	NA	NA	NA	1
ENSG00000255537	0	NA	NA	0	NA	NA	NA	1
ENSG00000255548	0	NA	NA	0	NA	NA	NA	1
ENSG00000255565	0	NA	NA	0	NA	NA	NA	1
ENSG00000255572	0	NA	NA	0	NA	NA	NA	1
ENSG00000255599	0	NA	NA	0	NA	NA	NA	1
ENSG00000255606	0	NA	NA	0	NA	NA	NA	1
ENSG00000255629	0	NA	NA	0	NA	NA	NA	1
ENSG00000255644	0	NA	NA	0	NA	NA	NA	1
ENSG00000255648	0	NA	NA	0	NA	NA	NA	1
ENSG00000255649	0	NA	NA	0	NA	NA	NA	1
ENSG00000255650	0	NA	NA	0	NA	NA	NA	1
ENSG00000255655	0	NA	NA	0	NA	NA	NA	1
ENSG00000255660	0	NA	NA	0	NA	NA	NA	1
ENSG00000255671	0	NA	NA	0	NA	NA	NA	1
ENSG00000255680	0	NA	NA	0	NA	NA	NA	1
ENSG00000255686	0	NA	NA	0	NA	NA	NA	1
ENSG00000255689	0	NA	NA	0	NA	NA	NA	1
ENSG00000255737	0	NA	NA	0	NA	NA	NA	1
ENSG00000255746	0	NA	NA	0	NA	NA	NA	1
ENSG00000255774	0	NA	NA	0	NA	NA	NA	1
ENSG00000255801	0	NA	NA	0	NA	NA	NA	1
ENSG00000255808	0	NA	NA	0	NA	NA	NA	1
ENSG00000255811	0	NA	NA	0	NA	NA	NA	1
ENSG00000255817	0	NA	NA	0	NA	NA	NA	1
ENSG00000255839	0	NA	NA	0	NA	NA	NA	1
ENSG00000255845	0	NA	NA	0	NA	NA	NA	1
ENSG00000255847	0	NA	NA	0	NA	NA	NA	1
ENSG00000255850	0	NA	NA	0	NA	NA	NA	1
ENSG00000255857	0	NA	NA	0	NA	NA	NA	1
ENSG00000255858	0	NA	NA	0	NA	NA	NA	1
ENSG00000255867	0	NA	NA	0	NA	NA	NA	1
ENSG00000255871	0	NA	NA	0	NA	NA	NA	1
ENSG00000255874	0	NA	NA	0	NA	NA	NA	1
ENSG00000255886	0	NA	NA	0	NA	NA	NA	1
ENSG00000255893	0	NA	NA	0	NA	NA	NA	1
ENSG00000255910	0	NA	NA	0	NA	NA	NA	1
ENSG00000255929	0	NA	NA	0	NA	NA	NA	1
ENSG00000255931	0	NA	NA	0	NA	NA	NA	1
ENSG00000255933	0	NA	NA	0	NA	NA	NA	1
ENSG00000255946	0	NA	NA	0	NA	NA	NA	1
ENSG00000255949	0	NA	NA	0	NA	NA	NA	1
ENSG00000255959	0	NA	NA	0	NA	NA	NA	1
ENSG00000255968	0	NA	NA	0	NA	NA	NA	1
ENSG00000255980	0	NA	NA	0	NA	NA	NA	1
ENSG00000255992	0	NA	NA	0	NA	NA	NA	1
ENSG00000256006	0	NA	NA	0	NA	NA	NA	1
ENSG00000256011	0	NA	NA	0	NA	NA	NA	1
ENSG00000256025	0	NA	NA	0	NA	NA	NA	1
ENSG00000256028	0	NA	NA	0	NA	NA	NA	1
ENSG00000256071	0	NA	NA	0	NA	NA	NA	1
ENSG00000256072	0	NA	NA	0	NA	NA	NA	1
ENSG00000256092	0	NA	NA	0	NA	NA	NA	1
ENSG00000256100	0	NA	NA	0	NA	NA	NA	1
ENSG00000256116	0	NA	NA	0	NA	NA	NA	1
ENSG00000256139	0	NA	NA	0	NA	NA	NA	1
ENSG00000256150	0	NA	NA	0	NA	NA	NA	1
ENSG00000256155	0	NA	NA	0	NA	NA	NA	1
ENSG00000256185	0	NA	NA	0	NA	NA	NA	1
ENSG00000256195	0	NA	NA	0	NA	NA	NA	1
ENSG00000256197	0	NA	NA	0	NA	NA	NA	1
ENSG00000256199	0	NA	NA	0	NA	NA	NA	1
ENSG00000256226	0	NA	NA	0	NA	NA	NA	1
ENSG00000256232	0	NA	NA	0	NA	NA	NA	1
ENSG00000256249	0	NA	NA	0	NA	NA	NA	1
ENSG00000256250	0	NA	NA	0	NA	NA	NA	1
ENSG00000256256	0	NA	NA	0	NA	NA	NA	1
ENSG00000256262	0	NA	NA	0	NA	NA	NA	1
ENSG00000256271	0	NA	NA	0	NA	NA	NA	1
ENSG00000256281	0	NA	NA	0	NA	NA	NA	1
ENSG00000256287	0	NA	NA	0	NA	NA	NA	1
ENSG00000256299	0	NA	NA	0	NA	NA	NA	1
ENSG00000256314	0	NA	NA	0	NA	NA	NA	1
ENSG00000256339	0	NA	NA	0	NA	NA	NA	1
ENSG00000256357	0	NA	NA	0	NA	NA	NA	1
ENSG00000256364	0	NA	NA	0	NA	NA	NA	1
ENSG00000256377	0	NA	NA	0	NA	NA	NA	1
ENSG00000256381	0	NA	NA	0	NA	NA	NA	1
ENSG00000256389	0	NA	NA	0	NA	NA	NA	1
ENSG00000256433	0	NA	NA	0	NA	NA	NA	1
ENSG00000256440	0	NA	NA	0	NA	NA	NA	1
ENSG00000256448	0	NA	NA	0	NA	NA	NA	1
ENSG00000256452	0	NA	NA	0	NA	NA	NA	1
ENSG00000256458	0	NA	NA	0	NA	NA	NA	1
ENSG00000256499	0	NA	NA	0	NA	NA	NA	1
ENSG00000256504	0	NA	NA	0	NA	NA	NA	1
ENSG00000256540	0	NA	NA	0	NA	NA	NA	1
ENSG00000256560	0	NA	NA	0	NA	NA	NA	1
ENSG00000256568	0	NA	NA	0	NA	NA	NA	1
ENSG00000256569	0	NA	NA	0	NA	NA	NA	1
ENSG00000256571	0	NA	NA	0	NA	NA	NA	1
ENSG00000256577	0	NA	NA	0	NA	NA	NA	1
ENSG00000256588	0	NA	NA	0	NA	NA	NA	1
ENSG00000256615	0	NA	NA	0	NA	NA	NA	1
ENSG00000256632	0	NA	NA	0	NA	NA	NA	1
ENSG00000256633	0	NA	NA	0	NA	NA	NA	1
ENSG00000256650	0	NA	NA	0	NA	NA	NA	1
ENSG00000256661	0	NA	NA	0	NA	NA	NA	1
ENSG00000256670	0	NA	NA	0	NA	NA	NA	1
ENSG00000256686	0	NA	NA	0	NA	NA	NA	1
ENSG00000256690	0	NA	NA	0	NA	NA	NA	1
ENSG00000256694	0	NA	NA	0	NA	NA	NA	1
ENSG00000256706	0	NA	NA	0	NA	NA	NA	1
ENSG00000256714	0	NA	NA	0	NA	NA	NA	1
ENSG00000256717	0	NA	NA	0	NA	NA	NA	1
ENSG00000256721	0	NA	NA	0	NA	NA	NA	1
ENSG00000256746	0	NA	NA	0	NA	NA	NA	1
ENSG00000256747	0	NA	NA	0	NA	NA	NA	1
ENSG00000256751	0	NA	NA	0	NA	NA	NA	1
ENSG00000256757	0	NA	NA	0	NA	NA	NA	1
ENSG00000256769	0	NA	NA	0	NA	NA	NA	1
ENSG00000256789	0	NA	NA	0	NA	NA	NA	1
ENSG00000256802	0	NA	NA	0	NA	NA	NA	1
ENSG00000256811	0	NA	NA	0	NA	NA	NA	1
ENSG00000256813	0	NA	NA	0	NA	NA	NA	1
ENSG00000256837	0	NA	NA	0	NA	NA	NA	1
ENSG00000256904	0	NA	NA	0	NA	NA	NA	1
ENSG00000256916	0	NA	NA	0	NA	NA	NA	1
ENSG00000256925	0	NA	NA	0	NA	NA	NA	1
ENSG00000256928	0	NA	NA	0	NA	NA	NA	1
ENSG00000256940	0	NA	NA	0	NA	NA	NA	1
ENSG00000256947	0	NA	NA	0	NA	NA	NA	1
ENSG00000256955	0	NA	NA	0	NA	NA	NA	1
ENSG00000256967	0	NA	NA	0	NA	NA	NA	1
ENSG00000256994	0	NA	NA	0	NA	NA	NA	1
ENSG00000257009	0	NA	NA	0	NA	NA	NA	1
ENSG00000257038	0	NA	NA	0	NA	NA	NA	1
ENSG00000257042	0	NA	NA	0	NA	NA	NA	1
ENSG00000257067	0	NA	NA	0	NA	NA	NA	1
ENSG00000257069	0	NA	NA	0	NA	NA	NA	1
ENSG00000257086	0	NA	NA	0	NA	NA	NA	1
ENSG00000257096	0	NA	NA	0	NA	NA	NA	1
ENSG00000257105	0	NA	NA	0	NA	NA	NA	1
ENSG00000257124	0	NA	NA	0	NA	NA	NA	1
ENSG00000257135	0	NA	NA	0	NA	NA	NA	1
ENSG00000257202	0	NA	NA	0	NA	NA	NA	1
ENSG00000257219	0	NA	NA	0	NA	NA	NA	1
ENSG00000257222	0	NA	NA	0	NA	NA	NA	1
ENSG00000257253	0	NA	NA	0	NA	NA	NA	1
ENSG00000257275	0	NA	NA	0	NA	NA	NA	1
ENSG00000257283	0	NA	NA	0	NA	NA	NA	1
ENSG00000257285	0	NA	NA	0	NA	NA	NA	1
ENSG00000257298	0	NA	NA	0	NA	NA	NA	1
ENSG00000257303	0	NA	NA	0	NA	NA	NA	1
ENSG00000257319	0	NA	NA	0	NA	NA	NA	1
ENSG00000257325	0	NA	NA	0	NA	NA	NA	1
ENSG00000257327	0	NA	NA	0	NA	NA	NA	1
ENSG00000257337	0	NA	NA	0	NA	NA	NA	1
ENSG00000257342	0	NA	NA	0	NA	NA	NA	1
ENSG00000257379	0	NA	NA	0	NA	NA	NA	1
ENSG00000257410	0	NA	NA	0	NA	NA	NA	1
ENSG00000257429	0	NA	NA	0	NA	NA	NA	1
ENSG00000257431	0	NA	NA	0	NA	NA	NA	1
ENSG00000257433	0	NA	NA	0	NA	NA	NA	1
ENSG00000257434	0	NA	NA	0	NA	NA	NA	1
ENSG00000257443	0	NA	NA	0	NA	NA	NA	1
ENSG00000257449	0	NA	NA	0	NA	NA	NA	1
ENSG00000257452	0	NA	NA	0	NA	NA	NA	1
ENSG00000257477	0	NA	NA	0	NA	NA	NA	1
ENSG00000257488	0	NA	NA	0	NA	NA	NA	1
ENSG00000257495	0	NA	NA	0	NA	NA	NA	1
ENSG00000257497	0	NA	NA	0	NA	NA	NA	1
ENSG00000257500	0	NA	NA	0	NA	NA	NA	1
ENSG00000257509	0	NA	NA	0	NA	NA	NA	1
ENSG00000257514	0	NA	NA	0	NA	NA	NA	1
ENSG00000257515	0	NA	NA	0	NA	NA	NA	1
ENSG00000257530	0	NA	NA	0	NA	NA	NA	1
ENSG00000257543	0	NA	NA	0	NA	NA	NA	1
ENSG00000257548	0	NA	NA	0	NA	NA	NA	1
ENSG00000257553	0	NA	NA	0	NA	NA	NA	1
ENSG00000257556	0	NA	NA	0	NA	NA	NA	1
ENSG00000257568	0	NA	NA	0	NA	NA	NA	1
ENSG00000257588	0	NA	NA	0	NA	NA	NA	1
ENSG00000257595	0	NA	NA	0	NA	NA	NA	1
ENSG00000257596	0	NA	NA	0	NA	NA	NA	1
ENSG00000257599	0	NA	NA	0	NA	NA	NA	1
ENSG00000257605	0	NA	NA	0	NA	NA	NA	1
ENSG00000257607	0	NA	NA	0	NA	NA	NA	1
ENSG00000257622	0	NA	NA	0	NA	NA	NA	1
ENSG00000257663	0	NA	NA	0	NA	NA	NA	1
ENSG00000257700	0	NA	NA	0	NA	NA	NA	1
ENSG00000257702	0	NA	NA	0	NA	NA	NA	1
ENSG00000257711	0	NA	NA	0	NA	NA	NA	1
ENSG00000257729	0	NA	NA	0	NA	NA	NA	1
ENSG00000257740	0	NA	NA	0	NA	NA	NA	1
ENSG00000257741	0	NA	NA	0	NA	NA	NA	1
ENSG00000257747	0	NA	NA	0	NA	NA	NA	1
ENSG00000257754	0	NA	NA	0	NA	NA	NA	1
ENSG00000257759	0	NA	NA	0	NA	NA	NA	1
ENSG00000257761	0	NA	NA	0	NA	NA	NA	1
ENSG00000257762	0	NA	NA	0	NA	NA	NA	1
ENSG00000257769	0	NA	NA	0	NA	NA	NA	1
ENSG00000257771	0	NA	NA	0	NA	NA	NA	1
ENSG00000257797	0	NA	NA	0	NA	NA	NA	1
ENSG00000257808	0	NA	NA	0	NA	NA	NA	1
ENSG00000257824	0	NA	NA	0	NA	NA	NA	1
ENSG00000257829	0	NA	NA	0	NA	NA	NA	1
ENSG00000257830	0	NA	NA	0	NA	NA	NA	1
ENSG00000257831	0	NA	NA	0	NA	NA	NA	1
ENSG00000257860	0	NA	NA	0	NA	NA	NA	1
ENSG00000257870	0	NA	NA	0	NA	NA	NA	1
ENSG00000257900	0	NA	NA	0	NA	NA	NA	1
ENSG00000257918	0	NA	NA	0	NA	NA	NA	1
ENSG00000257947	0	NA	NA	0	NA	NA	NA	1
ENSG00000257955	0	NA	NA	0	NA	NA	NA	1
ENSG00000257962	0	NA	NA	0	NA	NA	NA	1
ENSG00000257964	0	NA	NA	0	NA	NA	NA	1
ENSG00000257985	0	NA	NA	0	NA	NA	NA	1
ENSG00000257989	0	NA	NA	0	NA	NA	NA	1
ENSG00000258001	0	NA	NA	0	NA	NA	NA	1
ENSG00000258007	0	NA	NA	0	NA	NA	NA	1
ENSG00000258026	0	NA	NA	0	NA	NA	NA	1
ENSG00000258034	0	NA	NA	0	NA	NA	NA	1
ENSG00000258035	0	NA	NA	0	NA	NA	NA	1
ENSG00000258044	0	NA	NA	0	NA	NA	NA	1
ENSG00000258048	0	NA	NA	0	NA	NA	NA	1
ENSG00000258050	0	NA	NA	0	NA	NA	NA	1
ENSG00000258056	0	NA	NA	0	NA	NA	NA	1
ENSG00000258086	0	NA	NA	0	NA	NA	NA	1
ENSG00000258092	0	NA	NA	0	NA	NA	NA	1
ENSG00000258101	0	NA	NA	0	NA	NA	NA	1
ENSG00000258122	0	NA	NA	0	NA	NA	NA	1
ENSG00000258135	0	NA	NA	0	NA	NA	NA	1
ENSG00000258136	0	NA	NA	0	NA	NA	NA	1
ENSG00000258137	0	NA	NA	0	NA	NA	NA	1
ENSG00000258144	0	NA	NA	0	NA	NA	NA	1
ENSG00000258167	0	NA	NA	0	NA	NA	NA	1
ENSG00000258168	0	NA	NA	0	NA	NA	NA	1
ENSG00000258169	0	NA	NA	0	NA	NA	NA	1
ENSG00000258172	0	NA	NA	0	NA	NA	NA	1
ENSG00000258199	0	NA	NA	0	NA	NA	NA	1
ENSG00000258203	0	NA	NA	0	NA	NA	NA	1
ENSG00000258232	0	NA	NA	0	NA	NA	NA	1
ENSG00000258253	0	NA	NA	0	NA	NA	NA	1
ENSG00000258256	0	NA	NA	0	NA	NA	NA	1
ENSG00000258260	0	NA	NA	0	NA	NA	NA	1
ENSG00000258301	0	NA	NA	0	NA	NA	NA	1
ENSG00000258308	0	NA	NA	0	NA	NA	NA	1
ENSG00000258323	0	NA	NA	0	NA	NA	NA	1
ENSG00000258325	0	NA	NA	0	NA	NA	NA	1
ENSG00000258334	0	NA	NA	0	NA	NA	NA	1
ENSG00000258337	0	NA	NA	0	NA	NA	NA	1
ENSG00000258338	0	NA	NA	0	NA	NA	NA	1
ENSG00000258344	0	NA	NA	0	NA	NA	NA	1
ENSG00000258345	0	NA	NA	0	NA	NA	NA	1
ENSG00000258365	0	NA	NA	0	NA	NA	NA	1
ENSG00000258376	0	NA	NA	0	NA	NA	NA	1
ENSG00000258384	0	NA	NA	0	NA	NA	NA	1
ENSG00000258390	0	NA	NA	0	NA	NA	NA	1
ENSG00000258399	0	NA	NA	0	NA	NA	NA	1
ENSG00000258412	0	NA	NA	0	NA	NA	NA	1
ENSG00000258428	0	NA	NA	0	NA	NA	NA	1
ENSG00000258430	0	NA	NA	0	NA	NA	NA	1
ENSG00000258435	0	NA	NA	0	NA	NA	NA	1
ENSG00000258441	0	NA	NA	0	NA	NA	NA	1
ENSG00000258443	0	NA	NA	0	NA	NA	NA	1
ENSG00000258449	0	NA	NA	0	NA	NA	NA	1
ENSG00000258451	0	NA	NA	0	NA	NA	NA	1
ENSG00000258454	0	NA	NA	0	NA	NA	NA	1
ENSG00000258457	0	NA	NA	0	NA	NA	NA	1
ENSG00000258459	0	NA	NA	0	NA	NA	NA	1
ENSG00000258471	0	NA	NA	0	NA	NA	NA	1
ENSG00000258504	0	NA	NA	0	NA	NA	NA	1
ENSG00000258515	0	NA	NA	0	NA	NA	NA	1
ENSG00000258516	0	NA	NA	0	NA	NA	NA	1
ENSG00000258521	0	NA	NA	0	NA	NA	NA	1
ENSG00000258525	0	NA	NA	0	NA	NA	NA	1
ENSG00000258535	0	NA	NA	0	NA	NA	NA	1
ENSG00000258538	0	NA	NA	0	NA	NA	NA	1
ENSG00000258545	0	NA	NA	0	NA	NA	NA	1
ENSG00000258553	0	NA	NA	0	NA	NA	NA	1
ENSG00000258558	0	NA	NA	0	NA	NA	NA	1
ENSG00000258560	0	NA	NA	0	NA	NA	NA	1
ENSG00000258573	0	NA	NA	0	NA	NA	NA	1
ENSG00000258576	0	NA	NA	0	NA	NA	NA	1
ENSG00000258580	0	NA	NA	0	NA	NA	NA	1
ENSG00000258593	0	NA	NA	0	NA	NA	NA	1
ENSG00000258598	0	NA	NA	0	NA	NA	NA	1
ENSG00000258601	0	NA	NA	0	NA	NA	NA	1
ENSG00000258602	0	NA	NA	0	NA	NA	NA	1
ENSG00000258603	0	NA	NA	0	NA	NA	NA	1
ENSG00000258604	0	NA	NA	0	NA	NA	NA	1
ENSG00000258609	0	NA	NA	0	NA	NA	NA	1
ENSG00000258610	0	NA	NA	0	NA	NA	NA	1
ENSG00000258616	0	NA	NA	0	NA	NA	NA	1
ENSG00000258620	0	NA	NA	0	NA	NA	NA	1
ENSG00000258634	0	NA	NA	0	NA	NA	NA	1
ENSG00000258657	0	NA	NA	0	NA	NA	NA	1
ENSG00000258663	0	NA	NA	0	NA	NA	NA	1
ENSG00000258666	0	NA	NA	0	NA	NA	NA	1
ENSG00000258673	0	NA	NA	0	NA	NA	NA	1
ENSG00000258687	0	NA	NA	0	NA	NA	NA	1
ENSG00000258689	0	NA	NA	0	NA	NA	NA	1
ENSG00000258690	0	NA	NA	0	NA	NA	NA	1
ENSG00000258693	0	NA	NA	0	NA	NA	NA	1
ENSG00000258695	0	NA	NA	0	NA	NA	NA	1
ENSG00000258700	0	NA	NA	0	NA	NA	NA	1
ENSG00000258701	0	NA	NA	0	NA	NA	NA	1
ENSG00000258708	0	NA	NA	0	NA	NA	NA	1
ENSG00000258711	0	NA	NA	0	NA	NA	NA	1
ENSG00000258717	0	NA	NA	0	NA	NA	NA	1
ENSG00000258725	0	NA	NA	0	NA	NA	NA	1
ENSG00000258727	0	NA	NA	0	NA	NA	NA	1
ENSG00000258729	0	NA	NA	0	NA	NA	NA	1
ENSG00000258736	0	NA	NA	0	NA	NA	NA	1
ENSG00000258744	0	NA	NA	0	NA	NA	NA	1
ENSG00000258748	0	NA	NA	0	NA	NA	NA	1
ENSG00000258751	0	NA	NA	0	NA	NA	NA	1
ENSG00000258757	0	NA	NA	0	NA	NA	NA	1
ENSG00000258763	0	NA	NA	0	NA	NA	NA	1
ENSG00000258768	0	NA	NA	0	NA	NA	NA	1
ENSG00000258777	0	NA	NA	0	NA	NA	NA	1
ENSG00000258782	0	NA	NA	0	NA	NA	NA	1
ENSG00000258789	0	NA	NA	0	NA	NA	NA	1
ENSG00000258793	0	NA	NA	0	NA	NA	NA	1
ENSG00000258810	0	NA	NA	0	NA	NA	NA	1
ENSG00000258811	0	NA	NA	0	NA	NA	NA	1
ENSG00000258815	0	NA	NA	0	NA	NA	NA	1
ENSG00000258827	0	NA	NA	0	NA	NA	NA	1
ENSG00000258845	0	NA	NA	0	NA	NA	NA	1
ENSG00000258858	0	NA	NA	0	NA	NA	NA	1
ENSG00000258867	0	NA	NA	0	NA	NA	NA	1
ENSG00000258868	0	NA	NA	0	NA	NA	NA	1
ENSG00000258875	0	NA	NA	0	NA	NA	NA	1
ENSG00000258884	0	NA	NA	0	NA	NA	NA	1
ENSG00000258892	0	NA	NA	0	NA	NA	NA	1
ENSG00000258903	0	NA	NA	0	NA	NA	NA	1
ENSG00000258904	0	NA	NA	0	NA	NA	NA	1
ENSG00000258908	0	NA	NA	0	NA	NA	NA	1
ENSG00000258913	0	NA	NA	0	NA	NA	NA	1
ENSG00000258921	0	NA	NA	0	NA	NA	NA	1
ENSG00000258924	0	NA	NA	0	NA	NA	NA	1
ENSG00000258926	0	NA	NA	0	NA	NA	NA	1
ENSG00000258927	0	NA	NA	0	NA	NA	NA	1
ENSG00000258933	0	NA	NA	0	NA	NA	NA	1
ENSG00000258938	0	NA	NA	0	NA	NA	NA	1
ENSG00000258943	0	NA	NA	0	NA	NA	NA	1
ENSG00000258944	0	NA	NA	0	NA	NA	NA	1
ENSG00000258949	0	NA	NA	0	NA	NA	NA	1
ENSG00000258964	0	NA	NA	0	NA	NA	NA	1
ENSG00000258973	0	NA	NA	0	NA	NA	NA	1
ENSG00000258983	0	NA	NA	0	NA	NA	NA	1
ENSG00000259001	0	NA	NA	0	NA	NA	NA	1
ENSG00000259006	0	NA	NA	0	NA	NA	NA	1
ENSG00000259018	0	NA	NA	0	NA	NA	NA	1
ENSG00000259031	0	NA	NA	0	NA	NA	NA	1
ENSG00000259033	0	NA	NA	0	NA	NA	NA	1
ENSG00000259036	0	NA	NA	0	NA	NA	NA	1
ENSG00000259037	0	NA	NA	0	NA	NA	NA	1
ENSG00000259049	0	NA	NA	0	NA	NA	NA	1
ENSG00000259052	0	NA	NA	0	NA	NA	NA	1
ENSG00000259071	0	NA	NA	0	NA	NA	NA	1
ENSG00000259076	0	NA	NA	0	NA	NA	NA	1
ENSG00000259080	0	NA	NA	0	NA	NA	NA	1
ENSG00000259081	0	NA	NA	0	NA	NA	NA	1
ENSG00000259083	0	NA	NA	0	NA	NA	NA	1
ENSG00000259084	0	NA	NA	0	NA	NA	NA	1
ENSG00000259093	0	NA	NA	0	NA	NA	NA	1
ENSG00000259103	0	NA	NA	0	NA	NA	NA	1
ENSG00000259113	0	NA	NA	0	NA	NA	NA	1
ENSG00000259115	0	NA	NA	0	NA	NA	NA	1
ENSG00000259129	0	NA	NA	0	NA	NA	NA	1
ENSG00000259142	0	NA	NA	0	NA	NA	NA	1
ENSG00000259196	0	NA	NA	0	NA	NA	NA	1
ENSG00000259198	0	NA	NA	0	NA	NA	NA	1
ENSG00000259200	0	NA	NA	0	NA	NA	NA	1
ENSG00000259202	0	NA	NA	0	NA	NA	NA	1
ENSG00000259211	0	NA	NA	0	NA	NA	NA	1
ENSG00000259215	0	NA	NA	0	NA	NA	NA	1
ENSG00000259218	0	NA	NA	0	NA	NA	NA	1
ENSG00000259222	0	NA	NA	0	NA	NA	NA	1
ENSG00000259223	0	NA	NA	0	NA	NA	NA	1
ENSG00000259242	0	NA	NA	0	NA	NA	NA	1
ENSG00000259248	0	NA	NA	0	NA	NA	NA	1
ENSG00000259251	0	NA	NA	0	NA	NA	NA	1
ENSG00000259254	0	NA	NA	0	NA	NA	NA	1
ENSG00000259255	0	NA	NA	0	NA	NA	NA	1
ENSG00000259265	0	NA	NA	0	NA	NA	NA	1
ENSG00000259280	0	NA	NA	0	NA	NA	NA	1
ENSG00000259285	0	NA	NA	0	NA	NA	NA	1
ENSG00000259287	0	NA	NA	0	NA	NA	NA	1
ENSG00000259289	0	NA	NA	0	NA	NA	NA	1
ENSG00000259290	0	NA	NA	0	NA	NA	NA	1
ENSG00000259291	0	NA	NA	0	NA	NA	NA	1
ENSG00000259296	0	NA	NA	0	NA	NA	NA	1
ENSG00000259307	0	NA	NA	0	NA	NA	NA	1
ENSG00000259309	0	NA	NA	0	NA	NA	NA	1
ENSG00000259321	0	NA	NA	0	NA	NA	NA	1
ENSG00000259322	0	NA	NA	0	NA	NA	NA	1
ENSG00000259342	0	NA	NA	0	NA	NA	NA	1
ENSG00000259347	0	NA	NA	0	NA	NA	NA	1
ENSG00000259353	0	NA	NA	0	NA	NA	NA	1
ENSG00000259354	0	NA	NA	0	NA	NA	NA	1
ENSG00000259364	0	NA	NA	0	NA	NA	NA	1
ENSG00000259368	0	NA	NA	0	NA	NA	NA	1
ENSG00000259377	0	NA	NA	0	NA	NA	NA	1
ENSG00000259396	0	NA	NA	0	NA	NA	NA	1
ENSG00000259402	0	NA	NA	0	NA	NA	NA	1
ENSG00000259408	0	NA	NA	0	NA	NA	NA	1
ENSG00000259409	0	NA	NA	0	NA	NA	NA	1
ENSG00000259422	0	NA	NA	0	NA	NA	NA	1
ENSG00000259426	0	NA	NA	0	NA	NA	NA	1
ENSG00000259430	0	NA	NA	0	NA	NA	NA	1
ENSG00000259442	0	NA	NA	0	NA	NA	NA	1
ENSG00000259448	0	NA	NA	0	NA	NA	NA	1
ENSG00000259456	0	NA	NA	0	NA	NA	NA	1
ENSG00000259457	0	NA	NA	0	NA	NA	NA	1
ENSG00000259459	0	NA	NA	0	NA	NA	NA	1
ENSG00000259462	0	NA	NA	0	NA	NA	NA	1
ENSG00000259463	0	NA	NA	0	NA	NA	NA	1
ENSG00000259468	0	NA	NA	0	NA	NA	NA	1
ENSG00000259474	0	NA	NA	0	NA	NA	NA	1
ENSG00000259475	0	NA	NA	0	NA	NA	NA	1
ENSG00000259504	0	NA	NA	0	NA	NA	NA	1
ENSG00000259515	0	NA	NA	0	NA	NA	NA	1
ENSG00000259519	0	NA	NA	0	NA	NA	NA	1
ENSG00000259520	0	NA	NA	0	NA	NA	NA	1
ENSG00000259521	0	NA	NA	0	NA	NA	NA	1
ENSG00000259539	0	NA	NA	0	NA	NA	NA	1
ENSG00000259540	0	NA	NA	0	NA	NA	NA	1
ENSG00000259541	0	NA	NA	0	NA	NA	NA	1
ENSG00000259546	0	NA	NA	0	NA	NA	NA	1
ENSG00000259548	0	NA	NA	0	NA	NA	NA	1
ENSG00000259561	0	NA	NA	0	NA	NA	NA	1
ENSG00000259563	0	NA	NA	0	NA	NA	NA	1
ENSG00000259577	0	NA	NA	0	NA	NA	NA	1
ENSG00000259579	0	NA	NA	0	NA	NA	NA	1
ENSG00000259583	0	NA	NA	0	NA	NA	NA	1
ENSG00000259584	0	NA	NA	0	NA	NA	NA	1
ENSG00000259595	0	NA	NA	0	NA	NA	NA	1
ENSG00000259602	0	NA	NA	0	NA	NA	NA	1
ENSG00000259604	0	NA	NA	0	NA	NA	NA	1
ENSG00000259605	0	NA	NA	0	NA	NA	NA	1
ENSG00000259615	0	NA	NA	0	NA	NA	NA	1
ENSG00000259617	0	NA	NA	0	NA	NA	NA	1
ENSG00000259621	0	NA	NA	0	NA	NA	NA	1
ENSG00000259623	0	NA	NA	0	NA	NA	NA	1
ENSG00000259628	0	NA	NA	0	NA	NA	NA	1
ENSG00000259635	0	NA	NA	0	NA	NA	NA	1
ENSG00000259644	0	NA	NA	0	NA	NA	NA	1
ENSG00000259645	0	NA	NA	0	NA	NA	NA	1
ENSG00000259647	0	NA	NA	0	NA	NA	NA	1
ENSG00000259649	0	NA	NA	0	NA	NA	NA	1
ENSG00000259650	0	NA	NA	0	NA	NA	NA	1
ENSG00000259652	0	NA	NA	0	NA	NA	NA	1
ENSG00000259656	0	NA	NA	0	NA	NA	NA	1
ENSG00000259659	0	NA	NA	0	NA	NA	NA	1
ENSG00000259661	0	NA	NA	0	NA	NA	NA	1
ENSG00000259668	0	NA	NA	0	NA	NA	NA	1
ENSG00000259669	0	NA	NA	0	NA	NA	NA	1
ENSG00000259670	0	NA	NA	0	NA	NA	NA	1
ENSG00000259678	0	NA	NA	0	NA	NA	NA	1
ENSG00000259684	0	NA	NA	0	NA	NA	NA	1
ENSG00000259690	0	NA	NA	0	NA	NA	NA	1
ENSG00000259700	0	NA	NA	0	NA	NA	NA	1
ENSG00000259704	0	NA	NA	0	NA	NA	NA	1
ENSG00000259708	0	NA	NA	0	NA	NA	NA	1
ENSG00000259712	0	NA	NA	0	NA	NA	NA	1
ENSG00000259713	0	NA	NA	0	NA	NA	NA	1
ENSG00000259715	0	NA	NA	0	NA	NA	NA	1
ENSG00000259719	0	NA	NA	0	NA	NA	NA	1
ENSG00000259720	0	NA	NA	0	NA	NA	NA	1
ENSG00000259721	0	NA	NA	0	NA	NA	NA	1
ENSG00000259725	0	NA	NA	0	NA	NA	NA	1
ENSG00000259732	0	NA	NA	0	NA	NA	NA	1
ENSG00000259735	0	NA	NA	0	NA	NA	NA	1
ENSG00000259736	0	NA	NA	0	NA	NA	NA	1
ENSG00000259744	0	NA	NA	0	NA	NA	NA	1
ENSG00000259755	0	NA	NA	0	NA	NA	NA	1
ENSG00000259759	0	NA	NA	0	NA	NA	NA	1
ENSG00000259767	0	NA	NA	0	NA	NA	NA	1
ENSG00000259773	0	NA	NA	0	NA	NA	NA	1
ENSG00000259779	0	NA	NA	0	NA	NA	NA	1
ENSG00000259780	0	NA	NA	0	NA	NA	NA	1
ENSG00000259782	0	NA	NA	0	NA	NA	NA	1
ENSG00000259797	0	NA	NA	0	NA	NA	NA	1
ENSG00000259802	0	NA	NA	0	NA	NA	NA	1
ENSG00000259805	0	NA	NA	0	NA	NA	NA	1
ENSG00000259818	0	NA	NA	0	NA	NA	NA	1
ENSG00000259826	0	NA	NA	0	NA	NA	NA	1
ENSG00000259827	0	NA	NA	0	NA	NA	NA	1
ENSG00000259831	0	NA	NA	0	NA	NA	NA	1
ENSG00000259840	0	NA	NA	0	NA	NA	NA	1
ENSG00000259843	0	NA	NA	0	NA	NA	NA	1
ENSG00000259854	0	NA	NA	0	NA	NA	NA	1
ENSG00000259862	0	NA	NA	0	NA	NA	NA	1
ENSG00000259883	0	NA	NA	0	NA	NA	NA	1
ENSG00000259884	0	NA	NA	0	NA	NA	NA	1
ENSG00000259887	0	NA	NA	0	NA	NA	NA	1
ENSG00000259921	0	NA	NA	0	NA	NA	NA	1
ENSG00000259923	0	NA	NA	0	NA	NA	NA	1
ENSG00000259926	0	NA	NA	0	NA	NA	NA	1
ENSG00000259932	0	NA	NA	0	NA	NA	NA	1
ENSG00000259933	0	NA	NA	0	NA	NA	NA	1
ENSG00000259940	0	NA	NA	0	NA	NA	NA	1
ENSG00000259943	0	NA	NA	0	NA	NA	NA	1
ENSG00000259944	0	NA	NA	0	NA	NA	NA	1
ENSG00000259947	0	NA	NA	0	NA	NA	NA	1
ENSG00000259952	0	NA	NA	0	NA	NA	NA	1
ENSG00000259953	0	NA	NA	0	NA	NA	NA	1
ENSG00000259954	0	NA	NA	0	NA	NA	NA	1
ENSG00000259961	0	NA	NA	0	NA	NA	NA	1
ENSG00000259967	0	NA	NA	0	NA	NA	NA	1
ENSG00000259970	0	NA	NA	0	NA	NA	NA	1
ENSG00000259977	0	NA	NA	0	NA	NA	NA	1
ENSG00000259985	0	NA	NA	0	NA	NA	NA	1
ENSG00000259986	0	NA	NA	0	NA	NA	NA	1
ENSG00000259992	0	NA	NA	0	NA	NA	NA	1
ENSG00000259995	0	NA	NA	0	NA	NA	NA	1
ENSG00000260003	0	NA	NA	0	NA	NA	NA	1
ENSG00000260005	0	NA	NA	0	NA	NA	NA	1
ENSG00000260008	0	NA	NA	0	NA	NA	NA	1
ENSG00000260011	0	NA	NA	0	NA	NA	NA	1
ENSG00000260015	0	NA	NA	0	NA	NA	NA	1
ENSG00000260017	0	NA	NA	0	NA	NA	NA	1
ENSG00000260018	0	NA	NA	0	NA	NA	NA	1
ENSG00000260019	0	NA	NA	0	NA	NA	NA	1
ENSG00000260035	0	NA	NA	0	NA	NA	NA	1
ENSG00000260038	0	NA	NA	0	NA	NA	NA	1
ENSG00000260046	0	NA	NA	0	NA	NA	NA	1
ENSG00000260051	0	NA	NA	0	NA	NA	NA	1
ENSG00000260060	0	NA	NA	0	NA	NA	NA	1
ENSG00000260070	0	NA	NA	0	NA	NA	NA	1
ENSG00000260077	0	NA	NA	0	NA	NA	NA	1
ENSG00000260084	0	NA	NA	0	NA	NA	NA	1
ENSG00000260095	0	NA	NA	0	NA	NA	NA	1
ENSG00000260107	0	NA	NA	0	NA	NA	NA	1
ENSG00000260111	0	NA	NA	0	NA	NA	NA	1
ENSG00000260118	0	NA	NA	0	NA	NA	NA	1
ENSG00000260122	0	NA	NA	0	NA	NA	NA	1
ENSG00000260126	0	NA	NA	0	NA	NA	NA	1
ENSG00000260131	0	NA	NA	0	NA	NA	NA	1
ENSG00000260132	0	NA	NA	0	NA	NA	NA	1
ENSG00000260148	0	NA	NA	0	NA	NA	NA	1
ENSG00000260156	0	NA	NA	0	NA	NA	NA	1
ENSG00000260160	0	NA	NA	0	NA	NA	NA	1
ENSG00000260171	0	NA	NA	0	NA	NA	NA	1
ENSG00000260172	0	NA	NA	0	NA	NA	NA	1
ENSG00000260173	0	NA	NA	0	NA	NA	NA	1
ENSG00000260179	0	NA	NA	0	NA	NA	NA	1
ENSG00000260182	0	NA	NA	0	NA	NA	NA	1
ENSG00000260183	0	NA	NA	0	NA	NA	NA	1
ENSG00000260186	0	NA	NA	0	NA	NA	NA	1
ENSG00000260190	0	NA	NA	0	NA	NA	NA	1
ENSG00000260196	0	NA	NA	0	NA	NA	NA	1
ENSG00000260198	0	NA	NA	0	NA	NA	NA	1
ENSG00000260202	0	NA	NA	0	NA	NA	NA	1
ENSG00000260205	0	NA	NA	0	NA	NA	NA	1
ENSG00000260213	0	NA	NA	0	NA	NA	NA	1
ENSG00000260219	0	NA	NA	0	NA	NA	NA	1
ENSG00000260223	0	NA	NA	0	NA	NA	NA	1
ENSG00000260228	0	NA	NA	0	NA	NA	NA	1
ENSG00000260233	0	NA	NA	0	NA	NA	NA	1
ENSG00000260236	0	NA	NA	0	NA	NA	NA	1
ENSG00000260239	0	NA	NA	0	NA	NA	NA	1
ENSG00000260244	0	NA	NA	0	NA	NA	NA	1
ENSG00000260246	0	NA	NA	0	NA	NA	NA	1
ENSG00000260252	0	NA	NA	0	NA	NA	NA	1
ENSG00000260254	0	NA	NA	0	NA	NA	NA	1
ENSG00000260256	0	NA	NA	0	NA	NA	NA	1
ENSG00000260257	0	NA	NA	0	NA	NA	NA	1
ENSG00000260260	0	NA	NA	0	NA	NA	NA	1
ENSG00000260262	0	NA	NA	0	NA	NA	NA	1
ENSG00000260264	0	NA	NA	0	NA	NA	NA	1
ENSG00000260269	0	NA	NA	0	NA	NA	NA	1
ENSG00000260273	0	NA	NA	0	NA	NA	NA	1
ENSG00000260277	0	NA	NA	0	NA	NA	NA	1
ENSG00000260281	0	NA	NA	0	NA	NA	NA	1
ENSG00000260285	0	NA	NA	0	NA	NA	NA	1
ENSG00000260289	0	NA	NA	0	NA	NA	NA	1
ENSG00000260293	0	NA	NA	0	NA	NA	NA	1
ENSG00000260302	0	NA	NA	0	NA	NA	NA	1
ENSG00000260304	0	NA	NA	0	NA	NA	NA	1
ENSG00000260329	0	NA	NA	0	NA	NA	NA	1
ENSG00000260338	0	NA	NA	0	NA	NA	NA	1
ENSG00000260340	0	NA	NA	0	NA	NA	NA	1
ENSG00000260345	0	NA	NA	0	NA	NA	NA	1
ENSG00000260349	0	NA	NA	0	NA	NA	NA	1
ENSG00000260350	0	NA	NA	0	NA	NA	NA	1
ENSG00000260362	0	NA	NA	0	NA	NA	NA	1
ENSG00000260367	0	NA	NA	0	NA	NA	NA	1
ENSG00000260381	0	NA	NA	0	NA	NA	NA	1
ENSG00000260391	0	NA	NA	0	NA	NA	NA	1
ENSG00000260400	0	NA	NA	0	NA	NA	NA	1
ENSG00000260401	0	NA	NA	0	NA	NA	NA	1
ENSG00000260406	0	NA	NA	0	NA	NA	NA	1
ENSG00000260412	0	NA	NA	0	NA	NA	NA	1
ENSG00000260418	0	NA	NA	0	NA	NA	NA	1
ENSG00000260423	0	NA	NA	0	NA	NA	NA	1
ENSG00000260425	0	NA	NA	0	NA	NA	NA	1
ENSG00000260430	0	NA	NA	0	NA	NA	NA	1
ENSG00000260433	0	NA	NA	0	NA	NA	NA	1
ENSG00000260441	0	NA	NA	0	NA	NA	NA	1
ENSG00000260442	0	NA	NA	0	NA	NA	NA	1
ENSG00000260447	0	NA	NA	0	NA	NA	NA	1
ENSG00000260448	0	NA	NA	0	NA	NA	NA	1
ENSG00000260454	0	NA	NA	0	NA	NA	NA	1
ENSG00000260469	0	NA	NA	0	NA	NA	NA	1
ENSG00000260473	0	NA	NA	0	NA	NA	NA	1
ENSG00000260476	0	NA	NA	0	NA	NA	NA	1
ENSG00000260482	0	NA	NA	0	NA	NA	NA	1
ENSG00000260487	0	NA	NA	0	NA	NA	NA	1
ENSG00000260500	0	NA	NA	0	NA	NA	NA	1
ENSG00000260509	0	NA	NA	0	NA	NA	NA	1
ENSG00000260515	0	NA	NA	0	NA	NA	NA	1
ENSG00000260534	0	NA	NA	0	NA	NA	NA	1
ENSG00000260536	0	NA	NA	0	NA	NA	NA	1
ENSG00000260541	0	NA	NA	0	NA	NA	NA	1
ENSG00000260552	0	NA	NA	0	NA	NA	NA	1
ENSG00000260569	0	NA	NA	0	NA	NA	NA	1
ENSG00000260570	0	NA	NA	0	NA	NA	NA	1
ENSG00000260573	0	NA	NA	0	NA	NA	NA	1
ENSG00000260577	0	NA	NA	0	NA	NA	NA	1
ENSG00000260579	0	NA	NA	0	NA	NA	NA	1
ENSG00000260592	0	NA	NA	0	NA	NA	NA	1
ENSG00000260593	0	NA	NA	0	NA	NA	NA	1
ENSG00000260597	0	NA	NA	0	NA	NA	NA	1
ENSG00000260613	0	NA	NA	0	NA	NA	NA	1
ENSG00000260618	0	NA	NA	0	NA	NA	NA	1
ENSG00000260619	0	NA	NA	0	NA	NA	NA	1
ENSG00000260621	0	NA	NA	0	NA	NA	NA	1
ENSG00000260625	0	NA	NA	0	NA	NA	NA	1
ENSG00000260647	0	NA	NA	0	NA	NA	NA	1
ENSG00000260648	0	NA	NA	0	NA	NA	NA	1
ENSG00000260650	0	NA	NA	0	NA	NA	NA	1
ENSG00000260651	0	NA	NA	0	NA	NA	NA	1
ENSG00000260657	0	NA	NA	0	NA	NA	NA	1
ENSG00000260669	0	NA	NA	0	NA	NA	NA	1
ENSG00000260673	0	NA	NA	0	NA	NA	NA	1
ENSG00000260698	0	NA	NA	0	NA	NA	NA	1
ENSG00000260711	0	NA	NA	0	NA	NA	NA	1
ENSG00000260738	0	NA	NA	0	NA	NA	NA	1
ENSG00000260740	0	NA	NA	0	NA	NA	NA	1
ENSG00000260741	0	NA	NA	0	NA	NA	NA	1
ENSG00000260742	0	NA	NA	0	NA	NA	NA	1
ENSG00000260743	0	NA	NA	0	NA	NA	NA	1
ENSG00000260751	0	NA	NA	0	NA	NA	NA	1
ENSG00000260757	0	NA	NA	0	NA	NA	NA	1
ENSG00000260772	0	NA	NA	0	NA	NA	NA	1
ENSG00000260773	0	NA	NA	0	NA	NA	NA	1
ENSG00000260774	0	NA	NA	0	NA	NA	NA	1
ENSG00000260786	0	NA	NA	0	NA	NA	NA	1
ENSG00000260792	0	NA	NA	0	NA	NA	NA	1
ENSG00000260793	0	NA	NA	0	NA	NA	NA	1
ENSG00000260798	0	NA	NA	0	NA	NA	NA	1
ENSG00000260804	0	NA	NA	0	NA	NA	NA	1
ENSG00000260810	0	NA	NA	0	NA	NA	NA	1
ENSG00000260814	0	NA	NA	0	NA	NA	NA	1
ENSG00000260823	0	NA	NA	0	NA	NA	NA	1
ENSG00000260853	0	NA	NA	0	NA	NA	NA	1
ENSG00000260855	0	NA	NA	0	NA	NA	NA	1
ENSG00000260859	0	NA	NA	0	NA	NA	NA	1
ENSG00000260862	0	NA	NA	0	NA	NA	NA	1
ENSG00000260868	0	NA	NA	0	NA	NA	NA	1
ENSG00000260874	0	NA	NA	0	NA	NA	NA	1
ENSG00000260877	0	NA	NA	0	NA	NA	NA	1
ENSG00000260878	0	NA	NA	0	NA	NA	NA	1
ENSG00000260886	0	NA	NA	0	NA	NA	NA	1
ENSG00000260891	0	NA	NA	0	NA	NA	NA	1
ENSG00000260895	0	NA	NA	0	NA	NA	NA	1
ENSG00000260899	0	NA	NA	0	NA	NA	NA	1
ENSG00000260911	0	NA	NA	0	NA	NA	NA	1
ENSG00000260912	0	NA	NA	0	NA	NA	NA	1
ENSG00000260917	0	NA	NA	0	NA	NA	NA	1
ENSG00000260919	0	NA	NA	0	NA	NA	NA	1
ENSG00000260920	0	NA	NA	0	NA	NA	NA	1
ENSG00000260922	0	NA	NA	0	NA	NA	NA	1
ENSG00000260924	0	NA	NA	0	NA	NA	NA	1
ENSG00000260926	0	NA	NA	0	NA	NA	NA	1
ENSG00000260943	0	NA	NA	0	NA	NA	NA	1
ENSG00000260949	0	NA	NA	0	NA	NA	NA	1
ENSG00000260955	0	NA	NA	0	NA	NA	NA	1
ENSG00000260966	0	NA	NA	0	NA	NA	NA	1
ENSG00000260979	0	NA	NA	0	NA	NA	NA	1
ENSG00000260983	0	NA	NA	0	NA	NA	NA	1
ENSG00000260989	0	NA	NA	0	NA	NA	NA	1
ENSG00000260992	0	NA	NA	0	NA	NA	NA	1
ENSG00000260997	0	NA	NA	0	NA	NA	NA	1
ENSG00000260999	0	NA	NA	0	NA	NA	NA	1
ENSG00000261000	0	NA	NA	0	NA	NA	NA	1
ENSG00000261002	0	NA	NA	0	NA	NA	NA	1
ENSG00000261012	0	NA	NA	0	NA	NA	NA	1
ENSG00000261029	0	NA	NA	0	NA	NA	NA	1
ENSG00000261033	0	NA	NA	0	NA	NA	NA	1
ENSG00000261036	0	NA	NA	0	NA	NA	NA	1
ENSG00000261044	0	NA	NA	0	NA	NA	NA	1
ENSG00000261051	0	NA	NA	0	NA	NA	NA	1
ENSG00000261060	0	NA	NA	0	NA	NA	NA	1
ENSG00000261061	0	NA	NA	0	NA	NA	NA	1
ENSG00000261065	0	NA	NA	0	NA	NA	NA	1
ENSG00000261066	0	NA	NA	0	NA	NA	NA	1
ENSG00000261067	0	NA	NA	0	NA	NA	NA	1
ENSG00000261070	0	NA	NA	0	NA	NA	NA	1
ENSG00000261071	0	NA	NA	0	NA	NA	NA	1
ENSG00000261075	0	NA	NA	0	NA	NA	NA	1
ENSG00000261083	0	NA	NA	0	NA	NA	NA	1
ENSG00000261094	0	NA	NA	0	NA	NA	NA	1
ENSG00000261096	0	NA	NA	0	NA	NA	NA	1
ENSG00000261097	0	NA	NA	0	NA	NA	NA	1
ENSG00000261105	0	NA	NA	0	NA	NA	NA	1
ENSG00000261114	0	NA	NA	0	NA	NA	NA	1
ENSG00000261118	0	NA	NA	0	NA	NA	NA	1
ENSG00000261120	0	NA	NA	0	NA	NA	NA	1
ENSG00000261124	0	NA	NA	0	NA	NA	NA	1
ENSG00000261131	0	NA	NA	0	NA	NA	NA	1
ENSG00000261136	0	NA	NA	0	NA	NA	NA	1
ENSG00000261141	0	NA	NA	0	NA	NA	NA	1
ENSG00000261159	0	NA	NA	0	NA	NA	NA	1
ENSG00000261168	0	NA	NA	0	NA	NA	NA	1
ENSG00000261183	0	NA	NA	0	NA	NA	NA	1
ENSG00000261184	0	NA	NA	0	NA	NA	NA	1
ENSG00000261189	0	NA	NA	0	NA	NA	NA	1
ENSG00000261198	0	NA	NA	0	NA	NA	NA	1
ENSG00000261204	0	NA	NA	0	NA	NA	NA	1
ENSG00000261207	0	NA	NA	0	NA	NA	NA	1
ENSG00000261215	0	NA	NA	0	NA	NA	NA	1
ENSG00000261229	0	NA	NA	0	NA	NA	NA	1
ENSG00000261240	0	NA	NA	0	NA	NA	NA	1
ENSG00000261243	0	NA	NA	0	NA	NA	NA	1
ENSG00000261249	0	NA	NA	0	NA	NA	NA	1
ENSG00000261250	0	NA	NA	0	NA	NA	NA	1
ENSG00000261251	0	NA	NA	0	NA	NA	NA	1
ENSG00000261260	0	NA	NA	0	NA	NA	NA	1
ENSG00000261265	0	NA	NA	0	NA	NA	NA	1
ENSG00000261266	0	NA	NA	0	NA	NA	NA	1
ENSG00000261269	0	NA	NA	0	NA	NA	NA	1
ENSG00000261270	0	NA	NA	0	NA	NA	NA	1
ENSG00000261285	0	NA	NA	0	NA	NA	NA	1
ENSG00000261286	0	NA	NA	0	NA	NA	NA	1
ENSG00000261294	0	NA	NA	0	NA	NA	NA	1
ENSG00000261312	0	NA	NA	0	NA	NA	NA	1
ENSG00000261313	0	NA	NA	0	NA	NA	NA	1
ENSG00000261318	0	NA	NA	0	NA	NA	NA	1
ENSG00000261320	0	NA	NA	0	NA	NA	NA	1
ENSG00000261324	0	NA	NA	0	NA	NA	NA	1
ENSG00000261325	0	NA	NA	0	NA	NA	NA	1
ENSG00000261326	0	NA	NA	0	NA	NA	NA	1
ENSG00000261329	0	NA	NA	0	NA	NA	NA	1
ENSG00000261332	0	NA	NA	0	NA	NA	NA	1
ENSG00000261335	0	NA	NA	0	NA	NA	NA	1
ENSG00000261338	0	NA	NA	0	NA	NA	NA	1
ENSG00000261342	0	NA	NA	0	NA	NA	NA	1
ENSG00000261346	0	NA	NA	0	NA	NA	NA	1
ENSG00000261347	0	NA	NA	0	NA	NA	NA	1
ENSG00000261348	0	NA	NA	0	NA	NA	NA	1
ENSG00000261351	0	NA	NA	0	NA	NA	NA	1
ENSG00000261357	0	NA	NA	0	NA	NA	NA	1
ENSG00000261359	0	NA	NA	0	NA	NA	NA	1
ENSG00000261364	0	NA	NA	0	NA	NA	NA	1
ENSG00000261367	0	NA	NA	0	NA	NA	NA	1
ENSG00000261368	0	NA	NA	0	NA	NA	NA	1
ENSG00000261373	0	NA	NA	0	NA	NA	NA	1
ENSG00000261379	0	NA	NA	0	NA	NA	NA	1
ENSG00000261382	0	NA	NA	0	NA	NA	NA	1
ENSG00000261384	0	NA	NA	0	NA	NA	NA	1
ENSG00000261385	0	NA	NA	0	NA	NA	NA	1
ENSG00000261392	0	NA	NA	0	NA	NA	NA	1
ENSG00000261393	0	NA	NA	0	NA	NA	NA	1
ENSG00000261397	0	NA	NA	0	NA	NA	NA	1
ENSG00000261423	0	NA	NA	0	NA	NA	NA	1
ENSG00000261427	0	NA	NA	0	NA	NA	NA	1
ENSG00000261430	0	NA	NA	0	NA	NA	NA	1
ENSG00000261431	0	NA	NA	0	NA	NA	NA	1
ENSG00000261433	0	NA	NA	0	NA	NA	NA	1
ENSG00000261434	0	NA	NA	0	NA	NA	NA	1
ENSG00000261437	0	NA	NA	0	NA	NA	NA	1
ENSG00000261441	0	NA	NA	0	NA	NA	NA	1
ENSG00000261448	0	NA	NA	0	NA	NA	NA	1
ENSG00000261451	0	NA	NA	0	NA	NA	NA	1
ENSG00000261455	0	NA	NA	0	NA	NA	NA	1
ENSG00000261460	0	NA	NA	0	NA	NA	NA	1
ENSG00000261462	0	NA	NA	0	NA	NA	NA	1
ENSG00000261465	0	NA	NA	0	NA	NA	NA	1
ENSG00000261469	0	NA	NA	0	NA	NA	NA	1
ENSG00000261471	0	NA	NA	0	NA	NA	NA	1
ENSG00000261476	0	NA	NA	0	NA	NA	NA	1
ENSG00000261481	0	NA	NA	0	NA	NA	NA	1
ENSG00000261485	0	NA	NA	0	NA	NA	NA	1
ENSG00000261487	0	NA	NA	0	NA	NA	NA	1
ENSG00000261489	0	NA	NA	0	NA	NA	NA	1
ENSG00000261501	0	NA	NA	0	NA	NA	NA	1
ENSG00000261519	0	NA	NA	0	NA	NA	NA	1
ENSG00000261526	0	NA	NA	0	NA	NA	NA	1
ENSG00000261538	0	NA	NA	0	NA	NA	NA	1
ENSG00000261544	0	NA	NA	0	NA	NA	NA	1
ENSG00000261553	0	NA	NA	0	NA	NA	NA	1
ENSG00000261560	0	NA	NA	0	NA	NA	NA	1
ENSG00000261572	0	NA	NA	0	NA	NA	NA	1
ENSG00000261578	0	NA	NA	0	NA	NA	NA	1
ENSG00000261583	0	NA	NA	0	NA	NA	NA	1
ENSG00000261586	0	NA	NA	0	NA	NA	NA	1
ENSG00000261592	0	NA	NA	0	NA	NA	NA	1
ENSG00000261595	0	NA	NA	0	NA	NA	NA	1
ENSG00000261596	0	NA	NA	0	NA	NA	NA	1
ENSG00000261602	0	NA	NA	0	NA	NA	NA	1
ENSG00000261606	0	NA	NA	0	NA	NA	NA	1
ENSG00000261623	0	NA	NA	0	NA	NA	NA	1
ENSG00000261627	0	NA	NA	0	NA	NA	NA	1
ENSG00000261632	0	NA	NA	0	NA	NA	NA	1
ENSG00000261634	0	NA	NA	0	NA	NA	NA	1
ENSG00000261645	0	NA	NA	0	NA	NA	NA	1
ENSG00000261654	0	NA	NA	0	NA	NA	NA	1
ENSG00000261655	0	NA	NA	0	NA	NA	NA	1
ENSG00000261659	0	NA	NA	0	NA	NA	NA	1
ENSG00000261663	0	NA	NA	0	NA	NA	NA	1
ENSG00000261668	0	NA	NA	0	NA	NA	NA	1
ENSG00000261669	0	NA	NA	0	NA	NA	NA	1
ENSG00000261670	0	NA	NA	0	NA	NA	NA	1
ENSG00000261671	0	NA	NA	0	NA	NA	NA	1
ENSG00000261684	0	NA	NA	0	NA	NA	NA	1
ENSG00000261687	0	NA	NA	0	NA	NA	NA	1
ENSG00000261707	0	NA	NA	0	NA	NA	NA	1
ENSG00000261710	0	NA	NA	0	NA	NA	NA	1
ENSG00000261723	0	NA	NA	0	NA	NA	NA	1
ENSG00000261734	0	NA	NA	0	NA	NA	NA	1
ENSG00000261736	0	NA	NA	0	NA	NA	NA	1
ENSG00000261744	0	NA	NA	0	NA	NA	NA	1
ENSG00000261745	0	NA	NA	0	NA	NA	NA	1
ENSG00000261751	0	NA	NA	0	NA	NA	NA	1
ENSG00000261754	0	NA	NA	0	NA	NA	NA	1
ENSG00000261759	0	NA	NA	0	NA	NA	NA	1
ENSG00000261761	0	NA	NA	0	NA	NA	NA	1
ENSG00000261762	0	NA	NA	0	NA	NA	NA	1
ENSG00000261765	0	NA	NA	0	NA	NA	NA	1
ENSG00000261766	0	NA	NA	0	NA	NA	NA	1
ENSG00000261771	0	NA	NA	0	NA	NA	NA	1
ENSG00000261775	0	NA	NA	0	NA	NA	NA	1
ENSG00000261777	0	NA	NA	0	NA	NA	NA	1
ENSG00000261789	0	NA	NA	0	NA	NA	NA	1
ENSG00000261790	0	NA	NA	0	NA	NA	NA	1
ENSG00000261799	0	NA	NA	0	NA	NA	NA	1
ENSG00000261802	0	NA	NA	0	NA	NA	NA	1
ENSG00000261811	0	NA	NA	0	NA	NA	NA	1
ENSG00000261821	0	NA	NA	0	NA	NA	NA	1
ENSG00000261822	0	NA	NA	0	NA	NA	NA	1
ENSG00000261829	0	NA	NA	0	NA	NA	NA	1
ENSG00000261838	0	NA	NA	0	NA	NA	NA	1
ENSG00000261842	0	NA	NA	0	NA	NA	NA	1
ENSG00000261864	0	NA	NA	0	NA	NA	NA	1
ENSG00000261872	0	NA	NA	0	NA	NA	NA	1
ENSG00000261879	0	NA	NA	0	NA	NA	NA	1
ENSG00000261889	0	NA	NA	0	NA	NA	NA	1
ENSG00000261898	0	NA	NA	0	NA	NA	NA	1
ENSG00000261916	0	NA	NA	0	NA	NA	NA	1
ENSG00000261938	0	NA	NA	0	NA	NA	NA	1
ENSG00000261959	0	NA	NA	0	NA	NA	NA	1
ENSG00000261971	0	NA	NA	0	NA	NA	NA	1
ENSG00000261996	0	NA	NA	0	NA	NA	NA	1
ENSG00000261997	0	NA	NA	0	NA	NA	NA	1
ENSG00000262003	0	NA	NA	0	NA	NA	NA	1
ENSG00000262049	0	NA	NA	0	NA	NA	NA	1
ENSG00000262050	0	NA	NA	0	NA	NA	NA	1
ENSG00000262089	0	NA	NA	0	NA	NA	NA	1
ENSG00000262099	0	NA	NA	0	NA	NA	NA	1
ENSG00000262115	0	NA	NA	0	NA	NA	NA	1
ENSG00000262117	0	NA	NA	0	NA	NA	NA	1
ENSG00000262133	0	NA	NA	0	NA	NA	NA	1
ENSG00000262160	0	NA	NA	0	NA	NA	NA	1
ENSG00000262185	0	NA	NA	0	NA	NA	NA	1
ENSG00000262213	0	NA	NA	0	NA	NA	NA	1
ENSG00000262227	0	NA	NA	0	NA	NA	NA	1
ENSG00000262228	0	NA	NA	0	NA	NA	NA	1
ENSG00000262265	0	NA	NA	0	NA	NA	NA	1
ENSG00000262296	0	NA	NA	0	NA	NA	NA	1
ENSG00000262312	0	NA	NA	0	NA	NA	NA	1
ENSG00000262332	0	NA	NA	0	NA	NA	NA	1
ENSG00000262358	0	NA	NA	0	NA	NA	NA	1
ENSG00000262362	0	NA	NA	0	NA	NA	NA	1
ENSG00000262370	0	NA	NA	0	NA	NA	NA	1
ENSG00000262380	0	NA	NA	0	NA	NA	NA	1
ENSG00000262410	0	NA	NA	0	NA	NA	NA	1
ENSG00000262420	0	NA	NA	0	NA	NA	NA	1
ENSG00000262429	0	NA	NA	0	NA	NA	NA	1
ENSG00000262434	0	NA	NA	0	NA	NA	NA	1
ENSG00000262456	0	NA	NA	0	NA	NA	NA	1
ENSG00000262514	0	NA	NA	0	NA	NA	NA	1
ENSG00000262528	0	NA	NA	0	NA	NA	NA	1
ENSG00000262580	0	NA	NA	0	NA	NA	NA	1
ENSG00000262624	0	NA	NA	0	NA	NA	NA	1
ENSG00000262663	0	NA	NA	0	NA	NA	NA	1
ENSG00000262678	0	NA	NA	0	NA	NA	NA	1
ENSG00000262686	0	NA	NA	0	NA	NA	NA	1
ENSG00000262691	0	NA	NA	0	NA	NA	NA	1
ENSG00000262692	0	NA	NA	0	NA	NA	NA	1
ENSG00000262693	0	NA	NA	0	NA	NA	NA	1
ENSG00000262712	0	NA	NA	0	NA	NA	NA	1
ENSG00000262721	0	NA	NA	0	NA	NA	NA	1
ENSG00000262768	0	NA	NA	0	NA	NA	NA	1
ENSG00000262769	0	NA	NA	0	NA	NA	NA	1
ENSG00000262772	0	NA	NA	0	NA	NA	NA	1
ENSG00000262777	0	NA	NA	0	NA	NA	NA	1
ENSG00000262786	0	NA	NA	0	NA	NA	NA	1
ENSG00000262791	0	NA	NA	0	NA	NA	NA	1
ENSG00000262837	0	NA	NA	0	NA	NA	NA	1
ENSG00000262884	0	NA	NA	0	NA	NA	NA	1
ENSG00000262899	0	NA	NA	0	NA	NA	NA	1
ENSG00000262903	0	NA	NA	0	NA	NA	NA	1
ENSG00000262905	0	NA	NA	0	NA	NA	NA	1
ENSG00000262921	0	NA	NA	0	NA	NA	NA	1
ENSG00000262950	0	NA	NA	0	NA	NA	NA	1
ENSG00000262966	0	NA	NA	0	NA	NA	NA	1
ENSG00000262979	0	NA	NA	0	NA	NA	NA	1
ENSG00000263011	0	NA	NA	0	NA	NA	NA	1
ENSG00000263015	0	NA	NA	0	NA	NA	NA	1
ENSG00000263033	0	NA	NA	0	NA	NA	NA	1
ENSG00000263065	0	NA	NA	0	NA	NA	NA	1
ENSG00000263072	0	NA	NA	0	NA	NA	NA	1
ENSG00000263080	0	NA	NA	0	NA	NA	NA	1
ENSG00000263098	0	NA	NA	0	NA	NA	NA	1
ENSG00000263110	0	NA	NA	0	NA	NA	NA	1
ENSG00000263126	0	NA	NA	0	NA	NA	NA	1
ENSG00000263159	0	NA	NA	0	NA	NA	NA	1
ENSG00000263165	0	NA	NA	0	NA	NA	NA	1
ENSG00000263167	0	NA	NA	0	NA	NA	NA	1
ENSG00000263171	0	NA	NA	0	NA	NA	NA	1
ENSG00000263207	0	NA	NA	0	NA	NA	NA	1
ENSG00000263212	0	NA	NA	0	NA	NA	NA	1
ENSG00000263220	0	NA	NA	0	NA	NA	NA	1
ENSG00000263237	0	NA	NA	0	NA	NA	NA	1
ENSG00000263253	0	NA	NA	0	NA	NA	NA	1
ENSG00000263272	0	NA	NA	0	NA	NA	NA	1
ENSG00000263276	0	NA	NA	0	NA	NA	NA	1
ENSG00000263293	0	NA	NA	0	NA	NA	NA	1
ENSG00000263300	0	NA	NA	0	NA	NA	NA	1
ENSG00000263301	0	NA	NA	0	NA	NA	NA	1
ENSG00000263312	0	NA	NA	0	NA	NA	NA	1
ENSG00000263316	0	NA	NA	0	NA	NA	NA	1
ENSG00000263321	0	NA	NA	0	NA	NA	NA	1
ENSG00000263331	0	NA	NA	0	NA	NA	NA	1
ENSG00000263335	0	NA	NA	0	NA	NA	NA	1
ENSG00000263338	0	NA	NA	0	NA	NA	NA	1
ENSG00000263342	0	NA	NA	0	NA	NA	NA	1
ENSG00000263345	0	NA	NA	0	NA	NA	NA	1
ENSG00000263388	0	NA	NA	0	NA	NA	NA	1
ENSG00000263393	0	NA	NA	0	NA	NA	NA	1
ENSG00000263400	0	NA	NA	0	NA	NA	NA	1
ENSG00000263450	0	NA	NA	0	NA	NA	NA	1
ENSG00000263466	0	NA	NA	0	NA	NA	NA	1
ENSG00000263489	0	NA	NA	0	NA	NA	NA	1
ENSG00000263494	0	NA	NA	0	NA	NA	NA	1
ENSG00000263501	0	NA	NA	0	NA	NA	NA	1
ENSG00000263531	0	NA	NA	0	NA	NA	NA	1
ENSG00000263567	0	NA	NA	0	NA	NA	NA	1
ENSG00000263585	0	NA	NA	0	NA	NA	NA	1
ENSG00000263586	0	NA	NA	0	NA	NA	NA	1
ENSG00000263588	0	NA	NA	0	NA	NA	NA	1
ENSG00000263612	0	NA	NA	0	NA	NA	NA	1
ENSG00000263613	0	NA	NA	0	NA	NA	NA	1
ENSG00000263622	0	NA	NA	0	NA	NA	NA	1
ENSG00000263627	0	NA	NA	0	NA	NA	NA	1
ENSG00000263644	0	NA	NA	0	NA	NA	NA	1
ENSG00000263674	0	NA	NA	0	NA	NA	NA	1
ENSG00000263683	0	NA	NA	0	NA	NA	NA	1
ENSG00000263688	0	NA	NA	0	NA	NA	NA	1
ENSG00000263698	0	NA	NA	0	NA	NA	NA	1
ENSG00000263709	0	NA	NA	0	NA	NA	NA	1
ENSG00000263711	0	NA	NA	0	NA	NA	NA	1
ENSG00000263720	0	NA	NA	0	NA	NA	NA	1
ENSG00000263727	0	NA	NA	0	NA	NA	NA	1
ENSG00000263731	0	NA	NA	0	NA	NA	NA	1
ENSG00000263797	0	NA	NA	0	NA	NA	NA	1
ENSG00000263798	0	NA	NA	0	NA	NA	NA	1
ENSG00000263823	0	NA	NA	0	NA	NA	NA	1
ENSG00000263826	0	NA	NA	0	NA	NA	NA	1
ENSG00000263843	0	NA	NA	0	NA	NA	NA	1
ENSG00000263859	0	NA	NA	0	NA	NA	NA	1
ENSG00000263884	0	NA	NA	0	NA	NA	NA	1
ENSG00000263895	0	NA	NA	0	NA	NA	NA	1
ENSG00000263916	0	NA	NA	0	NA	NA	NA	1
ENSG00000263917	0	NA	NA	0	NA	NA	NA	1
ENSG00000263923	0	NA	NA	0	NA	NA	NA	1
ENSG00000263924	0	NA	NA	0	NA	NA	NA	1
ENSG00000263938	0	NA	NA	0	NA	NA	NA	1
ENSG00000263952	0	NA	NA	0	NA	NA	NA	1
ENSG00000264007	0	NA	NA	0	NA	NA	NA	1
ENSG00000264019	0	NA	NA	0	NA	NA	NA	1
ENSG00000264067	0	NA	NA	0	NA	NA	NA	1
ENSG00000264078	0	NA	NA	0	NA	NA	NA	1
ENSG00000264083	0	NA	NA	0	NA	NA	NA	1
ENSG00000264112	0	NA	NA	0	NA	NA	NA	1
ENSG00000264167	0	NA	NA	0	NA	NA	NA	1
ENSG00000264174	0	NA	NA	0	NA	NA	NA	1
ENSG00000264177	0	NA	NA	0	NA	NA	NA	1
ENSG00000264196	0	NA	NA	0	NA	NA	NA	1
ENSG00000264207	0	NA	NA	0	NA	NA	NA	1
ENSG00000264243	0	NA	NA	0	NA	NA	NA	1
ENSG00000264265	0	NA	NA	0	NA	NA	NA	1
ENSG00000264304	0	NA	NA	0	NA	NA	NA	1
ENSG00000264458	0	NA	NA	0	NA	NA	NA	1
ENSG00000264464	0	NA	NA	0	NA	NA	NA	1
ENSG00000264488	0	NA	NA	0	NA	NA	NA	1
ENSG00000264513	0	NA	NA	0	NA	NA	NA	1
ENSG00000264514	0	NA	NA	0	NA	NA	NA	1
ENSG00000264520	0	NA	NA	0	NA	NA	NA	1
ENSG00000264546	0	NA	NA	0	NA	NA	NA	1
ENSG00000264577	0	NA	NA	0	NA	NA	NA	1
ENSG00000264578	0	NA	NA	0	NA	NA	NA	1
ENSG00000264589	0	NA	NA	0	NA	NA	NA	1
ENSG00000264598	0	NA	NA	0	NA	NA	NA	1
ENSG00000264622	0	NA	NA	0	NA	NA	NA	1
ENSG00000264647	0	NA	NA	0	NA	NA	NA	1
ENSG00000264666	0	NA	NA	0	NA	NA	NA	1
ENSG00000264672	0	NA	NA	0	NA	NA	NA	1
ENSG00000264701	0	NA	NA	0	NA	NA	NA	1
ENSG00000264735	0	NA	NA	0	NA	NA	NA	1
ENSG00000264754	0	NA	NA	0	NA	NA	NA	1
ENSG00000264772	0	NA	NA	0	NA	NA	NA	1
ENSG00000264825	0	NA	NA	0	NA	NA	NA	1
ENSG00000264843	0	NA	NA	0	NA	NA	NA	1
ENSG00000264853	0	NA	NA	0	NA	NA	NA	1
ENSG00000264860	0	NA	NA	0	NA	NA	NA	1
ENSG00000264895	0	NA	NA	0	NA	NA	NA	1
ENSG00000264920	0	NA	NA	0	NA	NA	NA	1
ENSG00000264932	0	NA	NA	0	NA	NA	NA	1
ENSG00000264937	0	NA	NA	0	NA	NA	NA	1
ENSG00000264954	0	NA	NA	0	NA	NA	NA	1
ENSG00000264964	0	NA	NA	0	NA	NA	NA	1
ENSG00000264968	0	NA	NA	0	NA	NA	NA	1
ENSG00000264982	0	NA	NA	0	NA	NA	NA	1
ENSG00000265010	0	NA	NA	0	NA	NA	NA	1
ENSG00000265046	0	NA	NA	0	NA	NA	NA	1
ENSG00000265073	0	NA	NA	0	NA	NA	NA	1
ENSG00000265121	0	NA	NA	0	NA	NA	NA	1
ENSG00000265128	0	NA	NA	0	NA	NA	NA	1
ENSG00000265139	0	NA	NA	0	NA	NA	NA	1
ENSG00000265168	0	NA	NA	0	NA	NA	NA	1
ENSG00000265254	0	NA	NA	0	NA	NA	NA	1
ENSG00000265257	0	NA	NA	0	NA	NA	NA	1
ENSG00000265282	0	NA	NA	0	NA	NA	NA	1
ENSG00000265289	0	NA	NA	0	NA	NA	NA	1
ENSG00000265334	0	NA	NA	0	NA	NA	NA	1
ENSG00000265342	0	NA	NA	0	NA	NA	NA	1
ENSG00000265380	0	NA	NA	0	NA	NA	NA	1
ENSG00000265393	0	NA	NA	0	NA	NA	NA	1
ENSG00000265394	0	NA	NA	0	NA	NA	NA	1
ENSG00000265415	0	NA	NA	0	NA	NA	NA	1
ENSG00000265474	0	NA	NA	0	NA	NA	NA	1
ENSG00000265477	0	NA	NA	0	NA	NA	NA	1
ENSG00000265496	0	NA	NA	0	NA	NA	NA	1
ENSG00000265511	0	NA	NA	0	NA	NA	NA	1
ENSG00000265618	0	NA	NA	0	NA	NA	NA	1
ENSG00000265625	0	NA	NA	0	NA	NA	NA	1
ENSG00000265643	0	NA	NA	0	NA	NA	NA	1
ENSG00000265666	0	NA	NA	0	NA	NA	NA	1
ENSG00000265692	0	NA	NA	0	NA	NA	NA	1
ENSG00000265702	0	NA	NA	0	NA	NA	NA	1
ENSG00000265739	0	NA	NA	0	NA	NA	NA	1
ENSG00000265743	0	NA	NA	0	NA	NA	NA	1
ENSG00000265749	0	NA	NA	0	NA	NA	NA	1
ENSG00000265750	0	NA	NA	0	NA	NA	NA	1
ENSG00000265751	0	NA	NA	0	NA	NA	NA	1
ENSG00000265758	0	NA	NA	0	NA	NA	NA	1
ENSG00000265784	0	NA	NA	0	NA	NA	NA	1
ENSG00000265794	0	NA	NA	0	NA	NA	NA	1
ENSG00000265840	0	NA	NA	0	NA	NA	NA	1
ENSG00000265845	0	NA	NA	0	NA	NA	NA	1
ENSG00000265888	0	NA	NA	0	NA	NA	NA	1
ENSG00000265907	0	NA	NA	0	NA	NA	NA	1
ENSG00000265908	0	NA	NA	0	NA	NA	NA	1
ENSG00000265967	0	NA	NA	0	NA	NA	NA	1
ENSG00000265971	0	NA	NA	0	NA	NA	NA	1
ENSG00000265987	0	NA	NA	0	NA	NA	NA	1
ENSG00000266036	0	NA	NA	0	NA	NA	NA	1
ENSG00000266101	0	NA	NA	0	NA	NA	NA	1
ENSG00000266114	0	NA	NA	0	NA	NA	NA	1
ENSG00000266120	0	NA	NA	0	NA	NA	NA	1
ENSG00000266126	0	NA	NA	0	NA	NA	NA	1
ENSG00000266208	0	NA	NA	0	NA	NA	NA	1
ENSG00000266261	0	NA	NA	0	NA	NA	NA	1
ENSG00000266268	0	NA	NA	0	NA	NA	NA	1
ENSG00000266279	0	NA	NA	0	NA	NA	NA	1
ENSG00000266283	0	NA	NA	0	NA	NA	NA	1
ENSG00000266289	0	NA	NA	0	NA	NA	NA	1
ENSG00000266290	0	NA	NA	0	NA	NA	NA	1
ENSG00000266368	0	NA	NA	0	NA	NA	NA	1
ENSG00000266378	0	NA	NA	0	NA	NA	NA	1
ENSG00000266385	0	NA	NA	0	NA	NA	NA	1
ENSG00000266397	0	NA	NA	0	NA	NA	NA	1
ENSG00000266441	0	NA	NA	0	NA	NA	NA	1
ENSG00000266456	0	NA	NA	0	NA	NA	NA	1
ENSG00000266469	0	NA	NA	0	NA	NA	NA	1
ENSG00000266498	0	NA	NA	0	NA	NA	NA	1
ENSG00000266505	0	NA	NA	0	NA	NA	NA	1
ENSG00000266521	0	NA	NA	0	NA	NA	NA	1
ENSG00000266527	0	NA	NA	0	NA	NA	NA	1
ENSG00000266541	0	NA	NA	0	NA	NA	NA	1
ENSG00000266560	0	NA	NA	0	NA	NA	NA	1
ENSG00000266588	0	NA	NA	0	NA	NA	NA	1
ENSG00000266599	0	NA	NA	0	NA	NA	NA	1
ENSG00000266601	0	NA	NA	0	NA	NA	NA	1
ENSG00000266642	0	NA	NA	0	NA	NA	NA	1
ENSG00000266651	0	NA	NA	0	NA	NA	NA	1
ENSG00000266677	0	NA	NA	0	NA	NA	NA	1
ENSG00000266696	0	NA	NA	0	NA	NA	NA	1
ENSG00000266709	0	NA	NA	0	NA	NA	NA	1
ENSG00000266717	0	NA	NA	0	NA	NA	NA	1
ENSG00000266718	0	NA	NA	0	NA	NA	NA	1
ENSG00000266729	0	NA	NA	0	NA	NA	NA	1
ENSG00000266801	0	NA	NA	0	NA	NA	NA	1
ENSG00000266803	0	NA	NA	0	NA	NA	NA	1
ENSG00000266805	0	NA	NA	0	NA	NA	NA	1
ENSG00000266821	0	NA	NA	0	NA	NA	NA	1
ENSG00000266840	0	NA	NA	0	NA	NA	NA	1
ENSG00000266844	0	NA	NA	0	NA	NA	NA	1
ENSG00000266850	0	NA	NA	0	NA	NA	NA	1
ENSG00000266896	0	NA	NA	0	NA	NA	NA	1
ENSG00000266897	0	NA	NA	0	NA	NA	NA	1
ENSG00000266900	0	NA	NA	0	NA	NA	NA	1
ENSG00000266905	0	NA	NA	0	NA	NA	NA	1
ENSG00000266919	0	NA	NA	0	NA	NA	NA	1
ENSG00000266921	0	NA	NA	0	NA	NA	NA	1
ENSG00000266924	0	NA	NA	0	NA	NA	NA	1
ENSG00000266929	0	NA	NA	0	NA	NA	NA	1
ENSG00000266934	0	NA	NA	0	NA	NA	NA	1
ENSG00000266951	0	NA	NA	0	NA	NA	NA	1
ENSG00000266955	0	NA	NA	0	NA	NA	NA	1
ENSG00000266957	0	NA	NA	0	NA	NA	NA	1
ENSG00000266961	0	NA	NA	0	NA	NA	NA	1
ENSG00000266962	0	NA	NA	0	NA	NA	NA	1
ENSG00000266963	0	NA	NA	0	NA	NA	NA	1
ENSG00000266975	0	NA	NA	0	NA	NA	NA	1
ENSG00000266978	0	NA	NA	0	NA	NA	NA	1
ENSG00000266980	0	NA	NA	0	NA	NA	NA	1
ENSG00000266981	0	NA	NA	0	NA	NA	NA	1
ENSG00000266983	0	NA	NA	0	NA	NA	NA	1
ENSG00000266985	0	NA	NA	0	NA	NA	NA	1
ENSG00000266987	0	NA	NA	0	NA	NA	NA	1
ENSG00000266990	0	NA	NA	0	NA	NA	NA	1
ENSG00000266994	0	NA	NA	0	NA	NA	NA	1
ENSG00000267002	0	NA	NA	0	NA	NA	NA	1
ENSG00000267004	0	NA	NA	0	NA	NA	NA	1
ENSG00000267007	0	NA	NA	0	NA	NA	NA	1
ENSG00000267009	0	NA	NA	0	NA	NA	NA	1
ENSG00000267024	0	NA	NA	0	NA	NA	NA	1
ENSG00000267030	0	NA	NA	0	NA	NA	NA	1
ENSG00000267039	0	NA	NA	0	NA	NA	NA	1
ENSG00000267040	0	NA	NA	0	NA	NA	NA	1
ENSG00000267042	0	NA	NA	0	NA	NA	NA	1
ENSG00000267044	0	NA	NA	0	NA	NA	NA	1
ENSG00000267047	0	NA	NA	0	NA	NA	NA	1
ENSG00000267048	0	NA	NA	0	NA	NA	NA	1
ENSG00000267052	0	NA	NA	0	NA	NA	NA	1
ENSG00000267054	0	NA	NA	0	NA	NA	NA	1
ENSG00000267058	0	NA	NA	0	NA	NA	NA	1
ENSG00000267062	0	NA	NA	0	NA	NA	NA	1
ENSG00000267070	0	NA	NA	0	NA	NA	NA	1
ENSG00000267072	0	NA	NA	0	NA	NA	NA	1
ENSG00000267073	0	NA	NA	0	NA	NA	NA	1
ENSG00000267077	0	NA	NA	0	NA	NA	NA	1
ENSG00000267078	0	NA	NA	0	NA	NA	NA	1
ENSG00000267079	0	NA	NA	0	NA	NA	NA	1
ENSG00000267080	0	NA	NA	0	NA	NA	NA	1
ENSG00000267082	0	NA	NA	0	NA	NA	NA	1
ENSG00000267090	0	NA	NA	0	NA	NA	NA	1
ENSG00000267098	0	NA	NA	0	NA	NA	NA	1
ENSG00000267104	0	NA	NA	0	NA	NA	NA	1
ENSG00000267105	0	NA	NA	0	NA	NA	NA	1
ENSG00000267108	0	NA	NA	0	NA	NA	NA	1
ENSG00000267114	0	NA	NA	0	NA	NA	NA	1
ENSG00000267117	0	NA	NA	0	NA	NA	NA	1
ENSG00000267123	0	NA	NA	0	NA	NA	NA	1
ENSG00000267124	0	NA	NA	0	NA	NA	NA	1
ENSG00000267125	0	NA	NA	0	NA	NA	NA	1
ENSG00000267128	0	NA	NA	0	NA	NA	NA	1
ENSG00000267133	0	NA	NA	0	NA	NA	NA	1
ENSG00000267137	0	NA	NA	0	NA	NA	NA	1
ENSG00000267141	0	NA	NA	0	NA	NA	NA	1
ENSG00000267144	0	NA	NA	0	NA	NA	NA	1
ENSG00000267160	0	NA	NA	0	NA	NA	NA	1
ENSG00000267174	0	NA	NA	0	NA	NA	NA	1
ENSG00000267191	0	NA	NA	0	NA	NA	NA	1
ENSG00000267196	0	NA	NA	0	NA	NA	NA	1
ENSG00000267197	0	NA	NA	0	NA	NA	NA	1
ENSG00000267199	0	NA	NA	0	NA	NA	NA	1
ENSG00000267211	0	NA	NA	0	NA	NA	NA	1
ENSG00000267212	0	NA	NA	0	NA	NA	NA	1
ENSG00000267215	0	NA	NA	0	NA	NA	NA	1
ENSG00000267216	0	NA	NA	0	NA	NA	NA	1
ENSG00000267225	0	NA	NA	0	NA	NA	NA	1
ENSG00000267226	0	NA	NA	0	NA	NA	NA	1
ENSG00000267231	0	NA	NA	0	NA	NA	NA	1
ENSG00000267232	0	NA	NA	0	NA	NA	NA	1
ENSG00000267234	0	NA	NA	0	NA	NA	NA	1
ENSG00000267244	0	NA	NA	0	NA	NA	NA	1
ENSG00000267249	0	NA	NA	0	NA	NA	NA	1
ENSG00000267250	0	NA	NA	0	NA	NA	NA	1
ENSG00000267251	0	NA	NA	0	NA	NA	NA	1
ENSG00000267255	0	NA	NA	0	NA	NA	NA	1
ENSG00000267270	0	NA	NA	0	NA	NA	NA	1
ENSG00000267272	0	NA	NA	0	NA	NA	NA	1
ENSG00000267275	0	NA	NA	0	NA	NA	NA	1
ENSG00000267277	0	NA	NA	0	NA	NA	NA	1
ENSG00000267283	0	NA	NA	0	NA	NA	NA	1
ENSG00000267289	0	NA	NA	0	NA	NA	NA	1
ENSG00000267291	0	NA	NA	0	NA	NA	NA	1
ENSG00000267317	0	NA	NA	0	NA	NA	NA	1
ENSG00000267322	0	NA	NA	0	NA	NA	NA	1
ENSG00000267328	0	NA	NA	0	NA	NA	NA	1
ENSG00000267334	0	NA	NA	0	NA	NA	NA	1
ENSG00000267342	0	NA	NA	0	NA	NA	NA	1
ENSG00000267348	0	NA	NA	0	NA	NA	NA	1
ENSG00000267375	0	NA	NA	0	NA	NA	NA	1
ENSG00000267387	0	NA	NA	0	NA	NA	NA	1
ENSG00000267388	0	NA	NA	0	NA	NA	NA	1
ENSG00000267394	0	NA	NA	0	NA	NA	NA	1
ENSG00000267395	0	NA	NA	0	NA	NA	NA	1
ENSG00000267407	0	NA	NA	0	NA	NA	NA	1
ENSG00000267424	0	NA	NA	0	NA	NA	NA	1
ENSG00000267436	0	NA	NA	0	NA	NA	NA	1
ENSG00000267439	0	NA	NA	0	NA	NA	NA	1
ENSG00000267457	0	NA	NA	0	NA	NA	NA	1
ENSG00000267461	0	NA	NA	0	NA	NA	NA	1
ENSG00000267465	0	NA	NA	0	NA	NA	NA	1
ENSG00000267474	0	NA	NA	0	NA	NA	NA	1
ENSG00000267484	0	NA	NA	0	NA	NA	NA	1
ENSG00000267512	0	NA	NA	0	NA	NA	NA	1
ENSG00000267517	0	NA	NA	0	NA	NA	NA	1
ENSG00000267520	0	NA	NA	0	NA	NA	NA	1
ENSG00000267523	0	NA	NA	0	NA	NA	NA	1
ENSG00000267532	0	NA	NA	0	NA	NA	NA	1
ENSG00000267543	0	NA	NA	0	NA	NA	NA	1
ENSG00000267546	0	NA	NA	0	NA	NA	NA	1
ENSG00000267550	0	NA	NA	0	NA	NA	NA	1
ENSG00000267560	0	NA	NA	0	NA	NA	NA	1
ENSG00000267563	0	NA	NA	0	NA	NA	NA	1
ENSG00000267571	0	NA	NA	0	NA	NA	NA	1
ENSG00000267576	0	NA	NA	0	NA	NA	NA	1
ENSG00000267583	0	NA	NA	0	NA	NA	NA	1
ENSG00000267586	0	NA	NA	0	NA	NA	NA	1
ENSG00000267593	0	NA	NA	0	NA	NA	NA	1
ENSG00000267599	0	NA	NA	0	NA	NA	NA	1
ENSG00000267601	0	NA	NA	0	NA	NA	NA	1
ENSG00000267604	0	NA	NA	0	NA	NA	NA	1
ENSG00000267615	0	NA	NA	0	NA	NA	NA	1
ENSG00000267626	0	NA	NA	0	NA	NA	NA	1
ENSG00000267627	0	NA	NA	0	NA	NA	NA	1
ENSG00000267629	0	NA	NA	0	NA	NA	NA	1
ENSG00000267636	0	NA	NA	0	NA	NA	NA	1
ENSG00000267638	0	NA	NA	0	NA	NA	NA	1
ENSG00000267642	0	NA	NA	0	NA	NA	NA	1
ENSG00000267650	0	NA	NA	0	NA	NA	NA	1
ENSG00000267651	0	NA	NA	0	NA	NA	NA	1
ENSG00000267653	0	NA	NA	0	NA	NA	NA	1
ENSG00000267658	0	NA	NA	0	NA	NA	NA	1
ENSG00000267659	0	NA	NA	0	NA	NA	NA	1
ENSG00000267662	0	NA	NA	0	NA	NA	NA	1
ENSG00000267666	0	NA	NA	0	NA	NA	NA	1
ENSG00000267670	0	NA	NA	0	NA	NA	NA	1
ENSG00000267674	0	NA	NA	0	NA	NA	NA	1
ENSG00000267695	0	NA	NA	0	NA	NA	NA	1
ENSG00000267698	0	NA	NA	0	NA	NA	NA	1
ENSG00000267703	0	NA	NA	0	NA	NA	NA	1
ENSG00000267724	0	NA	NA	0	NA	NA	NA	1
ENSG00000267726	0	NA	NA	0	NA	NA	NA	1
ENSG00000267729	0	NA	NA	0	NA	NA	NA	1
ENSG00000267734	0	NA	NA	0	NA	NA	NA	1
ENSG00000267735	0	NA	NA	0	NA	NA	NA	1
ENSG00000267746	0	NA	NA	0	NA	NA	NA	1
ENSG00000267751	0	NA	NA	0	NA	NA	NA	1
ENSG00000267757	0	NA	NA	0	NA	NA	NA	1
ENSG00000267765	0	NA	NA	0	NA	NA	NA	1
ENSG00000267766	0	NA	NA	0	NA	NA	NA	1
ENSG00000267767	0	NA	NA	0	NA	NA	NA	1
ENSG00000267777	0	NA	NA	0	NA	NA	NA	1
ENSG00000267778	0	NA	NA	0	NA	NA	NA	1
ENSG00000267779	0	NA	NA	0	NA	NA	NA	1
ENSG00000267780	0	NA	NA	0	NA	NA	NA	1
ENSG00000267787	0	NA	NA	0	NA	NA	NA	1
ENSG00000267789	0	NA	NA	0	NA	NA	NA	1
ENSG00000267801	0	NA	NA	0	NA	NA	NA	1
ENSG00000267827	0	NA	NA	0	NA	NA	NA	1
ENSG00000267857	0	NA	NA	0	NA	NA	NA	1
ENSG00000267858	0	NA	NA	0	NA	NA	NA	1
ENSG00000267879	0	NA	NA	0	NA	NA	NA	1
ENSG00000267904	0	NA	NA	0	NA	NA	NA	1
ENSG00000267905	0	NA	NA	0	NA	NA	NA	1
ENSG00000267922	0	NA	NA	0	NA	NA	NA	1
ENSG00000267939	0	NA	NA	0	NA	NA	NA	1
ENSG00000267968	0	NA	NA	0	NA	NA	NA	1
ENSG00000267980	0	NA	NA	0	NA	NA	NA	1
ENSG00000267984	0	NA	NA	0	NA	NA	NA	1
ENSG00000267986	0	NA	NA	0	NA	NA	NA	1
ENSG00000268006	0	NA	NA	0	NA	NA	NA	1
ENSG00000268015	0	NA	NA	0	NA	NA	NA	1
ENSG00000268047	0	NA	NA	0	NA	NA	NA	1
ENSG00000268056	0	NA	NA	0	NA	NA	NA	1
ENSG00000268061	0	NA	NA	0	NA	NA	NA	1
ENSG00000268066	0	NA	NA	0	NA	NA	NA	1
ENSG00000268069	0	NA	NA	0	NA	NA	NA	1
ENSG00000268087	0	NA	NA	0	NA	NA	NA	1
ENSG00000268093	0	NA	NA	0	NA	NA	NA	1
ENSG00000268112	0	NA	NA	0	NA	NA	NA	1
ENSG00000268120	0	NA	NA	0	NA	NA	NA	1
ENSG00000268149	0	NA	NA	0	NA	NA	NA	1
ENSG00000268189	0	NA	NA	0	NA	NA	NA	1
ENSG00000268191	0	NA	NA	0	NA	NA	NA	1
ENSG00000268203	0	NA	NA	0	NA	NA	NA	1
ENSG00000268230	0	NA	NA	0	NA	NA	NA	1
ENSG00000268257	0	NA	NA	0	NA	NA	NA	1
ENSG00000268287	0	NA	NA	0	NA	NA	NA	1
ENSG00000268289	0	NA	NA	0	NA	NA	NA	1
ENSG00000268366	0	NA	NA	0	NA	NA	NA	1
ENSG00000268390	0	NA	NA	0	NA	NA	NA	1
ENSG00000268401	0	NA	NA	0	NA	NA	NA	1
ENSG00000268472	0	NA	NA	0	NA	NA	NA	1
ENSG00000268496	0	NA	NA	0	NA	NA	NA	1
ENSG00000268520	0	NA	NA	0	NA	NA	NA	1
ENSG00000268536	0	NA	NA	0	NA	NA	NA	1
ENSG00000268564	0	NA	NA	0	NA	NA	NA	1
ENSG00000268565	0	NA	NA	0	NA	NA	NA	1
ENSG00000268573	0	NA	NA	0	NA	NA	NA	1
ENSG00000268575	0	NA	NA	0	NA	NA	NA	1
ENSG00000268583	0	NA	NA	0	NA	NA	NA	1
ENSG00000268592	0	NA	NA	0	NA	NA	NA	1
ENSG00000268601	0	NA	NA	0	NA	NA	NA	1
ENSG00000268603	0	NA	NA	0	NA	NA	NA	1
ENSG00000268605	0	NA	NA	0	NA	NA	NA	1
ENSG00000268618	0	NA	NA	0	NA	NA	NA	1
ENSG00000268635	0	NA	NA	0	NA	NA	NA	1
ENSG00000268636	0	NA	NA	0	NA	NA	NA	1
ENSG00000268650	0	NA	NA	0	NA	NA	NA	1
ENSG00000268670	0	NA	NA	0	NA	NA	NA	1
ENSG00000268677	0	NA	NA	0	NA	NA	NA	1
ENSG00000268729	0	NA	NA	0	NA	NA	NA	1
ENSG00000268739	0	NA	NA	0	NA	NA	NA	1
ENSG00000268745	0	NA	NA	0	NA	NA	NA	1
ENSG00000268746	0	NA	NA	0	NA	NA	NA	1
ENSG00000268764	0	NA	NA	0	NA	NA	NA	1
ENSG00000268810	0	NA	NA	0	NA	NA	NA	1
ENSG00000268812	0	NA	NA	0	NA	NA	NA	1
ENSG00000268858	0	NA	NA	0	NA	NA	NA	1
ENSG00000268889	0	NA	NA	0	NA	NA	NA	1
ENSG00000268895	0	NA	NA	0	NA	NA	NA	1
ENSG00000268896	0	NA	NA	0	NA	NA	NA	1
ENSG00000268906	0	NA	NA	0	NA	NA	NA	1
ENSG00000268931	0	NA	NA	0	NA	NA	NA	1
ENSG00000268945	0	NA	NA	0	NA	NA	NA	1
ENSG00000268985	0	NA	NA	0	NA	NA	NA	1
ENSG00000268987	0	NA	NA	0	NA	NA	NA	1
ENSG00000269019	0	NA	NA	0	NA	NA	NA	1
ENSG00000269037	0	NA	NA	0	NA	NA	NA	1
ENSG00000269044	0	NA	NA	0	NA	NA	NA	1
ENSG00000269050	0	NA	NA	0	NA	NA	NA	1
ENSG00000269053	0	NA	NA	0	NA	NA	NA	1
ENSG00000269068	0	NA	NA	0	NA	NA	NA	1
ENSG00000269086	0	NA	NA	0	NA	NA	NA	1
ENSG00000269091	0	NA	NA	0	NA	NA	NA	1
ENSG00000269124	0	NA	NA	0	NA	NA	NA	1
ENSG00000269125	0	NA	NA	0	NA	NA	NA	1
ENSG00000269145	0	NA	NA	0	NA	NA	NA	1
ENSG00000269148	0	NA	NA	0	NA	NA	NA	1
ENSG00000269172	0	NA	NA	0	NA	NA	NA	1
ENSG00000269177	0	NA	NA	0	NA	NA	NA	1
ENSG00000269194	0	NA	NA	0	NA	NA	NA	1
ENSG00000269220	0	NA	NA	0	NA	NA	NA	1
ENSG00000269243	0	NA	NA	0	NA	NA	NA	1
ENSG00000269246	0	NA	NA	0	NA	NA	NA	1
ENSG00000269318	0	NA	NA	0	NA	NA	NA	1
ENSG00000269321	0	NA	NA	0	NA	NA	NA	1
ENSG00000269350	0	NA	NA	0	NA	NA	NA	1
ENSG00000269352	0	NA	NA	0	NA	NA	NA	1
ENSG00000269356	0	NA	NA	0	NA	NA	NA	1
ENSG00000269371	0	NA	NA	0	NA	NA	NA	1
ENSG00000269376	0	NA	NA	0	NA	NA	NA	1
ENSG00000269387	0	NA	NA	0	NA	NA	NA	1
ENSG00000269392	0	NA	NA	0	NA	NA	NA	1
ENSG00000269399	0	NA	NA	0	NA	NA	NA	1
ENSG00000269420	0	NA	NA	0	NA	NA	NA	1
ENSG00000269425	0	NA	NA	0	NA	NA	NA	1
ENSG00000269427	0	NA	NA	0	NA	NA	NA	1
ENSG00000269444	0	NA	NA	0	NA	NA	NA	1
ENSG00000269446	0	NA	NA	0	NA	NA	NA	1
ENSG00000269473	0	NA	NA	0	NA	NA	NA	1
ENSG00000269480	0	NA	NA	0	NA	NA	NA	1
ENSG00000269481	0	NA	NA	0	NA	NA	NA	1
ENSG00000269482	0	NA	NA	0	NA	NA	NA	1
ENSG00000269487	0	NA	NA	0	NA	NA	NA	1
ENSG00000269495	0	NA	NA	0	NA	NA	NA	1
ENSG00000269514	0	NA	NA	0	NA	NA	NA	1
ENSG00000269534	0	NA	NA	0	NA	NA	NA	1
ENSG00000269553	0	NA	NA	0	NA	NA	NA	1
ENSG00000269570	0	NA	NA	0	NA	NA	NA	1
ENSG00000269578	0	NA	NA	0	NA	NA	NA	1
ENSG00000269583	0	NA	NA	0	NA	NA	NA	1
ENSG00000269604	0	NA	NA	0	NA	NA	NA	1
ENSG00000269609	0	NA	NA	0	NA	NA	NA	1
ENSG00000269621	0	NA	NA	0	NA	NA	NA	1
ENSG00000269635	0	NA	NA	0	NA	NA	NA	1
ENSG00000269656	0	NA	NA	0	NA	NA	NA	1
ENSG00000269680	0	NA	NA	0	NA	NA	NA	1
ENSG00000269688	0	NA	NA	0	NA	NA	NA	1
ENSG00000269736	0	NA	NA	0	NA	NA	NA	1
ENSG00000269745	0	NA	NA	0	NA	NA	NA	1
ENSG00000269752	0	NA	NA	0	NA	NA	NA	1
ENSG00000269792	0	NA	NA	0	NA	NA	NA	1
ENSG00000269802	0	NA	NA	0	NA	NA	NA	1
ENSG00000269807	0	NA	NA	0	NA	NA	NA	1
ENSG00000269813	0	NA	NA	0	NA	NA	NA	1
ENSG00000269815	0	NA	NA	0	NA	NA	NA	1
ENSG00000269836	0	NA	NA	0	NA	NA	NA	1
ENSG00000269843	0	NA	NA	0	NA	NA	NA	1
ENSG00000269846	0	NA	NA	0	NA	NA	NA	1
ENSG00000269883	0	NA	NA	0	NA	NA	NA	1
ENSG00000269886	0	NA	NA	0	NA	NA	NA	1
ENSG00000269888	0	NA	NA	0	NA	NA	NA	1
ENSG00000269889	0	NA	NA	0	NA	NA	NA	1
ENSG00000269892	0	NA	NA	0	NA	NA	NA	1
ENSG00000269901	0	NA	NA	0	NA	NA	NA	1
ENSG00000269903	0	NA	NA	0	NA	NA	NA	1
ENSG00000269906	0	NA	NA	0	NA	NA	NA	1
ENSG00000269910	0	NA	NA	0	NA	NA	NA	1
ENSG00000269915	0	NA	NA	0	NA	NA	NA	1
ENSG00000269918	0	NA	NA	0	NA	NA	NA	1
ENSG00000269919	0	NA	NA	0	NA	NA	NA	1
ENSG00000269921	0	NA	NA	0	NA	NA	NA	1
ENSG00000269940	0	NA	NA	0	NA	NA	NA	1
ENSG00000269944	0	NA	NA	0	NA	NA	NA	1
ENSG00000269947	0	NA	NA	0	NA	NA	NA	1
ENSG00000269949	0	NA	NA	0	NA	NA	NA	1
ENSG00000269951	0	NA	NA	0	NA	NA	NA	1
ENSG00000269952	0	NA	NA	0	NA	NA	NA	1
ENSG00000269956	0	NA	NA	0	NA	NA	NA	1
ENSG00000269957	0	NA	NA	0	NA	NA	NA	1
ENSG00000269958	0	NA	NA	0	NA	NA	NA	1
ENSG00000269959	0	NA	NA	0	NA	NA	NA	1
ENSG00000269961	0	NA	NA	0	NA	NA	NA	1
ENSG00000269966	0	NA	NA	0	NA	NA	NA	1
ENSG00000269970	0	NA	NA	0	NA	NA	NA	1
ENSG00000269971	0	NA	NA	0	NA	NA	NA	1
ENSG00000269976	0	NA	NA	0	NA	NA	NA	1
ENSG00000269980	0	NA	NA	0	NA	NA	NA	1
ENSG00000269982	0	NA	NA	0	NA	NA	NA	1
ENSG00000269984	0	NA	NA	0	NA	NA	NA	1
ENSG00000269989	0	NA	NA	0	NA	NA	NA	1
ENSG00000270012	0	NA	NA	0	NA	NA	NA	1
ENSG00000270021	0	NA	NA	0	NA	NA	NA	1
ENSG00000270022	0	NA	NA	0	NA	NA	NA	1
ENSG00000270031	0	NA	NA	0	NA	NA	NA	1
ENSG00000270036	0	NA	NA	0	NA	NA	NA	1
ENSG00000270038	0	NA	NA	0	NA	NA	NA	1
ENSG00000270039	0	NA	NA	0	NA	NA	NA	1
ENSG00000270050	0	NA	NA	0	NA	NA	NA	1
ENSG00000270059	0	NA	NA	0	NA	NA	NA	1
ENSG00000270060	0	NA	NA	0	NA	NA	NA	1
ENSG00000270062	0	NA	NA	0	NA	NA	NA	1
ENSG00000270075	0	NA	NA	0	NA	NA	NA	1
ENSG00000270083	0	NA	NA	0	NA	NA	NA	1
ENSG00000270084	0	NA	NA	0	NA	NA	NA	1
ENSG00000270090	0	NA	NA	0	NA	NA	NA	1
ENSG00000270094	0	NA	NA	0	NA	NA	NA	1
ENSG00000270096	0	NA	NA	0	NA	NA	NA	1
ENSG00000270100	0	NA	NA	0	NA	NA	NA	1
ENSG00000270104	0	NA	NA	0	NA	NA	NA	1
ENSG00000270108	0	NA	NA	0	NA	NA	NA	1
ENSG00000270115	0	NA	NA	0	NA	NA	NA	1
ENSG00000270127	0	NA	NA	0	NA	NA	NA	1
ENSG00000270133	0	NA	NA	0	NA	NA	NA	1
ENSG00000270135	0	NA	NA	0	NA	NA	NA	1
ENSG00000270137	0	NA	NA	0	NA	NA	NA	1
ENSG00000270157	0	NA	NA	0	NA	NA	NA	1
ENSG00000270165	0	NA	NA	0	NA	NA	NA	1
ENSG00000270177	0	NA	NA	0	NA	NA	NA	1
ENSG00000270182	0	NA	NA	0	NA	NA	NA	1
ENSG00000270207	0	NA	NA	0	NA	NA	NA	1
ENSG00000270210	0	NA	NA	0	NA	NA	NA	1
ENSG00000270212	0	NA	NA	0	NA	NA	NA	1
ENSG00000270240	0	NA	NA	0	NA	NA	NA	1
ENSG00000270279	0	NA	NA	0	NA	NA	NA	1
ENSG00000270580	0	NA	NA	0	NA	NA	NA	1
ENSG00000270589	0	NA	NA	0	NA	NA	NA	1
ENSG00000270638	0	NA	NA	0	NA	NA	NA	1
ENSG00000270640	0	NA	NA	0	NA	NA	NA	1
ENSG00000270641	0	NA	NA	0	NA	NA	NA	1
ENSG00000270661	0	NA	NA	0	NA	NA	NA	1
ENSG00000270673	0	NA	NA	0	NA	NA	NA	1
ENSG00000270697	0	NA	NA	0	NA	NA	NA	1
ENSG00000270820	0	NA	NA	0	NA	NA	NA	1
ENSG00000270828	0	NA	NA	0	NA	NA	NA	1
ENSG00000270829	0	NA	NA	0	NA	NA	NA	1
ENSG00000270871	0	NA	NA	0	NA	NA	NA	1
ENSG00000270876	0	NA	NA	0	NA	NA	NA	1
ENSG00000270894	0	NA	NA	0	NA	NA	NA	1
ENSG00000270937	0	NA	NA	0	NA	NA	NA	1
ENSG00000270964	0	NA	NA	0	NA	NA	NA	1
ENSG00000270988	0	NA	NA	0	NA	NA	NA	1
ENSG00000271109	0	NA	NA	0	NA	NA	NA	1
ENSG00000271147	0	NA	NA	0	NA	NA	NA	1
ENSG00000271148	0	NA	NA	0	NA	NA	NA	1
ENSG00000271171	0	NA	NA	0	NA	NA	NA	1
ENSG00000271172	0	NA	NA	0	NA	NA	NA	1
ENSG00000271199	0	NA	NA	0	NA	NA	NA	1
ENSG00000271208	0	NA	NA	0	NA	NA	NA	1
ENSG00000271228	0	NA	NA	0	NA	NA	NA	1
ENSG00000271335	0	NA	NA	0	NA	NA	NA	1
ENSG00000271344	0	NA	NA	0	NA	NA	NA	1
ENSG00000271390	0	NA	NA	0	NA	NA	NA	1
ENSG00000271420	0	NA	NA	0	NA	NA	NA	1
ENSG00000271553	0	NA	NA	0	NA	NA	NA	1
ENSG00000271576	0	NA	NA	0	NA	NA	NA	1
ENSG00000271584	0	NA	NA	0	NA	NA	NA	1
ENSG00000271631	0	NA	NA	0	NA	NA	NA	1
ENSG00000271670	0	NA	NA	0	NA	NA	NA	1
ENSG00000271715	0	NA	NA	0	NA	NA	NA	1
ENSG00000271716	0	NA	NA	0	NA	NA	NA	1
ENSG00000271717	0	NA	NA	0	NA	NA	NA	1
ENSG00000271727	0	NA	NA	0	NA	NA	NA	1
ENSG00000271730	0	NA	NA	0	NA	NA	NA	1
ENSG00000271751	0	NA	NA	0	NA	NA	NA	1
ENSG00000271754	0	NA	NA	0	NA	NA	NA	1
ENSG00000271758	0	NA	NA	0	NA	NA	NA	1
ENSG00000271774	0	NA	NA	0	NA	NA	NA	1
ENSG00000271778	0	NA	NA	0	NA	NA	NA	1
ENSG00000271784	0	NA	NA	0	NA	NA	NA	1
ENSG00000271787	0	NA	NA	0	NA	NA	NA	1
ENSG00000271789	0	NA	NA	0	NA	NA	NA	1
ENSG00000271795	0	NA	NA	0	NA	NA	NA	1
ENSG00000271797	0	NA	NA	0	NA	NA	NA	1
ENSG00000271803	0	NA	NA	0	NA	NA	NA	1
ENSG00000271811	0	NA	NA	0	NA	NA	NA	1
ENSG00000271828	0	NA	NA	0	NA	NA	NA	1
ENSG00000271830	0	NA	NA	0	NA	NA	NA	1
ENSG00000271833	0	NA	NA	0	NA	NA	NA	1
ENSG00000271851	0	NA	NA	0	NA	NA	NA	1
ENSG00000271862	0	NA	NA	0	NA	NA	NA	1
ENSG00000271869	0	NA	NA	0	NA	NA	NA	1
ENSG00000271871	0	NA	NA	0	NA	NA	NA	1
ENSG00000271889	0	NA	NA	0	NA	NA	NA	1
ENSG00000271911	0	NA	NA	0	NA	NA	NA	1
ENSG00000271913	0	NA	NA	0	NA	NA	NA	1
ENSG00000271936	0	NA	NA	0	NA	NA	NA	1
ENSG00000271958	0	NA	NA	0	NA	NA	NA	1
ENSG00000271963	0	NA	NA	0	NA	NA	NA	1
ENSG00000271966	0	NA	NA	0	NA	NA	NA	1
ENSG00000271967	0	NA	NA	0	NA	NA	NA	1
ENSG00000271980	0	NA	NA	0	NA	NA	NA	1
ENSG00000271984	0	NA	NA	0	NA	NA	NA	1
ENSG00000271989	0	NA	NA	0	NA	NA	NA	1
ENSG00000271991	0	NA	NA	0	NA	NA	NA	1
ENSG00000271998	0	NA	NA	0	NA	NA	NA	1
ENSG00000272021	0	NA	NA	0	NA	NA	NA	1
ENSG00000272023	0	NA	NA	0	NA	NA	NA	1
ENSG00000272054	0	NA	NA	0	NA	NA	NA	1
ENSG00000272056	0	NA	NA	0	NA	NA	NA	1
ENSG00000272068	0	NA	NA	0	NA	NA	NA	1
ENSG00000272072	0	NA	NA	0	NA	NA	NA	1
ENSG00000272076	0	NA	NA	0	NA	NA	NA	1
ENSG00000272078	0	NA	NA	0	NA	NA	NA	1
ENSG00000272079	0	NA	NA	0	NA	NA	NA	1
ENSG00000272084	0	NA	NA	0	NA	NA	NA	1
ENSG00000272086	0	NA	NA	0	NA	NA	NA	1
ENSG00000272087	0	NA	NA	0	NA	NA	NA	1
ENSG00000272106	0	NA	NA	0	NA	NA	NA	1
ENSG00000272108	0	NA	NA	0	NA	NA	NA	1
ENSG00000272109	0	NA	NA	0	NA	NA	NA	1
ENSG00000272115	0	NA	NA	0	NA	NA	NA	1
ENSG00000272123	0	NA	NA	0	NA	NA	NA	1
ENSG00000272128	0	NA	NA	0	NA	NA	NA	1
ENSG00000272138	0	NA	NA	0	NA	NA	NA	1
ENSG00000272145	0	NA	NA	0	NA	NA	NA	1
ENSG00000272149	0	NA	NA	0	NA	NA	NA	1
ENSG00000272153	0	NA	NA	0	NA	NA	NA	1
ENSG00000272154	0	NA	NA	0	NA	NA	NA	1
ENSG00000272155	0	NA	NA	0	NA	NA	NA	1
ENSG00000272157	0	NA	NA	0	NA	NA	NA	1
ENSG00000272158	0	NA	NA	0	NA	NA	NA	1
ENSG00000272163	0	NA	NA	0	NA	NA	NA	1
ENSG00000272170	0	NA	NA	0	NA	NA	NA	1
ENSG00000272181	0	NA	NA	0	NA	NA	NA	1
ENSG00000272182	0	NA	NA	0	NA	NA	NA	1
ENSG00000272183	0	NA	NA	0	NA	NA	NA	1
ENSG00000272186	0	NA	NA	0	NA	NA	NA	1
ENSG00000272195	0	NA	NA	0	NA	NA	NA	1
ENSG00000272202	0	NA	NA	0	NA	NA	NA	1
ENSG00000272209	0	NA	NA	0	NA	NA	NA	1
ENSG00000272211	0	NA	NA	0	NA	NA	NA	1
ENSG00000272218	0	NA	NA	0	NA	NA	NA	1
ENSG00000272219	0	NA	NA	0	NA	NA	NA	1
ENSG00000272223	0	NA	NA	0	NA	NA	NA	1
ENSG00000272239	0	NA	NA	0	NA	NA	NA	1
ENSG00000272247	0	NA	NA	0	NA	NA	NA	1
ENSG00000272248	0	NA	NA	0	NA	NA	NA	1
ENSG00000272256	0	NA	NA	0	NA	NA	NA	1
ENSG00000272263	0	NA	NA	0	NA	NA	NA	1
ENSG00000272264	0	NA	NA	0	NA	NA	NA	1
ENSG00000272275	0	NA	NA	0	NA	NA	NA	1
ENSG00000272288	0	NA	NA	0	NA	NA	NA	1
ENSG00000272293	0	NA	NA	0	NA	NA	NA	1
ENSG00000272320	0	NA	NA	0	NA	NA	NA	1
ENSG00000272321	0	NA	NA	0	NA	NA	NA	1
ENSG00000272323	0	NA	NA	0	NA	NA	NA	1
ENSG00000272328	0	NA	NA	0	NA	NA	NA	1
ENSG00000272334	0	NA	NA	0	NA	NA	NA	1
ENSG00000272343	0	NA	NA	0	NA	NA	NA	1
ENSG00000272345	0	NA	NA	0	NA	NA	NA	1
ENSG00000272360	0	NA	NA	0	NA	NA	NA	1
ENSG00000272361	0	NA	NA	0	NA	NA	NA	1
ENSG00000272368	0	NA	NA	0	NA	NA	NA	1
ENSG00000272371	0	NA	NA	0	NA	NA	NA	1
ENSG00000272386	0	NA	NA	0	NA	NA	NA	1
ENSG00000272402	0	NA	NA	0	NA	NA	NA	1
ENSG00000272405	0	NA	NA	0	NA	NA	NA	1
ENSG00000272406	0	NA	NA	0	NA	NA	NA	1
ENSG00000272411	0	NA	NA	0	NA	NA	NA	1
ENSG00000272417	0	NA	NA	0	NA	NA	NA	1
ENSG00000272418	0	NA	NA	0	NA	NA	NA	1
ENSG00000272425	0	NA	NA	0	NA	NA	NA	1
ENSG00000272434	0	NA	NA	0	NA	NA	NA	1
ENSG00000272446	0	NA	NA	0	NA	NA	NA	1
ENSG00000272459	0	NA	NA	0	NA	NA	NA	1
ENSG00000272462	0	NA	NA	0	NA	NA	NA	1
ENSG00000272472	0	NA	NA	0	NA	NA	NA	1
ENSG00000272478	0	NA	NA	0	NA	NA	NA	1
ENSG00000272483	0	NA	NA	0	NA	NA	NA	1
ENSG00000272491	0	NA	NA	0	NA	NA	NA	1
ENSG00000272506	0	NA	NA	0	NA	NA	NA	1
ENSG00000272509	0	NA	NA	0	NA	NA	NA	1
ENSG00000272512	0	NA	NA	0	NA	NA	NA	1
ENSG00000272518	0	NA	NA	0	NA	NA	NA	1
ENSG00000272540	0	NA	NA	0	NA	NA	NA	1
ENSG00000272555	0	NA	NA	0	NA	NA	NA	1
ENSG00000272558	0	NA	NA	0	NA	NA	NA	1
ENSG00000272574	0	NA	NA	0	NA	NA	NA	1
ENSG00000272576	0	NA	NA	0	NA	NA	NA	1
ENSG00000272588	0	NA	NA	0	NA	NA	NA	1
ENSG00000272589	0	NA	NA	0	NA	NA	NA	1
ENSG00000272599	0	NA	NA	0	NA	NA	NA	1
ENSG00000272600	0	NA	NA	0	NA	NA	NA	1
ENSG00000272610	0	NA	NA	0	NA	NA	NA	1
ENSG00000272619	0	NA	NA	0	NA	NA	NA	1
ENSG00000272622	0	NA	NA	0	NA	NA	NA	1
ENSG00000272625	0	NA	NA	0	NA	NA	NA	1
ENSG00000272627	0	NA	NA	0	NA	NA	NA	1
ENSG00000272630	0	NA	NA	0	NA	NA	NA	1
ENSG00000272638	0	NA	NA	0	NA	NA	NA	1
ENSG00000272639	0	NA	NA	0	NA	NA	NA	1
ENSG00000272654	0	NA	NA	0	NA	NA	NA	1
ENSG00000272660	0	NA	NA	0	NA	NA	NA	1
ENSG00000272661	0	NA	NA	0	NA	NA	NA	1
ENSG00000272663	0	NA	NA	0	NA	NA	NA	1
ENSG00000272666	0	NA	NA	0	NA	NA	NA	1
ENSG00000272678	0	NA	NA	0	NA	NA	NA	1
ENSG00000272682	0	NA	NA	0	NA	NA	NA	1
ENSG00000272689	0	NA	NA	0	NA	NA	NA	1
ENSG00000272695	0	NA	NA	0	NA	NA	NA	1
ENSG00000272696	0	NA	NA	0	NA	NA	NA	1
ENSG00000272702	0	NA	NA	0	NA	NA	NA	1
ENSG00000272707	0	NA	NA	0	NA	NA	NA	1
ENSG00000272716	0	NA	NA	0	NA	NA	NA	1
ENSG00000272719	0	NA	NA	0	NA	NA	NA	1
ENSG00000272720	0	NA	NA	0	NA	NA	NA	1
ENSG00000272732	0	NA	NA	0	NA	NA	NA	1
ENSG00000272734	0	NA	NA	0	NA	NA	NA	1
ENSG00000272736	0	NA	NA	0	NA	NA	NA	1
ENSG00000272742	0	NA	NA	0	NA	NA	NA	1
ENSG00000272744	0	NA	NA	0	NA	NA	NA	1
ENSG00000272745	0	NA	NA	0	NA	NA	NA	1
ENSG00000272754	0	NA	NA	0	NA	NA	NA	1
ENSG00000272758	0	NA	NA	0	NA	NA	NA	1
ENSG00000272762	0	NA	NA	0	NA	NA	NA	1
ENSG00000272763	0	NA	NA	0	NA	NA	NA	1
ENSG00000272764	0	NA	NA	0	NA	NA	NA	1
ENSG00000272767	0	NA	NA	0	NA	NA	NA	1
ENSG00000272770	0	NA	NA	0	NA	NA	NA	1
ENSG00000272777	0	NA	NA	0	NA	NA	NA	1
ENSG00000272783	0	NA	NA	0	NA	NA	NA	1
ENSG00000272784	0	NA	NA	0	NA	NA	NA	1
ENSG00000272795	0	NA	NA	0	NA	NA	NA	1
ENSG00000272799	0	NA	NA	0	NA	NA	NA	1
ENSG00000272800	0	NA	NA	0	NA	NA	NA	1
ENSG00000272801	0	NA	NA	0	NA	NA	NA	1
ENSG00000272807	0	NA	NA	0	NA	NA	NA	1
ENSG00000272808	0	NA	NA	0	NA	NA	NA	1
ENSG00000272817	0	NA	NA	0	NA	NA	NA	1
ENSG00000272821	0	NA	NA	0	NA	NA	NA	1
ENSG00000272823	0	NA	NA	0	NA	NA	NA	1
ENSG00000272825	0	NA	NA	0	NA	NA	NA	1
ENSG00000272829	0	NA	NA	0	NA	NA	NA	1
ENSG00000272836	0	NA	NA	0	NA	NA	NA	1
ENSG00000272842	0	NA	NA	0	NA	NA	NA	1
ENSG00000272848	0	NA	NA	0	NA	NA	NA	1
ENSG00000272854	0	NA	NA	0	NA	NA	NA	1
ENSG00000272856	0	NA	NA	0	NA	NA	NA	1
ENSG00000272858	0	NA	NA	0	NA	NA	NA	1
ENSG00000272862	0	NA	NA	0	NA	NA	NA	1
ENSG00000272884	0	NA	NA	0	NA	NA	NA	1
ENSG00000272892	0	NA	NA	0	NA	NA	NA	1
ENSG00000272894	0	NA	NA	0	NA	NA	NA	1
ENSG00000272906	0	NA	NA	0	NA	NA	NA	1
ENSG00000272910	0	NA	NA	0	NA	NA	NA	1
ENSG00000272911	0	NA	NA	0	NA	NA	NA	1
ENSG00000272912	0	NA	NA	0	NA	NA	NA	1
ENSG00000272915	0	NA	NA	0	NA	NA	NA	1
ENSG00000272920	0	NA	NA	0	NA	NA	NA	1
ENSG00000272922	0	NA	NA	0	NA	NA	NA	1
ENSG00000272927	0	NA	NA	0	NA	NA	NA	1
ENSG00000272933	0	NA	NA	0	NA	NA	NA	1
ENSG00000272941	0	NA	NA	0	NA	NA	NA	1
ENSG00000272945	0	NA	NA	0	NA	NA	NA	1
ENSG00000272954	0	NA	NA	0	NA	NA	NA	1
ENSG00000272966	0	NA	NA	0	NA	NA	NA	1
ENSG00000272970	0	NA	NA	0	NA	NA	NA	1
ENSG00000272971	0	NA	NA	0	NA	NA	NA	1
ENSG00000272975	0	NA	NA	0	NA	NA	NA	1
ENSG00000272979	0	NA	NA	0	NA	NA	NA	1
ENSG00000272982	0	NA	NA	0	NA	NA	NA	1
ENSG00000272988	0	NA	NA	0	NA	NA	NA	1
ENSG00000272994	0	NA	NA	0	NA	NA	NA	1
ENSG00000273008	0	NA	NA	0	NA	NA	NA	1
ENSG00000273013	0	NA	NA	0	NA	NA	NA	1
ENSG00000273026	0	NA	NA	0	NA	NA	NA	1
ENSG00000273032	0	NA	NA	0	NA	NA	NA	1
ENSG00000273033	0	NA	NA	0	NA	NA	NA	1
ENSG00000273046	0	NA	NA	0	NA	NA	NA	1
ENSG00000273055	0	NA	NA	0	NA	NA	NA	1
ENSG00000273064	0	NA	NA	0	NA	NA	NA	1
ENSG00000273080	0	NA	NA	0	NA	NA	NA	1
ENSG00000273082	0	NA	NA	0	NA	NA	NA	1
ENSG00000273096	0	NA	NA	0	NA	NA	NA	1
ENSG00000273102	0	NA	NA	0	NA	NA	NA	1
ENSG00000273104	0	NA	NA	0	NA	NA	NA	1
ENSG00000273107	0	NA	NA	0	NA	NA	NA	1
ENSG00000273108	0	NA	NA	0	NA	NA	NA	1
ENSG00000273115	0	NA	NA	0	NA	NA	NA	1
ENSG00000273133	0	NA	NA	0	NA	NA	NA	1
ENSG00000273137	0	NA	NA	0	NA	NA	NA	1
ENSG00000273141	0	NA	NA	0	NA	NA	NA	1
ENSG00000273148	0	NA	NA	0	NA	NA	NA	1
ENSG00000273149	0	NA	NA	0	NA	NA	NA	1
ENSG00000273153	0	NA	NA	0	NA	NA	NA	1
ENSG00000273172	0	NA	NA	0	NA	NA	NA	1
ENSG00000273174	0	NA	NA	0	NA	NA	NA	1
ENSG00000273175	0	NA	NA	0	NA	NA	NA	1
ENSG00000273179	0	NA	NA	0	NA	NA	NA	1
ENSG00000273180	0	NA	NA	0	NA	NA	NA	1
ENSG00000273184	0	NA	NA	0	NA	NA	NA	1
ENSG00000273186	0	NA	NA	0	NA	NA	NA	1
ENSG00000273192	0	NA	NA	0	NA	NA	NA	1
ENSG00000273196	0	NA	NA	0	NA	NA	NA	1
ENSG00000273204	0	NA	NA	0	NA	NA	NA	1
ENSG00000273209	0	NA	NA	0	NA	NA	NA	1
ENSG00000273210	0	NA	NA	0	NA	NA	NA	1
ENSG00000273211	0	NA	NA	0	NA	NA	NA	1
ENSG00000273212	0	NA	NA	0	NA	NA	NA	1
ENSG00000273216	0	NA	NA	0	NA	NA	NA	1
ENSG00000273218	0	NA	NA	0	NA	NA	NA	1
ENSG00000273219	0	NA	NA	0	NA	NA	NA	1
ENSG00000273221	0	NA	NA	0	NA	NA	NA	1
ENSG00000273226	0	NA	NA	0	NA	NA	NA	1
ENSG00000273230	0	NA	NA	0	NA	NA	NA	1
ENSG00000273247	0	NA	NA	0	NA	NA	NA	1
ENSG00000273253	0	NA	NA	0	NA	NA	NA	1
ENSG00000273254	0	NA	NA	0	NA	NA	NA	1
ENSG00000273257	0	NA	NA	0	NA	NA	NA	1
ENSG00000273258	0	NA	NA	0	NA	NA	NA	1
ENSG00000273261	0	NA	NA	0	NA	NA	NA	1
ENSG00000273262	0	NA	NA	0	NA	NA	NA	1
ENSG00000273264	0	NA	NA	0	NA	NA	NA	1
ENSG00000273265	0	NA	NA	0	NA	NA	NA	1
ENSG00000273267	0	NA	NA	0	NA	NA	NA	1
ENSG00000273271	0	NA	NA	0	NA	NA	NA	1
ENSG00000273272	0	NA	NA	0	NA	NA	NA	1
ENSG00000273275	0	NA	NA	0	NA	NA	NA	1
ENSG00000273284	0	NA	NA	0	NA	NA	NA	1
ENSG00000273287	0	NA	NA	0	NA	NA	NA	1
ENSG00000273297	0	NA	NA	0	NA	NA	NA	1
ENSG00000273299	0	NA	NA	0	NA	NA	NA	1
ENSG00000273300	0	NA	NA	0	NA	NA	NA	1
ENSG00000273302	0	NA	NA	0	NA	NA	NA	1
ENSG00000273314	0	NA	NA	0	NA	NA	NA	1
ENSG00000273328	0	NA	NA	0	NA	NA	NA	1
ENSG00000273333	0	NA	NA	0	NA	NA	NA	1
ENSG00000273341	0	NA	NA	0	NA	NA	NA	1
ENSG00000273342	0	NA	NA	0	NA	NA	NA	1
ENSG00000273348	0	NA	NA	0	NA	NA	NA	1
ENSG00000273350	0	NA	NA	0	NA	NA	NA	1
ENSG00000273353	0	NA	NA	0	NA	NA	NA	1
ENSG00000273356	0	NA	NA	0	NA	NA	NA	1
ENSG00000273360	0	NA	NA	0	NA	NA	NA	1
ENSG00000273361	0	NA	NA	0	NA	NA	NA	1
ENSG00000273365	0	NA	NA	0	NA	NA	NA	1
ENSG00000273367	0	NA	NA	0	NA	NA	NA	1
ENSG00000273369	0	NA	NA	0	NA	NA	NA	1
ENSG00000273373	0	NA	NA	0	NA	NA	NA	1
ENSG00000273374	0	NA	NA	0	NA	NA	NA	1
ENSG00000273375	0	NA	NA	0	NA	NA	NA	1
ENSG00000273388	0	NA	NA	0	NA	NA	NA	1
ENSG00000273391	0	NA	NA	0	NA	NA	NA	1
ENSG00000273394	0	NA	NA	0	NA	NA	NA	1
ENSG00000273396	0	NA	NA	0	NA	NA	NA	1
ENSG00000273403	0	NA	NA	0	NA	NA	NA	1
ENSG00000273413	0	NA	NA	0	NA	NA	NA	1
ENSG00000273419	0	NA	NA	0	NA	NA	NA	1
ENSG00000273420	0	NA	NA	0	NA	NA	NA	1
ENSG00000273428	0	NA	NA	0	NA	NA	NA	1
ENSG00000273433	0	NA	NA	0	NA	NA	NA	1
ENSG00000273437	0	NA	NA	0	NA	NA	NA	1
ENSG00000273443	0	NA	NA	0	NA	NA	NA	1
ENSG00000273454	0	NA	NA	0	NA	NA	NA	1
ENSG00000273483	0	NA	NA	0	NA	NA	NA	1
ENSG00000273485	0	NA	NA	0	NA	NA	NA	1
ENSG00000273487	0	NA	NA	0	NA	NA	NA	1
ENSG00000273489	0	NA	NA	0	NA	NA	NA	1
ENSG00000273493	0	NA	NA	0	NA	NA	NA	1
ENSG00000273523	0	NA	NA	0	NA	NA	NA	1
ENSG00000273552	0	NA	NA	0	NA	NA	NA	1
ENSG00000273553	0	NA	NA	0	NA	NA	NA	1
ENSG00000273568	0	NA	NA	0	NA	NA	NA	1
ENSG00000273618	0	NA	NA	0	NA	NA	NA	1
ENSG00000273619	0	NA	NA	0	NA	NA	NA	1
ENSG00000273650	0	NA	NA	0	NA	NA	NA	1
ENSG00000273659	0	NA	NA	0	NA	NA	NA	1
ENSG00000273674	0	NA	NA	0	NA	NA	NA	1
ENSG00000273687	0	NA	NA	0	NA	NA	NA	1
ENSG00000273691	0	NA	NA	0	NA	NA	NA	1
ENSG00000273733	0	NA	NA	0	NA	NA	NA	1
ENSG00000273759	0	NA	NA	0	NA	NA	NA	1
ENSG00000273786	0	NA	NA	0	NA	NA	NA	1
ENSG00000273796	0	NA	NA	0	NA	NA	NA	1
ENSG00000273797	0	NA	NA	0	NA	NA	NA	1
ENSG00000273816	0	NA	NA	0	NA	NA	NA	1
ENSG00000273828	0	NA	NA	0	NA	NA	NA	1
ENSG00000273838	0	NA	NA	0	NA	NA	NA	1
ENSG00000273855	0	NA	NA	0	NA	NA	NA	1
ENSG00000273893	0	NA	NA	0	NA	NA	NA	1
ENSG00000273965	0	NA	NA	0	NA	NA	NA	1
ENSG00000273971	0	NA	NA	0	NA	NA	NA	1
ENSG00000273973	0	NA	NA	0	NA	NA	NA	1
ENSG00000273980	0	NA	NA	0	NA	NA	NA	1
ENSG00000273987	0	NA	NA	0	NA	NA	NA	1
ENSG00000273998	0	NA	NA	0	NA	NA	NA	1
ENSG00000274002	0	NA	NA	0	NA	NA	NA	1
ENSG00000274023	0	NA	NA	0	NA	NA	NA	1
ENSG00000274029	0	NA	NA	0	NA	NA	NA	1
ENSG00000274038	0	NA	NA	0	NA	NA	NA	1
ENSG00000274080	0	NA	NA	0	NA	NA	NA	1
ENSG00000274104	0	NA	NA	0	NA	NA	NA	1
ENSG00000274156	0	NA	NA	0	NA	NA	NA	1
ENSG00000274159	0	NA	NA	0	NA	NA	NA	1
ENSG00000274177	0	NA	NA	0	NA	NA	NA	1
ENSG00000274184	0	NA	NA	0	NA	NA	NA	1
ENSG00000274198	0	NA	NA	0	NA	NA	NA	1
ENSG00000274225	0	NA	NA	0	NA	NA	NA	1
ENSG00000274227	0	NA	NA	0	NA	NA	NA	1
ENSG00000274251	0	NA	NA	0	NA	NA	NA	1
ENSG00000274269	0	NA	NA	0	NA	NA	NA	1
ENSG00000274272	0	NA	NA	0	NA	NA	NA	1
ENSG00000274275	0	NA	NA	0	NA	NA	NA	1
ENSG00000274317	0	NA	NA	0	NA	NA	NA	1
ENSG00000274341	0	NA	NA	0	NA	NA	NA	1
ENSG00000274354	0	NA	NA	0	NA	NA	NA	1
ENSG00000274363	0	NA	NA	0	NA	NA	NA	1
ENSG00000274364	0	NA	NA	0	NA	NA	NA	1
ENSG00000274367	0	NA	NA	0	NA	NA	NA	1
ENSG00000274379	0	NA	NA	0	NA	NA	NA	1
ENSG00000274383	0	NA	NA	0	NA	NA	NA	1
ENSG00000274400	0	NA	NA	0	NA	NA	NA	1
ENSG00000274403	0	NA	NA	0	NA	NA	NA	1
ENSG00000274414	0	NA	NA	0	NA	NA	NA	1
ENSG00000274421	0	NA	NA	0	NA	NA	NA	1
ENSG00000274425	0	NA	NA	0	NA	NA	NA	1
ENSG00000274461	0	NA	NA	0	NA	NA	NA	1
ENSG00000274492	0	NA	NA	0	NA	NA	NA	1
ENSG00000274501	0	NA	NA	0	NA	NA	NA	1
ENSG00000274560	0	NA	NA	0	NA	NA	NA	1
ENSG00000274565	0	NA	NA	0	NA	NA	NA	1
ENSG00000274591	0	NA	NA	0	NA	NA	NA	1
ENSG00000274605	0	NA	NA	0	NA	NA	NA	1
ENSG00000274624	0	NA	NA	0	NA	NA	NA	1
ENSG00000274630	0	NA	NA	0	NA	NA	NA	1
ENSG00000274652	0	NA	NA	0	NA	NA	NA	1
ENSG00000274653	0	NA	NA	0	NA	NA	NA	1
ENSG00000274654	0	NA	NA	0	NA	NA	NA	1
ENSG00000274677	0	NA	NA	0	NA	NA	NA	1
ENSG00000274695	0	NA	NA	0	NA	NA	NA	1
ENSG00000274737	0	NA	NA	0	NA	NA	NA	1
ENSG00000274765	0	NA	NA	0	NA	NA	NA	1
ENSG00000274766	0	NA	NA	0	NA	NA	NA	1
ENSG00000274797	0	NA	NA	0	NA	NA	NA	1
ENSG00000274818	0	NA	NA	0	NA	NA	NA	1
ENSG00000274825	0	NA	NA	0	NA	NA	NA	1
ENSG00000274840	0	NA	NA	0	NA	NA	NA	1
ENSG00000274849	0	NA	NA	0	NA	NA	NA	1
ENSG00000274863	0	NA	NA	0	NA	NA	NA	1
ENSG00000274874	0	NA	NA	0	NA	NA	NA	1
ENSG00000274898	0	NA	NA	0	NA	NA	NA	1
ENSG00000274904	0	NA	NA	0	NA	NA	NA	1
ENSG00000274937	0	NA	NA	0	NA	NA	NA	1
ENSG00000274943	0	NA	NA	0	NA	NA	NA	1
ENSG00000274949	0	NA	NA	0	NA	NA	NA	1
ENSG00000274976	0	NA	NA	0	NA	NA	NA	1
ENSG00000274979	0	NA	NA	0	NA	NA	NA	1
ENSG00000274993	0	NA	NA	0	NA	NA	NA	1
ENSG00000275024	0	NA	NA	0	NA	NA	NA	1
ENSG00000275056	0	NA	NA	0	NA	NA	NA	1
ENSG00000275139	0	NA	NA	0	NA	NA	NA	1
ENSG00000275155	0	NA	NA	0	NA	NA	NA	1
ENSG00000275185	0	NA	NA	0	NA	NA	NA	1
ENSG00000275191	0	NA	NA	0	NA	NA	NA	1
ENSG00000275210	0	NA	NA	0	NA	NA	NA	1
ENSG00000275223	0	NA	NA	0	NA	NA	NA	1
ENSG00000275263	0	NA	NA	0	NA	NA	NA	1
ENSG00000275265	0	NA	NA	0	NA	NA	NA	1
ENSG00000275286	0	NA	NA	0	NA	NA	NA	1
ENSG00000275332	0	NA	NA	0	NA	NA	NA	1
ENSG00000275358	0	NA	NA	0	NA	NA	NA	1
ENSG00000275371	0	NA	NA	0	NA	NA	NA	1
ENSG00000275389	0	NA	NA	0	NA	NA	NA	1
ENSG00000275457	0	NA	NA	0	NA	NA	NA	1
ENSG00000275465	0	NA	NA	0	NA	NA	NA	1
ENSG00000275479	0	NA	NA	0	NA	NA	NA	1
ENSG00000275484	0	NA	NA	0	NA	NA	NA	1
ENSG00000275485	0	NA	NA	0	NA	NA	NA	1
ENSG00000275491	0	NA	NA	0	NA	NA	NA	1
ENSG00000275512	0	NA	NA	0	NA	NA	NA	1
ENSG00000275527	0	NA	NA	0	NA	NA	NA	1
ENSG00000275549	0	NA	NA	0	NA	NA	NA	1
ENSG00000275567	0	NA	NA	0	NA	NA	NA	1
ENSG00000275576	0	NA	NA	0	NA	NA	NA	1
ENSG00000275580	0	NA	NA	0	NA	NA	NA	1
ENSG00000275582	0	NA	NA	0	NA	NA	NA	1
ENSG00000275612	0	NA	NA	0	NA	NA	NA	1
ENSG00000275632	0	NA	NA	0	NA	NA	NA	1
ENSG00000275636	0	NA	NA	0	NA	NA	NA	1
ENSG00000275638	0	NA	NA	0	NA	NA	NA	1
ENSG00000275645	0	NA	NA	0	NA	NA	NA	1
ENSG00000275672	0	NA	NA	0	NA	NA	NA	1
ENSG00000275728	0	NA	NA	0	NA	NA	NA	1
ENSG00000275764	0	NA	NA	0	NA	NA	NA	1
ENSG00000275769	0	NA	NA	0	NA	NA	NA	1
ENSG00000275799	0	NA	NA	0	NA	NA	NA	1
ENSG00000275807	0	NA	NA	0	NA	NA	NA	1
ENSG00000275812	0	NA	NA	0	NA	NA	NA	1
ENSG00000275850	0	NA	NA	0	NA	NA	NA	1
ENSG00000275894	0	NA	NA	0	NA	NA	NA	1
ENSG00000275902	0	NA	NA	0	NA	NA	NA	1
ENSG00000275910	0	NA	NA	0	NA	NA	NA	1
ENSG00000275963	0	NA	NA	0	NA	NA	NA	1
ENSG00000276054	0	NA	NA	0	NA	NA	NA	1
ENSG00000276075	0	NA	NA	0	NA	NA	NA	1
ENSG00000276107	0	NA	NA	0	NA	NA	NA	1
ENSG00000276136	0	NA	NA	0	NA	NA	NA	1
ENSG00000276174	0	NA	NA	0	NA	NA	NA	1
ENSG00000276188	0	NA	NA	0	NA	NA	NA	1
ENSG00000276241	0	NA	NA	0	NA	NA	NA	1
ENSG00000276248	0	NA	NA	0	NA	NA	NA	1
ENSG00000276250	0	NA	NA	0	NA	NA	NA	1
ENSG00000276251	0	NA	NA	0	NA	NA	NA	1
ENSG00000276259	0	NA	NA	0	NA	NA	NA	1
ENSG00000276261	0	NA	NA	0	NA	NA	NA	1
ENSG00000276282	0	NA	NA	0	NA	NA	NA	1
ENSG00000276292	0	NA	NA	0	NA	NA	NA	1
ENSG00000276334	0	NA	NA	0	NA	NA	NA	1
ENSG00000276408	0	NA	NA	0	NA	NA	NA	1
ENSG00000276445	0	NA	NA	0	NA	NA	NA	1
ENSG00000276505	0	NA	NA	0	NA	NA	NA	1
ENSG00000276517	0	NA	NA	0	NA	NA	NA	1
ENSG00000276519	0	NA	NA	0	NA	NA	NA	1
ENSG00000276523	0	NA	NA	0	NA	NA	NA	1
ENSG00000276529	0	NA	NA	0	NA	NA	NA	1
ENSG00000276533	0	NA	NA	0	NA	NA	NA	1
ENSG00000276571	0	NA	NA	0	NA	NA	NA	1
ENSG00000276631	0	NA	NA	0	NA	NA	NA	1
ENSG00000276638	0	NA	NA	0	NA	NA	NA	1
ENSG00000276663	0	NA	NA	0	NA	NA	NA	1
ENSG00000276668	0	NA	NA	0	NA	NA	NA	1
ENSG00000276687	0	NA	NA	0	NA	NA	NA	1
ENSG00000276691	0	NA	NA	0	NA	NA	NA	1
ENSG00000276698	0	NA	NA	0	NA	NA	NA	1
ENSG00000276702	0	NA	NA	0	NA	NA	NA	1
ENSG00000276727	0	NA	NA	0	NA	NA	NA	1
ENSG00000276744	0	NA	NA	0	NA	NA	NA	1
ENSG00000276754	0	NA	NA	0	NA	NA	NA	1
ENSG00000276768	0	NA	NA	0	NA	NA	NA	1
ENSG00000276790	0	NA	NA	0	NA	NA	NA	1
ENSG00000276807	0	NA	NA	0	NA	NA	NA	1
ENSG00000276809	0	NA	NA	0	NA	NA	NA	1
ENSG00000276814	0	NA	NA	0	NA	NA	NA	1
ENSG00000276831	0	NA	NA	0	NA	NA	NA	1
ENSG00000276842	0	NA	NA	0	NA	NA	NA	1
ENSG00000276851	0	NA	NA	0	NA	NA	NA	1
ENSG00000276853	0	NA	NA	0	NA	NA	NA	1
ENSG00000276854	0	NA	NA	0	NA	NA	NA	1
ENSG00000276900	0	NA	NA	0	NA	NA	NA	1
ENSG00000276916	0	NA	NA	0	NA	NA	NA	1
ENSG00000276934	0	NA	NA	0	NA	NA	NA	1
ENSG00000276968	0	NA	NA	0	NA	NA	NA	1
ENSG00000276980	0	NA	NA	0	NA	NA	NA	1
ENSG00000277010	0	NA	NA	0	NA	NA	NA	1
ENSG00000277022	0	NA	NA	0	NA	NA	NA	1
ENSG00000277087	0	NA	NA	0	NA	NA	NA	1
ENSG00000277089	0	NA	NA	0	NA	NA	NA	1
ENSG00000277144	0	NA	NA	0	NA	NA	NA	1
ENSG00000277170	0	NA	NA	0	NA	NA	NA	1
ENSG00000277173	0	NA	NA	0	NA	NA	NA	1
ENSG00000277215	0	NA	NA	0	NA	NA	NA	1
ENSG00000277223	0	NA	NA	0	NA	NA	NA	1
ENSG00000277232	0	NA	NA	0	NA	NA	NA	1
ENSG00000277247	0	NA	NA	0	NA	NA	NA	1
ENSG00000277287	0	NA	NA	0	NA	NA	NA	1
ENSG00000277310	0	NA	NA	0	NA	NA	NA	1
ENSG00000277324	0	NA	NA	0	NA	NA	NA	1
ENSG00000277332	0	NA	NA	0	NA	NA	NA	1
ENSG00000277351	0	NA	NA	0	NA	NA	NA	1
ENSG00000277373	0	NA	NA	0	NA	NA	NA	1
ENSG00000277382	0	NA	NA	0	NA	NA	NA	1
ENSG00000277386	0	NA	NA	0	NA	NA	NA	1
ENSG00000277423	0	NA	NA	0	NA	NA	NA	1
ENSG00000277425	0	NA	NA	0	NA	NA	NA	1
ENSG00000277440	0	NA	NA	0	NA	NA	NA	1
ENSG00000277450	0	NA	NA	0	NA	NA	NA	1
ENSG00000277453	0	NA	NA	0	NA	NA	NA	1
ENSG00000277463	0	NA	NA	0	NA	NA	NA	1
ENSG00000277482	0	NA	NA	0	NA	NA	NA	1
ENSG00000277491	0	NA	NA	0	NA	NA	NA	1
ENSG00000277504	0	NA	NA	0	NA	NA	NA	1
ENSG00000277545	0	NA	NA	0	NA	NA	NA	1
ENSG00000277548	0	NA	NA	0	NA	NA	NA	1
ENSG00000277558	0	NA	NA	0	NA	NA	NA	1
ENSG00000277579	0	NA	NA	0	NA	NA	NA	1
ENSG00000277581	0	NA	NA	0	NA	NA	NA	1
ENSG00000277597	0	NA	NA	0	NA	NA	NA	1
ENSG00000277602	0	NA	NA	0	NA	NA	NA	1
ENSG00000277661	0	NA	NA	0	NA	NA	NA	1
ENSG00000277684	0	NA	NA	0	NA	NA	NA	1
ENSG00000277687	0	NA	NA	0	NA	NA	NA	1
ENSG00000277688	0	NA	NA	0	NA	NA	NA	1
ENSG00000277692	0	NA	NA	0	NA	NA	NA	1
ENSG00000277715	0	NA	NA	0	NA	NA	NA	1
ENSG00000277718	0	NA	NA	0	NA	NA	NA	1
ENSG00000277728	0	NA	NA	0	NA	NA	NA	1
ENSG00000277744	0	NA	NA	0	NA	NA	NA	1
ENSG00000277767	0	NA	NA	0	NA	NA	NA	1
ENSG00000277782	0	NA	NA	0	NA	NA	NA	1
ENSG00000277825	0	NA	NA	0	NA	NA	NA	1
ENSG00000277831	0	NA	NA	0	NA	NA	NA	1
ENSG00000277837	0	NA	NA	0	NA	NA	NA	1
ENSG00000277840	0	NA	NA	0	NA	NA	NA	1
ENSG00000277938	0	NA	NA	0	NA	NA	NA	1
ENSG00000277945	0	NA	NA	0	NA	NA	NA	1
ENSG00000277978	0	NA	NA	0	NA	NA	NA	1
ENSG00000278000	0	NA	NA	0	NA	NA	NA	1
ENSG00000278012	0	NA	NA	0	NA	NA	NA	1
ENSG00000278013	0	NA	NA	0	NA	NA	NA	1
ENSG00000278022	0	NA	NA	0	NA	NA	NA	1
ENSG00000278035	0	NA	NA	0	NA	NA	NA	1
ENSG00000278041	0	NA	NA	0	NA	NA	NA	1
ENSG00000278052	0	NA	NA	0	NA	NA	NA	1
ENSG00000278084	0	NA	NA	0	NA	NA	NA	1
ENSG00000278090	0	NA	NA	0	NA	NA	NA	1
ENSG00000278112	0	NA	NA	0	NA	NA	NA	1
ENSG00000278133	0	NA	NA	0	NA	NA	NA	1
ENSG00000278147	0	NA	NA	0	NA	NA	NA	1
ENSG00000278156	0	NA	NA	0	NA	NA	NA	1
ENSG00000278158	0	NA	NA	0	NA	NA	NA	1
ENSG00000278192	0	NA	NA	0	NA	NA	NA	1
ENSG00000278206	0	NA	NA	0	NA	NA	NA	1
ENSG00000278231	0	NA	NA	0	NA	NA	NA	1
ENSG00000278238	0	NA	NA	0	NA	NA	NA	1
ENSG00000278255	0	NA	NA	0	NA	NA	NA	1
ENSG00000278341	0	NA	NA	0	NA	NA	NA	1
ENSG00000278344	0	NA	NA	0	NA	NA	NA	1
ENSG00000278356	0	NA	NA	0	NA	NA	NA	1
ENSG00000278367	0	NA	NA	0	NA	NA	NA	1
ENSG00000278370	0	NA	NA	0	NA	NA	NA	1
ENSG00000278385	0	NA	NA	0	NA	NA	NA	1
ENSG00000278389	0	NA	NA	0	NA	NA	NA	1
ENSG00000278390	0	NA	NA	0	NA	NA	NA	1
ENSG00000278419	0	NA	NA	0	NA	NA	NA	1
ENSG00000278431	0	NA	NA	0	NA	NA	NA	1
ENSG00000278434	0	NA	NA	0	NA	NA	NA	1
ENSG00000278456	0	NA	NA	0	NA	NA	NA	1
ENSG00000278462	0	NA	NA	0	NA	NA	NA	1
ENSG00000278472	0	NA	NA	0	NA	NA	NA	1
ENSG00000278484	0	NA	NA	0	NA	NA	NA	1
ENSG00000278493	0	NA	NA	0	NA	NA	NA	1
ENSG00000278576	0	NA	NA	0	NA	NA	NA	1
ENSG00000278601	0	NA	NA	0	NA	NA	NA	1
ENSG00000278638	0	NA	NA	0	NA	NA	NA	1
ENSG00000278703	0	NA	NA	0	NA	NA	NA	1
ENSG00000278713	0	NA	NA	0	NA	NA	NA	1
ENSG00000278719	0	NA	NA	0	NA	NA	NA	1
ENSG00000278737	0	NA	NA	0	NA	NA	NA	1
ENSG00000278769	0	NA	NA	0	NA	NA	NA	1
ENSG00000278811	0	NA	NA	0	NA	NA	NA	1
ENSG00000278816	0	NA	NA	0	NA	NA	NA	1
ENSG00000278831	0	NA	NA	0	NA	NA	NA	1
ENSG00000278936	0	NA	NA	0	NA	NA	NA	1
ENSG00000279068	0	NA	NA	0	NA	NA	NA	1
ENSG00000279078	0	NA	NA	0	NA	NA	NA	1
ENSG00000279159	0	NA	NA	0	NA	NA	NA	1
ENSG00000279168	0	NA	NA	0	NA	NA	NA	1
ENSG00000279175	0	NA	NA	0	NA	NA	NA	1
ENSG00000279217	0	NA	NA	0	NA	NA	NA	1
ENSG00000279240	0	NA	NA	0	NA	NA	NA	1
ENSG00000279249	0	NA	NA	0	NA	NA	NA	1
ENSG00000279317	0	NA	NA	0	NA	NA	NA	1
ENSG00000279342	0	NA	NA	0	NA	NA	NA	1
ENSG00000279345	0	NA	NA	0	NA	NA	NA	1
ENSG00000279375	0	NA	NA	0	NA	NA	NA	1
ENSG00000279467	0	NA	NA	0	NA	NA	NA	1
ENSG00000279472	0	NA	NA	0	NA	NA	NA	1
ENSG00000279484	0	NA	NA	0	NA	NA	NA	1
ENSG00000279494	0	NA	NA	0	NA	NA	NA	1
ENSG00000279558	0	NA	NA	0	NA	NA	NA	1
ENSG00000279607	0	NA	NA	0	NA	NA	NA	1
ENSG00000279623	0	NA	NA	0	NA	NA	NA	1
ENSG00000279658	0	NA	NA	0	NA	NA	NA	1
ENSG00000279685	0	NA	NA	0	NA	NA	NA	1
ENSG00000279714	0	NA	NA	0	NA	NA	NA	1
ENSG00000279727	0	NA	NA	0	NA	NA	NA	1
ENSG00000279762	0	NA	NA	0	NA	NA	NA	1
ENSG00000279833	0	NA	NA	0	NA	NA	NA	1
ENSG00000279927	0	NA	NA	0	NA	NA	NA	1
ENSG00000279932	0	NA	NA	0	NA	NA	NA	1
ENSG00000279954	0	NA	NA	0	NA	NA	NA	1
ENSG00000280011	0	NA	NA	0	NA	NA	NA	1
ENSG00000280029	0	NA	NA	0	NA	NA	NA	1
ENSG00000280036	0	NA	NA	0	NA	NA	NA	1
ENSG00000280109	0	NA	NA	0	NA	NA	NA	1
ENSG00000280195	0	NA	NA	0	NA	NA	NA	1
ENSG00000280206	0	NA	NA	0	NA	NA	NA	1
ENSG00000280273	0	NA	NA	0	NA	NA	NA	1
ENSG00000280303	0	NA	NA	0	NA	NA	NA	1
ENSG00000280356	0	NA	NA	0	NA	NA	NA	1
ENSG00000280382	0	NA	NA	0	NA	NA	NA	1
ENSG00000280383	0	NA	NA	0	NA	NA	NA	1
ENSG00000280384	0	NA	NA	0	NA	NA	NA	1
ENSG00000280418	0	NA	NA	0	NA	NA	NA	1
ENSG00000280434	0	NA	NA	0	NA	NA	NA	1
ENSG00000280474	0	NA	NA	0	NA	NA	NA	1
ENSG00000280594	0	NA	NA	0	NA	NA	NA	1
ENSG00000280607	0	NA	NA	0	NA	NA	NA	1
ENSG00000280634	0	NA	NA	0	NA	NA	NA	1
ENSG00000280693	0	NA	NA	0	NA	NA	NA	1
ENSG00000280707	0	NA	NA	0	NA	NA	NA	1
ENSG00000280758	0	NA	NA	0	NA	NA	NA	1
ENSG00000280776	0	NA	NA	0	NA	NA	NA	1
ENSG00000280780	0	NA	NA	0	NA	NA	NA	1
ENSG00000280798	0	NA	NA	0	NA	NA	NA	1
ENSG00000280809	0	NA	NA	0	NA	NA	NA	1
ENSG00000280850	0	NA	NA	0	NA	NA	NA	1
ENSG00000280890	0	NA	NA	0	NA	NA	NA	1
ENSG00000280920	0	NA	NA	0	NA	NA	NA	1
ENSG00000280924	0	NA	NA	0	NA	NA	NA	1
ENSG00000280927	0	NA	NA	0	NA	NA	NA	1
ENSG00000281005	0	NA	NA	0	NA	NA	NA	1
ENSG00000281026	0	NA	NA	0	NA	NA	NA	1
ENSG00000281162	0	NA	NA	0	NA	NA	NA	1
ENSG00000281167	0	NA	NA	0	NA	NA	NA	1
ENSG00000281183	0	NA	NA	0	NA	NA	NA	1
ENSG00000281189	0	NA	NA	0	NA	NA	NA	1
ENSG00000281207	0	NA	NA	0	NA	NA	NA	1
ENSG00000281219	0	NA	NA	0	NA	NA	NA	1
ENSG00000281327	0	NA	NA	0	NA	NA	NA	1
ENSG00000281344	0	NA	NA	0	NA	NA	NA	1
ENSG00000281398	0	NA	NA	0	NA	NA	NA	1
ENSG00000281404	0	NA	NA	0	NA	NA	NA	1
ENSG00000281473	0	NA	NA	0	NA	NA	NA	1
ENSG00000281491	0	NA	NA	0	NA	NA	NA	1
ENSG00000281501	0	NA	NA	0	NA	NA	NA	1
ENSG00000281566	0	NA	NA	0	NA	NA	NA	1
ENSG00000281655	0	NA	NA	0	NA	NA	NA	1
ENSG00000281708	0	NA	NA	0	NA	NA	NA	1
ENSG00000281769	0	NA	NA	0	NA	NA	NA	1
ENSG00000281809	0	NA	NA	0	NA	NA	NA	1
ENSG00000281832	0	NA	NA	0	NA	NA	NA	1
ENSG00000281880	0	NA	NA	0	NA	NA	NA	1
ENSG00000281903	0	NA	NA	0	NA	NA	NA	1
ENSG00000281961	0	NA	NA	0	NA	NA	NA	1
ENSG00000282041	0	NA	NA	0	NA	NA	NA	1
ENSG00000282121	0	NA	NA	0	NA	NA	NA	1
ENSG00000282160	0	NA	NA	0	NA	NA	NA	1
ENSG00000282199	0	NA	NA	0	NA	NA	NA	1
ENSG00000282221	0	NA	NA	0	NA	NA	NA	1
ENSG00000282317	0	NA	NA	0	NA	NA	NA	1
ENSG00000282375	0	NA	NA	0	NA	NA	NA	1
ENSG00000282386	0	NA	NA	0	NA	NA	NA	1
ENSG00000282408	0	NA	NA	0	NA	NA	NA	1
ENSG00000282527	0	NA	NA	0	NA	NA	NA	1
ENSG00000282556	0	NA	NA	0	NA	NA	NA	1
ENSG00000282602	0	NA	NA	0	NA	NA	NA	1
ENSG00000282692	0	NA	NA	0	NA	NA	NA	1
ENSG00000282718	0	NA	NA	0	NA	NA	NA	1
ENSG00000282836	0	NA	NA	0	NA	NA	NA	1
ENSG00000282840	0	NA	NA	0	NA	NA	NA	1
ENSG00000282851	0	NA	NA	0	NA	NA	NA	1
ENSG00000282863	0	NA	NA	0	NA	NA	NA	1
ENSG00000282876	0	NA	NA	0	NA	NA	NA	1
ENSG00000282882	0	NA	NA	0	NA	NA	NA	1
ENSG00000282907	0	NA	NA	0	NA	NA	NA	1
ENSG00000282916	0	NA	NA	0	NA	NA	NA	1
ENSG00000282943	0	NA	NA	0	NA	NA	NA	1
ENSG00000282951	0	NA	NA	0	NA	NA	NA	1
ENSG00000282952	0	NA	NA	0	NA	NA	NA	1
ENSG00000282964	0	NA	NA	0	NA	NA	NA	1
ENSG00000282977	0	NA	NA	0	NA	NA	NA	1
ENSG00000282987	0	NA	NA	0	NA	NA	NA	1
ENSG00000282996	0	NA	NA	0	NA	NA	NA	1
ENSG00000283001	0	NA	NA	0	NA	NA	NA	1
ENSG00000283052	0	NA	NA	0	NA	NA	NA	1
ENSG00000283064	0	NA	NA	0	NA	NA	NA	1
ENSG00000283072	0	NA	NA	0	NA	NA	NA	1
ENSG00000283096	0	NA	NA	0	NA	NA	NA	1
ENSG00000283098	0	NA	NA	0	NA	NA	NA	1
ENSG00000283103	0	NA	NA	0	NA	NA	NA	1
ENSG00000283122	0	NA	NA	0	NA	NA	NA	1
ENSG00000283155	0	NA	NA	0	NA	NA	NA	1
ENSG00000283157	0	NA	NA	0	NA	NA	NA	1
ENSG00000283164	0	NA	NA	0	NA	NA	NA	1
ENSG00000283240	0	NA	NA	0	NA	NA	NA	1
ENSG00000283255	0	NA	NA	0	NA	NA	NA	1
ENSG00000283347	0	NA	NA	0	NA	NA	NA	1
ENSG00000283375	0	NA	NA	0	NA	NA	NA	1
ENSG00000283383	0	NA	NA	0	NA	NA	NA	1
ENSG00000283392	0	NA	NA	0	NA	NA	NA	1
ENSG00000283411	0	NA	NA	0	NA	NA	NA	1
ENSG00000283423	0	NA	NA	0	NA	NA	NA	1
ENSG00000283436	0	NA	NA	0	NA	NA	NA	1
ENSG00000283504	0	NA	NA	0	NA	NA	NA	1
ENSG00000283549	0	NA	NA	0	NA	NA	NA	1
ENSG00000283554	0	NA	NA	0	NA	NA	NA	1
ENSG00000283608	0	NA	NA	0	NA	NA	NA	1
ENSG00000283627	0	NA	NA	0	NA	NA	NA	1
ENSG00000283647	0	NA	NA	0	NA	NA	NA	1
ENSG00000283648	0	NA	NA	0	NA	NA	NA	1
ENSG00000283662	0	NA	NA	0	NA	NA	NA	1
ENSG00000283743	0	NA	NA	0	NA	NA	NA	1
ENSG00000283757	0	NA	NA	0	NA	NA	NA	1
ENSG00000283769	0	NA	NA	0	NA	NA	NA	1
ENSG00000283828	0	NA	NA	0	NA	NA	NA	1
ENSG00000283839	0	NA	NA	0	NA	NA	NA	1
ENSG00000283897	0	NA	NA	0	NA	NA	NA	1
ENSG00000283907	0	NA	NA	0	NA	NA	NA	1
ENSG00000283913	0	NA	NA	0	NA	NA	NA	1
ENSG00000283994	0	NA	NA	0	NA	NA	NA	1
ENSG00000284048	0	NA	NA	0	NA	NA	NA	1
ENSG00000284240	0	NA	NA	0	NA	NA	NA	1
ENSG00000284294	0	NA	NA	0	NA	NA	NA	1
ENSG00000284309	0	NA	NA	0	NA	NA	NA	1
ENSG00000284376	0	NA	NA	0	NA	NA	NA	1
ENSG00000284377	0	NA	NA	0	NA	NA	NA	1
ENSG00000284604	0	NA	NA	0	NA	NA	NA	1
ENSG00000284615	0	NA	NA	0	NA	NA	NA	1
ENSG00000284618	0	NA	NA	0	NA	NA	NA	1
ENSG00000284634	0	NA	NA	0	NA	NA	NA	1
ENSG00000284650	0	NA	NA	0	NA	NA	NA	1
ENSG00000284664	0	NA	NA	0	NA	NA	NA	1
ENSG00000284677	0	NA	NA	0	NA	NA	NA	1
ENSG00000284697	0	NA	NA	0	NA	NA	NA	1
ENSG00000284702	0	NA	NA	0	NA	NA	NA	1
ENSG00000284707	0	NA	NA	0	NA	NA	NA	1
ENSG00000284708	0	NA	NA	0	NA	NA	NA	1
ENSG00000284721	0	NA	NA	0	NA	NA	NA	1
ENSG00000284722	0	NA	NA	0	NA	NA	NA	1
ENSG00000284726	0	NA	NA	0	NA	NA	NA	1
ENSG00000284748	0	NA	NA	0	NA	NA	NA	1
ENSG00000284803	0	NA	NA	0	NA	NA	NA	1
ENSG00000284823	0	NA	NA	0	NA	NA	NA	1
ENSG00000284825	0	NA	NA	0	NA	NA	NA	1
ENSG00000284829	0	NA	NA	0	NA	NA	NA	1
ENSG00000284837	0	NA	NA	0	NA	NA	NA	1
ENSG00000284846	0	NA	NA	0	NA	NA	NA	1
ENSG00000284882	0	NA	NA	0	NA	NA	NA	1
ENSG00000284914	0	NA	NA	0	NA	NA	NA	1
ENSG00000284930	0	NA	NA	0	NA	NA	NA	1
ENSG00000284954	0	NA	NA	0	NA	NA	NA	1
ENSG00000284957	0	NA	NA	0	NA	NA	NA	1
ENSG00000284968	0	NA	NA	0	NA	NA	NA	1
ENSG00000285006	0	NA	NA	0	NA	NA	NA	1
ENSG00000285018	0	NA	NA	0	NA	NA	NA	1
ENSG00000285041	0	NA	NA	0	NA	NA	NA	1
ENSG00000285051	0	NA	NA	0	NA	NA	NA	1
ENSG00000285068	0	NA	NA	0	NA	NA	NA	1
ENSG00000285079	0	NA	NA	0	NA	NA	NA	1
ENSG00000285080	0	NA	NA	0	NA	NA	NA	1
ENSG00000285090	0	NA	NA	0	NA	NA	NA	1
ENSG00000285091	0	NA	NA	0	NA	NA	NA	1
ENSG00000285094	0	NA	NA	0	NA	NA	NA	1
ENSG00000285095	0	NA	NA	0	NA	NA	NA	1
ENSG00000285117	0	NA	NA	0	NA	NA	NA	1
ENSG00000285128	0	NA	NA	0	NA	NA	NA	1
ENSG00000285155	0	NA	NA	0	NA	NA	NA	1
ENSG00000285169	0	NA	NA	0	NA	NA	NA	1
ENSG00000285177	0	NA	NA	0	NA	NA	NA	1
ENSG00000285184	0	NA	NA	0	NA	NA	NA	1
ENSG00000285191	0	NA	NA	0	NA	NA	NA	1
ENSG00000285201	0	NA	NA	0	NA	NA	NA	1
ENSG00000285210	0	NA	NA	0	NA	NA	NA	1
ENSG00000285220	0	NA	NA	0	NA	NA	NA	1
ENSG00000285230	0	NA	NA	0	NA	NA	NA	1
ENSG00000285314	0	NA	NA	0	NA	NA	NA	1
ENSG00000285338	0	NA	NA	0	NA	NA	NA	1
ENSG00000285361	0	NA	NA	0	NA	NA	NA	1
ENSG00000285407	0	NA	NA	0	NA	NA	NA	1
ENSG00000285410	0	NA	NA	0	NA	NA	NA	1
ENSG00000285413	0	NA	NA	0	NA	NA	NA	1
ENSG00000285424	0	NA	NA	0	NA	NA	NA	1
ENSG00000285473	0	NA	NA	0	NA	NA	NA	1
ENSG00000285492	0	NA	NA	0	NA	NA	NA	1
ENSG00000285521	0	NA	NA	0	NA	NA	NA	1
ENSG00000285525	0	NA	NA	0	NA	NA	NA	1
ENSG00000285530	0	NA	NA	0	NA	NA	NA	1
ENSG00000285539	0	NA	NA	0	NA	NA	NA	1
ENSG00000285555	0	NA	NA	0	NA	NA	NA	1
ENSG00000285559	0	NA	NA	0	NA	NA	NA	1
ENSG00000285563	0	NA	NA	0	NA	NA	NA	1
ENSG00000285565	0	NA	NA	0	NA	NA	NA	1
ENSG00000285567	0	NA	NA	0	NA	NA	NA	1
ENSG00000285570	0	NA	NA	0	NA	NA	NA	1
ENSG00000285573	0	NA	NA	0	NA	NA	NA	1
ENSG00000285577	0	NA	NA	0	NA	NA	NA	1
ENSG00000285579	0	NA	NA	0	NA	NA	NA	1
ENSG00000285583	0	NA	NA	0	NA	NA	NA	1
ENSG00000285588	0	NA	NA	0	NA	NA	NA	1
ENSG00000285594	0	NA	NA	0	NA	NA	NA	1
ENSG00000285606	0	NA	NA	0	NA	NA	NA	1
ENSG00000285613	0	NA	NA	0	NA	NA	NA	1
ENSG00000285621	0	NA	NA	0	NA	NA	NA	1
ENSG00000285630	0	NA	NA	0	NA	NA	NA	1
ENSG00000285631	0	NA	NA	0	NA	NA	NA	1
ENSG00000285636	0	NA	NA	0	NA	NA	NA	1
ENSG00000285642	0	NA	NA	0	NA	NA	NA	1
ENSG00000285649	0	NA	NA	0	NA	NA	NA	1
ENSG00000285650	0	NA	NA	0	NA	NA	NA	1
ENSG00000285651	0	NA	NA	0	NA	NA	NA	1
ENSG00000285653	0	NA	NA	0	NA	NA	NA	1
ENSG00000285654	0	NA	NA	0	NA	NA	NA	1
ENSG00000285664	0	NA	NA	0	NA	NA	NA	1
ENSG00000285672	0	NA	NA	0	NA	NA	NA	1
ENSG00000285676	0	NA	NA	0	NA	NA	NA	1
ENSG00000285685	0	NA	NA	0	NA	NA	NA	1
ENSG00000285688	0	NA	NA	0	NA	NA	NA	1
ENSG00000285693	0	NA	NA	0	NA	NA	NA	1
ENSG00000285694	0	NA	NA	0	NA	NA	NA	1
ENSG00000285696	0	NA	NA	0	NA	NA	NA	1
ENSG00000285701	0	NA	NA	0	NA	NA	NA	1
ENSG00000285704	0	NA	NA	0	NA	NA	NA	1
ENSG00000285706	0	NA	NA	0	NA	NA	NA	1
ENSG00000285710	0	NA	NA	0	NA	NA	NA	1
ENSG00000285711	0	NA	NA	0	NA	NA	NA	1
ENSG00000285712	0	NA	NA	0	NA	NA	NA	1
ENSG00000285714	0	NA	NA	0	NA	NA	NA	1
ENSG00000285724	0	NA	NA	0	NA	NA	NA	1
ENSG00000285725	0	NA	NA	0	NA	NA	NA	1
ENSG00000285731	0	NA	NA	0	NA	NA	NA	1
ENSG00000285732	0	NA	NA	0	NA	NA	NA	1
ENSG00000285734	0	NA	NA	0	NA	NA	NA	1
ENSG00000285750	0	NA	NA	0	NA	NA	NA	1
ENSG00000285752	0	NA	NA	0	NA	NA	NA	1
ENSG00000285758	0	NA	NA	0	NA	NA	NA	1
ENSG00000285759	0	NA	NA	0	NA	NA	NA	1
ENSG00000285763	0	NA	NA	0	NA	NA	NA	1
ENSG00000285770	0	NA	NA	0	NA	NA	NA	1
ENSG00000285773	0	NA	NA	0	NA	NA	NA	1
ENSG00000285775	0	NA	NA	0	NA	NA	NA	1
ENSG00000285783	0	NA	NA	0	NA	NA	NA	1
ENSG00000285786	0	NA	NA	0	NA	NA	NA	1
ENSG00000285792	0	NA	NA	0	NA	NA	NA	1
ENSG00000285796	0	NA	NA	0	NA	NA	NA	1
ENSG00000285802	0	NA	NA	0	NA	NA	NA	1
ENSG00000285805	0	NA	NA	0	NA	NA	NA	1
ENSG00000285807	0	NA	NA	0	NA	NA	NA	1
ENSG00000285809	0	NA	NA	0	NA	NA	NA	1
ENSG00000285813	0	NA	NA	0	NA	NA	NA	1
ENSG00000285830	0	NA	NA	0	NA	NA	NA	1
ENSG00000285833	0	NA	NA	0	NA	NA	NA	1
ENSG00000285835	0	NA	NA	0	NA	NA	NA	1
ENSG00000285836	0	NA	NA	0	NA	NA	NA	1
ENSG00000285840	0	NA	NA	0	NA	NA	NA	1
ENSG00000285844	0	NA	NA	0	NA	NA	NA	1
ENSG00000285846	0	NA	NA	0	NA	NA	NA	1
ENSG00000285847	0	NA	NA	0	NA	NA	NA	1
ENSG00000285851	0	NA	NA	0	NA	NA	NA	1
ENSG00000285852	0	NA	NA	0	NA	NA	NA	1
ENSG00000285857	0	NA	NA	0	NA	NA	NA	1
ENSG00000285859	0	NA	NA	0	NA	NA	NA	1
ENSG00000285860	0	NA	NA	0	NA	NA	NA	1
ENSG00000285863	0	NA	NA	0	NA	NA	NA	1
ENSG00000285864	0	NA	NA	0	NA	NA	NA	1
ENSG00000285865	0	NA	NA	0	NA	NA	NA	1
ENSG00000285867	0	NA	NA	0	NA	NA	NA	1
ENSG00000285870	0	NA	NA	0	NA	NA	NA	1
ENSG00000285871	0	NA	NA	0	NA	NA	NA	1
ENSG00000285872	0	NA	NA	0	NA	NA	NA	1
ENSG00000285878	0	NA	NA	0	NA	NA	NA	1
ENSG00000285879	0	NA	NA	0	NA	NA	NA	1
ENSG00000285881	0	NA	NA	0	NA	NA	NA	1
ENSG00000285884	0	NA	NA	0	NA	NA	NA	1
ENSG00000285887	0	NA	NA	0	NA	NA	NA	1
ENSG00000285888	0	NA	NA	0	NA	NA	NA	1
ENSG00000285889	0	NA	NA	0	NA	NA	NA	1
ENSG00000285892	0	NA	NA	0	NA	NA	NA	1
ENSG00000285900	0	NA	NA	0	NA	NA	NA	1
ENSG00000285908	0	NA	NA	0	NA	NA	NA	1
ENSG00000285909	0	NA	NA	0	NA	NA	NA	1
ENSG00000285910	0	NA	NA	0	NA	NA	NA	1
ENSG00000285911	0	NA	NA	0	NA	NA	NA	1
ENSG00000285925	0	NA	NA	0	NA	NA	NA	1
ENSG00000285926	0	NA	NA	0	NA	NA	NA	1
ENSG00000285929	0	NA	NA	0	NA	NA	NA	1
ENSG00000285930	0	NA	NA	0	NA	NA	NA	1
ENSG00000285931	0	NA	NA	0	NA	NA	NA	1
ENSG00000285934	0	NA	NA	0	NA	NA	NA	1
ENSG00000285935	0	NA	NA	0	NA	NA	NA	1
ENSG00000285936	0	NA	NA	0	NA	NA	NA	1
ENSG00000285948	0	NA	NA	0	NA	NA	NA	1
ENSG00000285952	0	NA	NA	0	NA	NA	NA	1
ENSG00000285955	0	NA	NA	0	NA	NA	NA	1
ENSG00000285959	0	NA	NA	0	NA	NA	NA	1
ENSG00000285963	0	NA	NA	0	NA	NA	NA	1
ENSG00000285964	0	NA	NA	0	NA	NA	NA	1
ENSG00000285969	0	NA	NA	0	NA	NA	NA	1
ENSG00000285970	0	NA	NA	0	NA	NA	NA	1
ENSG00000285979	0	NA	NA	0	NA	NA	NA	1
ENSG00000285984	0	NA	NA	0	NA	NA	NA	1
ENSG00000285993	0	NA	NA	0	NA	NA	NA	1
ENSG00000286002	0	NA	NA	0	NA	NA	NA	1
ENSG00000286017	0	NA	NA	0	NA	NA	NA	1
ENSG00000286020	0	NA	NA	0	NA	NA	NA	1
ENSG00000286028	0	NA	NA	0	NA	NA	NA	1
ENSG00000286031	0	NA	NA	0	NA	NA	NA	1
ENSG00000286035	0	NA	NA	0	NA	NA	NA	1
ENSG00000286037	0	NA	NA	0	NA	NA	NA	1
ENSG00000286046	0	NA	NA	0	NA	NA	NA	1
ENSG00000286048	0	NA	NA	0	NA	NA	NA	1
ENSG00000286052	0	NA	NA	0	NA	NA	NA	1
ENSG00000286062	0	NA	NA	0	NA	NA	NA	1
ENSG00000286068	0	NA	NA	0	NA	NA	NA	1
ENSG00000286074	0	NA	NA	0	NA	NA	NA	1
ENSG00000286077	0	NA	NA	0	NA	NA	NA	1
ENSG00000286083	0	NA	NA	0	NA	NA	NA	1
ENSG00000286085	0	NA	NA	0	NA	NA	NA	1
ENSG00000286086	0	NA	NA	0	NA	NA	NA	1
ENSG00000286093	0	NA	NA	0	NA	NA	NA	1
ENSG00000286100	0	NA	NA	0	NA	NA	NA	1
ENSG00000286116	0	NA	NA	0	NA	NA	NA	1
ENSG00000286122	0	NA	NA	0	NA	NA	NA	1
ENSG00000286134	0	NA	NA	0	NA	NA	NA	1
ENSG00000286138	0	NA	NA	0	NA	NA	NA	1
ENSG00000286142	0	NA	NA	0	NA	NA	NA	1
ENSG00000286144	0	NA	NA	0	NA	NA	NA	1
ENSG00000286145	0	NA	NA	0	NA	NA	NA	1
ENSG00000286152	0	NA	NA	0	NA	NA	NA	1
ENSG00000286154	0	NA	NA	0	NA	NA	NA	1
ENSG00000286161	0	NA	NA	0	NA	NA	NA	1
ENSG00000286171	0	NA	NA	0	NA	NA	NA	1
ENSG00000286174	0	NA	NA	0	NA	NA	NA	1
ENSG00000286176	0	NA	NA	0	NA	NA	NA	1
ENSG00000286180	0	NA	NA	0	NA	NA	NA	1
ENSG00000286181	0	NA	NA	0	NA	NA	NA	1
ENSG00000286193	0	NA	NA	0	NA	NA	NA	1
ENSG00000286194	0	NA	NA	0	NA	NA	NA	1
ENSG00000286195	0	NA	NA	0	NA	NA	NA	1
ENSG00000286205	0	NA	NA	0	NA	NA	NA	1
ENSG00000286207	0	NA	NA	0	NA	NA	NA	1
ENSG00000286210	0	NA	NA	0	NA	NA	NA	1
ENSG00000286212	0	NA	NA	0	NA	NA	NA	1
ENSG00000286227	0	NA	NA	0	NA	NA	NA	1
ENSG00000286240	0	NA	NA	0	NA	NA	NA	1
ENSG00000286248	0	NA	NA	0	NA	NA	NA	1
ENSG00000286250	0	NA	NA	0	NA	NA	NA	1
ENSG00000286258	0	NA	NA	0	NA	NA	NA	1
ENSG00000286260	0	NA	NA	0	NA	NA	NA	1
ENSG00000286273	0	NA	NA	0	NA	NA	NA	1
ENSG00000286276	0	NA	NA	0	NA	NA	NA	1
ENSG00000286279	0	NA	NA	0	NA	NA	NA	1
ENSG00000286286	0	NA	NA	0	NA	NA	NA	1
ENSG00000286289	0	NA	NA	0	NA	NA	NA	1
ENSG00000286302	0	NA	NA	0	NA	NA	NA	1
ENSG00000286303	0	NA	NA	0	NA	NA	NA	1
ENSG00000286305	0	NA	NA	0	NA	NA	NA	1
ENSG00000286312	0	NA	NA	0	NA	NA	NA	1
ENSG00000286313	0	NA	NA	0	NA	NA	NA	1
ENSG00000286314	0	NA	NA	0	NA	NA	NA	1
ENSG00000286319	0	NA	NA	0	NA	NA	NA	1
ENSG00000286322	0	NA	NA	0	NA	NA	NA	1
ENSG00000286324	0	NA	NA	0	NA	NA	NA	1
ENSG00000286325	0	NA	NA	0	NA	NA	NA	1
ENSG00000286330	0	NA	NA	0	NA	NA	NA	1
ENSG00000286331	0	NA	NA	0	NA	NA	NA	1
ENSG00000286332	0	NA	NA	0	NA	NA	NA	1
ENSG00000286338	0	NA	NA	0	NA	NA	NA	1
ENSG00000286349	0	NA	NA	0	NA	NA	NA	1
ENSG00000286351	0	NA	NA	0	NA	NA	NA	1
ENSG00000286352	0	NA	NA	0	NA	NA	NA	1
ENSG00000286356	0	NA	NA	0	NA	NA	NA	1
ENSG00000286362	0	NA	NA	0	NA	NA	NA	1
ENSG00000286364	0	NA	NA	0	NA	NA	NA	1
ENSG00000286365	0	NA	NA	0	NA	NA	NA	1
ENSG00000286375	0	NA	NA	0	NA	NA	NA	1
ENSG00000286378	0	NA	NA	0	NA	NA	NA	1
ENSG00000286379	0	NA	NA	0	NA	NA	NA	1
ENSG00000286382	0	NA	NA	0	NA	NA	NA	1
ENSG00000286383	0	NA	NA	0	NA	NA	NA	1
ENSG00000286384	0	NA	NA	0	NA	NA	NA	1
ENSG00000286388	0	NA	NA	0	NA	NA	NA	1
ENSG00000286399	0	NA	NA	0	NA	NA	NA	1
ENSG00000286403	0	NA	NA	0	NA	NA	NA	1
ENSG00000286404	0	NA	NA	0	NA	NA	NA	1
ENSG00000286407	0	NA	NA	0	NA	NA	NA	1
ENSG00000286409	0	NA	NA	0	NA	NA	NA	1
ENSG00000286411	0	NA	NA	0	NA	NA	NA	1
ENSG00000286413	0	NA	NA	0	NA	NA	NA	1
ENSG00000286417	0	NA	NA	0	NA	NA	NA	1
ENSG00000286425	0	NA	NA	0	NA	NA	NA	1
ENSG00000286429	0	NA	NA	0	NA	NA	NA	1
ENSG00000286430	0	NA	NA	0	NA	NA	NA	1
ENSG00000286433	0	NA	NA	0	NA	NA	NA	1
ENSG00000286437	0	NA	NA	0	NA	NA	NA	1
ENSG00000286438	0	NA	NA	0	NA	NA	NA	1
ENSG00000286440	0	NA	NA	0	NA	NA	NA	1
ENSG00000286450	0	NA	NA	0	NA	NA	NA	1
ENSG00000286460	0	NA	NA	0	NA	NA	NA	1
ENSG00000286463	0	NA	NA	0	NA	NA	NA	1
ENSG00000286480	0	NA	NA	0	NA	NA	NA	1
ENSG00000286487	0	NA	NA	0	NA	NA	NA	1
ENSG00000286490	0	NA	NA	0	NA	NA	NA	1
ENSG00000286500	0	NA	NA	0	NA	NA	NA	1
ENSG00000286503	0	NA	NA	0	NA	NA	NA	1
ENSG00000286505	0	NA	NA	0	NA	NA	NA	1
ENSG00000286523	0	NA	NA	0	NA	NA	NA	1
ENSG00000286524	0	NA	NA	0	NA	NA	NA	1
ENSG00000286526	0	NA	NA	0	NA	NA	NA	1
ENSG00000286530	0	NA	NA	0	NA	NA	NA	1
ENSG00000286545	0	NA	NA	0	NA	NA	NA	1
ENSG00000286547	0	NA	NA	0	NA	NA	NA	1
ENSG00000286556	0	NA	NA	0	NA	NA	NA	1
ENSG00000286561	0	NA	NA	0	NA	NA	NA	1
ENSG00000286562	0	NA	NA	0	NA	NA	NA	1
ENSG00000286567	0	NA	NA	0	NA	NA	NA	1
ENSG00000286569	0	NA	NA	0	NA	NA	NA	1
ENSG00000286572	0	NA	NA	0	NA	NA	NA	1
ENSG00000286575	0	NA	NA	0	NA	NA	NA	1
ENSG00000286576	0	NA	NA	0	NA	NA	NA	1
ENSG00000286579	0	NA	NA	0	NA	NA	NA	1
ENSG00000286581	0	NA	NA	0	NA	NA	NA	1
ENSG00000286584	0	NA	NA	0	NA	NA	NA	1
ENSG00000286587	0	NA	NA	0	NA	NA	NA	1
ENSG00000286588	0	NA	NA	0	NA	NA	NA	1
ENSG00000286589	0	NA	NA	0	NA	NA	NA	1
ENSG00000286595	0	NA	NA	0	NA	NA	NA	1
ENSG00000286599	0	NA	NA	0	NA	NA	NA	1
ENSG00000286600	0	NA	NA	0	NA	NA	NA	1
ENSG00000286602	0	NA	NA	0	NA	NA	NA	1
ENSG00000286606	0	NA	NA	0	NA	NA	NA	1
ENSG00000286607	0	NA	NA	0	NA	NA	NA	1
ENSG00000286615	0	NA	NA	0	NA	NA	NA	1
ENSG00000286616	0	NA	NA	0	NA	NA	NA	1
ENSG00000286618	0	NA	NA	0	NA	NA	NA	1
ENSG00000286619	0	NA	NA	0	NA	NA	NA	1
ENSG00000286621	0	NA	NA	0	NA	NA	NA	1
ENSG00000286622	0	NA	NA	0	NA	NA	NA	1
ENSG00000286630	0	NA	NA	0	NA	NA	NA	1
ENSG00000286631	0	NA	NA	0	NA	NA	NA	1
ENSG00000286634	0	NA	NA	0	NA	NA	NA	1
ENSG00000286636	0	NA	NA	0	NA	NA	NA	1
ENSG00000286648	0	NA	NA	0	NA	NA	NA	1
ENSG00000286650	0	NA	NA	0	NA	NA	NA	1
ENSG00000286654	0	NA	NA	0	NA	NA	NA	1
ENSG00000286657	0	NA	NA	0	NA	NA	NA	1
ENSG00000286658	0	NA	NA	0	NA	NA	NA	1
ENSG00000286659	0	NA	NA	0	NA	NA	NA	1
ENSG00000286663	0	NA	NA	0	NA	NA	NA	1
ENSG00000286664	0	NA	NA	0	NA	NA	NA	1
ENSG00000286669	0	NA	NA	0	NA	NA	NA	1
ENSG00000286671	0	NA	NA	0	NA	NA	NA	1
ENSG00000286674	0	NA	NA	0	NA	NA	NA	1
ENSG00000286677	0	NA	NA	0	NA	NA	NA	1
ENSG00000286681	0	NA	NA	0	NA	NA	NA	1
ENSG00000286683	0	NA	NA	0	NA	NA	NA	1
ENSG00000286688	0	NA	NA	0	NA	NA	NA	1
ENSG00000286692	0	NA	NA	0	NA	NA	NA	1
ENSG00000286693	0	NA	NA	0	NA	NA	NA	1
ENSG00000286695	0	NA	NA	0	NA	NA	NA	1
ENSG00000286696	0	NA	NA	0	NA	NA	NA	1
ENSG00000286700	0	NA	NA	0	NA	NA	NA	1
ENSG00000286701	0	NA	NA	0	NA	NA	NA	1
ENSG00000286707	0	NA	NA	0	NA	NA	NA	1
ENSG00000286710	0	NA	NA	0	NA	NA	NA	1
ENSG00000286714	0	NA	NA	0	NA	NA	NA	1
ENSG00000286718	0	NA	NA	0	NA	NA	NA	1
ENSG00000286719	0	NA	NA	0	NA	NA	NA	1
ENSG00000286721	0	NA	NA	0	NA	NA	NA	1
ENSG00000286734	0	NA	NA	0	NA	NA	NA	1
ENSG00000286738	0	NA	NA	0	NA	NA	NA	1
ENSG00000286741	0	NA	NA	0	NA	NA	NA	1
ENSG00000286743	0	NA	NA	0	NA	NA	NA	1
ENSG00000286745	0	NA	NA	0	NA	NA	NA	1
ENSG00000286750	0	NA	NA	0	NA	NA	NA	1
ENSG00000286754	0	NA	NA	0	NA	NA	NA	1
ENSG00000286760	0	NA	NA	0	NA	NA	NA	1
ENSG00000286764	0	NA	NA	0	NA	NA	NA	1
ENSG00000286772	0	NA	NA	0	NA	NA	NA	1
ENSG00000286773	0	NA	NA	0	NA	NA	NA	1
ENSG00000286777	0	NA	NA	0	NA	NA	NA	1
ENSG00000286779	0	NA	NA	0	NA	NA	NA	1
ENSG00000286784	0	NA	NA	0	NA	NA	NA	1
ENSG00000286785	0	NA	NA	0	NA	NA	NA	1
ENSG00000286788	0	NA	NA	0	NA	NA	NA	1
ENSG00000286790	0	NA	NA	0	NA	NA	NA	1
ENSG00000286801	0	NA	NA	0	NA	NA	NA	1
ENSG00000286803	0	NA	NA	0	NA	NA	NA	1
ENSG00000286804	0	NA	NA	0	NA	NA	NA	1
ENSG00000286807	0	NA	NA	0	NA	NA	NA	1
ENSG00000286808	0	NA	NA	0	NA	NA	NA	1
ENSG00000286817	0	NA	NA	0	NA	NA	NA	1
ENSG00000286818	0	NA	NA	0	NA	NA	NA	1
ENSG00000286822	0	NA	NA	0	NA	NA	NA	1
ENSG00000286823	0	NA	NA	0	NA	NA	NA	1
ENSG00000286824	0	NA	NA	0	NA	NA	NA	1
ENSG00000286825	0	NA	NA	0	NA	NA	NA	1
ENSG00000286827	0	NA	NA	0	NA	NA	NA	1
ENSG00000286832	0	NA	NA	0	NA	NA	NA	1
ENSG00000286835	0	NA	NA	0	NA	NA	NA	1
ENSG00000286836	0	NA	NA	0	NA	NA	NA	1
ENSG00000286837	0	NA	NA	0	NA	NA	NA	1
ENSG00000286839	0	NA	NA	0	NA	NA	NA	1
ENSG00000286848	0	NA	NA	0	NA	NA	NA	1
ENSG00000286864	0	NA	NA	0	NA	NA	NA	1
ENSG00000286865	0	NA	NA	0	NA	NA	NA	1
ENSG00000286867	0	NA	NA	0	NA	NA	NA	1
ENSG00000286869	0	NA	NA	0	NA	NA	NA	1
ENSG00000286879	0	NA	NA	0	NA	NA	NA	1
ENSG00000286880	0	NA	NA	0	NA	NA	NA	1
ENSG00000286882	0	NA	NA	0	NA	NA	NA	1
ENSG00000286886	0	NA	NA	0	NA	NA	NA	1
ENSG00000286889	0	NA	NA	0	NA	NA	NA	1
ENSG00000286890	0	NA	NA	0	NA	NA	NA	1
ENSG00000286891	0	NA	NA	0	NA	NA	NA	1
ENSG00000286892	0	NA	NA	0	NA	NA	NA	1
ENSG00000286895	0	NA	NA	0	NA	NA	NA	1
ENSG00000286897	0	NA	NA	0	NA	NA	NA	1
ENSG00000286898	0	NA	NA	0	NA	NA	NA	1
ENSG00000286899	0	NA	NA	0	NA	NA	NA	1
ENSG00000286900	0	NA	NA	0	NA	NA	NA	1
ENSG00000286901	0	NA	NA	0	NA	NA	NA	1
ENSG00000286902	0	NA	NA	0	NA	NA	NA	1
ENSG00000286913	0	NA	NA	0	NA	NA	NA	1
ENSG00000286918	0	NA	NA	0	NA	NA	NA	1
ENSG00000286924	0	NA	NA	0	NA	NA	NA	1
ENSG00000286935	0	NA	NA	0	NA	NA	NA	1
ENSG00000286936	0	NA	NA	0	NA	NA	NA	1
ENSG00000286942	0	NA	NA	0	NA	NA	NA	1
ENSG00000286944	0	NA	NA	0	NA	NA	NA	1
ENSG00000286952	0	NA	NA	0	NA	NA	NA	1
ENSG00000286953	0	NA	NA	0	NA	NA	NA	1
ENSG00000286955	0	NA	NA	0	NA	NA	NA	1
ENSG00000286959	0	NA	NA	0	NA	NA	NA	1
ENSG00000286962	0	NA	NA	0	NA	NA	NA	1
ENSG00000286963	0	NA	NA	0	NA	NA	NA	1
ENSG00000286974	0	NA	NA	0	NA	NA	NA	1
ENSG00000286976	0	NA	NA	0	NA	NA	NA	1
ENSG00000286980	0	NA	NA	0	NA	NA	NA	1
ENSG00000286985	0	NA	NA	0	NA	NA	NA	1
ENSG00000286989	0	NA	NA	0	NA	NA	NA	1
ENSG00000286993	0	NA	NA	0	NA	NA	NA	1
ENSG00000286999	0	NA	NA	0	NA	NA	NA	1
ENSG00000287001	0	NA	NA	0	NA	NA	NA	1
ENSG00000287003	0	NA	NA	0	NA	NA	NA	1
ENSG00000287007	0	NA	NA	0	NA	NA	NA	1
ENSG00000287017	0	NA	NA	0	NA	NA	NA	1
ENSG00000287020	0	NA	NA	0	NA	NA	NA	1
ENSG00000287022	0	NA	NA	0	NA	NA	NA	1
ENSG00000287024	0	NA	NA	0	NA	NA	NA	1
ENSG00000287030	0	NA	NA	0	NA	NA	NA	1
ENSG00000287032	0	NA	NA	0	NA	NA	NA	1
ENSG00000287035	0	NA	NA	0	NA	NA	NA	1
ENSG00000287044	0	NA	NA	0	NA	NA	NA	1
ENSG00000287045	0	NA	NA	0	NA	NA	NA	1
ENSG00000287048	0	NA	NA	0	NA	NA	NA	1
ENSG00000287049	0	NA	NA	0	NA	NA	NA	1
ENSG00000287050	0	NA	NA	0	NA	NA	NA	1
ENSG00000287051	0	NA	NA	0	NA	NA	NA	1
ENSG00000287055	0	NA	NA	0	NA	NA	NA	1
ENSG00000287069	0	NA	NA	0	NA	NA	NA	1
ENSG00000287070	0	NA	NA	0	NA	NA	NA	1
ENSG00000287075	0	NA	NA	0	NA	NA	NA	1
ENSG00000287079	0	NA	NA	0	NA	NA	NA	1
ENSG00000287088	0	NA	NA	0	NA	NA	NA	1
ENSG00000287089	0	NA	NA	0	NA	NA	NA	1
ENSG00000287091	0	NA	NA	0	NA	NA	NA	1
ENSG00000287093	0	NA	NA	0	NA	NA	NA	1
ENSG00000287095	0	NA	NA	0	NA	NA	NA	1
ENSG00000287098	0	NA	NA	0	NA	NA	NA	1
ENSG00000287104	0	NA	NA	0	NA	NA	NA	1
ENSG00000287108	0	NA	NA	0	NA	NA	NA	1
ENSG00000287109	0	NA	NA	0	NA	NA	NA	1
ENSG00000287113	0	NA	NA	0	NA	NA	NA	1
ENSG00000287127	0	NA	NA	0	NA	NA	NA	1
ENSG00000287134	0	NA	NA	0	NA	NA	NA	1
ENSG00000287141	0	NA	NA	0	NA	NA	NA	1
ENSG00000287144	0	NA	NA	0	NA	NA	NA	1
ENSG00000287148	0	NA	NA	0	NA	NA	NA	1
ENSG00000287158	0	NA	NA	0	NA	NA	NA	1
ENSG00000287160	0	NA	NA	0	NA	NA	NA	1
ENSG00000287166	0	NA	NA	0	NA	NA	NA	1
ENSG00000287170	0	NA	NA	0	NA	NA	NA	1
ENSG00000287173	0	NA	NA	0	NA	NA	NA	1
ENSG00000287180	0	NA	NA	0	NA	NA	NA	1
ENSG00000287183	0	NA	NA	0	NA	NA	NA	1
ENSG00000287185	0	NA	NA	0	NA	NA	NA	1
ENSG00000287187	0	NA	NA	0	NA	NA	NA	1
ENSG00000287188	0	NA	NA	0	NA	NA	NA	1
ENSG00000287189	0	NA	NA	0	NA	NA	NA	1
ENSG00000287191	0	NA	NA	0	NA	NA	NA	1
ENSG00000287196	0	NA	NA	0	NA	NA	NA	1
ENSG00000287198	0	NA	NA	0	NA	NA	NA	1
ENSG00000287202	0	NA	NA	0	NA	NA	NA	1
ENSG00000287203	0	NA	NA	0	NA	NA	NA	1
ENSG00000287205	0	NA	NA	0	NA	NA	NA	1
ENSG00000287209	0	NA	NA	0	NA	NA	NA	1
ENSG00000287212	0	NA	NA	0	NA	NA	NA	1
ENSG00000287213	0	NA	NA	0	NA	NA	NA	1
ENSG00000287214	0	NA	NA	0	NA	NA	NA	1
ENSG00000287216	0	NA	NA	0	NA	NA	NA	1
ENSG00000287219	0	NA	NA	0	NA	NA	NA	1
ENSG00000287223	0	NA	NA	0	NA	NA	NA	1
ENSG00000287227	0	NA	NA	0	NA	NA	NA	1
ENSG00000287230	0	NA	NA	0	NA	NA	NA	1
ENSG00000287233	0	NA	NA	0	NA	NA	NA	1
ENSG00000287234	0	NA	NA	0	NA	NA	NA	1
ENSG00000287236	0	NA	NA	0	NA	NA	NA	1
ENSG00000287237	0	NA	NA	0	NA	NA	NA	1
ENSG00000287240	0	NA	NA	0	NA	NA	NA	1
ENSG00000287258	0	NA	NA	0	NA	NA	NA	1
ENSG00000287269	0	NA	NA	0	NA	NA	NA	1
ENSG00000287274	0	NA	NA	0	NA	NA	NA	1
ENSG00000287283	0	NA	NA	0	NA	NA	NA	1
ENSG00000287298	0	NA	NA	0	NA	NA	NA	1
ENSG00000287300	0	NA	NA	0	NA	NA	NA	1
ENSG00000287302	0	NA	NA	0	NA	NA	NA	1
ENSG00000287303	0	NA	NA	0	NA	NA	NA	1
ENSG00000287313	0	NA	NA	0	NA	NA	NA	1
ENSG00000287314	0	NA	NA	0	NA	NA	NA	1
ENSG00000287316	0	NA	NA	0	NA	NA	NA	1
ENSG00000287318	0	NA	NA	0	NA	NA	NA	1
ENSG00000287319	0	NA	NA	0	NA	NA	NA	1
ENSG00000287320	0	NA	NA	0	NA	NA	NA	1
ENSG00000287322	0	NA	NA	0	NA	NA	NA	1
ENSG00000287325	0	NA	NA	0	NA	NA	NA	1
ENSG00000287326	0	NA	NA	0	NA	NA	NA	1
ENSG00000287330	0	NA	NA	0	NA	NA	NA	1
ENSG00000287332	0	NA	NA	0	NA	NA	NA	1
ENSG00000287334	0	NA	NA	0	NA	NA	NA	1
ENSG00000287338	0	NA	NA	0	NA	NA	NA	1
ENSG00000287340	0	NA	NA	0	NA	NA	NA	1
ENSG00000287347	0	NA	NA	0	NA	NA	NA	1
ENSG00000287348	0	NA	NA	0	NA	NA	NA	1
ENSG00000287349	0	NA	NA	0	NA	NA	NA	1
ENSG00000287355	0	NA	NA	0	NA	NA	NA	1
ENSG00000287356	0	NA	NA	0	NA	NA	NA	1
ENSG00000287359	0	NA	NA	0	NA	NA	NA	1
ENSG00000287366	0	NA	NA	0	NA	NA	NA	1
ENSG00000287367	0	NA	NA	0	NA	NA	NA	1
ENSG00000287368	0	NA	NA	0	NA	NA	NA	1
ENSG00000287375	0	NA	NA	0	NA	NA	NA	1
ENSG00000287378	0	NA	NA	0	NA	NA	NA	1
ENSG00000287380	0	NA	NA	0	NA	NA	NA	1
ENSG00000287382	0	NA	NA	0	NA	NA	NA	1
ENSG00000287383	0	NA	NA	0	NA	NA	NA	1
ENSG00000287400	0	NA	NA	0	NA	NA	NA	1
ENSG00000287401	0	NA	NA	0	NA	NA	NA	1
ENSG00000287410	0	NA	NA	0	NA	NA	NA	1
ENSG00000287412	0	NA	NA	0	NA	NA	NA	1
ENSG00000287416	0	NA	NA	0	NA	NA	NA	1
ENSG00000287418	0	NA	NA	0	NA	NA	NA	1
ENSG00000287420	0	NA	NA	0	NA	NA	NA	1
ENSG00000287424	0	NA	NA	0	NA	NA	NA	1
ENSG00000287425	0	NA	NA	0	NA	NA	NA	1
ENSG00000287429	0	NA	NA	0	NA	NA	NA	1
ENSG00000287435	0	NA	NA	0	NA	NA	NA	1
ENSG00000287441	0	NA	NA	0	NA	NA	NA	1
ENSG00000287445	0	NA	NA	0	NA	NA	NA	1
ENSG00000287447	0	NA	NA	0	NA	NA	NA	1
ENSG00000287449	0	NA	NA	0	NA	NA	NA	1
ENSG00000287453	0	NA	NA	0	NA	NA	NA	1
ENSG00000287455	0	NA	NA	0	NA	NA	NA	1
ENSG00000287456	0	NA	NA	0	NA	NA	NA	1
ENSG00000287459	0	NA	NA	0	NA	NA	NA	1
ENSG00000287463	0	NA	NA	0	NA	NA	NA	1
ENSG00000287466	0	NA	NA	0	NA	NA	NA	1
ENSG00000287467	0	NA	NA	0	NA	NA	NA	1
ENSG00000287470	0	NA	NA	0	NA	NA	NA	1
ENSG00000287476	0	NA	NA	0	NA	NA	NA	1
ENSG00000287477	0	NA	NA	0	NA	NA	NA	1
ENSG00000287480	0	NA	NA	0	NA	NA	NA	1
ENSG00000287494	0	NA	NA	0	NA	NA	NA	1
ENSG00000287503	0	NA	NA	0	NA	NA	NA	1
ENSG00000287505	0	NA	NA	0	NA	NA	NA	1
ENSG00000287506	0	NA	NA	0	NA	NA	NA	1
ENSG00000287509	0	NA	NA	0	NA	NA	NA	1
ENSG00000287510	0	NA	NA	0	NA	NA	NA	1
ENSG00000287512	0	NA	NA	0	NA	NA	NA	1
ENSG00000287513	0	NA	NA	0	NA	NA	NA	1
ENSG00000287519	0	NA	NA	0	NA	NA	NA	1
ENSG00000287521	0	NA	NA	0	NA	NA	NA	1
ENSG00000287523	0	NA	NA	0	NA	NA	NA	1
ENSG00000287525	0	NA	NA	0	NA	NA	NA	1
ENSG00000287532	0	NA	NA	0	NA	NA	NA	1
ENSG00000287535	0	NA	NA	0	NA	NA	NA	1
ENSG00000287536	0	NA	NA	0	NA	NA	NA	1
ENSG00000287537	0	NA	NA	0	NA	NA	NA	1
ENSG00000287539	0	NA	NA	0	NA	NA	NA	1
ENSG00000287547	0	NA	NA	0	NA	NA	NA	1
ENSG00000287548	0	NA	NA	0	NA	NA	NA	1
ENSG00000287552	0	NA	NA	0	NA	NA	NA	1
ENSG00000287553	0	NA	NA	0	NA	NA	NA	1
ENSG00000287554	0	NA	NA	0	NA	NA	NA	1
ENSG00000287561	0	NA	NA	0	NA	NA	NA	1
ENSG00000287570	0	NA	NA	0	NA	NA	NA	1
ENSG00000287571	0	NA	NA	0	NA	NA	NA	1
ENSG00000287574	0	NA	NA	0	NA	NA	NA	1
ENSG00000287576	0	NA	NA	0	NA	NA	NA	1
ENSG00000287600	0	NA	NA	0	NA	NA	NA	1
ENSG00000287602	0	NA	NA	0	NA	NA	NA	1
ENSG00000287610	0	NA	NA	0	NA	NA	NA	1
ENSG00000287618	0	NA	NA	0	NA	NA	NA	1
ENSG00000287621	0	NA	NA	0	NA	NA	NA	1
ENSG00000287624	0	NA	NA	0	NA	NA	NA	1
ENSG00000287625	0	NA	NA	0	NA	NA	NA	1
ENSG00000287629	0	NA	NA	0	NA	NA	NA	1
ENSG00000287630	0	NA	NA	0	NA	NA	NA	1
ENSG00000287634	0	NA	NA	0	NA	NA	NA	1
ENSG00000287635	0	NA	NA	0	NA	NA	NA	1
ENSG00000287636	0	NA	NA	0	NA	NA	NA	1
ENSG00000287637	0	NA	NA	0	NA	NA	NA	1
ENSG00000287642	0	NA	NA	0	NA	NA	NA	1
ENSG00000287644	0	NA	NA	0	NA	NA	NA	1
ENSG00000287655	0	NA	NA	0	NA	NA	NA	1
ENSG00000287657	0	NA	NA	0	NA	NA	NA	1
ENSG00000287659	0	NA	NA	0	NA	NA	NA	1
ENSG00000287661	0	NA	NA	0	NA	NA	NA	1
ENSG00000287665	0	NA	NA	0	NA	NA	NA	1
ENSG00000287668	0	NA	NA	0	NA	NA	NA	1
ENSG00000287670	0	NA	NA	0	NA	NA	NA	1
ENSG00000287675	0	NA	NA	0	NA	NA	NA	1
ENSG00000287677	0	NA	NA	0	NA	NA	NA	1
ENSG00000287678	0	NA	NA	0	NA	NA	NA	1
ENSG00000287685	0	NA	NA	0	NA	NA	NA	1
ENSG00000287688	0	NA	NA	0	NA	NA	NA	1
ENSG00000287689	0	NA	NA	0	NA	NA	NA	1
ENSG00000287690	0	NA	NA	0	NA	NA	NA	1
ENSG00000287691	0	NA	NA	0	NA	NA	NA	1
ENSG00000287692	0	NA	NA	0	NA	NA	NA	1
ENSG00000287695	0	NA	NA	0	NA	NA	NA	1
ENSG00000287698	0	NA	NA	0	NA	NA	NA	1
ENSG00000287703	0	NA	NA	0	NA	NA	NA	1
ENSG00000287704	0	NA	NA	0	NA	NA	NA	1
ENSG00000287710	0	NA	NA	0	NA	NA	NA	1
ENSG00000287717	0	NA	NA	0	NA	NA	NA	1
ENSG00000287720	0	NA	NA	0	NA	NA	NA	1
ENSG00000287733	0	NA	NA	0	NA	NA	NA	1
ENSG00000287735	0	NA	NA	0	NA	NA	NA	1
ENSG00000287736	0	NA	NA	0	NA	NA	NA	1
ENSG00000287738	0	NA	NA	0	NA	NA	NA	1
ENSG00000287739	0	NA	NA	0	NA	NA	NA	1
ENSG00000287743	0	NA	NA	0	NA	NA	NA	1
ENSG00000287746	0	NA	NA	0	NA	NA	NA	1
ENSG00000287747	0	NA	NA	0	NA	NA	NA	1
ENSG00000287761	0	NA	NA	0	NA	NA	NA	1
ENSG00000287765	0	NA	NA	0	NA	NA	NA	1
ENSG00000287767	0	NA	NA	0	NA	NA	NA	1
ENSG00000287768	0	NA	NA	0	NA	NA	NA	1
ENSG00000287771	0	NA	NA	0	NA	NA	NA	1
ENSG00000287773	0	NA	NA	0	NA	NA	NA	1
ENSG00000287782	0	NA	NA	0	NA	NA	NA	1
ENSG00000287788	0	NA	NA	0	NA	NA	NA	1
ENSG00000287791	0	NA	NA	0	NA	NA	NA	1
ENSG00000287797	0	NA	NA	0	NA	NA	NA	1
ENSG00000287799	0	NA	NA	0	NA	NA	NA	1
ENSG00000287805	0	NA	NA	0	NA	NA	NA	1
ENSG00000287808	0	NA	NA	0	NA	NA	NA	1
ENSG00000287816	0	NA	NA	0	NA	NA	NA	1
ENSG00000287817	0	NA	NA	0	NA	NA	NA	1
ENSG00000287818	0	NA	NA	0	NA	NA	NA	1
ENSG00000287822	0	NA	NA	0	NA	NA	NA	1
ENSG00000287824	0	NA	NA	0	NA	NA	NA	1
ENSG00000287825	0	NA	NA	0	NA	NA	NA	1
ENSG00000287834	0	NA	NA	0	NA	NA	NA	1
ENSG00000287840	0	NA	NA	0	NA	NA	NA	1
ENSG00000287842	0	NA	NA	0	NA	NA	NA	1
ENSG00000287850	0	NA	NA	0	NA	NA	NA	1
ENSG00000287859	0	NA	NA	0	NA	NA	NA	1
ENSG00000287863	0	NA	NA	0	NA	NA	NA	1
ENSG00000287865	0	NA	NA	0	NA	NA	NA	1
ENSG00000287884	0	NA	NA	0	NA	NA	NA	1
ENSG00000287891	0	NA	NA	0	NA	NA	NA	1
ENSG00000287893	0	NA	NA	0	NA	NA	NA	1
ENSG00000287897	0	NA	NA	0	NA	NA	NA	1
ENSG00000287900	0	NA	NA	0	NA	NA	NA	1
ENSG00000287905	0	NA	NA	0	NA	NA	NA	1
ENSG00000287914	0	NA	NA	0	NA	NA	NA	1
ENSG00000287915	0	NA	NA	0	NA	NA	NA	1
ENSG00000287916	0	NA	NA	0	NA	NA	NA	1
ENSG00000287917	0	NA	NA	0	NA	NA	NA	1
ENSG00000287925	0	NA	NA	0	NA	NA	NA	1
ENSG00000287933	0	NA	NA	0	NA	NA	NA	1
ENSG00000287936	0	NA	NA	0	NA	NA	NA	1
ENSG00000287937	0	NA	NA	0	NA	NA	NA	1
ENSG00000287939	0	NA	NA	0	NA	NA	NA	1
ENSG00000287951	0	NA	NA	0	NA	NA	NA	1
ENSG00000287952	0	NA	NA	0	NA	NA	NA	1
ENSG00000287953	0	NA	NA	0	NA	NA	NA	1
ENSG00000287954	0	NA	NA	0	NA	NA	NA	1
ENSG00000287959	0	NA	NA	0	NA	NA	NA	1
ENSG00000287962	0	NA	NA	0	NA	NA	NA	1
ENSG00000287963	0	NA	NA	0	NA	NA	NA	1
ENSG00000287964	0	NA	NA	0	NA	NA	NA	1
ENSG00000287967	0	NA	NA	0	NA	NA	NA	1
ENSG00000287968	0	NA	NA	0	NA	NA	NA	1
ENSG00000287983	0	NA	NA	0	NA	NA	NA	1
ENSG00000287989	0	NA	NA	0	NA	NA	NA	1
ENSG00000287994	0	NA	NA	0	NA	NA	NA	1
ENSG00000288003	0	NA	NA	0	NA	NA	NA	1
ENSG00000288004	0	NA	NA	0	NA	NA	NA	1
ENSG00000288011	0	NA	NA	0	NA	NA	NA	1
ENSG00000288020	0	NA	NA	0	NA	NA	NA	1
ENSG00000288022	0	NA	NA	0	NA	NA	NA	1
ENSG00000288026	0	NA	NA	0	NA	NA	NA	1
ENSG00000288028	0	NA	NA	0	NA	NA	NA	1
ENSG00000288032	0	NA	NA	0	NA	NA	NA	1
ENSG00000288035	0	NA	NA	0	NA	NA	NA	1
ENSG00000288042	0	NA	NA	0	NA	NA	NA	1
ENSG00000288044	0	NA	NA	0	NA	NA	NA	1
ENSG00000288052	0	NA	NA	0	NA	NA	NA	1
ENSG00000288054	0	NA	NA	0	NA	NA	NA	1
ENSG00000288055	0	NA	NA	0	NA	NA	NA	1
ENSG00000288056	0	NA	NA	0	NA	NA	NA	1
ENSG00000288062	0	NA	NA	0	NA	NA	NA	1
ENSG00000288063	0	NA	NA	0	NA	NA	NA	1
ENSG00000288067	0	NA	NA	0	NA	NA	NA	1
ENSG00000288072	0	NA	NA	0	NA	NA	NA	1
ENSG00000288078	0	NA	NA	0	NA	NA	NA	1
ENSG00000288079	0	NA	NA	0	NA	NA	NA	1
ENSG00000288080	0	NA	NA	0	NA	NA	NA	1
ENSG00000288082	0	NA	NA	0	NA	NA	NA	1
ENSG00000288089	0	NA	NA	0	NA	NA	NA	1
ENSG00000288090	0	NA	NA	0	NA	NA	NA	1
ENSG00000288092	0	NA	NA	0	NA	NA	NA	1
ENSG00000288096	0	NA	NA	0	NA	NA	NA	1
ENSG00000288097	0	NA	NA	0	NA	NA	NA	1
ENSG00000288099	0	NA	NA	0	NA	NA	NA	1
ENSG00000288109	0	NA	NA	0	NA	NA	NA	1
ENSG00000288156	0	NA	NA	0	NA	NA	NA	1
ENSG00000288321	0	NA	NA	0	NA	NA	NA	1
ENSG00000288398	0	NA	NA	0	NA	NA	NA	1
ENSG00000288459	0	NA	NA	0	NA	NA	NA	1
ENSG00000288473	0	NA	NA	0	NA	NA	NA	1
ENSG00000288524	0	NA	NA	0	NA	NA	NA	1
ENSG00000288528	0	NA	NA	0	NA	NA	NA	1
ENSG00000288530	0	NA	NA	0	NA	NA	NA	1
ENSG00000288532	0	NA	NA	0	NA	NA	NA	1
ENSG00000288533	0	NA	NA	0	NA	NA	NA	1
ENSG00000288538	0	NA	NA	0	NA	NA	NA	1
ENSG00000288539	0	NA	NA	0	NA	NA	NA	1
ENSG00000288545	0	NA	NA	0	NA	NA	NA	1
ENSG00000288547	0	NA	NA	0	NA	NA	NA	1
ENSG00000288551	0	NA	NA	0	NA	NA	NA	1
ENSG00000288553	0	NA	NA	0	NA	NA	NA	1
ENSG00000288559	0	NA	NA	0	NA	NA	NA	1
ENSG00000288573	0	NA	NA	0	NA	NA	NA	1
ENSG00000288585	0	NA	NA	0	NA	NA	NA	1
ENSG00000288596	0	NA	NA	0	NA	NA	NA	1
ENSG00000288597	0	NA	NA	0	NA	NA	NA	1
ENSG00000288598	0	NA	NA	0	NA	NA	NA	1
ENSG00000288600	0	NA	NA	0	NA	NA	NA	1
ENSG00000288606	0	NA	NA	0	NA	NA	NA	1
ENSG00000288610	0	NA	NA	0	NA	NA	NA	1
ENSG00000288638	0	NA	NA	0	NA	NA	NA	1
ENSG00000288642	0	NA	NA	0	NA	NA	NA	1
ENSG00000288662	0	NA	NA	0	NA	NA	NA	1
ENSG00000288663	0	NA	NA	0	NA	NA	NA	1
ENSG00000288700	0	NA	NA	0	NA	NA	NA	1
ENSG00000288704	0	NA	NA	0	NA	NA	NA	1
ENSG00000288707	0	NA	NA	0	NA	NA	NA	1
ENSG00000288723	0	NA	NA	0	NA	NA	NA	1
ENSG00000288731	0	NA	NA	0	NA	NA	NA	1
ENSG00000288732	0	NA	NA	0	NA	NA	NA	1
ENSG00000288745	0	NA	NA	0	NA	NA	NA	1
ENSG00000288747	0	NA	NA	0	NA	NA	NA	1
ENSG00000288750	0	NA	NA	0	NA	NA	NA	1
ENSG00000288751	0	NA	NA	0	NA	NA	NA	1
ENSG00000288752	0	NA	NA	0	NA	NA	NA	1
ENSG00000288753	0	NA	NA	0	NA	NA	NA	1
ENSG00000288754	0	NA	NA	0	NA	NA	NA	1
ENSG00000288757	0	NA	NA	0	NA	NA	NA	1
ENSG00000288759	0	NA	NA	0	NA	NA	NA	1
ENSG00000288761	0	NA	NA	0	NA	NA	NA	1
ENSG00000288764	0	NA	NA	0	NA	NA	NA	1
ENSG00000288767	0	NA	NA	0	NA	NA	NA	1
ENSG00000288772	0	NA	NA	0	NA	NA	NA	1
ENSG00000288774	0	NA	NA	0	NA	NA	NA	1
ENSG00000288778	0	NA	NA	0	NA	NA	NA	1
ENSG00000288779	0	NA	NA	0	NA	NA	NA	1
ENSG00000288790	0	NA	NA	0	NA	NA	NA	1
ENSG00000288793	0	NA	NA	0	NA	NA	NA	1
ENSG00000288797	0	NA	NA	0	NA	NA	NA	1
ENSG00000288799	0	NA	NA	0	NA	NA	NA	1
ENSG00000288802	0	NA	NA	0	NA	NA	NA	1
ENSG00000288804	0	NA	NA	0	NA	NA	NA	1
ENSG00000288820	0	NA	NA	0	NA	NA	NA	1
ENSG00000288823	0	NA	NA	0	NA	NA	NA	1
ENSG00000288826	0	NA	NA	0	NA	NA	NA	1
ENSG00000288832	0	NA	NA	0	NA	NA	NA	1
ENSG00000288833	0	NA	NA	0	NA	NA	NA	1
ENSG00000288836	0	NA	NA	0	NA	NA	NA	1
ENSG00000288837	0	NA	NA	0	NA	NA	NA	1
ENSG00000288845	0	NA	NA	0	NA	NA	NA	1
ENSG00000288846	0	NA	NA	0	NA	NA	NA	1
ENSG00000288851	0	NA	NA	0	NA	NA	NA	1
ENSG00000288853	0	NA	NA	0	NA	NA	NA	1
ENSG00000288854	0	NA	NA	0	NA	NA	NA	1
ENSG00000288855	0	NA	NA	0	NA	NA	NA	1
ENSG00000288857	0	NA	NA	0	NA	NA	NA	1
ENSG00000288858	0	NA	NA	0	NA	NA	NA	1
ENSG00000288862	0	NA	NA	0	NA	NA	NA	1
ENSG00000288866	0	NA	NA	0	NA	NA	NA	1
ENSG00000288869	0	NA	NA	0	NA	NA	NA	1
ENSG00000288871	0	NA	NA	0	NA	NA	NA	1
ENSG00000288878	0	NA	NA	0	NA	NA	NA	1
ENSG00000288879	0	NA	NA	0	NA	NA	NA	1
ENSG00000288883	0	NA	NA	0	NA	NA	NA	1
ENSG00000288888	0	NA	NA	0	NA	NA	NA	1
ENSG00000288889	0	NA	NA	0	NA	NA	NA	1
ENSG00000288897	0	NA	NA	0	NA	NA	NA	1
ENSG00000288907	0	NA	NA	0	NA	NA	NA	1
ENSG00000288911	0	NA	NA	0	NA	NA	NA	1
ENSG00000288917	0	NA	NA	0	NA	NA	NA	1
ENSG00000288922	0	NA	NA	0	NA	NA	NA	1
ENSG00000288928	0	NA	NA	0	NA	NA	NA	1
ENSG00000288931	0	NA	NA	0	NA	NA	NA	1
ENSG00000288932	0	NA	NA	0	NA	NA	NA	1
ENSG00000288933	0	NA	NA	0	NA	NA	NA	1
ENSG00000288935	0	NA	NA	0	NA	NA	NA	1
ENSG00000288937	0	NA	NA	0	NA	NA	NA	1
ENSG00000288938	0	NA	NA	0	NA	NA	NA	1
ENSG00000288941	0	NA	NA	0	NA	NA	NA	1
ENSG00000288945	0	NA	NA	0	NA	NA	NA	1
ENSG00000288946	0	NA	NA	0	NA	NA	NA	1
ENSG00000288949	0	NA	NA	0	NA	NA	NA	1
ENSG00000288954	0	NA	NA	0	NA	NA	NA	1
ENSG00000288956	0	NA	NA	0	NA	NA	NA	1
ENSG00000288961	0	NA	NA	0	NA	NA	NA	1
ENSG00000288969	0	NA	NA	0	NA	NA	NA	1
ENSG00000288975	0	NA	NA	0	NA	NA	NA	1
ENSG00000288979	0	NA	NA	0	NA	NA	NA	1
ENSG00000288980	0	NA	NA	0	NA	NA	NA	1
ENSG00000288984	0	NA	NA	0	NA	NA	NA	1
ENSG00000288989	0	NA	NA	0	NA	NA	NA	1
ENSG00000288993	0	NA	NA	0	NA	NA	NA	1
ENSG00000288995	0	NA	NA	0	NA	NA	NA	1
ENSG00000288996	0	NA	NA	0	NA	NA	NA	1
ENSG00000288997	0	NA	NA	0	NA	NA	NA	1
ENSG00000288998	0	NA	NA	0	NA	NA	NA	1
ENSG00000288999	0	NA	NA	0	NA	NA	NA	1
ENSG00000289001	0	NA	NA	0	NA	NA	NA	1
ENSG00000289006	0	NA	NA	0	NA	NA	NA	1
ENSG00000289007	0	NA	NA	0	NA	NA	NA	1
ENSG00000289009	0	NA	NA	0	NA	NA	NA	1
ENSG00000289012	0	NA	NA	0	NA	NA	NA	1
ENSG00000289014	0	NA	NA	0	NA	NA	NA	1
ENSG00000289028	0	NA	NA	0	NA	NA	NA	1
ENSG00000289031	0	NA	NA	0	NA	NA	NA	1
ENSG00000289032	0	NA	NA	0	NA	NA	NA	1
ENSG00000289033	0	NA	NA	0	NA	NA	NA	1
ENSG00000289038	0	NA	NA	0	NA	NA	NA	1
ENSG00000289039	0	NA	NA	0	NA	NA	NA	1
ENSG00000289043	0	NA	NA	0	NA	NA	NA	1
ENSG00000289045	0	NA	NA	0	NA	NA	NA	1
ENSG00000289050	0	NA	NA	0	NA	NA	NA	1
ENSG00000289056	0	NA	NA	0	NA	NA	NA	1
ENSG00000289057	0	NA	NA	0	NA	NA	NA	1
ENSG00000289059	0	NA	NA	0	NA	NA	NA	1
ENSG00000289060	0	NA	NA	0	NA	NA	NA	1
ENSG00000289063	0	NA	NA	0	NA	NA	NA	1
ENSG00000289064	0	NA	NA	0	NA	NA	NA	1
ENSG00000289070	0	NA	NA	0	NA	NA	NA	1
ENSG00000289079	0	NA	NA	0	NA	NA	NA	1
ENSG00000289084	0	NA	NA	0	NA	NA	NA	1
ENSG00000289091	0	NA	NA	0	NA	NA	NA	1
ENSG00000289095	0	NA	NA	0	NA	NA	NA	1
ENSG00000289099	0	NA	NA	0	NA	NA	NA	1
ENSG00000289100	0	NA	NA	0	NA	NA	NA	1
ENSG00000289110	0	NA	NA	0	NA	NA	NA	1
ENSG00000289111	0	NA	NA	0	NA	NA	NA	1
ENSG00000289114	0	NA	NA	0	NA	NA	NA	1
ENSG00000289115	0	NA	NA	0	NA	NA	NA	1
ENSG00000289117	0	NA	NA	0	NA	NA	NA	1
ENSG00000289121	0	NA	NA	0	NA	NA	NA	1
ENSG00000289123	0	NA	NA	0	NA	NA	NA	1
ENSG00000289124	0	NA	NA	0	NA	NA	NA	1
ENSG00000289126	0	NA	NA	0	NA	NA	NA	1
ENSG00000289129	0	NA	NA	0	NA	NA	NA	1
ENSG00000289131	0	NA	NA	0	NA	NA	NA	1
ENSG00000289134	0	NA	NA	0	NA	NA	NA	1
ENSG00000289140	0	NA	NA	0	NA	NA	NA	1
ENSG00000289142	0	NA	NA	0	NA	NA	NA	1
ENSG00000289144	0	NA	NA	0	NA	NA	NA	1
ENSG00000289145	0	NA	NA	0	NA	NA	NA	1
ENSG00000289146	0	NA	NA	0	NA	NA	NA	1
ENSG00000289147	0	NA	NA	0	NA	NA	NA	1
ENSG00000289148	0	NA	NA	0	NA	NA	NA	1
ENSG00000289151	0	NA	NA	0	NA	NA	NA	1
ENSG00000289152	0	NA	NA	0	NA	NA	NA	1
ENSG00000289153	0	NA	NA	0	NA	NA	NA	1
ENSG00000289154	0	NA	NA	0	NA	NA	NA	1
ENSG00000289156	0	NA	NA	0	NA	NA	NA	1
ENSG00000289160	0	NA	NA	0	NA	NA	NA	1
ENSG00000289161	0	NA	NA	0	NA	NA	NA	1
ENSG00000289164	0	NA	NA	0	NA	NA	NA	1
ENSG00000289167	0	NA	NA	0	NA	NA	NA	1
ENSG00000289172	0	NA	NA	0	NA	NA	NA	1
ENSG00000289176	0	NA	NA	0	NA	NA	NA	1
ENSG00000289179	0	NA	NA	0	NA	NA	NA	1
ENSG00000289183	0	NA	NA	0	NA	NA	NA	1
ENSG00000289186	0	NA	NA	0	NA	NA	NA	1
ENSG00000289189	0	NA	NA	0	NA	NA	NA	1
ENSG00000289192	0	NA	NA	0	NA	NA	NA	1
ENSG00000289195	0	NA	NA	0	NA	NA	NA	1
ENSG00000289199	0	NA	NA	0	NA	NA	NA	1
ENSG00000289207	0	NA	NA	0	NA	NA	NA	1
ENSG00000289208	0	NA	NA	0	NA	NA	NA	1
ENSG00000289210	0	NA	NA	0	NA	NA	NA	1
ENSG00000289211	0	NA	NA	0	NA	NA	NA	1
ENSG00000289214	0	NA	NA	0	NA	NA	NA	1
ENSG00000289215	0	NA	NA	0	NA	NA	NA	1
ENSG00000289218	0	NA	NA	0	NA	NA	NA	1
ENSG00000289221	0	NA	NA	0	NA	NA	NA	1
ENSG00000289223	0	NA	NA	0	NA	NA	NA	1
ENSG00000289225	0	NA	NA	0	NA	NA	NA	1
ENSG00000289227	0	NA	NA	0	NA	NA	NA	1
ENSG00000289231	0	NA	NA	0	NA	NA	NA	1
ENSG00000289233	0	NA	NA	0	NA	NA	NA	1
ENSG00000289239	0	NA	NA	0	NA	NA	NA	1
ENSG00000289245	0	NA	NA	0	NA	NA	NA	1
ENSG00000289246	0	NA	NA	0	NA	NA	NA	1
ENSG00000289249	0	NA	NA	0	NA	NA	NA	1
ENSG00000289252	0	NA	NA	0	NA	NA	NA	1
ENSG00000289255	0	NA	NA	0	NA	NA	NA	1
ENSG00000289260	0	NA	NA	0	NA	NA	NA	1
ENSG00000289261	0	NA	NA	0	NA	NA	NA	1
ENSG00000289263	0	NA	NA	0	NA	NA	NA	1
ENSG00000289264	0	NA	NA	0	NA	NA	NA	1
ENSG00000289265	0	NA	NA	0	NA	NA	NA	1
ENSG00000289268	0	NA	NA	0	NA	NA	NA	1
ENSG00000289269	0	NA	NA	0	NA	NA	NA	1
ENSG00000289270	0	NA	NA	0	NA	NA	NA	1
ENSG00000289274	0	NA	NA	0	NA	NA	NA	1
ENSG00000289276	0	NA	NA	0	NA	NA	NA	1
ENSG00000289278	0	NA	NA	0	NA	NA	NA	1
ENSG00000289283	0	NA	NA	0	NA	NA	NA	1
ENSG00000289285	0	NA	NA	0	NA	NA	NA	1
ENSG00000289286	0	NA	NA	0	NA	NA	NA	1
ENSG00000289288	0	NA	NA	0	NA	NA	NA	1
ENSG00000289291	0	NA	NA	0	NA	NA	NA	1
ENSG00000289292	0	NA	NA	0	NA	NA	NA	1
ENSG00000289294	0	NA	NA	0	NA	NA	NA	1
ENSG00000289295	0	NA	NA	0	NA	NA	NA	1
ENSG00000289302	0	NA	NA	0	NA	NA	NA	1
ENSG00000289309	0	NA	NA	0	NA	NA	NA	1
ENSG00000289310	0	NA	NA	0	NA	NA	NA	1
ENSG00000289316	0	NA	NA	0	NA	NA	NA	1
ENSG00000289319	0	NA	NA	0	NA	NA	NA	1
ENSG00000289322	0	NA	NA	0	NA	NA	NA	1
ENSG00000289323	0	NA	NA	0	NA	NA	NA	1
ENSG00000289330	0	NA	NA	0	NA	NA	NA	1
ENSG00000289331	0	NA	NA	0	NA	NA	NA	1
ENSG00000289332	0	NA	NA	0	NA	NA	NA	1
ENSG00000289334	0	NA	NA	0	NA	NA	NA	1
ENSG00000289338	0	NA	NA	0	NA	NA	NA	1
ENSG00000289342	0	NA	NA	0	NA	NA	NA	1
ENSG00000289345	0	NA	NA	0	NA	NA	NA	1
ENSG00000289348	0	NA	NA	0	NA	NA	NA	1
ENSG00000289351	0	NA	NA	0	NA	NA	NA	1
ENSG00000289353	0	NA	NA	0	NA	NA	NA	1
ENSG00000289354	0	NA	NA	0	NA	NA	NA	1
ENSG00000289372	0	NA	NA	0	NA	NA	NA	1
ENSG00000289376	0	NA	NA	0	NA	NA	NA	1
ENSG00000289378	0	NA	NA	0	NA	NA	NA	1
ENSG00000289379	0	NA	NA	0	NA	NA	NA	1
ENSG00000289380	0	NA	NA	0	NA	NA	NA	1
ENSG00000289382	0	NA	NA	0	NA	NA	NA	1
ENSG00000289383	0	NA	NA	0	NA	NA	NA	1
ENSG00000289384	0	NA	NA	0	NA	NA	NA	1
ENSG00000289388	0	NA	NA	0	NA	NA	NA	1
ENSG00000289390	0	NA	NA	0	NA	NA	NA	1
ENSG00000289393	0	NA	NA	0	NA	NA	NA	1
ENSG00000289394	0	NA	NA	0	NA	NA	NA	1
ENSG00000289395	0	NA	NA	0	NA	NA	NA	1
ENSG00000289399	0	NA	NA	0	NA	NA	NA	1
ENSG00000289401	0	NA	NA	0	NA	NA	NA	1
ENSG00000289402	0	NA	NA	0	NA	NA	NA	1
ENSG00000289411	0	NA	NA	0	NA	NA	NA	1
ENSG00000289416	0	NA	NA	0	NA	NA	NA	1
ENSG00000289419	0	NA	NA	0	NA	NA	NA	1
ENSG00000289422	0	NA	NA	0	NA	NA	NA	1
ENSG00000289426	0	NA	NA	0	NA	NA	NA	1
ENSG00000289428	0	NA	NA	0	NA	NA	NA	1
ENSG00000289430	0	NA	NA	0	NA	NA	NA	1
ENSG00000289434	0	NA	NA	0	NA	NA	NA	1
ENSG00000289437	0	NA	NA	0	NA	NA	NA	1
ENSG00000289443	0	NA	NA	0	NA	NA	NA	1
ENSG00000289447	0	NA	NA	0	NA	NA	NA	1
ENSG00000289449	0	NA	NA	0	NA	NA	NA	1
ENSG00000289460	0	NA	NA	0	NA	NA	NA	1
ENSG00000289461	0	NA	NA	0	NA	NA	NA	1
ENSG00000289468	0	NA	NA	0	NA	NA	NA	1
ENSG00000289469	0	NA	NA	0	NA	NA	NA	1
ENSG00000289471	0	NA	NA	0	NA	NA	NA	1
ENSG00000289473	0	NA	NA	0	NA	NA	NA	1
ENSG00000289476	0	NA	NA	0	NA	NA	NA	1
ENSG00000289477	0	NA	NA	0	NA	NA	NA	1
ENSG00000289485	0	NA	NA	0	NA	NA	NA	1
ENSG00000289488	0	NA	NA	0	NA	NA	NA	1
ENSG00000289493	0	NA	NA	0	NA	NA	NA	1
ENSG00000289494	0	NA	NA	0	NA	NA	NA	1
ENSG00000289496	0	NA	NA	0	NA	NA	NA	1
ENSG00000289499	0	NA	NA	0	NA	NA	NA	1
ENSG00000289500	0	NA	NA	0	NA	NA	NA	1
ENSG00000289504	0	NA	NA	0	NA	NA	NA	1
ENSG00000289505	0	NA	NA	0	NA	NA	NA	1
ENSG00000289507	0	NA	NA	0	NA	NA	NA	1
ENSG00000289508	0	NA	NA	0	NA	NA	NA	1
ENSG00000289509	0	NA	NA	0	NA	NA	NA	1
ENSG00000289510	0	NA	NA	0	NA	NA	NA	1
ENSG00000289515	0	NA	NA	0	NA	NA	NA	1
ENSG00000289516	0	NA	NA	0	NA	NA	NA	1
ENSG00000289518	0	NA	NA	0	NA	NA	NA	1
ENSG00000289519	0	NA	NA	0	NA	NA	NA	1
ENSG00000289523	0	NA	NA	0	NA	NA	NA	1
ENSG00000289525	0	NA	NA	0	NA	NA	NA	1
ENSG00000289530	0	NA	NA	0	NA	NA	NA	1
ENSG00000289537	0	NA	NA	0	NA	NA	NA	1
ENSG00000289538	0	NA	NA	0	NA	NA	NA	1
ENSG00000289541	0	NA	NA	0	NA	NA	NA	1
ENSG00000289544	0	NA	NA	0	NA	NA	NA	1
ENSG00000289545	0	NA	NA	0	NA	NA	NA	1
ENSG00000289551	0	NA	NA	0	NA	NA	NA	1
ENSG00000289552	0	NA	NA	0	NA	NA	NA	1
ENSG00000289557	0	NA	NA	0	NA	NA	NA	1
ENSG00000289560	0	NA	NA	0	NA	NA	NA	1
ENSG00000289566	0	NA	NA	0	NA	NA	NA	1
ENSG00000289569	0	NA	NA	0	NA	NA	NA	1
ENSG00000289574	0	NA	NA	0	NA	NA	NA	1
ENSG00000289576	0	NA	NA	0	NA	NA	NA	1
ENSG00000289581	0	NA	NA	0	NA	NA	NA	1
ENSG00000289586	0	NA	NA	0	NA	NA	NA	1
ENSG00000289589	0	NA	NA	0	NA	NA	NA	1
ENSG00000289591	0	NA	NA	0	NA	NA	NA	1
ENSG00000289592	0	NA	NA	0	NA	NA	NA	1
ENSG00000289593	0	NA	NA	0	NA	NA	NA	1
ENSG00000289595	0	NA	NA	0	NA	NA	NA	1
ENSG00000289602	0	NA	NA	0	NA	NA	NA	1
ENSG00000289607	0	NA	NA	0	NA	NA	NA	1
ENSG00000289611	0	NA	NA	0	NA	NA	NA	1
ENSG00000289613	0	NA	NA	0	NA	NA	NA	1
ENSG00000289615	0	NA	NA	0	NA	NA	NA	1
ENSG00000289616	0	NA	NA	0	NA	NA	NA	1
ENSG00000289624	0	NA	NA	0	NA	NA	NA	1
ENSG00000289625	0	NA	NA	0	NA	NA	NA	1
ENSG00000289627	0	NA	NA	0	NA	NA	NA	1
ENSG00000289628	0	NA	NA	0	NA	NA	NA	1
ENSG00000289629	0	NA	NA	0	NA	NA	NA	1
ENSG00000289631	0	NA	NA	0	NA	NA	NA	1
ENSG00000289632	0	NA	NA	0	NA	NA	NA	1
ENSG00000289633	0	NA	NA	0	NA	NA	NA	1
ENSG00000289640	0	NA	NA	0	NA	NA	NA	1
ENSG00000289644	0	NA	NA	0	NA	NA	NA	1
ENSG00000289688	0	NA	NA	0	NA	NA	NA	1
ENSG00000289689	0	NA	NA	0	NA	NA	NA	1
ENSG00000289691	0	NA	NA	0	NA	NA	NA	1
ENSG00000289702	0	NA	NA	0	NA	NA	NA	1
ENSG00000289726	0	NA	NA	0	NA	NA	NA	1
ENSG00000289727	0	NA	NA	0	NA	NA	NA	1
ENSG00000289738	0	NA	NA	0	NA	NA	NA	1
ENSG00000289744	0	NA	NA	0	NA	NA	NA	1
ENSG00000289750	0	NA	NA	0	NA	NA	NA	1
ENSG00000289757	0	NA	NA	0	NA	NA	NA	1
ENSG00000289788	0	NA	NA	0	NA	NA	NA	1
ENSG00000289810	0	NA	NA	0	NA	NA	NA	1
ENSG00000289827	0	NA	NA	0	NA	NA	NA	1
ENSG00000289832	0	NA	NA	0	NA	NA	NA	1
ENSG00000289835	0	NA	NA	0	NA	NA	NA	1
ENSG00000289836	0	NA	NA	0	NA	NA	NA	1
ENSG00000289837	0	NA	NA	0	NA	NA	NA	1
ENSG00000289840	0	NA	NA	0	NA	NA	NA	1
ENSG00000289841	0	NA	NA	0	NA	NA	NA	1
ENSG00000289842	0	NA	NA	0	NA	NA	NA	1
ENSG00000289852	0	NA	NA	0	NA	NA	NA	1
ENSG00000289854	0	NA	NA	0	NA	NA	NA	1
ENSG00000289857	0	NA	NA	0	NA	NA	NA	1
ENSG00000289858	0	NA	NA	0	NA	NA	NA	1
ENSG00000289859	0	NA	NA	0	NA	NA	NA	1
ENSG00000289866	0	NA	NA	0	NA	NA	NA	1
ENSG00000289868	0	NA	NA	0	NA	NA	NA	1
ENSG00000289872	0	NA	NA	0	NA	NA	NA	1
ENSG00000289878	0	NA	NA	0	NA	NA	NA	1
ENSG00000289881	0	NA	NA	0	NA	NA	NA	1
ENSG00000289886	0	NA	NA	0	NA	NA	NA	1
ENSG00000289887	0	NA	NA	0	NA	NA	NA	1
ENSG00000289888	0	NA	NA	0	NA	NA	NA	1
ENSG00000289890	0	NA	NA	0	NA	NA	NA	1
ENSG00000289894	0	NA	NA	0	NA	NA	NA	1
ENSG00000289898	0	NA	NA	0	NA	NA	NA	1
ENSG00000289899	0	NA	NA	0	NA	NA	NA	1
ENSG00000289904	0	NA	NA	0	NA	NA	NA	1
ENSG00000289906	0	NA	NA	0	NA	NA	NA	1
ENSG00000289908	0	NA	NA	0	NA	NA	NA	1
ENSG00000289909	0	NA	NA	0	NA	NA	NA	1
ENSG00000289915	0	NA	NA	0	NA	NA	NA	1
ENSG00000289919	0	NA	NA	0	NA	NA	NA	1
ENSG00000289920	0	NA	NA	0	NA	NA	NA	1
ENSG00000289922	0	NA	NA	0	NA	NA	NA	1
ENSG00000289923	0	NA	NA	0	NA	NA	NA	1
ENSG00000289926	0	NA	NA	0	NA	NA	NA	1
ENSG00000289927	0	NA	NA	0	NA	NA	NA	1
ENSG00000289930	0	NA	NA	0	NA	NA	NA	1
ENSG00000289933	0	NA	NA	0	NA	NA	NA	1
ENSG00000289935	0	NA	NA	0	NA	NA	NA	1
ENSG00000289937	0	NA	NA	0	NA	NA	NA	1
ENSG00000289938	0	NA	NA	0	NA	NA	NA	1
ENSG00000289939	0	NA	NA	0	NA	NA	NA	1
ENSG00000289944	0	NA	NA	0	NA	NA	NA	1
ENSG00000289946	0	NA	NA	0	NA	NA	NA	1
ENSG00000289947	0	NA	NA	0	NA	NA	NA	1
ENSG00000289955	0	NA	NA	0	NA	NA	NA	1
ENSG00000289956	0	NA	NA	0	NA	NA	NA	1
ENSG00000289968	0	NA	NA	0	NA	NA	NA	1
ENSG00000289970	0	NA	NA	0	NA	NA	NA	1
ENSG00000289971	0	NA	NA	0	NA	NA	NA	1
ENSG00000289972	0	NA	NA	0	NA	NA	NA	1
ENSG00000289973	0	NA	NA	0	NA	NA	NA	1
ENSG00000289976	0	NA	NA	0	NA	NA	NA	1
ENSG00000289977	0	NA	NA	0	NA	NA	NA	1
ENSG00000289982	0	NA	NA	0	NA	NA	NA	1
ENSG00000289983	0	NA	NA	0	NA	NA	NA	1
ENSG00000289984	0	NA	NA	0	NA	NA	NA	1
ENSG00000289988	0	NA	NA	0	NA	NA	NA	1
ENSG00000289991	0	NA	NA	0	NA	NA	NA	1
ENSG00000289992	0	NA	NA	0	NA	NA	NA	1
ENSG00000289996	0	NA	NA	0	NA	NA	NA	1
ENSG00000289999	0	NA	NA	0	NA	NA	NA	1
ENSG00000290003	0	NA	NA	0	NA	NA	NA	1
ENSG00000290004	0	NA	NA	0	NA	NA	NA	1
ENSG00000290010	0	NA	NA	0	NA	NA	NA	1
ENSG00000290015	0	NA	NA	0	NA	NA	NA	1
ENSG00000290021	0	NA	NA	0	NA	NA	NA	1
ENSG00000290022	0	NA	NA	0	NA	NA	NA	1
ENSG00000290031	0	NA	NA	0	NA	NA	NA	1
ENSG00000290033	0	NA	NA	0	NA	NA	NA	1
ENSG00000290034	0	NA	NA	0	NA	NA	NA	1
ENSG00000290036	0	NA	NA	0	NA	NA	NA	1
ENSG00000290038	0	NA	NA	0	NA	NA	NA	1
ENSG00000290040	0	NA	NA	0	NA	NA	NA	1
ENSG00000290041	0	NA	NA	0	NA	NA	NA	1
ENSG00000290044	0	NA	NA	0	NA	NA	NA	1
ENSG00000290045	0	NA	NA	0	NA	NA	NA	1
ENSG00000290049	0	NA	NA	0	NA	NA	NA	1
ENSG00000290052	0	NA	NA	0	NA	NA	NA	1
ENSG00000290060	0	NA	NA	0	NA	NA	NA	1
ENSG00000290066	0	NA	NA	0	NA	NA	NA	1
ENSG00000290068	0	NA	NA	0	NA	NA	NA	1
ENSG00000290070	0	NA	NA	0	NA	NA	NA	1
ENSG00000290076	0	NA	NA	0	NA	NA	NA	1
ENSG00000290078	0	NA	NA	0	NA	NA	NA	1
ENSG00000290079	0	NA	NA	0	NA	NA	NA	1
ENSG00000290085	0	NA	NA	0	NA	NA	NA	1
ENSG00000290088	0	NA	NA	0	NA	NA	NA	1
ENSG00000290089	0	NA	NA	0	NA	NA	NA	1
ENSG00000290094	0	NA	NA	0	NA	NA	NA	1
ENSG00000290097	0	NA	NA	0	NA	NA	NA	1
ENSG00000290099	0	NA	NA	0	NA	NA	NA	1
ENSG00000290100	0	NA	NA	0	NA	NA	NA	1
ENSG00000290103	0	NA	NA	0	NA	NA	NA	1
ENSG00000290107	0	NA	NA	0	NA	NA	NA	1
ENSG00000290109	0	NA	NA	0	NA	NA	NA	1
ENSG00000290111	0	NA	NA	0	NA	NA	NA	1
ENSG00000290113	0	NA	NA	0	NA	NA	NA	1
ENSG00000290116	0	NA	NA	0	NA	NA	NA	1
ENSG00000290118	0	NA	NA	0	NA	NA	NA	1
ENSG00000290119	0	NA	NA	0	NA	NA	NA	1
ENSG00000290126	0	NA	NA	0	NA	NA	NA	1
ENSG00000290166	0	NA	NA	0	NA	NA	NA	1
ENSG00000290199	0	NA	NA	0	NA	NA	NA	1
ENSG00000290226	0	NA	NA	0	NA	NA	NA	1
ENSG00000290241	0	NA	NA	0	NA	NA	NA	1
ENSG00000290242	0	NA	NA	0	NA	NA	NA	1
ENSG00000290285	0	NA	NA	0	NA	NA	NA	1
ENSG00000290388	0	NA	NA	0	NA	NA	NA	1
ENSG00000290396	0	NA	NA	0	NA	NA	NA	1
ENSG00000290400	0	NA	NA	0	NA	NA	NA	1
ENSG00000290407	0	NA	NA	0	NA	NA	NA	1
ENSG00000290423	0	NA	NA	0	NA	NA	NA	1
ENSG00000290441	0	NA	NA	0	NA	NA	NA	1
ENSG00000290454	0	NA	NA	0	NA	NA	NA	1
ENSG00000290464	0	NA	NA	0	NA	NA	NA	1
ENSG00000290466	0	NA	NA	0	NA	NA	NA	1
ENSG00000290475	0	NA	NA	0	NA	NA	NA	1
ENSG00000290476	0	NA	NA	0	NA	NA	NA	1
ENSG00000290478	0	NA	NA	0	NA	NA	NA	1
ENSG00000290482	0	NA	NA	0	NA	NA	NA	1
ENSG00000290484	0	NA	NA	0	NA	NA	NA	1
ENSG00000290507	0	NA	NA	0	NA	NA	NA	1
ENSG00000290531	0	NA	NA	0	NA	NA	NA	1
ENSG00000290544	0	NA	NA	0	NA	NA	NA	1
ENSG00000290551	0	NA	NA	0	NA	NA	NA	1
ENSG00000290554	0	NA	NA	0	NA	NA	NA	1
ENSG00000290563	0	NA	NA	0	NA	NA	NA	1
ENSG00000290567	0	NA	NA	0	NA	NA	NA	1
ENSG00000290571	0	NA	NA	0	NA	NA	NA	1
ENSG00000290574	0	NA	NA	0	NA	NA	NA	1
ENSG00000290576	0	NA	NA	0	NA	NA	NA	1
ENSG00000290577	0	NA	NA	0	NA	NA	NA	1
ENSG00000290584	0	NA	NA	0	NA	NA	NA	1
ENSG00000290595	0	NA	NA	0	NA	NA	NA	1
ENSG00000290600	0	NA	NA	0	NA	NA	NA	1
ENSG00000290610	0	NA	NA	0	NA	NA	NA	1
ENSG00000290654	0	NA	NA	0	NA	NA	NA	1
ENSG00000290662	0	NA	NA	0	NA	NA	NA	1
ENSG00000290676	0	NA	NA	0	NA	NA	NA	1
ENSG00000290681	0	NA	NA	0	NA	NA	NA	1
ENSG00000290691	0	NA	NA	0	NA	NA	NA	1
ENSG00000290698	0	NA	NA	0	NA	NA	NA	1
ENSG00000290701	0	NA	NA	0	NA	NA	NA	1
ENSG00000290702	0	NA	NA	0	NA	NA	NA	1
ENSG00000290703	0	NA	NA	0	NA	NA	NA	1
ENSG00000290712	0	NA	NA	0	NA	NA	NA	1
ENSG00000290723	0	NA	NA	0	NA	NA	NA	1
ENSG00000290740	0	NA	NA	0	NA	NA	NA	1
ENSG00000290746	0	NA	NA	0	NA	NA	NA	1
ENSG00000290747	0	NA	NA	0	NA	NA	NA	1
ENSG00000290754	0	NA	NA	0	NA	NA	NA	1
ENSG00000290757	0	NA	NA	0	NA	NA	NA	1
ENSG00000290759	0	NA	NA	0	NA	NA	NA	1
ENSG00000290764	0	NA	NA	0	NA	NA	NA	1
ENSG00000290765	0	NA	NA	0	NA	NA	NA	1
ENSG00000290766	0	NA	NA	0	NA	NA	NA	1
ENSG00000290769	0	NA	NA	0	NA	NA	NA	1
ENSG00000290770	0	NA	NA	0	NA	NA	NA	1
ENSG00000290773	0	NA	NA	0	NA	NA	NA	1
ENSG00000290774	0	NA	NA	0	NA	NA	NA	1
ENSG00000290777	0	NA	NA	0	NA	NA	NA	1
ENSG00000290785	0	NA	NA	0	NA	NA	NA	1
ENSG00000290789	0	NA	NA	0	NA	NA	NA	1
ENSG00000290791	0	NA	NA	0	NA	NA	NA	1
ENSG00000290792	0	NA	NA	0	NA	NA	NA	1
ENSG00000290794	0	NA	NA	0	NA	NA	NA	1
ENSG00000290795	0	NA	NA	0	NA	NA	NA	1
ENSG00000290797	0	NA	NA	0	NA	NA	NA	1
ENSG00000290805	0	NA	NA	0	NA	NA	NA	1
ENSG00000290807	0	NA	NA	0	NA	NA	NA	1
ENSG00000290808	0	NA	NA	0	NA	NA	NA	1
ENSG00000290813	0	NA	NA	0	NA	NA	NA	1
ENSG00000290819	0	NA	NA	0	NA	NA	NA	1
ENSG00000290820	0	NA	NA	0	NA	NA	NA	1
ENSG00000290827	0	NA	NA	0	NA	NA	NA	1
ENSG00000290835	0	NA	NA	0	NA	NA	NA	1
ENSG00000290837	0	NA	NA	0	NA	NA	NA	1
ENSG00000290862	0	NA	NA	0	NA	NA	NA	1
ENSG00000290863	0	NA	NA	0	NA	NA	NA	1
ENSG00000290871	0	NA	NA	0	NA	NA	NA	1
ENSG00000290885	0	NA	NA	0	NA	NA	NA	1
ENSG00000290893	0	NA	NA	0	NA	NA	NA	1
ENSG00000290908	0	NA	NA	0	NA	NA	NA	1
ENSG00000290914	0	NA	NA	0	NA	NA	NA	1
ENSG00000290915	0	NA	NA	0	NA	NA	NA	1
ENSG00000290924	0	NA	NA	0	NA	NA	NA	1
ENSG00000290928	0	NA	NA	0	NA	NA	NA	1
ENSG00000290929	0	NA	NA	0	NA	NA	NA	1
ENSG00000290934	0	NA	NA	0	NA	NA	NA	1
ENSG00000290940	0	NA	NA	0	NA	NA	NA	1
ENSG00000290942	0	NA	NA	0	NA	NA	NA	1
ENSG00000290957	0	NA	NA	0	NA	NA	NA	1
ENSG00000290965	0	NA	NA	0	NA	NA	NA	1
ENSG00000290966	0	NA	NA	0	NA	NA	NA	1
ENSG00000290967	0	NA	NA	0	NA	NA	NA	1
ENSG00000290996	0	NA	NA	0	NA	NA	NA	1
ENSG00000291000	0	NA	NA	0	NA	NA	NA	1
ENSG00000291013	0	NA	NA	0	NA	NA	NA	1
ENSG00000291015	0	NA	NA	0	NA	NA	NA	1
ENSG00000291035	0	NA	NA	0	NA	NA	NA	1
ENSG00000291036	0	NA	NA	0	NA	NA	NA	1
ENSG00000291038	0	NA	NA	0	NA	NA	NA	1
ENSG00000291040	0	NA	NA	0	NA	NA	NA	1
ENSG00000291041	0	NA	NA	0	NA	NA	NA	1
ENSG00000291042	0	NA	NA	0	NA	NA	NA	1
ENSG00000291051	0	NA	NA	0	NA	NA	NA	1
ENSG00000291053	0	NA	NA	0	NA	NA	NA	1
ENSG00000291054	0	NA	NA	0	NA	NA	NA	1
ENSG00000291070	0	NA	NA	0	NA	NA	NA	1
ENSG00000291077	0	NA	NA	0	NA	NA	NA	1
ENSG00000291078	0	NA	NA	0	NA	NA	NA	1
ENSG00000291084	0	NA	NA	0	NA	NA	NA	1
ENSG00000291093	0	NA	NA	0	NA	NA	NA	1
ENSG00000291094	0	NA	NA	0	NA	NA	NA	1
ENSG00000291095	0	NA	NA	0	NA	NA	NA	1
ENSG00000291096	0	NA	NA	0	NA	NA	NA	1
ENSG00000291105	0	NA	NA	0	NA	NA	NA	1
ENSG00000291109	0	NA	NA	0	NA	NA	NA	1
ENSG00000291119	0	NA	NA	0	NA	NA	NA	1
ENSG00000291122	0	NA	NA	0	NA	NA	NA	1
ENSG00000291132	0	NA	NA	0	NA	NA	NA	1
ENSG00000291143	0	NA	NA	0	NA	NA	NA	1
ENSG00000291144	0	NA	NA	0	NA	NA	NA	1
ENSG00000291146	0	NA	NA	0	NA	NA	NA	1
ENSG00000291151	0	NA	NA	0	NA	NA	NA	1
ENSG00000291154	0	NA	NA	0	NA	NA	NA	1
ENSG00000291155	0	NA	NA	0	NA	NA	NA	1
ENSG00000291156	0	NA	NA	0	NA	NA	NA	1
ENSG00000291164	0	NA	NA	0	NA	NA	NA	1
ENSG00000291165	0	NA	NA	0	NA	NA	NA	1
ENSG00000291171	0	NA	NA	0	NA	NA	NA	1
ENSG00000291173	0	NA	NA	0	NA	NA	NA	1
ENSG00000291185	0	NA	NA	0	NA	NA	NA	1
ENSG00000291187	0	NA	NA	0	NA	NA	NA	1
ENSG00000291190	0	NA	NA	0	NA	NA	NA	1
ENSG00000291209	0	NA	NA	0	NA	NA	NA	1
ENSG00000291217	0	NA	NA	0	NA	NA	NA	1
ENSG00000291224	0	NA	NA	0	NA	NA	NA	1
ENSG00000291230	0	NA	NA	0	NA	NA	NA	1
ENSG00000291236	0	NA	NA	0	NA	NA	NA	1
ENSG00000291241	0	NA	NA	0	NA	NA	NA	1
ENSG00000291246	0	NA	NA	0	NA	NA	NA	1
ENSG00000291249	0	NA	NA	0	NA	NA	NA	1
ENSG00000291254	0	NA	NA	0	NA	NA	NA	1
ENSG00000291258	0	NA	NA	0	NA	NA	NA	1
ENSG00000291282	0	NA	NA	0	NA	NA	NA	1
ENSG00000291284	0	NA	NA	0	NA	NA	NA	1
ENSG00000291285	0	NA	NA	0	NA	NA	NA	1
ENSG00000291286	0	NA	NA	0	NA	NA	NA	1
ENSG00000291290	0	NA	NA	0	NA	NA	NA	1
ENSG00000291291	0	NA	NA	0	NA	NA	NA	1
ENSG00000291295	0	NA	NA	0	NA	NA	NA	1
