lncRNAid_Mus_musculus	isTable_1_Canis_lupus_familiaris	orthology_type_synteny_Canis_lupus_familiaris	lncRNA_synteny_id_Canis_lupus_familiaris	isTable_2_Canis_lupus_familiaris	orthology_type_configuration_Canis_lupus_familiaris	configuration_type_configuration_Canis_lupus_familiaris	lncRNA_configuration_id_Canis_lupus_familiaris	isTable_3_Canis_lupus_familiaris
ENSMUSG00000100827	1	many_to_one	ENSCAFG00845030631	0	NA	NA	NA	0
ENSMUSG00000100553	1	many_to_one	ENSCAFG00845030631	0	NA	NA	NA	0
ENSMUSG00000100685	1	one_to_many	ENSCAFG00845004818;ENSCAFG00845004823;ENSCAFG00845004825;ENSCAFG00845004829	0	NA	NA	NA	1
ENSMUSG00000087199	1	one_to_one	ENSCAFG00845020529	1	one_to_one	lncgDivg	ENSCAFG00845020529	1
ENSMUSG00000100945	1	many_to_one	ENSCAFG00845004244	0	NA	NA	NA	1
ENSMUSG00000100334	1	many_to_one	ENSCAFG00845004244	0	NA	NA	NA	1
ENSMUSG00000099933	1	one_to_one	ENSCAFG00845003982	0	NA	NA	NA	0
ENSMUSG00000103670	1	many_to_one	ENSCAFG00845002528	1	many_to_one	lncgDivg	ENSCAFG00845002528	0
ENSMUSG00000120842	1	many_to_one	ENSCAFG00845002528	1	many_to_one	lncgDivg	ENSCAFG00845002528	0
ENSMUSG00000098447	1	one_to_one	ENSCAFG00845027194	1	one_to_one	lncgDivg	ENSCAFG00845027194	1
ENSMUSG00000054135	1	many_to_one	ENSCAFG00845012343	1	one_to_one	lincDivg	ENSCAFG00845012343	1
ENSMUSG00000120002	1	many_to_one	ENSCAFG00845012343	0	NA	NA	NA	1
ENSMUSG00000121026	1	many_to_many_DifferentNumber	ENSCAFG00845012308;ENSCAFG00845012320;ENSCAFG00845012331	1	many_to_many_strict	lincSS.up	ENSCAFG00845012320;ENSCAFG00845012331	1
ENSMUSG00000120933	1	many_to_many_DifferentNumber	ENSCAFG00845012308;ENSCAFG00845012320;ENSCAFG00845012331	1	many_to_many_strict	lincSS.up	ENSCAFG00845012320;ENSCAFG00845012331	1
ENSMUSG00000100110	1	one_to_one	ENSCAFG00845028942	0	NA	NA	NA	1
ENSMUSG00000089914	1	many_to_one	ENSCAFG00845008716	0	NA	NA	NA	1
ENSMUSG00000099906	1	many_to_one	ENSCAFG00845008716	1	one_to_one	lincSS.up	ENSCAFG00845008716	1
ENSMUSG00000099945	1	many_to_one	ENSCAFG00845027949	0	NA	NA	NA	0
ENSMUSG00000087022	1	many_to_one	ENSCAFG00845027949	0	NA	NA	NA	0
ENSMUSG00000101429	1	many_to_many_DifferentNumber	ENSCAFG00845027922;ENSCAFG00845027930	0	NA	NA	NA	0
ENSMUSG00000120334	1	many_to_many_DifferentNumber	ENSCAFG00845027922;ENSCAFG00845027930	1	one_to_many	lncgSS.up	ENSCAFG00845027930;ENSCAFG00845027922	0
ENSMUSG00000097519	1	many_to_many_DifferentNumber	ENSCAFG00845027922;ENSCAFG00845027930	0	NA	NA	NA	0
ENSMUSG00000103449	1	many_to_one	ENSCAFG00845028299	0	NA	NA	NA	0
ENSMUSG00000119954	1	many_to_one	ENSCAFG00845028299	0	NA	NA	NA	0
ENSMUSG00000103690	1	one_to_many	ENSCAFG00845028234;ENSCAFG00845028245;ENSCAFG00845028269	1	one_to_many	lincSS.dw	ENSCAFG00845028269;ENSCAFG00845028245	0
ENSMUSG00000104245	1	one_to_many	ENSCAFG00845027683;ENSCAFG00845027688;ENSCAFG00845027692	0	NA	NA	NA	1
ENSMUSG00000099404	1	many_to_many_DifferentNumber	ENSCAFG00845001521;ENSCAFG00845001573;ENSCAFG00845001588	1	many_to_one	lncgDivg	ENSCAFG00845001588	1
ENSMUSG00000103644	1	many_to_many_DifferentNumber	ENSCAFG00845001521;ENSCAFG00845001573;ENSCAFG00845001588	0	NA	NA	NA	1
ENSMUSG00000103963	1	many_to_many_DifferentNumber	ENSCAFG00845001521;ENSCAFG00845001573;ENSCAFG00845001588	0	NA	NA	NA	1
ENSMUSG00000079045	1	many_to_many_DifferentNumber	ENSCAFG00845001521;ENSCAFG00845001573;ENSCAFG00845001588	1	many_to_one	lncgDivg	ENSCAFG00845001588	1
ENSMUSG00000119953	1	many_to_many_DifferentNumber	ENSCAFG00845001521;ENSCAFG00845001573;ENSCAFG00845001588	1	many_to_one	lncgDivg	ENSCAFG00845001588	1
ENSMUSG00000103510	1	many_to_many_DifferentNumber	ENSCAFG00845001501;ENSCAFG00845001532;ENSCAFG00845001535;ENSCAFG00845001540;ENSCAFG00845001544;ENSCAFG00845001552;ENSCAFG00845001556;ENSCAFG00845001563;ENSCAFG00845001598	0	NA	NA	NA	1
ENSMUSG00000120782	1	many_to_many_DifferentNumber	ENSCAFG00845001501;ENSCAFG00845001532;ENSCAFG00845001535;ENSCAFG00845001540;ENSCAFG00845001544;ENSCAFG00845001552;ENSCAFG00845001556;ENSCAFG00845001563;ENSCAFG00845001598	0	NA	NA	NA	1
ENSMUSG00000097316	1	one_to_one	ENSCAFG00845003236	0	NA	NA	NA	1
ENSMUSG00000097325	1	many_to_one	ENSCAFG00845002478	1	one_to_one	lncgConv	ENSCAFG00845002478	0
ENSMUSG00000104206	1	many_to_one	ENSCAFG00845002478	0	NA	NA	NA	0
ENSMUSG00000104077	1	many_to_one	ENSCAFG00845002478	0	NA	NA	NA	0
ENSMUSG00000100811	1	many_to_one	ENSCAFG00845020314	0	NA	NA	NA	0
ENSMUSG00000100426	1	many_to_one	ENSCAFG00845020314	0	NA	NA	NA	0
ENSMUSG00000101705	1	one_to_many	ENSCAFG00845030232;ENSCAFG00845030241;ENSCAFG00845030248;ENSCAFG00845030256	1	one_to_many	lincSS.dw	ENSCAFG00845030248;ENSCAFG00845030241	0
ENSMUSG00000100980	1	one_to_many	ENSCAFG00845030229;ENSCAFG00845030252	0	NA	NA	NA	0
ENSMUSG00000101895	1	one_to_many	ENSCAFG00845021946;ENSCAFG00845021969	0	NA	NA	NA	0
ENSMUSG00000103603	1	one_to_one	ENSCAFG00845020262	0	NA	NA	NA	1
ENSMUSG00000120395	1	one_to_one	ENSCAFG00845003567	0	NA	NA	NA	1
ENSMUSG00000100620	1	one_to_one	ENSCAFG00845017062	0	NA	NA	NA	1
ENSMUSG00000085391	1	many_to_one	ENSCAFG00845016619	0	NA	NA	NA	1
ENSMUSG00000085280	1	many_to_one	ENSCAFG00845016619	0	NA	NA	NA	1
ENSMUSG00000087131	1	many_to_one	ENSCAFG00845016619	0	NA	NA	NA	1
ENSMUSG00000087514	1	many_to_one	ENSCAFG00845019690	0	NA	NA	NA	0
ENSMUSG00000100354	1	many_to_one	ENSCAFG00845019690	1	one_to_one	lincSS.dw	ENSCAFG00845019690	0
ENSMUSG00000100815	1	many_to_one	ENSCAFG00845020033	0	NA	NA	NA	0
ENSMUSG00000099954	1	many_to_one	ENSCAFG00845020033	0	NA	NA	NA	0
ENSMUSG00000097448	1	many_to_many_sameNumber	ENSCAFG00845022586;ENSCAFG00845022598	0	NA	NA	NA	1
ENSMUSG00000097113	1	many_to_many_sameNumber	ENSCAFG00845022586;ENSCAFG00845022598	0	NA	NA	NA	1
ENSMUSG00000054006	1	one_to_one	ENSCAFG00845002705	0	NA	NA	NA	1
ENSMUSG00000097063	1	one_to_many	ENSCAFG00845009917;ENSCAFG00845009940	1	one_to_one	lncgConv	ENSCAFG00845009940	0
ENSMUSG00000101112	1	many_to_one	ENSCAFG00845025062	0	NA	NA	NA	0
ENSMUSG00000101812	1	many_to_one	ENSCAFG00845025062	0	NA	NA	NA	0
ENSMUSG00000100429	1	many_to_one	ENSCAFG00845025062	0	NA	NA	NA	0
ENSMUSG00000103079	1	one_to_one	ENSCAFG00845004340	0	NA	NA	NA	1
ENSMUSG00000089812	1	one_to_many	ENSCAFG00845003043;ENSCAFG00845003055	0	NA	NA	NA	0
ENSMUSG00000120654	1	one_to_one	ENSCAFG00845005479	0	NA	NA	NA	1
ENSMUSG00000102923	1	one_to_many	ENSCAFG00845008147;ENSCAFG00845008167	0	NA	NA	NA	0
ENSMUSG00000099843	1	one_to_one	ENSCAFG00845000025	0	NA	NA	NA	1
ENSMUSG00000121280	1	one_to_one	ENSCAFG00845017058	0	NA	NA	NA	1
ENSMUSG00000100791	1	one_to_one	ENSCAFG00845028858	0	NA	NA	NA	0
ENSMUSG00000087681	1	many_to_one	ENSCAFG00845030193	1	one_to_one	lincSS.up	ENSCAFG00845030193	0
ENSMUSG00000087422	1	many_to_one	ENSCAFG00845030193	0	NA	NA	NA	0
ENSMUSG00000068062	1	one_to_one	ENSCAFG00845016856	0	NA	NA	NA	0
ENSMUSG00000104284	1	many_to_many_DifferentNumber	ENSCAFG00845016216;ENSCAFG00845016228	1	many_to_many	lncgSS.dw	ENSCAFG00845016228;ENSCAFG00845016216	1
ENSMUSG00000102517	1	many_to_many_DifferentNumber	ENSCAFG00845016216;ENSCAFG00845016228	1	many_to_many	lncgSS.dw	ENSCAFG00845016228;ENSCAFG00845016216	1
ENSMUSG00000086921	1	many_to_many_DifferentNumber	ENSCAFG00845016216;ENSCAFG00845016228	1	many_to_many	lncgSS.dw	ENSCAFG00845016228;ENSCAFG00845016216	1
ENSMUSG00000102816	1	many_to_many_DifferentNumber	ENSCAFG00845016216;ENSCAFG00845016228	1	many_to_many	lncgSS.dw	ENSCAFG00845016228;ENSCAFG00845016216	1
ENSMUSG00000102136	1	many_to_many_DifferentNumber	ENSCAFG00845016216;ENSCAFG00845016228	1	many_to_many	lncgSS.dw	ENSCAFG00845016228;ENSCAFG00845016216	1
ENSMUSG00000102357	1	many_to_many_DifferentNumber	ENSCAFG00845016216;ENSCAFG00845016228	1	many_to_many	lncgSS.dw	ENSCAFG00845016228;ENSCAFG00845016216	1
ENSMUSG00000102494	1	many_to_many_DifferentNumber	ENSCAFG00845016216;ENSCAFG00845016228	1	many_to_many	lncgSS.dw	ENSCAFG00845016228;ENSCAFG00845016216	1
ENSMUSG00000086994	1	one_to_one	ENSCAFG00845017931	0	NA	NA	NA	1
ENSMUSG00000087079	1	many_to_many_DifferentNumber	ENSCAFG00845000985;ENSCAFG00845000988;ENSCAFG00845000994;ENSCAFG00845001001;ENSCAFG00845001005;ENSCAFG00845001008;ENSCAFG00845001012;ENSCAFG00845001018;ENSCAFG00845001022;ENSCAFG00845001027;ENSCAFG00845001034;ENSCAFG00845001038;ENSCAFG00845001043;ENSCAFG00845001048;ENSCAFG00845001052;ENSCAFG00845001055;ENSCAFG00845001061;ENSCAFG00845001067;ENSCAFG00845001069;ENSCAFG00845001073	0	NA	NA	NA	0
ENSMUSG00000099424	1	many_to_many_DifferentNumber	ENSCAFG00845000985;ENSCAFG00845000988;ENSCAFG00845000994;ENSCAFG00845001001;ENSCAFG00845001005;ENSCAFG00845001008;ENSCAFG00845001012;ENSCAFG00845001018;ENSCAFG00845001022;ENSCAFG00845001027;ENSCAFG00845001034;ENSCAFG00845001038;ENSCAFG00845001043;ENSCAFG00845001048;ENSCAFG00845001052;ENSCAFG00845001055;ENSCAFG00845001061;ENSCAFG00845001067;ENSCAFG00845001069;ENSCAFG00845001073	1	one_to_one	lincDivg	ENSCAFG00845000985	0
ENSMUSG00000085580	1	many_to_many_DifferentNumber	ENSCAFG00845000985;ENSCAFG00845000988;ENSCAFG00845000994;ENSCAFG00845001001;ENSCAFG00845001005;ENSCAFG00845001008;ENSCAFG00845001012;ENSCAFG00845001018;ENSCAFG00845001022;ENSCAFG00845001027;ENSCAFG00845001034;ENSCAFG00845001038;ENSCAFG00845001043;ENSCAFG00845001048;ENSCAFG00845001052;ENSCAFG00845001055;ENSCAFG00845001061;ENSCAFG00845001067;ENSCAFG00845001069;ENSCAFG00845001073	0	NA	NA	NA	0
ENSMUSG00000079604	1	many_to_many_DifferentNumber	ENSCAFG00845000985;ENSCAFG00845000988;ENSCAFG00845000994;ENSCAFG00845001001;ENSCAFG00845001005;ENSCAFG00845001008;ENSCAFG00845001012;ENSCAFG00845001018;ENSCAFG00845001022;ENSCAFG00845001027;ENSCAFG00845001034;ENSCAFG00845001038;ENSCAFG00845001043;ENSCAFG00845001048;ENSCAFG00845001052;ENSCAFG00845001055;ENSCAFG00845001061;ENSCAFG00845001067;ENSCAFG00845001069;ENSCAFG00845001073	0	NA	NA	NA	0
ENSMUSG00000075538	1	many_to_one	ENSCAFG00845001071	0	NA	NA	NA	0
ENSMUSG00000062319	1	many_to_one	ENSCAFG00845001071	0	NA	NA	NA	0
ENSMUSG00000085070	1	many_to_one	ENSCAFG00845001071	0	NA	NA	NA	0
ENSMUSG00000079603	1	many_to_one	ENSCAFG00845001071	0	NA	NA	NA	0
ENSMUSG00000085483	1	one_to_one	ENSCAFG00845025537	0	NA	NA	NA	1
ENSMUSG00000102329	1	one_to_one	ENSCAFG00845001923	0	NA	NA	NA	0
ENSMUSG00000087570	1	many_to_many_sameNumber	ENSCAFG00845028545;ENSCAFG00845028553	0	NA	NA	NA	0
ENSMUSG00000064263	1	many_to_many_sameNumber	ENSCAFG00845028545;ENSCAFG00845028553	1	one_to_many	lincSS.up	ENSCAFG00845028545;ENSCAFG00845028553	0
ENSMUSG00000086641	1	many_to_many_DifferentNumber	ENSCAFG00845028758;ENSCAFG00845028768;ENSCAFG00845028776	0	NA	NA	NA	0
ENSMUSG00000084794	1	many_to_many_DifferentNumber	ENSCAFG00845028758;ENSCAFG00845028768;ENSCAFG00845028776	0	NA	NA	NA	0
ENSMUSG00000087445	1	one_to_one	ENSCAFG00845028402	1	one_to_one	lincSS.dw	ENSCAFG00845028402	1
ENSMUSG00000087504	1	many_to_many_DifferentNumber	ENSCAFG00845019596;ENSCAFG00845019608;ENSCAFG00845019631;ENSCAFG00845019779	0	NA	NA	NA	1
ENSMUSG00000100303	1	many_to_many_DifferentNumber	ENSCAFG00845019596;ENSCAFG00845019608;ENSCAFG00845019631;ENSCAFG00845019779	0	NA	NA	NA	1
ENSMUSG00000121212	1	many_to_many_DifferentNumber	ENSCAFG00845019596;ENSCAFG00845019608;ENSCAFG00845019631;ENSCAFG00845019779	1	one_to_many	lincSS.up	ENSCAFG00845019631;ENSCAFG00845019779	0
ENSMUSG00000087333	1	many_to_many_sameNumber	ENSCAFG00845019586;ENSCAFG00845019618;ENSCAFG00845019650;ENSCAFG00845019794	0	NA	NA	NA	1
ENSMUSG00000086044	1	many_to_many_sameNumber	ENSCAFG00845019586;ENSCAFG00845019618;ENSCAFG00845019650;ENSCAFG00845019794	0	NA	NA	NA	1
ENSMUSG00000086576	1	many_to_many_sameNumber	ENSCAFG00845019586;ENSCAFG00845019618;ENSCAFG00845019650;ENSCAFG00845019794	0	NA	NA	NA	1
ENSMUSG00000120684	1	many_to_many_sameNumber	ENSCAFG00845019586;ENSCAFG00845019618;ENSCAFG00845019650;ENSCAFG00845019794	0	NA	NA	NA	1
ENSMUSG00000086416	1	one_to_many	ENSCAFG00845020165;ENSCAFG00845020189;ENSCAFG00845020205	0	NA	NA	NA	1
ENSMUSG00000075027	1	one_to_one	ENSCAFG00845005862	1	one_to_one	lncgDivg	ENSCAFG00845005862	0
ENSMUSG00000087559	1	many_to_one	ENSCAFG00845005873	1	one_to_one	lincSS.up	ENSCAFG00845005873	0
ENSMUSG00000121187	1	many_to_one	ENSCAFG00845005873	0	NA	NA	NA	0
ENSMUSG00000085852	1	one_to_one	ENSCAFG00845005963	0	NA	NA	NA	0
ENSMUSG00000086192	1	one_to_one	ENSCAFG00845019964	0	NA	NA	NA	1
ENSMUSG00000087069	1	one_to_many	ENSCAFG00845019697;ENSCAFG00845019711;ENSCAFG00845019718	0	NA	NA	NA	0
ENSMUSG00000087465	1	one_to_one	ENSCAFG00845020642	1	one_to_one	lncgDivg	ENSCAFG00845020642	0
ENSMUSG00000087061	1	one_to_one	ENSCAFG00845017029	0	NA	NA	NA	1
ENSMUSG00000086957	1	one_to_one	ENSCAFG00845023533	0	NA	NA	NA	1
ENSMUSG00000087544	1	one_to_many	ENSCAFG00845018649;ENSCAFG00845018665	1	one_to_many	lincConv	ENSCAFG00845018649;ENSCAFG00845018665	0
ENSMUSG00000086758	1	one_to_one	ENSCAFG00845018582	0	NA	NA	NA	0
ENSMUSG00000093410	1	one_to_one	ENSCAFG00845018052	0	NA	NA	NA	0
ENSMUSG00000109604	1	one_to_many	ENSCAFG00845018009;ENSCAFG00845018023;ENSCAFG00845018038;ENSCAFG00845018069	1	one_to_many	lncgDivg	ENSCAFG00845018009;ENSCAFG00845018023	0
ENSMUSG00000086411	1	one_to_one	ENSCAFG00845026607	0	NA	NA	NA	1
ENSMUSG00000086783	1	one_to_one	ENSCAFG00845026891	0	NA	NA	NA	1
ENSMUSG00000085444	1	one_to_many	ENSCAFG00845025115;ENSCAFG00845025147;ENSCAFG00845025164	1	one_to_one	lincConv	ENSCAFG00845025115	0
ENSMUSG00000086186	1	one_to_one	ENSCAFG00845025191	0	NA	NA	NA	0
ENSMUSG00000085463	1	one_to_one	ENSCAFG00845008346	1	one_to_one	lincSS.dw	ENSCAFG00845008346	0
ENSMUSG00000027345	1	many_to_many_sameNumber	ENSCAFG00845028074;ENSCAFG00845028099	0	NA	NA	NA	0
ENSMUSG00000086379	1	many_to_many_sameNumber	ENSCAFG00845028074;ENSCAFG00845028099	1	one_to_one	lincConv	ENSCAFG00845028099	0
ENSMUSG00000086250	1	one_to_one	ENSCAFG00845028085	0	NA	NA	NA	0
ENSMUSG00000098977	1	one_to_one	ENSCAFG00845007002	0	NA	NA	NA	1
ENSMUSG00000085383	1	one_to_many	ENSCAFG00845024891;ENSCAFG00845024909	0	NA	NA	NA	0
ENSMUSG00000085448	1	many_to_one	ENSCAFG00845031111	0	NA	NA	NA	0
ENSMUSG00000087545	1	many_to_one	ENSCAFG00845031111	0	NA	NA	NA	0
ENSMUSG00000087106	1	many_to_one	ENSCAFG00845031111	0	NA	NA	NA	0
ENSMUSG00000084798	1	many_to_one	ENSCAFG00845031111	0	NA	NA	NA	1
ENSMUSG00000101266	1	one_to_many	ENSCAFG00845024011;ENSCAFG00845024106	0	NA	NA	NA	1
ENSMUSG00000074753	1	one_to_one	ENSCAFG00845029338	0	NA	NA	NA	1
ENSMUSG00000052248	1	many_to_one	ENSCAFG00845006200	0	NA	NA	NA	0
ENSMUSG00000100135	1	many_to_one	ENSCAFG00845006200	0	NA	NA	NA	0
ENSMUSG00000085591	1	many_to_one	ENSCAFG00845006200	0	NA	NA	NA	0
ENSMUSG00000086202	1	many_to_one	ENSCAFG00845006200	0	NA	NA	NA	0
ENSMUSG00000086710	1	many_to_one	ENSCAFG00845006200	0	NA	NA	NA	0
ENSMUSG00000120385	1	many_to_one	ENSCAFG00845006200	0	NA	NA	NA	0
ENSMUSG00000120320	1	many_to_one	ENSCAFG00845006200	0	NA	NA	NA	0
ENSMUSG00000086447	1	one_to_many	ENSCAFG00845009784;ENSCAFG00845009801	0	NA	NA	NA	0
ENSMUSG00000087455	1	one_to_one	ENSCAFG00845027444	0	NA	NA	NA	0
ENSMUSG00000086196	1	many_to_one	ENSCAFG00845028898	0	NA	NA	NA	1
ENSMUSG00000087283	1	many_to_one	ENSCAFG00845028898	0	NA	NA	NA	1
ENSMUSG00000085471	1	one_to_one	ENSCAFG00845019172	0	NA	NA	NA	0
ENSMUSG00000120033	1	one_to_one	ENSCAFG00845012067	1	one_to_one	lincConv	ENSCAFG00845012067	1
ENSMUSG00000121035	1	many_to_one	ENSCAFG00845027092	0	NA	NA	NA	0
ENSMUSG00000121134	1	many_to_one	ENSCAFG00845027092	0	NA	NA	NA	0
ENSMUSG00000120236	1	one_to_many	ENSCAFG00845027032;ENSCAFG00845027042;ENSCAFG00845027055;ENSCAFG00845027064	1	one_to_many	lincConv	ENSCAFG00845027055;ENSCAFG00845027042;ENSCAFG00845027064	0
ENSMUSG00000120441	1	one_to_one	ENSCAFG00845021588	0	NA	NA	NA	1
ENSMUSG00000087600	1	many_to_one	ENSCAFG00845013079	0	NA	NA	NA	0
ENSMUSG00000121269	1	many_to_one	ENSCAFG00845013079	1	one_to_one	lincDivg	ENSCAFG00845013079	0
ENSMUSG00000086114	1	many_to_one	ENSCAFG00845013079	0	NA	NA	NA	0
ENSMUSG00000085322	1	one_to_one	ENSCAFG00845027744	0	NA	NA	NA	1
ENSMUSG00000120632	1	one_to_one	ENSCAFG00845006024	0	NA	NA	NA	1
ENSMUSG00000120340	1	one_to_many	ENSCAFG00845024951;ENSCAFG00845024960	0	NA	NA	NA	0
ENSMUSG00000121264	1	one_to_one	ENSCAFG00845023213	0	NA	NA	NA	0
ENSMUSG00000056061	1	one_to_many	ENSCAFG00845017267;ENSCAFG00845017277;ENSCAFG00845017322;ENSCAFG00845017394;ENSCAFG00845017436;ENSCAFG00845017477	1	one_to_one	lncgDivg	ENSCAFG00845017267	0
ENSMUSG00000121267	1	many_to_many_DifferentNumber	ENSCAFG00845017290;ENSCAFG00845017300;ENSCAFG00845017408;ENSCAFG00845017427;ENSCAFG00845017452	0	NA	NA	NA	0
ENSMUSG00000084843	1	many_to_many_DifferentNumber	ENSCAFG00845017290;ENSCAFG00845017300;ENSCAFG00845017408;ENSCAFG00845017427;ENSCAFG00845017452	1	one_to_many	lincSS.up	ENSCAFG00845017300;ENSCAFG00845017290	0
ENSMUSG00000057047	1	one_to_one	ENSCAFG00845013385	0	NA	NA	NA	0
ENSMUSG00000073236	1	one_to_one	ENSCAFG00845021034	1	one_to_one	lncgDivg	ENSCAFG00845021034	0
ENSMUSG00000079001	1	one_to_one	ENSCAFG00845021732	0	NA	NA	NA	1
ENSMUSG00000085284	1	one_to_one	ENSCAFG00845024529	1	one_to_one	lncgDivg	ENSCAFG00845024529	1
ENSMUSG00000085568	1	one_to_one	ENSCAFG00845020093	0	NA	NA	NA	1
ENSMUSG00000094763	1	one_to_one	ENSCAFG00845028107	1	one_to_one	lncgDivg	ENSCAFG00845028107	1
ENSMUSG00000102820	1	many_to_one	ENSCAFG00845018201	0	NA	NA	NA	0
ENSMUSG00000103428	1	many_to_one	ENSCAFG00845018201	1	one_to_one	lincDivg	ENSCAFG00845018201	0
ENSMUSG00000102362	1	one_to_many	ENSCAFG00845018262;ENSCAFG00845018284;ENSCAFG00845018302;ENSCAFG00845018312;ENSCAFG00845018328;ENSCAFG00845018337;ENSCAFG00845018346;ENSCAFG00845018357;ENSCAFG00845018364;ENSCAFG00845018378	0	NA	NA	NA	0
ENSMUSG00000068957	1	one_to_one	ENSCAFG00845011913	1	one_to_one	lncgDivg	ENSCAFG00845011913	1
ENSMUSG00000089746	1	many_to_one	ENSCAFG00845011921	1	one_to_one	lncgSS.up	ENSCAFG00845011921	1
ENSMUSG00000120163	1	many_to_one	ENSCAFG00845011921	0	NA	NA	NA	1
ENSMUSG00000106099	1	many_to_one	ENSCAFG00845014363	0	NA	NA	NA	0
ENSMUSG00000098097	1	many_to_one	ENSCAFG00845014363	0	NA	NA	NA	0
ENSMUSG00000105057	1	one_to_one	ENSCAFG00845015901	0	NA	NA	NA	1
ENSMUSG00000102629	1	many_to_one	ENSCAFG00845010126	0	NA	NA	NA	0
ENSMUSG00000105034	1	many_to_one	ENSCAFG00845010126	0	NA	NA	NA	0
ENSMUSG00000103459	1	one_to_one	ENSCAFG00845009507	1	one_to_one	lincSS.dw	ENSCAFG00845009507	0
ENSMUSG00000101334	1	one_to_one	ENSCAFG00845009479	0	NA	NA	NA	0
ENSMUSG00000092522	1	one_to_many	ENSCAFG00845004653;ENSCAFG00845004664	0	NA	NA	NA	0
ENSMUSG00000104553	1	one_to_many	ENSCAFG00845004786;ENSCAFG00845004790;ENSCAFG00845004795	0	NA	NA	NA	1
ENSMUSG00000104826	1	many_to_one	ENSCAFG00845004782	0	NA	NA	NA	1
ENSMUSG00000085084	1	many_to_one	ENSCAFG00845004782	0	NA	NA	NA	1
ENSMUSG00000100799	1	one_to_one	ENSCAFG00845023328	0	NA	NA	NA	0
ENSMUSG00000103965	1	many_to_one	ENSCAFG00845024155	0	NA	NA	NA	0
ENSMUSG00000102785	1	many_to_one	ENSCAFG00845024155	0	NA	NA	NA	0
ENSMUSG00000120422	1	many_to_one	ENSCAFG00845024155	0	NA	NA	NA	0
ENSMUSG00000092405	1	many_to_many_sameNumber	ENSCAFG00845024136;ENSCAFG00845024142;ENSCAFG00845024164	0	NA	NA	NA	0
ENSMUSG00000104109	1	many_to_many_sameNumber	ENSCAFG00845024136;ENSCAFG00845024142;ENSCAFG00845024164	0	NA	NA	NA	0
ENSMUSG00000104401	1	many_to_many_sameNumber	ENSCAFG00845024136;ENSCAFG00845024142;ENSCAFG00845024164	0	NA	NA	NA	0
ENSMUSG00000097428	1	many_to_many_sameNumber	ENSCAFG00845009079;ENSCAFG00845009096	0	NA	NA	NA	0
ENSMUSG00000097156	1	many_to_many_sameNumber	ENSCAFG00845009079;ENSCAFG00845009096	1	one_to_one	lincConv	ENSCAFG00845009096	0
ENSMUSG00000097280	1	many_to_one	ENSCAFG00845009073	0	NA	NA	NA	0
ENSMUSG00000096935	1	many_to_one	ENSCAFG00845009073	1	one_to_one	lncgConv	ENSCAFG00845009073	0
ENSMUSG00000086833	1	one_to_one	ENSCAFG00845006237	0	NA	NA	NA	1
ENSMUSG00000085121	1	one_to_one	ENSCAFG00845006244	1	one_to_one	lincSS.up	ENSCAFG00845006244	1
ENSMUSG00000105085	1	many_to_many_sameNumber	ENSCAFG00845027521;ENSCAFG00845027534;ENSCAFG00845027542	0	NA	NA	NA	0
ENSMUSG00000104556	1	many_to_many_sameNumber	ENSCAFG00845027521;ENSCAFG00845027534;ENSCAFG00845027542	0	NA	NA	NA	0
ENSMUSG00000106139	1	many_to_many_sameNumber	ENSCAFG00845027521;ENSCAFG00845027534;ENSCAFG00845027542	0	NA	NA	NA	0
ENSMUSG00000105952	1	many_to_one	ENSCAFG00845027473	0	NA	NA	NA	0
ENSMUSG00000104645	1	many_to_one	ENSCAFG00845027473	0	NA	NA	NA	0
ENSMUSG00000097911	1	many_to_one	ENSCAFG00845027473	0	NA	NA	NA	0
ENSMUSG00000106069	1	many_to_one	ENSCAFG00845027473	0	NA	NA	NA	0
ENSMUSG00000105472	1	many_to_one	ENSCAFG00845006137	0	NA	NA	NA	1
ENSMUSG00000106197	1	many_to_one	ENSCAFG00845006137	0	NA	NA	NA	1
ENSMUSG00000086923	1	many_to_many_sameNumber	ENSCAFG00845005807;ENSCAFG00845005816	0	NA	NA	NA	1
ENSMUSG00000106639	1	many_to_many_sameNumber	ENSCAFG00845005807;ENSCAFG00845005816	0	NA	NA	NA	1
ENSMUSG00000104943	1	many_to_one	ENSCAFG00845029579	0	NA	NA	NA	1
ENSMUSG00000053957	1	many_to_one	ENSCAFG00845029579	1	one_to_one	lncgDivg	ENSCAFG00845029579	1
ENSMUSG00000100010	1	one_to_one	ENSCAFG00845029642	0	NA	NA	NA	1
ENSMUSG00000103116	1	one_to_many	ENSCAFG00845014581;ENSCAFG00845014605;ENSCAFG00845014615	1	one_to_one	lincDivg	ENSCAFG00845014581	0
ENSMUSG00000105342	1	many_to_one	ENSCAFG00845028029	0	NA	NA	NA	1
ENSMUSG00000106296	1	many_to_one	ENSCAFG00845028029	0	NA	NA	NA	1
ENSMUSG00000089916	1	many_to_one	ENSCAFG00845027875	0	NA	NA	NA	1
ENSMUSG00000105151	1	many_to_one	ENSCAFG00845027875	0	NA	NA	NA	1
ENSMUSG00000105966	1	many_to_one	ENSCAFG00845027875	0	NA	NA	NA	1
ENSMUSG00000105891	1	many_to_one	ENSCAFG00845027875	0	NA	NA	NA	1
ENSMUSG00000089794	1	many_to_many_DifferentNumber	ENSCAFG00845014794;ENSCAFG00845014799;ENSCAFG00845014805;ENSCAFG00845014811;ENSCAFG00845014816	0	NA	NA	NA	1
ENSMUSG00000120107	1	many_to_many_DifferentNumber	ENSCAFG00845014794;ENSCAFG00845014799;ENSCAFG00845014805;ENSCAFG00845014811;ENSCAFG00845014816	1	one_to_many	lincDivg	ENSCAFG00845014816;ENSCAFG00845014794;ENSCAFG00845014805;ENSCAFG00845014811;ENSCAFG00845014799	1
ENSMUSG00000106306	1	one_to_one	ENSCAFG00845025469	0	NA	NA	NA	1
ENSMUSG00000055138	1	one_to_many	ENSCAFG00845024286;ENSCAFG00845024304	0	NA	NA	NA	0
ENSMUSG00000085754	1	one_to_one	ENSCAFG00845023322	1	one_to_one	lncgDivg	ENSCAFG00845023322	1
ENSMUSG00000105229	1	many_to_one	ENSCAFG00845023309	1	many_to_one	lncgSS.up	ENSCAFG00845023309	1
ENSMUSG00000104874	1	many_to_one	ENSCAFG00845023309	1	many_to_one	lncgSS.up	ENSCAFG00845023309	1
ENSMUSG00000120952	1	one_to_many	ENSCAFG00845006168;ENSCAFG00845006176	0	NA	NA	NA	1
ENSMUSG00000104721	1	many_to_one	ENSCAFG00845006164	0	NA	NA	NA	1
ENSMUSG00000106371	1	many_to_one	ENSCAFG00845006164	0	NA	NA	NA	1
ENSMUSG00000105148	1	many_to_one	ENSCAFG00845006164	0	NA	NA	NA	1
ENSMUSG00000105083	1	many_to_one	ENSCAFG00845006164	0	NA	NA	NA	1
ENSMUSG00000106443	1	many_to_one	ENSCAFG00845006164	0	NA	NA	NA	1
ENSMUSG00000104583	1	many_to_one	ENSCAFG00845006164	0	NA	NA	NA	1
ENSMUSG00000105846	1	many_to_one	ENSCAFG00845006164	0	NA	NA	NA	1
ENSMUSG00000106063	1	many_to_one	ENSCAFG00845006164	0	NA	NA	NA	1
ENSMUSG00000106432	1	many_to_one	ENSCAFG00845006164	0	NA	NA	NA	1
ENSMUSG00000105933	1	many_to_one	ENSCAFG00845006164	0	NA	NA	NA	1
ENSMUSG00000105818	1	many_to_one	ENSCAFG00845006164	0	NA	NA	NA	1
ENSMUSG00000022187	1	many_to_one	ENSCAFG00845006164	1	one_to_one	lincSS.dw	ENSCAFG00845006164	1
ENSMUSG00000074664	1	one_to_many	ENSCAFG00845014983;ENSCAFG00845014992;ENSCAFG00845014998;ENSCAFG00845015004;ENSCAFG00845015013;ENSCAFG00845015021;ENSCAFG00845015028;ENSCAFG00845015038;ENSCAFG00845015041;ENSCAFG00845015045;ENSCAFG00845015053;ENSCAFG00845015065;ENSCAFG00845015073	0	NA	NA	NA	0
ENSMUSG00000106550	1	many_to_many_DifferentNumber	ENSCAFG00845019278;ENSCAFG00845019300	0	NA	NA	NA	0
ENSMUSG00000097858	1	many_to_many_DifferentNumber	ENSCAFG00845019278;ENSCAFG00845019300	0	NA	NA	NA	0
ENSMUSG00000106052	1	many_to_many_DifferentNumber	ENSCAFG00845019278;ENSCAFG00845019300	0	NA	NA	NA	0
ENSMUSG00000105923	1	many_to_many_DifferentNumber	ENSCAFG00845019278;ENSCAFG00845019300	0	NA	NA	NA	0
ENSMUSG00000106162	1	many_to_many_DifferentNumber	ENSCAFG00845019278;ENSCAFG00845019300	0	NA	NA	NA	0
ENSMUSG00000105917	1	many_to_many_DifferentNumber	ENSCAFG00845019278;ENSCAFG00845019300	0	NA	NA	NA	0
ENSMUSG00000106210	1	many_to_many_DifferentNumber	ENSCAFG00845019278;ENSCAFG00845019300	0	NA	NA	NA	0
ENSMUSG00000104939	1	many_to_many_DifferentNumber	ENSCAFG00845019278;ENSCAFG00845019300	0	NA	NA	NA	0
ENSMUSG00000105511	1	many_to_many_DifferentNumber	ENSCAFG00845019278;ENSCAFG00845019300	0	NA	NA	NA	0
ENSMUSG00000106109	1	many_to_many_DifferentNumber	ENSCAFG00845019278;ENSCAFG00845019300	0	NA	NA	NA	0
ENSMUSG00000105324	1	many_to_many_DifferentNumber	ENSCAFG00845019278;ENSCAFG00845019300	0	NA	NA	NA	0
ENSMUSG00000106524	1	many_to_many_DifferentNumber	ENSCAFG00845019278;ENSCAFG00845019300	0	NA	NA	NA	0
ENSMUSG00000104865	1	many_to_many_DifferentNumber	ENSCAFG00845019278;ENSCAFG00845019300	0	NA	NA	NA	0
ENSMUSG00000120269	1	many_to_many_DifferentNumber	ENSCAFG00845019278;ENSCAFG00845019300	1	one_to_many	lincConv	ENSCAFG00845019278;ENSCAFG00845019300	0
ENSMUSG00000105652	1	many_to_many_DifferentNumber	ENSCAFG00845019278;ENSCAFG00845019300	0	NA	NA	NA	0
ENSMUSG00000105000	1	many_to_many_DifferentNumber	ENSCAFG00845019287;ENSCAFG00845019310	0	NA	NA	NA	0
ENSMUSG00000105279	1	many_to_many_DifferentNumber	ENSCAFG00845019287;ENSCAFG00845019310	0	NA	NA	NA	0
ENSMUSG00000105811	1	many_to_many_DifferentNumber	ENSCAFG00845019287;ENSCAFG00845019310	0	NA	NA	NA	0
ENSMUSG00000106367	1	many_to_many_DifferentNumber	ENSCAFG00845019287;ENSCAFG00845019310	1	one_to_many	lincSS.dw	ENSCAFG00845019287;ENSCAFG00845019310	0
ENSMUSG00000104969	1	many_to_one	ENSCAFG00845019402	0	NA	NA	NA	1
ENSMUSG00000120266	1	many_to_one	ENSCAFG00845019402	0	NA	NA	NA	1
ENSMUSG00000105753	1	one_to_one	ENSCAFG00845008105	1	one_to_one	lncgSS.dw	ENSCAFG00845008105	1
ENSMUSG00000106426	1	one_to_many	ENSCAFG00845002398;ENSCAFG00845002404	1	one_to_one	lincDivg	ENSCAFG00845002404	1
ENSMUSG00000102862	1	one_to_many	ENSCAFG00845016159;ENSCAFG00845016198	0	NA	NA	NA	1
ENSMUSG00000054426	1	one_to_one	ENSCAFG00845012082	0	NA	NA	NA	1
ENSMUSG00000120424	1	one_to_one	ENSCAFG00845013706	0	NA	NA	NA	0
ENSMUSG00000120716	1	one_to_one	ENSCAFG00845001745	1	one_to_one	lncgDivg	ENSCAFG00845001745	1
ENSMUSG00000104960	1	one_to_one	ENSCAFG00845029601	1	one_to_one	lncgConv	ENSCAFG00845029601	0
ENSMUSG00000120996	1	one_to_one	ENSCAFG00845016602	1	one_to_one	lncgDivg	ENSCAFG00845016602	1
ENSMUSG00000097786	1	one_to_one	ENSCAFG00845021437	0	NA	NA	NA	1
ENSMUSG00000097189	1	one_to_one	ENSCAFG00845016961	0	NA	NA	NA	1
ENSMUSG00000104776	1	one_to_one	ENSCAFG00845024857	0	NA	NA	NA	1
ENSMUSG00000056145	1	many_to_many_DifferentNumber	ENSCAFG00845001884;ENSCAFG00845001894;ENSCAFG00845001903	1	one_to_one	lncgSS.dw	ENSCAFG00845001884	1
ENSMUSG00000050179	1	many_to_many_DifferentNumber	ENSCAFG00845001884;ENSCAFG00845001894;ENSCAFG00845001903	1	one_to_one	lncgSS.up	ENSCAFG00845001903	1
ENSMUSG00000120721	1	one_to_one	ENSCAFG00845001890	0	NA	NA	NA	1
ENSMUSG00000104835	1	one_to_one	ENSCAFG00845008321	1	one_to_one	lincDivg	ENSCAFG00845008321	1
ENSMUSG00000105677	1	many_to_one	ENSCAFG00845008409	0	NA	NA	NA	1
ENSMUSG00000105842	1	many_to_one	ENSCAFG00845008409	0	NA	NA	NA	1
ENSMUSG00000106341	1	many_to_one	ENSCAFG00845008409	0	NA	NA	NA	1
ENSMUSG00000104910	1	many_to_one	ENSCAFG00845008409	0	NA	NA	NA	0
ENSMUSG00000120730	1	many_to_one	ENSCAFG00845008409	0	NA	NA	NA	1
ENSMUSG00000086326	1	one_to_one	ENSCAFG00845002477	0	NA	NA	NA	0
ENSMUSG00000085549	1	many_to_one	ENSCAFG00845016053	0	NA	NA	NA	0
ENSMUSG00000087195	1	many_to_one	ENSCAFG00845016053	0	NA	NA	NA	0
ENSMUSG00000087289	1	many_to_one	ENSCAFG00845016053	0	NA	NA	NA	0
ENSMUSG00000073752	1	one_to_one	ENSCAFG00845006052	0	NA	NA	NA	0
ENSMUSG00000086949	1	one_to_one	ENSCAFG00845029115	1	one_to_one	lncgConv	ENSCAFG00845029115	1
ENSMUSG00000086262	1	many_to_many_DifferentNumber	ENSCAFG00845007513;ENSCAFG00845007539	0	NA	NA	NA	0
ENSMUSG00000087171	1	many_to_many_DifferentNumber	ENSCAFG00845007513;ENSCAFG00845007539	1	many_to_one	lincSS.dw	ENSCAFG00845007539	0
ENSMUSG00000086856	1	many_to_many_DifferentNumber	ENSCAFG00845007513;ENSCAFG00845007539	1	many_to_one	lincSS.dw	ENSCAFG00845007539	0
ENSMUSG00000085667	1	many_to_many_sameNumber	ENSCAFG00845008353;ENSCAFG00845008362	1	one_to_one	lncgConv	ENSCAFG00845008353	1
ENSMUSG00000118394	1	many_to_many_sameNumber	ENSCAFG00845008353;ENSCAFG00845008362	0	NA	NA	NA	1
ENSMUSG00000085097	1	one_to_one	ENSCAFG00845027520	1	one_to_one	lincSS.up	ENSCAFG00845027520	1
ENSMUSG00000086997	1	one_to_one	ENSCAFG00845010655	0	NA	NA	NA	1
ENSMUSG00000087641	1	one_to_many	ENSCAFG00845024382;ENSCAFG00845024399;ENSCAFG00845024421;ENSCAFG00845024430;ENSCAFG00845024483	0	NA	NA	NA	1
ENSMUSG00000059027	1	one_to_many	ENSCAFG00845024372;ENSCAFG00845024410;ENSCAFG00845024435;ENSCAFG00845024448;ENSCAFG00845024460	0	NA	NA	NA	1
ENSMUSG00000084851	1	many_to_many_DifferentNumber	ENSCAFG00845011248;ENSCAFG00845011254;ENSCAFG00845011273;ENSCAFG00845011278	0	NA	NA	NA	1
ENSMUSG00000120940	1	many_to_many_DifferentNumber	ENSCAFG00845011248;ENSCAFG00845011254;ENSCAFG00845011273;ENSCAFG00845011278	0	NA	NA	NA	1
ENSMUSG00000097942	1	one_to_one	ENSCAFG00845012975	0	NA	NA	NA	1
ENSMUSG00000086413	1	one_to_one	ENSCAFG00845013280	0	NA	NA	NA	1
ENSMUSG00000086788	1	one_to_one	ENSCAFG00845014493	0	NA	NA	NA	0
ENSMUSG00000084809	1	one_to_many	ENSCAFG00845014908;ENSCAFG00845014914;ENSCAFG00845014924;ENSCAFG00845014929	0	NA	NA	NA	0
ENSMUSG00000084833	1	many_to_many_DifferentNumber	ENSCAFG00845017261;ENSCAFG00845017276	0	NA	NA	NA	0
ENSMUSG00000085931	1	many_to_many_DifferentNumber	ENSCAFG00845017261;ENSCAFG00845017276	1	many_to_many_strict	lincSS.dw	ENSCAFG00845017261;ENSCAFG00845017276	0
ENSMUSG00000087128	1	many_to_many_DifferentNumber	ENSCAFG00845017261;ENSCAFG00845017276	1	many_to_many_strict	lincSS.dw	ENSCAFG00845017261;ENSCAFG00845017276	0
ENSMUSG00000120651	1	many_to_many_DifferentNumber	ENSCAFG00845017261;ENSCAFG00845017276	0	NA	NA	NA	0
ENSMUSG00000085749	1	many_to_many_DifferentNumber	ENSCAFG00845027308;ENSCAFG00845027333;ENSCAFG00845027348;ENSCAFG00845027362;ENSCAFG00845027380;ENSCAFG00845027392	0	NA	NA	NA	0
ENSMUSG00000086876	1	many_to_many_DifferentNumber	ENSCAFG00845027308;ENSCAFG00845027333;ENSCAFG00845027348;ENSCAFG00845027362;ENSCAFG00845027380;ENSCAFG00845027392	0	NA	NA	NA	0
ENSMUSG00000087228	1	many_to_many_DifferentNumber	ENSCAFG00845027308;ENSCAFG00845027333;ENSCAFG00845027348;ENSCAFG00845027362;ENSCAFG00845027380;ENSCAFG00845027392	0	NA	NA	NA	1
ENSMUSG00000085895	1	many_to_one	ENSCAFG00845015225	0	NA	NA	NA	0
ENSMUSG00000120599	1	many_to_one	ENSCAFG00845015225	1	one_to_one	lncgSS.up	ENSCAFG00845015225	0
ENSMUSG00000120044	1	many_to_one	ENSCAFG00845015225	0	NA	NA	NA	0
ENSMUSG00000087238	1	many_to_one	ENSCAFG00845015237	0	NA	NA	NA	0
ENSMUSG00000087464	1	many_to_one	ENSCAFG00845015237	0	NA	NA	NA	0
ENSMUSG00000066060	1	many_to_one	ENSCAFG00845015237	0	NA	NA	NA	0
ENSMUSG00000086136	1	one_to_many	ENSCAFG00845006993;ENSCAFG00845007055;ENSCAFG00845007388;ENSCAFG00845007461	0	NA	NA	NA	1
ENSMUSG00000087482	1	one_to_many	ENSCAFG00845007019;ENSCAFG00845007031;ENSCAFG00845007042;ENSCAFG00845007069;ENSCAFG00845007080;ENSCAFG00845007093;ENSCAFG00845007101;ENSCAFG00845007116;ENSCAFG00845007133;ENSCAFG00845007141;ENSCAFG00845007157;ENSCAFG00845007170;ENSCAFG00845007178;ENSCAFG00845007187;ENSCAFG00845007209;ENSCAFG00845007223;ENSCAFG00845007240;ENSCAFG00845007252;ENSCAFG00845007268;ENSCAFG00845007278;ENSCAFG00845007285;ENSCAFG00845007312;ENSCAFG00845007323;ENSCAFG00845007333;ENSCAFG00845007344;ENSCAFG00845007357;ENSCAFG00845007370;ENSCAFG00845007401;ENSCAFG00845007417;ENSCAFG00845007424;ENSCAFG00845007483;ENSCAFG00845007493;ENSCAFG00845007504;ENSCAFG00845007516;ENSCAFG00845007527;ENSCAFG00845007536;ENSCAFG00845007547;ENSCAFG00845007562;ENSCAFG00845007579;ENSCAFG00845007595;ENSCAFG00845007606;ENSCAFG00845013503;ENSCAFG00845013508;ENSCAFG00845013510;ENSCAFG00845013519;ENSCAFG00845013523;ENSCAFG00845013530;ENSCAFG00845013537;ENSCAFG00845013538;ENSCAFG00845013543	1	one_to_many	lincDivg	ENSCAFG00845007606;ENSCAFG00845013530;ENSCAFG00845013538;ENSCAFG00845013519;ENSCAFG00845013523;ENSCAFG00845013510;ENSCAFG00845013503;ENSCAFG00845013537;ENSCAFG00845007595;ENSCAFG00845013508	1
ENSMUSG00000073759	1	one_to_one	ENSCAFG00845030192	0	NA	NA	NA	1
ENSMUSG00000086087	1	many_to_many_DifferentNumber	ENSCAFG00845030198;ENSCAFG00845030208	0	NA	NA	NA	1
ENSMUSG00000086955	1	many_to_many_DifferentNumber	ENSCAFG00845030198;ENSCAFG00845030208	0	NA	NA	NA	1
ENSMUSG00000086978	1	many_to_many_DifferentNumber	ENSCAFG00845030198;ENSCAFG00845030208	0	NA	NA	NA	1
ENSMUSG00000098760	1	many_to_many_DifferentNumber	ENSCAFG00845030198;ENSCAFG00845030208	1	one_to_one	lncgDivg	ENSCAFG00845030208	1
ENSMUSG00000084757	1	many_to_many_DifferentNumber	ENSCAFG00845030198;ENSCAFG00845030208	0	NA	NA	NA	1
ENSMUSG00000087011	1	one_to_one	ENSCAFG00845030647	0	NA	NA	NA	0
ENSMUSG00000085574	1	one_to_one	ENSCAFG00845000772	0	NA	NA	NA	0
ENSMUSG00000086774	1	many_to_one	ENSCAFG00845008142	0	NA	NA	NA	0
ENSMUSG00000120487	1	many_to_one	ENSCAFG00845008142	1	one_to_one	lincDivg	ENSCAFG00845008142	0
ENSMUSG00000086066	1	one_to_one	ENSCAFG00845027503	1	one_to_one	lncgSS.up	ENSCAFG00845027503	1
ENSMUSG00000087099	1	one_to_many	ENSCAFG00845027546;ENSCAFG00845027556;ENSCAFG00845027561;ENSCAFG00845027568;ENSCAFG00845027574;ENSCAFG00845027579;ENSCAFG00845027589;ENSCAFG00845027596	1	one_to_many	lincDivg	ENSCAFG00845027574;ENSCAFG00845027556;ENSCAFG00845027596;ENSCAFG00845027568;ENSCAFG00845027579;ENSCAFG00845027589;ENSCAFG00845027561	1
ENSMUSG00000084828	1	one_to_one	ENSCAFG00845018927	1	one_to_one	lncgDivg	ENSCAFG00845018927	0
ENSMUSG00000086227	1	one_to_one	ENSCAFG00845021889	1	one_to_one	lincSS.dw	ENSCAFG00845021889	0
ENSMUSG00000084787	1	one_to_one	ENSCAFG00845008991	1	one_to_one	lincSS.up	ENSCAFG00845008991	0
ENSMUSG00000120256	1	many_to_one	ENSCAFG00845005161	1	one_to_one	lincConv	ENSCAFG00845005161	1
ENSMUSG00000085085	1	many_to_one	ENSCAFG00845005161	0	NA	NA	NA	1
ENSMUSG00000086765	1	one_to_one	ENSCAFG00845016283	0	NA	NA	NA	1
ENSMUSG00000086665	1	one_to_many	ENSCAFG00845028737;ENSCAFG00845028763	0	NA	NA	NA	0
ENSMUSG00000085213	1	one_to_one	ENSCAFG00845027586	0	NA	NA	NA	1
ENSMUSG00000086369	1	one_to_many	ENSCAFG00845005106;ENSCAFG00845005113	0	NA	NA	NA	1
ENSMUSG00000086290	1	one_to_one	ENSCAFG00845009830	1	one_to_one	lncgConv	ENSCAFG00845009830	1
ENSMUSG00000087484	1	one_to_one	ENSCAFG00845009166	0	NA	NA	NA	1
ENSMUSG00000086894	1	many_to_many_DifferentNumber	ENSCAFG00845008963;ENSCAFG00845008969;ENSCAFG00845008975	0	NA	NA	NA	1
ENSMUSG00000104600	1	many_to_many_DifferentNumber	ENSCAFG00845008963;ENSCAFG00845008969;ENSCAFG00845008975	0	NA	NA	NA	1
ENSMUSG00000104156	1	many_to_one	ENSCAFG00845023963	0	NA	NA	NA	1
ENSMUSG00000105881	1	many_to_one	ENSCAFG00845023963	1	one_to_one	lncgSS.up	ENSCAFG00845023963	1
ENSMUSG00000090086	1	one_to_one	ENSCAFG00845023946	0	NA	NA	NA	1
ENSMUSG00000090030	1	one_to_one	ENSCAFG00845015404	0	NA	NA	NA	1
ENSMUSG00000106754	1	one_to_one	ENSCAFG00845012013	0	NA	NA	NA	1
ENSMUSG00000085565	1	one_to_one	ENSCAFG00845022795	0	NA	NA	NA	1
ENSMUSG00000107164	1	one_to_one	ENSCAFG00845021554	0	NA	NA	NA	1
ENSMUSG00000107132	1	one_to_one	ENSCAFG00845021656	0	NA	NA	NA	1
ENSMUSG00000106719	1	many_to_one	ENSCAFG00845015730	0	NA	NA	NA	0
ENSMUSG00000106738	1	many_to_one	ENSCAFG00845015730	1	one_to_one	lncgConv	ENSCAFG00845015730	0
ENSMUSG00000107048	1	many_to_one	ENSCAFG00845014857	0	NA	NA	NA	1
ENSMUSG00000106692	1	many_to_one	ENSCAFG00845014857	0	NA	NA	NA	0
ENSMUSG00000107047	1	one_to_one	ENSCAFG00845014882	1	one_to_one	lincConv	ENSCAFG00845014882	0
ENSMUSG00000106794	1	many_to_many_sameNumber	ENSCAFG00845002396;ENSCAFG00845002400	0	NA	NA	NA	0
ENSMUSG00000106741	1	many_to_many_sameNumber	ENSCAFG00845002396;ENSCAFG00845002400	0	NA	NA	NA	0
ENSMUSG00000104846	1	one_to_one	ENSCAFG00845001762	0	NA	NA	NA	1
ENSMUSG00000104681	1	one_to_one	ENSCAFG00845029182	0	NA	NA	NA	0
ENSMUSG00000106269	1	many_to_many_sameNumber	ENSCAFG00845028639;ENSCAFG00845028654	0	NA	NA	NA	0
ENSMUSG00000120367	1	many_to_many_sameNumber	ENSCAFG00845028639;ENSCAFG00845028654	1	one_to_one	lncgSS.up	ENSCAFG00845028639	0
ENSMUSG00000105264	1	one_to_one	ENSCAFG00845000781	0	NA	NA	NA	1
ENSMUSG00000105503	1	many_to_one	ENSCAFG00845000739	0	NA	NA	NA	1
ENSMUSG00000104784	1	many_to_one	ENSCAFG00845000739	0	NA	NA	NA	1
ENSMUSG00000104847	1	one_to_many	ENSCAFG00845007929;ENSCAFG00845007938;ENSCAFG00845007946;ENSCAFG00845007957;ENSCAFG00845007977;ENSCAFG00845007984;ENSCAFG00845007991;ENSCAFG00845007995;ENSCAFG00845008018;ENSCAFG00845008024;ENSCAFG00845008031;ENSCAFG00845008038;ENSCAFG00845008049;ENSCAFG00845008057;ENSCAFG00845008063;ENSCAFG00845008070;ENSCAFG00845008082	0	NA	NA	NA	0
ENSMUSG00000097726	1	one_to_many	ENSCAFG00845013297;ENSCAFG00845013302	0	NA	NA	NA	1
ENSMUSG00000119967	1	one_to_many	ENSCAFG00845013258;ENSCAFG00845013272;ENSCAFG00845013315	0	NA	NA	NA	1
ENSMUSG00000097368	1	many_to_one	ENSCAFG00845024262	0	NA	NA	NA	1
ENSMUSG00000107141	1	many_to_one	ENSCAFG00845024262	0	NA	NA	NA	1
ENSMUSG00000098649	1	many_to_one	ENSCAFG00845024262	1	one_to_one	lncgDivg	ENSCAFG00845024262	1
ENSMUSG00000105006	1	many_to_one	ENSCAFG00845016244	0	NA	NA	NA	1
ENSMUSG00000105283	1	many_to_one	ENSCAFG00845016244	0	NA	NA	NA	1
ENSMUSG00000119979	1	many_to_one	ENSCAFG00845013587	0	NA	NA	NA	1
ENSMUSG00000120304	1	many_to_one	ENSCAFG00845013587	0	NA	NA	NA	1
ENSMUSG00000119945	1	many_to_one	ENSCAFG00845013587	0	NA	NA	NA	1
ENSMUSG00000120072	1	one_to_many	ENSCAFG00845014957;ENSCAFG00845015009;ENSCAFG00845015019;ENSCAFG00845015042;ENSCAFG00845015052;ENSCAFG00845015079;ENSCAFG00845015102;ENSCAFG00845015111;ENSCAFG00845015146	1	one_to_one	lincSS.up	ENSCAFG00845014957	1
ENSMUSG00000107266	1	one_to_one	ENSCAFG00845014519	0	NA	NA	NA	0
ENSMUSG00000120915	1	one_to_many	ENSCAFG00845012921;ENSCAFG00845012942	1	one_to_many	lncgDivg	ENSCAFG00845012942;ENSCAFG00845012921	1
ENSMUSG00000054945	1	one_to_many	ENSCAFG00845005652;ENSCAFG00845005677;ENSCAFG00845005681;ENSCAFG00845005685	1	one_to_one	lncgDivg	ENSCAFG00845005652	1
ENSMUSG00000121172	1	one_to_one	ENSCAFG00845011426	0	NA	NA	NA	0
ENSMUSG00000120797	1	one_to_one	ENSCAFG00845025799	1	one_to_one	lincConv	ENSCAFG00845025799	1
ENSMUSG00000106688	1	one_to_one	ENSCAFG00845012817	1	one_to_one	lincSS.up	ENSCAFG00845012817	0
ENSMUSG00000054598	1	one_to_one	ENSCAFG00845004042	0	NA	NA	NA	0
ENSMUSG00000072683	1	one_to_one	ENSCAFG00845014259	1	one_to_one	lncgConv	ENSCAFG00845014259	1
ENSMUSG00000108094	1	one_to_one	ENSCAFG00845013844	1	one_to_one	lincSS.up	ENSCAFG00845013844	1
ENSMUSG00000107999	1	one_to_many	ENSCAFG00845022376;ENSCAFG00845022394;ENSCAFG00845022401;ENSCAFG00845022412;ENSCAFG00845022425;ENSCAFG00845022433;ENSCAFG00845022446;ENSCAFG00845022456	1	one_to_one	lncgDivg	ENSCAFG00845022376	0
ENSMUSG00000087317	1	one_to_one	ENSCAFG00845026073	0	NA	NA	NA	0
ENSMUSG00000108288	1	one_to_one	ENSCAFG00845016569	0	NA	NA	NA	0
ENSMUSG00000072660	1	one_to_one	ENSCAFG00845022937	0	NA	NA	NA	1
ENSMUSG00000108025	1	many_to_one	ENSCAFG00845006233	0	NA	NA	NA	0
ENSMUSG00000107022	1	many_to_one	ENSCAFG00845006233	0	NA	NA	NA	0
ENSMUSG00000110390	1	many_to_many_sameNumber	ENSCAFG00845030349;ENSCAFG00845030360	1	one_to_many	lincSS.up	ENSCAFG00845030349;ENSCAFG00845030360	0
ENSMUSG00000120976	1	many_to_many_sameNumber	ENSCAFG00845030349;ENSCAFG00845030360	0	NA	NA	NA	0
ENSMUSG00000108175	1	many_to_one	ENSCAFG00845017601	1	many_to_one	lncgDivg	ENSCAFG00845017601	0
ENSMUSG00000108255	1	many_to_one	ENSCAFG00845017601	1	many_to_one	lncgDivg	ENSCAFG00845017601	0
ENSMUSG00000107526	1	many_to_one	ENSCAFG00845018464	0	NA	NA	NA	0
ENSMUSG00000121190	1	many_to_one	ENSCAFG00845018464	0	NA	NA	NA	0
ENSMUSG00000107614	1	many_to_one	ENSCAFG00845009523	0	NA	NA	NA	0
ENSMUSG00000107929	1	many_to_one	ENSCAFG00845009523	0	NA	NA	NA	0
ENSMUSG00000097548	1	one_to_one	ENSCAFG00845007440	0	NA	NA	NA	0
ENSMUSG00000108237	1	many_to_many_DifferentNumber	ENSCAFG00845012865;ENSCAFG00845012884;ENSCAFG00845012891;ENSCAFG00845012902;ENSCAFG00845012918;ENSCAFG00845012934;ENSCAFG00845012947;ENSCAFG00845012953	0	NA	NA	NA	0
ENSMUSG00000085067	1	many_to_many_DifferentNumber	ENSCAFG00845012865;ENSCAFG00845012884;ENSCAFG00845012891;ENSCAFG00845012902;ENSCAFG00845012918;ENSCAFG00845012934;ENSCAFG00845012947;ENSCAFG00845012953	0	NA	NA	NA	0
ENSMUSG00000108166	1	one_to_one	ENSCAFG00845024049	1	one_to_one	lncgSS.dw	ENSCAFG00845024049	0
ENSMUSG00000107496	1	one_to_many	ENSCAFG00845012291;ENSCAFG00845012300;ENSCAFG00845012319	0	NA	NA	NA	1
ENSMUSG00000084861	1	one_to_one	ENSCAFG00845019635	0	NA	NA	NA	0
ENSMUSG00000099810	1	many_to_one	ENSCAFG00845027153	0	NA	NA	NA	0
ENSMUSG00000120675	1	many_to_one	ENSCAFG00845027153	0	NA	NA	NA	0
ENSMUSG00000121125	1	one_to_one	ENSCAFG00845027146	0	NA	NA	NA	0
ENSMUSG00000029837	1	one_to_one	ENSCAFG00845007260	0	NA	NA	NA	1
ENSMUSG00000085058	1	one_to_one	ENSCAFG00845031055	1	one_to_one	lncgDivg	ENSCAFG00845031055	1
ENSMUSG00000097563	1	one_to_many	ENSCAFG00845031021;ENSCAFG00845031024	1	one_to_one	lncgSS.dw	ENSCAFG00845031024	0
ENSMUSG00000097406	1	many_to_many_sameNumber	ENSCAFG00845031023;ENSCAFG00845031026	0	NA	NA	NA	1
ENSMUSG00000097484	1	many_to_many_sameNumber	ENSCAFG00845031023;ENSCAFG00845031026	0	NA	NA	NA	0
ENSMUSG00000097831	1	one_to_one	ENSCAFG00845028963	0	NA	NA	NA	1
ENSMUSG00000087356	1	one_to_one	ENSCAFG00845014606	0	NA	NA	NA	1
ENSMUSG00000120672	1	one_to_one	ENSCAFG00845021189	1	one_to_one	lincDivg	ENSCAFG00845021189	1
ENSMUSG00000085470	1	one_to_one	ENSCAFG00845019142	0	NA	NA	NA	1
ENSMUSG00000120732	1	one_to_one	ENSCAFG00845031087	0	NA	NA	NA	0
ENSMUSG00000056771	1	one_to_one	ENSCAFG00845024324	0	NA	NA	NA	0
ENSMUSG00000097462	1	many_to_many_DifferentNumber	ENSCAFG00845012707;ENSCAFG00845012740	0	NA	NA	NA	1
ENSMUSG00000079462	1	many_to_many_DifferentNumber	ENSCAFG00845012707;ENSCAFG00845012740	0	NA	NA	NA	1
ENSMUSG00000048636	1	many_to_many_DifferentNumber	ENSCAFG00845012707;ENSCAFG00845012740	0	NA	NA	NA	1
ENSMUSG00000084950	1	one_to_one	ENSCAFG00845019682	1	one_to_one	lncgDivg	ENSCAFG00845019682	1
ENSMUSG00000107688	1	one_to_one	ENSCAFG00845025557	1	one_to_one	lncgSS.dw	ENSCAFG00845025557	0
ENSMUSG00000068180	1	one_to_many	ENSCAFG00845011421;ENSCAFG00845011425	0	NA	NA	NA	1
ENSMUSG00000108967	1	one_to_one	ENSCAFG00845005798	1	one_to_one	lincConv	ENSCAFG00845005798	0
ENSMUSG00000120825	1	one_to_many	ENSCAFG00845005789;ENSCAFG00845005809;ENSCAFG00845015375;ENSCAFG00845015392;ENSCAFG00845015418	0	NA	NA	NA	0
ENSMUSG00000109278	1	one_to_one	ENSCAFG00845006282	0	NA	NA	NA	0
ENSMUSG00000109327	1	one_to_one	ENSCAFG00845006471	0	NA	NA	NA	0
ENSMUSG00000108603	1	one_to_one	ENSCAFG00845003620	1	one_to_one	lncgConv	ENSCAFG00845003620	1
ENSMUSG00000109366	1	many_to_one	ENSCAFG00845005211	0	NA	NA	NA	1
ENSMUSG00000120563	1	many_to_one	ENSCAFG00845005211	0	NA	NA	NA	1
ENSMUSG00000120590	1	many_to_one	ENSCAFG00845005211	0	NA	NA	NA	1
ENSMUSG00000097023	1	many_to_many_DifferentNumber	ENSCAFG00845000264;ENSCAFG00845004187;ENSCAFG00845004193	1	one_to_one	lincDivg	ENSCAFG00845004193	0
ENSMUSG00000108616	1	many_to_many_DifferentNumber	ENSCAFG00845000264;ENSCAFG00845004187;ENSCAFG00845004193	1	one_to_one	lincConv	ENSCAFG00845000264	0
ENSMUSG00000108373	1	many_to_many_DifferentNumber	ENSCAFG00845000235;ENSCAFG00845000244;ENSCAFG00845000253	1	one_to_one	lincSS.dw	ENSCAFG00845000253	0
ENSMUSG00000108776	1	many_to_many_DifferentNumber	ENSCAFG00845000235;ENSCAFG00845000244;ENSCAFG00845000253	0	NA	NA	NA	0
ENSMUSG00000098066	1	one_to_one	ENSCAFG00845011946	0	NA	NA	NA	0
ENSMUSG00000085049	1	many_to_many_DifferentNumber	ENSCAFG00845019330;ENSCAFG00845019345;ENSCAFG00845019361	0	NA	NA	NA	0
ENSMUSG00000085945	1	many_to_many_DifferentNumber	ENSCAFG00845019330;ENSCAFG00845019345;ENSCAFG00845019361	0	NA	NA	NA	0
ENSMUSG00000084964	1	one_to_one	ENSCAFG00845016437	0	NA	NA	NA	0
ENSMUSG00000108379	1	many_to_one	ENSCAFG00845023840	0	NA	NA	NA	1
ENSMUSG00000120780	1	many_to_one	ENSCAFG00845023840	0	NA	NA	NA	1
ENSMUSG00000108722	1	many_to_one	ENSCAFG00845023840	0	NA	NA	NA	1
ENSMUSG00000109165	1	one_to_one	ENSCAFG00845000300	1	one_to_one	lncgSS.dw	ENSCAFG00845000300	0
ENSMUSG00000108627	1	one_to_one	ENSCAFG00845002209	0	NA	NA	NA	0
ENSMUSG00000108351	1	one_to_one	ENSCAFG00845002216	0	NA	NA	NA	0
ENSMUSG00000108409	1	one_to_one	ENSCAFG00845002186	0	NA	NA	NA	0
ENSMUSG00000108811	1	one_to_one	ENSCAFG00845002120	0	NA	NA	NA	0
ENSMUSG00000098160	1	many_to_many_DifferentNumber	ENSCAFG00845000385;ENSCAFG00845000397;ENSCAFG00845000409;ENSCAFG00845004519	0	NA	NA	NA	0
ENSMUSG00000098129	1	many_to_many_DifferentNumber	ENSCAFG00845000385;ENSCAFG00845000397;ENSCAFG00845000409;ENSCAFG00845004519	0	NA	NA	NA	0
ENSMUSG00000109855	1	one_to_one	ENSCAFG00845023836	0	NA	NA	NA	1
ENSMUSG00000073778	1	one_to_one	ENSCAFG00845014571	1	one_to_one	lncgConv	ENSCAFG00845014571	0
ENSMUSG00000097277	1	one_to_one	ENSCAFG00845003886	1	one_to_one	lncgConv	ENSCAFG00845003886	1
ENSMUSG00000120564	1	many_to_one	ENSCAFG00845016742	0	NA	NA	NA	0
ENSMUSG00000108626	1	many_to_one	ENSCAFG00845016742	0	NA	NA	NA	0
ENSMUSG00000066175	1	one_to_one	ENSCAFG00845002277	0	NA	NA	NA	0
ENSMUSG00000121231	1	one_to_one	ENSCAFG00845004216	0	NA	NA	NA	1
ENSMUSG00000121235	1	one_to_one	ENSCAFG00845011442	1	one_to_one	lncgDivg	ENSCAFG00845011442	1
ENSMUSG00000108977	1	one_to_one	ENSCAFG00845015156	0	NA	NA	NA	0
ENSMUSG00000020033	1	many_to_one	ENSCAFG00845005687	0	NA	NA	NA	1
ENSMUSG00000111514	1	many_to_one	ENSCAFG00845005687	0	NA	NA	NA	1
ENSMUSG00000111583	1	many_to_one	ENSCAFG00845005687	1	one_to_one	lncgDivg	ENSCAFG00845005687	1
ENSMUSG00000097309	1	one_to_one	ENSCAFG00845013073	1	one_to_one	lncgDivg	ENSCAFG00845013073	1
ENSMUSG00000089959	1	one_to_one	ENSCAFG00845010129	0	NA	NA	NA	1
ENSMUSG00000112469	1	one_to_one	ENSCAFG00845000035	0	NA	NA	NA	1
ENSMUSG00000112183	1	one_to_one	ENSCAFG00845009279	0	NA	NA	NA	0
ENSMUSG00000112707	1	one_to_many	ENSCAFG00845000012;ENSCAFG00845000015	0	NA	NA	NA	1
ENSMUSG00000112558	1	many_to_many_sameNumber	ENSCAFG00845003341;ENSCAFG00845003356;ENSCAFG00845003358	0	NA	NA	NA	1
ENSMUSG00000116971	1	many_to_many_sameNumber	ENSCAFG00845003341;ENSCAFG00845003356;ENSCAFG00845003358	1	one_to_many	lincConv	ENSCAFG00845003356;ENSCAFG00845003341;ENSCAFG00845003358	1
ENSMUSG00000112097	1	many_to_many_sameNumber	ENSCAFG00845003341;ENSCAFG00845003356;ENSCAFG00845003358	0	NA	NA	NA	1
ENSMUSG00000112141	1	many_to_many_DifferentNumber	ENSCAFG00845000325;ENSCAFG00845003338;ENSCAFG00845003344;ENSCAFG00845003351;ENSCAFG00845003363	0	NA	NA	NA	1
ENSMUSG00000112619	1	many_to_many_DifferentNumber	ENSCAFG00845000325;ENSCAFG00845003338;ENSCAFG00845003344;ENSCAFG00845003351;ENSCAFG00845003363	0	NA	NA	NA	1
ENSMUSG00000111008	1	one_to_many	ENSCAFG00845018143;ENSCAFG00845018189	0	NA	NA	NA	0
ENSMUSG00000111055	1	many_to_many_sameNumber	ENSCAFG00845018124;ENSCAFG00845018158;ENSCAFG00845018173	0	NA	NA	NA	0
ENSMUSG00000111183	1	many_to_many_sameNumber	ENSCAFG00845018124;ENSCAFG00845018158;ENSCAFG00845018173	1	one_to_many	lincDivg	ENSCAFG00845018173;ENSCAFG00845018158	0
ENSMUSG00000119997	1	many_to_many_sameNumber	ENSCAFG00845018124;ENSCAFG00845018158;ENSCAFG00845018173	1	many_to_one	lncgDivg	ENSCAFG00845018124	0
ENSMUSG00000086838	1	one_to_many	ENSCAFG00845003238;ENSCAFG00845003247	0	NA	NA	NA	1
ENSMUSG00000112716	1	many_to_one	ENSCAFG00845012389	0	NA	NA	NA	1
ENSMUSG00000111907	1	many_to_one	ENSCAFG00845012389	0	NA	NA	NA	1
ENSMUSG00000112780	1	many_to_many_sameNumber	ENSCAFG00845012079;ENSCAFG00845012102	0	NA	NA	NA	0
ENSMUSG00000112846	1	many_to_many_sameNumber	ENSCAFG00845012079;ENSCAFG00845012102	1	one_to_one	lincSS.dw	ENSCAFG00845012102	0
ENSMUSG00000111952	1	many_to_many_sameNumber	ENSCAFG00845010028;ENSCAFG00845010040	0	NA	NA	NA	1
ENSMUSG00000112774	1	many_to_many_sameNumber	ENSCAFG00845010028;ENSCAFG00845010040	1	one_to_many	lincSS.up	ENSCAFG00845010028;ENSCAFG00845010040	1
ENSMUSG00000112873	1	one_to_one	ENSCAFG00845010083	0	NA	NA	NA	1
ENSMUSG00000112294	1	one_to_many	ENSCAFG00845007731;ENSCAFG00845007750;ENSCAFG00845007760;ENSCAFG00845007787;ENSCAFG00845007806;ENSCAFG00845007814;ENSCAFG00845007838;ENSCAFG00845007868;ENSCAFG00845007875	0	NA	NA	NA	0
ENSMUSG00000112283	1	one_to_one	ENSCAFG00845007640	0	NA	NA	NA	1
ENSMUSG00000112130	1	one_to_one	ENSCAFG00845007657	0	NA	NA	NA	1
ENSMUSG00000109803	1	one_to_many	ENSCAFG00845007476;ENSCAFG00845007487;ENSCAFG00845007546;ENSCAFG00845007560	1	one_to_one	lncgDivg	ENSCAFG00845007560	1
ENSMUSG00000111078	1	one_to_one	ENSCAFG00845007903	0	NA	NA	NA	1
ENSMUSG00000111034	1	many_to_one	ENSCAFG00845007796	0	NA	NA	NA	1
ENSMUSG00000111362	1	many_to_one	ENSCAFG00845007796	0	NA	NA	NA	1
ENSMUSG00000110893	1	many_to_one	ENSCAFG00845007796	0	NA	NA	NA	1
ENSMUSG00000110891	1	many_to_one	ENSCAFG00845007796	0	NA	NA	NA	1
ENSMUSG00000111535	1	many_to_one	ENSCAFG00845007796	1	one_to_one	lincDivg	ENSCAFG00845007796	1
ENSMUSG00000111463	1	many_to_one	ENSCAFG00845007810	1	many_to_one	lincSS.up	ENSCAFG00845007810	1
ENSMUSG00000111116	1	many_to_one	ENSCAFG00845007810	1	many_to_one	lincSS.up	ENSCAFG00845007810	1
ENSMUSG00000111494	1	many_to_one	ENSCAFG00845007810	0	NA	NA	NA	1
ENSMUSG00000111868	1	many_to_one	ENSCAFG00845007810	0	NA	NA	NA	1
ENSMUSG00000110898	1	many_to_one	ENSCAFG00845007810	0	NA	NA	NA	1
ENSMUSG00000112132	1	many_to_one	ENSCAFG00845007067	1	one_to_one	lincDivg	ENSCAFG00845007067	1
ENSMUSG00000112733	1	many_to_one	ENSCAFG00845007067	0	NA	NA	NA	1
ENSMUSG00000112532	1	one_to_one	ENSCAFG00845007727	0	NA	NA	NA	1
ENSMUSG00000120482	1	one_to_one	ENSCAFG00845007759	0	NA	NA	NA	1
ENSMUSG00000095123	1	one_to_many	ENSCAFG00845000003;ENSCAFG00845000005	1	one_to_one	lncgDivg	ENSCAFG00845000003	0
ENSMUSG00000112564	1	one_to_one	ENSCAFG00845025039	1	one_to_one	lncgConv	ENSCAFG00845025039	1
ENSMUSG00000112228	1	many_to_one	ENSCAFG00845024674	0	NA	NA	NA	1
ENSMUSG00000112767	1	many_to_one	ENSCAFG00845024674	0	NA	NA	NA	1
ENSMUSG00000112146	1	many_to_one	ENSCAFG00845013934	0	NA	NA	NA	1
ENSMUSG00000101621	1	many_to_one	ENSCAFG00845013934	1	one_to_one	lincDivg	ENSCAFG00845013934	1
ENSMUSG00000112074	1	many_to_one	ENSCAFG00845013934	0	NA	NA	NA	1
ENSMUSG00000112060	1	many_to_one	ENSCAFG00845013934	0	NA	NA	NA	1
ENSMUSG00000109160	1	many_to_one	ENSCAFG00845013934	0	NA	NA	NA	1
ENSMUSG00000112713	1	many_to_many_DifferentNumber	ENSCAFG00845013941;ENSCAFG00845013944;ENSCAFG00845013950;ENSCAFG00845013953;ENSCAFG00845013964	0	NA	NA	NA	1
ENSMUSG00000112219	1	many_to_many_DifferentNumber	ENSCAFG00845013941;ENSCAFG00845013944;ENSCAFG00845013950;ENSCAFG00845013953;ENSCAFG00845013964	0	NA	NA	NA	1
ENSMUSG00000112573	1	many_to_many_DifferentNumber	ENSCAFG00845013941;ENSCAFG00845013944;ENSCAFG00845013950;ENSCAFG00845013953;ENSCAFG00845013964	1	one_to_one	lincSS.dw	ENSCAFG00845013941	1
ENSMUSG00000111091	1	one_to_one	ENSCAFG00845005397	0	NA	NA	NA	1
ENSMUSG00000120178	1	one_to_one	ENSCAFG00845005394	0	NA	NA	NA	1
ENSMUSG00000111102	1	one_to_one	ENSCAFG00845005242	0	NA	NA	NA	1
ENSMUSG00000111227	1	one_to_one	ENSCAFG00845005246	1	one_to_one	lncgDivg	ENSCAFG00845005394	1
ENSMUSG00000112818	1	one_to_one	ENSCAFG00845021920	1	one_to_one	lincConv	ENSCAFG00845021920	1
ENSMUSG00000112555	1	many_to_one	ENSCAFG00845012906	1	many_to_one	lncgDivg	ENSCAFG00845013464	1
ENSMUSG00000084764	1	many_to_one	ENSCAFG00845012906	1	many_to_one	lncgDivg	ENSCAFG00845013464	1
ENSMUSG00000085418	1	many_to_one	ENSCAFG00845012906	1	many_to_one	lncgDivg	ENSCAFG00845013464	1
ENSMUSG00000111752	1	one_to_one	ENSCAFG00845012048	0	NA	NA	NA	0
ENSMUSG00000120965	1	one_to_many	ENSCAFG00845006552;ENSCAFG00845006597;ENSCAFG00845006607	0	NA	NA	NA	0
ENSMUSG00000087114	1	one_to_one	ENSCAFG00845011510	1	one_to_one	lncgDivg	ENSCAFG00845011510	1
ENSMUSG00000053420	1	one_to_many	ENSCAFG00845022473;ENSCAFG00845022478;ENSCAFG00845022495;ENSCAFG00845022505	1	one_to_one	lincDivg	ENSCAFG00845022473	1
ENSMUSG00000110382	1	many_to_one	ENSCAFG00845013292	0	NA	NA	NA	0
ENSMUSG00000120585	1	many_to_one	ENSCAFG00845013292	0	NA	NA	NA	0
ENSMUSG00000110202	1	one_to_many	ENSCAFG00845011615;ENSCAFG00845011640	0	NA	NA	NA	1
ENSMUSG00000109876	1	one_to_one	ENSCAFG00845020143	0	NA	NA	NA	0
ENSMUSG00000085464	1	one_to_one	ENSCAFG00845009867	0	NA	NA	NA	1
ENSMUSG00000110625	1	one_to_many	ENSCAFG00845008701;ENSCAFG00845008709	1	one_to_many	lincSS.up	ENSCAFG00845008701;ENSCAFG00845008709	0
ENSMUSG00000110179	1	many_to_one	ENSCAFG00845022968	0	NA	NA	NA	1
ENSMUSG00000110035	1	many_to_one	ENSCAFG00845022968	1	one_to_one	lincDivg	ENSCAFG00845022968	1
ENSMUSG00000109612	1	one_to_one	ENSCAFG00845023011	1	one_to_one	lincSS.up	ENSCAFG00845023011	1
ENSMUSG00000109751	1	many_to_one	ENSCAFG00845015446	0	NA	NA	NA	1
ENSMUSG00000110374	1	many_to_one	ENSCAFG00845015446	0	NA	NA	NA	0
ENSMUSG00000109759	1	many_to_one	ENSCAFG00845015446	1	one_to_one	lincDivg	ENSCAFG00845015446	0
ENSMUSG00000110310	1	one_to_one	ENSCAFG00845017925	1	one_to_one	lincSS.dw	ENSCAFG00845017925	0
ENSMUSG00000110000	1	many_to_many_DifferentNumber	ENSCAFG00845017236;ENSCAFG00845017530;ENSCAFG00845017557;ENSCAFG00845017624;ENSCAFG00845017729	0	NA	NA	NA	1
ENSMUSG00000100510	1	many_to_many_DifferentNumber	ENSCAFG00845017236;ENSCAFG00845017530;ENSCAFG00845017557;ENSCAFG00845017624;ENSCAFG00845017729	1	one_to_one	lncgDivg	ENSCAFG00845017236	1
ENSMUSG00000109992	1	one_to_one	ENSCAFG00845028348	1	one_to_one	lincSS.dw	ENSCAFG00845028348	1
ENSMUSG00000110592	1	one_to_many	ENSCAFG00845021260;ENSCAFG00845021337;ENSCAFG00845021356;ENSCAFG00845021365;ENSCAFG00845021391	1	one_to_many	lincConv	ENSCAFG00845021356;ENSCAFG00845021337;ENSCAFG00845021260;ENSCAFG00845021365;ENSCAFG00845021391	1
ENSMUSG00000090217	1	many_to_many_DifferentNumber	ENSCAFG00845021276;ENSCAFG00845021288;ENSCAFG00845021302;ENSCAFG00845021315;ENSCAFG00845021333;ENSCAFG00845021346;ENSCAFG00845021376	0	NA	NA	NA	1
ENSMUSG00000089723	1	many_to_many_DifferentNumber	ENSCAFG00845021276;ENSCAFG00845021288;ENSCAFG00845021302;ENSCAFG00845021315;ENSCAFG00845021333;ENSCAFG00845021346;ENSCAFG00845021376	0	NA	NA	NA	1
ENSMUSG00000089797	1	many_to_many_DifferentNumber	ENSCAFG00845021276;ENSCAFG00845021288;ENSCAFG00845021302;ENSCAFG00845021315;ENSCAFG00845021333;ENSCAFG00845021346;ENSCAFG00845021376	0	NA	NA	NA	1
ENSMUSG00000109731	1	one_to_one	ENSCAFG00845004956	0	NA	NA	NA	0
ENSMUSG00000110166	1	one_to_one	ENSCAFG00845003455	1	one_to_one	lncgDivg	ENSCAFG00845003649	0
ENSMUSG00000109727	1	one_to_one	ENSCAFG00845003402	0	NA	NA	NA	1
ENSMUSG00000110290	1	one_to_one	ENSCAFG00845001009	0	NA	NA	NA	0
ENSMUSG00000109371	1	many_to_one	ENSCAFG00845028123	0	NA	NA	NA	0
ENSMUSG00000109062	1	many_to_one	ENSCAFG00845028123	0	NA	NA	NA	0
ENSMUSG00000109215	1	many_to_one	ENSCAFG00845028123	0	NA	NA	NA	0
ENSMUSG00000109064	1	many_to_one	ENSCAFG00845028123	0	NA	NA	NA	0
ENSMUSG00000109701	1	many_to_one	ENSCAFG00845012148	0	NA	NA	NA	0
ENSMUSG00000110336	1	many_to_one	ENSCAFG00845012148	0	NA	NA	NA	0
ENSMUSG00000109848	1	many_to_one	ENSCAFG00845012137	0	NA	NA	NA	0
ENSMUSG00000110340	1	many_to_one	ENSCAFG00845012137	0	NA	NA	NA	0
ENSMUSG00000109699	1	many_to_one	ENSCAFG00845012137	0	NA	NA	NA	0
ENSMUSG00000110053	1	many_to_one	ENSCAFG00845012137	1	one_to_one	lncgDivg	ENSCAFG00845012137	0
ENSMUSG00000120064	1	many_to_one	ENSCAFG00845012137	0	NA	NA	NA	0
ENSMUSG00000110367	1	one_to_one	ENSCAFG00845012982	0	NA	NA	NA	1
ENSMUSG00000121133	1	one_to_many	ENSCAFG00845014131;ENSCAFG00845014138	0	NA	NA	NA	1
ENSMUSG00000097983	1	many_to_one	ENSCAFG00845004336	0	NA	NA	NA	0
ENSMUSG00000121010	1	many_to_one	ENSCAFG00845004336	0	NA	NA	NA	0
ENSMUSG00000121159	1	one_to_one	ENSCAFG00845004332	0	NA	NA	NA	0
ENSMUSG00000121107	1	one_to_one	ENSCAFG00845003485	0	NA	NA	NA	1
ENSMUSG00000090174	1	one_to_many	ENSCAFG00845002758;ENSCAFG00845002788	0	NA	NA	NA	1
ENSMUSG00000110682	1	many_to_many_sameNumber	ENSCAFG00845002749;ENSCAFG00845002775;ENSCAFG00845002793	1	many_to_many_strict	lincDivg	ENSCAFG00845002775;ENSCAFG00845002749	1
ENSMUSG00000110716	1	many_to_many_sameNumber	ENSCAFG00845002749;ENSCAFG00845002775;ENSCAFG00845002793	0	NA	NA	NA	1
ENSMUSG00000110523	1	many_to_many_sameNumber	ENSCAFG00845002749;ENSCAFG00845002775;ENSCAFG00845002793	1	many_to_many_strict	lincDivg	ENSCAFG00845002775;ENSCAFG00845002749	1
ENSMUSG00000086279	1	one_to_one	ENSCAFG00845022836	0	NA	NA	NA	1
ENSMUSG00000120575	1	one_to_one	ENSCAFG00845022855	0	NA	NA	NA	1
ENSMUSG00000121139	1	one_to_one	ENSCAFG00845004608	1	one_to_one	lncgSS.dw	ENSCAFG00845004608	0
ENSMUSG00000097992	1	many_to_one	ENSCAFG00845004438	1	one_to_one	lncgSS.up	ENSCAFG00845004438	1
ENSMUSG00000098086	1	many_to_one	ENSCAFG00845004438	0	NA	NA	NA	1
ENSMUSG00000120667	1	many_to_one	ENSCAFG00845026817	1	one_to_one	lincDivg	ENSCAFG00845026817	1
ENSMUSG00000097296	1	many_to_one	ENSCAFG00845026817	0	NA	NA	NA	1
ENSMUSG00000120131	1	many_to_one	ENSCAFG00845026801	0	NA	NA	NA	1
ENSMUSG00000097120	1	many_to_one	ENSCAFG00845026801	0	NA	NA	NA	1
ENSMUSG00000120586	1	many_to_one	ENSCAFG00845026801	0	NA	NA	NA	1
ENSMUSG00000120746	1	many_to_one	ENSCAFG00845026801	0	NA	NA	NA	1
ENSMUSG00000120429	1	many_to_one	ENSCAFG00845026801	0	NA	NA	NA	1
ENSMUSG00000109183	1	one_to_one	ENSCAFG00845028200	0	NA	NA	NA	0
ENSMUSG00000121092	1	one_to_one	ENSCAFG00845002857	1	one_to_one	lncgSS.dw	ENSCAFG00845002857	1
ENSMUSG00000097409	1	one_to_one	ENSCAFG00845005402	0	NA	NA	NA	1
ENSMUSG00000115601	1	many_to_one	ENSCAFG00845021486	0	NA	NA	NA	0
ENSMUSG00000115229	1	many_to_one	ENSCAFG00845021486	0	NA	NA	NA	0
ENSMUSG00000097743	1	one_to_many	ENSCAFG00845023919;ENSCAFG00845023964	1	one_to_one	lncgConv	ENSCAFG00845023964	1
ENSMUSG00000097933	1	one_to_one	ENSCAFG00845021632	0	NA	NA	NA	1
ENSMUSG00000115550	1	one_to_one	ENSCAFG00845023404	0	NA	NA	NA	0
ENSMUSG00000115727	1	many_to_one	ENSCAFG00845027820	0	NA	NA	NA	0
ENSMUSG00000115424	1	many_to_one	ENSCAFG00845027820	0	NA	NA	NA	0
ENSMUSG00000115796	1	many_to_one	ENSCAFG00845028421	0	NA	NA	NA	0
ENSMUSG00000110080	1	many_to_one	ENSCAFG00845028421	0	NA	NA	NA	0
ENSMUSG00000114595	1	many_to_one	ENSCAFG00845027201	0	NA	NA	NA	1
ENSMUSG00000114760	1	many_to_one	ENSCAFG00845027201	0	NA	NA	NA	1
ENSMUSG00000114704	1	many_to_one	ENSCAFG00845027201	0	NA	NA	NA	1
ENSMUSG00000114815	1	many_to_one	ENSCAFG00845027201	1	one_to_one	lincDivg	ENSCAFG00845027201	1
ENSMUSG00000114570	1	many_to_one	ENSCAFG00845027164	1	many_to_one	lincSS.up	ENSCAFG00845027164	1
ENSMUSG00000114774	1	many_to_one	ENSCAFG00845027164	1	many_to_one	lincSS.up	ENSCAFG00845027164	1
ENSMUSG00000114424	1	many_to_one	ENSCAFG00845027164	0	NA	NA	NA	1
ENSMUSG00000114892	1	many_to_one	ENSCAFG00845019352	0	NA	NA	NA	1
ENSMUSG00000114898	1	many_to_one	ENSCAFG00845019352	1	one_to_one	lincDivg	ENSCAFG00845019352	1
ENSMUSG00000100274	1	many_to_one	ENSCAFG00845010226	1	many_to_one	lncgSS.dw	ENSCAFG00845010226	0
ENSMUSG00000115639	1	many_to_one	ENSCAFG00845010226	1	many_to_one	lncgSS.dw	ENSCAFG00845010226	0
ENSMUSG00000114693	1	one_to_many	ENSCAFG00845022152;ENSCAFG00845022175	0	NA	NA	NA	1
ENSMUSG00000115756	1	many_to_one	ENSCAFG00845016966	1	one_to_one	lncgSS.dw	ENSCAFG00845016966	0
ENSMUSG00000115725	1	many_to_one	ENSCAFG00845016966	0	NA	NA	NA	0
ENSMUSG00000115636	1	many_to_one	ENSCAFG00845016966	0	NA	NA	NA	0
ENSMUSG00000115376	1	many_to_one	ENSCAFG00845016966	0	NA	NA	NA	0
ENSMUSG00000115669	1	many_to_one	ENSCAFG00845016966	0	NA	NA	NA	0
ENSMUSG00000115257	1	many_to_one	ENSCAFG00845010162	0	NA	NA	NA	1
ENSMUSG00000120850	1	many_to_one	ENSCAFG00845010162	1	one_to_one	lncgSS.dw	ENSCAFG00845010162	0
ENSMUSG00000115509	1	many_to_one	ENSCAFG00845006525	0	NA	NA	NA	1
ENSMUSG00000115575	1	many_to_one	ENSCAFG00845006525	0	NA	NA	NA	1
ENSMUSG00000115451	1	many_to_one	ENSCAFG00845006535	0	NA	NA	NA	1
ENSMUSG00000120050	1	many_to_one	ENSCAFG00845006535	0	NA	NA	NA	1
ENSMUSG00000115007	1	many_to_one	ENSCAFG00845006535	1	one_to_one	lncgDivg	ENSCAFG00845006535	1
ENSMUSG00000093556	1	many_to_many_DifferentNumber	ENSCAFG00845015719;ENSCAFG00845015727	1	many_to_one	lncgDivg	ENSCAFG00845015727	1
ENSMUSG00000093528	1	many_to_many_DifferentNumber	ENSCAFG00845015719;ENSCAFG00845015727	1	many_to_one	lncgDivg	ENSCAFG00845015727	1
ENSMUSG00000093383	1	many_to_many_DifferentNumber	ENSCAFG00845015719;ENSCAFG00845015727	1	many_to_one	lncgDivg	ENSCAFG00845015727	1
ENSMUSG00000101261	1	many_to_many_DifferentNumber	ENSCAFG00845015719;ENSCAFG00845015727	0	NA	NA	NA	1
ENSMUSG00000093452	1	many_to_one	ENSCAFG00845004034	1	one_to_one	lincConv	ENSCAFG00845004034	1
ENSMUSG00000100162	1	many_to_one	ENSCAFG00845004034	0	NA	NA	NA	1
ENSMUSG00000085866	1	many_to_one	ENSCAFG00845004355	0	NA	NA	NA	1
ENSMUSG00000120332	1	many_to_one	ENSCAFG00845004355	0	NA	NA	NA	1
ENSMUSG00000079261	1	many_to_one	ENSCAFG00845004355	0	NA	NA	NA	1
ENSMUSG00000086124	1	many_to_many_DifferentNumber	ENSCAFG00845004350;ENSCAFG00845004358;ENSCAFG00845004362	0	NA	NA	NA	1
ENSMUSG00000115000	1	many_to_many_DifferentNumber	ENSCAFG00845004350;ENSCAFG00845004358;ENSCAFG00845004362	0	NA	NA	NA	1
ENSMUSG00000089870	1	one_to_one	ENSCAFG00845014675	1	one_to_one	lncgSS.dw	ENSCAFG00845014675	0
ENSMUSG00000115410	1	many_to_one	ENSCAFG00845014683	0	NA	NA	NA	1
ENSMUSG00000072589	1	many_to_one	ENSCAFG00845014683	1	one_to_one	lncgConv	ENSCAFG00845014683	1
ENSMUSG00000114390	1	many_to_many_sameNumber	ENSCAFG00845026317;ENSCAFG00845026502	0	NA	NA	NA	0
ENSMUSG00000114794	1	many_to_many_sameNumber	ENSCAFG00845026317;ENSCAFG00845026502	0	NA	NA	NA	0
ENSMUSG00000114907	1	many_to_many_DifferentNumber	ENSCAFG00845026398;ENSCAFG00845026408;ENSCAFG00845026418;ENSCAFG00845026427;ENSCAFG00845026432;ENSCAFG00845026444;ENSCAFG00845026455;ENSCAFG00845026468	0	NA	NA	NA	0
ENSMUSG00000114513	1	many_to_many_DifferentNumber	ENSCAFG00845026398;ENSCAFG00845026408;ENSCAFG00845026418;ENSCAFG00845026427;ENSCAFG00845026432;ENSCAFG00845026444;ENSCAFG00845026455;ENSCAFG00845026468	0	NA	NA	NA	0
ENSMUSG00000114586	1	many_to_many_DifferentNumber	ENSCAFG00845026398;ENSCAFG00845026408;ENSCAFG00845026418;ENSCAFG00845026427;ENSCAFG00845026432;ENSCAFG00845026444;ENSCAFG00845026455;ENSCAFG00845026468	0	NA	NA	NA	0
ENSMUSG00000097547	1	many_to_many_DifferentNumber	ENSCAFG00845026398;ENSCAFG00845026408;ENSCAFG00845026418;ENSCAFG00845026427;ENSCAFG00845026432;ENSCAFG00845026444;ENSCAFG00845026455;ENSCAFG00845026468	0	NA	NA	NA	0
ENSMUSG00000114922	1	one_to_many	ENSCAFG00845014449;ENSCAFG00845014528	0	NA	NA	NA	1
ENSMUSG00000114991	1	one_to_many	ENSCAFG00845016551;ENSCAFG00845016617;ENSCAFG00845016631;ENSCAFG00845016698	0	NA	NA	NA	0
ENSMUSG00000087531	1	one_to_many	ENSCAFG00845005882;ENSCAFG00845005901	0	NA	NA	NA	0
ENSMUSG00000110741	1	one_to_one	ENSCAFG00845005893	0	NA	NA	NA	0
ENSMUSG00000097701	1	one_to_one	ENSCAFG00845006429	1	one_to_one	lncgConv	ENSCAFG00845006429	1
ENSMUSG00000053889	1	one_to_many	ENSCAFG00845009272;ENSCAFG00845009285	1	one_to_one	lncgDivg	ENSCAFG00845008952	1
ENSMUSG00000111862	1	one_to_one	ENSCAFG00845002623	1	one_to_one	lncgSS.dw	ENSCAFG00845002623	1
ENSMUSG00000090570	1	one_to_one	ENSCAFG00845020492	0	NA	NA	NA	1
ENSMUSG00000098747	1	one_to_many	ENSCAFG00845009075;ENSCAFG00845009084;ENSCAFG00845009089;ENSCAFG00845009103	1	one_to_many	lincSS.up	ENSCAFG00845009075;ENSCAFG00845009084	1
ENSMUSG00000111439	1	one_to_one	ENSCAFG00845011462	0	NA	NA	NA	1
ENSMUSG00000111037	1	one_to_one	ENSCAFG00845021070	0	NA	NA	NA	1
ENSMUSG00000111555	1	one_to_one	ENSCAFG00845019161	0	NA	NA	NA	1
ENSMUSG00000087456	1	one_to_one	ENSCAFG00845013575	0	NA	NA	NA	1
ENSMUSG00000110749	1	many_to_many_sameNumber	ENSCAFG00845013786;ENSCAFG00845013796	0	NA	NA	NA	1
ENSMUSG00000120815	1	many_to_many_sameNumber	ENSCAFG00845013786;ENSCAFG00845013796	0	NA	NA	NA	0
ENSMUSG00000110823	1	many_to_one	ENSCAFG00845014353	0	NA	NA	NA	1
ENSMUSG00000100836	1	many_to_one	ENSCAFG00845014353	0	NA	NA	NA	1
ENSMUSG00000110988	1	many_to_one	ENSCAFG00845014353	0	NA	NA	NA	1
ENSMUSG00000111758	1	many_to_one	ENSCAFG00845014420	1	many_to_one	lincDivg	ENSCAFG00845014420	0
ENSMUSG00000111637	1	many_to_one	ENSCAFG00845014420	1	many_to_one	lincDivg	ENSCAFG00845014420	0
ENSMUSG00000111229	1	many_to_one	ENSCAFG00845014420	0	NA	NA	NA	0
ENSMUSG00000086624	1	one_to_one	ENSCAFG00845029020	1	many_to_one	lncgDivg	ENSCAFG00845029020	1
ENSMUSG00000101595	1	one_to_one	ENSCAFG00845029305	0	NA	NA	NA	1
ENSMUSG00000089709	1	one_to_one	ENSCAFG00845029247	0	NA	NA	NA	1
ENSMUSG00000102097	1	many_to_one	ENSCAFG00845027948	0	NA	NA	NA	1
ENSMUSG00000101581	1	many_to_one	ENSCAFG00845027948	0	NA	NA	NA	1
ENSMUSG00000087167	1	one_to_one	ENSCAFG00845027655	0	NA	NA	NA	1
ENSMUSG00000111296	1	many_to_many_sameNumber	ENSCAFG00845022886;ENSCAFG00845022908	0	NA	NA	NA	0
ENSMUSG00000111809	1	many_to_many_sameNumber	ENSCAFG00845022886;ENSCAFG00845022908	1	one_to_many	lincDivg	ENSCAFG00845022886;ENSCAFG00845022908	0
ENSMUSG00000111761	1	one_to_one	ENSCAFG00845022896	0	NA	NA	NA	0
ENSMUSG00000086236	1	one_to_one	ENSCAFG00845029779	0	NA	NA	NA	1
ENSMUSG00000111126	1	many_to_many_DifferentNumber	ENSCAFG00845004406;ENSCAFG00845004445;ENSCAFG00845004460;ENSCAFG00845004463	0	NA	NA	NA	1
ENSMUSG00000110864	1	many_to_many_DifferentNumber	ENSCAFG00845004406;ENSCAFG00845004445;ENSCAFG00845004460;ENSCAFG00845004463	0	NA	NA	NA	1
ENSMUSG00000110802	1	many_to_many_DifferentNumber	ENSCAFG00845004406;ENSCAFG00845004445;ENSCAFG00845004460;ENSCAFG00845004463	0	NA	NA	NA	1
ENSMUSG00000110767	1	many_to_many_DifferentNumber	ENSCAFG00845004406;ENSCAFG00845004445;ENSCAFG00845004460;ENSCAFG00845004463	0	NA	NA	NA	1
ENSMUSG00000111649	1	many_to_many_DifferentNumber	ENSCAFG00845004406;ENSCAFG00845004445;ENSCAFG00845004460;ENSCAFG00845004463	0	NA	NA	NA	1
ENSMUSG00000111800	1	many_to_many_DifferentNumber	ENSCAFG00845004406;ENSCAFG00845004445;ENSCAFG00845004460;ENSCAFG00845004463	0	NA	NA	NA	1
ENSMUSG00000111236	1	many_to_many_DifferentNumber	ENSCAFG00845004406;ENSCAFG00845004445;ENSCAFG00845004460;ENSCAFG00845004463	0	NA	NA	NA	1
ENSMUSG00000099696	1	many_to_many_DifferentNumber	ENSCAFG00845004406;ENSCAFG00845004445;ENSCAFG00845004460;ENSCAFG00845004463	0	NA	NA	NA	1
ENSMUSG00000094893	1	many_to_many_DifferentNumber	ENSCAFG00845004406;ENSCAFG00845004445;ENSCAFG00845004460;ENSCAFG00845004463	0	NA	NA	NA	1
ENSMUSG00000097463	1	many_to_many_DifferentNumber	ENSCAFG00845004383;ENSCAFG00845004392;ENSCAFG00845004416;ENSCAFG00845004419;ENSCAFG00845004425;ENSCAFG00845004427;ENSCAFG00845004431;ENSCAFG00845004433;ENSCAFG00845004437;ENSCAFG00845004442;ENSCAFG00845004447;ENSCAFG00845004450;ENSCAFG00845004453;ENSCAFG00845004457	0	NA	NA	NA	1
ENSMUSG00000111115	1	many_to_many_DifferentNumber	ENSCAFG00845004383;ENSCAFG00845004392;ENSCAFG00845004416;ENSCAFG00845004419;ENSCAFG00845004425;ENSCAFG00845004427;ENSCAFG00845004431;ENSCAFG00845004433;ENSCAFG00845004437;ENSCAFG00845004442;ENSCAFG00845004447;ENSCAFG00845004450;ENSCAFG00845004453;ENSCAFG00845004457	0	NA	NA	NA	1
ENSMUSG00000109844	1	many_to_many_DifferentNumber	ENSCAFG00845004383;ENSCAFG00845004392;ENSCAFG00845004416;ENSCAFG00845004419;ENSCAFG00845004425;ENSCAFG00845004427;ENSCAFG00845004431;ENSCAFG00845004433;ENSCAFG00845004437;ENSCAFG00845004442;ENSCAFG00845004447;ENSCAFG00845004450;ENSCAFG00845004453;ENSCAFG00845004457	0	NA	NA	NA	1
ENSMUSG00000119966	1	many_to_many_DifferentNumber	ENSCAFG00845004383;ENSCAFG00845004392;ENSCAFG00845004416;ENSCAFG00845004419;ENSCAFG00845004425;ENSCAFG00845004427;ENSCAFG00845004431;ENSCAFG00845004433;ENSCAFG00845004437;ENSCAFG00845004442;ENSCAFG00845004447;ENSCAFG00845004450;ENSCAFG00845004453;ENSCAFG00845004457	0	NA	NA	NA	1
ENSMUSG00000111482	1	many_to_many_DifferentNumber	ENSCAFG00845004383;ENSCAFG00845004392;ENSCAFG00845004416;ENSCAFG00845004419;ENSCAFG00845004425;ENSCAFG00845004427;ENSCAFG00845004431;ENSCAFG00845004433;ENSCAFG00845004437;ENSCAFG00845004442;ENSCAFG00845004447;ENSCAFG00845004450;ENSCAFG00845004453;ENSCAFG00845004457	0	NA	NA	NA	1
ENSMUSG00000111669	1	many_to_many_DifferentNumber	ENSCAFG00845004383;ENSCAFG00845004392;ENSCAFG00845004416;ENSCAFG00845004419;ENSCAFG00845004425;ENSCAFG00845004427;ENSCAFG00845004431;ENSCAFG00845004433;ENSCAFG00845004437;ENSCAFG00845004442;ENSCAFG00845004447;ENSCAFG00845004450;ENSCAFG00845004453;ENSCAFG00845004457	0	NA	NA	NA	1
ENSMUSG00000111722	1	one_to_one	ENSCAFG00845024298	0	NA	NA	NA	1
ENSMUSG00000111275	1	many_to_one	ENSCAFG00845028651	1	one_to_one	lncgDivg	ENSCAFG00845028651	1
ENSMUSG00000111866	1	many_to_one	ENSCAFG00845028651	0	NA	NA	NA	1
ENSMUSG00000111751	1	many_to_one	ENSCAFG00845028651	0	NA	NA	NA	1
ENSMUSG00000111054	1	one_to_one	ENSCAFG00845025640	0	NA	NA	NA	0
ENSMUSG00000086387	1	one_to_one	ENSCAFG00845020991	0	NA	NA	NA	1
ENSMUSG00000052724	1	one_to_one	ENSCAFG00845021917	1	one_to_one	lncgDivg	ENSCAFG00845021917	0
ENSMUSG00000101555	1	one_to_many	ENSCAFG00845016896;ENSCAFG00845016908	0	NA	NA	NA	0
ENSMUSG00000110814	1	one_to_one	ENSCAFG00845019292	1	one_to_one	lincDivg	ENSCAFG00845019292	1
ENSMUSG00000111598	1	one_to_one	ENSCAFG00845019279	0	NA	NA	NA	1
ENSMUSG00000120680	1	one_to_one	ENSCAFG00845019344	0	NA	NA	NA	1
ENSMUSG00000066477	1	many_to_one	ENSCAFG00845027976	0	NA	NA	NA	0
ENSMUSG00000093662	1	many_to_one	ENSCAFG00845027976	0	NA	NA	NA	0
ENSMUSG00000099599	1	one_to_many	ENSCAFG00845029133;ENSCAFG00845029142	0	NA	NA	NA	0
ENSMUSG00000121050	1	one_to_one	ENSCAFG00845019771	1	one_to_one	lncgSS.dw	ENSCAFG00845019771	1
ENSMUSG00000120772	1	one_to_many	ENSCAFG00845009253;ENSCAFG00845009260;ENSCAFG00845009276	0	NA	NA	NA	1
ENSMUSG00000098294	1	one_to_one	ENSCAFG00845029006	0	NA	NA	NA	0
ENSMUSG00000111058	1	one_to_one	ENSCAFG00845016520	1	one_to_one	lincSS.dw	ENSCAFG00845016520	1
ENSMUSG00000120943	1	one_to_many	ENSCAFG00845019401;ENSCAFG00845019411;ENSCAFG00845019422;ENSCAFG00845019436;ENSCAFG00845019499	0	NA	NA	NA	1
ENSMUSG00000101648	1	one_to_many	ENSCAFG00845019456;ENSCAFG00845019465;ENSCAFG00845019479;ENSCAFG00845019507	0	NA	NA	NA	1
ENSMUSG00000120190	1	one_to_one	ENSCAFG00845014702	1	one_to_one	lncgDivg	ENSCAFG00845014702	1
ENSMUSG00000093673	1	one_to_one	ENSCAFG00845012720	0	NA	NA	NA	1
ENSMUSG00000084766	1	many_to_many_sameNumber	ENSCAFG00845024153;ENSCAFG00845024165	1	one_to_many	lincSS.dw	ENSCAFG00845024153;ENSCAFG00845024165	1
ENSMUSG00000085551	1	many_to_many_sameNumber	ENSCAFG00845024153;ENSCAFG00845024165	0	NA	NA	NA	0
ENSMUSG00000085260	1	one_to_many	ENSCAFG00845024179;ENSCAFG00845024199	0	NA	NA	NA	1
ENSMUSG00000101872	1	many_to_many_sameNumber	ENSCAFG00845009332;ENSCAFG00845009392;ENSCAFG00845009426	1	many_to_one	lncgDivg	ENSCAFG00845009426	1
ENSMUSG00000073073	1	many_to_many_sameNumber	ENSCAFG00845009332;ENSCAFG00845009392;ENSCAFG00845009426	1	many_to_one	lncgDivg	ENSCAFG00845009426	1
ENSMUSG00000119981	1	many_to_many_sameNumber	ENSCAFG00845009332;ENSCAFG00845009392;ENSCAFG00845009426	1	many_to_one	lncgDivg	ENSCAFG00845009426	1
ENSMUSG00000087474	1	one_to_many	ENSCAFG00845009004;ENSCAFG00845009013;ENSCAFG00845009021;ENSCAFG00845009026;ENSCAFG00845009031;ENSCAFG00845009048;ENSCAFG00845009077	1	one_to_many	lincSS.up	ENSCAFG00845009021;ENSCAFG00845009026;ENSCAFG00845009013;ENSCAFG00845009031	0
ENSMUSG00000119957	1	one_to_many	ENSCAFG00845009043;ENSCAFG00845009063	0	NA	NA	NA	0
ENSMUSG00000085104	1	many_to_many_sameNumber	ENSCAFG00845015799;ENSCAFG00845015826	1	many_to_many_strict	lincSS.up	ENSCAFG00845015826;ENSCAFG00845015799	1
ENSMUSG00000086859	1	many_to_many_sameNumber	ENSCAFG00845015799;ENSCAFG00845015826	1	many_to_many_strict	lincSS.up	ENSCAFG00845015826;ENSCAFG00845015799	1
ENSMUSG00000087057	1	many_to_one	ENSCAFG00845015860	0	NA	NA	NA	1
ENSMUSG00000086902	1	many_to_one	ENSCAFG00845015860	1	one_to_one	lincConv	ENSCAFG00845015860	1
ENSMUSG00000120993	1	many_to_one	ENSCAFG00845015860	0	NA	NA	NA	1
ENSMUSG00000086050	1	many_to_one	ENSCAFG00845015466	0	NA	NA	NA	1
ENSMUSG00000110653	1	many_to_one	ENSCAFG00845015466	0	NA	NA	NA	1
ENSMUSG00000084889	1	one_to_many	ENSCAFG00845001024;ENSCAFG00845001032;ENSCAFG00845001039	1	one_to_one	lincConv	ENSCAFG00845001039	1
ENSMUSG00000085533	1	many_to_one	ENSCAFG00845001020	0	NA	NA	NA	1
ENSMUSG00000086791	1	many_to_one	ENSCAFG00845001020	0	NA	NA	NA	1
ENSMUSG00000086170	1	many_to_one	ENSCAFG00845001020	0	NA	NA	NA	1
ENSMUSG00000087089	1	many_to_one	ENSCAFG00845001502	0	NA	NA	NA	0
ENSMUSG00000086686	1	many_to_one	ENSCAFG00845001502	1	one_to_one	lincSS.up	ENSCAFG00845001502	0
ENSMUSG00000098196	1	one_to_one	ENSCAFG00845016240	1	one_to_one	lncgConv	ENSCAFG00845016240	1
ENSMUSG00000085059	1	one_to_many	ENSCAFG00845014038;ENSCAFG00845014051;ENSCAFG00845014054;ENSCAFG00845014089;ENSCAFG00845014095;ENSCAFG00845014100;ENSCAFG00845014107	0	NA	NA	NA	1
ENSMUSG00000084887	1	one_to_many	ENSCAFG00845014061;ENSCAFG00845014075	0	NA	NA	NA	1
ENSMUSG00000085636	1	many_to_many_DifferentNumber	ENSCAFG00845010811;ENSCAFG00845010820;ENSCAFG00845010842	0	NA	NA	NA	1
ENSMUSG00000120866	1	many_to_many_DifferentNumber	ENSCAFG00845010811;ENSCAFG00845010820;ENSCAFG00845010842	1	one_to_many	lincDivg	ENSCAFG00845010842;ENSCAFG00845010820	1
ENSMUSG00000086750	1	many_to_one	ENSCAFG00845010832	0	NA	NA	NA	1
ENSMUSG00000075389	1	many_to_one	ENSCAFG00845010832	1	one_to_one	lincSS.up	ENSCAFG00845010832	1
ENSMUSG00000043993	1	many_to_one	ENSCAFG00845010832	0	NA	NA	NA	1
ENSMUSG00000084967	1	one_to_one	ENSCAFG00845003019	0	NA	NA	NA	1
ENSMUSG00000085926	1	one_to_one	ENSCAFG00845002911	1	one_to_one	lincSS.up	ENSCAFG00845002911	0
ENSMUSG00000087211	1	one_to_one	ENSCAFG00845029034	0	NA	NA	NA	1
ENSMUSG00000086460	1	many_to_one	ENSCAFG00845005079	0	NA	NA	NA	1
ENSMUSG00000086020	1	many_to_one	ENSCAFG00845005079	0	NA	NA	NA	0
ENSMUSG00000086028	1	one_to_one	ENSCAFG00845005001	1	one_to_one	lincSS.dw	ENSCAFG00845005001	1
ENSMUSG00000084930	1	one_to_one	ENSCAFG00845023898	0	NA	NA	NA	1
ENSMUSG00000084916	1	one_to_one	ENSCAFG00845028199	1	one_to_one	lncgSS.dw	ENSCAFG00845028199	1
ENSMUSG00000086761	1	one_to_many	ENSCAFG00845028462;ENSCAFG00845028477	0	NA	NA	NA	1
ENSMUSG00000085985	1	one_to_many	ENSCAFG00845005399;ENSCAFG00845005407;ENSCAFG00845005413	0	NA	NA	NA	1
ENSMUSG00000085501	1	one_to_one	ENSCAFG00845010677	0	NA	NA	NA	1
ENSMUSG00000120006	1	one_to_one	ENSCAFG00845028861	0	NA	NA	NA	0
ENSMUSG00000120559	1	one_to_one	ENSCAFG00845020376	1	one_to_one	lncgConv	ENSCAFG00845020376	1
ENSMUSG00000120888	1	many_to_one	ENSCAFG00845009975	0	NA	NA	NA	1
ENSMUSG00000078706	1	many_to_one	ENSCAFG00845009975	0	NA	NA	NA	1
ENSMUSG00000120012	1	one_to_one	ENSCAFG00845022560	1	one_to_one	lncgConv	ENSCAFG00845022560	0
ENSMUSG00000121496	1	one_to_one	ENSCAFG00845006696	0	NA	NA	NA	1
ENSMUSG00000020812	1	one_to_one	ENSCAFG00845017031	1	one_to_one	lncgConv	ENSCAFG00845017031	0
ENSMUSG00000120364	1	one_to_one	ENSCAFG00845000583	0	NA	NA	NA	0
ENSMUSG00000110618	1	one_to_one	ENSCAFG00845012962	0	NA	NA	NA	1
ENSMUSG00000097373	1	many_to_one	ENSCAFG00845020833	0	NA	NA	NA	1
ENSMUSG00000114914	1	many_to_one	ENSCAFG00845020833	0	NA	NA	NA	1
ENSMUSG00000114552	1	many_to_one	ENSCAFG00845020833	0	NA	NA	NA	1
ENSMUSG00000114585	1	many_to_one	ENSCAFG00845020833	0	NA	NA	NA	1
ENSMUSG00000085759	1	many_to_one	ENSCAFG00845021056	0	NA	NA	NA	0
ENSMUSG00000099672	1	many_to_one	ENSCAFG00845021056	0	NA	NA	NA	0
ENSMUSG00000100071	1	many_to_one	ENSCAFG00845021056	0	NA	NA	NA	0
ENSMUSG00000113856	1	many_to_one	ENSCAFG00845021056	0	NA	NA	NA	0
ENSMUSG00000114458	1	one_to_one	ENSCAFG00845000465	0	NA	NA	NA	1
ENSMUSG00000114121	1	many_to_one	ENSCAFG00845023137	0	NA	NA	NA	1
ENSMUSG00000110016	1	many_to_one	ENSCAFG00845023137	0	NA	NA	NA	1
ENSMUSG00000100410	1	one_to_one	ENSCAFG00845000396	0	NA	NA	NA	1
ENSMUSG00000114752	1	one_to_one	ENSCAFG00845024895	0	NA	NA	NA	0
ENSMUSG00000086889	1	one_to_many	ENSCAFG00845022149;ENSCAFG00845022168	1	one_to_one	lncgDivg	ENSCAFG00845022149	1
ENSMUSG00000114846	1	one_to_one	ENSCAFG00845011673	0	NA	NA	NA	0
ENSMUSG00000114276	1	many_to_many_DifferentNumber	ENSCAFG00845010460;ENSCAFG00845010467;ENSCAFG00845010488;ENSCAFG00845010522;ENSCAFG00845010529	1	one_to_many	lincSS.up	ENSCAFG00845010488;ENSCAFG00845010460;ENSCAFG00845010467;ENSCAFG00845010522	1
ENSMUSG00000114637	1	many_to_many_DifferentNumber	ENSCAFG00845010460;ENSCAFG00845010467;ENSCAFG00845010488;ENSCAFG00845010522;ENSCAFG00845010529	0	NA	NA	NA	1
ENSMUSG00000113998	1	many_to_one	ENSCAFG00845018135	0	NA	NA	NA	1
ENSMUSG00000113185	1	many_to_one	ENSCAFG00845018135	0	NA	NA	NA	1
ENSMUSG00000114632	1	many_to_many_DifferentNumber	ENSCAFG00845015649;ENSCAFG00845015672;ENSCAFG00845015971	0	NA	NA	NA	0
ENSMUSG00000114639	1	many_to_many_DifferentNumber	ENSCAFG00845015649;ENSCAFG00845015672;ENSCAFG00845015971	0	NA	NA	NA	0
ENSMUSG00000114522	1	many_to_many_DifferentNumber	ENSCAFG00845015649;ENSCAFG00845015672;ENSCAFG00845015971	0	NA	NA	NA	0
ENSMUSG00000114594	1	many_to_many_DifferentNumber	ENSCAFG00845015649;ENSCAFG00845015672;ENSCAFG00845015971	0	NA	NA	NA	0
ENSMUSG00000101416	1	many_to_many_DifferentNumber	ENSCAFG00845015649;ENSCAFG00845015672;ENSCAFG00845015971	0	NA	NA	NA	0
ENSMUSG00000087143	1	many_to_many_DifferentNumber	ENSCAFG00845015649;ENSCAFG00845015672;ENSCAFG00845015971	1	one_to_one	lncgDivg	ENSCAFG00845015649	1
ENSMUSG00000100168	1	one_to_many	ENSCAFG00845015690;ENSCAFG00845015702;ENSCAFG00845015844;ENSCAFG00845015911	0	NA	NA	NA	0
ENSMUSG00000114534	1	many_to_many_DifferentNumber	ENSCAFG00845008075;ENSCAFG00845008100;ENSCAFG00845008115	0	NA	NA	NA	1
ENSMUSG00000114807	1	many_to_many_DifferentNumber	ENSCAFG00845008075;ENSCAFG00845008100;ENSCAFG00845008115	0	NA	NA	NA	1
ENSMUSG00000113759	1	one_to_one	ENSCAFG00845002847	0	NA	NA	NA	1
ENSMUSG00000113259	1	one_to_one	ENSCAFG00845002850	0	NA	NA	NA	1
ENSMUSG00000090358	1	one_to_one	ENSCAFG00845007568	0	NA	NA	NA	1
ENSMUSG00000114270	1	one_to_one	ENSCAFG00845019052	0	NA	NA	NA	1
ENSMUSG00000114647	1	one_to_one	ENSCAFG00845019046	0	NA	NA	NA	1
ENSMUSG00000114461	1	many_to_one	ENSCAFG00845016888	0	NA	NA	NA	0
ENSMUSG00000114372	1	many_to_one	ENSCAFG00845016888	0	NA	NA	NA	0
ENSMUSG00000113757	1	many_to_many_DifferentNumber	ENSCAFG00845003118;ENSCAFG00845003152	1	many_to_many_strict	lincSS.dw	ENSCAFG00845003152;ENSCAFG00845003118	0
ENSMUSG00000113017	1	many_to_many_DifferentNumber	ENSCAFG00845003118;ENSCAFG00845003152	1	many_to_many_strict	lincSS.dw	ENSCAFG00845003152;ENSCAFG00845003118	0
ENSMUSG00000113765	1	many_to_many_DifferentNumber	ENSCAFG00845003118;ENSCAFG00845003152	0	NA	NA	NA	0
ENSMUSG00000101540	1	many_to_many_DifferentNumber	ENSCAFG00845003118;ENSCAFG00845003152	0	NA	NA	NA	0
ENSMUSG00000113054	1	many_to_one	ENSCAFG00845003150	0	NA	NA	NA	0
ENSMUSG00000113483	1	many_to_one	ENSCAFG00845003150	0	NA	NA	NA	0
ENSMUSG00000114097	1	many_to_one	ENSCAFG00845003150	0	NA	NA	NA	0
ENSMUSG00000114370	1	one_to_one	ENSCAFG00845016765	0	NA	NA	NA	1
ENSMUSG00000109853	1	many_to_many_DifferentNumber	ENSCAFG00845029084;ENSCAFG00845029087	0	NA	NA	NA	0
ENSMUSG00000114775	1	many_to_many_DifferentNumber	ENSCAFG00845029084;ENSCAFG00845029087	0	NA	NA	NA	0
ENSMUSG00000114472	1	many_to_many_DifferentNumber	ENSCAFG00845029084;ENSCAFG00845029087	0	NA	NA	NA	0
ENSMUSG00000114307	1	many_to_many_sameNumber	ENSCAFG00845029078;ENSCAFG00845029082	0	NA	NA	NA	0
ENSMUSG00000114824	1	many_to_many_sameNumber	ENSCAFG00845029078;ENSCAFG00845029082	1	one_to_one	lincDivg	ENSCAFG00845029078	0
ENSMUSG00000085204	1	many_to_many_DifferentNumber	ENSCAFG00845028636;ENSCAFG00845028645	0	NA	NA	NA	1
ENSMUSG00000086057	1	many_to_many_DifferentNumber	ENSCAFG00845028636;ENSCAFG00845028645	0	NA	NA	NA	1
ENSMUSG00000086402	1	many_to_many_DifferentNumber	ENSCAFG00845028636;ENSCAFG00845028645	0	NA	NA	NA	1
ENSMUSG00000086092	1	many_to_many_DifferentNumber	ENSCAFG00845028636;ENSCAFG00845028645	0	NA	NA	NA	1
ENSMUSG00000120592	1	many_to_many_DifferentNumber	ENSCAFG00845028636;ENSCAFG00845028645	1	one_to_one	lincSS.up	ENSCAFG00845028636	1
ENSMUSG00000086111	1	many_to_many_DifferentNumber	ENSCAFG00845028636;ENSCAFG00845028645	0	NA	NA	NA	1
ENSMUSG00000114638	1	many_to_many_sameNumber	ENSCAFG00845018004;ENSCAFG00845018018	0	NA	NA	NA	1
ENSMUSG00000114866	1	many_to_many_sameNumber	ENSCAFG00845018004;ENSCAFG00845018018	0	NA	NA	NA	1
ENSMUSG00000114331	1	one_to_one	ENSCAFG00845017983	0	NA	NA	NA	1
ENSMUSG00000100891	1	many_to_many_DifferentNumber	ENSCAFG00845017914;ENSCAFG00845018034;ENSCAFG00845018068	0	NA	NA	NA	1
ENSMUSG00000050334	1	many_to_many_DifferentNumber	ENSCAFG00845017914;ENSCAFG00845018034;ENSCAFG00845018068	1	one_to_one	lincSS.dw	ENSCAFG00845017914	1
ENSMUSG00000097292	1	many_to_many_DifferentNumber	ENSCAFG00845017881;ENSCAFG00845018016;ENSCAFG00845018054	1	one_to_one	lncgDivg	ENSCAFG00845018054	1
ENSMUSG00000097265	1	many_to_many_DifferentNumber	ENSCAFG00845017881;ENSCAFG00845018016;ENSCAFG00845018054	1	one_to_many	lincConv	ENSCAFG00845017881;ENSCAFG00845018016	1
ENSMUSG00000114379	1	many_to_many_DifferentNumber	ENSCAFG00845017881;ENSCAFG00845018016;ENSCAFG00845018054	0	NA	NA	NA	1
ENSMUSG00000098087	1	many_to_many_DifferentNumber	ENSCAFG00845017881;ENSCAFG00845018016;ENSCAFG00845018054	0	NA	NA	NA	1
ENSMUSG00000114541	1	many_to_one	ENSCAFG00845020702	0	NA	NA	NA	0
ENSMUSG00000114204	1	many_to_one	ENSCAFG00845020702	0	NA	NA	NA	0
ENSMUSG00000100096	1	one_to_one	ENSCAFG00845013909	0	NA	NA	NA	0
ENSMUSG00000113598	1	many_to_one	ENSCAFG00845008696	0	NA	NA	NA	0
ENSMUSG00000112934	1	many_to_one	ENSCAFG00845008696	0	NA	NA	NA	0
ENSMUSG00000113904	1	many_to_one	ENSCAFG00845008696	0	NA	NA	NA	0
ENSMUSG00000114014	1	one_to_one	ENSCAFG00845009076	0	NA	NA	NA	1
ENSMUSG00000090033	1	one_to_many	ENSCAFG00845009817;ENSCAFG00845009829;ENSCAFG00845009844;ENSCAFG00845009859	0	NA	NA	NA	1
ENSMUSG00000114808	1	one_to_one	ENSCAFG00845005404	0	NA	NA	NA	1
ENSMUSG00000114384	1	many_to_many_sameNumber	ENSCAFG00845005409;ENSCAFG00845005412	0	NA	NA	NA	1
ENSMUSG00000114231	1	many_to_many_sameNumber	ENSCAFG00845005409;ENSCAFG00845005412	0	NA	NA	NA	1
ENSMUSG00000113410	1	one_to_one	ENSCAFG00845018111	0	NA	NA	NA	0
ENSMUSG00000097806	1	many_to_one	ENSCAFG00845018119	0	NA	NA	NA	0
ENSMUSG00000097684	1	many_to_one	ENSCAFG00845018119	0	NA	NA	NA	0
ENSMUSG00000113338	1	many_to_many_sameNumber	ENSCAFG00845018566;ENSCAFG00845018607	0	NA	NA	NA	1
ENSMUSG00000114057	1	many_to_many_sameNumber	ENSCAFG00845018566;ENSCAFG00845018607	1	one_to_one	lincSS.up	ENSCAFG00845018566	1
ENSMUSG00000113960	1	one_to_one	ENSCAFG00845018557	0	NA	NA	NA	1
ENSMUSG00000113100	1	one_to_one	ENSCAFG00845019583	0	NA	NA	NA	0
ENSMUSG00000113030	1	one_to_one	ENSCAFG00845019577	1	one_to_one	lncgSS.dw	ENSCAFG00845019577	0
ENSMUSG00000113257	1	many_to_one	ENSCAFG00845004943	0	NA	NA	NA	1
ENSMUSG00000113203	1	many_to_one	ENSCAFG00845004943	0	NA	NA	NA	0
ENSMUSG00000089854	1	one_to_many	ENSCAFG00845004078;ENSCAFG00845004093;ENSCAFG00845004116	0	NA	NA	NA	1
ENSMUSG00000090232	1	one_to_many	ENSCAFG00845004085;ENSCAFG00845004102;ENSCAFG00845004104;ENSCAFG00845004120	0	NA	NA	NA	1
ENSMUSG00000120366	1	one_to_one	ENSCAFG00845022121	0	NA	NA	NA	0
ENSMUSG00000086363	1	one_to_many	ENSCAFG00845017101;ENSCAFG00845017123;ENSCAFG00845017130	1	one_to_many	lincDivg	ENSCAFG00845017101;ENSCAFG00845017123	0
ENSMUSG00000097101	1	one_to_one	ENSCAFG00845003214	1	one_to_one	lncgDivg	ENSCAFG00845003214	1
ENSMUSG00000113543	1	one_to_many	ENSCAFG00845000364;ENSCAFG00845000368	1	one_to_one	lincDivg	ENSCAFG00845000368	0
ENSMUSG00000120607	1	one_to_many	ENSCAFG00845011974;ENSCAFG00845011990;ENSCAFG00845012010	1	one_to_one	lincSS.up	ENSCAFG00845012010	1
ENSMUSG00000112139	1	many_to_many_DifferentNumber	ENSCAFG00845011966;ENSCAFG00845011999	0	NA	NA	NA	1
ENSMUSG00000111982	1	many_to_many_DifferentNumber	ENSCAFG00845011966;ENSCAFG00845011999	0	NA	NA	NA	1
ENSMUSG00000112437	1	many_to_many_DifferentNumber	ENSCAFG00845011966;ENSCAFG00845011999	0	NA	NA	NA	1
ENSMUSG00000113179	1	many_to_one	ENSCAFG00845012553	0	NA	NA	NA	1
ENSMUSG00000099407	1	many_to_one	ENSCAFG00845012553	1	one_to_one	lncgConv	ENSCAFG00845012553	1
ENSMUSG00000112549	1	many_to_one	ENSCAFG00845012553	0	NA	NA	NA	0
ENSMUSG00000113165	1	many_to_one	ENSCAFG00845015385	1	one_to_one	lncgDivg	ENSCAFG00845015385	0
ENSMUSG00000120835	1	many_to_one	ENSCAFG00845015385	0	NA	NA	NA	0
ENSMUSG00000113088	1	one_to_one	ENSCAFG00845020332	0	NA	NA	NA	1
ENSMUSG00000114148	1	one_to_one	ENSCAFG00845022797	0	NA	NA	NA	1
ENSMUSG00000113152	1	one_to_one	ENSCAFG00845004055	0	NA	NA	NA	0
ENSMUSG00000120259	1	many_to_many_sameNumber	ENSCAFG00845022239;ENSCAFG00845022263	0	NA	NA	NA	0
ENSMUSG00000113524	1	many_to_many_sameNumber	ENSCAFG00845022239;ENSCAFG00845022263	0	NA	NA	NA	0
ENSMUSG00000113218	1	many_to_many_DifferentNumber	ENSCAFG00845022230;ENSCAFG00845022249	0	NA	NA	NA	0
ENSMUSG00000094002	1	many_to_many_DifferentNumber	ENSCAFG00845022230;ENSCAFG00845022249	0	NA	NA	NA	0
ENSMUSG00000113628	1	many_to_many_DifferentNumber	ENSCAFG00845022230;ENSCAFG00845022249	0	NA	NA	NA	0
ENSMUSG00000113421	1	many_to_one	ENSCAFG00845022159	0	NA	NA	NA	0
ENSMUSG00000113616	1	many_to_one	ENSCAFG00845022159	0	NA	NA	NA	0
ENSMUSG00000113967	1	many_to_one	ENSCAFG00845022159	0	NA	NA	NA	0
ENSMUSG00000120751	1	many_to_one	ENSCAFG00845022159	1	one_to_one	lncgDivg	ENSCAFG00845022159	0
ENSMUSG00000113235	1	many_to_one	ENSCAFG00845022139	0	NA	NA	NA	0
ENSMUSG00000113939	1	many_to_one	ENSCAFG00845022139	0	NA	NA	NA	0
ENSMUSG00000097157	1	many_to_one	ENSCAFG00845008335	0	NA	NA	NA	0
ENSMUSG00000113747	1	many_to_one	ENSCAFG00845008335	1	one_to_one	lincConv	ENSCAFG00845008335	0
ENSMUSG00000113387	1	many_to_one	ENSCAFG00845021148	0	NA	NA	NA	0
ENSMUSG00000113986	1	many_to_one	ENSCAFG00845021148	0	NA	NA	NA	0
ENSMUSG00000113886	1	many_to_one	ENSCAFG00845021148	0	NA	NA	NA	0
ENSMUSG00000120379	1	many_to_one	ENSCAFG00845021148	0	NA	NA	NA	0
ENSMUSG00000100674	1	many_to_one	ENSCAFG00845017200	0	NA	NA	NA	1
ENSMUSG00000102098	1	many_to_one	ENSCAFG00845017200	0	NA	NA	NA	1
ENSMUSG00000112865	1	one_to_many	ENSCAFG00845026828;ENSCAFG00845026860;ENSCAFG00845026871;ENSCAFG00845026882	0	NA	NA	NA	0
ENSMUSG00000052125	1	one_to_one	ENSCAFG00845027325	0	NA	NA	NA	1
ENSMUSG00000079143	1	many_to_one	ENSCAFG00845027513	0	NA	NA	NA	1
ENSMUSG00000085664	1	many_to_one	ENSCAFG00845027513	1	one_to_one	lncgConv	ENSCAFG00845027513	0
ENSMUSG00000113944	1	many_to_one	ENSCAFG00845003481	0	NA	NA	NA	0
ENSMUSG00000113302	1	many_to_one	ENSCAFG00845003481	0	NA	NA	NA	0
ENSMUSG00000114159	1	many_to_one	ENSCAFG00845003481	0	NA	NA	NA	0
ENSMUSG00000114005	1	many_to_one	ENSCAFG00845003481	1	one_to_one	lincSS.up	ENSCAFG00845003481	0
ENSMUSG00000112950	1	many_to_one	ENSCAFG00845003490	0	NA	NA	NA	0
ENSMUSG00000113900	1	many_to_one	ENSCAFG00845003490	0	NA	NA	NA	0
ENSMUSG00000113386	1	one_to_many	ENSCAFG00845006549;ENSCAFG00845006556	1	one_to_one	lncgSS.up	ENSCAFG00845006556	0
ENSMUSG00000113278	1	many_to_one	ENSCAFG00845019781	0	NA	NA	NA	0
ENSMUSG00000113630	1	many_to_one	ENSCAFG00845019781	0	NA	NA	NA	0
ENSMUSG00000114028	1	many_to_one	ENSCAFG00845019781	0	NA	NA	NA	0
ENSMUSG00000113441	1	many_to_one	ENSCAFG00845019781	0	NA	NA	NA	0
ENSMUSG00000087109	1	many_to_one	ENSCAFG00845019745	0	NA	NA	NA	0
ENSMUSG00000100668	1	many_to_one	ENSCAFG00845019745	0	NA	NA	NA	0
ENSMUSG00000113064	1	many_to_one	ENSCAFG00845028167	0	NA	NA	NA	0
ENSMUSG00000114052	1	many_to_one	ENSCAFG00845028167	0	NA	NA	NA	0
ENSMUSG00000113764	1	many_to_one	ENSCAFG00845028167	0	NA	NA	NA	1
ENSMUSG00000113507	1	many_to_one	ENSCAFG00845028162	0	NA	NA	NA	0
ENSMUSG00000101067	1	many_to_one	ENSCAFG00845028162	0	NA	NA	NA	0
ENSMUSG00000113608	1	many_to_one	ENSCAFG00845027005	0	NA	NA	NA	1
ENSMUSG00000112967	1	many_to_one	ENSCAFG00845027005	0	NA	NA	NA	1
ENSMUSG00000112857	1	one_to_one	ENSCAFG00845002755	0	NA	NA	NA	0
ENSMUSG00000112150	1	many_to_many_DifferentNumber	ENSCAFG00845002737;ENSCAFG00845002764;ENSCAFG00845002772;ENSCAFG00845002780;ENSCAFG00845002798	0	NA	NA	NA	0
ENSMUSG00000112030	1	many_to_many_DifferentNumber	ENSCAFG00845002737;ENSCAFG00845002764;ENSCAFG00845002772;ENSCAFG00845002780;ENSCAFG00845002798	0	NA	NA	NA	0
ENSMUSG00000112852	1	many_to_one	ENSCAFG00845003907	0	NA	NA	NA	1
ENSMUSG00000112336	1	many_to_one	ENSCAFG00845003907	0	NA	NA	NA	1
ENSMUSG00000112830	1	one_to_many	ENSCAFG00845003900;ENSCAFG00845003911	0	NA	NA	NA	1
ENSMUSG00000112285	1	one_to_one	ENSCAFG00845003952	0	NA	NA	NA	0
ENSMUSG00000112701	1	one_to_one	ENSCAFG00845003993	0	NA	NA	NA	1
ENSMUSG00000097801	1	one_to_one	ENSCAFG00845004000	0	NA	NA	NA	1
ENSMUSG00000113396	1	one_to_one	ENSCAFG00845004242	0	NA	NA	NA	1
ENSMUSG00000113184	1	one_to_one	ENSCAFG00845007782	1	one_to_one	lncgSS.dw	ENSCAFG00845007782	1
ENSMUSG00000113746	1	one_to_one	ENSCAFG00845009087	0	NA	NA	NA	1
ENSMUSG00000111889	1	one_to_one	ENSCAFG00845019808	0	NA	NA	NA	0
ENSMUSG00000112787	1	many_to_many_sameNumber	ENSCAFG00845017521;ENSCAFG00845017529	0	NA	NA	NA	1
ENSMUSG00000111925	1	many_to_many_sameNumber	ENSCAFG00845017521;ENSCAFG00845017529	0	NA	NA	NA	1
ENSMUSG00000121137	1	one_to_one	ENSCAFG00845019665	0	NA	NA	NA	0
ENSMUSG00000120222	1	many_to_one	ENSCAFG00845019688	0	NA	NA	NA	1
ENSMUSG00000120669	1	many_to_one	ENSCAFG00845019688	0	NA	NA	NA	0
ENSMUSG00000114018	1	one_to_many	ENSCAFG00845028003;ENSCAFG00845028027;ENSCAFG00845028042	1	one_to_many	lincConv	ENSCAFG00845028042;ENSCAFG00845028027	1
ENSMUSG00000112388	1	one_to_one	ENSCAFG00845002397	0	NA	NA	NA	1
ENSMUSG00000083193	1	one_to_one	ENSCAFG00845016632	0	NA	NA	NA	1
ENSMUSG00000116409	1	one_to_one	ENSCAFG00845012224	0	NA	NA	NA	0
ENSMUSG00000115076	1	many_to_many_sameNumber	ENSCAFG00845001652;ENSCAFG00845001660	0	NA	NA	NA	0
ENSMUSG00000115585	1	many_to_many_sameNumber	ENSCAFG00845001652;ENSCAFG00845001660	0	NA	NA	NA	0
ENSMUSG00000116294	1	many_to_one	ENSCAFG00845010957	0	NA	NA	NA	0
ENSMUSG00000069996	1	many_to_one	ENSCAFG00845010957	1	one_to_one	lincSS.up	ENSCAFG00845010957	0
ENSMUSG00000115729	1	many_to_many_DifferentNumber	ENSCAFG00845003316;ENSCAFG00845003320;ENSCAFG00845003327;ENSCAFG00845003330	1	many_to_one	lncgDivg	ENSCAFG00845003316	0
ENSMUSG00000056089	1	many_to_many_DifferentNumber	ENSCAFG00845003316;ENSCAFG00845003320;ENSCAFG00845003327;ENSCAFG00845003330	1	many_to_one	lncgDivg	ENSCAFG00845003316	0
ENSMUSG00000115850	1	many_to_many_DifferentNumber	ENSCAFG00845003313;ENSCAFG00845003324;ENSCAFG00845003337	1	one_to_one	lncgSS.up	ENSCAFG00845003313	0
ENSMUSG00000115204	1	many_to_many_DifferentNumber	ENSCAFG00845003313;ENSCAFG00845003324;ENSCAFG00845003337	0	NA	NA	NA	0
ENSMUSG00000079242	1	one_to_one	ENSCAFG00845027295	1	one_to_one	lncgDivg	ENSCAFG00845027295	1
ENSMUSG00000086602	1	one_to_one	ENSCAFG00845026591	0	NA	NA	NA	1
ENSMUSG00000099958	1	one_to_one	ENSCAFG00845013254	0	NA	NA	NA	1
ENSMUSG00000089804	1	one_to_one	ENSCAFG00845029043	0	NA	NA	NA	0
ENSMUSG00000101671	1	many_to_many_DifferentNumber	ENSCAFG00845007422;ENSCAFG00845007429	0	NA	NA	NA	1
ENSMUSG00000022288	1	many_to_many_DifferentNumber	ENSCAFG00845007422;ENSCAFG00845007429	0	NA	NA	NA	1
ENSMUSG00000086125	1	many_to_many_DifferentNumber	ENSCAFG00845007422;ENSCAFG00845007429	0	NA	NA	NA	1
ENSMUSG00000115569	1	many_to_one	ENSCAFG00845028615	0	NA	NA	NA	1
ENSMUSG00000097643	1	many_to_one	ENSCAFG00845028615	1	many_to_one	lncgDivg	ENSCAFG00845028615	1
ENSMUSG00000115699	1	many_to_one	ENSCAFG00845028615	0	NA	NA	NA	1
ENSMUSG00000120309	1	one_to_one	ENSCAFG00845027696	1	one_to_one	lncgSS.up	ENSCAFG00845027696	1
ENSMUSG00000101568	1	many_to_one	ENSCAFG00845008275	0	NA	NA	NA	0
ENSMUSG00000115414	1	many_to_one	ENSCAFG00845008275	0	NA	NA	NA	1
ENSMUSG00000115888	1	one_to_one	ENSCAFG00845021178	0	NA	NA	NA	1
ENSMUSG00000116480	1	one_to_one	ENSCAFG00845020547	1	one_to_one	lncgSS.dw	ENSCAFG00845020547	1
ENSMUSG00000115508	1	one_to_one	ENSCAFG00845008547	1	one_to_one	lncgSS.dw	ENSCAFG00845008547	0
ENSMUSG00000115854	1	one_to_one	ENSCAFG00845007826	1	one_to_one	lncgDivg	ENSCAFG00845007826	1
ENSMUSG00000120185	1	one_to_many	ENSCAFG00845000726;ENSCAFG00845000738	0	NA	NA	NA	0
ENSMUSG00000097068	1	one_to_many	ENSCAFG00845030528;ENSCAFG00845030536;ENSCAFG00845030544;ENSCAFG00845030553;ENSCAFG00845030557;ENSCAFG00845030560;ENSCAFG00845030568;ENSCAFG00845030569;ENSCAFG00845030581	0	NA	NA	NA	1
ENSMUSG00000075555	1	one_to_many	ENSCAFG00845005233;ENSCAFG00845005240;ENSCAFG00845005245;ENSCAFG00845005253;ENSCAFG00845005255	1	one_to_one	lncgDivg	ENSCAFG00845005255	0
ENSMUSG00000120294	1	one_to_many	ENSCAFG00845026881;ENSCAFG00845026901	0	NA	NA	NA	1
ENSMUSG00000121132	1	one_to_one	ENSCAFG00845013999	0	NA	NA	NA	1
ENSMUSG00000116600	1	many_to_one	ENSCAFG00845023583	0	NA	NA	NA	0
ENSMUSG00000116989	1	many_to_one	ENSCAFG00845023583	0	NA	NA	NA	0
ENSMUSG00000120905	1	many_to_one	ENSCAFG00845023583	0	NA	NA	NA	0
ENSMUSG00000116573	1	one_to_one	ENSCAFG00845015643	0	NA	NA	NA	0
ENSMUSG00000116965	1	one_to_one	ENSCAFG00845015654	0	NA	NA	NA	0
ENSMUSG00000075070	1	one_to_one	ENSCAFG00845015227	1	many_to_one	lncgDivg	ENSCAFG00845015227	1
ENSMUSG00000116947	1	many_to_many_sameNumber	ENSCAFG00845027642;ENSCAFG00845027653	0	NA	NA	NA	1
ENSMUSG00000121032	1	many_to_many_sameNumber	ENSCAFG00845027642;ENSCAFG00845027653	0	NA	NA	NA	1
ENSMUSG00000116681	1	many_to_one	ENSCAFG00845027630	0	NA	NA	NA	1
ENSMUSG00000116569	1	many_to_one	ENSCAFG00845027630	0	NA	NA	NA	1
ENSMUSG00000116589	1	one_to_one	ENSCAFG00845028522	1	one_to_one	lncgConv	ENSCAFG00845028522	1
ENSMUSG00000116976	1	one_to_one	ENSCAFG00845020683	0	NA	NA	NA	1
ENSMUSG00000116799	1	many_to_many_sameNumber	ENSCAFG00845018155;ENSCAFG00845018172	0	NA	NA	NA	0
ENSMUSG00000116810	1	many_to_many_sameNumber	ENSCAFG00845018155;ENSCAFG00845018172	0	NA	NA	NA	0
ENSMUSG00000116556	1	many_to_one	ENSCAFG00845018228	0	NA	NA	NA	0
ENSMUSG00000116555	1	many_to_one	ENSCAFG00845018228	0	NA	NA	NA	0
ENSMUSG00000116979	1	many_to_one	ENSCAFG00845018228	0	NA	NA	NA	0
ENSMUSG00000116993	1	many_to_one	ENSCAFG00845018228	0	NA	NA	NA	0
ENSMUSG00000084790	1	one_to_many	ENSCAFG00845002048;ENSCAFG00845002059	1	one_to_one	lncgDivg	ENSCAFG00845002048	1
ENSMUSG00000116525	1	many_to_one	ENSCAFG00845013611	0	NA	NA	NA	0
ENSMUSG00000116426	1	many_to_one	ENSCAFG00845013611	0	NA	NA	NA	0
ENSMUSG00000116469	1	many_to_one	ENSCAFG00845013611	0	NA	NA	NA	0
ENSMUSG00000116123	1	many_to_one	ENSCAFG00845013611	0	NA	NA	NA	0
ENSMUSG00000090257	1	one_to_many	ENSCAFG00845023910;ENSCAFG00845023933	1	one_to_many	lncgConv	ENSCAFG00845023933;ENSCAFG00845023910	1
ENSMUSG00000090203	1	one_to_one	ENSCAFG00845024236	0	NA	NA	NA	1
ENSMUSG00000116197	1	many_to_one	ENSCAFG00845011552	0	NA	NA	NA	0
ENSMUSG00000115968	1	many_to_one	ENSCAFG00845011552	0	NA	NA	NA	0
ENSMUSG00000101565	1	many_to_one	ENSCAFG00845011552	0	NA	NA	NA	0
ENSMUSG00000116520	1	one_to_one	ENSCAFG00845011566	0	NA	NA	NA	0
ENSMUSG00000116546	1	many_to_many_sameNumber	ENSCAFG00845030802;ENSCAFG00845030807	0	NA	NA	NA	1
ENSMUSG00000116737	1	many_to_many_sameNumber	ENSCAFG00845030802;ENSCAFG00845030807	1	one_to_many	lincConv	ENSCAFG00845030802;ENSCAFG00845030807	1
ENSMUSG00000116570	1	many_to_many_sameNumber	ENSCAFG00845030781;ENSCAFG00845030804;ENSCAFG00845030811	0	NA	NA	NA	1
ENSMUSG00000116951	1	many_to_many_sameNumber	ENSCAFG00845030781;ENSCAFG00845030804;ENSCAFG00845030811	1	many_to_many	lincSS.dw	ENSCAFG00845030811;ENSCAFG00845030781;ENSCAFG00845030804	1
ENSMUSG00000116581	1	many_to_many_sameNumber	ENSCAFG00845030781;ENSCAFG00845030804;ENSCAFG00845030811	1	many_to_many	lincSS.dw	ENSCAFG00845030811;ENSCAFG00845030781;ENSCAFG00845030804	1
ENSMUSG00000099429	1	one_to_one	ENSCAFG00845025389	0	NA	NA	NA	1
ENSMUSG00000096960	1	one_to_one	ENSCAFG00845023287	0	NA	NA	NA	1
ENSMUSG00000120156	1	many_to_one	ENSCAFG00845023293	0	NA	NA	NA	1
ENSMUSG00000120515	1	many_to_one	ENSCAFG00845023293	0	NA	NA	NA	1
ENSMUSG00000120214	1	one_to_one	ENSCAFG00845022125	0	NA	NA	NA	1
ENSMUSG00000120080	1	one_to_many	ENSCAFG00845022658;ENSCAFG00845022669;ENSCAFG00845022698	0	NA	NA	NA	1
ENSMUSG00000120744	1	one_to_many	ENSCAFG00845024047;ENSCAFG00845024063	1	one_to_one	lncgSS.dw	ENSCAFG00845024063	1
ENSMUSG00000116733	1	one_to_one	ENSCAFG00845021883	0	NA	NA	NA	1
ENSMUSG00000120082	1	one_to_one	ENSCAFG00845029154	0	NA	NA	NA	1
ENSMUSG00000120962	1	one_to_one	ENSCAFG00845028287	0	NA	NA	NA	0
ENSMUSG00000116763	1	one_to_one	ENSCAFG00845026338	1	one_to_one	lincSS.up	ENSCAFG00845026338	1
ENSMUSG00000084866	1	one_to_one	ENSCAFG00845026718	1	one_to_one	lincSS.up	ENSCAFG00845026718	1
ENSMUSG00000116987	1	one_to_many	ENSCAFG00845026695;ENSCAFG00845026725	1	one_to_one	lincDivg	ENSCAFG00845026725	1
ENSMUSG00000115518	1	many_to_many_DifferentNumber	ENSCAFG00845017653;ENSCAFG00845017701	1	many_to_one	lncgDivg	ENSCAFG00845017653	0
ENSMUSG00000115469	1	many_to_many_DifferentNumber	ENSCAFG00845017653;ENSCAFG00845017701	1	many_to_one	lncgDivg	ENSCAFG00845017653	1
ENSMUSG00000114988	1	many_to_many_DifferentNumber	ENSCAFG00845017653;ENSCAFG00845017701	1	many_to_one	lncgDivg	ENSCAFG00845017653	1
ENSMUSG00000086331	1	many_to_many_DifferentNumber	ENSCAFG00845025710;ENSCAFG00845025720;ENSCAFG00845025747;ENSCAFG00845025769	0	NA	NA	NA	0
ENSMUSG00000116747	1	many_to_many_DifferentNumber	ENSCAFG00845025710;ENSCAFG00845025720;ENSCAFG00845025747;ENSCAFG00845025769	0	NA	NA	NA	0
ENSMUSG00000116608	1	many_to_many_DifferentNumber	ENSCAFG00845025710;ENSCAFG00845025720;ENSCAFG00845025747;ENSCAFG00845025769	0	NA	NA	NA	0
ENSMUSG00000116878	1	one_to_many	ENSCAFG00845025732;ENSCAFG00845025756	0	NA	NA	NA	0
ENSMUSG00000117422	1	one_to_many	ENSCAFG00845027151;ENSCAFG00845027172	0	NA	NA	NA	1
ENSMUSG00000100345	1	many_to_many_sameNumber	ENSCAFG00845027119;ENSCAFG00845027133	0	NA	NA	NA	1
ENSMUSG00000117501	1	many_to_many_sameNumber	ENSCAFG00845027119;ENSCAFG00845027133	1	one_to_many	lincSS.dw	ENSCAFG00845027133;ENSCAFG00845027119	1
ENSMUSG00000117384	1	one_to_one	ENSCAFG00845028119	1	one_to_one	lincConv	ENSCAFG00845028119	0
ENSMUSG00000100847	1	one_to_one	ENSCAFG00845005271	0	NA	NA	NA	0
ENSMUSG00000117361	1	many_to_one	ENSCAFG00845005280	0	NA	NA	NA	0
ENSMUSG00000117414	1	many_to_one	ENSCAFG00845005280	1	one_to_one	lincDivg	ENSCAFG00845005280	0
ENSMUSG00000117486	1	many_to_one	ENSCAFG00845005280	0	NA	NA	NA	0
ENSMUSG00000117545	1	many_to_one	ENSCAFG00845005280	0	NA	NA	NA	0
ENSMUSG00000117019	1	one_to_one	ENSCAFG00845014729	1	one_to_one	lincSS.dw	ENSCAFG00845014729	0
ENSMUSG00000101012	1	many_to_one	ENSCAFG00845014656	1	one_to_one	lincConv	ENSCAFG00845014656	0
ENSMUSG00000117221	1	many_to_one	ENSCAFG00845014656	0	NA	NA	NA	0
ENSMUSG00000092268	1	many_to_one	ENSCAFG00845014656	0	NA	NA	NA	1
ENSMUSG00000120541	1	one_to_many	ENSCAFG00845000183;ENSCAFG00845000186;ENSCAFG00845000192;ENSCAFG00845000198	0	NA	NA	NA	1
ENSMUSG00000073377	1	one_to_one	ENSCAFG00845000171	0	NA	NA	NA	1
ENSMUSG00000117335	1	many_to_one	ENSCAFG00845004593	0	NA	NA	NA	0
ENSMUSG00000117250	1	many_to_one	ENSCAFG00845004593	0	NA	NA	NA	0
ENSMUSG00000117229	1	many_to_one	ENSCAFG00845004593	1	one_to_one	lincConv	ENSCAFG00845004593	0
ENSMUSG00000116874	1	one_to_one	ENSCAFG00845000332	0	NA	NA	NA	0
ENSMUSG00000100572	1	many_to_one	ENSCAFG00845003440	0	NA	NA	NA	1
ENSMUSG00000117069	1	many_to_one	ENSCAFG00845003440	0	NA	NA	NA	1
ENSMUSG00000117437	1	one_to_one	ENSCAFG00845024765	0	NA	NA	NA	1
ENSMUSG00000117292	1	one_to_one	ENSCAFG00845011860	1	one_to_one	lincSS.dw	ENSCAFG00845011860	1
ENSMUSG00000078247	1	one_to_one	ENSCAFG00845002055	0	NA	NA	NA	1
ENSMUSG00000117426	1	many_to_many_DifferentNumber	ENSCAFG00845020477;ENSCAFG00845020563	1	many_to_one	lincDivg	ENSCAFG00845020563	1
ENSMUSG00000117616	1	many_to_many_DifferentNumber	ENSCAFG00845020477;ENSCAFG00845020563	1	many_to_one	lincDivg	ENSCAFG00845020563	1
ENSMUSG00000117394	1	many_to_many_DifferentNumber	ENSCAFG00845020477;ENSCAFG00845020563	0	NA	NA	NA	1
ENSMUSG00000117561	1	many_to_many_DifferentNumber	ENSCAFG00845020477;ENSCAFG00845020563	0	NA	NA	NA	1
ENSMUSG00000117442	1	many_to_many_DifferentNumber	ENSCAFG00845025071;ENSCAFG00845025110	0	NA	NA	NA	0
ENSMUSG00000117611	1	many_to_many_DifferentNumber	ENSCAFG00845025071;ENSCAFG00845025110	0	NA	NA	NA	0
ENSMUSG00000117431	1	many_to_many_DifferentNumber	ENSCAFG00845025071;ENSCAFG00845025110	0	NA	NA	NA	0
ENSMUSG00000117432	1	many_to_many_DifferentNumber	ENSCAFG00845025071;ENSCAFG00845025110	0	NA	NA	NA	0
ENSMUSG00000117571	1	many_to_many_DifferentNumber	ENSCAFG00845025071;ENSCAFG00845025110	0	NA	NA	NA	0
ENSMUSG00000121087	1	many_to_many_DifferentNumber	ENSCAFG00845025071;ENSCAFG00845025110	1	one_to_one	lncgDivg	ENSCAFG00845025071	0
ENSMUSG00000097254	1	many_to_one	ENSCAFG00845025101	0	NA	NA	NA	0
ENSMUSG00000117421	1	many_to_one	ENSCAFG00845025101	0	NA	NA	NA	0
ENSMUSG00000117564	1	many_to_one	ENSCAFG00845025101	0	NA	NA	NA	0
ENSMUSG00000117446	1	many_to_one	ENSCAFG00845025101	0	NA	NA	NA	0
ENSMUSG00000117485	1	many_to_one	ENSCAFG00845025101	0	NA	NA	NA	0
ENSMUSG00000121234	1	many_to_one	ENSCAFG00845025101	0	NA	NA	NA	0
ENSMUSG00000117084	1	many_to_one	ENSCAFG00845006928	0	NA	NA	NA	0
ENSMUSG00000066170	1	many_to_one	ENSCAFG00845006928	0	NA	NA	NA	0
ENSMUSG00000117489	1	one_to_one	ENSCAFG00845011306	0	NA	NA	NA	1
ENSMUSG00000117772	1	one_to_one	ENSCAFG00845018903	1	one_to_one	lncgConv	ENSCAFG00845018903	1
ENSMUSG00000099384	1	one_to_one	ENSCAFG00845002599	0	NA	NA	NA	0
ENSMUSG00000100738	1	many_to_one	ENSCAFG00845027668	0	NA	NA	NA	1
ENSMUSG00000121124	1	many_to_one	ENSCAFG00845027668	0	NA	NA	NA	1
ENSMUSG00000120725	1	many_to_one	ENSCAFG00845027668	0	NA	NA	NA	1
ENSMUSG00000120278	1	many_to_one	ENSCAFG00845027668	0	NA	NA	NA	1
ENSMUSG00000071036	1	many_to_one	ENSCAFG00845027668	0	NA	NA	NA	1
ENSMUSG00000118362	1	one_to_many	ENSCAFG00845008807;ENSCAFG00845008813	1	one_to_one	lncgConv	ENSCAFG00845008813	0
ENSMUSG00000117852	1	one_to_many	ENSCAFG00845001089;ENSCAFG00845001109;ENSCAFG00845001123;ENSCAFG00845001132;ENSCAFG00845001144	0	NA	NA	NA	1
ENSMUSG00000104225	1	one_to_one	ENSCAFG00845003113	0	NA	NA	NA	0
ENSMUSG00000120583	1	one_to_one	ENSCAFG00845004407	0	NA	NA	NA	0
ENSMUSG00000117891	1	one_to_many	ENSCAFG00845004415;ENSCAFG00845004418	0	NA	NA	NA	0
ENSMUSG00000117674	1	one_to_many	ENSCAFG00845019325;ENSCAFG00845019366	1	many_to_many_strict	lncgDivg	ENSCAFG00845019366;ENSCAFG00845019325	1
ENSMUSG00000118013	1	one_to_one	ENSCAFG00845010728	0	NA	NA	NA	1
ENSMUSG00000118028	1	many_to_one	ENSCAFG00845002554	0	NA	NA	NA	0
ENSMUSG00000120532	1	many_to_one	ENSCAFG00845002554	0	NA	NA	NA	0
ENSMUSG00000118373	1	one_to_many	ENSCAFG00845000022;ENSCAFG00845000023	1	one_to_one	lincSS.up	ENSCAFG00845000022	1
ENSMUSG00000118070	1	many_to_many_DifferentNumber	ENSCAFG00845000055;ENSCAFG00845000059;ENSCAFG00845000062	1	many_to_one	lncgDivg	ENSCAFG00845000055	1
ENSMUSG00000120406	1	many_to_many_DifferentNumber	ENSCAFG00845000055;ENSCAFG00845000059;ENSCAFG00845000062	1	many_to_one	lncgDivg	ENSCAFG00845000055	1
ENSMUSG00000118379	1	one_to_one	ENSCAFG00845000057	0	NA	NA	NA	1
ENSMUSG00000098720	1	many_to_one	ENSCAFG00845000262	1	one_to_one	lncgDivg	ENSCAFG00845000262	0
ENSMUSG00000118268	1	many_to_one	ENSCAFG00845000262	0	NA	NA	NA	0
ENSMUSG00000118262	1	many_to_one	ENSCAFG00845000262	0	NA	NA	NA	0
ENSMUSG00000117717	1	many_to_one	ENSCAFG00845000262	0	NA	NA	NA	0
ENSMUSG00000118300	1	many_to_one	ENSCAFG00845000262	0	NA	NA	NA	0
ENSMUSG00000118363	1	many_to_one	ENSCAFG00845000262	0	NA	NA	NA	0
ENSMUSG00000118073	1	many_to_one	ENSCAFG00845000262	0	NA	NA	NA	0
ENSMUSG00000118254	1	many_to_one	ENSCAFG00845000262	0	NA	NA	NA	0
ENSMUSG00000117923	1	many_to_one	ENSCAFG00845000262	0	NA	NA	NA	0
ENSMUSG00000118279	1	many_to_one	ENSCAFG00845000262	0	NA	NA	NA	0
ENSMUSG00000118339	1	many_to_one	ENSCAFG00845000622	1	one_to_many	lncgDivg	ENSCAFG00845000571;ENSCAFG00845000566	0
ENSMUSG00000117976	1	many_to_one	ENSCAFG00845000622	0	NA	NA	NA	0
ENSMUSG00000100430	1	many_to_one	ENSCAFG00845000622	0	NA	NA	NA	0
ENSMUSG00000118333	1	many_to_one	ENSCAFG00845000622	0	NA	NA	NA	0
ENSMUSG00000117993	1	many_to_one	ENSCAFG00845000622	0	NA	NA	NA	0
ENSMUSG00000117715	1	many_to_one	ENSCAFG00845000622	0	NA	NA	NA	0
ENSMUSG00000118060	1	many_to_one	ENSCAFG00845000622	0	NA	NA	NA	0
ENSMUSG00000118175	1	many_to_one	ENSCAFG00845000622	0	NA	NA	NA	0
ENSMUSG00000117658	1	many_to_one	ENSCAFG00845000622	0	NA	NA	NA	0
ENSMUSG00000118200	1	many_to_one	ENSCAFG00845000622	0	NA	NA	NA	0
ENSMUSG00000118024	1	many_to_one	ENSCAFG00845000622	0	NA	NA	NA	0
ENSMUSG00000117536	1	many_to_many_sameNumber	ENSCAFG00845013127;ENSCAFG00845013161	0	NA	NA	NA	0
ENSMUSG00000117608	1	many_to_many_sameNumber	ENSCAFG00845013127;ENSCAFG00845013161	0	NA	NA	NA	0
ENSMUSG00000117450	1	many_to_many_sameNumber	ENSCAFG00845012449;ENSCAFG00845012476;ENSCAFG00845012572	0	NA	NA	NA	1
ENSMUSG00000117645	1	many_to_many_sameNumber	ENSCAFG00845012449;ENSCAFG00845012476;ENSCAFG00845012572	1	one_to_one	lincConv	ENSCAFG00845012449	1
ENSMUSG00000117613	1	many_to_many_sameNumber	ENSCAFG00845012449;ENSCAFG00845012476;ENSCAFG00845012572	1	one_to_many	lincDivg	ENSCAFG00845012572;ENSCAFG00845012476	1
ENSMUSG00000117404	1	many_to_many_DifferentNumber	ENSCAFG00845012440;ENSCAFG00845012444;ENSCAFG00845012457;ENSCAFG00845012467;ENSCAFG00845012482;ENSCAFG00845012579	1	one_to_many	lincSS.up	ENSCAFG00845012467;ENSCAFG00845012457;ENSCAFG00845012482;ENSCAFG00845012579	1
ENSMUSG00000117380	1	many_to_many_DifferentNumber	ENSCAFG00845012440;ENSCAFG00845012444;ENSCAFG00845012457;ENSCAFG00845012467;ENSCAFG00845012482;ENSCAFG00845012579	0	NA	NA	NA	1
ENSMUSG00000119962	1	many_to_many_DifferentNumber	ENSCAFG00845012440;ENSCAFG00845012444;ENSCAFG00845012457;ENSCAFG00845012467;ENSCAFG00845012482;ENSCAFG00845012579	0	NA	NA	NA	1
ENSMUSG00000097746	1	one_to_many	ENSCAFG00845001901;ENSCAFG00845001916	0	NA	NA	NA	0
ENSMUSG00000117521	1	many_to_many_DifferentNumber	ENSCAFG00845011489;ENSCAFG00845011508;ENSCAFG00845011525	1	one_to_many	lincSS.up	ENSCAFG00845011525;ENSCAFG00845011508;ENSCAFG00845011489	1
ENSMUSG00000117579	1	many_to_many_DifferentNumber	ENSCAFG00845011489;ENSCAFG00845011508;ENSCAFG00845011525	0	NA	NA	NA	1
ENSMUSG00000092569	1	one_to_one	ENSCAFG00845016950	0	NA	NA	NA	1
ENSMUSG00000097666	1	one_to_one	ENSCAFG00845003225	0	NA	NA	NA	1
ENSMUSG00000097324	1	many_to_one	ENSCAFG00845009524	1	many_to_one	lincDivg	ENSCAFG00845009524	1
ENSMUSG00000120623	1	many_to_one	ENSCAFG00845009524	1	many_to_one	lincDivg	ENSCAFG00845009524	1
ENSMUSG00000120613	1	one_to_many	ENSCAFG00845004837;ENSCAFG00845004839	0	NA	NA	NA	1
ENSMUSG00000085800	1	one_to_one	ENSCAFG00845011293	0	NA	NA	NA	1
ENSMUSG00000118257	1	many_to_one	ENSCAFG00845017821	0	NA	NA	NA	1
ENSMUSG00000118193	1	many_to_one	ENSCAFG00845017821	0	NA	NA	NA	1
ENSMUSG00000117840	1	many_to_one	ENSCAFG00845001011	0	NA	NA	NA	0
ENSMUSG00000118080	1	many_to_one	ENSCAFG00845001011	0	NA	NA	NA	0
ENSMUSG00000118347	1	many_to_one	ENSCAFG00845001011	0	NA	NA	NA	0
ENSMUSG00000118122	1	many_to_one	ENSCAFG00845001011	0	NA	NA	NA	0
ENSMUSG00000120345	1	many_to_one	ENSCAFG00845001011	1	one_to_one	lncgSS.up	ENSCAFG00845001011	0
ENSMUSG00000117685	1	one_to_many	ENSCAFG00845000805;ENSCAFG00845000810;ENSCAFG00845000819;ENSCAFG00845000824	1	one_to_one	lincDivg	ENSCAFG00845000824	1
ENSMUSG00000097735	1	one_to_many	ENSCAFG00845002801;ENSCAFG00845002804;ENSCAFG00845002809	0	NA	NA	NA	1
ENSMUSG00000089952	1	one_to_many	ENSCAFG00845002795;ENSCAFG00845002807	0	NA	NA	NA	1
ENSMUSG00000117871	1	one_to_one	ENSCAFG00845030961	0	NA	NA	NA	1
ENSMUSG00000118366	1	one_to_one	ENSCAFG00845028836	1	one_to_one	lncgSS.dw	ENSCAFG00845028836	0
ENSMUSG00000064032	1	one_to_one	ENSCAFG00845011323	0	NA	NA	NA	0
ENSMUSG00000117703	1	one_to_many	ENSCAFG00845023217;ENSCAFG00845023244	0	NA	NA	NA	1
ENSMUSG00000117941	1	many_to_many_sameNumber	ENSCAFG00845010755;ENSCAFG00845010764	0	NA	NA	NA	1
ENSMUSG00000118367	1	many_to_many_sameNumber	ENSCAFG00845010755;ENSCAFG00845010764	0	NA	NA	NA	1
ENSMUSG00000117814	1	one_to_one	ENSCAFG00845026552	0	NA	NA	NA	1
ENSMUSG00000118293	1	many_to_many_sameNumber	ENSCAFG00845000051;ENSCAFG00845000053;ENSCAFG00845000054	0	NA	NA	NA	1
ENSMUSG00000118047	1	many_to_many_sameNumber	ENSCAFG00845000051;ENSCAFG00845000053;ENSCAFG00845000054	0	NA	NA	NA	1
ENSMUSG00000118090	1	many_to_many_sameNumber	ENSCAFG00845000051;ENSCAFG00845000053;ENSCAFG00845000054	1	one_to_one	lincSS.up	ENSCAFG00845000051	1
ENSMUSG00000118086	1	one_to_one	ENSCAFG00845000049	0	NA	NA	NA	1
ENSMUSG00000097591	1	one_to_one	ENSCAFG00845029995	0	NA	NA	NA	1
ENSMUSG00000097779	1	many_to_one	ENSCAFG00845028492	0	NA	NA	NA	0
ENSMUSG00000117768	1	many_to_one	ENSCAFG00845028492	0	NA	NA	NA	0
ENSMUSG00000120446	1	many_to_one	ENSCAFG00845028492	0	NA	NA	NA	0
ENSMUSG00000086938	1	one_to_one	ENSCAFG00845017164	0	NA	NA	NA	0
ENSMUSG00000120425	1	one_to_one	ENSCAFG00845001860	1	one_to_one	lncgSS.dw	ENSCAFG00845001860	0
ENSMUSG00000108414	1	one_to_one	ENSCAFG00845007466	0	NA	NA	NA	1
ENSMUSG00000117911	1	many_to_many_DifferentNumber	ENSCAFG00845018236;ENSCAFG00845018257;ENSCAFG00845018273;ENSCAFG00845018293;ENSCAFG00845018305	1	one_to_many	lincSS.dw	ENSCAFG00845018305;ENSCAFG00845018236;ENSCAFG00845018293;ENSCAFG00845018273;ENSCAFG00845018257	1
ENSMUSG00000117823	1	many_to_many_DifferentNumber	ENSCAFG00845018236;ENSCAFG00845018257;ENSCAFG00845018273;ENSCAFG00845018293;ENSCAFG00845018305	0	NA	NA	NA	1
ENSMUSG00000097683	1	one_to_many	ENSCAFG00845018224;ENSCAFG00845018250	0	NA	NA	NA	1
ENSMUSG00000118352	0	NA	NA	1	one_to_one	lincConv	ENSCAFG00845001172	0
ENSMUSG00000110467	0	NA	NA	1	one_to_one	lincConv	ENSCAFG00845001708	0
ENSMUSG00000085892	0	NA	NA	1	one_to_many	lincConv	ENSCAFG00845004462;ENSCAFG00845004493;ENSCAFG00845004486;ENSCAFG00845004470	1
ENSMUSG00000114787	0	NA	NA	1	one_to_many	lincConv	ENSCAFG00845005320;ENSCAFG00845005325;ENSCAFG00845005315	1
ENSMUSG00000097082	0	NA	NA	1	one_to_many	lincConv	ENSCAFG00845005712;ENSCAFG00845027451	0
ENSMUSG00000101700	0	NA	NA	1	one_to_one	lincConv	ENSCAFG00845005912	1
ENSMUSG00000093535	0	NA	NA	1	one_to_one	lincConv	ENSCAFG00845016439	0
ENSMUSG00000111146	0	NA	NA	1	one_to_one	lincConv	ENSCAFG00845020052	0
ENSMUSG00000101608	0	NA	NA	1	one_to_many	lincConv	ENSCAFG00845021980;ENSCAFG00845021968	0
ENSMUSG00000087647	0	NA	NA	1	many_to_one	lincConv	ENSCAFG00845022177	0
ENSMUSG00000085740	0	NA	NA	1	many_to_one	lincConv	ENSCAFG00845022177	0
ENSMUSG00000098206	0	NA	NA	1	many_to_one	lincConv	ENSCAFG00845022979	0
ENSMUSG00000098243	0	NA	NA	1	many_to_one	lincConv	ENSCAFG00845022979	0
ENSMUSG00000120706	0	NA	NA	1	one_to_one	lincConv	ENSCAFG00845023947	0
ENSMUSG00000084802	0	NA	NA	1	one_to_one	lincConv	ENSCAFG00845028611	1
ENSMUSG00000106334	0	NA	NA	1	one_to_one	lincConv	ENSCAFG00845029051	1
ENSMUSG00000120726	0	NA	NA	1	one_to_one	lincConv	ENSCAFG00845028902	1
ENSMUSG00000117890	0	NA	NA	1	one_to_one	lincConv	ENSCAFG00845030508	1
ENSMUSG00000110634	0	NA	NA	1	one_to_one	lincDivg	ENSCAFG00845001405	1
ENSMUSG00000100711	0	NA	NA	1	many_to_many	lincDivg	ENSCAFG00845001870;ENSCAFG00845001772;ENSCAFG00845001811;ENSCAFG00845001817;ENSCAFG00845001849;ENSCAFG00845001792;ENSCAFG00845001779;ENSCAFG00845001857	0
ENSMUSG00000100182	0	NA	NA	1	many_to_many	lincDivg	ENSCAFG00845001870;ENSCAFG00845001772;ENSCAFG00845001811;ENSCAFG00845001817;ENSCAFG00845001849;ENSCAFG00845001792;ENSCAFG00845001779;ENSCAFG00845001857	0
ENSMUSG00000118020	0	NA	NA	1	one_to_one	lincDivg	ENSCAFG00845002310	1
ENSMUSG00000108311	0	NA	NA	1	many_to_many_strict	lincDivg	ENSCAFG00845002719;ENSCAFG00845002714;ENSCAFG00845002709	0
ENSMUSG00000120135	0	NA	NA	1	many_to_many_strict	lincDivg	ENSCAFG00845002719;ENSCAFG00845002714;ENSCAFG00845002709	0
ENSMUSG00000108724	0	NA	NA	1	many_to_many_strict	lincDivg	ENSCAFG00845002719;ENSCAFG00845002714;ENSCAFG00845002709	0
ENSMUSG00000115015	0	NA	NA	1	many_to_one	lincDivg	ENSCAFG00845004412	1
ENSMUSG00000115690	0	NA	NA	1	many_to_one	lincDivg	ENSCAFG00845004412	1
ENSMUSG00000097980	0	NA	NA	1	one_to_one	lincDivg	ENSCAFG00845004802	0
ENSMUSG00000117868	0	NA	NA	1	one_to_one	lincDivg	ENSCAFG00845004812	0
ENSMUSG00000113580	0	NA	NA	1	many_to_many_strict	lincDivg	ENSCAFG00845005851;ENSCAFG00845005842	0
ENSMUSG00000113548	0	NA	NA	1	many_to_many_strict	lincDivg	ENSCAFG00845005851;ENSCAFG00845005842	0
ENSMUSG00000108875	0	NA	NA	1	one_to_one	lincDivg	ENSCAFG00845006577	0
ENSMUSG00000111666	0	NA	NA	1	one_to_one	lincDivg	ENSCAFG00845006787	0
ENSMUSG00000115545	0	NA	NA	1	one_to_one	lincDivg	ENSCAFG00845007953	1
ENSMUSG00000100496	0	NA	NA	1	many_to_many_strict	lincDivg	ENSCAFG00845008214;ENSCAFG00845008226	1
ENSMUSG00000086349	0	NA	NA	1	many_to_many_strict	lincDivg	ENSCAFG00845008214;ENSCAFG00845008226	1
ENSMUSG00000111225	0	NA	NA	1	many_to_one	lincDivg	ENSCAFG00845010420	0
ENSMUSG00000111014	0	NA	NA	1	many_to_one	lincDivg	ENSCAFG00845010420	0
ENSMUSG00000112629	0	NA	NA	1	one_to_one	lincDivg	ENSCAFG00845010736	0
ENSMUSG00000100335	0	NA	NA	1	one_to_one	lincDivg	ENSCAFG00845013845	0
ENSMUSG00000086804	0	NA	NA	1	many_to_one	lincDivg	ENSCAFG00845015499	0
ENSMUSG00000086732	0	NA	NA	1	many_to_one	lincDivg	ENSCAFG00845015499	0
ENSMUSG00000104763	0	NA	NA	1	many_to_one	lincDivg	ENSCAFG00845016219	1
ENSMUSG00000106437	0	NA	NA	1	many_to_one	lincDivg	ENSCAFG00845016219	1
ENSMUSG00000116769	0	NA	NA	1	one_to_many	lincDivg	ENSCAFG00845019932;ENSCAFG00845019893;ENSCAFG00845019904;ENSCAFG00845019942;ENSCAFG00845019915;ENSCAFG00845019958	0
ENSMUSG00000120517	0	NA	NA	1	one_to_one	lincDivg	ENSCAFG00845021997	0
ENSMUSG00000085025	0	NA	NA	1	one_to_one	lincDivg	ENSCAFG00845022291	0
ENSMUSG00000116725	0	NA	NA	1	one_to_one	lincDivg	ENSCAFG00845023181	0
ENSMUSG00000106845	0	NA	NA	1	one_to_many	lincDivg	ENSCAFG00845022967;ENSCAFG00845022973	1
ENSMUSG00000086370	0	NA	NA	1	one_to_one	lincDivg	ENSCAFG00845029920	1
ENSMUSG00000121167	0	NA	NA	1	one_to_one	lincDivg	ENSCAFG00845030254	1
ENSMUSG00000119973	0	NA	NA	1	one_to_one	lincDivg	ENSCAFG00845030897	1
ENSMUSG00000120678	0	NA	NA	1	one_to_many	lincSS.dw	ENSCAFG00845003575;ENSCAFG00845003570	0
ENSMUSG00000120447	0	NA	NA	1	one_to_one	lincSS.dw	ENSCAFG00845003665	1
ENSMUSG00000117570	0	NA	NA	1	one_to_many	lincSS.dw	ENSCAFG00845004791;ENSCAFG00845004796	0
ENSMUSG00000037535	0	NA	NA	1	one_to_one	lincSS.dw	ENSCAFG00845005022	0
ENSMUSG00000114200	0	NA	NA	1	many_to_one	lincSS.dw	ENSCAFG00845005327	1
ENSMUSG00000114623	0	NA	NA	1	many_to_one	lincSS.dw	ENSCAFG00845005327	1
ENSMUSG00000112246	0	NA	NA	1	one_to_one	lincSS.dw	ENSCAFG00845006077	0
ENSMUSG00000109419	0	NA	NA	1	many_to_many_strict	lincSS.dw	ENSCAFG00845009050;ENSCAFG00845009060	0
ENSMUSG00000053979	0	NA	NA	1	many_to_many_strict	lincSS.dw	ENSCAFG00845009050;ENSCAFG00845009060	0
ENSMUSG00000086707	0	NA	NA	1	one_to_many	lincSS.dw	ENSCAFG00845010646;ENSCAFG00845010660	0
ENSMUSG00000100943	0	NA	NA	1	one_to_many	lincSS.dw	ENSCAFG00845011168;ENSCAFG00845011159	1
ENSMUSG00000117044	0	NA	NA	1	one_to_one	lincSS.dw	ENSCAFG00845012139	1
ENSMUSG00000097039	0	NA	NA	1	one_to_many	lincSS.dw	ENSCAFG00845012649;ENSCAFG00845012589	0
ENSMUSG00000104529	0	NA	NA	1	one_to_one	lincSS.dw	ENSCAFG00845013133	1
ENSMUSG00000120245	0	NA	NA	1	one_to_one	lincSS.dw	ENSCAFG00845017486	0
ENSMUSG00000115970	0	NA	NA	1	one_to_one	lincSS.dw	ENSCAFG00845019637	1
ENSMUSG00000111192	0	NA	NA	1	one_to_one	lincSS.dw	ENSCAFG00845020062	0
ENSMUSG00000108421	0	NA	NA	1	one_to_one	lincSS.dw	ENSCAFG00845020598	0
ENSMUSG00000112481	0	NA	NA	1	many_to_one	lincSS.dw	ENSCAFG00845021449	0
ENSMUSG00000112501	0	NA	NA	1	many_to_one	lincSS.dw	ENSCAFG00845021449	0
ENSMUSG00000114695	0	NA	NA	1	one_to_one	lincSS.dw	ENSCAFG00845021384	0
ENSMUSG00000107737	0	NA	NA	1	one_to_one	lincSS.dw	ENSCAFG00845024131	1
ENSMUSG00000101028	0	NA	NA	1	one_to_many	lincSS.dw	ENSCAFG00845027767;ENSCAFG00845027697	0
ENSMUSG00000118178	0	NA	NA	1	many_to_many_strict	lincSS.dw	ENSCAFG00845030880;ENSCAFG00845030878	1
ENSMUSG00000117655	0	NA	NA	1	many_to_many_strict	lincSS.dw	ENSCAFG00845030880;ENSCAFG00845030878	1
ENSMUSG00000097738	0	NA	NA	1	one_to_one	lincSS.up	ENSCAFG00845000562	0
ENSMUSG00000113453	0	NA	NA	1	one_to_one	lincSS.up	ENSCAFG00845003835	0
ENSMUSG00000109248	0	NA	NA	1	one_to_one	lincSS.up	ENSCAFG00845004813	0
ENSMUSG00000097676	0	NA	NA	1	one_to_one	lincSS.up	ENSCAFG00845005579	1
ENSMUSG00000109733	0	NA	NA	1	one_to_one	lincSS.up	ENSCAFG00845006763	0
ENSMUSG00000101600	0	NA	NA	1	one_to_many	lincSS.up	ENSCAFG00845007888;ENSCAFG00845007872	0
ENSMUSG00000110925	0	NA	NA	1	one_to_one	lincSS.up	ENSCAFG00845008967	1
ENSMUSG00000121037	0	NA	NA	1	one_to_one	lincSS.up	ENSCAFG00845010698	1
ENSMUSG00000112470	0	NA	NA	1	one_to_one	lincSS.up	ENSCAFG00845013863	1
ENSMUSG00000116380	0	NA	NA	1	one_to_one	lincSS.up	ENSCAFG00845014572	0
ENSMUSG00000110665	0	NA	NA	1	many_to_one	lincSS.up	ENSCAFG00845016501	0
ENSMUSG00000110604	0	NA	NA	1	many_to_one	lincSS.up	ENSCAFG00845016501	0
ENSMUSG00000097018	0	NA	NA	1	one_to_one	lincSS.up	ENSCAFG00845016970	1
ENSMUSG00000097302	0	NA	NA	1	one_to_many	lincSS.up	ENSCAFG00845017643;ENSCAFG00845017654	1
ENSMUSG00000120928	0	NA	NA	1	one_to_one	lincSS.up	ENSCAFG00845018024	0
ENSMUSG00000111803	0	NA	NA	1	one_to_one	lincSS.up	ENSCAFG00845018902	1
ENSMUSG00000112400	0	NA	NA	1	many_to_one	lincSS.up	ENSCAFG00845020760	0
ENSMUSG00000112599	0	NA	NA	1	many_to_one	lincSS.up	ENSCAFG00845020760	0
ENSMUSG00000085046	0	NA	NA	1	many_to_one	lincSS.up	ENSCAFG00845022844	1
ENSMUSG00000085618	0	NA	NA	1	many_to_one	lincSS.up	ENSCAFG00845022844	1
ENSMUSG00000092341	0	NA	NA	1	one_to_many	lincSS.up	ENSCAFG00845024046;ENSCAFG00845024060	0
ENSMUSG00000111366	0	NA	NA	1	one_to_many	lincSS.up	ENSCAFG00845023880;ENSCAFG00845023906	0
ENSMUSG00000120611	0	NA	NA	1	one_to_one	lincSS.up	ENSCAFG00845025224	0
ENSMUSG00000120363	0	NA	NA	1	one_to_one	lincSS.up	ENSCAFG00845029454	0
ENSMUSG00000107013	0	NA	NA	1	one_to_one	lincSS.up	ENSCAFG00845030688	1
ENSMUSG00000086128	0	NA	NA	1	one_to_one	lncgConv	ENSCAFG00845001910	1
ENSMUSG00000087590	0	NA	NA	1	one_to_one	lncgConv	ENSCAFG00845003724	0
ENSMUSG00000085319	0	NA	NA	1	one_to_one	lncgConv	ENSCAFG00845008731	1
ENSMUSG00000010492	0	NA	NA	1	one_to_one	lncgConv	ENSCAFG00845018871	1
ENSMUSG00000085135	0	NA	NA	1	one_to_one	lncgConv	ENSCAFG00845022254	0
ENSMUSG00000097665	0	NA	NA	1	one_to_one	lncgConv	ENSCAFG00845024033	0
ENSMUSG00000069785	0	NA	NA	1	one_to_one	lncgConv	ENSCAFG00845027339	1
ENSMUSG00000089866	0	NA	NA	1	one_to_one	lncgDivg	ENSCAFG00845000144	0
ENSMUSG00000110755	0	NA	NA	1	one_to_one	lncgDivg	ENSCAFG00845001229	0
ENSMUSG00000087411	0	NA	NA	1	one_to_one	lncgDivg	ENSCAFG00845001682	1
ENSMUSG00000093628	0	NA	NA	1	one_to_one	lncgDivg	ENSCAFG00845002071	0
ENSMUSG00000086375	0	NA	NA	1	many_to_one	lncgDivg	ENSCAFG00845004019	1
ENSMUSG00000087245	0	NA	NA	1	many_to_one	lncgDivg	ENSCAFG00845004019	1
ENSMUSG00000115433	0	NA	NA	1	one_to_one	lncgDivg	ENSCAFG00845003795	1
ENSMUSG00000113459	0	NA	NA	1	one_to_one	lncgDivg	ENSCAFG00845003833	0
ENSMUSG00000091160	0	NA	NA	1	one_to_one	lncgDivg	ENSCAFG00845000171	1
ENSMUSG00000114511	0	NA	NA	1	many_to_one	lncgDivg	ENSCAFG00845004142	0
ENSMUSG00000114306	0	NA	NA	1	many_to_one	lncgDivg	ENSCAFG00845004142	0
ENSMUSG00000120137	0	NA	NA	1	many_to_one	lncgDivg	ENSCAFG00845004142	0
ENSMUSG00000109420	0	NA	NA	1	many_to_one	lncgDivg	ENSCAFG00845004914	1
ENSMUSG00000121222	0	NA	NA	1	many_to_one	lncgDivg	ENSCAFG00845004914	1
ENSMUSG00000109341	0	NA	NA	1	one_to_one	lncgDivg	ENSCAFG00845004944	0
ENSMUSG00000085236	0	NA	NA	1	one_to_one	lncgDivg	ENSCAFG00845005014	0
ENSMUSG00000120285	0	NA	NA	1	one_to_one	lncgDivg	ENSCAFG00845006662	0
ENSMUSG00000084910	0	NA	NA	1	many_to_many_strict	lncgDivg	ENSCAFG00845006899;ENSCAFG00845006972	0
ENSMUSG00000086027	0	NA	NA	1	many_to_many_strict	lncgDivg	ENSCAFG00845006899;ENSCAFG00845006972	0
ENSMUSG00000085192	0	NA	NA	1	one_to_one	lncgDivg	ENSCAFG00845007159	1
ENSMUSG00000085862	0	NA	NA	1	one_to_one	lncgDivg	ENSCAFG00845007905	1
ENSMUSG00000114357	0	NA	NA	1	one_to_one	lncgDivg	ENSCAFG00845008404	1
ENSMUSG00000112763	0	NA	NA	1	one_to_one	lncgDivg	ENSCAFG00845009182	0
ENSMUSG00000090194	0	NA	NA	1	one_to_one	lncgDivg	ENSCAFG00845009640	1
ENSMUSG00000112350	0	NA	NA	1	one_to_one	lncgDivg	ENSCAFG00845010438	0
ENSMUSG00000056031	0	NA	NA	1	one_to_one	lncgDivg	ENSCAFG00845010409	0
ENSMUSG00000120401	0	NA	NA	1	one_to_one	lncgDivg	ENSCAFG00845011361	0
ENSMUSG00000121209	0	NA	NA	1	one_to_one	lncgDivg	ENSCAFG00845011782	1
ENSMUSG00000085575	0	NA	NA	1	one_to_one	lncgDivg	ENSCAFG00845012049	1
ENSMUSG00000085454	0	NA	NA	1	many_to_one	lncgDivg	ENSCAFG00845013464	1
ENSMUSG00000038491	0	NA	NA	1	one_to_one	lncgDivg	ENSCAFG00845016096	1
ENSMUSG00000106588	0	NA	NA	1	many_to_one	lncgDivg	ENSCAFG00845013253	0
ENSMUSG00000105534	0	NA	NA	1	many_to_one	lncgDivg	ENSCAFG00845013253	0
ENSMUSG00000090070	0	NA	NA	1	one_to_one	lncgDivg	ENSCAFG00845013621	1
ENSMUSG00000105339	0	NA	NA	1	one_to_one	lncgDivg	ENSCAFG00845013466	1
ENSMUSG00000112684	0	NA	NA	1	one_to_one	lncgDivg	ENSCAFG00845013855	0
ENSMUSG00000116903	0	NA	NA	1	many_to_one	lncgDivg	ENSCAFG00845015227	1
ENSMUSG00000055370	0	NA	NA	1	many_to_one	lncgDivg	ENSCAFG00845015227	1
ENSMUSG00000085499	0	NA	NA	1	many_to_one	lncgDivg	ENSCAFG00845015227	1
ENSMUSG00000086683	0	NA	NA	1	one_to_one	lncgDivg	ENSCAFG00845015237	0
ENSMUSG00000091238	0	NA	NA	1	one_to_one	lncgDivg	ENSCAFG00845016555	1
ENSMUSG00000098682	0	NA	NA	1	one_to_one	lncgDivg	ENSCAFG00845017086	1
ENSMUSG00000113654	0	NA	NA	1	one_to_one	lncgDivg	ENSCAFG00845017845	0
ENSMUSG00000087014	0	NA	NA	1	many_to_one	lncgDivg	ENSCAFG00845018124	1
ENSMUSG00000045238	0	NA	NA	1	one_to_one	lncgDivg	ENSCAFG00845017649	0
ENSMUSG00000117994	0	NA	NA	1	one_to_one	lncgDivg	ENSCAFG00845018059	1
ENSMUSG00000086954	0	NA	NA	1	many_to_one	lncgDivg	ENSCAFG00845018049	0
ENSMUSG00000085496	0	NA	NA	1	many_to_one	lncgDivg	ENSCAFG00845018049	0
ENSMUSG00000113170	0	NA	NA	1	one_to_one	lncgDivg	ENSCAFG00845018340	1
ENSMUSG00000118315	0	NA	NA	1	many_to_many_strict	lncgDivg	ENSCAFG00845019366;ENSCAFG00845019325	1
ENSMUSG00000101242	0	NA	NA	1	one_to_one	lncgDivg	ENSCAFG00845020648	1
ENSMUSG00000120886	0	NA	NA	1	one_to_one	lncgDivg	ENSCAFG00845020481	1
ENSMUSG00000111629	0	NA	NA	1	one_to_one	lncgDivg	ENSCAFG00845020663	0
ENSMUSG00000108148	0	NA	NA	1	one_to_one	lncgDivg	ENSCAFG00845020623	1
ENSMUSG00000084984	0	NA	NA	1	one_to_one	lncgDivg	ENSCAFG00845020891	1
ENSMUSG00000085416	0	NA	NA	1	one_to_one	lncgDivg	ENSCAFG00845021146	1
ENSMUSG00000080058	0	NA	NA	1	one_to_one	lncgDivg	ENSCAFG00845022760	0
ENSMUSG00000097413	0	NA	NA	1	one_to_one	lncgDivg	ENSCAFG00845022927	0
ENSMUSG00000097040	0	NA	NA	1	one_to_one	lncgDivg	ENSCAFG00845023476	0
ENSMUSG00000053821	0	NA	NA	1	one_to_one	lncgDivg	ENSCAFG00845025097	0
ENSMUSG00000105541	0	NA	NA	1	one_to_one	lncgDivg	ENSCAFG00845025179	1
ENSMUSG00000101674	0	NA	NA	1	one_to_one	lncgDivg	ENSCAFG00845026192	1
ENSMUSG00000114917	0	NA	NA	1	one_to_one	lncgDivg	ENSCAFG00845028220	1
ENSMUSG00000092599	0	NA	NA	1	many_to_one	lncgDivg	ENSCAFG00845019009	0
ENSMUSG00000045178	0	NA	NA	1	many_to_one	lncgDivg	ENSCAFG00845019009	0
ENSMUSG00000092492	0	NA	NA	1	many_to_one	lncgDivg	ENSCAFG00845027822	0
ENSMUSG00000110373	0	NA	NA	1	many_to_one	lncgDivg	ENSCAFG00845027822	0
ENSMUSG00000089707	0	NA	NA	1	one_to_one	lncgDivg	ENSCAFG00845027482	0
ENSMUSG00000118127	0	NA	NA	1	many_to_one	lncgDivg	ENSCAFG00845027810	1
ENSMUSG00000117659	0	NA	NA	1	many_to_one	lncgDivg	ENSCAFG00845027810	1
ENSMUSG00000115522	0	NA	NA	1	many_to_one	lncgDivg	ENSCAFG00845028615	1
ENSMUSG00000078648	0	NA	NA	1	many_to_one	lncgDivg	ENSCAFG00845028615	1
ENSMUSG00000086268	0	NA	NA	1	one_to_one	lncgDivg	ENSCAFG00845028477	0
ENSMUSG00000085326	0	NA	NA	1	one_to_one	lncgDivg	ENSCAFG00845028878	0
ENSMUSG00000085753	0	NA	NA	1	many_to_one	lncgDivg	ENSCAFG00845029020	0
ENSMUSG00000075335	0	NA	NA	1	one_to_one	lncgDivg	ENSCAFG00845029298	1
ENSMUSG00000120470	0	NA	NA	1	one_to_one	lncgDivg	ENSCAFG00845029373	0
ENSMUSG00000086017	0	NA	NA	1	one_to_one	lncgDivg	ENSCAFG00845029682	0
ENSMUSG00000104559	0	NA	NA	1	one_to_one	lncgDivg	ENSCAFG00845029939	1
ENSMUSG00000097596	0	NA	NA	1	one_to_one	lncgDivg	ENSCAFG00845030436	0
ENSMUSG00000115858	0	NA	NA	1	one_to_one	lncgDivg	ENSCAFG00845030524	1
ENSMUSG00000054057	0	NA	NA	1	one_to_one	lncgSS.dw	ENSCAFG00845008721	1
ENSMUSG00000073528	0	NA	NA	1	one_to_one	lncgSS.dw	ENSCAFG00845009888	0
ENSMUSG00000121490	0	NA	NA	1	one_to_one	lncgSS.dw	ENSCAFG00845009849	1
ENSMUSG00000117718	0	NA	NA	1	one_to_one	lncgSS.dw	ENSCAFG00845010817	0
ENSMUSG00000098302	0	NA	NA	1	one_to_one	lncgSS.dw	ENSCAFG00845016883	1
ENSMUSG00000113910	0	NA	NA	1	one_to_one	lncgSS.dw	ENSCAFG00845018900	1
ENSMUSG00000104925	0	NA	NA	1	one_to_one	lncgSS.dw	ENSCAFG00845023999	1
ENSMUSG00000101662	0	NA	NA	1	one_to_one	lncgSS.dw	ENSCAFG00845027402	0
ENSMUSG00000120287	0	NA	NA	1	one_to_one	lncgSS.up	ENSCAFG00845012273	0
ENSMUSG00000120240	0	NA	NA	1	one_to_one	lncgSS.up	ENSCAFG00845018680	0
ENSMUSG00000085639	0	NA	NA	1	many_to_one	lncgSS.up	ENSCAFG00845022067	0
ENSMUSG00000106951	0	NA	NA	1	many_to_one	lncgSS.up	ENSCAFG00845022067	0
ENSMUSG00000108207	0	NA	NA	1	many_to_one	lncgSS.up	ENSCAFG00845022067	0
ENSMUSG00000085971	0	NA	NA	1	many_to_one	lncgSS.up	ENSCAFG00845022067	0
ENSMUSG00000106892	0	NA	NA	1	many_to_one	lncgSS.up	ENSCAFG00845022067	0
ENSMUSG00000085237	0	NA	NA	1	many_to_one	lncgSS.up	ENSCAFG00845022067	0
ENSMUSG00000113265	0	NA	NA	1	one_to_one	lncgSS.up	ENSCAFG00845022083	1
ENSMUSG00000120876	0	NA	NA	1	one_to_one	lncgSS.up	ENSCAFG00845030686	1
ENSMUSG00000000031	0	NA	NA	0	NA	NA	NA	1
ENSMUSG00000009551	0	NA	NA	0	NA	NA	NA	1
ENSMUSG00000020164	0	NA	NA	0	NA	NA	NA	1
ENSMUSG00000020548	0	NA	NA	0	NA	NA	NA	1
ENSMUSG00000020703	0	NA	NA	0	NA	NA	NA	1
ENSMUSG00000020992	0	NA	NA	0	NA	NA	NA	1
ENSMUSG00000021101	0	NA	NA	0	NA	NA	NA	1
ENSMUSG00000021268	0	NA	NA	0	NA	NA	NA	1
ENSMUSG00000021566	0	NA	NA	0	NA	NA	NA	1
ENSMUSG00000021600	0	NA	NA	0	NA	NA	NA	1
ENSMUSG00000024658	0	NA	NA	0	NA	NA	NA	1
ENSMUSG00000027196	0	NA	NA	0	NA	NA	NA	1
ENSMUSG00000028009	0	NA	NA	0	NA	NA	NA	1
ENSMUSG00000029092	0	NA	NA	0	NA	NA	NA	1
ENSMUSG00000031270	0	NA	NA	0	NA	NA	NA	1
ENSMUSG00000031294	0	NA	NA	0	NA	NA	NA	1
ENSMUSG00000031510	0	NA	NA	0	NA	NA	NA	1
ENSMUSG00000033731	0	NA	NA	0	NA	NA	NA	1
ENSMUSG00000034587	0	NA	NA	0	NA	NA	NA	1
ENSMUSG00000034764	0	NA	NA	0	NA	NA	NA	1
ENSMUSG00000036162	0	NA	NA	0	NA	NA	NA	1
ENSMUSG00000037247	0	NA	NA	0	NA	NA	NA	1
ENSMUSG00000037735	0	NA	NA	0	NA	NA	NA	1
ENSMUSG00000037884	0	NA	NA	0	NA	NA	NA	1
ENSMUSG00000038408	0	NA	NA	0	NA	NA	NA	1
ENSMUSG00000039098	0	NA	NA	0	NA	NA	NA	1
ENSMUSG00000039133	0	NA	NA	0	NA	NA	NA	1
ENSMUSG00000039138	0	NA	NA	0	NA	NA	NA	1
ENSMUSG00000039563	0	NA	NA	0	NA	NA	NA	1
ENSMUSG00000039798	0	NA	NA	0	NA	NA	NA	1
ENSMUSG00000040705	0	NA	NA	0	NA	NA	NA	1
ENSMUSG00000040840	0	NA	NA	0	NA	NA	NA	1
ENSMUSG00000042184	0	NA	NA	0	NA	NA	NA	1
ENSMUSG00000042579	0	NA	NA	0	NA	NA	NA	1
ENSMUSG00000042874	0	NA	NA	0	NA	NA	NA	1
ENSMUSG00000042940	0	NA	NA	0	NA	NA	NA	1
ENSMUSG00000042976	0	NA	NA	0	NA	NA	NA	1
ENSMUSG00000043126	0	NA	NA	0	NA	NA	NA	1
ENSMUSG00000043168	0	NA	NA	0	NA	NA	NA	1
ENSMUSG00000043583	0	NA	NA	0	NA	NA	NA	1
ENSMUSG00000043644	0	NA	NA	0	NA	NA	NA	1
ENSMUSG00000043773	0	NA	NA	0	NA	NA	NA	1
ENSMUSG00000043794	0	NA	NA	0	NA	NA	NA	1
ENSMUSG00000043833	0	NA	NA	0	NA	NA	NA	1
ENSMUSG00000044062	0	NA	NA	0	NA	NA	NA	1
ENSMUSG00000044125	0	NA	NA	0	NA	NA	NA	1
ENSMUSG00000044306	0	NA	NA	0	NA	NA	NA	1
ENSMUSG00000044387	0	NA	NA	0	NA	NA	NA	1
ENSMUSG00000044522	0	NA	NA	0	NA	NA	NA	1
ENSMUSG00000044544	0	NA	NA	0	NA	NA	NA	1
ENSMUSG00000044574	0	NA	NA	0	NA	NA	NA	1
ENSMUSG00000044694	0	NA	NA	0	NA	NA	NA	1
ENSMUSG00000044867	0	NA	NA	0	NA	NA	NA	1
ENSMUSG00000045008	0	NA	NA	0	NA	NA	NA	1
ENSMUSG00000045231	0	NA	NA	0	NA	NA	NA	1
ENSMUSG00000045339	0	NA	NA	0	NA	NA	NA	1
ENSMUSG00000045391	0	NA	NA	0	NA	NA	NA	1
ENSMUSG00000045464	0	NA	NA	0	NA	NA	NA	1
ENSMUSG00000045928	0	NA	NA	0	NA	NA	NA	1
ENSMUSG00000046005	0	NA	NA	0	NA	NA	NA	1
ENSMUSG00000046085	0	NA	NA	0	NA	NA	NA	1
ENSMUSG00000046109	0	NA	NA	0	NA	NA	NA	1
ENSMUSG00000046219	0	NA	NA	0	NA	NA	NA	1
ENSMUSG00000046413	0	NA	NA	0	NA	NA	NA	1
ENSMUSG00000046415	0	NA	NA	0	NA	NA	NA	1
ENSMUSG00000046463	0	NA	NA	0	NA	NA	NA	1
ENSMUSG00000046995	0	NA	NA	0	NA	NA	NA	1
ENSMUSG00000047046	0	NA	NA	0	NA	NA	NA	1
ENSMUSG00000047692	0	NA	NA	0	NA	NA	NA	1
ENSMUSG00000047828	0	NA	NA	0	NA	NA	NA	1
ENSMUSG00000047938	0	NA	NA	0	NA	NA	NA	1
ENSMUSG00000047988	0	NA	NA	0	NA	NA	NA	1
ENSMUSG00000048603	0	NA	NA	0	NA	NA	NA	1
ENSMUSG00000048628	0	NA	NA	0	NA	NA	NA	1
ENSMUSG00000049349	0	NA	NA	0	NA	NA	NA	1
ENSMUSG00000050189	0	NA	NA	0	NA	NA	NA	1
ENSMUSG00000050936	0	NA	NA	0	NA	NA	NA	1
ENSMUSG00000051008	0	NA	NA	0	NA	NA	NA	1
ENSMUSG00000051074	0	NA	NA	0	NA	NA	NA	1
ENSMUSG00000051295	0	NA	NA	0	NA	NA	NA	1
ENSMUSG00000051606	0	NA	NA	0	NA	NA	NA	1
ENSMUSG00000051616	0	NA	NA	0	NA	NA	NA	1
ENSMUSG00000051638	0	NA	NA	0	NA	NA	NA	1
ENSMUSG00000051758	0	NA	NA	0	NA	NA	NA	1
ENSMUSG00000051788	0	NA	NA	0	NA	NA	NA	1
ENSMUSG00000051805	0	NA	NA	0	NA	NA	NA	1
ENSMUSG00000051844	0	NA	NA	0	NA	NA	NA	1
ENSMUSG00000052143	0	NA	NA	0	NA	NA	NA	1
ENSMUSG00000052188	0	NA	NA	0	NA	NA	NA	1
ENSMUSG00000052236	0	NA	NA	0	NA	NA	NA	1
ENSMUSG00000052281	0	NA	NA	0	NA	NA	NA	1
ENSMUSG00000052291	0	NA	NA	0	NA	NA	NA	1
ENSMUSG00000052295	0	NA	NA	0	NA	NA	NA	1
ENSMUSG00000052371	0	NA	NA	0	NA	NA	NA	1
ENSMUSG00000052403	0	NA	NA	0	NA	NA	NA	1
ENSMUSG00000052563	0	NA	NA	0	NA	NA	NA	1
ENSMUSG00000052629	0	NA	NA	0	NA	NA	NA	1
ENSMUSG00000052730	0	NA	NA	0	NA	NA	NA	1
ENSMUSG00000052769	0	NA	NA	0	NA	NA	NA	1
ENSMUSG00000052865	0	NA	NA	0	NA	NA	NA	1
ENSMUSG00000053081	0	NA	NA	0	NA	NA	NA	1
ENSMUSG00000053117	0	NA	NA	0	NA	NA	NA	1
ENSMUSG00000053121	0	NA	NA	0	NA	NA	NA	1
ENSMUSG00000053263	0	NA	NA	0	NA	NA	NA	1
ENSMUSG00000053332	0	NA	NA	0	NA	NA	NA	1
ENSMUSG00000053528	0	NA	NA	0	NA	NA	NA	1
ENSMUSG00000053545	0	NA	NA	0	NA	NA	NA	1
ENSMUSG00000053588	0	NA	NA	0	NA	NA	NA	1
ENSMUSG00000053613	0	NA	NA	0	NA	NA	NA	1
ENSMUSG00000053615	0	NA	NA	0	NA	NA	NA	1
ENSMUSG00000053714	0	NA	NA	0	NA	NA	NA	1
ENSMUSG00000053925	0	NA	NA	0	NA	NA	NA	1
ENSMUSG00000054069	0	NA	NA	0	NA	NA	NA	1
ENSMUSG00000054181	0	NA	NA	0	NA	NA	NA	1
ENSMUSG00000054247	0	NA	NA	0	NA	NA	NA	1
ENSMUSG00000054391	0	NA	NA	0	NA	NA	NA	1
ENSMUSG00000054412	0	NA	NA	0	NA	NA	NA	1
ENSMUSG00000054418	0	NA	NA	0	NA	NA	NA	1
ENSMUSG00000054488	0	NA	NA	0	NA	NA	NA	1
ENSMUSG00000054493	0	NA	NA	0	NA	NA	NA	1
ENSMUSG00000054514	0	NA	NA	0	NA	NA	NA	1
ENSMUSG00000054589	0	NA	NA	0	NA	NA	NA	1
ENSMUSG00000054622	0	NA	NA	0	NA	NA	NA	1
ENSMUSG00000054779	0	NA	NA	0	NA	NA	NA	1
ENSMUSG00000054885	0	NA	NA	0	NA	NA	NA	1
ENSMUSG00000054909	0	NA	NA	0	NA	NA	NA	1
ENSMUSG00000054944	0	NA	NA	0	NA	NA	NA	1
ENSMUSG00000055015	0	NA	NA	0	NA	NA	NA	1
ENSMUSG00000055045	0	NA	NA	0	NA	NA	NA	1
ENSMUSG00000055110	0	NA	NA	0	NA	NA	NA	1
ENSMUSG00000055134	0	NA	NA	0	NA	NA	NA	1
ENSMUSG00000055159	0	NA	NA	0	NA	NA	NA	1
ENSMUSG00000055188	0	NA	NA	0	NA	NA	NA	1
ENSMUSG00000055198	0	NA	NA	0	NA	NA	NA	1
ENSMUSG00000055323	0	NA	NA	0	NA	NA	NA	1
ENSMUSG00000055408	0	NA	NA	0	NA	NA	NA	1
ENSMUSG00000056023	0	NA	NA	0	NA	NA	NA	1
ENSMUSG00000056288	0	NA	NA	0	NA	NA	NA	1
ENSMUSG00000056332	0	NA	NA	0	NA	NA	NA	1
ENSMUSG00000056411	0	NA	NA	0	NA	NA	NA	1
ENSMUSG00000056445	0	NA	NA	0	NA	NA	NA	1
ENSMUSG00000056687	0	NA	NA	0	NA	NA	NA	1
ENSMUSG00000056699	0	NA	NA	0	NA	NA	NA	1
ENSMUSG00000056735	0	NA	NA	0	NA	NA	NA	1
ENSMUSG00000056738	0	NA	NA	0	NA	NA	NA	1
ENSMUSG00000057215	0	NA	NA	0	NA	NA	NA	1
ENSMUSG00000057359	0	NA	NA	0	NA	NA	NA	1
ENSMUSG00000057710	0	NA	NA	0	NA	NA	NA	1
ENSMUSG00000058934	0	NA	NA	0	NA	NA	NA	1
ENSMUSG00000059277	0	NA	NA	0	NA	NA	NA	1
ENSMUSG00000059631	0	NA	NA	0	NA	NA	NA	1
ENSMUSG00000059659	0	NA	NA	0	NA	NA	NA	1
ENSMUSG00000060029	0	NA	NA	0	NA	NA	NA	1
ENSMUSG00000061510	0	NA	NA	0	NA	NA	NA	1
ENSMUSG00000062224	0	NA	NA	0	NA	NA	NA	1
ENSMUSG00000062391	0	NA	NA	0	NA	NA	NA	1
ENSMUSG00000062470	0	NA	NA	0	NA	NA	NA	1
ENSMUSG00000062496	0	NA	NA	0	NA	NA	NA	1
ENSMUSG00000063018	0	NA	NA	0	NA	NA	NA	1
ENSMUSG00000064052	0	NA	NA	0	NA	NA	NA	1
ENSMUSG00000066176	0	NA	NA	0	NA	NA	NA	1
ENSMUSG00000066938	0	NA	NA	0	NA	NA	NA	1
ENSMUSG00000067101	0	NA	NA	0	NA	NA	NA	1
ENSMUSG00000067285	0	NA	NA	0	NA	NA	NA	1
ENSMUSG00000067745	0	NA	NA	0	NA	NA	NA	1
ENSMUSG00000067835	0	NA	NA	0	NA	NA	NA	1
ENSMUSG00000068463	0	NA	NA	0	NA	NA	NA	1
ENSMUSG00000068601	0	NA	NA	0	NA	NA	NA	1
ENSMUSG00000069118	0	NA	NA	0	NA	NA	NA	1
ENSMUSG00000069223	0	NA	NA	0	NA	NA	NA	1
ENSMUSG00000069554	0	NA	NA	0	NA	NA	NA	1
ENSMUSG00000069588	0	NA	NA	0	NA	NA	NA	1
ENSMUSG00000069713	0	NA	NA	0	NA	NA	NA	1
ENSMUSG00000069796	0	NA	NA	0	NA	NA	NA	1
ENSMUSG00000069925	0	NA	NA	0	NA	NA	NA	1
ENSMUSG00000070315	0	NA	NA	0	NA	NA	NA	1
ENSMUSG00000070392	0	NA	NA	0	NA	NA	NA	1
ENSMUSG00000070461	0	NA	NA	0	NA	NA	NA	1
ENSMUSG00000070574	0	NA	NA	0	NA	NA	NA	1
ENSMUSG00000070717	0	NA	NA	0	NA	NA	NA	1
ENSMUSG00000070794	0	NA	NA	0	NA	NA	NA	1
ENSMUSG00000070891	0	NA	NA	0	NA	NA	NA	1
ENSMUSG00000070995	0	NA	NA	0	NA	NA	NA	1
ENSMUSG00000070997	0	NA	NA	0	NA	NA	NA	1
ENSMUSG00000071033	0	NA	NA	0	NA	NA	NA	1
ENSMUSG00000071181	0	NA	NA	0	NA	NA	NA	1
ENSMUSG00000071280	0	NA	NA	0	NA	NA	NA	1
ENSMUSG00000071753	0	NA	NA	0	NA	NA	NA	1
ENSMUSG00000072573	0	NA	NA	0	NA	NA	NA	1
ENSMUSG00000072584	0	NA	NA	0	NA	NA	NA	1
ENSMUSG00000072591	0	NA	NA	0	NA	NA	NA	1
ENSMUSG00000072592	0	NA	NA	0	NA	NA	NA	1
ENSMUSG00000072612	0	NA	NA	0	NA	NA	NA	1
ENSMUSG00000072673	0	NA	NA	0	NA	NA	NA	1
ENSMUSG00000072686	0	NA	NA	0	NA	NA	NA	1
ENSMUSG00000072688	0	NA	NA	0	NA	NA	NA	1
ENSMUSG00000072809	0	NA	NA	0	NA	NA	NA	1
ENSMUSG00000072834	0	NA	NA	0	NA	NA	NA	1
ENSMUSG00000072844	0	NA	NA	0	NA	NA	NA	1
ENSMUSG00000072847	0	NA	NA	0	NA	NA	NA	1
ENSMUSG00000072884	0	NA	NA	0	NA	NA	NA	1
ENSMUSG00000072952	0	NA	NA	0	NA	NA	NA	1
ENSMUSG00000072962	0	NA	NA	0	NA	NA	NA	1
ENSMUSG00000072999	0	NA	NA	0	NA	NA	NA	1
ENSMUSG00000073000	0	NA	NA	0	NA	NA	NA	1
ENSMUSG00000073051	0	NA	NA	0	NA	NA	NA	1
ENSMUSG00000073067	0	NA	NA	0	NA	NA	NA	1
ENSMUSG00000073144	0	NA	NA	0	NA	NA	NA	1
ENSMUSG00000073152	0	NA	NA	0	NA	NA	NA	1
ENSMUSG00000073154	0	NA	NA	0	NA	NA	NA	1
ENSMUSG00000073174	0	NA	NA	0	NA	NA	NA	1
ENSMUSG00000073242	0	NA	NA	0	NA	NA	NA	1
ENSMUSG00000073274	0	NA	NA	0	NA	NA	NA	1
ENSMUSG00000073374	0	NA	NA	0	NA	NA	NA	1
ENSMUSG00000073394	0	NA	NA	0	NA	NA	NA	1
ENSMUSG00000073415	0	NA	NA	0	NA	NA	NA	1
ENSMUSG00000073430	0	NA	NA	0	NA	NA	NA	1
ENSMUSG00000073437	0	NA	NA	0	NA	NA	NA	1
ENSMUSG00000073485	0	NA	NA	0	NA	NA	NA	1
ENSMUSG00000073529	0	NA	NA	0	NA	NA	NA	1
ENSMUSG00000073532	0	NA	NA	0	NA	NA	NA	1
ENSMUSG00000073628	0	NA	NA	0	NA	NA	NA	1
ENSMUSG00000073686	0	NA	NA	0	NA	NA	NA	1
ENSMUSG00000073731	0	NA	NA	0	NA	NA	NA	1
ENSMUSG00000073843	0	NA	NA	0	NA	NA	NA	1
ENSMUSG00000073985	0	NA	NA	0	NA	NA	NA	1
ENSMUSG00000074052	0	NA	NA	0	NA	NA	NA	1
ENSMUSG00000074067	0	NA	NA	0	NA	NA	NA	1
ENSMUSG00000074113	0	NA	NA	0	NA	NA	NA	1
ENSMUSG00000074136	0	NA	NA	0	NA	NA	NA	1
ENSMUSG00000074178	0	NA	NA	0	NA	NA	NA	1
ENSMUSG00000074203	0	NA	NA	0	NA	NA	NA	1
ENSMUSG00000074213	0	NA	NA	0	NA	NA	NA	1
ENSMUSG00000074219	0	NA	NA	0	NA	NA	NA	1
ENSMUSG00000074248	0	NA	NA	0	NA	NA	NA	1
ENSMUSG00000074274	0	NA	NA	0	NA	NA	NA	1
ENSMUSG00000074281	0	NA	NA	0	NA	NA	NA	1
ENSMUSG00000074284	0	NA	NA	0	NA	NA	NA	1
ENSMUSG00000074354	0	NA	NA	0	NA	NA	NA	1
ENSMUSG00000074373	0	NA	NA	0	NA	NA	NA	1
ENSMUSG00000074385	0	NA	NA	0	NA	NA	NA	1
ENSMUSG00000074398	0	NA	NA	0	NA	NA	NA	1
ENSMUSG00000074507	0	NA	NA	0	NA	NA	NA	1
ENSMUSG00000074508	0	NA	NA	0	NA	NA	NA	1
ENSMUSG00000074578	0	NA	NA	0	NA	NA	NA	1
ENSMUSG00000074758	0	NA	NA	0	NA	NA	NA	1
ENSMUSG00000074763	0	NA	NA	0	NA	NA	NA	1
ENSMUSG00000074782	0	NA	NA	0	NA	NA	NA	1
ENSMUSG00000074805	0	NA	NA	0	NA	NA	NA	1
ENSMUSG00000074807	0	NA	NA	0	NA	NA	NA	1
ENSMUSG00000074813	0	NA	NA	0	NA	NA	NA	1
ENSMUSG00000074885	0	NA	NA	0	NA	NA	NA	1
ENSMUSG00000074912	0	NA	NA	0	NA	NA	NA	1
ENSMUSG00000074919	0	NA	NA	0	NA	NA	NA	1
ENSMUSG00000075020	0	NA	NA	0	NA	NA	NA	1
ENSMUSG00000075029	0	NA	NA	0	NA	NA	NA	1
ENSMUSG00000075184	0	NA	NA	0	NA	NA	NA	1
ENSMUSG00000075265	0	NA	NA	0	NA	NA	NA	1
ENSMUSG00000075277	0	NA	NA	0	NA	NA	NA	1
ENSMUSG00000075405	0	NA	NA	0	NA	NA	NA	1
ENSMUSG00000075431	0	NA	NA	0	NA	NA	NA	1
ENSMUSG00000075465	0	NA	NA	0	NA	NA	NA	1
ENSMUSG00000075511	0	NA	NA	0	NA	NA	NA	1
ENSMUSG00000075512	0	NA	NA	0	NA	NA	NA	1
ENSMUSG00000075549	0	NA	NA	0	NA	NA	NA	1
ENSMUSG00000075553	0	NA	NA	0	NA	NA	NA	1
ENSMUSG00000075576	0	NA	NA	0	NA	NA	NA	1
ENSMUSG00000075585	0	NA	NA	0	NA	NA	NA	1
ENSMUSG00000078143	0	NA	NA	0	NA	NA	NA	1
ENSMUSG00000078190	0	NA	NA	0	NA	NA	NA	1
ENSMUSG00000078308	0	NA	NA	0	NA	NA	NA	1
ENSMUSG00000078444	0	NA	NA	0	NA	NA	NA	1
ENSMUSG00000078489	0	NA	NA	0	NA	NA	NA	1
ENSMUSG00000078492	0	NA	NA	0	NA	NA	NA	1
ENSMUSG00000078519	0	NA	NA	0	NA	NA	NA	1
ENSMUSG00000078600	0	NA	NA	0	NA	NA	NA	1
ENSMUSG00000078601	0	NA	NA	0	NA	NA	NA	1
ENSMUSG00000078618	0	NA	NA	0	NA	NA	NA	1
ENSMUSG00000078640	0	NA	NA	0	NA	NA	NA	1
ENSMUSG00000078700	0	NA	NA	0	NA	NA	NA	1
ENSMUSG00000078772	0	NA	NA	0	NA	NA	NA	1
ENSMUSG00000078838	0	NA	NA	0	NA	NA	NA	1
ENSMUSG00000078952	0	NA	NA	0	NA	NA	NA	1
ENSMUSG00000078955	0	NA	NA	0	NA	NA	NA	1
ENSMUSG00000078956	0	NA	NA	0	NA	NA	NA	1
ENSMUSG00000078957	0	NA	NA	0	NA	NA	NA	1
ENSMUSG00000079000	0	NA	NA	0	NA	NA	NA	1
ENSMUSG00000079053	0	NA	NA	0	NA	NA	NA	1
ENSMUSG00000079146	0	NA	NA	0	NA	NA	NA	1
ENSMUSG00000079163	0	NA	NA	0	NA	NA	NA	1
ENSMUSG00000079346	0	NA	NA	0	NA	NA	NA	1
ENSMUSG00000079467	0	NA	NA	0	NA	NA	NA	1
ENSMUSG00000079499	0	NA	NA	0	NA	NA	NA	1
ENSMUSG00000079564	0	NA	NA	0	NA	NA	NA	1
ENSMUSG00000079671	0	NA	NA	0	NA	NA	NA	1
ENSMUSG00000080727	0	NA	NA	0	NA	NA	NA	1
ENSMUSG00000081769	0	NA	NA	0	NA	NA	NA	1
ENSMUSG00000082488	0	NA	NA	0	NA	NA	NA	1
ENSMUSG00000082766	0	NA	NA	0	NA	NA	NA	1
ENSMUSG00000082848	0	NA	NA	0	NA	NA	NA	1
ENSMUSG00000084085	0	NA	NA	0	NA	NA	NA	1
ENSMUSG00000084754	0	NA	NA	0	NA	NA	NA	1
ENSMUSG00000084756	0	NA	NA	0	NA	NA	NA	1
ENSMUSG00000084758	0	NA	NA	0	NA	NA	NA	1
ENSMUSG00000084760	0	NA	NA	0	NA	NA	NA	1
ENSMUSG00000084761	0	NA	NA	0	NA	NA	NA	1
ENSMUSG00000084768	0	NA	NA	0	NA	NA	NA	1
ENSMUSG00000084769	0	NA	NA	0	NA	NA	NA	1
ENSMUSG00000084771	0	NA	NA	0	NA	NA	NA	1
ENSMUSG00000084774	0	NA	NA	0	NA	NA	NA	1
ENSMUSG00000084780	0	NA	NA	0	NA	NA	NA	1
ENSMUSG00000084781	0	NA	NA	0	NA	NA	NA	1
ENSMUSG00000084788	0	NA	NA	0	NA	NA	NA	1
ENSMUSG00000084791	0	NA	NA	0	NA	NA	NA	1
ENSMUSG00000084792	0	NA	NA	0	NA	NA	NA	1
ENSMUSG00000084796	0	NA	NA	0	NA	NA	NA	1
ENSMUSG00000084800	0	NA	NA	0	NA	NA	NA	1
ENSMUSG00000084803	0	NA	NA	0	NA	NA	NA	1
ENSMUSG00000084804	0	NA	NA	0	NA	NA	NA	1
ENSMUSG00000084805	0	NA	NA	0	NA	NA	NA	1
ENSMUSG00000084808	0	NA	NA	0	NA	NA	NA	1
ENSMUSG00000084816	0	NA	NA	0	NA	NA	NA	1
ENSMUSG00000084819	0	NA	NA	0	NA	NA	NA	1
ENSMUSG00000084821	0	NA	NA	0	NA	NA	NA	1
ENSMUSG00000084822	0	NA	NA	0	NA	NA	NA	1
ENSMUSG00000084823	0	NA	NA	0	NA	NA	NA	1
ENSMUSG00000084824	0	NA	NA	0	NA	NA	NA	1
ENSMUSG00000084834	0	NA	NA	0	NA	NA	NA	1
ENSMUSG00000084835	0	NA	NA	0	NA	NA	NA	1
ENSMUSG00000084840	0	NA	NA	0	NA	NA	NA	1
ENSMUSG00000084846	0	NA	NA	0	NA	NA	NA	1
ENSMUSG00000084847	0	NA	NA	0	NA	NA	NA	1
ENSMUSG00000084849	0	NA	NA	0	NA	NA	NA	1
ENSMUSG00000084853	0	NA	NA	0	NA	NA	NA	1
ENSMUSG00000084854	0	NA	NA	0	NA	NA	NA	1
ENSMUSG00000084859	0	NA	NA	0	NA	NA	NA	1
ENSMUSG00000084860	0	NA	NA	0	NA	NA	NA	1
ENSMUSG00000084862	0	NA	NA	0	NA	NA	NA	1
ENSMUSG00000084863	0	NA	NA	0	NA	NA	NA	1
ENSMUSG00000084864	0	NA	NA	0	NA	NA	NA	1
ENSMUSG00000084869	0	NA	NA	0	NA	NA	NA	1
ENSMUSG00000084873	0	NA	NA	0	NA	NA	NA	1
ENSMUSG00000084875	0	NA	NA	0	NA	NA	NA	1
ENSMUSG00000084876	0	NA	NA	0	NA	NA	NA	1
ENSMUSG00000084892	0	NA	NA	0	NA	NA	NA	1
ENSMUSG00000084895	0	NA	NA	0	NA	NA	NA	1
ENSMUSG00000084896	0	NA	NA	0	NA	NA	NA	1
ENSMUSG00000084897	0	NA	NA	0	NA	NA	NA	1
ENSMUSG00000084899	0	NA	NA	0	NA	NA	NA	1
ENSMUSG00000084901	0	NA	NA	0	NA	NA	NA	1
ENSMUSG00000084908	0	NA	NA	0	NA	NA	NA	1
ENSMUSG00000084909	0	NA	NA	0	NA	NA	NA	1
ENSMUSG00000084911	0	NA	NA	0	NA	NA	NA	1
ENSMUSG00000084913	0	NA	NA	0	NA	NA	NA	1
ENSMUSG00000084915	0	NA	NA	0	NA	NA	NA	1
ENSMUSG00000084921	0	NA	NA	0	NA	NA	NA	1
ENSMUSG00000084923	0	NA	NA	0	NA	NA	NA	1
ENSMUSG00000084925	0	NA	NA	0	NA	NA	NA	1
ENSMUSG00000084932	0	NA	NA	0	NA	NA	NA	1
ENSMUSG00000084934	0	NA	NA	0	NA	NA	NA	1
ENSMUSG00000084938	0	NA	NA	0	NA	NA	NA	1
ENSMUSG00000084944	0	NA	NA	0	NA	NA	NA	1
ENSMUSG00000084949	0	NA	NA	0	NA	NA	NA	1
ENSMUSG00000084959	0	NA	NA	0	NA	NA	NA	1
ENSMUSG00000084960	0	NA	NA	0	NA	NA	NA	1
ENSMUSG00000084968	0	NA	NA	0	NA	NA	NA	1
ENSMUSG00000084970	0	NA	NA	0	NA	NA	NA	1
ENSMUSG00000084974	0	NA	NA	0	NA	NA	NA	1
ENSMUSG00000084978	0	NA	NA	0	NA	NA	NA	1
ENSMUSG00000084979	0	NA	NA	0	NA	NA	NA	1
ENSMUSG00000084980	0	NA	NA	0	NA	NA	NA	1
ENSMUSG00000084981	0	NA	NA	0	NA	NA	NA	1
ENSMUSG00000084983	0	NA	NA	0	NA	NA	NA	1
ENSMUSG00000084985	0	NA	NA	0	NA	NA	NA	1
ENSMUSG00000084993	0	NA	NA	0	NA	NA	NA	1
ENSMUSG00000084995	0	NA	NA	0	NA	NA	NA	1
ENSMUSG00000084997	0	NA	NA	0	NA	NA	NA	1
ENSMUSG00000084998	0	NA	NA	0	NA	NA	NA	1
ENSMUSG00000085001	0	NA	NA	0	NA	NA	NA	1
ENSMUSG00000085003	0	NA	NA	0	NA	NA	NA	1
ENSMUSG00000085008	0	NA	NA	0	NA	NA	NA	1
ENSMUSG00000085009	0	NA	NA	0	NA	NA	NA	1
ENSMUSG00000085012	0	NA	NA	0	NA	NA	NA	1
ENSMUSG00000085014	0	NA	NA	0	NA	NA	NA	1
ENSMUSG00000085015	0	NA	NA	0	NA	NA	NA	1
ENSMUSG00000085017	0	NA	NA	0	NA	NA	NA	1
ENSMUSG00000085020	0	NA	NA	0	NA	NA	NA	1
ENSMUSG00000085023	0	NA	NA	0	NA	NA	NA	1
ENSMUSG00000085027	0	NA	NA	0	NA	NA	NA	1
ENSMUSG00000085030	0	NA	NA	0	NA	NA	NA	1
ENSMUSG00000085033	0	NA	NA	0	NA	NA	NA	1
ENSMUSG00000085036	0	NA	NA	0	NA	NA	NA	1
ENSMUSG00000085039	0	NA	NA	0	NA	NA	NA	1
ENSMUSG00000085041	0	NA	NA	0	NA	NA	NA	1
ENSMUSG00000085043	0	NA	NA	0	NA	NA	NA	1
ENSMUSG00000085044	0	NA	NA	0	NA	NA	NA	1
ENSMUSG00000085048	0	NA	NA	0	NA	NA	NA	1
ENSMUSG00000085053	0	NA	NA	0	NA	NA	NA	1
ENSMUSG00000085054	0	NA	NA	0	NA	NA	NA	1
ENSMUSG00000085055	0	NA	NA	0	NA	NA	NA	1
ENSMUSG00000085057	0	NA	NA	0	NA	NA	NA	1
ENSMUSG00000085068	0	NA	NA	0	NA	NA	NA	1
ENSMUSG00000085071	0	NA	NA	0	NA	NA	NA	1
ENSMUSG00000085078	0	NA	NA	0	NA	NA	NA	1
ENSMUSG00000085081	0	NA	NA	0	NA	NA	NA	1
ENSMUSG00000085083	0	NA	NA	0	NA	NA	NA	1
ENSMUSG00000085087	0	NA	NA	0	NA	NA	NA	1
ENSMUSG00000085089	0	NA	NA	0	NA	NA	NA	1
ENSMUSG00000085091	0	NA	NA	0	NA	NA	NA	1
ENSMUSG00000085093	0	NA	NA	0	NA	NA	NA	1
ENSMUSG00000085100	0	NA	NA	0	NA	NA	NA	1
ENSMUSG00000085105	0	NA	NA	0	NA	NA	NA	1
ENSMUSG00000085106	0	NA	NA	0	NA	NA	NA	1
ENSMUSG00000085109	0	NA	NA	0	NA	NA	NA	1
ENSMUSG00000085118	0	NA	NA	0	NA	NA	NA	1
ENSMUSG00000085123	0	NA	NA	0	NA	NA	NA	1
ENSMUSG00000085124	0	NA	NA	0	NA	NA	NA	1
ENSMUSG00000085127	0	NA	NA	0	NA	NA	NA	1
ENSMUSG00000085129	0	NA	NA	0	NA	NA	NA	1
ENSMUSG00000085130	0	NA	NA	0	NA	NA	NA	1
ENSMUSG00000085133	0	NA	NA	0	NA	NA	NA	1
ENSMUSG00000085134	0	NA	NA	0	NA	NA	NA	1
ENSMUSG00000085141	0	NA	NA	0	NA	NA	NA	1
ENSMUSG00000085142	0	NA	NA	0	NA	NA	NA	1
ENSMUSG00000085143	0	NA	NA	0	NA	NA	NA	1
ENSMUSG00000085146	0	NA	NA	0	NA	NA	NA	1
ENSMUSG00000085148	0	NA	NA	0	NA	NA	NA	1
ENSMUSG00000085150	0	NA	NA	0	NA	NA	NA	1
ENSMUSG00000085151	0	NA	NA	0	NA	NA	NA	1
ENSMUSG00000085154	0	NA	NA	0	NA	NA	NA	1
ENSMUSG00000085156	0	NA	NA	0	NA	NA	NA	1
ENSMUSG00000085157	0	NA	NA	0	NA	NA	NA	1
ENSMUSG00000085158	0	NA	NA	0	NA	NA	NA	1
ENSMUSG00000085160	0	NA	NA	0	NA	NA	NA	1
ENSMUSG00000085162	0	NA	NA	0	NA	NA	NA	1
ENSMUSG00000085165	0	NA	NA	0	NA	NA	NA	1
ENSMUSG00000085166	0	NA	NA	0	NA	NA	NA	1
ENSMUSG00000085167	0	NA	NA	0	NA	NA	NA	1
ENSMUSG00000085168	0	NA	NA	0	NA	NA	NA	1
ENSMUSG00000085169	0	NA	NA	0	NA	NA	NA	1
ENSMUSG00000085170	0	NA	NA	0	NA	NA	NA	1
ENSMUSG00000085174	0	NA	NA	0	NA	NA	NA	1
ENSMUSG00000085175	0	NA	NA	0	NA	NA	NA	1
ENSMUSG00000085176	0	NA	NA	0	NA	NA	NA	1
ENSMUSG00000085177	0	NA	NA	0	NA	NA	NA	1
ENSMUSG00000085178	0	NA	NA	0	NA	NA	NA	1
ENSMUSG00000085181	0	NA	NA	0	NA	NA	NA	1
ENSMUSG00000085182	0	NA	NA	0	NA	NA	NA	1
ENSMUSG00000085184	0	NA	NA	0	NA	NA	NA	1
ENSMUSG00000085185	0	NA	NA	0	NA	NA	NA	1
ENSMUSG00000085189	0	NA	NA	0	NA	NA	NA	1
ENSMUSG00000085193	0	NA	NA	0	NA	NA	NA	1
ENSMUSG00000085197	0	NA	NA	0	NA	NA	NA	1
ENSMUSG00000085198	0	NA	NA	0	NA	NA	NA	1
ENSMUSG00000085199	0	NA	NA	0	NA	NA	NA	1
ENSMUSG00000085206	0	NA	NA	0	NA	NA	NA	1
ENSMUSG00000085207	0	NA	NA	0	NA	NA	NA	1
ENSMUSG00000085208	0	NA	NA	0	NA	NA	NA	1
ENSMUSG00000085211	0	NA	NA	0	NA	NA	NA	1
ENSMUSG00000085217	0	NA	NA	0	NA	NA	NA	1
ENSMUSG00000085223	0	NA	NA	0	NA	NA	NA	1
ENSMUSG00000085224	0	NA	NA	0	NA	NA	NA	1
ENSMUSG00000085225	0	NA	NA	0	NA	NA	NA	1
ENSMUSG00000085227	0	NA	NA	0	NA	NA	NA	1
ENSMUSG00000085234	0	NA	NA	0	NA	NA	NA	1
ENSMUSG00000085235	0	NA	NA	0	NA	NA	NA	1
ENSMUSG00000085241	0	NA	NA	0	NA	NA	NA	1
ENSMUSG00000085244	0	NA	NA	0	NA	NA	NA	1
ENSMUSG00000085245	0	NA	NA	0	NA	NA	NA	1
ENSMUSG00000085252	0	NA	NA	0	NA	NA	NA	1
ENSMUSG00000085253	0	NA	NA	0	NA	NA	NA	1
ENSMUSG00000085255	0	NA	NA	0	NA	NA	NA	1
ENSMUSG00000085261	0	NA	NA	0	NA	NA	NA	1
ENSMUSG00000085262	0	NA	NA	0	NA	NA	NA	1
ENSMUSG00000085263	0	NA	NA	0	NA	NA	NA	1
ENSMUSG00000085265	0	NA	NA	0	NA	NA	NA	1
ENSMUSG00000085267	0	NA	NA	0	NA	NA	NA	1
ENSMUSG00000085274	0	NA	NA	0	NA	NA	NA	1
ENSMUSG00000085278	0	NA	NA	0	NA	NA	NA	1
ENSMUSG00000085282	0	NA	NA	0	NA	NA	NA	1
ENSMUSG00000085289	0	NA	NA	0	NA	NA	NA	1
ENSMUSG00000085293	0	NA	NA	0	NA	NA	NA	1
ENSMUSG00000085297	0	NA	NA	0	NA	NA	NA	1
ENSMUSG00000085298	0	NA	NA	0	NA	NA	NA	1
ENSMUSG00000085303	0	NA	NA	0	NA	NA	NA	1
ENSMUSG00000085310	0	NA	NA	0	NA	NA	NA	1
ENSMUSG00000085311	0	NA	NA	0	NA	NA	NA	1
ENSMUSG00000085314	0	NA	NA	0	NA	NA	NA	1
ENSMUSG00000085315	0	NA	NA	0	NA	NA	NA	1
ENSMUSG00000085316	0	NA	NA	0	NA	NA	NA	1
ENSMUSG00000085318	0	NA	NA	0	NA	NA	NA	1
ENSMUSG00000085321	0	NA	NA	0	NA	NA	NA	1
ENSMUSG00000085323	0	NA	NA	0	NA	NA	NA	1
ENSMUSG00000085327	0	NA	NA	0	NA	NA	NA	1
ENSMUSG00000085333	0	NA	NA	0	NA	NA	NA	1
ENSMUSG00000085335	0	NA	NA	0	NA	NA	NA	1
ENSMUSG00000085336	0	NA	NA	0	NA	NA	NA	1
ENSMUSG00000085337	0	NA	NA	0	NA	NA	NA	1
ENSMUSG00000085338	0	NA	NA	0	NA	NA	NA	1
ENSMUSG00000085347	0	NA	NA	0	NA	NA	NA	1
ENSMUSG00000085348	0	NA	NA	0	NA	NA	NA	1
ENSMUSG00000085357	0	NA	NA	0	NA	NA	NA	1
ENSMUSG00000085358	0	NA	NA	0	NA	NA	NA	1
ENSMUSG00000085359	0	NA	NA	0	NA	NA	NA	1
ENSMUSG00000085372	0	NA	NA	0	NA	NA	NA	1
ENSMUSG00000085375	0	NA	NA	0	NA	NA	NA	1
ENSMUSG00000085376	0	NA	NA	0	NA	NA	NA	1
ENSMUSG00000085378	0	NA	NA	0	NA	NA	NA	1
ENSMUSG00000085380	0	NA	NA	0	NA	NA	NA	1
ENSMUSG00000085386	0	NA	NA	0	NA	NA	NA	1
ENSMUSG00000085394	0	NA	NA	0	NA	NA	NA	1
ENSMUSG00000085395	0	NA	NA	0	NA	NA	NA	1
ENSMUSG00000085398	0	NA	NA	0	NA	NA	NA	1
ENSMUSG00000085399	0	NA	NA	0	NA	NA	NA	1
ENSMUSG00000085403	0	NA	NA	0	NA	NA	NA	1
ENSMUSG00000085405	0	NA	NA	0	NA	NA	NA	1
ENSMUSG00000085407	0	NA	NA	0	NA	NA	NA	1
ENSMUSG00000085408	0	NA	NA	0	NA	NA	NA	1
ENSMUSG00000085412	0	NA	NA	0	NA	NA	NA	1
ENSMUSG00000085413	0	NA	NA	0	NA	NA	NA	1
ENSMUSG00000085414	0	NA	NA	0	NA	NA	NA	1
ENSMUSG00000085419	0	NA	NA	0	NA	NA	NA	1
ENSMUSG00000085420	0	NA	NA	0	NA	NA	NA	1
ENSMUSG00000085427	0	NA	NA	0	NA	NA	NA	1
ENSMUSG00000085428	0	NA	NA	0	NA	NA	NA	1
ENSMUSG00000085429	0	NA	NA	0	NA	NA	NA	1
ENSMUSG00000085430	0	NA	NA	0	NA	NA	NA	1
ENSMUSG00000085433	0	NA	NA	0	NA	NA	NA	1
ENSMUSG00000085434	0	NA	NA	0	NA	NA	NA	1
ENSMUSG00000085436	0	NA	NA	0	NA	NA	NA	1
ENSMUSG00000085437	0	NA	NA	0	NA	NA	NA	1
ENSMUSG00000085438	0	NA	NA	0	NA	NA	NA	1
ENSMUSG00000085439	0	NA	NA	0	NA	NA	NA	1
ENSMUSG00000085440	0	NA	NA	0	NA	NA	NA	1
ENSMUSG00000085445	0	NA	NA	0	NA	NA	NA	1
ENSMUSG00000085450	0	NA	NA	0	NA	NA	NA	1
ENSMUSG00000085451	0	NA	NA	0	NA	NA	NA	1
ENSMUSG00000085453	0	NA	NA	0	NA	NA	NA	1
ENSMUSG00000085456	0	NA	NA	0	NA	NA	NA	1
ENSMUSG00000085465	0	NA	NA	0	NA	NA	NA	1
ENSMUSG00000085467	0	NA	NA	0	NA	NA	NA	1
ENSMUSG00000085469	0	NA	NA	0	NA	NA	NA	1
ENSMUSG00000085472	0	NA	NA	0	NA	NA	NA	1
ENSMUSG00000085485	0	NA	NA	0	NA	NA	NA	1
ENSMUSG00000085492	0	NA	NA	0	NA	NA	NA	1
ENSMUSG00000085495	0	NA	NA	0	NA	NA	NA	1
ENSMUSG00000085498	0	NA	NA	0	NA	NA	NA	1
ENSMUSG00000085502	0	NA	NA	0	NA	NA	NA	1
ENSMUSG00000085509	0	NA	NA	0	NA	NA	NA	1
ENSMUSG00000085511	0	NA	NA	0	NA	NA	NA	1
ENSMUSG00000085514	0	NA	NA	0	NA	NA	NA	1
ENSMUSG00000085516	0	NA	NA	0	NA	NA	NA	1
ENSMUSG00000085517	0	NA	NA	0	NA	NA	NA	1
ENSMUSG00000085519	0	NA	NA	0	NA	NA	NA	1
ENSMUSG00000085524	0	NA	NA	0	NA	NA	NA	1
ENSMUSG00000085538	0	NA	NA	0	NA	NA	NA	1
ENSMUSG00000085540	0	NA	NA	0	NA	NA	NA	1
ENSMUSG00000085541	0	NA	NA	0	NA	NA	NA	1
ENSMUSG00000085542	0	NA	NA	0	NA	NA	NA	1
ENSMUSG00000085543	0	NA	NA	0	NA	NA	NA	1
ENSMUSG00000085546	0	NA	NA	0	NA	NA	NA	1
ENSMUSG00000085548	0	NA	NA	0	NA	NA	NA	1
ENSMUSG00000085553	0	NA	NA	0	NA	NA	NA	1
ENSMUSG00000085555	0	NA	NA	0	NA	NA	NA	1
ENSMUSG00000085558	0	NA	NA	0	NA	NA	NA	1
ENSMUSG00000085563	0	NA	NA	0	NA	NA	NA	1
ENSMUSG00000085564	0	NA	NA	0	NA	NA	NA	1
ENSMUSG00000085566	0	NA	NA	0	NA	NA	NA	1
ENSMUSG00000085578	0	NA	NA	0	NA	NA	NA	1
ENSMUSG00000085585	0	NA	NA	0	NA	NA	NA	1
ENSMUSG00000085589	0	NA	NA	0	NA	NA	NA	1
ENSMUSG00000085592	0	NA	NA	0	NA	NA	NA	1
ENSMUSG00000085594	0	NA	NA	0	NA	NA	NA	1
ENSMUSG00000085599	0	NA	NA	0	NA	NA	NA	1
ENSMUSG00000085600	0	NA	NA	0	NA	NA	NA	1
ENSMUSG00000085606	0	NA	NA	0	NA	NA	NA	1
ENSMUSG00000085609	0	NA	NA	0	NA	NA	NA	1
ENSMUSG00000085612	0	NA	NA	0	NA	NA	NA	1
ENSMUSG00000085614	0	NA	NA	0	NA	NA	NA	1
ENSMUSG00000085615	0	NA	NA	0	NA	NA	NA	1
ENSMUSG00000085620	0	NA	NA	0	NA	NA	NA	1
ENSMUSG00000085623	0	NA	NA	0	NA	NA	NA	1
ENSMUSG00000085624	0	NA	NA	0	NA	NA	NA	1
ENSMUSG00000085628	0	NA	NA	0	NA	NA	NA	1
ENSMUSG00000085629	0	NA	NA	0	NA	NA	NA	1
ENSMUSG00000085631	0	NA	NA	0	NA	NA	NA	1
ENSMUSG00000085634	0	NA	NA	0	NA	NA	NA	1
ENSMUSG00000085643	0	NA	NA	0	NA	NA	NA	1
ENSMUSG00000085645	0	NA	NA	0	NA	NA	NA	1
ENSMUSG00000085649	0	NA	NA	0	NA	NA	NA	1
ENSMUSG00000085653	0	NA	NA	0	NA	NA	NA	1
ENSMUSG00000085654	0	NA	NA	0	NA	NA	NA	1
ENSMUSG00000085655	0	NA	NA	0	NA	NA	NA	1
ENSMUSG00000085656	0	NA	NA	0	NA	NA	NA	1
ENSMUSG00000085658	0	NA	NA	0	NA	NA	NA	1
ENSMUSG00000085660	0	NA	NA	0	NA	NA	NA	1
ENSMUSG00000085669	0	NA	NA	0	NA	NA	NA	1
ENSMUSG00000085672	0	NA	NA	0	NA	NA	NA	1
ENSMUSG00000085673	0	NA	NA	0	NA	NA	NA	1
ENSMUSG00000085675	0	NA	NA	0	NA	NA	NA	1
ENSMUSG00000085676	0	NA	NA	0	NA	NA	NA	1
ENSMUSG00000085677	0	NA	NA	0	NA	NA	NA	1
ENSMUSG00000085678	0	NA	NA	0	NA	NA	NA	1
ENSMUSG00000085687	0	NA	NA	0	NA	NA	NA	1
ENSMUSG00000085688	0	NA	NA	0	NA	NA	NA	1
ENSMUSG00000085689	0	NA	NA	0	NA	NA	NA	1
ENSMUSG00000085690	0	NA	NA	0	NA	NA	NA	1
ENSMUSG00000085691	0	NA	NA	0	NA	NA	NA	1
ENSMUSG00000085695	0	NA	NA	0	NA	NA	NA	1
ENSMUSG00000085696	0	NA	NA	0	NA	NA	NA	1
ENSMUSG00000085701	0	NA	NA	0	NA	NA	NA	1
ENSMUSG00000085702	0	NA	NA	0	NA	NA	NA	1
ENSMUSG00000085710	0	NA	NA	0	NA	NA	NA	1
ENSMUSG00000085712	0	NA	NA	0	NA	NA	NA	1
ENSMUSG00000085713	0	NA	NA	0	NA	NA	NA	1
ENSMUSG00000085714	0	NA	NA	0	NA	NA	NA	1
ENSMUSG00000085715	0	NA	NA	0	NA	NA	NA	1
ENSMUSG00000085717	0	NA	NA	0	NA	NA	NA	1
ENSMUSG00000085719	0	NA	NA	0	NA	NA	NA	1
ENSMUSG00000085720	0	NA	NA	0	NA	NA	NA	1
ENSMUSG00000085721	0	NA	NA	0	NA	NA	NA	1
ENSMUSG00000085725	0	NA	NA	0	NA	NA	NA	1
ENSMUSG00000085728	0	NA	NA	0	NA	NA	NA	1
ENSMUSG00000085731	0	NA	NA	0	NA	NA	NA	1
ENSMUSG00000085732	0	NA	NA	0	NA	NA	NA	1
ENSMUSG00000085734	0	NA	NA	0	NA	NA	NA	1
ENSMUSG00000085735	0	NA	NA	0	NA	NA	NA	1
ENSMUSG00000085739	0	NA	NA	0	NA	NA	NA	1
ENSMUSG00000085741	0	NA	NA	0	NA	NA	NA	1
ENSMUSG00000085742	0	NA	NA	0	NA	NA	NA	1
ENSMUSG00000085743	0	NA	NA	0	NA	NA	NA	1
ENSMUSG00000085745	0	NA	NA	0	NA	NA	NA	1
ENSMUSG00000085747	0	NA	NA	0	NA	NA	NA	1
ENSMUSG00000085748	0	NA	NA	0	NA	NA	NA	1
ENSMUSG00000085750	0	NA	NA	0	NA	NA	NA	1
ENSMUSG00000085760	0	NA	NA	0	NA	NA	NA	1
ENSMUSG00000085762	0	NA	NA	0	NA	NA	NA	1
ENSMUSG00000085763	0	NA	NA	0	NA	NA	NA	1
ENSMUSG00000085765	0	NA	NA	0	NA	NA	NA	1
ENSMUSG00000085766	0	NA	NA	0	NA	NA	NA	1
ENSMUSG00000085767	0	NA	NA	0	NA	NA	NA	1
ENSMUSG00000085768	0	NA	NA	0	NA	NA	NA	1
ENSMUSG00000085774	0	NA	NA	0	NA	NA	NA	1
ENSMUSG00000085776	0	NA	NA	0	NA	NA	NA	1
ENSMUSG00000085779	0	NA	NA	0	NA	NA	NA	1
ENSMUSG00000085781	0	NA	NA	0	NA	NA	NA	1
ENSMUSG00000085796	0	NA	NA	0	NA	NA	NA	1
ENSMUSG00000085797	0	NA	NA	0	NA	NA	NA	1
ENSMUSG00000085802	0	NA	NA	0	NA	NA	NA	1
ENSMUSG00000085803	0	NA	NA	0	NA	NA	NA	1
ENSMUSG00000085806	0	NA	NA	0	NA	NA	NA	1
ENSMUSG00000085810	0	NA	NA	0	NA	NA	NA	1
ENSMUSG00000085816	0	NA	NA	0	NA	NA	NA	1
ENSMUSG00000085817	0	NA	NA	0	NA	NA	NA	1
ENSMUSG00000085819	0	NA	NA	0	NA	NA	NA	1
ENSMUSG00000085824	0	NA	NA	0	NA	NA	NA	1
ENSMUSG00000085826	0	NA	NA	0	NA	NA	NA	1
ENSMUSG00000085828	0	NA	NA	0	NA	NA	NA	1
ENSMUSG00000085831	0	NA	NA	0	NA	NA	NA	1
ENSMUSG00000085833	0	NA	NA	0	NA	NA	NA	1
ENSMUSG00000085834	0	NA	NA	0	NA	NA	NA	1
ENSMUSG00000085837	0	NA	NA	0	NA	NA	NA	1
ENSMUSG00000085838	0	NA	NA	0	NA	NA	NA	1
ENSMUSG00000085839	0	NA	NA	0	NA	NA	NA	1
ENSMUSG00000085843	0	NA	NA	0	NA	NA	NA	1
ENSMUSG00000085844	0	NA	NA	0	NA	NA	NA	1
ENSMUSG00000085846	0	NA	NA	0	NA	NA	NA	1
ENSMUSG00000085853	0	NA	NA	0	NA	NA	NA	1
ENSMUSG00000085856	0	NA	NA	0	NA	NA	NA	1
ENSMUSG00000085858	0	NA	NA	0	NA	NA	NA	1
ENSMUSG00000085863	0	NA	NA	0	NA	NA	NA	1
ENSMUSG00000085865	0	NA	NA	0	NA	NA	NA	1
ENSMUSG00000085869	0	NA	NA	0	NA	NA	NA	1
ENSMUSG00000085870	0	NA	NA	0	NA	NA	NA	1
ENSMUSG00000085872	0	NA	NA	0	NA	NA	NA	1
ENSMUSG00000085873	0	NA	NA	0	NA	NA	NA	1
ENSMUSG00000085875	0	NA	NA	0	NA	NA	NA	1
ENSMUSG00000085881	0	NA	NA	0	NA	NA	NA	1
ENSMUSG00000085884	0	NA	NA	0	NA	NA	NA	1
ENSMUSG00000085885	0	NA	NA	0	NA	NA	NA	1
ENSMUSG00000085886	0	NA	NA	0	NA	NA	NA	1
ENSMUSG00000085889	0	NA	NA	0	NA	NA	NA	1
ENSMUSG00000085890	0	NA	NA	0	NA	NA	NA	1
ENSMUSG00000085894	0	NA	NA	0	NA	NA	NA	1
ENSMUSG00000085896	0	NA	NA	0	NA	NA	NA	1
ENSMUSG00000085900	0	NA	NA	0	NA	NA	NA	1
ENSMUSG00000085902	0	NA	NA	0	NA	NA	NA	1
ENSMUSG00000085912	0	NA	NA	0	NA	NA	NA	1
ENSMUSG00000085913	0	NA	NA	0	NA	NA	NA	1
ENSMUSG00000085920	0	NA	NA	0	NA	NA	NA	1
ENSMUSG00000085921	0	NA	NA	0	NA	NA	NA	1
ENSMUSG00000085923	0	NA	NA	0	NA	NA	NA	1
ENSMUSG00000085928	0	NA	NA	0	NA	NA	NA	1
ENSMUSG00000085929	0	NA	NA	0	NA	NA	NA	1
ENSMUSG00000085932	0	NA	NA	0	NA	NA	NA	1
ENSMUSG00000085941	0	NA	NA	0	NA	NA	NA	1
ENSMUSG00000085944	0	NA	NA	0	NA	NA	NA	1
ENSMUSG00000085950	0	NA	NA	0	NA	NA	NA	1
ENSMUSG00000085951	0	NA	NA	0	NA	NA	NA	1
ENSMUSG00000085952	0	NA	NA	0	NA	NA	NA	1
ENSMUSG00000085955	0	NA	NA	0	NA	NA	NA	1
ENSMUSG00000085956	0	NA	NA	0	NA	NA	NA	1
ENSMUSG00000085958	0	NA	NA	0	NA	NA	NA	1
ENSMUSG00000085961	0	NA	NA	0	NA	NA	NA	1
ENSMUSG00000085962	0	NA	NA	0	NA	NA	NA	1
ENSMUSG00000085967	0	NA	NA	0	NA	NA	NA	1
ENSMUSG00000085969	0	NA	NA	0	NA	NA	NA	1
ENSMUSG00000085972	0	NA	NA	0	NA	NA	NA	1
ENSMUSG00000085975	0	NA	NA	0	NA	NA	NA	1
ENSMUSG00000085976	0	NA	NA	0	NA	NA	NA	1
ENSMUSG00000085984	0	NA	NA	0	NA	NA	NA	1
ENSMUSG00000085992	0	NA	NA	0	NA	NA	NA	1
ENSMUSG00000085995	0	NA	NA	0	NA	NA	NA	1
ENSMUSG00000085996	0	NA	NA	0	NA	NA	NA	1
ENSMUSG00000086000	0	NA	NA	0	NA	NA	NA	1
ENSMUSG00000086007	0	NA	NA	0	NA	NA	NA	1
ENSMUSG00000086010	0	NA	NA	0	NA	NA	NA	1
ENSMUSG00000086012	0	NA	NA	0	NA	NA	NA	1
ENSMUSG00000086013	0	NA	NA	0	NA	NA	NA	1
ENSMUSG00000086014	0	NA	NA	0	NA	NA	NA	1
ENSMUSG00000086015	0	NA	NA	0	NA	NA	NA	1
ENSMUSG00000086016	0	NA	NA	0	NA	NA	NA	1
ENSMUSG00000086018	0	NA	NA	0	NA	NA	NA	1
ENSMUSG00000086021	0	NA	NA	0	NA	NA	NA	1
ENSMUSG00000086029	0	NA	NA	0	NA	NA	NA	1
ENSMUSG00000086035	0	NA	NA	0	NA	NA	NA	1
ENSMUSG00000086036	0	NA	NA	0	NA	NA	NA	1
ENSMUSG00000086042	0	NA	NA	0	NA	NA	NA	1
ENSMUSG00000086043	0	NA	NA	0	NA	NA	NA	1
ENSMUSG00000086047	0	NA	NA	0	NA	NA	NA	1
ENSMUSG00000086052	0	NA	NA	0	NA	NA	NA	1
ENSMUSG00000086053	0	NA	NA	0	NA	NA	NA	1
ENSMUSG00000086054	0	NA	NA	0	NA	NA	NA	1
ENSMUSG00000086055	0	NA	NA	0	NA	NA	NA	1
ENSMUSG00000086058	0	NA	NA	0	NA	NA	NA	1
ENSMUSG00000086061	0	NA	NA	0	NA	NA	NA	1
ENSMUSG00000086067	0	NA	NA	0	NA	NA	NA	1
ENSMUSG00000086069	0	NA	NA	0	NA	NA	NA	1
ENSMUSG00000086070	0	NA	NA	0	NA	NA	NA	1
ENSMUSG00000086071	0	NA	NA	0	NA	NA	NA	1
ENSMUSG00000086077	0	NA	NA	0	NA	NA	NA	1
ENSMUSG00000086078	0	NA	NA	0	NA	NA	NA	1
ENSMUSG00000086080	0	NA	NA	0	NA	NA	NA	1
ENSMUSG00000086083	0	NA	NA	0	NA	NA	NA	1
ENSMUSG00000086090	0	NA	NA	0	NA	NA	NA	1
ENSMUSG00000086095	0	NA	NA	0	NA	NA	NA	1
ENSMUSG00000086096	0	NA	NA	0	NA	NA	NA	1
ENSMUSG00000086098	0	NA	NA	0	NA	NA	NA	1
ENSMUSG00000086103	0	NA	NA	0	NA	NA	NA	1
ENSMUSG00000086107	0	NA	NA	0	NA	NA	NA	1
ENSMUSG00000086108	0	NA	NA	0	NA	NA	NA	1
ENSMUSG00000086112	0	NA	NA	0	NA	NA	NA	1
ENSMUSG00000086119	0	NA	NA	0	NA	NA	NA	1
ENSMUSG00000086121	0	NA	NA	0	NA	NA	NA	1
ENSMUSG00000086122	0	NA	NA	0	NA	NA	NA	1
ENSMUSG00000086126	0	NA	NA	0	NA	NA	NA	1
ENSMUSG00000086134	0	NA	NA	0	NA	NA	NA	1
ENSMUSG00000086135	0	NA	NA	0	NA	NA	NA	1
ENSMUSG00000086139	0	NA	NA	0	NA	NA	NA	1
ENSMUSG00000086140	0	NA	NA	0	NA	NA	NA	1
ENSMUSG00000086144	0	NA	NA	0	NA	NA	NA	1
ENSMUSG00000086145	0	NA	NA	0	NA	NA	NA	1
ENSMUSG00000086150	0	NA	NA	0	NA	NA	NA	1
ENSMUSG00000086152	0	NA	NA	0	NA	NA	NA	1
ENSMUSG00000086154	0	NA	NA	0	NA	NA	NA	1
ENSMUSG00000086155	0	NA	NA	0	NA	NA	NA	1
ENSMUSG00000086159	0	NA	NA	0	NA	NA	NA	1
ENSMUSG00000086160	0	NA	NA	0	NA	NA	NA	1
ENSMUSG00000086165	0	NA	NA	0	NA	NA	NA	1
ENSMUSG00000086166	0	NA	NA	0	NA	NA	NA	1
ENSMUSG00000086168	0	NA	NA	0	NA	NA	NA	1
ENSMUSG00000086173	0	NA	NA	0	NA	NA	NA	1
ENSMUSG00000086175	0	NA	NA	0	NA	NA	NA	1
ENSMUSG00000086181	0	NA	NA	0	NA	NA	NA	1
ENSMUSG00000086184	0	NA	NA	0	NA	NA	NA	1
ENSMUSG00000086185	0	NA	NA	0	NA	NA	NA	1
ENSMUSG00000086187	0	NA	NA	0	NA	NA	NA	1
ENSMUSG00000086189	0	NA	NA	0	NA	NA	NA	1
ENSMUSG00000086190	0	NA	NA	0	NA	NA	NA	1
ENSMUSG00000086199	0	NA	NA	0	NA	NA	NA	1
ENSMUSG00000086205	0	NA	NA	0	NA	NA	NA	1
ENSMUSG00000086206	0	NA	NA	0	NA	NA	NA	1
ENSMUSG00000086209	0	NA	NA	0	NA	NA	NA	1
ENSMUSG00000086211	0	NA	NA	0	NA	NA	NA	1
ENSMUSG00000086219	0	NA	NA	0	NA	NA	NA	1
ENSMUSG00000086220	0	NA	NA	0	NA	NA	NA	1
ENSMUSG00000086224	0	NA	NA	0	NA	NA	NA	1
ENSMUSG00000086231	0	NA	NA	0	NA	NA	NA	1
ENSMUSG00000086234	0	NA	NA	0	NA	NA	NA	1
ENSMUSG00000086237	0	NA	NA	0	NA	NA	NA	1
ENSMUSG00000086239	0	NA	NA	0	NA	NA	NA	1
ENSMUSG00000086241	0	NA	NA	0	NA	NA	NA	1
ENSMUSG00000086243	0	NA	NA	0	NA	NA	NA	1
ENSMUSG00000086245	0	NA	NA	0	NA	NA	NA	1
ENSMUSG00000086247	0	NA	NA	0	NA	NA	NA	1
ENSMUSG00000086248	0	NA	NA	0	NA	NA	NA	1
ENSMUSG00000086254	0	NA	NA	0	NA	NA	NA	1
ENSMUSG00000086255	0	NA	NA	0	NA	NA	NA	1
ENSMUSG00000086256	0	NA	NA	0	NA	NA	NA	1
ENSMUSG00000086266	0	NA	NA	0	NA	NA	NA	1
ENSMUSG00000086267	0	NA	NA	0	NA	NA	NA	1
ENSMUSG00000086269	0	NA	NA	0	NA	NA	NA	1
ENSMUSG00000086273	0	NA	NA	0	NA	NA	NA	1
ENSMUSG00000086275	0	NA	NA	0	NA	NA	NA	1
ENSMUSG00000086284	0	NA	NA	0	NA	NA	NA	1
ENSMUSG00000086287	0	NA	NA	0	NA	NA	NA	1
ENSMUSG00000086288	0	NA	NA	0	NA	NA	NA	1
ENSMUSG00000086291	0	NA	NA	0	NA	NA	NA	1
ENSMUSG00000086293	0	NA	NA	0	NA	NA	NA	1
ENSMUSG00000086296	0	NA	NA	0	NA	NA	NA	1
ENSMUSG00000086297	0	NA	NA	0	NA	NA	NA	1
ENSMUSG00000086298	0	NA	NA	0	NA	NA	NA	1
ENSMUSG00000086306	0	NA	NA	0	NA	NA	NA	1
ENSMUSG00000086308	0	NA	NA	0	NA	NA	NA	1
ENSMUSG00000086311	0	NA	NA	0	NA	NA	NA	1
ENSMUSG00000086312	0	NA	NA	0	NA	NA	NA	1
ENSMUSG00000086313	0	NA	NA	0	NA	NA	NA	1
ENSMUSG00000086320	0	NA	NA	0	NA	NA	NA	1
ENSMUSG00000086321	0	NA	NA	0	NA	NA	NA	1
ENSMUSG00000086328	0	NA	NA	0	NA	NA	NA	1
ENSMUSG00000086329	0	NA	NA	0	NA	NA	NA	1
ENSMUSG00000086333	0	NA	NA	0	NA	NA	NA	1
ENSMUSG00000086336	0	NA	NA	0	NA	NA	NA	1
ENSMUSG00000086337	0	NA	NA	0	NA	NA	NA	1
ENSMUSG00000086340	0	NA	NA	0	NA	NA	NA	1
ENSMUSG00000086341	0	NA	NA	0	NA	NA	NA	1
ENSMUSG00000086342	0	NA	NA	0	NA	NA	NA	1
ENSMUSG00000086346	0	NA	NA	0	NA	NA	NA	1
ENSMUSG00000086347	0	NA	NA	0	NA	NA	NA	1
ENSMUSG00000086350	0	NA	NA	0	NA	NA	NA	1
ENSMUSG00000086356	0	NA	NA	0	NA	NA	NA	1
ENSMUSG00000086358	0	NA	NA	0	NA	NA	NA	1
ENSMUSG00000086368	0	NA	NA	0	NA	NA	NA	1
ENSMUSG00000086381	0	NA	NA	0	NA	NA	NA	1
ENSMUSG00000086384	0	NA	NA	0	NA	NA	NA	1
ENSMUSG00000086385	0	NA	NA	0	NA	NA	NA	1
ENSMUSG00000086386	0	NA	NA	0	NA	NA	NA	1
ENSMUSG00000086389	0	NA	NA	0	NA	NA	NA	1
ENSMUSG00000086390	0	NA	NA	0	NA	NA	NA	1
ENSMUSG00000086392	0	NA	NA	0	NA	NA	NA	1
ENSMUSG00000086395	0	NA	NA	0	NA	NA	NA	1
ENSMUSG00000086396	0	NA	NA	0	NA	NA	NA	1
ENSMUSG00000086401	0	NA	NA	0	NA	NA	NA	1
ENSMUSG00000086404	0	NA	NA	0	NA	NA	NA	1
ENSMUSG00000086407	0	NA	NA	0	NA	NA	NA	1
ENSMUSG00000086421	0	NA	NA	0	NA	NA	NA	1
ENSMUSG00000086424	0	NA	NA	0	NA	NA	NA	1
ENSMUSG00000086426	0	NA	NA	0	NA	NA	NA	1
ENSMUSG00000086427	0	NA	NA	0	NA	NA	NA	1
ENSMUSG00000086429	0	NA	NA	0	NA	NA	NA	1
ENSMUSG00000086430	0	NA	NA	0	NA	NA	NA	1
ENSMUSG00000086433	0	NA	NA	0	NA	NA	NA	1
ENSMUSG00000086434	0	NA	NA	0	NA	NA	NA	1
ENSMUSG00000086441	0	NA	NA	0	NA	NA	NA	1
ENSMUSG00000086442	0	NA	NA	0	NA	NA	NA	1
ENSMUSG00000086443	0	NA	NA	0	NA	NA	NA	1
ENSMUSG00000086444	0	NA	NA	0	NA	NA	NA	1
ENSMUSG00000086445	0	NA	NA	0	NA	NA	NA	1
ENSMUSG00000086446	0	NA	NA	0	NA	NA	NA	1
ENSMUSG00000086448	0	NA	NA	0	NA	NA	NA	1
ENSMUSG00000086449	0	NA	NA	0	NA	NA	NA	1
ENSMUSG00000086450	0	NA	NA	0	NA	NA	NA	1
ENSMUSG00000086451	0	NA	NA	0	NA	NA	NA	1
ENSMUSG00000086453	0	NA	NA	0	NA	NA	NA	1
ENSMUSG00000086454	0	NA	NA	0	NA	NA	NA	1
ENSMUSG00000086459	0	NA	NA	0	NA	NA	NA	1
ENSMUSG00000086462	0	NA	NA	0	NA	NA	NA	1
ENSMUSG00000086464	0	NA	NA	0	NA	NA	NA	1
ENSMUSG00000086468	0	NA	NA	0	NA	NA	NA	1
ENSMUSG00000086472	0	NA	NA	0	NA	NA	NA	1
ENSMUSG00000086479	0	NA	NA	0	NA	NA	NA	1
ENSMUSG00000086480	0	NA	NA	0	NA	NA	NA	1
ENSMUSG00000086482	0	NA	NA	0	NA	NA	NA	1
ENSMUSG00000086485	0	NA	NA	0	NA	NA	NA	1
ENSMUSG00000086486	0	NA	NA	0	NA	NA	NA	1
ENSMUSG00000086490	0	NA	NA	0	NA	NA	NA	1
ENSMUSG00000086493	0	NA	NA	0	NA	NA	NA	1
ENSMUSG00000086495	0	NA	NA	0	NA	NA	NA	1
ENSMUSG00000086496	0	NA	NA	0	NA	NA	NA	1
ENSMUSG00000086498	0	NA	NA	0	NA	NA	NA	1
ENSMUSG00000086499	0	NA	NA	0	NA	NA	NA	1
ENSMUSG00000086500	0	NA	NA	0	NA	NA	NA	1
ENSMUSG00000086503	0	NA	NA	0	NA	NA	NA	1
ENSMUSG00000086504	0	NA	NA	0	NA	NA	NA	1
ENSMUSG00000086507	0	NA	NA	0	NA	NA	NA	1
ENSMUSG00000086509	0	NA	NA	0	NA	NA	NA	1
ENSMUSG00000086517	0	NA	NA	0	NA	NA	NA	1
ENSMUSG00000086522	0	NA	NA	0	NA	NA	NA	1
ENSMUSG00000086523	0	NA	NA	0	NA	NA	NA	1
ENSMUSG00000086526	0	NA	NA	0	NA	NA	NA	1
ENSMUSG00000086527	0	NA	NA	0	NA	NA	NA	1
ENSMUSG00000086529	0	NA	NA	0	NA	NA	NA	1
ENSMUSG00000086533	0	NA	NA	0	NA	NA	NA	1
ENSMUSG00000086539	0	NA	NA	0	NA	NA	NA	1
ENSMUSG00000086542	0	NA	NA	0	NA	NA	NA	1
ENSMUSG00000086544	0	NA	NA	0	NA	NA	NA	1
ENSMUSG00000086546	0	NA	NA	0	NA	NA	NA	1
ENSMUSG00000086547	0	NA	NA	0	NA	NA	NA	1
ENSMUSG00000086548	0	NA	NA	0	NA	NA	NA	1
ENSMUSG00000086550	0	NA	NA	0	NA	NA	NA	1
ENSMUSG00000086552	0	NA	NA	0	NA	NA	NA	1
ENSMUSG00000086556	0	NA	NA	0	NA	NA	NA	1
ENSMUSG00000086558	0	NA	NA	0	NA	NA	NA	1
ENSMUSG00000086559	0	NA	NA	0	NA	NA	NA	1
ENSMUSG00000086569	0	NA	NA	0	NA	NA	NA	1
ENSMUSG00000086575	0	NA	NA	0	NA	NA	NA	1
ENSMUSG00000086578	0	NA	NA	0	NA	NA	NA	1
ENSMUSG00000086584	0	NA	NA	0	NA	NA	NA	1
ENSMUSG00000086585	0	NA	NA	0	NA	NA	NA	1
ENSMUSG00000086586	0	NA	NA	0	NA	NA	NA	1
ENSMUSG00000086588	0	NA	NA	0	NA	NA	NA	1
ENSMUSG00000086589	0	NA	NA	0	NA	NA	NA	1
ENSMUSG00000086591	0	NA	NA	0	NA	NA	NA	1
ENSMUSG00000086592	0	NA	NA	0	NA	NA	NA	1
ENSMUSG00000086593	0	NA	NA	0	NA	NA	NA	1
ENSMUSG00000086595	0	NA	NA	0	NA	NA	NA	1
ENSMUSG00000086600	0	NA	NA	0	NA	NA	NA	1
ENSMUSG00000086601	0	NA	NA	0	NA	NA	NA	1
ENSMUSG00000086603	0	NA	NA	0	NA	NA	NA	1
ENSMUSG00000086604	0	NA	NA	0	NA	NA	NA	1
ENSMUSG00000086606	0	NA	NA	0	NA	NA	NA	1
ENSMUSG00000086607	0	NA	NA	0	NA	NA	NA	1
ENSMUSG00000086608	0	NA	NA	0	NA	NA	NA	1
ENSMUSG00000086612	0	NA	NA	0	NA	NA	NA	1
ENSMUSG00000086614	0	NA	NA	0	NA	NA	NA	1
ENSMUSG00000086620	0	NA	NA	0	NA	NA	NA	1
ENSMUSG00000086625	0	NA	NA	0	NA	NA	NA	1
ENSMUSG00000086629	0	NA	NA	0	NA	NA	NA	1
ENSMUSG00000086630	0	NA	NA	0	NA	NA	NA	1
ENSMUSG00000086631	0	NA	NA	0	NA	NA	NA	1
ENSMUSG00000086632	0	NA	NA	0	NA	NA	NA	1
ENSMUSG00000086633	0	NA	NA	0	NA	NA	NA	1
ENSMUSG00000086648	0	NA	NA	0	NA	NA	NA	1
ENSMUSG00000086649	0	NA	NA	0	NA	NA	NA	1
ENSMUSG00000086653	0	NA	NA	0	NA	NA	NA	1
ENSMUSG00000086655	0	NA	NA	0	NA	NA	NA	1
ENSMUSG00000086666	0	NA	NA	0	NA	NA	NA	1
ENSMUSG00000086669	0	NA	NA	0	NA	NA	NA	1
ENSMUSG00000086671	0	NA	NA	0	NA	NA	NA	1
ENSMUSG00000086674	0	NA	NA	0	NA	NA	NA	1
ENSMUSG00000086681	0	NA	NA	0	NA	NA	NA	1
ENSMUSG00000086682	0	NA	NA	0	NA	NA	NA	1
ENSMUSG00000086687	0	NA	NA	0	NA	NA	NA	1
ENSMUSG00000086693	0	NA	NA	0	NA	NA	NA	1
ENSMUSG00000086695	0	NA	NA	0	NA	NA	NA	1
ENSMUSG00000086697	0	NA	NA	0	NA	NA	NA	1
ENSMUSG00000086700	0	NA	NA	0	NA	NA	NA	1
ENSMUSG00000086701	0	NA	NA	0	NA	NA	NA	1
ENSMUSG00000086703	0	NA	NA	0	NA	NA	NA	1
ENSMUSG00000086704	0	NA	NA	0	NA	NA	NA	1
ENSMUSG00000086708	0	NA	NA	0	NA	NA	NA	1
ENSMUSG00000086709	0	NA	NA	0	NA	NA	NA	1
ENSMUSG00000086712	0	NA	NA	0	NA	NA	NA	1
ENSMUSG00000086714	0	NA	NA	0	NA	NA	NA	1
ENSMUSG00000086715	0	NA	NA	0	NA	NA	NA	1
ENSMUSG00000086716	0	NA	NA	0	NA	NA	NA	1
ENSMUSG00000086717	0	NA	NA	0	NA	NA	NA	1
ENSMUSG00000086718	0	NA	NA	0	NA	NA	NA	1
ENSMUSG00000086722	0	NA	NA	0	NA	NA	NA	1
ENSMUSG00000086728	0	NA	NA	0	NA	NA	NA	1
ENSMUSG00000086729	0	NA	NA	0	NA	NA	NA	1
ENSMUSG00000086733	0	NA	NA	0	NA	NA	NA	1
ENSMUSG00000086736	0	NA	NA	0	NA	NA	NA	1
ENSMUSG00000086741	0	NA	NA	0	NA	NA	NA	1
ENSMUSG00000086745	0	NA	NA	0	NA	NA	NA	1
ENSMUSG00000086746	0	NA	NA	0	NA	NA	NA	1
ENSMUSG00000086748	0	NA	NA	0	NA	NA	NA	1
ENSMUSG00000086749	0	NA	NA	0	NA	NA	NA	1
ENSMUSG00000086753	0	NA	NA	0	NA	NA	NA	1
ENSMUSG00000086754	0	NA	NA	0	NA	NA	NA	1
ENSMUSG00000086756	0	NA	NA	0	NA	NA	NA	1
ENSMUSG00000086760	0	NA	NA	0	NA	NA	NA	1
ENSMUSG00000086762	0	NA	NA	0	NA	NA	NA	1
ENSMUSG00000086764	0	NA	NA	0	NA	NA	NA	1
ENSMUSG00000086769	0	NA	NA	0	NA	NA	NA	1
ENSMUSG00000086770	0	NA	NA	0	NA	NA	NA	1
ENSMUSG00000086773	0	NA	NA	0	NA	NA	NA	1
ENSMUSG00000086779	0	NA	NA	0	NA	NA	NA	1
ENSMUSG00000086782	0	NA	NA	0	NA	NA	NA	1
ENSMUSG00000086786	0	NA	NA	0	NA	NA	NA	1
ENSMUSG00000086794	0	NA	NA	0	NA	NA	NA	1
ENSMUSG00000086800	0	NA	NA	0	NA	NA	NA	1
ENSMUSG00000086801	0	NA	NA	0	NA	NA	NA	1
ENSMUSG00000086805	0	NA	NA	0	NA	NA	NA	1
ENSMUSG00000086813	0	NA	NA	0	NA	NA	NA	1
ENSMUSG00000086814	0	NA	NA	0	NA	NA	NA	1
ENSMUSG00000086816	0	NA	NA	0	NA	NA	NA	1
ENSMUSG00000086819	0	NA	NA	0	NA	NA	NA	1
ENSMUSG00000086820	0	NA	NA	0	NA	NA	NA	1
ENSMUSG00000086826	0	NA	NA	0	NA	NA	NA	1
ENSMUSG00000086827	0	NA	NA	0	NA	NA	NA	1
ENSMUSG00000086834	0	NA	NA	0	NA	NA	NA	1
ENSMUSG00000086835	0	NA	NA	0	NA	NA	NA	1
ENSMUSG00000086837	0	NA	NA	0	NA	NA	NA	1
ENSMUSG00000086839	0	NA	NA	0	NA	NA	NA	1
ENSMUSG00000086841	0	NA	NA	0	NA	NA	NA	1
ENSMUSG00000086843	0	NA	NA	0	NA	NA	NA	1
ENSMUSG00000086844	0	NA	NA	0	NA	NA	NA	1
ENSMUSG00000086851	0	NA	NA	0	NA	NA	NA	1
ENSMUSG00000086854	0	NA	NA	0	NA	NA	NA	1
ENSMUSG00000086861	0	NA	NA	0	NA	NA	NA	1
ENSMUSG00000086862	0	NA	NA	0	NA	NA	NA	1
ENSMUSG00000086863	0	NA	NA	0	NA	NA	NA	1
ENSMUSG00000086866	0	NA	NA	0	NA	NA	NA	1
ENSMUSG00000086870	0	NA	NA	0	NA	NA	NA	1
ENSMUSG00000086872	0	NA	NA	0	NA	NA	NA	1
ENSMUSG00000086873	0	NA	NA	0	NA	NA	NA	1
ENSMUSG00000086874	0	NA	NA	0	NA	NA	NA	1
ENSMUSG00000086877	0	NA	NA	0	NA	NA	NA	1
ENSMUSG00000086890	0	NA	NA	0	NA	NA	NA	1
ENSMUSG00000086896	0	NA	NA	0	NA	NA	NA	1
ENSMUSG00000086898	0	NA	NA	0	NA	NA	NA	1
ENSMUSG00000086900	0	NA	NA	0	NA	NA	NA	1
ENSMUSG00000086903	0	NA	NA	0	NA	NA	NA	1
ENSMUSG00000086908	0	NA	NA	0	NA	NA	NA	1
ENSMUSG00000086910	0	NA	NA	0	NA	NA	NA	1
ENSMUSG00000086915	0	NA	NA	0	NA	NA	NA	1
ENSMUSG00000086918	0	NA	NA	0	NA	NA	NA	1
ENSMUSG00000086920	0	NA	NA	0	NA	NA	NA	1
ENSMUSG00000086924	0	NA	NA	0	NA	NA	NA	1
ENSMUSG00000086929	0	NA	NA	0	NA	NA	NA	1
ENSMUSG00000086932	0	NA	NA	0	NA	NA	NA	1
ENSMUSG00000086933	0	NA	NA	0	NA	NA	NA	1
ENSMUSG00000086935	0	NA	NA	0	NA	NA	NA	1
ENSMUSG00000086937	0	NA	NA	0	NA	NA	NA	1
ENSMUSG00000086939	0	NA	NA	0	NA	NA	NA	1
ENSMUSG00000086942	0	NA	NA	0	NA	NA	NA	1
ENSMUSG00000086943	0	NA	NA	0	NA	NA	NA	1
ENSMUSG00000086945	0	NA	NA	0	NA	NA	NA	1
ENSMUSG00000086947	0	NA	NA	0	NA	NA	NA	1
ENSMUSG00000086948	0	NA	NA	0	NA	NA	NA	1
ENSMUSG00000086952	0	NA	NA	0	NA	NA	NA	1
ENSMUSG00000086953	0	NA	NA	0	NA	NA	NA	1
ENSMUSG00000086964	0	NA	NA	0	NA	NA	NA	1
ENSMUSG00000086968	0	NA	NA	0	NA	NA	NA	1
ENSMUSG00000086971	0	NA	NA	0	NA	NA	NA	1
ENSMUSG00000086976	0	NA	NA	0	NA	NA	NA	1
ENSMUSG00000086980	0	NA	NA	0	NA	NA	NA	1
ENSMUSG00000086991	0	NA	NA	0	NA	NA	NA	1
ENSMUSG00000086992	0	NA	NA	0	NA	NA	NA	1
ENSMUSG00000086993	0	NA	NA	0	NA	NA	NA	1
ENSMUSG00000086995	0	NA	NA	0	NA	NA	NA	1
ENSMUSG00000086998	0	NA	NA	0	NA	NA	NA	1
ENSMUSG00000087001	0	NA	NA	0	NA	NA	NA	1
ENSMUSG00000087002	0	NA	NA	0	NA	NA	NA	1
ENSMUSG00000087004	0	NA	NA	0	NA	NA	NA	1
ENSMUSG00000087009	0	NA	NA	0	NA	NA	NA	1
ENSMUSG00000087013	0	NA	NA	0	NA	NA	NA	1
ENSMUSG00000087026	0	NA	NA	0	NA	NA	NA	1
ENSMUSG00000087028	0	NA	NA	0	NA	NA	NA	1
ENSMUSG00000087031	0	NA	NA	0	NA	NA	NA	1
ENSMUSG00000087032	0	NA	NA	0	NA	NA	NA	1
ENSMUSG00000087033	0	NA	NA	0	NA	NA	NA	1
ENSMUSG00000087037	0	NA	NA	0	NA	NA	NA	1
ENSMUSG00000087038	0	NA	NA	0	NA	NA	NA	1
ENSMUSG00000087040	0	NA	NA	0	NA	NA	NA	1
ENSMUSG00000087042	0	NA	NA	0	NA	NA	NA	1
ENSMUSG00000087043	0	NA	NA	0	NA	NA	NA	1
ENSMUSG00000087044	0	NA	NA	0	NA	NA	NA	1
ENSMUSG00000087047	0	NA	NA	0	NA	NA	NA	1
ENSMUSG00000087049	0	NA	NA	0	NA	NA	NA	1
ENSMUSG00000087050	0	NA	NA	0	NA	NA	NA	1
ENSMUSG00000087053	0	NA	NA	0	NA	NA	NA	1
ENSMUSG00000087054	0	NA	NA	0	NA	NA	NA	1
ENSMUSG00000087056	0	NA	NA	0	NA	NA	NA	1
ENSMUSG00000087058	0	NA	NA	0	NA	NA	NA	1
ENSMUSG00000087059	0	NA	NA	0	NA	NA	NA	1
ENSMUSG00000087060	0	NA	NA	0	NA	NA	NA	1
ENSMUSG00000087063	0	NA	NA	0	NA	NA	NA	1
ENSMUSG00000087064	0	NA	NA	0	NA	NA	NA	1
ENSMUSG00000087066	0	NA	NA	0	NA	NA	NA	1
ENSMUSG00000087067	0	NA	NA	0	NA	NA	NA	1
ENSMUSG00000087070	0	NA	NA	0	NA	NA	NA	1
ENSMUSG00000087080	0	NA	NA	0	NA	NA	NA	1
ENSMUSG00000087082	0	NA	NA	0	NA	NA	NA	1
ENSMUSG00000087083	0	NA	NA	0	NA	NA	NA	1
ENSMUSG00000087086	0	NA	NA	0	NA	NA	NA	1
ENSMUSG00000087088	0	NA	NA	0	NA	NA	NA	1
ENSMUSG00000087090	0	NA	NA	0	NA	NA	NA	1
ENSMUSG00000087093	0	NA	NA	0	NA	NA	NA	1
ENSMUSG00000087095	0	NA	NA	0	NA	NA	NA	1
ENSMUSG00000087108	0	NA	NA	0	NA	NA	NA	1
ENSMUSG00000087113	0	NA	NA	0	NA	NA	NA	1
ENSMUSG00000087115	0	NA	NA	0	NA	NA	NA	1
ENSMUSG00000087117	0	NA	NA	0	NA	NA	NA	1
ENSMUSG00000087120	0	NA	NA	0	NA	NA	NA	1
ENSMUSG00000087122	0	NA	NA	0	NA	NA	NA	1
ENSMUSG00000087124	0	NA	NA	0	NA	NA	NA	1
ENSMUSG00000087125	0	NA	NA	0	NA	NA	NA	1
ENSMUSG00000087127	0	NA	NA	0	NA	NA	NA	1
ENSMUSG00000087132	0	NA	NA	0	NA	NA	NA	1
ENSMUSG00000087135	0	NA	NA	0	NA	NA	NA	1
ENSMUSG00000087138	0	NA	NA	0	NA	NA	NA	1
ENSMUSG00000087139	0	NA	NA	0	NA	NA	NA	1
ENSMUSG00000087140	0	NA	NA	0	NA	NA	NA	1
ENSMUSG00000087142	0	NA	NA	0	NA	NA	NA	1
ENSMUSG00000087147	0	NA	NA	0	NA	NA	NA	1
ENSMUSG00000087158	0	NA	NA	0	NA	NA	NA	1
ENSMUSG00000087160	0	NA	NA	0	NA	NA	NA	1
ENSMUSG00000087163	0	NA	NA	0	NA	NA	NA	1
ENSMUSG00000087164	0	NA	NA	0	NA	NA	NA	1
ENSMUSG00000087165	0	NA	NA	0	NA	NA	NA	1
ENSMUSG00000087168	0	NA	NA	0	NA	NA	NA	1
ENSMUSG00000087170	0	NA	NA	0	NA	NA	NA	1
ENSMUSG00000087173	0	NA	NA	0	NA	NA	NA	1
ENSMUSG00000087176	0	NA	NA	0	NA	NA	NA	1
ENSMUSG00000087177	0	NA	NA	0	NA	NA	NA	1
ENSMUSG00000087184	0	NA	NA	0	NA	NA	NA	1
ENSMUSG00000087187	0	NA	NA	0	NA	NA	NA	1
ENSMUSG00000087190	0	NA	NA	0	NA	NA	NA	1
ENSMUSG00000087192	0	NA	NA	0	NA	NA	NA	1
ENSMUSG00000087205	0	NA	NA	0	NA	NA	NA	1
ENSMUSG00000087206	0	NA	NA	0	NA	NA	NA	1
ENSMUSG00000087210	0	NA	NA	0	NA	NA	NA	1
ENSMUSG00000087214	0	NA	NA	0	NA	NA	NA	1
ENSMUSG00000087216	0	NA	NA	0	NA	NA	NA	1
ENSMUSG00000087220	0	NA	NA	0	NA	NA	NA	1
ENSMUSG00000087221	0	NA	NA	0	NA	NA	NA	1
ENSMUSG00000087222	0	NA	NA	0	NA	NA	NA	1
ENSMUSG00000087223	0	NA	NA	0	NA	NA	NA	1
ENSMUSG00000087231	0	NA	NA	0	NA	NA	NA	1
ENSMUSG00000087240	0	NA	NA	0	NA	NA	NA	1
ENSMUSG00000087241	0	NA	NA	0	NA	NA	NA	1
ENSMUSG00000087242	0	NA	NA	0	NA	NA	NA	1
ENSMUSG00000087248	0	NA	NA	0	NA	NA	NA	1
ENSMUSG00000087249	0	NA	NA	0	NA	NA	NA	1
ENSMUSG00000087250	0	NA	NA	0	NA	NA	NA	1
ENSMUSG00000087252	0	NA	NA	0	NA	NA	NA	1
ENSMUSG00000087253	0	NA	NA	0	NA	NA	NA	1
ENSMUSG00000087256	0	NA	NA	0	NA	NA	NA	1
ENSMUSG00000087261	0	NA	NA	0	NA	NA	NA	1
ENSMUSG00000087263	0	NA	NA	0	NA	NA	NA	1
ENSMUSG00000087269	0	NA	NA	0	NA	NA	NA	1
ENSMUSG00000087276	0	NA	NA	0	NA	NA	NA	1
ENSMUSG00000087277	0	NA	NA	0	NA	NA	NA	1
ENSMUSG00000087278	0	NA	NA	0	NA	NA	NA	1
ENSMUSG00000087281	0	NA	NA	0	NA	NA	NA	1
ENSMUSG00000087288	0	NA	NA	0	NA	NA	NA	1
ENSMUSG00000087290	0	NA	NA	0	NA	NA	NA	1
ENSMUSG00000087291	0	NA	NA	0	NA	NA	NA	1
ENSMUSG00000087294	0	NA	NA	0	NA	NA	NA	1
ENSMUSG00000087295	0	NA	NA	0	NA	NA	NA	1
ENSMUSG00000087299	0	NA	NA	0	NA	NA	NA	1
ENSMUSG00000087300	0	NA	NA	0	NA	NA	NA	1
ENSMUSG00000087301	0	NA	NA	0	NA	NA	NA	1
ENSMUSG00000087302	0	NA	NA	0	NA	NA	NA	1
ENSMUSG00000087305	0	NA	NA	0	NA	NA	NA	1
ENSMUSG00000087306	0	NA	NA	0	NA	NA	NA	1
ENSMUSG00000087308	0	NA	NA	0	NA	NA	NA	1
ENSMUSG00000087314	0	NA	NA	0	NA	NA	NA	1
ENSMUSG00000087319	0	NA	NA	0	NA	NA	NA	1
ENSMUSG00000087323	0	NA	NA	0	NA	NA	NA	1
ENSMUSG00000087326	0	NA	NA	0	NA	NA	NA	1
ENSMUSG00000087331	0	NA	NA	0	NA	NA	NA	1
ENSMUSG00000087332	0	NA	NA	0	NA	NA	NA	1
ENSMUSG00000087334	0	NA	NA	0	NA	NA	NA	1
ENSMUSG00000087335	0	NA	NA	0	NA	NA	NA	1
ENSMUSG00000087336	0	NA	NA	0	NA	NA	NA	1
ENSMUSG00000087341	0	NA	NA	0	NA	NA	NA	1
ENSMUSG00000087347	0	NA	NA	0	NA	NA	NA	1
ENSMUSG00000087348	0	NA	NA	0	NA	NA	NA	1
ENSMUSG00000087351	0	NA	NA	0	NA	NA	NA	1
ENSMUSG00000087352	0	NA	NA	0	NA	NA	NA	1
ENSMUSG00000087354	0	NA	NA	0	NA	NA	NA	1
ENSMUSG00000087355	0	NA	NA	0	NA	NA	NA	1
ENSMUSG00000087361	0	NA	NA	0	NA	NA	NA	1
ENSMUSG00000087362	0	NA	NA	0	NA	NA	NA	1
ENSMUSG00000087363	0	NA	NA	0	NA	NA	NA	1
ENSMUSG00000087368	0	NA	NA	0	NA	NA	NA	1
ENSMUSG00000087369	0	NA	NA	0	NA	NA	NA	1
ENSMUSG00000087371	0	NA	NA	0	NA	NA	NA	1
ENSMUSG00000087377	0	NA	NA	0	NA	NA	NA	1
ENSMUSG00000087378	0	NA	NA	0	NA	NA	NA	1
ENSMUSG00000087381	0	NA	NA	0	NA	NA	NA	1
ENSMUSG00000087382	0	NA	NA	0	NA	NA	NA	1
ENSMUSG00000087383	0	NA	NA	0	NA	NA	NA	1
ENSMUSG00000087384	0	NA	NA	0	NA	NA	NA	1
ENSMUSG00000087386	0	NA	NA	0	NA	NA	NA	1
ENSMUSG00000087387	0	NA	NA	0	NA	NA	NA	1
ENSMUSG00000087390	0	NA	NA	0	NA	NA	NA	1
ENSMUSG00000087393	0	NA	NA	0	NA	NA	NA	1
ENSMUSG00000087394	0	NA	NA	0	NA	NA	NA	1
ENSMUSG00000087395	0	NA	NA	0	NA	NA	NA	1
ENSMUSG00000087397	0	NA	NA	0	NA	NA	NA	1
ENSMUSG00000087398	0	NA	NA	0	NA	NA	NA	1
ENSMUSG00000087399	0	NA	NA	0	NA	NA	NA	1
ENSMUSG00000087401	0	NA	NA	0	NA	NA	NA	1
ENSMUSG00000087404	0	NA	NA	0	NA	NA	NA	1
ENSMUSG00000087405	0	NA	NA	0	NA	NA	NA	1
ENSMUSG00000087407	0	NA	NA	0	NA	NA	NA	1
ENSMUSG00000087410	0	NA	NA	0	NA	NA	NA	1
ENSMUSG00000087413	0	NA	NA	0	NA	NA	NA	1
ENSMUSG00000087417	0	NA	NA	0	NA	NA	NA	1
ENSMUSG00000087429	0	NA	NA	0	NA	NA	NA	1
ENSMUSG00000087430	0	NA	NA	0	NA	NA	NA	1
ENSMUSG00000087432	0	NA	NA	0	NA	NA	NA	1
ENSMUSG00000087433	0	NA	NA	0	NA	NA	NA	1
ENSMUSG00000087434	0	NA	NA	0	NA	NA	NA	1
ENSMUSG00000087435	0	NA	NA	0	NA	NA	NA	1
ENSMUSG00000087436	0	NA	NA	0	NA	NA	NA	1
ENSMUSG00000087439	0	NA	NA	0	NA	NA	NA	1
ENSMUSG00000087442	0	NA	NA	0	NA	NA	NA	1
ENSMUSG00000087443	0	NA	NA	0	NA	NA	NA	1
ENSMUSG00000087444	0	NA	NA	0	NA	NA	NA	1
ENSMUSG00000087449	0	NA	NA	0	NA	NA	NA	1
ENSMUSG00000087450	0	NA	NA	0	NA	NA	NA	1
ENSMUSG00000087451	0	NA	NA	0	NA	NA	NA	1
ENSMUSG00000087459	0	NA	NA	0	NA	NA	NA	1
ENSMUSG00000087460	0	NA	NA	0	NA	NA	NA	1
ENSMUSG00000087470	0	NA	NA	0	NA	NA	NA	1
ENSMUSG00000087473	0	NA	NA	0	NA	NA	NA	1
ENSMUSG00000087475	0	NA	NA	0	NA	NA	NA	1
ENSMUSG00000087476	0	NA	NA	0	NA	NA	NA	1
ENSMUSG00000087480	0	NA	NA	0	NA	NA	NA	1
ENSMUSG00000087486	0	NA	NA	0	NA	NA	NA	1
ENSMUSG00000087487	0	NA	NA	0	NA	NA	NA	1
ENSMUSG00000087492	0	NA	NA	0	NA	NA	NA	1
ENSMUSG00000087497	0	NA	NA	0	NA	NA	NA	1
ENSMUSG00000087500	0	NA	NA	0	NA	NA	NA	1
ENSMUSG00000087501	0	NA	NA	0	NA	NA	NA	1
ENSMUSG00000087505	0	NA	NA	0	NA	NA	NA	1
ENSMUSG00000087510	0	NA	NA	0	NA	NA	NA	1
ENSMUSG00000087515	0	NA	NA	0	NA	NA	NA	1
ENSMUSG00000087517	0	NA	NA	0	NA	NA	NA	1
ENSMUSG00000087519	0	NA	NA	0	NA	NA	NA	1
ENSMUSG00000087521	0	NA	NA	0	NA	NA	NA	1
ENSMUSG00000087523	0	NA	NA	0	NA	NA	NA	1
ENSMUSG00000087525	0	NA	NA	0	NA	NA	NA	1
ENSMUSG00000087527	0	NA	NA	0	NA	NA	NA	1
ENSMUSG00000087528	0	NA	NA	0	NA	NA	NA	1
ENSMUSG00000087530	0	NA	NA	0	NA	NA	NA	1
ENSMUSG00000087532	0	NA	NA	0	NA	NA	NA	1
ENSMUSG00000087534	0	NA	NA	0	NA	NA	NA	1
ENSMUSG00000087535	0	NA	NA	0	NA	NA	NA	1
ENSMUSG00000087539	0	NA	NA	0	NA	NA	NA	1
ENSMUSG00000087541	0	NA	NA	0	NA	NA	NA	1
ENSMUSG00000087549	0	NA	NA	0	NA	NA	NA	1
ENSMUSG00000087550	0	NA	NA	0	NA	NA	NA	1
ENSMUSG00000087555	0	NA	NA	0	NA	NA	NA	1
ENSMUSG00000087556	0	NA	NA	0	NA	NA	NA	1
ENSMUSG00000087563	0	NA	NA	0	NA	NA	NA	1
ENSMUSG00000087564	0	NA	NA	0	NA	NA	NA	1
ENSMUSG00000087565	0	NA	NA	0	NA	NA	NA	1
ENSMUSG00000087568	0	NA	NA	0	NA	NA	NA	1
ENSMUSG00000087571	0	NA	NA	0	NA	NA	NA	1
ENSMUSG00000087578	0	NA	NA	0	NA	NA	NA	1
ENSMUSG00000087579	0	NA	NA	0	NA	NA	NA	1
ENSMUSG00000087589	0	NA	NA	0	NA	NA	NA	1
ENSMUSG00000087591	0	NA	NA	0	NA	NA	NA	1
ENSMUSG00000087592	0	NA	NA	0	NA	NA	NA	1
ENSMUSG00000087593	0	NA	NA	0	NA	NA	NA	1
ENSMUSG00000087596	0	NA	NA	0	NA	NA	NA	1
ENSMUSG00000087597	0	NA	NA	0	NA	NA	NA	1
ENSMUSG00000087601	0	NA	NA	0	NA	NA	NA	1
ENSMUSG00000087605	0	NA	NA	0	NA	NA	NA	1
ENSMUSG00000087606	0	NA	NA	0	NA	NA	NA	1
ENSMUSG00000087607	0	NA	NA	0	NA	NA	NA	1
ENSMUSG00000087611	0	NA	NA	0	NA	NA	NA	1
ENSMUSG00000087614	0	NA	NA	0	NA	NA	NA	1
ENSMUSG00000087615	0	NA	NA	0	NA	NA	NA	1
ENSMUSG00000087617	0	NA	NA	0	NA	NA	NA	1
ENSMUSG00000087618	0	NA	NA	0	NA	NA	NA	1
ENSMUSG00000087622	0	NA	NA	0	NA	NA	NA	1
ENSMUSG00000087623	0	NA	NA	0	NA	NA	NA	1
ENSMUSG00000087625	0	NA	NA	0	NA	NA	NA	1
ENSMUSG00000087626	0	NA	NA	0	NA	NA	NA	1
ENSMUSG00000087628	0	NA	NA	0	NA	NA	NA	1
ENSMUSG00000087629	0	NA	NA	0	NA	NA	NA	1
ENSMUSG00000087630	0	NA	NA	0	NA	NA	NA	1
ENSMUSG00000087633	0	NA	NA	0	NA	NA	NA	1
ENSMUSG00000087637	0	NA	NA	0	NA	NA	NA	1
ENSMUSG00000087639	0	NA	NA	0	NA	NA	NA	1
ENSMUSG00000087640	0	NA	NA	0	NA	NA	NA	1
ENSMUSG00000087646	0	NA	NA	0	NA	NA	NA	1
ENSMUSG00000087648	0	NA	NA	0	NA	NA	NA	1
ENSMUSG00000087652	0	NA	NA	0	NA	NA	NA	1
ENSMUSG00000087658	0	NA	NA	0	NA	NA	NA	1
ENSMUSG00000087659	0	NA	NA	0	NA	NA	NA	1
ENSMUSG00000087660	0	NA	NA	0	NA	NA	NA	1
ENSMUSG00000087662	0	NA	NA	0	NA	NA	NA	1
ENSMUSG00000087667	0	NA	NA	0	NA	NA	NA	1
ENSMUSG00000087669	0	NA	NA	0	NA	NA	NA	1
ENSMUSG00000087675	0	NA	NA	0	NA	NA	NA	1
ENSMUSG00000087682	0	NA	NA	0	NA	NA	NA	1
ENSMUSG00000087683	0	NA	NA	0	NA	NA	NA	1
ENSMUSG00000087690	0	NA	NA	0	NA	NA	NA	1
ENSMUSG00000087692	0	NA	NA	0	NA	NA	NA	1
ENSMUSG00000087693	0	NA	NA	0	NA	NA	NA	1
ENSMUSG00000087695	0	NA	NA	0	NA	NA	NA	1
ENSMUSG00000087698	0	NA	NA	0	NA	NA	NA	1
ENSMUSG00000087700	0	NA	NA	0	NA	NA	NA	1
ENSMUSG00000087703	0	NA	NA	0	NA	NA	NA	1
ENSMUSG00000087704	0	NA	NA	0	NA	NA	NA	1
ENSMUSG00000089636	0	NA	NA	0	NA	NA	NA	1
ENSMUSG00000089653	0	NA	NA	0	NA	NA	NA	1
ENSMUSG00000089655	0	NA	NA	0	NA	NA	NA	1
ENSMUSG00000089656	0	NA	NA	0	NA	NA	NA	1
ENSMUSG00000089663	0	NA	NA	0	NA	NA	NA	1
ENSMUSG00000089671	0	NA	NA	0	NA	NA	NA	1
ENSMUSG00000089680	0	NA	NA	0	NA	NA	NA	1
ENSMUSG00000089697	0	NA	NA	0	NA	NA	NA	1
ENSMUSG00000089702	0	NA	NA	0	NA	NA	NA	1
ENSMUSG00000089710	0	NA	NA	0	NA	NA	NA	1
ENSMUSG00000089711	0	NA	NA	0	NA	NA	NA	1
ENSMUSG00000089713	0	NA	NA	0	NA	NA	NA	1
ENSMUSG00000089718	0	NA	NA	0	NA	NA	NA	1
ENSMUSG00000089729	0	NA	NA	0	NA	NA	NA	1
ENSMUSG00000089730	0	NA	NA	0	NA	NA	NA	1
ENSMUSG00000089760	0	NA	NA	0	NA	NA	NA	1
ENSMUSG00000089766	0	NA	NA	0	NA	NA	NA	1
ENSMUSG00000089767	0	NA	NA	0	NA	NA	NA	1
ENSMUSG00000089779	0	NA	NA	0	NA	NA	NA	1
ENSMUSG00000089781	0	NA	NA	0	NA	NA	NA	1
ENSMUSG00000089810	0	NA	NA	0	NA	NA	NA	1
ENSMUSG00000089815	0	NA	NA	0	NA	NA	NA	1
ENSMUSG00000089819	0	NA	NA	0	NA	NA	NA	1
ENSMUSG00000089820	0	NA	NA	0	NA	NA	NA	1
ENSMUSG00000089821	0	NA	NA	0	NA	NA	NA	1
ENSMUSG00000089822	0	NA	NA	0	NA	NA	NA	1
ENSMUSG00000089827	0	NA	NA	0	NA	NA	NA	1
ENSMUSG00000089829	0	NA	NA	0	NA	NA	NA	1
ENSMUSG00000089830	0	NA	NA	0	NA	NA	NA	1
ENSMUSG00000089833	0	NA	NA	0	NA	NA	NA	1
ENSMUSG00000089849	0	NA	NA	0	NA	NA	NA	1
ENSMUSG00000089874	0	NA	NA	0	NA	NA	NA	1
ENSMUSG00000089875	0	NA	NA	0	NA	NA	NA	1
ENSMUSG00000089879	0	NA	NA	0	NA	NA	NA	1
ENSMUSG00000089887	0	NA	NA	0	NA	NA	NA	1
ENSMUSG00000089890	0	NA	NA	0	NA	NA	NA	1
ENSMUSG00000089898	0	NA	NA	0	NA	NA	NA	1
ENSMUSG00000089902	0	NA	NA	0	NA	NA	NA	1
ENSMUSG00000089924	0	NA	NA	0	NA	NA	NA	1
ENSMUSG00000089926	0	NA	NA	0	NA	NA	NA	1
ENSMUSG00000089934	0	NA	NA	0	NA	NA	NA	1
ENSMUSG00000089947	0	NA	NA	0	NA	NA	NA	1
ENSMUSG00000089957	0	NA	NA	0	NA	NA	NA	1
ENSMUSG00000089964	0	NA	NA	0	NA	NA	NA	1
ENSMUSG00000089998	0	NA	NA	0	NA	NA	NA	1
ENSMUSG00000090005	0	NA	NA	0	NA	NA	NA	1
ENSMUSG00000090009	0	NA	NA	0	NA	NA	NA	1
ENSMUSG00000090016	0	NA	NA	0	NA	NA	NA	1
ENSMUSG00000090023	0	NA	NA	0	NA	NA	NA	1
ENSMUSG00000090024	0	NA	NA	0	NA	NA	NA	1
ENSMUSG00000090026	0	NA	NA	0	NA	NA	NA	1
ENSMUSG00000090039	0	NA	NA	0	NA	NA	NA	1
ENSMUSG00000090048	0	NA	NA	0	NA	NA	NA	1
ENSMUSG00000090050	0	NA	NA	0	NA	NA	NA	1
ENSMUSG00000090057	0	NA	NA	0	NA	NA	NA	1
ENSMUSG00000090069	0	NA	NA	0	NA	NA	NA	1
ENSMUSG00000090079	0	NA	NA	0	NA	NA	NA	1
ENSMUSG00000090081	0	NA	NA	0	NA	NA	NA	1
ENSMUSG00000090088	0	NA	NA	0	NA	NA	NA	1
ENSMUSG00000090101	0	NA	NA	0	NA	NA	NA	1
ENSMUSG00000090103	0	NA	NA	0	NA	NA	NA	1
ENSMUSG00000090117	0	NA	NA	0	NA	NA	NA	1
ENSMUSG00000090118	0	NA	NA	0	NA	NA	NA	1
ENSMUSG00000090120	0	NA	NA	0	NA	NA	NA	1
ENSMUSG00000090135	0	NA	NA	0	NA	NA	NA	1
ENSMUSG00000090151	0	NA	NA	0	NA	NA	NA	1
ENSMUSG00000090157	0	NA	NA	0	NA	NA	NA	1
ENSMUSG00000090160	0	NA	NA	0	NA	NA	NA	1
ENSMUSG00000090168	0	NA	NA	0	NA	NA	NA	1
ENSMUSG00000090192	0	NA	NA	0	NA	NA	NA	1
ENSMUSG00000090193	0	NA	NA	0	NA	NA	NA	1
ENSMUSG00000090200	0	NA	NA	0	NA	NA	NA	1
ENSMUSG00000090207	0	NA	NA	0	NA	NA	NA	1
ENSMUSG00000090208	0	NA	NA	0	NA	NA	NA	1
ENSMUSG00000090214	0	NA	NA	0	NA	NA	NA	1
ENSMUSG00000090216	0	NA	NA	0	NA	NA	NA	1
ENSMUSG00000090226	0	NA	NA	0	NA	NA	NA	1
ENSMUSG00000090235	0	NA	NA	0	NA	NA	NA	1
ENSMUSG00000090237	0	NA	NA	0	NA	NA	NA	1
ENSMUSG00000090246	0	NA	NA	0	NA	NA	NA	1
ENSMUSG00000090255	0	NA	NA	0	NA	NA	NA	1
ENSMUSG00000090260	0	NA	NA	0	NA	NA	NA	1
ENSMUSG00000090284	0	NA	NA	0	NA	NA	NA	1
ENSMUSG00000090293	0	NA	NA	0	NA	NA	NA	1
ENSMUSG00000090317	0	NA	NA	0	NA	NA	NA	1
ENSMUSG00000090322	0	NA	NA	0	NA	NA	NA	1
ENSMUSG00000090327	0	NA	NA	0	NA	NA	NA	1
ENSMUSG00000090330	0	NA	NA	0	NA	NA	NA	1
ENSMUSG00000090357	0	NA	NA	0	NA	NA	NA	1
ENSMUSG00000090370	0	NA	NA	0	NA	NA	NA	1
ENSMUSG00000090374	0	NA	NA	0	NA	NA	NA	1
ENSMUSG00000090397	0	NA	NA	0	NA	NA	NA	1
ENSMUSG00000090406	0	NA	NA	0	NA	NA	NA	1
ENSMUSG00000090457	0	NA	NA	0	NA	NA	NA	1
ENSMUSG00000090459	0	NA	NA	0	NA	NA	NA	1
ENSMUSG00000090464	0	NA	NA	0	NA	NA	NA	1
ENSMUSG00000090500	0	NA	NA	0	NA	NA	NA	1
ENSMUSG00000090534	0	NA	NA	0	NA	NA	NA	1
ENSMUSG00000090546	0	NA	NA	0	NA	NA	NA	1
ENSMUSG00000090565	0	NA	NA	0	NA	NA	NA	1
ENSMUSG00000090576	0	NA	NA	0	NA	NA	NA	1
ENSMUSG00000090582	0	NA	NA	0	NA	NA	NA	1
ENSMUSG00000090589	0	NA	NA	0	NA	NA	NA	1
ENSMUSG00000090638	0	NA	NA	0	NA	NA	NA	1
ENSMUSG00000090642	0	NA	NA	0	NA	NA	NA	1
ENSMUSG00000090692	0	NA	NA	0	NA	NA	NA	1
ENSMUSG00000090706	0	NA	NA	0	NA	NA	NA	1
ENSMUSG00000090708	0	NA	NA	0	NA	NA	NA	1
ENSMUSG00000090709	0	NA	NA	0	NA	NA	NA	1
ENSMUSG00000090758	0	NA	NA	0	NA	NA	NA	1
ENSMUSG00000090761	0	NA	NA	0	NA	NA	NA	1
ENSMUSG00000090778	0	NA	NA	0	NA	NA	NA	1
ENSMUSG00000090779	0	NA	NA	0	NA	NA	NA	1
ENSMUSG00000090785	0	NA	NA	0	NA	NA	NA	1
ENSMUSG00000090861	0	NA	NA	0	NA	NA	NA	1
ENSMUSG00000090873	0	NA	NA	0	NA	NA	NA	1
ENSMUSG00000090891	0	NA	NA	0	NA	NA	NA	1
ENSMUSG00000090907	0	NA	NA	0	NA	NA	NA	1
ENSMUSG00000090925	0	NA	NA	0	NA	NA	NA	1
ENSMUSG00000090936	0	NA	NA	0	NA	NA	NA	1
ENSMUSG00000090964	0	NA	NA	0	NA	NA	NA	1
ENSMUSG00000090965	0	NA	NA	0	NA	NA	NA	1
ENSMUSG00000090990	0	NA	NA	0	NA	NA	NA	1
ENSMUSG00000091021	0	NA	NA	0	NA	NA	NA	1
ENSMUSG00000091050	0	NA	NA	0	NA	NA	NA	1
ENSMUSG00000091078	0	NA	NA	0	NA	NA	NA	1
ENSMUSG00000091133	0	NA	NA	0	NA	NA	NA	1
ENSMUSG00000091165	0	NA	NA	0	NA	NA	NA	1
ENSMUSG00000091184	0	NA	NA	0	NA	NA	NA	1
ENSMUSG00000091192	0	NA	NA	0	NA	NA	NA	1
ENSMUSG00000091237	0	NA	NA	0	NA	NA	NA	1
ENSMUSG00000091283	0	NA	NA	0	NA	NA	NA	1
ENSMUSG00000091297	0	NA	NA	0	NA	NA	NA	1
ENSMUSG00000091329	0	NA	NA	0	NA	NA	NA	1
ENSMUSG00000091351	0	NA	NA	0	NA	NA	NA	1
ENSMUSG00000091370	0	NA	NA	0	NA	NA	NA	1
ENSMUSG00000091378	0	NA	NA	0	NA	NA	NA	1
ENSMUSG00000091390	0	NA	NA	0	NA	NA	NA	1
ENSMUSG00000091393	0	NA	NA	0	NA	NA	NA	1
ENSMUSG00000091430	0	NA	NA	0	NA	NA	NA	1
ENSMUSG00000091438	0	NA	NA	0	NA	NA	NA	1
ENSMUSG00000091443	0	NA	NA	0	NA	NA	NA	1
ENSMUSG00000091475	0	NA	NA	0	NA	NA	NA	1
ENSMUSG00000091479	0	NA	NA	0	NA	NA	NA	1
ENSMUSG00000091492	0	NA	NA	0	NA	NA	NA	1
ENSMUSG00000091510	0	NA	NA	0	NA	NA	NA	1
ENSMUSG00000091514	0	NA	NA	0	NA	NA	NA	1
ENSMUSG00000091523	0	NA	NA	0	NA	NA	NA	1
ENSMUSG00000091526	0	NA	NA	0	NA	NA	NA	1
ENSMUSG00000091575	0	NA	NA	0	NA	NA	NA	1
ENSMUSG00000091623	0	NA	NA	0	NA	NA	NA	1
ENSMUSG00000091659	0	NA	NA	0	NA	NA	NA	1
ENSMUSG00000091686	0	NA	NA	0	NA	NA	NA	1
ENSMUSG00000091908	0	NA	NA	0	NA	NA	NA	1
ENSMUSG00000091937	0	NA	NA	0	NA	NA	NA	1
ENSMUSG00000091985	0	NA	NA	0	NA	NA	NA	1
ENSMUSG00000091993	0	NA	NA	0	NA	NA	NA	1
ENSMUSG00000092042	0	NA	NA	0	NA	NA	NA	1
ENSMUSG00000092085	0	NA	NA	0	NA	NA	NA	1
ENSMUSG00000092090	0	NA	NA	0	NA	NA	NA	1
ENSMUSG00000092134	0	NA	NA	0	NA	NA	NA	1
ENSMUSG00000092176	0	NA	NA	0	NA	NA	NA	1
ENSMUSG00000092182	0	NA	NA	0	NA	NA	NA	1
ENSMUSG00000092183	0	NA	NA	0	NA	NA	NA	1
ENSMUSG00000092187	0	NA	NA	0	NA	NA	NA	1
ENSMUSG00000092188	0	NA	NA	0	NA	NA	NA	1
ENSMUSG00000092190	0	NA	NA	0	NA	NA	NA	1
ENSMUSG00000092203	0	NA	NA	0	NA	NA	NA	1
ENSMUSG00000092218	0	NA	NA	0	NA	NA	NA	1
ENSMUSG00000092220	0	NA	NA	0	NA	NA	NA	1
ENSMUSG00000092241	0	NA	NA	0	NA	NA	NA	1
ENSMUSG00000092258	0	NA	NA	0	NA	NA	NA	1
ENSMUSG00000092272	0	NA	NA	0	NA	NA	NA	1
ENSMUSG00000092283	0	NA	NA	0	NA	NA	NA	1
ENSMUSG00000092286	0	NA	NA	0	NA	NA	NA	1
ENSMUSG00000092338	0	NA	NA	0	NA	NA	NA	1
ENSMUSG00000092353	0	NA	NA	0	NA	NA	NA	1
ENSMUSG00000092354	0	NA	NA	0	NA	NA	NA	1
ENSMUSG00000092364	0	NA	NA	0	NA	NA	NA	1
ENSMUSG00000092368	0	NA	NA	0	NA	NA	NA	1
ENSMUSG00000092369	0	NA	NA	0	NA	NA	NA	1
ENSMUSG00000092373	0	NA	NA	0	NA	NA	NA	1
ENSMUSG00000092381	0	NA	NA	0	NA	NA	NA	1
ENSMUSG00000092386	0	NA	NA	0	NA	NA	NA	1
ENSMUSG00000092389	0	NA	NA	0	NA	NA	NA	1
ENSMUSG00000092395	0	NA	NA	0	NA	NA	NA	1
ENSMUSG00000092402	0	NA	NA	0	NA	NA	NA	1
ENSMUSG00000092404	0	NA	NA	0	NA	NA	NA	1
ENSMUSG00000092412	0	NA	NA	0	NA	NA	NA	1
ENSMUSG00000092455	0	NA	NA	0	NA	NA	NA	1
ENSMUSG00000092469	0	NA	NA	0	NA	NA	NA	1
ENSMUSG00000092482	0	NA	NA	0	NA	NA	NA	1
ENSMUSG00000092483	0	NA	NA	0	NA	NA	NA	1
ENSMUSG00000092495	0	NA	NA	0	NA	NA	NA	1
ENSMUSG00000092503	0	NA	NA	0	NA	NA	NA	1
ENSMUSG00000092515	0	NA	NA	0	NA	NA	NA	1
ENSMUSG00000092525	0	NA	NA	0	NA	NA	NA	1
ENSMUSG00000092536	0	NA	NA	0	NA	NA	NA	1
ENSMUSG00000092539	0	NA	NA	0	NA	NA	NA	1
ENSMUSG00000092545	0	NA	NA	0	NA	NA	NA	1
ENSMUSG00000092570	0	NA	NA	0	NA	NA	NA	1
ENSMUSG00000092595	0	NA	NA	0	NA	NA	NA	1
ENSMUSG00000092596	0	NA	NA	0	NA	NA	NA	1
ENSMUSG00000092609	0	NA	NA	0	NA	NA	NA	1
ENSMUSG00000092626	0	NA	NA	0	NA	NA	NA	1
ENSMUSG00000093386	0	NA	NA	0	NA	NA	NA	1
ENSMUSG00000093394	0	NA	NA	0	NA	NA	NA	1
ENSMUSG00000093405	0	NA	NA	0	NA	NA	NA	1
ENSMUSG00000093424	0	NA	NA	0	NA	NA	NA	1
ENSMUSG00000093460	0	NA	NA	0	NA	NA	NA	1
ENSMUSG00000093472	0	NA	NA	0	NA	NA	NA	1
ENSMUSG00000093483	0	NA	NA	0	NA	NA	NA	1
ENSMUSG00000093507	0	NA	NA	0	NA	NA	NA	1
ENSMUSG00000093553	0	NA	NA	0	NA	NA	NA	1
ENSMUSG00000093557	0	NA	NA	0	NA	NA	NA	1
ENSMUSG00000093568	0	NA	NA	0	NA	NA	NA	1
ENSMUSG00000093573	0	NA	NA	0	NA	NA	NA	1
ENSMUSG00000093577	0	NA	NA	0	NA	NA	NA	1
ENSMUSG00000093579	0	NA	NA	0	NA	NA	NA	1
ENSMUSG00000093606	0	NA	NA	0	NA	NA	NA	1
ENSMUSG00000093616	0	NA	NA	0	NA	NA	NA	1
ENSMUSG00000093619	0	NA	NA	0	NA	NA	NA	1
ENSMUSG00000093634	0	NA	NA	0	NA	NA	NA	1
ENSMUSG00000093637	0	NA	NA	0	NA	NA	NA	1
ENSMUSG00000093650	0	NA	NA	0	NA	NA	NA	1
ENSMUSG00000093656	0	NA	NA	0	NA	NA	NA	1
ENSMUSG00000093682	0	NA	NA	0	NA	NA	NA	1
ENSMUSG00000093695	0	NA	NA	0	NA	NA	NA	1
ENSMUSG00000093697	0	NA	NA	0	NA	NA	NA	1
ENSMUSG00000093720	0	NA	NA	0	NA	NA	NA	1
ENSMUSG00000093721	0	NA	NA	0	NA	NA	NA	1
ENSMUSG00000093726	0	NA	NA	0	NA	NA	NA	1
ENSMUSG00000093738	0	NA	NA	0	NA	NA	NA	1
ENSMUSG00000093744	0	NA	NA	0	NA	NA	NA	1
ENSMUSG00000093749	0	NA	NA	0	NA	NA	NA	1
ENSMUSG00000093753	0	NA	NA	0	NA	NA	NA	1
ENSMUSG00000093759	0	NA	NA	0	NA	NA	NA	1
ENSMUSG00000093765	0	NA	NA	0	NA	NA	NA	1
ENSMUSG00000093768	0	NA	NA	0	NA	NA	NA	1
ENSMUSG00000093772	0	NA	NA	0	NA	NA	NA	1
ENSMUSG00000093812	0	NA	NA	0	NA	NA	NA	1
ENSMUSG00000094365	0	NA	NA	0	NA	NA	NA	1
ENSMUSG00000094613	0	NA	NA	0	NA	NA	NA	1
ENSMUSG00000094707	0	NA	NA	0	NA	NA	NA	1
ENSMUSG00000094719	0	NA	NA	0	NA	NA	NA	1
ENSMUSG00000094732	0	NA	NA	0	NA	NA	NA	1
ENSMUSG00000094841	0	NA	NA	0	NA	NA	NA	1
ENSMUSG00000095332	0	NA	NA	0	NA	NA	NA	1
ENSMUSG00000095334	0	NA	NA	0	NA	NA	NA	1
ENSMUSG00000095385	0	NA	NA	0	NA	NA	NA	1
ENSMUSG00000095438	0	NA	NA	0	NA	NA	NA	1
ENSMUSG00000095663	0	NA	NA	0	NA	NA	NA	1
ENSMUSG00000095913	0	NA	NA	0	NA	NA	NA	1
ENSMUSG00000095956	0	NA	NA	0	NA	NA	NA	1
ENSMUSG00000096052	0	NA	NA	0	NA	NA	NA	1
ENSMUSG00000096056	0	NA	NA	0	NA	NA	NA	1
ENSMUSG00000096221	0	NA	NA	0	NA	NA	NA	1
ENSMUSG00000096553	0	NA	NA	0	NA	NA	NA	1
ENSMUSG00000096655	0	NA	NA	0	NA	NA	NA	1
ENSMUSG00000096917	0	NA	NA	0	NA	NA	NA	1
ENSMUSG00000096918	0	NA	NA	0	NA	NA	NA	1
ENSMUSG00000096922	0	NA	NA	0	NA	NA	NA	1
ENSMUSG00000096940	0	NA	NA	0	NA	NA	NA	1
ENSMUSG00000096948	0	NA	NA	0	NA	NA	NA	1
ENSMUSG00000096950	0	NA	NA	0	NA	NA	NA	1
ENSMUSG00000096953	0	NA	NA	0	NA	NA	NA	1
ENSMUSG00000096956	0	NA	NA	0	NA	NA	NA	1
ENSMUSG00000096959	0	NA	NA	0	NA	NA	NA	1
ENSMUSG00000096965	0	NA	NA	0	NA	NA	NA	1
ENSMUSG00000096971	0	NA	NA	0	NA	NA	NA	1
ENSMUSG00000096974	0	NA	NA	0	NA	NA	NA	1
ENSMUSG00000096981	0	NA	NA	0	NA	NA	NA	1
ENSMUSG00000096988	0	NA	NA	0	NA	NA	NA	1
ENSMUSG00000096991	0	NA	NA	0	NA	NA	NA	1
ENSMUSG00000096992	0	NA	NA	0	NA	NA	NA	1
ENSMUSG00000096993	0	NA	NA	0	NA	NA	NA	1
ENSMUSG00000096997	0	NA	NA	0	NA	NA	NA	1
ENSMUSG00000097000	0	NA	NA	0	NA	NA	NA	1
ENSMUSG00000097002	0	NA	NA	0	NA	NA	NA	1
ENSMUSG00000097004	0	NA	NA	0	NA	NA	NA	1
ENSMUSG00000097006	0	NA	NA	0	NA	NA	NA	1
ENSMUSG00000097007	0	NA	NA	0	NA	NA	NA	1
ENSMUSG00000097010	0	NA	NA	0	NA	NA	NA	1
ENSMUSG00000097011	0	NA	NA	0	NA	NA	NA	1
ENSMUSG00000097015	0	NA	NA	0	NA	NA	NA	1
ENSMUSG00000097016	0	NA	NA	0	NA	NA	NA	1
ENSMUSG00000097017	0	NA	NA	0	NA	NA	NA	1
ENSMUSG00000097022	0	NA	NA	0	NA	NA	NA	1
ENSMUSG00000097025	0	NA	NA	0	NA	NA	NA	1
ENSMUSG00000097027	0	NA	NA	0	NA	NA	NA	1
ENSMUSG00000097028	0	NA	NA	0	NA	NA	NA	1
ENSMUSG00000097029	0	NA	NA	0	NA	NA	NA	1
ENSMUSG00000097032	0	NA	NA	0	NA	NA	NA	1
ENSMUSG00000097035	0	NA	NA	0	NA	NA	NA	1
ENSMUSG00000097043	0	NA	NA	0	NA	NA	NA	1
ENSMUSG00000097047	0	NA	NA	0	NA	NA	NA	1
ENSMUSG00000097048	0	NA	NA	0	NA	NA	NA	1
ENSMUSG00000097057	0	NA	NA	0	NA	NA	NA	1
ENSMUSG00000097060	0	NA	NA	0	NA	NA	NA	1
ENSMUSG00000097061	0	NA	NA	0	NA	NA	NA	1
ENSMUSG00000097069	0	NA	NA	0	NA	NA	NA	1
ENSMUSG00000097076	0	NA	NA	0	NA	NA	NA	1
ENSMUSG00000097077	0	NA	NA	0	NA	NA	NA	1
ENSMUSG00000097079	0	NA	NA	0	NA	NA	NA	1
ENSMUSG00000097081	0	NA	NA	0	NA	NA	NA	1
ENSMUSG00000097085	0	NA	NA	0	NA	NA	NA	1
ENSMUSG00000097090	0	NA	NA	0	NA	NA	NA	1
ENSMUSG00000097098	0	NA	NA	0	NA	NA	NA	1
ENSMUSG00000097099	0	NA	NA	0	NA	NA	NA	1
ENSMUSG00000097100	0	NA	NA	0	NA	NA	NA	1
ENSMUSG00000097104	0	NA	NA	0	NA	NA	NA	1
ENSMUSG00000097111	0	NA	NA	0	NA	NA	NA	1
ENSMUSG00000097119	0	NA	NA	0	NA	NA	NA	1
ENSMUSG00000097124	0	NA	NA	0	NA	NA	NA	1
ENSMUSG00000097125	0	NA	NA	0	NA	NA	NA	1
ENSMUSG00000097133	0	NA	NA	0	NA	NA	NA	1
ENSMUSG00000097139	0	NA	NA	0	NA	NA	NA	1
ENSMUSG00000097146	0	NA	NA	0	NA	NA	NA	1
ENSMUSG00000097149	0	NA	NA	0	NA	NA	NA	1
ENSMUSG00000097150	0	NA	NA	0	NA	NA	NA	1
ENSMUSG00000097155	0	NA	NA	0	NA	NA	NA	1
ENSMUSG00000097163	0	NA	NA	0	NA	NA	NA	1
ENSMUSG00000097164	0	NA	NA	0	NA	NA	NA	1
ENSMUSG00000097166	0	NA	NA	0	NA	NA	NA	1
ENSMUSG00000097171	0	NA	NA	0	NA	NA	NA	1
ENSMUSG00000097174	0	NA	NA	0	NA	NA	NA	1
ENSMUSG00000097178	0	NA	NA	0	NA	NA	NA	1
ENSMUSG00000097183	0	NA	NA	0	NA	NA	NA	1
ENSMUSG00000097194	0	NA	NA	0	NA	NA	NA	1
ENSMUSG00000097195	0	NA	NA	0	NA	NA	NA	1
ENSMUSG00000097196	0	NA	NA	0	NA	NA	NA	1
ENSMUSG00000097204	0	NA	NA	0	NA	NA	NA	1
ENSMUSG00000097205	0	NA	NA	0	NA	NA	NA	1
ENSMUSG00000097209	0	NA	NA	0	NA	NA	NA	1
ENSMUSG00000097211	0	NA	NA	0	NA	NA	NA	1
ENSMUSG00000097217	0	NA	NA	0	NA	NA	NA	1
ENSMUSG00000097224	0	NA	NA	0	NA	NA	NA	1
ENSMUSG00000097226	0	NA	NA	0	NA	NA	NA	1
ENSMUSG00000097228	0	NA	NA	0	NA	NA	NA	1
ENSMUSG00000097229	0	NA	NA	0	NA	NA	NA	1
ENSMUSG00000097231	0	NA	NA	0	NA	NA	NA	1
ENSMUSG00000097233	0	NA	NA	0	NA	NA	NA	1
ENSMUSG00000097247	0	NA	NA	0	NA	NA	NA	1
ENSMUSG00000097248	0	NA	NA	0	NA	NA	NA	1
ENSMUSG00000097250	0	NA	NA	0	NA	NA	NA	1
ENSMUSG00000097251	0	NA	NA	0	NA	NA	NA	1
ENSMUSG00000097261	0	NA	NA	0	NA	NA	NA	1
ENSMUSG00000097262	0	NA	NA	0	NA	NA	NA	1
ENSMUSG00000097268	0	NA	NA	0	NA	NA	NA	1
ENSMUSG00000097271	0	NA	NA	0	NA	NA	NA	1
ENSMUSG00000097275	0	NA	NA	0	NA	NA	NA	1
ENSMUSG00000097281	0	NA	NA	0	NA	NA	NA	1
ENSMUSG00000097282	0	NA	NA	0	NA	NA	NA	1
ENSMUSG00000097283	0	NA	NA	0	NA	NA	NA	1
ENSMUSG00000097286	0	NA	NA	0	NA	NA	NA	1
ENSMUSG00000097288	0	NA	NA	0	NA	NA	NA	1
ENSMUSG00000097290	0	NA	NA	0	NA	NA	NA	1
ENSMUSG00000097303	0	NA	NA	0	NA	NA	NA	1
ENSMUSG00000097305	0	NA	NA	0	NA	NA	NA	1
ENSMUSG00000097310	0	NA	NA	0	NA	NA	NA	1
ENSMUSG00000097311	0	NA	NA	0	NA	NA	NA	1
ENSMUSG00000097318	0	NA	NA	0	NA	NA	NA	1
ENSMUSG00000097320	0	NA	NA	0	NA	NA	NA	1
ENSMUSG00000097321	0	NA	NA	0	NA	NA	NA	1
ENSMUSG00000097323	0	NA	NA	0	NA	NA	NA	1
ENSMUSG00000097346	0	NA	NA	0	NA	NA	NA	1
ENSMUSG00000097356	0	NA	NA	0	NA	NA	NA	1
ENSMUSG00000097357	0	NA	NA	0	NA	NA	NA	1
ENSMUSG00000097361	0	NA	NA	0	NA	NA	NA	1
ENSMUSG00000097362	0	NA	NA	0	NA	NA	NA	1
ENSMUSG00000097370	0	NA	NA	0	NA	NA	NA	1
ENSMUSG00000097372	0	NA	NA	0	NA	NA	NA	1
ENSMUSG00000097378	0	NA	NA	0	NA	NA	NA	1
ENSMUSG00000097381	0	NA	NA	0	NA	NA	NA	1
ENSMUSG00000097383	0	NA	NA	0	NA	NA	NA	1
ENSMUSG00000097386	0	NA	NA	0	NA	NA	NA	1
ENSMUSG00000097393	0	NA	NA	0	NA	NA	NA	1
ENSMUSG00000097397	0	NA	NA	0	NA	NA	NA	1
ENSMUSG00000097399	0	NA	NA	0	NA	NA	NA	1
ENSMUSG00000097401	0	NA	NA	0	NA	NA	NA	1
ENSMUSG00000097403	0	NA	NA	0	NA	NA	NA	1
ENSMUSG00000097404	0	NA	NA	0	NA	NA	NA	1
ENSMUSG00000097405	0	NA	NA	0	NA	NA	NA	1
ENSMUSG00000097411	0	NA	NA	0	NA	NA	NA	1
ENSMUSG00000097414	0	NA	NA	0	NA	NA	NA	1
ENSMUSG00000097430	0	NA	NA	0	NA	NA	NA	1
ENSMUSG00000097433	0	NA	NA	0	NA	NA	NA	1
ENSMUSG00000097434	0	NA	NA	0	NA	NA	NA	1
ENSMUSG00000097435	0	NA	NA	0	NA	NA	NA	1
ENSMUSG00000097439	0	NA	NA	0	NA	NA	NA	1
ENSMUSG00000097440	0	NA	NA	0	NA	NA	NA	1
ENSMUSG00000097442	0	NA	NA	0	NA	NA	NA	1
ENSMUSG00000097443	0	NA	NA	0	NA	NA	NA	1
ENSMUSG00000097456	0	NA	NA	0	NA	NA	NA	1
ENSMUSG00000097467	0	NA	NA	0	NA	NA	NA	1
ENSMUSG00000097476	0	NA	NA	0	NA	NA	NA	1
ENSMUSG00000097482	0	NA	NA	0	NA	NA	NA	1
ENSMUSG00000097486	0	NA	NA	0	NA	NA	NA	1
ENSMUSG00000097491	0	NA	NA	0	NA	NA	NA	1
ENSMUSG00000097494	0	NA	NA	0	NA	NA	NA	1
ENSMUSG00000097495	0	NA	NA	0	NA	NA	NA	1
ENSMUSG00000097497	0	NA	NA	0	NA	NA	NA	1
ENSMUSG00000097502	0	NA	NA	0	NA	NA	NA	1
ENSMUSG00000097504	0	NA	NA	0	NA	NA	NA	1
ENSMUSG00000097523	0	NA	NA	0	NA	NA	NA	1
ENSMUSG00000097525	0	NA	NA	0	NA	NA	NA	1
ENSMUSG00000097533	0	NA	NA	0	NA	NA	NA	1
ENSMUSG00000097534	0	NA	NA	0	NA	NA	NA	1
ENSMUSG00000097546	0	NA	NA	0	NA	NA	NA	1
ENSMUSG00000097558	0	NA	NA	0	NA	NA	NA	1
ENSMUSG00000097559	0	NA	NA	0	NA	NA	NA	1
ENSMUSG00000097561	0	NA	NA	0	NA	NA	NA	1
ENSMUSG00000097564	0	NA	NA	0	NA	NA	NA	1
ENSMUSG00000097569	0	NA	NA	0	NA	NA	NA	1
ENSMUSG00000097571	0	NA	NA	0	NA	NA	NA	1
ENSMUSG00000097573	0	NA	NA	0	NA	NA	NA	1
ENSMUSG00000097575	0	NA	NA	0	NA	NA	NA	1
ENSMUSG00000097576	0	NA	NA	0	NA	NA	NA	1
ENSMUSG00000097577	0	NA	NA	0	NA	NA	NA	1
ENSMUSG00000097580	0	NA	NA	0	NA	NA	NA	1
ENSMUSG00000097583	0	NA	NA	0	NA	NA	NA	1
ENSMUSG00000097587	0	NA	NA	0	NA	NA	NA	1
ENSMUSG00000097589	0	NA	NA	0	NA	NA	NA	1
ENSMUSG00000097595	0	NA	NA	0	NA	NA	NA	1
ENSMUSG00000097601	0	NA	NA	0	NA	NA	NA	1
ENSMUSG00000097604	0	NA	NA	0	NA	NA	NA	1
ENSMUSG00000097613	0	NA	NA	0	NA	NA	NA	1
ENSMUSG00000097615	0	NA	NA	0	NA	NA	NA	1
ENSMUSG00000097617	0	NA	NA	0	NA	NA	NA	1
ENSMUSG00000097620	0	NA	NA	0	NA	NA	NA	1
ENSMUSG00000097624	0	NA	NA	0	NA	NA	NA	1
ENSMUSG00000097627	0	NA	NA	0	NA	NA	NA	1
ENSMUSG00000097635	0	NA	NA	0	NA	NA	NA	1
ENSMUSG00000097637	0	NA	NA	0	NA	NA	NA	1
ENSMUSG00000097639	0	NA	NA	0	NA	NA	NA	1
ENSMUSG00000097640	0	NA	NA	0	NA	NA	NA	1
ENSMUSG00000097641	0	NA	NA	0	NA	NA	NA	1
ENSMUSG00000097650	0	NA	NA	0	NA	NA	NA	1
ENSMUSG00000097662	0	NA	NA	0	NA	NA	NA	1
ENSMUSG00000097668	0	NA	NA	0	NA	NA	NA	1
ENSMUSG00000097671	0	NA	NA	0	NA	NA	NA	1
ENSMUSG00000097673	0	NA	NA	0	NA	NA	NA	1
ENSMUSG00000097682	0	NA	NA	0	NA	NA	NA	1
ENSMUSG00000097685	0	NA	NA	0	NA	NA	NA	1
ENSMUSG00000097689	0	NA	NA	0	NA	NA	NA	1
ENSMUSG00000097690	0	NA	NA	0	NA	NA	NA	1
ENSMUSG00000097691	0	NA	NA	0	NA	NA	NA	1
ENSMUSG00000097692	0	NA	NA	0	NA	NA	NA	1
ENSMUSG00000097697	0	NA	NA	0	NA	NA	NA	1
ENSMUSG00000097699	0	NA	NA	0	NA	NA	NA	1
ENSMUSG00000097702	0	NA	NA	0	NA	NA	NA	1
ENSMUSG00000097706	0	NA	NA	0	NA	NA	NA	1
ENSMUSG00000097712	0	NA	NA	0	NA	NA	NA	1
ENSMUSG00000097724	0	NA	NA	0	NA	NA	NA	1
ENSMUSG00000097725	0	NA	NA	0	NA	NA	NA	1
ENSMUSG00000097729	0	NA	NA	0	NA	NA	NA	1
ENSMUSG00000097742	0	NA	NA	0	NA	NA	NA	1
ENSMUSG00000097744	0	NA	NA	0	NA	NA	NA	1
ENSMUSG00000097745	0	NA	NA	0	NA	NA	NA	1
ENSMUSG00000097749	0	NA	NA	0	NA	NA	NA	1
ENSMUSG00000097750	0	NA	NA	0	NA	NA	NA	1
ENSMUSG00000097752	0	NA	NA	0	NA	NA	NA	1
ENSMUSG00000097754	0	NA	NA	0	NA	NA	NA	1
ENSMUSG00000097755	0	NA	NA	0	NA	NA	NA	1
ENSMUSG00000097756	0	NA	NA	0	NA	NA	NA	1
ENSMUSG00000097760	0	NA	NA	0	NA	NA	NA	1
ENSMUSG00000097761	0	NA	NA	0	NA	NA	NA	1
ENSMUSG00000097763	0	NA	NA	0	NA	NA	NA	1
ENSMUSG00000097768	0	NA	NA	0	NA	NA	NA	1
ENSMUSG00000097772	0	NA	NA	0	NA	NA	NA	1
ENSMUSG00000097773	0	NA	NA	0	NA	NA	NA	1
ENSMUSG00000097777	0	NA	NA	0	NA	NA	NA	1
ENSMUSG00000097788	0	NA	NA	0	NA	NA	NA	1
ENSMUSG00000097792	0	NA	NA	0	NA	NA	NA	1
ENSMUSG00000097793	0	NA	NA	0	NA	NA	NA	1
ENSMUSG00000097794	0	NA	NA	0	NA	NA	NA	1
ENSMUSG00000097797	0	NA	NA	0	NA	NA	NA	1
ENSMUSG00000097804	0	NA	NA	0	NA	NA	NA	1
ENSMUSG00000097805	0	NA	NA	0	NA	NA	NA	1
ENSMUSG00000097814	0	NA	NA	0	NA	NA	NA	1
ENSMUSG00000097816	0	NA	NA	0	NA	NA	NA	1
ENSMUSG00000097817	0	NA	NA	0	NA	NA	NA	1
ENSMUSG00000097819	0	NA	NA	0	NA	NA	NA	1
ENSMUSG00000097820	0	NA	NA	0	NA	NA	NA	1
ENSMUSG00000097823	0	NA	NA	0	NA	NA	NA	1
ENSMUSG00000097825	0	NA	NA	0	NA	NA	NA	1
ENSMUSG00000097827	0	NA	NA	0	NA	NA	NA	1
ENSMUSG00000097828	0	NA	NA	0	NA	NA	NA	1
ENSMUSG00000097832	0	NA	NA	0	NA	NA	NA	1
ENSMUSG00000097836	0	NA	NA	0	NA	NA	NA	1
ENSMUSG00000097841	0	NA	NA	0	NA	NA	NA	1
ENSMUSG00000097842	0	NA	NA	0	NA	NA	NA	1
ENSMUSG00000097848	0	NA	NA	0	NA	NA	NA	1
ENSMUSG00000097870	0	NA	NA	0	NA	NA	NA	1
ENSMUSG00000097871	0	NA	NA	0	NA	NA	NA	1
ENSMUSG00000097875	0	NA	NA	0	NA	NA	NA	1
ENSMUSG00000097876	0	NA	NA	0	NA	NA	NA	1
ENSMUSG00000097881	0	NA	NA	0	NA	NA	NA	1
ENSMUSG00000097882	0	NA	NA	0	NA	NA	NA	1
ENSMUSG00000097884	0	NA	NA	0	NA	NA	NA	1
ENSMUSG00000097887	0	NA	NA	0	NA	NA	NA	1
ENSMUSG00000097892	0	NA	NA	0	NA	NA	NA	1
ENSMUSG00000097893	0	NA	NA	0	NA	NA	NA	1
ENSMUSG00000097896	0	NA	NA	0	NA	NA	NA	1
ENSMUSG00000097898	0	NA	NA	0	NA	NA	NA	1
ENSMUSG00000097899	0	NA	NA	0	NA	NA	NA	1
ENSMUSG00000097902	0	NA	NA	0	NA	NA	NA	1
ENSMUSG00000097903	0	NA	NA	0	NA	NA	NA	1
ENSMUSG00000097907	0	NA	NA	0	NA	NA	NA	1
ENSMUSG00000097914	0	NA	NA	0	NA	NA	NA	1
ENSMUSG00000097915	0	NA	NA	0	NA	NA	NA	1
ENSMUSG00000097917	0	NA	NA	0	NA	NA	NA	1
ENSMUSG00000097930	0	NA	NA	0	NA	NA	NA	1
ENSMUSG00000097932	0	NA	NA	0	NA	NA	NA	1
ENSMUSG00000097934	0	NA	NA	0	NA	NA	NA	1
ENSMUSG00000097953	0	NA	NA	0	NA	NA	NA	1
ENSMUSG00000097962	0	NA	NA	0	NA	NA	NA	1
ENSMUSG00000097967	0	NA	NA	0	NA	NA	NA	1
ENSMUSG00000097970	0	NA	NA	0	NA	NA	NA	1
ENSMUSG00000097976	0	NA	NA	0	NA	NA	NA	1
ENSMUSG00000097988	0	NA	NA	0	NA	NA	NA	1
ENSMUSG00000097990	0	NA	NA	0	NA	NA	NA	1
ENSMUSG00000097995	0	NA	NA	0	NA	NA	NA	1
ENSMUSG00000097997	0	NA	NA	0	NA	NA	NA	1
ENSMUSG00000098024	0	NA	NA	0	NA	NA	NA	1
ENSMUSG00000098027	0	NA	NA	0	NA	NA	NA	1
ENSMUSG00000098051	0	NA	NA	0	NA	NA	NA	1
ENSMUSG00000098053	0	NA	NA	0	NA	NA	NA	1
ENSMUSG00000098055	0	NA	NA	0	NA	NA	NA	1
ENSMUSG00000098088	0	NA	NA	0	NA	NA	NA	1
ENSMUSG00000098096	0	NA	NA	0	NA	NA	NA	1
ENSMUSG00000098098	0	NA	NA	0	NA	NA	NA	1
ENSMUSG00000098107	0	NA	NA	0	NA	NA	NA	1
ENSMUSG00000098108	0	NA	NA	0	NA	NA	NA	1
ENSMUSG00000098127	0	NA	NA	0	NA	NA	NA	1
ENSMUSG00000098144	0	NA	NA	0	NA	NA	NA	1
ENSMUSG00000098146	0	NA	NA	0	NA	NA	NA	1
ENSMUSG00000098150	0	NA	NA	0	NA	NA	NA	1
ENSMUSG00000098166	0	NA	NA	0	NA	NA	NA	1
ENSMUSG00000098172	0	NA	NA	0	NA	NA	NA	1
ENSMUSG00000098183	0	NA	NA	0	NA	NA	NA	1
ENSMUSG00000098184	0	NA	NA	0	NA	NA	NA	1
ENSMUSG00000098191	0	NA	NA	0	NA	NA	NA	1
ENSMUSG00000098197	0	NA	NA	0	NA	NA	NA	1
ENSMUSG00000098204	0	NA	NA	0	NA	NA	NA	1
ENSMUSG00000098233	0	NA	NA	0	NA	NA	NA	1
ENSMUSG00000098234	0	NA	NA	0	NA	NA	NA	1
ENSMUSG00000098257	0	NA	NA	0	NA	NA	NA	1
ENSMUSG00000098284	0	NA	NA	0	NA	NA	NA	1
ENSMUSG00000098295	0	NA	NA	0	NA	NA	NA	1
ENSMUSG00000098322	0	NA	NA	0	NA	NA	NA	1
ENSMUSG00000098358	0	NA	NA	0	NA	NA	NA	1
ENSMUSG00000098360	0	NA	NA	0	NA	NA	NA	1
ENSMUSG00000098370	0	NA	NA	0	NA	NA	NA	1
ENSMUSG00000098371	0	NA	NA	0	NA	NA	NA	1
ENSMUSG00000098383	0	NA	NA	0	NA	NA	NA	1
ENSMUSG00000098391	0	NA	NA	0	NA	NA	NA	1
ENSMUSG00000098434	0	NA	NA	0	NA	NA	NA	1
ENSMUSG00000098439	0	NA	NA	0	NA	NA	NA	1
ENSMUSG00000098449	0	NA	NA	0	NA	NA	NA	1
ENSMUSG00000098501	0	NA	NA	0	NA	NA	NA	1
ENSMUSG00000098515	0	NA	NA	0	NA	NA	NA	1
ENSMUSG00000098519	0	NA	NA	0	NA	NA	NA	1
ENSMUSG00000098534	0	NA	NA	0	NA	NA	NA	1
ENSMUSG00000098573	0	NA	NA	0	NA	NA	NA	1
ENSMUSG00000098609	0	NA	NA	0	NA	NA	NA	1
ENSMUSG00000098627	0	NA	NA	0	NA	NA	NA	1
ENSMUSG00000098645	0	NA	NA	0	NA	NA	NA	1
ENSMUSG00000098659	0	NA	NA	0	NA	NA	NA	1
ENSMUSG00000098684	0	NA	NA	0	NA	NA	NA	1
ENSMUSG00000098702	0	NA	NA	0	NA	NA	NA	1
ENSMUSG00000098727	0	NA	NA	0	NA	NA	NA	1
ENSMUSG00000098729	0	NA	NA	0	NA	NA	NA	1
ENSMUSG00000098739	0	NA	NA	0	NA	NA	NA	1
ENSMUSG00000098758	0	NA	NA	0	NA	NA	NA	1
ENSMUSG00000098768	0	NA	NA	0	NA	NA	NA	1
ENSMUSG00000098778	0	NA	NA	0	NA	NA	NA	1
ENSMUSG00000098800	0	NA	NA	0	NA	NA	NA	1
ENSMUSG00000098801	0	NA	NA	0	NA	NA	NA	1
ENSMUSG00000098854	0	NA	NA	0	NA	NA	NA	1
ENSMUSG00000098875	0	NA	NA	0	NA	NA	NA	1
ENSMUSG00000098889	0	NA	NA	0	NA	NA	NA	1
ENSMUSG00000098894	0	NA	NA	0	NA	NA	NA	1
ENSMUSG00000098912	0	NA	NA	0	NA	NA	NA	1
ENSMUSG00000098959	0	NA	NA	0	NA	NA	NA	1
ENSMUSG00000098975	0	NA	NA	0	NA	NA	NA	1
ENSMUSG00000099013	0	NA	NA	0	NA	NA	NA	1
ENSMUSG00000099016	0	NA	NA	0	NA	NA	NA	1
ENSMUSG00000099025	0	NA	NA	0	NA	NA	NA	1
ENSMUSG00000099051	0	NA	NA	0	NA	NA	NA	1
ENSMUSG00000099054	0	NA	NA	0	NA	NA	NA	1
ENSMUSG00000099061	0	NA	NA	0	NA	NA	NA	1
ENSMUSG00000099137	0	NA	NA	0	NA	NA	NA	1
ENSMUSG00000099146	0	NA	NA	0	NA	NA	NA	1
ENSMUSG00000099148	0	NA	NA	0	NA	NA	NA	1
ENSMUSG00000099162	0	NA	NA	0	NA	NA	NA	1
ENSMUSG00000099207	0	NA	NA	0	NA	NA	NA	1
ENSMUSG00000099329	0	NA	NA	0	NA	NA	NA	1
ENSMUSG00000099336	0	NA	NA	0	NA	NA	NA	1
ENSMUSG00000099338	0	NA	NA	0	NA	NA	NA	1
ENSMUSG00000099343	0	NA	NA	0	NA	NA	NA	1
ENSMUSG00000099349	0	NA	NA	0	NA	NA	NA	1
ENSMUSG00000099354	0	NA	NA	0	NA	NA	NA	1
ENSMUSG00000099360	0	NA	NA	0	NA	NA	NA	1
ENSMUSG00000099373	0	NA	NA	0	NA	NA	NA	1
ENSMUSG00000099392	0	NA	NA	0	NA	NA	NA	1
ENSMUSG00000099401	0	NA	NA	0	NA	NA	NA	1
ENSMUSG00000099413	0	NA	NA	0	NA	NA	NA	1
ENSMUSG00000099419	0	NA	NA	0	NA	NA	NA	1
ENSMUSG00000099446	0	NA	NA	0	NA	NA	NA	1
ENSMUSG00000099447	0	NA	NA	0	NA	NA	NA	1
ENSMUSG00000099449	0	NA	NA	0	NA	NA	NA	1
ENSMUSG00000099459	0	NA	NA	0	NA	NA	NA	1
ENSMUSG00000099470	0	NA	NA	0	NA	NA	NA	1
ENSMUSG00000099472	0	NA	NA	0	NA	NA	NA	1
ENSMUSG00000099474	0	NA	NA	0	NA	NA	NA	1
ENSMUSG00000099498	0	NA	NA	0	NA	NA	NA	1
ENSMUSG00000099502	0	NA	NA	0	NA	NA	NA	1
ENSMUSG00000099503	0	NA	NA	0	NA	NA	NA	1
ENSMUSG00000099508	0	NA	NA	0	NA	NA	NA	1
ENSMUSG00000099510	0	NA	NA	0	NA	NA	NA	1
ENSMUSG00000099519	0	NA	NA	0	NA	NA	NA	1
ENSMUSG00000099521	0	NA	NA	0	NA	NA	NA	1
ENSMUSG00000099528	0	NA	NA	0	NA	NA	NA	1
ENSMUSG00000099543	0	NA	NA	0	NA	NA	NA	1
ENSMUSG00000099561	0	NA	NA	0	NA	NA	NA	1
ENSMUSG00000099568	0	NA	NA	0	NA	NA	NA	1
ENSMUSG00000099579	0	NA	NA	0	NA	NA	NA	1
ENSMUSG00000099587	0	NA	NA	0	NA	NA	NA	1
ENSMUSG00000099616	0	NA	NA	0	NA	NA	NA	1
ENSMUSG00000099625	0	NA	NA	0	NA	NA	NA	1
ENSMUSG00000099630	0	NA	NA	0	NA	NA	NA	1
ENSMUSG00000099635	0	NA	NA	0	NA	NA	NA	1
ENSMUSG00000099639	0	NA	NA	0	NA	NA	NA	1
ENSMUSG00000099640	0	NA	NA	0	NA	NA	NA	1
ENSMUSG00000099665	0	NA	NA	0	NA	NA	NA	1
ENSMUSG00000099669	0	NA	NA	0	NA	NA	NA	1
ENSMUSG00000099678	0	NA	NA	0	NA	NA	NA	1
ENSMUSG00000099708	0	NA	NA	0	NA	NA	NA	1
ENSMUSG00000099718	0	NA	NA	0	NA	NA	NA	1
ENSMUSG00000099722	0	NA	NA	0	NA	NA	NA	1
ENSMUSG00000099735	0	NA	NA	0	NA	NA	NA	1
ENSMUSG00000099760	0	NA	NA	0	NA	NA	NA	1
ENSMUSG00000099767	0	NA	NA	0	NA	NA	NA	1
ENSMUSG00000099803	0	NA	NA	0	NA	NA	NA	1
ENSMUSG00000099808	0	NA	NA	0	NA	NA	NA	1
ENSMUSG00000099811	0	NA	NA	0	NA	NA	NA	1
ENSMUSG00000099823	0	NA	NA	0	NA	NA	NA	1
ENSMUSG00000099827	0	NA	NA	0	NA	NA	NA	1
ENSMUSG00000099847	0	NA	NA	0	NA	NA	NA	1
ENSMUSG00000099851	0	NA	NA	0	NA	NA	NA	1
ENSMUSG00000099868	0	NA	NA	0	NA	NA	NA	1
ENSMUSG00000099869	0	NA	NA	0	NA	NA	NA	1
ENSMUSG00000099874	0	NA	NA	0	NA	NA	NA	1
ENSMUSG00000099879	0	NA	NA	0	NA	NA	NA	1
ENSMUSG00000099881	0	NA	NA	0	NA	NA	NA	1
ENSMUSG00000099895	0	NA	NA	0	NA	NA	NA	1
ENSMUSG00000099899	0	NA	NA	0	NA	NA	NA	1
ENSMUSG00000099907	0	NA	NA	0	NA	NA	NA	1
ENSMUSG00000099911	0	NA	NA	0	NA	NA	NA	1
ENSMUSG00000099922	0	NA	NA	0	NA	NA	NA	1
ENSMUSG00000099924	0	NA	NA	0	NA	NA	NA	1
ENSMUSG00000099931	0	NA	NA	0	NA	NA	NA	1
ENSMUSG00000099937	0	NA	NA	0	NA	NA	NA	1
ENSMUSG00000099950	0	NA	NA	0	NA	NA	NA	1
ENSMUSG00000099957	0	NA	NA	0	NA	NA	NA	1
ENSMUSG00000099968	0	NA	NA	0	NA	NA	NA	1
ENSMUSG00000099969	0	NA	NA	0	NA	NA	NA	1
ENSMUSG00000099983	0	NA	NA	0	NA	NA	NA	1
ENSMUSG00000099994	0	NA	NA	0	NA	NA	NA	1
ENSMUSG00000100001	0	NA	NA	0	NA	NA	NA	1
ENSMUSG00000100002	0	NA	NA	0	NA	NA	NA	1
ENSMUSG00000100017	0	NA	NA	0	NA	NA	NA	1
ENSMUSG00000100022	0	NA	NA	0	NA	NA	NA	1
ENSMUSG00000100029	0	NA	NA	0	NA	NA	NA	1
ENSMUSG00000100037	0	NA	NA	0	NA	NA	NA	1
ENSMUSG00000100039	0	NA	NA	0	NA	NA	NA	1
ENSMUSG00000100046	0	NA	NA	0	NA	NA	NA	1
ENSMUSG00000100062	0	NA	NA	0	NA	NA	NA	1
ENSMUSG00000100075	0	NA	NA	0	NA	NA	NA	1
ENSMUSG00000100081	0	NA	NA	0	NA	NA	NA	1
ENSMUSG00000100094	0	NA	NA	0	NA	NA	NA	1
ENSMUSG00000100108	0	NA	NA	0	NA	NA	NA	1
ENSMUSG00000100111	0	NA	NA	0	NA	NA	NA	1
ENSMUSG00000100119	0	NA	NA	0	NA	NA	NA	1
ENSMUSG00000100123	0	NA	NA	0	NA	NA	NA	1
ENSMUSG00000100130	0	NA	NA	0	NA	NA	NA	1
ENSMUSG00000100138	0	NA	NA	0	NA	NA	NA	1
ENSMUSG00000100151	0	NA	NA	0	NA	NA	NA	1
ENSMUSG00000100155	0	NA	NA	0	NA	NA	NA	1
ENSMUSG00000100164	0	NA	NA	0	NA	NA	NA	1
ENSMUSG00000100166	0	NA	NA	0	NA	NA	NA	1
ENSMUSG00000100169	0	NA	NA	0	NA	NA	NA	1
ENSMUSG00000100170	0	NA	NA	0	NA	NA	NA	1
ENSMUSG00000100176	0	NA	NA	0	NA	NA	NA	1
ENSMUSG00000100188	0	NA	NA	0	NA	NA	NA	1
ENSMUSG00000100192	0	NA	NA	0	NA	NA	NA	1
ENSMUSG00000100197	0	NA	NA	0	NA	NA	NA	1
ENSMUSG00000100198	0	NA	NA	0	NA	NA	NA	1
ENSMUSG00000100199	0	NA	NA	0	NA	NA	NA	1
ENSMUSG00000100201	0	NA	NA	0	NA	NA	NA	1
ENSMUSG00000100209	0	NA	NA	0	NA	NA	NA	1
ENSMUSG00000100211	0	NA	NA	0	NA	NA	NA	1
ENSMUSG00000100213	0	NA	NA	0	NA	NA	NA	1
ENSMUSG00000100217	0	NA	NA	0	NA	NA	NA	1
ENSMUSG00000100219	0	NA	NA	0	NA	NA	NA	1
ENSMUSG00000100220	0	NA	NA	0	NA	NA	NA	1
ENSMUSG00000100247	0	NA	NA	0	NA	NA	NA	1
ENSMUSG00000100252	0	NA	NA	0	NA	NA	NA	1
ENSMUSG00000100253	0	NA	NA	0	NA	NA	NA	1
ENSMUSG00000100277	0	NA	NA	0	NA	NA	NA	1
ENSMUSG00000100279	0	NA	NA	0	NA	NA	NA	1
ENSMUSG00000100281	0	NA	NA	0	NA	NA	NA	1
ENSMUSG00000100291	0	NA	NA	0	NA	NA	NA	1
ENSMUSG00000100294	0	NA	NA	0	NA	NA	NA	1
ENSMUSG00000100297	0	NA	NA	0	NA	NA	NA	1
ENSMUSG00000100302	0	NA	NA	0	NA	NA	NA	1
ENSMUSG00000100313	0	NA	NA	0	NA	NA	NA	1
ENSMUSG00000100314	0	NA	NA	0	NA	NA	NA	1
ENSMUSG00000100315	0	NA	NA	0	NA	NA	NA	1
ENSMUSG00000100336	0	NA	NA	0	NA	NA	NA	1
ENSMUSG00000100372	0	NA	NA	0	NA	NA	NA	1
ENSMUSG00000100400	0	NA	NA	0	NA	NA	NA	1
ENSMUSG00000100416	0	NA	NA	0	NA	NA	NA	1
ENSMUSG00000100417	0	NA	NA	0	NA	NA	NA	1
ENSMUSG00000100475	0	NA	NA	0	NA	NA	NA	1
ENSMUSG00000100483	0	NA	NA	0	NA	NA	NA	1
ENSMUSG00000100511	0	NA	NA	0	NA	NA	NA	1
ENSMUSG00000100538	0	NA	NA	0	NA	NA	NA	1
ENSMUSG00000100546	0	NA	NA	0	NA	NA	NA	1
ENSMUSG00000100548	0	NA	NA	0	NA	NA	NA	1
ENSMUSG00000100552	0	NA	NA	0	NA	NA	NA	1
ENSMUSG00000100557	0	NA	NA	0	NA	NA	NA	1
ENSMUSG00000100558	0	NA	NA	0	NA	NA	NA	1
ENSMUSG00000100583	0	NA	NA	0	NA	NA	NA	1
ENSMUSG00000100585	0	NA	NA	0	NA	NA	NA	1
ENSMUSG00000100589	0	NA	NA	0	NA	NA	NA	1
ENSMUSG00000100593	0	NA	NA	0	NA	NA	NA	1
ENSMUSG00000100594	0	NA	NA	0	NA	NA	NA	1
ENSMUSG00000100599	0	NA	NA	0	NA	NA	NA	1
ENSMUSG00000100600	0	NA	NA	0	NA	NA	NA	1
ENSMUSG00000100603	0	NA	NA	0	NA	NA	NA	1
ENSMUSG00000100629	0	NA	NA	0	NA	NA	NA	1
ENSMUSG00000100632	0	NA	NA	0	NA	NA	NA	1
ENSMUSG00000100658	0	NA	NA	0	NA	NA	NA	1
ENSMUSG00000100666	0	NA	NA	0	NA	NA	NA	1
ENSMUSG00000100670	0	NA	NA	0	NA	NA	NA	1
ENSMUSG00000100671	0	NA	NA	0	NA	NA	NA	1
ENSMUSG00000100672	0	NA	NA	0	NA	NA	NA	1
ENSMUSG00000100707	0	NA	NA	0	NA	NA	NA	1
ENSMUSG00000100717	0	NA	NA	0	NA	NA	NA	1
ENSMUSG00000100727	0	NA	NA	0	NA	NA	NA	1
ENSMUSG00000100728	0	NA	NA	0	NA	NA	NA	1
ENSMUSG00000100747	0	NA	NA	0	NA	NA	NA	1
ENSMUSG00000100760	0	NA	NA	0	NA	NA	NA	1
ENSMUSG00000100763	0	NA	NA	0	NA	NA	NA	1
ENSMUSG00000100768	0	NA	NA	0	NA	NA	NA	1
ENSMUSG00000100775	0	NA	NA	0	NA	NA	NA	1
ENSMUSG00000100777	0	NA	NA	0	NA	NA	NA	1
ENSMUSG00000100779	0	NA	NA	0	NA	NA	NA	1
ENSMUSG00000100781	0	NA	NA	0	NA	NA	NA	1
ENSMUSG00000100782	0	NA	NA	0	NA	NA	NA	1
ENSMUSG00000100786	0	NA	NA	0	NA	NA	NA	1
ENSMUSG00000100796	0	NA	NA	0	NA	NA	NA	1
ENSMUSG00000100807	0	NA	NA	0	NA	NA	NA	1
ENSMUSG00000100813	0	NA	NA	0	NA	NA	NA	1
ENSMUSG00000100816	0	NA	NA	0	NA	NA	NA	1
ENSMUSG00000100833	0	NA	NA	0	NA	NA	NA	1
ENSMUSG00000100857	0	NA	NA	0	NA	NA	NA	1
ENSMUSG00000100860	0	NA	NA	0	NA	NA	NA	1
ENSMUSG00000100868	0	NA	NA	0	NA	NA	NA	1
ENSMUSG00000100890	0	NA	NA	0	NA	NA	NA	1
ENSMUSG00000100911	0	NA	NA	0	NA	NA	NA	1
ENSMUSG00000100927	0	NA	NA	0	NA	NA	NA	1
ENSMUSG00000100931	0	NA	NA	0	NA	NA	NA	1
ENSMUSG00000100932	0	NA	NA	0	NA	NA	NA	1
ENSMUSG00000100936	0	NA	NA	0	NA	NA	NA	1
ENSMUSG00000100967	0	NA	NA	0	NA	NA	NA	1
ENSMUSG00000100975	0	NA	NA	0	NA	NA	NA	1
ENSMUSG00000100979	0	NA	NA	0	NA	NA	NA	1
ENSMUSG00000100985	0	NA	NA	0	NA	NA	NA	1
ENSMUSG00000100987	0	NA	NA	0	NA	NA	NA	1
ENSMUSG00000100998	0	NA	NA	0	NA	NA	NA	1
ENSMUSG00000101008	0	NA	NA	0	NA	NA	NA	1
ENSMUSG00000101013	0	NA	NA	0	NA	NA	NA	1
ENSMUSG00000101029	0	NA	NA	0	NA	NA	NA	1
ENSMUSG00000101037	0	NA	NA	0	NA	NA	NA	1
ENSMUSG00000101042	0	NA	NA	0	NA	NA	NA	1
ENSMUSG00000101051	0	NA	NA	0	NA	NA	NA	1
ENSMUSG00000101062	0	NA	NA	0	NA	NA	NA	1
ENSMUSG00000101079	0	NA	NA	0	NA	NA	NA	1
ENSMUSG00000101084	0	NA	NA	0	NA	NA	NA	1
ENSMUSG00000101089	0	NA	NA	0	NA	NA	NA	1
ENSMUSG00000101102	0	NA	NA	0	NA	NA	NA	1
ENSMUSG00000101104	0	NA	NA	0	NA	NA	NA	1
ENSMUSG00000101126	0	NA	NA	0	NA	NA	NA	1
ENSMUSG00000101133	0	NA	NA	0	NA	NA	NA	1
ENSMUSG00000101144	0	NA	NA	0	NA	NA	NA	1
ENSMUSG00000101168	0	NA	NA	0	NA	NA	NA	1
ENSMUSG00000101172	0	NA	NA	0	NA	NA	NA	1
ENSMUSG00000101214	0	NA	NA	0	NA	NA	NA	1
ENSMUSG00000101224	0	NA	NA	0	NA	NA	NA	1
ENSMUSG00000101225	0	NA	NA	0	NA	NA	NA	1
ENSMUSG00000101227	0	NA	NA	0	NA	NA	NA	1
ENSMUSG00000101233	0	NA	NA	0	NA	NA	NA	1
ENSMUSG00000101237	0	NA	NA	0	NA	NA	NA	1
ENSMUSG00000101265	0	NA	NA	0	NA	NA	NA	1
ENSMUSG00000101295	0	NA	NA	0	NA	NA	NA	1
ENSMUSG00000101298	0	NA	NA	0	NA	NA	NA	1
ENSMUSG00000101304	0	NA	NA	0	NA	NA	NA	1
ENSMUSG00000101314	0	NA	NA	0	NA	NA	NA	1
ENSMUSG00000101320	0	NA	NA	0	NA	NA	NA	1
ENSMUSG00000101332	0	NA	NA	0	NA	NA	NA	1
ENSMUSG00000101335	0	NA	NA	0	NA	NA	NA	1
ENSMUSG00000101345	0	NA	NA	0	NA	NA	NA	1
ENSMUSG00000101360	0	NA	NA	0	NA	NA	NA	1
ENSMUSG00000101365	0	NA	NA	0	NA	NA	NA	1
ENSMUSG00000101378	0	NA	NA	0	NA	NA	NA	1
ENSMUSG00000101386	0	NA	NA	0	NA	NA	NA	1
ENSMUSG00000101406	0	NA	NA	0	NA	NA	NA	1
ENSMUSG00000101409	0	NA	NA	0	NA	NA	NA	1
ENSMUSG00000101445	0	NA	NA	0	NA	NA	NA	1
ENSMUSG00000101447	0	NA	NA	0	NA	NA	NA	1
ENSMUSG00000101450	0	NA	NA	0	NA	NA	NA	1
ENSMUSG00000101451	0	NA	NA	0	NA	NA	NA	1
ENSMUSG00000101476	0	NA	NA	0	NA	NA	NA	1
ENSMUSG00000101537	0	NA	NA	0	NA	NA	NA	1
ENSMUSG00000101549	0	NA	NA	0	NA	NA	NA	1
ENSMUSG00000101583	0	NA	NA	0	NA	NA	NA	1
ENSMUSG00000101584	0	NA	NA	0	NA	NA	NA	1
ENSMUSG00000101585	0	NA	NA	0	NA	NA	NA	1
ENSMUSG00000101586	0	NA	NA	0	NA	NA	NA	1
ENSMUSG00000101609	0	NA	NA	0	NA	NA	NA	1
ENSMUSG00000101628	0	NA	NA	0	NA	NA	NA	1
ENSMUSG00000101630	0	NA	NA	0	NA	NA	NA	1
ENSMUSG00000101640	0	NA	NA	0	NA	NA	NA	1
ENSMUSG00000101643	0	NA	NA	0	NA	NA	NA	1
ENSMUSG00000101655	0	NA	NA	0	NA	NA	NA	1
ENSMUSG00000101695	0	NA	NA	0	NA	NA	NA	1
ENSMUSG00000101701	0	NA	NA	0	NA	NA	NA	1
ENSMUSG00000101702	0	NA	NA	0	NA	NA	NA	1
ENSMUSG00000101711	0	NA	NA	0	NA	NA	NA	1
ENSMUSG00000101720	0	NA	NA	0	NA	NA	NA	1
ENSMUSG00000101724	0	NA	NA	0	NA	NA	NA	1
ENSMUSG00000101731	0	NA	NA	0	NA	NA	NA	1
ENSMUSG00000101734	0	NA	NA	0	NA	NA	NA	1
ENSMUSG00000101741	0	NA	NA	0	NA	NA	NA	1
ENSMUSG00000101746	0	NA	NA	0	NA	NA	NA	1
ENSMUSG00000101778	0	NA	NA	0	NA	NA	NA	1
ENSMUSG00000101792	0	NA	NA	0	NA	NA	NA	1
ENSMUSG00000101799	0	NA	NA	0	NA	NA	NA	1
ENSMUSG00000101840	0	NA	NA	0	NA	NA	NA	1
ENSMUSG00000101843	0	NA	NA	0	NA	NA	NA	1
ENSMUSG00000101845	0	NA	NA	0	NA	NA	NA	1
ENSMUSG00000101849	0	NA	NA	0	NA	NA	NA	1
ENSMUSG00000101859	0	NA	NA	0	NA	NA	NA	1
ENSMUSG00000101867	0	NA	NA	0	NA	NA	NA	1
ENSMUSG00000101869	0	NA	NA	0	NA	NA	NA	1
ENSMUSG00000101880	0	NA	NA	0	NA	NA	NA	1
ENSMUSG00000101912	0	NA	NA	0	NA	NA	NA	1
ENSMUSG00000101922	0	NA	NA	0	NA	NA	NA	1
ENSMUSG00000101930	0	NA	NA	0	NA	NA	NA	1
ENSMUSG00000101941	0	NA	NA	0	NA	NA	NA	1
ENSMUSG00000101942	0	NA	NA	0	NA	NA	NA	1
ENSMUSG00000101952	0	NA	NA	0	NA	NA	NA	1
ENSMUSG00000101968	0	NA	NA	0	NA	NA	NA	1
ENSMUSG00000101995	0	NA	NA	0	NA	NA	NA	1
ENSMUSG00000102000	0	NA	NA	0	NA	NA	NA	1
ENSMUSG00000102004	0	NA	NA	0	NA	NA	NA	1
ENSMUSG00000102009	0	NA	NA	0	NA	NA	NA	1
ENSMUSG00000102014	0	NA	NA	0	NA	NA	NA	1
ENSMUSG00000102027	0	NA	NA	0	NA	NA	NA	1
ENSMUSG00000102029	0	NA	NA	0	NA	NA	NA	1
ENSMUSG00000102052	0	NA	NA	0	NA	NA	NA	1
ENSMUSG00000102055	0	NA	NA	0	NA	NA	NA	1
ENSMUSG00000102057	0	NA	NA	0	NA	NA	NA	1
ENSMUSG00000102062	0	NA	NA	0	NA	NA	NA	1
ENSMUSG00000102067	0	NA	NA	0	NA	NA	NA	1
ENSMUSG00000102096	0	NA	NA	0	NA	NA	NA	1
ENSMUSG00000102099	0	NA	NA	0	NA	NA	NA	1
ENSMUSG00000102101	0	NA	NA	0	NA	NA	NA	1
ENSMUSG00000102112	0	NA	NA	0	NA	NA	NA	1
ENSMUSG00000102121	0	NA	NA	0	NA	NA	NA	1
ENSMUSG00000102144	0	NA	NA	0	NA	NA	NA	1
ENSMUSG00000102154	0	NA	NA	0	NA	NA	NA	1
ENSMUSG00000102158	0	NA	NA	0	NA	NA	NA	1
ENSMUSG00000102163	0	NA	NA	0	NA	NA	NA	1
ENSMUSG00000102191	0	NA	NA	0	NA	NA	NA	1
ENSMUSG00000102215	0	NA	NA	0	NA	NA	NA	1
ENSMUSG00000102234	0	NA	NA	0	NA	NA	NA	1
ENSMUSG00000102256	0	NA	NA	0	NA	NA	NA	1
ENSMUSG00000102300	0	NA	NA	0	NA	NA	NA	1
ENSMUSG00000102302	0	NA	NA	0	NA	NA	NA	1
ENSMUSG00000102336	0	NA	NA	0	NA	NA	NA	1
ENSMUSG00000102368	0	NA	NA	0	NA	NA	NA	1
ENSMUSG00000102377	0	NA	NA	0	NA	NA	NA	1
ENSMUSG00000102379	0	NA	NA	0	NA	NA	NA	1
ENSMUSG00000102384	0	NA	NA	0	NA	NA	NA	1
ENSMUSG00000102401	0	NA	NA	0	NA	NA	NA	1
ENSMUSG00000102413	0	NA	NA	0	NA	NA	NA	1
ENSMUSG00000102424	0	NA	NA	0	NA	NA	NA	1
ENSMUSG00000102432	0	NA	NA	0	NA	NA	NA	1
ENSMUSG00000102540	0	NA	NA	0	NA	NA	NA	1
ENSMUSG00000102544	0	NA	NA	0	NA	NA	NA	1
ENSMUSG00000102545	0	NA	NA	0	NA	NA	NA	1
ENSMUSG00000102548	0	NA	NA	0	NA	NA	NA	1
ENSMUSG00000102558	0	NA	NA	0	NA	NA	NA	1
ENSMUSG00000102564	0	NA	NA	0	NA	NA	NA	1
ENSMUSG00000102569	0	NA	NA	0	NA	NA	NA	1
ENSMUSG00000102574	0	NA	NA	0	NA	NA	NA	1
ENSMUSG00000102590	0	NA	NA	0	NA	NA	NA	1
ENSMUSG00000102595	0	NA	NA	0	NA	NA	NA	1
ENSMUSG00000102608	0	NA	NA	0	NA	NA	NA	1
ENSMUSG00000102699	0	NA	NA	0	NA	NA	NA	1
ENSMUSG00000102715	0	NA	NA	0	NA	NA	NA	1
ENSMUSG00000102716	0	NA	NA	0	NA	NA	NA	1
ENSMUSG00000102743	0	NA	NA	0	NA	NA	NA	1
ENSMUSG00000102761	0	NA	NA	0	NA	NA	NA	1
ENSMUSG00000102762	0	NA	NA	0	NA	NA	NA	1
ENSMUSG00000102770	0	NA	NA	0	NA	NA	NA	1
ENSMUSG00000102778	0	NA	NA	0	NA	NA	NA	1
ENSMUSG00000102828	0	NA	NA	0	NA	NA	NA	1
ENSMUSG00000102840	0	NA	NA	0	NA	NA	NA	1
ENSMUSG00000102845	0	NA	NA	0	NA	NA	NA	1
ENSMUSG00000102852	0	NA	NA	0	NA	NA	NA	1
ENSMUSG00000102864	0	NA	NA	0	NA	NA	NA	1
ENSMUSG00000102869	0	NA	NA	0	NA	NA	NA	1
ENSMUSG00000102885	0	NA	NA	0	NA	NA	NA	1
ENSMUSG00000102886	0	NA	NA	0	NA	NA	NA	1
ENSMUSG00000102887	0	NA	NA	0	NA	NA	NA	1
ENSMUSG00000102892	0	NA	NA	0	NA	NA	NA	1
ENSMUSG00000102897	0	NA	NA	0	NA	NA	NA	1
ENSMUSG00000102899	0	NA	NA	0	NA	NA	NA	1
ENSMUSG00000102930	0	NA	NA	0	NA	NA	NA	1
ENSMUSG00000102941	0	NA	NA	0	NA	NA	NA	1
ENSMUSG00000102979	0	NA	NA	0	NA	NA	NA	1
ENSMUSG00000103041	0	NA	NA	0	NA	NA	NA	1
ENSMUSG00000103043	0	NA	NA	0	NA	NA	NA	1
ENSMUSG00000103067	0	NA	NA	0	NA	NA	NA	1
ENSMUSG00000103103	0	NA	NA	0	NA	NA	NA	1
ENSMUSG00000103114	0	NA	NA	0	NA	NA	NA	1
ENSMUSG00000103115	0	NA	NA	0	NA	NA	NA	1
ENSMUSG00000103156	0	NA	NA	0	NA	NA	NA	1
ENSMUSG00000103158	0	NA	NA	0	NA	NA	NA	1
ENSMUSG00000103181	0	NA	NA	0	NA	NA	NA	1
ENSMUSG00000103200	0	NA	NA	0	NA	NA	NA	1
ENSMUSG00000103217	0	NA	NA	0	NA	NA	NA	1
ENSMUSG00000103305	0	NA	NA	0	NA	NA	NA	1
ENSMUSG00000103334	0	NA	NA	0	NA	NA	NA	1
ENSMUSG00000103349	0	NA	NA	0	NA	NA	NA	1
ENSMUSG00000103380	0	NA	NA	0	NA	NA	NA	1
ENSMUSG00000103383	0	NA	NA	0	NA	NA	NA	1
ENSMUSG00000103384	0	NA	NA	0	NA	NA	NA	1
ENSMUSG00000103393	0	NA	NA	0	NA	NA	NA	1
ENSMUSG00000103400	0	NA	NA	0	NA	NA	NA	1
ENSMUSG00000103435	0	NA	NA	0	NA	NA	NA	1
ENSMUSG00000103436	0	NA	NA	0	NA	NA	NA	1
ENSMUSG00000103451	0	NA	NA	0	NA	NA	NA	1
ENSMUSG00000103456	0	NA	NA	0	NA	NA	NA	1
ENSMUSG00000103502	0	NA	NA	0	NA	NA	NA	1
ENSMUSG00000103517	0	NA	NA	0	NA	NA	NA	1
ENSMUSG00000103577	0	NA	NA	0	NA	NA	NA	1
ENSMUSG00000103583	0	NA	NA	0	NA	NA	NA	1
ENSMUSG00000103587	0	NA	NA	0	NA	NA	NA	1
ENSMUSG00000103594	0	NA	NA	0	NA	NA	NA	1
ENSMUSG00000103613	0	NA	NA	0	NA	NA	NA	1
ENSMUSG00000103631	0	NA	NA	0	NA	NA	NA	1
ENSMUSG00000103647	0	NA	NA	0	NA	NA	NA	1
ENSMUSG00000103649	0	NA	NA	0	NA	NA	NA	1
ENSMUSG00000103659	0	NA	NA	0	NA	NA	NA	1
ENSMUSG00000103668	0	NA	NA	0	NA	NA	NA	1
ENSMUSG00000103686	0	NA	NA	0	NA	NA	NA	1
ENSMUSG00000103695	0	NA	NA	0	NA	NA	NA	1
ENSMUSG00000103705	0	NA	NA	0	NA	NA	NA	1
ENSMUSG00000103718	0	NA	NA	0	NA	NA	NA	1
ENSMUSG00000103785	0	NA	NA	0	NA	NA	NA	1
ENSMUSG00000103799	0	NA	NA	0	NA	NA	NA	1
ENSMUSG00000103804	0	NA	NA	0	NA	NA	NA	1
ENSMUSG00000103811	0	NA	NA	0	NA	NA	NA	1
ENSMUSG00000103835	0	NA	NA	0	NA	NA	NA	1
ENSMUSG00000103843	0	NA	NA	0	NA	NA	NA	1
ENSMUSG00000103908	0	NA	NA	0	NA	NA	NA	1
ENSMUSG00000103923	0	NA	NA	0	NA	NA	NA	1
ENSMUSG00000103929	0	NA	NA	0	NA	NA	NA	1
ENSMUSG00000103961	0	NA	NA	0	NA	NA	NA	1
ENSMUSG00000103971	0	NA	NA	0	NA	NA	NA	1
ENSMUSG00000104000	0	NA	NA	0	NA	NA	NA	1
ENSMUSG00000104002	0	NA	NA	0	NA	NA	NA	1
ENSMUSG00000104011	0	NA	NA	0	NA	NA	NA	1
ENSMUSG00000104015	0	NA	NA	0	NA	NA	NA	1
ENSMUSG00000104016	0	NA	NA	0	NA	NA	NA	1
ENSMUSG00000104021	0	NA	NA	0	NA	NA	NA	1
ENSMUSG00000104022	0	NA	NA	0	NA	NA	NA	1
ENSMUSG00000104086	0	NA	NA	0	NA	NA	NA	1
ENSMUSG00000104102	0	NA	NA	0	NA	NA	NA	1
ENSMUSG00000104106	0	NA	NA	0	NA	NA	NA	1
ENSMUSG00000104108	0	NA	NA	0	NA	NA	NA	1
ENSMUSG00000104157	0	NA	NA	0	NA	NA	NA	1
ENSMUSG00000104168	0	NA	NA	0	NA	NA	NA	1
ENSMUSG00000104178	0	NA	NA	0	NA	NA	NA	1
ENSMUSG00000104212	0	NA	NA	0	NA	NA	NA	1
ENSMUSG00000104231	0	NA	NA	0	NA	NA	NA	1
ENSMUSG00000104234	0	NA	NA	0	NA	NA	NA	1
ENSMUSG00000104237	0	NA	NA	0	NA	NA	NA	1
ENSMUSG00000104238	0	NA	NA	0	NA	NA	NA	1
ENSMUSG00000104266	0	NA	NA	0	NA	NA	NA	1
ENSMUSG00000104283	0	NA	NA	0	NA	NA	NA	1
ENSMUSG00000104302	0	NA	NA	0	NA	NA	NA	1
ENSMUSG00000104306	0	NA	NA	0	NA	NA	NA	1
ENSMUSG00000104328	0	NA	NA	0	NA	NA	NA	1
ENSMUSG00000104336	0	NA	NA	0	NA	NA	NA	1
ENSMUSG00000104354	0	NA	NA	0	NA	NA	NA	1
ENSMUSG00000104366	0	NA	NA	0	NA	NA	NA	1
ENSMUSG00000104368	0	NA	NA	0	NA	NA	NA	1
ENSMUSG00000104397	0	NA	NA	0	NA	NA	NA	1
ENSMUSG00000104399	0	NA	NA	0	NA	NA	NA	1
ENSMUSG00000104411	0	NA	NA	0	NA	NA	NA	1
ENSMUSG00000104413	0	NA	NA	0	NA	NA	NA	1
ENSMUSG00000104414	0	NA	NA	0	NA	NA	NA	1
ENSMUSG00000104436	0	NA	NA	0	NA	NA	NA	1
ENSMUSG00000104441	0	NA	NA	0	NA	NA	NA	1
ENSMUSG00000104465	0	NA	NA	0	NA	NA	NA	1
ENSMUSG00000104482	0	NA	NA	0	NA	NA	NA	1
ENSMUSG00000104509	0	NA	NA	0	NA	NA	NA	1
ENSMUSG00000104554	0	NA	NA	0	NA	NA	NA	1
ENSMUSG00000104574	0	NA	NA	0	NA	NA	NA	1
ENSMUSG00000104580	0	NA	NA	0	NA	NA	NA	1
ENSMUSG00000104585	0	NA	NA	0	NA	NA	NA	1
ENSMUSG00000104586	0	NA	NA	0	NA	NA	NA	1
ENSMUSG00000104588	0	NA	NA	0	NA	NA	NA	1
ENSMUSG00000104597	0	NA	NA	0	NA	NA	NA	1
ENSMUSG00000104606	0	NA	NA	0	NA	NA	NA	1
ENSMUSG00000104607	0	NA	NA	0	NA	NA	NA	1
ENSMUSG00000104619	0	NA	NA	0	NA	NA	NA	1
ENSMUSG00000104631	0	NA	NA	0	NA	NA	NA	1
ENSMUSG00000104639	0	NA	NA	0	NA	NA	NA	1
ENSMUSG00000104653	0	NA	NA	0	NA	NA	NA	1
ENSMUSG00000104671	0	NA	NA	0	NA	NA	NA	1
ENSMUSG00000104675	0	NA	NA	0	NA	NA	NA	1
ENSMUSG00000104677	0	NA	NA	0	NA	NA	NA	1
ENSMUSG00000104684	0	NA	NA	0	NA	NA	NA	1
ENSMUSG00000104691	0	NA	NA	0	NA	NA	NA	1
ENSMUSG00000104693	0	NA	NA	0	NA	NA	NA	1
ENSMUSG00000104701	0	NA	NA	0	NA	NA	NA	1
ENSMUSG00000104703	0	NA	NA	0	NA	NA	NA	1
ENSMUSG00000104710	0	NA	NA	0	NA	NA	NA	1
ENSMUSG00000104720	0	NA	NA	0	NA	NA	NA	1
ENSMUSG00000104727	0	NA	NA	0	NA	NA	NA	1
ENSMUSG00000104732	0	NA	NA	0	NA	NA	NA	1
ENSMUSG00000104737	0	NA	NA	0	NA	NA	NA	1
ENSMUSG00000104766	0	NA	NA	0	NA	NA	NA	1
ENSMUSG00000104768	0	NA	NA	0	NA	NA	NA	1
ENSMUSG00000104781	0	NA	NA	0	NA	NA	NA	1
ENSMUSG00000104800	0	NA	NA	0	NA	NA	NA	1
ENSMUSG00000104807	0	NA	NA	0	NA	NA	NA	1
ENSMUSG00000104818	0	NA	NA	0	NA	NA	NA	1
ENSMUSG00000104830	0	NA	NA	0	NA	NA	NA	1
ENSMUSG00000104845	0	NA	NA	0	NA	NA	NA	1
ENSMUSG00000104850	0	NA	NA	0	NA	NA	NA	1
ENSMUSG00000104867	0	NA	NA	0	NA	NA	NA	1
ENSMUSG00000104872	0	NA	NA	0	NA	NA	NA	1
ENSMUSG00000104891	0	NA	NA	0	NA	NA	NA	1
ENSMUSG00000104894	0	NA	NA	0	NA	NA	NA	1
ENSMUSG00000104900	0	NA	NA	0	NA	NA	NA	1
ENSMUSG00000104903	0	NA	NA	0	NA	NA	NA	1
ENSMUSG00000104928	0	NA	NA	0	NA	NA	NA	1
ENSMUSG00000104932	0	NA	NA	0	NA	NA	NA	1
ENSMUSG00000104945	0	NA	NA	0	NA	NA	NA	1
ENSMUSG00000104950	0	NA	NA	0	NA	NA	NA	1
ENSMUSG00000104955	0	NA	NA	0	NA	NA	NA	1
ENSMUSG00000104956	0	NA	NA	0	NA	NA	NA	1
ENSMUSG00000104968	0	NA	NA	0	NA	NA	NA	1
ENSMUSG00000104970	0	NA	NA	0	NA	NA	NA	1
ENSMUSG00000104973	0	NA	NA	0	NA	NA	NA	1
ENSMUSG00000104980	0	NA	NA	0	NA	NA	NA	1
ENSMUSG00000104987	0	NA	NA	0	NA	NA	NA	1
ENSMUSG00000105003	0	NA	NA	0	NA	NA	NA	1
ENSMUSG00000105039	0	NA	NA	0	NA	NA	NA	1
ENSMUSG00000105062	0	NA	NA	0	NA	NA	NA	1
ENSMUSG00000105092	0	NA	NA	0	NA	NA	NA	1
ENSMUSG00000105102	0	NA	NA	0	NA	NA	NA	1
ENSMUSG00000105105	0	NA	NA	0	NA	NA	NA	1
ENSMUSG00000105106	0	NA	NA	0	NA	NA	NA	1
ENSMUSG00000105127	0	NA	NA	0	NA	NA	NA	1
ENSMUSG00000105130	0	NA	NA	0	NA	NA	NA	1
ENSMUSG00000105137	0	NA	NA	0	NA	NA	NA	1
ENSMUSG00000105146	0	NA	NA	0	NA	NA	NA	1
ENSMUSG00000105152	0	NA	NA	0	NA	NA	NA	1
ENSMUSG00000105157	0	NA	NA	0	NA	NA	NA	1
ENSMUSG00000105161	0	NA	NA	0	NA	NA	NA	1
ENSMUSG00000105168	0	NA	NA	0	NA	NA	NA	1
ENSMUSG00000105183	0	NA	NA	0	NA	NA	NA	1
ENSMUSG00000105195	0	NA	NA	0	NA	NA	NA	1
ENSMUSG00000105197	0	NA	NA	0	NA	NA	NA	1
ENSMUSG00000105199	0	NA	NA	0	NA	NA	NA	1
ENSMUSG00000105203	0	NA	NA	0	NA	NA	NA	1
ENSMUSG00000105224	0	NA	NA	0	NA	NA	NA	1
ENSMUSG00000105234	0	NA	NA	0	NA	NA	NA	1
ENSMUSG00000105255	0	NA	NA	0	NA	NA	NA	1
ENSMUSG00000105258	0	NA	NA	0	NA	NA	NA	1
ENSMUSG00000105260	0	NA	NA	0	NA	NA	NA	1
ENSMUSG00000105265	0	NA	NA	0	NA	NA	NA	1
ENSMUSG00000105271	0	NA	NA	0	NA	NA	NA	1
ENSMUSG00000105286	0	NA	NA	0	NA	NA	NA	1
ENSMUSG00000105287	0	NA	NA	0	NA	NA	NA	1
ENSMUSG00000105296	0	NA	NA	0	NA	NA	NA	1
ENSMUSG00000105297	0	NA	NA	0	NA	NA	NA	1
ENSMUSG00000105304	0	NA	NA	0	NA	NA	NA	1
ENSMUSG00000105311	0	NA	NA	0	NA	NA	NA	1
ENSMUSG00000105331	0	NA	NA	0	NA	NA	NA	1
ENSMUSG00000105335	0	NA	NA	0	NA	NA	NA	1
ENSMUSG00000105345	0	NA	NA	0	NA	NA	NA	1
ENSMUSG00000105350	0	NA	NA	0	NA	NA	NA	1
ENSMUSG00000105352	0	NA	NA	0	NA	NA	NA	1
ENSMUSG00000105353	0	NA	NA	0	NA	NA	NA	1
ENSMUSG00000105385	0	NA	NA	0	NA	NA	NA	1
ENSMUSG00000105387	0	NA	NA	0	NA	NA	NA	1
ENSMUSG00000105402	0	NA	NA	0	NA	NA	NA	1
ENSMUSG00000105412	0	NA	NA	0	NA	NA	NA	1
ENSMUSG00000105426	0	NA	NA	0	NA	NA	NA	1
ENSMUSG00000105439	0	NA	NA	0	NA	NA	NA	1
ENSMUSG00000105443	0	NA	NA	0	NA	NA	NA	1
ENSMUSG00000105447	0	NA	NA	0	NA	NA	NA	1
ENSMUSG00000105471	0	NA	NA	0	NA	NA	NA	1
ENSMUSG00000105489	0	NA	NA	0	NA	NA	NA	1
ENSMUSG00000105508	0	NA	NA	0	NA	NA	NA	1
ENSMUSG00000105512	0	NA	NA	0	NA	NA	NA	1
ENSMUSG00000105527	0	NA	NA	0	NA	NA	NA	1
ENSMUSG00000105531	0	NA	NA	0	NA	NA	NA	1
ENSMUSG00000105550	0	NA	NA	0	NA	NA	NA	1
ENSMUSG00000105552	0	NA	NA	0	NA	NA	NA	1
ENSMUSG00000105560	0	NA	NA	0	NA	NA	NA	1
ENSMUSG00000105561	0	NA	NA	0	NA	NA	NA	1
ENSMUSG00000105565	0	NA	NA	0	NA	NA	NA	1
ENSMUSG00000105570	0	NA	NA	0	NA	NA	NA	1
ENSMUSG00000105579	0	NA	NA	0	NA	NA	NA	1
ENSMUSG00000105596	0	NA	NA	0	NA	NA	NA	1
ENSMUSG00000105602	0	NA	NA	0	NA	NA	NA	1
ENSMUSG00000105604	0	NA	NA	0	NA	NA	NA	1
ENSMUSG00000105611	0	NA	NA	0	NA	NA	NA	1
ENSMUSG00000105617	0	NA	NA	0	NA	NA	NA	1
ENSMUSG00000105618	0	NA	NA	0	NA	NA	NA	1
ENSMUSG00000105619	0	NA	NA	0	NA	NA	NA	1
ENSMUSG00000105636	0	NA	NA	0	NA	NA	NA	1
ENSMUSG00000105640	0	NA	NA	0	NA	NA	NA	1
ENSMUSG00000105642	0	NA	NA	0	NA	NA	NA	1
ENSMUSG00000105647	0	NA	NA	0	NA	NA	NA	1
ENSMUSG00000105650	0	NA	NA	0	NA	NA	NA	1
ENSMUSG00000105655	0	NA	NA	0	NA	NA	NA	1
ENSMUSG00000105656	0	NA	NA	0	NA	NA	NA	1
ENSMUSG00000105659	0	NA	NA	0	NA	NA	NA	1
ENSMUSG00000105689	0	NA	NA	0	NA	NA	NA	1
ENSMUSG00000105709	0	NA	NA	0	NA	NA	NA	1
ENSMUSG00000105715	0	NA	NA	0	NA	NA	NA	1
ENSMUSG00000105717	0	NA	NA	0	NA	NA	NA	1
ENSMUSG00000105730	0	NA	NA	0	NA	NA	NA	1
ENSMUSG00000105731	0	NA	NA	0	NA	NA	NA	1
ENSMUSG00000105736	0	NA	NA	0	NA	NA	NA	1
ENSMUSG00000105755	0	NA	NA	0	NA	NA	NA	1
ENSMUSG00000105767	0	NA	NA	0	NA	NA	NA	1
ENSMUSG00000105773	0	NA	NA	0	NA	NA	NA	1
ENSMUSG00000105795	0	NA	NA	0	NA	NA	NA	1
ENSMUSG00000105816	0	NA	NA	0	NA	NA	NA	1
ENSMUSG00000105820	0	NA	NA	0	NA	NA	NA	1
ENSMUSG00000105824	0	NA	NA	0	NA	NA	NA	1
ENSMUSG00000105834	0	NA	NA	0	NA	NA	NA	1
ENSMUSG00000105838	0	NA	NA	0	NA	NA	NA	1
ENSMUSG00000105845	0	NA	NA	0	NA	NA	NA	1
ENSMUSG00000105852	0	NA	NA	0	NA	NA	NA	1
ENSMUSG00000105855	0	NA	NA	0	NA	NA	NA	1
ENSMUSG00000105857	0	NA	NA	0	NA	NA	NA	1
ENSMUSG00000105864	0	NA	NA	0	NA	NA	NA	1
ENSMUSG00000105895	0	NA	NA	0	NA	NA	NA	1
ENSMUSG00000105900	0	NA	NA	0	NA	NA	NA	1
ENSMUSG00000105903	0	NA	NA	0	NA	NA	NA	1
ENSMUSG00000105907	0	NA	NA	0	NA	NA	NA	1
ENSMUSG00000105910	0	NA	NA	0	NA	NA	NA	1
ENSMUSG00000105941	0	NA	NA	0	NA	NA	NA	1
ENSMUSG00000105945	0	NA	NA	0	NA	NA	NA	1
ENSMUSG00000105959	0	NA	NA	0	NA	NA	NA	1
ENSMUSG00000105960	0	NA	NA	0	NA	NA	NA	1
ENSMUSG00000105975	0	NA	NA	0	NA	NA	NA	1
ENSMUSG00000105986	0	NA	NA	0	NA	NA	NA	1
ENSMUSG00000105991	0	NA	NA	0	NA	NA	NA	1
ENSMUSG00000106000	0	NA	NA	0	NA	NA	NA	1
ENSMUSG00000106005	0	NA	NA	0	NA	NA	NA	1
ENSMUSG00000106013	0	NA	NA	0	NA	NA	NA	1
ENSMUSG00000106020	0	NA	NA	0	NA	NA	NA	1
ENSMUSG00000106023	0	NA	NA	0	NA	NA	NA	1
ENSMUSG00000106036	0	NA	NA	0	NA	NA	NA	1
ENSMUSG00000106054	0	NA	NA	0	NA	NA	NA	1
ENSMUSG00000106056	0	NA	NA	0	NA	NA	NA	1
ENSMUSG00000106057	0	NA	NA	0	NA	NA	NA	1
ENSMUSG00000106061	0	NA	NA	0	NA	NA	NA	1
ENSMUSG00000106064	0	NA	NA	0	NA	NA	NA	1
ENSMUSG00000106070	0	NA	NA	0	NA	NA	NA	1
ENSMUSG00000106082	0	NA	NA	0	NA	NA	NA	1
ENSMUSG00000106120	0	NA	NA	0	NA	NA	NA	1
ENSMUSG00000106121	0	NA	NA	0	NA	NA	NA	1
ENSMUSG00000106125	0	NA	NA	0	NA	NA	NA	1
ENSMUSG00000106127	0	NA	NA	0	NA	NA	NA	1
ENSMUSG00000106136	0	NA	NA	0	NA	NA	NA	1
ENSMUSG00000106137	0	NA	NA	0	NA	NA	NA	1
ENSMUSG00000106168	0	NA	NA	0	NA	NA	NA	1
ENSMUSG00000106194	0	NA	NA	0	NA	NA	NA	1
ENSMUSG00000106202	0	NA	NA	0	NA	NA	NA	1
ENSMUSG00000106212	0	NA	NA	0	NA	NA	NA	1
ENSMUSG00000106218	0	NA	NA	0	NA	NA	NA	1
ENSMUSG00000106223	0	NA	NA	0	NA	NA	NA	1
ENSMUSG00000106230	0	NA	NA	0	NA	NA	NA	1
ENSMUSG00000106232	0	NA	NA	0	NA	NA	NA	1
ENSMUSG00000106245	0	NA	NA	0	NA	NA	NA	1
ENSMUSG00000106251	0	NA	NA	0	NA	NA	NA	1
ENSMUSG00000106255	0	NA	NA	0	NA	NA	NA	1
ENSMUSG00000106261	0	NA	NA	0	NA	NA	NA	1
ENSMUSG00000106263	0	NA	NA	0	NA	NA	NA	1
ENSMUSG00000106266	0	NA	NA	0	NA	NA	NA	1
ENSMUSG00000106270	0	NA	NA	0	NA	NA	NA	1
ENSMUSG00000106275	0	NA	NA	0	NA	NA	NA	1
ENSMUSG00000106280	0	NA	NA	0	NA	NA	NA	1
ENSMUSG00000106285	0	NA	NA	0	NA	NA	NA	1
ENSMUSG00000106287	0	NA	NA	0	NA	NA	NA	1
ENSMUSG00000106293	0	NA	NA	0	NA	NA	NA	1
ENSMUSG00000106311	0	NA	NA	0	NA	NA	NA	1
ENSMUSG00000106317	0	NA	NA	0	NA	NA	NA	1
ENSMUSG00000106319	0	NA	NA	0	NA	NA	NA	1
ENSMUSG00000106333	0	NA	NA	0	NA	NA	NA	1
ENSMUSG00000106352	0	NA	NA	0	NA	NA	NA	1
ENSMUSG00000106357	0	NA	NA	0	NA	NA	NA	1
ENSMUSG00000106365	0	NA	NA	0	NA	NA	NA	1
ENSMUSG00000106395	0	NA	NA	0	NA	NA	NA	1
ENSMUSG00000106407	0	NA	NA	0	NA	NA	NA	1
ENSMUSG00000106415	0	NA	NA	0	NA	NA	NA	1
ENSMUSG00000106424	0	NA	NA	0	NA	NA	NA	1
ENSMUSG00000106466	0	NA	NA	0	NA	NA	NA	1
ENSMUSG00000106472	0	NA	NA	0	NA	NA	NA	1
ENSMUSG00000106483	0	NA	NA	0	NA	NA	NA	1
ENSMUSG00000106501	0	NA	NA	0	NA	NA	NA	1
ENSMUSG00000106522	0	NA	NA	0	NA	NA	NA	1
ENSMUSG00000106526	0	NA	NA	0	NA	NA	NA	1
ENSMUSG00000106538	0	NA	NA	0	NA	NA	NA	1
ENSMUSG00000106547	0	NA	NA	0	NA	NA	NA	1
ENSMUSG00000106555	0	NA	NA	0	NA	NA	NA	1
ENSMUSG00000106577	0	NA	NA	0	NA	NA	NA	1
ENSMUSG00000106583	0	NA	NA	0	NA	NA	NA	1
ENSMUSG00000106594	0	NA	NA	0	NA	NA	NA	1
ENSMUSG00000106602	0	NA	NA	0	NA	NA	NA	1
ENSMUSG00000106617	0	NA	NA	0	NA	NA	NA	1
ENSMUSG00000106632	0	NA	NA	0	NA	NA	NA	1
ENSMUSG00000106634	0	NA	NA	0	NA	NA	NA	1
ENSMUSG00000106636	0	NA	NA	0	NA	NA	NA	1
ENSMUSG00000106647	0	NA	NA	0	NA	NA	NA	1
ENSMUSG00000106656	0	NA	NA	0	NA	NA	NA	1
ENSMUSG00000106663	0	NA	NA	0	NA	NA	NA	1
ENSMUSG00000106674	0	NA	NA	0	NA	NA	NA	1
ENSMUSG00000106698	0	NA	NA	0	NA	NA	NA	1
ENSMUSG00000106710	0	NA	NA	0	NA	NA	NA	1
ENSMUSG00000106718	0	NA	NA	0	NA	NA	NA	1
ENSMUSG00000106726	0	NA	NA	0	NA	NA	NA	1
ENSMUSG00000106750	0	NA	NA	0	NA	NA	NA	1
ENSMUSG00000106756	0	NA	NA	0	NA	NA	NA	1
ENSMUSG00000106764	0	NA	NA	0	NA	NA	NA	1
ENSMUSG00000106777	0	NA	NA	0	NA	NA	NA	1
ENSMUSG00000106783	0	NA	NA	0	NA	NA	NA	1
ENSMUSG00000106788	0	NA	NA	0	NA	NA	NA	1
ENSMUSG00000106797	0	NA	NA	0	NA	NA	NA	1
ENSMUSG00000106807	0	NA	NA	0	NA	NA	NA	1
ENSMUSG00000106808	0	NA	NA	0	NA	NA	NA	1
ENSMUSG00000106820	0	NA	NA	0	NA	NA	NA	1
ENSMUSG00000106847	0	NA	NA	0	NA	NA	NA	1
ENSMUSG00000106880	0	NA	NA	0	NA	NA	NA	1
ENSMUSG00000106888	0	NA	NA	0	NA	NA	NA	1
ENSMUSG00000106894	0	NA	NA	0	NA	NA	NA	1
ENSMUSG00000106902	0	NA	NA	0	NA	NA	NA	1
ENSMUSG00000106927	0	NA	NA	0	NA	NA	NA	1
ENSMUSG00000106932	0	NA	NA	0	NA	NA	NA	1
ENSMUSG00000106943	0	NA	NA	0	NA	NA	NA	1
ENSMUSG00000106967	0	NA	NA	0	NA	NA	NA	1
ENSMUSG00000106969	0	NA	NA	0	NA	NA	NA	1
ENSMUSG00000106980	0	NA	NA	0	NA	NA	NA	1
ENSMUSG00000106981	0	NA	NA	0	NA	NA	NA	1
ENSMUSG00000107008	0	NA	NA	0	NA	NA	NA	1
ENSMUSG00000107040	0	NA	NA	0	NA	NA	NA	1
ENSMUSG00000107060	0	NA	NA	0	NA	NA	NA	1
ENSMUSG00000107061	0	NA	NA	0	NA	NA	NA	1
ENSMUSG00000107073	0	NA	NA	0	NA	NA	NA	1
ENSMUSG00000107076	0	NA	NA	0	NA	NA	NA	1
ENSMUSG00000107078	0	NA	NA	0	NA	NA	NA	1
ENSMUSG00000107081	0	NA	NA	0	NA	NA	NA	1
ENSMUSG00000107090	0	NA	NA	0	NA	NA	NA	1
ENSMUSG00000107096	0	NA	NA	0	NA	NA	NA	1
ENSMUSG00000107110	0	NA	NA	0	NA	NA	NA	1
ENSMUSG00000107111	0	NA	NA	0	NA	NA	NA	1
ENSMUSG00000107121	0	NA	NA	0	NA	NA	NA	1
ENSMUSG00000107126	0	NA	NA	0	NA	NA	NA	1
ENSMUSG00000107143	0	NA	NA	0	NA	NA	NA	1
ENSMUSG00000107153	0	NA	NA	0	NA	NA	NA	1
ENSMUSG00000107178	0	NA	NA	0	NA	NA	NA	1
ENSMUSG00000107191	0	NA	NA	0	NA	NA	NA	1
ENSMUSG00000107193	0	NA	NA	0	NA	NA	NA	1
ENSMUSG00000107219	0	NA	NA	0	NA	NA	NA	1
ENSMUSG00000107244	0	NA	NA	0	NA	NA	NA	1
ENSMUSG00000107246	0	NA	NA	0	NA	NA	NA	1
ENSMUSG00000107248	0	NA	NA	0	NA	NA	NA	1
ENSMUSG00000107253	0	NA	NA	0	NA	NA	NA	1
ENSMUSG00000107265	0	NA	NA	0	NA	NA	NA	1
ENSMUSG00000107271	0	NA	NA	0	NA	NA	NA	1
ENSMUSG00000107287	0	NA	NA	0	NA	NA	NA	1
ENSMUSG00000107296	0	NA	NA	0	NA	NA	NA	1
ENSMUSG00000107314	0	NA	NA	0	NA	NA	NA	1
ENSMUSG00000107317	0	NA	NA	0	NA	NA	NA	1
ENSMUSG00000107318	0	NA	NA	0	NA	NA	NA	1
ENSMUSG00000107319	0	NA	NA	0	NA	NA	NA	1
ENSMUSG00000107350	0	NA	NA	0	NA	NA	NA	1
ENSMUSG00000107365	0	NA	NA	0	NA	NA	NA	1
ENSMUSG00000107379	0	NA	NA	0	NA	NA	NA	1
ENSMUSG00000107386	0	NA	NA	0	NA	NA	NA	1
ENSMUSG00000107387	0	NA	NA	0	NA	NA	NA	1
ENSMUSG00000107405	0	NA	NA	0	NA	NA	NA	1
ENSMUSG00000107406	0	NA	NA	0	NA	NA	NA	1
ENSMUSG00000107408	0	NA	NA	0	NA	NA	NA	1
ENSMUSG00000107422	0	NA	NA	0	NA	NA	NA	1
ENSMUSG00000107427	0	NA	NA	0	NA	NA	NA	1
ENSMUSG00000107429	0	NA	NA	0	NA	NA	NA	1
ENSMUSG00000107434	0	NA	NA	0	NA	NA	NA	1
ENSMUSG00000107458	0	NA	NA	0	NA	NA	NA	1
ENSMUSG00000107472	0	NA	NA	0	NA	NA	NA	1
ENSMUSG00000107497	0	NA	NA	0	NA	NA	NA	1
ENSMUSG00000107509	0	NA	NA	0	NA	NA	NA	1
ENSMUSG00000107538	0	NA	NA	0	NA	NA	NA	1
ENSMUSG00000107546	0	NA	NA	0	NA	NA	NA	1
ENSMUSG00000107561	0	NA	NA	0	NA	NA	NA	1
ENSMUSG00000107563	0	NA	NA	0	NA	NA	NA	1
ENSMUSG00000107579	0	NA	NA	0	NA	NA	NA	1
ENSMUSG00000107585	0	NA	NA	0	NA	NA	NA	1
ENSMUSG00000107605	0	NA	NA	0	NA	NA	NA	1
ENSMUSG00000107619	0	NA	NA	0	NA	NA	NA	1
ENSMUSG00000107638	0	NA	NA	0	NA	NA	NA	1
ENSMUSG00000107640	0	NA	NA	0	NA	NA	NA	1
ENSMUSG00000107659	0	NA	NA	0	NA	NA	NA	1
ENSMUSG00000107660	0	NA	NA	0	NA	NA	NA	1
ENSMUSG00000107666	0	NA	NA	0	NA	NA	NA	1
ENSMUSG00000107667	0	NA	NA	0	NA	NA	NA	1
ENSMUSG00000107675	0	NA	NA	0	NA	NA	NA	1
ENSMUSG00000107681	0	NA	NA	0	NA	NA	NA	1
ENSMUSG00000107682	0	NA	NA	0	NA	NA	NA	1
ENSMUSG00000107689	0	NA	NA	0	NA	NA	NA	1
ENSMUSG00000107714	0	NA	NA	0	NA	NA	NA	1
ENSMUSG00000107723	0	NA	NA	0	NA	NA	NA	1
ENSMUSG00000107726	0	NA	NA	0	NA	NA	NA	1
ENSMUSG00000107728	0	NA	NA	0	NA	NA	NA	1
ENSMUSG00000107736	0	NA	NA	0	NA	NA	NA	1
ENSMUSG00000107759	0	NA	NA	0	NA	NA	NA	1
ENSMUSG00000107766	0	NA	NA	0	NA	NA	NA	1
ENSMUSG00000107767	0	NA	NA	0	NA	NA	NA	1
ENSMUSG00000107768	0	NA	NA	0	NA	NA	NA	1
ENSMUSG00000107785	0	NA	NA	0	NA	NA	NA	1
ENSMUSG00000107795	0	NA	NA	0	NA	NA	NA	1
ENSMUSG00000107797	0	NA	NA	0	NA	NA	NA	1
ENSMUSG00000107802	0	NA	NA	0	NA	NA	NA	1
ENSMUSG00000107815	0	NA	NA	0	NA	NA	NA	1
ENSMUSG00000107825	0	NA	NA	0	NA	NA	NA	1
ENSMUSG00000107842	0	NA	NA	0	NA	NA	NA	1
ENSMUSG00000107862	0	NA	NA	0	NA	NA	NA	1
ENSMUSG00000107875	0	NA	NA	0	NA	NA	NA	1
ENSMUSG00000107876	0	NA	NA	0	NA	NA	NA	1
ENSMUSG00000107882	0	NA	NA	0	NA	NA	NA	1
ENSMUSG00000107895	0	NA	NA	0	NA	NA	NA	1
ENSMUSG00000107926	0	NA	NA	0	NA	NA	NA	1
ENSMUSG00000107969	0	NA	NA	0	NA	NA	NA	1
ENSMUSG00000107978	0	NA	NA	0	NA	NA	NA	1
ENSMUSG00000107988	0	NA	NA	0	NA	NA	NA	1
ENSMUSG00000107993	0	NA	NA	0	NA	NA	NA	1
ENSMUSG00000108006	0	NA	NA	0	NA	NA	NA	1
ENSMUSG00000108010	0	NA	NA	0	NA	NA	NA	1
ENSMUSG00000108012	0	NA	NA	0	NA	NA	NA	1
ENSMUSG00000108015	0	NA	NA	0	NA	NA	NA	1
ENSMUSG00000108020	0	NA	NA	0	NA	NA	NA	1
ENSMUSG00000108027	0	NA	NA	0	NA	NA	NA	1
ENSMUSG00000108033	0	NA	NA	0	NA	NA	NA	1
ENSMUSG00000108034	0	NA	NA	0	NA	NA	NA	1
ENSMUSG00000108037	0	NA	NA	0	NA	NA	NA	1
ENSMUSG00000108038	0	NA	NA	0	NA	NA	NA	1
ENSMUSG00000108062	0	NA	NA	0	NA	NA	NA	1
ENSMUSG00000108063	0	NA	NA	0	NA	NA	NA	1
ENSMUSG00000108071	0	NA	NA	0	NA	NA	NA	1
ENSMUSG00000108081	0	NA	NA	0	NA	NA	NA	1
ENSMUSG00000108085	0	NA	NA	0	NA	NA	NA	1
ENSMUSG00000108101	0	NA	NA	0	NA	NA	NA	1
ENSMUSG00000108103	0	NA	NA	0	NA	NA	NA	1
ENSMUSG00000108109	0	NA	NA	0	NA	NA	NA	1
ENSMUSG00000108128	0	NA	NA	0	NA	NA	NA	1
ENSMUSG00000108129	0	NA	NA	0	NA	NA	NA	1
ENSMUSG00000108141	0	NA	NA	0	NA	NA	NA	1
ENSMUSG00000108145	0	NA	NA	0	NA	NA	NA	1
ENSMUSG00000108161	0	NA	NA	0	NA	NA	NA	1
ENSMUSG00000108171	0	NA	NA	0	NA	NA	NA	1
ENSMUSG00000108187	0	NA	NA	0	NA	NA	NA	1
ENSMUSG00000108228	0	NA	NA	0	NA	NA	NA	1
ENSMUSG00000108232	0	NA	NA	0	NA	NA	NA	1
ENSMUSG00000108236	0	NA	NA	0	NA	NA	NA	1
ENSMUSG00000108239	0	NA	NA	0	NA	NA	NA	1
ENSMUSG00000108244	0	NA	NA	0	NA	NA	NA	1
ENSMUSG00000108274	0	NA	NA	0	NA	NA	NA	1
ENSMUSG00000108276	0	NA	NA	0	NA	NA	NA	1
ENSMUSG00000108282	0	NA	NA	0	NA	NA	NA	1
ENSMUSG00000108285	0	NA	NA	0	NA	NA	NA	1
ENSMUSG00000108297	0	NA	NA	0	NA	NA	NA	1
ENSMUSG00000108308	0	NA	NA	0	NA	NA	NA	1
ENSMUSG00000108320	0	NA	NA	0	NA	NA	NA	1
ENSMUSG00000108321	0	NA	NA	0	NA	NA	NA	1
ENSMUSG00000108322	0	NA	NA	0	NA	NA	NA	1
ENSMUSG00000108329	0	NA	NA	0	NA	NA	NA	1
ENSMUSG00000108332	0	NA	NA	0	NA	NA	NA	1
ENSMUSG00000108333	0	NA	NA	0	NA	NA	NA	1
ENSMUSG00000108334	0	NA	NA	0	NA	NA	NA	1
ENSMUSG00000108345	0	NA	NA	0	NA	NA	NA	1
ENSMUSG00000108354	0	NA	NA	0	NA	NA	NA	1
ENSMUSG00000108360	0	NA	NA	0	NA	NA	NA	1
ENSMUSG00000108378	0	NA	NA	0	NA	NA	NA	1
ENSMUSG00000108383	0	NA	NA	0	NA	NA	NA	1
ENSMUSG00000108390	0	NA	NA	0	NA	NA	NA	1
ENSMUSG00000108413	0	NA	NA	0	NA	NA	NA	1
ENSMUSG00000108415	0	NA	NA	0	NA	NA	NA	1
ENSMUSG00000108416	0	NA	NA	0	NA	NA	NA	1
ENSMUSG00000108417	0	NA	NA	0	NA	NA	NA	1
ENSMUSG00000108419	0	NA	NA	0	NA	NA	NA	1
ENSMUSG00000108425	0	NA	NA	0	NA	NA	NA	1
ENSMUSG00000108428	0	NA	NA	0	NA	NA	NA	1
ENSMUSG00000108435	0	NA	NA	0	NA	NA	NA	1
ENSMUSG00000108436	0	NA	NA	0	NA	NA	NA	1
ENSMUSG00000108448	0	NA	NA	0	NA	NA	NA	1
ENSMUSG00000108449	0	NA	NA	0	NA	NA	NA	1
ENSMUSG00000108456	0	NA	NA	0	NA	NA	NA	1
ENSMUSG00000108461	0	NA	NA	0	NA	NA	NA	1
ENSMUSG00000108481	0	NA	NA	0	NA	NA	NA	1
ENSMUSG00000108486	0	NA	NA	0	NA	NA	NA	1
ENSMUSG00000108504	0	NA	NA	0	NA	NA	NA	1
ENSMUSG00000108505	0	NA	NA	0	NA	NA	NA	1
ENSMUSG00000108509	0	NA	NA	0	NA	NA	NA	1
ENSMUSG00000108511	0	NA	NA	0	NA	NA	NA	1
ENSMUSG00000108513	0	NA	NA	0	NA	NA	NA	1
ENSMUSG00000108523	0	NA	NA	0	NA	NA	NA	1
ENSMUSG00000108524	0	NA	NA	0	NA	NA	NA	1
ENSMUSG00000108530	0	NA	NA	0	NA	NA	NA	1
ENSMUSG00000108531	0	NA	NA	0	NA	NA	NA	1
ENSMUSG00000108546	0	NA	NA	0	NA	NA	NA	1
ENSMUSG00000108551	0	NA	NA	0	NA	NA	NA	1
ENSMUSG00000108575	0	NA	NA	0	NA	NA	NA	1
ENSMUSG00000108576	0	NA	NA	0	NA	NA	NA	1
ENSMUSG00000108580	0	NA	NA	0	NA	NA	NA	1
ENSMUSG00000108584	0	NA	NA	0	NA	NA	NA	1
ENSMUSG00000108593	0	NA	NA	0	NA	NA	NA	1
ENSMUSG00000108607	0	NA	NA	0	NA	NA	NA	1
ENSMUSG00000108623	0	NA	NA	0	NA	NA	NA	1
ENSMUSG00000108624	0	NA	NA	0	NA	NA	NA	1
ENSMUSG00000108650	0	NA	NA	0	NA	NA	NA	1
ENSMUSG00000108655	0	NA	NA	0	NA	NA	NA	1
ENSMUSG00000108657	0	NA	NA	0	NA	NA	NA	1
ENSMUSG00000108660	0	NA	NA	0	NA	NA	NA	1
ENSMUSG00000108676	0	NA	NA	0	NA	NA	NA	1
ENSMUSG00000108677	0	NA	NA	0	NA	NA	NA	1
ENSMUSG00000108683	0	NA	NA	0	NA	NA	NA	1
ENSMUSG00000108695	0	NA	NA	0	NA	NA	NA	1
ENSMUSG00000108713	0	NA	NA	0	NA	NA	NA	1
ENSMUSG00000108714	0	NA	NA	0	NA	NA	NA	1
ENSMUSG00000108723	0	NA	NA	0	NA	NA	NA	1
ENSMUSG00000108726	0	NA	NA	0	NA	NA	NA	1
ENSMUSG00000108736	0	NA	NA	0	NA	NA	NA	1
ENSMUSG00000108738	0	NA	NA	0	NA	NA	NA	1
ENSMUSG00000108739	0	NA	NA	0	NA	NA	NA	1
ENSMUSG00000108749	0	NA	NA	0	NA	NA	NA	1
ENSMUSG00000108760	0	NA	NA	0	NA	NA	NA	1
ENSMUSG00000108773	0	NA	NA	0	NA	NA	NA	1
ENSMUSG00000108778	0	NA	NA	0	NA	NA	NA	1
ENSMUSG00000108801	0	NA	NA	0	NA	NA	NA	1
ENSMUSG00000108814	0	NA	NA	0	NA	NA	NA	1
ENSMUSG00000108832	0	NA	NA	0	NA	NA	NA	1
ENSMUSG00000108854	0	NA	NA	0	NA	NA	NA	1
ENSMUSG00000108861	0	NA	NA	0	NA	NA	NA	1
ENSMUSG00000108883	0	NA	NA	0	NA	NA	NA	1
ENSMUSG00000108903	0	NA	NA	0	NA	NA	NA	1
ENSMUSG00000108930	0	NA	NA	0	NA	NA	NA	1
ENSMUSG00000108934	0	NA	NA	0	NA	NA	NA	1
ENSMUSG00000108950	0	NA	NA	0	NA	NA	NA	1
ENSMUSG00000108980	0	NA	NA	0	NA	NA	NA	1
ENSMUSG00000108986	0	NA	NA	0	NA	NA	NA	1
ENSMUSG00000108988	0	NA	NA	0	NA	NA	NA	1
ENSMUSG00000109001	0	NA	NA	0	NA	NA	NA	1
ENSMUSG00000109002	0	NA	NA	0	NA	NA	NA	1
ENSMUSG00000109008	0	NA	NA	0	NA	NA	NA	1
ENSMUSG00000109010	0	NA	NA	0	NA	NA	NA	1
ENSMUSG00000109014	0	NA	NA	0	NA	NA	NA	1
ENSMUSG00000109017	0	NA	NA	0	NA	NA	NA	1
ENSMUSG00000109042	0	NA	NA	0	NA	NA	NA	1
ENSMUSG00000109052	0	NA	NA	0	NA	NA	NA	1
ENSMUSG00000109071	0	NA	NA	0	NA	NA	NA	1
ENSMUSG00000109076	0	NA	NA	0	NA	NA	NA	1
ENSMUSG00000109091	0	NA	NA	0	NA	NA	NA	1
ENSMUSG00000109106	0	NA	NA	0	NA	NA	NA	1
ENSMUSG00000109107	0	NA	NA	0	NA	NA	NA	1
ENSMUSG00000109110	0	NA	NA	0	NA	NA	NA	1
ENSMUSG00000109111	0	NA	NA	0	NA	NA	NA	1
ENSMUSG00000109118	0	NA	NA	0	NA	NA	NA	1
ENSMUSG00000109119	0	NA	NA	0	NA	NA	NA	1
ENSMUSG00000109125	0	NA	NA	0	NA	NA	NA	1
ENSMUSG00000109130	0	NA	NA	0	NA	NA	NA	1
ENSMUSG00000109149	0	NA	NA	0	NA	NA	NA	1
ENSMUSG00000109168	0	NA	NA	0	NA	NA	NA	1
ENSMUSG00000109186	0	NA	NA	0	NA	NA	NA	1
ENSMUSG00000109193	0	NA	NA	0	NA	NA	NA	1
ENSMUSG00000109194	0	NA	NA	0	NA	NA	NA	1
ENSMUSG00000109200	0	NA	NA	0	NA	NA	NA	1
ENSMUSG00000109203	0	NA	NA	0	NA	NA	NA	1
ENSMUSG00000109214	0	NA	NA	0	NA	NA	NA	1
ENSMUSG00000109224	0	NA	NA	0	NA	NA	NA	1
ENSMUSG00000109232	0	NA	NA	0	NA	NA	NA	1
ENSMUSG00000109233	0	NA	NA	0	NA	NA	NA	1
ENSMUSG00000109282	0	NA	NA	0	NA	NA	NA	1
ENSMUSG00000109314	0	NA	NA	0	NA	NA	NA	1
ENSMUSG00000109323	0	NA	NA	0	NA	NA	NA	1
ENSMUSG00000109329	0	NA	NA	0	NA	NA	NA	1
ENSMUSG00000109333	0	NA	NA	0	NA	NA	NA	1
ENSMUSG00000109338	0	NA	NA	0	NA	NA	NA	1
ENSMUSG00000109351	0	NA	NA	0	NA	NA	NA	1
ENSMUSG00000109374	0	NA	NA	0	NA	NA	NA	1
ENSMUSG00000109399	0	NA	NA	0	NA	NA	NA	1
ENSMUSG00000109408	0	NA	NA	0	NA	NA	NA	1
ENSMUSG00000109424	0	NA	NA	0	NA	NA	NA	1
ENSMUSG00000109441	0	NA	NA	0	NA	NA	NA	1
ENSMUSG00000109464	0	NA	NA	0	NA	NA	NA	1
ENSMUSG00000109485	0	NA	NA	0	NA	NA	NA	1
ENSMUSG00000109491	0	NA	NA	0	NA	NA	NA	1
ENSMUSG00000109501	0	NA	NA	0	NA	NA	NA	1
ENSMUSG00000109506	0	NA	NA	0	NA	NA	NA	1
ENSMUSG00000109556	0	NA	NA	0	NA	NA	NA	1
ENSMUSG00000109579	0	NA	NA	0	NA	NA	NA	1
ENSMUSG00000109583	0	NA	NA	0	NA	NA	NA	1
ENSMUSG00000109589	0	NA	NA	0	NA	NA	NA	1
ENSMUSG00000109598	0	NA	NA	0	NA	NA	NA	1
ENSMUSG00000109599	0	NA	NA	0	NA	NA	NA	1
ENSMUSG00000109602	0	NA	NA	0	NA	NA	NA	1
ENSMUSG00000109607	0	NA	NA	0	NA	NA	NA	1
ENSMUSG00000109619	0	NA	NA	0	NA	NA	NA	1
ENSMUSG00000109633	0	NA	NA	0	NA	NA	NA	1
ENSMUSG00000109634	0	NA	NA	0	NA	NA	NA	1
ENSMUSG00000109635	0	NA	NA	0	NA	NA	NA	1
ENSMUSG00000109644	0	NA	NA	0	NA	NA	NA	1
ENSMUSG00000109651	0	NA	NA	0	NA	NA	NA	1
ENSMUSG00000109669	0	NA	NA	0	NA	NA	NA	1
ENSMUSG00000109682	0	NA	NA	0	NA	NA	NA	1
ENSMUSG00000109688	0	NA	NA	0	NA	NA	NA	1
ENSMUSG00000109698	0	NA	NA	0	NA	NA	NA	1
ENSMUSG00000109700	0	NA	NA	0	NA	NA	NA	1
ENSMUSG00000109714	0	NA	NA	0	NA	NA	NA	1
ENSMUSG00000109715	0	NA	NA	0	NA	NA	NA	1
ENSMUSG00000109716	0	NA	NA	0	NA	NA	NA	1
ENSMUSG00000109717	0	NA	NA	0	NA	NA	NA	1
ENSMUSG00000109728	0	NA	NA	0	NA	NA	NA	1
ENSMUSG00000109729	0	NA	NA	0	NA	NA	NA	1
ENSMUSG00000109748	0	NA	NA	0	NA	NA	NA	1
ENSMUSG00000109754	0	NA	NA	0	NA	NA	NA	1
ENSMUSG00000109770	0	NA	NA	0	NA	NA	NA	1
ENSMUSG00000109773	0	NA	NA	0	NA	NA	NA	1
ENSMUSG00000109774	0	NA	NA	0	NA	NA	NA	1
ENSMUSG00000109780	0	NA	NA	0	NA	NA	NA	1
ENSMUSG00000109783	0	NA	NA	0	NA	NA	NA	1
ENSMUSG00000109799	0	NA	NA	0	NA	NA	NA	1
ENSMUSG00000109802	0	NA	NA	0	NA	NA	NA	1
ENSMUSG00000109808	0	NA	NA	0	NA	NA	NA	1
ENSMUSG00000109814	0	NA	NA	0	NA	NA	NA	1
ENSMUSG00000109816	0	NA	NA	0	NA	NA	NA	1
ENSMUSG00000109825	0	NA	NA	0	NA	NA	NA	1
ENSMUSG00000109831	0	NA	NA	0	NA	NA	NA	1
ENSMUSG00000109842	0	NA	NA	0	NA	NA	NA	1
ENSMUSG00000109849	0	NA	NA	0	NA	NA	NA	1
ENSMUSG00000109854	0	NA	NA	0	NA	NA	NA	1
ENSMUSG00000109869	0	NA	NA	0	NA	NA	NA	1
ENSMUSG00000109877	0	NA	NA	0	NA	NA	NA	1
ENSMUSG00000109881	0	NA	NA	0	NA	NA	NA	1
ENSMUSG00000109886	0	NA	NA	0	NA	NA	NA	1
ENSMUSG00000109890	0	NA	NA	0	NA	NA	NA	1
ENSMUSG00000109891	0	NA	NA	0	NA	NA	NA	1
ENSMUSG00000109898	0	NA	NA	0	NA	NA	NA	1
ENSMUSG00000109930	0	NA	NA	0	NA	NA	NA	1
ENSMUSG00000109945	0	NA	NA	0	NA	NA	NA	1
ENSMUSG00000109947	0	NA	NA	0	NA	NA	NA	1
ENSMUSG00000109954	0	NA	NA	0	NA	NA	NA	1
ENSMUSG00000109957	0	NA	NA	0	NA	NA	NA	1
ENSMUSG00000109959	0	NA	NA	0	NA	NA	NA	1
ENSMUSG00000109961	0	NA	NA	0	NA	NA	NA	1
ENSMUSG00000109962	0	NA	NA	0	NA	NA	NA	1
ENSMUSG00000109965	0	NA	NA	0	NA	NA	NA	1
ENSMUSG00000109973	0	NA	NA	0	NA	NA	NA	1
ENSMUSG00000109981	0	NA	NA	0	NA	NA	NA	1
ENSMUSG00000109984	0	NA	NA	0	NA	NA	NA	1
ENSMUSG00000109986	0	NA	NA	0	NA	NA	NA	1
ENSMUSG00000109993	0	NA	NA	0	NA	NA	NA	1
ENSMUSG00000109998	0	NA	NA	0	NA	NA	NA	1
ENSMUSG00000109999	0	NA	NA	0	NA	NA	NA	1
ENSMUSG00000110009	0	NA	NA	0	NA	NA	NA	1
ENSMUSG00000110017	0	NA	NA	0	NA	NA	NA	1
ENSMUSG00000110020	0	NA	NA	0	NA	NA	NA	1
ENSMUSG00000110027	0	NA	NA	0	NA	NA	NA	1
ENSMUSG00000110037	0	NA	NA	0	NA	NA	NA	1
ENSMUSG00000110038	0	NA	NA	0	NA	NA	NA	1
ENSMUSG00000110056	0	NA	NA	0	NA	NA	NA	1
ENSMUSG00000110058	0	NA	NA	0	NA	NA	NA	1
ENSMUSG00000110063	0	NA	NA	0	NA	NA	NA	1
ENSMUSG00000110070	0	NA	NA	0	NA	NA	NA	1
ENSMUSG00000110078	0	NA	NA	0	NA	NA	NA	1
ENSMUSG00000110087	0	NA	NA	0	NA	NA	NA	1
ENSMUSG00000110089	0	NA	NA	0	NA	NA	NA	1
ENSMUSG00000110090	0	NA	NA	0	NA	NA	NA	1
ENSMUSG00000110093	0	NA	NA	0	NA	NA	NA	1
ENSMUSG00000110094	0	NA	NA	0	NA	NA	NA	1
ENSMUSG00000110101	0	NA	NA	0	NA	NA	NA	1
ENSMUSG00000110106	0	NA	NA	0	NA	NA	NA	1
ENSMUSG00000110110	0	NA	NA	0	NA	NA	NA	1
ENSMUSG00000110125	0	NA	NA	0	NA	NA	NA	1
ENSMUSG00000110130	0	NA	NA	0	NA	NA	NA	1
ENSMUSG00000110138	0	NA	NA	0	NA	NA	NA	1
ENSMUSG00000110140	0	NA	NA	0	NA	NA	NA	1
ENSMUSG00000110144	0	NA	NA	0	NA	NA	NA	1
ENSMUSG00000110148	0	NA	NA	0	NA	NA	NA	1
ENSMUSG00000110156	0	NA	NA	0	NA	NA	NA	1
ENSMUSG00000110157	0	NA	NA	0	NA	NA	NA	1
ENSMUSG00000110161	0	NA	NA	0	NA	NA	NA	1
ENSMUSG00000110162	0	NA	NA	0	NA	NA	NA	1
ENSMUSG00000110168	0	NA	NA	0	NA	NA	NA	1
ENSMUSG00000110183	0	NA	NA	0	NA	NA	NA	1
ENSMUSG00000110205	0	NA	NA	0	NA	NA	NA	1
ENSMUSG00000110207	0	NA	NA	0	NA	NA	NA	1
ENSMUSG00000110208	0	NA	NA	0	NA	NA	NA	1
ENSMUSG00000110209	0	NA	NA	0	NA	NA	NA	1
ENSMUSG00000110210	0	NA	NA	0	NA	NA	NA	1
ENSMUSG00000110216	0	NA	NA	0	NA	NA	NA	1
ENSMUSG00000110217	0	NA	NA	0	NA	NA	NA	1
ENSMUSG00000110230	0	NA	NA	0	NA	NA	NA	1
ENSMUSG00000110235	0	NA	NA	0	NA	NA	NA	1
ENSMUSG00000110236	0	NA	NA	0	NA	NA	NA	1
ENSMUSG00000110239	0	NA	NA	0	NA	NA	NA	1
ENSMUSG00000110240	0	NA	NA	0	NA	NA	NA	1
ENSMUSG00000110264	0	NA	NA	0	NA	NA	NA	1
ENSMUSG00000110270	0	NA	NA	0	NA	NA	NA	1
ENSMUSG00000110273	0	NA	NA	0	NA	NA	NA	1
ENSMUSG00000110286	0	NA	NA	0	NA	NA	NA	1
ENSMUSG00000110301	0	NA	NA	0	NA	NA	NA	1
ENSMUSG00000110304	0	NA	NA	0	NA	NA	NA	1
ENSMUSG00000110314	0	NA	NA	0	NA	NA	NA	1
ENSMUSG00000110316	0	NA	NA	0	NA	NA	NA	1
ENSMUSG00000110317	0	NA	NA	0	NA	NA	NA	1
ENSMUSG00000110335	0	NA	NA	0	NA	NA	NA	1
ENSMUSG00000110354	0	NA	NA	0	NA	NA	NA	1
ENSMUSG00000110356	0	NA	NA	0	NA	NA	NA	1
ENSMUSG00000110357	0	NA	NA	0	NA	NA	NA	1
ENSMUSG00000110366	0	NA	NA	0	NA	NA	NA	1
ENSMUSG00000110384	0	NA	NA	0	NA	NA	NA	1
ENSMUSG00000110388	0	NA	NA	0	NA	NA	NA	1
ENSMUSG00000110389	0	NA	NA	0	NA	NA	NA	1
ENSMUSG00000110392	0	NA	NA	0	NA	NA	NA	1
ENSMUSG00000110396	0	NA	NA	0	NA	NA	NA	1
ENSMUSG00000110399	0	NA	NA	0	NA	NA	NA	1
ENSMUSG00000110409	0	NA	NA	0	NA	NA	NA	1
ENSMUSG00000110419	0	NA	NA	0	NA	NA	NA	1
ENSMUSG00000110424	0	NA	NA	0	NA	NA	NA	1
ENSMUSG00000110427	0	NA	NA	0	NA	NA	NA	1
ENSMUSG00000110428	0	NA	NA	0	NA	NA	NA	1
ENSMUSG00000110433	0	NA	NA	0	NA	NA	NA	1
ENSMUSG00000110440	0	NA	NA	0	NA	NA	NA	1
ENSMUSG00000110447	0	NA	NA	0	NA	NA	NA	1
ENSMUSG00000110454	0	NA	NA	0	NA	NA	NA	1
ENSMUSG00000110455	0	NA	NA	0	NA	NA	NA	1
ENSMUSG00000110470	0	NA	NA	0	NA	NA	NA	1
ENSMUSG00000110475	0	NA	NA	0	NA	NA	NA	1
ENSMUSG00000110476	0	NA	NA	0	NA	NA	NA	1
ENSMUSG00000110477	0	NA	NA	0	NA	NA	NA	1
ENSMUSG00000110483	0	NA	NA	0	NA	NA	NA	1
ENSMUSG00000110486	0	NA	NA	0	NA	NA	NA	1
ENSMUSG00000110489	0	NA	NA	0	NA	NA	NA	1
ENSMUSG00000110498	0	NA	NA	0	NA	NA	NA	1
ENSMUSG00000110500	0	NA	NA	0	NA	NA	NA	1
ENSMUSG00000110505	0	NA	NA	0	NA	NA	NA	1
ENSMUSG00000110507	0	NA	NA	0	NA	NA	NA	1
ENSMUSG00000110517	0	NA	NA	0	NA	NA	NA	1
ENSMUSG00000110537	0	NA	NA	0	NA	NA	NA	1
ENSMUSG00000110541	0	NA	NA	0	NA	NA	NA	1
ENSMUSG00000110547	0	NA	NA	0	NA	NA	NA	1
ENSMUSG00000110593	0	NA	NA	0	NA	NA	NA	1
ENSMUSG00000110607	0	NA	NA	0	NA	NA	NA	1
ENSMUSG00000110611	0	NA	NA	0	NA	NA	NA	1
ENSMUSG00000110615	0	NA	NA	0	NA	NA	NA	1
ENSMUSG00000110620	0	NA	NA	0	NA	NA	NA	1
ENSMUSG00000110624	0	NA	NA	0	NA	NA	NA	1
ENSMUSG00000110626	0	NA	NA	0	NA	NA	NA	1
ENSMUSG00000110630	0	NA	NA	0	NA	NA	NA	1
ENSMUSG00000110640	0	NA	NA	0	NA	NA	NA	1
ENSMUSG00000110652	0	NA	NA	0	NA	NA	NA	1
ENSMUSG00000110656	0	NA	NA	0	NA	NA	NA	1
ENSMUSG00000110661	0	NA	NA	0	NA	NA	NA	1
ENSMUSG00000110676	0	NA	NA	0	NA	NA	NA	1
ENSMUSG00000110697	0	NA	NA	0	NA	NA	NA	1
ENSMUSG00000110702	0	NA	NA	0	NA	NA	NA	1
ENSMUSG00000110706	0	NA	NA	0	NA	NA	NA	1
ENSMUSG00000110709	0	NA	NA	0	NA	NA	NA	1
ENSMUSG00000110710	0	NA	NA	0	NA	NA	NA	1
ENSMUSG00000110712	0	NA	NA	0	NA	NA	NA	1
ENSMUSG00000110722	0	NA	NA	0	NA	NA	NA	1
ENSMUSG00000110737	0	NA	NA	0	NA	NA	NA	1
ENSMUSG00000110740	0	NA	NA	0	NA	NA	NA	1
ENSMUSG00000110754	0	NA	NA	0	NA	NA	NA	1
ENSMUSG00000110766	0	NA	NA	0	NA	NA	NA	1
ENSMUSG00000110771	0	NA	NA	0	NA	NA	NA	1
ENSMUSG00000110773	0	NA	NA	0	NA	NA	NA	1
ENSMUSG00000110774	0	NA	NA	0	NA	NA	NA	1
ENSMUSG00000110781	0	NA	NA	0	NA	NA	NA	1
ENSMUSG00000110784	0	NA	NA	0	NA	NA	NA	1
ENSMUSG00000110789	0	NA	NA	0	NA	NA	NA	1
ENSMUSG00000110799	0	NA	NA	0	NA	NA	NA	1
ENSMUSG00000110803	0	NA	NA	0	NA	NA	NA	1
ENSMUSG00000110813	0	NA	NA	0	NA	NA	NA	1
ENSMUSG00000110821	0	NA	NA	0	NA	NA	NA	1
ENSMUSG00000110826	0	NA	NA	0	NA	NA	NA	1
ENSMUSG00000110827	0	NA	NA	0	NA	NA	NA	1
ENSMUSG00000110831	0	NA	NA	0	NA	NA	NA	1
ENSMUSG00000110839	0	NA	NA	0	NA	NA	NA	1
ENSMUSG00000110844	0	NA	NA	0	NA	NA	NA	1
ENSMUSG00000110848	0	NA	NA	0	NA	NA	NA	1
ENSMUSG00000110853	0	NA	NA	0	NA	NA	NA	1
ENSMUSG00000110863	0	NA	NA	0	NA	NA	NA	1
ENSMUSG00000110876	0	NA	NA	0	NA	NA	NA	1
ENSMUSG00000110884	0	NA	NA	0	NA	NA	NA	1
ENSMUSG00000110902	0	NA	NA	0	NA	NA	NA	1
ENSMUSG00000110915	0	NA	NA	0	NA	NA	NA	1
ENSMUSG00000110916	0	NA	NA	0	NA	NA	NA	1
ENSMUSG00000110917	0	NA	NA	0	NA	NA	NA	1
ENSMUSG00000110922	0	NA	NA	0	NA	NA	NA	1
ENSMUSG00000110924	0	NA	NA	0	NA	NA	NA	1
ENSMUSG00000110929	0	NA	NA	0	NA	NA	NA	1
ENSMUSG00000110938	0	NA	NA	0	NA	NA	NA	1
ENSMUSG00000110945	0	NA	NA	0	NA	NA	NA	1
ENSMUSG00000110950	0	NA	NA	0	NA	NA	NA	1
ENSMUSG00000110958	0	NA	NA	0	NA	NA	NA	1
ENSMUSG00000110967	0	NA	NA	0	NA	NA	NA	1
ENSMUSG00000110976	0	NA	NA	0	NA	NA	NA	1
ENSMUSG00000110992	0	NA	NA	0	NA	NA	NA	1
ENSMUSG00000110996	0	NA	NA	0	NA	NA	NA	1
ENSMUSG00000111005	0	NA	NA	0	NA	NA	NA	1
ENSMUSG00000111020	0	NA	NA	0	NA	NA	NA	1
ENSMUSG00000111022	0	NA	NA	0	NA	NA	NA	1
ENSMUSG00000111035	0	NA	NA	0	NA	NA	NA	1
ENSMUSG00000111043	0	NA	NA	0	NA	NA	NA	1
ENSMUSG00000111052	0	NA	NA	0	NA	NA	NA	1
ENSMUSG00000111053	0	NA	NA	0	NA	NA	NA	1
ENSMUSG00000111056	0	NA	NA	0	NA	NA	NA	1
ENSMUSG00000111059	0	NA	NA	0	NA	NA	NA	1
ENSMUSG00000111061	0	NA	NA	0	NA	NA	NA	1
ENSMUSG00000111079	0	NA	NA	0	NA	NA	NA	1
ENSMUSG00000111080	0	NA	NA	0	NA	NA	NA	1
ENSMUSG00000111082	0	NA	NA	0	NA	NA	NA	1
ENSMUSG00000111085	0	NA	NA	0	NA	NA	NA	1
ENSMUSG00000111097	0	NA	NA	0	NA	NA	NA	1
ENSMUSG00000111098	0	NA	NA	0	NA	NA	NA	1
ENSMUSG00000111100	0	NA	NA	0	NA	NA	NA	1
ENSMUSG00000111103	0	NA	NA	0	NA	NA	NA	1
ENSMUSG00000111110	0	NA	NA	0	NA	NA	NA	1
ENSMUSG00000111117	0	NA	NA	0	NA	NA	NA	1
ENSMUSG00000111144	0	NA	NA	0	NA	NA	NA	1
ENSMUSG00000111172	0	NA	NA	0	NA	NA	NA	1
ENSMUSG00000111189	0	NA	NA	0	NA	NA	NA	1
ENSMUSG00000111193	0	NA	NA	0	NA	NA	NA	1
ENSMUSG00000111195	0	NA	NA	0	NA	NA	NA	1
ENSMUSG00000111198	0	NA	NA	0	NA	NA	NA	1
ENSMUSG00000111199	0	NA	NA	0	NA	NA	NA	1
ENSMUSG00000111200	0	NA	NA	0	NA	NA	NA	1
ENSMUSG00000111203	0	NA	NA	0	NA	NA	NA	1
ENSMUSG00000111204	0	NA	NA	0	NA	NA	NA	1
ENSMUSG00000111208	0	NA	NA	0	NA	NA	NA	1
ENSMUSG00000111215	0	NA	NA	0	NA	NA	NA	1
ENSMUSG00000111222	0	NA	NA	0	NA	NA	NA	1
ENSMUSG00000111232	0	NA	NA	0	NA	NA	NA	1
ENSMUSG00000111234	0	NA	NA	0	NA	NA	NA	1
ENSMUSG00000111235	0	NA	NA	0	NA	NA	NA	1
ENSMUSG00000111246	0	NA	NA	0	NA	NA	NA	1
ENSMUSG00000111250	0	NA	NA	0	NA	NA	NA	1
ENSMUSG00000111253	0	NA	NA	0	NA	NA	NA	1
ENSMUSG00000111256	0	NA	NA	0	NA	NA	NA	1
ENSMUSG00000111258	0	NA	NA	0	NA	NA	NA	1
ENSMUSG00000111265	0	NA	NA	0	NA	NA	NA	1
ENSMUSG00000111271	0	NA	NA	0	NA	NA	NA	1
ENSMUSG00000111274	0	NA	NA	0	NA	NA	NA	1
ENSMUSG00000111276	0	NA	NA	0	NA	NA	NA	1
ENSMUSG00000111278	0	NA	NA	0	NA	NA	NA	1
ENSMUSG00000111284	0	NA	NA	0	NA	NA	NA	1
ENSMUSG00000111291	0	NA	NA	0	NA	NA	NA	1
ENSMUSG00000111299	0	NA	NA	0	NA	NA	NA	1
ENSMUSG00000111303	0	NA	NA	0	NA	NA	NA	1
ENSMUSG00000111318	0	NA	NA	0	NA	NA	NA	1
ENSMUSG00000111323	0	NA	NA	0	NA	NA	NA	1
ENSMUSG00000111329	0	NA	NA	0	NA	NA	NA	1
ENSMUSG00000111334	0	NA	NA	0	NA	NA	NA	1
ENSMUSG00000111342	0	NA	NA	0	NA	NA	NA	1
ENSMUSG00000111357	0	NA	NA	0	NA	NA	NA	1
ENSMUSG00000111359	0	NA	NA	0	NA	NA	NA	1
ENSMUSG00000111364	0	NA	NA	0	NA	NA	NA	1
ENSMUSG00000111365	0	NA	NA	0	NA	NA	NA	1
ENSMUSG00000111368	0	NA	NA	0	NA	NA	NA	1
ENSMUSG00000111377	0	NA	NA	0	NA	NA	NA	1
ENSMUSG00000111390	0	NA	NA	0	NA	NA	NA	1
ENSMUSG00000111399	0	NA	NA	0	NA	NA	NA	1
ENSMUSG00000111400	0	NA	NA	0	NA	NA	NA	1
ENSMUSG00000111403	0	NA	NA	0	NA	NA	NA	1
ENSMUSG00000111422	0	NA	NA	0	NA	NA	NA	1
ENSMUSG00000111443	0	NA	NA	0	NA	NA	NA	1
ENSMUSG00000111447	0	NA	NA	0	NA	NA	NA	1
ENSMUSG00000111465	0	NA	NA	0	NA	NA	NA	1
ENSMUSG00000111467	0	NA	NA	0	NA	NA	NA	1
ENSMUSG00000111471	0	NA	NA	0	NA	NA	NA	1
ENSMUSG00000111474	0	NA	NA	0	NA	NA	NA	1
ENSMUSG00000111479	0	NA	NA	0	NA	NA	NA	1
ENSMUSG00000111488	0	NA	NA	0	NA	NA	NA	1
ENSMUSG00000111489	0	NA	NA	0	NA	NA	NA	1
ENSMUSG00000111504	0	NA	NA	0	NA	NA	NA	1
ENSMUSG00000111520	0	NA	NA	0	NA	NA	NA	1
ENSMUSG00000111521	0	NA	NA	0	NA	NA	NA	1
ENSMUSG00000111532	0	NA	NA	0	NA	NA	NA	1
ENSMUSG00000111561	0	NA	NA	0	NA	NA	NA	1
ENSMUSG00000111565	0	NA	NA	0	NA	NA	NA	1
ENSMUSG00000111570	0	NA	NA	0	NA	NA	NA	1
ENSMUSG00000111575	0	NA	NA	0	NA	NA	NA	1
ENSMUSG00000111602	0	NA	NA	0	NA	NA	NA	1
ENSMUSG00000111631	0	NA	NA	0	NA	NA	NA	1
ENSMUSG00000111645	0	NA	NA	0	NA	NA	NA	1
ENSMUSG00000111654	0	NA	NA	0	NA	NA	NA	1
ENSMUSG00000111655	0	NA	NA	0	NA	NA	NA	1
ENSMUSG00000111673	0	NA	NA	0	NA	NA	NA	1
ENSMUSG00000111682	0	NA	NA	0	NA	NA	NA	1
ENSMUSG00000111695	0	NA	NA	0	NA	NA	NA	1
ENSMUSG00000111712	0	NA	NA	0	NA	NA	NA	1
ENSMUSG00000111746	0	NA	NA	0	NA	NA	NA	1
ENSMUSG00000111748	0	NA	NA	0	NA	NA	NA	1
ENSMUSG00000111749	0	NA	NA	0	NA	NA	NA	1
ENSMUSG00000111763	0	NA	NA	0	NA	NA	NA	1
ENSMUSG00000111769	0	NA	NA	0	NA	NA	NA	1
ENSMUSG00000111771	0	NA	NA	0	NA	NA	NA	1
ENSMUSG00000111774	0	NA	NA	0	NA	NA	NA	1
ENSMUSG00000111778	0	NA	NA	0	NA	NA	NA	1
ENSMUSG00000111780	0	NA	NA	0	NA	NA	NA	1
ENSMUSG00000111786	0	NA	NA	0	NA	NA	NA	1
ENSMUSG00000111789	0	NA	NA	0	NA	NA	NA	1
ENSMUSG00000111793	0	NA	NA	0	NA	NA	NA	1
ENSMUSG00000111794	0	NA	NA	0	NA	NA	NA	1
ENSMUSG00000111796	0	NA	NA	0	NA	NA	NA	1
ENSMUSG00000111797	0	NA	NA	0	NA	NA	NA	1
ENSMUSG00000111806	0	NA	NA	0	NA	NA	NA	1
ENSMUSG00000111811	0	NA	NA	0	NA	NA	NA	1
ENSMUSG00000111818	0	NA	NA	0	NA	NA	NA	1
ENSMUSG00000111820	0	NA	NA	0	NA	NA	NA	1
ENSMUSG00000111821	0	NA	NA	0	NA	NA	NA	1
ENSMUSG00000111828	0	NA	NA	0	NA	NA	NA	1
ENSMUSG00000111829	0	NA	NA	0	NA	NA	NA	1
ENSMUSG00000111836	0	NA	NA	0	NA	NA	NA	1
ENSMUSG00000111839	0	NA	NA	0	NA	NA	NA	1
ENSMUSG00000111841	0	NA	NA	0	NA	NA	NA	1
ENSMUSG00000111846	0	NA	NA	0	NA	NA	NA	1
ENSMUSG00000111849	0	NA	NA	0	NA	NA	NA	1
ENSMUSG00000111852	0	NA	NA	0	NA	NA	NA	1
ENSMUSG00000111853	0	NA	NA	0	NA	NA	NA	1
ENSMUSG00000111856	0	NA	NA	0	NA	NA	NA	1
ENSMUSG00000111858	0	NA	NA	0	NA	NA	NA	1
ENSMUSG00000111871	0	NA	NA	0	NA	NA	NA	1
ENSMUSG00000111878	0	NA	NA	0	NA	NA	NA	1
ENSMUSG00000111894	0	NA	NA	0	NA	NA	NA	1
ENSMUSG00000111916	0	NA	NA	0	NA	NA	NA	1
ENSMUSG00000111926	0	NA	NA	0	NA	NA	NA	1
ENSMUSG00000111929	0	NA	NA	0	NA	NA	NA	1
ENSMUSG00000111933	0	NA	NA	0	NA	NA	NA	1
ENSMUSG00000111938	0	NA	NA	0	NA	NA	NA	1
ENSMUSG00000111971	0	NA	NA	0	NA	NA	NA	1
ENSMUSG00000111977	0	NA	NA	0	NA	NA	NA	1
ENSMUSG00000111986	0	NA	NA	0	NA	NA	NA	1
ENSMUSG00000111987	0	NA	NA	0	NA	NA	NA	1
ENSMUSG00000111994	0	NA	NA	0	NA	NA	NA	1
ENSMUSG00000112000	0	NA	NA	0	NA	NA	NA	1
ENSMUSG00000112006	0	NA	NA	0	NA	NA	NA	1
ENSMUSG00000112009	0	NA	NA	0	NA	NA	NA	1
ENSMUSG00000112014	0	NA	NA	0	NA	NA	NA	1
ENSMUSG00000112032	0	NA	NA	0	NA	NA	NA	1
ENSMUSG00000112041	0	NA	NA	0	NA	NA	NA	1
ENSMUSG00000112054	0	NA	NA	0	NA	NA	NA	1
ENSMUSG00000112058	0	NA	NA	0	NA	NA	NA	1
ENSMUSG00000112071	0	NA	NA	0	NA	NA	NA	1
ENSMUSG00000112080	0	NA	NA	0	NA	NA	NA	1
ENSMUSG00000112087	0	NA	NA	0	NA	NA	NA	1
ENSMUSG00000112093	0	NA	NA	0	NA	NA	NA	1
ENSMUSG00000112095	0	NA	NA	0	NA	NA	NA	1
ENSMUSG00000112103	0	NA	NA	0	NA	NA	NA	1
ENSMUSG00000112109	0	NA	NA	0	NA	NA	NA	1
ENSMUSG00000112112	0	NA	NA	0	NA	NA	NA	1
ENSMUSG00000112120	0	NA	NA	0	NA	NA	NA	1
ENSMUSG00000112121	0	NA	NA	0	NA	NA	NA	1
ENSMUSG00000112125	0	NA	NA	0	NA	NA	NA	1
ENSMUSG00000112134	0	NA	NA	0	NA	NA	NA	1
ENSMUSG00000112143	0	NA	NA	0	NA	NA	NA	1
ENSMUSG00000112155	0	NA	NA	0	NA	NA	NA	1
ENSMUSG00000112157	0	NA	NA	0	NA	NA	NA	1
ENSMUSG00000112164	0	NA	NA	0	NA	NA	NA	1
ENSMUSG00000112166	0	NA	NA	0	NA	NA	NA	1
ENSMUSG00000112168	0	NA	NA	0	NA	NA	NA	1
ENSMUSG00000112174	0	NA	NA	0	NA	NA	NA	1
ENSMUSG00000112175	0	NA	NA	0	NA	NA	NA	1
ENSMUSG00000112192	0	NA	NA	0	NA	NA	NA	1
ENSMUSG00000112201	0	NA	NA	0	NA	NA	NA	1
ENSMUSG00000112211	0	NA	NA	0	NA	NA	NA	1
ENSMUSG00000112213	0	NA	NA	0	NA	NA	NA	1
ENSMUSG00000112229	0	NA	NA	0	NA	NA	NA	1
ENSMUSG00000112270	0	NA	NA	0	NA	NA	NA	1
ENSMUSG00000112274	0	NA	NA	0	NA	NA	NA	1
ENSMUSG00000112275	0	NA	NA	0	NA	NA	NA	1
ENSMUSG00000112276	0	NA	NA	0	NA	NA	NA	1
ENSMUSG00000112278	0	NA	NA	0	NA	NA	NA	1
ENSMUSG00000112280	0	NA	NA	0	NA	NA	NA	1
ENSMUSG00000112288	0	NA	NA	0	NA	NA	NA	1
ENSMUSG00000112314	0	NA	NA	0	NA	NA	NA	1
ENSMUSG00000112319	0	NA	NA	0	NA	NA	NA	1
ENSMUSG00000112320	0	NA	NA	0	NA	NA	NA	1
ENSMUSG00000112323	0	NA	NA	0	NA	NA	NA	1
ENSMUSG00000112327	0	NA	NA	0	NA	NA	NA	1
ENSMUSG00000112337	0	NA	NA	0	NA	NA	NA	1
ENSMUSG00000112343	0	NA	NA	0	NA	NA	NA	1
ENSMUSG00000112344	0	NA	NA	0	NA	NA	NA	1
ENSMUSG00000112345	0	NA	NA	0	NA	NA	NA	1
ENSMUSG00000112347	0	NA	NA	0	NA	NA	NA	1
ENSMUSG00000112360	0	NA	NA	0	NA	NA	NA	1
ENSMUSG00000112372	0	NA	NA	0	NA	NA	NA	1
ENSMUSG00000112376	0	NA	NA	0	NA	NA	NA	1
ENSMUSG00000112386	0	NA	NA	0	NA	NA	NA	1
ENSMUSG00000112397	0	NA	NA	0	NA	NA	NA	1
ENSMUSG00000112399	0	NA	NA	0	NA	NA	NA	1
ENSMUSG00000112404	0	NA	NA	0	NA	NA	NA	1
ENSMUSG00000112406	0	NA	NA	0	NA	NA	NA	1
ENSMUSG00000112410	0	NA	NA	0	NA	NA	NA	1
ENSMUSG00000112412	0	NA	NA	0	NA	NA	NA	1
ENSMUSG00000112421	0	NA	NA	0	NA	NA	NA	1
ENSMUSG00000112422	0	NA	NA	0	NA	NA	NA	1
ENSMUSG00000112426	0	NA	NA	0	NA	NA	NA	1
ENSMUSG00000112429	0	NA	NA	0	NA	NA	NA	1
ENSMUSG00000112433	0	NA	NA	0	NA	NA	NA	1
ENSMUSG00000112444	0	NA	NA	0	NA	NA	NA	1
ENSMUSG00000112454	0	NA	NA	0	NA	NA	NA	1
ENSMUSG00000112458	0	NA	NA	0	NA	NA	NA	1
ENSMUSG00000112459	0	NA	NA	0	NA	NA	NA	1
ENSMUSG00000112466	0	NA	NA	0	NA	NA	NA	1
ENSMUSG00000112476	0	NA	NA	0	NA	NA	NA	1
ENSMUSG00000112477	0	NA	NA	0	NA	NA	NA	1
ENSMUSG00000112489	0	NA	NA	0	NA	NA	NA	1
ENSMUSG00000112493	0	NA	NA	0	NA	NA	NA	1
ENSMUSG00000112498	0	NA	NA	0	NA	NA	NA	1
ENSMUSG00000112500	0	NA	NA	0	NA	NA	NA	1
ENSMUSG00000112505	0	NA	NA	0	NA	NA	NA	1
ENSMUSG00000112510	0	NA	NA	0	NA	NA	NA	1
ENSMUSG00000112513	0	NA	NA	0	NA	NA	NA	1
ENSMUSG00000112526	0	NA	NA	0	NA	NA	NA	1
ENSMUSG00000112527	0	NA	NA	0	NA	NA	NA	1
ENSMUSG00000112530	0	NA	NA	0	NA	NA	NA	1
ENSMUSG00000112539	0	NA	NA	0	NA	NA	NA	1
ENSMUSG00000112545	0	NA	NA	0	NA	NA	NA	1
ENSMUSG00000112554	0	NA	NA	0	NA	NA	NA	1
ENSMUSG00000112569	0	NA	NA	0	NA	NA	NA	1
ENSMUSG00000112607	0	NA	NA	0	NA	NA	NA	1
ENSMUSG00000112627	0	NA	NA	0	NA	NA	NA	1
ENSMUSG00000112630	0	NA	NA	0	NA	NA	NA	1
ENSMUSG00000112636	0	NA	NA	0	NA	NA	NA	1
ENSMUSG00000112639	0	NA	NA	0	NA	NA	NA	1
ENSMUSG00000112654	0	NA	NA	0	NA	NA	NA	1
ENSMUSG00000112659	0	NA	NA	0	NA	NA	NA	1
ENSMUSG00000112669	0	NA	NA	0	NA	NA	NA	1
ENSMUSG00000112674	0	NA	NA	0	NA	NA	NA	1
ENSMUSG00000112681	0	NA	NA	0	NA	NA	NA	1
ENSMUSG00000112685	0	NA	NA	0	NA	NA	NA	1
ENSMUSG00000112704	0	NA	NA	0	NA	NA	NA	1
ENSMUSG00000112709	0	NA	NA	0	NA	NA	NA	1
ENSMUSG00000112711	0	NA	NA	0	NA	NA	NA	1
ENSMUSG00000112722	0	NA	NA	0	NA	NA	NA	1
ENSMUSG00000112726	0	NA	NA	0	NA	NA	NA	1
ENSMUSG00000112728	0	NA	NA	0	NA	NA	NA	1
ENSMUSG00000112730	0	NA	NA	0	NA	NA	NA	1
ENSMUSG00000112731	0	NA	NA	0	NA	NA	NA	1
ENSMUSG00000112734	0	NA	NA	0	NA	NA	NA	1
ENSMUSG00000112739	0	NA	NA	0	NA	NA	NA	1
ENSMUSG00000112745	0	NA	NA	0	NA	NA	NA	1
ENSMUSG00000112751	0	NA	NA	0	NA	NA	NA	1
ENSMUSG00000112752	0	NA	NA	0	NA	NA	NA	1
ENSMUSG00000112758	0	NA	NA	0	NA	NA	NA	1
ENSMUSG00000112765	0	NA	NA	0	NA	NA	NA	1
ENSMUSG00000112773	0	NA	NA	0	NA	NA	NA	1
ENSMUSG00000112784	0	NA	NA	0	NA	NA	NA	1
ENSMUSG00000112785	0	NA	NA	0	NA	NA	NA	1
ENSMUSG00000112792	0	NA	NA	0	NA	NA	NA	1
ENSMUSG00000112793	0	NA	NA	0	NA	NA	NA	1
ENSMUSG00000112796	0	NA	NA	0	NA	NA	NA	1
ENSMUSG00000112803	0	NA	NA	0	NA	NA	NA	1
ENSMUSG00000112809	0	NA	NA	0	NA	NA	NA	1
ENSMUSG00000112819	0	NA	NA	0	NA	NA	NA	1
ENSMUSG00000112824	0	NA	NA	0	NA	NA	NA	1
ENSMUSG00000112833	0	NA	NA	0	NA	NA	NA	1
ENSMUSG00000112835	0	NA	NA	0	NA	NA	NA	1
ENSMUSG00000112837	0	NA	NA	0	NA	NA	NA	1
ENSMUSG00000112845	0	NA	NA	0	NA	NA	NA	1
ENSMUSG00000112848	0	NA	NA	0	NA	NA	NA	1
ENSMUSG00000112859	0	NA	NA	0	NA	NA	NA	1
ENSMUSG00000112860	0	NA	NA	0	NA	NA	NA	1
ENSMUSG00000112868	0	NA	NA	0	NA	NA	NA	1
ENSMUSG00000112870	0	NA	NA	0	NA	NA	NA	1
ENSMUSG00000112878	0	NA	NA	0	NA	NA	NA	1
ENSMUSG00000112880	0	NA	NA	0	NA	NA	NA	1
ENSMUSG00000112883	0	NA	NA	0	NA	NA	NA	1
ENSMUSG00000112888	0	NA	NA	0	NA	NA	NA	1
ENSMUSG00000112891	0	NA	NA	0	NA	NA	NA	1
ENSMUSG00000112899	0	NA	NA	0	NA	NA	NA	1
ENSMUSG00000112910	0	NA	NA	0	NA	NA	NA	1
ENSMUSG00000112924	0	NA	NA	0	NA	NA	NA	1
ENSMUSG00000112925	0	NA	NA	0	NA	NA	NA	1
ENSMUSG00000112936	0	NA	NA	0	NA	NA	NA	1
ENSMUSG00000112937	0	NA	NA	0	NA	NA	NA	1
ENSMUSG00000112941	0	NA	NA	0	NA	NA	NA	1
ENSMUSG00000112945	0	NA	NA	0	NA	NA	NA	1
ENSMUSG00000112954	0	NA	NA	0	NA	NA	NA	1
ENSMUSG00000112957	0	NA	NA	0	NA	NA	NA	1
ENSMUSG00000112959	0	NA	NA	0	NA	NA	NA	1
ENSMUSG00000112977	0	NA	NA	0	NA	NA	NA	1
ENSMUSG00000112980	0	NA	NA	0	NA	NA	NA	1
ENSMUSG00000112983	0	NA	NA	0	NA	NA	NA	1
ENSMUSG00000112991	0	NA	NA	0	NA	NA	NA	1
ENSMUSG00000112995	0	NA	NA	0	NA	NA	NA	1
ENSMUSG00000113005	0	NA	NA	0	NA	NA	NA	1
ENSMUSG00000113010	0	NA	NA	0	NA	NA	NA	1
ENSMUSG00000113013	0	NA	NA	0	NA	NA	NA	1
ENSMUSG00000113029	0	NA	NA	0	NA	NA	NA	1
ENSMUSG00000113038	0	NA	NA	0	NA	NA	NA	1
ENSMUSG00000113057	0	NA	NA	0	NA	NA	NA	1
ENSMUSG00000113058	0	NA	NA	0	NA	NA	NA	1
ENSMUSG00000113068	0	NA	NA	0	NA	NA	NA	1
ENSMUSG00000113070	0	NA	NA	0	NA	NA	NA	1
ENSMUSG00000113074	0	NA	NA	0	NA	NA	NA	1
ENSMUSG00000113090	0	NA	NA	0	NA	NA	NA	1
ENSMUSG00000113092	0	NA	NA	0	NA	NA	NA	1
ENSMUSG00000113104	0	NA	NA	0	NA	NA	NA	1
ENSMUSG00000113115	0	NA	NA	0	NA	NA	NA	1
ENSMUSG00000113120	0	NA	NA	0	NA	NA	NA	1
ENSMUSG00000113136	0	NA	NA	0	NA	NA	NA	1
ENSMUSG00000113138	0	NA	NA	0	NA	NA	NA	1
ENSMUSG00000113147	0	NA	NA	0	NA	NA	NA	1
ENSMUSG00000113183	0	NA	NA	0	NA	NA	NA	1
ENSMUSG00000113186	0	NA	NA	0	NA	NA	NA	1
ENSMUSG00000113189	0	NA	NA	0	NA	NA	NA	1
ENSMUSG00000113190	0	NA	NA	0	NA	NA	NA	1
ENSMUSG00000113210	0	NA	NA	0	NA	NA	NA	1
ENSMUSG00000113211	0	NA	NA	0	NA	NA	NA	1
ENSMUSG00000113224	0	NA	NA	0	NA	NA	NA	1
ENSMUSG00000113246	0	NA	NA	0	NA	NA	NA	1
ENSMUSG00000113252	0	NA	NA	0	NA	NA	NA	1
ENSMUSG00000113268	0	NA	NA	0	NA	NA	NA	1
ENSMUSG00000113272	0	NA	NA	0	NA	NA	NA	1
ENSMUSG00000113274	0	NA	NA	0	NA	NA	NA	1
ENSMUSG00000113276	0	NA	NA	0	NA	NA	NA	1
ENSMUSG00000113283	0	NA	NA	0	NA	NA	NA	1
ENSMUSG00000113298	0	NA	NA	0	NA	NA	NA	1
ENSMUSG00000113299	0	NA	NA	0	NA	NA	NA	1
ENSMUSG00000113303	0	NA	NA	0	NA	NA	NA	1
ENSMUSG00000113313	0	NA	NA	0	NA	NA	NA	1
ENSMUSG00000113321	0	NA	NA	0	NA	NA	NA	1
ENSMUSG00000113324	0	NA	NA	0	NA	NA	NA	1
ENSMUSG00000113327	0	NA	NA	0	NA	NA	NA	1
ENSMUSG00000113330	0	NA	NA	0	NA	NA	NA	1
ENSMUSG00000113334	0	NA	NA	0	NA	NA	NA	1
ENSMUSG00000113343	0	NA	NA	0	NA	NA	NA	1
ENSMUSG00000113346	0	NA	NA	0	NA	NA	NA	1
ENSMUSG00000113358	0	NA	NA	0	NA	NA	NA	1
ENSMUSG00000113359	0	NA	NA	0	NA	NA	NA	1
ENSMUSG00000113361	0	NA	NA	0	NA	NA	NA	1
ENSMUSG00000113362	0	NA	NA	0	NA	NA	NA	1
ENSMUSG00000113363	0	NA	NA	0	NA	NA	NA	1
ENSMUSG00000113380	0	NA	NA	0	NA	NA	NA	1
ENSMUSG00000113384	0	NA	NA	0	NA	NA	NA	1
ENSMUSG00000113399	0	NA	NA	0	NA	NA	NA	1
ENSMUSG00000113404	0	NA	NA	0	NA	NA	NA	1
ENSMUSG00000113447	0	NA	NA	0	NA	NA	NA	1
ENSMUSG00000113457	0	NA	NA	0	NA	NA	NA	1
ENSMUSG00000113458	0	NA	NA	0	NA	NA	NA	1
ENSMUSG00000113463	0	NA	NA	0	NA	NA	NA	1
ENSMUSG00000113465	0	NA	NA	0	NA	NA	NA	1
ENSMUSG00000113484	0	NA	NA	0	NA	NA	NA	1
ENSMUSG00000113492	0	NA	NA	0	NA	NA	NA	1
ENSMUSG00000113515	0	NA	NA	0	NA	NA	NA	1
ENSMUSG00000113519	0	NA	NA	0	NA	NA	NA	1
ENSMUSG00000113522	0	NA	NA	0	NA	NA	NA	1
ENSMUSG00000113550	0	NA	NA	0	NA	NA	NA	1
ENSMUSG00000113553	0	NA	NA	0	NA	NA	NA	1
ENSMUSG00000113573	0	NA	NA	0	NA	NA	NA	1
ENSMUSG00000113576	0	NA	NA	0	NA	NA	NA	1
ENSMUSG00000113585	0	NA	NA	0	NA	NA	NA	1
ENSMUSG00000113586	0	NA	NA	0	NA	NA	NA	1
ENSMUSG00000113587	0	NA	NA	0	NA	NA	NA	1
ENSMUSG00000113591	0	NA	NA	0	NA	NA	NA	1
ENSMUSG00000113613	0	NA	NA	0	NA	NA	NA	1
ENSMUSG00000113615	0	NA	NA	0	NA	NA	NA	1
ENSMUSG00000113619	0	NA	NA	0	NA	NA	NA	1
ENSMUSG00000113620	0	NA	NA	0	NA	NA	NA	1
ENSMUSG00000113622	0	NA	NA	0	NA	NA	NA	1
ENSMUSG00000113629	0	NA	NA	0	NA	NA	NA	1
ENSMUSG00000113645	0	NA	NA	0	NA	NA	NA	1
ENSMUSG00000113647	0	NA	NA	0	NA	NA	NA	1
ENSMUSG00000113666	0	NA	NA	0	NA	NA	NA	1
ENSMUSG00000113669	0	NA	NA	0	NA	NA	NA	1
ENSMUSG00000113671	0	NA	NA	0	NA	NA	NA	1
ENSMUSG00000113679	0	NA	NA	0	NA	NA	NA	1
ENSMUSG00000113689	0	NA	NA	0	NA	NA	NA	1
ENSMUSG00000113694	0	NA	NA	0	NA	NA	NA	1
ENSMUSG00000113699	0	NA	NA	0	NA	NA	NA	1
ENSMUSG00000113710	0	NA	NA	0	NA	NA	NA	1
ENSMUSG00000113727	0	NA	NA	0	NA	NA	NA	1
ENSMUSG00000113730	0	NA	NA	0	NA	NA	NA	1
ENSMUSG00000113735	0	NA	NA	0	NA	NA	NA	1
ENSMUSG00000113737	0	NA	NA	0	NA	NA	NA	1
ENSMUSG00000113738	0	NA	NA	0	NA	NA	NA	1
ENSMUSG00000113739	0	NA	NA	0	NA	NA	NA	1
ENSMUSG00000113769	0	NA	NA	0	NA	NA	NA	1
ENSMUSG00000113770	0	NA	NA	0	NA	NA	NA	1
ENSMUSG00000113771	0	NA	NA	0	NA	NA	NA	1
ENSMUSG00000113772	0	NA	NA	0	NA	NA	NA	1
ENSMUSG00000113774	0	NA	NA	0	NA	NA	NA	1
ENSMUSG00000113775	0	NA	NA	0	NA	NA	NA	1
ENSMUSG00000113780	0	NA	NA	0	NA	NA	NA	1
ENSMUSG00000113791	0	NA	NA	0	NA	NA	NA	1
ENSMUSG00000113794	0	NA	NA	0	NA	NA	NA	1
ENSMUSG00000113796	0	NA	NA	0	NA	NA	NA	1
ENSMUSG00000113802	0	NA	NA	0	NA	NA	NA	1
ENSMUSG00000113813	0	NA	NA	0	NA	NA	NA	1
ENSMUSG00000113816	0	NA	NA	0	NA	NA	NA	1
ENSMUSG00000113822	0	NA	NA	0	NA	NA	NA	1
ENSMUSG00000113827	0	NA	NA	0	NA	NA	NA	1
ENSMUSG00000113830	0	NA	NA	0	NA	NA	NA	1
ENSMUSG00000113851	0	NA	NA	0	NA	NA	NA	1
ENSMUSG00000113874	0	NA	NA	0	NA	NA	NA	1
ENSMUSG00000113883	0	NA	NA	0	NA	NA	NA	1
ENSMUSG00000113891	0	NA	NA	0	NA	NA	NA	1
ENSMUSG00000113892	0	NA	NA	0	NA	NA	NA	1
ENSMUSG00000113895	0	NA	NA	0	NA	NA	NA	1
ENSMUSG00000113906	0	NA	NA	0	NA	NA	NA	1
ENSMUSG00000113909	0	NA	NA	0	NA	NA	NA	1
ENSMUSG00000113913	0	NA	NA	0	NA	NA	NA	1
ENSMUSG00000113918	0	NA	NA	0	NA	NA	NA	1
ENSMUSG00000113919	0	NA	NA	0	NA	NA	NA	1
ENSMUSG00000113930	0	NA	NA	0	NA	NA	NA	1
ENSMUSG00000113933	0	NA	NA	0	NA	NA	NA	1
ENSMUSG00000113950	0	NA	NA	0	NA	NA	NA	1
ENSMUSG00000113975	0	NA	NA	0	NA	NA	NA	1
ENSMUSG00000113977	0	NA	NA	0	NA	NA	NA	1
ENSMUSG00000114000	0	NA	NA	0	NA	NA	NA	1
ENSMUSG00000114021	0	NA	NA	0	NA	NA	NA	1
ENSMUSG00000114024	0	NA	NA	0	NA	NA	NA	1
ENSMUSG00000114026	0	NA	NA	0	NA	NA	NA	1
ENSMUSG00000114033	0	NA	NA	0	NA	NA	NA	1
ENSMUSG00000114038	0	NA	NA	0	NA	NA	NA	1
ENSMUSG00000114048	0	NA	NA	0	NA	NA	NA	1
ENSMUSG00000114049	0	NA	NA	0	NA	NA	NA	1
ENSMUSG00000114050	0	NA	NA	0	NA	NA	NA	1
ENSMUSG00000114051	0	NA	NA	0	NA	NA	NA	1
ENSMUSG00000114061	0	NA	NA	0	NA	NA	NA	1
ENSMUSG00000114080	0	NA	NA	0	NA	NA	NA	1
ENSMUSG00000114088	0	NA	NA	0	NA	NA	NA	1
ENSMUSG00000114089	0	NA	NA	0	NA	NA	NA	1
ENSMUSG00000114091	0	NA	NA	0	NA	NA	NA	1
ENSMUSG00000114095	0	NA	NA	0	NA	NA	NA	1
ENSMUSG00000114099	0	NA	NA	0	NA	NA	NA	1
ENSMUSG00000114105	0	NA	NA	0	NA	NA	NA	1
ENSMUSG00000114113	0	NA	NA	0	NA	NA	NA	1
ENSMUSG00000114136	0	NA	NA	0	NA	NA	NA	1
ENSMUSG00000114138	0	NA	NA	0	NA	NA	NA	1
ENSMUSG00000114150	0	NA	NA	0	NA	NA	NA	1
ENSMUSG00000114161	0	NA	NA	0	NA	NA	NA	1
ENSMUSG00000114189	0	NA	NA	0	NA	NA	NA	1
ENSMUSG00000114192	0	NA	NA	0	NA	NA	NA	1
ENSMUSG00000114203	0	NA	NA	0	NA	NA	NA	1
ENSMUSG00000114208	0	NA	NA	0	NA	NA	NA	1
ENSMUSG00000114209	0	NA	NA	0	NA	NA	NA	1
ENSMUSG00000114210	0	NA	NA	0	NA	NA	NA	1
ENSMUSG00000114218	0	NA	NA	0	NA	NA	NA	1
ENSMUSG00000114219	0	NA	NA	0	NA	NA	NA	1
ENSMUSG00000114220	0	NA	NA	0	NA	NA	NA	1
ENSMUSG00000114232	0	NA	NA	0	NA	NA	NA	1
ENSMUSG00000114233	0	NA	NA	0	NA	NA	NA	1
ENSMUSG00000114235	0	NA	NA	0	NA	NA	NA	1
ENSMUSG00000114237	0	NA	NA	0	NA	NA	NA	1
ENSMUSG00000114240	0	NA	NA	0	NA	NA	NA	1
ENSMUSG00000114241	0	NA	NA	0	NA	NA	NA	1
ENSMUSG00000114242	0	NA	NA	0	NA	NA	NA	1
ENSMUSG00000114247	0	NA	NA	0	NA	NA	NA	1
ENSMUSG00000114255	0	NA	NA	0	NA	NA	NA	1
ENSMUSG00000114271	0	NA	NA	0	NA	NA	NA	1
ENSMUSG00000114284	0	NA	NA	0	NA	NA	NA	1
ENSMUSG00000114286	0	NA	NA	0	NA	NA	NA	1
ENSMUSG00000114288	0	NA	NA	0	NA	NA	NA	1
ENSMUSG00000114291	0	NA	NA	0	NA	NA	NA	1
ENSMUSG00000114298	0	NA	NA	0	NA	NA	NA	1
ENSMUSG00000114302	0	NA	NA	0	NA	NA	NA	1
ENSMUSG00000114309	0	NA	NA	0	NA	NA	NA	1
ENSMUSG00000114311	0	NA	NA	0	NA	NA	NA	1
ENSMUSG00000114315	0	NA	NA	0	NA	NA	NA	1
ENSMUSG00000114319	0	NA	NA	0	NA	NA	NA	1
ENSMUSG00000114323	0	NA	NA	0	NA	NA	NA	1
ENSMUSG00000114329	0	NA	NA	0	NA	NA	NA	1
ENSMUSG00000114334	0	NA	NA	0	NA	NA	NA	1
ENSMUSG00000114345	0	NA	NA	0	NA	NA	NA	1
ENSMUSG00000114348	0	NA	NA	0	NA	NA	NA	1
ENSMUSG00000114355	0	NA	NA	0	NA	NA	NA	1
ENSMUSG00000114362	0	NA	NA	0	NA	NA	NA	1
ENSMUSG00000114369	0	NA	NA	0	NA	NA	NA	1
ENSMUSG00000114382	0	NA	NA	0	NA	NA	NA	1
ENSMUSG00000114387	0	NA	NA	0	NA	NA	NA	1
ENSMUSG00000114388	0	NA	NA	0	NA	NA	NA	1
ENSMUSG00000114389	0	NA	NA	0	NA	NA	NA	1
ENSMUSG00000114393	0	NA	NA	0	NA	NA	NA	1
ENSMUSG00000114401	0	NA	NA	0	NA	NA	NA	1
ENSMUSG00000114404	0	NA	NA	0	NA	NA	NA	1
ENSMUSG00000114407	0	NA	NA	0	NA	NA	NA	1
ENSMUSG00000114414	0	NA	NA	0	NA	NA	NA	1
ENSMUSG00000114415	0	NA	NA	0	NA	NA	NA	1
ENSMUSG00000114425	0	NA	NA	0	NA	NA	NA	1
ENSMUSG00000114430	0	NA	NA	0	NA	NA	NA	1
ENSMUSG00000114433	0	NA	NA	0	NA	NA	NA	1
ENSMUSG00000114437	0	NA	NA	0	NA	NA	NA	1
ENSMUSG00000114438	0	NA	NA	0	NA	NA	NA	1
ENSMUSG00000114446	0	NA	NA	0	NA	NA	NA	1
ENSMUSG00000114468	0	NA	NA	0	NA	NA	NA	1
ENSMUSG00000114469	0	NA	NA	0	NA	NA	NA	1
ENSMUSG00000114474	0	NA	NA	0	NA	NA	NA	1
ENSMUSG00000114478	0	NA	NA	0	NA	NA	NA	1
ENSMUSG00000114479	0	NA	NA	0	NA	NA	NA	1
ENSMUSG00000114483	0	NA	NA	0	NA	NA	NA	1
ENSMUSG00000114493	0	NA	NA	0	NA	NA	NA	1
ENSMUSG00000114516	0	NA	NA	0	NA	NA	NA	1
ENSMUSG00000114521	0	NA	NA	0	NA	NA	NA	1
ENSMUSG00000114524	0	NA	NA	0	NA	NA	NA	1
ENSMUSG00000114536	0	NA	NA	0	NA	NA	NA	1
ENSMUSG00000114538	0	NA	NA	0	NA	NA	NA	1
ENSMUSG00000114539	0	NA	NA	0	NA	NA	NA	1
ENSMUSG00000114545	0	NA	NA	0	NA	NA	NA	1
ENSMUSG00000114546	0	NA	NA	0	NA	NA	NA	1
ENSMUSG00000114554	0	NA	NA	0	NA	NA	NA	1
ENSMUSG00000114563	0	NA	NA	0	NA	NA	NA	1
ENSMUSG00000114569	0	NA	NA	0	NA	NA	NA	1
ENSMUSG00000114573	0	NA	NA	0	NA	NA	NA	1
ENSMUSG00000114597	0	NA	NA	0	NA	NA	NA	1
ENSMUSG00000114598	0	NA	NA	0	NA	NA	NA	1
ENSMUSG00000114602	0	NA	NA	0	NA	NA	NA	1
ENSMUSG00000114604	0	NA	NA	0	NA	NA	NA	1
ENSMUSG00000114613	0	NA	NA	0	NA	NA	NA	1
ENSMUSG00000114615	0	NA	NA	0	NA	NA	NA	1
ENSMUSG00000114618	0	NA	NA	0	NA	NA	NA	1
ENSMUSG00000114627	0	NA	NA	0	NA	NA	NA	1
ENSMUSG00000114633	0	NA	NA	0	NA	NA	NA	1
ENSMUSG00000114640	0	NA	NA	0	NA	NA	NA	1
ENSMUSG00000114649	0	NA	NA	0	NA	NA	NA	1
ENSMUSG00000114654	0	NA	NA	0	NA	NA	NA	1
ENSMUSG00000114656	0	NA	NA	0	NA	NA	NA	1
ENSMUSG00000114658	0	NA	NA	0	NA	NA	NA	1
ENSMUSG00000114662	0	NA	NA	0	NA	NA	NA	1
ENSMUSG00000114665	0	NA	NA	0	NA	NA	NA	1
ENSMUSG00000114673	0	NA	NA	0	NA	NA	NA	1
ENSMUSG00000114681	0	NA	NA	0	NA	NA	NA	1
ENSMUSG00000114689	0	NA	NA	0	NA	NA	NA	1
ENSMUSG00000114697	0	NA	NA	0	NA	NA	NA	1
ENSMUSG00000114701	0	NA	NA	0	NA	NA	NA	1
ENSMUSG00000114708	0	NA	NA	0	NA	NA	NA	1
ENSMUSG00000114709	0	NA	NA	0	NA	NA	NA	1
ENSMUSG00000114721	0	NA	NA	0	NA	NA	NA	1
ENSMUSG00000114724	0	NA	NA	0	NA	NA	NA	1
ENSMUSG00000114732	0	NA	NA	0	NA	NA	NA	1
ENSMUSG00000114742	0	NA	NA	0	NA	NA	NA	1
ENSMUSG00000114743	0	NA	NA	0	NA	NA	NA	1
ENSMUSG00000114744	0	NA	NA	0	NA	NA	NA	1
ENSMUSG00000114745	0	NA	NA	0	NA	NA	NA	1
ENSMUSG00000114763	0	NA	NA	0	NA	NA	NA	1
ENSMUSG00000114767	0	NA	NA	0	NA	NA	NA	1
ENSMUSG00000114770	0	NA	NA	0	NA	NA	NA	1
ENSMUSG00000114780	0	NA	NA	0	NA	NA	NA	1
ENSMUSG00000114784	0	NA	NA	0	NA	NA	NA	1
ENSMUSG00000114789	0	NA	NA	0	NA	NA	NA	1
ENSMUSG00000114791	0	NA	NA	0	NA	NA	NA	1
ENSMUSG00000114796	0	NA	NA	0	NA	NA	NA	1
ENSMUSG00000114800	0	NA	NA	0	NA	NA	NA	1
ENSMUSG00000114813	0	NA	NA	0	NA	NA	NA	1
ENSMUSG00000114823	0	NA	NA	0	NA	NA	NA	1
ENSMUSG00000114826	0	NA	NA	0	NA	NA	NA	1
ENSMUSG00000114828	0	NA	NA	0	NA	NA	NA	1
ENSMUSG00000114830	0	NA	NA	0	NA	NA	NA	1
ENSMUSG00000114835	0	NA	NA	0	NA	NA	NA	1
ENSMUSG00000114845	0	NA	NA	0	NA	NA	NA	1
ENSMUSG00000114851	0	NA	NA	0	NA	NA	NA	1
ENSMUSG00000114854	0	NA	NA	0	NA	NA	NA	1
ENSMUSG00000114857	0	NA	NA	0	NA	NA	NA	1
ENSMUSG00000114859	0	NA	NA	0	NA	NA	NA	1
ENSMUSG00000114869	0	NA	NA	0	NA	NA	NA	1
ENSMUSG00000114879	0	NA	NA	0	NA	NA	NA	1
ENSMUSG00000114884	0	NA	NA	0	NA	NA	NA	1
ENSMUSG00000114893	0	NA	NA	0	NA	NA	NA	1
ENSMUSG00000114903	0	NA	NA	0	NA	NA	NA	1
ENSMUSG00000114916	0	NA	NA	0	NA	NA	NA	1
ENSMUSG00000114924	0	NA	NA	0	NA	NA	NA	1
ENSMUSG00000114926	0	NA	NA	0	NA	NA	NA	1
ENSMUSG00000114929	0	NA	NA	0	NA	NA	NA	1
ENSMUSG00000114935	0	NA	NA	0	NA	NA	NA	1
ENSMUSG00000114936	0	NA	NA	0	NA	NA	NA	1
ENSMUSG00000114961	0	NA	NA	0	NA	NA	NA	1
ENSMUSG00000114963	0	NA	NA	0	NA	NA	NA	1
ENSMUSG00000114965	0	NA	NA	0	NA	NA	NA	1
ENSMUSG00000114968	0	NA	NA	0	NA	NA	NA	1
ENSMUSG00000114971	0	NA	NA	0	NA	NA	NA	1
ENSMUSG00000114981	0	NA	NA	0	NA	NA	NA	1
ENSMUSG00000114985	0	NA	NA	0	NA	NA	NA	1
ENSMUSG00000114994	0	NA	NA	0	NA	NA	NA	1
ENSMUSG00000115003	0	NA	NA	0	NA	NA	NA	1
ENSMUSG00000115008	0	NA	NA	0	NA	NA	NA	1
ENSMUSG00000115009	0	NA	NA	0	NA	NA	NA	1
ENSMUSG00000115026	0	NA	NA	0	NA	NA	NA	1
ENSMUSG00000115062	0	NA	NA	0	NA	NA	NA	1
ENSMUSG00000115063	0	NA	NA	0	NA	NA	NA	1
ENSMUSG00000115083	0	NA	NA	0	NA	NA	NA	1
ENSMUSG00000115090	0	NA	NA	0	NA	NA	NA	1
ENSMUSG00000115092	0	NA	NA	0	NA	NA	NA	1
ENSMUSG00000115096	0	NA	NA	0	NA	NA	NA	1
ENSMUSG00000115099	0	NA	NA	0	NA	NA	NA	1
ENSMUSG00000115100	0	NA	NA	0	NA	NA	NA	1
ENSMUSG00000115109	0	NA	NA	0	NA	NA	NA	1
ENSMUSG00000115111	0	NA	NA	0	NA	NA	NA	1
ENSMUSG00000115118	0	NA	NA	0	NA	NA	NA	1
ENSMUSG00000115120	0	NA	NA	0	NA	NA	NA	1
ENSMUSG00000115121	0	NA	NA	0	NA	NA	NA	1
ENSMUSG00000115123	0	NA	NA	0	NA	NA	NA	1
ENSMUSG00000115138	0	NA	NA	0	NA	NA	NA	1
ENSMUSG00000115141	0	NA	NA	0	NA	NA	NA	1
ENSMUSG00000115142	0	NA	NA	0	NA	NA	NA	1
ENSMUSG00000115151	0	NA	NA	0	NA	NA	NA	1
ENSMUSG00000115153	0	NA	NA	0	NA	NA	NA	1
ENSMUSG00000115154	0	NA	NA	0	NA	NA	NA	1
ENSMUSG00000115157	0	NA	NA	0	NA	NA	NA	1
ENSMUSG00000115158	0	NA	NA	0	NA	NA	NA	1
ENSMUSG00000115168	0	NA	NA	0	NA	NA	NA	1
ENSMUSG00000115169	0	NA	NA	0	NA	NA	NA	1
ENSMUSG00000115182	0	NA	NA	0	NA	NA	NA	1
ENSMUSG00000115186	0	NA	NA	0	NA	NA	NA	1
ENSMUSG00000115220	0	NA	NA	0	NA	NA	NA	1
ENSMUSG00000115222	0	NA	NA	0	NA	NA	NA	1
ENSMUSG00000115230	0	NA	NA	0	NA	NA	NA	1
ENSMUSG00000115231	0	NA	NA	0	NA	NA	NA	1
ENSMUSG00000115234	0	NA	NA	0	NA	NA	NA	1
ENSMUSG00000115240	0	NA	NA	0	NA	NA	NA	1
ENSMUSG00000115245	0	NA	NA	0	NA	NA	NA	1
ENSMUSG00000115246	0	NA	NA	0	NA	NA	NA	1
ENSMUSG00000115258	0	NA	NA	0	NA	NA	NA	1
ENSMUSG00000115263	0	NA	NA	0	NA	NA	NA	1
ENSMUSG00000115266	0	NA	NA	0	NA	NA	NA	1
ENSMUSG00000115278	0	NA	NA	0	NA	NA	NA	1
ENSMUSG00000115284	0	NA	NA	0	NA	NA	NA	1
ENSMUSG00000115296	0	NA	NA	0	NA	NA	NA	1
ENSMUSG00000115307	0	NA	NA	0	NA	NA	NA	1
ENSMUSG00000115311	0	NA	NA	0	NA	NA	NA	1
ENSMUSG00000115324	0	NA	NA	0	NA	NA	NA	1
ENSMUSG00000115328	0	NA	NA	0	NA	NA	NA	1
ENSMUSG00000115332	0	NA	NA	0	NA	NA	NA	1
ENSMUSG00000115344	0	NA	NA	0	NA	NA	NA	1
ENSMUSG00000115345	0	NA	NA	0	NA	NA	NA	1
ENSMUSG00000115352	0	NA	NA	0	NA	NA	NA	1
ENSMUSG00000115363	0	NA	NA	0	NA	NA	NA	1
ENSMUSG00000115367	0	NA	NA	0	NA	NA	NA	1
ENSMUSG00000115373	0	NA	NA	0	NA	NA	NA	1
ENSMUSG00000115383	0	NA	NA	0	NA	NA	NA	1
ENSMUSG00000115390	0	NA	NA	0	NA	NA	NA	1
ENSMUSG00000115391	0	NA	NA	0	NA	NA	NA	1
ENSMUSG00000115395	0	NA	NA	0	NA	NA	NA	1
ENSMUSG00000115398	0	NA	NA	0	NA	NA	NA	1
ENSMUSG00000115405	0	NA	NA	0	NA	NA	NA	1
ENSMUSG00000115417	0	NA	NA	0	NA	NA	NA	1
ENSMUSG00000115419	0	NA	NA	0	NA	NA	NA	1
ENSMUSG00000115421	0	NA	NA	0	NA	NA	NA	1
ENSMUSG00000115441	0	NA	NA	0	NA	NA	NA	1
ENSMUSG00000115453	0	NA	NA	0	NA	NA	NA	1
ENSMUSG00000115454	0	NA	NA	0	NA	NA	NA	1
ENSMUSG00000115456	0	NA	NA	0	NA	NA	NA	1
ENSMUSG00000115460	0	NA	NA	0	NA	NA	NA	1
ENSMUSG00000115480	0	NA	NA	0	NA	NA	NA	1
ENSMUSG00000115485	0	NA	NA	0	NA	NA	NA	1
ENSMUSG00000115492	0	NA	NA	0	NA	NA	NA	1
ENSMUSG00000115506	0	NA	NA	0	NA	NA	NA	1
ENSMUSG00000115517	0	NA	NA	0	NA	NA	NA	1
ENSMUSG00000115531	0	NA	NA	0	NA	NA	NA	1
ENSMUSG00000115553	0	NA	NA	0	NA	NA	NA	1
ENSMUSG00000115579	0	NA	NA	0	NA	NA	NA	1
ENSMUSG00000115591	0	NA	NA	0	NA	NA	NA	1
ENSMUSG00000115597	0	NA	NA	0	NA	NA	NA	1
ENSMUSG00000115610	0	NA	NA	0	NA	NA	NA	1
ENSMUSG00000115614	0	NA	NA	0	NA	NA	NA	1
ENSMUSG00000115616	0	NA	NA	0	NA	NA	NA	1
ENSMUSG00000115620	0	NA	NA	0	NA	NA	NA	1
ENSMUSG00000115625	0	NA	NA	0	NA	NA	NA	1
ENSMUSG00000115627	0	NA	NA	0	NA	NA	NA	1
ENSMUSG00000115635	0	NA	NA	0	NA	NA	NA	1
ENSMUSG00000115640	0	NA	NA	0	NA	NA	NA	1
ENSMUSG00000115648	0	NA	NA	0	NA	NA	NA	1
ENSMUSG00000115657	0	NA	NA	0	NA	NA	NA	1
ENSMUSG00000115665	0	NA	NA	0	NA	NA	NA	1
ENSMUSG00000115667	0	NA	NA	0	NA	NA	NA	1
ENSMUSG00000115680	0	NA	NA	0	NA	NA	NA	1
ENSMUSG00000115689	0	NA	NA	0	NA	NA	NA	1
ENSMUSG00000115691	0	NA	NA	0	NA	NA	NA	1
ENSMUSG00000115693	0	NA	NA	0	NA	NA	NA	1
ENSMUSG00000115710	0	NA	NA	0	NA	NA	NA	1
ENSMUSG00000115715	0	NA	NA	0	NA	NA	NA	1
ENSMUSG00000115718	0	NA	NA	0	NA	NA	NA	1
ENSMUSG00000115723	0	NA	NA	0	NA	NA	NA	1
ENSMUSG00000115749	0	NA	NA	0	NA	NA	NA	1
ENSMUSG00000115752	0	NA	NA	0	NA	NA	NA	1
ENSMUSG00000115761	0	NA	NA	0	NA	NA	NA	1
ENSMUSG00000115762	0	NA	NA	0	NA	NA	NA	1
ENSMUSG00000115767	0	NA	NA	0	NA	NA	NA	1
ENSMUSG00000115771	0	NA	NA	0	NA	NA	NA	1
ENSMUSG00000115772	0	NA	NA	0	NA	NA	NA	1
ENSMUSG00000115774	0	NA	NA	0	NA	NA	NA	1
ENSMUSG00000115778	0	NA	NA	0	NA	NA	NA	1
ENSMUSG00000115781	0	NA	NA	0	NA	NA	NA	1
ENSMUSG00000115782	0	NA	NA	0	NA	NA	NA	1
ENSMUSG00000115784	0	NA	NA	0	NA	NA	NA	1
ENSMUSG00000115787	0	NA	NA	0	NA	NA	NA	1
ENSMUSG00000115803	0	NA	NA	0	NA	NA	NA	1
ENSMUSG00000115810	0	NA	NA	0	NA	NA	NA	1
ENSMUSG00000115813	0	NA	NA	0	NA	NA	NA	1
ENSMUSG00000115820	0	NA	NA	0	NA	NA	NA	1
ENSMUSG00000115821	0	NA	NA	0	NA	NA	NA	1
ENSMUSG00000115822	0	NA	NA	0	NA	NA	NA	1
ENSMUSG00000115829	0	NA	NA	0	NA	NA	NA	1
ENSMUSG00000115835	0	NA	NA	0	NA	NA	NA	1
ENSMUSG00000115846	0	NA	NA	0	NA	NA	NA	1
ENSMUSG00000115869	0	NA	NA	0	NA	NA	NA	1
ENSMUSG00000115918	0	NA	NA	0	NA	NA	NA	1
ENSMUSG00000115919	0	NA	NA	0	NA	NA	NA	1
ENSMUSG00000115923	0	NA	NA	0	NA	NA	NA	1
ENSMUSG00000115924	0	NA	NA	0	NA	NA	NA	1
ENSMUSG00000115925	0	NA	NA	0	NA	NA	NA	1
ENSMUSG00000115936	0	NA	NA	0	NA	NA	NA	1
ENSMUSG00000115944	0	NA	NA	0	NA	NA	NA	1
ENSMUSG00000115965	0	NA	NA	0	NA	NA	NA	1
ENSMUSG00000115986	0	NA	NA	0	NA	NA	NA	1
ENSMUSG00000115988	0	NA	NA	0	NA	NA	NA	1
ENSMUSG00000115996	0	NA	NA	0	NA	NA	NA	1
ENSMUSG00000116004	0	NA	NA	0	NA	NA	NA	1
ENSMUSG00000116009	0	NA	NA	0	NA	NA	NA	1
ENSMUSG00000116010	0	NA	NA	0	NA	NA	NA	1
ENSMUSG00000116029	0	NA	NA	0	NA	NA	NA	1
ENSMUSG00000116033	0	NA	NA	0	NA	NA	NA	1
ENSMUSG00000116056	0	NA	NA	0	NA	NA	NA	1
ENSMUSG00000116068	0	NA	NA	0	NA	NA	NA	1
ENSMUSG00000116072	0	NA	NA	0	NA	NA	NA	1
ENSMUSG00000116088	0	NA	NA	0	NA	NA	NA	1
ENSMUSG00000116091	0	NA	NA	0	NA	NA	NA	1
ENSMUSG00000116124	0	NA	NA	0	NA	NA	NA	1
ENSMUSG00000116130	0	NA	NA	0	NA	NA	NA	1
ENSMUSG00000116132	0	NA	NA	0	NA	NA	NA	1
ENSMUSG00000116160	0	NA	NA	0	NA	NA	NA	1
ENSMUSG00000116173	0	NA	NA	0	NA	NA	NA	1
ENSMUSG00000116190	0	NA	NA	0	NA	NA	NA	1
ENSMUSG00000116220	0	NA	NA	0	NA	NA	NA	1
ENSMUSG00000116227	0	NA	NA	0	NA	NA	NA	1
ENSMUSG00000116237	0	NA	NA	0	NA	NA	NA	1
ENSMUSG00000116245	0	NA	NA	0	NA	NA	NA	1
ENSMUSG00000116253	0	NA	NA	0	NA	NA	NA	1
ENSMUSG00000116287	0	NA	NA	0	NA	NA	NA	1
ENSMUSG00000116288	0	NA	NA	0	NA	NA	NA	1
ENSMUSG00000116290	0	NA	NA	0	NA	NA	NA	1
ENSMUSG00000116295	0	NA	NA	0	NA	NA	NA	1
ENSMUSG00000116305	0	NA	NA	0	NA	NA	NA	1
ENSMUSG00000116309	0	NA	NA	0	NA	NA	NA	1
ENSMUSG00000116324	0	NA	NA	0	NA	NA	NA	1
ENSMUSG00000116360	0	NA	NA	0	NA	NA	NA	1
ENSMUSG00000116366	0	NA	NA	0	NA	NA	NA	1
ENSMUSG00000116402	0	NA	NA	0	NA	NA	NA	1
ENSMUSG00000116428	0	NA	NA	0	NA	NA	NA	1
ENSMUSG00000116437	0	NA	NA	0	NA	NA	NA	1
ENSMUSG00000116445	0	NA	NA	0	NA	NA	NA	1
ENSMUSG00000116450	0	NA	NA	0	NA	NA	NA	1
ENSMUSG00000116482	0	NA	NA	0	NA	NA	NA	1
ENSMUSG00000116491	0	NA	NA	0	NA	NA	NA	1
ENSMUSG00000116493	0	NA	NA	0	NA	NA	NA	1
ENSMUSG00000116500	0	NA	NA	0	NA	NA	NA	1
ENSMUSG00000116506	0	NA	NA	0	NA	NA	NA	1
ENSMUSG00000116530	0	NA	NA	0	NA	NA	NA	1
ENSMUSG00000116554	0	NA	NA	0	NA	NA	NA	1
ENSMUSG00000116571	0	NA	NA	0	NA	NA	NA	1
ENSMUSG00000116576	0	NA	NA	0	NA	NA	NA	1
ENSMUSG00000116586	0	NA	NA	0	NA	NA	NA	1
ENSMUSG00000116588	0	NA	NA	0	NA	NA	NA	1
ENSMUSG00000116590	0	NA	NA	0	NA	NA	NA	1
ENSMUSG00000116595	0	NA	NA	0	NA	NA	NA	1
ENSMUSG00000116604	0	NA	NA	0	NA	NA	NA	1
ENSMUSG00000116617	0	NA	NA	0	NA	NA	NA	1
ENSMUSG00000116618	0	NA	NA	0	NA	NA	NA	1
ENSMUSG00000116627	0	NA	NA	0	NA	NA	NA	1
ENSMUSG00000116628	0	NA	NA	0	NA	NA	NA	1
ENSMUSG00000116641	0	NA	NA	0	NA	NA	NA	1
ENSMUSG00000116644	0	NA	NA	0	NA	NA	NA	1
ENSMUSG00000116645	0	NA	NA	0	NA	NA	NA	1
ENSMUSG00000116655	0	NA	NA	0	NA	NA	NA	1
ENSMUSG00000116657	0	NA	NA	0	NA	NA	NA	1
ENSMUSG00000116665	0	NA	NA	0	NA	NA	NA	1
ENSMUSG00000116695	0	NA	NA	0	NA	NA	NA	1
ENSMUSG00000116697	0	NA	NA	0	NA	NA	NA	1
ENSMUSG00000116699	0	NA	NA	0	NA	NA	NA	1
ENSMUSG00000116701	0	NA	NA	0	NA	NA	NA	1
ENSMUSG00000116714	0	NA	NA	0	NA	NA	NA	1
ENSMUSG00000116716	0	NA	NA	0	NA	NA	NA	1
ENSMUSG00000116717	0	NA	NA	0	NA	NA	NA	1
ENSMUSG00000116720	0	NA	NA	0	NA	NA	NA	1
ENSMUSG00000116723	0	NA	NA	0	NA	NA	NA	1
ENSMUSG00000116736	0	NA	NA	0	NA	NA	NA	1
ENSMUSG00000116751	0	NA	NA	0	NA	NA	NA	1
ENSMUSG00000116764	0	NA	NA	0	NA	NA	NA	1
ENSMUSG00000116770	0	NA	NA	0	NA	NA	NA	1
ENSMUSG00000116786	0	NA	NA	0	NA	NA	NA	1
ENSMUSG00000116789	0	NA	NA	0	NA	NA	NA	1
ENSMUSG00000116797	0	NA	NA	0	NA	NA	NA	1
ENSMUSG00000116805	0	NA	NA	0	NA	NA	NA	1
ENSMUSG00000116819	0	NA	NA	0	NA	NA	NA	1
ENSMUSG00000116823	0	NA	NA	0	NA	NA	NA	1
ENSMUSG00000116831	0	NA	NA	0	NA	NA	NA	1
ENSMUSG00000116839	0	NA	NA	0	NA	NA	NA	1
ENSMUSG00000116840	0	NA	NA	0	NA	NA	NA	1
ENSMUSG00000116843	0	NA	NA	0	NA	NA	NA	1
ENSMUSG00000116846	0	NA	NA	0	NA	NA	NA	1
ENSMUSG00000116851	0	NA	NA	0	NA	NA	NA	1
ENSMUSG00000116862	0	NA	NA	0	NA	NA	NA	1
ENSMUSG00000116870	0	NA	NA	0	NA	NA	NA	1
ENSMUSG00000116877	0	NA	NA	0	NA	NA	NA	1
ENSMUSG00000116879	0	NA	NA	0	NA	NA	NA	1
ENSMUSG00000116884	0	NA	NA	0	NA	NA	NA	1
ENSMUSG00000116894	0	NA	NA	0	NA	NA	NA	1
ENSMUSG00000116913	0	NA	NA	0	NA	NA	NA	1
ENSMUSG00000116920	0	NA	NA	0	NA	NA	NA	1
ENSMUSG00000116927	0	NA	NA	0	NA	NA	NA	1
ENSMUSG00000116946	0	NA	NA	0	NA	NA	NA	1
ENSMUSG00000116957	0	NA	NA	0	NA	NA	NA	1
ENSMUSG00000116961	0	NA	NA	0	NA	NA	NA	1
ENSMUSG00000116968	0	NA	NA	0	NA	NA	NA	1
ENSMUSG00000116970	0	NA	NA	0	NA	NA	NA	1
ENSMUSG00000116974	0	NA	NA	0	NA	NA	NA	1
ENSMUSG00000116983	0	NA	NA	0	NA	NA	NA	1
ENSMUSG00000117000	0	NA	NA	0	NA	NA	NA	1
ENSMUSG00000117004	0	NA	NA	0	NA	NA	NA	1
ENSMUSG00000117007	0	NA	NA	0	NA	NA	NA	1
ENSMUSG00000117023	0	NA	NA	0	NA	NA	NA	1
ENSMUSG00000117028	0	NA	NA	0	NA	NA	NA	1
ENSMUSG00000117030	0	NA	NA	0	NA	NA	NA	1
ENSMUSG00000117053	0	NA	NA	0	NA	NA	NA	1
ENSMUSG00000117061	0	NA	NA	0	NA	NA	NA	1
ENSMUSG00000117063	0	NA	NA	0	NA	NA	NA	1
ENSMUSG00000117072	0	NA	NA	0	NA	NA	NA	1
ENSMUSG00000117080	0	NA	NA	0	NA	NA	NA	1
ENSMUSG00000117096	0	NA	NA	0	NA	NA	NA	1
ENSMUSG00000117104	0	NA	NA	0	NA	NA	NA	1
ENSMUSG00000117105	0	NA	NA	0	NA	NA	NA	1
ENSMUSG00000117106	0	NA	NA	0	NA	NA	NA	1
ENSMUSG00000117117	0	NA	NA	0	NA	NA	NA	1
ENSMUSG00000117118	0	NA	NA	0	NA	NA	NA	1
ENSMUSG00000117120	0	NA	NA	0	NA	NA	NA	1
ENSMUSG00000117124	0	NA	NA	0	NA	NA	NA	1
ENSMUSG00000117129	0	NA	NA	0	NA	NA	NA	1
ENSMUSG00000117137	0	NA	NA	0	NA	NA	NA	1
ENSMUSG00000117157	0	NA	NA	0	NA	NA	NA	1
ENSMUSG00000117171	0	NA	NA	0	NA	NA	NA	1
ENSMUSG00000117172	0	NA	NA	0	NA	NA	NA	1
ENSMUSG00000117179	0	NA	NA	0	NA	NA	NA	1
ENSMUSG00000117181	0	NA	NA	0	NA	NA	NA	1
ENSMUSG00000117185	0	NA	NA	0	NA	NA	NA	1
ENSMUSG00000117193	0	NA	NA	0	NA	NA	NA	1
ENSMUSG00000117199	0	NA	NA	0	NA	NA	NA	1
ENSMUSG00000117204	0	NA	NA	0	NA	NA	NA	1
ENSMUSG00000117208	0	NA	NA	0	NA	NA	NA	1
ENSMUSG00000117216	0	NA	NA	0	NA	NA	NA	1
ENSMUSG00000117222	0	NA	NA	0	NA	NA	NA	1
ENSMUSG00000117231	0	NA	NA	0	NA	NA	NA	1
ENSMUSG00000117233	0	NA	NA	0	NA	NA	NA	1
ENSMUSG00000117243	0	NA	NA	0	NA	NA	NA	1
ENSMUSG00000117245	0	NA	NA	0	NA	NA	NA	1
ENSMUSG00000117254	0	NA	NA	0	NA	NA	NA	1
ENSMUSG00000117263	0	NA	NA	0	NA	NA	NA	1
ENSMUSG00000117270	0	NA	NA	0	NA	NA	NA	1
ENSMUSG00000117289	0	NA	NA	0	NA	NA	NA	1
ENSMUSG00000117297	0	NA	NA	0	NA	NA	NA	1
ENSMUSG00000117301	0	NA	NA	0	NA	NA	NA	1
ENSMUSG00000117303	0	NA	NA	0	NA	NA	NA	1
ENSMUSG00000117314	0	NA	NA	0	NA	NA	NA	1
ENSMUSG00000117315	0	NA	NA	0	NA	NA	NA	1
ENSMUSG00000117317	0	NA	NA	0	NA	NA	NA	1
ENSMUSG00000117322	0	NA	NA	0	NA	NA	NA	1
ENSMUSG00000117323	0	NA	NA	0	NA	NA	NA	1
ENSMUSG00000117324	0	NA	NA	0	NA	NA	NA	1
ENSMUSG00000117328	0	NA	NA	0	NA	NA	NA	1
ENSMUSG00000117334	0	NA	NA	0	NA	NA	NA	1
ENSMUSG00000117342	0	NA	NA	0	NA	NA	NA	1
ENSMUSG00000117351	0	NA	NA	0	NA	NA	NA	1
ENSMUSG00000117355	0	NA	NA	0	NA	NA	NA	1
ENSMUSG00000117358	0	NA	NA	0	NA	NA	NA	1
ENSMUSG00000117369	0	NA	NA	0	NA	NA	NA	1
ENSMUSG00000117375	0	NA	NA	0	NA	NA	NA	1
ENSMUSG00000117378	0	NA	NA	0	NA	NA	NA	1
ENSMUSG00000117401	0	NA	NA	0	NA	NA	NA	1
ENSMUSG00000117415	0	NA	NA	0	NA	NA	NA	1
ENSMUSG00000117418	0	NA	NA	0	NA	NA	NA	1
ENSMUSG00000117420	0	NA	NA	0	NA	NA	NA	1
ENSMUSG00000117427	0	NA	NA	0	NA	NA	NA	1
ENSMUSG00000117434	0	NA	NA	0	NA	NA	NA	1
ENSMUSG00000117440	0	NA	NA	0	NA	NA	NA	1
ENSMUSG00000117441	0	NA	NA	0	NA	NA	NA	1
ENSMUSG00000117444	0	NA	NA	0	NA	NA	NA	1
ENSMUSG00000117445	0	NA	NA	0	NA	NA	NA	1
ENSMUSG00000117457	0	NA	NA	0	NA	NA	NA	1
ENSMUSG00000117461	0	NA	NA	0	NA	NA	NA	1
ENSMUSG00000117466	0	NA	NA	0	NA	NA	NA	1
ENSMUSG00000117474	0	NA	NA	0	NA	NA	NA	1
ENSMUSG00000117487	0	NA	NA	0	NA	NA	NA	1
ENSMUSG00000117497	0	NA	NA	0	NA	NA	NA	1
ENSMUSG00000117508	0	NA	NA	0	NA	NA	NA	1
ENSMUSG00000117519	0	NA	NA	0	NA	NA	NA	1
ENSMUSG00000117523	0	NA	NA	0	NA	NA	NA	1
ENSMUSG00000117525	0	NA	NA	0	NA	NA	NA	1
ENSMUSG00000117539	0	NA	NA	0	NA	NA	NA	1
ENSMUSG00000117541	0	NA	NA	0	NA	NA	NA	1
ENSMUSG00000117560	0	NA	NA	0	NA	NA	NA	1
ENSMUSG00000117562	0	NA	NA	0	NA	NA	NA	1
ENSMUSG00000117569	0	NA	NA	0	NA	NA	NA	1
ENSMUSG00000117573	0	NA	NA	0	NA	NA	NA	1
ENSMUSG00000117574	0	NA	NA	0	NA	NA	NA	1
ENSMUSG00000117575	0	NA	NA	0	NA	NA	NA	1
ENSMUSG00000117577	0	NA	NA	0	NA	NA	NA	1
ENSMUSG00000117588	0	NA	NA	0	NA	NA	NA	1
ENSMUSG00000117592	0	NA	NA	0	NA	NA	NA	1
ENSMUSG00000117594	0	NA	NA	0	NA	NA	NA	1
ENSMUSG00000117595	0	NA	NA	0	NA	NA	NA	1
ENSMUSG00000117596	0	NA	NA	0	NA	NA	NA	1
ENSMUSG00000117598	0	NA	NA	0	NA	NA	NA	1
ENSMUSG00000117602	0	NA	NA	0	NA	NA	NA	1
ENSMUSG00000117603	0	NA	NA	0	NA	NA	NA	1
ENSMUSG00000117614	0	NA	NA	0	NA	NA	NA	1
ENSMUSG00000117615	0	NA	NA	0	NA	NA	NA	1
ENSMUSG00000117628	0	NA	NA	0	NA	NA	NA	1
ENSMUSG00000117632	0	NA	NA	0	NA	NA	NA	1
ENSMUSG00000117634	0	NA	NA	0	NA	NA	NA	1
ENSMUSG00000117648	0	NA	NA	0	NA	NA	NA	1
ENSMUSG00000117652	0	NA	NA	0	NA	NA	NA	1
ENSMUSG00000117656	0	NA	NA	0	NA	NA	NA	1
ENSMUSG00000117661	0	NA	NA	0	NA	NA	NA	1
ENSMUSG00000117676	0	NA	NA	0	NA	NA	NA	1
ENSMUSG00000117687	0	NA	NA	0	NA	NA	NA	1
ENSMUSG00000117690	0	NA	NA	0	NA	NA	NA	1
ENSMUSG00000117692	0	NA	NA	0	NA	NA	NA	1
ENSMUSG00000117695	0	NA	NA	0	NA	NA	NA	1
ENSMUSG00000117696	0	NA	NA	0	NA	NA	NA	1
ENSMUSG00000117702	0	NA	NA	0	NA	NA	NA	1
ENSMUSG00000117710	0	NA	NA	0	NA	NA	NA	1
ENSMUSG00000117719	0	NA	NA	0	NA	NA	NA	1
ENSMUSG00000117721	0	NA	NA	0	NA	NA	NA	1
ENSMUSG00000117725	0	NA	NA	0	NA	NA	NA	1
ENSMUSG00000117727	0	NA	NA	0	NA	NA	NA	1
ENSMUSG00000117728	0	NA	NA	0	NA	NA	NA	1
ENSMUSG00000117731	0	NA	NA	0	NA	NA	NA	1
ENSMUSG00000117733	0	NA	NA	0	NA	NA	NA	1
ENSMUSG00000117737	0	NA	NA	0	NA	NA	NA	1
ENSMUSG00000117739	0	NA	NA	0	NA	NA	NA	1
ENSMUSG00000117741	0	NA	NA	0	NA	NA	NA	1
ENSMUSG00000117750	0	NA	NA	0	NA	NA	NA	1
ENSMUSG00000117752	0	NA	NA	0	NA	NA	NA	1
ENSMUSG00000117760	0	NA	NA	0	NA	NA	NA	1
ENSMUSG00000117763	0	NA	NA	0	NA	NA	NA	1
ENSMUSG00000117764	0	NA	NA	0	NA	NA	NA	1
ENSMUSG00000117770	0	NA	NA	0	NA	NA	NA	1
ENSMUSG00000117773	0	NA	NA	0	NA	NA	NA	1
ENSMUSG00000117775	0	NA	NA	0	NA	NA	NA	1
ENSMUSG00000117780	0	NA	NA	0	NA	NA	NA	1
ENSMUSG00000117786	0	NA	NA	0	NA	NA	NA	1
ENSMUSG00000117792	0	NA	NA	0	NA	NA	NA	1
ENSMUSG00000117794	0	NA	NA	0	NA	NA	NA	1
ENSMUSG00000117797	0	NA	NA	0	NA	NA	NA	1
ENSMUSG00000117798	0	NA	NA	0	NA	NA	NA	1
ENSMUSG00000117800	0	NA	NA	0	NA	NA	NA	1
ENSMUSG00000117827	0	NA	NA	0	NA	NA	NA	1
ENSMUSG00000117835	0	NA	NA	0	NA	NA	NA	1
ENSMUSG00000117837	0	NA	NA	0	NA	NA	NA	1
ENSMUSG00000117838	0	NA	NA	0	NA	NA	NA	1
ENSMUSG00000117847	0	NA	NA	0	NA	NA	NA	1
ENSMUSG00000117848	0	NA	NA	0	NA	NA	NA	1
ENSMUSG00000117859	0	NA	NA	0	NA	NA	NA	1
ENSMUSG00000117860	0	NA	NA	0	NA	NA	NA	1
ENSMUSG00000117861	0	NA	NA	0	NA	NA	NA	1
ENSMUSG00000117864	0	NA	NA	0	NA	NA	NA	1
ENSMUSG00000117865	0	NA	NA	0	NA	NA	NA	1
ENSMUSG00000117869	0	NA	NA	0	NA	NA	NA	1
ENSMUSG00000117872	0	NA	NA	0	NA	NA	NA	1
ENSMUSG00000117876	0	NA	NA	0	NA	NA	NA	1
ENSMUSG00000117879	0	NA	NA	0	NA	NA	NA	1
ENSMUSG00000117880	0	NA	NA	0	NA	NA	NA	1
ENSMUSG00000117885	0	NA	NA	0	NA	NA	NA	1
ENSMUSG00000117895	0	NA	NA	0	NA	NA	NA	1
ENSMUSG00000117899	0	NA	NA	0	NA	NA	NA	1
ENSMUSG00000117902	0	NA	NA	0	NA	NA	NA	1
ENSMUSG00000117905	0	NA	NA	0	NA	NA	NA	1
ENSMUSG00000117907	0	NA	NA	0	NA	NA	NA	1
ENSMUSG00000117909	0	NA	NA	0	NA	NA	NA	1
ENSMUSG00000117912	0	NA	NA	0	NA	NA	NA	1
ENSMUSG00000117916	0	NA	NA	0	NA	NA	NA	1
ENSMUSG00000117921	0	NA	NA	0	NA	NA	NA	1
ENSMUSG00000117922	0	NA	NA	0	NA	NA	NA	1
ENSMUSG00000117926	0	NA	NA	0	NA	NA	NA	1
ENSMUSG00000117952	0	NA	NA	0	NA	NA	NA	1
ENSMUSG00000117968	0	NA	NA	0	NA	NA	NA	1
ENSMUSG00000117973	0	NA	NA	0	NA	NA	NA	1
ENSMUSG00000117977	0	NA	NA	0	NA	NA	NA	1
ENSMUSG00000117979	0	NA	NA	0	NA	NA	NA	1
ENSMUSG00000117981	0	NA	NA	0	NA	NA	NA	1
ENSMUSG00000117985	0	NA	NA	0	NA	NA	NA	1
ENSMUSG00000117987	0	NA	NA	0	NA	NA	NA	1
ENSMUSG00000117990	0	NA	NA	0	NA	NA	NA	1
ENSMUSG00000117992	0	NA	NA	0	NA	NA	NA	1
ENSMUSG00000117995	0	NA	NA	0	NA	NA	NA	1
ENSMUSG00000117998	0	NA	NA	0	NA	NA	NA	1
ENSMUSG00000118002	0	NA	NA	0	NA	NA	NA	1
ENSMUSG00000118006	0	NA	NA	0	NA	NA	NA	1
ENSMUSG00000118007	0	NA	NA	0	NA	NA	NA	1
ENSMUSG00000118010	0	NA	NA	0	NA	NA	NA	1
ENSMUSG00000118015	0	NA	NA	0	NA	NA	NA	1
ENSMUSG00000118017	0	NA	NA	0	NA	NA	NA	1
ENSMUSG00000118021	0	NA	NA	0	NA	NA	NA	1
ENSMUSG00000118030	0	NA	NA	0	NA	NA	NA	1
ENSMUSG00000118031	0	NA	NA	0	NA	NA	NA	1
ENSMUSG00000118032	0	NA	NA	0	NA	NA	NA	1
ENSMUSG00000118033	0	NA	NA	0	NA	NA	NA	1
ENSMUSG00000118038	0	NA	NA	0	NA	NA	NA	1
ENSMUSG00000118040	0	NA	NA	0	NA	NA	NA	1
ENSMUSG00000118042	0	NA	NA	0	NA	NA	NA	1
ENSMUSG00000118045	0	NA	NA	0	NA	NA	NA	1
ENSMUSG00000118049	0	NA	NA	0	NA	NA	NA	1
ENSMUSG00000118056	0	NA	NA	0	NA	NA	NA	1
ENSMUSG00000118061	0	NA	NA	0	NA	NA	NA	1
ENSMUSG00000118067	0	NA	NA	0	NA	NA	NA	1
ENSMUSG00000118075	0	NA	NA	0	NA	NA	NA	1
ENSMUSG00000118077	0	NA	NA	0	NA	NA	NA	1
ENSMUSG00000118078	0	NA	NA	0	NA	NA	NA	1
ENSMUSG00000118079	0	NA	NA	0	NA	NA	NA	1
ENSMUSG00000118081	0	NA	NA	0	NA	NA	NA	1
ENSMUSG00000118087	0	NA	NA	0	NA	NA	NA	1
ENSMUSG00000118092	0	NA	NA	0	NA	NA	NA	1
ENSMUSG00000118099	0	NA	NA	0	NA	NA	NA	1
ENSMUSG00000118101	0	NA	NA	0	NA	NA	NA	1
ENSMUSG00000118108	0	NA	NA	0	NA	NA	NA	1
ENSMUSG00000118109	0	NA	NA	0	NA	NA	NA	1
ENSMUSG00000118113	0	NA	NA	0	NA	NA	NA	1
ENSMUSG00000118117	0	NA	NA	0	NA	NA	NA	1
ENSMUSG00000118119	0	NA	NA	0	NA	NA	NA	1
ENSMUSG00000118126	0	NA	NA	0	NA	NA	NA	1
ENSMUSG00000118132	0	NA	NA	0	NA	NA	NA	1
ENSMUSG00000118135	0	NA	NA	0	NA	NA	NA	1
ENSMUSG00000118139	0	NA	NA	0	NA	NA	NA	1
ENSMUSG00000118141	0	NA	NA	0	NA	NA	NA	1
ENSMUSG00000118147	0	NA	NA	0	NA	NA	NA	1
ENSMUSG00000118149	0	NA	NA	0	NA	NA	NA	1
ENSMUSG00000118150	0	NA	NA	0	NA	NA	NA	1
ENSMUSG00000118153	0	NA	NA	0	NA	NA	NA	1
ENSMUSG00000118155	0	NA	NA	0	NA	NA	NA	1
ENSMUSG00000118157	0	NA	NA	0	NA	NA	NA	1
ENSMUSG00000118163	0	NA	NA	0	NA	NA	NA	1
ENSMUSG00000118170	0	NA	NA	0	NA	NA	NA	1
ENSMUSG00000118180	0	NA	NA	0	NA	NA	NA	1
ENSMUSG00000118190	0	NA	NA	0	NA	NA	NA	1
ENSMUSG00000118201	0	NA	NA	0	NA	NA	NA	1
ENSMUSG00000118202	0	NA	NA	0	NA	NA	NA	1
ENSMUSG00000118204	0	NA	NA	0	NA	NA	NA	1
ENSMUSG00000118207	0	NA	NA	0	NA	NA	NA	1
ENSMUSG00000118209	0	NA	NA	0	NA	NA	NA	1
ENSMUSG00000118212	0	NA	NA	0	NA	NA	NA	1
ENSMUSG00000118214	0	NA	NA	0	NA	NA	NA	1
ENSMUSG00000118216	0	NA	NA	0	NA	NA	NA	1
ENSMUSG00000118226	0	NA	NA	0	NA	NA	NA	1
ENSMUSG00000118234	0	NA	NA	0	NA	NA	NA	1
ENSMUSG00000118237	0	NA	NA	0	NA	NA	NA	1
ENSMUSG00000118243	0	NA	NA	0	NA	NA	NA	1
ENSMUSG00000118249	0	NA	NA	0	NA	NA	NA	1
ENSMUSG00000118251	0	NA	NA	0	NA	NA	NA	1
ENSMUSG00000118259	0	NA	NA	0	NA	NA	NA	1
ENSMUSG00000118263	0	NA	NA	0	NA	NA	NA	1
ENSMUSG00000118265	0	NA	NA	0	NA	NA	NA	1
ENSMUSG00000118267	0	NA	NA	0	NA	NA	NA	1
ENSMUSG00000118273	0	NA	NA	0	NA	NA	NA	1
ENSMUSG00000118281	0	NA	NA	0	NA	NA	NA	1
ENSMUSG00000118284	0	NA	NA	0	NA	NA	NA	1
ENSMUSG00000118309	0	NA	NA	0	NA	NA	NA	1
ENSMUSG00000118311	0	NA	NA	0	NA	NA	NA	1
ENSMUSG00000118322	0	NA	NA	0	NA	NA	NA	1
ENSMUSG00000118330	0	NA	NA	0	NA	NA	NA	1
ENSMUSG00000118340	0	NA	NA	0	NA	NA	NA	1
ENSMUSG00000118341	0	NA	NA	0	NA	NA	NA	1
ENSMUSG00000118342	0	NA	NA	0	NA	NA	NA	1
ENSMUSG00000118343	0	NA	NA	0	NA	NA	NA	1
ENSMUSG00000118344	0	NA	NA	0	NA	NA	NA	1
ENSMUSG00000118354	0	NA	NA	0	NA	NA	NA	1
ENSMUSG00000118356	0	NA	NA	0	NA	NA	NA	1
ENSMUSG00000118370	0	NA	NA	0	NA	NA	NA	1
ENSMUSG00000118376	0	NA	NA	0	NA	NA	NA	1
ENSMUSG00000118380	0	NA	NA	0	NA	NA	NA	1
ENSMUSG00000118386	0	NA	NA	0	NA	NA	NA	1
ENSMUSG00000118391	0	NA	NA	0	NA	NA	NA	1
ENSMUSG00000118392	0	NA	NA	0	NA	NA	NA	1
ENSMUSG00000118436	0	NA	NA	0	NA	NA	NA	1
ENSMUSG00000118437	0	NA	NA	0	NA	NA	NA	1
ENSMUSG00000118445	0	NA	NA	0	NA	NA	NA	1
ENSMUSG00000118449	0	NA	NA	0	NA	NA	NA	1
ENSMUSG00000118456	0	NA	NA	0	NA	NA	NA	1
ENSMUSG00000118519	0	NA	NA	0	NA	NA	NA	1
ENSMUSG00000118550	0	NA	NA	0	NA	NA	NA	1
ENSMUSG00000118551	0	NA	NA	0	NA	NA	NA	1
ENSMUSG00000118601	0	NA	NA	0	NA	NA	NA	1
ENSMUSG00000118604	0	NA	NA	0	NA	NA	NA	1
ENSMUSG00000118614	0	NA	NA	0	NA	NA	NA	1
ENSMUSG00000118631	0	NA	NA	0	NA	NA	NA	1
ENSMUSG00000118645	0	NA	NA	0	NA	NA	NA	1
ENSMUSG00000118651	0	NA	NA	0	NA	NA	NA	1
ENSMUSG00000119941	0	NA	NA	0	NA	NA	NA	1
ENSMUSG00000119942	0	NA	NA	0	NA	NA	NA	1
ENSMUSG00000119947	0	NA	NA	0	NA	NA	NA	1
ENSMUSG00000119948	0	NA	NA	0	NA	NA	NA	1
ENSMUSG00000119950	0	NA	NA	0	NA	NA	NA	1
ENSMUSG00000119959	0	NA	NA	0	NA	NA	NA	1
ENSMUSG00000119961	0	NA	NA	0	NA	NA	NA	1
ENSMUSG00000119963	0	NA	NA	0	NA	NA	NA	1
ENSMUSG00000119965	0	NA	NA	0	NA	NA	NA	1
ENSMUSG00000119969	0	NA	NA	0	NA	NA	NA	1
ENSMUSG00000119970	0	NA	NA	0	NA	NA	NA	1
ENSMUSG00000119971	0	NA	NA	0	NA	NA	NA	1
ENSMUSG00000119972	0	NA	NA	0	NA	NA	NA	1
ENSMUSG00000119974	0	NA	NA	0	NA	NA	NA	1
ENSMUSG00000119976	0	NA	NA	0	NA	NA	NA	1
ENSMUSG00000119977	0	NA	NA	0	NA	NA	NA	1
ENSMUSG00000119980	0	NA	NA	0	NA	NA	NA	1
ENSMUSG00000119985	0	NA	NA	0	NA	NA	NA	1
ENSMUSG00000119986	0	NA	NA	0	NA	NA	NA	1
ENSMUSG00000119988	0	NA	NA	0	NA	NA	NA	1
ENSMUSG00000119989	0	NA	NA	0	NA	NA	NA	1
ENSMUSG00000119991	0	NA	NA	0	NA	NA	NA	1
ENSMUSG00000119992	0	NA	NA	0	NA	NA	NA	1
ENSMUSG00000119993	0	NA	NA	0	NA	NA	NA	1
ENSMUSG00000119994	0	NA	NA	0	NA	NA	NA	1
ENSMUSG00000119995	0	NA	NA	0	NA	NA	NA	1
ENSMUSG00000120000	0	NA	NA	0	NA	NA	NA	1
ENSMUSG00000120001	0	NA	NA	0	NA	NA	NA	1
ENSMUSG00000120003	0	NA	NA	0	NA	NA	NA	1
ENSMUSG00000120004	0	NA	NA	0	NA	NA	NA	1
ENSMUSG00000120008	0	NA	NA	0	NA	NA	NA	1
ENSMUSG00000120009	0	NA	NA	0	NA	NA	NA	1
ENSMUSG00000120010	0	NA	NA	0	NA	NA	NA	1
ENSMUSG00000120011	0	NA	NA	0	NA	NA	NA	1
ENSMUSG00000120013	0	NA	NA	0	NA	NA	NA	1
ENSMUSG00000120014	0	NA	NA	0	NA	NA	NA	1
ENSMUSG00000120018	0	NA	NA	0	NA	NA	NA	1
ENSMUSG00000120019	0	NA	NA	0	NA	NA	NA	1
ENSMUSG00000120022	0	NA	NA	0	NA	NA	NA	1
ENSMUSG00000120024	0	NA	NA	0	NA	NA	NA	1
ENSMUSG00000120025	0	NA	NA	0	NA	NA	NA	1
ENSMUSG00000120026	0	NA	NA	0	NA	NA	NA	1
ENSMUSG00000120028	0	NA	NA	0	NA	NA	NA	1
ENSMUSG00000120029	0	NA	NA	0	NA	NA	NA	1
ENSMUSG00000120030	0	NA	NA	0	NA	NA	NA	1
ENSMUSG00000120031	0	NA	NA	0	NA	NA	NA	1
ENSMUSG00000120032	0	NA	NA	0	NA	NA	NA	1
ENSMUSG00000120035	0	NA	NA	0	NA	NA	NA	1
ENSMUSG00000120036	0	NA	NA	0	NA	NA	NA	1
ENSMUSG00000120038	0	NA	NA	0	NA	NA	NA	1
ENSMUSG00000120039	0	NA	NA	0	NA	NA	NA	1
ENSMUSG00000120040	0	NA	NA	0	NA	NA	NA	1
ENSMUSG00000120041	0	NA	NA	0	NA	NA	NA	1
ENSMUSG00000120048	0	NA	NA	0	NA	NA	NA	1
ENSMUSG00000120049	0	NA	NA	0	NA	NA	NA	1
ENSMUSG00000120051	0	NA	NA	0	NA	NA	NA	1
ENSMUSG00000120052	0	NA	NA	0	NA	NA	NA	1
ENSMUSG00000120053	0	NA	NA	0	NA	NA	NA	1
ENSMUSG00000120055	0	NA	NA	0	NA	NA	NA	1
ENSMUSG00000120056	0	NA	NA	0	NA	NA	NA	1
ENSMUSG00000120058	0	NA	NA	0	NA	NA	NA	1
ENSMUSG00000120060	0	NA	NA	0	NA	NA	NA	1
ENSMUSG00000120063	0	NA	NA	0	NA	NA	NA	1
ENSMUSG00000120065	0	NA	NA	0	NA	NA	NA	1
ENSMUSG00000120068	0	NA	NA	0	NA	NA	NA	1
ENSMUSG00000120069	0	NA	NA	0	NA	NA	NA	1
ENSMUSG00000120077	0	NA	NA	0	NA	NA	NA	1
ENSMUSG00000120078	0	NA	NA	0	NA	NA	NA	1
ENSMUSG00000120083	0	NA	NA	0	NA	NA	NA	1
ENSMUSG00000120085	0	NA	NA	0	NA	NA	NA	1
ENSMUSG00000120086	0	NA	NA	0	NA	NA	NA	1
ENSMUSG00000120087	0	NA	NA	0	NA	NA	NA	1
ENSMUSG00000120088	0	NA	NA	0	NA	NA	NA	1
ENSMUSG00000120089	0	NA	NA	0	NA	NA	NA	1
ENSMUSG00000120095	0	NA	NA	0	NA	NA	NA	1
ENSMUSG00000120096	0	NA	NA	0	NA	NA	NA	1
ENSMUSG00000120099	0	NA	NA	0	NA	NA	NA	1
ENSMUSG00000120101	0	NA	NA	0	NA	NA	NA	1
ENSMUSG00000120103	0	NA	NA	0	NA	NA	NA	1
ENSMUSG00000120109	0	NA	NA	0	NA	NA	NA	1
ENSMUSG00000120110	0	NA	NA	0	NA	NA	NA	1
ENSMUSG00000120113	0	NA	NA	0	NA	NA	NA	1
ENSMUSG00000120117	0	NA	NA	0	NA	NA	NA	1
ENSMUSG00000120120	0	NA	NA	0	NA	NA	NA	1
ENSMUSG00000120122	0	NA	NA	0	NA	NA	NA	1
ENSMUSG00000120125	0	NA	NA	0	NA	NA	NA	1
ENSMUSG00000120127	0	NA	NA	0	NA	NA	NA	1
ENSMUSG00000120129	0	NA	NA	0	NA	NA	NA	1
ENSMUSG00000120130	0	NA	NA	0	NA	NA	NA	1
ENSMUSG00000120134	0	NA	NA	0	NA	NA	NA	1
ENSMUSG00000120138	0	NA	NA	0	NA	NA	NA	1
ENSMUSG00000120139	0	NA	NA	0	NA	NA	NA	1
ENSMUSG00000120140	0	NA	NA	0	NA	NA	NA	1
ENSMUSG00000120141	0	NA	NA	0	NA	NA	NA	1
ENSMUSG00000120142	0	NA	NA	0	NA	NA	NA	1
ENSMUSG00000120143	0	NA	NA	0	NA	NA	NA	1
ENSMUSG00000120145	0	NA	NA	0	NA	NA	NA	1
ENSMUSG00000120146	0	NA	NA	0	NA	NA	NA	1
ENSMUSG00000120148	0	NA	NA	0	NA	NA	NA	1
ENSMUSG00000120149	0	NA	NA	0	NA	NA	NA	1
ENSMUSG00000120150	0	NA	NA	0	NA	NA	NA	1
ENSMUSG00000120154	0	NA	NA	0	NA	NA	NA	1
ENSMUSG00000120155	0	NA	NA	0	NA	NA	NA	1
ENSMUSG00000120157	0	NA	NA	0	NA	NA	NA	1
ENSMUSG00000120160	0	NA	NA	0	NA	NA	NA	1
ENSMUSG00000120161	0	NA	NA	0	NA	NA	NA	1
ENSMUSG00000120162	0	NA	NA	0	NA	NA	NA	1
ENSMUSG00000120164	0	NA	NA	0	NA	NA	NA	1
ENSMUSG00000120165	0	NA	NA	0	NA	NA	NA	1
ENSMUSG00000120168	0	NA	NA	0	NA	NA	NA	1
ENSMUSG00000120169	0	NA	NA	0	NA	NA	NA	1
ENSMUSG00000120170	0	NA	NA	0	NA	NA	NA	1
ENSMUSG00000120172	0	NA	NA	0	NA	NA	NA	1
ENSMUSG00000120173	0	NA	NA	0	NA	NA	NA	1
ENSMUSG00000120175	0	NA	NA	0	NA	NA	NA	1
ENSMUSG00000120182	0	NA	NA	0	NA	NA	NA	1
ENSMUSG00000120183	0	NA	NA	0	NA	NA	NA	1
ENSMUSG00000120184	0	NA	NA	0	NA	NA	NA	1
ENSMUSG00000120188	0	NA	NA	0	NA	NA	NA	1
ENSMUSG00000120189	0	NA	NA	0	NA	NA	NA	1
ENSMUSG00000120193	0	NA	NA	0	NA	NA	NA	1
ENSMUSG00000120194	0	NA	NA	0	NA	NA	NA	1
ENSMUSG00000120195	0	NA	NA	0	NA	NA	NA	1
ENSMUSG00000120196	0	NA	NA	0	NA	NA	NA	1
ENSMUSG00000120197	0	NA	NA	0	NA	NA	NA	1
ENSMUSG00000120198	0	NA	NA	0	NA	NA	NA	1
ENSMUSG00000120199	0	NA	NA	0	NA	NA	NA	1
ENSMUSG00000120201	0	NA	NA	0	NA	NA	NA	1
ENSMUSG00000120202	0	NA	NA	0	NA	NA	NA	1
ENSMUSG00000120211	0	NA	NA	0	NA	NA	NA	1
ENSMUSG00000120212	0	NA	NA	0	NA	NA	NA	1
ENSMUSG00000120213	0	NA	NA	0	NA	NA	NA	1
ENSMUSG00000120215	0	NA	NA	0	NA	NA	NA	1
ENSMUSG00000120216	0	NA	NA	0	NA	NA	NA	1
ENSMUSG00000120219	0	NA	NA	0	NA	NA	NA	1
ENSMUSG00000120220	0	NA	NA	0	NA	NA	NA	1
ENSMUSG00000120221	0	NA	NA	0	NA	NA	NA	1
ENSMUSG00000120224	0	NA	NA	0	NA	NA	NA	1
ENSMUSG00000120228	0	NA	NA	0	NA	NA	NA	1
ENSMUSG00000120229	0	NA	NA	0	NA	NA	NA	1
ENSMUSG00000120230	0	NA	NA	0	NA	NA	NA	1
ENSMUSG00000120233	0	NA	NA	0	NA	NA	NA	1
ENSMUSG00000120239	0	NA	NA	0	NA	NA	NA	1
ENSMUSG00000120246	0	NA	NA	0	NA	NA	NA	1
ENSMUSG00000120248	0	NA	NA	0	NA	NA	NA	1
ENSMUSG00000120250	0	NA	NA	0	NA	NA	NA	1
ENSMUSG00000120252	0	NA	NA	0	NA	NA	NA	1
ENSMUSG00000120255	0	NA	NA	0	NA	NA	NA	1
ENSMUSG00000120257	0	NA	NA	0	NA	NA	NA	1
ENSMUSG00000120258	0	NA	NA	0	NA	NA	NA	1
ENSMUSG00000120260	0	NA	NA	0	NA	NA	NA	1
ENSMUSG00000120261	0	NA	NA	0	NA	NA	NA	1
ENSMUSG00000120265	0	NA	NA	0	NA	NA	NA	1
ENSMUSG00000120268	0	NA	NA	0	NA	NA	NA	1
ENSMUSG00000120270	0	NA	NA	0	NA	NA	NA	1
ENSMUSG00000120272	0	NA	NA	0	NA	NA	NA	1
ENSMUSG00000120273	0	NA	NA	0	NA	NA	NA	1
ENSMUSG00000120276	0	NA	NA	0	NA	NA	NA	1
ENSMUSG00000120277	0	NA	NA	0	NA	NA	NA	1
ENSMUSG00000120279	0	NA	NA	0	NA	NA	NA	1
ENSMUSG00000120281	0	NA	NA	0	NA	NA	NA	1
ENSMUSG00000120286	0	NA	NA	0	NA	NA	NA	1
ENSMUSG00000120288	0	NA	NA	0	NA	NA	NA	1
ENSMUSG00000120290	0	NA	NA	0	NA	NA	NA	1
ENSMUSG00000120291	0	NA	NA	0	NA	NA	NA	1
ENSMUSG00000120299	0	NA	NA	0	NA	NA	NA	1
ENSMUSG00000120301	0	NA	NA	0	NA	NA	NA	1
ENSMUSG00000120305	0	NA	NA	0	NA	NA	NA	1
ENSMUSG00000120306	0	NA	NA	0	NA	NA	NA	1
ENSMUSG00000120307	0	NA	NA	0	NA	NA	NA	1
ENSMUSG00000120308	0	NA	NA	0	NA	NA	NA	1
ENSMUSG00000120310	0	NA	NA	0	NA	NA	NA	1
ENSMUSG00000120311	0	NA	NA	0	NA	NA	NA	1
ENSMUSG00000120313	0	NA	NA	0	NA	NA	NA	1
ENSMUSG00000120314	0	NA	NA	0	NA	NA	NA	1
ENSMUSG00000120315	0	NA	NA	0	NA	NA	NA	1
ENSMUSG00000120316	0	NA	NA	0	NA	NA	NA	1
ENSMUSG00000120317	0	NA	NA	0	NA	NA	NA	1
ENSMUSG00000120318	0	NA	NA	0	NA	NA	NA	1
ENSMUSG00000120321	0	NA	NA	0	NA	NA	NA	1
ENSMUSG00000120322	0	NA	NA	0	NA	NA	NA	1
ENSMUSG00000120324	0	NA	NA	0	NA	NA	NA	1
ENSMUSG00000120326	0	NA	NA	0	NA	NA	NA	1
ENSMUSG00000120327	0	NA	NA	0	NA	NA	NA	1
ENSMUSG00000120329	0	NA	NA	0	NA	NA	NA	1
ENSMUSG00000120330	0	NA	NA	0	NA	NA	NA	1
ENSMUSG00000120331	0	NA	NA	0	NA	NA	NA	1
ENSMUSG00000120333	0	NA	NA	0	NA	NA	NA	1
ENSMUSG00000120335	0	NA	NA	0	NA	NA	NA	1
ENSMUSG00000120337	0	NA	NA	0	NA	NA	NA	1
ENSMUSG00000120338	0	NA	NA	0	NA	NA	NA	1
ENSMUSG00000120339	0	NA	NA	0	NA	NA	NA	1
ENSMUSG00000120341	0	NA	NA	0	NA	NA	NA	1
ENSMUSG00000120342	0	NA	NA	0	NA	NA	NA	1
ENSMUSG00000120346	0	NA	NA	0	NA	NA	NA	1
ENSMUSG00000120350	0	NA	NA	0	NA	NA	NA	1
ENSMUSG00000120352	0	NA	NA	0	NA	NA	NA	1
ENSMUSG00000120353	0	NA	NA	0	NA	NA	NA	1
ENSMUSG00000120355	0	NA	NA	0	NA	NA	NA	1
ENSMUSG00000120357	0	NA	NA	0	NA	NA	NA	1
ENSMUSG00000120358	0	NA	NA	0	NA	NA	NA	1
ENSMUSG00000120359	0	NA	NA	0	NA	NA	NA	1
ENSMUSG00000120360	0	NA	NA	0	NA	NA	NA	1
ENSMUSG00000120365	0	NA	NA	0	NA	NA	NA	1
ENSMUSG00000120368	0	NA	NA	0	NA	NA	NA	1
ENSMUSG00000120369	0	NA	NA	0	NA	NA	NA	1
ENSMUSG00000120371	0	NA	NA	0	NA	NA	NA	1
ENSMUSG00000120372	0	NA	NA	0	NA	NA	NA	1
ENSMUSG00000120374	0	NA	NA	0	NA	NA	NA	1
ENSMUSG00000120375	0	NA	NA	0	NA	NA	NA	1
ENSMUSG00000120377	0	NA	NA	0	NA	NA	NA	1
ENSMUSG00000120380	0	NA	NA	0	NA	NA	NA	1
ENSMUSG00000120381	0	NA	NA	0	NA	NA	NA	1
ENSMUSG00000120382	0	NA	NA	0	NA	NA	NA	1
ENSMUSG00000120383	0	NA	NA	0	NA	NA	NA	1
ENSMUSG00000120387	0	NA	NA	0	NA	NA	NA	1
ENSMUSG00000120388	0	NA	NA	0	NA	NA	NA	1
ENSMUSG00000120389	0	NA	NA	0	NA	NA	NA	1
ENSMUSG00000120391	0	NA	NA	0	NA	NA	NA	1
ENSMUSG00000120392	0	NA	NA	0	NA	NA	NA	1
ENSMUSG00000120393	0	NA	NA	0	NA	NA	NA	1
ENSMUSG00000120394	0	NA	NA	0	NA	NA	NA	1
ENSMUSG00000120396	0	NA	NA	0	NA	NA	NA	1
ENSMUSG00000120403	0	NA	NA	0	NA	NA	NA	1
ENSMUSG00000120405	0	NA	NA	0	NA	NA	NA	1
ENSMUSG00000120407	0	NA	NA	0	NA	NA	NA	1
ENSMUSG00000120409	0	NA	NA	0	NA	NA	NA	1
ENSMUSG00000120411	0	NA	NA	0	NA	NA	NA	1
ENSMUSG00000120412	0	NA	NA	0	NA	NA	NA	1
ENSMUSG00000120414	0	NA	NA	0	NA	NA	NA	1
ENSMUSG00000120416	0	NA	NA	0	NA	NA	NA	1
ENSMUSG00000120417	0	NA	NA	0	NA	NA	NA	1
ENSMUSG00000120419	0	NA	NA	0	NA	NA	NA	1
ENSMUSG00000120420	0	NA	NA	0	NA	NA	NA	1
ENSMUSG00000120423	0	NA	NA	0	NA	NA	NA	1
ENSMUSG00000120428	0	NA	NA	0	NA	NA	NA	1
ENSMUSG00000120431	0	NA	NA	0	NA	NA	NA	1
ENSMUSG00000120435	0	NA	NA	0	NA	NA	NA	1
ENSMUSG00000120439	0	NA	NA	0	NA	NA	NA	1
ENSMUSG00000120443	0	NA	NA	0	NA	NA	NA	1
ENSMUSG00000120444	0	NA	NA	0	NA	NA	NA	1
ENSMUSG00000120445	0	NA	NA	0	NA	NA	NA	1
ENSMUSG00000120448	0	NA	NA	0	NA	NA	NA	1
ENSMUSG00000120450	0	NA	NA	0	NA	NA	NA	1
ENSMUSG00000120454	0	NA	NA	0	NA	NA	NA	1
ENSMUSG00000120456	0	NA	NA	0	NA	NA	NA	1
ENSMUSG00000120457	0	NA	NA	0	NA	NA	NA	1
ENSMUSG00000120458	0	NA	NA	0	NA	NA	NA	1
ENSMUSG00000120460	0	NA	NA	0	NA	NA	NA	1
ENSMUSG00000120464	0	NA	NA	0	NA	NA	NA	1
ENSMUSG00000120465	0	NA	NA	0	NA	NA	NA	1
ENSMUSG00000120469	0	NA	NA	0	NA	NA	NA	1
ENSMUSG00000120471	0	NA	NA	0	NA	NA	NA	1
ENSMUSG00000120476	0	NA	NA	0	NA	NA	NA	1
ENSMUSG00000120484	0	NA	NA	0	NA	NA	NA	1
ENSMUSG00000120485	0	NA	NA	0	NA	NA	NA	1
ENSMUSG00000120490	0	NA	NA	0	NA	NA	NA	1
ENSMUSG00000120493	0	NA	NA	0	NA	NA	NA	1
ENSMUSG00000120495	0	NA	NA	0	NA	NA	NA	1
ENSMUSG00000120496	0	NA	NA	0	NA	NA	NA	1
ENSMUSG00000120497	0	NA	NA	0	NA	NA	NA	1
ENSMUSG00000120499	0	NA	NA	0	NA	NA	NA	1
ENSMUSG00000120501	0	NA	NA	0	NA	NA	NA	1
ENSMUSG00000120502	0	NA	NA	0	NA	NA	NA	1
ENSMUSG00000120504	0	NA	NA	0	NA	NA	NA	1
ENSMUSG00000120505	0	NA	NA	0	NA	NA	NA	1
ENSMUSG00000120506	0	NA	NA	0	NA	NA	NA	1
ENSMUSG00000120512	0	NA	NA	0	NA	NA	NA	1
ENSMUSG00000120513	0	NA	NA	0	NA	NA	NA	1
ENSMUSG00000120520	0	NA	NA	0	NA	NA	NA	1
ENSMUSG00000120522	0	NA	NA	0	NA	NA	NA	1
ENSMUSG00000120525	0	NA	NA	0	NA	NA	NA	1
ENSMUSG00000120527	0	NA	NA	0	NA	NA	NA	1
ENSMUSG00000120528	0	NA	NA	0	NA	NA	NA	1
ENSMUSG00000120529	0	NA	NA	0	NA	NA	NA	1
ENSMUSG00000120534	0	NA	NA	0	NA	NA	NA	1
ENSMUSG00000120540	0	NA	NA	0	NA	NA	NA	1
ENSMUSG00000120543	0	NA	NA	0	NA	NA	NA	1
ENSMUSG00000120546	0	NA	NA	0	NA	NA	NA	1
ENSMUSG00000120548	0	NA	NA	0	NA	NA	NA	1
ENSMUSG00000120549	0	NA	NA	0	NA	NA	NA	1
ENSMUSG00000120551	0	NA	NA	0	NA	NA	NA	1
ENSMUSG00000120554	0	NA	NA	0	NA	NA	NA	1
ENSMUSG00000120555	0	NA	NA	0	NA	NA	NA	1
ENSMUSG00000120556	0	NA	NA	0	NA	NA	NA	1
ENSMUSG00000120558	0	NA	NA	0	NA	NA	NA	1
ENSMUSG00000120561	0	NA	NA	0	NA	NA	NA	1
ENSMUSG00000120566	0	NA	NA	0	NA	NA	NA	1
ENSMUSG00000120567	0	NA	NA	0	NA	NA	NA	1
ENSMUSG00000120569	0	NA	NA	0	NA	NA	NA	1
ENSMUSG00000120571	0	NA	NA	0	NA	NA	NA	1
ENSMUSG00000120573	0	NA	NA	0	NA	NA	NA	1
ENSMUSG00000120577	0	NA	NA	0	NA	NA	NA	1
ENSMUSG00000120579	0	NA	NA	0	NA	NA	NA	1
ENSMUSG00000120580	0	NA	NA	0	NA	NA	NA	1
ENSMUSG00000120581	0	NA	NA	0	NA	NA	NA	1
ENSMUSG00000120582	0	NA	NA	0	NA	NA	NA	1
ENSMUSG00000120584	0	NA	NA	0	NA	NA	NA	1
ENSMUSG00000120588	0	NA	NA	0	NA	NA	NA	1
ENSMUSG00000120589	0	NA	NA	0	NA	NA	NA	1
ENSMUSG00000120594	0	NA	NA	0	NA	NA	NA	1
ENSMUSG00000120600	0	NA	NA	0	NA	NA	NA	1
ENSMUSG00000120602	0	NA	NA	0	NA	NA	NA	1
ENSMUSG00000120603	0	NA	NA	0	NA	NA	NA	1
ENSMUSG00000120604	0	NA	NA	0	NA	NA	NA	1
ENSMUSG00000120608	0	NA	NA	0	NA	NA	NA	1
ENSMUSG00000120610	0	NA	NA	0	NA	NA	NA	1
ENSMUSG00000120612	0	NA	NA	0	NA	NA	NA	1
ENSMUSG00000120615	0	NA	NA	0	NA	NA	NA	1
ENSMUSG00000120616	0	NA	NA	0	NA	NA	NA	1
ENSMUSG00000120619	0	NA	NA	0	NA	NA	NA	1
ENSMUSG00000120620	0	NA	NA	0	NA	NA	NA	1
ENSMUSG00000120625	0	NA	NA	0	NA	NA	NA	1
ENSMUSG00000120626	0	NA	NA	0	NA	NA	NA	1
ENSMUSG00000120630	0	NA	NA	0	NA	NA	NA	1
ENSMUSG00000120633	0	NA	NA	0	NA	NA	NA	1
ENSMUSG00000120635	0	NA	NA	0	NA	NA	NA	1
ENSMUSG00000120636	0	NA	NA	0	NA	NA	NA	1
ENSMUSG00000120637	0	NA	NA	0	NA	NA	NA	1
ENSMUSG00000120639	0	NA	NA	0	NA	NA	NA	1
ENSMUSG00000120642	0	NA	NA	0	NA	NA	NA	1
ENSMUSG00000120644	0	NA	NA	0	NA	NA	NA	1
ENSMUSG00000120656	0	NA	NA	0	NA	NA	NA	1
ENSMUSG00000120659	0	NA	NA	0	NA	NA	NA	1
ENSMUSG00000120661	0	NA	NA	0	NA	NA	NA	1
ENSMUSG00000120662	0	NA	NA	0	NA	NA	NA	1
ENSMUSG00000120663	0	NA	NA	0	NA	NA	NA	1
ENSMUSG00000120665	0	NA	NA	0	NA	NA	NA	1
ENSMUSG00000120671	0	NA	NA	0	NA	NA	NA	1
ENSMUSG00000120673	0	NA	NA	0	NA	NA	NA	1
ENSMUSG00000120679	0	NA	NA	0	NA	NA	NA	1
ENSMUSG00000120681	0	NA	NA	0	NA	NA	NA	1
ENSMUSG00000120682	0	NA	NA	0	NA	NA	NA	1
ENSMUSG00000120685	0	NA	NA	0	NA	NA	NA	1
ENSMUSG00000120686	0	NA	NA	0	NA	NA	NA	1
ENSMUSG00000120687	0	NA	NA	0	NA	NA	NA	1
ENSMUSG00000120688	0	NA	NA	0	NA	NA	NA	1
ENSMUSG00000120690	0	NA	NA	0	NA	NA	NA	1
ENSMUSG00000120691	0	NA	NA	0	NA	NA	NA	1
ENSMUSG00000120692	0	NA	NA	0	NA	NA	NA	1
ENSMUSG00000120694	0	NA	NA	0	NA	NA	NA	1
ENSMUSG00000120695	0	NA	NA	0	NA	NA	NA	1
ENSMUSG00000120697	0	NA	NA	0	NA	NA	NA	1
ENSMUSG00000120699	0	NA	NA	0	NA	NA	NA	1
ENSMUSG00000120701	0	NA	NA	0	NA	NA	NA	1
ENSMUSG00000120702	0	NA	NA	0	NA	NA	NA	1
ENSMUSG00000120705	0	NA	NA	0	NA	NA	NA	1
ENSMUSG00000120709	0	NA	NA	0	NA	NA	NA	1
ENSMUSG00000120711	0	NA	NA	0	NA	NA	NA	1
ENSMUSG00000120712	0	NA	NA	0	NA	NA	NA	1
ENSMUSG00000120713	0	NA	NA	0	NA	NA	NA	1
ENSMUSG00000120714	0	NA	NA	0	NA	NA	NA	1
ENSMUSG00000120715	0	NA	NA	0	NA	NA	NA	1
ENSMUSG00000120717	0	NA	NA	0	NA	NA	NA	1
ENSMUSG00000120718	0	NA	NA	0	NA	NA	NA	1
ENSMUSG00000120719	0	NA	NA	0	NA	NA	NA	1
ENSMUSG00000120728	0	NA	NA	0	NA	NA	NA	1
ENSMUSG00000120736	0	NA	NA	0	NA	NA	NA	1
ENSMUSG00000120737	0	NA	NA	0	NA	NA	NA	1
ENSMUSG00000120738	0	NA	NA	0	NA	NA	NA	1
ENSMUSG00000120740	0	NA	NA	0	NA	NA	NA	1
ENSMUSG00000120741	0	NA	NA	0	NA	NA	NA	1
ENSMUSG00000120742	0	NA	NA	0	NA	NA	NA	1
ENSMUSG00000120749	0	NA	NA	0	NA	NA	NA	1
ENSMUSG00000120750	0	NA	NA	0	NA	NA	NA	1
ENSMUSG00000120752	0	NA	NA	0	NA	NA	NA	1
ENSMUSG00000120756	0	NA	NA	0	NA	NA	NA	1
ENSMUSG00000120758	0	NA	NA	0	NA	NA	NA	1
ENSMUSG00000120760	0	NA	NA	0	NA	NA	NA	1
ENSMUSG00000120761	0	NA	NA	0	NA	NA	NA	1
ENSMUSG00000120762	0	NA	NA	0	NA	NA	NA	1
ENSMUSG00000120764	0	NA	NA	0	NA	NA	NA	1
ENSMUSG00000120765	0	NA	NA	0	NA	NA	NA	1
ENSMUSG00000120766	0	NA	NA	0	NA	NA	NA	1
ENSMUSG00000120767	0	NA	NA	0	NA	NA	NA	1
ENSMUSG00000120770	0	NA	NA	0	NA	NA	NA	1
ENSMUSG00000120773	0	NA	NA	0	NA	NA	NA	1
ENSMUSG00000120775	0	NA	NA	0	NA	NA	NA	1
ENSMUSG00000120776	0	NA	NA	0	NA	NA	NA	1
ENSMUSG00000120781	0	NA	NA	0	NA	NA	NA	1
ENSMUSG00000120787	0	NA	NA	0	NA	NA	NA	1
ENSMUSG00000120788	0	NA	NA	0	NA	NA	NA	1
ENSMUSG00000120789	0	NA	NA	0	NA	NA	NA	1
ENSMUSG00000120793	0	NA	NA	0	NA	NA	NA	1
ENSMUSG00000120794	0	NA	NA	0	NA	NA	NA	1
ENSMUSG00000120795	0	NA	NA	0	NA	NA	NA	1
ENSMUSG00000120796	0	NA	NA	0	NA	NA	NA	1
ENSMUSG00000120798	0	NA	NA	0	NA	NA	NA	1
ENSMUSG00000120800	0	NA	NA	0	NA	NA	NA	1
ENSMUSG00000120801	0	NA	NA	0	NA	NA	NA	1
ENSMUSG00000120804	0	NA	NA	0	NA	NA	NA	1
ENSMUSG00000120807	0	NA	NA	0	NA	NA	NA	1
ENSMUSG00000120811	0	NA	NA	0	NA	NA	NA	1
ENSMUSG00000120812	0	NA	NA	0	NA	NA	NA	1
ENSMUSG00000120820	0	NA	NA	0	NA	NA	NA	1
ENSMUSG00000120821	0	NA	NA	0	NA	NA	NA	1
ENSMUSG00000120822	0	NA	NA	0	NA	NA	NA	1
ENSMUSG00000120824	0	NA	NA	0	NA	NA	NA	1
ENSMUSG00000120828	0	NA	NA	0	NA	NA	NA	1
ENSMUSG00000120830	0	NA	NA	0	NA	NA	NA	1
ENSMUSG00000120831	0	NA	NA	0	NA	NA	NA	1
ENSMUSG00000120833	0	NA	NA	0	NA	NA	NA	1
ENSMUSG00000120834	0	NA	NA	0	NA	NA	NA	1
ENSMUSG00000120838	0	NA	NA	0	NA	NA	NA	1
ENSMUSG00000120839	0	NA	NA	0	NA	NA	NA	1
ENSMUSG00000120840	0	NA	NA	0	NA	NA	NA	1
ENSMUSG00000120843	0	NA	NA	0	NA	NA	NA	1
ENSMUSG00000120844	0	NA	NA	0	NA	NA	NA	1
ENSMUSG00000120848	0	NA	NA	0	NA	NA	NA	1
ENSMUSG00000120849	0	NA	NA	0	NA	NA	NA	1
ENSMUSG00000120851	0	NA	NA	0	NA	NA	NA	1
ENSMUSG00000120852	0	NA	NA	0	NA	NA	NA	1
ENSMUSG00000120855	0	NA	NA	0	NA	NA	NA	1
ENSMUSG00000120856	0	NA	NA	0	NA	NA	NA	1
ENSMUSG00000120857	0	NA	NA	0	NA	NA	NA	1
ENSMUSG00000120859	0	NA	NA	0	NA	NA	NA	1
ENSMUSG00000120860	0	NA	NA	0	NA	NA	NA	1
ENSMUSG00000120861	0	NA	NA	0	NA	NA	NA	1
ENSMUSG00000120862	0	NA	NA	0	NA	NA	NA	1
ENSMUSG00000120863	0	NA	NA	0	NA	NA	NA	1
ENSMUSG00000120864	0	NA	NA	0	NA	NA	NA	1
ENSMUSG00000120867	0	NA	NA	0	NA	NA	NA	1
ENSMUSG00000120870	0	NA	NA	0	NA	NA	NA	1
ENSMUSG00000120872	0	NA	NA	0	NA	NA	NA	1
ENSMUSG00000120874	0	NA	NA	0	NA	NA	NA	1
ENSMUSG00000120880	0	NA	NA	0	NA	NA	NA	1
ENSMUSG00000120881	0	NA	NA	0	NA	NA	NA	1
ENSMUSG00000120883	0	NA	NA	0	NA	NA	NA	1
ENSMUSG00000120887	0	NA	NA	0	NA	NA	NA	1
ENSMUSG00000120891	0	NA	NA	0	NA	NA	NA	1
ENSMUSG00000120893	0	NA	NA	0	NA	NA	NA	1
ENSMUSG00000120894	0	NA	NA	0	NA	NA	NA	1
ENSMUSG00000120895	0	NA	NA	0	NA	NA	NA	1
ENSMUSG00000120896	0	NA	NA	0	NA	NA	NA	1
ENSMUSG00000120897	0	NA	NA	0	NA	NA	NA	1
ENSMUSG00000120898	0	NA	NA	0	NA	NA	NA	1
ENSMUSG00000120899	0	NA	NA	0	NA	NA	NA	1
ENSMUSG00000120900	0	NA	NA	0	NA	NA	NA	1
ENSMUSG00000120901	0	NA	NA	0	NA	NA	NA	1
ENSMUSG00000120902	0	NA	NA	0	NA	NA	NA	1
ENSMUSG00000120903	0	NA	NA	0	NA	NA	NA	1
ENSMUSG00000120907	0	NA	NA	0	NA	NA	NA	1
ENSMUSG00000120911	0	NA	NA	0	NA	NA	NA	1
ENSMUSG00000120912	0	NA	NA	0	NA	NA	NA	1
ENSMUSG00000120916	0	NA	NA	0	NA	NA	NA	1
ENSMUSG00000120917	0	NA	NA	0	NA	NA	NA	1
ENSMUSG00000120918	0	NA	NA	0	NA	NA	NA	1
ENSMUSG00000120919	0	NA	NA	0	NA	NA	NA	1
ENSMUSG00000120920	0	NA	NA	0	NA	NA	NA	1
ENSMUSG00000120923	0	NA	NA	0	NA	NA	NA	1
ENSMUSG00000120926	0	NA	NA	0	NA	NA	NA	1
ENSMUSG00000120927	0	NA	NA	0	NA	NA	NA	1
ENSMUSG00000120929	0	NA	NA	0	NA	NA	NA	1
ENSMUSG00000120930	0	NA	NA	0	NA	NA	NA	1
ENSMUSG00000120932	0	NA	NA	0	NA	NA	NA	1
ENSMUSG00000120934	0	NA	NA	0	NA	NA	NA	1
ENSMUSG00000120935	0	NA	NA	0	NA	NA	NA	1
ENSMUSG00000120939	0	NA	NA	0	NA	NA	NA	1
ENSMUSG00000120941	0	NA	NA	0	NA	NA	NA	1
ENSMUSG00000120942	0	NA	NA	0	NA	NA	NA	1
ENSMUSG00000120947	0	NA	NA	0	NA	NA	NA	1
ENSMUSG00000120950	0	NA	NA	0	NA	NA	NA	1
ENSMUSG00000120953	0	NA	NA	0	NA	NA	NA	1
ENSMUSG00000120954	0	NA	NA	0	NA	NA	NA	1
ENSMUSG00000120955	0	NA	NA	0	NA	NA	NA	1
ENSMUSG00000120957	0	NA	NA	0	NA	NA	NA	1
ENSMUSG00000120959	0	NA	NA	0	NA	NA	NA	1
ENSMUSG00000120960	0	NA	NA	0	NA	NA	NA	1
ENSMUSG00000120961	0	NA	NA	0	NA	NA	NA	1
ENSMUSG00000120963	0	NA	NA	0	NA	NA	NA	1
ENSMUSG00000120966	0	NA	NA	0	NA	NA	NA	1
ENSMUSG00000120967	0	NA	NA	0	NA	NA	NA	1
ENSMUSG00000120968	0	NA	NA	0	NA	NA	NA	1
ENSMUSG00000120969	0	NA	NA	0	NA	NA	NA	1
ENSMUSG00000120970	0	NA	NA	0	NA	NA	NA	1
ENSMUSG00000120971	0	NA	NA	0	NA	NA	NA	1
ENSMUSG00000120972	0	NA	NA	0	NA	NA	NA	1
ENSMUSG00000120973	0	NA	NA	0	NA	NA	NA	1
ENSMUSG00000120974	0	NA	NA	0	NA	NA	NA	1
ENSMUSG00000120979	0	NA	NA	0	NA	NA	NA	1
ENSMUSG00000120984	0	NA	NA	0	NA	NA	NA	1
ENSMUSG00000120985	0	NA	NA	0	NA	NA	NA	1
ENSMUSG00000120986	0	NA	NA	0	NA	NA	NA	1
ENSMUSG00000120987	0	NA	NA	0	NA	NA	NA	1
ENSMUSG00000120988	0	NA	NA	0	NA	NA	NA	1
ENSMUSG00000120990	0	NA	NA	0	NA	NA	NA	1
ENSMUSG00000120991	0	NA	NA	0	NA	NA	NA	1
ENSMUSG00000120992	0	NA	NA	0	NA	NA	NA	1
ENSMUSG00000120994	0	NA	NA	0	NA	NA	NA	1
ENSMUSG00000120998	0	NA	NA	0	NA	NA	NA	1
ENSMUSG00000120999	0	NA	NA	0	NA	NA	NA	1
ENSMUSG00000121003	0	NA	NA	0	NA	NA	NA	1
ENSMUSG00000121005	0	NA	NA	0	NA	NA	NA	1
ENSMUSG00000121006	0	NA	NA	0	NA	NA	NA	1
ENSMUSG00000121007	0	NA	NA	0	NA	NA	NA	1
ENSMUSG00000121008	0	NA	NA	0	NA	NA	NA	1
ENSMUSG00000121012	0	NA	NA	0	NA	NA	NA	1
ENSMUSG00000121013	0	NA	NA	0	NA	NA	NA	1
ENSMUSG00000121016	0	NA	NA	0	NA	NA	NA	1
ENSMUSG00000121017	0	NA	NA	0	NA	NA	NA	1
ENSMUSG00000121018	0	NA	NA	0	NA	NA	NA	1
ENSMUSG00000121022	0	NA	NA	0	NA	NA	NA	1
ENSMUSG00000121023	0	NA	NA	0	NA	NA	NA	1
ENSMUSG00000121024	0	NA	NA	0	NA	NA	NA	1
ENSMUSG00000121025	0	NA	NA	0	NA	NA	NA	1
ENSMUSG00000121027	0	NA	NA	0	NA	NA	NA	1
ENSMUSG00000121028	0	NA	NA	0	NA	NA	NA	1
ENSMUSG00000121029	0	NA	NA	0	NA	NA	NA	1
ENSMUSG00000121031	0	NA	NA	0	NA	NA	NA	1
ENSMUSG00000121033	0	NA	NA	0	NA	NA	NA	1
ENSMUSG00000121036	0	NA	NA	0	NA	NA	NA	1
ENSMUSG00000121039	0	NA	NA	0	NA	NA	NA	1
ENSMUSG00000121041	0	NA	NA	0	NA	NA	NA	1
ENSMUSG00000121043	0	NA	NA	0	NA	NA	NA	1
ENSMUSG00000121044	0	NA	NA	0	NA	NA	NA	1
ENSMUSG00000121053	0	NA	NA	0	NA	NA	NA	1
ENSMUSG00000121056	0	NA	NA	0	NA	NA	NA	1
ENSMUSG00000121058	0	NA	NA	0	NA	NA	NA	1
ENSMUSG00000121060	0	NA	NA	0	NA	NA	NA	1
ENSMUSG00000121066	0	NA	NA	0	NA	NA	NA	1
ENSMUSG00000121067	0	NA	NA	0	NA	NA	NA	1
ENSMUSG00000121070	0	NA	NA	0	NA	NA	NA	1
ENSMUSG00000121073	0	NA	NA	0	NA	NA	NA	1
ENSMUSG00000121080	0	NA	NA	0	NA	NA	NA	1
ENSMUSG00000121081	0	NA	NA	0	NA	NA	NA	1
ENSMUSG00000121082	0	NA	NA	0	NA	NA	NA	1
ENSMUSG00000121083	0	NA	NA	0	NA	NA	NA	1
ENSMUSG00000121084	0	NA	NA	0	NA	NA	NA	1
ENSMUSG00000121088	0	NA	NA	0	NA	NA	NA	1
ENSMUSG00000121090	0	NA	NA	0	NA	NA	NA	1
ENSMUSG00000121091	0	NA	NA	0	NA	NA	NA	1
ENSMUSG00000121094	0	NA	NA	0	NA	NA	NA	1
ENSMUSG00000121095	0	NA	NA	0	NA	NA	NA	1
ENSMUSG00000121096	0	NA	NA	0	NA	NA	NA	1
ENSMUSG00000121097	0	NA	NA	0	NA	NA	NA	1
ENSMUSG00000121101	0	NA	NA	0	NA	NA	NA	1
ENSMUSG00000121109	0	NA	NA	0	NA	NA	NA	1
ENSMUSG00000121115	0	NA	NA	0	NA	NA	NA	1
ENSMUSG00000121117	0	NA	NA	0	NA	NA	NA	1
ENSMUSG00000121118	0	NA	NA	0	NA	NA	NA	1
ENSMUSG00000121123	0	NA	NA	0	NA	NA	NA	1
ENSMUSG00000121127	0	NA	NA	0	NA	NA	NA	1
ENSMUSG00000121130	0	NA	NA	0	NA	NA	NA	1
ENSMUSG00000121136	0	NA	NA	0	NA	NA	NA	1
ENSMUSG00000121141	0	NA	NA	0	NA	NA	NA	1
ENSMUSG00000121142	0	NA	NA	0	NA	NA	NA	1
ENSMUSG00000121145	0	NA	NA	0	NA	NA	NA	1
ENSMUSG00000121146	0	NA	NA	0	NA	NA	NA	1
ENSMUSG00000121147	0	NA	NA	0	NA	NA	NA	1
ENSMUSG00000121148	0	NA	NA	0	NA	NA	NA	1
ENSMUSG00000121149	0	NA	NA	0	NA	NA	NA	1
ENSMUSG00000121150	0	NA	NA	0	NA	NA	NA	1
ENSMUSG00000121151	0	NA	NA	0	NA	NA	NA	1
ENSMUSG00000121152	0	NA	NA	0	NA	NA	NA	1
ENSMUSG00000121154	0	NA	NA	0	NA	NA	NA	1
ENSMUSG00000121155	0	NA	NA	0	NA	NA	NA	1
ENSMUSG00000121160	0	NA	NA	0	NA	NA	NA	1
ENSMUSG00000121162	0	NA	NA	0	NA	NA	NA	1
ENSMUSG00000121164	0	NA	NA	0	NA	NA	NA	1
ENSMUSG00000121170	0	NA	NA	0	NA	NA	NA	1
ENSMUSG00000121177	0	NA	NA	0	NA	NA	NA	1
ENSMUSG00000121179	0	NA	NA	0	NA	NA	NA	1
ENSMUSG00000121181	0	NA	NA	0	NA	NA	NA	1
ENSMUSG00000121183	0	NA	NA	0	NA	NA	NA	1
ENSMUSG00000121184	0	NA	NA	0	NA	NA	NA	1
ENSMUSG00000121195	0	NA	NA	0	NA	NA	NA	1
ENSMUSG00000121196	0	NA	NA	0	NA	NA	NA	1
ENSMUSG00000121197	0	NA	NA	0	NA	NA	NA	1
ENSMUSG00000121198	0	NA	NA	0	NA	NA	NA	1
ENSMUSG00000121202	0	NA	NA	0	NA	NA	NA	1
ENSMUSG00000121204	0	NA	NA	0	NA	NA	NA	1
ENSMUSG00000121207	0	NA	NA	0	NA	NA	NA	1
ENSMUSG00000121210	0	NA	NA	0	NA	NA	NA	1
ENSMUSG00000121211	0	NA	NA	0	NA	NA	NA	1
ENSMUSG00000121216	0	NA	NA	0	NA	NA	NA	1
ENSMUSG00000121217	0	NA	NA	0	NA	NA	NA	1
ENSMUSG00000121220	0	NA	NA	0	NA	NA	NA	1
ENSMUSG00000121223	0	NA	NA	0	NA	NA	NA	1
ENSMUSG00000121224	0	NA	NA	0	NA	NA	NA	1
ENSMUSG00000121226	0	NA	NA	0	NA	NA	NA	1
ENSMUSG00000121227	0	NA	NA	0	NA	NA	NA	1
ENSMUSG00000121230	0	NA	NA	0	NA	NA	NA	1
ENSMUSG00000121232	0	NA	NA	0	NA	NA	NA	1
ENSMUSG00000121236	0	NA	NA	0	NA	NA	NA	1
ENSMUSG00000121239	0	NA	NA	0	NA	NA	NA	1
ENSMUSG00000121243	0	NA	NA	0	NA	NA	NA	1
ENSMUSG00000121244	0	NA	NA	0	NA	NA	NA	1
ENSMUSG00000121245	0	NA	NA	0	NA	NA	NA	1
ENSMUSG00000121249	0	NA	NA	0	NA	NA	NA	1
ENSMUSG00000121251	0	NA	NA	0	NA	NA	NA	1
ENSMUSG00000121252	0	NA	NA	0	NA	NA	NA	1
ENSMUSG00000121255	0	NA	NA	0	NA	NA	NA	1
ENSMUSG00000121256	0	NA	NA	0	NA	NA	NA	1
ENSMUSG00000121257	0	NA	NA	0	NA	NA	NA	1
ENSMUSG00000121260	0	NA	NA	0	NA	NA	NA	1
ENSMUSG00000121261	0	NA	NA	0	NA	NA	NA	1
ENSMUSG00000121262	0	NA	NA	0	NA	NA	NA	1
ENSMUSG00000121263	0	NA	NA	0	NA	NA	NA	1
ENSMUSG00000121270	0	NA	NA	0	NA	NA	NA	1
ENSMUSG00000121273	0	NA	NA	0	NA	NA	NA	1
ENSMUSG00000121278	0	NA	NA	0	NA	NA	NA	1
ENSMUSG00000121279	0	NA	NA	0	NA	NA	NA	1
ENSMUSG00000121297	0	NA	NA	0	NA	NA	NA	1
ENSMUSG00000121336	0	NA	NA	0	NA	NA	NA	1
ENSMUSG00000121346	0	NA	NA	0	NA	NA	NA	1
ENSMUSG00000121369	0	NA	NA	0	NA	NA	NA	1
ENSMUSG00000121375	0	NA	NA	0	NA	NA	NA	1
ENSMUSG00000121376	0	NA	NA	0	NA	NA	NA	1
ENSMUSG00000121380	0	NA	NA	0	NA	NA	NA	1
ENSMUSG00000121394	0	NA	NA	0	NA	NA	NA	1
ENSMUSG00000121397	0	NA	NA	0	NA	NA	NA	1
ENSMUSG00000121412	0	NA	NA	0	NA	NA	NA	1
ENSMUSG00000121422	0	NA	NA	0	NA	NA	NA	1
ENSMUSG00000121424	0	NA	NA	0	NA	NA	NA	1
ENSMUSG00000121426	0	NA	NA	0	NA	NA	NA	1
ENSMUSG00000121435	0	NA	NA	0	NA	NA	NA	1
ENSMUSG00000121442	0	NA	NA	0	NA	NA	NA	1
ENSMUSG00000121449	0	NA	NA	0	NA	NA	NA	1
ENSMUSG00000121472	0	NA	NA	0	NA	NA	NA	1
ENSMUSG00000121476	0	NA	NA	0	NA	NA	NA	1
ENSMUSG00000121477	0	NA	NA	0	NA	NA	NA	1
ENSMUSG00000121479	0	NA	NA	0	NA	NA	NA	1
ENSMUSG00000121481	0	NA	NA	0	NA	NA	NA	1
ENSMUSG00000121489	0	NA	NA	0	NA	NA	NA	1
ENSMUSG00000121495	0	NA	NA	0	NA	NA	NA	1
ENSMUSG00002075770	0	NA	NA	0	NA	NA	NA	1
